####
#
# OBJ File Generated by Meshlab
#
####
# Object banana.obj
#
# Vertices: 1726
# Faces: 2922
#
####
mtllib ./banana.obj.mtl

vn -0.8710528 -0.4747387 0.1260562
v -0.0557090 -0.0097281 -0.0007149 1.000000 1.000000 1.000000
vn -0.8710528 -0.4747388 0.1260562
v -0.0560618 -0.0097756 -0.0033321 1.000000 1.000000 1.000000
vn -0.8710528 -0.4747388 0.1260562
v -0.0561904 -0.0099755 -0.0049739 1.000000 1.000000 1.000000
vn -0.9572071 0.2596313 0.1278518
v -0.0845726 0.0030579 0.0045555 1.000000 1.000000 1.000000
vn -0.9605950 0.2740496 -0.0464123
v -0.0847185 0.0034694 -0.0007613 1.000000 1.000000 1.000000
vn -0.9806792 0.1944265 0.0216039
v -0.0854465 0.0005392 0.0010204 1.000000 1.000000 1.000000
vn -0.9260589 0.3770098 0.0166906
v -0.0836698 0.0066137 0.0008239 1.000000 1.000000 1.000000
vn -0.9227396 0.3513411 0.1584646
v -0.0833362 0.0061744 0.0059143 1.000000 1.000000 1.000000
vn -0.9746525 0.1491028 0.1667960
v -0.0852244 -0.0002467 0.0048543 1.000000 1.000000 1.000000
vn -0.9358497 0.2436730 0.2545758
v -0.0839036 0.0031635 0.0077344 1.000000 1.000000 1.000000
vn -0.9894705 0.1051520 0.0994546
v -0.0857554 -0.0025820 0.0030258 1.000000 1.000000 1.000000
vn -0.9954052 0.0955681 -0.0059401
v -0.0859118 -0.0027629 0.0003894 1.000000 1.000000 1.000000
vn -0.9417235 0.1684010 0.2912009
v -0.0843207 0.0000788 0.0085960 1.000000 1.000000 1.000000
vn -0.8920823 0.3364875 0.3016044
v -0.0823803 0.0064894 0.0092418 1.000000 1.000000 1.000000
vn -0.8868005 0.4291816 0.1714294
v -0.0818431 0.0093263 0.0067252 1.000000 1.000000 1.000000
vn -0.8880561 0.4596783 0.0072293
v -0.0824472 0.0091457 0.0011917 1.000000 1.000000 1.000000
vn -0.9113138 0.3885869 -0.1360417
v -0.0834692 0.0065909 -0.0027263 1.000000 1.000000 1.000000
vn -0.8599614 0.5054360 0.0707163
v -0.0805167 0.0124462 0.0039771 1.000000 1.000000 1.000000
vn -0.9807369 0.1626290 -0.1081994
v -0.0854634 -0.0003645 -0.0018273 1.000000 1.000000 1.000000
vn -0.8529021 0.3882569 0.3490197
v -0.0808498 0.0090930 0.0104342 1.000000 1.000000 1.000000
vn -0.8459898 0.4727129 0.2466657
v -0.0797408 0.0122499 0.0090322 1.000000 1.000000 1.000000
vn -0.8246403 0.5447375 0.1524127
v -0.0778593 0.0158852 0.0076035 1.000000 1.000000 1.000000
vn -0.8692263 0.2497859 0.4266765
v -0.0823944 0.0043631 0.0110197 1.000000 1.000000 1.000000
vn -0.7926329 0.5299161 0.3015329
v -0.0767303 0.0163981 0.0105777 1.000000 1.000000 1.000000
vn -0.8522974 0.5143144 -0.0952363
v -0.0802093 0.0128332 -0.0019648 1.000000 1.000000 1.000000
vn -0.8282591 0.5602369 0.0110216
v -0.0785080 0.0157220 0.0021032 1.000000 1.000000 1.000000
vn -0.7877709 0.5976536 0.1490879
v -0.0759705 0.0185541 0.0076299 1.000000 1.000000 1.000000
vn -0.7946623 0.6064533 0.0269486
v -0.0763198 0.0187725 0.0027033 1.000000 1.000000 1.000000
vn -0.7685562 0.4158938 0.4861622
v -0.0783452 0.0124298 0.0122363 1.000000 1.000000 1.000000
vn -0.7928095 0.5969864 -0.1227207
v -0.0763971 0.0182718 -0.0028329 1.000000 1.000000 1.000000
vn -0.7642624 0.6434864 -0.0427590
v -0.0749552 0.0204203 -0.0000777 1.000000 1.000000 1.000000
vn -0.7409675 0.6683963 0.0649128
v -0.0737601 0.0216643 0.0049013 1.000000 1.000000 1.000000
vn -0.7155192 0.6983309 -0.0191391
v -0.0726619 0.0229784 0.0009581 1.000000 1.000000 1.000000
vn -0.8556192 0.4529498 -0.2505040
v -0.0809684 0.0096699 -0.0069932 1.000000 1.000000 1.000000
vn -0.7318739 0.6652309 0.1477442
v -0.0730182 0.0220072 0.0079753 1.000000 1.000000 1.000000
vn -0.8261601 0.5256689 -0.2028092
v -0.0787300 0.0141316 -0.0055860 1.000000 1.000000 1.000000
vn -0.7359915 0.6222600 0.2666627
v -0.0733191 0.0208992 0.0105760 1.000000 1.000000 1.000000
vn -0.9507891 0.2530479 -0.1787927
v -0.0844555 0.0029350 -0.0038728 1.000000 1.000000 1.000000
vn -0.7331854 0.6658064 -0.1383518
v -0.0733338 0.0217846 -0.0036166 1.000000 1.000000 1.000000
vn -0.8931071 0.3491839 -0.2836025
v -0.0826325 0.0058429 -0.0074710 1.000000 1.000000 1.000000
vn -0.9309412 0.2446396 -0.2711090
v -0.0837432 0.0031138 -0.0067168 1.000000 1.000000 1.000000
vn -0.8007995 0.5468242 -0.2443431
v -0.0770962 0.0156932 -0.0076800 1.000000 1.000000 1.000000
vn -0.7503120 0.6033201 -0.2702534
v -0.0745441 0.0187535 -0.0086536 1.000000 1.000000 1.000000
vn -0.6871542 0.7151480 0.1279938
v -0.0704602 0.0246515 0.0079241 1.000000 1.000000 1.000000
vn -0.6698496 0.7414123 0.0401171
v -0.0697169 0.0257228 0.0041426 1.000000 1.000000 1.000000
vn -0.6752719 0.6782028 0.2899119
v -0.0700921 0.0241107 0.0112813 1.000000 1.000000 1.000000
vn -0.6732538 0.7382170 -0.0420126
v -0.0701500 0.0253432 -0.0001366 1.000000 1.000000 1.000000
vn -0.6784055 0.7228467 -0.1313721
v -0.0703202 0.0247993 -0.0037945 1.000000 1.000000 1.000000
vn -0.7053627 0.6720358 -0.2254584
v -0.0717836 0.0225025 -0.0069906 1.000000 1.000000 1.000000
vn -0.8003603 0.4711775 -0.3706957
v -0.0778759 0.0124356 -0.0112117 1.000000 1.000000 1.000000
vn -0.7834014 0.5292556 -0.3258387
v -0.0765039 0.0152101 -0.0102740 1.000000 1.000000 1.000000
vn -0.6253541 0.7742414 0.0973783
v -0.0662623 0.0283764 0.0076739 1.000000 1.000000 1.000000
vn -0.6226305 0.7825158 -0.0005201
v -0.0669384 0.0281077 0.0020934 1.000000 1.000000 1.000000
vn -0.6369987 0.7388517 0.2198426
v -0.0670495 0.0271955 0.0104376 1.000000 1.000000 1.000000
vn -0.7475126 0.5694084 0.3420512
v -0.0740017 0.0188094 0.0127308 1.000000 1.000000 1.000000
vn -0.6194900 0.7820135 -0.0684630
v -0.0666633 0.0281832 -0.0018494 1.000000 1.000000 1.000000
vn -0.6511801 0.7137033 -0.2580546
v -0.0683870 0.0253432 -0.0083969 1.000000 1.000000 1.000000
vn -0.6219283 0.7659731 -0.1627590
v -0.0661929 0.0280777 -0.0052489 1.000000 1.000000 1.000000
vn -0.6936573 0.6528465 -0.3043533
v -0.0712383 0.0215752 -0.0106448 1.000000 1.000000 1.000000
vn -0.8270043 0.4237466 -0.3694629
v -0.0793294 0.0088301 -0.0123585 1.000000 1.000000 1.000000
vn -0.8539897 0.3136421 -0.4151268
v -0.0809225 0.0060962 -0.0116506 1.000000 1.000000 1.000000
vn -0.5877371 0.8088481 0.0181621
v -0.0636747 0.0305720 0.0041050 1.000000 1.000000 1.000000
vn -0.7478343 0.5594802 -0.3573875
v -0.0745682 0.0163875 -0.0125673 1.000000 1.000000 1.000000
vn -0.7784819 0.4615043 -0.4254172
v -0.0762498 0.0135367 -0.0129939 1.000000 1.000000 1.000000
vn -0.7259384 0.5926559 -0.3489592
v -0.0727894 0.0182973 -0.0130787 1.000000 1.000000 1.000000
vn -0.5865016 0.7949911 -0.1549355
v -0.0631611 0.0303185 -0.0057848 1.000000 1.000000 1.000000
vn -0.5694651 0.8161480 0.0980406
v -0.0625242 0.0311744 0.0078701 1.000000 1.000000 1.000000
vn -0.5663212 0.8230090 -0.0440050
v -0.0617060 0.0318967 -0.0006164 1.000000 1.000000 1.000000
vn -0.6188283 0.7439093 -0.2522905
v -0.0650394 0.0274703 -0.0104810 1.000000 1.000000 1.000000
vn -0.6480054 0.6903407 -0.3217431
v -0.0680895 0.0236091 -0.0126228 1.000000 1.000000 1.000000
vn -0.5694571 0.7896476 -0.2284190
v -0.0603971 0.0310837 -0.0105044 1.000000 1.000000 1.000000
vn -0.5716352 0.7934808 0.2088573
v -0.0630120 0.0302969 0.0107941 1.000000 1.000000 1.000000
vn -0.5236521 0.8441002 -0.1152540
v -0.0574821 0.0342370 -0.0056169 1.000000 1.000000 1.000000
vn -0.5406779 0.8408712 0.0245564
v -0.0604502 0.0327479 0.0044553 1.000000 1.000000 1.000000
vn -0.5172104 0.8282781 -0.2155204
v -0.0570104 0.0339643 -0.0086871 1.000000 1.000000 1.000000
vn -0.5165609 0.8556285 -0.0326302
v -0.0577159 0.0344585 -0.0009985 1.000000 1.000000 1.000000
vn -0.5105410 0.8543066 0.0975101
v -0.0574412 0.0343932 0.0084479 1.000000 1.000000 1.000000
vn -0.5793685 0.7443560 0.3320640
v -0.0636986 0.0293186 0.0122038 1.000000 1.000000 1.000000
vn -0.6970191 0.6252549 0.3510282
v -0.0715335 0.0217442 0.0127364 1.000000 1.000000 1.000000
vn -0.4880216 0.8719839 0.0384574
v -0.0560575 0.0353851 0.0054501 1.000000 1.000000 1.000000
vn -0.5032037 0.8322282 0.2327709
v -0.0572441 0.0340164 0.0114287 1.000000 1.000000 1.000000
vn -0.6214848 0.7133239 0.3239222
v -0.0660326 0.0270581 0.0128381 1.000000 1.000000 1.000000
vn -0.4604170 0.8847063 -0.0728761
v -0.0529004 0.0370441 -0.0035115 1.000000 1.000000 1.000000
vn -0.4532788 0.8913368 0.0075555
v -0.0524869 0.0374079 0.0018952 1.000000 1.000000 1.000000
vn -0.4582624 0.8667930 -0.1966353
v -0.0531382 0.0361879 -0.0085230 1.000000 1.000000 1.000000
vn -0.5068768 0.8132855 -0.2857319
v -0.0565773 0.0330579 -0.0120351 1.000000 1.000000 1.000000
vn -0.4413470 0.8855763 0.1448017
v -0.0523787 0.0369570 0.0100885 1.000000 1.000000 1.000000
vn -0.4108889 0.9108161 0.0398044
v -0.0498722 0.0385846 0.0044848 1.000000 1.000000 1.000000
vn -0.5104458 0.7946649 0.3285618
v -0.0579483 0.0329706 0.0129917 1.000000 1.000000 1.000000
vn -0.5446196 0.7776832 0.3140038
v -0.0619879 0.0301833 0.0130293 1.000000 1.000000 1.000000
vn -0.6416941 0.6638470 0.3841040
v -0.0689117 0.0242825 0.0129564 1.000000 1.000000 1.000000
vn -0.4072582 0.9061948 -0.1138058
v -0.0501042 0.0381859 -0.0055305 1.000000 1.000000 1.000000
vn -0.4004904 0.9157090 -0.0329338
v -0.0497443 0.0386561 -0.0012280 1.000000 1.000000 1.000000
vn -0.4570374 0.8476349 -0.2695031
v -0.0530625 0.0352265 -0.0117979 1.000000 1.000000 1.000000
vn -0.3991218 0.8907962 -0.2172190
v -0.0495606 0.0378204 -0.0090843 1.000000 1.000000 1.000000
vn -0.3917779 0.9072619 0.1529248
v -0.0486366 0.0386785 0.0099838 1.000000 1.000000 1.000000
vn -0.4089416 0.8174902 0.4055572
v -0.0517867 0.0365435 0.0129034 1.000000 1.000000 1.000000
vn -0.3549306 0.9321283 0.0718413
v -0.0451938 0.0403662 0.0072677 1.000000 1.000000 1.000000
vn -0.3462303 0.9381467 0.0023119
v -0.0449261 0.0406533 0.0020767 1.000000 1.000000 1.000000
vn -0.3415779 0.9367740 -0.0760208
v -0.0442263 0.0407294 -0.0038686 1.000000 1.000000 1.000000
vn -0.3988481 0.8735120 -0.2791003
v -0.0494550 0.0369515 -0.0119546 1.000000 1.000000 1.000000
vn -0.3402192 0.9215139 -0.1872514
v -0.0439172 0.0402456 -0.0084183 1.000000 1.000000 1.000000
vn -0.3350849 0.9218027 0.1949307
v -0.0432966 0.0406126 0.0111323 1.000000 1.000000 1.000000
vn -0.7681582 0.4902564 0.4118028
v -0.0759316 0.0158585 0.0128293 1.000000 1.000000 1.000000
vn -0.3003581 0.9529551 0.0407643
v -0.0401990 0.0421731 0.0059175 1.000000 1.000000 1.000000
vn -0.3393274 0.8610405 0.3787692
v -0.0450029 0.0394703 0.0128929 1.000000 1.000000 1.000000
vn -0.2893609 0.9561565 -0.0451126
v -0.0399713 0.0422278 -0.0022230 1.000000 1.000000 1.000000
vn -0.3005187 0.9372247 0.1769133
v -0.0393776 0.0420133 0.0109540 1.000000 1.000000 1.000000
vn -0.2822607 0.9504452 -0.1303185
v -0.0391990 0.0420102 -0.0072182 1.000000 1.000000 1.000000
vn -0.3406553 0.9020786 -0.2649680
v -0.0442952 0.0390963 -0.0120109 1.000000 1.000000 1.000000
vn -0.2793201 0.9314907 -0.2330352
v -0.0386953 0.0416942 -0.0098108 1.000000 1.000000 1.000000
vn -0.2493336 0.9683692 -0.0096841
v -0.0351237 0.0436691 0.0019631 1.000000 1.000000 1.000000
vn -0.2551174 0.9586477 0.1261338
v -0.0351205 0.0433448 0.0100588 1.000000 1.000000 1.000000
vn -0.2531627 0.9664633 0.0430964
v -0.0350277 0.0436259 0.0065844 1.000000 1.000000 1.000000
vn -0.2390832 0.9689069 -0.0637074
v -0.0345173 0.0436336 -0.0033541 1.000000 1.000000 1.000000
vn -0.2243282 0.9648039 -0.1372234
v -0.0332029 0.0436041 -0.0070701 1.000000 1.000000 1.000000
vn -0.2694525 0.9134409 -0.3049936
v -0.0375395 0.0412084 -0.0123732 1.000000 1.000000 1.000000
vn -0.2117018 0.9773313 0.0024189
v -0.0298371 0.0449068 0.0035683 1.000000 1.000000 1.000000
vn -0.2023474 0.9769024 0.0686830
v -0.0287672 0.0450191 0.0082837 1.000000 1.000000 1.000000
vn -0.1979279 0.9785722 -0.0567537
v -0.0289138 0.0449685 -0.0020662 1.000000 1.000000 1.000000
vn -0.2254799 0.9318726 -0.2842048
v -0.0338690 0.0425970 -0.0112097 1.000000 1.000000 1.000000
vn -0.1895975 0.9644272 -0.1842091
v -0.0298201 0.0440127 -0.0089468 1.000000 1.000000 1.000000
vn -0.1921901 0.9812276 -0.0159828
v -0.0270620 0.0454557 0.0017375 1.000000 1.000000 1.000000
vn -0.1786699 0.9832588 0.0357666
v -0.0261285 0.0455687 0.0065253 1.000000 1.000000 1.000000
vn -0.2141366 0.9498655 0.2278182
v -0.0297558 0.0443402 0.0121460 1.000000 1.000000 1.000000
vn -0.2493747 0.9066982 0.3401627
v -0.0349614 0.0427635 0.0131248 1.000000 1.000000 1.000000
vn -0.2853483 0.8497908 0.4432066
v -0.0387255 0.0414389 0.0135638 1.000000 1.000000 1.000000
vn -0.1771087 0.9787229 -0.1036054
v -0.0255409 0.0454179 -0.0043357 1.000000 1.000000 1.000000
vn -0.1827478 0.9711749 0.1530443
v -0.0249687 0.0454555 0.0111387 1.000000 1.000000 1.000000
vn -0.1632559 0.9727309 -0.1647488
v -0.0248103 0.0448622 -0.0088949 1.000000 1.000000 1.000000
vn -0.1711958 0.9450790 -0.2784199
v -0.0276049 0.0439185 -0.0111022 1.000000 1.000000 1.000000
vn -0.1931037 0.9314572 -0.3083805
v -0.0309076 0.0428525 -0.0123524 1.000000 1.000000 1.000000
vn -0.1835934 0.9132320 0.3637319
v -0.0239837 0.0451696 0.0133655 1.000000 1.000000 1.000000
vn -0.3361104 0.7720708 0.5393854
v -0.0482588 0.0376511 0.0137554 1.000000 1.000000 1.000000
vn -0.2034825 0.8529699 0.4806634
v -0.0294636 0.0436002 0.0143123 1.000000 1.000000 1.000000
vn -0.1641912 0.9214965 -0.3519736
v -0.0263114 0.0436407 -0.0124328 1.000000 1.000000 1.000000
vn -0.2359386 0.8319083 0.5022565
v -0.0346801 0.0420149 0.0145850 1.000000 1.000000 1.000000
vn -0.4032986 0.7248023 0.5585803
v -0.0537249 0.0343373 0.0143708 1.000000 1.000000 1.000000
vn -0.1797755 0.8858007 0.4278292
v -0.0221897 0.0451250 0.0142116 1.000000 1.000000 1.000000
vn -0.2988704 0.7823642 0.5464273
v -0.0417132 0.0396006 0.0145826 1.000000 1.000000 1.000000
vn -0.7718512 0.4160075 -0.4808154
v -0.0765292 0.0121005 -0.0136635 1.000000 1.000000 1.000000
vn -0.8290479 0.3397406 0.4441352
v -0.0804049 0.0077953 0.0124035 1.000000 1.000000 1.000000
vn -0.3413788 0.7028774 0.6240384
v -0.0489832 0.0365546 0.0145942 1.000000 1.000000 1.000000
vn -0.8170273 0.3086522 -0.4870322
v -0.0801430 0.0064124 -0.0127579 1.000000 1.000000 1.000000
vn -0.9064101 0.1952866 -0.3745450
v -0.0831159 0.0023745 -0.0090169 1.000000 1.000000 1.000000
vn -0.9656376 0.1161233 -0.2325072
v -0.0851005 -0.0012187 -0.0048244 1.000000 1.000000 1.000000
vn -0.9439343 0.1269575 -0.3047457
v -0.0844929 -0.0012934 -0.0068745 1.000000 1.000000 1.000000
vn -0.8727702 0.2016831 -0.4445179
v -0.0812771 0.0033369 -0.0123341 1.000000 1.000000 1.000000
vn -0.9884936 0.0572962 -0.1399918
v -0.0859045 -0.0045099 -0.0019664 1.000000 1.000000 1.000000
vn -0.7106029 0.3503191 0.6101804
v -0.0781910 0.0113685 0.0130251 1.000000 1.000000 1.000000
vn -0.1859765 0.7259287 0.6621482
v -0.0287534 0.0430049 0.0151644 1.000000 1.000000 1.000000
vn -0.9064861 0.1322027 -0.4010055
v -0.0832482 -0.0010276 -0.0098395 1.000000 1.000000 1.000000
vn -0.8693425 0.1852016 0.4581965
v -0.0821355 0.0029137 0.0120967 1.000000 1.000000 1.000000
vn -0.8903109 0.1593585 0.4265575
v -0.0828932 -0.0000944 0.0116439 1.000000 1.000000 1.000000
vn -0.9980485 0.0355712 -0.0513223
v -0.0861260 -0.0067441 0.0000633 1.000000 1.000000 1.000000
vn -0.9738225 0.0795969 0.2129178
v -0.0850854 -0.0032983 0.0066309 1.000000 1.000000 1.000000
vn -0.9735333 0.0839722 -0.2125597
v -0.0860088 -0.0110034 -0.0024339 1.000000 1.000000 1.000000
vn -0.9700617 0.0376924 -0.2399160
v -0.0854353 -0.0088620 -0.0044437 1.000000 1.000000 1.000000
vn -0.9466887 0.1533824 -0.2832919
v -0.0857149 -0.0127467 -0.0043600 1.000000 1.000000 1.000000
vn -0.9642430 0.2240865 -0.1414943
v -0.0866627 -0.0157470 -0.0033974 1.000000 1.000000 1.000000
vn -0.9656723 0.2382256 -0.1035645
v -0.0868858 -0.0158874 -0.0017304 1.000000 1.000000 1.000000
vn -0.9288126 0.3554386 -0.1047412
v -0.0877814 -0.0193576 -0.0035129 1.000000 1.000000 1.000000
vn -0.9311203 0.3575566 -0.0718904
v -0.0880002 -0.0194320 -0.0010488 1.000000 1.000000 1.000000
vn -0.8880339 0.4592304 -0.0224369
v -0.0901158 -0.0241048 -0.0017238 1.000000 1.000000 1.000000
vn -0.8832709 0.4336018 -0.1783877
v -0.0895201 -0.0230279 -0.0031245 1.000000 1.000000 1.000000
vn -0.8624908 0.4978828 -0.0906782
v -0.0940053 -0.0313234 -0.0031758 1.000000 1.000000 1.000000
vn -0.8650503 0.4999821 0.0413041
v -0.0940688 -0.0315613 -0.0016261 1.000000 1.000000 1.000000
vn -0.8540108 0.5181872 -0.0463432
v -0.0979054 -0.0376782 -0.0023616 1.000000 1.000000 1.000000
vn -0.8418375 0.5157069 -0.1592363
v -0.0979283 -0.0378802 -0.0038095 1.000000 1.000000 1.000000
vn -0.8373551 0.5008679 -0.2190154
v -0.0939048 -0.0318207 -0.0047153 1.000000 1.000000 1.000000
vn -0.8235635 0.5095916 -0.2491174
v -0.0974405 -0.0379889 -0.0056442 1.000000 1.000000 1.000000
vn -0.8356726 0.4545079 -0.3083408
v -0.0912177 -0.0265388 -0.0036724 1.000000 1.000000 1.000000
vn -0.8555670 0.4090599 -0.3172936
v -0.0889263 -0.0229015 -0.0045627 1.000000 1.000000 1.000000
vn 0.8596131 0.5081564 0.0533154
v 0.0960444 -0.0036758 0.0014808 1.000000 1.000000 1.000000
vn 0.9281028 0.3467131 -0.1357027
v 0.0959648 -0.0034741 -0.0022876 1.000000 1.000000 1.000000
vn 0.9307370 0.3608339 0.0593933
v 0.0949632 -0.0006511 0.0011673 1.000000 1.000000 1.000000
vn 0.9236400 0.3765183 -0.0715765
v 0.0945554 0.0003710 -0.0018462 1.000000 1.000000 1.000000
vn 0.9046538 0.4246531 0.0356565
v 0.0932864 0.0033897 0.0006767 1.000000 1.000000 1.000000
vn 0.8729476 0.4870215 -0.0277947
v 0.0920850 0.0057965 -0.0009797 1.000000 1.000000 1.000000
vn 0.8907552 0.3891298 -0.2348045
v 0.0932254 0.0025980 -0.0046720 1.000000 1.000000 1.000000
vn 0.9100901 0.3296277 -0.2511604
v 0.0944738 -0.0004790 -0.0043613 1.000000 1.000000 1.000000
vn 0.8605495 0.4960197 -0.1158406
v 0.0915882 0.0063523 -0.0027385 1.000000 1.000000 1.000000
vn 0.8711008 0.4612328 -0.1686647
v 0.0966444 -0.0046726 -0.0008980 1.000000 1.000000 1.000000
vn 0.8358088 0.4785976 -0.2690134
v 0.0910442 0.0062520 -0.0059917 1.000000 1.000000 1.000000
vn 0.8550736 0.5070850 0.1082315
v 0.0915846 0.0062556 0.0029544 1.000000 1.000000 1.000000
vn 0.8932048 0.4097978 0.1850703
v 0.0929072 0.0032956 0.0044480 1.000000 1.000000 1.000000
vn 0.9147920 0.3523318 0.1975296
v 0.0943692 -0.0001607 0.0041520 1.000000 1.000000 1.000000
vn 0.8150722 0.4668479 0.3430895
v 0.0963454 -0.0044211 0.0023555 1.000000 1.000000 1.000000
vn 0.7911480 0.6112400 0.0216912
v 0.0895782 0.0096487 0.0003097 1.000000 1.000000 1.000000
vn 0.8045626 0.5826939 -0.1146598
v 0.0899715 0.0088369 -0.0031532 1.000000 1.000000 1.000000
vn 0.8510315 0.4738946 0.2262064
v 0.0911669 0.0058892 0.0061840 1.000000 1.000000 1.000000
vn 0.8907767 0.2545504 -0.3764585
v 0.0968155 -0.0064446 -0.0029774 1.000000 1.000000 1.000000
vn 0.9314194 0.2843989 -0.2271020
v 0.0977305 -0.0074634 -0.0011542 1.000000 1.000000 1.000000
vn 0.8928924 0.2252023 -0.3899064
v 0.0953592 -0.0033950 -0.0045615 1.000000 1.000000 1.000000
vn 0.7595032 0.6171770 -0.2055420
v 0.0881556 0.0104531 -0.0058390 1.000000 1.000000 1.000000
vn 0.7259584 0.6830166 -0.0804539
v 0.0869639 0.0124238 -0.0027808 1.000000 1.000000 1.000000
vn 0.7333266 0.5729032 -0.3660792
v 0.0874713 0.0101418 -0.0085369 1.000000 1.000000 1.000000
vn 0.9678994 0.0803460 -0.2381499
v 0.0981864 -0.0094789 -0.0017561 1.000000 1.000000 1.000000
vn 0.9642031 -0.0789250 0.2531469
v 0.0985422 -0.0094867 0.0016074 1.000000 1.000000 1.000000
vn 0.7872940 0.3371868 -0.5162105
v 0.0907096 0.0049574 -0.0083146 1.000000 1.000000 1.000000
vn 0.8718938 0.2986771 -0.3880636
v 0.0937520 -0.0007294 -0.0064548 1.000000 1.000000 1.000000
vn 0.8398561 0.5219165 -0.1491472
v 0.0973589 -0.0050108 0.0004722 1.000000 1.000000 1.000000
vn 0.9703655 0.2415115 0.0079339
v 0.0980859 -0.0070011 0.0011891 1.000000 1.000000 1.000000
vn 0.7875500 0.5119219 0.3430757
v 0.0973097 -0.0049429 0.0018344 1.000000 1.000000 1.000000
vn 0.7261565 0.4265705 -0.5391980
v 0.0878672 0.0085639 -0.0097586 1.000000 1.000000 1.000000
vn 0.6978250 0.6886461 -0.1969945
v 0.0854989 0.0132747 -0.0060840 1.000000 1.000000 1.000000
vn 0.6676484 0.6408337 -0.3789166
v 0.0844634 0.0130907 -0.0093286 1.000000 1.000000 1.000000
vn 0.6444461 0.7424230 -0.1830224
v 0.0826228 0.0160942 -0.0057980 1.000000 1.000000 1.000000
vn 0.6077150 0.7129977 -0.3497380
v 0.0813493 0.0158954 -0.0095018 1.000000 1.000000 1.000000
vn 0.6371044 0.5602055 -0.5294033
v 0.0841922 0.0118516 -0.0111524 1.000000 1.000000 1.000000
vn 0.8331823 0.2233600 0.5058829
v 0.0978102 -0.0069217 0.0022807 1.000000 1.000000 1.000000
vn 0.8632631 0.3006387 0.4054543
v 0.0928848 0.0015348 0.0070013 1.000000 1.000000 1.000000
vn 0.9084378 0.2999709 0.2911327
v 0.0952287 -0.0033364 0.0051023 1.000000 1.000000 1.000000
vn 0.7806599 0.1797962 0.5985345
v 0.0969690 -0.0067920 0.0030412 1.000000 1.000000 1.000000
vn 0.8214075 0.4058459 0.4007229
v 0.0904828 0.0057971 0.0084940 1.000000 1.000000 1.000000
vn 0.9786078 0.1045129 -0.1772114
v 0.0983206 -0.0105492 -0.0007814 1.000000 1.000000 1.000000
vn 0.5468515 0.5764068 -0.6072139
v 0.0816571 0.0146219 -0.0109786 1.000000 1.000000 1.000000
vn 0.7872590 0.2445563 -0.5660525
v 0.0920910 0.0010006 -0.0081028 1.000000 1.000000 1.000000
vn 0.5156459 0.6311108 -0.5794898
v 0.0782716 0.0172433 -0.0114123 1.000000 1.000000 1.000000
vn 0.5504684 0.7718329 -0.3182114
v 0.0766709 0.0195964 -0.0093437 1.000000 1.000000 1.000000
vn 0.8447056 0.1452621 -0.5151421
v 0.0960051 -0.0062808 -0.0042632 1.000000 1.000000 1.000000
vn 0.4642393 0.6927056 -0.5519427
v 0.0733576 0.0206106 -0.0117088 1.000000 1.000000 1.000000
vn 0.6535797 0.4178487 -0.6310596
v 0.0865334 0.0089133 -0.0109086 1.000000 1.000000 1.000000
vn 0.6981875 0.2778182 -0.6598116
v 0.0884311 0.0056841 -0.0104618 1.000000 1.000000 1.000000
vn 0.4329253 0.5756058 -0.6937245
v 0.0743119 0.0185984 -0.0128295 1.000000 1.000000 1.000000
vn 0.4738974 0.5057843 -0.7208354
v 0.0785900 0.0150251 -0.0127593 1.000000 1.000000 1.000000
vn 0.3994439 0.6463372 -0.6501483
v 0.0689135 0.0222220 -0.0128702 1.000000 1.000000 1.000000
vn 0.4482465 0.7408773 -0.5001759
v 0.0693588 0.0231741 -0.0116125 1.000000 1.000000 1.000000
vn 0.4231996 0.7478960 -0.5114232
v 0.0658779 0.0250868 -0.0118388 1.000000 1.000000 1.000000
vn 0.3763327 0.6840113 -0.6249018
v 0.0589781 0.0271633 -0.0137538 1.000000 1.000000 1.000000
vn 0.8125960 0.2716194 0.5156654
v 0.0913726 0.0027699 0.0087492 1.000000 1.000000 1.000000
vn 0.7642449 0.4047195 0.5021274
v 0.0896437 0.0060050 0.0096493 1.000000 1.000000 1.000000
vn 0.8338245 0.2118889 0.5097450
v 0.0931230 -0.0003203 0.0073827 1.000000 1.000000 1.000000
vn 0.8638965 0.1100883 0.4914910
v 0.0961604 -0.0063216 0.0043571 1.000000 1.000000 1.000000
vn 0.8711305 -0.0076132 -0.4909925
v 0.0976566 -0.0107813 -0.0023156 1.000000 1.000000 1.000000
vn 0.8942401 -0.0168689 -0.4472696
v 0.0984797 -0.0118756 -0.0012640 1.000000 1.000000 1.000000
vn 0.9875726 0.1497415 -0.0477283
v 0.0987849 -0.0116037 -0.0002513 1.000000 1.000000 1.000000
vn 0.8945404 -0.0119355 0.4468279
v 0.0979036 -0.0106394 0.0020286 1.000000 1.000000 1.000000
vn 0.9515540 0.0813635 0.2965215
v 0.0985261 -0.0119486 0.0013862 1.000000 1.000000 1.000000
vn 0.9424557 -0.3312808 -0.0450581
v 0.0984928 -0.0139602 0.0000810 1.000000 1.000000 1.000000
vn 0.7719833 -0.1234774 -0.6235345
v 0.0975218 -0.0121810 -0.0023896 1.000000 1.000000 1.000000
vn 0.8420406 0.1539461 0.5169800
v 0.0976932 -0.0118770 0.0027397 1.000000 1.000000 1.000000
vn 0.7658900 0.0300784 0.6422677
v 0.0965581 -0.0095350 0.0038588 1.000000 1.000000 1.000000
vn 0.8543279 -0.3290653 -0.4022934
v 0.0977014 -0.0144405 -0.0014214 1.000000 1.000000 1.000000
vn 0.7387103 -0.0790879 0.6693670
v 0.0976377 -0.0094547 0.0027849 1.000000 1.000000 1.000000
vn 0.8806140 -0.2681089 0.3906873
v 0.0974654 -0.0143777 0.0021103 1.000000 1.000000 1.000000
vn 0.8351264 -0.5403327 -0.1029781
v 0.0976423 -0.0152071 -0.0002735 1.000000 1.000000 1.000000
vn 0.8144601 -0.5758085 0.0714093
v 0.0975630 -0.0151542 0.0010576 1.000000 1.000000 1.000000
vn 0.6831639 0.6093394 0.4024831
v 0.0843847 0.0128947 0.0103469 1.000000 1.000000 1.000000
vn 0.6353455 0.6353820 0.4388915
v 0.0823857 0.0141708 0.0115111 1.000000 1.000000 1.000000
vn 0.6581001 0.5145980 0.5496301
v 0.0847959 0.0112996 0.0114433 1.000000 1.000000 1.000000
vn 0.7146907 0.5065720 0.4822883
v 0.0869654 0.0099103 0.0101350 1.000000 1.000000 1.000000
vn 0.6669402 0.3908752 0.6343558
v 0.0869238 0.0085480 0.0110182 1.000000 1.000000 1.000000
vn 0.7839351 0.5525480 0.2830841
v 0.0889892 0.0086089 0.0076745 1.000000 1.000000 1.000000
vn 0.6081905 0.6939267 0.3854479
v 0.0801919 0.0167503 0.0108068 1.000000 1.000000 1.000000
vn 0.7324035 0.6411934 0.2290333
v 0.0866589 0.0116651 0.0074015 1.000000 1.000000 1.000000
vn 0.6707196 0.7050290 0.2303677
v 0.0832630 0.0149666 0.0081516 1.000000 1.000000 1.000000
vn 0.7920281 0.5878376 0.1647377
v 0.0892698 0.0092182 0.0050979 1.000000 1.000000 1.000000
vn 0.7393497 0.6661016 0.0983403
v 0.0876100 0.0116176 0.0030724 1.000000 1.000000 1.000000
vn 0.6845891 0.7190601 0.1195427
v 0.0840096 0.0151320 0.0044764 1.000000 1.000000 1.000000
vn 0.6214419 0.7699929 0.1446406
v 0.0802507 0.0181613 0.0057870 1.000000 1.000000 1.000000
vn 0.5906086 0.7805498 0.2047527
v 0.0777129 0.0195504 0.0083928 1.000000 1.000000 1.000000
vn 0.7002162 0.7137581 0.0157060
v 0.0850221 0.0145239 0.0003660 1.000000 1.000000 1.000000
vn 0.5683066 0.7370419 0.3657825
v 0.0764566 0.0194805 0.0114153 1.000000 1.000000 1.000000
vn 0.6332892 0.7734019 0.0281838
v 0.0813582 0.0178078 0.0011675 1.000000 1.000000 1.000000
vn 0.5507610 0.8109429 0.1975702
v 0.0739766 0.0220675 0.0089865 1.000000 1.000000 1.000000
vn 0.5223677 0.7412701 0.4214863
v 0.0719761 0.0224494 0.0120887 1.000000 1.000000 1.000000
vn 0.5658215 0.8199831 0.0864505
v 0.0766060 0.0210995 0.0041820 1.000000 1.000000 1.000000
vn 0.5035059 0.8182384 0.2774307
v 0.0696601 0.0242014 0.0114539 1.000000 1.000000 1.000000
vn 0.5179927 0.8506985 0.0894184
v 0.0719602 0.0240064 0.0050778 1.000000 1.000000 1.000000
vn 0.5798302 0.8145269 -0.0185198
v 0.0786069 0.0199189 -0.0000938 1.000000 1.000000 1.000000
vn 0.4971512 0.8560454 0.1415165
v 0.0697552 0.0249224 0.0079788 1.000000 1.000000 1.000000
vn 0.6642516 0.7451352 -0.0595264
v 0.0833285 0.0160447 -0.0017168 1.000000 1.000000 1.000000
vn 0.4727041 0.8552136 0.2125099
v 0.0659826 0.0264559 0.0110241 1.000000 1.000000 1.000000
vn 0.5070549 0.8618859 0.0069323
v 0.0717043 0.0244162 0.0006394 1.000000 1.000000 1.000000
vn 0.4464497 0.8138940 0.3718322
v 0.0633456 0.0273077 0.0129138 1.000000 1.000000 1.000000
vn 0.4646060 0.8838844 0.0537572
v 0.0672005 0.0267147 0.0043177 1.000000 1.000000 1.000000
vn 0.4517877 0.8736601 0.1805709
v 0.0616532 0.0287767 0.0108831 1.000000 1.000000 1.000000
vn 0.4531584 0.8869824 0.0889368
v 0.0644125 0.0279625 0.0063962 1.000000 1.000000 1.000000
vn 0.4322109 0.8162596 0.3832938
v 0.0578962 0.0300190 0.0134075 1.000000 1.000000 1.000000
vn 0.4257250 0.8788248 0.2154652
v 0.0544283 0.0321494 0.0121952 1.000000 1.000000 1.000000
vn 0.4732898 0.7675372 0.4323001
v 0.0684018 0.0242501 0.0130293 1.000000 1.000000 1.000000
vn 0.4364468 0.8933061 0.1073245
v 0.0553850 0.0323063 0.0081806 1.000000 1.000000 1.000000
vn 0.4028108 0.8189544 0.4087264
v 0.0536824 0.0319184 0.0139262 1.000000 1.000000 1.000000
vn 0.3942222 0.8755704 0.2792229
v 0.0486477 0.0346609 0.0129005 1.000000 1.000000 1.000000
vn 0.3929432 0.9070136 0.1514003
v 0.0479174 0.0354461 0.0106596 1.000000 1.000000 1.000000
vn 0.3993538 0.9130648 0.0826387
v 0.0492168 0.0354027 0.0067997 1.000000 1.000000 1.000000
vn 0.4229688 0.9051499 0.0424403
v 0.0522275 0.0342156 0.0038992 1.000000 1.000000 1.000000
vn 0.4479671 0.8939871 0.0106069
v 0.0591108 0.0308942 0.0006044 1.000000 1.000000 1.000000
vn 0.4536576 0.8902768 -0.0400243
v 0.0618588 0.0294888 -0.0011533 1.000000 1.000000 1.000000
vn 0.4995790 0.8637499 -0.0660072
v 0.0713458 0.0245623 -0.0015682 1.000000 1.000000 1.000000
vn 0.3555470 0.9148369 0.1914676
v 0.0435243 0.0370257 0.0119695 1.000000 1.000000 1.000000
vn 0.4188706 0.9074642 -0.0324981
v 0.0520235 0.0343904 -0.0011729 1.000000 1.000000 1.000000
vn 0.3541774 0.9309187 0.0891557
v 0.0442316 0.0373445 0.0075251 1.000000 1.000000 1.000000
vn 0.5990214 0.7935253 -0.1071961
v 0.0798639 0.0187186 -0.0033849 1.000000 1.000000 1.000000
vn 0.3478240 0.8411774 0.4140521
v 0.0445769 0.0359554 0.0142099 1.000000 1.000000 1.000000
vn 0.3589036 0.7713791 0.5255117
v 0.0491859 0.0336044 0.0146752 1.000000 1.000000 1.000000
vn 0.3738124 0.9269837 -0.0310738
v 0.0472251 0.0364715 -0.0006541 1.000000 1.000000 1.000000
vn 0.3485895 0.9365875 0.0359069
v 0.0438061 0.0377112 0.0042161 1.000000 1.000000 1.000000
vn 0.5367628 0.8302783 -0.1500787
v 0.0744647 0.0221683 -0.0052403 1.000000 1.000000 1.000000
vn 0.3118349 0.9404553 0.1352882
v 0.0368983 0.0395741 0.0110675 1.000000 1.000000 1.000000
vn 0.3204135 0.9109598 0.2597834
v 0.0381908 0.0387394 0.0131656 1.000000 1.000000 1.000000
vn 0.3069311 0.9504102 0.0501372
v 0.0363312 0.0402150 0.0061626 1.000000 1.000000 1.000000
vn 0.3371252 0.9410500 -0.0277769
v 0.0438564 0.0377503 -0.0000183 1.000000 1.000000 1.000000
vn 0.4524473 0.8818983 -0.1324643
v 0.0627445 0.0286601 -0.0053062 1.000000 1.000000 1.000000
vn 0.4098916 0.9031131 -0.1279677
v 0.0518684 0.0341482 -0.0049942 1.000000 1.000000 1.000000
vn 0.4797091 0.8615412 -0.1662108
v 0.0691035 0.0252221 -0.0059466 1.000000 1.000000 1.000000
vn 0.2735146 0.9581945 0.0839826
v 0.0317853 0.0414612 0.0083344 1.000000 1.000000 1.000000
vn 0.2769741 0.9207296 0.2748499
v 0.0326444 0.0405024 0.0132106 1.000000 1.000000 1.000000
vn 0.3032156 0.9527996 -0.0152766
v 0.0370402 0.0400903 0.0008908 1.000000 1.000000 1.000000
vn 0.2581950 0.9516016 0.1667030
v 0.0291692 0.0417283 0.0120940 1.000000 1.000000 1.000000
vn 0.2649154 0.9638782 0.0275433
v 0.0303832 0.0420267 0.0048309 1.000000 1.000000 1.000000
vn 0.2622263 0.9647390 -0.0227168
v 0.0295541 0.0422853 0.0006397 1.000000 1.000000 1.000000
vn 0.3466974 0.9299756 -0.1222551
v 0.0446110 0.0371306 -0.0046070 1.000000 1.000000 1.000000
vn 0.3000622 0.9504612 -0.0811556
v 0.0365539 0.0400594 -0.0025663 1.000000 1.000000 1.000000
vn 0.2341211 0.9683210 0.0868441
v 0.0241823 0.0433189 0.0094491 1.000000 1.000000 1.000000
vn 0.2261607 0.9738277 0.0226082
v 0.0243233 0.0435636 0.0042628 1.000000 1.000000 1.000000
vn 0.2148035 0.9554585 0.2023821
v 0.0205431 0.0437960 0.0127674 1.000000 1.000000 1.000000
vn 0.2394167 0.9087247 0.3419052
v 0.0269865 0.0418575 0.0140166 1.000000 1.000000 1.000000
vn 0.2885558 0.8563806 0.4281914
v 0.0373136 0.0385146 0.0145355 1.000000 1.000000 1.000000
vn 0.2036941 0.9769894 0.0632489
v 0.0193593 0.0444887 0.0082784 1.000000 1.000000 1.000000
vn 0.2394485 0.9679114 -0.0762373
v 0.0273408 0.0427248 -0.0023640 1.000000 1.000000 1.000000
vn 0.3170207 0.9364703 -0.1500706
v 0.0417927 0.0379318 -0.0058626 1.000000 1.000000 1.000000
vn 0.4295155 0.8722990 -0.2336901
v 0.0554366 0.0316653 -0.0088143 1.000000 1.000000 1.000000
vn 0.4479593 0.8560992 -0.2577338
v 0.0618817 0.0282578 -0.0092926 1.000000 1.000000 1.000000
vn 0.2087990 0.9773983 -0.0331005
v 0.0226812 0.0439228 0.0007136 1.000000 1.000000 1.000000
vn 0.5767202 0.7930993 -0.1959269
v 0.0780854 0.0194108 -0.0063998 1.000000 1.000000 1.000000
vn 0.2859239 0.9486091 -0.1356037
v 0.0336670 0.0406234 -0.0054988 1.000000 1.000000 1.000000
vn 0.3767501 0.8954509 -0.2371224
v 0.0494610 0.0344146 -0.0089180 1.000000 1.000000 1.000000
vn 0.1722271 0.9810102 0.0892012
v 0.0142127 0.0453442 0.0102232 1.000000 1.000000 1.000000
vn 0.1738578 0.9846532 0.0152220
v 0.0159485 0.0452948 0.0050066 1.000000 1.000000 1.000000
vn 0.1791072 0.9322858 0.3142673
v 0.0162676 0.0444076 0.0139341 1.000000 1.000000 1.000000
vn 0.1555401 0.9744253 0.1621807
v 0.0124147 0.0453901 0.0123991 1.000000 1.000000 1.000000
vn 0.2450510 0.9563212 -0.1593729
v 0.0276729 0.0421073 -0.0067834 1.000000 1.000000 1.000000
vn 0.1709799 0.9839129 -0.0517808
v 0.0155039 0.0452954 -0.0006961 1.000000 1.000000 1.000000
vn 0.3294260 0.9159491 -0.2291632
v 0.0429149 0.0369783 -0.0087849 1.000000 1.000000 1.000000
vn 0.5094915 0.8106475 -0.2885638
v 0.0731686 0.0220385 -0.0089953 1.000000 1.000000 1.000000
vn 0.4692221 0.8352869 -0.2865775
v 0.0678444 0.0250346 -0.0093925 1.000000 1.000000 1.000000
vn 0.2031069 0.9717734 -0.1200166
v 0.0224169 0.0434481 -0.0058235 1.000000 1.000000 1.000000
vn 0.2786642 0.9345884 -0.2211128
v 0.0318859 0.0405059 -0.0090626 1.000000 1.000000 1.000000
vn 0.1312294 0.9888069 0.0709910
v 0.0093977 0.0461341 0.0093984 1.000000 1.000000 1.000000
vn 0.1312154 0.9913495 0.0029460
v 0.0095019 0.0462667 0.0046252 1.000000 1.000000 1.000000
vn 0.1209938 0.9911672 -0.0542963
v 0.0093656 0.0461923 -0.0006466 1.000000 1.000000 1.000000
vn 0.1534982 0.9811838 -0.1171178
v 0.0134315 0.0452468 -0.0051686 1.000000 1.000000 1.000000
vn 0.2069800 0.9562645 -0.2066822
v 0.0217402 0.0430138 -0.0095668 1.000000 1.000000 1.000000
vn 0.1622614 0.9694272 -0.1840711
v 0.0145350 0.0445637 -0.0084367 1.000000 1.000000 1.000000
vn 0.0964394 0.9951048 0.0215864
v 0.0050830 0.0467693 0.0066489 1.000000 1.000000 1.000000
vn 0.1276409 0.9628736 0.2378702
v 0.0083185 0.0458071 0.0133952 1.000000 1.000000 1.000000
vn 0.0794373 0.9925752 0.0921096
v 0.0029308 0.0467669 0.0105478 1.000000 1.000000 1.000000
vn 0.0814581 0.9664766 0.2434903
v 0.0040182 0.0462675 0.0133921 1.000000 1.000000 1.000000
vn 0.0836099 0.9958258 -0.0366122
v 0.0030034 0.0468855 0.0009194 1.000000 1.000000 1.000000
vn 0.2392296 0.8950733 -0.3763151
v 0.0265654 0.0410774 -0.0124193 1.000000 1.000000 1.000000
vn 0.3885101 0.8416734 -0.3750279
v 0.0518795 0.0324279 -0.0116399 1.000000 1.000000 1.000000
vn 0.4043573 0.7800081 -0.4775800
v 0.0580103 0.0292172 -0.0120829 1.000000 1.000000 1.000000
vn 0.0887275 0.9887756 -0.1202094
v 0.0052568 0.0462079 -0.0052403 1.000000 1.000000 1.000000
vn 0.0540632 0.9965473 -0.0630131
v 0.0002984 0.0469913 -0.0010756 1.000000 1.000000 1.000000
vn 0.3297136 0.8401132 -0.4306957
v 0.0453481 0.0349306 -0.0123150 1.000000 1.000000 1.000000
vn 0.3000809 0.8531340 -0.4267479
v 0.0414691 0.0364251 -0.0122332 1.000000 1.000000 1.000000
vn 0.2812805 0.8911662 -0.3559554
v 0.0327137 0.0393669 -0.0120754 1.000000 1.000000 1.000000
vn 0.0467904 0.9989003 0.0029892
v -0.0009348 0.0472191 0.0052474 1.000000 1.000000 1.000000
vn 0.1088670 0.9745300 -0.1960595
v 0.0083450 0.0453795 -0.0089350 1.000000 1.000000 1.000000
vn 0.0255781 0.9978113 0.0609785
v -0.0038976 0.0472438 0.0088029 1.000000 1.000000 1.000000
vn 0.0346967 0.9754784 0.2173433
v -0.0013635 0.0467298 0.0128622 1.000000 1.000000 1.000000
vn 0.2373022 0.8068796 0.5409555
v 0.0299614 0.0404060 0.0152359 1.000000 1.000000 1.000000
vn 0.1614177 0.9448484 -0.2849666
v 0.0168366 0.0433814 -0.0118750 1.000000 1.000000 1.000000
vn 0.1323340 0.9465981 -0.2940067
v 0.0109932 0.0441534 -0.0123552 1.000000 1.000000 1.000000
vn 0.0346490 0.9915873 -0.1247165
v -0.0021492 0.0467204 -0.0053753 1.000000 1.000000 1.000000
vn 0.1789363 0.8998758 -0.3977505
v 0.0193714 0.0426653 -0.0126531 1.000000 1.000000 1.000000
vn 0.4203200 0.7763317 -0.4697236
v 0.0617104 0.0273619 -0.0118141 1.000000 1.000000 1.000000
vn -0.0168591 0.9995359 0.0253719
v -0.0077271 0.0473365 0.0069140 1.000000 1.000000 1.000000
vn -0.0156728 0.9996645 -0.0206194
v -0.0079563 0.0473160 0.0028017 1.000000 1.000000 1.000000
vn -0.0069466 0.9982572 -0.0586040
v -0.0074804 0.0472079 -0.0003407 1.000000 1.000000 1.000000
vn -0.0177059 0.9911058 0.1318932
v -0.0081464 0.0470380 0.0114134 1.000000 1.000000 1.000000
vn 0.0934849 0.9032184 0.4188760
v 0.0062254 0.0456447 0.0146091 1.000000 1.000000 1.000000
vn 0.0303993 0.9771736 -0.2102563
v -0.0024356 0.0461688 -0.0088497 1.000000 1.000000 1.000000
vn 0.0641915 0.9568962 -0.2832474
v 0.0025460 0.0453028 -0.0113260 1.000000 1.000000 1.000000
vn -0.0302217 0.9921260 -0.1215430
v -0.0102841 0.0467256 -0.0053048 1.000000 1.000000 1.000000
vn -0.0320072 0.9373799 0.3468349
v -0.0089963 0.0465412 0.0138221 1.000000 1.000000 1.000000
vn 0.1972672 0.7950240 0.5736048
v 0.0231075 0.0420644 0.0155302 1.000000 1.000000 1.000000
vn -0.0699262 0.9971325 0.0289337
v -0.0145586 0.0470162 0.0076063 1.000000 1.000000 1.000000
vn -0.0664143 0.9889562 0.1324943
v -0.0145459 0.0467677 0.0113555 1.000000 1.000000 1.000000
vn 0.0358784 0.8671250 0.4967968
v -0.0001443 0.0459279 0.0150681 1.000000 1.000000 1.000000
vn -0.0674643 0.9963784 -0.0517571
v -0.0140682 0.0469272 -0.0004850 1.000000 1.000000 1.000000
vn -0.0425117 0.9808962 -0.1898301
v -0.0122388 0.0461598 -0.0085309 1.000000 1.000000 1.000000
vn 0.2820197 0.8378440 -0.4674210
v 0.0369993 0.0377494 -0.0125636 1.000000 1.000000 1.000000
vn 0.1107921 0.8073346 0.5795999
v 0.0083294 0.0449503 0.0154134 1.000000 1.000000 1.000000
vn 0.0887731 0.9473946 -0.3075108
v 0.0062087 0.0444577 -0.0128724 1.000000 1.000000 1.000000
vn -0.0967217 0.9514535 0.2922005
v -0.0164512 0.0462799 0.0131270 1.000000 1.000000 1.000000
vn -0.0968274 0.9896175 -0.1062153
v -0.0184320 0.0462323 -0.0047845 1.000000 1.000000 1.000000
vn -0.0001261 0.9586276 -0.2846632
v -0.0069395 0.0456166 -0.0111745 1.000000 1.000000 1.000000
vn 0.0308178 0.9522837 -0.3036545
v -0.0005431 0.0450071 -0.0125996 1.000000 1.000000 1.000000
vn -0.1182342 0.9928192 0.0181853
v -0.0192485 0.0465975 0.0063262 1.000000 1.000000 1.000000
vn -0.1129899 0.9929946 -0.0345696
v -0.0196971 0.0464751 0.0010677 1.000000 1.000000 1.000000
vn -0.1290652 0.9844400 0.1192478
v -0.0193264 0.0463546 0.0108136 1.000000 1.000000 1.000000
vn -0.1033359 0.9706142 -0.2173243
v -0.0191740 0.0454770 -0.0095076 1.000000 1.000000 1.000000
vn -0.0505835 0.9543788 -0.2942828
v -0.0140222 0.0454368 -0.0111511 1.000000 1.000000 1.000000
vn 0.3467234 0.7747563 -0.5287113
v 0.0485227 0.0333917 -0.0126338 1.000000 1.000000 1.000000
vn -0.1271947 0.9879003 -0.0887392
v -0.0255409 0.0454179 -0.0043357 1.000000 1.000000 1.000000
vn -0.1276111 0.9716511 -0.1990213
v -0.0248103 0.0448622 -0.0088949 1.000000 1.000000 1.000000
vn 0.3726138 0.7546090 -0.5401151
v 0.0541135 0.0309162 -0.0124496 1.000000 1.000000 1.000000
vn 0.2591193 0.8087657 -0.5279728
v 0.0312819 0.0390190 -0.0135938 1.000000 1.000000 1.000000
vn -0.1423420 0.9896195 -0.0198014
v -0.0270620 0.0454557 0.0017375 1.000000 1.000000 1.000000
vn -0.0194801 0.9471171 -0.3202965
v -0.0089547 0.0451085 -0.0125931 1.000000 1.000000 1.000000
vn -0.1469765 0.9886904 0.0298212
v -0.0261285 0.0455687 0.0065253 1.000000 1.000000 1.000000
vn -0.1471879 0.9827739 0.1117642
v -0.0249687 0.0454555 0.0111387 1.000000 1.000000 1.000000
vn 0.1426687 0.8039592 0.5773173
v 0.0155616 0.0437460 0.0154532 1.000000 1.000000 1.000000
vn -0.1394989 0.9658180 0.2184853
v -0.0239837 0.0451696 0.0133655 1.000000 1.000000 1.000000
vn 0.2890178 0.8072175 0.5146537
v 0.0377014 0.0378221 0.0154277 1.000000 1.000000 1.000000
vn -0.0899415 0.9495899 -0.3003157
v -0.0174550 0.0447299 -0.0125373 1.000000 1.000000 1.000000
vn 0.2002517 0.8451021 -0.4956831
v 0.0225926 0.0408092 -0.0146220 1.000000 1.000000 1.000000
vn -0.1230262 0.9494879 -0.2886821
v -0.0276049 0.0439185 -0.0111022 1.000000 1.000000 1.000000
vn -0.1195704 0.9422221 -0.3129226
v -0.0263114 0.0436407 -0.0124328 1.000000 1.000000 1.000000
vn 0.1386373 0.8575515 -0.4953637
v 0.0135631 0.0424499 -0.0146515 1.000000 1.000000 1.000000
vn 0.4157533 0.6917062 0.5905012
v 0.0635117 0.0267246 0.0136807 1.000000 1.000000 1.000000
vn 0.4130718 0.7434310 0.5260057
v 0.0581853 0.0290732 0.0145586 1.000000 1.000000 1.000000
vn 0.3908400 0.7605288 0.5184978
v 0.0537777 0.0313423 0.0147163 1.000000 1.000000 1.000000
vn -0.1369313 0.8563169 0.4979671
v -0.0221897 0.0451250 0.0142116 1.000000 1.000000 1.000000
vn -0.0733757 0.8244020 0.5612285
v -0.0151023 0.0456573 0.0147901 1.000000 1.000000 1.000000
vn -0.0142301 0.8676783 0.4969223
v -0.0068578 0.0457522 0.0153739 1.000000 1.000000 1.000000
vn 0.3157991 0.7683806 0.5566528
v 0.0436560 0.0355277 0.0153343 1.000000 1.000000 1.000000
vn 0.5499626 0.6797172 0.4853100
v 0.0763261 0.0190215 0.0122483 1.000000 1.000000 1.000000
vn 0.2980455 0.7615948 -0.5754496
v 0.0445370 0.0339730 -0.0140590 1.000000 1.000000 1.000000
vn 0.2714053 0.7676324 -0.5805857
v 0.0374188 0.0359125 -0.0148323 1.000000 1.000000 1.000000
vn 0.5631058 0.6237437 0.5420846
v 0.0801640 0.0154993 0.0122751 1.000000 1.000000 1.000000
vn 0.2366584 0.7815774 -0.5771737
v 0.0294884 0.0387501 -0.0146933 1.000000 1.000000 1.000000
vn 0.4955025 0.6574997 0.5676015
v 0.0736041 0.0203574 0.0130909 1.000000 1.000000 1.000000
vn 0.3222803 0.6960329 0.6416180
v 0.0481769 0.0334015 0.0154023 1.000000 1.000000 1.000000
vn 0.2188819 0.7192010 0.6594246
v 0.0310429 0.0392915 0.0160957 1.000000 1.000000 1.000000
vn 0.3404229 0.6963310 -0.6318507
v 0.0525072 0.0300892 -0.0142278 1.000000 1.000000 1.000000
vn 0.1496969 0.7346961 0.6616740
v 0.0166947 0.0429557 0.0160767 1.000000 1.000000 1.000000
vn 0.0443439 0.7609796 0.6472586
v 0.0003601 0.0450417 0.0160842 1.000000 1.000000 1.000000
vn -0.1099157 0.8004388 0.5892506
v -0.0193270 0.0447450 0.0153077 1.000000 1.000000 1.000000
vn 0.1632659 0.7068129 0.6883021
v 0.0218823 0.0417503 0.0161434 1.000000 1.000000 1.000000
vn 0.4062977 0.6310187 0.6608613
v 0.0670927 0.0242444 0.0138472 1.000000 1.000000 1.000000
vn 0.0929301 0.6942648 0.7136949
v 0.0084450 0.0442734 0.0160558 1.000000 1.000000 1.000000
vn 0.3857146 0.6164607 0.6864405
v 0.0611614 0.0271101 0.0146551 1.000000 1.000000 1.000000
vn -0.0578359 0.7216701 0.6898168
v -0.0107276 0.0448830 0.0159669 1.000000 1.000000 1.000000
vn -0.1480080 0.7485843 0.6463089
v -0.0294636 0.0436002 0.0143123 1.000000 1.000000 1.000000
vn -0.1480080 0.7485710 0.6463243
v -0.0287534 0.0430049 0.0151644 1.000000 1.000000 1.000000
vn 0.8822484 -0.4612796 0.0941221
v -0.0788556 -0.0360423 -0.0018202 1.000000 1.000000 1.000000
vn 0.9102994 -0.4099751 -0.0572319
v -0.0801626 -0.0389468 -0.0029696 1.000000 1.000000 1.000000
vn 0.8832465 -0.4437423 -0.1515532
v -0.0785869 -0.0355473 -0.0032013 1.000000 1.000000 1.000000
vn 0.8505917 -0.4212820 0.3146672
v -0.0817993 -0.0416441 -0.0006179 1.000000 1.000000 1.000000
vn 0.8072720 -0.4564807 0.3740819
v -0.0791898 -0.0358472 0.0002612 1.000000 1.000000 1.000000
vn 0.8721682 -0.4680037 0.1424618
v -0.0824900 -0.0441337 -0.0024215 1.000000 1.000000 1.000000
vn 0.8889624 -0.4404415 -0.1255281
v -0.0824466 -0.0440858 -0.0040738 1.000000 1.000000 1.000000
vn 0.8244150 -0.5112805 0.2427599
v -0.0766742 -0.0319704 -0.0002641 1.000000 1.000000 1.000000
vn 0.8363432 -0.5478020 -0.0210506
v -0.0749785 -0.0294587 -0.0018909 1.000000 1.000000 1.000000
vn 0.8136206 -0.5462025 0.1992094
v -0.0752884 -0.0297133 -0.0001216 1.000000 1.000000 1.000000
vn 0.7512677 -0.6490430 -0.1197499
v -0.0834540 -0.0458461 -0.0042634 1.000000 1.000000 1.000000
vn 0.7029387 -0.6554508 0.2761550
v -0.0837886 -0.0458067 -0.0013032 1.000000 1.000000 1.000000
vn 0.8323108 -0.4877238 -0.2634089
v -0.0758645 -0.0305806 -0.0031663 1.000000 1.000000 1.000000
vn 0.7962900 -0.5960620 -0.1031136
v -0.0711890 -0.0240630 -0.0017366 1.000000 1.000000 1.000000
vn 0.7940287 -0.5974333 0.1122138
v -0.0724228 -0.0257467 -0.0000453 1.000000 1.000000 1.000000
vn 0.7424777 -0.5913332 0.3147254
v -0.0731940 -0.0262139 0.0013547 1.000000 1.000000 1.000000
vn 0.7668082 -0.6402889 0.0451156
v -0.0686940 -0.0209487 0.0002489 1.000000 1.000000 1.000000
vn 0.7136993 -0.6661292 0.2165764
v -0.0688550 -0.0206517 0.0022025 1.000000 1.000000 1.000000
vn 0.7744612 -0.5523020 -0.3085005
v -0.0717421 -0.0244008 -0.0030126 1.000000 1.000000 1.000000
vn 0.7357145 -0.6345548 -0.2367794
v -0.0684278 -0.0201834 -0.0027395 1.000000 1.000000 1.000000
vn 0.6925307 -0.7213790 0.0036876
v -0.0660497 -0.0180423 0.0000004 1.000000 1.000000 1.000000
vn 0.6189489 -0.7535229 0.2215975
v -0.0661545 -0.0176195 0.0037602 1.000000 1.000000 1.000000
vn 0.6709317 -0.7161242 -0.1923974
v -0.0660323 -0.0176429 -0.0028893 1.000000 1.000000 1.000000
vn 0.6819333 -0.5494502 0.4827748
v -0.0751543 -0.0281649 0.0020003 1.000000 1.000000 1.000000
vn 0.4350220 -0.8979995 0.0659767
v -0.0848648 -0.0469325 -0.0028833 1.000000 1.000000 1.000000
vn 0.7366394 -0.4752410 0.4811531
v -0.0778813 -0.0326599 0.0012494 1.000000 1.000000 1.000000
vn 0.6894495 -0.4757392 0.5461975
v -0.0841257 -0.0444967 0.0008673 1.000000 1.000000 1.000000
vn 0.7640224 -0.3998923 0.5063161
v -0.0817118 -0.0403730 0.0004433 1.000000 1.000000 1.000000
vn 0.6138588 -0.6017509 0.5109534
v -0.0722234 -0.0236416 0.0035017 1.000000 1.000000 1.000000
vn 0.6576075 -0.6649176 0.3541709
v -0.0694141 -0.0204811 0.0039531 1.000000 1.000000 1.000000
vn 0.6356810 -0.7705877 0.0458733
v -0.0630348 -0.0153417 0.0019292 1.000000 1.000000 1.000000
vn 0.6185706 -0.7797126 -0.0970501
v -0.0622684 -0.0145734 -0.0023645 1.000000 1.000000 1.000000
vn 0.6147771 -0.7792739 0.1215791
v -0.0614818 -0.0138457 0.0042970 1.000000 1.000000 1.000000
vn 0.5975093 -0.8018025 -0.0097725
v -0.0589857 -0.0121564 -0.0008191 1.000000 1.000000 1.000000
vn 0.5649060 -0.7829264 0.2605909
v -0.0607139 -0.0124958 0.0075333 1.000000 1.000000 1.000000
vn 0.6170619 -0.7720675 0.1521395
v -0.0534727 -0.0071928 0.0068271 1.000000 1.000000 1.000000
vn 0.6055578 -0.7876737 0.1134458
v -0.0567396 -0.0102075 0.0043664 1.000000 1.000000 1.000000
vn 0.8836671 -0.3984301 -0.2457360
v -0.0824425 -0.0432654 -0.0054205 1.000000 1.000000 1.000000
vn 0.5978405 -0.7992464 0.0615798
v -0.0561119 -0.0098905 0.0027021 1.000000 1.000000 1.000000
vn 0.6424164 -0.7607308 0.0926820
v -0.0506425 -0.0051347 0.0047985 1.000000 1.000000 1.000000
vn 0.5220006 -0.7177447 -0.4608232
v -0.0653820 -0.0159527 -0.0054336 1.000000 1.000000 1.000000
vn 0.6940628 -0.6381112 -0.3333029
v -0.0838717 -0.0453516 -0.0062391 1.000000 1.000000 1.000000
vn 0.8799987 -0.3943027 -0.2648163
v -0.0801318 -0.0373681 -0.0052494 1.000000 1.000000 1.000000
vn 0.8273219 -0.4369294 -0.3530314
v -0.0778213 -0.0326629 -0.0050029 1.000000 1.000000 1.000000
vn 0.5649878 -0.7793344 -0.2709740
v -0.0630679 -0.0146432 -0.0048740 1.000000 1.000000 1.000000
vn 0.5597157 -0.8163044 -0.1427075
v -0.0601401 -0.0127132 -0.0042596 1.000000 1.000000 1.000000
vn 0.6456249 -0.7630999 0.0291025
v -0.0525401 -0.0071350 0.0002778 1.000000 1.000000 1.000000
vn 0.6490030 -0.7592668 0.0480528
v -0.0464935 -0.0016626 0.0035822 1.000000 1.000000 1.000000
vn 0.6111926 -0.7855378 0.0968202
v -0.0450594 0.0000024 0.0081540 1.000000 1.000000 1.000000
vn 0.6456011 -0.7635930 0.0111823
v -0.0465363 -0.0018330 -0.0024582 1.000000 1.000000 1.000000
vn 0.6301413 -0.7707544 -0.0941256
v -0.0528060 -0.0073307 -0.0057157 1.000000 1.000000 1.000000
vn 0.6321281 -0.7743232 -0.0289439
v -0.0464674 -0.0017818 -0.0064296 1.000000 1.000000 1.000000
vn 0.6100478 -0.7912684 0.0416665
v -0.0432213 0.0010430 0.0033117 1.000000 1.000000 1.000000
vn 0.5848621 -0.7890114 -0.1881419
v -0.0460324 -0.0011665 -0.0094093 1.000000 1.000000 1.000000
vn 0.6123818 -0.7657588 0.1964743
v -0.0485116 -0.0024859 0.0098126 1.000000 1.000000 1.000000
vn 0.5981630 -0.8013129 0.0099356
v -0.0436432 0.0004186 -0.0058238 1.000000 1.000000 1.000000
vn 0.6425608 -0.7662257 -0.0037318
v -0.0557090 -0.0097281 -0.0007149 1.000000 1.000000 1.000000
vn 0.6261362 -0.7797042 0.0038465
v -0.0560967 -0.0100672 -0.0005931 1.000000 1.000000 1.000000
vn 0.5568876 -0.8086678 0.1895590
v -0.0438934 0.0013548 0.0111230 1.000000 1.000000 1.000000
vn 0.9171008 -0.3974749 -0.0306563
v -0.0560618 -0.0097756 -0.0033321 1.000000 1.000000 1.000000
vn 0.5249656 -0.8400371 -0.1369262
v -0.0415033 0.0020561 -0.0094377 1.000000 1.000000 1.000000
vn 0.5821671 -0.7744152 0.2477146
v -0.0542749 -0.0071563 0.0094028 1.000000 1.000000 1.000000
vn 0.5147163 -0.8495004 0.1158289
v -0.0407344 0.0033127 0.0104227 1.000000 1.000000 1.000000
vn 0.5479364 -0.8352648 0.0458088
v -0.0411678 0.0025586 0.0036509 1.000000 1.000000 1.000000
vn 0.5866198 -0.8054024 -0.0848775
v -0.0561904 -0.0099755 -0.0049739 1.000000 1.000000 1.000000
vn 0.5125133 -0.8586466 -0.0074909
v -0.0408516 0.0023055 -0.0069216 1.000000 1.000000 1.000000
vn 0.5818518 -0.7559841 0.2998943
v -0.0504016 -0.0034336 0.0116279 1.000000 1.000000 1.000000
vn 0.5181358 -0.7429356 0.4237711
v -0.0477988 -0.0006461 0.0134285 1.000000 1.000000 1.000000
vn 0.4503360 -0.8664448 -0.2155711
v -0.0848279 -0.0467412 -0.0049610 1.000000 1.000000 1.000000
vn 0.4987637 -0.8026380 0.3271192
v -0.0426264 0.0027651 0.0133450 1.000000 1.000000 1.000000
vn 0.5801295 -0.7646714 -0.2805840
v -0.0509662 -0.0050772 -0.0092131 1.000000 1.000000 1.000000
vn 0.5461414 -0.8111573 -0.2091735
v -0.0559909 -0.0096242 -0.0065922 1.000000 1.000000 1.000000
vn 0.4804435 -0.8754438 0.0526529
v -0.0390939 0.0037705 0.0036131 1.000000 1.000000 1.000000
vn 0.5012115 -0.7735468 -0.3878303
v -0.0547803 -0.0081464 -0.0085293 1.000000 1.000000 1.000000
vn 0.5259985 -0.7575159 0.3866462
v -0.0549961 -0.0068307 0.0115915 1.000000 1.000000 1.000000
vn 0.4978123 -0.7018026 0.5095646
v -0.0514211 -0.0033922 0.0132194 1.000000 1.000000 1.000000
vn 0.4277306 -0.8980951 0.1023314
v -0.0368826 0.0054160 0.0103535 1.000000 1.000000 1.000000
vn 0.4515464 -0.8922321 -0.0052781
v -0.0376597 0.0040213 -0.0068644 1.000000 1.000000 1.000000
vn 0.4272108 -0.8446673 0.3225339
v -0.0384348 0.0051765 0.0135723 1.000000 1.000000 1.000000
vn 0.4341380 -0.8874786 -0.1546158
v -0.0369312 0.0046028 -0.0098551 1.000000 1.000000 1.000000
vn 0.4308363 -0.9011756 0.0475694
v -0.0364097 0.0050438 0.0019203 1.000000 1.000000 1.000000
vn 0.3776702 -0.8290967 0.4122668
v -0.0859064 -0.0464581 0.0006952 1.000000 1.000000 1.000000
vn 0.4651393 -0.7762511 0.4255346
v -0.0657262 -0.0161965 0.0065528 1.000000 1.000000 1.000000
vn 0.4580902 -0.7794207 0.4273836
v -0.0617402 -0.0124747 0.0092911 1.000000 1.000000 1.000000
vn 0.5270542 -0.6862743 0.5012399
v -0.0686324 -0.0186783 0.0055333 1.000000 1.000000 1.000000
vn 0.4431822 -0.7457537 0.4974344
v -0.0587799 -0.0093969 0.0114603 1.000000 1.000000 1.000000
vn 0.4223886 -0.9060951 0.0240721
v -0.0333990 0.0060723 -0.0057296 1.000000 1.000000 1.000000
vn 0.3878809 -0.9203085 0.0508019
v -0.0334604 0.0065607 0.0057054 1.000000 1.000000 1.000000
vn 0.3850483 -0.9218432 -0.0440795
v -0.0325075 0.0064578 -0.0083159 1.000000 1.000000 1.000000
vn 0.3474672 -0.9369010 0.0385119
v -0.0309494 0.0073004 -0.0003169 1.000000 1.000000 1.000000
vn 0.3392102 -0.9359192 0.0948248
v -0.0316939 0.0075355 0.0104041 1.000000 1.000000 1.000000
vn 0.3613760 -0.8878660 0.2847830
v -0.0347820 0.0067724 0.0132947 1.000000 1.000000 1.000000
vn 0.4802090 -0.7771301 -0.4067778
v -0.0621031 -0.0134820 -0.0060563 1.000000 1.000000 1.000000
vn 0.4173642 -0.7884501 -0.4518336
v -0.0583646 -0.0104758 -0.0079879 1.000000 1.000000 1.000000
vn 0.5203204 -0.7735766 -0.3617265
v -0.0442800 0.0006688 -0.0111509 1.000000 1.000000 1.000000
vn 0.5613617 -0.7508082 -0.3480808
v -0.0482540 -0.0021516 -0.0110671 1.000000 1.000000 1.000000
vn 0.4608854 -0.8153465 -0.3504207
v -0.0407611 0.0030456 -0.0114645 1.000000 1.000000 1.000000
vn 0.3266221 -0.9148653 -0.2373594
v -0.0308433 0.0074518 -0.0108761 1.000000 1.000000 1.000000
vn 0.3070399 -0.8937919 0.3268983
v -0.0314354 0.0080856 0.0135385 1.000000 1.000000 1.000000
vn 0.3725671 -0.8401163 -0.3942060
v -0.0356891 0.0057416 -0.0118045 1.000000 1.000000 1.000000
vn 0.6103272 -0.6542768 -0.4465675
v -0.0683981 -0.0187012 -0.0049829 1.000000 1.000000 1.000000
vn 0.5296155 -0.7559128 -0.3848418
v -0.0527470 -0.0061525 -0.0096665 1.000000 1.000000 1.000000
vn 0.3988191 -0.8032228 -0.4424664
v -0.0851022 -0.0458071 -0.0072220 1.000000 1.000000 1.000000
vn 0.4639048 -0.7227610 0.5122588
v -0.0558630 -0.0063499 0.0132353 1.000000 1.000000 1.000000
vn 0.3048951 -0.9522913 0.0134261
v -0.0286003 0.0078738 -0.0060834 1.000000 1.000000 1.000000
vn 0.2866887 -0.9573653 0.0355143
v -0.0278623 0.0084598 0.0023904 1.000000 1.000000 1.000000
vn 0.2783109 -0.9571082 0.0805422
v -0.0285282 0.0085354 0.0102808 1.000000 1.000000 1.000000
vn 0.2792518 -0.9527561 -0.1194747
v -0.0274453 0.0083650 -0.0098419 1.000000 1.000000 1.000000
vn 0.2152624 -0.9425287 0.2555422
v -0.0870928 -0.0471252 -0.0005783 1.000000 1.000000 1.000000
vn 0.2306175 -0.9227830 0.3086860
v -0.0269828 0.0093939 0.0134740 1.000000 1.000000 1.000000
vn 0.2357364 -0.9718168 -0.0007035
v -0.0250898 0.0088418 -0.0070813 1.000000 1.000000 1.000000
vn 0.4739262 -0.7183623 0.5092638
v -0.0457879 0.0014662 0.0144837 1.000000 1.000000 1.000000
vn 0.4139259 -0.7686493 0.4876921
v -0.0407030 0.0048565 0.0149140 1.000000 1.000000 1.000000
vn 0.3563484 -0.8179650 0.4516073
v -0.0357789 0.0072299 0.0149572 1.000000 1.000000 1.000000
vn 0.2144521 -0.9048602 -0.3677476
v -0.0256984 0.0093898 -0.0122274 1.000000 1.000000 1.000000
vn 0.2178675 -0.9749471 0.0448541
v -0.0247399 0.0094970 0.0089636 1.000000 1.000000 1.000000
vn 0.1945910 -0.9778197 0.0774785
v -0.0246296 0.0097924 0.0128573 1.000000 1.000000 1.000000
vn 0.3558390 -0.7308384 0.5824551
v -0.0614582 -0.0110043 0.0112369 1.000000 1.000000 1.000000
vn 0.4384985 -0.6486028 0.6221203
v -0.0529262 -0.0029292 0.0147374 1.000000 1.000000 1.000000
vn 0.2258033 -0.9737031 0.0302513
v -0.0873579 -0.0475115 -0.0029115 1.000000 1.000000 1.000000
vn 0.6018111 -0.4878869 0.6322893
v -0.0853168 -0.0446903 0.0018515 1.000000 1.000000 1.000000
vn 0.7135333 -0.4457681 0.5405194
v -0.0796972 -0.0344094 0.0021038 1.000000 1.000000 1.000000
vn 0.6387021 -0.4874515 0.5953576
v -0.0770187 -0.0298158 0.0026065 1.000000 1.000000 1.000000
vn 0.5601687 -0.5521512 0.6175274
v -0.0751428 -0.0256017 0.0042839 1.000000 1.000000 1.000000
vn 0.5145086 -0.5874157 0.6246790
v -0.0735071 -0.0227284 0.0054276 1.000000 1.000000 1.000000
vn 0.2621851 -0.8971711 -0.3554476
v -0.0868446 -0.0471483 -0.0060419 1.000000 1.000000 1.000000
vn 0.7225226 -0.3823924 0.5759662
v -0.0821477 -0.0389527 0.0019305 1.000000 1.000000 1.000000
vn 0.3519423 -0.7616816 0.5440384
v -0.0643753 -0.0127882 0.0106171 1.000000 1.000000 1.000000
vn 0.4040250 -0.7301568 0.5510306
v -0.0679595 -0.0164762 0.0077712 1.000000 1.000000 1.000000
vn 0.4754947 -0.6280628 0.6159886
v -0.0702649 -0.0191167 0.0063465 1.000000 1.000000 1.000000
vn 0.2620532 -0.8124980 0.5207447
v -0.0311548 0.0092746 0.0152525 1.000000 1.000000 1.000000
vn 0.1740847 -0.9846644 0.0114200
v -0.0208816 0.0097916 -0.0058724 1.000000 1.000000 1.000000
vn 0.1907024 -0.9788003 -0.0747168
v -0.0216292 0.0096729 -0.0092375 1.000000 1.000000 1.000000
vn 0.1947263 -0.8533608 0.4835876
v -0.0264308 0.0102729 0.0148213 1.000000 1.000000 1.000000
vn 0.1345442 -0.9460350 0.2948148
v -0.0201325 0.0106517 0.0133751 1.000000 1.000000 1.000000
vn 0.2921999 -0.8606318 -0.4170515
v -0.0310223 0.0079608 -0.0124073 1.000000 1.000000 1.000000
vn 0.1458960 -0.9874982 0.0596804
v -0.0214942 0.0101154 0.0100894 1.000000 1.000000 1.000000
vn 0.1836960 -0.9579473 -0.2204379
v -0.0217087 0.0099610 -0.0112587 1.000000 1.000000 1.000000
vn 0.1445383 -0.9062403 -0.3972874
v -0.0208024 0.0105303 -0.0125518 1.000000 1.000000 1.000000
vn 0.1203508 -0.9874043 -0.1027050
v -0.0149475 0.0107043 -0.0095653 1.000000 1.000000 1.000000
vn 0.3414562 -0.6958500 0.6318232
v -0.0614977 -0.0092975 0.0131193 1.000000 1.000000 1.000000
vn 0.0966028 -0.9953185 -0.0029964
v -0.0134232 0.0107928 -0.0063337 1.000000 1.000000 1.000000
vn 0.1278178 -0.8737593 0.4692625
v -0.0199312 0.0115218 0.0149528 1.000000 1.000000 1.000000
vn 0.0675393 -0.9941243 0.0845897
v -0.0138038 0.0110255 0.0111519 1.000000 1.000000 1.000000
vn 0.0785195 -0.9445254 0.3189145
v -0.0146102 0.0112471 0.0132804 1.000000 1.000000 1.000000
vn 0.0779697 -0.9967499 0.0202607
v -0.0138994 0.0108955 0.0081042 1.000000 1.000000 1.000000
vn 0.0800016 -0.9967576 0.0086064
v -0.0129818 0.0108914 -0.0015870 1.000000 1.000000 1.000000
vn 0.1425225 -0.8603612 0.4893525
v -0.0891606 -0.0465447 0.0014907 1.000000 1.000000 1.000000
vn 0.0925800 -0.9554873 -0.2801303
v -0.0145598 0.0112090 -0.0120197 1.000000 1.000000 1.000000
vn 0.0459048 -0.9963221 -0.0723536
v -0.0084999 0.0112117 -0.0091002 1.000000 1.000000 1.000000
vn 0.0290663 -0.9994899 -0.0132356
v -0.0083613 0.0111298 -0.0064031 1.000000 1.000000 1.000000
vn 0.1597473 -0.8092121 0.5653818
v -0.0875129 -0.0455962 0.0023828 1.000000 1.000000 1.000000
vn 0.0794007 -0.8674213 0.4911984
v -0.0148636 0.0122163 0.0150329 1.000000 1.000000 1.000000
vn 0.0076661 -0.9971783 0.0746773
v -0.0074397 0.0112396 0.0110365 1.000000 1.000000 1.000000
vn -0.0099871 -0.9439380 0.3299716
v -0.0065071 0.0115740 0.0133460 1.000000 1.000000 1.000000
vn 0.0156325 -0.9998663 0.0048057
v -0.0082625 0.0111723 0.0045953 1.000000 1.000000 1.000000
vn 0.4582315 -0.7550306 -0.4689910
v -0.0420784 0.0027501 -0.0122639 1.000000 1.000000 1.000000
vn 0.3734265 -0.7696164 -0.5179221
v -0.0381008 0.0053433 -0.0129018 1.000000 1.000000 1.000000
vn 0.4871759 -0.7112028 -0.5068039
v -0.0465760 -0.0002463 -0.0120739 1.000000 1.000000 1.000000
vn 0.7053142 -0.5455104 -0.4527146
v -0.0716395 -0.0230243 -0.0045114 1.000000 1.000000 1.000000
vn 0.7714831 -0.4774645 -0.4205254
v -0.0756882 -0.0286913 -0.0049706 1.000000 1.000000 1.000000
vn 0.0208668 -0.9874610 -0.1564777
v -0.0071480 0.0114348 -0.0108212 1.000000 1.000000 1.000000
vn -0.0217240 -0.9995446 -0.0209455
v -0.0034323 0.0111024 -0.0060091 1.000000 1.000000 1.000000
vn 0.0183400 -0.8584204 0.5126187
v -0.0083259 0.0125184 0.0149710 1.000000 1.000000 1.000000
vn 0.3023938 -0.7854338 -0.5400479
v -0.0335389 0.0075935 -0.0132248 1.000000 1.000000 1.000000
vn 0.3928573 -0.7466428 -0.5368312
v -0.0572676 -0.0084860 -0.0099803 1.000000 1.000000 1.000000
vn 0.2319938 -0.8218717 -0.5202939
v -0.0280287 0.0094167 -0.0132801 1.000000 1.000000 1.000000
vn 0.0443842 -0.9672995 -0.2497235
v -0.0081753 0.0118649 -0.0127394 1.000000 1.000000 1.000000
vn -0.0589285 -0.9982617 0.0009632
v -0.0012957 0.0109804 0.0043148 1.000000 1.000000 1.000000
vn -0.0700488 -0.9941661 0.0820176
v -0.0011547 0.0110468 0.0111808 1.000000 1.000000 1.000000
vn -0.0664812 -0.9965213 -0.0502550
v 0.0000147 0.0110105 -0.0072099 1.000000 1.000000 1.000000
vn -0.0614952 -0.9377060 0.3419442
v -0.0008898 0.0113395 0.0132759 1.000000 1.000000 1.000000
vn -0.0619819 -0.9842597 -0.1655026
v -0.0001678 0.0113695 -0.0109919 1.000000 1.000000 1.000000
vn 0.3774710 -0.7473608 -0.5467792
v -0.0630277 -0.0120253 -0.0087336 1.000000 1.000000 1.000000
vn 0.4371450 -0.7025522 -0.5615378
v -0.0658138 -0.0146014 -0.0074604 1.000000 1.000000 1.000000
vn 0.1617801 -0.8543222 -0.4939239
v -0.0229275 0.0109012 -0.0138483 1.000000 1.000000 1.000000
vn -0.0500768 -0.9677061 -0.2470571
v -0.0006861 0.0118410 -0.0127695 1.000000 1.000000 1.000000
vn 0.1642525 -0.8335433 -0.5274721
v -0.0871184 -0.0456237 -0.0085363 1.000000 1.000000 1.000000
vn -0.1292529 -0.9420341 0.3096216
v 0.0037806 0.0108261 0.0132466 1.000000 1.000000 1.000000
vn -0.1317027 -0.9899977 0.0505866
v 0.0038946 0.0104328 0.0098943 1.000000 1.000000 1.000000
vn -0.1172882 -0.9930499 0.0097661
v 0.0000851 0.0108640 0.0091739 1.000000 1.000000 1.000000
vn -0.1274072 -0.9913096 -0.0327526
v 0.0040467 0.0105234 -0.0053814 1.000000 1.000000 1.000000
vn 0.1201980 -0.8893480 -0.4411492
v -0.0170313 0.0117362 -0.0137625 1.000000 1.000000 1.000000
vn -0.1124319 -0.9885247 -0.1008860
v 0.0035743 0.0108676 -0.0098122 1.000000 1.000000 1.000000
vn -0.0734925 -0.8475907 0.5255368
v 0.0004757 0.0121641 0.0147539 1.000000 1.000000 1.000000
vn -0.1530972 -0.9880753 -0.0163862
v 0.0055647 0.0102462 -0.0018653 1.000000 1.000000 1.000000
vn -0.1905917 -0.9783009 -0.0812542
v 0.0097512 0.0097696 -0.0082026 1.000000 1.000000 1.000000
vn -0.1405361 -0.9593787 -0.2446268
v 0.0067223 0.0107812 -0.0116533 1.000000 1.000000 1.000000
vn -0.1850563 -0.9781114 0.0951430
v 0.0096364 0.0096178 0.0112148 1.000000 1.000000 1.000000
vn -0.1571738 -0.9680504 0.1953838
v 0.0085897 0.0101869 0.0134408 1.000000 1.000000 1.000000
vn -0.1935264 -0.9810948 0.0007741
v 0.0102677 0.0093896 0.0052652 1.000000 1.000000 1.000000
vn -0.2000454 -0.9795730 -0.0204592
v 0.0104791 0.0093939 -0.0021498 1.000000 1.000000 1.000000
vn -0.2211023 -0.9554092 0.1957223
v 0.0130431 0.0092324 0.0131904 1.000000 1.000000 1.000000
vn 0.0966689 -0.8445045 -0.5267516
v -0.0894529 -0.0460471 -0.0082859 1.000000 1.000000 1.000000
vn -0.1235614 -0.9310980 -0.3432041
v 0.0064115 0.0113786 -0.0131621 1.000000 1.000000 1.000000
vn -0.2088122 -0.9616408 -0.1778887
v 0.0115011 0.0097005 -0.0106442 1.000000 1.000000 1.000000
vn -0.2496450 -0.9679761 -0.0264520
v 0.0153682 0.0082892 -0.0035064 1.000000 1.000000 1.000000
vn -0.2387236 -0.9705772 0.0314806
v 0.0153777 0.0082274 0.0090383 1.000000 1.000000 1.000000
vn -0.2276358 -0.9633058 0.1422103
v 0.0164432 0.0081540 0.0119292 1.000000 1.000000 1.000000
vn -0.2245184 -0.9518746 0.2086295
v 0.0177971 0.0081278 0.0132665 1.000000 1.000000 1.000000
vn -0.2201578 -0.9397016 -0.2617088
v 0.0128306 0.0099459 -0.0127110 1.000000 1.000000 1.000000
vn -0.2446557 -0.9657464 -0.0864729
v 0.0163323 0.0083083 -0.0090123 1.000000 1.000000 1.000000
vn -0.2356824 -0.9559203 -0.1751292
v 0.0173119 0.0084638 -0.0117137 1.000000 1.000000 1.000000
vn -0.2735134 -0.9618055 0.0109822
v 0.0187343 0.0072604 0.0075319 1.000000 1.000000 1.000000
vn -0.2785925 -0.9603235 -0.0128455
v 0.0224170 0.0061978 -0.0000292 1.000000 1.000000 1.000000
vn -0.2720261 -0.9610609 -0.0486189
v 0.0244447 0.0057346 -0.0048961 1.000000 1.000000 1.000000
vn -0.2647793 -0.9610626 -0.0790614
v 0.0227752 0.0066592 -0.0105440 1.000000 1.000000 1.000000
vn -0.5492914 -0.8286623 0.1076931
v -0.0946625 -0.0453216 -0.0015250 1.000000 1.000000 1.000000
vn -0.4904767 -0.8616441 -0.1303923
v -0.0934563 -0.0461534 -0.0045411 1.000000 1.000000 1.000000
vn -0.3127910 -0.9466846 -0.0771364
v -0.0915932 -0.0470342 -0.0042658 1.000000 1.000000 1.000000
vn -0.4939219 -0.8277556 0.2661991
v -0.0939145 -0.0453960 0.0009156 1.000000 1.000000 1.000000
vn -0.2116523 -0.9420391 0.2603183
v -0.0907543 -0.0467661 0.0004954 1.000000 1.000000 1.000000
vn -0.6580843 -0.7487838 -0.0790428
v -0.0957376 -0.0446506 -0.0034739 1.000000 1.000000 1.000000
vn -0.0961796 -0.9947360 -0.0353545
v -0.0893156 -0.0474826 -0.0040290 1.000000 1.000000 1.000000
vn -0.3056830 -0.8565649 0.4157578
v -0.0923513 -0.0453548 0.0025481 1.000000 1.000000 1.000000
vn -0.7446059 -0.6601152 0.0990460
v -0.0970657 -0.0432547 -0.0016933 1.000000 1.000000 1.000000
vn -0.7172600 -0.6102286 0.3363915
v -0.0963489 -0.0433295 0.0007928 1.000000 1.000000 1.000000
vn -0.5658474 -0.7112675 0.4170316
v -0.0942315 -0.0445067 0.0021548 1.000000 1.000000 1.000000
vn -0.6063733 -0.6983230 -0.3803374
v -0.0947013 -0.0446616 -0.0063141 1.000000 1.000000 1.000000
vn -0.8524746 -0.4972645 -0.1612921
v -0.0977435 -0.0423416 -0.0040774 1.000000 1.000000 1.000000
vn -0.3897853 -0.8338785 -0.3907866
v -0.0923723 -0.0459542 -0.0068122 1.000000 1.000000 1.000000
vn -0.8978601 -0.4256282 0.1126407
v -0.0979546 -0.0420212 -0.0016099 1.000000 1.000000 1.000000
vn -0.8133890 -0.4376874 -0.3831815
v -0.0973082 -0.0419637 -0.0058735 1.000000 1.000000 1.000000
vn -0.0965835 -0.9349768 -0.3413065
v -0.0891802 -0.0470946 -0.0064042 1.000000 1.000000 1.000000
vn -0.0295874 -0.9980403 0.0551375
v -0.0873579 -0.0475115 -0.0029115 1.000000 1.000000 1.000000
vn -0.0415174 -0.9815319 0.1867392
v -0.0870928 -0.0471252 -0.0005783 1.000000 1.000000 1.000000
vn -0.0911438 -0.9246761 0.3696848
v -0.0891606 -0.0465447 0.0014907 1.000000 1.000000 1.000000
vn 0.0327321 -0.9700834 -0.2405551
v -0.0868446 -0.0471483 -0.0060419 1.000000 1.000000 1.000000
vn -0.1765130 -0.8638989 -0.4717223
v -0.0894529 -0.0460471 -0.0082859 1.000000 1.000000 1.000000
vn -0.4296451 -0.7496062 -0.5034835
v -0.0922322 -0.0450617 -0.0083907 1.000000 1.000000 1.000000
vn -0.7140672 -0.5210145 -0.4676023
v -0.0964452 -0.0421191 -0.0071696 1.000000 1.000000 1.000000
vn -0.1477602 -0.8482001 0.5086489
v -0.0897987 -0.0456347 0.0028228 1.000000 1.000000 1.000000
vn -0.5864516 -0.6115134 -0.5311554
v -0.0944716 -0.0426557 -0.0088771 1.000000 1.000000 1.000000
vn -0.8571145 -0.3688710 0.3595677
v -0.0973038 -0.0418508 0.0006917 1.000000 1.000000 1.000000
vn -0.6790798 -0.5439318 0.4929390
v -0.0955284 -0.0427535 0.0025587 1.000000 1.000000 1.000000
vn -0.9804289 -0.1300741 -0.1477835
v -0.0984126 -0.0400570 -0.0045016 1.000000 1.000000 1.000000
vn -0.9815531 -0.1346212 0.1357597
v -0.0984324 -0.0401760 -0.0010994 1.000000 1.000000 1.000000
vn -0.8641097 -0.2512075 -0.4361298
v -0.0974410 -0.0399349 -0.0067791 1.000000 1.000000 1.000000
vn -0.8955259 -0.1589101 0.4156691
v -0.0971664 -0.0402764 0.0015898 1.000000 1.000000 1.000000
vn -0.9777460 0.2097502 -0.0041904
v -0.0979283 -0.0378802 -0.0038095 1.000000 1.000000 1.000000
vn -0.9796322 0.2004137 -0.0124506
v -0.0979054 -0.0376782 -0.0023616 1.000000 1.000000 1.000000
vn -0.4253574 0.6588147 0.6205113
v -0.0579483 0.0329706 0.0129917 1.000000 1.000000 1.000000
vn -0.4646255 0.6123965 0.6396043
v -0.0619879 0.0301833 0.0130293 1.000000 1.000000 1.000000
vn -0.3787949 0.5400571 0.7515669
v -0.0591622 0.0309673 0.0142866 1.000000 1.000000 1.000000
vn -0.2931759 0.4700233 0.8325419
v -0.0537249 0.0343373 0.0143708 1.000000 1.000000 1.000000
vn -0.4183651 0.4958892 0.7609630
v -0.0631911 0.0280840 0.0141146 1.000000 1.000000 1.000000
vn -0.4994698 0.5570614 0.6634852
v -0.0660326 0.0270581 0.0128381 1.000000 1.000000 1.000000
vn -0.4381272 0.4426442 0.7823750
v -0.0671386 0.0246181 0.0140063 1.000000 1.000000 1.000000
vn -0.5112023 0.4887219 0.7069817
v -0.0689117 0.0242825 0.0129564 1.000000 1.000000 1.000000
vn -0.4563988 0.3763608 0.8062585
v -0.0710168 0.0204685 0.0139405 1.000000 1.000000 1.000000
vn -0.5244496 0.4624179 0.7149282
v -0.0715335 0.0217442 0.0127364 1.000000 1.000000 1.000000
vn -0.5236681 0.3836768 0.7606339
v -0.0740017 0.0188094 0.0127308 1.000000 1.000000 1.000000
vn -0.4565188 0.2948259 0.8394452
v -0.0738689 0.0164101 0.0139741 1.000000 1.000000 1.000000
vn -0.5210274 0.3117643 0.7945650
v -0.0759316 0.0158585 0.0128293 1.000000 1.000000 1.000000
vn -0.3166483 0.3194697 0.8931254
v -0.0638431 0.0236062 0.0157631 1.000000 1.000000 1.000000
vn -0.2755832 0.3521907 0.8944359
v -0.0587856 0.0283143 0.0156460 1.000000 1.000000 1.000000
vn -0.3499299 0.2567657 0.9008998
v -0.0683326 0.0184082 0.0157551 1.000000 1.000000 1.000000
vn -0.2546723 0.3867888 0.8863050
v -0.0542399 0.0314363 0.0156773 1.000000 1.000000 1.000000
vn -0.2331826 0.4200007 0.8770549
v -0.0502488 0.0342999 0.0155041 1.000000 1.000000 1.000000
vn -0.2920017 0.2275252 0.9289604
v -0.0653739 0.0179862 0.0169221 1.000000 1.000000 1.000000
vn -0.2399977 0.2533517 0.9371307
v -0.0607984 0.0216727 0.0172917 1.000000 1.000000 1.000000
vn -0.1984854 0.3086333 0.9302414
v -0.0516347 0.0295104 0.0170564 1.000000 1.000000 1.000000
vn -0.2095554 0.2690142 0.9400627
v -0.0556209 0.0247444 0.0176152 1.000000 1.000000 1.000000
vn -0.3674540 0.1942227 0.9095357
v -0.0721635 0.0124176 0.0156944 1.000000 1.000000 1.000000
vn -0.1575810 0.3462652 0.9248074
v -0.0435526 0.0343859 0.0168967 1.000000 1.000000 1.000000
vn -0.2048070 0.4705757 0.8582614
v -0.0445614 0.0369660 0.0155906 1.000000 1.000000 1.000000
vn -0.1459730 0.2816597 0.9483458
v -0.0453182 0.0309280 0.0177617 1.000000 1.000000 1.000000
vn -0.3197849 0.1575329 0.9343024
v -0.0699843 0.0109372 0.0168169 1.000000 1.000000 1.000000
vn -0.1480918 0.2234130 0.9634082
v -0.0505586 0.0252875 0.0184180 1.000000 1.000000 1.000000
vn -0.2632307 0.1641205 0.9506704
v -0.0650141 0.0147897 0.0176976 1.000000 1.000000 1.000000
vn -0.1998627 0.1667780 0.9655257
v -0.0608728 0.0168338 0.0183352 1.000000 1.000000 1.000000
vn -0.1479089 0.1786128 0.9727386
v -0.0542524 0.0216335 0.0186278 1.000000 1.000000 1.000000
vn -0.4553161 0.2171475 0.8634433
v -0.0764036 0.0116744 0.0140256 1.000000 1.000000 1.000000
vn -0.1410339 0.4075546 0.9022243
v -0.0361185 0.0388170 0.0163074 1.000000 1.000000 1.000000
vn -0.0980121 0.3015966 0.9483845
v -0.0342101 0.0357757 0.0176876 1.000000 1.000000 1.000000
vn -0.1028032 0.2028761 0.9737930
v -0.0438517 0.0281044 0.0186633 1.000000 1.000000 1.000000
vn -0.0868609 0.2260868 0.9702268
v -0.0374306 0.0314004 0.0185555 1.000000 1.000000 1.000000
vn -0.1856976 0.0971189 0.9777957
v -0.0627423 0.0126059 0.0185283 1.000000 1.000000 1.000000
vn -0.2756557 0.0855871 0.9574387
v -0.0695904 0.0073038 0.0174347 1.000000 1.000000 1.000000
vn -0.1094568 0.1004605 0.9889019
v -0.0573162 0.0167069 0.0189293 1.000000 1.000000 1.000000
vn -0.0854547 0.1294070 0.9879025
v -0.0481273 0.0239033 0.0189816 1.000000 1.000000 1.000000
vn -0.0893065 0.3629227 0.9275298
v -0.0255215 0.0404895 0.0168784 1.000000 1.000000 1.000000
vn -0.0471910 0.2948678 0.9543720
v -0.0204813 0.0396318 0.0175254 1.000000 1.000000 1.000000
vn -0.0514641 0.2244418 0.9731276
v -0.0279909 0.0340247 0.0186265 1.000000 1.000000 1.000000
vn -0.0555296 0.1288907 0.9901029
v -0.0387953 0.0281009 0.0190699 1.000000 1.000000 1.000000
vn -0.0391200 0.1418512 0.9891147
v -0.0302897 0.0310803 0.0190657 1.000000 1.000000 1.000000
vn -0.0430697 0.3640048 0.9304007
v -0.0142667 0.0426338 0.0167820 1.000000 1.000000 1.000000
vn -0.0195122 0.1832119 0.9828798
v -0.0208662 0.0343573 0.0188017 1.000000 1.000000 1.000000
vn -0.0167040 0.2605779 0.9653083
v -0.0126462 0.0400777 0.0176407 1.000000 1.000000 1.000000
vn -0.0031298 0.3330317 0.9429105
v -0.0027349 0.0431653 0.0168180 1.000000 1.000000 1.000000
vn 0.0072095 0.2520923 0.9676764
v -0.0021420 0.0403605 0.0176549 1.000000 1.000000 1.000000
vn 0.0039359 0.1946385 0.9808671
v -0.0026593 0.0380465 0.0181688 1.000000 1.000000 1.000000
vn -0.0841650 0.0362176 0.9957935
v -0.0585125 0.0132645 0.0190449 1.000000 1.000000 1.000000
vn 0.0004231 0.1470989 0.9891217
v -0.0096897 0.0339952 0.0188693 1.000000 1.000000 1.000000
vn 0.0227726 0.2013728 0.9792500
v 0.0088245 0.0365286 0.0182925 1.000000 1.000000 1.000000
vn 0.0071206 0.1330500 0.9910837
v 0.0008547 0.0336837 0.0188965 1.000000 1.000000 1.000000
vn 0.0139403 0.1434059 0.9895658
v 0.0103370 0.0330504 0.0189119 1.000000 1.000000 1.000000
vn -0.0018513 0.0797658 0.9968119
v -0.0204138 0.0305632 0.0193062 1.000000 1.000000 1.000000
vn -0.0161764 0.0501191 0.9986123
v -0.0329068 0.0274979 0.0193314 1.000000 1.000000 1.000000
vn -0.0216269 0.0321016 0.9992507
v -0.0433452 0.0227712 0.0193095 1.000000 1.000000 1.000000
vn -0.0060349 0.0025799 0.9999785
v -0.0372236 0.0246058 0.0193609 1.000000 1.000000 1.000000
vn -0.0104646 0.0003354 0.9999452
v -0.0495616 0.0182963 0.0192784 1.000000 1.000000 1.000000
vn -0.1443207 0.0291551 0.9891014
v -0.0632382 0.0096412 0.0186530 1.000000 1.000000 1.000000
vn 0.0322683 0.2599366 0.9650864
v 0.0080965 0.0402699 0.0174696 1.000000 1.000000 1.000000
vn 0.0346311 0.3339534 0.9419532
v 0.0065142 0.0428502 0.0167257 1.000000 1.000000 1.000000
vn 0.0385543 0.1778392 0.9833040
v 0.0164708 0.0339466 0.0185891 1.000000 1.000000 1.000000
vn 0.0037734 0.0569937 0.9983674
v -0.0004316 0.0303890 0.0192015 1.000000 1.000000 1.000000
vn 0.0145315 0.0913352 0.9957142
v 0.0139785 0.0303269 0.0191780 1.000000 1.000000 1.000000
vn 0.0591418 0.1519024 0.9866245
v 0.0246388 0.0301655 0.0188117 1.000000 1.000000 1.000000
vn 0.0392271 0.0882449 0.9953262
v 0.0233971 0.0281175 0.0191239 1.000000 1.000000 1.000000
vn 0.0586631 0.0848700 0.9946637
v 0.0357235 0.0236735 0.0188695 1.000000 1.000000 1.000000
vn 0.0832835 0.1293036 0.9881015
v 0.0391989 0.0249034 0.0184810 1.000000 1.000000 1.000000
vn 0.0934943 0.0949283 0.9910840
v 0.0450889 0.0205710 0.0184330 1.000000 1.000000 1.000000
vn 0.0323485 -0.0296677 0.9990363
v 0.0427094 0.0184435 0.0187569 1.000000 1.000000 1.000000
vn 0.0565377 -0.0391813 0.9976314
v 0.0479905 0.0161571 0.0184801 1.000000 1.000000 1.000000
vn 0.1204277 0.0955966 0.9881086
v 0.0529720 0.0181174 0.0178285 1.000000 1.000000 1.000000
vn 0.1132949 0.0255135 0.9932338
v 0.0557662 0.0145615 0.0177289 1.000000 1.000000 1.000000
vn 0.1141872 0.1567119 0.9810212
v 0.0448084 0.0260839 0.0177700 1.000000 1.000000 1.000000
vn 0.0883052 0.2055915 0.9746457
v 0.0341276 0.0333355 0.0175423 1.000000 1.000000 1.000000
vn 0.0593084 0.2288746 0.9716476
v 0.0199512 0.0362994 0.0179315 1.000000 1.000000 1.000000
vn 0.1723184 0.1051164 0.9794166
v 0.0628668 0.0159794 0.0166356 1.000000 1.000000 1.000000
vn 0.1695677 0.0266662 0.9851577
v 0.0641490 0.0122614 0.0166995 1.000000 1.000000 1.000000
vn -0.2025748 -0.0229795 0.9789972
v -0.0685908 0.0043300 0.0178320 1.000000 1.000000 1.000000
vn 0.1539174 0.1574813 0.9754533
v 0.0570806 0.0220851 0.0167613 1.000000 1.000000 1.000000
vn 0.1361549 0.2239189 0.9650504
v 0.0450509 0.0304908 0.0169118 1.000000 1.000000 1.000000
vn 0.1251939 0.2507049 0.9599342
v 0.0391839 0.0340425 0.0168181 1.000000 1.000000 1.000000
vn 0.2196297 0.1450594 0.9647386
v 0.0707616 0.0168006 0.0148909 1.000000 1.000000 1.000000
vn 0.2083417 0.0575191 0.9763633
v 0.0728323 0.0128031 0.0148153 1.000000 1.000000 1.000000
vn 0.2340014 0.1037001 0.9666901
v 0.0782154 0.0132352 0.0136203 1.000000 1.000000 1.000000
vn 0.2269028 -0.0015330 0.9739162
v 0.0801327 0.0097308 0.0133525 1.000000 1.000000 1.000000
vn 0.3851351 0.2250709 0.8949938
v 0.0823494 0.0119510 0.0126977 1.000000 1.000000 1.000000
vn 0.2046413 0.1896355 0.9602918
v 0.0632330 0.0216281 0.0157016 1.000000 1.000000 1.000000
vn 0.3651453 0.0865655 0.9269171
v 0.0842772 0.0092382 0.0123167 1.000000 1.000000 1.000000
vn 0.1813871 0.2418840 0.9532003
v 0.0575620 0.0264718 0.0158107 1.000000 1.000000 1.000000
vn -0.3373525 0.0430566 0.9403932
v -0.0744779 0.0032161 0.0161250 1.000000 1.000000 1.000000
vn -0.2860963 -0.0758000 0.9551980
v -0.0743914 -0.0002728 0.0161269 1.000000 1.000000 1.000000
vn 0.0825041 0.2838345 0.9553173
v 0.0259368 0.0381028 0.0170120 1.000000 1.000000 1.000000
vn 0.1071270 0.3049612 0.9463205
v 0.0338011 0.0369522 0.0166406 1.000000 1.000000 1.000000
vn 0.0578998 0.3073586 0.9498307
v 0.0161084 0.0408735 0.0169044 1.000000 1.000000 1.000000
vn 0.3492666 0.3306900 0.8767309
v 0.0757097 0.0176673 0.0134890 1.000000 1.000000 1.000000
vn 0.3470852 0.2995572 0.8887054
v 0.0785601 0.0154843 0.0131549 1.000000 1.000000 1.000000
vn 0.3283043 0.3844627 0.8627889
v 0.0708381 0.0212739 0.0139316 1.000000 1.000000 1.000000
vn 0.2387299 0.3321711 0.9125078
v 0.0595089 0.0268444 0.0152834 1.000000 1.000000 1.000000
vn 0.2880549 0.3531181 0.8901303
v 0.0662483 0.0238188 0.0144482 1.000000 1.000000 1.000000
vn 0.1817748 0.2946984 0.9381422
v 0.0505396 0.0306051 0.0159474 1.000000 1.000000 1.000000
vn -0.4315305 -0.0161962 0.9019530
v -0.0788705 -0.0004440 0.0145047 1.000000 1.000000 1.000000
vn -0.3863998 -0.1825978 0.9040759
v -0.0785725 -0.0032688 0.0143498 1.000000 1.000000 1.000000
vn 0.1991570 0.3885680 0.8996396
v 0.0467400 0.0333520 0.0158244 1.000000 1.000000 1.000000
vn 0.1988944 0.4769388 0.8561369
v 0.0392214 0.0364958 0.0160738 1.000000 1.000000 1.000000
vn 0.2527187 0.4273150 0.8680640
v 0.0540078 0.0303799 0.0152870 1.000000 1.000000 1.000000
vn -0.3768569 0.1232987 0.9180285
v -0.0746997 0.0062401 0.0157364 1.000000 1.000000 1.000000
vn 0.0789007 0.3193014 0.9443629
v 0.0218823 0.0417503 0.0161434 1.000000 1.000000 1.000000
vn 0.1024929 0.3463771 0.9324796
v 0.0310429 0.0392915 0.0160957 1.000000 1.000000 1.000000
vn 0.0142763 0.3607059 0.9325703
v 0.0003601 0.0450417 0.0160842 1.000000 1.000000 1.000000
vn 0.0630531 0.3536890 0.9332355
v 0.0166947 0.0429557 0.0160767 1.000000 1.000000 1.000000
vn 0.0515362 0.3671991 0.9287136
v 0.0084450 0.0442734 0.0160558 1.000000 1.000000 1.000000
vn -0.0276265 0.4030683 0.9147528
v -0.0107276 0.0448830 0.0159669 1.000000 1.000000 1.000000
vn -0.4527139 0.1104889 0.8847837
v -0.0789385 0.0041876 0.0140958 1.000000 1.000000 1.000000
vn -0.0967744 0.4834677 0.8699964
v -0.0232863 0.0429646 0.0159955 1.000000 1.000000 1.000000
vn 0.2407887 0.4079411 0.8806844
v 0.0481769 0.0334015 0.0154023 1.000000 1.000000 1.000000
vn -0.5919448 -0.1411412 0.7935241
v -0.0813875 -0.0030516 0.0128411 1.000000 1.000000 1.000000
vn 0.2754325 0.3925622 0.8775146
v 0.0611614 0.0271101 0.0146551 1.000000 1.000000 1.000000
vn -0.1773118 0.5506750 0.8156700
v -0.0354681 0.0408921 0.0153285 1.000000 1.000000 1.000000
vn -0.6279253 0.1751433 0.7583104
v -0.0809250 0.0048665 0.0128841 1.000000 1.000000 1.000000
vn -0.6424244 0.0112090 0.7662671
v -0.0820053 0.0000897 0.0126204 1.000000 1.000000 1.000000
vn -0.5065656 0.2170148 0.8344435
v -0.0781910 0.0113685 0.0130251 1.000000 1.000000 1.000000
vn -0.1310253 0.4931453 0.8600233
v -0.0287534 0.0430049 0.0151644 1.000000 1.000000 1.000000
vn 0.2839379 0.4511124 0.8460950
v 0.0581853 0.0290732 0.0145586 1.000000 1.000000 1.000000
vn -0.0786632 0.5066382 0.8585626
v -0.0193270 0.0447450 0.0153077 1.000000 1.000000 1.000000
vn 0.4906029 0.2741574 0.8271315
v 0.0847959 0.0112996 0.0114433 1.000000 1.000000 1.000000
vn 0.4842445 0.1621438 0.8597772
v 0.0869238 0.0085480 0.0110182 1.000000 1.000000 1.000000
vn 0.3726110 0.0125887 0.9279023
v 0.0869302 0.0059887 0.0114032 1.000000 1.000000 1.000000
vn 0.4944035 0.0261213 0.8688400
v 0.0888157 0.0046060 0.0105799 1.000000 1.000000 1.000000
vn -0.2421029 0.4869551 0.8392025
v -0.0489832 0.0365546 0.0145942 1.000000 1.000000 1.000000
vn 0.2507248 0.5438597 0.8008457
v 0.0436560 0.0355277 0.0153343 1.000000 1.000000 1.000000
vn 0.4527030 0.3991572 0.7973290
v 0.0801640 0.0154993 0.0122751 1.000000 1.000000 1.000000
vn 0.5021842 0.4012655 0.7660268
v 0.0823857 0.0141708 0.0115111 1.000000 1.000000 1.000000
vn 0.4047776 0.4505136 0.7957340
v 0.0736041 0.0203574 0.0130909 1.000000 1.000000 1.000000
vn 0.3667023 0.4906090 0.7904633
v 0.0670927 0.0242444 0.0138472 1.000000 1.000000 1.000000
vn 0.6035596 0.1620472 0.7806771
v 0.0896437 0.0060050 0.0096493 1.000000 1.000000 1.000000
vn -0.2127267 0.5466162 0.8099124
v -0.0417132 0.0396006 0.0145826 1.000000 1.000000 1.000000
vn 0.2982466 0.5386348 0.7879857
v 0.0537777 0.0313423 0.0147163 1.000000 1.000000 1.000000
vn 0.5859641 0.0016923 0.8103352
v 0.0913726 0.0027699 0.0087492 1.000000 1.000000 1.000000
vn -0.6090055 0.2325720 0.7583025
v -0.0804049 0.0077953 0.0124035 1.000000 1.000000 1.000000
vn -0.0171385 0.6144186 0.7887940
v -0.0068578 0.0457522 0.0153739 1.000000 1.000000 1.000000
vn -0.6843950 0.1191921 0.7193030
v -0.0821355 0.0029137 0.0120967 1.000000 1.000000 1.000000
vn 0.4538016 0.4808170 0.7502527
v 0.0763261 0.0190215 0.0122483 1.000000 1.000000 1.000000
vn 0.2195703 0.6189809 0.7540899
v 0.0377014 0.0378221 0.0154277 1.000000 1.000000 1.000000
vn -0.1898729 0.6311718 0.7520441
v -0.0346801 0.0420149 0.0145850 1.000000 1.000000 1.000000
vn 0.4302800 0.5655440 0.7035760
v 0.0684018 0.0242501 0.0130293 1.000000 1.000000 1.000000
vn -0.7930934 -0.0145400 0.6089265
v -0.0828932 -0.0000944 0.0116439 1.000000 1.000000 1.000000
vn 0.0095411 -0.2012472 0.9794940
v -0.0061540 0.0213824 0.0182317 1.000000 1.000000 1.000000
vn 0.0389255 -0.2359205 0.9709924
v -0.0166294 0.0182269 0.0177938 1.000000 1.000000 1.000000
vn 0.0073469 -0.2541050 0.9671488
v -0.0050161 0.0184884 0.0175530 1.000000 1.000000 1.000000
vn 0.0288940 -0.1788382 0.9834542
v -0.0153365 0.0225792 0.0186618 1.000000 1.000000 1.000000
vn 0.0497734 -0.1858300 0.9813204
v -0.0309927 0.0192403 0.0186267 1.000000 1.000000 1.000000
vn 0.0279418 -0.1230961 0.9920014
v -0.0311925 0.0216127 0.0190313 1.000000 1.000000 1.000000
vn 0.0209137 -0.1162467 0.9930002
v -0.0151637 0.0251446 0.0190689 1.000000 1.000000 1.000000
vn 0.0076819 -0.1354409 0.9907557
v -0.0073278 0.0252850 0.0189654 1.000000 1.000000 1.000000
vn 0.0549946 -0.2718922 0.9607551
v -0.0249377 0.0152099 0.0174286 1.000000 1.000000 1.000000
vn 0.0793242 -0.2288781 0.9702178
v -0.0334326 0.0149488 0.0178811 1.000000 1.000000 1.000000
vn 0.0515680 -0.1336599 0.9896847
v -0.0408088 0.0179219 0.0189350 1.000000 1.000000 1.000000
vn 0.1009220 -0.2284394 0.9683131
v -0.0390039 0.0116642 0.0176203 1.000000 1.000000 1.000000
vn -0.0147180 -0.1252788 0.9920124
v 0.0082583 0.0249220 0.0189226 1.000000 1.000000 1.000000
vn -0.0235200 -0.2254591 0.9739687
v 0.0086012 0.0199158 0.0179886 1.000000 1.000000 1.000000
vn 0.0101941 -0.0661990 0.9977544
v -0.0257914 0.0252686 0.0192930 1.000000 1.000000 1.000000
vn 0.0690871 -0.1264141 0.9895688
v -0.0450214 0.0153233 0.0188736 1.000000 1.000000 1.000000
vn 0.1218285 -0.2083658 0.9704337
v -0.0436329 0.0101414 0.0178088 1.000000 1.000000 1.000000
vn 0.0878372 -0.1328063 0.9872422
v -0.0483424 0.0120547 0.0186777 1.000000 1.000000 1.000000
vn 0.0007968 -0.0184128 0.9998302
v -0.0538060 0.0144144 0.0192182 1.000000 1.000000 1.000000
vn 0.0181627 -0.0633997 0.9978229
v -0.0399916 0.0216445 0.0192523 1.000000 1.000000 1.000000
vn -0.0065365 -0.0188913 0.9998002
v 0.0098529 0.0288958 0.0192153 1.000000 1.000000 1.000000
vn 0.0093090 -0.0353459 0.9993318
v -0.0130317 0.0283043 0.0192799 1.000000 1.000000 1.000000
vn 0.0046350 -0.0068203 0.9999660
v -0.0229799 0.0280251 0.0193982 1.000000 1.000000 1.000000
vn 0.0856508 -0.1280951 0.9880565
v -0.0529614 0.0093118 0.0187898 1.000000 1.000000 1.000000
vn -0.0079963 -0.0602176 0.9981533
v -0.0577892 0.0093969 0.0190565 1.000000 1.000000 1.000000
vn 0.0471219 -0.1543142 0.9868975
v -0.0581568 0.0054630 0.0186204 1.000000 1.000000 1.000000
vn -0.0764019 -0.0860049 0.9933609
v -0.0638080 0.0044710 0.0185028 1.000000 1.000000 1.000000
vn 0.0157300 -0.1765071 0.9841737
v -0.0616371 0.0029275 0.0183172 1.000000 1.000000 1.000000
vn -0.0146984 -0.0778136 0.9968596
v 0.0180663 0.0254103 0.0192077 1.000000 1.000000 1.000000
vn -0.0270033 -0.1673644 0.9855253
v 0.0189095 0.0220532 0.0188519 1.000000 1.000000 1.000000
vn -0.0200301 -0.1380326 0.9902251
v 0.0275120 0.0216583 0.0189407 1.000000 1.000000 1.000000
vn 0.0163754 -0.0132478 0.9997782
v 0.0267702 0.0245891 0.0191825 1.000000 1.000000 1.000000
vn 0.0185081 -0.0242340 0.9995350
v 0.0348631 0.0215880 0.0190164 1.000000 1.000000 1.000000
vn 0.0053889 0.0170028 0.9998410
v 0.0177237 0.0276624 0.0193137 1.000000 1.000000 1.000000
vn -0.0289198 -0.1599107 0.9867078
v 0.0341437 0.0188721 0.0187289 1.000000 1.000000 1.000000
vn -0.0094638 -0.1747479 0.9845677
v 0.0459064 0.0141719 0.0182208 1.000000 1.000000 1.000000
vn 0.0585753 -0.1035230 0.9929008
v 0.0544266 0.0128080 0.0177990 1.000000 1.000000 1.000000
vn 0.0993466 -0.0541000 0.9935811
v 0.0583309 0.0123473 0.0174315 1.000000 1.000000 1.000000
vn 0.0357171 -0.1749256 0.9839336
v 0.0577736 0.0090023 0.0170543 1.000000 1.000000 1.000000
vn 0.1226164 -0.0850050 0.9888070
v 0.0638993 0.0090342 0.0166497 1.000000 1.000000 1.000000
vn 0.1000322 -0.1583488 0.9823030
v 0.0655297 0.0045053 0.0158505 1.000000 1.000000 1.000000
vn 0.0429956 -0.2061162 0.9775825
v 0.0640765 0.0029903 0.0156930 1.000000 1.000000 1.000000
vn -0.0806112 -0.1948029 0.9775243
v -0.0664923 0.0001034 0.0176809 1.000000 1.000000 1.000000
vn -0.0196108 -0.2489871 0.9683083
v 0.0492179 0.0097937 0.0172921 1.000000 1.000000 1.000000
vn -0.0200366 -0.2512995 0.9677020
v 0.0539107 0.0063655 0.0164455 1.000000 1.000000 1.000000
vn -0.0472562 -0.2416046 0.9692234
v 0.0277959 0.0166895 0.0179396 1.000000 1.000000 1.000000
vn -0.0371334 -0.2494382 0.9676785
v 0.0152434 0.0185330 0.0178951 1.000000 1.000000 1.000000
vn 0.1593924 -0.1030948 0.9818175
v 0.0692645 0.0051093 0.0154407 1.000000 1.000000 1.000000
vn 0.1194016 -0.2296915 0.9659115
v -0.0552100 0.0030898 0.0179026 1.000000 1.000000 1.000000
vn -0.0405183 -0.2413948 0.9695808
v 0.0452983 0.0121432 0.0177597 1.000000 1.000000 1.000000
vn 0.0660101 -0.2866952 0.9557450
v -0.0607602 -0.0007473 0.0174774 1.000000 1.000000 1.000000
vn 0.1544478 -0.1657058 0.9740059
v 0.0734779 -0.0003489 0.0140116 1.000000 1.000000 1.000000
vn 0.0697924 -0.2235814 0.9721833
v 0.0664469 -0.0003384 0.0147991 1.000000 1.000000 1.000000
vn 0.1312323 -0.2226042 0.9660360
v 0.0737320 -0.0035102 0.0133358 1.000000 1.000000 1.000000
vn -0.0107388 -0.2918423 0.9564062
v 0.0628648 -0.0029195 0.0142352 1.000000 1.000000 1.000000
vn 0.0391847 -0.2881413 0.9567859
v 0.0664546 -0.0038019 0.0139179 1.000000 1.000000 1.000000
vn -0.1915918 -0.1366671 0.9719129
v -0.0709463 -0.0000189 0.0169969 1.000000 1.000000 1.000000
vn 0.1977824 -0.0760585 0.9772908
v 0.0725316 0.0047236 0.0148063 1.000000 1.000000 1.000000
vn 0.2129690 -0.1317997 0.9681286
v 0.0780173 -0.0002927 0.0131560 1.000000 1.000000 1.000000
vn 0.0952431 -0.3319454 0.9384781
v -0.0308399 0.0124492 0.0169966 1.000000 1.000000 1.000000
vn -0.0470116 -0.2845561 0.9575061
v 0.0561877 -0.0007279 0.0146092 1.000000 1.000000 1.000000
vn 0.0454164 -0.3352038 0.9410504
v -0.0148209 0.0154290 0.0169343 1.000000 1.000000 1.000000
vn -0.0073291 -0.3455839 0.9383593
v -0.0651858 -0.0042251 0.0164885 1.000000 1.000000 1.000000
vn 0.0232086 -0.3290439 0.9440294
v -0.0080245 0.0157937 0.0168023 1.000000 1.000000 1.000000
vn -0.0061826 -0.3134541 0.9495833
v -0.0001387 0.0160595 0.0168385 1.000000 1.000000 1.000000
vn -0.0345348 -0.3024980 0.9525242
v 0.0092094 0.0152494 0.0167372 1.000000 1.000000 1.000000
vn -0.0546883 -0.2930118 0.9545435
v 0.0260963 0.0135336 0.0169215 1.000000 1.000000 1.000000
vn -0.0592392 -0.2858482 0.9564421
v 0.0448240 0.0089273 0.0168156 1.000000 1.000000 1.000000
vn -0.0696306 -0.3051052 0.9497697
v 0.0487700 0.0009784 0.0146638 1.000000 1.000000 1.000000
vn 0.2086211 -0.1988143 0.9575751
v 0.0785587 -0.0036727 0.0124329 1.000000 1.000000 1.000000
vn 0.2007201 -0.0167082 0.9795062
v 0.0703790 0.0089630 0.0154280 1.000000 1.000000 1.000000
vn 0.0381106 -0.3483038 0.9366067
v 0.0685266 -0.0063578 0.0129971 1.000000 1.000000 1.000000
vn 0.1142714 -0.3119733 0.9431939
v 0.0743293 -0.0068025 0.0124243 1.000000 1.000000 1.000000
vn 0.1981074 -0.2745542 0.9409429
v 0.0785500 -0.0064998 0.0117710 1.000000 1.000000 1.000000
vn 0.1661157 -0.3059789 0.9374340
v -0.0419442 0.0079185 0.0169917 1.000000 1.000000 1.000000
vn 0.1365396 -0.3466961 0.9279864
v -0.0359982 0.0099950 0.0167615 1.000000 1.000000 1.000000
vn 0.1569462 -0.3356007 0.9288380
v -0.0557054 0.0000330 0.0170994 1.000000 1.000000 1.000000
vn 0.1924124 -0.3141493 0.9296708
v -0.0495973 0.0035781 0.0170794 1.000000 1.000000 1.000000
vn -0.1195987 -0.3116671 0.9426345
v -0.0698020 -0.0035455 0.0163924 1.000000 1.000000 1.000000
vn -0.1116230 -0.3664892 0.9237023
v 0.0410931 0.0028885 0.0146229 1.000000 1.000000 1.000000
vn -0.0629839 -0.3310932 0.9414937
v 0.0247257 0.0108431 0.0159657 1.000000 1.000000 1.000000
vn -0.0777613 -0.3126853 0.9466684
v 0.0380800 0.0063707 0.0155106 1.000000 1.000000 1.000000
vn -0.0983602 -0.3977626 0.9122007
v 0.0552970 -0.0033294 0.0137121 1.000000 1.000000 1.000000
vn -0.1371045 -0.4577649 0.8784382
v 0.0487026 -0.0013997 0.0138148 1.000000 1.000000 1.000000
vn 0.0753689 -0.3769993 0.9231420
v -0.0248159 0.0134217 0.0168100 1.000000 1.000000 1.000000
vn -0.2398860 -0.2455289 0.9392392
v -0.0748657 -0.0034343 0.0155261 1.000000 1.000000 1.000000
vn 0.2323855 -0.0656366 0.9704065
v 0.0800358 0.0055231 0.0131491 1.000000 1.000000 1.000000
vn -0.0766090 -0.4919128 0.8672675
v 0.0623620 -0.0064222 0.0129598 1.000000 1.000000 1.000000
vn -0.0405408 -0.3942738 0.9180984
v 0.0069979 0.0134293 0.0159762 1.000000 1.000000 1.000000
vn -0.0018940 -0.4618235 0.8869699
v -0.0049008 0.0140938 0.0160558 1.000000 1.000000 1.000000
vn 0.2581353 -0.1300333 0.9573179
v 0.0825223 -0.0004948 0.0120115 1.000000 1.000000 1.000000
vn -0.1339850 -0.4574675 0.8790742
v 0.0345309 0.0046710 0.0145828 1.000000 1.000000 1.000000
vn 0.2958487 -0.1979225 0.9345053
v 0.0848970 -0.0036563 0.0107917 1.000000 1.000000 1.000000
vn 0.2545479 -0.2676708 0.9292781
v 0.0823224 -0.0068868 0.0107356 1.000000 1.000000 1.000000
vn 0.0665430 -0.5143142 0.8550164
v -0.0154560 0.0134924 0.0161180 1.000000 1.000000 1.000000
vn -0.0851664 -0.3773940 0.9221283
v 0.0252068 0.0089804 0.0153078 1.000000 1.000000 1.000000
vn -0.0836563 -0.4896439 0.8679001
v 0.0144395 0.0109607 0.0152834 1.000000 1.000000 1.000000
vn 0.1312129 -0.4409907 0.8878685
v -0.0610355 -0.0048756 0.0159032 1.000000 1.000000 1.000000
vn 0.0162396 -0.5266266 0.8499416
v 0.0710777 -0.0089336 0.0117990 1.000000 1.000000 1.000000
vn 0.1304843 -0.4436056 0.8866724
v 0.0766811 -0.0090863 0.0112036 1.000000 1.000000 1.000000
vn 0.0113615 -0.4641933 0.8856611
v -0.0652449 -0.0064923 0.0155170 1.000000 1.000000 1.000000
vn 0.2075855 -0.4202310 0.8833539
v 0.0817962 -0.0096833 0.0099207 1.000000 1.000000 1.000000
vn 0.3294991 -0.1398957 0.9337342
v 0.0870017 -0.0002688 0.0106740 1.000000 1.000000 1.000000
vn -0.1566206 -0.4201657 0.8938293
v -0.0733395 -0.0065671 0.0146456 1.000000 1.000000 1.000000
vn 0.2388488 -0.4952314 0.8352827
v -0.0396275 0.0068281 0.0160426 1.000000 1.000000 1.000000
vn -0.1538555 -0.5513552 0.8199610
v 0.0254669 0.0072866 0.0145683 1.000000 1.000000 1.000000
vn 0.1837511 -0.5172202 0.8358941
v -0.0329095 0.0096548 0.0160711 1.000000 1.000000 1.000000
vn 0.1296279 -0.5899544 0.7969633
v -0.0260023 0.0113444 0.0159324 1.000000 1.000000 1.000000
vn 0.2385320 -0.4352896 0.8681161
v -0.0536459 -0.0012298 0.0161198 1.000000 1.000000 1.000000
vn 0.1002648 -0.5536780 0.8266726
v -0.0220226 0.0123183 0.0160484 1.000000 1.000000 1.000000
vn -0.0458509 -0.5615834 0.8261487
v 0.0035781 0.0127928 0.0154656 1.000000 1.000000 1.000000
vn 0.3620611 -0.2487005 0.8983651
v 0.0877938 -0.0062752 0.0091481 1.000000 1.000000 1.000000
vn 0.3025421 -0.3418812 0.8897110
v 0.0856814 -0.0093166 0.0089219 1.000000 1.000000 1.000000
vn 0.2948402 -0.5026969 0.8126285
v -0.0457302 0.0032121 0.0159516 1.000000 1.000000 1.000000
vn -0.3012755 -0.3942466 0.8682182
v -0.0778209 -0.0065037 0.0136076 1.000000 1.000000 1.000000
vn -0.2028581 -0.5477320 0.8116885
v 0.0419999 0.0009805 0.0138630 1.000000 1.000000 1.000000
vn -0.1978556 -0.6138101 0.7642580
v 0.0361022 0.0033107 0.0139791 1.000000 1.000000 1.000000
vn -0.1781187 -0.5903451 0.7872525
v 0.0569129 -0.0051294 0.0129825 1.000000 1.000000 1.000000
vn 0.4084746 -0.1499200 0.9003735
v 0.0896020 -0.0009488 0.0095423 1.000000 1.000000 1.000000
vn -0.0943645 -0.5220354 0.8476877
v -0.0707843 -0.0090988 0.0135711 1.000000 1.000000 1.000000
vn 0.2084217 -0.5561252 0.8045404
v 0.0860182 -0.0121183 0.0075232 1.000000 1.000000 1.000000
vn -0.1009312 -0.6748501 0.7310200
v 0.0666727 -0.0088413 0.0117028 1.000000 1.000000 1.000000
vn 0.2505474 -0.5660861 0.7853487
v -0.0587910 -0.0064548 0.0145007 1.000000 1.000000 1.000000
vn -0.2314919 -0.6991575 0.6764542
v 0.0492557 -0.0027438 0.0129969 1.000000 1.000000 1.000000
vn 0.3668337 -0.2453628 0.8973462
v 0.0927436 -0.0104459 0.0056182 1.000000 1.000000 1.000000
vn -0.0222453 -0.5704781 0.8210115
v -0.0670161 -0.0098589 0.0133563 1.000000 1.000000 1.000000
vn -0.1850226 -0.5076697 0.8414500
v -0.0748150 -0.0090762 0.0129733 1.000000 1.000000 1.000000
vn 0.0995675 -0.5954999 0.7971613
v -0.0643238 -0.0096426 0.0134781 1.000000 1.000000 1.000000
vn 0.1102243 -0.6075478 0.7865979
v 0.0786531 -0.0110560 0.0096636 1.000000 1.000000 1.000000
vn 0.2802441 -0.5311115 0.7996148
v -0.0543424 -0.0029990 0.0153029 1.000000 1.000000 1.000000
vn 0.3083022 -0.4081911 0.8592613
v 0.0895921 -0.0121529 0.0061970 1.000000 1.000000 1.000000
vn 0.3112193 -0.3019795 0.9010832
v 0.0934902 -0.0124948 0.0048331 1.000000 1.000000 1.000000
vn 0.5030856 -0.2269454 0.8339069
v 0.0963607 -0.0122837 0.0037090 1.000000 1.000000 1.000000
vn 0.4652255 -0.1834187 0.8659808
v 0.0943477 -0.0082188 0.0054349 1.000000 1.000000 1.000000
vn 0.3045324 -0.4830188 0.8209463
v 0.0944842 -0.0145131 0.0037177 1.000000 1.000000 1.000000
vn 0.1723627 -0.6041629 0.7779963
v 0.0892858 -0.0139366 0.0052793 1.000000 1.000000 1.000000
vn 0.0293490 -0.6157496 0.7873952
v -0.0083259 0.0125184 0.0149710 1.000000 1.000000 1.000000
vn 0.0116186 -0.7078805 0.7062367
v 0.0742189 -0.0108147 0.0103061 1.000000 1.000000 1.000000
vn 0.5227682 -0.1189596 0.8441339
v 0.0920621 -0.0020037 0.0081354 1.000000 1.000000 1.000000
vn -0.0496946 -0.5708711 0.8195345
v -0.0714482 -0.0137659 0.0102752 1.000000 1.000000 1.000000
vn -0.1154603 -0.4581882 0.8813244
v -0.0752755 -0.0147830 0.0092653 1.000000 1.000000 1.000000
vn -0.1512057 -0.6740690 0.7230269
v 0.0151360 0.0098595 0.0146576 1.000000 1.000000 1.000000
vn -0.1036187 -0.7187314 0.6875233
v 0.0077318 0.0111852 0.0146621 1.000000 1.000000 1.000000
vn 0.0694732 -0.5509984 0.8316094
v -0.0706894 -0.0159094 0.0088134 1.000000 1.000000 1.000000
vn 0.0579036 -0.4135205 0.9086518
v -0.0737221 -0.0182233 0.0077853 1.000000 1.000000 1.000000
vn -0.0570710 -0.3175682 0.9465165
v -0.0762810 -0.0193309 0.0073648 1.000000 1.000000 1.000000
vn 0.0518113 -0.3333614 0.9413744
v -0.0768151 -0.0218023 0.0065495 1.000000 1.000000 1.000000
vn -0.1331287 -0.1204472 0.9837527
v -0.0817772 -0.0239292 0.0058248 1.000000 1.000000 1.000000
vn 0.0455180 -0.2261142 0.9730368
v -0.0798907 -0.0250380 0.0057310 1.000000 1.000000 1.000000
vn -0.0502026 -0.1149910 0.9920972
v -0.0833157 -0.0278804 0.0053379 1.000000 1.000000 1.000000
vn 0.2150393 -0.2227724 0.9508578
v -0.0821724 -0.0312577 0.0045889 1.000000 1.000000 1.000000
vn 0.0412744 -0.0883152 0.9952371
v -0.0848946 -0.0319256 0.0048638 1.000000 1.000000 1.000000
vn 0.2311940 -0.3837123 0.8940437
v -0.0772606 -0.0254601 0.0052597 1.000000 1.000000 1.000000
vn 0.2806656 -0.3166885 0.9060547
v -0.0793591 -0.0283469 0.0046760 1.000000 1.000000 1.000000
vn 0.2154665 -0.4320985 0.8757083
v -0.0747300 -0.0225013 0.0060014 1.000000 1.000000 1.000000
vn 0.1848221 -0.1495266 0.9713303
v -0.0861145 -0.0370535 0.0044033 1.000000 1.000000 1.000000
vn -0.0353367 -0.0249925 0.9990630
v -0.0880626 -0.0355163 0.0046890 1.000000 1.000000 1.000000
vn 0.1160336 -0.1531575 0.9813659
v -0.0885188 -0.0401077 0.0043583 1.000000 1.000000 1.000000
vn -0.0375027 -0.1009163 0.9941878
v -0.0907718 -0.0405121 0.0043981 1.000000 1.000000 1.000000
vn 0.0283330 -0.3463741 0.9376686
v -0.0902953 -0.0438055 0.0037939 1.000000 1.000000 1.000000
vn -0.2086764 -0.0817205 0.9745645
v -0.0929811 -0.0410131 0.0041570 1.000000 1.000000 1.000000
vn -0.2962258 -0.3793015 0.8765733
v -0.0931997 -0.0432838 0.0036915 1.000000 1.000000 1.000000
vn -0.1950135 0.0700434 0.9782963
v -0.0908983 -0.0368242 0.0043928 1.000000 1.000000 1.000000
vn 0.2987611 -0.3100289 0.9025652
v -0.0872016 -0.0431780 0.0033495 1.000000 1.000000 1.000000
vn 0.2786623 -0.2321381 0.9319116
v -0.0867832 -0.0410308 0.0037993 1.000000 1.000000 1.000000
vn -0.2321087 -0.1459909 0.9616716
v -0.0801963 -0.0203198 0.0066373 1.000000 1.000000 1.000000
vn -0.2048274 -0.2947331 0.9333693
v -0.0779769 -0.0176840 0.0077141 1.000000 1.000000 1.000000
vn 0.2290752 -0.5219939 0.8216124
v -0.0717757 -0.0189873 0.0071185 1.000000 1.000000 1.000000
vn -0.3073868 -0.3743969 0.8748373
v -0.0786382 -0.0146677 0.0085678 1.000000 1.000000 1.000000
vn 0.2791844 -0.5159419 0.8098519
v -0.0875129 -0.0455962 0.0023828 1.000000 1.000000 1.000000
vn 0.0729867 -0.5548791 0.8287233
v -0.0897987 -0.0456347 0.0028228 1.000000 1.000000 1.000000
vn -0.1535073 0.0131755 0.9880597
v -0.0867969 -0.0315311 0.0047984 1.000000 1.000000 1.000000
vn -0.2164713 0.0021752 0.9762866
v -0.0854273 -0.0277247 0.0050125 1.000000 1.000000 1.000000
vn -0.2815392 -0.0278978 0.9591441
v -0.0832709 -0.0231044 0.0055624 1.000000 1.000000 1.000000
vn 0.4453123 -0.3232769 0.8349785
v -0.0807792 -0.0330911 0.0035627 1.000000 1.000000 1.000000
vn 0.4056671 -0.2763034 0.8712581
v -0.0832709 -0.0367196 0.0035794 1.000000 1.000000 1.000000
vn 0.0842464 -0.6544923 0.7513604
v -0.0677577 -0.0143065 0.0098530 1.000000 1.000000 1.000000
vn -0.4059785 -0.1836192 0.8952461
v -0.0810390 -0.0168906 0.0068934 1.000000 1.000000 1.000000
vn -0.2469747 -0.5331082 0.8091966
v -0.0923513 -0.0453548 0.0025481 1.000000 1.000000 1.000000
vn -0.2357692 -0.4950919 0.8362398
v -0.0768428 -0.0126804 0.0101539 1.000000 1.000000 1.000000
vn -0.3433214 -0.4755630 0.8099200
v -0.0788515 -0.0114619 0.0102228 1.000000 1.000000 1.000000
vn -0.3214501 0.1063709 0.9409331
v -0.0878345 -0.0296994 0.0044171 1.000000 1.000000 1.000000
vn 0.1760156 -0.6417585 0.7464346
v -0.0679595 -0.0164762 0.0077712 1.000000 1.000000 1.000000
vn 0.4470622 -0.4179955 0.7908319
v -0.0780413 -0.0291856 0.0037748 1.000000 1.000000 1.000000
vn -0.0235123 -0.7119991 0.7017866
v 0.0004757 0.0121641 0.0147539 1.000000 1.000000 1.000000
vn 0.1908450 -0.5978283 0.7785754
v -0.0614977 -0.0092975 0.0131193 1.000000 1.000000 1.000000
vn -0.4928341 -0.0317786 0.8695428
v -0.0948954 -0.0405873 0.0035325 1.000000 1.000000 1.000000
vn 0.3050307 -0.4795995 0.8227640
v -0.0735071 -0.0227284 0.0054276 1.000000 1.000000 1.000000
vn 0.3169692 -0.6014327 0.7333549
v -0.0702649 -0.0191167 0.0063465 1.000000 1.000000 1.000000
vn -0.4695658 0.0126469 0.8828069
v -0.0834618 -0.0196967 0.0055184 1.000000 1.000000 1.000000
vn 0.4219019 -0.4208453 0.8030492
v -0.0853168 -0.0446903 0.0018515 1.000000 1.000000 1.000000
vn -0.2078451 -0.6954853 0.6878231
v 0.0276888 0.0058739 0.0138833 1.000000 1.000000 1.000000
vn 0.3603124 -0.4750296 0.8028213
v -0.0751428 -0.0256017 0.0042839 1.000000 1.000000 1.000000
vn -0.5038458 -0.3533652 0.7882084
v -0.0805724 -0.0064075 0.0124569 1.000000 1.000000 1.000000
vn 0.0630594 -0.6362175 0.7689283
v -0.0148636 0.0122163 0.0150329 1.000000 1.000000 1.000000
vn -0.5613185 -0.2714933 0.7818012
v -0.0815715 -0.0138789 0.0074705 1.000000 1.000000 1.000000
vn -0.2322327 -0.7741470 0.5888671
v 0.0586953 -0.0065531 0.0121877 1.000000 1.000000 1.000000
vn 0.0825703 -0.8686427 0.4885099
v 0.0937007 -0.0158081 0.0028493 1.000000 1.000000 1.000000
vn -0.4558529 0.0931915 0.8851629
v -0.0854280 -0.0234209 0.0047824 1.000000 1.000000 1.000000
vn -0.3933723 0.1695043 0.9036186
v -0.0933571 -0.0377183 0.0038192 1.000000 1.000000 1.000000
vn 0.0593095 -0.7559990 0.6518803
v 0.0800585 -0.0121241 0.0084894 1.000000 1.000000 1.000000
vn -0.1116923 -0.8191869 0.5625458
v 0.0704443 -0.0106539 0.0102014 1.000000 1.000000 1.000000
vn 0.0984178 -0.7113114 0.6959527
v -0.0199312 0.0115218 0.0149528 1.000000 1.000000 1.000000
vn 0.3363760 -0.5627888 0.7550630
v -0.0529262 -0.0029292 0.0147374 1.000000 1.000000 1.000000
vn 0.1444156 -0.6709325 0.7273195
v -0.0643753 -0.0127882 0.0106171 1.000000 1.000000 1.000000
vn 0.6366124 -0.4376033 0.6350024
v 0.0974654 -0.0143777 0.0021103 1.000000 1.000000 1.000000
vn -0.5438238 -0.3984499 0.7385752
v -0.0810033 -0.0119559 0.0087655 1.000000 1.000000 1.000000
vn -0.5696493 -0.2941035 0.7674652
v -0.0955284 -0.0427535 0.0025587 1.000000 1.000000 1.000000
vn -0.3768062 -0.4634813 0.8019989
v -0.0942315 -0.0445067 0.0021548 1.000000 1.000000 1.000000
vn 0.3716535 -0.7338402 0.5686407
v 0.0959467 -0.0155853 0.0022485 1.000000 1.000000 1.000000
vn 0.0294081 -0.8316551 0.5545133
v 0.0839990 -0.0134132 0.0064909 1.000000 1.000000 1.000000
vn 0.0071672 -0.8104680 0.5857391
v 0.0891115 -0.0144512 0.0047829 1.000000 1.000000 1.000000
vn -0.2370332 -0.8203731 0.5203876
v 0.0221942 0.0068951 0.0132905 1.000000 1.000000 1.000000
vn 0.1937093 -0.6728770 0.7139421
v -0.0311548 0.0092746 0.0152525 1.000000 1.000000 1.000000
vn 0.2645970 -0.6341421 0.7265344
v -0.0357789 0.0072299 0.0149572 1.000000 1.000000 1.000000
vn 0.3298014 -0.5990795 0.7296128
v -0.0407030 0.0048565 0.0149140 1.000000 1.000000 1.000000
vn 0.3774486 -0.6032231 0.7026055
v -0.0457879 0.0014662 0.0144837 1.000000 1.000000 1.000000
vn 0.5344442 -0.3189365 0.7827190
v -0.0821477 -0.0389527 0.0019305 1.000000 1.000000 1.000000
vn 0.3316349 -0.6136757 0.7165337
v -0.0558630 -0.0063499 0.0132353 1.000000 1.000000 1.000000
vn -0.2261045 -0.8223595 0.5221127
v 0.0622562 -0.0079690 0.0115846 1.000000 1.000000 1.000000
vn -0.4375831 0.2089433 0.8745649
v -0.0911226 -0.0331519 0.0037327 1.000000 1.000000 1.000000
vn -0.2285686 -0.8502345 0.4741916
v 0.0177971 0.0081278 0.0132665 1.000000 1.000000 1.000000
vn -0.1554179 -0.8086737 0.5673555
v 0.0130431 0.0092324 0.0131904 1.000000 1.000000 1.000000
vn -0.1335583 -0.8117285 0.5685588
v 0.0085897 0.0101869 0.0134408 1.000000 1.000000 1.000000
vn -0.2982353 -0.7469330 0.5942615
v 0.0426984 -0.0002011 0.0130233 1.000000 1.000000 1.000000
vn -0.2993833 -0.7821026 0.5465211
v 0.0370722 0.0020275 0.0130395 1.000000 1.000000 1.000000
vn -0.2659819 -0.8119986 0.5195305
v 0.0324788 0.0036543 0.0131036 1.000000 1.000000 1.000000
vn 0.6542524 -0.0494767 0.7546562
v 0.0948713 -0.0051359 0.0056959 1.000000 1.000000 1.000000
vn 0.5652140 -0.0923010 0.8197644
v 0.0965581 -0.0095350 0.0038588 1.000000 1.000000 1.000000
vn 0.1825039 -0.7419515 0.6451359
v -0.0264308 0.0102729 0.0148213 1.000000 1.000000 1.000000
vn -0.6313665 -0.0743362 0.7719136
v -0.0830641 -0.0159390 0.0057993 1.000000 1.000000 1.000000
vn 0.4116086 -0.5910481 0.6937150
v -0.0859064 -0.0464581 0.0006952 1.000000 1.000000 1.000000
vn -0.4207658 0.1813456 0.8888588
v -0.0886927 -0.0279550 0.0037561 1.000000 1.000000 1.000000
vn -0.6201239 0.2005103 0.7584471
v -0.0873386 -0.0237924 0.0035550 1.000000 1.000000 1.000000
vn 0.5272775 -0.4549338 0.7176445
v -0.0770187 -0.0298158 0.0026065 1.000000 1.000000 1.000000
vn 0.5619351 -0.3619194 0.7438033
v -0.0796972 -0.0344094 0.0021038 1.000000 1.000000 1.000000
vn -0.2886902 -0.8302400 0.4768225
v 0.0556994 -0.0056207 0.0119633 1.000000 1.000000 1.000000
vn -0.2429392 -0.8231364 0.5132514
v 0.0272771 0.0053741 0.0131507 1.000000 1.000000 1.000000
vn 0.1289495 -0.7889726 0.6007448
v -0.0891606 -0.0465447 0.0014907 1.000000 1.000000 1.000000
vn 0.6955863 -0.1859168 0.6939703
v 0.0976932 -0.0118770 0.0027397 1.000000 1.000000 1.000000
vn 0.6254644 -0.0193974 0.7800115
v 0.0931230 -0.0003203 0.0073827 1.000000 1.000000 1.000000
vn -0.0810989 -0.9225127 0.3773506
v 0.0768619 -0.0126970 0.0076165 1.000000 1.000000 1.000000
vn -0.2131938 -0.8868788 0.4098714
v 0.0678024 -0.0101208 0.0102057 1.000000 1.000000 1.000000
vn -0.5780873 0.2888901 0.7631236
v -0.0915564 -0.0323654 0.0031866 1.000000 1.000000 1.000000
vn -0.7334416 -0.2770141 0.6207469
v -0.0823985 -0.0058287 0.0110601 1.000000 1.000000 1.000000
vn -0.6586538 0.2336202 0.7152600
v -0.0960578 -0.0386457 0.0024031 1.000000 1.000000 1.000000
vn -0.1042196 -0.9357017 0.3370469
v 0.0910570 -0.0153950 0.0033672 1.000000 1.000000 1.000000
vn -0.7747826 0.0176307 0.6319819
v -0.0971664 -0.0402764 0.0015898 1.000000 1.000000 1.000000
vn -0.6750204 0.1261036 0.7269425
v -0.0853024 -0.0189124 0.0041150 1.000000 1.000000 1.000000
vn -0.8110117 -0.0119302 0.5849082
v -0.0846359 -0.0142084 0.0042794 1.000000 1.000000 1.000000
vn -0.7455621 -0.2861842 0.6018602
v -0.0830935 -0.0110093 0.0071283 1.000000 1.000000 1.000000
vn -0.7659288 -0.1317045 0.6292909
v -0.0827307 -0.0030685 0.0115114 1.000000 1.000000 1.000000
vn -0.7345747 -0.1785736 0.6546079
v -0.0839777 -0.0125869 0.0053935 1.000000 1.000000 1.000000
vn -0.3518901 -0.8822461 0.3127542
v 0.0450458 -0.0017975 0.0119330 1.000000 1.000000 1.000000
vn -0.3203537 -0.8865322 0.3338175
v 0.0489784 -0.0033253 0.0119380 1.000000 1.000000 1.000000
vn -0.3305364 -0.9034243 0.2730757
v 0.0532966 -0.0048447 0.0116988 1.000000 1.000000 1.000000
vn 0.6709800 -0.6646582 0.3286570
v 0.0975630 -0.0151542 0.0010576 1.000000 1.000000 1.000000
vn 0.7194723 -0.0019829 0.6945184
v 0.0961604 -0.0063216 0.0043571 1.000000 1.000000 1.000000
vn -0.1676742 -0.9449187 0.2810946
v 0.0733119 -0.0120561 0.0081078 1.000000 1.000000 1.000000
vn -0.1098785 -0.9627896 0.2469067
v 0.0874932 -0.0147663 0.0038186 1.000000 1.000000 1.000000
vn -0.8785781 -0.1648361 0.4482518
v -0.0845988 -0.0097742 0.0054241 1.000000 1.000000 1.000000
vn -0.3581244 -0.8917120 0.2767612
v 0.0405912 0.0000311 0.0118673 1.000000 1.000000 1.000000
vn -0.0911928 -0.9653902 0.2443474
v 0.0815460 -0.0137812 0.0053791 1.000000 1.000000 1.000000
vn -0.7595643 -0.2709680 0.5913023
v -0.0973038 -0.0418508 0.0006917 1.000000 1.000000 1.000000
vn -0.2975670 -0.9159459 0.2692527
v 0.0286330 0.0045412 0.0121535 1.000000 1.000000 1.000000
vn 0.7641279 0.0600974 0.6422592
v 0.0952287 -0.0033364 0.0051023 1.000000 1.000000 1.000000
vn -0.3335853 -0.9133060 0.2336517
v 0.0351373 0.0021769 0.0116885 1.000000 1.000000 1.000000
vn 0.3491135 -0.8998446 0.2615330
v 0.0961803 -0.0161084 0.0007545 1.000000 1.000000 1.000000
vn -0.3253273 -0.9132408 0.2452618
v 0.0586807 -0.0070422 0.0109722 1.000000 1.000000 1.000000
vn -0.7451625 0.3183897 0.5859701
v -0.0887917 -0.0244309 0.0022913 1.000000 1.000000 1.000000
vn -0.2952539 -0.9259637 0.2354070
v 0.0643903 -0.0092406 0.0098544 1.000000 1.000000 1.000000
vn 0.8283739 -0.2065412 0.5207086
v 0.0985261 -0.0119486 0.0013862 1.000000 1.000000 1.000000
vn -0.7067232 0.3487725 0.6155486
v -0.0916415 -0.0301172 0.0021274 1.000000 1.000000 1.000000
vn -0.6928785 0.3972536 0.6017549
v -0.0939510 -0.0340289 0.0019103 1.000000 1.000000 1.000000
vn -0.8947609 -0.1753587 0.4106730
v -0.0844989 -0.0059614 0.0074782 1.000000 1.000000 1.000000
vn -0.8796464 -0.0932041 0.4664067
v -0.0837365 -0.0030624 0.0099799 1.000000 1.000000 1.000000
vn -0.8182563 0.2162962 0.5326094
v -0.0868013 -0.0193227 0.0022878 1.000000 1.000000 1.000000
vn -0.2890318 -0.9422891 0.1689734
v 0.0229997 0.0061316 0.0116630 1.000000 1.000000 1.000000
vn -0.2865107 -0.9475109 0.1418969
v 0.0164432 0.0081540 0.0119292 1.000000 1.000000 1.000000
vn -0.2742186 -0.9495162 0.1523916
v 0.0682128 -0.0107920 0.0080842 1.000000 1.000000 1.000000
vn 0.8558234 -0.3751728 0.3561063
v 0.0984928 -0.0139602 0.0000810 1.000000 1.000000 1.000000
vn -0.0900885 -0.9836753 0.1557787
v 0.0928860 -0.0161034 0.0008109 1.000000 1.000000 1.000000
vn -0.8252931 0.2313767 0.5151274
v -0.0974964 -0.0383469 0.0002848 1.000000 1.000000 1.000000
vn -0.7300957 0.3766510 0.5701703
v -0.0966492 -0.0369206 0.0006275 1.000000 1.000000 1.000000
vn -0.1808731 -0.9782993 0.1010717
v 0.0767003 -0.0131964 0.0045618 1.000000 1.000000 1.000000
vn -0.3092827 -0.9437442 0.1170088
v 0.0282455 0.0044667 0.0110785 1.000000 1.000000 1.000000
vn -0.3362396 -0.9366446 0.0981827
v 0.0615462 -0.0085424 0.0079847 1.000000 1.000000 1.000000
vn -0.1563741 -0.9835596 0.0903199
v 0.0872828 -0.0149715 0.0011844 1.000000 1.000000 1.000000
vn -0.3537464 -0.9319242 0.0798790
v 0.0492573 -0.0038606 0.0088675 1.000000 1.000000 1.000000
vn -0.3540808 -0.9318590 0.0791553
v 0.0538693 -0.0056390 0.0077527 1.000000 1.000000 1.000000
vn -0.8833475 0.1347812 0.4489224
v -0.0858916 -0.0150260 0.0023513 1.000000 1.000000 1.000000
vn -0.9055420 0.0136351 0.4240375
v -0.0857495 -0.0125174 0.0020423 1.000000 1.000000 1.000000
vn -0.9248549 -0.0898424 0.3695562
v -0.0854283 -0.0101515 0.0031895 1.000000 1.000000 1.000000
vn -0.7839064 0.3469059 0.5149245
v -0.0896849 -0.0240046 0.0006444 1.000000 1.000000 1.000000
vn -0.9162548 0.0060577 0.4005502
v -0.0843207 0.0000788 0.0085960 1.000000 1.000000 1.000000
vn -0.7685923 0.3689300 0.5226438
v -0.0914551 -0.0279642 0.0008883 1.000000 1.000000 1.000000
vn -0.7661700 0.4019907 0.5013852
v -0.0931109 -0.0304208 0.0001522 1.000000 1.000000 1.000000
vn -0.2572855 -0.9635381 0.0734754
v 0.0701810 -0.0115914 0.0052021 1.000000 1.000000 1.000000
vn -0.8676437 0.1768347 0.4646762
v -0.0879372 -0.0198722 0.0003761 1.000000 1.000000 1.000000
vn -0.3488832 -0.9346754 0.0682822
v 0.0348360 0.0019853 0.0090384 1.000000 1.000000 1.000000
vn -0.3741596 -0.9251975 0.0633583
v 0.0423910 -0.0011003 0.0083968 1.000000 1.000000 1.000000
vn -0.9333473 -0.0719488 0.3516903
v -0.0850854 -0.0032983 0.0066309 1.000000 1.000000 1.000000
vn -0.9399977 -0.1229787 0.3182459
v -0.0857051 -0.0061295 0.0036615 1.000000 1.000000 1.000000
vn -0.8944813 0.1352525 0.4261571
v -0.0984324 -0.0401760 -0.0010994 1.000000 1.000000 1.000000
vn -0.3128290 -0.9483159 0.0532455
v 0.0269890 0.0046972 0.0081909 1.000000 1.000000 1.000000
vn -0.2952722 -0.9543958 0.0440800
v 0.0187343 0.0072604 0.0075319 1.000000 1.000000 1.000000
vn -0.3245101 -0.9443260 0.0542370
v 0.0643173 -0.0097561 0.0037192 1.000000 1.000000 1.000000
vn -0.3576105 -0.9327675 0.0453826
v 0.0583844 -0.0075602 0.0044538 1.000000 1.000000 1.000000
vn -0.7572702 0.4457265 0.4773570
v -0.0949551 -0.0335699 -0.0001112 1.000000 1.000000 1.000000
vn 0.5568897 -0.8279536 0.0660815
v 0.0976423 -0.0152071 -0.0002735 1.000000 1.000000 1.000000
vn -0.1591416 -0.9870502 0.0201460
v 0.0797563 -0.0137612 0.0010302 1.000000 1.000000 1.000000
vn -0.2367502 -0.9712711 0.0241215
v 0.0746777 -0.0128054 0.0004527 1.000000 1.000000 1.000000
vn -0.3564567 -0.9338749 0.0285719
v 0.0349391 0.0017826 0.0037004 1.000000 1.000000 1.000000
vn -0.3750295 -0.9265808 0.0283013
v 0.0386125 0.0003200 0.0050692 1.000000 1.000000 1.000000
vn -0.3660932 -0.9303021 0.0226686
v 0.0536094 -0.0057048 0.0016098 1.000000 1.000000 1.000000
vn -0.3688086 -0.9292704 0.0209001
v 0.0468494 -0.0030786 0.0008365 1.000000 1.000000 1.000000
vn -0.9290291 0.0966352 0.3571647
v -0.0868321 -0.0158151 0.0001185 1.000000 1.000000 1.000000
vn -0.5937744 0.6224031 -0.5099474
v -0.0680895 0.0236091 -0.0126228 1.000000 1.000000 1.000000
vn -0.4914354 0.5436619 -0.6803845
v -0.0662586 0.0239957 -0.0140806 1.000000 1.000000 1.000000
vn -0.5803257 0.5221467 -0.6249679
v -0.0706137 0.0200555 -0.0138140 1.000000 1.000000 1.000000
vn -0.5434319 0.6563349 -0.5233606
v -0.0643059 0.0264565 -0.0132534 1.000000 1.000000 1.000000
vn -0.4414765 0.5887230 -0.6771290
v -0.0604503 0.0285957 -0.0142159 1.000000 1.000000 1.000000
vn -0.5386894 0.7147927 -0.4459654
v -0.0611360 0.0297555 -0.0121124 1.000000 1.000000 1.000000
vn -0.4697683 0.7096465 -0.5250900
v -0.0565773 0.0330579 -0.0120351 1.000000 1.000000 1.000000
vn -0.3685862 0.6372207 -0.6768264
v -0.0541345 0.0329829 -0.0141833 1.000000 1.000000 1.000000
vn -0.3984536 0.7516371 -0.5256201
v -0.0530625 0.0352265 -0.0117979 1.000000 1.000000 1.000000
vn -0.5854266 0.7041780 -0.4017576
v -0.0650394 0.0274703 -0.0104810 1.000000 1.000000 1.000000
vn -0.5520657 0.7494751 -0.3653911
v -0.0603971 0.0310837 -0.0105044 1.000000 1.000000 1.000000
vn -0.6224285 0.4968208 -0.6047743
v -0.0727894 0.0182973 -0.0130787 1.000000 1.000000 1.000000
vn -0.6631563 0.6224483 -0.4156703
v -0.0712383 0.0215752 -0.0106448 1.000000 1.000000 1.000000
vn -0.3151315 0.6712322 -0.6709244
v -0.0486558 0.0357768 -0.0142265 1.000000 1.000000 1.000000
vn -0.3606879 0.7706558 -0.5253512
v -0.0494550 0.0369515 -0.0119546 1.000000 1.000000 1.000000
vn -0.3139472 0.7884187 -0.5289927
v -0.0442952 0.0390963 -0.0120109 1.000000 1.000000 1.000000
vn -0.2649242 0.6722813 -0.6912692
v -0.0432795 0.0378806 -0.0143438 1.000000 1.000000 1.000000
vn -0.3592204 0.5216413 -0.7738548
v -0.0568261 0.0303250 -0.0148410 1.000000 1.000000 1.000000
vn -0.2683754 0.7680014 -0.5815054
v -0.0419456 0.0388575 -0.0137658 1.000000 1.000000 1.000000
vn -0.3499534 0.4192492 -0.8377128
v -0.0622701 0.0246165 -0.0157553 1.000000 1.000000 1.000000
vn -0.2784838 0.4387700 -0.8543581
v -0.0550948 0.0296362 -0.0159208 1.000000 1.000000 1.000000
vn -0.2290825 0.7944492 -0.5624694
v -0.0375395 0.0412084 -0.0123732 1.000000 1.000000 1.000000
vn -0.2269695 0.4922222 -0.8403584
v -0.0467816 0.0341570 -0.0159507 1.000000 1.000000 1.000000
vn -0.4438246 0.4046354 -0.7995561
v -0.0690637 0.0200068 -0.0148670 1.000000 1.000000 1.000000
vn -0.3490812 0.3377310 -0.8741168
v -0.0655840 0.0206381 -0.0162021 1.000000 1.000000 1.000000
vn -0.1688462 0.5191861 -0.8378167
v -0.0385899 0.0372050 -0.0160049 1.000000 1.000000 1.000000
vn -0.1890448 0.6870238 -0.7016128
v -0.0357930 0.0401045 -0.0145675 1.000000 1.000000 1.000000
vn -0.2058216 0.3834982 -0.9003147
v -0.0478394 0.0314232 -0.0170215 1.000000 1.000000 1.000000
vn -0.2634953 0.3393920 -0.9029858
v -0.0583328 0.0247835 -0.0170044 1.000000 1.000000 1.000000
vn -0.2071867 0.3104391 -0.9277399
v -0.0540602 0.0266326 -0.0174647 1.000000 1.000000 1.000000
vn -0.5559474 0.3774876 -0.7405577
v -0.0742143 0.0149223 -0.0140996 1.000000 1.000000 1.000000
vn -0.4067428 0.2637090 -0.8746530
v -0.0711350 0.0156066 -0.0156032 1.000000 1.000000 1.000000
vn -0.2682150 0.2421552 -0.9324278
v -0.0634598 0.0195105 -0.0172743 1.000000 1.000000 1.000000
vn -0.2773044 0.1637639 -0.9467226
v -0.0665893 0.0154284 -0.0172453 1.000000 1.000000 1.000000
vn -0.2131617 0.2555090 -0.9430150
v -0.0589203 0.0216862 -0.0178319 1.000000 1.000000 1.000000
vn -0.3677468 0.1685064 -0.9145315
v -0.0721074 0.0129074 -0.0157585 1.000000 1.000000 1.000000
vn -0.4612958 0.2484030 -0.8517642
v -0.0751766 0.0120380 -0.0145886 1.000000 1.000000 1.000000
vn -0.5717806 0.3137447 -0.7580444
v -0.0765292 0.0121005 -0.0136635 1.000000 1.000000 1.000000
vn -0.3885294 0.1416807 -0.9104787
v -0.0764973 0.0088850 -0.0146281 1.000000 1.000000 1.000000
vn -0.5599830 0.2134427 -0.8005382
v -0.0782860 0.0075801 -0.0139892 1.000000 1.000000 1.000000
vn -0.4138261 0.0905959 -0.9058368
v -0.0778537 0.0063055 -0.0144315 1.000000 1.000000 1.000000
vn -0.2301996 0.0587866 -0.9713662
v -0.0665959 0.0124627 -0.0175579 1.000000 1.000000 1.000000
vn -0.2769562 0.0491864 -0.9596229
v -0.0703863 0.0094731 -0.0167283 1.000000 1.000000 1.000000
vn -0.2559661 -0.0149188 -0.9665707
v -0.0720562 0.0054971 -0.0163128 1.000000 1.000000 1.000000
vn -0.3356633 -0.0251603 -0.9416460
v -0.0775566 0.0025006 -0.0146914 1.000000 1.000000 1.000000
vn -0.5267482 0.0439185 -0.8488861
v -0.0793781 0.0033901 -0.0138516 1.000000 1.000000 1.000000
vn -0.3731985 -0.1248298 -0.9193152
v -0.0782195 0.0001782 -0.0143054 1.000000 1.000000 1.000000
vn -0.6525653 -0.0539298 -0.7558109
v -0.0810753 0.0002285 -0.0126770 1.000000 1.000000 1.000000
vn -0.6292382 0.1825419 -0.7554718
v -0.0801430 0.0064124 -0.0127579 1.000000 1.000000 1.000000
vn -0.6656398 0.0660259 -0.7433466
v -0.0812771 0.0033369 -0.0123341 1.000000 1.000000 1.000000
vn -0.5668315 -0.1904311 -0.8015223
v -0.0807951 -0.0034326 -0.0122134 1.000000 1.000000 1.000000
vn -0.6403743 0.4362887 -0.6321178
v -0.0762498 0.0135367 -0.0129939 1.000000 1.000000 1.000000
vn -0.6921731 0.3382467 -0.6375622
v -0.0793294 0.0088301 -0.0123585 1.000000 1.000000 1.000000
vn -0.7469183 -0.1187202 -0.6542313
v -0.0821205 -0.0025544 -0.0111675 1.000000 1.000000 1.000000
vn -0.6572759 0.4630507 -0.5946196
v -0.0745682 0.0163875 -0.0125673 1.000000 1.000000 1.000000
vn -0.6858469 -0.1357585 -0.7149712
v -0.0825660 -0.0097140 -0.0089073 1.000000 1.000000 1.000000
vn -0.8377947 -0.0452486 -0.5441073
v -0.0832482 -0.0010276 -0.0098395 1.000000 1.000000 1.000000
vn -0.8038836 -0.0842873 -0.5887843
v -0.0836235 -0.0087311 -0.0078620 1.000000 1.000000 1.000000
vn -0.7057858 -0.0269352 -0.7079132
v -0.0833153 -0.0126931 -0.0078291 1.000000 1.000000 1.000000
vn -0.8134262 0.0738581 -0.5769600
v -0.0846165 -0.0130938 -0.0064049 1.000000 1.000000 1.000000
vn -0.7276183 0.1456976 -0.6703312
v -0.0848186 -0.0159531 -0.0066967 1.000000 1.000000 1.000000
vn -0.8495616 0.2142630 -0.4820130
v -0.0860039 -0.0159825 -0.0050364 1.000000 1.000000 1.000000
vn -0.8687783 -0.0091489 -0.4951169
v -0.0850421 -0.0093067 -0.0054810 1.000000 1.000000 1.000000
vn -0.8773474 0.1074397 -0.4676732
v -0.0857149 -0.0127467 -0.0043600 1.000000 1.000000 1.000000
vn -0.9219041 -0.0041856 -0.3873955
v -0.0844929 -0.0012934 -0.0068745 1.000000 1.000000 1.000000
vn 0.0812945 0.8315713 -0.5494366
v 0.0062087 0.0444577 -0.0128724 1.000000 1.000000 1.000000
vn 0.1094161 0.8529910 -0.5103276
v 0.0109932 0.0441534 -0.0123552 1.000000 1.000000 1.000000
vn 0.0968789 0.6837642 -0.7232434
v 0.0135631 0.0424499 -0.0146515 1.000000 1.000000 1.000000
vn 0.0463955 0.7541310 -0.6550832
v 0.0036984 0.0435591 -0.0145651 1.000000 1.000000 1.000000
vn 0.0244900 0.8330371 -0.5526748
v -0.0005431 0.0450071 -0.0125996 1.000000 1.000000 1.000000
vn -0.0027965 0.7398134 -0.6728063
v -0.0064092 0.0438629 -0.0145182 1.000000 1.000000 1.000000
vn -0.0208445 0.8294472 -0.5581961
v -0.0089547 0.0451085 -0.0125931 1.000000 1.000000 1.000000
vn -0.0523465 0.7376054 -0.6732000
v -0.0155530 0.0436289 -0.0143986 1.000000 1.000000 1.000000
vn -0.0671619 0.8381873 -0.5412313
v -0.0174550 0.0447299 -0.0125373 1.000000 1.000000 1.000000
vn -0.0957090 0.8125292 -0.5750096
v -0.0191684 0.0438809 -0.0136043 1.000000 1.000000 1.000000
vn -0.1107295 0.7192103 -0.6859122
v -0.0246915 0.0425220 -0.0144500 1.000000 1.000000 1.000000
vn 0.0681838 0.5923827 -0.8027663
v 0.0100833 0.0413526 -0.0159736 1.000000 1.000000 1.000000
vn 0.0280904 0.5795025 -0.8144863
v 0.0030920 0.0420767 -0.0158457 1.000000 1.000000 1.000000
vn 0.0030647 0.5793007 -0.8151082
v -0.0027907 0.0422304 -0.0158245 1.000000 1.000000 1.000000
vn -0.1326652 0.8224354 -0.5531726
v -0.0263114 0.0436407 -0.0124328 1.000000 1.000000 1.000000
vn -0.1493647 0.7262557 -0.6710014
v -0.0303418 0.0416770 -0.0143030 1.000000 1.000000 1.000000
vn -0.1777353 0.8192046 -0.5452652
v -0.0309076 0.0428525 -0.0123524 1.000000 1.000000 1.000000
vn -0.0267822 0.5723281 -0.8195873
v -0.0129543 0.0421261 -0.0157701 1.000000 1.000000 1.000000
vn 0.0051204 0.4558202 -0.8900571
v -0.0011072 0.0403541 -0.0169629 1.000000 1.000000 1.000000
vn -0.0736996 0.5416820 -0.8373464
v -0.0214388 0.0408396 -0.0161110 1.000000 1.000000 1.000000
vn -0.1146446 0.5440445 -0.8311872
v -0.0309979 0.0395653 -0.0158346 1.000000 1.000000 1.000000
vn -0.0366553 0.4627168 -0.8857481
v -0.0160676 0.0400883 -0.0168669 1.000000 1.000000 1.000000
vn 0.0450639 0.4608026 -0.8863579
v 0.0092326 0.0399536 -0.0168871 1.000000 1.000000 1.000000
vn -0.1057860 0.4447352 -0.8893931
v -0.0320754 0.0373488 -0.0169443 1.000000 1.000000 1.000000
vn -0.0596010 0.3869650 -0.9201662
v -0.0223525 0.0377157 -0.0176427 1.000000 1.000000 1.000000
vn 0.1106639 0.5675920 -0.8158388
v 0.0193080 0.0398779 -0.0160115 1.000000 1.000000 1.000000
vn 0.1108124 0.4271638 -0.8973582
v 0.0218386 0.0374913 -0.0170386 1.000000 1.000000 1.000000
vn -0.0168934 0.3385979 -0.9407795
v -0.0139944 0.0377093 -0.0179794 1.000000 1.000000 1.000000
vn -0.1549742 0.4175693 -0.8953317
v -0.0410009 0.0345442 -0.0170045 1.000000 1.000000 1.000000
vn 0.0459111 0.3454635 -0.9373085
v 0.0110592 0.0376627 -0.0178055 1.000000 1.000000 1.000000
vn 0.0083280 0.3207183 -0.9471380
v 0.0002315 0.0376600 -0.0180955 1.000000 1.000000 1.000000
vn -0.0951372 0.3430913 -0.9344717
v -0.0333410 0.0349462 -0.0178539 1.000000 1.000000 1.000000
vn 0.1688796 0.5294152 -0.8313839
v 0.0285141 0.0374380 -0.0159837 1.000000 1.000000 1.000000
vn -0.0490999 0.2616710 -0.9639074
v -0.0259132 0.0342935 -0.0186116 1.000000 1.000000 1.000000
vn 0.0735916 0.2809201 -0.9569055
v 0.0205666 0.0346967 -0.0181986 1.000000 1.000000 1.000000
vn -0.1479756 0.3243773 -0.9342818
v -0.0443636 0.0312268 -0.0177800 1.000000 1.000000 1.000000
vn -0.0817928 0.2356946 -0.9683791
v -0.0371003 0.0310128 -0.0186886 1.000000 1.000000 1.000000
vn -0.0144366 0.1984891 -0.9799968
v -0.0167099 0.0339463 -0.0189771 1.000000 1.000000 1.000000
vn 0.1376981 0.3606043 -0.9224986
v 0.0303280 0.0341877 -0.0172685 1.000000 1.000000 1.000000
vn 0.0384772 0.2252133 -0.9735494
v 0.0139640 0.0344238 -0.0186243 1.000000 1.000000 1.000000
vn 0.0136665 0.1914291 -0.9814113
v 0.0036463 0.0342766 -0.0189402 1.000000 1.000000 1.000000
vn -0.1290808 0.2395056 -0.9622760
v -0.0454135 0.0285156 -0.0184013 1.000000 1.000000 1.000000
vn 0.0878413 0.2110694 -0.9735162
v 0.0279800 0.0306996 -0.0185811 1.000000 1.000000 1.000000
vn 0.0426490 0.1425305 -0.9888712
v 0.0203310 0.0308335 -0.0190151 1.000000 1.000000 1.000000
vn 0.0222728 0.1092336 -0.9937665
v 0.0131379 0.0307796 -0.0192498 1.000000 1.000000 1.000000
vn 0.1523083 0.3255384 -0.9331811
v 0.0383035 0.0310606 -0.0171520 1.000000 1.000000 1.000000
vn -0.0363247 0.1403334 -0.9894378
v -0.0289872 0.0310663 -0.0191235 1.000000 1.000000 1.000000
vn -0.0651898 0.1394380 -0.9880826
v -0.0408767 0.0278907 -0.0190028 1.000000 1.000000 1.000000
vn -0.1273556 0.2020851 -0.9710521
v -0.0498279 0.0247943 -0.0186677 1.000000 1.000000 1.000000
vn 0.1362078 0.2186163 -0.9662579
v 0.0427486 0.0263957 -0.0178251 1.000000 1.000000 1.000000
vn 0.1718565 0.3072980 -0.9359666
v 0.0441625 0.0282863 -0.0170575 1.000000 1.000000 1.000000
vn 0.0825091 0.1426698 -0.9863253
v 0.0315124 0.0282472 -0.0186850 1.000000 1.000000 1.000000
vn 0.0982199 0.1417726 -0.9850144
v 0.0401446 0.0249883 -0.0183776 1.000000 1.000000 1.000000
vn -0.0067312 0.0700460 -0.9975210
v -0.0182171 0.0308638 -0.0193541 1.000000 1.000000 1.000000
vn 0.0006110 0.0642062 -0.9979365
v 0.0016464 0.0309690 -0.0193418 1.000000 1.000000 1.000000
vn 0.0449368 0.0831368 -0.9955245
v 0.0256968 0.0277664 -0.0191210 1.000000 1.000000 1.000000
vn -0.0543261 0.0915067 -0.9943215
v -0.0451976 0.0246289 -0.0190852 1.000000 1.000000 1.000000
vn -0.0795538 0.1112282 -0.9906056
v -0.0507320 0.0220191 -0.0190196 1.000000 1.000000 1.000000
vn -0.1669627 0.1574261 -0.9733142
v -0.0583439 0.0191683 -0.0185360 1.000000 1.000000 1.000000
vn -0.0771119 0.0616018 -0.9951176
v -0.0546007 0.0188283 -0.0190240 1.000000 1.000000 1.000000
vn 0.0672593 0.0912659 -0.9935526
v 0.0355620 0.0246337 -0.0188193 1.000000 1.000000 1.000000
vn 0.0915943 0.1024340 -0.9905139
v 0.0451231 0.0213822 -0.0183362 1.000000 1.000000 1.000000
vn 0.1252033 0.1454644 -0.9814094
v 0.0507798 0.0199036 -0.0178841 1.000000 1.000000 1.000000
vn 0.0631313 0.0393551 -0.9972290
v 0.0386430 0.0217072 -0.0188078 1.000000 1.000000 1.000000
vn 0.0300307 0.0075062 -0.9995208
v 0.0312075 0.0233046 -0.0191111 1.000000 1.000000 1.000000
vn 0.1719210 0.2490803 -0.9531013
v 0.0514572 0.0241251 -0.0169149 1.000000 1.000000 1.000000
vn 0.1651678 0.1984704 -0.9660896
v 0.0570465 0.0193324 -0.0170781 1.000000 1.000000 1.000000
vn 0.1242386 0.0922987 -0.9879503
v 0.0573285 0.0149222 -0.0176883 1.000000 1.000000 1.000000
vn 0.1813688 0.1660888 -0.9692883
v 0.0643025 0.0154116 -0.0165204 1.000000 1.000000 1.000000
vn -0.1532991 0.0635297 -0.9861356
v -0.0602222 0.0160229 -0.0185651 1.000000 1.000000 1.000000
vn 0.1460604 0.0651921 -0.9871253
v 0.0634231 0.0123686 -0.0170495 1.000000 1.000000 1.000000
vn 0.2067756 0.1454122 -0.9675221
v 0.0711831 0.0124295 -0.0156650 1.000000 1.000000 1.000000
vn 0.2012518 0.2422225 -0.9491185
v 0.0630245 0.0185107 -0.0161082 1.000000 1.000000 1.000000
vn 0.1806946 0.0400716 -0.9827226
v 0.0718785 0.0093015 -0.0158201 1.000000 1.000000 1.000000
vn 0.2388382 0.2713812 -0.9323672
v 0.0707948 0.0167695 -0.0148303 1.000000 1.000000 1.000000
vn 0.2547551 0.1041431 -0.9613813
v 0.0777731 0.0098272 -0.0144465 1.000000 1.000000 1.000000
vn 0.2148668 0.3127842 -0.9252018
v 0.0579152 0.0236102 -0.0157567 1.000000 1.000000 1.000000
vn 0.2040651 0.3447422 -0.9162480
v 0.0497266 0.0278095 -0.0161003 1.000000 1.000000 1.000000
vn 0.2390485 0.0025833 -0.9710042
v 0.0778965 0.0065230 -0.0146006 1.000000 1.000000 1.000000
vn 0.2973038 0.2295947 -0.9267669
v 0.0774711 0.0124769 -0.0140963 1.000000 1.000000 1.000000
vn 0.3393694 0.1532856 -0.9280797
v 0.0812819 0.0094155 -0.0134605 1.000000 1.000000 1.000000
vn 0.3290743 0.0462928 -0.9431687
v 0.0823601 0.0066076 -0.0133520 1.000000 1.000000 1.000000
vn 0.2590418 -0.0861714 -0.9620145
v 0.0810043 0.0029239 -0.0136369 1.000000 1.000000 1.000000
vn 0.3450877 -0.0561384 -0.9368901
v 0.0839250 0.0031718 -0.0127688 1.000000 1.000000 1.000000
vn 0.3148824 0.3250810 -0.8917239
v 0.0756156 0.0153365 -0.0138508 1.000000 1.000000 1.000000
vn 0.2112374 0.4174391 -0.8838119
v 0.0456542 0.0308553 -0.0157698 1.000000 1.000000 1.000000
vn 0.2628970 0.3940030 -0.8807082
v 0.0625027 0.0233691 -0.0146362 1.000000 1.000000 1.000000
vn 0.1863908 0.4550080 -0.8707619
v 0.0373844 0.0338682 -0.0161177 1.000000 1.000000 1.000000
vn 0.4561112 0.0962089 -0.8847070
v 0.0860840 0.0060757 -0.0118595 1.000000 1.000000 1.000000
vn 0.2553364 0.4323688 -0.8647894
v 0.0553005 0.0274210 -0.0148858 1.000000 1.000000 1.000000
vn 0.3019900 0.4064288 -0.8623327
v 0.0718525 0.0186430 -0.0138442 1.000000 1.000000 1.000000
vn 0.3109629 0.4687580 -0.8267818
v 0.0659636 0.0227735 -0.0138022 1.000000 1.000000 1.000000
vn 0.4612031 0.2314174 -0.8565849
v 0.0848280 0.0089794 -0.0119743 1.000000 1.000000 1.000000
vn 0.4284704 -0.0444197 -0.9024633
v 0.0867428 0.0028920 -0.0115583 1.000000 1.000000 1.000000
vn 0.4216791 0.3361960 -0.8421158
v 0.0817104 0.0119916 -0.0125881 1.000000 1.000000 1.000000
vn 0.3647942 0.3405556 -0.8665720
v 0.0785900 0.0150251 -0.0127593 1.000000 1.000000 1.000000
vn 0.5548511 0.0330945 -0.8312911
v 0.0891678 0.0028213 -0.0102334 1.000000 1.000000 1.000000
vn 0.5076616 -0.0867148 -0.8571815
v 0.0893912 0.0003265 -0.0100237 1.000000 1.000000 1.000000
vn 0.2463739 0.5525110 -0.7962610
v 0.0446394 0.0330260 -0.0148363 1.000000 1.000000 1.000000
vn 0.2511405 0.4776975 -0.8418632
v 0.0525072 0.0300892 -0.0142278 1.000000 1.000000 1.000000
vn 0.5377216 0.1055798 -0.8364858
v 0.0884311 0.0056841 -0.0104618 1.000000 1.000000 1.000000
vn 0.5212854 0.2395944 -0.8190581
v 0.0865334 0.0089133 -0.0109086 1.000000 1.000000 1.000000
vn 0.3517756 0.4276234 -0.8327017
v 0.0743119 0.0185984 -0.0128295 1.000000 1.000000 1.000000
vn 0.2911939 0.4725141 -0.8318272
v 0.0589781 0.0271633 -0.0137538 1.000000 1.000000 1.000000
vn 0.2037077 0.5306843 -0.8227255
v 0.0374188 0.0359125 -0.0148323 1.000000 1.000000 1.000000
vn 0.6145139 -0.0127277 -0.7888034
v 0.0920910 0.0010006 -0.0081028 1.000000 1.000000 1.000000
vn 0.5674922 -0.1097276 -0.8160346
v 0.0924559 -0.0031343 -0.0076234 1.000000 1.000000 1.000000
vn 0.4873976 0.3573160 -0.7967237
v 0.0841922 0.0118516 -0.0111524 1.000000 1.000000 1.000000
vn 0.3443688 0.5102273 -0.7880852
v 0.0689135 0.0222220 -0.0128702 1.000000 1.000000 1.000000
vn 0.1556532 0.6147507 -0.7732099
v 0.0225926 0.0408092 -0.0146220 1.000000 1.000000 1.000000
vn 0.1922991 0.6118076 -0.7672761
v 0.0294884 0.0387501 -0.0146933 1.000000 1.000000 1.000000
vn 0.6765223 -0.0422230 -0.7352108
v 0.0942467 -0.0040510 -0.0060474 1.000000 1.000000 1.000000
vn 0.5316342 -0.1591775 -0.8318821
v 0.0943326 -0.0079987 -0.0054050 1.000000 1.000000 1.000000
vn 0.6557145 -0.0719146 -0.7515762
v 0.0960051 -0.0062808 -0.0042632 1.000000 1.000000 1.000000
vn 0.2663434 0.6286350 -0.7306703
v 0.0445370 0.0339730 -0.0140590 1.000000 1.000000 1.000000
vn 0.7164180 0.0211551 -0.6973505
v 0.0937520 -0.0007294 -0.0064548 1.000000 1.000000 1.000000
vn -0.0006231 -0.2459701 -0.9692773
v -0.0073335 0.0212533 -0.0181941 1.000000 1.000000 1.000000
vn 0.0218781 -0.2145334 -0.9764716
v -0.0199429 0.0220843 -0.0185132 1.000000 1.000000 1.000000
vn 0.0151561 -0.1339723 -0.9908692
v -0.0201102 0.0251437 -0.0190967 1.000000 1.000000 1.000000
vn -0.0040623 -0.1458389 -0.9893000
v -0.0054110 0.0252973 -0.0190465 1.000000 1.000000 1.000000
vn 0.0320214 -0.2757214 -0.9607041
v -0.0211094 0.0185625 -0.0176488 1.000000 1.000000 1.000000
vn -0.0232088 -0.2330461 -0.9721887
v 0.0046849 0.0215161 -0.0184243 1.000000 1.000000 1.000000
vn -0.0179182 -0.1317045 -0.9911271
v 0.0067696 0.0246950 -0.0191108 1.000000 1.000000 1.000000
vn -0.0273168 -0.3170940 -0.9480007
v 0.0046317 0.0187772 -0.0176553 1.000000 1.000000 1.000000
vn -0.0319896 -0.1712829 -0.9847024
v 0.0160761 0.0221152 -0.0189574 1.000000 1.000000 1.000000
vn -0.0488847 -0.2967223 -0.9537118
v 0.0117947 0.0185936 -0.0178885 1.000000 1.000000 1.000000
vn -0.0458386 -0.2373942 -0.9703313
v 0.0193608 0.0185731 -0.0183346 1.000000 1.000000 1.000000
vn -0.0146767 -0.1174356 -0.9929721
v 0.0245410 0.0213763 -0.0190417 1.000000 1.000000 1.000000
vn -0.0281770 -0.1780596 -0.9836162
v 0.0283496 0.0189128 -0.0187683 1.000000 1.000000 1.000000
vn -0.0602486 -0.2799144 -0.9581326
v 0.0261243 0.0150212 -0.0177070 1.000000 1.000000 1.000000
vn -0.0512105 -0.2412197 -0.9691185
v 0.0356823 0.0136144 -0.0179337 1.000000 1.000000 1.000000
vn 0.0000079 -0.1078791 -0.9941640
v 0.0341970 0.0189610 -0.0188308 1.000000 1.000000 1.000000
vn -0.0159426 -0.1398866 -0.9900392
v 0.0406286 0.0151901 -0.0184153 1.000000 1.000000 1.000000
vn -0.0128106 -0.1751790 -0.9844533
v 0.0476466 0.0119056 -0.0180155 1.000000 1.000000 1.000000
vn -0.0547748 -0.2811811 -0.9580903
v 0.0468095 0.0086777 -0.0172090 1.000000 1.000000 1.000000
vn -0.0032783 -0.3053008 -0.9522504
v 0.0502079 0.0094894 -0.0175580 1.000000 1.000000 1.000000
vn 0.0133707 -0.1666935 -0.9859181
v 0.0550053 0.0096280 -0.0175807 1.000000 1.000000 1.000000
vn -0.0132303 -0.0739706 -0.9971727
v 0.0142717 0.0253177 -0.0192941 1.000000 1.000000 1.000000
vn 0.0251814 -0.0722146 -0.9970712
v 0.0479106 0.0149040 -0.0183865 1.000000 1.000000 1.000000
vn 0.0361979 -0.1517217 -0.9877602
v -0.0331214 0.0216326 -0.0189024 1.000000 1.000000 1.000000
vn -0.0040191 0.0007366 -0.9999917
v -0.0410018 0.0238649 -0.0192363 1.000000 1.000000 1.000000
vn 0.0054750 -0.0623057 -0.9980421
v -0.0305526 0.0254428 -0.0192655 1.000000 1.000000 1.000000
vn -0.0018803 -0.0437476 -0.9990409
v -0.0041181 0.0285078 -0.0193382 1.000000 1.000000 1.000000
vn 0.0012338 -0.0334034 -0.9994412
v -0.0200005 0.0284303 -0.0193770 1.000000 1.000000 1.000000
vn 0.0079505 0.0119554 -0.9998969
v 0.0144530 0.0279103 -0.0194040 1.000000 1.000000 1.000000
vn 0.0360142 -0.0318672 -0.9988431
v 0.0399118 0.0190361 -0.0187402 1.000000 1.000000 1.000000
vn 0.0123552 -0.0192446 -0.9997385
v 0.0217735 0.0252078 -0.0193019 1.000000 1.000000 1.000000
vn 0.0805455 -0.0236075 -0.9964713
v 0.0578577 0.0123513 -0.0177450 1.000000 1.000000 1.000000
vn 0.0823080 -0.0752579 -0.9937614
v 0.0605939 0.0098139 -0.0173984 1.000000 1.000000 1.000000
vn 0.0572847 -0.1611309 -0.9852691
v 0.0622116 0.0067502 -0.0168933 1.000000 1.000000 1.000000
vn -0.0080030 -0.2530525 -0.9674194
v 0.0595020 0.0042742 -0.0163932 1.000000 1.000000 1.000000
vn 0.0329185 -0.0773726 -0.9964587
v -0.0425744 0.0206692 -0.0191078 1.000000 1.000000 1.000000
vn -0.0190713 0.0076012 -0.9997892
v -0.0501877 0.0194637 -0.0191813 1.000000 1.000000 1.000000
vn 0.0734885 -0.1653046 -0.9835008
v -0.0410482 0.0181286 -0.0187330 1.000000 1.000000 1.000000
vn 0.0833522 -0.1708864 -0.9817588
v -0.0492389 0.0126448 -0.0186422 1.000000 1.000000 1.000000
vn 0.0148328 -0.0678679 -0.9975840
v -0.0508204 0.0157783 -0.0190745 1.000000 1.000000 1.000000
vn 0.0021286 -0.1143560 -0.9934376
v -0.0543843 0.0121261 -0.0187832 1.000000 1.000000 1.000000
vn -0.0558559 -0.0280390 -0.9980451
v -0.0558578 0.0155731 -0.0189613 1.000000 1.000000 1.000000
vn -0.0168964 0.0333866 -0.9992997
v -0.0312051 0.0279531 -0.0193086 1.000000 1.000000 1.000000
vn -0.1158505 -0.0207789 -0.9930493
v -0.0615001 0.0127269 -0.0184220 1.000000 1.000000 1.000000
vn 0.0724930 0.0293152 -0.9969380
v 0.0496314 0.0163114 -0.0183443 1.000000 1.000000 1.000000
vn -0.0580376 -0.0985744 -0.9934359
v -0.0605255 0.0091058 -0.0182846 1.000000 1.000000 1.000000
vn 0.0197566 -0.1562798 -0.9875152
v -0.0560336 0.0094594 -0.0184287 1.000000 1.000000 1.000000
vn -0.0100227 -0.1972980 -0.9802923
v -0.0600529 0.0057797 -0.0178289 1.000000 1.000000 1.000000
vn -0.1033029 -0.1374061 -0.9851133
v -0.0652417 0.0060517 -0.0175699 1.000000 1.000000 1.000000
vn -0.1599325 -0.0528296 -0.9857133
v -0.0662360 0.0080308 -0.0176481 1.000000 1.000000 1.000000
vn 0.0840359 -0.2427372 -0.9664454
v -0.0541418 0.0069099 -0.0178446 1.000000 1.000000 1.000000
vn 0.1305314 -0.0314289 -0.9909459
v 0.0654559 0.0094590 -0.0168190 1.000000 1.000000 1.000000
vn 0.1146157 -0.0887895 -0.9894340
v 0.0677821 0.0062512 -0.0162905 1.000000 1.000000 1.000000
vn 0.0605912 -0.1900562 -0.9799017
v 0.0668651 0.0031595 -0.0159664 1.000000 1.000000 1.000000
vn 0.1213960 -0.1453297 -0.9819075
v 0.0718268 0.0030260 -0.0155189 1.000000 1.000000 1.000000
vn -0.0633266 -0.2421707 -0.9681649
v -0.0645883 0.0032455 -0.0170941 1.000000 1.000000 1.000000
vn 0.1668385 -0.0334897 -0.9854153
v 0.0728017 0.0066116 -0.0156705 1.000000 1.000000 1.000000
vn 0.0610603 -0.2476557 -0.9669221
v -0.0307580 0.0184403 -0.0180790 1.000000 1.000000 1.000000
vn -0.1086703 -0.1876544 -0.9762052
v -0.0677226 0.0033409 -0.0168274 1.000000 1.000000 1.000000
vn 0.0359925 -0.2907188 -0.9561313
v -0.0595751 0.0033194 -0.0171938 1.000000 1.000000 1.000000
vn -0.1918627 -0.1108559 -0.9751409
v -0.0718510 0.0033207 -0.0162079 1.000000 1.000000 1.000000
vn 0.2004588 -0.1049316 -0.9740666
v 0.0765516 0.0031226 -0.0147162 1.000000 1.000000 1.000000
vn -0.0992948 -0.2372659 -0.9663568
v -0.0707461 -0.0001405 -0.0157949 1.000000 1.000000 1.000000
vn -0.2117930 -0.1601086 -0.9641105
v -0.0746808 0.0001404 -0.0152333 1.000000 1.000000 1.000000
vn 0.0086866 -0.3326041 -0.9430265
v -0.0630794 -0.0001544 -0.0161670 1.000000 1.000000 1.000000
vn 0.1289343 -0.2223522 -0.9664034
v 0.0739950 -0.0000360 -0.0146670 1.000000 1.000000 1.000000
vn 0.2115237 -0.2021331 -0.9562426
v 0.0780341 0.0000043 -0.0139229 1.000000 1.000000 1.000000
vn 0.1123579 -0.3291538 -0.9375678
v -0.0553750 0.0031851 -0.0168240 1.000000 1.000000 1.000000
vn -0.1732819 -0.2711729 -0.9468045
v -0.0747146 -0.0027492 -0.0145656 1.000000 1.000000 1.000000
vn -0.0758639 -0.3267801 -0.9420507
v -0.0719116 -0.0029576 -0.0148381 1.000000 1.000000 1.000000
vn -0.0205826 -0.3660409 -0.9303711
v -0.0677519 -0.0031649 -0.0149496 1.000000 1.000000 1.000000
vn 0.1441153 -0.4157589 -0.8979840
v -0.0561054 0.0002511 -0.0157982 1.000000 1.000000 1.000000
vn -0.1049108 -0.3689062 -0.9235269
v -0.0743872 -0.0065005 -0.0132751 1.000000 1.000000 1.000000
vn -0.0082999 -0.4174768 -0.9086497
v -0.0708299 -0.0068073 -0.0133071 1.000000 1.000000 1.000000
vn -0.2921798 -0.2375477 -0.9263920
v -0.0775612 -0.0028125 -0.0138861 1.000000 1.000000 1.000000
vn 0.0601930 -0.4324291 -0.8996565
v -0.0630614 -0.0036226 -0.0146999 1.000000 1.000000 1.000000
vn -0.2520600 -0.3211575 -0.9128656
v -0.0774577 -0.0060211 -0.0128910 1.000000 1.000000 1.000000
vn -0.0219917 -0.3762439 -0.9262596
v -0.0749976 -0.0120623 -0.0107750 1.000000 1.000000 1.000000
vn 0.2104877 -0.4002855 -0.8918893
v -0.0499769 0.0037636 -0.0161003 1.000000 1.000000 1.000000
vn 0.1633628 -0.3156189 -0.9347178
v -0.0504483 0.0061554 -0.0171144 1.000000 1.000000 1.000000
vn -0.1665996 -0.3497342 -0.9219168
v -0.0772332 -0.0105898 -0.0111679 1.000000 1.000000 1.000000
vn 0.0849273 -0.2984751 -0.9506313
v -0.0753783 -0.0161038 -0.0093520 1.000000 1.000000 1.000000
vn -0.0968074 -0.2538712 -0.9623813
v -0.0778439 -0.0144977 -0.0098085 1.000000 1.000000 1.000000
vn -0.0666420 -0.1517353 -0.9861720
v -0.0787129 -0.0167641 -0.0092990 1.000000 1.000000 1.000000
vn 0.1732644 -0.2083329 -0.9625887
v -0.0770569 -0.0200755 -0.0085695 1.000000 1.000000 1.000000
vn -0.0301512 -0.0656545 -0.9973868
v -0.0803060 -0.0201578 -0.0088812 1.000000 1.000000 1.000000
vn 0.2424967 -0.1121149 -0.9636523
v -0.0795216 -0.0250823 -0.0083028 1.000000 1.000000 1.000000
vn 0.0931444 -0.4131839 -0.9058715
v -0.0725476 -0.0134967 -0.0100509 1.000000 1.000000 1.000000
vn 0.1181675 -0.0156964 -0.9928696
v -0.0819079 -0.0252362 -0.0087231 1.000000 1.000000 1.000000
vn -0.2500792 -0.0739031 -0.9654008
v -0.0809413 -0.0160993 -0.0089448 1.000000 1.000000 1.000000
vn -0.3222969 -0.2534928 -0.9120670
v -0.0797333 -0.0114991 -0.0101670 1.000000 1.000000 1.000000
vn -0.1135593 0.0556212 -0.9919731
v -0.0825009 -0.0225434 -0.0086679 1.000000 1.000000 1.000000
vn 0.2820857 -0.3462054 -0.8947455
v -0.0734223 -0.0186515 -0.0081544 1.000000 1.000000 1.000000
vn 0.2024822 -0.4205353 -0.8843930
v -0.0718246 -0.0156988 -0.0089490 1.000000 1.000000 1.000000
vn -0.2590472 0.0817508 -0.9623988
v -0.0833891 -0.0206489 -0.0083519 1.000000 1.000000 1.000000
vn 0.3465871 -0.0953376 -0.9331603
v -0.0817471 -0.0310721 -0.0084400 1.000000 1.000000 1.000000
vn 0.1644263 -0.5132211 -0.8423587
v -0.0684365 -0.0125521 -0.0099458 1.000000 1.000000 1.000000
vn 0.3833714 -0.3068910 -0.8711168
v -0.0747147 -0.0221136 -0.0073072 1.000000 1.000000 1.000000
vn 0.1882143 -0.3483316 -0.9182813
v -0.0423756 0.0096103 -0.0166179 1.000000 1.000000 1.000000
vn 0.0664838 -0.4749167 -0.8775159
v -0.0699341 -0.0096420 -0.0118244 1.000000 1.000000 1.000000
vn 0.0949430 -0.5048731 -0.8579563
v -0.0637486 -0.0063763 -0.0132841 1.000000 1.000000 1.000000
vn 0.1137995 -0.5441731 -0.8312192
v -0.0652365 -0.0086506 -0.0120364 1.000000 1.000000 1.000000
vn 0.0331994 0.0474857 -0.9983200
v -0.0837734 -0.0283408 -0.0089732 1.000000 1.000000 1.000000
vn 0.2226337 -0.0285878 -0.9744830
v -0.0839751 -0.0325894 -0.0090145 1.000000 1.000000 1.000000
vn 0.0220432 0.0752093 -0.9969241
v -0.0861695 -0.0328278 -0.0093220 1.000000 1.000000 1.000000
vn 0.1620233 -0.4932141 -0.8546861
v -0.0584426 -0.0033433 -0.0142744 1.000000 1.000000 1.000000
vn 0.2002474 -0.0272608 -0.9793661
v -0.0876908 -0.0410708 -0.0097544 1.000000 1.000000 1.000000
vn -0.0084535 0.1044355 -0.9944957
v -0.0887449 -0.0369165 -0.0097257 1.000000 1.000000 1.000000
vn 0.0312963 0.0322438 -0.9989899
v -0.0903059 -0.0408609 -0.0101178 1.000000 1.000000 1.000000
vn 0.0052688 -0.2892531 -0.9572381
v -0.0901921 -0.0435629 -0.0100196 1.000000 1.000000 1.000000
vn -0.2494820 -0.2466202 -0.9364492
v -0.0922498 -0.0427857 -0.0100029 1.000000 1.000000 1.000000
vn -0.2083685 0.0888851 -0.9740031
v -0.0926412 -0.0404199 -0.0099430 1.000000 1.000000 1.000000
vn 0.3154051 -0.1725261 -0.9331422
v -0.0867324 -0.0427054 -0.0093982 1.000000 1.000000 1.000000
vn -0.1722831 0.1380143 -0.9753311
v -0.0855131 -0.0270627 -0.0087198 1.000000 1.000000 1.000000
vn 0.2926200 -0.4196633 -0.8592184
v -0.0871184 -0.0456237 -0.0085363 1.000000 1.000000 1.000000
vn 0.0105867 -0.5394359 -0.8419602
v -0.0894301 -0.0449791 -0.0093367 1.000000 1.000000 1.000000
vn 0.3854236 -0.1920837 -0.9025256
v -0.0778106 -0.0256936 -0.0076082 1.000000 1.000000 1.000000
vn -0.1680362 0.1742240 -0.9702628
v -0.0883587 -0.0322795 -0.0090288 1.000000 1.000000 1.000000
vn 0.4850480 -0.1304218 -0.8647072
v -0.0840235 -0.0394237 -0.0084978 1.000000 1.000000 1.000000
vn -0.4868448 -0.0319608 -0.8729036
v -0.0824902 -0.0146420 -0.0084437 1.000000 1.000000 1.000000
vn -0.4066006 -0.2544511 -0.8774570
v -0.0794263 -0.0043215 -0.0127166 1.000000 1.000000 1.000000
vn 0.4787102 -0.2852173 -0.8303540
v -0.0854004 -0.0437711 -0.0085515 1.000000 1.000000 1.000000
vn -0.2302977 0.2261289 -0.9464823
v -0.0917386 -0.0363389 -0.0092187 1.000000 1.000000 1.000000
vn -0.5080867 0.0774282 -0.8578187
v -0.0953992 -0.0399163 -0.0089907 1.000000 1.000000 1.000000
vn 0.2554899 -0.4700569 -0.8448499
v -0.0431245 0.0058002 -0.0150381 1.000000 1.000000 1.000000
vn 0.1922724 -0.4397390 -0.8773032
v -0.0392575 0.0100483 -0.0161430 1.000000 1.000000 1.000000
vn 0.1860258 -0.4694107 -0.8631617
v -0.0364281 0.0089745 -0.0150466 1.000000 1.000000 1.000000
vn 0.1206723 -0.3837006 -0.9155393
v -0.0350998 0.0121812 -0.0163598 1.000000 1.000000 1.000000
vn 0.1254533 -0.5264358 -0.8409083
v -0.0302203 0.0107831 -0.0149739 1.000000 1.000000 1.000000
vn 0.0775020 -0.4616685 -0.8836604
v -0.0254782 0.0132256 -0.0158675 1.000000 1.000000 1.000000
vn 0.2684674 -0.4799006 -0.8352370
v -0.0490556 0.0025213 -0.0152070 1.000000 1.000000 1.000000
vn 0.2428929 -0.5154313 -0.8217869
v -0.0538632 -0.0013544 -0.0143456 1.000000 1.000000 1.000000
vn -0.3279710 -0.5626824 -0.7588304
v -0.0921706 -0.0442125 -0.0092007 1.000000 1.000000 1.000000
vn 0.2243323 -0.5800359 -0.7830923
v -0.0583726 -0.0060785 -0.0125346 1.000000 1.000000 1.000000
vn 0.1992883 -0.6074834 -0.7689266
v -0.0612865 -0.0083494 -0.0115243 1.000000 1.000000 1.000000
vn -0.4874277 -0.1673499 -0.8569763
v -0.0814612 -0.0112226 -0.0094351 1.000000 1.000000 1.000000
vn 0.3231314 -0.5189413 -0.7913823
v -0.0701356 -0.0166530 -0.0078675 1.000000 1.000000 1.000000
vn 0.2402990 -0.5950505 -0.7669233
v -0.0664303 -0.0126791 -0.0093465 1.000000 1.000000 1.000000
vn 0.5090440 -0.2041444 -0.8361814
v -0.0796496 -0.0309980 -0.0074482 1.000000 1.000000 1.000000
vn 0.5783340 -0.1784209 -0.7960501
v -0.0819739 -0.0362668 -0.0077534 1.000000 1.000000 1.000000
vn 0.4447080 -0.5558093 -0.7023609
v -0.0693331 -0.0177624 -0.0066770 1.000000 1.000000 1.000000
vn -0.3276004 0.2497785 -0.9112018
v -0.0897056 -0.0314815 -0.0085118 1.000000 1.000000 1.000000
vn -0.4409257 0.2169610 -0.8709263
v -0.0858895 -0.0229488 -0.0077973 1.000000 1.000000 1.000000
vn -0.5916660 0.1037721 -0.7994765
v -0.0835963 -0.0166838 -0.0078121 1.000000 1.000000 1.000000
vn -0.5169609 -0.2960097 -0.8031997
v -0.0944716 -0.0426557 -0.0088771 1.000000 1.000000 1.000000
vn 0.5142973 -0.3043436 -0.8017938
v -0.0760413 -0.0257406 -0.0066764 1.000000 1.000000 1.000000
vn 0.5446369 -0.4694524 -0.6949714
v -0.0717661 -0.0214666 -0.0058570 1.000000 1.000000 1.000000
vn 0.5592988 -0.4276052 -0.7101681
v -0.0851022 -0.0458071 -0.0072220 1.000000 1.000000 1.000000
vn -0.0814219 -0.6981173 -0.7113386
v -0.0894529 -0.0460471 -0.0082859 1.000000 1.000000 1.000000
vn -0.3146702 -0.6463622 -0.6951249
v -0.0922322 -0.0450617 -0.0083907 1.000000 1.000000 1.000000
vn 0.6702247 -0.3098632 -0.6743765
v -0.0841179 -0.0438329 -0.0075559 1.000000 1.000000 1.000000
vn -0.6999531 0.0268969 -0.7136822
v -0.0961514 -0.0399410 -0.0083937 1.000000 1.000000 1.000000
vn 0.6356668 -0.3209555 -0.7020792
v -0.0774276 -0.0296929 -0.0061750 1.000000 1.000000 1.000000
vn 0.6983319 -0.2681025 -0.6636668
v -0.0808416 -0.0362182 -0.0067642 1.000000 1.000000 1.000000
vn 0.5891885 -0.3795646 -0.7132936
v -0.0742051 -0.0257473 -0.0052368 1.000000 1.000000 1.000000
vn -0.5012649 0.3148232 -0.8059900
v -0.0887683 -0.0278867 -0.0078113 1.000000 1.000000 1.000000
vn -0.5365055 0.3818469 -0.7525655
v -0.0923605 -0.0333667 -0.0078729 1.000000 1.000000 1.000000
vn -0.6782566 0.2590897 -0.6876340
v -0.0860036 -0.0200388 -0.0067956 1.000000 1.000000 1.000000
vn -0.6214159 0.3522935 -0.6998083
v -0.0884450 -0.0256651 -0.0070519 1.000000 1.000000 1.000000
vn -0.7062467 -0.2720838 -0.6535947
v -0.0964452 -0.0421191 -0.0071696 1.000000 1.000000 1.000000
vn -0.6703070 0.3866880 -0.6333727
v -0.0961100 -0.0379176 -0.0075070 1.000000 1.000000 1.000000
vn 0.7210838 -0.3834441 -0.5770690
v -0.0838717 -0.0453516 -0.0062391 1.000000 1.000000 1.000000
vn -0.8266445 0.1342015 -0.5464878
v -0.0974410 -0.0399349 -0.0067791 1.000000 1.000000 1.000000
vn -0.6958963 0.4532059 -0.5570752
v -0.0934810 -0.0327659 -0.0064107 1.000000 1.000000 1.000000
vn -0.6954598 0.4175686 -0.5847839
v -0.0907211 -0.0271213 -0.0055124 1.000000 1.000000 1.000000
vn -0.7730383 0.3515301 -0.5280516
v -0.0874421 -0.0212926 -0.0056773 1.000000 1.000000 1.000000
vn -0.8044596 0.3524091 -0.4781763
v -0.0974405 -0.0379889 -0.0056442 1.000000 1.000000 1.000000
vn -0.7608629 0.4670002 -0.4505536
v -0.0939048 -0.0318207 -0.0047153 1.000000 1.000000 1.000000
vn -0.7908686 0.4235392 -0.4417481
v -0.0889263 -0.0229015 -0.0045627 1.000000 1.000000 1.000000
vn -0.8562733 0.3109277 -0.4124560
v -0.0877814 -0.0193576 -0.0035129 1.000000 1.000000 1.000000
vn -0.8916619 0.2278885 -0.3911597
v -0.0866627 -0.0157470 -0.0033974 1.000000 1.000000 1.000000
vn -0.9018731 0.2177787 -0.3730918
v -0.0984126 -0.0400570 -0.0045016 1.000000 1.000000 1.000000
vn -0.0756796 -0.5720338 -0.8167313
v 0.0085192 0.0129114 -0.0151536 1.000000 1.000000 1.000000
vn -0.1552464 -0.7497694 -0.6432296
v 0.0121380 0.0108917 -0.0139735 1.000000 1.000000 1.000000
vn -0.0791502 -0.7646784 -0.6395329
v 0.0057550 0.0120117 -0.0140650 1.000000 1.000000 1.000000
vn -0.1339485 -0.5599994 -0.8175931
v 0.0145359 0.0115335 -0.0150064 1.000000 1.000000 1.000000
vn -0.1989947 -0.7286448 -0.6553456
v 0.0212013 0.0084035 -0.0138486 1.000000 1.000000 1.000000
vn -0.1488023 -0.5529971 -0.8197879
v 0.0223459 0.0092149 -0.0147586 1.000000 1.000000 1.000000
vn -0.1985872 -0.6588724 -0.7255690
v 0.0274669 0.0068292 -0.0140716 1.000000 1.000000 1.000000
vn -0.1671089 -0.5536644 -0.8158005
v 0.0349096 0.0047210 -0.0142228 1.000000 1.000000 1.000000
vn -0.2609713 -0.7479269 -0.6103272
v 0.0369035 0.0028945 -0.0132252 1.000000 1.000000 1.000000
vn -0.1101830 -0.4289040 -0.8966054
v 0.0253105 0.0106048 -0.0159620 1.000000 1.000000 1.000000
vn -0.0722307 -0.4094920 -0.9094499
v 0.0116626 0.0149337 -0.0165242 1.000000 1.000000 1.000000
vn -0.1225764 -0.4434427 -0.8878815
v 0.0396421 0.0042582 -0.0147181 1.000000 1.000000 1.000000
vn -0.1093378 -0.4032637 -0.9085283
v 0.0487930 0.0018645 -0.0148654 1.000000 1.000000 1.000000
vn -0.1989202 -0.6007931 -0.7742599
v 0.0429958 0.0011098 -0.0135460 1.000000 1.000000 1.000000
vn -0.1281229 -0.4672329 -0.8748017
v 0.0507440 -0.0005448 -0.0139708 1.000000 1.000000 1.000000
vn -0.1709321 -0.5801155 -0.7963970
v 0.0519436 -0.0021731 -0.0131966 1.000000 1.000000 1.000000
vn -0.0722795 -0.4215824 -0.9039049
v 0.0605919 -0.0026251 -0.0140998 1.000000 1.000000 1.000000
vn -0.1084190 -0.5634227 -0.8190240
v 0.0608018 -0.0049833 -0.0128432 1.000000 1.000000 1.000000
vn -0.0559087 -0.5035779 -0.8621389
v 0.0663419 -0.0057041 -0.0128488 1.000000 1.000000 1.000000
vn -0.0968387 -0.3862424 -0.9172999
v 0.0338741 0.0088163 -0.0161513 1.000000 1.000000 1.000000
vn -0.0815338 -0.3480624 -0.9339191
v 0.0481008 0.0051265 -0.0160976 1.000000 1.000000 1.000000
vn -0.0302107 -0.5886371 -0.8078327
v 0.0008561 0.0136528 -0.0152008 1.000000 1.000000 1.000000
vn -0.0310629 -0.4242379 -0.9050179
v 0.0029932 0.0155198 -0.0163271 1.000000 1.000000 1.000000
vn -0.0761836 -0.3494996 -0.9338341
v 0.0210236 0.0143558 -0.0170888 1.000000 1.000000 1.000000
vn -0.0791347 -0.3326243 -0.9397334
v 0.0340080 0.0106708 -0.0168749 1.000000 1.000000 1.000000
vn -0.0540815 -0.3190216 -0.9462032
v 0.0550326 0.0036059 -0.0160273 1.000000 1.000000 1.000000
vn -0.0311825 -0.3355000 -0.9415240
v 0.0616836 -0.0006367 -0.0149528 1.000000 1.000000 1.000000
vn 0.0256006 -0.3555019 -0.9343249
v 0.0698343 -0.0033808 -0.0139911 1.000000 1.000000 1.000000
vn 0.0482888 -0.4105932 -0.9105392
v 0.0742396 -0.0062986 -0.0126948 1.000000 1.000000 1.000000
vn 0.0009154 -0.4261996 -0.9046288
v -0.0072179 0.0156808 -0.0162945 1.000000 1.000000 1.000000
vn 0.0026475 -0.3216315 -0.9468613
v -0.0075900 0.0185575 -0.0173748 1.000000 1.000000 1.000000
vn 0.0387921 -0.2753287 -0.9605672
v 0.0678784 -0.0001000 -0.0151474 1.000000 1.000000 1.000000
vn 0.0216538 -0.3792529 -0.9250396
v -0.0140655 0.0164369 -0.0167113 1.000000 1.000000 1.000000
vn 0.0375216 -0.4790533 -0.8769835
v -0.0149414 0.0143237 -0.0157636 1.000000 1.000000 1.000000
vn 0.0623463 -0.3365254 -0.9396082
v -0.0271854 0.0158406 -0.0170418 1.000000 1.000000 1.000000
vn 0.1381757 -0.2704470 -0.9527676
v 0.0755930 -0.0030758 -0.0136173 1.000000 1.000000 1.000000
vn 0.1504994 -0.3638932 -0.9192017
v 0.0780985 -0.0064000 -0.0123022 1.000000 1.000000 1.000000
vn 0.0962374 -0.2894008 -0.9523579
v -0.0371535 0.0151426 -0.0176381 1.000000 1.000000 1.000000
vn 0.1382399 -0.2417473 -0.9604416
v -0.0430718 0.0145469 -0.0182299 1.000000 1.000000 1.000000
vn 0.1525664 -0.2604839 -0.9533476
v -0.0478486 0.0102478 -0.0179051 1.000000 1.000000 1.000000
vn 0.2484207 -0.2375040 -0.9390842
v 0.0824310 -0.0036719 -0.0119905 1.000000 1.000000 1.000000
vn 0.2109065 -0.2277471 -0.9506049
v 0.0805348 -0.0022983 -0.0126692 1.000000 1.000000 1.000000
vn 0.3025105 -0.1782821 -0.9363241
v 0.0835547 -0.0005953 -0.0124657 1.000000 1.000000 1.000000
vn 0.2711877 -0.3122198 -0.9104812
v 0.0830867 -0.0062096 -0.0111052 1.000000 1.000000 1.000000
vn 0.3594326 -0.2737732 -0.8921078
v 0.0858581 -0.0055385 -0.0103532 1.000000 1.000000 1.000000
vn 0.2573492 -0.4322674 -0.8642432
v 0.0843862 -0.0091245 -0.0095258 1.000000 1.000000 1.000000
vn 0.1297696 -0.5331504 -0.8360087
v 0.0795049 -0.0086926 -0.0108698 1.000000 1.000000 1.000000
vn 0.0028341 -0.5989727 -0.8007644
v 0.0738347 -0.0085345 -0.0114524 1.000000 1.000000 1.000000
vn 0.0319415 -0.6159240 -0.7871578
v -0.0106168 0.0135372 -0.0150683 1.000000 1.000000 1.000000
vn 0.4139443 -0.1719499 -0.8939146
v 0.0875260 -0.0011668 -0.0107289 1.000000 1.000000 1.000000
vn 0.3732873 -0.3068895 -0.8754858
v 0.0904441 -0.0099057 -0.0068816 1.000000 1.000000 1.000000
vn 0.0836430 -0.6324967 -0.7700336
v -0.0195728 0.0124646 -0.0148238 1.000000 1.000000 1.000000
vn 0.1352383 -0.6449451 -0.7521678
v -0.0268413 0.0105812 -0.0142875 1.000000 1.000000 1.000000
vn -0.0972532 -0.6771303 -0.7294083
v 0.0695843 -0.0085922 -0.0111548 1.000000 1.000000 1.000000
vn 0.2055380 -0.5531756 -0.8073109
v 0.0880424 -0.0120350 -0.0067315 1.000000 1.000000 1.000000
vn 0.3491002 -0.3448058 -0.8713427
v 0.0920981 -0.0117983 -0.0055762 1.000000 1.000000 1.000000
vn 0.2240179 -0.6096722 -0.7603393
v 0.0929359 -0.0142031 -0.0039983 1.000000 1.000000 1.000000
vn 0.1639796 -0.6051471 -0.7790429
v 0.0851834 -0.0111137 -0.0080880 1.000000 1.000000 1.000000
vn 0.1978544 -0.6248388 -0.7552683
v -0.0323988 0.0087977 -0.0140014 1.000000 1.000000 1.000000
vn 0.4453334 -0.5193104 -0.7293798
v 0.0963615 -0.0144522 -0.0025089 1.000000 1.000000 1.000000
vn -0.1729422 -0.7587784 -0.6279700
v 0.0617022 -0.0066591 -0.0115672 1.000000 1.000000 1.000000
vn 0.5215570 -0.2484807 -0.8162327
v 0.0960404 -0.0124479 -0.0035464 1.000000 1.000000 1.000000
vn -0.2265907 -0.7452398 -0.6271160
v 0.0565211 -0.0047668 -0.0121693 1.000000 1.000000 1.000000
vn 0.2528071 -0.5661893 -0.7845497
v -0.0377368 0.0071679 -0.0142787 1.000000 1.000000 1.000000
vn 0.3313618 -0.5883731 -0.7375747
v -0.0431487 0.0033307 -0.0134301 1.000000 1.000000 1.000000
vn 0.0635821 -0.7082823 -0.7030601
v 0.0810289 -0.0109764 -0.0088344 1.000000 1.000000 1.000000
vn 0.0085309 -0.7338571 -0.6792503
v 0.0768162 -0.0103004 -0.0097791 1.000000 1.000000 1.000000
vn 0.4229389 -0.2478705 -0.8715979
v 0.0891661 -0.0061819 -0.0085757 1.000000 1.000000 1.000000
vn -0.1133082 -0.8274474 -0.5499927
v 0.0713047 -0.0097541 -0.0100795 1.000000 1.000000 1.000000
vn 0.4553527 -0.2495351 -0.8546263
v 0.0921220 -0.0062010 -0.0071545 1.000000 1.000000 1.000000
vn 0.3251319 -0.5747683 -0.7509531
v -0.0487728 0.0000429 -0.0134923 1.000000 1.000000 1.000000
vn 0.2831684 -0.5751951 -0.7674414
v -0.0546915 -0.0037229 -0.0129710 1.000000 1.000000 1.000000
vn -0.0254998 -0.7953619 -0.6055983
v -0.0009307 0.0125820 -0.0141299 1.000000 1.000000 1.000000
vn 0.0441952 -0.7789638 -0.6255096
v -0.0103405 0.0125437 -0.0140796 1.000000 1.000000 1.000000
vn 0.0202351 -0.8119458 -0.5833820
v 0.0895135 -0.0141809 -0.0045807 1.000000 1.000000 1.000000
vn 0.0273971 -0.7812706 -0.6235910
v 0.0855464 -0.0128397 -0.0063401 1.000000 1.000000 1.000000
vn -0.2488458 -0.7518373 -0.6105871
v 0.0526575 -0.0032522 -0.0124316 1.000000 1.000000 1.000000
vn 0.3466879 -0.6428949 -0.6830034
v -0.0551389 -0.0062272 -0.0110951 1.000000 1.000000 1.000000
vn -0.2766208 -0.8036963 -0.5268332
v 0.0485782 -0.0019146 -0.0123906 1.000000 1.000000 1.000000
vn 0.2872625 -0.6499983 -0.7035499
v -0.0572676 -0.0084860 -0.0099803 1.000000 1.000000 1.000000
vn 0.3000340 -0.6189242 -0.7258874
v -0.0381008 0.0053433 -0.0129018 1.000000 1.000000 1.000000
vn 0.2381275 -0.6662348 -0.7067012
v -0.0335389 0.0075935 -0.0132248 1.000000 1.000000 1.000000
vn 0.1947601 -0.7408163 -0.6428528
v -0.0280287 0.0094167 -0.0132801 1.000000 1.000000 1.000000
vn 0.1319671 -0.7135233 -0.6880910
v -0.0229275 0.0109012 -0.0138483 1.000000 1.000000 1.000000
vn 0.0683844 -0.7453613 -0.6631441
v -0.0170313 0.0117362 -0.0137625 1.000000 1.000000 1.000000
vn 0.2532777 -0.6531202 -0.7136417
v -0.0630277 -0.0120253 -0.0087336 1.000000 1.000000 1.000000
vn 0.3328184 -0.6126211 -0.7168873
v -0.0658138 -0.0146014 -0.0074604 1.000000 1.000000 1.000000
vn 0.3716918 -0.6470576 -0.6657040
v -0.0506105 -0.0030078 -0.0116805 1.000000 1.000000 1.000000
vn 0.3729056 -0.6278393 -0.6831978
v -0.0465760 -0.0002463 -0.0120739 1.000000 1.000000 1.000000
vn -0.2575845 -0.7983059 -0.5443876
v 0.0284213 0.0057818 -0.0133143 1.000000 1.000000 1.000000
vn 0.1180671 -0.8136517 -0.5692373
v 0.0937349 -0.0152557 -0.0026366 1.000000 1.000000 1.000000
vn -0.1902858 -0.8213827 -0.5377005
v 0.0649630 -0.0078528 -0.0109493 1.000000 1.000000 1.000000
vn 0.6352729 -0.0947348 -0.7664552
v 0.0961064 -0.0101783 -0.0038782 1.000000 1.000000 1.000000
vn -0.2946159 -0.8249371 -0.4823693
v 0.0442173 -0.0004627 -0.0123151 1.000000 1.000000 1.000000
vn -0.2943425 -0.8136941 -0.5012628
v 0.0405887 0.0010568 -0.0125414 1.000000 1.000000 1.000000
vn 0.2996551 -0.8657352 -0.4008858
v 0.0961332 -0.0157636 -0.0011689 1.000000 1.000000 1.000000
vn 0.3604571 -0.6598280 -0.6593161
v -0.0420784 0.0027501 -0.0122639 1.000000 1.000000 1.000000
vn -0.0512993 -0.8618205 -0.5046127
v 0.0791908 -0.0117104 -0.0079158 1.000000 1.000000 1.000000
vn 0.3962412 -0.6723591 -0.6252409
v -0.0527470 -0.0061525 -0.0096665 1.000000 1.000000 1.000000
vn 0.4058881 -0.6785085 -0.6122754
v -0.0482540 -0.0021516 -0.0110671 1.000000 1.000000 1.000000
vn -0.0904816 -0.8797830 -0.4666851
v 0.0742950 -0.0107231 -0.0089751 1.000000 1.000000 1.000000
vn 0.6221884 -0.1453169 -0.7692624
v 0.0975218 -0.0121810 -0.0023896 1.000000 1.000000 1.000000
vn 0.5595005 -0.5507033 -0.6194232
v 0.0977014 -0.0144405 -0.0014214 1.000000 1.000000 1.000000
vn 0.5373276 -0.5726819 -0.6191240
v -0.0683981 -0.0187012 -0.0049829 1.000000 1.000000 1.000000
vn 0.0132631 -0.8820301 -0.4710063
v -0.0081753 0.0118649 -0.0127394 1.000000 1.000000 1.000000
vn -0.1204781 -0.8522189 -0.5091246
v 0.0064115 0.0113786 -0.0131621 1.000000 1.000000 1.000000
vn -0.2022895 -0.8430482 -0.4983459
v 0.0128306 0.0099459 -0.0127110 1.000000 1.000000 1.000000
vn 0.6848522 -0.0316851 -0.7279928
v 0.0976566 -0.0107813 -0.0023156 1.000000 1.000000 1.000000
vn -0.0952538 -0.9198335 -0.3805695
v 0.0817642 -0.0129604 -0.0057355 1.000000 1.000000 1.000000
vn 0.6317667 -0.4688510 -0.6172921
v -0.0716395 -0.0230243 -0.0045114 1.000000 1.000000 1.000000
vn -0.2274747 -0.8647943 -0.4476451
v 0.0166512 0.0092558 -0.0132832 1.000000 1.000000 1.000000
vn -0.2800969 -0.8888538 -0.3626080
v 0.0239162 0.0068741 -0.0126274 1.000000 1.000000 1.000000
vn -0.2948729 -0.8521409 -0.4323262
v 0.0335488 0.0036548 -0.0126615 1.000000 1.000000 1.000000
vn -0.0476472 -0.8807459 -0.4711861
v -0.0006861 0.0118410 -0.0127695 1.000000 1.000000 1.000000
vn -0.2689492 -0.8804762 -0.3904204
v 0.0601359 -0.0066851 -0.0107238 1.000000 1.000000 1.000000
vn 0.6599530 -0.3810726 -0.6474919
v -0.0756882 -0.0286913 -0.0049706 1.000000 1.000000 1.000000
vn 0.7230912 -0.3341409 -0.6045569
v -0.0778213 -0.0326629 -0.0050029 1.000000 1.000000 1.000000
vn -0.3175781 -0.8783775 -0.3572073
v 0.0539038 -0.0043943 -0.0111561 1.000000 1.000000 1.000000
vn -0.0094422 -0.9594033 -0.2818796
v 0.0938529 -0.0159056 -0.0013350 1.000000 1.000000 1.000000
vn -0.3273132 -0.8887420 -0.3209419
v 0.0368227 0.0021494 -0.0118201 1.000000 1.000000 1.000000
vn -0.2343181 -0.9179714 -0.3200368
v 0.0676750 -0.0095956 -0.0087469 1.000000 1.000000 1.000000
vn 0.7176111 -0.0221136 -0.6960930
v 0.0981864 -0.0094789 -0.0017561 1.000000 1.000000 1.000000
vn 0.7605498 -0.2975194 -0.5771016
v -0.0801318 -0.0373681 -0.0052494 1.000000 1.000000 1.000000
vn -0.1264360 -0.9583762 -0.2559863
v 0.0901009 -0.0151811 -0.0023770 1.000000 1.000000 1.000000
vn 0.4937643 -0.8033476 -0.3329104
v 0.0976423 -0.0152071 -0.0002735 1.000000 1.000000 1.000000
vn -0.1788127 -0.9404235 -0.2891878
v 0.0725472 -0.0111135 -0.0073496 1.000000 1.000000 1.000000
vn -0.3190658 -0.9096816 -0.2658504
v 0.0299302 0.0045889 -0.0117137 1.000000 1.000000 1.000000
vn 0.7871648 -0.3033492 -0.5369832
v -0.0824425 -0.0432654 -0.0054205 1.000000 1.000000 1.000000
vn -0.2619493 -0.9248769 -0.2756543
v 0.0173119 0.0084638 -0.0117137 1.000000 1.000000 1.000000
vn -0.3474146 -0.9060884 -0.2414687
v 0.0422361 -0.0001606 -0.0110331 1.000000 1.000000 1.000000
vn -0.1478629 -0.9572240 -0.2487144
v 0.0818053 -0.0134346 -0.0042599 1.000000 1.000000 1.000000
vn -0.3369262 -0.9086441 -0.2466713
v 0.0487747 -0.0026691 -0.0104286 1.000000 1.000000 1.000000
vn -0.3134604 -0.9202237 -0.2343736
v 0.0589457 -0.0069691 -0.0087048 1.000000 1.000000 1.000000
vn -0.2865184 -0.9392911 -0.1887838
v 0.0227752 0.0066592 -0.0105440 1.000000 1.000000 1.000000
vn -0.1831169 -0.9669503 -0.1774131
v 0.0758387 -0.0124473 -0.0042022 1.000000 1.000000 1.000000
vn -0.2481505 -0.9569244 -0.1507215
v 0.0698428 -0.0110900 -0.0045167 1.000000 1.000000 1.000000
vn -0.1613792 -0.9779612 -0.1324716
v 0.0840539 -0.0142308 -0.0021785 1.000000 1.000000 1.000000
vn -0.2973774 -0.9451714 -0.1349728
v 0.0646580 -0.0095065 -0.0049858 1.000000 1.000000 1.000000
vn 0.1902595 -0.9697801 -0.1527342
v 0.0961803 -0.0161084 0.0007545 1.000000 1.000000 1.000000
vn -0.3532364 -0.9241089 -0.1457627
v 0.0490995 -0.0034022 -0.0074251 1.000000 1.000000 1.000000
vn -0.3453906 -0.9290649 -0.1324525
v 0.0578201 -0.0069931 -0.0063912 1.000000 1.000000 1.000000
vn -0.3336953 -0.9328378 -0.1358716
v 0.0320840 0.0034726 -0.0099119 1.000000 1.000000 1.000000
vn -0.3582792 -0.9245697 -0.1296418
v 0.0372613 0.0014263 -0.0090111 1.000000 1.000000 1.000000
vn -0.3147052 -0.9444934 -0.0943022
v 0.0263992 0.0053572 -0.0090905 1.000000 1.000000 1.000000
vn -0.1114697 -0.9866121 -0.1190423
v 0.0928860 -0.0161034 0.0008109 1.000000 1.000000 1.000000
vn -0.2795526 -0.9473838 -0.1559304
v 0.0163323 0.0083083 -0.0090123 1.000000 1.000000 1.000000
vn -0.2045432 -0.9722850 -0.1132427
v 0.0746777 -0.0128054 0.0004527 1.000000 1.000000 1.000000
vn -0.3636230 -0.9272382 -0.0894853
v 0.0466672 -0.0027124 -0.0055412 1.000000 1.000000 1.000000
vn -0.1699099 -0.9824784 -0.0765956
v 0.0872828 -0.0149715 0.0011844 1.000000 1.000000 1.000000
vn -0.3663315 -0.9281305 -0.0661439
v 0.0535403 -0.0055457 -0.0033871 1.000000 1.000000 1.000000
vn -0.3451472 -0.9354209 -0.0765592
v 0.0578736 -0.0073025 -0.0034118 1.000000 1.000000 1.000000
vn -0.1705964 -0.9816849 -0.0848031
v 0.0797563 -0.0137612 0.0010302 1.000000 1.000000 1.000000
vn -0.2706868 -0.9587324 -0.0869537
v 0.0694939 -0.0113933 -0.0003705 1.000000 1.000000 1.000000
vn -0.3519278 -0.9339239 -0.0627144
v 0.0336888 0.0025515 -0.0059761 1.000000 1.000000 1.000000
vn -0.3736914 -0.9254573 -0.0623175
v 0.0419575 -0.0010248 -0.0025003 1.000000 1.000000 1.000000
vn -0.3167622 -0.9463252 -0.0642684
v 0.0643657 -0.0097643 -0.0001688 1.000000 1.000000 1.000000
vn -0.3218110 -0.9455969 -0.0477936
v 0.0244447 0.0057346 -0.0048961 1.000000 1.000000 1.000000
vn -0.3389738 -0.9401418 -0.0350745
v 0.0587098 -0.0077376 0.0001689 1.000000 1.000000 1.000000
vn -0.3660176 -0.9295626 -0.0440986
v 0.0345693 0.0019840 -0.0013232 1.000000 1.000000 1.000000
vn -0.3262222 -0.9446928 -0.0336852
v 0.0276871 0.0044907 -0.0003561 1.000000 1.000000 1.000000
vn -0.3101013 -0.9499115 -0.0387991
v 0.0224170 0.0061978 -0.0000292 1.000000 1.000000 1.000000
vn -0.3642802 -0.9306879 -0.0334680
v 0.0468494 -0.0030786 0.0008365 1.000000 1.000000 1.000000
vn -0.3595463 -0.9327994 -0.0247353
v 0.0536094 -0.0057048 0.0016098 1.000000 1.000000 1.000000
vn -0.3141824 -0.9493614 -0.0015715
v 0.0269890 0.0046972 0.0081909 1.000000 1.000000 1.000000
vn -0.3262404 -0.9452693 -0.0057554
v 0.0276871 0.0044907 -0.0003561 1.000000 1.000000 1.000000
vn -0.3631198 -0.9316994 -0.0089677
v 0.0345693 0.0019840 -0.0013232 1.000000 1.000000 1.000000
vn -0.3622364 -0.9320537 -0.0077864
v 0.0349391 0.0017826 0.0037004 1.000000 1.000000 1.000000
vn -0.3802252 -0.9248796 -0.0051444
v 0.0419575 -0.0010248 -0.0025003 1.000000 1.000000 1.000000
vn -0.3742704 -0.9273194 -0.0006422
v 0.0386125 0.0003200 0.0050692 1.000000 1.000000 1.000000
vn -0.3838615 -0.9233738 -0.0055816
v 0.0468494 -0.0030786 0.0008365 1.000000 1.000000 1.000000
vn -0.2956705 -0.9552858 -0.0028424
v 0.0259583 0.0050073 0.0053249 1.000000 1.000000 1.000000
vn -0.2999130 -0.9539347 -0.0078059
v 0.0187343 0.0072604 0.0075319 1.000000 1.000000 1.000000
vn -0.3048199 -0.9523560 -0.0101469
v 0.0224170 0.0061978 -0.0000292 1.000000 1.000000 1.000000
vn -0.2840383 -0.9588130 -0.0001339
v 0.0694939 -0.0113933 -0.0003705 1.000000 1.000000 1.000000
vn -0.3204072 -0.9472778 0.0019915
v 0.0643173 -0.0097561 0.0037192 1.000000 1.000000 1.000000
vn -0.3195227 -0.9475766 -0.0019748
v 0.0643657 -0.0097643 -0.0001688 1.000000 1.000000 1.000000
vn -0.2836700 -0.9589216 0.0008914
v 0.0701810 -0.0115914 0.0052021 1.000000 1.000000 1.000000
vn -0.2625469 -0.9649174 -0.0019262
v 0.0746777 -0.0128054 0.0004527 1.000000 1.000000 1.000000
vn -0.3611979 -0.9324849 -0.0028351
v 0.0587098 -0.0077376 0.0001689 1.000000 1.000000 1.000000
vn -0.3557361 -0.9345135 0.0116786
v 0.0583844 -0.0075602 0.0044538 1.000000 1.000000 1.000000
vn -0.3730460 -0.9277400 -0.0116330
v 0.0536094 -0.0057048 0.0016098 1.000000 1.000000 1.000000
vn -0.3759298 -0.9263245 -0.0244911
v 0.0535403 -0.0055457 -0.0033871 1.000000 1.000000 1.000000
vn -0.3757335 -0.9263953 -0.0248202
v 0.0578736 -0.0073025 -0.0034118 1.000000 1.000000 1.000000
vn -0.9886018 -0.0072886 0.1503774
v -0.0857051 -0.0061295 0.0036615 1.000000 1.000000 1.000000
vn -0.9960209 -0.0073064 0.0888201
v -0.0861260 -0.0067441 0.0000633 1.000000 1.000000 1.000000
vn -0.9939578 -0.0061253 0.1095917
v -0.0860404 -0.0097673 0.0006746 1.000000 1.000000 1.000000
vn -0.9873359 0.0143122 0.1579967
v -0.0857554 -0.0025820 0.0030258 1.000000 1.000000 1.000000
vn -0.9822780 0.0194762 0.1864148
v -0.0850854 -0.0032983 0.0066309 1.000000 1.000000 1.000000
vn -0.9722185 -0.0437593 0.2299484
v -0.0854283 -0.0101515 0.0031895 1.000000 1.000000 1.000000
vn -0.9636610 0.0695008 0.2579284
v -0.0857495 -0.0125174 0.0020423 1.000000 1.000000 1.000000
vn -0.9845288 0.1183839 0.1291835
v -0.0862203 -0.0124064 0.0003067 1.000000 1.000000 1.000000
vn -0.9961629 0.0872155 -0.0072854
v -0.0860088 -0.0110034 -0.0024339 1.000000 1.000000 1.000000
vn -0.9717082 0.2355181 0.0177330
v -0.0868858 -0.0158874 -0.0017304 1.000000 1.000000 1.000000
vn -0.9601292 0.2415138 0.1407941
v -0.0868321 -0.0158151 0.0001185 1.000000 1.000000 1.000000
vn -0.9378791 0.3237100 0.1248788
v -0.0880002 -0.0194320 -0.0010488 1.000000 1.000000 1.000000
vn -0.9021726 0.3548383 0.2453047
v -0.0879372 -0.0198722 0.0003761 1.000000 1.000000 1.000000
vn -0.9180118 0.2685710 0.2917601
v -0.0858916 -0.0150260 0.0023513 1.000000 1.000000 1.000000
vn -0.8961725 0.4375007 0.0739474
v -0.0901158 -0.0241048 -0.0017238 1.000000 1.000000 1.000000
vn -0.8784045 0.4394670 0.1878150
v -0.0909053 -0.0258797 -0.0004995 1.000000 1.000000 1.000000
vn -0.8601061 0.4842789 0.1602857
v -0.0940688 -0.0315613 -0.0016261 1.000000 1.000000 1.000000
vn -0.8658556 0.4611734 0.1939414
v -0.0931109 -0.0304208 0.0001522 1.000000 1.000000 1.000000
vn -0.8470701 0.4989138 0.1831865
v -0.0949551 -0.0335699 -0.0001112 1.000000 1.000000 1.000000
vn -0.8809804 0.4158394 0.2257239
v -0.0979054 -0.0376782 -0.0023616 1.000000 1.000000 1.000000
vn -0.8503520 0.4690807 0.2384637
v -0.0966492 -0.0369206 0.0006275 1.000000 1.000000 1.000000
vn -0.8888015 0.3925219 0.2365556
v -0.0974964 -0.0383469 0.0002848 1.000000 1.000000 1.000000
vn -0.9258367 0.3068380 0.2206285
v -0.0984324 -0.0401760 -0.0010994 1.000000 1.000000 1.000000
vn -0.8700760 0.3906625 0.3005836
v -0.0896849 -0.0240046 0.0006444 1.000000 1.000000 1.000000
vn -0.8328450 0.4417216 0.3335434
v -0.0914551 -0.0279642 0.0008883 1.000000 1.000000 1.000000
vn -0.8390439 0.3801294 0.3892390
v -0.0868013 -0.0193227 0.0022878 1.000000 1.000000 1.000000
vn -0.1846601 -0.9827989 -0.0026156
v 0.0767003 -0.0131964 0.0045618 1.000000 1.000000 1.000000
vn -0.1846601 -0.9827989 -0.0026156
v 0.0746777 -0.0128054 0.0004527 1.000000 1.000000 1.000000
vn -0.1846601 -0.9827989 -0.0026156
v 0.0797563 -0.0137612 0.0010302 1.000000 1.000000 1.000000
vn 0.6123990 -0.7902047 -0.0233232
v -0.0557090 -0.0097281 -0.0007149 1.000000 1.000000 1.000000
vn 0.6123990 -0.7902047 -0.0233232
v -0.0561904 -0.0099755 -0.0049739 1.000000 1.000000 1.000000
vn 0.6123990 -0.7902047 -0.0233232
v -0.0528060 -0.0073307 -0.0057157 1.000000 1.000000 1.000000
vn -0.7978936 0.4783473 -0.3668102
v -0.0939048 -0.0318207 -0.0047153 1.000000 1.000000 1.000000
vn -0.8137524 0.4536874 -0.3632834
v -0.0912177 -0.0265388 -0.0036724 1.000000 1.000000 1.000000
vn -0.8107759 0.4584317 -0.3639820
v -0.0907211 -0.0271213 -0.0055124 1.000000 1.000000 1.000000
vn -0.8265674 0.4325963 -0.3600649
v -0.0889263 -0.0229015 -0.0045627 1.000000 1.000000 1.000000
vn -0.9309127 0.0266085 -0.3642714
v -0.0854353 -0.0088620 -0.0044437 1.000000 1.000000 1.000000
vn -0.9347512 0.0022771 -0.3552956
v -0.0844929 -0.0012934 -0.0068745 1.000000 1.000000 1.000000
vn -0.9298908 0.0324758 -0.3663993
v -0.0850421 -0.0093067 -0.0054810 1.000000 1.000000 1.000000
vn -0.9249101 0.0584835 -0.3756607
v -0.0857149 -0.0127467 -0.0043600 1.000000 1.000000 1.000000
vn -0.9210480 0.2882125 -0.2619238
v -0.0979283 -0.0378802 -0.0038095 1.000000 1.000000 1.000000
vn -0.9210480 0.2882125 -0.2619238
v -0.0974405 -0.0379889 -0.0056442 1.000000 1.000000 1.000000
vn -0.9210480 0.2882125 -0.2619238
v -0.0984126 -0.0400570 -0.0045016 1.000000 1.000000 1.000000
# 1726 vertices, 0 vertices normals


usemtl material_0
vt 0.4099040 0.8009399
vt 0.4123850 0.8004956
vt 0.4099227 0.8152810
f 497/1/497 496/2/496 478/3/478
vt 0.4114935 0.7890721
f 497/1/497 499/4/499 496/2/496
vt 0.9431912 0.6754492
vt 0.9479721 0.6848572
vt 0.9429172 0.6887776
f 199/5/199 216/6/216 198/7/198
vt 0.9530373 0.6827377
vt 0.9485303 0.6729730
vt 0.9548923 0.6762686
f 237/8/237 238/9/238 239/10/239
vt 0.9633262 0.6820760
f 239/10/239 240/11/240 237/8/237
vt 0.9234408 0.6739320
vt 0.9325481 0.6767598
vt 0.9234498 0.6791390
f 204/12/204 203/13/203 202/14/202
vt 0.9337669 0.6862311
f 202/14/202 203/13/203 193/15/193
vt 0.9321051 0.6724073
f 204/12/204 211/16/211 203/13/203
vt 0.9307371 0.6680079
vt 0.9429799 0.6697444
f 211/16/211 214/17/214 245/18/245
vt 0.9278646 0.6939368
f 193/15/193 198/7/198 192/19/192
f 245/18/245 199/5/199 211/16/211
f 211/16/211 199/5/199 203/13/203
f 203/13/203 199/5/199 193/15/193
f 193/15/193 199/5/199 198/7/198
f 245/18/245 238/9/238 199/5/199
f 199/5/199 238/9/238 216/6/216
vt 0.9488536 0.6918243
f 216/6/216 235/20/235 198/7/198
vt 0.9541754 0.6696684
f 242/21/242 239/10/239 238/9/238
vt 0.9539097 0.6867477
vt 0.9551426 0.6926126
f 236/22/236 241/23/241 235/20/235
vt 0.0094570 0.6214466
vt 0.0130791 0.6328872
vt 0.0023170 0.6248652
f 1070/24/1070 1036/25/1036 1102/26/1102
vt 0.9665377 0.6732520
f 239/10/239 246/27/246 240/11/240
vt 0.9652666 0.6889411
f 240/11/240 244/28/244 236/22/236
vt 0.0122201 0.6390734
vt 0.0028162 0.6386930
f 1036/25/1036 1087/29/1087 1111/30/1111
vt 0.9708063 0.6796752
vt 0.9694186 0.6848847
f 248/31/248 247/32/247 240/11/240
f 240/11/240 247/32/247 244/28/244
vt 0.9193941 0.6707974
f 188/33/188 214/17/214 204/12/204
vt 0.9203189 0.6848207
f 202/14/202 193/15/193 183/34/183
f 193/15/193 192/19/192 183/34/183
vt 0.9137601 0.6904902
f 183/34/183 192/19/192 175/35/175
vt 0.9429408 0.6634321
f 214/17/214 243/36/243 245/18/245
vt 0.9259368 0.7001300
f 192/19/192 198/7/198 221/37/221
f 245/18/245 243/36/243 238/9/238
vt 0.9995366 0.3127812
vt 0.9936342 0.3172961
vt 0.9843749 0.3112117
f 1622/38/1622 1608/39/1608 1593/40/1593
f 243/36/243 242/21/242 238/9/238
vt 0.0135345 0.6090285
vt 0.0178125 0.6207795
f 1059/41/1059 963/42/963 1070/24/1070
f 1070/24/1070 963/42/963 1036/25/1036
vt 0.9795262 0.3390236
vt 0.9810748 0.3310071
vt 0.9886165 0.3347071
f 1596/43/1596 1560/44/1560 1603/45/1603
vt 0.9882349 0.3414060
f 1625/46/1625 1596/43/1596 1603/45/1603
vt 0.0219099 0.6363506
f 1036/25/1036 1040/47/1040 1087/29/1087
vt 0.0198064 0.6432900
f 1087/29/1087 1040/47/1040 1098/48/1098
vt 0.0095335 0.6449031
f 1087/29/1087 1098/48/1098 1140/49/1140
vt 0.9805426 0.3477470
f 1639/50/1639 1596/43/1596 1625/46/1625
vt 0.9154527 0.6745401
f 174/51/174 183/34/183 175/35/175
vt 0.9131851 0.6585299
f 213/52/213 214/17/214 188/33/188
vt 0.9120584 0.7003542
f 175/35/175 192/19/192 194/53/194
f 192/19/192 221/37/221 194/53/194
vt 0.9278933 0.6617283
f 234/54/234 214/17/214 213/52/213
f 234/54/234 243/36/243 214/17/214
vt 0.0120474 0.5943583
vt 0.0192177 0.5869182
f 1088/55/1088 1058/56/1058 1059/41/1059
vt 0.0288632 0.6285944
f 963/42/963 965/57/965 1036/25/1036
f 965/57/965 1040/47/1040 1036/25/1036
vt 0.8976761 0.6625109
f 187/58/187 213/52/213 188/33/188
f 187/58/187 188/33/188 174/51/174
vt 0.9004300 0.6753920
f 174/51/174 175/35/175 176/59/176
vt 0.8948585 0.6879773
vt 0.8979120 0.6988808
f 177/60/177 175/35/175 181/61/181
f 175/35/175 194/53/194 181/61/181
vt 0.0135755 0.5799647
f 1058/56/1058 1088/55/1088 1096/62/1096
vt 0.0247160 0.6000181
f 1058/56/1058 964/63/964 1059/41/1059
f 964/63/964 963/42/963 1059/41/1059
vt 0.0325772 0.6182310
f 963/42/963 962/64/962 965/57/965
vt 0.0327914 0.6350590
f 1040/47/1040 1028/65/1028 1098/48/1098
vt 0.9686773 0.3387783
f 1639/50/1639 1619/66/1619 1596/43/1596
vt 0.8801541 0.6769147
f 178/67/178 176/59/176 177/60/177
vt 0.8825051 0.6994938
f 180/68/180 177/60/177 181/61/181
vt 0.8878996 0.6497107
f 212/69/212 213/52/213 187/58/187
f 187/58/187 174/51/174 176/59/176
f 176/59/176 175/35/175 177/60/177
vt 0.8973507 0.7084644
f 181/61/181 194/53/194 201/70/201
f 194/53/194 221/37/221 201/70/201
vt 0.9823204 0.2657306
vt 0.9891127 0.2940081
vt 0.9806216 0.2809489
f 1328/71/1328 1326/72/1326 1324/73/1324
vt 0.0348122 0.6081920
f 964/63/964 955/74/955 963/42/963
f 963/42/963 955/74/955 962/64/962
vt 0.9681229 0.3325293
vt 0.9645119 0.3250952
f 1591/75/1591 1557/76/1557 1560/44/1560
f 1040/47/1040 965/57/965 1028/65/1028
f 1619/66/1619 1591/75/1591 1596/43/1596
f 1596/43/1596 1591/75/1591 1560/44/1560
vt 0.8676404 0.6834891
f 178/67/178 177/60/177 179/77/179
vt 0.8802198 0.6609533
f 187/58/187 176/59/176 186/78/186
f 186/78/186 176/59/176 178/67/178
f 179/77/179 177/60/177 180/68/180
f 212/69/212 187/58/187 186/78/186
f 180/68/180 181/61/181 201/70/201
vt 0.8965982 0.6474987
f 233/79/233 213/52/213 212/69/212
vt 0.0243637 0.5632188
vt 0.0325807 0.5690519
f 1071/80/1071 969/81/969 1058/56/1058
f 1071/80/1071 1058/56/1058 1096/62/1096
f 969/81/969 964/63/964 1058/56/1058
vt 0.9768925 0.2985895
vt 0.9707211 0.2738935
f 1324/73/1324 1325/82/1325 1319/83/1319
vt 0.0363031 0.6442913
f 1028/65/1028 1112/84/1112 1098/48/1098
vt 0.9638703 0.3483572
f 1639/50/1639 1645/85/1645 1619/66/1619
vt 0.8640862 0.6907337
f 179/77/179 180/68/180 182/86/182
vt 0.8667489 0.7151345
f 180/68/180 201/70/201 200/87/200
vt 0.0539270 0.6216916
f 965/57/965 966/88/966 1028/65/1028
vt 0.9507740 0.3332313
f 1645/85/1645 1624/89/1624 1619/66/1619
vt 0.8651384 0.6669813
f 185/90/185 186/78/186 178/67/178
f 185/90/185 178/67/178 179/77/179
vt 0.8659601 0.6531724
f 191/91/191 186/78/186 185/90/185
vt 0.8627520 0.7044511
f 182/86/182 180/68/180 184/92/184
vt 0.8649410 0.6428581
f 215/93/215 186/78/186 191/91/191
f 184/92/184 180/68/180 200/87/200
f 215/93/215 212/69/212 186/78/186
vt 0.8864121 0.7160681
f 200/87/200 201/70/201 218/94/218
vt 0.8798401 0.6410653
f 231/95/231 233/79/233 212/69/212
vt 0.0315657 0.5473691
f 822/96/822 969/81/969 1071/80/1071
vt 0.0577758 0.5833415
f 942/97/942 955/74/955 964/63/964
vt 0.9483224 0.3226666
f 1591/75/1591 1575/98/1575 1557/76/1557
vt 0.0454022 0.6324185
f 1028/65/1028 1077/99/1077 1112/84/1112
f 231/95/231 212/69/212 215/93/215
f 969/81/969 942/97/942 964/63/964
vt 0.0517588 0.6128521
f 955/74/955 961/100/961 962/64/962
f 962/64/962 966/88/966 965/57/965
vt 0.0548651 0.6249372
f 966/88/966 1042/101/1042 1028/65/1028
f 1028/65/1028 1042/101/1042 1077/99/1077
f 1591/75/1591 1619/66/1619 1575/98/1575
vt 0.8468595 0.6776566
vt 0.8505405 0.6921365
f 189/102/189 179/77/179 190/103/190
vt 0.8481236 0.6575339
f 258/104/258 185/90/185 189/102/189
f 189/102/189 185/90/185 179/77/179
f 179/77/179 182/86/182 190/103/190
f 190/103/190 182/86/182 184/92/184
f 258/104/258 191/91/191 185/90/185
vt 0.8621805 0.6371064
f 232/105/232 231/95/231 215/93/215
vt 0.0375217 0.5311637
vt 0.0447086 0.5363656
f 819/106/819 812/107/812 822/96/822
f 822/96/822 812/107/812 969/81/969
vt 0.0448521 0.5615978
f 812/107/812 949/108/949 969/81/969
vt 0.9734855 0.2552383
vt 0.9567845 0.2544894
vt 0.9580862 0.2433572
f 1318/109/1318 1310/110/1310 1309/111/1309
f 962/64/962 961/100/961 966/88/966
f 1619/66/1619 1624/89/1624 1575/98/1575
vt 0.0646679 0.6412872
f 1077/99/1077 1118/112/1118 1112/84/1112
vt 0.9355705 0.3478856
f 1645/85/1645 1649/113/1649 1624/89/1624
vt 0.8499084 0.6463609
f 254/114/254 191/91/191 258/104/258
f 254/114/254 215/93/215 191/91/191
f 969/81/969 949/108/949 942/97/942
vt 0.9548977 0.3017463
vt 0.9511101 0.2833678
f 1325/82/1325 1551/115/1551 1568/116/1568
vt 0.9419504 0.3092574
f 1575/98/1575 1555/117/1555 1557/76/1557
vt 0.8344898 0.6658151
f 258/104/258 189/102/189 259/118/259
vt 0.8291991 0.6902499
f 189/102/189 190/103/190 196/119/196
vt 0.8393789 0.7033195
f 196/119/196 190/103/190 195/120/195
f 190/103/190 184/92/184 195/120/195
vt 0.8383100 0.7151181
f 195/120/195 184/92/184 197/121/197
f 184/92/184 200/87/200 197/121/197
vt 0.8452096 0.7211445
f 197/121/197 200/87/200 205/122/205
vt 0.8582842 0.7266084
f 200/87/200 224/123/224 205/122/205
vt 0.0575618 0.5560355
f 812/107/812 933/124/933 949/108/949
vt 0.0629097 0.6294555
f 1042/101/1042 1090/125/1090 1077/99/1077
f 1077/99/1077 1090/125/1090 1118/112/1118
vt 0.8394696 0.6349741
f 252/126/252 232/105/232 215/93/215
vt 0.8447708 0.6297659
f 252/126/252 253/127/253 232/105/232
f 252/126/252 215/93/215 254/114/254
vt 0.0501565 0.5173946
f 810/128/810 812/107/812 819/106/819
vt 0.0700634 0.5950412
f 955/74/955 943/129/943 961/100/961
vt 0.0697434 0.6087855
f 961/100/961 951/130/951 966/88/966
vt 0.9298108 0.3125433
f 1575/98/1575 1576/131/1576 1555/117/1555
vt 0.9213504 0.3315164
f 1649/113/1649 1637/132/1637 1624/89/1624
vt 0.8163382 0.6768562
f 259/118/259 189/102/189 263/133/263
f 263/133/263 189/102/189 196/119/196
vt 0.8318775 0.6472070
f 256/134/256 254/114/254 258/104/258
f 252/126/252 254/114/254 256/134/256
vt 0.0532536 0.5285991
f 810/128/810 811/135/811 812/107/812
f 812/107/812 811/135/811 933/124/933
vt 0.0703923 0.5689145
f 933/124/933 923/136/923 949/108/949
f 942/97/942 943/129/943 955/74/955
f 943/129/943 951/130/951 961/100/961
vt 0.8215080 0.7041680
f 196/119/196 195/120/195 206/137/206
vt 0.8399882 0.7273492
vt 0.8217511 0.7276762
f 205/122/205 223/138/223 210/139/210
f 949/108/949 923/136/923 942/97/942
vt 0.0797980 0.6157689
f 966/88/966 1041/140/1041 1042/101/1042
vt 0.9117350 0.3144233
f 1624/89/1624 1609/141/1609 1575/98/1575
f 1575/98/1575 1609/141/1609 1576/131/1576
vt 0.8113865 0.6593789
f 260/142/260 256/134/256 259/118/259
f 195/120/195 197/121/197 206/137/206
vt 0.8185458 0.7184407
f 197/121/197 205/122/205 207/143/207
vt 0.0639124 0.5122780
f 810/128/810 772/144/772 811/135/811
vt 0.0797331 0.5531573
f 811/135/811 921/145/921 933/124/933
vt 0.9285577 0.3019285
f 1555/117/1555 1576/131/1576 1558/146/1558
f 951/130/951 1041/140/1041 966/88/966
f 1042/101/1042 1041/140/1041 1090/125/1090
vt 0.9113731 0.3211153
f 1637/132/1637 1631/147/1631 1624/89/1624
f 1624/89/1624 1631/147/1631 1609/141/1609
vt 0.8057058 0.6854551
f 263/133/263 196/119/196 273/148/273
vt 0.8097715 0.6434425
f 257/149/257 256/134/256 260/142/260
vt 0.8207034 0.6337279
f 249/150/249 256/134/256 257/149/257
vt 0.8278705 0.6280371
f 251/151/251 252/126/252 249/150/249
vt 0.0582159 0.5034058
vt 0.0712187 0.4990325
f 809/152/809 770/153/770 772/144/772
f 809/152/809 772/144/772 810/128/810
vt 0.9507519 0.2136105
vt 0.9407640 0.2122074
vt 0.9416798 0.1983241
f 1314/154/1314 1305/155/1305 1320/156/1320
f 921/145/921 923/136/923 933/124/933
vt 0.0849324 0.5808961
f 924/157/924 943/129/943 942/97/942
vt 0.0890787 0.5930478
f 943/129/943 932/158/932 951/130/951
vt 0.0919799 0.6205232
f 1041/140/1041 1093/159/1093 1090/125/1090
vt 0.8029122 0.7027166
f 196/119/196 206/137/206 208/160/208
vt 0.8097346 0.6279535
f 249/150/249 250/161/250 251/151/251
f 923/136/923 924/157/924 942/97/942
vt 0.9092225 0.2984885
f 1576/131/1576 1566/162/1566 1558/146/1558
vt 0.1163809 0.6221876
f 1093/159/1093 1115/163/1115 1090/125/1090
f 1090/125/1090 1115/163/1115 1118/112/1118
vt 0.8986027 0.3431032
f 1649/113/1649 1652/164/1652 1637/132/1637
vt 0.0874264 0.5252293
f 772/144/772 917/165/917 811/135/811
f 924/157/924 932/158/932 943/129/943
vt 0.1045922 0.5975601
f 932/158/932 959/166/959 951/130/951
vt 0.0983810 0.6047524
f 959/166/959 1031/167/1031 951/130/951
f 951/130/951 1031/167/1031 1041/140/1041
vt 0.7936759 0.6731348
f 265/168/265 263/133/263 273/148/273
vt 0.8038696 0.7261034
f 207/143/207 210/139/210 217/169/217
vt 0.9004079 0.3030447
f 1609/141/1609 1598/170/1598 1576/131/1576
f 811/135/811 917/165/917 921/145/921
vt 0.1008707 0.5637544
f 921/145/921 900/171/900 923/136/923
vt 0.9029848 0.2853347
vt 0.9255196 0.2912924
f 1558/146/1558 1547/172/1547 1546/173/1546
f 1566/162/1566 1547/172/1547 1558/146/1558
f 1576/131/1576 1598/170/1598 1566/162/1566
vt 0.0839637 0.5070733
f 770/153/770 769/174/769 772/144/772
f 769/174/769 917/165/917 772/144/772
vt 0.1026529 0.5760440
f 900/171/900 904/175/904 924/157/924
f 923/136/923 900/171/900 924/157/924
vt 0.1140029 0.6085058
f 1041/140/1041 1072/176/1072 1093/159/1093
vt 0.1024293 0.6392064
f 1115/163/1115 1141/177/1141 1118/112/1118
vt 0.7835453 0.7280106
f 217/169/217 210/139/210 219/178/219
vt 0.0777924 0.4813641
vt 0.0867521 0.4808219
f 815/179/815 780/180/780 770/153/770
vt 0.0905477 0.4905013
f 770/153/770 768/181/768 769/174/769
vt 0.1012734 0.5487654
f 917/165/917 889/182/889 921/145/921
f 1041/140/1041 1031/167/1031 1072/176/1072
f 889/182/889 900/171/900 921/145/921
f 904/175/904 932/158/932 924/157/924
vt 0.8741592 0.3372360
f 1652/164/1652 1647/183/1647 1637/132/1637
vt 0.7554629 0.7002074
vt 0.7853987 0.6923303
vt 0.7767482 0.7052906
f 300/184/300 295/185/295 327/186/327
vt 0.7935498 0.6312292
vt 0.7723939 0.6238548
vt 0.7975702 0.6236174
f 255/187/255 421/188/421 424/189/424
f 770/153/770 780/180/780 768/181/768
vt 0.9162266 0.2356998
vt 0.9262529 0.2526641
vt 0.9003712 0.2461541
f 1295/190/1295 1543/191/1543 1395/192/1395
vt 0.0990258 0.4693384
f 815/179/815 779/193/779 780/180/780
vt 0.1128740 0.5862432
f 904/175/904 930/194/930 932/158/932
f 932/158/932 930/194/930 959/166/959
vt 0.8900979 0.2926459
f 1598/170/1598 1567/195/1567 1566/162/1566
vt 0.8828899 0.3177034
f 1637/132/1637 1635/196/1635 1631/147/1631
vt 0.1171940 0.4888502
vt 0.1317885 0.5038472
f 767/197/767 901/198/901 769/174/769
f 768/181/768 767/197/767 769/174/769
f 769/174/769 901/198/901 917/165/917
vt 0.1242146 0.5234164
f 917/165/917 888/199/888 889/182/889
vt 0.8773046 0.2817340
f 1567/195/1567 1548/200/1548 1547/172/1547
vt 0.1251688 0.5934678
f 1031/167/1031 968/201/968 1072/176/1072
vt 0.8692375 0.3017089
f 1609/141/1609 1626/202/1626 1598/170/1598
vt 0.8782018 0.2955863
f 1598/170/1598 1626/202/1626 1601/203/1601
f 1635/196/1635 1626/202/1626 1631/147/1631
f 1631/147/1631 1626/202/1626 1609/141/1609
f 1072/176/1072 1115/163/1115 1093/159/1093
f 1637/132/1637 1647/183/1647 1635/196/1635
vt 0.7914817 0.7368083
vt 0.7644860 0.7364185
f 219/178/219 226/204/226 225/205/225
f 780/180/780 779/193/779 768/181/768
vt 0.1234709 0.5596422
f 884/206/884 904/175/904 900/171/900
f 959/166/959 968/201/968 1031/167/1031
vt 0.1305813 0.6038420
f 1072/176/1072 1089/207/1089 1115/163/1115
vt 0.8957368 0.8572030
vt 0.8872460 0.8378264
vt 0.8725672 0.8572030
f 1710/208/1710 1711/209/1711 1712/210/1712
vt 0.1064329 0.4556220
vt 0.0930478 0.4626443
f 817/211/817 779/193/779 826/212/826
vt 0.1228350 0.5458237
f 888/199/888 882/213/882 889/182/889
f 889/182/889 884/206/884 900/171/900
vt 0.1225573 0.5743295
f 904/175/904 903/214/903 930/194/930
vt 0.8800004 0.2713133
f 1547/172/1547 1548/200/1548 1529/215/1529
vt 0.8651538 0.2884539
f 1567/195/1567 1601/203/1601 1569/216/1569
f 930/194/930 968/201/968 959/166/959
vt 0.7714738 0.6280202
vt 0.7456939 0.6247427
f 264/217/264 267/218/267 421/188/421
f 901/198/901 888/199/888 917/165/917
f 882/213/882 884/206/884 889/182/889
f 904/175/904 884/206/884 903/214/903
vt 0.1386972 0.5821507
f 903/214/903 929/219/929 930/194/930
f 930/194/930 929/219/929 968/201/968
vt 0.8543509 0.3115563
f 1647/183/1647 1636/220/1636 1635/196/1635
vt 0.1243007 0.4701903
f 768/181/768 766/221/766 767/197/767
f 779/193/779 766/221/766 768/181/768
vt 0.1486990 0.6136327
f 1089/207/1089 1128/222/1128 1115/163/1115
vt 0.7411993 0.6557052
vt 0.7669613 0.6598935
vt 0.7389953 0.6748265
f 270/223/270 268/224/268 275/225/275
vt 0.1200644 0.4503903
f 781/226/781 779/193/779 817/211/817
vt 0.1395277 0.5196990
f 888/199/888 878/227/878 882/213/882
vt 0.8578808 0.2813239
f 1569/216/1569 1554/228/1554 1548/200/1548
vt 0.1427306 0.5917559
f 968/201/968 1032/229/1032 1072/176/1072
f 1072/176/1072 1032/229/1032 1089/207/1089
vt 0.1550459 0.5988140
f 1089/207/1089 1110/230/1110 1128/222/1128
vt 0.8489171 0.3292091
f 1647/183/1647 1653/231/1653 1636/220/1636
f 1635/196/1635 1636/220/1636 1626/202/1626
vt 0.1303049 0.6387690
f 1115/163/1115 1128/222/1128 1142/232/1142
vt 0.1491481 0.5691276
f 884/206/884 902/233/902 903/214/903
f 903/214/903 902/233/902 929/219/929
f 1601/203/1601 1626/202/1626 1569/216/1569
vt 0.7265167 0.6199901
vt 0.7579963 0.6192956
f 282/234/282 426/235/426 267/218/267
vt 0.1280057 0.4344165
f 829/236/829 781/226/781 817/211/817
f 781/226/781 766/221/766 779/193/779
vt 0.1597213 0.4860017
f 767/197/767 761/237/761 901/198/901
vt 0.1574518 0.5567893
f 884/206/884 886/238/886 902/233/902
vt 0.1590237 0.5801574
f 929/219/929 952/239/952 1032/229/1032
f 929/219/929 1032/229/1032 968/201/968
vt 0.1550037 0.5890805
f 1032/229/1032 1073/240/1073 1089/207/1089
f 1089/207/1089 1073/240/1073 1110/230/1110
vt 0.0712370 0.0435488
vt 0.0803357 0.0671180
vt 0.0542169 0.0686605
f 1677/241/1677 1674/242/1674 1678/243/1678
f 901/198/901 878/227/878 888/199/888
vt 0.1574901 0.5201294
f 878/227/878 871/244/871 882/213/882
vt 0.8476064 0.2911639
f 1626/202/1626 1621/245/1621 1569/216/1569
vt 0.1355756 0.4345440
vt 0.1406530 0.4364263
f 818/246/818 783/247/783 781/226/781
vt 0.1557296 0.5416604
f 871/244/871 883/248/883 882/213/882
f 882/213/882 883/248/883 884/206/884
f 1636/220/1636 1621/245/1621 1626/202/1626
f 883/248/883 886/238/886 884/206/884
f 766/221/766 761/237/761 767/197/767
vt 0.1634022 0.4692443
f 766/221/766 760/249/760 761/237/761
vt 0.1628164 0.4997001
f 870/250/870 878/227/878 901/198/901
vt 0.1651193 0.5259158
f 871/244/871 872/251/872 883/248/883
vt 0.8365936 0.2780701
f 1569/216/1569 1621/245/1621 1592/252/1592
vt 0.8297888 0.3039871
f 1653/231/1653 1638/253/1638 1636/220/1636
vt 0.1800907 0.6120268
f 1110/230/1110 1137/254/1137 1128/222/1128
f 761/237/761 870/250/870 901/198/901
f 870/250/870 871/244/871 878/227/878
vt 0.1776941 0.5668396
f 902/233/902 918/255/918 929/219/929
f 929/219/929 918/255/918 952/239/952
f 952/239/952 1073/240/1073 1032/229/1032
vt 0.1713195 0.5861247
f 1073/240/1073 1101/256/1101 1110/230/1110
vt 0.1017236 0.0441525
vt 0.1054947 0.0611193
f 1674/242/1674 1675/257/1675 1676/258/1676
f 1636/220/1636 1638/253/1638 1621/245/1621
vt 0.7151767 0.6587626
vt 0.6863984 0.6824328
f 277/259/277 275/225/275 290/260/290
vt 0.7000539 0.6167333
vt 0.7210839 0.6152781
f 282/234/282 414/261/414 434/262/434
vt 0.1574651 0.4446902
f 783/247/783 771/263/771 781/226/781
f 781/226/781 771/263/771 766/221/766
vt 0.8609662 0.2566788
vt 0.8241964 0.2420346
vt 0.8531699 0.2414864
f 1528/264/1528 1527/265/1527 1532/266/1532
f 886/238/886 918/255/918 902/233/902
vt 0.8229647 0.3243871
f 1653/231/1653 1656/267/1656 1638/253/1638
f 771/263/771 760/249/760 766/221/766
vt 0.1793728 0.5754266
f 952/239/952 1050/268/1050 1073/240/1073
vt 0.8139162 0.2736213
f 1621/245/1621 1615/269/1615 1592/252/1592
vt 0.6892539 0.6110824
f 414/261/414 436/270/436 434/262/434
vt 0.1630449 0.4187893
f 818/246/818 801/271/801 783/247/783
vt 0.8722075 0.1431476
vt 0.8571972 0.1401746
vt 0.8259889 0.1170329
f 1321/272/1321 1304/273/1304 1316/274/1316
vt 0.7132949 0.7300622
vt 0.7329072 0.7363346
vt 0.6792576 0.7407684
f 229/275/229 227/276/227 230/277/230
vt 0.1736779 0.5513161
f 883/248/883 885/278/885 886/238/886
f 886/238/886 885/278/885 918/255/918
f 1073/240/1073 1050/268/1050 1101/256/1101
vt 0.8062251 0.2810145
f 1638/253/1638 1633/279/1633 1621/245/1621
vt 0.1874059 0.5898294
f 1101/256/1101 1117/280/1117 1110/230/1110
f 1110/230/1110 1117/280/1117 1137/254/1137
vt 0.1717377 0.4194299
f 801/271/801 782/281/782 783/247/783
f 783/247/783 782/281/782 771/263/771
vt 0.1918010 0.4967304
f 871/244/871 869/282/869 872/251/872
f 872/251/872 885/278/885 883/248/883
f 870/250/870 869/282/869 871/244/871
vt 0.1951835 0.5673505
f 918/255/918 1027/283/1027 952/239/952
f 952/239/952 1027/283/1027 1050/268/1050
vt 0.1967029 0.5727462
f 1050/268/1050 1099/284/1099 1101/256/1101
vt 0.7943560 0.3022304
f 1656/267/1656 1651/285/1651 1638/253/1638
vt 0.1816961 0.4202080
f 782/281/782 773/286/773 771/263/771
vt 0.1874194 0.4824898
f 761/237/761 868/287/868 870/250/870
vt 0.8219517 0.2714784
f 1615/269/1615 1561/288/1561 1592/252/1592
vt 0.2084316 0.5994944
f 1117/280/1117 1138/289/1138 1137/254/1137
vt 0.1334856 0.0539504
f 1675/257/1675 1679/290/1679 1676/258/1676
vt 0.6720101 0.6122027
f 414/261/414 415/291/415 436/270/436
vt 0.1871970 0.4394681
f 771/263/771 763/292/763 760/249/760
f 870/250/870 868/287/868 869/282/869
vt 0.7979991 0.2893588
f 1638/253/1638 1641/293/1641 1633/279/1633
vt 0.1308041 0.0349621
f 1680/294/1680 1679/290/1679 1675/257/1675
vt 0.6979637 0.6205720
vt 0.6686131 0.6181593
f 276/295/276 280/296/280 415/291/415
vt 0.1983864 0.4715787
f 760/249/760 756/297/756 761/237/761
f 756/297/756 868/287/868 761/237/761
vt 0.2114019 0.5066954
f 869/282/869 875/298/875 872/251/872
f 872/251/872 875/298/875 885/278/885
vt 0.7941906 0.2214624
vt 0.8156158 0.2196032
f 1527/265/1527 1526/299/1526 1363/300/1363
vt 0.2039714 0.5391731
f 875/298/875 891/301/891 885/278/885
vt 0.2093675 0.5505968
f 885/278/885 913/302/913 918/255/918
f 1050/268/1050 1027/283/1027 1099/284/1099
f 1101/256/1101 1099/284/1099 1117/280/1117
f 773/286/773 763/292/763 771/263/771
vt 0.2096309 0.4547181
f 763/292/763 755/303/755 760/249/760
f 891/301/891 913/302/913 885/278/885
vt 0.2026742 0.5595855
f 913/302/913 948/304/948 918/255/918
vt 0.7981889 0.2616174
vt 0.8185747 0.2622593
f 1561/288/1561 1563/305/1563 1518/306/1518
f 918/255/918 948/304/948 1027/283/1027
f 1638/253/1638 1651/285/1651 1641/293/1641
vt 0.1760090 0.4081482
f 807/307/807 782/281/782 801/271/801
f 760/249/760 755/303/755 756/297/756
f 1561/288/1561 1615/269/1615 1563/305/1563
vt 0.7848495 0.2624871
f 1615/269/1615 1618/308/1618 1563/305/1563
vt 0.2093669 0.5633379
f 1027/283/1027 1067/309/1067 1099/284/1099
f 1615/269/1615 1633/279/1633 1618/308/1618
vt 0.2246218 0.5777838
f 1117/280/1117 1120/310/1120 1138/289/1138
vt 0.1960428 0.4007032
f 807/307/807 789/311/789 782/281/782
vt 0.6479264 0.6115443
f 280/296/280 416/312/416 415/291/415
f 789/311/789 773/286/773 782/281/782
vt 0.2057566 0.4784682
f 868/287/868 756/297/756 867/313/867
f 868/287/868 867/313/867 869/282/869
f 948/304/948 1067/309/1067 1027/283/1027
vt 0.2209814 0.5603426
f 1067/309/1067 1086/314/1086 1099/284/1099
vt 0.7592232 0.2574116
f 1633/279/1633 1632/315/1632 1618/308/1618
f 1099/284/1099 1120/310/1120 1117/280/1117
vt 0.2370389 0.6026021
f 1138/289/1138 1120/310/1120 1145/316/1145
vt 0.7723414 0.2953960
f 1651/285/1651 1650/317/1650 1641/293/1641
vt 0.6462696 0.6156343
f 280/296/280 284/318/284 416/312/416
f 1086/314/1086 1120/310/1120 1099/284/1099
vt 0.1578807 0.0424952
vt 0.1635774 0.0641416
f 1679/290/1679 1681/319/1681 1682/320/1682
vt 0.1415709 0.0686605
f 1679/290/1679 1682/320/1682 1683/321/1683
vt 0.2130353 0.3981807
f 789/311/789 784/322/784 773/286/773
vt 0.2384661 0.5290900
f 875/298/875 899/323/899 891/301/891
vt 0.7802169 0.2543495
f 1563/305/1563 1618/308/1618 1577/324/1577
vt 0.7566119 0.2709082
f 1650/317/1650 1640/325/1640 1641/293/1641
f 1641/293/1641 1640/325/1640 1633/279/1633
vt 0.6351318 0.6602668
vt 0.6716775 0.6747353
vt 0.6338887 0.6824231
f 288/326/288 289/327/289 293/328/293
vt 0.2346823 0.4607283
f 756/297/756 754/329/754 867/313/867
f 891/301/891 899/323/899 913/302/913
vt 0.2380977 0.5470100
f 913/302/913 954/330/954 948/304/948
f 954/330/954 1067/309/1067 948/304/948
vt 0.2444826 0.5649156
f 1086/314/1086 1119/331/1119 1120/310/1120
vt 0.2400205 0.3961625
f 773/286/773 784/322/784 764/332/764
f 755/303/755 754/329/754 756/297/756
vt 0.7616560 0.2131037
vt 0.7567325 0.1964415
f 1526/299/1526 1521/333/1521 1347/334/1347
vt 0.2398668 0.5399756
f 913/302/913 914/335/914 954/330/954
f 1067/309/1067 954/330/954 1086/314/1086
vt 0.7418525 0.2747588
f 1650/317/1650 1648/336/1648 1640/325/1640
vt 0.6230063 0.6118901
f 284/318/284 297/337/297 416/312/416
vt 0.2440903 0.4156514
f 757/338/757 755/303/755 763/292/763
vt 0.2456462 0.4684743
f 754/329/754 866/339/866 867/313/867
vt 0.2320713 0.4893840
f 869/282/869 874/340/874 875/298/875
f 899/323/899 914/335/914 913/302/913
vt 0.2406749 0.5517775
f 954/330/954 1085/341/1085 1086/314/1086
f 1633/279/1633 1640/325/1640 1632/315/1632
f 1120/310/1120 1119/331/1119 1145/316/1145
vt 0.7641851 0.3164973
vt 0.7321582 0.3017676
f 1663/342/1663 1662/343/1662 1650/317/1650
vt 0.6189253 0.6076914
f 416/312/416 297/337/297 427/344/427
vt 0.2223426 0.3841141
vt 0.1959372 0.3956394
f 799/345/799 789/311/789 821/346/821
f 799/345/799 784/322/784 789/311/789
f 773/286/773 764/332/764 763/292/763
vt 0.7607380 0.2482136
f 1618/308/1618 1579/347/1579 1577/324/1577
f 1086/314/1086 1085/341/1085 1119/331/1119
f 867/313/867 866/339/866 869/282/869
f 869/282/869 866/339/866 874/340/874
f 1618/308/1618 1632/315/1632 1579/347/1579
vt 0.6185261 0.6204147
vt 0.5978512 0.6143783
f 285/348/285 296/349/296 297/337/297
vt 0.2296481 0.3839176
f 799/345/799 787/350/787 784/322/784
vt 0.2496066 0.4772491
f 866/339/866 880/351/880 874/340/874
vt 0.2535844 0.4916606
f 874/340/874 898/352/898 875/298/875
f 898/352/898 899/323/899 875/298/875
vt 0.2711508 0.5931415
f 1119/331/1119 1146/353/1146 1145/316/1145
vt 0.2461022 0.4400332
f 757/338/757 752/354/752 755/303/755
f 787/350/787 764/332/764 784/322/784
f 764/332/764 757/338/757 763/292/763
vt 0.2591776 0.5443274
f 954/330/954 1084/355/1084 1085/341/1085
vt 0.7135748 0.2793906
f 1650/317/1650 1655/356/1655 1648/336/1648
f 755/303/755 752/354/752 754/329/754
vt 0.5938975 0.6443918
vt 0.6137781 0.6304774
vt 0.6196125 0.6475676
f 294/357/294 286/358/286 287/359/287
f 880/351/880 898/352/898 874/340/874
vt 0.2712784 0.5275668
f 914/335/914 946/360/946 954/330/954
vt 0.7398413 0.2414009
f 1632/315/1632 1594/361/1594 1579/347/1579
f 1085/341/1085 1084/355/1084 1119/331/1119
vt 0.2782500 0.5537480
f 1084/355/1084 1131/362/1131 1119/331/1119
f 1119/331/1119 1131/362/1131 1146/353/1146
vt 0.5914071 0.6589378
vt 0.6088894 0.6801984
vt 0.5916436 0.6774812
f 299/363/299 298/364/298 304/365/304
vt 0.2427761 0.3719802
f 814/366/814 787/350/787 799/345/799
vt 0.2587711 0.4481504
f 752/354/752 753/367/753 754/329/754
vt 0.2746887 0.5181238
f 899/323/899 910/368/910 914/335/914
vt 0.7286037 0.2437102
f 1640/325/1640 1630/369/1630 1632/315/1632
f 1632/315/1632 1630/369/1630 1594/361/1594
vt 0.2662190 0.3774016
f 787/350/787 765/370/765 764/332/764
vt 0.2719701 0.4180927
f 757/338/757 751/371/751 752/354/752
f 753/367/753 866/339/866 754/329/754
vt 0.7619025 0.1821734
vt 0.7045977 0.1709979
f 1346/372/1346 1347/334/1347 1343/373/1343
f 899/323/899 898/352/898 910/368/910
f 910/368/910 946/360/946 914/335/914
vt 0.2688960 0.5343294
f 946/360/946 1055/374/1055 954/330/954
f 1055/374/1055 1084/355/1084 954/330/954
vt 0.7012266 0.2436021
f 1648/336/1648 1643/375/1643 1640/325/1640
vt 0.1463063 0.6909230
vt 0.1678780 0.7224094
vt 0.1913809 0.7049217
f 1669/376/1669 1668/377/1668 1670/378/1670
vt 0.2642693 0.3661981
f 814/366/814 788/379/788 787/350/787
vt 0.2876961 0.5009655
f 898/352/898 912/380/912 910/368/910
vt 0.7225859 0.2338703
f 1630/369/1630 1595/381/1595 1594/361/1594
vt 0.2805688 0.5357960
f 1055/374/1055 1092/382/1092 1084/355/1084
f 1084/355/1084 1092/382/1092 1131/362/1131
f 1640/325/1640 1643/375/1643 1630/369/1630
vt 0.2895066 0.4217753
f 751/371/751 750/383/750 752/354/752
f 752/354/752 750/383/750 753/367/753
vt 0.5570405 0.6736969
f 310/384/310 299/363/299 304/365/304
f 787/350/787 788/379/788 765/370/765
vt 0.2912791 0.3781297
f 764/332/764 758/385/758 757/338/757
f 1648/336/1648 1655/356/1655 1643/375/1643
f 765/370/765 758/385/758 764/332/764
vt 0.2998275 0.4421234
f 753/367/753 865/386/865 866/339/866
vt 0.6937444 0.1929924
vt 0.6952053 0.1842381
f 1347/334/1347 1520/387/1520 1525/388/1525
vt 0.7351245 0.2320721
vt 0.7054578 0.2237300
f 1514/389/1514 1595/381/1595 1509/390/1509
vt 0.2958099 0.5230880
f 946/360/946 1056/391/1056 1055/374/1055
f 1055/374/1055 1056/391/1056 1092/382/1092
vt 0.3134446 0.5362716
f 1092/382/1092 1130/392/1130 1131/362/1131
vt 0.1281429 0.6990267
f 1669/376/1669 1667/393/1667 1668/377/1668
vt 0.6786132 0.2500968
f 1655/356/1655 1654/394/1654 1643/375/1643
f 758/385/758 751/371/751 757/338/757
vt 0.2948527 0.4304968
f 750/383/750 863/395/863 753/367/753
vt 0.7033883 0.2306260
f 1630/369/1630 1620/396/1620 1595/381/1595
vt 0.3060779 0.5077895
f 912/380/912 922/397/922 910/368/910
vt 0.2993010 0.5153278
f 910/368/910 947/398/947 946/360/946
f 1643/375/1643 1620/396/1620 1630/369/1630
f 863/395/863 865/386/865 753/367/753
f 946/360/946 947/398/947 1056/391/1056
f 1620/396/1620 1509/390/1509 1595/381/1595
vt 0.3071442 0.5256930
f 1056/391/1056 1097/399/1097 1092/382/1092
vt 0.1290021 0.7213942
f 1668/377/1668 1667/393/1667 1666/400/1666
vt 0.6749045 0.2711812
f 1655/356/1655 1659/401/1659 1654/394/1654
vt 0.2904145 0.3616002
f 788/379/788 777/402/777 765/370/765
f 910/368/910 922/397/922 947/398/947
f 1092/382/1092 1097/399/1097 1130/392/1130
vt 0.3021037 0.3493702
f 788/379/788 792/403/792 777/402/777
f 865/386/865 880/351/880 866/339/866
vt 0.6773980 0.2306259
f 1643/375/1643 1642/404/1642 1620/396/1620
vt 0.3028493 0.5600162
f 1131/362/1131 1130/392/1130 1144/405/1144
f 777/402/777 758/385/758 765/370/765
vt 0.3318823 0.4490613
f 880/351/880 876/406/876 898/352/898
vt 0.6885672 0.2209548
f 1620/396/1620 1613/407/1613 1509/390/1509
f 880/351/880 865/386/865 876/406/876
vt 0.3504546 0.4747718
f 898/352/898 911/408/911 912/380/912
vt 0.3177278 0.5140333
f 947/398/947 1057/409/1057 1056/391/1056
f 1056/391/1056 1057/409/1057 1097/399/1097
vt 0.6696861 0.2189965
f 1642/404/1642 1627/410/1627 1620/396/1620
f 1620/396/1620 1627/410/1627 1613/407/1613
vt 0.3232979 0.5584245
f 1130/392/1130 1143/411/1143 1144/405/1144
vt 0.3392447 0.3874505
f 758/385/758 748/412/748 751/371/751
vt 0.3493358 0.4838175
f 912/380/912 926/413/926 922/397/922
f 1654/394/1654 1642/404/1642 1643/375/1643
vt 0.5357268 0.6193584
vt 0.5232126 0.6096765
vt 0.5603084 0.6128824
f 309/414/309 364/415/364 320/416/320
vt 0.3278193 0.3524512
f 777/402/777 776/417/776 758/385/758
f 751/371/751 748/412/748 750/383/750
f 911/408/911 926/413/926 912/380/912
vt 0.3395871 0.5006304
f 922/397/922 1022/418/1022 947/398/947
vt 0.3412313 0.5151958
f 1097/399/1097 1116/419/1116 1130/392/1130
vt 0.0850130 0.6836563
f 1667/393/1667 1664/420/1664 1666/400/1666
vt 0.3322635 0.4131782
f 750/383/750 862/421/862 863/395/863
vt 0.3303584 0.4265274
f 863/395/863 861/422/861 865/386/865
vt 0.3420840 0.4628356
f 876/406/876 897/423/897 898/352/898
f 898/352/898 897/423/897 911/408/911
vt 0.6644792 0.2087802
f 1613/407/1613 1590/424/1590 1509/390/1509
vt 0.3375533 0.5112719
f 1057/409/1057 1095/425/1095 1097/399/1097
vt 0.5331903 0.7179326
vt 0.5387505 0.7316918
vt 0.5078322 0.7334614
f 340/426/340 359/427/359 352/428/352
vt 0.3465041 0.3958706
f 748/412/748 749/429/749 750/383/750
vt 0.3492702 0.4921824
f 926/413/926 936/430/936 922/397/922
f 922/397/922 936/430/936 1022/418/1022
f 1627/410/1627 1590/424/1590 1613/407/1613
vt 0.3524991 0.5248852
f 1116/419/1116 1135/431/1135 1130/392/1130
f 1130/392/1130 1135/431/1135 1143/411/1143
vt 0.0933526 0.7209603
f 1664/420/1664 1665/432/1665 1666/400/1666
vt 0.6395735 0.2632118
f 1659/401/1659 1660/433/1660 1654/394/1654
f 777/402/777 792/403/792 776/417/776
f 749/429/749 862/421/862 750/383/750
f 863/395/863 862/421/862 861/422/861
vt 0.3425176 0.5041479
f 1022/418/1022 1068/434/1068 1057/409/1057
f 1068/434/1068 1095/425/1095 1057/409/1057
vt 0.6484162 0.2242717
f 1654/394/1654 1644/435/1644 1642/404/1642
f 1642/404/1642 1644/435/1644 1627/410/1627
f 861/422/861 876/406/876 865/386/865
vt 0.6418023 0.2045465
f 1627/410/1627 1612/436/1612 1590/424/1590
vt 0.6318272 0.2385986
f 1660/433/1660 1657/437/1657 1654/394/1654
f 1654/394/1654 1657/437/1657 1644/435/1644
vt 0.3580562 0.3576089
f 776/417/776 759/438/759 758/385/758
f 758/385/758 759/438/759 748/412/748
vt 0.3664852 0.4946513
f 1068/434/1068 1043/439/1043 1095/425/1095
vt 0.3651527 0.5033709
f 1095/425/1095 1108/440/1108 1116/419/1116
vt 0.4887348 0.6086060
vt 0.5297652 0.6044651
f 364/415/364 379/441/379 428/442/428
vt 0.3449440 0.3335805
f 792/403/792 791/443/791 776/417/776
f 1043/439/1043 1108/440/1108 1095/425/1095
f 1116/419/1116 1108/440/1108 1135/431/1135
vt 0.0814935 0.6968529
vt 0.0666401 0.7224094
f 1671/444/1671 1673/445/1673 1665/432/1665
vt 0.6135688 0.2555256
f 1660/433/1660 1661/446/1661 1657/437/1657
vt 0.6301513 0.1939042
f 1612/436/1612 1505/447/1505 1590/424/1590
f 1068/434/1068 1022/418/1022 1043/439/1043
vt 0.6333277 0.2119617
f 1644/435/1644 1634/448/1634 1627/410/1627
f 1627/410/1627 1634/448/1634 1612/436/1612
vt 0.3718432 0.4202705
f 861/422/861 860/449/860 876/406/876
vt 0.5074213 0.6158878
vt 0.4538017 0.6168691
f 319/450/319 332/451/332 379/441/379
vt 0.3742347 0.3948373
f 749/429/749 864/452/864 862/421/862
vt 0.3739188 0.4049397
f 862/421/862 859/453/859 861/422/861
vt 0.3918922 0.4343138
f 860/449/860 877/454/877 876/406/876
f 877/454/877 897/423/897 876/406/876
vt 0.3736000 0.3347768
f 778/455/778 776/417/776 791/443/791
vt 0.3764254 0.3663202
f 745/456/745 748/412/748 759/438/759
f 1644/435/1644 1657/437/1657 1634/448/1634
vt 0.4748390 0.6219956
vt 0.4927369 0.6365563
vt 0.4687931 0.6420025
f 318/457/318 316/458/316 321/459/321
f 862/421/862 864/452/864 859/453/859
vt 0.6533408 0.1322978
vt 0.6123138 0.1258036
vt 0.6049573 0.1107829
f 1340/460/1340 1337/461/1337 1350/462/1350
f 936/430/936 1043/439/1043 1022/418/1022
vt 0.3957965 0.4907584
vt 0.3928003 0.5129936
f 1108/440/1108 1109/463/1109 1136/464/1136
f 1108/440/1108 1136/464/1136 1135/431/1135
vt 0.0440222 0.6910677
f 1672/465/1672 1673/445/1673 1671/444/1671
f 778/455/778 759/438/759 776/417/776
f 859/453/859 860/449/860 861/422/861
vt 0.4234852 0.4462533
f 897/423/897 896/466/896 911/408/911
vt 0.4008383 0.4693698
f 911/408/911 927/467/927 926/413/926
vt 0.6075327 0.1898789
f 1612/436/1612 1611/468/1611 1505/447/1505
vt 0.3873598 0.4872557
f 1043/439/1043 1052/469/1052 1108/440/1108
vt 0.5999876 0.2083439
vt 0.6087183 0.1982133
f 1634/448/1634 1646/470/1646 1629/471/1629
f 1634/448/1634 1629/471/1629 1612/436/1612
vt 0.4509133 0.6092967
f 332/451/332 406/472/406 379/441/379
f 926/413/926 927/467/927 936/430/936
f 936/430/936 1052/469/1052 1043/439/1043
f 1612/436/1612 1629/471/1629 1611/468/1611
f 1052/469/1052 1109/463/1109 1108/440/1108
vt 0.7912281 0.8621160
vt 0.7862804 0.8492962
vt 0.8032874 0.8428217
f 638/473/638 637/474/637 643/475/643
vt 0.8223258 0.8096592
vt 0.7868797 0.7938771
vt 0.8327155 0.7882992
f 644/476/644 636/477/636 645/478/645
vt 0.7917431 0.7695890
vt 0.8240751 0.7631832
f 645/478/645 641/479/641 646/480/646
vt 0.3692519 0.3253056
f 791/443/791 794/481/794 778/455/778
vt 0.3907555 0.3810586
f 749/429/749 747/482/747 864/452/864
vt 0.3983271 0.4754169
f 927/467/927 972/483/972 936/430/936
f 972/483/972 1052/469/1052 936/430/936
f 644/476/644 643/475/643 636/477/636
f 748/412/748 745/456/745 747/482/747
f 645/478/645 636/477/636 641/479/641
f 877/454/877 896/466/896 897/423/897
vt 0.7975661 0.8681995
vt 0.7739558 0.8676391
f 639/484/639 632/485/632 638/473/638
vt 0.5864688 0.1794582
f 1611/468/1611 1502/486/1502 1505/447/1505
vt 0.4100220 0.4804127
f 972/483/972 1053/487/1053 1052/469/1052
vt 0.5884763 0.1869680
f 1629/471/1629 1607/488/1607 1611/468/1611
f 643/475/643 637/474/637 636/477/636
vt 0.4117457 0.3505193
vt 0.4066775 0.3669292
f 734/489/734 736/490/736 745/456/745
f 745/456/745 736/490/736 747/482/747
vt 0.4116269 0.3850636
f 864/452/864 747/482/747 851/491/851
vt 0.4218426 0.4017479
f 859/453/859 843/492/843 860/449/860
vt 0.7675443 0.7619873
vt 0.7963816 0.7576517
f 641/479/641 635/493/635 642/494/642
vt 0.4128043 0.3332610
f 778/455/778 743/495/743 759/438/759
f 759/438/759 734/489/734 745/456/745
f 864/452/864 851/491/851 859/453/859
vt 0.4233856 0.4244763
f 860/449/860 844/496/844 877/454/877
vt 0.7737274 0.7526762
f 642/494/642 635/493/635 640/497/640
f 859/453/859 851/491/851 843/492/843
vt 0.4355427 0.4536982
f 911/408/911 919/498/919 927/467/927
vt 0.7589900 0.7727537
f 636/477/636 626/499/626 641/479/641
vt 0.7610497 0.8323853
f 637/474/637 630/500/630 636/477/636
vt 0.4186919 0.3205258
f 794/481/794 744/501/744 778/455/778
f 759/438/759 743/495/743 734/489/734
f 843/492/843 844/496/844 860/449/860
f 911/408/911 896/466/896 919/498/919
vt 0.7575441 0.8586447
f 638/473/638 628/502/628 637/474/637
f 628/502/628 630/500/630 637/474/637
f 641/479/641 626/499/626 635/493/635
vt 0.4337631 0.4657478
f 927/467/927 973/503/973 972/483/972
vt 0.4309747 0.4733504
f 972/483/972 1054/504/1054 1053/487/1053
f 632/485/632 628/502/628 638/473/638
vt 0.7624519 0.7995956
f 630/500/630 631/505/631 636/477/636
f 636/477/636 631/505/631 626/499/626
f 778/455/778 744/501/744 743/495/743
f 973/503/973 1054/504/1054 972/483/972
vt 0.7438887 0.7571761
vt 0.7420784 0.7500970
f 640/497/640 627/506/627 634/507/634
vt 0.5579723 0.1769876
f 1607/488/1607 1606/508/1606 1502/486/1502
f 635/493/635 627/506/627 640/497/640
vt 0.5679792 0.1103051
f 1337/461/1337 1335/509/1335 1350/462/1350
vt 0.7519649 0.8685257
f 632/485/632 629/510/629 628/502/628
vt 0.4083053 0.3148111
f 794/481/794 795/511/795 744/501/744
vt 0.4527696 0.4551908
f 919/498/919 941/512/941 927/467/927
vt 0.7381874 0.8006074
f 630/500/630 625/513/625 631/505/631
vt 0.4144739 0.6198924
vt 0.3933885 0.6201717
vt 0.4043436 0.6142840
f 348/514/348 350/515/350 374/516/374
f 844/496/844 896/466/896 877/454/877
vt 0.5555884 0.1716662
f 1606/508/1606 1503/517/1503 1502/486/1502
f 626/499/626 627/506/627 635/493/635
f 631/505/631 625/513/625 626/499/626
vt 0.4622305 0.3270343
f 743/495/743 730/518/730 734/489/734
vt 0.4521573 0.3586572
f 734/489/734 735/519/735 736/490/736
vt 0.4605211 0.3724535
f 736/490/736 735/519/735 746/520/746
f 736/490/736 746/520/746 747/482/747
f 747/482/747 746/520/746 851/491/851
vt 0.7285345 0.8675105
f 629/510/629 618/521/618 628/502/628
vt 0.7286139 0.7652938
f 626/499/626 623/522/623 627/506/627
vt 0.7294520 0.8525918
f 628/502/628 619/523/619 630/500/630
f 630/500/630 619/523/619 625/513/625
vt 0.4149219 0.6100297
vt 0.3755946 0.6064230
vt 0.4158394 0.6058750
f 386/524/386 431/525/431 435/526/435
vt 0.7308675 0.7849620
f 626/499/626 621/527/621 623/522/623
vt 0.4469253 0.3068179
f 795/511/795 793/528/793 744/501/744
vt 0.4685307 0.4574021
f 941/512/941 1015/529/1015 973/503/973
vt 0.7119095 0.8751826
f 624/530/624 618/521/618 629/510/629
f 973/503/973 1015/529/1015 1054/504/1054
f 628/502/628 618/521/618 619/523/619
f 625/513/625 621/527/621 626/499/626
vt 0.4662663 0.3371388
f 734/489/734 731/531/731 735/519/735
vt 0.4942125 0.4092119
vt 0.4906557 0.4230593
f 844/496/844 831/532/831 833/533/833
vt 0.4685557 0.4371899
f 844/496/844 833/533/833 895/534/895
f 844/496/844 895/534/895 896/466/896
vt 0.4972740 0.3909475
f 851/491/851 838/535/838 843/492/843
f 843/492/843 831/532/831 844/496/844
f 895/534/895 919/498/919 896/466/896
vt 0.7108301 0.8492455
f 619/523/619 620/536/620 625/513/625
f 620/536/620 621/527/621 625/513/625
vt 0.4631887 0.3138313
f 744/501/744 729/537/729 743/495/743
f 730/518/730 731/531/731 734/489/734
vt 0.5230231 0.1659180
f 1606/508/1606 1573/538/1573 1503/517/1503
vt 0.7057260 0.8674793
f 624/530/624 611/539/611 618/521/618
vt 0.7103879 0.7598965
f 623/522/623 612/540/612 627/506/627
vt 0.7078317 0.7518274
f 627/506/627 612/540/612 616/541/616
f 627/506/627 616/541/616 634/507/634
vt 0.3729833 0.6124419
f 350/515/350 382/542/382 374/516/374
f 744/501/744 793/528/793 729/537/729
f 729/537/729 730/518/730 743/495/743
vt 0.4931711 0.4437454
f 919/498/919 920/543/920 941/512/941
vt 0.7046430 0.8580939
f 611/539/611 609/544/609 618/521/618
f 618/521/618 609/544/609 619/523/619
f 609/544/609 620/536/620 619/523/619
vt 0.7043098 0.8276649
f 620/536/620 608/545/608 621/527/621
f 895/534/895 920/543/920 919/498/919
vt 0.7112065 0.7766798
f 621/527/621 610/546/610 623/522/623
f 623/522/623 610/546/610 612/540/612
f 608/545/608 610/546/610 621/527/621
f 843/492/843 838/535/838 831/532/831
vt 0.5232215 0.1729463
f 1606/508/1606 1614/547/1614 1573/538/1573
vt 0.5228780 0.3741198
f 746/520/746 852/548/852 851/491/851
vt 0.5110955 0.4502190
f 920/543/920 967/549/967 941/512/941
f 609/544/609 608/545/608 620/536/620
vt 0.6943924 0.7818522
f 610/546/610 608/545/608 602/550/602
vt 0.6784465 0.8675548
f 624/530/624 594/551/594 611/539/611
vt 0.6765892 0.7604118
f 610/546/610 602/550/602 601/552/601
f 610/546/610 601/552/601 612/540/612
f 612/540/612 601/552/601 616/541/616
vt 0.5028781 0.3509589
f 731/531/731 733/553/733 735/519/735
f 941/512/941 967/549/967 1015/529/1015
f 851/491/851 852/548/852 838/535/838
vt 0.5071738 0.4336327
f 833/533/833 894/554/894 895/534/895
f 895/534/895 894/554/894 920/543/920
vt 0.4761724 0.1549797
vt 0.5326926 0.1601081
f 1573/538/1573 1549/555/1549 1522/556/1522
vt 0.4866308 0.1690965
f 1614/547/1614 1605/557/1605 1573/538/1573
vt 0.6740521 0.8571724
f 611/539/611 593/558/593 609/544/609
f 609/544/609 593/558/593 608/545/608
vt 0.6703907 0.8285967
f 608/545/608 595/559/595 602/550/602
vt 0.6718011 0.7517094
f 601/552/601 607/560/607 616/541/616
vt 0.6695734 0.8757371
f 624/530/624 603/561/603 594/551/594
vt 0.4767749 0.1613882
f 1605/557/1605 1574/562/1574 1573/538/1573
vt 0.6699158 0.7679669
f 602/550/602 589/563/589 601/552/601
f 1573/538/1573 1574/562/1574 1549/555/1549
f 611/539/611 594/551/594 593/558/593
f 593/558/593 595/559/595 608/545/608
vt 0.6704449 0.7798985
f 595/559/595 590/564/590 602/550/602
f 602/550/602 590/564/590 589/563/589
vt 0.5130587 0.3219935
f 729/537/729 728/565/728 730/518/730
vt 0.5005715 0.3007573
f 793/528/793 796/566/796 729/537/729
vt 0.5191445 0.3092318
f 729/537/729 726/567/726 728/565/728
f 730/518/730 728/565/728 731/531/731
vt 0.5569428 0.3596417
f 746/520/746 737/568/737 852/548/852
vt 0.5564966 0.3426183
f 731/531/731 728/565/728 727/569/727
f 746/520/746 735/519/735 737/568/737
vt 0.6391491 0.8667752
f 594/551/594 584/570/584 593/558/593
f 796/566/796 726/567/726 729/537/729
vt 0.5353513 0.3867304
f 852/548/852 837/571/837 838/535/838
vt 0.5472994 0.4167894
f 833/533/833 832/572/832 894/554/894
vt 0.5449726 0.4397467
f 894/554/894 925/573/925 920/543/920
f 920/543/920 925/573/925 967/549/967
vt 0.6430984 0.8573440
f 584/570/584 583/574/583 593/558/593
vt 0.6427618 0.8438519
f 593/558/593 585/575/585 595/559/595
f 731/531/731 727/569/727 733/553/733
f 838/535/838 837/571/837 831/532/831
f 831/532/831 832/572/832 833/533/833
f 603/561/603 584/570/584 594/551/594
vt 0.6477162 0.8010042
f 595/559/595 586/576/586 590/564/590
vt 0.6457767 0.7799668
f 586/576/586 581/577/581 590/564/590
f 590/564/590 581/577/581 589/563/589
vt 0.6408328 0.7545843
f 601/552/601 588/578/588 607/560/607
vt 0.6294114 0.7460489
f 607/560/607 588/578/588 622/579/622
vt 0.5379678 0.3980446
f 837/571/837 834/580/834 831/532/831
vt 0.4970370 0.1193514
vt 0.4359766 0.1087607
vt 0.4370444 0.0949444
f 1329/581/1329 1330/582/1330 1331/583/1331
vt 0.5405039 0.4308342
f 894/554/894 892/584/892 925/573/925
f 583/574/583 585/575/585 593/558/593
f 595/559/595 585/575/585 586/576/586
vt 0.6385481 0.7655838
f 581/577/581 579/585/579 589/563/589
f 601/552/601 589/563/589 588/578/588
f 831/532/831 834/580/834 832/572/832
f 894/554/894 832/572/832 892/584/892
vt 0.5430451 0.4474751
f 925/573/925 1025/586/1025 967/549/967
vt 0.6381678 0.8755844
f 603/561/603 592/587/592 584/570/584
vt 0.4435214 0.1617551
f 1605/557/1605 1585/588/1585 1574/562/1574
f 735/519/735 733/553/733 737/568/737
vt 0.5510477 0.3191307
f 726/567/726 722/589/722 728/565/728
vt 0.6091683 0.7816311
f 581/577/581 571/590/571 579/585/579
f 589/563/589 579/585/579 588/578/588
vt 0.5776736 0.4407110
f 925/573/925 940/591/940 1025/586/1025
vt 0.6055774 0.8522470
f 585/575/585 576/592/576 586/576/586
vt 0.6057125 0.7576930
f 579/585/579 577/593/577 588/578/588
vt 0.5623003 0.3015263
f 796/566/796 798/594/798 726/567/726
vt 0.5897104 0.4247889
f 832/572/832 839/595/839 892/584/892
vt 0.6137218 0.8747072
f 592/587/592 582/596/582 584/570/584
vt 0.6122743 0.8668863
f 584/570/584 574/597/574 583/574/583
f 583/574/583 574/597/574 576/592/576
f 583/574/583 576/592/576 585/575/585
vt 0.5710398 0.3690813
f 737/568/737 853/598/853 852/548/852
vt 0.5904294 0.4332115
f 892/584/892 915/599/915 925/573/925
vt 0.5680779 0.4475685
f 940/591/940 1033/600/1033 1025/586/1025
f 582/596/582 574/597/574 584/570/584
f 576/592/576 581/577/581 586/576/586
f 839/595/839 915/599/915 892/584/892
vt 0.4142691 0.1615928
vt 0.4316404 0.1549879
f 1585/588/1585 1584/601/1584 1552/602/1552
vt 0.6105804 0.7517998
f 588/578/588 577/593/577 578/603/578
vt 0.6056967 0.7667013
f 571/590/571 572/604/572 579/585/579
f 728/565/728 722/589/722 727/569/727
f 925/573/925 915/599/915 940/591/940
vt 0.5820935 0.8736783
f 582/596/582 573/605/573 574/597/574
f 576/592/576 571/590/571 581/577/581
f 579/585/579 572/604/572 577/593/577
vt 0.5746481 0.3117666
f 798/594/798 721/606/721 726/567/726
f 726/567/726 721/606/721 722/589/722
f 852/548/852 853/598/853 837/571/837
vt 0.6010043 0.7451559
f 578/603/578 615/607/615 622/579/622
vt 0.5976844 0.4424605
f 940/591/940 938/608/938 1033/600/1033
vt 0.6003907 0.4491556
f 1033/600/1033 938/608/938 1060/609/1060
vt 0.5901828 0.8643267
f 574/597/574 556/610/556 576/592/576
vt 0.5865113 0.3793007
f 853/598/853 845/611/845 837/571/837
vt 0.5896040 0.8470951
f 576/592/576 555/612/555 571/590/571
vt 0.5882589 0.7760304
f 571/590/571 550/613/550 572/604/572
vt 0.5908595 0.3394884
f 722/589/722 723/614/723 727/569/727
vt 0.6039053 0.3509865
f 723/614/723 725/615/725 727/569/727
f 727/569/727 725/615/725 737/568/737
vt 0.5786387 0.8669510
f 573/605/573 549/616/549 574/597/574
f 574/597/574 549/616/549 556/610/556
vt 0.5863975 0.7529951
f 577/593/577 554/617/554 578/603/578
f 555/612/555 550/613/550 571/590/571
vt 0.5420893 0.2952822
vt 0.5886145 0.2968698
f 808/618/808 806/619/806 798/594/798
f 576/592/576 556/610/556 555/612/555
vt 0.5757651 0.7475287
f 615/607/615 554/617/554 606/620/606
vt 0.5767944 0.7636364
f 550/613/550 547/621/547 572/604/572
f 572/604/572 547/621/547 577/593/577
vt 0.2275255 0.6165964
vt 0.2305788 0.6116054
vt 0.2782750 0.6120290
f 438/622/438 439/623/439 432/624/432
vt 0.6189736 0.3648949
f 725/615/725 738/625/738 737/568/737
f 737/568/737 738/625/738 853/598/853
vt 0.6151340 0.3917576
f 845/611/845 836/626/836 837/571/837
f 837/571/837 836/626/836 834/580/834
vt 0.6159482 0.4024140
f 834/580/834 835/627/835 832/572/832
vt 0.5741076 0.8178061
f 555/612/555 545/628/545 550/613/550
f 577/593/577 547/621/547 554/617/554
f 853/598/853 738/625/738 845/611/845
f 832/572/832 835/627/835 839/595/839
f 940/591/940 915/599/915 938/608/938
vt 0.5705466 0.8526628
f 556/610/556 546/629/546 555/612/555
vt 0.5704606 0.7802097
f 544/630/544 547/621/547 550/613/550
vt 0.6194205 0.3273401
f 721/606/721 714/631/714 722/589/722
f 722/589/722 714/631/714 723/614/723
f 556/610/556 549/616/549 546/629/546
f 555/612/555 546/629/546 545/628/545
f 550/613/550 545/628/545 544/630/544
vt 0.5598384 0.7587699
f 547/621/547 537/632/537 554/617/554
vt 0.6203449 0.4331421
f 839/595/839 890/633/890 915/599/915
vt 0.5599667 0.7516349
f 554/617/554 575/634/575 606/620/606
vt 0.6417293 0.3745480
f 738/625/738 740/635/740 845/611/845
f 740/635/740 836/626/836 845/611/845
f 834/580/834 836/626/836 835/627/835
vt 0.6309406 0.4197875
f 835/627/835 840/636/840 839/595/839
vt 0.6324341 0.4447910
vt 0.6240559 0.4491429
f 938/608/938 937/637/937 1044/638/1044
f 938/608/938 1044/638/1044 1060/609/1060
vt 0.5562334 0.8669475
f 573/605/573 538/639/538 549/616/549
f 554/617/554 537/632/537 575/634/575
f 839/595/839 840/636/840 890/633/890
f 915/599/915 890/633/890 938/608/938
f 549/616/549 538/639/538 546/629/546
vt 0.6222481 0.3020661
f 806/619/806 802/640/802 798/594/798
vt 0.6265995 0.3117763
f 798/594/798 713/641/713 721/606/721
vt 0.5591286 0.8757371
f 573/605/573 570/642/570 538/639/538
vt 0.5544350 0.8529752
f 538/639/538 530/643/530 546/629/546
vt 0.5583067 0.8055930
f 530/643/530 529/644/529 546/629/546
f 546/629/546 529/644/529 545/628/545
f 545/628/545 529/644/529 544/630/544
vt 0.5504012 0.7700545
f 544/630/544 529/644/529 528/645/528
f 544/630/544 528/645/528 547/621/547
f 547/621/547 528/645/528 537/632/537
vt 0.6571627 0.3854511
f 836/626/836 740/635/740 850/646/850
f 938/608/938 890/633/890 937/637/937
vt 0.3885331 0.1661162
vt 0.3604417 0.1702137
vt 0.3666681 0.1643196
f 1583/647/1583 1582/648/1582 1559/649/1559
vt 0.6377624 0.3447211
f 723/614/723 716/650/716 725/615/725
vt 0.6471659 0.4402677
f 890/633/890 906/651/906 937/637/937
vt 0.5451398 0.8320337
f 530/643/530 527/652/527 529/644/529
vt 0.5454679 0.7814357
f 529/644/529 527/652/527 526/653/526
f 529/644/529 526/653/526 528/645/528
vt 0.8911473 0.8798845
vt 0.8646671 0.8777610
vt 0.8938941 0.8748947
f 135/654/135 137/655/137 151/656/151
f 714/631/714 716/650/716 723/614/723
vt 0.6478587 0.4551010
f 937/637/937 1045/657/1045 1044/638/1044
vt 0.5389280 0.8655614
f 538/639/538 531/658/531 530/643/530
vt 0.8903561 0.8900489
vt 0.8641713 0.8851189
f 125/659/125 126/660/126 135/654/135
f 721/606/721 713/641/713 714/631/714
vt 0.5352109 0.8735327
f 570/642/570 553/661/553 538/639/538
vt 0.5351624 0.7541947
f 537/632/537 539/662/539 575/634/575
f 553/661/553 531/658/531 538/639/538
vt 0.5272763 0.8522946
f 531/658/531 516/663/516 530/643/530
f 530/643/530 516/663/516 527/652/527
vt 0.5481904 0.7471915
f 539/662/539 604/664/604 575/634/575
vt 0.5294210 0.8150166
f 527/652/527 520/665/520 526/653/526
vt 0.5272766 0.7629173
f 528/645/528 519/666/519 537/632/537
f 537/632/537 519/666/519 539/662/539
vt 0.6466083 0.3583121
f 716/650/716 724/667/724 725/615/725
f 725/615/725 724/667/724 738/625/738
vt 0.6639543 0.4010175
f 836/626/836 841/668/841 835/627/835
vt 0.6603108 0.4300990
f 890/633/890 840/636/840 842/669/842
vt 0.5226120 0.7760591
f 528/645/528 526/653/526 517/670/517
f 836/626/836 850/646/850 841/668/841
f 835/627/835 842/669/842 840/636/840
f 890/633/890 842/669/842 906/651/906
f 520/665/520 517/670/517 526/653/526
vt 0.3393765 0.1671100
vt 0.3469822 0.1591647
f 1559/649/1559 1564/671/1564 1455/672/1455
vt 0.5197200 0.8664575
f 531/658/531 518/673/518 516/663/516
vt 0.5240639 0.7484209
f 539/662/539 597/674/597 604/664/604
f 527/652/527 516/663/516 520/665/520
vt 0.6179149 0.2964418
vt 0.6532701 0.3026086
f 828/675/828 820/676/820 802/640/802
f 835/627/835 841/668/841 842/669/842
vt 0.6671569 0.4520013
f 937/637/937 935/677/935 1045/657/1045
f 553/661/553 518/673/518 531/658/531
f 517/670/517 519/666/519 528/645/528
f 724/667/724 740/635/740 738/625/738
vt 0.6775181 0.4444549
f 906/651/906 905/678/905 935/677/935
f 937/637/937 906/651/906 935/677/935
vt 0.5092632 0.8729790
f 553/661/553 552/679/552 518/673/518
vt 0.5148478 0.8222159
f 516/663/516 512/680/512 520/665/520
vt 0.5076478 0.7553453
f 536/681/536 597/674/597 539/662/539
f 842/669/842 905/678/905 906/651/906
vt 0.5060163 0.8521254
f 502/682/502 512/680/512 516/663/516
f 520/665/520 512/680/512 517/670/517
vt 0.5050480 0.7755088
f 512/680/512 505/683/505 517/670/517
vt 0.5019594 0.7643600
f 505/683/505 500/684/500 517/670/517
f 517/670/517 500/684/500 519/666/519
f 519/666/519 536/681/536 539/662/539
vt 0.3119082 0.1676642
f 1564/671/1564 1453/685/1453 1455/672/1455
vt 0.4964797 0.8649557
f 518/673/518 509/686/509 516/663/516
f 516/663/516 509/686/509 502/682/502
vt 0.5032058 0.8221223
f 502/682/502 503/687/503 512/680/512
f 519/666/519 500/684/500 536/681/536
vt 0.6683414 0.3136376
f 820/676/820 705/688/705 802/640/802
f 802/640/802 705/688/705 713/641/713
vt 0.6650088 0.3266757
f 713/641/713 704/689/704 714/631/714
vt 0.6706094 0.3547144
f 716/650/716 715/690/715 724/667/724
vt 0.6721646 0.3782088
f 724/667/724 739/691/739 740/635/740
f 740/635/740 739/691/739 850/646/850
vt 0.6734529 0.4614968
f 1045/657/1045 935/677/935 1046/692/1046
vt 0.3366393 0.1771309
vt 0.3101494 0.1806805
f 1564/671/1564 1581/693/1581 1565/694/1565
f 518/673/518 552/679/552 509/686/509
vt 0.5016225 0.7513481
f 536/681/536 596/695/596 597/674/597
vt 0.6756660 0.3410680
f 714/631/714 706/696/706 716/650/716
vt 0.6938866 0.3699614
f 724/667/724 720/697/720 739/691/739
vt 0.6860389 0.4091085
f 846/698/846 842/669/842 841/668/841
vt 0.6837518 0.4329875
f 842/669/842 846/698/846 847/699/847
f 503/687/503 505/683/505 512/680/512
f 713/641/713 705/688/705 704/689/704
f 704/689/704 706/696/706 714/631/714
vt 0.4879487 0.8547670
f 509/686/509 498/700/498 502/682/502
vt 0.4909024 0.8202971
f 502/682/502 492/701/492 503/687/503
vt 0.4873271 0.7563802
f 500/684/500 534/702/534 536/681/536
f 716/650/716 706/696/706 715/690/715
f 724/667/724 715/690/715 720/697/720
vt 0.7176883 0.4564457
f 905/678/905 908/703/908 935/677/935
vt 0.6994204 0.4625403
f 935/677/935 944/704/944 1046/692/1046
vt 0.4800443 0.8413391
f 498/700/498 488/705/488 502/682/502
f 502/682/502 488/705/488 492/701/492
vt 0.4886282 0.7800230
f 503/687/503 492/701/492 495/706/495
f 503/687/503 495/706/495 505/683/505
f 505/683/505 495/706/495 500/684/500
vt 0.4751873 0.7640151
f 500/684/500 493/707/493 534/702/534
f 842/669/842 847/699/847 905/678/905
f 908/703/908 944/704/944 935/677/935
f 536/681/536 534/702/534 596/695/596
vt 0.4714291 0.7770206
f 495/706/495 491/708/491 500/684/500
vt 0.7004617 0.4725260
f 944/704/944 1047/709/1047 1046/692/1046
vt 0.4802495 0.8702466
f 552/679/552 551/710/551 509/686/509
vt 0.4759939 0.7514333
f 534/702/534 598/711/598 596/695/596
vt 0.3154750 0.1864331
vt 0.2908108 0.1953793
f 1597/712/1597 1589/713/1589 1565/694/1565
vt 0.4705417 0.7944049
f 492/701/492 489/714/489 495/706/495
f 491/708/491 493/707/493 500/684/500
vt 0.6901224 0.3113043
f 820/676/820 813/715/813 705/688/705
vt 0.7049487 0.3929034
f 841/668/841 741/716/741 846/698/846
vt 0.4667412 0.8646863
f 551/710/551 507/717/507 509/686/509
f 509/686/509 507/717/507 498/700/498
vt 0.4703758 0.8208779
f 488/705/488 487/718/487 492/701/492
f 492/701/492 487/718/487 489/714/489
f 489/714/489 491/708/491 495/706/495
f 850/646/850 741/716/741 841/668/841
vt 0.7044191 0.4205853
f 846/698/846 848/719/848 847/699/847
vt 0.4593165 0.8479995
f 507/717/507 494/720/494 498/700/498
vt 0.4640847 0.7561384
f 534/702/534 535/721/535 598/711/598
f 493/707/493 535/721/535 534/702/534
vt 0.7043811 0.3621026
f 706/696/706 708/722/708 715/690/715
f 739/691/739 741/716/741 850/646/850
vt 0.7444555 0.4530662
f 847/699/847 879/723/879 908/703/908
f 905/678/905 847/699/847 908/703/908
f 498/700/498 494/720/494 488/705/488
vt 0.7067610 0.3424360
f 704/689/704 701/724/701 706/696/706
vt 0.8132166 0.8851447
vt 0.7777144 0.8843949
vt 0.7954761 0.8805394
f 106/725/106 97/726/97 134/727/134
vt 0.6973220 0.3213788
f 705/688/705 698/728/698 704/689/704
f 704/689/704 698/728/698 701/724/701
f 739/691/739 720/697/720 741/716/741
vt 0.7279177 0.4062018
f 741/716/741 849/729/849 846/698/846
f 846/698/846 849/729/849 848/719/848
vt 0.2798623 0.1893426
f 1565/694/1565 1589/713/1589 1571/730/1571
vt 0.4490695 0.8557898
f 507/717/507 506/731/506 494/720/494
vt 0.4442153 0.8254141
f 488/705/488 479/732/479 487/718/487
vt 0.4450248 0.7641594
f 493/707/493 510/733/510 535/721/535
f 705/688/705 813/715/813 698/728/698
f 706/696/706 701/724/701 708/722/708
f 715/690/715 708/722/708 720/697/720
vt 0.7391015 0.4840302
f 944/704/944 1034/734/1034 1047/709/1047
vt 0.4402385 0.8715709
f 551/710/551 558/735/558 507/717/507
f 488/705/488 494/720/494 479/732/479
vt 0.7283738 0.4284092
f 849/729/849 854/736/854 848/719/848
f 848/719/848 854/736/854 847/699/847
vt 0.7412242 0.4741046
f 944/704/944 908/703/908 939/737/939
vt 0.7460971 0.4819421
f 944/704/944 960/738/960 1034/734/1034
vt 0.2812402 0.2039200
vt 0.2686465 0.2036620
f 1589/713/1589 1600/739/1600 1588/740/1588
vt 0.4317867 0.8053377
f 479/732/479 486/741/486 487/718/487
f 487/718/487 486/741/486 489/714/489
vt 0.4310346 0.7792455
f 489/714/489 490/742/490 491/708/491
f 491/708/491 490/742/490 493/707/493
f 847/699/847 854/736/854 879/723/879
f 944/704/944 939/737/939 960/738/960
vt 0.2542118 0.1889190
vt 0.2804053 0.1761076
f 1571/730/1571 1460/743/1460 1459/744/1459
vt 0.4450423 0.8631412
f 507/717/507 558/735/558 515/745/515
f 507/717/507 515/745/515 506/731/506
vt 0.4272017 0.8337743
f 494/720/494 475/746/475 479/732/479
f 490/742/490 510/733/510 493/707/493
vt 0.7144403 0.3176347
f 813/715/813 684/747/684 698/728/698
vt 0.7182255 0.3312711
f 698/728/698 697/748/697 701/724/701
vt 0.2557988 0.2187024
f 1599/749/1599 1588/740/1588 1600/739/1600
vt 0.4352165 0.7617027
f 510/733/510 541/750/541 535/721/535
f 486/741/486 490/742/490 489/714/489
vt 0.7647184 0.8761234
vt 0.7902316 0.8755900
f 134/727/134 138/751/138 143/752/143
vt 0.7243523 0.3751860
f 720/697/720 708/722/708 711/753/711
vt 0.7423539 0.3939512
f 720/697/720 719/754/719 741/716/741
vt 0.4239218 0.8450989
f 506/731/506 501/755/501 494/720/494
f 494/720/494 501/755/501 475/746/475
f 720/697/720 711/753/711 719/754/719
vt 0.4218180 0.8550043
f 515/745/515 514/756/514 506/731/506
vt 0.4125503 0.7749782
f 490/742/490 511/757/511 510/733/510
f 684/747/684 697/748/697 698/728/698
vt 0.7287404 0.3604848
f 701/724/701 702/758/702 708/722/708
f 741/716/741 719/754/719 849/729/849
vt 0.2639175 0.1283811
vt 0.2599646 0.1128772
vt 0.2833901 0.1156573
f 1369/759/1369 1370/760/1370 1368/761/1368
vt 0.4195808 0.8630825
f 558/735/558 543/762/543 515/745/515
f 515/745/515 543/762/543 514/756/514
f 506/731/506 514/756/514 501/755/501
vt 0.2437123 0.2132016
f 1588/740/1588 1599/749/1599 1578/763/1578
vt 0.4216329 0.7666219
f 511/757/511 513/764/513 510/733/510
f 510/733/510 513/764/513 541/750/541
f 479/732/479 475/746/475 478/3/478
f 479/732/479 478/3/478 486/741/486
f 478/3/478 496/2/496 486/741/486
f 486/741/486 496/2/496 490/742/490
vt 0.7505504 0.4241441
f 854/736/854 849/729/849 855/765/855
vt 0.7557445 0.4402806
f 855/765/855 856/766/856 854/736/854
vt 0.7496531 0.4658931
f 879/723/879 907/767/907 908/703/908
f 908/703/908 907/767/907 939/737/939
vt 0.4110998 0.7584861
f 513/764/513 605/768/605 541/750/541
vt 0.9402224 0.5000000
vt 0.9253939 0.4863008
vt 0.9402224 0.4721988
f 1713/769/1713 1714/770/1714 1715/771/1715
vt 0.4105272 0.7819287
f 490/742/490 504/772/504 511/757/511
vt 0.7418618 0.3416821
f 697/748/697 695/773/695 701/724/701
f 708/722/708 702/758/702 711/753/711
vt 0.7506002 0.4074938
f 719/754/719 732/774/732 849/729/849
f 854/736/854 856/766/856 879/723/879
vt 0.4011963 0.7680137
f 533/775/533 605/768/605 513/764/513
vt 0.4064081 0.8224401
f 475/746/475 476/776/476 478/3/478
vt 0.2914736 0.3247683
vt 0.2924004 0.3366772
vt 0.2914736 0.3441449
f 1/777/1 2/778/2 3/779/3
vt 0.7425845 0.3286848
f 684/747/684 683/780/683 697/748/697
vt 0.7552955 0.3698374
f 702/758/702 700/781/700 711/753/711
vt 0.2452505 0.1783219
vt 0.2323662 0.1614983
vt 0.2514100 0.1659164
f 1400/782/1400 1388/783/1388 1396/784/1396
vt 0.7705739 0.4926379
f 939/737/939 953/785/953 960/738/960
f 960/738/960 953/785/953 1034/734/1034
vt 0.7563714 0.4978298
f 1034/734/1034 953/785/953 1049/786/1049
vt 0.2312997 0.2222736
vt 0.2284838 0.2064781
f 1580/787/1580 1462/788/1462 1578/763/1578
vt 0.3843597 0.8359241
f 514/756/514 474/789/474 501/755/501
f 501/755/501 474/789/474 475/746/475
f 511/757/511 533/775/533 513/764/513
f 476/776/476 497/1/497 478/3/478
f 497/1/497 504/772/504 499/4/499
f 701/724/701 700/781/700 702/758/702
vt 0.7588323 0.3906958
f 711/753/711 710/790/710 719/754/719
vt 0.7734758 0.4640582
f 879/723/879 881/791/881 907/767/907
vt 0.4000681 0.8542355
f 543/762/543 525/792/525 514/756/514
f 514/756/514 525/792/525 474/789/474
vt 0.3928757 0.7994730
f 476/776/476 473/793/473 497/1/497
f 497/1/497 473/793/473 504/772/504
f 683/780/683 695/773/695 697/748/697
f 695/773/695 700/781/700 701/724/701
f 849/729/849 732/774/732 855/765/855
vt 0.7790851 0.4819782
f 907/767/907 928/794/928 939/737/939
f 939/737/939 928/794/928 953/785/953
f 475/746/475 474/789/474 476/776/476
vt 0.3873890 0.7841973
f 504/772/504 485/795/485 511/757/511
vt 0.3778161 0.8214810
f 476/776/476 472/796/472 473/793/473
f 700/781/700 710/790/710 711/753/711
vt 0.7738230 0.4478650
f 856/766/856 858/797/858 879/723/879
f 879/723/879 858/797/858 881/791/881
f 907/767/907 881/791/881 928/794/928
f 473/793/473 485/795/485 504/772/504
vt 0.2125863 0.2144575
f 1580/787/1580 1463/798/1463 1462/788/1462
vt 0.3892761 0.8639278
f 543/762/543 580/799/580 525/792/525
vt 0.3803334 0.8439268
f 525/792/525 523/800/523 474/789/474
f 474/789/474 472/796/472 476/776/476
vt 0.3779119 0.7756592
f 485/795/485 532/801/532 511/757/511
f 511/757/511 532/801/532 533/775/533
vt 0.7486383 0.8902462
vt 0.7195277 0.9053261
vt 0.7154899 0.8923166
f 81/802/81 67/803/67 72/804/72
vt 0.7367750 0.3182844
vt 0.7578648 0.3280115
f 681/805/681 682/806/682 683/780/683
vt 0.7637791 0.3382470
f 683/780/683 685/807/685 695/773/695
vt 0.7706219 0.4070318
f 719/754/719 717/808/717 732/774/732
vt 0.7751911 0.4189527
f 732/774/732 742/809/742 855/765/855
vt 0.7821383 0.4397309
f 855/765/855 857/810/857 856/766/856
vt 0.7864488 0.5036027
f 953/785/953 1016/811/1016 1049/786/1049
vt 0.3852153 0.8535613
f 580/799/580 557/812/557 525/792/525
f 557/812/557 523/800/523 525/792/525
vt 0.3785792 0.7618150
f 613/813/613 605/768/605 533/775/533
vt 0.3677425 0.8108878
f 472/796/472 470/814/470 473/793/473
vt 0.3734898 0.7921488
f 470/814/470 471/815/471 473/793/473
f 719/754/719 710/790/710 717/808/717
f 717/808/717 742/809/742 732/774/732
f 857/810/857 858/797/858 856/766/856
f 473/793/473 471/815/471 485/795/485
vt 0.7689170 0.3585042
f 685/807/685 694/816/694 695/773/695
f 855/765/855 742/809/742 857/810/857
vt 0.7997573 0.5009342
f 928/794/928 958/817/958 953/785/953
f 953/785/953 958/817/958 1016/811/1016
f 533/775/533 532/801/532 613/813/613
vt 0.3706462 0.7808726
f 485/795/485 484/818/484 532/801/532
f 471/815/471 484/818/484 485/795/485
vt 0.7797141 0.3960739
f 700/781/700 709/819/709 710/790/710
vt 0.3688909 0.8513928
f 557/812/557 567/820/567 523/800/523
vt 0.3489730 0.8186880
f 472/796/472 461/821/461 470/814/470
vt 0.7794347 0.3820404
f 694/816/694 699/822/699 700/781/700
f 700/781/700 699/822/699 709/819/709
vt 0.7981867 0.4554254
f 858/797/858 873/823/873 881/791/881
vt 0.7969014 0.4747142
f 881/791/881 873/823/873 893/824/893
f 881/791/881 893/824/893 928/794/928
vt 0.7998145 0.4846296
f 928/794/928 931/825/931 958/817/958
vt 0.8050493 0.5185754
f 958/817/958 1035/826/1035 1016/811/1016
vt 0.2004489 0.2326812
vt 0.1839226 0.2303579
f 1586/827/1586 1466/828/1466 1463/798/1463
f 580/799/580 567/820/567 557/812/557
vt 0.3581056 0.7776628
f 532/801/532 480/829/480 613/813/613
vt 0.3606439 0.7672145
f 480/829/480 614/830/614 613/813/613
f 472/796/472 474/789/474 461/821/461
f 484/818/484 480/829/480 532/801/532
vt 0.7794731 0.3387226
f 682/806/682 686/831/686 685/807/685
vt 0.7849679 0.3504231
f 685/807/685 687/832/687 694/816/694
f 710/790/710 709/819/709 717/808/717
f 858/797/858 857/810/857 873/823/873
f 928/794/928 893/824/893 931/825/931
vt 0.3546563 0.8315233
f 523/800/523 522/833/522 474/789/474
f 474/789/474 522/833/522 461/821/461
vt 0.3483650 0.8020036
f 470/814/470 460/834/460 471/815/471
vt 0.3500904 0.7892226
f 471/815/471 462/835/462 484/818/484
vt 0.8038522 0.4366912
f 742/809/742 762/836/762 857/810/857
f 567/820/567 522/833/522 523/800/523
f 462/835/462 480/829/480 484/818/484
f 471/815/471 460/834/460 462/835/462
vt 0.7936200 0.3775441
f 694/816/694 696/837/696 699/822/699
vt 0.8166559 0.4678602
f 873/823/873 909/838/909 893/824/893
vt 0.8122567 0.4990519
f 931/825/931 956/839/956 958/817/958
vt 0.8227594 0.5214980
f 958/817/958 1007/840/1007 1035/826/1035
vt 0.3451199 0.8383057
f 567/820/567 568/841/568 522/833/522
f 470/814/470 461/821/461 460/834/460
vt 0.8062867 0.4238001
f 717/808/717 709/819/709 718/842/718
f 717/808/717 718/842/718 742/809/742
f 958/817/958 956/839/956 1007/840/1007
vt 0.8273332 0.5337251
f 1007/840/1007 1013/843/1013 1035/826/1035
vt 0.3364929 0.8270046
f 522/833/522 568/841/568 524/844/524
f 522/833/522 524/844/524 461/821/461
vt 0.3332683 0.7896140
vt 0.3387367 0.7791638
f 459/845/459 540/846/540 480/829/480
f 462/835/462 459/845/459 480/829/480
vt 0.3295914 0.8113115
f 461/821/461 457/847/457 460/834/460
vt 0.3293165 0.8026527
f 460/834/460 456/848/456 462/835/462
vt 0.8058461 0.4083188
f 699/822/699 707/849/707 709/819/709
f 709/819/709 707/849/707 718/842/718
f 742/809/742 718/842/718 762/836/762
f 857/810/857 762/836/762 873/823/873
f 893/824/893 909/838/909 931/825/931
f 457/847/457 456/848/456 460/834/460
f 456/848/456 459/845/459 462/835/462
vt 0.8061631 0.3656506
f 687/832/687 689/850/689 694/816/694
f 694/816/694 689/850/689 696/837/696
vt 0.8281889 0.4917765
f 931/825/931 950/851/950 956/839/956
vt 0.1847642 0.2421724
vt 0.1622467 0.2447217
f 1587/852/1587 1465/853/1465 1466/828/1466
vt 0.1695480 0.2602903
vt 0.1651321 0.2520990
f 1587/852/1587 1604/854/1604 1469/855/1469
vt 0.3281003 0.8192558
f 524/844/524 469/856/469 461/821/461
f 469/856/469 457/847/457 461/821/461
f 699/822/699 696/837/696 707/849/707
vt 0.8182634 0.4525703
f 762/836/762 887/857/887 873/823/873
vt 0.8387235 0.5143335
f 956/839/956 970/858/970 1007/840/1007
vt 0.8386428 0.5260527
f 1007/840/1007 974/859/974 1013/843/1013
vt 0.3292728 0.8315778
f 568/841/568 569/860/569 524/844/524
f 873/823/873 887/857/887 909/838/909
vt 0.8361377 0.4779769
f 931/825/931 909/838/909 934/861/934
vt 0.8481386 0.5393924
f 1013/843/1013 974/859/974 998/862/998
vt 0.8414326 0.5433067
f 1013/843/1013 998/862/998 1019/863/1019
vt 0.3078917 0.7880074
vt 0.3134966 0.7810201
f 458/864/458 599/865/599 540/846/540
f 459/845/459 458/864/458 540/846/540
vt 0.3105601 0.7936122
f 456/848/456 453/866/453 459/845/459
vt 0.7948573 0.3492317
vt 0.8093143 0.3582618
f 688/867/688 690/868/690 689/850/689
vt 0.8222846 0.3812091
f 689/850/689 692/869/692 696/837/696
vt 0.8156636 0.4001890
f 696/837/696 703/870/703 707/849/707
vt 0.8320751 0.4369896
f 718/842/718 774/871/774 762/836/762
f 931/825/931 934/861/934 950/851/950
vt 0.3082014 0.8168604
f 524/844/524 468/872/468 469/856/469
vt 0.3005063 0.8005510
f 456/848/456 454/873/454 453/866/453
f 459/845/459 453/866/453 458/864/458
f 950/851/950 970/858/970 956/839/956
f 970/858/970 974/859/974 1007/840/1007
vt 0.1499193 0.2740251
vt 0.1497709 0.2654197
f 1604/854/1604 1610/874/1610 1475/875/1475
f 469/856/469 468/872/468 457/847/457
vt 0.2963317 0.8065589
f 457/847/457 455/876/455 456/848/456
vt 0.8228767 0.3695252
f 690/868/690 691/877/691 689/850/689
vt 0.8465713 0.4881525
f 950/851/950 957/878/957 970/858/970
vt 0.8559631 0.5330799
f 974/859/974 975/879/975 998/862/998
vt 0.3068293 0.8273595
f 569/860/569 564/880/564 524/844/524
f 524/844/524 564/880/564 468/872/468
f 468/872/468 455/876/455 457/847/457
f 455/876/455 454/873/454 456/848/456
f 696/837/696 692/869/692 703/870/703
vt 0.8391990 0.4635829
f 887/857/887 916/881/916 909/838/909
vt 0.1342363 0.2808081
f 1475/875/1475 1610/874/1610 1483/882/1483
f 689/850/689 691/877/691 692/869/692
vt 0.8372388 0.3998055
f 692/869/692 712/883/712 703/870/703
vt 0.8313733 0.4243468
f 703/870/703 790/884/790 707/849/707
f 707/849/707 790/884/790 718/842/718
f 718/842/718 790/884/790 774/871/774
vt 0.8341923 0.4511811
f 762/836/762 774/871/774 775/885/775
f 762/836/762 775/885/775 887/857/887
f 887/857/887 775/885/775 916/881/916
f 909/838/909 916/881/916 934/861/934
f 934/861/934 957/878/957 950/851/950
vt 0.8582631 0.5153665
f 957/878/957 971/886/971 970/858/970
f 970/858/970 971/886/971 974/859/974
f 971/886/971 975/879/975 974/859/974
vt 0.8660011 0.5513825
f 975/879/975 985/887/985 998/862/998
f 998/862/998 985/887/985 1019/863/1019
vt 0.8606606 0.5544623
f 1019/863/1019 985/887/985 1018/888/1018
vt 0.1242284 0.2769725
f 1483/882/1483 1474/889/1474 1475/875/1475
vt 0.2921613 0.8213020
f 564/880/564 563/890/563 468/872/468
vt 0.2834382 0.8092320
f 468/872/468 563/890/563 463/891/463
vt 0.2776718 0.7994735
f 455/876/455 449/892/449 454/873/454
vt 0.2797565 0.7920334
f 449/892/449 448/893/448 453/866/453
f 454/873/454 449/892/449 453/866/453
f 453/866/453 448/893/448 458/864/458
f 703/870/703 712/883/712 790/884/790
vt 0.8693859 0.5351961
f 975/879/975 971/886/971 976/894/976
f 468/872/468 463/891/463 455/876/455
vt 0.2814811 0.7782776
f 599/865/599 458/864/458 600/895/600
vt 0.1246481 0.2912588
f 1610/874/1610 1616/896/1616 1483/882/1483
vt 0.2734118 0.7864224
f 458/864/458 452/897/452 600/895/600
f 448/893/448 452/897/452 458/864/458
vt 0.8337800 0.3812262
f 691/877/691 693/898/693 692/869/692
vt 0.8563338 0.4742700
f 916/881/916 945/899/945 934/861/934
f 934/861/934 945/899/945 957/878/957
vt 0.8623863 0.5037798
f 957/878/957 1010/900/1010 971/886/971
vt 0.8747745 0.5457853
f 975/879/975 977/901/977 985/887/985
f 455/876/455 463/891/463 449/892/449
f 692/869/692 693/898/693 712/883/712
vt 0.8554640 0.4490376
f 774/871/774 785/902/785 775/885/775
vt 0.8561695 0.4605467
f 775/885/775 785/902/785 786/903/786
f 775/885/775 786/903/786 916/881/916
vt 0.8754677 0.5261502
f 971/886/971 997/904/997 976/894/976
f 976/894/976 977/901/977 975/879/975
vt 0.8806440 0.5617827
f 985/887/985 983/905/983 1018/888/1018
vt 0.8707524 0.5657347
f 1018/888/1018 983/905/983 1023/906/1023
vt 0.1141788 0.2920934
f 1474/889/1474 1483/882/1483 1481/907/1481
vt 0.8872193 0.5780081
vt 0.8820784 0.5831940
f 1023/906/1023 1014/908/1014 1065/909/1065
vt 0.2721223 0.8121176
f 563/890/563 562/910/562 463/891/463
vt 0.2655231 0.7983492
f 463/891/463 447/911/447 449/892/449
f 449/892/449 447/911/447 448/893/448
vt 0.2610021 0.7779524
f 452/897/452 483/912/483 600/895/600
vt 0.8470135 0.3993758
f 693/898/693 805/913/805 712/883/712
vt 0.8535282 0.4298419
f 712/883/712 797/914/797 790/884/790
f 790/884/790 797/914/797 774/871/774
vt 0.1576000 0.1752093
vt 0.1443688 0.1734304
vt 0.1442877 0.1606911
f 1397/915/1397 1403/916/1403 1194/917/1194
f 916/881/916 786/903/786 945/899/945
f 977/901/977 983/905/983 985/887/985
f 1023/906/1023 983/905/983 1014/908/1014
vt 0.2595763 0.8049600
f 463/891/463 562/910/562 465/918/465
f 463/891/463 465/918/465 447/911/447
f 774/871/774 797/914/797 785/902/785
vt 0.8701420 0.4963971
f 957/878/957 945/899/945 1011/919/1011
f 957/878/957 1011/919/1011 1010/900/1010
vt 0.8747026 0.5117994
f 1010/900/1010 999/920/999 971/886/971
f 971/886/971 999/920/999 997/904/997
vt 0.1013069 0.2940404
f 1481/907/1481 1467/921/1467 1474/889/1474
vt 0.1115577 0.3049750
f 1617/922/1617 1481/907/1481 1616/896/1616
vt 0.2447489 0.7910714
f 447/911/447 440/923/440 448/893/448
f 448/893/448 440/923/440 452/897/452
f 1010/900/1010 1011/919/1011 999/920/999
vt 0.8925124 0.5572755
f 977/901/977 979/924/979 983/905/983
vt 0.8929515 0.5724214
f 983/905/983 984/925/984 1014/908/1014
vt 0.2483664 0.8088108
f 562/910/562 561/926/561 465/918/465
vt 0.2443714 0.7997570
f 465/918/465 444/927/444 447/911/447
f 447/911/447 444/927/444 440/923/440
vt 0.2475618 0.7854640
f 440/923/440 442/928/442 452/897/452
f 452/897/452 442/928/442 483/912/483
vt 0.8637467 0.4254712
f 805/913/805 803/929/803 797/914/797
f 712/883/712 805/913/805 797/914/797
vt 0.8693572 0.4722534
f 945/899/945 786/903/786 1024/930/1024
vt 0.8893389 0.5362343
f 997/904/997 996/931/996 976/894/976
vt 0.9004198 0.5509211
f 976/894/976 996/931/996 978/932/978
f 976/894/976 978/932/978 977/901/977
f 978/932/978 979/924/979 977/901/977
f 983/905/983 979/924/979 984/925/984
vt 0.0918132 0.3143404
f 1617/922/1617 1482/933/1482 1481/907/1481
vt 0.2375273 0.7764331
f 442/928/442 482/934/482 483/912/483
vt 0.8604623 0.4129223
f 805/913/805 823/935/823 803/929/803
f 945/899/945 1024/930/1024 1011/919/1011
vt 0.8828115 0.4975232
f 1011/919/1011 1024/930/1024 1037/936/1037
f 999/920/999 1011/919/1011 1037/936/1037
vt 0.8903339 0.5203434
f 999/920/999 1008/937/1008 997/904/997
f 997/904/997 1008/937/1008 996/931/996
vt 0.9033285 0.5917314
f 984/925/984 1005/938/1005 1014/908/1014
f 1014/908/1014 1005/938/1005 1065/909/1065
vt 0.8981059 0.5997643
f 1065/909/1065 1005/938/1005 1066/939/1066
f 465/918/465 561/926/561 444/927/444
vt 0.0966627 0.3212984
f 1617/922/1617 1623/940/1623 1482/933/1482
vt 0.2307464 0.7858085
f 440/923/440 441/941/441 442/928/442
f 442/928/442 441/941/441 482/934/482
f 797/914/797 803/929/803 785/902/785
vt 0.8717888 0.4450029
f 803/929/803 804/942/804 785/902/785
vt 0.8701859 0.4582648
f 786/903/786 785/902/785 800/943/800
vt 0.1275479 0.1740043
vt 0.1295542 0.1588172
f 1198/944/1198 1195/945/1195 1194/917/1194
f 786/903/786 800/943/800 1024/930/1024
vt 0.8894992 0.5062936
f 1037/936/1037 1026/946/1026 999/920/999
f 999/920/999 1026/946/1026 1008/937/1008
vt 0.9086047 0.5822174
f 984/925/984 979/924/979 981/947/981
vt 0.2213871 0.7996524
vt 0.2165665 0.7947671
f 444/927/444 467/948/467 443/949/443
f 444/927/444 443/949/443 440/923/440
f 443/949/443 441/941/441 440/923/440
vt 0.8720272 0.4326385
f 823/935/823 825/950/825 803/929/803
f 785/902/785 804/942/804 800/943/800
vt 0.1202225 0.1697224
f 1198/944/1198 1201/951/1201 1195/945/1195
f 984/925/984 981/947/981 1005/938/1005
vt 0.9132880 0.6160204
f 1005/938/1005 1048/952/1048 1066/939/1066
vt 0.2255254 0.8071299
f 561/926/561 566/953/566 444/927/444
f 566/953/566 467/948/467 444/927/444
vt 0.2095080 0.7752367
f 441/941/441 477/954/477 482/934/482
f 825/950/825 804/942/804 803/929/803
vt 0.8953115 0.4928200
f 1037/936/1037 1081/955/1081 1026/946/1026
vt 0.9056450 0.5312935
f 1008/937/1008 1020/956/1020 996/931/996
vt 0.9110274 0.5667554
f 979/924/979 980/957/980 981/947/981
vt 0.9178819 0.6043860
f 981/947/981 1006/958/1006 1005/938/1005
f 1006/958/1006 1048/952/1048 1005/938/1005
vt 0.2061242 0.7871332
f 443/949/443 445/959/445 441/941/441
vt 0.2064360 0.7808028
f 445/959/445 446/960/446 441/941/441
f 441/941/441 446/960/446 477/954/477
vt 0.9046010 0.4997642
f 1081/955/1081 1083/961/1083 1026/946/1026
vt 0.9011495 0.5149306
f 1026/946/1026 1061/962/1061 1008/937/1008
f 1061/962/1061 1020/956/1020 1008/937/1008
vt 0.9070270 0.5463237
f 1020/956/1020 1004/963/1004 996/931/996
f 996/931/996 1004/963/1004 978/932/978
f 978/932/978 980/957/980 979/924/979
vt 0.0806460 0.3423482
vt 0.0685556 0.3403687
f 1623/940/1623 1628/964/1628 1479/965/1479
f 1623/940/1623 1479/965/1479 1482/933/1482
vt 0.5502636 0.8833036
vt 0.5565212 0.8890768
vt 0.5349188 0.8847717
f 153/966/153 23/967/23 154/968/154
f 1026/946/1026 1083/961/1083 1061/962/1061
vt 0.9181166 0.5462364
f 1020/956/1020 1029/969/1029 1004/963/1004
f 978/932/978 1004/963/1004 980/957/980
vt 0.9217100 0.5827064
f 980/957/980 982/970/982 981/947/981
vt 0.9330525 0.6361924
f 1048/952/1048 1006/958/1006 1021/971/1021
vt 0.2008181 0.8003334
f 466/972/466 467/948/467 566/953/566
vt 0.1970092 0.8053399
f 566/953/566 560/973/560 466/972/466
f 467/948/467 466/972/466 443/949/443
vt 0.1975387 0.7912078
f 466/972/466 451/974/451 443/949/443
f 443/949/443 451/974/451 445/959/445
vt 0.0705857 0.3483572
f 1628/964/1628 1490/975/1490 1479/965/1479
vt 0.1981238 0.7804167
f 451/974/451 450/976/450 445/959/445
f 445/959/445 450/976/450 446/960/446
f 446/960/446 450/976/450 477/954/477
vt 0.1981319 0.7724248
f 477/954/477 450/976/450 481/977/481
vt 0.1912279 0.7856237
vt 0.1914642 0.7779861
f 450/976/450 464/978/464 508/979/508
vt 0.9110543 0.5065526
vt 0.9162052 0.5265943
f 1080/980/1080 1079/981/1079 1020/956/1020
f 1061/962/1061 1080/980/1080 1020/956/1020
vt 0.9209005 0.5646216
f 1004/963/1004 1029/969/1029 1003/982/1003
f 1004/963/1004 1003/982/1003 980/957/980
vt 0.9313402 0.6029575
f 981/947/981 986/983/986 1006/958/1006
vt 0.0630183 0.3479373
f 1490/975/1490 1476/984/1476 1479/965/1479
f 451/974/451 464/978/464 450/976/450
f 450/976/450 508/979/508 481/977/481
f 1020/956/1020 1079/981/1079 1029/969/1029
f 980/957/980 1003/982/1003 982/970/982
f 981/947/981 982/970/982 986/983/986
vt 0.9410671 0.6271036
f 1006/958/1006 994/985/994 1021/971/1021
vt 0.0619887 0.3381152
f 1479/965/1479 1476/984/1476 1450/986/1450
vt 0.1894493 0.7997971
f 560/973/560 521/987/521 466/972/466
f 466/972/466 521/987/521 451/974/451
f 521/987/521 464/978/464 451/974/451
vt 0.1921485 0.7684671
f 508/979/508 542/988/542 481/977/481
vt 0.9476001 0.8803045
vt 0.9557201 0.8701726
vt 0.9597784 0.8815351
f 1686/989/1686 1690/990/1690 1689/991/1689
vt 0.9289973 0.5461990
f 1079/981/1079 1064/992/1064 1029/969/1029
vt 0.9301514 0.5797086
f 1003/982/1003 1002/993/1002 982/970/982
vt 0.9374697 0.6186416
f 986/983/986 995/994/995 1006/958/1006
f 1006/958/1006 995/994/995 994/985/994
vt 0.1830195 0.7952430
f 521/987/521 548/995/548 464/978/464
vt 0.1828151 0.7736785
f 508/979/508 565/996/565 542/988/542
vt 0.1842585 0.7620133
f 542/988/542 565/996/565 617/997/617
vt 0.1805767 0.7860613
f 464/978/464 559/998/559 565/996/565
f 464/978/464 565/996/565 508/979/508
vt 0.9338912 0.5713099
f 1029/969/1029 1012/999/1012 1003/982/1003
f 1003/982/1003 1012/999/1012 1002/993/1002
vt 0.9388227 0.5952477
f 1002/993/1002 987/1000/987 982/970/982
f 982/970/982 987/1000/987 986/983/986
vt 0.9443953 0.6133826
f 986/983/986 988/1001/988 995/994/995
vt 0.9441396 0.6374843
f 1021/971/1021 994/985/994 1000/1002/1000
vt 0.9361653 0.6449031
f 1000/1002/1000 1062/1003/1062 1021/971/1021
f 464/978/464 548/995/548 559/998/559
vt 0.9273067 0.5266206
vt 0.9383771 0.5471227
f 1107/1004/1107 1100/1005/1100 1079/981/1079
vt 0.9374079 0.5631395
f 1064/992/1064 1063/1006/1063 1012/999/1012
f 1029/969/1029 1064/992/1064 1012/999/1012
vt 0.1761131 0.8053071
f 521/987/521 587/1007/587 548/995/548
vt 0.3568271 0.9367649
vt 0.3519844 0.9278050
vt 0.3408372 0.9378254
f 664/1008/664 653/1009/653 667/1010/667
f 1002/993/1002 1012/999/1012 987/1000/987
f 987/1000/987 988/1001/988 986/983/986
vt 0.0543965 0.3252235
vt 0.0436683 0.3220828
vt 0.0540712 0.3083174
f 1435/1011/1435 1437/1012/1437 1436/1013/1436
f 988/1001/988 994/985/994 995/994/995
vt 0.9547100 0.6354383
vt 0.9522444 0.6424112
f 1000/1002/1000 1001/1014/1001 1069/1015/1069
vt 0.1845411 0.8086151
f 591/1016/591 587/1007/587 521/987/521
vt 0.3404254 0.9272496
vt 0.3302605 0.9243051
f 667/1010/667 663/1017/663 668/1018/668
vt 0.1737720 0.7618027
f 565/996/565 633/1019/633 617/997/617
f 653/1009/653 663/1017/663 667/1010/667
vt 0.9516263 0.5834150
f 1063/1006/1063 1051/1020/1051 1012/999/1012
vt 0.9524029 0.5987454
f 987/1000/987 1012/999/1012 993/1021/993
vt 0.9551349 0.6267742
f 988/1001/988 990/1022/990 994/985/994
f 994/985/994 990/1022/990 1000/1002/1000
f 990/1022/990 1001/1014/1001 1000/1002/1000
vt 0.3792778 0.9287186
vt 0.3740166 0.9218393
vt 0.3685324 0.9380792
f 666/1023/666 651/1024/651 665/1025/665
f 665/1025/665 651/1024/651 664/1008/664
f 651/1024/651 653/1009/653 664/1008/664
f 1012/999/1012 1051/1020/1051 993/1021/993
vt 0.9544259 0.6133860
f 987/1000/987 989/1026/989 988/1001/988
f 989/1026/989 990/1022/990 988/1001/988
vt 0.3515708 0.9178980
f 653/1009/653 649/1027/649 663/1017/663
f 987/1000/987 993/1021/993 989/1026/989
vt 0.0417729 0.3446312
vt 0.0299178 0.3382182
vt 0.0432815 0.3386885
f 1477/1028/1477 1478/1029/1478 1444/1030/1444
vt 0.3869323 0.9250498
vt 0.3851278 0.9134741
f 671/1031/671 654/1032/654 666/1023/666
f 651/1024/651 649/1027/649 653/1009/653
vt 0.9642091 0.6139104
f 993/1021/993 991/1033/991 989/1026/989
f 989/1026/989 991/1033/991 990/1022/990
vt 0.9670816 0.6225737
f 990/1022/990 992/1034/992 1001/1014/1001
vt 0.0320241 0.3337330
f 1478/1029/1478 1461/1035/1461 1444/1030/1444
vt 0.3394886 0.9124222
f 649/1027/649 660/1036/660 663/1017/663
f 663/1017/663 660/1036/660 668/1018/668
vt 0.9546925 0.5692365
vt 0.9674137 0.5840495
vt 0.9538633 0.5795635
f 1103/1037/1103 1104/1038/1104 1074/1039/1074
vt 0.9639832 0.6008059
f 993/1021/993 1051/1020/1051 1030/1040/1030
f 991/1033/991 992/1034/992 990/1022/990
vt 0.9662320 0.6326970
f 992/1034/992 1009/1041/1009 1001/1014/1001
vt 0.3767140 0.9069601
f 654/1032/654 650/1042/650 651/1024/651
vt 0.3508131 0.9092777
f 649/1027/649 648/1043/648 660/1036/660
f 993/1021/993 1030/1040/1030 991/1033/991
vt 0.3836030 0.9038973
f 657/1044/657 650/1042/650 654/1032/654
vt 0.3651236 0.9036434
f 650/1042/650 647/1045/647 649/1027/649
f 651/1024/651 650/1042/650 649/1027/649
vt 0.9779266 0.6024780
f 1074/1039/1074 1076/1046/1076 1030/1040/1030
f 1051/1020/1051 1074/1039/1074 1030/1040/1030
vt 0.9724426 0.6111445
f 1030/1040/1030 1017/1047/1017 991/1033/991
f 991/1033/991 1017/1047/1017 992/1034/992
vt 0.9783645 0.6194987
f 992/1034/992 1038/1048/1038 1009/1041/1009
vt 0.3425488 0.9011063
vt 0.3307296 0.9107646
f 660/1036/660 658/1049/658 669/1050/669
f 647/1045/647 648/1043/648 649/1027/649
f 1074/1039/1074 1104/1038/1104 1076/1046/1076
f 1030/1040/1030 1076/1046/1076 1017/1047/1017
f 1017/1047/1017 1038/1048/1038 992/1034/992
vt 0.3276182 0.8959928
f 658/1049/658 672/1051/672 669/1050/669
f 648/1043/648 658/1049/658 660/1036/660
vt 0.3768376 0.8928781
f 657/1044/657 656/1052/656 650/1042/650
vt 0.3562364 0.8980357
f 647/1045/647 652/1053/652 648/1043/648
f 648/1043/648 652/1053/652 658/1049/658
vt 0.9833297 0.5933123
f 1104/1038/1104 1114/1054/1114 1076/1046/1076
vt 0.9853989 0.6080703
f 1076/1046/1076 1078/1055/1078 1017/1047/1017
f 1017/1047/1017 1078/1055/1078 1038/1048/1038
vt 0.3869323 0.8940705
f 674/1056/674 656/1052/656 657/1044/657
vt 0.3647942 0.8900573
f 650/1042/650 656/1052/656 655/1057/655
f 650/1042/650 655/1057/655 647/1045/647
f 647/1045/647 655/1057/655 652/1053/652
vt 0.3445502 0.8848143
vt 0.3373781 0.8877027
f 658/1049/658 662/1058/662 670/1059/670
f 238/9/238 237/8/237 216/6/216
f 237/8/237 236/22/236 216/6/216
f 216/6/216 236/22/236 235/20/235
f 236/22/236 237/8/237 240/11/240
f 214/17/214 211/16/211 204/12/204
f 241/23/241 236/22/236 244/28/244
vt 0.9903931 0.3232503
f 1602/1060/1602 1603/45/1603 1560/44/1560
f 188/33/188 204/12/204 174/51/174
f 204/12/204 202/14/202 174/51/174
f 174/51/174 202/14/202 183/34/183
f 1326/72/1326 1622/38/1622 1593/40/1593
vt 0.9812326 0.3210127
f 1608/39/1608 1602/1060/1602 1562/1061/1562
f 1593/40/1593 1608/39/1608 1562/1061/1562
f 1562/1061/1562 1602/1060/1602 1560/44/1560
f 1325/82/1325 1326/72/1326 1593/40/1593
f 1324/73/1324 1326/72/1326 1325/82/1325
f 1325/82/1325 1593/40/1593 1562/1061/1562
f 1318/109/1318 1328/71/1328 1324/73/1324
vt 0.9664012 0.2871654
f 1319/83/1319 1325/82/1325 1570/1062/1570
vt 0.9617611 0.3123866
f 1556/1063/1556 1325/82/1325 1562/1061/1562
f 1556/1063/1556 1562/1061/1562 1560/44/1560
f 1556/1063/1556 1560/44/1560 1557/76/1557
f 1318/109/1318 1324/73/1324 1319/83/1319
f 1551/115/1551 1325/82/1325 1556/1063/1556
f 200/87/200 218/94/218 224/123/224
f 1310/110/1310 1318/109/1318 1319/83/1319
f 1568/116/1568 1570/1062/1570 1325/82/1325
vt 0.9458208 0.2589666
f 1310/110/1310 1319/83/1319 1550/1064/1550
f 1550/1064/1550 1319/83/1319 1570/1062/1570
f 1551/115/1551 1556/1063/1556 1555/117/1555
f 1555/117/1555 1556/1063/1556 1557/76/1557
vt 0.9574291 0.2298994
f 1313/1065/1313 1318/109/1318 1309/111/1309
f 1550/1064/1550 1570/1062/1570 1568/116/1568
f 223/138/223 205/122/205 224/123/224
vt 0.9449285 0.2405367
f 1306/1066/1306 1309/111/1309 1310/110/1310
vt 0.9346555 0.2765313
f 1545/1067/1545 1550/1064/1550 1568/116/1568
f 1546/173/1546 1551/115/1551 1555/117/1555
f 256/134/256 258/104/258 259/118/259
vt 0.9443048 0.2260329
f 1314/154/1314 1313/1065/1313 1301/1068/1301
f 1301/1068/1301 1313/1065/1313 1309/111/1309
f 1301/1068/1301 1309/111/1309 1306/1066/1306
f 1306/1066/1306 1310/110/1310 1550/1064/1550
f 1545/1067/1545 1568/116/1568 1551/115/1551
f 1545/1067/1545 1551/115/1551 1546/173/1546
f 260/142/260 259/118/259 263/133/263
f 249/150/249 252/126/252 256/134/256
f 251/151/251 253/127/253 252/126/252
f 1314/154/1314 1301/1068/1301 1305/155/1305
f 1546/173/1546 1555/117/1555 1558/146/1558
f 207/143/207 206/137/206 197/121/197
f 207/143/207 205/122/205 210/139/210
vt 0.9307016 0.2368326
f 1296/1069/1296 1301/1068/1301 1306/1066/1306
f 1296/1069/1296 1306/1066/1306 1550/1064/1550
f 1296/1069/1296 1550/1064/1550 1543/191/1543
f 1543/191/1543 1550/1064/1550 1545/1067/1545
vt 0.9208315 0.2768273
f 1544/1070/1544 1545/1067/1545 1546/173/1546
f 260/142/260 263/133/263 265/168/265
f 273/148/273 196/119/196 208/160/208
vt 0.9275041 0.1966445
f 1307/1071/1307 1320/156/1320 1305/155/1305
vt 0.9254786 0.2208518
f 1294/1072/1294 1305/155/1305 1301/1068/1301
f 1301/1068/1301 1296/1069/1296 1294/1072/1294
vt 0.9191588 0.2652141
f 1541/1073/1541 1543/191/1543 1545/1067/1545
f 208/160/208 206/137/206 207/143/207
f 255/187/255 249/150/249 257/149/257
vt 0.0669791 0.4884991
f 770/153/770 809/152/809 816/1074/816
vt 0.9223955 0.2079543
f 1307/1071/1307 1305/155/1305 1293/1075/1293
f 1293/1075/1293 1305/155/1305 1294/1072/1294
f 1541/1073/1541 1545/1067/1545 1544/1070/1544
vt 0.7988811 0.7189820
f 208/160/208 207/143/207 209/1076/209
f 209/1076/209 207/143/207 217/169/217
f 1294/1072/1294 1296/1069/1296 1295/190/1295
vt 0.9110819 0.2579867
f 1543/191/1543 1541/1073/1541 1542/1077/1542
f 295/185/295 273/148/273 208/160/208
vt 0.7890174 0.6533390
f 261/1078/261 257/149/257 260/142/260
f 250/161/250 249/150/249 255/187/255
f 770/153/770 816/1074/816 815/179/815
vt 0.9146239 0.1808764
f 1308/1079/1308 1320/156/1320 1307/1071/1307
f 1295/190/1295 1296/1069/1296 1543/191/1543
vt 0.8974619 0.2737136
f 1537/1080/1537 1544/1070/1544 1546/173/1546
f 265/168/265 273/148/273 295/185/295
f 261/1078/261 260/142/260 265/168/265
f 219/178/219 209/1076/209 217/169/217
vt 0.9058956 0.1921709
f 1307/1071/1307 1293/1075/1293 1292/1081/1292
f 1541/1073/1541 1544/1070/1544 1537/1080/1537
f 1537/1080/1537 1546/173/1546 1547/172/1547
vt 0.7775226 0.6782745
f 271/1082/271 265/168/265 295/185/295
vt 0.7757948 0.6417194
f 255/187/255 257/149/257 262/1083/262
f 262/1083/262 257/149/257 261/1078/261
f 424/189/424 250/161/250 255/187/255
f 219/178/219 210/139/210 226/204/226
vt 0.9035212 0.2182594
f 1291/1084/1291 1294/1072/1294 1295/190/1295
f 261/1078/261 265/168/265 268/224/268
f 268/224/268 265/168/265 271/1082/271
f 295/185/295 208/160/208 327/186/327
vt 0.7708519 0.7182262
f 208/160/208 209/1076/209 220/1085/220
f 1308/1079/1308 1307/1071/1307 1292/1081/1292
vt 0.9052429 0.2039754
f 1292/1081/1292 1293/1075/1293 1288/1086/1288
f 1291/1084/1291 1293/1075/1293 1294/1072/1294
f 271/1082/271 295/185/295 300/184/300
f 327/186/327 208/160/208 220/1085/220
f 220/1085/220 209/1076/209 219/178/219
f 1288/1086/1288 1293/1075/1293 1291/1084/1291
vt 0.8950374 0.2319257
f 1291/1084/1291 1295/190/1295 1390/1087/1390
f 1390/1087/1390 1295/190/1295 1395/192/1395
f 1395/192/1395 1543/191/1543 1542/1077/1542
vt 0.8875486 0.2579199
f 1542/1077/1542 1541/1073/1541 1536/1088/1536
f 1536/1088/1536 1541/1073/1541 1537/1080/1537
f 262/1083/262 261/1078/261 268/224/268
f 264/217/264 255/187/255 262/1083/262
f 779/193/779 815/179/815 826/212/826
vt 0.8991624 0.1783817
f 1297/1089/1297 1308/1079/1308 1292/1081/1292
f 1395/192/1395 1542/1077/1542 1536/1088/1536
f 1547/172/1547 1566/162/1566 1567/195/1567
f 421/188/421 255/187/255 264/217/264
f 268/224/268 271/1082/271 275/225/275
vt 0.7371334 0.6843123
f 291/1090/291 271/1082/271 300/184/300
vt 0.7551836 0.7294631
f 222/1091/222 220/1085/220 219/178/219
vt 0.8762589 0.2030316
f 1286/1092/1286 1288/1086/1288 1291/1084/1291
vt 0.8791539 0.2149863
f 1385/1093/1385 1291/1084/1291 1390/1087/1390
vt 0.8814704 0.2439166
f 1394/1094/1394 1395/192/1395 1536/1088/1536
f 1537/1080/1537 1547/172/1547 1529/215/1529
f 275/225/275 271/1082/271 291/1090/291
vt 0.7544612 0.6388045
f 266/1095/266 262/1083/262 268/224/268
f 222/1091/222 219/178/219 225/205/225
vt 0.8961658 0.1622506
vt 0.8831459 0.1615638
f 1315/1096/1315 1308/1079/1308 1303/1097/1303
f 1303/1097/1303 1308/1079/1308 1297/1089/1297
f 1390/1087/1390 1395/192/1395 1394/1094/1394
f 1536/1088/1536 1537/1080/1537 1529/215/1529
f 1567/195/1567 1598/170/1598 1601/203/1601
f 264/217/264 262/1083/262 266/1095/266
f 300/184/300 327/186/327 220/1085/220
vt 0.7506664 0.7167562
f 337/1098/337 220/1085/220 222/1091/222
vt 0.8748512 0.1892072
f 1284/1099/1284 1292/1081/1292 1288/1086/1288
f 1286/1092/1286 1291/1084/1291 1385/1093/1385
f 1548/200/1548 1567/195/1567 1569/216/1569
f 266/1095/266 268/224/268 270/223/270
f 267/218/267 264/217/264 266/1095/266
vt 0.8761275 0.1698133
f 1287/1100/1287 1297/1089/1297 1292/1081/1292
f 1284/1099/1284 1288/1086/1288 1286/1092/1286
vt 0.8727623 0.2297330
f 1383/1101/1383 1390/1087/1390 1394/1094/1394
f 300/184/300 220/1085/220 337/1098/337
f 426/235/426 421/188/421 267/218/267
f 1303/1097/1303 1297/1089/1297 1287/1100/1287
f 1528/264/1528 1536/1088/1536 1529/215/1529
vt 0.7317389 0.6275036
f 267/218/267 266/1095/266 269/1102/269
f 1385/1093/1385 1390/1087/1390 1383/1101/1383
f 1394/1094/1394 1536/1088/1536 1532/266/1532
f 1532/266/1532 1536/1088/1536 1528/264/1528
vt 0.7263535 0.7033306
f 307/1103/307 291/1090/291 300/184/300
vt 0.7301521 0.6429336
f 269/1102/269 266/1095/266 272/1104/272
f 272/1104/272 266/1095/266 270/223/270
f 227/276/227 222/1091/222 225/205/225
f 1287/1100/1287 1292/1081/1292 1284/1099/1284
f 1383/1101/1383 1394/1094/1394 1532/266/1532
vt 0.7323717 0.7290809
f 228/1105/228 337/1098/337 222/1091/222
f 228/1105/228 222/1091/222 227/276/227
f 1321/272/1321 1315/1096/1315 1304/273/1304
f 1304/273/1304 1315/1096/1315 1303/1097/1303
vt 0.8552930 0.2141140
f 1381/1106/1381 1385/1093/1385 1383/1101/1383
vt 0.8496948 0.2269603
f 1382/1107/1382 1383/1101/1383 1532/266/1532
f 277/259/277 270/223/270 275/225/275
f 307/1103/307 300/184/300 337/1098/337
vt 0.7216216 0.7186808
f 307/1103/307 337/1098/337 338/1108/338
f 338/1108/338 337/1098/337 228/1105/228
f 1286/1092/1286 1385/1093/1385 1381/1106/1381
f 1381/1106/1381 1383/1101/1383 1382/1107/1382
vt 0.7109715 0.6292813
f 274/1109/274 269/1102/269 272/1104/272
f 272/1104/272 270/223/270 277/259/277
f 282/234/282 267/218/267 269/1102/269
f 781/226/781 829/236/829 818/246/818
vt 0.8433329 0.1731154
f 1281/1110/1281 1287/1100/1287 1284/1099/1284
vt 0.8440400 0.2664719
f 1519/1111/1519 1529/215/1529 1548/200/1548
vt 0.6919370 0.7005827
f 305/1112/305 291/1090/291 307/1103/307
f 229/275/229 228/1105/228 227/276/227
f 1304/273/1304 1303/1097/1303 1287/1100/1287
vt 0.8401129 0.1364967
f 1299/1113/1299 1304/273/1304 1287/1100/1287
vt 0.8373968 0.1859666
f 1283/1114/1283 1284/1099/1284 1286/1092/1286
vt 0.8456892 0.1993452
f 1380/1115/1380 1286/1092/1286 1381/1106/1381
f 1528/264/1528 1529/215/1529 1519/1111/1519
f 1519/1111/1519 1548/200/1548 1554/228/1554
f 1592/252/1592 1554/228/1554 1569/216/1569
f 1281/1110/1281 1284/1099/1284 1283/1114/1283
f 1283/1114/1283 1286/1092/1286 1380/1115/1380
vt 0.7007245 0.6495661
f 272/1104/272 277/259/277 279/1116/279
f 229/275/229 338/1108/338 228/1105/228
vt 0.8390338 0.1589175
f 1285/1117/1285 1287/1100/1287 1281/1110/1281
f 275/225/275 291/1090/291 290/260/290
vt 0.6873791 0.6296940
f 274/1109/274 272/1104/272 278/1118/278
f 278/1118/278 272/1104/272 279/1116/279
f 282/234/282 269/1102/269 276/295/276
f 276/295/276 269/1102/269 274/1109/274
f 1519/1111/1519 1554/228/1554 1561/288/1561
f 1561/288/1561 1554/228/1554 1592/252/1592
f 1677/241/1677 1675/257/1675 1674/242/1674
vt 0.6891806 0.7183029
f 325/1119/325 307/1103/307 338/1108/338
f 414/261/414 282/234/282 276/295/276
vt 0.8292455 0.2096466
f 1380/1115/1380 1381/1106/1381 1362/1120/1362
f 1362/1120/1362 1381/1106/1381 1382/1107/1382
f 279/1116/279 277/259/277 289/327/289
f 289/327/289 277/259/277 290/260/290
f 290/260/290 291/1090/291 305/1112/305
f 325/1119/325 338/1108/338 229/275/229
vt 0.8173404 0.1339903
f 1289/1121/1289 1299/1113/1299 1287/1100/1287
vt 0.8184503 0.2508935
f 1517/1122/1517 1528/264/1528 1519/1111/1519
f 305/1112/305 307/1103/307 325/1119/325
vt 0.6904565 0.7300097
f 325/1119/325 229/275/229 369/1123/369
vt 0.8227565 0.1957846
f 1361/1124/1361 1380/1115/1380 1362/1120/1362
f 1382/1107/1382 1532/266/1532 1363/300/1363
f 1527/265/1527 1528/264/1528 1517/1122/1517
f 1615/269/1615 1621/245/1621 1633/279/1633
f 369/1123/369 229/275/229 230/277/230
f 1289/1121/1289 1287/1100/1287 1285/1117/1285
f 1362/1120/1362 1382/1107/1382 1363/300/1363
f 1518/306/1518 1519/1111/1519 1561/288/1561
f 1283/1114/1283 1380/1115/1380 1361/1124/1361
f 1363/300/1363 1532/266/1532 1527/265/1527
f 1517/1122/1517 1519/1111/1519 1518/306/1518
vt 0.8093934 0.1724717
f 1280/1125/1280 1281/1110/1281 1283/1114/1283
f 276/295/276 274/1109/274 278/1118/278
vt 0.6542175 0.7161105
f 305/1112/305 325/1119/325 324/1126/324
f 415/291/415 414/261/414 276/295/276
f 1316/274/1316 1304/273/1304 1299/1113/1299
vt 0.8103305 0.1530250
f 1279/1127/1279 1285/1117/1285 1281/1110/1281
f 280/296/280 276/295/276 278/1118/278
vt 0.6705195 0.7311822
f 354/1128/354 369/1123/369 230/277/230
f 1279/1127/1279 1281/1110/1281 1280/1125/1280
vt 0.8107775 0.1837904
f 1360/1129/1360 1283/1114/1283 1361/1124/1361
vt 0.7941124 0.3187354
f 1658/1130/1658 1651/285/1651 1656/267/1656
f 325/1119/325 369/1123/369 354/1128/354
f 1289/1121/1289 1285/1117/1285 1279/1127/1279
f 1280/1125/1280 1283/1114/1283 1360/1129/1360
vt 0.6490096 0.6236470
vt 0.6527749 0.6414860
f 281/1131/281 278/1118/278 283/1132/283
f 278/1118/278 279/1116/279 283/1132/283
vt 0.8072259 0.1153231
f 1302/1133/1302 1316/274/1316 1299/1113/1299
f 283/1132/283 279/1116/279 288/326/288
f 288/326/288 279/1116/279 289/327/289
f 324/1126/324 325/1119/325 354/1128/354
vt 0.7961616 0.1945946
f 1360/1129/1360 1361/1124/1361 1349/1134/1349
f 1349/1134/1349 1361/1124/1361 1362/1120/1362
f 1349/1134/1349 1362/1120/1362 1363/300/1363
vt 0.7723276 0.2401841
vt 0.7774305 0.2483765
f 1515/1135/1515 1517/1122/1517 1516/1136/1516
f 1517/1122/1517 1518/306/1518 1516/1136/1516
f 1302/1133/1302 1299/1113/1299 1289/1121/1289
f 1516/1136/1516 1518/306/1518 1563/305/1563
vt 0.6337069 0.6991324
f 306/1137/306 305/1112/305 324/1126/324
f 280/296/280 278/1118/278 281/1131/281
f 789/311/789 807/307/807 821/346/821
vt 0.6500413 0.7330405
vt 0.6447294 0.7431734
f 400/1138/400 354/1128/354 429/1139/429
f 429/1139/429 354/1128/354 230/277/230
f 1526/299/1526 1527/265/1527 1517/1122/1517
f 290/260/290 305/1112/305 306/1137/306
vt 0.6371890 0.7290335
f 324/1126/324 354/1128/354 353/1140/353
vt 0.7955591 0.1014906
f 1312/1141/1312 1316/274/1316 1302/1133/1302
vt 0.7857404 0.1295950
f 1289/1121/1289 1279/1127/1279 1278/1142/1278
vt 0.7801886 0.1482280
f 1275/1143/1275 1279/1127/1279 1280/1125/1280
f 1680/294/1680 1681/319/1681 1679/290/1679
f 284/318/284 280/296/280 281/1131/281
f 353/1140/353 354/1128/354 400/1138/400
f 1347/334/1347 1363/300/1363 1526/299/1526
f 1516/1136/1516 1563/305/1563 1577/324/1577
f 293/328/293 289/327/289 290/260/290
f 293/328/293 290/260/290 306/1137/306
vt 0.7795264 0.1121348
f 1302/1133/1302 1289/1121/1289 1290/1144/1290
vt 0.7642490 0.1690831
f 1351/1145/1351 1360/1129/1360 1349/1134/1349
f 1349/1134/1349 1363/300/1363 1347/334/1347
f 1275/1143/1275 1278/1142/1278 1279/1127/1279
vt 0.7730486 0.1635585
f 1373/1146/1373 1280/1125/1280 1360/1129/1360
vt 0.7638358 0.2284893
f 1513/1147/1513 1526/299/1526 1517/1122/1517
f 281/1131/281 283/1132/283 287/359/287
f 287/359/287 283/1132/283 288/326/288
vt 0.6226736 0.7165741
f 329/1148/329 324/1126/324 353/1140/353
f 1290/1144/1290 1289/1121/1289 1278/1142/1278
f 1351/1145/1351 1349/1134/1349 1346/372/1346
vt 0.7732838 0.1936784
f 1346/372/1346 1349/1134/1349 1348/1149/1348
f 1348/1149/1348 1349/1134/1349 1347/334/1347
f 1521/333/1521 1526/299/1526 1513/1147/1513
f 1513/1147/1513 1517/1122/1517 1515/1135/1515
f 286/358/286 281/1131/281 287/359/287
f 306/1137/306 324/1126/324 329/1148/329
f 297/337/297 284/318/284 285/348/285
f 285/348/285 284/318/284 281/1131/281
vt 0.6204814 0.7338674
f 397/1150/397 353/1140/353 400/1138/400
f 1275/1143/1275 1280/1125/1280 1373/1146/1373
f 1373/1146/1373 1360/1129/1360 1351/1145/1351
f 298/364/298 288/326/288 293/328/293
f 298/364/298 293/328/293 306/1137/306
f 287/359/287 288/326/288 298/364/298
vt 0.5961749 0.6975688
f 298/364/298 306/1137/306 314/1151/314
f 285/348/285 281/1131/281 286/358/286
f 397/1150/397 400/1138/400 429/1139/429
vt 0.7613750 0.0966426
f 1298/1152/1298 1312/1141/1312 1302/1133/1302
f 1516/1136/1516 1577/324/1577 1579/347/1579
f 314/1151/314 306/1137/306 329/1148/329
vt 0.6015377 0.7417099
f 422/1153/422 397/1150/397 429/1139/429
vt 0.7588537 0.0801343
vt 0.7581338 0.0855819
f 1327/1154/1327 1312/1141/1312 1311/1155/1311
f 1298/1152/1298 1302/1133/1302 1290/1144/1290
vt 0.7441940 0.1165736
f 1262/1156/1262 1278/1142/1278 1275/1143/1275
vt 0.7522259 0.1083673
f 1263/1157/1263 1290/1144/1290 1278/1142/1278
vt 0.7533751 0.1397038
f 1274/1158/1274 1275/1143/1275 1373/1146/1373
f 299/363/299 287/359/287 298/364/298
vt 0.6034713 0.7323056
f 329/1148/329 353/1140/353 357/1159/357
f 357/1159/357 353/1140/353 397/1150/397
f 1263/1157/1263 1278/1142/1278 1262/1156/1262
f 1662/343/1662 1655/356/1655 1650/317/1650
vt 0.5889456 0.7161739
f 314/1151/314 329/1148/329 336/1160/336
f 336/1160/336 329/1148/329 357/1159/357
f 1311/1155/1311 1312/1141/1312 1298/1152/1298
f 1274/1158/1274 1262/1156/1262 1275/1143/1275
f 1346/372/1346 1348/1149/1348 1347/334/1347
f 1514/389/1514 1515/1135/1515 1516/1136/1516
f 294/357/294 287/359/287 299/363/299
vt 0.5912066 0.6246746
f 296/349/296 285/348/285 292/1161/292
f 292/1161/292 285/348/285 286/358/286
vt 0.5944588 0.6083786
f 420/1162/420 297/337/297 296/349/296
f 427/344/427 297/337/297 420/1162/420
f 1298/1152/1298 1290/1144/1290 1263/1157/1263
f 1514/389/1514 1516/1136/1516 1579/347/1579
f 304/365/304 298/364/298 314/1151/314
f 357/1159/357 397/1150/397 422/1153/422
f 1513/1147/1513 1515/1135/1515 1514/389/1514
f 1514/389/1514 1579/347/1579 1594/361/1594
f 292/1161/292 286/358/286 294/357/294
vt 0.5834104 0.7319713
f 336/1160/336 357/1159/357 358/1163/358
vt 0.7307887 0.1219795
f 1265/1164/1265 1262/1156/1262 1274/1158/1274
vt 0.7271857 0.1481743
f 1358/1165/1358 1373/1146/1373 1351/1145/1351
vt 0.7292056 0.1654066
f 1345/1166/1345 1351/1145/1351 1346/372/1346
f 1131/362/1131 1144/405/1144 1146/353/1146
vt 0.5822195 0.7032080
f 323/1167/323 314/1151/314 336/1160/336
f 1358/1165/1358 1274/1158/1274 1373/1146/1373
vt 0.7200183 0.2161630
f 1521/333/1521 1513/1147/1513 1512/1168/1512
f 1512/1168/1512 1513/1147/1513 1514/389/1514
f 358/1163/358 357/1159/357 422/1153/422
vt 0.7249130 0.0938443
f 1258/1169/1258 1298/1152/1298 1263/1157/1263
f 1358/1165/1358 1351/1145/1351 1345/1166/1345
f 1345/1166/1345 1346/372/1346 1343/373/1343
vt 0.7242509 0.0695259
f 1317/1170/1317 1327/1154/1327 1311/1155/1311
vt 0.7220749 0.1359546
f 1274/1158/1274 1358/1165/1358 1276/1171/1276
vt 0.5549951 0.6888848
f 315/1172/315 314/1151/314 323/1167/323
vt 0.5640281 0.6193594
f 302/1173/302 296/349/296 292/1161/292
f 1347/334/1347 1521/333/1521 1520/387/1520
f 1595/381/1595 1514/389/1514 1594/361/1594
vt 0.5534284 0.6505723
f 303/1174/303 294/357/294 299/363/299
f 320/416/320 296/349/296 302/1173/302
vt 0.7222595 0.0801408
f 1311/1155/1311 1298/1152/1298 1300/1175/1300
f 1300/1175/1300 1298/1152/1298 1258/1169/1258
f 1276/1171/1276 1265/1164/1265 1274/1158/1274
f 1343/373/1343 1347/334/1347 1525/388/1525
f 1520/387/1520 1521/333/1521 1512/1168/1512
vt 0.5568560 0.6288435
f 292/1161/292 294/357/294 301/1176/301
f 301/1176/301 294/357/294 303/1174/303
vt 0.5631687 0.6082252
f 408/1177/408 296/349/296 320/416/320
f 420/1162/420 296/349/296 408/1177/408
vt 0.2702202 0.3585274
f 788/379/788 814/366/814 827/1178/827
vt 0.7083101 0.1219334
f 1273/1179/1273 1265/1164/1265 1276/1171/1276
f 302/1173/302 292/1161/292 301/1176/301
f 310/384/310 304/365/304 315/1172/315
f 315/1172/315 304/365/304 314/1151/314
f 340/426/340 336/1160/336 358/1163/358
vt 0.5608871 0.7337866
vt 0.5326896 0.7392777
f 385/1180/385 358/1163/358 401/1181/401
f 401/1181/401 358/1163/358 422/1153/422
f 1317/1170/1317 1311/1155/1311 1300/1175/1300
f 1258/1169/1258 1263/1157/1263 1262/1156/1262
vt 0.6967756 0.2135291
f 1512/1168/1512 1514/389/1514 1508/1182/1508
f 1508/1182/1508 1514/389/1514 1509/390/1509
f 340/426/340 358/1163/358 359/427/359
vt 0.6901800 0.1044407
f 1262/1156/1262 1265/1164/1265 1264/1183/1264
f 303/1174/303 299/363/299 310/384/310
vt 0.5410655 0.7019457
f 315/1172/315 323/1167/323 328/1184/328
f 323/1167/323 336/1160/336 340/426/340
f 359/427/359 358/1163/358 385/1180/385
vt 0.5658199 0.7459983
f 401/1181/401 422/1153/422 423/1185/423
f 1264/1183/1264 1265/1164/1265 1273/1179/1273
vt 0.6583732 0.1617521
f 1342/1186/1342 1343/373/1343 1525/388/1525
f 788/379/788 827/1178/827 792/403/792
vt 0.6994127 0.1465141
f 1358/1165/1358 1345/1166/1345 1344/1187/1344
f 328/1184/328 323/1167/323 340/426/340
vt 0.6874561 0.0769480
f 1251/1188/1251 1300/1175/1300 1258/1169/1258
vt 0.6865843 0.1262168
f 1277/1189/1277 1276/1171/1276 1358/1165/1358
f 309/414/309 302/1173/302 301/1176/301
vt 0.6522436 0.1826172
f 1510/1190/1510 1520/387/1520 1512/1168/1512
vt 0.5306235 0.6411490
f 308/1191/308 301/1176/301 303/1174/303
f 320/416/320 302/1173/302 309/414/309
vt 0.6807101 0.0605642
f 1317/1170/1317 1300/1175/1300 1245/1192/1245
f 1277/1189/1277 1358/1165/1358 1344/1187/1344
f 1344/1187/1344 1345/1166/1345 1343/373/1343
vt 0.5195503 0.6751053
f 303/1174/303 310/384/310 313/1193/313
f 313/1193/313 310/384/310 315/1172/315
f 408/1177/408 320/416/320 364/415/364
f 428/442/428 408/1177/408 364/415/364
vt 0.5247710 0.7453248
f 425/1194/425 401/1181/401 423/1185/423
f 1245/1192/1245 1300/1175/1300 1251/1188/1251
vt 0.6740972 0.0922285
f 1255/1195/1255 1258/1169/1258 1262/1156/1262
f 1273/1179/1273 1276/1171/1276 1277/1189/1277
f 1510/1190/1510 1512/1168/1512 1508/1182/1508
vt 0.5179214 0.6245270
f 311/1196/311 301/1176/301 308/1191/308
vt 0.5235292 0.6566522
f 308/1191/308 303/1174/303 312/1197/312
f 312/1197/312 303/1174/303 313/1193/313
vt 0.5088813 0.6884181
f 313/1193/313 315/1172/315 322/1198/322
f 322/1198/322 315/1172/315 328/1184/328
f 1255/1195/1255 1262/1156/1262 1264/1183/1264
f 947/398/947 1022/418/1022 1057/409/1057
f 309/414/309 301/1176/301 311/1196/311
vt 0.6869587 0.0532324
f 1323/1199/1323 1317/1170/1317 1245/1192/1245
vt 0.6709121 0.1446825
f 1341/1200/1341 1344/1187/1344 1343/373/1343
vt 0.6606575 0.2024405
f 1507/1201/1507 1508/1182/1508 1509/390/1509
vt 0.5114228 0.7079399
f 334/1202/334 328/1184/328 340/426/340
f 359/427/359 385/1180/385 401/1181/401
f 1251/1188/1251 1258/1169/1258 1255/1195/1255
f 1264/1183/1264 1273/1179/1273 1277/1189/1277
f 1507/1201/1507 1509/390/1509 1590/424/1590
f 1095/425/1095 1116/419/1116 1097/399/1097
vt 0.6616609 0.1044398
f 1264/1183/1264 1277/1189/1277 1268/1203/1268
f 364/415/364 309/414/309 319/450/319
f 319/450/319 309/414/309 311/1196/311
f 1277/1189/1277 1344/1187/1344 1340/460/1340
f 1340/460/1340 1344/1187/1344 1341/1200/1341
f 322/1198/322 328/1184/328 334/1202/334
f 1510/1190/1510 1525/388/1525 1520/387/1520
f 379/441/379 364/415/364 319/450/319
f 352/428/352 359/427/359 401/1181/401
vt 0.4895624 0.7449238
f 410/1204/410 401/1181/401 425/1194/425
vt 0.6477637 0.0587842
f 1239/1205/1239 1245/1192/1245 1251/1188/1251
f 1341/1200/1341 1343/373/1343 1342/1186/1342
f 1664/420/1664 1671/444/1671 1665/432/1665
f 316/458/316 308/1191/308 312/1197/312
vt 0.4934116 0.6594442
f 317/1206/317 312/1197/312 313/1193/313
f 311/1196/311 308/1191/308 316/458/316
f 352/428/352 401/1181/401 410/1204/410
f 1255/1195/1255 1264/1183/1264 1268/1203/1268
vt 0.6366358 0.1892470
f 1506/1207/1506 1508/1182/1508 1507/1201/1507
vt 0.6542066 0.0411466
f 1322/1208/1322 1323/1199/1323 1245/1192/1245
vt 0.6399732 0.0714751
f 1251/1188/1251 1255/1195/1255 1247/1209/1247
f 1510/1190/1510 1508/1182/1508 1506/1207/1506
f 316/458/316 312/1197/312 317/1206/317
vt 0.4852059 0.7040324
f 322/1198/322 334/1202/334 339/1210/339
f 319/450/319 311/1196/311 318/457/318
f 318/457/318 311/1196/311 316/458/316
vt 0.4827363 0.7207643
f 334/1202/334 340/426/340 345/1211/345
f 345/1211/345 340/426/340 352/428/352
vt 0.6329420 0.1633764
f 1342/1186/1342 1525/388/1525 1524/1212/1524
f 1524/1212/1524 1525/388/1525 1510/1190/1510
vt 0.4855198 0.6751540
f 317/1206/317 313/1193/313 326/1213/326
f 326/1213/326 313/1193/313 322/1198/322
vt 0.6369871 0.0460325
f 1322/1208/1322 1245/1192/1245 1238/1214/1238
vt 0.6369505 0.0887722
f 1255/1195/1255 1268/1203/1268 1256/1215/1256
vt 0.6414737 0.1142351
f 1268/1203/1268 1277/1189/1277 1359/1216/1359
f 1359/1216/1359 1277/1189/1277 1340/460/1340
f 339/1210/339 334/1202/334 345/1211/345
vt 0.6267868 0.1430849
f 1342/1186/1342 1339/1217/1339 1341/1200/1341
f 1507/1201/1507 1590/424/1590 1505/447/1505
vt 0.4721387 0.7350528
f 345/1211/345 352/428/352 368/1218/368
vt 0.4832238 0.6048332
f 433/1219/433 428/442/428 379/441/379
f 1238/1214/1238 1245/1192/1245 1239/1205/1239
f 1239/1205/1239 1251/1188/1251 1247/1209/1247
f 332/451/332 319/450/319 318/457/318
f 368/1218/368 352/428/352 410/1204/410
vt 0.6070291 0.0993918
f 1357/1220/1357 1268/1203/1268 1359/1216/1359
f 1340/460/1340 1341/1200/1341 1339/1217/1339
f 316/458/316 317/1206/317 321/459/321
vt 0.4520683 0.6566619
f 321/459/321 317/1206/317 331/1221/331
f 1247/1209/1247 1255/1195/1255 1256/1215/1256
f 1506/1207/1506 1507/1201/1507 1505/447/1505
f 1664/420/1664 1672/465/1672 1671/444/1671
f 331/1221/331 317/1206/317 326/1213/326
vt 0.4503649 0.6818333
f 335/1222/335 322/1198/322 339/1210/339
vt 0.4592926 0.7316919
f 345/1211/345 368/1218/368 365/1223/365
vt 0.5991318 0.1757635
f 1504/1224/1504 1510/1190/1510 1506/1207/1506
f 326/1213/326 322/1198/322 335/1222/335
f 1357/1220/1357 1256/1215/1256 1268/1203/1268
f 1359/1216/1359 1340/460/1340 1350/462/1350
vt 0.4408806 0.7017853
f 335/1222/335 339/1210/339 344/1225/344
f 344/1225/344 339/1210/339 345/1211/345
vt 0.4570614 0.6054691
f 433/1219/433 379/441/379 430/1226/430
f 747/482/747 749/429/749 748/412/748
f 1357/1220/1357 1359/1216/1359 1350/462/1350
f 1337/461/1337 1340/460/1340 1339/1217/1339
f 430/1226/430 379/441/379 406/472/406
vt 0.4446586 0.7459983
f 368/1218/368 410/1204/410 413/1227/413
vt 0.4469641 0.7163048
f 344/1225/344 345/1211/345 346/1228/346
vt 0.6077556 0.0701486
vt 0.6019649 0.0861073
f 1252/1229/1252 1256/1215/1256 1257/1230/1257
f 1257/1230/1257 1256/1215/1256 1357/1220/1357
vt 0.5895663 0.1403413
f 1339/1217/1339 1342/1186/1342 1338/1231/1338
f 1338/1231/1338 1342/1186/1342 1524/1212/1524
vt 0.5869441 0.1577410
f 1524/1212/1524 1510/1190/1510 1511/1232/1511
f 1511/1232/1511 1510/1190/1510 1504/1224/1504
vt 0.4433942 0.6336824
f 318/457/318 321/459/321 330/1233/330
f 331/1221/331 326/1213/326 335/1222/335
f 332/451/332 318/457/318 330/1233/330
f 346/1228/346 345/1211/345 365/1223/365
vt 0.6109074 0.0299462
f 1322/1208/1322 1238/1214/1238 1215/1234/1215
f 1247/1209/1247 1256/1215/1256 1252/1229/1252
vt 0.5878249 0.0423400
f 1238/1214/1238 1239/1205/1239 1235/1235/1235
vt 0.5953532 0.0540982
f 1235/1235/1235 1239/1205/1239 1242/1236/1242
f 1239/1205/1239 1247/1209/1247 1242/1236/1242
f 1242/1236/1242 1247/1209/1247 1252/1229/1252
f 1504/1224/1504 1506/1207/1506 1505/447/1505
f 330/1233/330 321/459/321 331/1221/331
f 1504/1224/1504 1505/447/1505 1502/486/1502
vt 0.4345823 0.6240949
f 332/451/332 330/1233/330 333/1237/333
vt 0.5929011 0.0354301
f 1224/1238/1224 1215/1234/1215 1238/1214/1238
f 1337/461/1337 1339/1217/1339 1338/1231/1338
f 1338/1231/1338 1524/1212/1524 1511/1232/1511
f 348/514/348 332/451/332 333/1237/333
vt 0.4305986 0.7345530
f 346/1228/346 365/1223/365 366/1239/366
f 366/1239/366 365/1223/365 368/1218/368
vt 0.5575637 0.0663656
f 1253/1240/1253 1252/1229/1252 1257/1230/1257
vt 0.4203857 0.6820679
f 331/1221/331 335/1222/335 343/1241/343
f 406/472/406 332/451/332 386/524/386
f 366/1239/366 368/1218/368 413/1227/413
vt 0.4197857 0.6376719
f 341/1242/341 330/1233/330 331/1221/331
vt 0.4205641 0.6587812
f 341/1242/341 331/1221/331 342/1243/342
vt 0.4166885 0.7190554
f 344/1225/344 346/1228/346 361/1244/361
f 361/1244/361 346/1228/346 366/1239/366
f 1607/488/1607 1502/486/1502 1611/468/1611
f 343/1241/343 335/1222/335 344/1225/344
f 386/524/386 332/451/332 374/516/374
f 374/516/374 332/451/332 348/514/348
f 430/1226/430 406/472/406 435/526/435
f 1224/1238/1224 1238/1214/1238 1235/1235/1235
vt 0.5561285 0.1238492
f 1334/1245/1334 1337/461/1337 1338/1231/1338
vt 0.5700864 0.1670354
f 1511/1232/1511 1504/1224/1504 1501/1246/1501
f 341/1242/341 333/1237/333 330/1233/330
f 342/1243/342 331/1221/331 343/1241/343
f 1501/1246/1501 1504/1224/1504 1502/486/1502
f 348/514/348 333/1237/333 341/1242/341
f 435/526/435 406/472/406 386/524/386
vt 0.5768815 0.0137002
vt 0.6004578 0.0156599
f 1213/1247/1213 1214/1248/1214 1215/1234/1215
vt 0.5634058 0.0205870
f 1216/1249/1216 1215/1234/1215 1224/1238/1224
vt 0.5461310 0.0801322
f 1257/1230/1257 1357/1220/1357 1267/1250/1267
f 1335/509/1335 1337/461/1337 1334/1245/1334
vt 0.4010124 0.7027908
f 344/1225/344 361/1244/361 355/1251/355
f 1253/1240/1253 1257/1230/1257 1267/1250/1267
f 1357/1220/1357 1350/462/1350 1335/509/1335
f 927/467/927 941/512/941 973/503/973
f 343/1241/343 344/1225/344 355/1251/355
f 1213/1247/1213 1215/1234/1215 1216/1249/1216
vt 0.5543825 0.1365244
f 1334/1245/1334 1338/1231/1338 1336/1252/1336
vt 0.5444327 0.1514489
f 1338/1231/1338 1511/1232/1511 1523/1253/1523
f 1501/1246/1501 1502/486/1502 1503/517/1503
vt 0.3988622 0.6501595
f 341/1242/341 342/1243/342 347/1254/347
vt 0.5593588 0.0289052
f 1225/1255/1225 1224/1238/1224 1235/1235/1235
f 1336/1252/1336 1338/1231/1338 1523/1253/1523
f 347/1254/347 342/1243/342 343/1241/343
vt 0.3892756 0.6756556
f 347/1254/347 343/1241/343 351/1256/351
vt 0.3888204 0.7305318
f 376/1257/376 361/1244/361 366/1239/366
f 1242/1236/1242 1252/1229/1252 1253/1240/1253
vt 0.5167928 0.0882918
f 1267/1250/1267 1357/1220/1357 1355/1258/1355
f 1355/1258/1355 1357/1220/1357 1335/509/1335
vt 0.3881342 0.6330253
f 348/514/348 341/1242/341 349/1259/349
vt 0.4071972 0.7374637
f 376/1257/376 366/1239/366 387/1260/387
vt 0.5428414 0.0493741
f 1243/1261/1243 1242/1236/1242 1253/1240/1253
f 1523/1253/1523 1511/1232/1511 1522/556/1522
f 1522/556/1522 1511/1232/1511 1501/1246/1501
f 1522/556/1522 1501/1246/1501 1503/517/1503
f 349/1259/349 341/1242/341 347/1254/347
vt 0.3763608 0.6847154
f 356/1262/356 351/1256/351 343/1241/343
f 356/1262/356 343/1241/343 355/1251/355
f 1216/1249/1216 1224/1238/1224 1225/1255/1225
f 1235/1235/1235 1242/1236/1242 1243/1261/1243
f 350/515/350 348/514/348 349/1259/349
f 386/524/386 374/516/374 382/542/382
vt 0.5379053 0.0358695
f 1231/1263/1231 1235/1235/1235 1243/1261/1243
f 431/525/431 386/524/386 382/542/382
f 1225/1255/1225 1235/1235/1235 1231/1263/1231
vt 0.3697335 0.6568439
f 360/1264/360 347/1254/347 351/1256/351
vt 0.3640761 0.7196827
f 375/1265/375 361/1244/361 376/1257/376
vt 0.3739555 0.7368785
f 376/1257/376 387/1260/387 391/1266/391
vt 0.5087329 0.1019487
f 1355/1258/1355 1335/509/1335 1332/1267/1332
vt 0.5442380 0.0075324
f 1217/1268/1217 1213/1247/1213 1216/1249/1216
f 349/1259/349 347/1254/347 360/1264/360
vt 0.3649933 0.7040441
f 356/1262/356 355/1251/355 367/1269/367
f 355/1251/355 361/1244/361 367/1269/367
f 367/1269/367 361/1244/361 375/1265/375
vt 0.5309147 0.0254023
f 1226/1270/1226 1225/1255/1225 1231/1263/1231
f 1332/1267/1332 1335/509/1335 1334/1245/1334
f 1522/556/1522 1503/517/1503 1573/538/1573
vt 0.3550270 0.6413442
f 362/1271/362 349/1259/349 360/1264/360
vt 0.3670639 0.6229839
f 382/542/382 350/515/350 363/1272/363
f 363/1272/363 350/515/350 349/1259/349
vt 0.5144714 0.0144500
f 1218/1273/1218 1216/1249/1216 1225/1255/1225
f 363/1272/363 349/1259/349 362/1271/362
f 360/1264/360 351/1256/351 356/1262/356
f 1217/1268/1217 1216/1249/1216 1218/1273/1218
f 1334/1245/1334 1336/1252/1336 1329/581/1329
vt 0.4942763 0.1456859
f 1530/1274/1530 1523/1253/1523 1522/556/1522
vt 0.3398953 0.6111257
f 419/1275/419 431/525/431 382/542/382
vt 0.3424096 0.7308694
f 375/1265/375 376/1257/376 390/1276/390
f 390/1276/390 376/1257/376 391/1266/391
vt 0.4941848 0.1317780
f 1329/581/1329 1336/1252/1336 1531/1277/1531
vt 0.3366109 0.6500710
f 362/1271/362 360/1264/360 370/1278/370
f 1218/1273/1218 1225/1255/1225 1226/1270/1226
vt 0.3340915 0.6300943
f 373/1279/373 363/1272/363 362/1271/362
vt 0.3385530 0.6821851
f 356/1262/356 367/1269/367 372/1280/372
vt 0.3296528 0.6192290
f 419/1275/419 382/542/382 378/1281/378
vt 0.3327005 0.7378244
f 390/1276/390 391/1266/391 403/1282/403
vt 0.5032209 0.0031496
f 1219/1283/1219 1217/1268/1217 1218/1273/1218
f 1531/1277/1531 1336/1252/1336 1530/1274/1530
f 1336/1252/1336 1523/1253/1523 1530/1274/1530
f 1530/1274/1530 1522/556/1522 1549/555/1549
vt 0.3359222 0.6683094
f 370/1278/370 360/1264/360 371/1284/371
f 360/1264/360 356/1262/356 371/1284/371
f 382/542/382 363/1272/363 378/1281/378
f 378/1281/378 363/1272/363 373/1279/373
f 371/1284/371 356/1262/356 372/1280/372
f 1332/1267/1332 1334/1245/1334 1329/581/1329
vt 0.4816374 0.0208565
f 1230/1285/1230 1226/1270/1226 1231/1263/1231
vt 0.3254550 0.7045727
f 372/1280/372 367/1269/367 377/1286/377
f 377/1286/377 367/1269/367 375/1265/375
vt 0.3162436 0.7193119
f 377/1286/377 375/1265/375 384/1287/384
vt 0.4812042 0.2983366
f 796/566/796 793/528/793 824/1288/824
vt 0.4587339 0.0578623
f 1250/1289/1250 1253/1240/1253 1267/1250/1267
f 1331/583/1331 1332/1267/1332 1329/581/1329
f 373/1279/373 362/1271/362 370/1278/370
f 384/1287/384 375/1265/375 390/1276/390
f 1218/1273/1218 1226/1270/1226 1230/1285/1230
vt 0.4740048 0.0421152
f 1231/1263/1231 1243/1261/1243 1240/1290/1240
vt 0.3065264 0.6835204
f 383/1291/383 372/1280/372 377/1286/377
f 1243/1261/1243 1253/1240/1253 1250/1289/1250
vt 0.4555109 0.1481144
f 1530/1274/1530 1549/555/1549 1534/1292/1534
vt 0.3028949 0.6309468
vt 0.3032807 0.6476383
f 381/1293/381 373/1279/373 380/1294/380
f 380/1294/380 373/1279/373 370/1278/370
f 371/1284/371 372/1280/372 383/1291/383
vt 0.2994581 0.6149043
f 418/1295/418 419/1275/419 378/1281/378
vt 0.3205264 0.6074348
f 437/1296/437 419/1275/419 418/1295/418
vt 0.3077096 0.7315438
f 396/1297/396 390/1276/390 403/1282/403
vt 0.4699992 0.0107592
f 1219/1283/1219 1218/1273/1218 1220/1298/1220
vt 0.4496604 0.0707335
f 1266/1299/1266 1267/1250/1267 1355/1258/1355
vt 0.4611563 0.1382588
f 1531/1277/1531 1530/1274/1530 1533/1300/1533
f 380/1294/380 370/1278/370 371/1284/371
f 380/1294/380 371/1284/371 383/1291/383
f 378/1281/378 373/1279/373 381/1293/381
f 384/1287/384 390/1276/390 396/1297/396
f 432/624/432 437/1296/437 418/1295/418
vt 0.4653831 0.0295802
f 1230/1285/1230 1231/1263/1231 1234/1301/1234
f 1234/1301/1234 1231/1263/1231 1240/1290/1240
f 1250/1289/1250 1267/1250/1267 1266/1299/1266
f 1355/1258/1355 1332/1267/1332 1331/583/1331
f 1533/1300/1533 1530/1274/1530 1534/1292/1534
f 1240/1290/1240 1243/1261/1243 1250/1289/1250
vt 0.4280872 0.1241397
f 1330/582/1330 1329/581/1329 1333/1302/1333
f 1333/1302/1333 1329/581/1329 1531/1277/1531
vt 0.4615400 0.0005114
f 1221/1303/1221 1219/1283/1219 1220/1298/1220
vt 0.2932810 0.6230944
f 388/1304/388 378/1281/378 381/1293/381
vt 0.2856116 0.7032182
f 377/1286/377 384/1287/384 389/1305/389
f 418/1295/418 378/1281/378 388/1304/388
vt 0.2908579 0.7385504
f 396/1297/396 403/1282/403 409/1306/409
f 1220/1298/1220 1218/1273/1218 1230/1285/1230
vt 0.4395877 0.0804667
f 1356/1307/1356 1266/1299/1266 1355/1258/1355
f 383/1291/383 377/1286/377 389/1305/389
vt 0.2823388 0.7246068
f 395/1308/395 384/1287/384 396/1297/396
f 1552/602/1552 1549/555/1549 1574/562/1574
f 1552/602/1552 1574/562/1574 1585/588/1585
f 1333/1302/1333 1531/1277/1531 1533/1300/1533
vt 0.2795214 0.6337541
f 381/1293/381 380/1294/380 394/1309/394
vt 0.4146498 0.0511920
f 1246/1310/1246 1240/1290/1240 1250/1289/1250
f 1356/1307/1356 1355/1258/1355 1331/583/1331
f 1534/1292/1534 1549/555/1549 1552/602/1552
f 394/1309/394 388/1304/388 381/1293/381
vt 0.2804678 0.6537723
f 392/1311/392 380/1294/380 383/1291/383
vt 0.2788216 0.6772456
f 392/1311/392 383/1291/383 393/1312/393
f 393/1312/393 383/1291/383 389/1305/389
vt 0.2645071 0.6181731
f 417/1313/417 418/1295/418 388/1304/388
f 389/1305/389 384/1287/384 395/1308/395
f 432/624/432 418/1295/418 417/1313/417
vt 0.4399217 0.0226138
f 1232/1314/1232 1230/1285/1230 1234/1301/1234
vt 0.4337482 0.0374414
f 1237/1315/1237 1240/1290/1240 1246/1310/1246
f 394/1309/394 380/1294/380 392/1311/392
f 395/1308/395 396/1297/396 409/1306/409
vt 0.4526731 0.0060626
f 1221/1303/1221 1220/1298/1220 1222/1316/1222
f 798/594/798 796/566/796 808/618/808
f 1220/1298/1220 1230/1285/1230 1232/1314/1232
f 1234/1301/1234 1240/1290/1240 1237/1315/1237
f 737/568/737 733/553/733 727/569/727
f 622/579/622 588/578/588 578/603/578
vt 0.4251238 0.0109975
f 1223/1317/1223 1220/1298/1220 1232/1314/1232
vt 0.2558632 0.6223778
f 407/1318/407 417/1313/417 388/1304/388
f 407/1318/407 388/1304/388 394/1309/394
vt 0.2505247 0.7021435
f 393/1312/393 389/1305/389 398/1319/398
f 1232/1314/1232 1234/1301/1234 1237/1315/1237
vt 0.2514470 0.6326948
f 407/1318/407 394/1309/394 405/1320/405
f 1223/1317/1223 1222/1316/1222 1220/1298/1220
vt 0.3967360 0.1330048
f 1333/1302/1333 1533/1300/1533 1535/1321/1535
f 1535/1321/1535 1533/1300/1533 1534/1292/1534
vt 0.4033141 0.1466725
f 1458/1322/1458 1534/1292/1534 1552/602/1552
vt 0.2406486 0.7333775
f 395/1308/395 409/1306/409 411/1323/411
vt 0.4177137 0.0004212
f 1221/1303/1221 1222/1316/1222 1227/1324/1227
vt 0.2423370 0.6751198
f 402/1325/402 393/1312/393 398/1319/398
f 398/1319/398 389/1305/389 395/1308/395
vt 0.2470198 0.7394598
f 411/1323/411 409/1306/409 412/1326/412
vt 0.3979681 0.0637720
f 1259/1327/1259 1250/1289/1250 1266/1299/1266
f 392/1311/392 393/1312/393 402/1325/402
vt 0.2544483 0.7226793
f 398/1319/398 395/1308/395 399/1328/399
f 399/1328/399 395/1308/395 411/1323/411
f 1227/1324/1227 1222/1316/1222 1223/1317/1223
f 1246/1310/1246 1250/1289/1250 1259/1327/1259
vt 0.3869171 0.0873920
f 1356/1307/1356 1331/583/1331 1354/1329/1354
f 1535/1321/1535 1534/1292/1534 1458/1322/1458
f 615/607/615 578/603/578 554/617/554
f 405/1320/405 394/1309/394 392/1311/392
vt 0.2463581 0.6535498
f 405/1320/405 392/1311/392 404/1330/404
f 404/1330/404 392/1311/392 402/1325/402
vt 0.3949533 0.1596862
f 1552/602/1552 1584/601/1584 1553/1331/1553
vt 0.3853901 0.0760782
f 1371/1332/1371 1266/1299/1266 1356/1307/1356
vt 0.3719773 0.1026170
f 1352/1333/1352 1330/582/1330 1333/1302/1333
f 1458/1322/1458 1552/602/1552 1553/1331/1553
f 1553/1331/1553 1584/601/1584 1583/647/1583
vt 0.9186711 0.8849020
vt 0.9140693 0.8949056
f 125/659/125 133/1334/133 129/1335/129
f 438/622/438 432/624/432 417/1313/417
vt 0.3811761 0.1185567
f 1352/1333/1352 1333/1302/1333 1386/1336/1386
vt 0.9031358 0.9362500
vt 0.9093560 0.9632493
vt 0.8933322 0.9527219
f 123/1337/123 128/1338/128 120/1339/120
vt 0.9115102 0.9836399
vt 0.8869666 0.9829566
f 128/1338/128 130/1340/130 122/1341/122
vt 0.9272475 0.8808794
f 135/654/135 139/1342/139 133/1334/133
vt 0.3931378 0.0227067
f 1223/1317/1223 1232/1314/1232 1233/1343/1233
f 1233/1343/1233 1232/1314/1232 1237/1315/1237
f 1259/1327/1259 1266/1299/1266 1371/1332/1371
f 1371/1332/1371 1356/1307/1356 1354/1329/1354
vt 0.8953682 0.9072556
vt 0.9082364 0.9152373
f 119/1344/119 129/1335/129 124/1345/124
f 135/654/135 133/1334/133 125/659/125
vt 0.8969730 0.9930691
f 122/1341/122 130/1340/130 131/1346/131
vt 0.3867964 0.0330902
f 1233/1343/1233 1237/1315/1237 1236/1347/1236
vt 0.3794031 0.0436912
f 1236/1347/1236 1237/1315/1237 1244/1348/1244
f 1244/1348/1244 1237/1315/1237 1246/1310/1246
f 1386/1336/1386 1333/1302/1333 1535/1321/1535
vt 0.3785594 0.1556033
f 1457/1349/1457 1458/1322/1458 1553/1331/1553
f 125/659/125 129/1335/129 119/1344/119
vt 0.8896964 0.9278733
f 118/1350/118 119/1344/119 124/1345/124
f 118/1350/118 124/1345/124 123/1337/123
f 1352/1333/1352 1331/583/1331 1330/582/1330
vt 0.8709545 0.9740896
f 116/1351/116 128/1338/128 122/1341/122
vt 0.9025866 0.9995788
vt 0.8800379 0.9982641
f 131/1346/131 136/1352/136 132/1353/132
vt 0.3973069 0.0114691
f 1227/1324/1227 1223/1317/1223 1228/1354/1228
f 1228/1354/1228 1223/1317/1223 1233/1343/1233
f 123/1337/123 120/1339/120 118/1350/118
f 120/1339/120 128/1338/128 116/1351/116
vt 0.3947734 0.0013075
f 1229/1355/1229 1227/1324/1227 1228/1354/1228
f 1457/1349/1457 1553/1331/1553 1559/649/1559
f 1559/649/1559 1553/1331/1553 1583/647/1583
f 606/620/606 575/634/575 604/664/604
f 713/641/713 798/594/798 802/640/802
vt 0.3556827 0.1445922
f 1456/1356/1456 1458/1322/1458 1457/1349/1457
vt 0.3701651 0.0159402
f 1228/1354/1228 1233/1343/1233 1174/1357/1174
vt 0.3591059 0.0591464
f 1246/1310/1246 1259/1327/1259 1249/1358/1249
f 1535/1321/1535 1458/1322/1458 1456/1356/1456
vt 0.8638756 0.8988423
f 113/1359/113 125/659/125 119/1344/119
vt 0.8654316 0.9575976
f 120/1339/120 116/1351/116 115/1360/115
vt 0.8660060 0.9924630
f 122/1341/122 131/1346/131 121/1361/121
f 121/1361/121 131/1346/131 132/1353/132
vt 0.3478786 0.1291258
f 1386/1336/1386 1535/1321/1535 1538/1362/1538
f 118/1350/118 120/1339/120 115/1360/115
f 116/1351/116 122/1341/122 121/1361/121
f 802/640/802 806/619/806 828/675/828
f 1244/1348/1244 1246/1310/1246 1249/1358/1249
vt 0.3357148 0.0879056
f 1354/1329/1354 1331/583/1331 1353/1363/1353
f 1353/1363/1353 1331/583/1331 1352/1333/1352
f 1538/1362/1538 1535/1321/1535 1456/1356/1456
vt 0.8643054 0.9141018
f 113/1359/113 119/1344/119 114/1364/114
f 114/1364/114 119/1344/119 118/1350/118
vt 0.8633743 0.9342871
f 114/1364/114 118/1350/118 112/1365/112
f 112/1365/112 118/1350/118 115/1360/115
f 126/660/126 125/659/125 113/1359/113
f 137/655/137 135/654/135 126/660/126
vt 0.8469198 0.9973595
f 121/1361/121 132/1353/132 117/1366/117
vt 0.3615292 0.0051469
f 1169/1367/1169 1229/1355/1229 1228/1354/1228
vt 0.3390962 0.0705369
f 1249/1358/1249 1259/1327/1259 1260/1368/1260
f 1260/1368/1260 1259/1327/1259 1371/1332/1371
f 1457/1349/1457 1559/649/1559 1455/672/1455
f 1169/1367/1169 1228/1354/1228 1174/1357/1174
f 1456/1356/1456 1457/1349/1457 1455/672/1455
vt 0.8425564 0.8945346
f 108/1369/108 126/660/126 113/1359/113
vt 0.3553873 0.0290453
f 1173/1370/1173 1233/1343/1233 1236/1347/1236
vt 0.3425099 0.0403547
f 1241/1371/1241 1236/1347/1236 1244/1348/1244
f 1371/1332/1371 1354/1329/1354 1353/1363/1353
vt 0.8426489 0.9854327
f 111/1372/111 116/1351/116 121/1361/121
f 111/1372/111 121/1361/121 117/1366/117
vt 0.3339380 0.1511170
f 1454/1373/1454 1456/1356/1456 1455/672/1455
f 1564/671/1564 1559/649/1559 1582/648/1582
vt 0.8386261 0.9519349
f 112/1365/112 115/1360/115 107/1374/107
vt 0.8411539 0.9738748
f 115/1360/115 116/1351/116 109/1375/109
f 109/1375/109 116/1351/116 111/1372/111
vt 0.8449650 0.8827018
f 127/1376/127 137/655/137 126/660/126
f 1174/1357/1174 1233/1343/1233 1173/1370/1173
f 1173/1370/1173 1236/1347/1236 1241/1371/1241
vt 0.3259570 0.1006680
f 1353/1363/1353 1352/1333/1352 1364/1377/1364
vt 0.3313303 0.1127916
f 1352/1333/1352 1386/1336/1386 1366/1378/1366
vt 0.8385140 0.9164819
f 105/1379/105 113/1359/113 114/1364/114
f 127/1376/127 126/660/126 108/1369/108
vt 0.8285291 0.8767174
f 140/1380/140 137/655/137 127/1376/127
f 1366/1378/1366 1386/1336/1386 1538/1362/1538
f 1564/671/1564 1582/648/1582 1581/693/1581
f 114/1364/114 112/1365/112 105/1379/105
f 107/1374/107 115/1360/115 109/1375/109
f 1260/1368/1260 1371/1332/1371 1353/1363/1353
f 1364/1377/1364 1352/1333/1352 1366/1378/1366
vt 0.3189553 0.1270303
f 1538/1362/1538 1456/1356/1456 1539/1381/1539
f 108/1369/108 113/1359/113 105/1379/105
vt 0.3395080 0.0164356
f 1166/1382/1166 1169/1367/1169 1174/1357/1174
vt 0.3328230 0.0211033
f 1166/1382/1166 1174/1357/1174 1164/1383/1164
f 1164/1383/1164 1174/1357/1174 1173/1370/1173
vt 0.3246013 0.0533598
f 1241/1371/1241 1244/1348/1244 1248/1384/1248
f 1244/1348/1244 1249/1358/1249 1248/1384/1248
f 105/1379/105 112/1365/112 107/1374/107
vt 0.3184559 0.1501172
f 1539/1381/1539 1456/1356/1456 1427/1385/1427
f 1427/1385/1427 1456/1356/1456 1454/1373/1454
f 1453/685/1453 1564/671/1564 1565/694/1565
vt 0.3179804 0.0647485
f 1248/1384/1248 1249/1358/1249 1254/1386/1254
f 1254/1386/1254 1249/1358/1249 1260/1368/1260
vt 0.3164315 0.0818223
f 1260/1368/1260 1353/1363/1353 1269/1387/1269
f 1454/1373/1454 1455/672/1455 1453/685/1453
f 1565/694/1565 1581/693/1581 1597/712/1597
f 106/725/106 127/1376/127 108/1369/108
vt 0.8168404 0.9785254
f 109/1375/109 111/1372/111 102/1388/102
vt 0.8143649 0.9326477
f 99/1389/99 105/1379/105 107/1374/107
vt 0.8226242 0.8933184
f 106/725/106 108/1369/108 103/1390/103
vt 0.8168678 0.9585464
f 100/1391/100 107/1374/107 109/1375/109
f 100/1391/100 109/1375/109 102/1388/102
vt 0.8126915 0.9947331
f 111/1372/111 117/1366/117 110/1392/110
vt 0.3271776 0.0097474
f 1163/1393/1163 1169/1367/1169 1166/1382/1166
vt 0.3144712 0.0375311
f 1170/1394/1170 1173/1370/1173 1241/1371/1241
f 1366/1378/1366 1538/1362/1538 1539/1381/1539
vt 0.2927280 0.1418905
f 1539/1381/1539 1427/1385/1427 1540/1395/1540
vt 0.8132945 0.9100624
f 103/1390/103 108/1369/108 98/1396/98
f 98/1396/98 108/1369/108 105/1379/105
f 98/1396/98 105/1379/105 99/1389/99
f 99/1389/99 107/1374/107 100/1391/100
f 140/1380/140 127/1376/127 106/725/106
f 1164/1383/1164 1173/1370/1173 1170/1394/1170
f 1427/1385/1427 1454/1373/1454 1453/685/1453
f 102/1388/102 111/1372/111 110/1392/110
f 134/727/134 140/1380/140 106/725/106
vt 0.3081178 0.0497730
f 1175/1397/1175 1241/1371/1241 1248/1384/1248
vt 0.2882022 0.1302226
f 1366/1378/1366 1539/1381/1539 1367/1398/1367
f 1163/1393/1163 1166/1382/1166 1164/1383/1164
vt 0.3057537 0.0270535
f 1161/1399/1161 1164/1383/1164 1170/1394/1170
vt 0.7953426 0.8978182
f 106/725/106 103/1390/103 96/1400/96
f 96/1400/96 103/1390/103 98/1396/98
f 143/752/143 140/1380/140 134/727/134
vt 0.2947138 0.0779843
f 1254/1386/1254 1260/1368/1260 1261/1401/1261
f 1260/1368/1260 1269/1387/1269 1261/1401/1261
vt 0.2892250 0.1005123
f 1269/1387/1269 1353/1363/1353 1365/1402/1365
vt 0.2770633 0.1690006
f 1427/1385/1427 1453/685/1453 1407/1403/1407
f 1453/685/1453 1565/694/1565 1459/744/1459
f 1459/744/1459 1565/694/1565 1571/730/1571
vt 0.7872631 0.9807538
f 102/1388/102 110/1392/110 95/1404/95
f 1170/1394/1170 1241/1371/1241 1175/1397/1175
f 1365/1402/1365 1353/1363/1353 1364/1377/1364
f 1364/1377/1364 1366/1378/1366 1367/1398/1367
f 1539/1381/1539 1540/1395/1540 1367/1398/1367
vt 0.2769522 0.1575835
f 1540/1395/1540 1427/1385/1427 1408/1405/1408
f 1408/1405/1408 1427/1385/1427 1407/1403/1407
vt 0.7891282 0.9216213
f 98/1396/98 99/1389/99 88/1406/88
vt 0.7891192 0.9463899
f 99/1389/99 100/1391/100 93/1407/93
vt 0.7856135 0.9938611
f 95/1404/95 110/1392/110 101/1408/101
f 1163/1393/1163 1164/1383/1164 1161/1399/1161
vt 0.7860861 0.9650374
f 100/1391/100 102/1388/102 92/1409/92
f 92/1409/92 102/1388/102 95/1404/95
vt 0.3008054 0.0161622
f 1163/1393/1163 1161/1399/1161 1162/1410/1162
vt 0.2885725 0.0892884
f 1269/1387/1269 1365/1402/1365 1270/1411/1270
f 1368/761/1368 1364/1377/1364 1367/1398/1367
f 1407/1403/1407 1453/685/1453 1459/744/1459
f 1571/730/1571 1589/713/1589 1588/740/1588
f 96/1400/96 98/1396/98 88/1406/88
f 93/1407/93 100/1391/100 92/1409/92
f 97/726/97 106/725/106 96/1400/96
f 1261/1401/1261 1269/1387/1269 1270/1411/1270
f 1365/1402/1365 1364/1377/1364 1368/761/1368
f 88/1406/88 99/1389/99 93/1407/93
vt 0.7756864 0.8969265
f 87/1412/87 96/1400/96 88/1406/88
vt 0.7751811 0.9325219
f 84/1413/84 88/1406/88 93/1407/93
vt 0.7719848 0.9558904
f 83/1414/83 93/1407/93 92/1409/92
f 97/726/97 96/1400/96 87/1412/87
vt 0.2821292 0.0213552
f 1162/1410/1162 1161/1399/1161 1156/1415/1156
vt 0.2779905 0.0359496
f 1156/1415/1156 1161/1399/1161 1155/1416/1155
f 1155/1416/1155 1161/1399/1161 1170/1394/1170
f 1368/761/1368 1367/1398/1367 1369/759/1369
vt 0.2604885 0.1507701
f 1367/1398/1367 1540/1395/1540 1379/1417/1379
f 84/1413/84 93/1407/93 83/1414/83
vt 0.7684543 0.9777970
f 92/1409/92 95/1404/95 85/1418/85
vt 0.7661759 0.9926643
f 95/1404/95 101/1408/101 94/1419/94
vt 0.2758979 0.0667955
f 1177/1420/1177 1175/1397/1175 1248/1384/1248
f 1177/1420/1177 1248/1384/1248 1254/1386/1254
f 1177/1420/1177 1254/1386/1254 1261/1401/1261
f 1379/1417/1379 1540/1395/1540 1408/1405/1408
f 83/1414/83 92/1409/92 85/1418/85
f 85/1418/85 95/1404/95 94/1419/94
f 138/751/138 134/727/134 97/726/97
vt 0.2723481 0.0519684
f 1155/1416/1155 1170/1394/1170 1168/1421/1168
f 1168/1421/1168 1170/1394/1170 1175/1397/1175
vt 0.2682828 0.1001448
f 1270/1411/1270 1365/1402/1365 1272/1422/1272
f 1369/759/1369 1367/1398/1367 1379/1417/1379
vt 0.2481269 0.2000149
f 1572/1423/1572 1571/730/1571 1588/740/1588
vt 0.7560841 0.9166542
f 80/1424/80 87/1412/87 88/1406/88
f 80/1424/80 88/1406/88 84/1413/84
f 1168/1421/1168 1175/1397/1175 1177/1420/1177
vt 0.2511734 0.0960939
f 1261/1401/1261 1270/1411/1270 1271/1425/1271
f 1272/1422/1272 1365/1402/1365 1368/761/1368
f 1408/1405/1408 1407/1403/1407 1396/784/1396
f 1407/1403/1407 1459/744/1459 1400/782/1400
f 1459/744/1459 1460/743/1460 1400/782/1400
f 1572/1423/1572 1588/740/1588 1578/763/1578
f 81/802/81 97/726/97 87/1412/87
f 1177/1420/1177 1261/1401/1261 1271/1425/1271
f 1271/1425/1271 1270/1411/1270 1272/1422/1272
f 1272/1422/1272 1368/761/1368 1370/760/1370
f 1396/784/1396 1407/1403/1407 1400/782/1400
f 1572/1423/1572 1460/743/1460 1571/730/1571
vt 0.7483667 0.9034137
f 81/802/81 87/1412/87 77/1426/77
vt 0.2540732 0.1383492
f 1369/759/1369 1379/1417/1379 1375/1427/1375
f 1379/1417/1379 1408/1405/1408 1396/784/1396
f 1578/763/1578 1599/749/1599 1580/787/1580
f 77/1426/77 87/1412/87 80/1424/80
vt 0.7462818 0.9443982
f 76/1428/76 84/1413/84 83/1414/83
vt 0.7470135 0.9780371
f 75/1429/75 85/1418/85 94/1419/94
vt 0.7433333 0.8828146
f 138/751/138 97/726/97 89/1430/89
vt 0.2640802 0.0294746
f 1154/1431/1154 1156/1415/1156 1155/1416/1155
vt 0.2640080 0.0466793
f 1165/1432/1165 1155/1416/1155 1168/1421/1168
vt 0.2500446 0.0848058
f 1177/1420/1177 1271/1425/1271 1182/1433/1182
f 80/1424/80 84/1413/84 76/1428/76
vt 0.7461414 0.9644842
f 73/1434/73 83/1414/83 85/1418/85
f 73/1434/73 85/1418/85 75/1429/75
f 89/1430/89 97/726/97 81/802/81
vt 0.7460926 0.9933534
f 75/1429/75 94/1419/94 86/1435/86
vt 0.2545309 0.0715559
f 1168/1421/1168 1177/1420/1177 1176/1436/1176
vt 0.2309930 0.1927551
f 1400/782/1400 1460/743/1460 1434/1437/1434
f 76/1428/76 83/1414/83 73/1434/73
f 1176/1436/1176 1177/1420/1177 1182/1433/1182
f 1379/1417/1379 1396/784/1396 1388/783/1388
f 1434/1437/1434 1460/743/1460 1572/1423/1572
f 1462/788/1462 1572/1423/1572 1578/763/1578
vt 0.7255563 0.9858891
f 71/1438/71 75/1429/75 86/1435/86
f 683/780/683 684/747/684 681/805/681
vt 0.2453144 0.0509551
f 1155/1416/1155 1165/1432/1165 1152/1439/1152
vt 0.2402426 0.1079111
f 1282/1440/1282 1272/1422/1272 1370/760/1370
f 1434/1437/1434 1572/1423/1572 1462/788/1462
f 1154/1431/1154 1155/1416/1155 1152/1439/1152
f 1271/1425/1271 1272/1422/1272 1282/1440/1282
vt 0.2317890 0.1206489
f 1282/1440/1282 1370/760/1370 1372/1441/1372
f 1370/760/1370 1369/759/1369 1372/1441/1372
vt 0.2324722 0.1506110
f 1375/1427/1375 1379/1417/1379 1376/1442/1376
f 1376/1442/1376 1379/1417/1379 1388/783/1388
f 81/802/81 77/1426/77 67/803/67
vt 0.7315668 0.9204304
f 77/1426/77 80/1424/80 74/1443/74
f 74/1443/74 80/1424/80 76/1428/76
vt 0.7237911 0.9422390
f 74/1443/74 76/1428/76 68/1444/68
f 68/1444/68 76/1428/76 73/1434/73
vt 0.2353772 0.0686904
f 1165/1432/1165 1168/1421/1168 1167/1445/1167
f 1168/1421/1168 1176/1436/1176 1167/1445/1167
vt 0.2332512 0.1363766
f 1372/1441/1372 1369/759/1369 1374/1446/1374
f 1369/759/1369 1375/1427/1375 1374/1446/1374
vt 0.2130871 0.1735111
f 1388/783/1388 1400/782/1400 1393/1447/1393
vt 0.2401966 0.0411983
vt 0.2420605 0.0316608
f 1153/1448/1153 1158/1449/1158 1154/1431/1154
f 1153/1448/1153 1154/1431/1154 1152/1439/1152
f 1152/1439/1152 1165/1432/1165 1167/1445/1167
f 1375/1427/1375 1376/1442/1376 1374/1446/1374
vt 0.2096203 0.1891141
f 1393/1447/1393 1400/782/1400 1404/1450/1404
f 1404/1450/1404 1400/782/1400 1434/1437/1434
f 1463/798/1463 1580/787/1580 1586/827/1586
f 67/803/67 77/1426/77 74/1443/74
f 89/1430/89 81/802/81 72/804/72
vt 0.7132220 0.9645097
f 73/1434/73 75/1429/75 66/1451/66
vt 0.2273812 0.0907277
f 1176/1436/1176 1182/1433/1182 1180/1452/1180
vt 0.2034530 0.2013887
f 1404/1450/1404 1434/1437/1434 1429/1453/1429
f 1434/1437/1434 1462/788/1462 1429/1453/1429
vt 0.7194557 0.8820716
vt 0.7101552 0.8857827
f 90/1454/90 89/1430/89 78/1455/78
f 78/1455/78 89/1430/89 72/804/72
f 66/1451/66 75/1429/75 71/1438/71
f 685/807/685 683/780/683 682/806/682
f 700/781/700 695/773/695 694/816/694
vt 0.2176817 0.0838926
f 1167/1445/1167 1176/1436/1176 1172/1456/1172
f 1182/1433/1182 1271/1425/1271 1180/1452/1180
vt 0.2095400 0.1577294
f 1384/1457/1384 1376/1442/1376 1388/783/1388
f 1429/1453/1429 1462/788/1462 1463/798/1463
vt 0.7130201 0.9215742
f 67/803/67 74/1443/74 62/1458/62
f 62/1458/62 74/1443/74 68/1444/68
f 1172/1456/1172 1176/1436/1176 1180/1452/1180
vt 0.2062765 0.1366232
f 1372/1441/1372 1374/1446/1374 1378/1459/1378
vt 0.2091262 0.1455157
f 1374/1446/1374 1376/1442/1376 1377/1460/1377
f 68/1444/68 73/1434/73 66/1451/66
vt 0.2173588 0.0445483
f 1158/1449/1158 1153/1448/1153 1157/1461/1157
vt 0.2246584 0.0560372
f 1153/1448/1153 1152/1439/1152 1151/1462/1151
vt 0.2148632 0.0668644
f 1149/1463/1149 1152/1439/1152 1167/1445/1167
f 1378/1459/1378 1374/1446/1374 1377/1460/1377
vt 0.1940697 0.2109286
f 1429/1453/1429 1463/798/1463 1430/1464/1430
vt 0.6942539 0.9469753
f 56/1465/56 68/1444/68 66/1451/66
vt 0.2101213 0.1056796
f 1180/1452/1180 1271/1425/1271 1181/1466/1181
f 1181/1466/1181 1271/1425/1271 1282/1440/1282
f 1377/1460/1377 1376/1442/1376 1384/1457/1384
f 1384/1457/1384 1388/783/1388 1393/1447/1393
vt 0.6971946 0.9057769
f 52/1467/52 67/803/67 62/1458/62
f 62/1458/62 68/1444/68 56/1465/56
f 72/804/72 67/803/67 52/1467/52
vt 0.6971831 0.9852780
f 66/1451/66 71/1438/71 69/1468/69
f 1157/1461/1157 1153/1448/1153 1151/1462/1151
f 1151/1462/1151 1152/1439/1152 1149/1463/1149
vt 0.2080491 0.1180560
f 1282/1440/1282 1372/1441/1372 1189/1469/1189
f 1181/1466/1181 1282/1440/1282 1189/1469/1189
f 1430/1464/1430 1463/798/1463 1466/828/1466
vt 0.6909176 0.8934591
f 54/1470/54 72/804/72 52/1467/52
vt 0.6953201 0.9617866
f 58/1471/58 66/1451/66 69/1468/69
vt 0.6944523 0.8823727
f 82/1472/82 90/1454/90 78/1455/78
vt 0.2037803 0.0646077
f 1148/1473/1148 1157/1461/1157 1151/1462/1151
f 1189/1469/1189 1372/1441/1372 1378/1459/1378
vt 0.6934044 0.9299278
f 52/1467/52 62/1458/62 53/1474/53
f 53/1474/53 62/1458/62 56/1465/56
f 56/1465/56 66/1451/66 58/1471/58
f 54/1470/54 78/1455/78 72/804/72
vt 0.2000129 0.0831639
f 1171/1475/1171 1149/1463/1149 1167/1445/1167
f 1167/1445/1167 1172/1456/1172 1171/1475/1171
vt 0.1953710 0.1549690
f 1384/1457/1384 1393/1447/1393 1387/1476/1387
vt 0.1783201 0.1672438
f 1387/1476/1387 1393/1447/1393 1391/1477/1391
vt 0.1887665 0.1827894
f 1393/1447/1393 1404/1450/1404 1399/1478/1399
f 1466/828/1466 1586/827/1586 1587/852/1587
vt 0.6762118 0.9208015
f 52/1467/52 53/1474/53 45/1479/45
f 82/1472/82 78/1455/78 54/1470/54
vt 0.6785434 0.9754084
f 57/1480/57 58/1471/58 69/1468/69
f 685/807/685 686/831/686 687/832/687
f 1148/1473/1148 1151/1462/1151 1149/1463/1149
f 1377/1460/1377 1384/1457/1384 1387/1476/1387
f 1391/1477/1391 1393/1447/1393 1399/1478/1399
vt 0.1713224 0.2106720
f 1404/1450/1404 1429/1453/1429 1428/1481/1428
f 1428/1481/1428 1429/1453/1429 1430/1464/1430
vt 0.1747552 0.2267146
f 1430/1464/1430 1466/828/1466 1425/1482/1425
f 614/830/614 480/829/480 540/846/540
f 687/832/687 686/831/686 688/867/688
f 1172/1456/1172 1180/1452/1180 1181/1466/1181
vt 0.1882033 0.1011496
f 1172/1456/1172 1181/1466/1181 1179/1483/1179
vt 0.1880587 0.1276827
f 1189/1469/1189 1378/1459/1378 1190/1484/1190
f 1378/1459/1378 1377/1460/1377 1387/1476/1387
vt 0.6731535 0.9391945
f 53/1474/53 56/1465/56 47/1485/47
vt 0.6704092 0.9043088
f 54/1470/54 52/1467/52 44/1486/44
vt 0.6704919 0.9549339
f 48/1487/48 58/1471/58 57/1480/57
vt 0.6749156 0.8813576
vt 0.6700754 0.8893358
f 91/1488/91 82/1472/82 46/1489/46
f 46/1489/46 82/1472/82 54/1470/54
vt 0.1916119 0.0807754
f 1149/1463/1149 1171/1475/1171 1150/1490/1150
vt 0.1701109 0.1783288
f 1398/1491/1398 1391/1477/1391 1399/1478/1399
vt 0.1706291 0.1964391
f 1404/1450/1404 1428/1481/1428 1402/1492/1402
f 1465/853/1465 1587/852/1587 1469/855/1469
f 44/1486/44 52/1467/52 45/1479/45
f 46/1489/46 54/1470/54 44/1486/44
f 48/1487/48 56/1465/56 58/1471/58
vt 0.6558277 0.9853318
f 57/1480/57 69/1468/69 59/1493/59
vt 0.6734596 0.9948289
f 69/1468/69 70/1494/70 59/1493/59
f 1148/1473/1148 1149/1463/1149 1150/1490/1150
f 1171/1475/1171 1172/1456/1172 1179/1483/1179
vt 0.1764319 0.1520786
f 1389/1495/1389 1378/1459/1378 1387/1476/1387
f 1402/1492/1402 1399/1478/1399 1404/1450/1404
f 1428/1481/1428 1430/1464/1430 1425/1482/1425
f 1425/1482/1425 1466/828/1466 1465/853/1465
f 45/1479/45 53/1474/53 47/1485/47
f 47/1485/47 56/1465/56 48/1487/48
f 689/850/689 687/832/687 688/867/688
vt 0.1818941 0.1119140
f 1179/1483/1179 1181/1466/1181 1183/1496/1183
f 1181/1466/1181 1189/1469/1189 1183/1496/1183
vt 0.1772400 0.1429650
f 1190/1484/1190 1378/1459/1378 1191/1497/1191
vt 0.1552284 0.2373663
f 1422/1498/1422 1425/1482/1425 1465/853/1465
vt 0.6576093 0.9687629
f 48/1487/48 57/1480/57 49/1499/49
f 1183/1496/1183 1189/1469/1189 1190/1484/1190
f 1191/1497/1191 1378/1459/1378 1389/1495/1389
f 1398/1491/1398 1399/1478/1399 1402/1492/1402
vt 0.1544404 0.2260575
f 1428/1481/1428 1425/1482/1425 1416/1500/1416
f 1416/1500/1416 1425/1482/1425 1422/1498/1422
f 1469/855/1469 1604/854/1604 1475/875/1475
vt 0.6504000 0.9538417
f 48/1487/48 49/1499/49 39/1501/39
vt 0.6569797 0.8822070
f 79/1502/79 91/1488/91 46/1489/46
f 49/1499/49 57/1480/57 59/1493/59
vt 0.1790239 0.0857943
vt 0.1837177 0.0672876
f 1159/1503/1159 1160/1504/1160 1148/1473/1148
f 1159/1503/1159 1148/1473/1148 1150/1490/1150
f 1389/1495/1389 1387/1476/1387 1391/1477/1391
f 1402/1492/1402 1428/1481/1428 1416/1500/1416
vt 0.6491477 0.9172062
f 44/1486/44 45/1479/45 32/1505/32
vt 0.6569815 0.9342517
f 33/1506/33 45/1479/45 47/1485/47
f 47/1485/47 48/1487/48 39/1501/39
f 33/1506/33 47/1485/47 39/1501/39
vt 0.1717709 0.1008837
f 1150/1490/1150 1171/1475/1171 1178/1507/1178
vt 0.1547023 0.1917560
f 1398/1491/1398 1402/1492/1402 1401/1508/1401
vt 0.1447085 0.2166515
f 1406/1509/1406 1402/1492/1402 1416/1500/1416
vt 0.1441917 0.2488934
f 1422/1498/1422 1465/853/1465 1421/1510/1421
f 1421/1510/1421 1465/853/1465 1469/855/1469
vt 0.1342183 0.2627829
f 1421/1510/1421 1469/855/1469 1426/1511/1426
f 1426/1511/1426 1469/855/1469 1475/875/1475
vt 0.6528553 0.9038916
f 35/1512/35 44/1486/44 32/1505/32
f 32/1505/32 45/1479/45 33/1506/33
f 46/1489/46 44/1486/44 35/1512/35
vt 0.6480502 0.8922799
f 37/1513/37 46/1489/46 35/1512/35
f 79/1502/79 46/1489/46 37/1513/37
f 1178/1507/1178 1171/1475/1171 1179/1483/1179
vt 0.1580274 0.1257089
f 1190/1484/1190 1191/1497/1191 1186/1514/1186
vt 0.1491521 0.1516577
f 1192/1515/1192 1191/1497/1191 1389/1495/1389
f 1391/1477/1391 1398/1491/1398 1397/915/1397
f 1401/1508/1401 1402/1492/1402 1406/1509/1406
vt 0.6381912 0.8820624
f 55/1516/55 79/1502/79 37/1513/37
vt 0.6353704 0.9758060
f 43/1517/43 49/1499/49 59/1493/59
vt 0.6386485 0.9965262
f 43/1517/43 59/1493/59 65/1518/65
f 1159/1503/1159 1150/1490/1150 1178/1507/1178
f 1178/1507/1178 1179/1483/1179 1183/1496/1183
vt 0.1659895 0.1130558
f 1178/1507/1178 1183/1496/1183 1184/1519/1184
f 1183/1496/1183 1190/1484/1190 1186/1514/1186
vt 0.1606381 0.1632146
f 1389/1495/1389 1391/1477/1391 1392/1520/1392
f 1392/1520/1392 1391/1477/1391 1397/915/1397
f 1397/915/1397 1398/1491/1398 1401/1508/1401
f 1426/1511/1426 1475/875/1475 1474/889/1474
vt 0.6407713 0.9384944
f 32/1505/32 33/1506/33 31/1521/31
f 31/1521/31 33/1506/33 39/1501/39
f 43/1517/43 39/1501/39 49/1499/49
vt 0.6260256 0.9939376
f 43/1517/43 65/1518/65 63/1522/63
f 1184/1519/1184 1183/1496/1183 1186/1514/1186
f 1192/1515/1192 1389/1495/1389 1392/1520/1392
vt 0.1378230 0.2347561
f 1406/1509/1406 1416/1500/1416 1410/1523/1410
f 1410/1523/1410 1416/1500/1416 1422/1498/1422
f 1410/1523/1410 1422/1498/1422 1421/1510/1421
vt 0.6312314 0.9052539
f 27/1524/27 35/1512/35 32/1505/32
f 37/1513/37 35/1512/35 27/1524/27
vt 0.6208634 0.8920292
f 55/1516/55 37/1513/37 24/1525/24
vt 0.1683182 0.0921166
f 1202/1526/1202 1159/1503/1159 1178/1507/1178
vt 0.1584382 0.1112528
f 1185/1527/1185 1178/1507/1178 1184/1519/1184
vt 0.1410139 0.1871861
f 1397/915/1397 1401/1508/1401 1405/1528/1405
vt 0.1359816 0.2077258
f 1401/1508/1401 1406/1509/1406 1409/1529/1409
vt 0.1251292 0.2505826
f 1410/1523/1410 1421/1510/1421 1413/1530/1413
f 1413/1530/1413 1421/1510/1421 1426/1511/1426
vt 0.6308604 0.9265097
f 27/1524/27 32/1505/32 28/1531/28
f 32/1505/32 31/1521/31 28/1531/28
f 24/1525/24 37/1513/37 27/1524/27
vt 0.6285175 0.9501809
f 31/1521/31 39/1501/39 30/1532/30
f 30/1532/30 39/1501/39 43/1517/43
vt 0.6165246 0.9713122
f 30/1532/30 43/1517/43 42/1533/42
vt 0.6209292 0.8812262
f 104/1534/104 55/1516/55 24/1525/24
vt 0.6160945 0.9830309
f 51/1535/51 42/1533/42 43/1517/43
f 51/1535/51 43/1517/43 63/1522/63
vt 0.1594396 0.1042606
f 1199/1536/1199 1202/1526/1202 1178/1507/1178
f 1199/1536/1199 1178/1507/1178 1185/1527/1185
vt 0.1500593 0.1356961
f 1188/1537/1188 1186/1514/1186 1191/1497/1191
f 1192/1515/1192 1392/1520/1392 1194/917/1194
f 1409/1529/1409 1406/1509/1406 1410/1523/1410
f 1481/907/1481 1483/882/1483 1616/896/1616
f 28/1531/28 31/1521/31 30/1532/30
vt 0.5963522 0.8794505
vt 0.6005100 0.8839934
f 150/1538/150 104/1534/104 29/1539/29
vt 0.6099272 0.9959463
f 64/1540/64 51/1535/51 63/1522/63
vt 0.1483024 0.1299496
f 1185/1527/1185 1184/1519/1184 1187/1541/1187
f 1187/1541/1187 1184/1519/1184 1186/1514/1186
f 1188/1537/1188 1191/1497/1191 1192/1515/1192
f 1392/1520/1392 1397/915/1397 1194/917/1194
f 1403/916/1403 1397/915/1397 1405/1528/1405
f 1405/1528/1405 1401/1508/1401 1409/1529/1409
vt 0.1279510 0.2248464
f 1409/1529/1409 1410/1523/1410 1411/1542/1411
vt 0.1153646 0.2741259
f 1413/1530/1413 1426/1511/1426 1445/1543/1445
f 1426/1511/1426 1474/889/1474 1445/1543/1445
vt 0.6132213 0.9289553
f 27/1524/27 28/1531/28 26/1544/26
f 26/1544/26 28/1531/28 30/1532/30
vt 0.6157126 0.9052533
f 22/1545/22 24/1525/24 27/1524/27
f 29/1539/29 104/1534/104 24/1525/24
vt 0.6012685 0.9873011
f 50/1546/50 51/1535/51 64/1540/64
f 1187/1541/1187 1186/1514/1186 1188/1537/1188
vt 0.1210187 0.2340990
f 1411/1542/1411 1410/1523/1410 1412/1547/1412
f 1412/1547/1412 1410/1523/1410 1413/1530/1413
vt 0.1077507 0.2694003
f 1415/1548/1415 1413/1530/1413 1445/1543/1445
f 22/1545/22 27/1524/27 26/1544/26
vt 0.5974205 0.9462556
f 26/1544/26 30/1532/30 25/1549/25
vt 0.6061898 0.9619758
f 25/1549/25 30/1532/30 36/1550/36
f 36/1550/36 30/1532/30 42/1533/42
f 42/1533/42 51/1535/51 50/1546/50
vt 0.6031387 0.9995788
f 50/1546/50 64/1540/64 141/1551/141
vt 0.5826810 0.9927491
f 60/1552/60 50/1546/50 141/1551/141
vt 0.1335588 0.1785463
f 1403/916/1403 1405/1528/1405 1449/1553/1449
vt 0.1223557 0.2097178
f 1405/1528/1405 1409/1529/1409 1419/1554/1419
vt 0.1095159 0.2473932
f 1414/1555/1414 1412/1547/1412 1413/1530/1413
f 1445/1543/1445 1474/889/1474 1467/921/1467
vt 0.5963311 0.8988487
f 24/1525/24 22/1545/22 21/1556/21
f 29/1539/29 24/1525/24 21/1556/21
f 36/1550/36 42/1533/42 50/1546/50
vt 0.1369810 0.1331591
f 1185/1527/1185 1187/1541/1187 1196/1557/1196
vt 0.1412001 0.1227027
f 1200/1558/1200 1185/1527/1185 1196/1557/1196
vt 0.1406319 0.1468302
f 1187/1541/1187 1188/1537/1188 1193/1559/1193
f 1193/1559/1193 1188/1537/1188 1192/1515/1192
f 1193/1559/1193 1192/1515/1192 1194/917/1194
f 1194/917/1194 1403/916/1403 1449/1553/1449
f 1409/1529/1409 1411/1542/1411 1419/1554/1419
vt 0.1107584 0.2290403
f 1419/1554/1419 1411/1542/1411 1418/1560/1418
f 1414/1555/1414 1413/1530/1413 1415/1548/1415
f 1467/921/1467 1481/907/1481 1482/933/1482
vt 0.5952094 0.9208695
f 18/1561/18 22/1545/22 26/1544/26
f 21/1556/21 22/1545/22 18/1561/18
vt 0.5826060 0.9680721
f 34/1562/34 36/1550/36 50/1546/50
f 34/1562/34 50/1546/50 60/1552/60
vt 0.5757783 0.8825922
f 150/1538/150 29/1539/29 142/1563/142
f 1196/1557/1196 1187/1541/1187 1193/1559/1193
vt 0.1293637 0.1456422
f 1196/1557/1196 1193/1559/1193 1197/1564/1197
f 1195/945/1195 1193/1559/1193 1194/917/1194
f 1449/1553/1449 1405/1528/1405 1419/1554/1419
f 1418/1560/1418 1411/1542/1411 1412/1547/1412
vt 0.0963897 0.2675183
f 1414/1555/1414 1415/1548/1415 1417/1565/1417
vt 0.0909888 0.2918041
f 1415/1548/1415 1445/1543/1445 1424/1566/1424
f 1424/1566/1424 1445/1543/1445 1467/921/1467
f 18/1561/18 26/1544/26 25/1549/25
vt 0.5805054 0.8923011
f 29/1539/29 21/1556/21 20/1567/20
f 142/1563/142 29/1539/29 20/1567/20
vt 0.5673975 0.9895447
vt 0.5703509 0.9950602
f 61/1568/61 60/1552/60 144/1569/144
f 1197/1564/1197 1193/1559/1193 1195/945/1195
f 1198/944/1198 1194/917/1194 1449/1553/1449
vt 0.1135554 0.2071606
f 1449/1553/1449 1419/1554/1419 1464/1570/1464
f 1418/1560/1418 1412/1547/1412 1414/1555/1414
vt 0.0853812 0.3126150
f 1467/921/1467 1482/933/1482 1468/1571/1468
vt 0.5793387 0.9089648
f 21/1556/21 18/1561/18 15/1572/15
f 25/1549/25 36/1550/36 34/1562/34
vt 0.5628601 0.9702739
f 34/1562/34 60/1552/60 40/1573/40
f 40/1573/40 60/1552/60 61/1568/61
vt 0.5542424 0.9937038
f 61/1568/61 144/1569/144 148/1574/148
f 1198/944/1198 1449/1553/1449 1464/1570/1464
f 1419/1554/1419 1418/1560/1418 1464/1570/1464
f 1424/1566/1424 1467/921/1467 1468/1571/1468
vt 0.5772629 0.9327346
f 16/1575/16 18/1561/18 25/1549/25
f 15/1572/15 18/1561/18 16/1575/16
vt 0.5644231 0.9494388
f 16/1575/16 25/1549/25 17/1576/17
f 20/1567/20 21/1556/21 15/1572/15
f 17/1576/17 25/1549/25 34/1562/34
f 142/1563/142 20/1567/20 23/967/23
vt 0.5660471 0.8976184
f 20/1567/20 14/1577/14 23/967/23
f 153/966/153 142/1563/142 23/967/23
vt 0.8793751 0.4694400
f 1024/930/1024 800/943/800 1075/1578/1075
f 1037/936/1037 1024/930/1024 1075/1578/1075
vt 0.1042132 0.2212844
f 1464/1570/1464 1418/1560/1418 1448/1579/1448
vt 0.0940687 0.2465373
f 1448/1579/1448 1418/1560/1418 1423/1580/1423
f 1418/1560/1418 1414/1555/1414 1423/1580/1423
vt 0.0964705 0.2555299
f 1414/1555/1414 1417/1565/1417 1420/1581/1420
f 1417/1565/1417 1415/1548/1415 1424/1566/1424
vt 0.0791852 0.2956802
f 1417/1565/1417 1424/1566/1424 1432/1582/1432
f 20/1567/20 15/1572/15 14/1577/14
vt 0.5628313 0.9124050
f 14/1577/14 15/1572/15 8/1583/8
vt 0.5466232 0.9779266
f 145/1584/145 40/1573/40 61/1568/61
vt 0.5488376 0.9672309
f 41/1585/41 40/1573/40 145/1584/145
f 145/1584/145 61/1568/61 148/1574/148
vt 0.5306036 0.9830899
f 152/1586/152 145/1584/145 148/1574/148
vt 0.1127289 0.1628146
f 1204/1587/1204 1197/1564/1197 1195/945/1195
vt 0.8781975 0.4452874
f 804/942/804 825/950/825 830/1588/830
f 800/943/800 804/942/804 830/1588/830
f 1201/951/1201 1204/1587/1204 1195/945/1195
vt 0.8786257 0.4579633
f 800/943/800 830/1588/830 1082/1589/1082
f 800/943/800 1082/1589/1082 1075/1578/1075
vt 0.1086846 0.1998944
f 1203/1590/1203 1201/951/1201 1198/944/1198
f 1203/1590/1203 1198/944/1198 1464/1570/1464
f 1037/936/1037 1075/1578/1075 1081/955/1081
f 1203/1590/1203 1464/1570/1464 1448/1579/1448
vt 0.0961169 0.2290714
f 1472/1591/1472 1448/1579/1448 1423/1580/1423
f 1423/1580/1423 1414/1555/1414 1420/1581/1420
vt 0.0845596 0.2785540
f 1420/1581/1420 1417/1565/1417 1431/1592/1431
vt 0.0724105 0.3226261
f 1424/1566/1424 1468/1571/1468 1447/1593/1447
f 1468/1571/1468 1482/933/1482 1479/965/1479
vt 0.5641184 0.9343138
f 7/1594/7 16/1575/16 17/1576/17
f 8/1583/8 15/1572/15 7/1594/7
f 7/1594/7 15/1572/15 16/1575/16
f 17/1576/17 34/1562/34 40/1573/40
vt 0.5484682 0.9041486
f 10/1595/10 14/1577/14 8/1583/8
f 23/967/23 14/1577/14 10/1595/10
vt 0.8869166 0.4579859
f 1082/1589/1082 830/1588/830 1106/1596/1106
f 1082/1589/1082 1106/1596/1106 1075/1578/1075
vt 0.1021614 0.1950616
f 1205/1597/1205 1204/1587/1204 1201/951/1201
f 1205/1597/1205 1201/951/1201 1203/1590/1203
vt 0.1007458 0.2120606
f 1206/1598/1206 1205/1597/1205 1203/1590/1203
f 1206/1598/1206 1203/1590/1203 1448/1579/1448
f 1206/1598/1206 1448/1579/1448 1472/1591/1472
f 1417/1565/1417 1432/1582/1432 1431/1592/1431
f 1432/1582/1432 1424/1566/1424 1447/1593/1447
f 1447/1593/1447 1468/1571/1468 1479/965/1479
vt 0.5469077 0.9182170
f 4/1599/4 8/1583/8 7/1594/7
vt 0.5467441 0.9546830
f 38/1600/38 17/1576/17 40/1573/40
f 10/1595/10 8/1583/8 4/1599/4
f 38/1600/38 40/1573/40 41/1585/41
vt 0.5335295 0.8997595
f 23/967/23 10/1595/10 13/1601/13
f 154/968/154 23/967/23 13/1601/13
vt 0.5272589 0.9690099
f 147/1602/147 145/1584/145 152/1586/152
vt 0.8942029 0.4447764
f 830/1588/830 1125/1603/1125 1106/1596/1106
vt 0.8982396 0.4706357
f 1075/1578/1075 1106/1596/1106 1105/1604/1105
vt 0.0892983 0.1963789
f 1210/1605/1210 1204/1587/1204 1205/1597/1205
f 1081/955/1081 1075/1578/1075 1105/1604/1105
vt 0.9060741 0.4874490
f 1081/955/1081 1105/1604/1105 1091/1606/1091
vt 0.0914773 0.2123852
f 1207/1607/1207 1205/1597/1205 1206/1598/1206
f 1081/955/1081 1091/1606/1091 1083/961/1083
f 1061/962/1061 1083/961/1083 1080/980/1080
vt 0.0891487 0.2244263
f 1208/1608/1208 1206/1598/1206 1472/1591/1472
f 1207/1607/1207 1206/1598/1206 1208/1608/1208
vt 0.0797764 0.2537801
f 1472/1591/1472 1423/1580/1423 1471/1609/1471
vt 0.0779680 0.2715935
f 1420/1581/1420 1431/1592/1431 1442/1610/1442
f 1423/1580/1423 1420/1581/1420 1442/1610/1442
vt 0.0568584 0.3324234
f 1432/1582/1432 1447/1593/1447 1441/1611/1441
f 1447/1593/1447 1479/965/1479 1450/986/1450
vt 0.5485910 0.9411552
f 7/1594/7 17/1576/17 5/1612/5
f 4/1599/4 7/1594/7 5/1612/5
f 5/1612/5 17/1576/17 38/1600/38
vt 0.5301436 0.9460648
f 19/1613/19 5/1612/5 38/1600/38
f 13/1601/13 10/1595/10 4/1599/4
vt 0.5268028 0.9595114
f 146/1614/146 38/1600/38 41/1585/41
f 146/1614/146 41/1585/41 145/1584/145
vt 0.5307732 0.9167057
f 13/1601/13 4/1599/4 9/1615/9
f 146/1614/146 145/1584/145 147/1602/147
vt 0.9035895 0.4595795
f 1106/1596/1106 1125/1603/1125 1132/1616/1132
f 1106/1596/1106 1132/1616/1132 1105/1604/1105
vt 0.0727526 0.4225178
vt 0.0792400 0.3879528
vt 0.0792400 0.4235349
f 1720/1617/1720 1721/1618/1721 1722/1619/1722
vt 0.0979251 0.1632803
f 1210/1605/1210 1212/1620/1212 1204/1587/1204
f 1210/1605/1210 1205/1597/1205 1207/1607/1207
f 1083/961/1083 1091/1606/1091 1080/980/1080
vt 0.0804994 0.2406715
f 1208/1608/1208 1472/1591/1472 1486/1621/1486
f 1486/1621/1486 1472/1591/1472 1471/1609/1471
f 1471/1609/1471 1423/1580/1423 1442/1610/1442
vt 0.0692239 0.2945803
f 1431/1592/1431 1432/1582/1432 1433/1622/1433
f 1442/1610/1442 1431/1592/1431 1433/1622/1433
f 1433/1622/1433 1432/1582/1432 1435/1011/1435
f 1435/1011/1435 1432/1582/1432 1441/1611/1441
f 1441/1611/1441 1447/1593/1447 1450/986/1450
vt 0.5342089 0.9335740
f 4/1599/4 5/1612/5 6/1623/6
f 6/1623/6 5/1612/5 19/1613/19
f 9/1615/9 4/1599/4 6/1623/6
f 19/1613/19 38/1600/38 146/1614/146
vt 0.5189973 0.9247075
f 11/1624/11 9/1615/9 6/1623/6
vt 0.5163327 0.9081651
f 13/1601/13 9/1615/9 156/1625/156
vt 0.5181774 0.9365029
f 11/1624/11 6/1623/6 12/1626/12
f 6/1623/6 19/1613/19 12/1626/12
vt 0.5100027 0.9471685
f 12/1626/12 19/1613/19 149/1627/149
f 156/1625/156 9/1615/9 11/1624/11
f 149/1627/149 19/1613/19 146/1614/146
vt 0.4893771 0.9594232
f 146/1614/146 147/1602/147 158/1628/158
vt 0.4783088 0.9505635
f 149/1627/149 146/1614/146 157/1629/157
f 157/1629/157 146/1614/146 158/1628/158
vt 0.9726599 0.9136478
vt 0.9549176 0.9128981
vt 0.9600722 0.8984714
f 1688/1630/1688 1687/1631/1687 1684/1632/1684
vt 0.9165853 0.4725124
f 1105/1604/1105 1132/1616/1132 1133/1633/1133
f 1091/1606/1091 1105/1604/1105 1133/1633/1133
f 1689/991/1689 1684/1632/1684 1686/989/1686
vt 0.9170034 0.4893571
f 1091/1606/1091 1133/1633/1133 1123/1634/1123
vt 0.4701308 0.9597514
f 157/1629/157 158/1628/158 159/1635/159
f 1080/980/1080 1091/1606/1091 1123/1634/1123
vt 0.9222848 0.4989907
f 1080/980/1080 1123/1634/1123 1122/1636/1122
vt 0.0757593 0.4393429
f 1723/1637/1723 1720/1617/1720 1722/1619/1722
vt 0.0815768 0.2091973
f 1211/1638/1211 1210/1605/1210 1207/1607/1207
vt 0.9219969 0.5091562
f 1080/980/1080 1122/1636/1122 1121/1639/1121
vt 0.0800792 0.2223377
f 1209/1640/1209 1211/1638/1211 1207/1607/1207
f 1209/1640/1209 1207/1607/1207 1208/1608/1208
f 1080/980/1080 1121/1639/1121 1107/1004/1107
f 1079/981/1079 1080/980/1080 1107/1004/1107
vt 0.0528856 0.3440717
f 1450/986/1450 1476/984/1476 1443/1641/1443
vt 0.4986649 0.9384424
f 11/1624/11 12/1626/12 155/1642/155
f 155/1642/155 12/1626/12 149/1627/149
vt 0.9429001 0.8924809
f 1684/1632/1684 1687/1631/1687 1685/1643/1685
f 1684/1632/1684 1685/1643/1685 1686/989/1686
f 155/1642/155 149/1627/149 157/1629/157
vt 0.9328082 0.8727484
f 1686/989/1686 1685/1643/1685 1692/1644/1692
vt 0.9474484 0.8685986
f 1690/990/1690 1686/989/1686 1691/1645/1691
f 1691/1645/1691 1686/989/1686 1692/1644/1692
vt 0.9399158 0.8513212
f 1691/1645/1691 1692/1644/1692 1693/1646/1693
vt 0.4534743 0.9475046
vt 0.4544577 0.9552079
f 161/1647/161 157/1629/157 160/1648/160
f 160/1648/160 157/1629/157 159/1635/159
vt 0.9490283 0.8531243
f 1690/990/1690 1691/1645/1691 1694/1649/1694
vt 0.9329054 0.5116706
f 1121/1639/1121 1122/1636/1122 1147/1650/1147
vt 0.0730214 0.2192487
f 1499/1651/1499 1211/1638/1211 1209/1640/1209
f 1209/1640/1209 1208/1608/1208 1486/1621/1486
vt 0.0708036 0.2433670
f 1209/1640/1209 1486/1621/1486 1494/1652/1494
vt 0.0646619 0.2619613
f 1486/1621/1486 1471/1609/1471 1487/1653/1487
vt 0.0547119 0.2856646
f 1471/1609/1471 1442/1610/1442 1470/1654/1470
f 1436/1013/1436 1433/1622/1433 1435/1011/1435
f 1441/1611/1441 1450/986/1450 1443/1641/1443
f 1694/1649/1694 1691/1645/1691 1693/1646/1693
vt 0.0657381 0.2324912
f 1498/1655/1498 1499/1651/1499 1209/1640/1209
vt 0.9376565 0.5274439
f 1107/1004/1107 1121/1639/1121 1129/1656/1129
vt 0.9536505 0.8345037
vt 0.9588284 0.8595940
f 1696/1657/1696 1697/1658/1697 1694/1649/1694
f 1498/1655/1498 1209/1640/1209 1494/1652/1494
f 1064/992/1064 1079/981/1079 1100/1005/1100
vt 0.0601012 0.2903048
f 1470/1654/1470 1442/1610/1442 1446/1659/1446
f 1446/1659/1446 1442/1610/1442 1433/1622/1433
f 1446/1659/1446 1433/1622/1433 1436/1013/1436
vt 0.0414685 0.3322171
f 1438/1660/1438 1441/1611/1441 1443/1641/1443
vt 0.9463627 0.8351771
f 1696/1657/1696 1694/1649/1694 1695/1661/1695
f 1694/1649/1694 1693/1646/1693 1695/1661/1695
vt 0.4352027 0.9557754
f 161/1647/161 160/1648/160 162/1662/162
vt 0.4345305 0.9442594
f 163/1663/163 161/1647/161 162/1662/162
vt 0.0605825 0.2470186
f 1498/1655/1498 1494/1652/1494 1497/1664/1497
f 1494/1652/1494 1486/1621/1486 1487/1653/1487
vt 0.0619051 0.2714076
f 1487/1653/1487 1471/1609/1471 1484/1665/1484
f 1484/1665/1484 1471/1609/1471 1470/1654/1470
f 1435/1011/1435 1441/1611/1441 1438/1660/1438
f 1438/1660/1438 1443/1641/1443 1444/1030/1444
f 1444/1030/1444 1443/1641/1443 1477/1028/1477
vt 0.9476213 0.8117093
f 1696/1657/1696 1695/1661/1695 1698/1666/1698
vt 0.4143488 0.9537951
vt 0.4161751 0.9609302
f 165/1667/165 162/1662/162 173/1668/173
vt 0.9618111 0.8400114
vt 0.9589572 0.8145996
f 1709/1669/1709 1696/1657/1696 1707/1670/1707
vt 0.9460021 0.5431047
f 1100/1005/1100 1107/1004/1107 1124/1671/1124
f 1437/1012/1437 1435/1011/1435 1438/1660/1438
vt 0.4081319 0.9471196
f 164/1672/164 163/1663/163 162/1662/162
f 164/1672/164 162/1662/162 165/1667/165
vt 0.0508259 0.2637643
f 1493/1673/1493 1497/1664/1497 1494/1652/1494
f 1064/992/1064 1100/1005/1100 1074/1039/1074
f 1063/1006/1063 1064/992/1064 1074/1039/1074
vt 0.0418518 0.3033147
f 1470/1654/1470 1446/1659/1446 1451/1674/1451
f 1451/1674/1451 1446/1659/1446 1436/1013/1436
vt 0.9554562 0.8039511
f 1707/1670/1707 1696/1657/1696 1699/1675/1699
f 1696/1657/1696 1698/1666/1698 1699/1675/1699
vt 0.3941397 0.9561277
f 172/1676/172 165/1667/165 173/1668/173
vt 0.9553128 0.5589160
f 1100/1005/1100 1124/1671/1124 1126/1677/1126
f 1493/1673/1493 1494/1652/1494 1487/1653/1487
f 1103/1037/1103 1074/1039/1074 1100/1005/1100
f 1103/1037/1103 1100/1005/1100 1126/1677/1126
vt 0.0408716 0.2901509
f 1487/1653/1487 1484/1665/1484 1485/1678/1485
f 1051/1020/1051 1063/1006/1063 1074/1039/1074
f 1485/1678/1485 1484/1665/1484 1470/1654/1470
vt 0.0345287 0.3184506
f 1451/1674/1451 1436/1013/1436 1440/1679/1440
f 1440/1679/1440 1436/1013/1436 1437/1012/1437
vt 0.0338281 0.3275673
f 1439/1680/1439 1438/1660/1438 1444/1030/1444
vt 0.1997220 0.7473687
vt 0.1916631 0.7653749
vt 0.1904541 0.7446734
f 1717/1681/1717 1719/1682/1719 1718/1683/1718
vt 0.9640638 0.7953726
f 1708/1684/1708 1707/1670/1707 1699/1675/1699
vt 0.0345184 0.2848341
f 1493/1673/1493 1487/1653/1487 1492/1685/1492
f 1437/1012/1437 1438/1660/1438 1439/1680/1439
f 1439/1680/1439 1444/1030/1444 1461/1035/1461
f 666/1023/666 654/1032/654 651/1024/651
f 669/1050/669 668/1018/668 660/1036/660
f 1492/1685/1492 1487/1653/1487 1485/1678/1485
f 1440/1679/1440 1437/1012/1437 1439/1680/1439
vt 0.3655361 0.9531525
f 164/1672/164 165/1667/165 166/1686/166
vt 0.3644862 0.9458048
f 167/1687/167 164/1672/164 166/1686/166
f 166/1686/166 165/1667/165 172/1676/172
vt 0.9633254 0.7819194
f 1708/1684/1708 1699/1675/1699 1701/1688/1701
vt 0.9560050 0.7742866
f 1699/1675/1699 1698/1666/1698 1700/1689/1700
f 1701/1688/1701 1699/1675/1699 1700/1689/1700
vt 0.1997219 0.7207245
f 1716/1690/1716 1717/1681/1717 1718/1683/1718
vt 0.9657518 0.5672012
f 1103/1037/1103 1126/1677/1126 1127/1691/1127
vt 0.3633840 0.9605543
f 166/1686/166 172/1676/172 170/1692/170
vt 0.0303601 0.2777211
f 1496/1693/1496 1493/1673/1493 1492/1685/1492
f 1103/1037/1103 1127/1691/1127 1104/1038/1104
vt 0.0231169 0.3139142
f 1485/1678/1485 1470/1654/1470 1452/1694/1452
f 1452/1694/1452 1470/1654/1470 1451/1674/1451
f 1452/1694/1452 1451/1674/1451 1440/1679/1440
f 1452/1694/1452 1440/1679/1440 1439/1680/1439
vt 0.0231144 0.3253877
f 1473/1695/1473 1439/1680/1439 1461/1035/1461
vt 0.9655097 0.7656167
f 1702/1696/1702 1701/1688/1701 1700/1689/1700
vt 0.9762075 0.5789028
f 1104/1038/1104 1127/1691/1127 1139/1697/1139
f 1452/1694/1452 1439/1680/1439 1473/1695/1473
vt 0.9744720 0.6280898
f 1009/1041/1009 1038/1048/1038 1039/1698/1039
f 1473/1695/1473 1461/1035/1461 1478/1029/1478
vt 0.0202317 0.3043525
f 1492/1685/1492 1485/1678/1485 1489/1699/1489
f 1485/1678/1485 1452/1694/1452 1489/1699/1489
vt 0.0195031 0.3128582
f 1452/1694/1452 1473/1695/1473 1480/1700/1480
vt 0.9593661 0.7420627
f 1702/1696/1702 1700/1689/1700 1703/1701/1703
vt 0.3269101 0.9484398
f 168/1702/168 167/1687/167 166/1686/166
vt 0.3257646 0.9552737
f 169/1703/169 166/1686/166 170/1692/170
vt 0.0108851 0.3007221
f 1495/1704/1495 1496/1693/1496 1492/1685/1492
f 1104/1038/1104 1139/1697/1139 1114/1054/1114
f 1495/1704/1495 1492/1685/1492 1489/1699/1489
f 1489/1699/1489 1452/1694/1452 1480/1700/1480
vt 0.0121645 0.3203759
f 1480/1700/1480 1473/1695/1473 1488/1705/1488
f 658/1049/658 670/1059/670 672/1051/672
f 168/1702/168 166/1686/166 169/1703/169
vt 0.3263713 0.9642477
f 169/1703/169 170/1692/170 171/1706/171
vt 0.3772229 0.8848084
f 674/1056/674 673/1707/673 656/1052/656
vt 0.3535914 0.8850421
f 662/1058/662 658/1049/658 659/1708/659
f 652/1053/652 659/1708/659 658/1049/658
vt 0.9726599 0.7494569
f 1704/1709/1704 1702/1696/1702 1703/1701/1703
vt 0.9725478 0.7418839
f 1705/1710/1705 1704/1709/1704 1703/1701/1703
vt 0.9887375 0.5985569
f 1076/1046/1076 1114/1054/1114 1113/1711/1113
vt 0.0109257 0.3101929
f 1491/1712/1491 1495/1704/1495 1489/1699/1489
f 1491/1712/1491 1489/1699/1489 1480/1700/1480
f 1076/1046/1076 1113/1711/1113 1078/1055/1078
vt 0.9897350 0.6145924
f 1038/1048/1038 1078/1055/1078 1094/1713/1094
vt 0.3384391 0.8763168
f 662/1058/662 677/1714/677 670/1059/670
f 1488/1705/1488 1491/1712/1491 1480/1700/1480
vt 0.3654022 0.8835215
f 656/1052/656 673/1707/673 661/1715/661
f 655/1057/655 656/1052/656 661/1715/661
f 652/1053/652 655/1057/655 659/1708/659
vt 0.9675643 0.7316765
f 1705/1710/1705 1703/1701/1703 1706/1716/1706
vt 0.3683885 0.8750420
vt 0.3619272 0.8631002
vt 0.3544949 0.8640965
f 676/1717/676 680/1718/680 679/1719/679
vt 0.3509839 0.8744975
f 676/1717/676 679/1719/679 675/1720/675
vt 0.9986098 0.6040883
f 1078/1055/1078 1113/1711/1113 1134/1721/1134
vt 0.9504170 0.1925021
vt 0.9476102 0.1840775
vt 0.9383689 0.1925021
f 1724/1722/1724 1725/1723/1725 1726/1724/1726
vt 0.0004634 0.3058500
f 1500/1725/1500 1495/1704/1495 1491/1712/1491
vt 0.3832982 0.8783274
f 673/1707/673 678/1726/678 676/1717/676
f 673/1707/673 676/1717/676 661/1715/661
f 661/1715/661 676/1717/676 675/1720/675
f 661/1715/661 675/1720/675 659/1708/659
f 675/1720/675 677/1714/677 662/1058/662
f 659/1708/659 675/1720/675 662/1058/662
f 655/1057/655 661/1715/661 659/1708/659
# 2922 faces, 1726 coords texture

# End of File
