####
#
# OBJ File Generated by Meshlab
#
####
# Object egg.obj
#
# Vertices: 3680
# Faces: 6152
#
####
mtllib ./egg.obj.mtl

vn -0.0906293 0.5168861 0.8512432
v -0.0126132 0.0020523 -0.0267294 1.000000 1.000000 1.000000
vn -0.0906293 0.5168861 0.8512432
v -0.0129046 0.0017148 -0.0265147 1.000000 1.000000 1.000000
vn -0.0906293 0.5168861 0.8512432
v -0.0127107 0.0018206 -0.0265685 1.000000 1.000000 1.000000
vn -0.8800049 0.0155719 0.4747094
v 0.0129649 0.0003299 0.0272925 1.000000 1.000000 1.000000
vn -0.8800048 0.0155719 0.4747094
v 0.0129078 -0.0006457 0.0272013 1.000000 1.000000 1.000000
vn -0.8800048 0.0155719 0.4747094
v 0.0129458 -0.0007772 0.0272937 1.000000 1.000000 1.000000
vn 0.0573590 -0.6401613 -0.7660962
v 0.0129649 0.0003299 0.0272925 1.000000 1.000000 1.000000
vn 0.0573590 -0.6401613 -0.7660962
v 0.0127709 0.0001035 0.0275082 1.000000 1.000000 1.000000
vn 0.0573590 -0.6401613 -0.7660962
v 0.0129033 0.0002892 0.0273288 1.000000 1.000000 1.000000
vn -0.0760320 -0.9968845 -0.0209901
v -0.0020494 -0.0229459 -0.0002354 1.000000 1.000000 1.000000
vn -0.0654581 -0.9959555 -0.0615469
v -0.0016364 -0.0229019 -0.0024390 1.000000 1.000000 1.000000
vn 0.0028312 -0.9998791 -0.0152926
v -0.0000427 -0.0230445 0.0001011 1.000000 1.000000 1.000000
vn 0.0038641 -0.9973451 -0.0727174
v 0.0000046 -0.0229161 -0.0032883 1.000000 1.000000 1.000000
vn -0.0748949 -0.9918028 -0.1035282
v -0.0016101 -0.0227957 -0.0040328 1.000000 1.000000 1.000000
vn -0.0009034 -0.9914949 -0.1301427
v 0.0000439 -0.0227960 -0.0048459 1.000000 1.000000 1.000000
vn -0.0034646 -0.9997613 0.0215724
v -0.0001363 -0.0230369 0.0016092 1.000000 1.000000 1.000000
vn -0.1052068 -0.9941559 0.0242010
v -0.0026480 -0.0228972 0.0016860 1.000000 1.000000 1.000000
vn -0.1262734 -0.9896822 -0.0677073
v -0.0028652 -0.0227888 -0.0023106 1.000000 1.000000 1.000000
vn -0.0697960 -0.9954936 0.0641957
v -0.0017171 -0.0229089 0.0033430 1.000000 1.000000 1.000000
vn -0.1383182 -0.9902228 -0.0180853
v -0.0031928 -0.0228285 0.0000619 1.000000 1.000000 1.000000
vn 0.0000155 -0.9985530 0.0537778
v -0.0000499 -0.0229868 0.0029721 1.000000 1.000000 1.000000
vn -0.0008538 -0.9957368 0.0922358
v -0.0000389 -0.0228980 0.0047132 1.000000 1.000000 1.000000
vn 0.0753034 -0.9967571 -0.0283676
v 0.0021274 -0.0229324 -0.0005339 1.000000 1.000000 1.000000
vn 0.0740083 -0.9944040 -0.0753896
v 0.0018562 -0.0228322 -0.0032624 1.000000 1.000000 1.000000
vn 0.0688941 -0.9893866 -0.1279366
v 0.0015925 -0.0227193 -0.0049587 1.000000 1.000000 1.000000
vn 0.0695084 -0.9962097 0.0522961
v 0.0018145 -0.0229255 0.0028616 1.000000 1.000000 1.000000
vn 0.1147395 -0.9930906 0.0246130
v 0.0027761 -0.0228761 0.0017997 1.000000 1.000000 1.000000
vn 0.1129338 -0.9935645 -0.0086982
v 0.0026925 -0.0228883 0.0002063 1.000000 1.000000 1.000000
vn -0.0737951 -0.9863874 -0.1469496
v -0.0015712 -0.0226959 -0.0050187 1.000000 1.000000 1.000000
vn 0.1399857 -0.9887015 -0.0536052
v 0.0033706 -0.0227421 -0.0019749 1.000000 1.000000 1.000000
vn 0.1393920 -0.9865727 -0.0851140
v 0.0032390 -0.0226965 -0.0031557 1.000000 1.000000 1.000000
vn 0.1319926 -0.9827833 -0.1292867
v 0.0029268 -0.0225898 -0.0048875 1.000000 1.000000 1.000000
vn 0.0739628 -0.9906266 0.1148412
v 0.0016589 -0.0227674 0.0054030 1.000000 1.000000 1.000000
vn -0.0748736 -0.9910668 0.1103663
v -0.0016447 -0.0227868 0.0051416 1.000000 1.000000 1.000000
vn 0.1327438 -0.9886801 0.0699348
v 0.0029652 -0.0227933 0.0030538 1.000000 1.000000 1.000000
vn 0.1465262 -0.9832790 0.1081318
v 0.0031940 -0.0226287 0.0050903 1.000000 1.000000 1.000000
vn -0.0012298 -0.9879422 0.1548186
v 0.0000053 -0.0227175 0.0065613 1.000000 1.000000 1.000000
vn 0.1955853 -0.9805213 -0.0180132
v 0.0044397 -0.0226239 -0.0002227 1.000000 1.000000 1.000000
vn -0.1353974 -0.9883136 0.0700276
v -0.0031600 -0.0227703 0.0031841 1.000000 1.000000 1.000000
vn -0.1320261 -0.9841177 0.1186656
v -0.0028864 -0.0226599 0.0051233 1.000000 1.000000 1.000000
vn -0.0803087 -0.9835948 0.1615292
v -0.0017087 -0.0226145 0.0066643 1.000000 1.000000 1.000000
vn -0.1388495 -0.9775916 0.1582264
v -0.0027828 -0.0225201 0.0064697 1.000000 1.000000 1.000000
vn 0.0788449 -0.9782642 0.1917883
v 0.0018071 -0.0224443 0.0078646 1.000000 1.000000 1.000000
vn 0.1295050 -0.9795485 0.1539912
v 0.0027725 -0.0225316 0.0065029 1.000000 1.000000 1.000000
vn 0.2038706 -0.9778254 0.0478990
v 0.0046728 -0.0225498 0.0023870 1.000000 1.000000 1.000000
vn -0.0024558 -0.9785917 0.2057968
v 0.0000411 -0.0224750 0.0081395 1.000000 1.000000 1.000000
vn -0.0827334 -0.9755512 0.2036053
v -0.0016872 -0.0223975 0.0081036 1.000000 1.000000 1.000000
vn -0.1307763 -0.9824018 -0.1333579
v -0.0028786 -0.0225914 -0.0047775 1.000000 1.000000 1.000000
vn -0.1960553 -0.9801077 0.0308435
v -0.0044893 -0.0226049 0.0019732 1.000000 1.000000 1.000000
vn -0.0035612 -0.9822898 -0.1873342
v 0.0000252 -0.0225291 -0.0068249 1.000000 1.000000 1.000000
vn 0.0683637 -0.9817951 -0.1772143
v 0.0016523 -0.0225457 -0.0062823 1.000000 1.000000 1.000000
vn -0.0826831 -0.9791166 -0.1857263
v -0.0017351 -0.0224757 -0.0065472 1.000000 1.000000 1.000000
vn -0.1996352 -0.9782047 -0.0571087
v -0.0045748 -0.0225373 -0.0018997 1.000000 1.000000 1.000000
vn 0.1243595 -0.9764590 -0.1762458
v 0.0028388 -0.0223913 -0.0065230 1.000000 1.000000 1.000000
vn -0.1888389 -0.9780583 -0.0879885
v -0.0044099 -0.0225128 -0.0028418 1.000000 1.000000 1.000000
vn -0.2087248 -0.9777914 -0.0189219
v -0.0047943 -0.0225547 -0.0001110 1.000000 1.000000 1.000000
vn -0.1863438 -0.9755086 0.1168717
v -0.0041082 -0.0224969 0.0048083 1.000000 1.000000 1.000000
vn -0.2087144 -0.9752326 0.0732095
v -0.0046473 -0.0225272 0.0029906 1.000000 1.000000 1.000000
vn -0.1853615 -0.9738573 -0.1313125
v -0.0043924 -0.0223386 -0.0048546 1.000000 1.000000 1.000000
vn -0.0099220 -0.9759177 -0.2179133
v -0.0000762 -0.0223623 -0.0078048 1.000000 1.000000 1.000000
vn -0.1325592 -0.9708287 -0.1997995
v -0.0031732 -0.0222290 -0.0070863 1.000000 1.000000 1.000000
vn -0.1870887 -0.9609945 -0.2036844
v -0.0045228 -0.0220114 -0.0071615 1.000000 1.000000 1.000000
vn 0.0779202 -0.9669038 -0.2429518
v 0.0018309 -0.0221448 -0.0085498 1.000000 1.000000 1.000000
vn 0.1490109 -0.9629537 -0.2247575
v 0.0034367 -0.0220957 -0.0078738 1.000000 1.000000 1.000000
vn -0.0902260 -0.9635249 -0.2519505
v -0.0018472 -0.0220480 -0.0089158 1.000000 1.000000 1.000000
vn 0.2050345 -0.9759648 -0.0738475
v 0.0045309 -0.0225027 -0.0025881 1.000000 1.000000 1.000000
vn 0.1909627 -0.9737356 -0.1239846
v 0.0044794 -0.0223135 -0.0050162 1.000000 1.000000 1.000000
vn -0.0092009 -0.9633577 -0.2680620
v -0.0000821 -0.0220774 -0.0092631 1.000000 1.000000 1.000000
vn 0.1989118 -0.9648656 -0.1716638
v 0.0046521 -0.0221204 -0.0063497 1.000000 1.000000 1.000000
vn 0.2080112 -0.9717135 0.1118222
v 0.0046227 -0.0223613 0.0050694 1.000000 1.000000 1.000000
vn -0.1536627 -0.9655985 0.2097796
v -0.0033396 -0.0221585 0.0082992 1.000000 1.000000 1.000000
vn 0.1396659 -0.9648659 0.2225471
v 0.0030879 -0.0221283 0.0088447 1.000000 1.000000 1.000000
vn 0.0880137 -0.9642631 0.2499007
v 0.0019289 -0.0220771 0.0097998 1.000000 1.000000 1.000000
vn 0.0071458 -0.9662421 0.2575369
v 0.0002345 -0.0221082 0.0101121 1.000000 1.000000 1.000000
vn -0.0870068 -0.9632462 0.2541389
v -0.0017086 -0.0220713 0.0098535 1.000000 1.000000 1.000000
vn 0.2076638 -0.9652684 0.1585334
v 0.0045170 -0.0221622 0.0070033 1.000000 1.000000 1.000000
vn 0.1993398 -0.9603695 0.1948185
v 0.0043057 -0.0220575 0.0080728 1.000000 1.000000 1.000000
vn -0.2013084 -0.9647331 0.1696024
v -0.0045116 -0.0221565 0.0069060 1.000000 1.000000 1.000000
vn 0.2796213 -0.9582792 -0.0592703
v 0.0062824 -0.0221095 -0.0019763 1.000000 1.000000 1.000000
vn 0.2733205 -0.9575516 -0.0916023
v 0.0060562 -0.0220972 -0.0032130 1.000000 1.000000 1.000000
vn 0.2855053 -0.9581923 -0.0188217
v 0.0064772 -0.0221241 -0.0000835 1.000000 1.000000 1.000000
vn 0.2517862 -0.9601063 -0.1216536
v 0.0055117 -0.0220861 -0.0049824 1.000000 1.000000 1.000000
vn 0.2928428 -0.9557551 0.0278475
v 0.0065429 -0.0220970 0.0017365 1.000000 1.000000 1.000000
vn 0.2842738 -0.9554924 0.0788837
v 0.0063312 -0.0220948 0.0031361 1.000000 1.000000 1.000000
vn 0.2721069 -0.9564767 0.1054047
v 0.0060823 -0.0220560 0.0045207 1.000000 1.000000 1.000000
vn 0.2483691 -0.9574223 0.1471582
v 0.0053989 -0.0220542 0.0062046 1.000000 1.000000 1.000000
vn 0.0710520 -0.9528416 -0.2950331
v 0.0016940 -0.0216766 -0.0106096 1.000000 1.000000 1.000000
vn 0.2699876 -0.9466475 -0.1759697
v 0.0058238 -0.0218167 -0.0064519 1.000000 1.000000 1.000000
vn 0.2242602 -0.9460636 -0.2338183
v 0.0050154 -0.0217213 -0.0081718 1.000000 1.000000 1.000000
vn 0.1496030 -0.9492745 -0.2765808
v 0.0034730 -0.0216436 -0.0098792 1.000000 1.000000 1.000000
vn 0.1308853 -0.9373520 -0.3228627
v 0.0029687 -0.0212527 -0.0117236 1.000000 1.000000 1.000000
vn -0.0043665 -0.9511287 -0.3087641
v 0.0000251 -0.0215644 -0.0112573 1.000000 1.000000 1.000000
vn -0.1345081 -0.9541726 -0.2673244
v -0.0030953 -0.0217239 -0.0096561 1.000000 1.000000 1.000000
vn -0.2477967 -0.9594772 -0.1341653
v -0.0054765 -0.0220671 -0.0051413 1.000000 1.000000 1.000000
vn -0.2716772 -0.9576081 -0.0958031
v -0.0059670 -0.0221070 -0.0033826 1.000000 1.000000 1.000000
vn -0.2539519 -0.9512380 -0.1750849
v -0.0055315 -0.0218789 -0.0065031 1.000000 1.000000 1.000000
vn -0.2831312 -0.9587207 0.0262956
v -0.0064680 -0.0221230 0.0017516 1.000000 1.000000 1.000000
vn -0.2854942 -0.9581815 -0.0195282
v -0.0064921 -0.0221246 -0.0000237 1.000000 1.000000 1.000000
vn -0.0776277 -0.9444838 -0.3192560
v -0.0018874 -0.0213020 -0.0119086 1.000000 1.000000 1.000000
vn -0.0053186 -0.9400145 -0.3410929
v -0.0000285 -0.0211823 -0.0126899 1.000000 1.000000 1.000000
vn -0.1273894 -0.9414468 -0.3121695
v -0.0029421 -0.0212492 -0.0116862 1.000000 1.000000 1.000000
vn -0.2862915 -0.9560716 -0.0629629
v -0.0063688 -0.0220879 -0.0018717 1.000000 1.000000 1.000000
vn 0.0707581 -0.9393604 -0.3355523
v 0.0017479 -0.0212178 -0.0122936 1.000000 1.000000 1.000000
vn -0.1941137 -0.9398073 -0.2812156
v -0.0046658 -0.0213351 -0.0102391 1.000000 1.000000 1.000000
vn -0.2760996 -0.9578178 0.0797133
v -0.0063144 -0.0221049 0.0031726 1.000000 1.000000 1.000000
vn 0.2092976 -0.9317424 -0.2967334
v 0.0047944 -0.0211870 -0.0107408 1.000000 1.000000 1.000000
vn -0.2455578 -0.9597490 0.1363204
v -0.0054943 -0.0221056 0.0056140 1.000000 1.000000 1.000000
vn -0.2107121 -0.9533421 0.2161928
v -0.0046846 -0.0218715 0.0084688 1.000000 1.000000 1.000000
vn -0.0821667 -0.9213777 -0.3798841
v -0.0019245 -0.0207113 -0.0138599 1.000000 1.000000 1.000000
vn -0.1270635 -0.9188875 -0.3734980
v -0.0028067 -0.0207079 -0.0135696 1.000000 1.000000 1.000000
vn -0.2683925 -0.9321865 -0.2428862
v -0.0061363 -0.0213154 -0.0086974 1.000000 1.000000 1.000000
vn -0.2484996 -0.9282780 -0.2766731
v -0.0055758 -0.0211721 -0.0099871 1.000000 1.000000 1.000000
vn 0.0781703 -0.9246411 -0.3727307
v 0.0017981 -0.0207303 -0.0138675 1.000000 1.000000 1.000000
vn -0.1989567 -0.9183635 -0.3420888
v -0.0045763 -0.0206617 -0.0127849 1.000000 1.000000 1.000000
vn -0.2690811 -0.9142291 -0.3029531
v -0.0060588 -0.0207521 -0.0110908 1.000000 1.000000 1.000000
vn -0.0049776 -0.9219817 -0.3872015
v -0.0000354 -0.0206530 -0.0143417 1.000000 1.000000 1.000000
vn -0.3199645 -0.9378791 -0.1341844
v -0.0071041 -0.0215646 -0.0051920 1.000000 1.000000 1.000000
vn 0.1898358 -0.9212714 -0.3394427
v 0.0044853 -0.0207214 -0.0126471 1.000000 1.000000 1.000000
vn 0.2638139 -0.9261978 -0.2693695
v 0.0057931 -0.0211889 -0.0097033 1.000000 1.000000 1.000000
vn 0.1343595 -0.9052337 -0.4031121
v 0.0030747 -0.0203106 -0.0146663 1.000000 1.000000 1.000000
vn 0.1660639 -0.9025238 -0.3973331
v 0.0038164 -0.0202597 -0.0144550 1.000000 1.000000 1.000000
vn 0.0745005 -0.9030983 -0.4229221
v 0.0017619 -0.0202629 -0.0152147 1.000000 1.000000 1.000000
vn -0.0074494 -0.9012552 -0.4332245
v -0.0000698 -0.0202631 -0.0154290 1.000000 1.000000 1.000000
vn -0.0752850 -0.8994286 -0.4305350
v -0.0015910 -0.0202145 -0.0153263 1.000000 1.000000 1.000000
vn 0.3180326 -0.9213735 -0.2234416
v 0.0070122 -0.0211810 -0.0080155 1.000000 1.000000 1.000000
vn 0.3255742 -0.9368910 -0.1274236
v 0.0071133 -0.0215737 -0.0050963 1.000000 1.000000 1.000000
vn -0.3277484 -0.9214387 -0.2086428
v -0.0071600 -0.0211735 -0.0077548 1.000000 1.000000 1.000000
vn -0.3363031 -0.9255891 -0.1737388
v -0.0074189 -0.0212406 -0.0067732 1.000000 1.000000 1.000000
vn -0.2069757 -0.8978524 -0.3886158
v -0.0046980 -0.0203179 -0.0137606 1.000000 1.000000 1.000000
vn -0.3434262 -0.9360170 -0.0770108
v -0.0077128 -0.0215961 -0.0023752 1.000000 1.000000 1.000000
vn -0.3406882 -0.9399103 -0.0223656
v -0.0073841 -0.0218193 -0.0001059 1.000000 1.000000 1.000000
vn 0.2182893 -0.8978431 -0.3823972
v 0.0049307 -0.0202536 -0.0138276 1.000000 1.000000 1.000000
vn -0.1306166 -0.8886117 -0.4396688
v -0.0027483 -0.0200036 -0.0155357 1.000000 1.000000 1.000000
vn 0.3455049 -0.9222088 -0.1736589
v 0.0073952 -0.0212653 -0.0067018 1.000000 1.000000 1.000000
vn 0.3384587 -0.9380792 -0.0738452
v 0.0075864 -0.0216481 -0.0023215 1.000000 1.000000 1.000000
vn 0.2692254 -0.8969672 -0.3506672
v 0.0060053 -0.0202441 -0.0129591 1.000000 1.000000 1.000000
vn 0.2885203 -0.9040394 -0.3153870
v 0.0065829 -0.0203865 -0.0118751 1.000000 1.000000 1.000000
vn 0.3439012 -0.9388404 -0.0176253
v 0.0075697 -0.0217407 -0.0000738 1.000000 1.000000 1.000000
vn -0.1657404 -0.9497013 0.2657021
v -0.0036018 -0.0216941 0.0103784 1.000000 1.000000 1.000000
vn 0.0764942 -0.9526322 0.2943477
v 0.0017368 -0.0217847 0.0111116 1.000000 1.000000 1.000000
vn -0.0089646 -0.9536183 0.3008851
v 0.0000127 -0.0218791 0.0110425 1.000000 1.000000 1.000000
vn 0.1947232 -0.9480407 0.2515982
v 0.0044129 -0.0216270 0.0101728 1.000000 1.000000 1.000000
vn -0.3342442 -0.9412997 0.0472848
v -0.0073221 -0.0218173 0.0023575 1.000000 1.000000 1.000000
vn -0.2599610 -0.9452431 0.1973214
v -0.0057449 -0.0216773 0.0080555 1.000000 1.000000 1.000000
vn -0.3146816 -0.9424791 0.1127333
v -0.0072912 -0.0216325 0.0050134 1.000000 1.000000 1.000000
vn -0.2956235 -0.9429358 0.1532285
v -0.0069917 -0.0215985 0.0061682 1.000000 1.000000 1.000000
vn -0.3280523 -0.8939213 -0.3054285
v -0.0073430 -0.0203008 -0.0111897 1.000000 1.000000 1.000000
vn -0.3340338 -0.9065950 -0.2578896
v -0.0073989 -0.0207292 -0.0094152 1.000000 1.000000 1.000000
vn -0.2873311 -0.8934000 -0.3453654
v -0.0064534 -0.0202324 -0.0124974 1.000000 1.000000 1.000000
vn -0.3735676 -0.9182665 -0.1312779
v -0.0081687 -0.0211956 -0.0049355 1.000000 1.000000 1.000000
vn -0.3961394 -0.9146804 -0.0802075
v -0.0089162 -0.0211222 -0.0024602 1.000000 1.000000 1.000000
vn -0.3979258 -0.9170774 -0.0249819
v -0.0090459 -0.0211783 -0.0000790 1.000000 1.000000 1.000000
vn -0.3970707 -0.9175619 0.0203688
v -0.0091048 -0.0211513 0.0018901 1.000000 1.000000 1.000000
vn -0.0945653 -0.9508147 0.2949726
v -0.0019389 -0.0216870 0.0113420 1.000000 1.000000 1.000000
vn -0.0781450 -0.9375035 0.3390879
v -0.0017569 -0.0211887 0.0133043 1.000000 1.000000 1.000000
vn 0.1316220 -0.9493489 0.2853286
v 0.0029648 -0.0216088 0.0112545 1.000000 1.000000 1.000000
vn 0.0705942 -0.9377166 0.3401530
v 0.0017677 -0.0212240 0.0132460 1.000000 1.000000 1.000000
vn 0.1329773 -0.9347594 0.3294570
v 0.0030227 -0.0211662 0.0129630 1.000000 1.000000 1.000000
vn 0.2581060 -0.9457134 0.1975030
v 0.0056441 -0.0216911 0.0082283 1.000000 1.000000 1.000000
vn 0.2889532 -0.9446112 0.1556142
v 0.0064005 -0.0217230 0.0065471 1.000000 1.000000 1.000000
vn -0.1312789 -0.9365894 0.3249096
v -0.0027371 -0.0211814 0.0129081 1.000000 1.000000 1.000000
vn -0.1696617 -0.9377538 0.3030392
v -0.0038122 -0.0211912 0.0122515 1.000000 1.000000 1.000000
vn -0.2634131 -0.9310585 0.2524751
v -0.0059902 -0.0211946 0.0102503 1.000000 1.000000 1.000000
vn -0.2348130 -0.9295344 0.2843037
v -0.0054992 -0.0211265 0.0110877 1.000000 1.000000 1.000000
vn -0.0043188 -0.9385304 0.3451696
v 0.0000201 -0.0212430 0.0133858 1.000000 1.000000 1.000000
vn -0.3250755 -0.9237574 0.2024804
v -0.0075589 -0.0211618 0.0078444 1.000000 1.000000 1.000000
vn -0.3861775 -0.9202728 0.0629687
v -0.0089552 -0.0211724 0.0031076 1.000000 1.000000 1.000000
vn -0.3755289 -0.9211385 0.1023808
v -0.0088068 -0.0211349 0.0045143 1.000000 1.000000 1.000000
vn -0.3527287 -0.9212250 0.1640945
v -0.0080986 -0.0211583 0.0066467 1.000000 1.000000 1.000000
vn 0.1973854 -0.9333974 0.2996805
v 0.0045446 -0.0212202 0.0117747 1.000000 1.000000 1.000000
vn 0.2811554 -0.9289173 0.2409652
v 0.0062401 -0.0211973 0.0100105 1.000000 1.000000 1.000000
vn 0.2563354 -0.9277639 0.2711941
v 0.0057043 -0.0211608 0.0108638 1.000000 1.000000 1.000000
vn 0.3197369 -0.9406828 0.1135085
v 0.0073986 -0.0215763 0.0050520 1.000000 1.000000 1.000000
vn 0.3472437 -0.9255502 0.1509265
v 0.0080221 -0.0212292 0.0062186 1.000000 1.000000 1.000000
vn 0.3349433 -0.9395481 0.0711501
v 0.0077382 -0.0216072 0.0030824 1.000000 1.000000 1.000000
vn 0.3174570 -0.9284506 0.1928743
v 0.0071555 -0.0212581 0.0081068 1.000000 1.000000 1.000000
vn 0.3926904 -0.9187569 0.0409885
v 0.0090823 -0.0211504 0.0023851 1.000000 1.000000 1.000000
vn 0.3957098 -0.9182253 -0.0166178
v 0.0090199 -0.0211884 0.0000616 1.000000 1.000000 1.000000
vn 0.3941844 -0.9166901 -0.0655598
v 0.0088608 -0.0211841 -0.0019134 1.000000 1.000000 1.000000
vn 0.3791563 -0.9198643 0.1004506
v 0.0088346 -0.0211167 0.0044201 1.000000 1.000000 1.000000
vn 0.3723170 -0.9186715 -0.1319951
v 0.0081069 -0.0212037 -0.0050388 1.000000 1.000000 1.000000
vn 0.3824991 -0.9185136 -0.1001365
v 0.0086047 -0.0212028 -0.0030705 1.000000 1.000000 1.000000
vn -0.1881257 -0.9255530 0.3285733
v -0.0042575 -0.0208353 0.0132371 1.000000 1.000000 1.000000
vn -0.0020531 -0.9100559 0.4144807
v 0.0000003 -0.0203698 0.0160871 1.000000 1.000000 1.000000
vn -0.0752771 -0.9092961 0.4092848
v -0.0017951 -0.0203367 0.0159678 1.000000 1.000000 1.000000
vn 0.0721536 -0.9071285 0.4146226
v 0.0018290 -0.0203177 0.0160335 1.000000 1.000000 1.000000
vn 0.1299755 -0.9041321 0.4070031
v 0.0028950 -0.0202559 0.0158595 1.000000 1.000000 1.000000
vn -0.1415944 -0.9063519 0.3980919
v -0.0031742 -0.0202581 0.0157064 1.000000 1.000000 1.000000
vn -0.1910396 -0.9074847 0.3741328
v -0.0043517 -0.0203040 0.0149326 1.000000 1.000000 1.000000
vn 0.2100264 -0.9195558 0.3321235
v 0.0048415 -0.0207364 0.0132552 1.000000 1.000000 1.000000
vn 0.1897356 -0.9066260 0.3768683
v 0.0043620 -0.0203509 0.0148466 1.000000 1.000000 1.000000
vn -0.3239841 -0.9131250 0.2474612
v -0.0074343 -0.0207506 0.0100874 1.000000 1.000000 1.000000
vn -0.2531288 -0.8989993 0.3573878
v -0.0055773 -0.0201909 0.0143760 1.000000 1.000000 1.000000
vn 0.2764666 -0.9044687 0.3248118
v 0.0064816 -0.0203745 0.0130128 1.000000 1.000000 1.000000
vn 0.3477529 -0.8980209 -0.2694930
v 0.0077888 -0.0204353 -0.0100701 1.000000 1.000000 1.000000
vn 0.3258414 -0.8925294 -0.3117992
v 0.0072416 -0.0202091 -0.0117026 1.000000 1.000000 1.000000
vn 0.3219193 -0.9151798 0.2425160
v 0.0075880 -0.0206530 0.0104001 1.000000 1.000000 1.000000
vn 0.3254701 -0.9004373 0.2885861
v 0.0073679 -0.0203565 0.0119817 1.000000 1.000000 1.000000
vn 0.3816166 -0.9012917 0.2050419
v 0.0088619 -0.0205234 0.0085679 1.000000 1.000000 1.000000
vn 0.3560027 -0.9005839 0.2494208
v 0.0080965 -0.0204416 0.0105319 1.000000 1.000000 1.000000
vn 0.2487364 -0.8963788 0.3669270
v 0.0056222 -0.0202295 0.0142660 1.000000 1.000000 1.000000
vn -0.3058614 -0.8933700 0.3291487
v -0.0069555 -0.0201743 0.0130114 1.000000 1.000000 1.000000
vn -0.3202367 -0.8988602 0.2991636
v -0.0073341 -0.0203324 0.0119820 1.000000 1.000000 1.000000
vn 0.4197513 -0.8933095 0.1606454
v 0.0099002 -0.0203748 0.0067132 1.000000 1.000000 1.000000
vn 0.4001611 -0.8911602 -0.2137864
v 0.0090106 -0.0203586 -0.0080940 1.000000 1.000000 1.000000
vn 0.4196876 -0.8916565 -0.1697379
v 0.0095751 -0.0204083 -0.0062407 1.000000 1.000000 1.000000
vn 0.4346435 -0.8901002 -0.1371372
v 0.0099504 -0.0203828 -0.0051705 1.000000 1.000000 1.000000
vn 0.0834758 -0.8812104 -0.4652956
v 0.0019830 -0.0195495 -0.0169310 1.000000 1.000000 1.000000
vn -0.0131340 -0.8740262 -0.4857013
v -0.0000626 -0.0194190 -0.0174338 1.000000 1.000000 1.000000
vn 0.4470201 -0.8891311 -0.0980770
v 0.0102990 -0.0204103 -0.0032303 1.000000 1.000000 1.000000
vn 0.4583068 -0.8866793 -0.0612761
v 0.0106036 -0.0203578 -0.0018820 1.000000 1.000000 1.000000
vn 0.4640448 -0.8856490 -0.0169786
v 0.0106904 -0.0203851 0.0001281 1.000000 1.000000 1.000000
vn 0.4693229 -0.8827371 0.0226120
v 0.0108035 -0.0203188 0.0020446 1.000000 1.000000 1.000000
vn 0.4482080 -0.8874773 0.1072087
v 0.0104490 -0.0203243 0.0049358 1.000000 1.000000 1.000000
vn 0.4625387 -0.8843422 0.0632216
v 0.0107124 -0.0203255 0.0030827 1.000000 1.000000 1.000000
vn 0.2188676 -0.8680154 -0.4456976
v 0.0048465 -0.0194487 -0.0159852 1.000000 1.000000 1.000000
vn 0.1616579 -0.8656589 -0.4738158
v 0.0036571 -0.0192776 -0.0169836 1.000000 1.000000 1.000000
vn -0.0978923 -0.8733871 -0.4770871
v -0.0020172 -0.0195371 -0.0168296 1.000000 1.000000 1.000000
vn -0.1988613 -0.8697460 -0.4516592
v -0.0046028 -0.0194629 -0.0160284 1.000000 1.000000 1.000000
vn 0.2871143 -0.8619126 -0.4179379
v 0.0064866 -0.0193812 -0.0149603 1.000000 1.000000 1.000000
vn 0.3344302 -0.8624435 -0.3799312
v 0.0076271 -0.0193968 -0.0138157 1.000000 1.000000 1.000000
vn 0.3870014 -0.8614516 -0.3288332
v 0.0087867 -0.0193823 -0.0124289 1.000000 1.000000 1.000000
vn 0.4337396 -0.8592333 -0.2712717
v 0.0097850 -0.0194899 -0.0103639 1.000000 1.000000 1.000000
vn 0.3288556 -0.8782583 0.3471545
v 0.0074343 -0.0198907 0.0135453 1.000000 1.000000 1.000000
vn 0.0921544 -0.8628456 -0.4969961
v 0.0020956 -0.0192488 -0.0175772 1.000000 1.000000 1.000000
vn 0.2107199 -0.8672045 0.4511690
v 0.0046925 -0.0195083 0.0169290 1.000000 1.000000 1.000000
vn 0.2056669 -0.8897367 0.4075166
v 0.0047671 -0.0197970 0.0161307 1.000000 1.000000 1.000000
vn 0.2841451 -0.8644615 0.4146903
v 0.0064181 -0.0194500 0.0158211 1.000000 1.000000 1.000000
vn 0.4227113 -0.8651199 0.2699683
v 0.0096231 -0.0196640 0.0110325 1.000000 1.000000 1.000000
vn 0.4577628 -0.8652221 0.2045580
v 0.0106115 -0.0197201 0.0084771 1.000000 1.000000 1.000000
vn 0.4634877 -0.8559731 0.2291052
v 0.0106411 -0.0195334 0.0093241 1.000000 1.000000 1.000000
vn 0.3921502 -0.8607191 0.3246241
v 0.0088726 -0.0194736 0.0129670 1.000000 1.000000 1.000000
vn 0.4750001 -0.8537066 -0.2134480
v 0.0107018 -0.0194946 -0.0082130 1.000000 1.000000 1.000000
vn 0.1535327 -0.8596137 0.4873317
v 0.0035116 -0.0193448 0.0178617 1.000000 1.000000 1.000000
vn 0.0443562 -0.8669922 0.4963436
v 0.0010792 -0.0193713 0.0183821 1.000000 1.000000 1.000000
vn -0.0033903 -0.8678015 0.4968995
v -0.0000026 -0.0194114 0.0183923 1.000000 1.000000 1.000000
vn 0.0893774 -0.8660028 0.4919868
v 0.0020259 -0.0193684 0.0182529 1.000000 1.000000 1.000000
vn 0.3225984 -0.8569276 0.4020017
v 0.0069206 -0.0193824 0.0155217 1.000000 1.000000 1.000000
vn -0.0810777 -0.8681221 0.4896840
v -0.0019595 -0.0194137 0.0181796 1.000000 1.000000 1.000000
vn -0.1466556 -0.8665323 0.4770891
v -0.0033311 -0.0193718 0.0178499 1.000000 1.000000 1.000000
vn 0.4811454 -0.8610409 0.1646440
v 0.0112033 -0.0196596 0.0069300 1.000000 1.000000 1.000000
vn 0.5151836 -0.8490961 0.1167124
v 0.0118572 -0.0195197 0.0052626 1.000000 1.000000 1.000000
vn 0.5211712 -0.8507821 0.0674567
v 0.0119478 -0.0195994 0.0035345 1.000000 1.000000 1.000000
vn 0.4859675 -0.8600196 -0.1555696
v 0.0111499 -0.0196850 -0.0056286 1.000000 1.000000 1.000000
vn 0.5184021 -0.8515908 -0.0777978
v 0.0119560 -0.0195730 -0.0024429 1.000000 1.000000 1.000000
vn 0.5243924 -0.8512645 -0.0190072
v 0.0120060 -0.0196336 -0.0000141 1.000000 1.000000 1.000000
vn 0.5289111 -0.8482687 0.0263313
v 0.0120721 -0.0195851 0.0021835 1.000000 1.000000 1.000000
vn 0.0439554 -0.8574570 -0.5126748
v 0.0011023 -0.0189174 -0.0184007 1.000000 1.000000 1.000000
vn 0.5234517 -0.8395138 -0.1456535
v 0.0119065 -0.0192836 -0.0052943 1.000000 1.000000 1.000000
vn -0.2136588 -0.8688447 0.4466080
v -0.0046715 -0.0194345 0.0170780 1.000000 1.000000 1.000000
vn -0.3827921 -0.8908265 0.2447414
v -0.0088195 -0.0202662 0.0098882 1.000000 1.000000 1.000000
vn 0.3688500 -0.8464886 0.3839359
v 0.0083426 -0.0190931 0.0147481 1.000000 1.000000 1.000000
vn -0.3572675 -0.8900695 0.2830836
v -0.0079814 -0.0202495 0.0113477 1.000000 1.000000 1.000000
vn 0.2210420 -0.8327836 -0.5075549
v 0.0047841 -0.0186318 -0.0178317 1.000000 1.000000 1.000000
vn -0.4285941 -0.8881107 0.1660314
v -0.0099295 -0.0203564 0.0067853 1.000000 1.000000 1.000000
vn -0.4123449 -0.8890916 0.1987156
v -0.0096791 -0.0203351 0.0076196 1.000000 1.000000 1.000000
vn -0.4030098 -0.8902133 -0.2123754
v -0.0090432 -0.0203516 -0.0080092 1.000000 1.000000 1.000000
vn -0.3706796 -0.8880649 -0.2719144
v -0.0081629 -0.0202421 -0.0102078 1.000000 1.000000 1.000000
vn -0.4265636 -0.8913487 -0.1534311
v -0.0098151 -0.0203950 -0.0055563 1.000000 1.000000 1.000000
vn -0.4491152 -0.8846515 -0.1252493
v -0.0101701 -0.0202922 -0.0049602 1.000000 1.000000 1.000000
vn -0.2906933 -0.8637845 0.4115504
v -0.0063188 -0.0193971 0.0159815 1.000000 1.000000 1.000000
vn -0.3391678 -0.8622386 0.3761780
v -0.0074807 -0.0194043 0.0147623 1.000000 1.000000 1.000000
vn -0.2722672 -0.8686079 -0.4139940
v -0.0059768 -0.0195774 -0.0148097 1.000000 1.000000 1.000000
vn -0.1055653 -0.8598761 -0.4994688
v -0.0022014 -0.0188684 -0.0182575 1.000000 1.000000 1.000000
vn -0.4560239 -0.8827300 0.1132696
v -0.0105297 -0.0202864 0.0050393 1.000000 1.000000 1.000000
vn -0.4684672 -0.8809419 0.0669322
v -0.0107751 -0.0202936 0.0032736 1.000000 1.000000 1.000000
vn -0.4736551 -0.8802783 0.0275860
v -0.0108640 -0.0203008 0.0021738 1.000000 1.000000 1.000000
vn -0.4620599 -0.8836923 -0.0747568
v -0.0106048 -0.0203275 -0.0022485 1.000000 1.000000 1.000000
vn -0.4696855 -0.8824071 -0.0274485
v -0.0108138 -0.0203226 -0.0000474 1.000000 1.000000 1.000000
vn -0.0125243 -0.8340241 -0.5515859
v -0.0001229 -0.0185298 -0.0192800 1.000000 1.000000 1.000000
vn -0.0731509 -0.8326770 -0.5489062
v -0.0015596 -0.0184090 -0.0193311 1.000000 1.000000 1.000000
vn -0.1556975 -0.8547387 -0.4951567
v -0.0036054 -0.0188298 -0.0178490 1.000000 1.000000 1.000000
vn -0.3316561 -0.8722973 -0.3593071
v -0.0075707 -0.0195727 -0.0132886 1.000000 1.000000 1.000000
vn -0.3432286 -0.8559874 -0.3866259
v -0.0077012 -0.0193554 -0.0137750 1.000000 1.000000 1.000000
vn 0.0750170 -0.8253186 -0.5596622
v 0.0017696 -0.0183601 -0.0194350 1.000000 1.000000 1.000000
vn 0.1474316 -0.8214599 -0.5508788
v 0.0030729 -0.0182969 -0.0192261 1.000000 1.000000 1.000000
vn 0.2873098 -0.8313969 -0.4756388
v 0.0064411 -0.0185802 -0.0168542 1.000000 1.000000 1.000000
vn -0.3936159 -0.8597333 -0.3254614
v -0.0088895 -0.0194734 -0.0118872 1.000000 1.000000 1.000000
vn -0.2116371 -0.8388190 -0.5015898
v -0.0048584 -0.0186119 -0.0177802 1.000000 1.000000 1.000000
vn 0.3891683 -0.8265833 -0.4065810
v 0.0089077 -0.0185772 -0.0145410 1.000000 1.000000 1.000000
vn 0.4252678 -0.8286692 -0.3639433
v 0.0094646 -0.0186780 -0.0135453 1.000000 1.000000 1.000000
vn 0.3335364 -0.8248528 -0.4564772
v 0.0074743 -0.0185149 -0.0161555 1.000000 1.000000 1.000000
vn -0.1371242 -0.8227944 -0.5515491
v -0.0027758 -0.0182377 -0.0193717 1.000000 1.000000 1.000000
vn -0.2022783 -0.8195966 -0.5360455
v -0.0045965 -0.0182014 -0.0187110 1.000000 1.000000 1.000000
vn -0.4346581 -0.8569874 -0.2768482
v -0.0097697 -0.0194345 -0.0105216 1.000000 1.000000 1.000000
vn -0.2717703 -0.8317401 -0.4840964
v -0.0060848 -0.0185189 -0.0172298 1.000000 1.000000 1.000000
vn 0.4601377 -0.8322088 -0.3093571
v 0.0102382 -0.0188538 -0.0117206 1.000000 1.000000 1.000000
vn -0.4767419 -0.8593549 -0.1850038
v -0.0107482 -0.0196556 -0.0071565 1.000000 1.000000 1.000000
vn -0.4690245 -0.8546064 -0.2228540
v -0.0106171 -0.0195195 -0.0082654 1.000000 1.000000 1.000000
vn -0.3196331 -0.8318145 -0.4537834
v -0.0070195 -0.0185374 -0.0164511 1.000000 1.000000 1.000000
vn -0.3877226 -0.8594764 0.3331240
v -0.0088258 -0.0193836 0.0131673 1.000000 1.000000 1.000000
vn -0.4282632 -0.8585003 0.2820780
v -0.0098206 -0.0195014 0.0111158 1.000000 1.000000 1.000000
vn -0.4579413 -0.8557912 0.2406476
v -0.0105845 -0.0195226 0.0093890 1.000000 1.000000 1.000000
vn -0.4988402 -0.8547524 -0.1433766
v -0.0112606 -0.0196781 -0.0051620 1.000000 1.000000 1.000000
vn -0.5105886 -0.8523179 -0.1133738
v -0.0116230 -0.0196004 -0.0040046 1.000000 1.000000 1.000000
vn 0.2817786 -0.8109527 -0.5127929
v 0.0065375 -0.0179717 -0.0180344 1.000000 1.000000 1.000000
vn -0.4757081 -0.8547546 0.2075970
v -0.0109672 -0.0195560 0.0082579 1.000000 1.000000 1.000000
vn -0.5001281 -0.8494980 0.1680027
v -0.0114595 -0.0195156 0.0069288 1.000000 1.000000 1.000000
vn -0.5205593 -0.8505962 -0.0741907
v -0.0119387 -0.0195596 -0.0023730 1.000000 1.000000 1.000000
vn -0.5263598 -0.8499389 -0.0234371
v -0.0120054 -0.0196315 -0.0000404 1.000000 1.000000 1.000000
vn -0.3845599 -0.8215480 -0.4209186
v -0.0087822 -0.0183874 -0.0150768 1.000000 1.000000 1.000000
vn -0.4350077 -0.8175654 -0.3773000
v -0.0099235 -0.0183627 -0.0136796 1.000000 1.000000 1.000000
vn -0.5252610 -0.8471193 0.0805595
v -0.0117800 -0.0196482 0.0040822 1.000000 1.000000 1.000000
vn -0.5258619 -0.8423855 0.1177121
v -0.0118752 -0.0194782 0.0053693 1.000000 1.000000 1.000000
vn -0.2159022 -0.8306469 0.5132367
v -0.0047681 -0.0184861 0.0190823 1.000000 1.000000 1.000000
vn 0.0798432 -0.8274512 0.5558323
v 0.0019701 -0.0183928 0.0202125 1.000000 1.000000 1.000000
vn 0.2929668 -0.8241510 0.4847120
v 0.0065886 -0.0184620 0.0179837 1.000000 1.000000 1.000000
vn -0.2945880 -0.8301427 0.4733720
v -0.0066169 -0.0184177 0.0180414 1.000000 1.000000 1.000000
vn -0.0027738 -0.8322919 0.5543306
v -0.0000072 -0.0185394 0.0200969 1.000000 1.000000 1.000000
vn -0.0822172 -0.8299137 0.5518003
v -0.0020361 -0.0184443 0.0200992 1.000000 1.000000 1.000000
vn -0.1466560 -0.8345282 0.5310883
v -0.0034728 -0.0184599 0.0196483 1.000000 1.000000 1.000000
vn 0.1491879 -0.8270862 0.5419147
v 0.0034532 -0.0183649 0.0198595 1.000000 1.000000 1.000000
vn 0.1648792 -0.8448089 0.5090313
v 0.0037969 -0.0187953 0.0188454 1.000000 1.000000 1.000000
vn 0.2208121 -0.8265785 0.5176969
v 0.0048511 -0.0184453 0.0191032 1.000000 1.000000 1.000000
vn -0.5398270 -0.8407785 0.0409677
v -0.0121195 -0.0195365 0.0025267 1.000000 1.000000 1.000000
vn -0.3944505 -0.8315554 0.3910557
v -0.0091051 -0.0184239 0.0155102 1.000000 1.000000 1.000000
vn -0.3802681 -0.8182119 0.4311909
v -0.0086410 -0.0181748 0.0166957 1.000000 1.000000 1.000000
vn -0.3609279 -0.8013996 0.4769589
v -0.0079691 -0.0179119 0.0179377 1.000000 1.000000 1.000000
vn 0.3571796 -0.8232698 0.4411911
v 0.0080498 -0.0184057 0.0168172 1.000000 1.000000 1.000000
vn 0.5187054 -0.8358473 0.1797337
v 0.0118968 -0.0191820 0.0073398 1.000000 1.000000 1.000000
vn 0.4037571 -0.8257176 0.3939172
v 0.0096132 -0.0182815 0.0153549 1.000000 1.000000 1.000000
vn 0.4462480 -0.8251718 0.3463444
v 0.0101407 -0.0185509 0.0138627 1.000000 1.000000 1.000000
vn -0.4687748 -0.8239223 0.3184371
v -0.0109290 -0.0184056 0.0128402 1.000000 1.000000 1.000000
vn -0.4426800 -0.8217427 0.3588502
v -0.0102275 -0.0183269 0.0142707 1.000000 1.000000 1.000000
vn -0.1682967 -0.8038793 0.5704862
v -0.0038902 -0.0178239 0.0206936 1.000000 1.000000 1.000000
vn -0.4804910 -0.8122445 -0.3307375
v -0.0108519 -0.0183247 -0.0122973 1.000000 1.000000 1.000000
vn -0.5131637 -0.8126906 -0.2760381
v -0.0115538 -0.0184240 -0.0105560 1.000000 1.000000 1.000000
vn -0.5111697 -0.8131921 0.2782521
v -0.0117758 -0.0183793 0.0112386 1.000000 1.000000 1.000000
vn 0.4852460 -0.8158103 0.3146268
v 0.0110851 -0.0183824 0.0127166 1.000000 1.000000 1.000000
vn 0.4865201 -0.8286827 0.2767367
v 0.0117843 -0.0184085 0.0111918 1.000000 1.000000 1.000000
vn -0.0017665 -0.8066855 0.5909784
v 0.0000119 -0.0178533 0.0212963 1.000000 1.000000 1.000000
vn 0.0859014 -0.8023661 0.5906180
v 0.0020645 -0.0176897 0.0214074 1.000000 1.000000 1.000000
vn -0.0810256 -0.8028560 0.5906412
v -0.0020248 -0.0177160 0.0213602 1.000000 1.000000 1.000000
vn 0.1832685 -0.8005787 0.5705142
v 0.0040905 -0.0178139 0.0206120 1.000000 1.000000 1.000000
vn -0.5309331 -0.8116456 0.2436010
v -0.0123482 -0.0184680 0.0094393 1.000000 1.000000 1.000000
vn -0.5529341 -0.8076768 0.2047490
v -0.0126770 -0.0184708 0.0084697 1.000000 1.000000 1.000000
vn -0.5466833 -0.8110818 -0.2080476
v -0.0124611 -0.0184749 -0.0079085 1.000000 1.000000 1.000000
vn -0.5559227 -0.8274688 -0.0790278
v -0.0130322 -0.0188389 -0.0024886 1.000000 1.000000 1.000000
vn -0.5619114 -0.8270631 -0.0149050
v -0.0128973 -0.0190444 -0.0000365 1.000000 1.000000 1.000000
vn -0.3176338 -0.7944660 0.5176221
v -0.0070463 -0.0177933 0.0189769 1.000000 1.000000 1.000000
vn -0.2520421 -0.7970741 0.5487692
v -0.0054743 -0.0177038 0.0201589 1.000000 1.000000 1.000000
vn -0.5849277 -0.8018666 -0.1219404
v -0.0133809 -0.0184092 -0.0043197 1.000000 1.000000 1.000000
vn -0.5726969 -0.8052207 -0.1537462
v -0.0131134 -0.0184396 -0.0055430 1.000000 1.000000 1.000000
vn -0.5762272 -0.8016319 0.1592118
v -0.0130725 -0.0184356 0.0071300 1.000000 1.000000 1.000000
vn -0.5946029 -0.7971726 0.1047057
v -0.0134926 -0.0184342 0.0049640 1.000000 1.000000 1.000000
vn -0.5993509 -0.7995931 0.0378067
v -0.0137507 -0.0184266 0.0024142 1.000000 1.000000 1.000000
vn -0.4426387 -0.7908562 0.4226316
v -0.0099362 -0.0178284 0.0159264 1.000000 1.000000 1.000000
vn -0.6008360 -0.7991715 -0.0179191
v -0.0137626 -0.0184403 -0.0001426 1.000000 1.000000 1.000000
vn -0.6066394 -0.7914957 -0.0743178
v -0.0138195 -0.0183070 -0.0023242 1.000000 1.000000 1.000000
vn -0.3616693 -0.7997298 -0.4791948
v -0.0079588 -0.0178547 -0.0170622 1.000000 1.000000 1.000000
vn -0.2491069 -0.8001687 -0.5455968
v -0.0054158 -0.0177549 -0.0190982 1.000000 1.000000 1.000000
vn -0.3090916 -0.7954653 -0.5212460
v -0.0067800 -0.0177930 -0.0181709 1.000000 1.000000 1.000000
vn -0.1955328 -0.7775952 -0.5975891
v -0.0042260 -0.0170700 -0.0208824 1.000000 1.000000 1.000000
vn -0.2438055 -0.7715706 -0.5875694
v -0.0051412 -0.0170976 -0.0203859 1.000000 1.000000 1.000000
vn -0.0794610 -0.7957681 -0.6003658
v -0.0017261 -0.0174964 -0.0208723 1.000000 1.000000 1.000000
vn 0.0003998 -0.7975740 -0.6032209
v 0.0000320 -0.0177570 -0.0205854 1.000000 1.000000 1.000000
vn -0.1411633 -0.7741139 -0.6171066
v -0.0031550 -0.0168650 -0.0215406 1.000000 1.000000 1.000000
vn 0.1827782 -0.7977004 -0.5746879
v 0.0037332 -0.0178970 -0.0196728 1.000000 1.000000 1.000000
vn 0.2290488 -0.8003310 -0.5540821
v 0.0047724 -0.0179180 -0.0191697 1.000000 1.000000 1.000000
vn 0.0857944 -0.7929653 -0.6031960
v 0.0019119 -0.0177314 -0.0204651 1.000000 1.000000 1.000000
vn -0.4246691 -0.7905860 -0.4411689
v -0.0093993 -0.0178305 -0.0156180 1.000000 1.000000 1.000000
vn 0.5110658 -0.8201838 -0.2571193
v 0.0117844 -0.0183978 -0.0101198 1.000000 1.000000 1.000000
vn -0.5252424 -0.7803929 0.3392748
v -0.0117790 -0.0177362 0.0132888 1.000000 1.000000 1.000000
vn 0.3873449 -0.8123571 -0.4359355
v 0.0091261 -0.0180106 -0.0156223 1.000000 1.000000 1.000000
vn 0.5412015 -0.8133911 -0.2132977
v 0.0122876 -0.0185311 -0.0081470 1.000000 1.000000 1.000000
vn -0.2840243 -0.7676700 -0.5744675
v -0.0061242 -0.0170183 -0.0199748 1.000000 1.000000 1.000000
vn 0.5135615 -0.8276707 0.2263091
v 0.0120204 -0.0186322 0.0096580 1.000000 1.000000 1.000000
vn 0.3452454 -0.8081406 -0.4771945
v 0.0080588 -0.0178388 -0.0170397 1.000000 1.000000 1.000000
vn -0.0832703 -0.7667857 -0.6364791
v -0.0018770 -0.0168022 -0.0219444 1.000000 1.000000 1.000000
vn 0.4817077 -0.8173431 -0.3160821
v 0.0111617 -0.0180824 -0.0124934 1.000000 1.000000 1.000000
vn 0.0017976 -0.7680810 -0.6403502
v 0.0000278 -0.0167716 -0.0221345 1.000000 1.000000 1.000000
vn 0.0628206 -0.7716296 -0.6329625
v 0.0018674 -0.0167054 -0.0220886 1.000000 1.000000 1.000000
vn -0.3831677 -0.7708489 -0.5088955
v -0.0085891 -0.0170720 -0.0180293 1.000000 1.000000 1.000000
vn -0.4422163 -0.7687367 -0.4620484
v -0.0099561 -0.0170984 -0.0165471 1.000000 1.000000 1.000000
vn -0.4829518 -0.7803442 -0.3972661
v -0.0108613 -0.0176101 -0.0141837 1.000000 1.000000 1.000000
vn 0.1469761 -0.7837411 -0.6034468
v 0.0033766 -0.0168710 -0.0214600 1.000000 1.000000 1.000000
vn 0.5639341 -0.8058476 -0.1805214
v 0.0128911 -0.0184336 -0.0065360 1.000000 1.000000 1.000000
vn 0.2110077 -0.7827221 -0.5855100
v 0.0046763 -0.0169486 -0.0208474 1.000000 1.000000 1.000000
vn 0.5507562 -0.8285555 -0.1008145
v 0.0134320 -0.0185288 -0.0031080 1.000000 1.000000 1.000000
vn 0.5588788 -0.8170546 -0.1416911
v 0.0133698 -0.0183537 -0.0049585 1.000000 1.000000 1.000000
vn 0.5545323 -0.8303541 -0.0548264
v 0.0135902 -0.0185070 -0.0020034 1.000000 1.000000 1.000000
vn 0.5561895 -0.8309265 -0.0146460
v 0.0135893 -0.0185793 -0.0000058 1.000000 1.000000 1.000000
vn 0.4480629 -0.8107685 -0.3766885
v 0.0102934 -0.0180248 -0.0140712 1.000000 1.000000 1.000000
vn 0.5582761 -0.8284851 0.0440487
v 0.0137231 -0.0184566 0.0028049 1.000000 1.000000 1.000000
vn 0.2552922 -0.7846653 -0.5649127
v 0.0059863 -0.0169874 -0.0200881 1.000000 1.000000 1.000000
vn 0.5530264 -0.8262550 0.1070729
v 0.0135975 -0.0183783 0.0050978 1.000000 1.000000 1.000000
vn 0.5376689 -0.8219274 0.1880095
v 0.0128482 -0.0184800 0.0078394 1.000000 1.000000 1.000000
vn 0.2530091 -0.7982829 0.5465627
v 0.0055473 -0.0177636 0.0199707 1.000000 1.000000 1.000000
vn 0.3677433 -0.7907670 0.4893388
v 0.0082637 -0.0177527 0.0180025 1.000000 1.000000 1.000000
vn 0.1954173 -0.7797830 0.5947694
v 0.0043953 -0.0169606 0.0219331 1.000000 1.000000 1.000000
vn 0.1557955 -0.7734629 0.6143964
v 0.0035936 -0.0168827 0.0223436 1.000000 1.000000 1.000000
vn 0.0053987 -0.7696406 0.6384546
v 0.0001344 -0.0168880 0.0228702 1.000000 1.000000 1.000000
vn 0.0870897 -0.7641037 0.6391878
v 0.0021747 -0.0168259 0.0227938 1.000000 1.000000 1.000000
vn -0.0837467 -0.7660342 0.6373211
v -0.0020479 -0.0167896 0.0228813 1.000000 1.000000 1.000000
vn -0.1725086 -0.7603714 0.6261598
v -0.0039494 -0.0167276 0.0224746 1.000000 1.000000 1.000000
vn 0.3294412 -0.7790347 0.5334542
v 0.0073716 -0.0173086 0.0196187 1.000000 1.000000 1.000000
vn 0.2775258 -0.7728179 0.5707293
v 0.0061715 -0.0170397 0.0208928 1.000000 1.000000 1.000000
vn 0.3943375 -0.7873717 0.4738605
v 0.0094013 -0.0174610 0.0174501 1.000000 1.000000 1.000000
vn 0.4723563 -0.8032575 0.3628457
v 0.0106061 -0.0179178 0.0148469 1.000000 1.000000 1.000000
vn 0.5121810 -0.8055295 -0.2979811
v 0.0116076 -0.0178789 -0.0122265 1.000000 1.000000 1.000000
vn -0.4862426 -0.7815869 0.3907559
v -0.0108422 -0.0176925 0.0149965 1.000000 1.000000 1.000000
vn -0.2396560 -0.7549402 0.6104346
v -0.0055114 -0.0166479 0.0219318 1.000000 1.000000 1.000000
vn -0.4130857 -0.7790942 0.4715639
v -0.0090671 -0.0174885 0.0176980 1.000000 1.000000 1.000000
vn -0.2899427 -0.7501946 0.5942569
v -0.0062156 -0.0165535 0.0216974 1.000000 1.000000 1.000000
vn -0.3425267 -0.7538065 0.5607596
v -0.0076444 -0.0165939 0.0206687 1.000000 1.000000 1.000000
vn 0.4999731 -0.7972695 0.3382133
v 0.0120500 -0.0173892 0.0138462 1.000000 1.000000 1.000000
vn 0.2301661 -0.7527956 0.6167028
v 0.0049052 -0.0166251 0.0222332 1.000000 1.000000 1.000000
vn 0.5499189 -0.8040618 0.2259950
v 0.0129651 -0.0180397 0.0094223 1.000000 1.000000 1.000000
vn -0.5364857 -0.7727937 -0.3390768
v -0.0120788 -0.0174188 -0.0125863 1.000000 1.000000 1.000000
vn -0.3334547 -0.7578537 -0.5607725
v -0.0073541 -0.0167601 -0.0195696 1.000000 1.000000 1.000000
vn -0.5839914 -0.7746601 -0.2426023
v -0.0132076 -0.0176672 -0.0090020 1.000000 1.000000 1.000000
vn -0.5708970 -0.7739610 -0.2739725
v -0.0129408 -0.0174851 -0.0104508 1.000000 1.000000 1.000000
vn -0.5885603 -0.7728657 0.2372243
v -0.0132391 -0.0178244 0.0094646 1.000000 1.000000 1.000000
vn -0.5702050 -0.7709397 0.2837576
v -0.0129289 -0.0175537 0.0113176 1.000000 1.000000 1.000000
vn -0.3954607 -0.7480878 0.5328934
v -0.0088197 -0.0164750 0.0198627 1.000000 1.000000 1.000000
vn -0.4331052 -0.7474799 0.5036803
v -0.0097718 -0.0164979 0.0189037 1.000000 1.000000 1.000000
vn -0.6073227 -0.7698055 -0.1963639
v -0.0137670 -0.0175369 -0.0077098 1.000000 1.000000 1.000000
vn -0.6123094 -0.7700334 0.1792368
v -0.0136396 -0.0179053 0.0076490 1.000000 1.000000 1.000000
vn -0.4790233 -0.7415428 0.4697351
v -0.0108061 -0.0163795 0.0179126 1.000000 1.000000 1.000000
vn -0.5218701 -0.7400030 0.4243198
v -0.0117623 -0.0164722 0.0164439 1.000000 1.000000 1.000000
vn -0.6431303 -0.7635226 0.0584531
v -0.0144959 -0.0177938 0.0028936 1.000000 1.000000 1.000000
vn -0.5205414 -0.7464233 -0.4145949
v -0.0119553 -0.0166016 -0.0148895 1.000000 1.000000 1.000000
vn -0.4976317 -0.7282669 -0.4711581
v -0.0111617 -0.0161558 -0.0169105 1.000000 1.000000 1.000000
vn -0.6284280 -0.7645960 -0.1430774
v -0.0143701 -0.0174916 -0.0052538 1.000000 1.000000 1.000000
vn -0.6420041 -0.7666634 -0.0076278
v -0.0146733 -0.0177016 0.0002407 1.000000 1.000000 1.000000
vn -0.6369080 -0.7611592 0.1224134
v -0.0142871 -0.0177098 0.0055528 1.000000 1.000000 1.000000
vn -0.5939770 -0.7281775 -0.3419780
v -0.0133145 -0.0164894 -0.0126593 1.000000 1.000000 1.000000
vn -0.5695300 -0.7155260 -0.4045469
v -0.0126278 -0.0161783 -0.0147272 1.000000 1.000000 1.000000
vn -0.1614230 -0.7309644 -0.6630489
v -0.0036347 -0.0159805 -0.0226836 1.000000 1.000000 1.000000
vn -0.4026538 -0.7346587 -0.5460278
v -0.0090867 -0.0162463 -0.0190363 1.000000 1.000000 1.000000
vn -0.4501520 -0.7297377 -0.5146320
v -0.0100642 -0.0161342 -0.0182406 1.000000 1.000000 1.000000
vn -0.6834699 -0.7298182 -0.0153134
v -0.0158190 -0.0167232 -0.0000725 1.000000 1.000000 1.000000
vn -0.6807696 -0.7274816 -0.0855769
v -0.0157342 -0.0166656 -0.0026182 1.000000 1.000000 1.000000
vn -0.6642948 -0.7311043 -0.1555603
v -0.0152829 -0.0166471 -0.0057431 1.000000 1.000000 1.000000
vn -0.5782925 -0.7325228 0.3591492
v -0.0131186 -0.0164719 0.0140705 1.000000 1.000000 1.000000
vn -0.6199759 -0.7262414 0.2969905
v -0.0140824 -0.0165144 0.0117779 1.000000 1.000000 1.000000
vn -0.6442207 -0.7319850 -0.2217603
v -0.0146924 -0.0166160 -0.0084836 1.000000 1.000000 1.000000
vn -0.6222571 -0.7293203 -0.2844083
v -0.0141204 -0.0164938 -0.0107102 1.000000 1.000000 1.000000
vn -0.6606733 -0.7290180 0.1790074
v -0.0150840 -0.0166856 0.0078349 1.000000 1.000000 1.000000
vn -0.6390297 -0.7301463 0.2419244
v -0.0145641 -0.0166542 0.0099063 1.000000 1.000000 1.000000
vn -0.2967691 -0.7290691 -0.6167548
v -0.0065022 -0.0159105 -0.0214641 1.000000 1.000000 1.000000
vn -0.3523312 -0.7277774 -0.5883901
v -0.0078221 -0.0160094 -0.0204213 1.000000 1.000000 1.000000
vn -0.2334085 -0.7313902 -0.6407722
v -0.0048647 -0.0159753 -0.0222379 1.000000 1.000000 1.000000
vn -0.0977870 -0.7373140 -0.6684353
v -0.0017852 -0.0159672 -0.0231330 1.000000 1.000000 1.000000
vn -0.0006102 -0.7500498 -0.6613811
v -0.0000222 -0.0159901 -0.0232286 1.000000 1.000000 1.000000
vn 0.0403351 -0.7482726 -0.6621640
v 0.0019049 -0.0159992 -0.0230710 1.000000 1.000000 1.000000
vn -0.6828372 -0.7284992 0.0549756
v -0.0157568 -0.0167131 0.0027212 1.000000 1.000000 1.000000
vn -0.6796771 -0.7249392 0.1118129
v -0.0156009 -0.0166142 0.0052183 1.000000 1.000000 1.000000
vn 0.5592160 -0.7943581 -0.2372186
v 0.0126069 -0.0178089 -0.0102031 1.000000 1.000000 1.000000
vn 0.0000626 -0.7007096 0.7134466
v -0.0000122 -0.0153210 0.0250012 1.000000 1.000000 1.000000
vn -0.0883599 -0.7019448 0.7067292
v -0.0019987 -0.0153743 0.0247913 1.000000 1.000000 1.000000
vn 0.0458963 -0.6971464 0.7154582
v 0.0008744 -0.0153147 0.0249512 1.000000 1.000000 1.000000
vn 0.0917245 -0.7210414 0.6867939
v 0.0021960 -0.0156776 0.0243418 1.000000 1.000000 1.000000
vn -0.3924535 -0.6895394 0.6087000
v -0.0087906 -0.0150263 0.0222047 1.000000 1.000000 1.000000
vn -0.3531817 -0.6877713 0.6342188
v -0.0081603 -0.0149872 0.0227023 1.000000 1.000000 1.000000
vn -0.1688978 -0.7048394 0.6889666
v -0.0040961 -0.0153388 0.0243304 1.000000 1.000000 1.000000
vn -0.2166170 -0.6868893 0.6937293
v -0.0047694 -0.0150470 0.0244622 1.000000 1.000000 1.000000
vn -0.4406775 -0.6930976 0.5704553
v -0.0099125 -0.0150596 0.0211397 1.000000 1.000000 1.000000
vn -0.4820215 -0.6902095 0.5396909
v -0.0108707 -0.0150540 0.0201876 1.000000 1.000000 1.000000
vn -0.2510803 -0.6914905 0.6773475
v -0.0057046 -0.0150880 0.0239918 1.000000 1.000000 1.000000
vn -0.2968293 -0.6867534 0.6635226
v -0.0066918 -0.0149937 0.0236512 1.000000 1.000000 1.000000
vn 0.2063923 -0.7080816 0.6752945
v 0.0046568 -0.0155038 0.0239109 1.000000 1.000000 1.000000
vn 0.3805106 -0.7629072 0.5226704
v 0.0091265 -0.0162913 0.0199126 1.000000 1.000000 1.000000
vn 0.3999404 -0.7655103 0.5040254
v 0.0098713 -0.0163770 0.0190224 1.000000 1.000000 1.000000
vn -0.5698698 -0.6693546 0.4766686
v -0.0126230 -0.0150161 0.0180198 1.000000 1.000000 1.000000
vn -0.5309849 -0.6805561 0.5048748
v -0.0118629 -0.0150213 0.0190143 1.000000 1.000000 1.000000
vn 0.1513517 -0.7092404 0.6885279
v 0.0036001 -0.0155346 0.0242033 1.000000 1.000000 1.000000
vn 0.3327300 -0.7527682 0.5680060
v 0.0077852 -0.0162367 0.0210920 1.000000 1.000000 1.000000
vn 0.2815169 -0.7324582 0.6198817
v 0.0068110 -0.0156544 0.0226637 1.000000 1.000000 1.000000
vn -0.6045246 -0.6754174 0.4223286
v -0.0134259 -0.0151667 0.0163976 1.000000 1.000000 1.000000
vn 0.5777711 -0.7882324 -0.2118260
v 0.0134391 -0.0177298 -0.0080026 1.000000 1.000000 1.000000
vn 0.5957243 -0.7825364 -0.1809679
v 0.0137160 -0.0178405 -0.0063497 1.000000 1.000000 1.000000
vn -0.6393369 -0.6741066 0.3699035
v -0.0142960 -0.0152569 0.0145454 1.000000 1.000000 1.000000
vn -0.6910485 -0.6945210 -0.2002317
v -0.0156976 -0.0158425 -0.0076973 1.000000 1.000000 1.000000
vn -0.3380614 -0.6783434 -0.6523533
v -0.0075009 -0.0147455 -0.0224720 1.000000 1.000000 1.000000
vn -0.3997599 -0.6773111 -0.6176097
v -0.0090155 -0.0147166 -0.0214120 1.000000 1.000000 1.000000
vn -0.5580682 -0.6853412 -0.4678327
v -0.0124434 -0.0150225 -0.0172329 1.000000 1.000000 1.000000
vn -0.2666710 -0.6850190 -0.6779642
v -0.0056534 -0.0148663 -0.0233354 1.000000 1.000000 1.000000
vn -0.5267651 -0.6805614 -0.5092689
v -0.0119299 -0.0149457 -0.0180859 1.000000 1.000000 1.000000
vn -0.4867462 -0.6799853 -0.5483595
v -0.0109704 -0.0147834 -0.0194713 1.000000 1.000000 1.000000
vn -0.7045743 -0.6946385 -0.1450952
v -0.0160880 -0.0159223 -0.0053358 1.000000 1.000000 1.000000
vn -0.4449495 -0.6792659 -0.5836248
v -0.0100399 -0.0147686 -0.0204431 1.000000 1.000000 1.000000
vn -0.6623040 -0.6938593 -0.2826883
v -0.0149366 -0.0157805 -0.0105676 1.000000 1.000000 1.000000
vn -0.1960473 -0.6924677 -0.6943011
v -0.0039847 -0.0147810 -0.0241283 1.000000 1.000000 1.000000
vn -0.7039803 -0.6638235 0.2524877
v -0.0160613 -0.0151134 0.0102771 1.000000 1.000000 1.000000
vn -0.7210816 -0.6652386 0.1936466
v -0.0164973 -0.0151913 0.0082440 1.000000 1.000000 1.000000
vn -0.7291001 -0.6674342 0.1514750
v -0.0167704 -0.0151698 0.0068524 1.000000 1.000000 1.000000
vn -0.6810509 -0.6625425 0.3117807
v -0.0154756 -0.0150686 0.0121665 1.000000 1.000000 1.000000
vn -0.7460966 -0.6657574 -0.0103491
v -0.0172835 -0.0152206 0.0003059 1.000000 1.000000 1.000000
vn -0.7408168 -0.6695369 0.0539516
v -0.0172421 -0.0152110 0.0026076 1.000000 1.000000 1.000000
vn -0.7347714 -0.6695262 0.1088387
v -0.0170335 -0.0151906 0.0049774 1.000000 1.000000 1.000000
vn -0.7482922 -0.6586652 -0.0788599
v -0.0172583 -0.0151146 -0.0023384 1.000000 1.000000 1.000000
vn -0.7311352 -0.6693208 -0.1321025
v -0.0169509 -0.0150626 -0.0051406 1.000000 1.000000 1.000000
vn -0.6823589 -0.6875206 -0.2483989
v -0.0160140 -0.0149383 -0.0098714 1.000000 1.000000 1.000000
vn -0.6801917 -0.6446874 -0.3488803
v -0.0150937 -0.0149671 -0.0123471 1.000000 1.000000 1.000000
vn -0.6702021 -0.6752954 -0.3079047
v -0.0156833 -0.0147867 -0.0113038 1.000000 1.000000 1.000000
vn -0.6442942 -0.6722394 -0.3646632
v -0.0145921 -0.0149535 -0.0135603 1.000000 1.000000 1.000000
vn -0.1370384 -0.7179117 -0.6825125
v -0.0019094 -0.0148665 -0.0245316 1.000000 1.000000 1.000000
vn -0.6164036 -0.6581464 -0.4323076
v -0.0137137 -0.0147080 -0.0158082 1.000000 1.000000 1.000000
vn -0.7061703 -0.6808839 -0.1942179
v -0.0166638 -0.0148541 -0.0076295 1.000000 1.000000 1.000000
vn -0.6724142 -0.7104478 -0.2076605
v -0.0163397 -0.0148198 -0.0090700 1.000000 1.000000 1.000000
vn 0.2547677 -0.6987182 0.6684955
v 0.0057568 -0.0153268 0.0236633 1.000000 1.000000 1.000000
vn 0.0988983 -0.6791514 0.7273050
v 0.0021647 -0.0150268 0.0251423 1.000000 1.000000 1.000000
vn -0.5202124 -0.6468830 0.5576035
v -0.0116232 -0.0139445 0.0209702 1.000000 1.000000 1.000000
vn -0.4671824 -0.6518164 0.5973911
v -0.0106358 -0.0139174 0.0220398 1.000000 1.000000 1.000000
vn -0.4120061 -0.6430389 0.6455634
v -0.0094354 -0.0139270 0.0230788 1.000000 1.000000 1.000000
vn -0.5894446 -0.6444592 -0.4870600
v -0.0129755 -0.0142684 -0.0177319 1.000000 1.000000 1.000000
vn -0.3446456 -0.6401930 0.6865656
v -0.0076736 -0.0140513 0.0241709 1.000000 1.000000 1.000000
vn -0.3822224 -0.6052592 0.6982603
v -0.0085904 -0.0131551 0.0245869 1.000000 1.000000 1.000000
vn -0.5622432 -0.6414532 0.5219391
v -0.0122982 -0.0139718 0.0200635 1.000000 1.000000 1.000000
vn -0.6547002 -0.6471857 -0.3905361
v -0.0150133 -0.0143013 -0.0140614 1.000000 1.000000 1.000000
vn -0.5980355 -0.6354558 0.4884153
v -0.0130593 -0.0143492 0.0184165 1.000000 1.000000 1.000000
vn -0.6647784 -0.6107033 0.4302455
v -0.0149239 -0.0136353 0.0164736 1.000000 1.000000 1.000000
vn -0.2061423 -0.6355122 0.7440630
v -0.0046130 -0.0139233 0.0257774 1.000000 1.000000 1.000000
vn -0.1536267 -0.6528724 0.7417253
v -0.0035743 -0.0138761 0.0261266 1.000000 1.000000 1.000000
vn -0.0901419 -0.6667225 0.7398349
v -0.0020381 -0.0147293 0.0255088 1.000000 1.000000 1.000000
vn -0.4477796 -0.6055491 0.6578782
v -0.0103106 -0.0131847 0.0232687 1.000000 1.000000 1.000000
vn -0.2697237 -0.6340768 0.7247040
v -0.0059916 -0.0138996 0.0252412 1.000000 1.000000 1.000000
vn -0.3161542 -0.6152635 0.7221478
v -0.0072485 -0.0129935 0.0255731 1.000000 1.000000 1.000000
vn -0.6475031 -0.6005459 0.4691316
v -0.0140613 -0.0136190 0.0180104 1.000000 1.000000 1.000000
vn -0.6906485 -0.6249341 0.3639533
v -0.0157174 -0.0138129 0.0144919 1.000000 1.000000 1.000000
vn -0.7213073 -0.6080673 0.3316174
v -0.0164158 -0.0135849 0.0132071 1.000000 1.000000 1.000000
vn -0.7921277 -0.5990553 0.1169035
v -0.0184146 -0.0135241 0.0052223 1.000000 1.000000 1.000000
vn -0.7801604 -0.6033105 0.1654277
v -0.0180751 -0.0136389 0.0067795 1.000000 1.000000 1.000000
vn -0.5931057 -0.6023525 0.5342258
v -0.0130554 -0.0130764 0.0203825 1.000000 1.000000 1.000000
vn -0.6228992 -0.6051665 0.4957521
v -0.0136455 -0.0132430 0.0192806 1.000000 1.000000 1.000000
vn -0.7984121 -0.6007028 0.0411635
v -0.0185150 -0.0136801 0.0025640 1.000000 1.000000 1.000000
vn -0.7736139 -0.6015209 0.1992340
v -0.0177947 -0.0136524 0.0082541 1.000000 1.000000 1.000000
vn -0.7634091 -0.5998755 0.2394913
v -0.0174357 -0.0136125 0.0099031 1.000000 1.000000 1.000000
vn -0.5473468 -0.6029526 0.5803962
v -0.0120950 -0.0130718 0.0216338 1.000000 1.000000 1.000000
vn -0.4992441 -0.6015909 0.6235734
v -0.0111690 -0.0130886 0.0225907 1.000000 1.000000 1.000000
vn -0.7516553 -0.5935581 0.2875817
v -0.0171570 -0.0134135 0.0114799 1.000000 1.000000 1.000000
vn 0.0090157 -0.6658584 0.7460237
v 0.0001477 -0.0138119 0.0266617 1.000000 1.000000 1.000000
vn -0.0767206 -0.6604646 0.7469274
v -0.0019549 -0.0137889 0.0265473 1.000000 1.000000 1.000000
vn -0.7985775 -0.6018354 -0.0082495
v -0.0185660 -0.0136394 0.0003059 1.000000 1.000000 1.000000
vn -0.7801971 -0.6232068 -0.0539047
v -0.0185341 -0.0135488 -0.0018908 1.000000 1.000000 1.000000
vn -0.5209277 -0.6299112 -0.5760610
v -0.0117265 -0.0135470 -0.0204161 1.000000 1.000000 1.000000
vn -0.5731544 -0.6344861 -0.5185764
v -0.0131747 -0.0133724 -0.0188588 1.000000 1.000000 1.000000
vn -0.7711149 -0.6257160 -0.1177342
v -0.0175134 -0.0143663 -0.0051860 1.000000 1.000000 1.000000
vn -0.7780257 -0.6220942 -0.0876060
v -0.0184907 -0.0135443 -0.0025918 1.000000 1.000000 1.000000
vn -0.4735648 -0.6105781 -0.6347683
v -0.0107737 -0.0132627 -0.0217417 1.000000 1.000000 1.000000
vn -0.2792171 -0.6417238 -0.7143027
v -0.0057150 -0.0137387 -0.0246299 1.000000 1.000000 1.000000
vn -0.6356899 -0.6262110 -0.4513958
v -0.0144916 -0.0133761 -0.0167381 1.000000 1.000000 1.000000
vn -0.6507575 -0.6291449 -0.4250781
v -0.0151581 -0.0133632 -0.0155020 1.000000 1.000000 1.000000
vn -0.4104612 -0.6082395 -0.6793868
v -0.0091473 -0.0132728 -0.0230822 1.000000 1.000000 1.000000
vn -0.3465693 -0.6216232 -0.7024773
v -0.0074684 -0.0134160 -0.0240436 1.000000 1.000000 1.000000
vn 0.0446856 -0.6648961 0.7455980
v 0.0021457 -0.0141826 0.0260706 1.000000 1.000000 1.000000
vn 0.0932320 -0.6665638 0.7395948
v 0.0022772 -0.0137868 0.0264979 1.000000 1.000000 1.000000
vn 0.1903842 -0.6685919 0.7188455
v 0.0043939 -0.0145353 0.0251670 1.000000 1.000000 1.000000
vn 0.1732048 -0.6605230 0.7305543
v 0.0042901 -0.0139303 0.0258727 1.000000 1.000000 1.000000
vn -0.7246439 -0.5720937 0.3841875
v -0.0166186 -0.0123918 0.0151469 1.000000 1.000000 1.000000
vn -0.6837153 -0.5796137 0.4433750
v -0.0157214 -0.0121952 0.0173182 1.000000 1.000000 1.000000
vn -0.2258102 -0.6557380 -0.7204286
v -0.0040457 -0.0135164 -0.0255257 1.000000 1.000000 1.000000
vn -0.2564927 -0.6087674 0.7507421
v -0.0059528 -0.0126916 0.0264744 1.000000 1.000000 1.000000
vn -0.2209572 -0.6083533 0.7622889
v -0.0047098 -0.0128719 0.0267787 1.000000 1.000000 1.000000
vn 0.2739094 -0.6800925 0.6800353
v 0.0068552 -0.0147512 0.0238278 1.000000 1.000000 1.000000
vn -0.6424088 -0.5516239 0.5319980
v -0.0143062 -0.0117700 0.0203350 1.000000 1.000000 1.000000
vn -0.6774199 -0.5404155 0.4990526
v -0.0154846 -0.0113158 0.0190936 1.000000 1.000000 1.000000
vn -0.7644477 -0.5588866 0.3213496
v -0.0175421 -0.0122300 0.0129709 1.000000 1.000000 1.000000
vn -0.4146773 -0.5698406 0.7094536
v -0.0090197 -0.0123466 0.0251084 1.000000 1.000000 1.000000
vn -0.5803562 -0.5372323 0.6120197
v -0.0128958 -0.0115329 0.0225263 1.000000 1.000000 1.000000
vn -0.6290596 -0.5337721 0.5651296
v -0.0139562 -0.0113987 0.0212888 1.000000 1.000000 1.000000
vn -0.8289893 -0.5574520 0.0449910
v -0.0187505 -0.0133277 0.0027516 1.000000 1.000000 1.000000
vn -0.7970852 -0.5667198 0.2085278
v -0.0188432 -0.0120706 0.0086375 1.000000 1.000000 1.000000
vn -0.7846530 -0.5593958 0.2672003
v -0.0184389 -0.0118615 0.0108961 1.000000 1.000000 1.000000
vn -0.7805289 -0.5257774 0.3381313
v -0.0180316 -0.0114083 0.0132536 1.000000 1.000000 1.000000
vn -0.5311678 -0.5292848 0.6616029
v -0.0120490 -0.0114610 0.0234883 1.000000 1.000000 1.000000
vn -0.8096699 -0.5636052 0.1636581
v -0.0192566 -0.0119867 0.0066726 1.000000 1.000000 1.000000
vn -0.4748906 -0.5528308 0.6847314
v -0.0109728 -0.0116140 0.0243473 1.000000 1.000000 1.000000
vn -0.5313792 -0.5871462 -0.6106517
v -0.0121448 -0.0128073 -0.0208834 1.000000 1.000000 1.000000
vn -0.7567013 -0.5249481 0.3896571
v -0.0171907 -0.0113650 0.0156198 1.000000 1.000000 1.000000
vn -0.7187742 -0.5315412 0.4481380
v -0.0163968 -0.0111524 0.0176669 1.000000 1.000000 1.000000
vn -0.8261234 -0.5528010 0.1092304
v -0.0194297 -0.0119908 0.0054029 1.000000 1.000000 1.000000
vn 0.2430494 -0.6625348 0.7085017
v 0.0057841 -0.0138090 0.0254320 1.000000 1.000000 1.000000
vn -0.8389149 -0.5441421 0.0114528
v -0.0196949 -0.0119067 0.0003602 1.000000 1.000000 1.000000
vn -0.4320150 -0.5497531 0.7149368
v -0.0102196 -0.0114058 0.0251065 1.000000 1.000000 1.000000
vn -0.4322374 -0.5500373 0.7145836
v -0.0092067 -0.0113952 0.0258729 1.000000 1.000000 1.000000
vn -0.8403365 -0.5403470 0.0431246
v -0.0197128 -0.0118243 0.0028560 1.000000 1.000000 1.000000
vn -0.6628567 -0.4694761 0.5832781
v -0.0147251 -0.0101608 0.0215835 1.000000 1.000000 1.000000
vn -0.4901931 -0.5652521 -0.6634763
v -0.0109846 -0.0124417 -0.0224406 1.000000 1.000000 1.000000
vn -0.3101335 -0.6013411 -0.7363464
v -0.0057400 -0.0126049 -0.0257600 1.000000 1.000000 1.000000
vn -0.6996753 -0.4810694 0.5282298
v -0.0160143 -0.0099541 0.0198492 1.000000 1.000000 1.000000
vn -0.7389308 -0.4870854 0.4655418
v -0.0168921 -0.0102714 0.0178751 1.000000 1.000000 1.000000
vn -0.7823761 -0.4892625 0.3853698
v -0.0176928 -0.0104351 0.0158345 1.000000 1.000000 1.000000
vn -0.6152876 -0.4772688 0.6274039
v -0.0135286 -0.0100454 0.0232478 1.000000 1.000000 1.000000
vn -0.5515842 -0.4976406 0.6694093
v -0.0126013 -0.0101318 0.0241459 1.000000 1.000000 1.000000
vn -0.7881222 -0.4864842 0.3770894
v -0.0180068 -0.0099510 0.0157936 1.000000 1.000000 1.000000
vn -0.7973347 -0.4869015 0.3566293
v -0.0187497 -0.0100583 0.0135191 1.000000 1.000000 1.000000
vn -0.4166882 -0.5753040 -0.7038440
v -0.0094438 -0.0117610 -0.0243942 1.000000 1.000000 1.000000
vn -0.5111862 -0.5276664 -0.6784224
v -0.0111922 -0.0114824 -0.0232370 1.000000 1.000000 1.000000
vn -0.3842443 -0.5817000 -0.7169250
v -0.0078440 -0.0117968 -0.0254170 1.000000 1.000000 1.000000
vn -0.5365117 -0.5195526 -0.6649966
v -0.0123405 -0.0114276 -0.0221462 1.000000 1.000000 1.000000
vn -0.7387608 -0.4562039 0.4960952
v -0.0174074 -0.0090439 0.0183213 1.000000 1.000000 1.000000
vn -0.6721488 -0.4260517 0.6055543
v -0.0154236 -0.0083978 0.0221565 1.000000 1.000000 1.000000
vn -0.6591361 -0.4253810 0.6201537
v -0.0145923 -0.0082850 0.0233428 1.000000 1.000000 1.000000
vn -0.5461490 -0.4745504 -0.6903066
v -0.0128921 -0.0102938 -0.0225854 1.000000 1.000000 1.000000
vn -0.5443009 -0.4698333 -0.6949772
v -0.0116193 -0.0094276 -0.0245391 1.000000 1.000000 1.000000
vn 0.9186844 0.3882052 -0.0729097
v 0.0211694 0.0089176 -0.0021977 1.000000 1.000000 1.000000
vn 0.9255733 0.3784260 -0.0103855
v 0.0213041 0.0088349 0.0004350 1.000000 1.000000 1.000000
vn 0.9435037 0.3238265 -0.0702657
v 0.0217792 0.0073033 -0.0023703 1.000000 1.000000 1.000000
vn 0.9479983 0.3181343 -0.0094793
v 0.0218587 0.0073355 0.0003390 1.000000 1.000000 1.000000
vn 0.8994332 0.4368245 -0.0142932
v 0.0207946 0.0099684 0.0003778 1.000000 1.000000 1.000000
vn 0.8939986 0.4415273 -0.0762901
v 0.0206563 0.0100291 -0.0021772 1.000000 1.000000 1.000000
vn 0.9090518 0.3950283 -0.1325807
v 0.0209387 0.0088373 -0.0051485 1.000000 1.000000 1.000000
vn 0.9369131 0.3213660 -0.1375419
v 0.0216190 0.0070408 -0.0053445 1.000000 1.000000 1.000000
vn 0.8847230 0.4447578 -0.1394840
v 0.0204086 0.0099130 -0.0052395 1.000000 1.000000 1.000000
vn 0.9198921 0.3481703 -0.1804882
v 0.0211814 0.0076563 -0.0066984 1.000000 1.000000 1.000000
vn 0.8998830 0.3979016 -0.1785636
v 0.0207105 0.0087867 -0.0068469 1.000000 1.000000 1.000000
vn 0.8628715 0.4991848 -0.0791662
v 0.0198792 0.0115045 -0.0022705 1.000000 1.000000 1.000000
vn 0.8590316 0.4913093 -0.1438054
v 0.0197186 0.0111978 -0.0053874 1.000000 1.000000 1.000000
vn 0.8668513 0.4983508 -0.0146786
v 0.0200258 0.0114371 0.0003205 1.000000 1.000000 1.000000
vn 0.8703967 0.4460919 -0.2083546
v 0.0199474 0.0099991 -0.0078786 1.000000 1.000000 1.000000
vn 0.8482504 0.4965044 -0.1842682
v 0.0194308 0.0112139 -0.0070874 1.000000 1.000000 1.000000
vn 0.8969629 0.3825161 -0.2216730
v 0.0205850 0.0085145 -0.0082461 1.000000 1.000000 1.000000
vn 0.9230515 0.3165790 -0.2185264
v 0.0212014 0.0069230 -0.0081747 1.000000 1.000000 1.000000
vn 0.8999615 0.4338207 0.0432302
v 0.0207854 0.0099206 0.0024572 1.000000 1.000000 1.000000
vn 0.9260628 0.3747380 0.0444873
v 0.0212720 0.0088277 0.0024845 1.000000 1.000000 1.000000
vn 0.8672423 0.4959733 0.0436030
v 0.0200148 0.0114021 0.0025694 1.000000 1.000000 1.000000
vn 0.9467222 0.3187636 0.0459010
v 0.0218066 0.0073733 0.0024615 1.000000 1.000000 1.000000
vn 0.9627713 0.2446945 -0.1148741
v 0.0220505 0.0057358 -0.0049060 1.000000 1.000000 1.000000
vn 0.9669489 0.2464048 -0.0655321
v 0.0222373 0.0057863 -0.0023746 1.000000 1.000000 1.000000
vn 0.9674873 0.2528155 -0.0072490
v 0.0222828 0.0059314 0.0004410 1.000000 1.000000 1.000000
vn 0.9552169 0.2455140 -0.1651773
v 0.0219252 0.0056665 -0.0061342 1.000000 1.000000 1.000000
vn 0.9450325 0.2485533 -0.2124497
v 0.0216369 0.0056127 -0.0080285 1.000000 1.000000 1.000000
vn 0.9673518 0.2490081 0.0471747
v 0.0222707 0.0058556 0.0024787 1.000000 1.000000 1.000000
vn 0.9180920 0.3843193 0.0969840
v 0.0210880 0.0089750 0.0045485 1.000000 1.000000 1.000000
vn 0.9442730 0.3153644 0.0943073
v 0.0217405 0.0071953 0.0045595 1.000000 1.000000 1.000000
vn 0.9646035 0.2469502 0.0924971
v 0.0221500 0.0058344 0.0045599 1.000000 1.000000 1.000000
vn 0.8902389 0.4432199 0.1050277
v 0.0204036 0.0103757 0.0047972 1.000000 1.000000 1.000000
vn 0.8651803 0.4878464 0.1160565
v 0.0199221 0.0112298 0.0052299 1.000000 1.000000 1.000000
vn 0.9117257 0.3826303 0.1495002
v 0.0209185 0.0088417 0.0066171 1.000000 1.000000 1.000000
vn 0.9388421 0.3092574 0.1514445
v 0.0216186 0.0069068 0.0066939 1.000000 1.000000 1.000000
vn 0.9610599 0.2336344 0.1475766
v 0.0219977 0.0055553 0.0068204 1.000000 1.000000 1.000000
vn 0.9857554 0.1679650 -0.0086029
v 0.0227224 0.0039218 0.0004086 1.000000 1.000000 1.000000
vn 0.9856646 0.1624094 0.0457009
v 0.0227077 0.0037954 0.0023147 1.000000 1.000000 1.000000
vn 0.9847276 0.1620946 -0.0635374
v 0.0226570 0.0037674 -0.0022865 1.000000 1.000000 1.000000
vn 0.9797136 0.1667103 -0.1112158
v 0.0224796 0.0038225 -0.0046303 1.000000 1.000000 1.000000
vn 0.9725348 0.1645398 -0.1646289
v 0.0222924 0.0037557 -0.0063738 1.000000 1.000000 1.000000
vn 0.9624006 0.1644024 -0.2162341
v 0.0220164 0.0038372 -0.0080224 1.000000 1.000000 1.000000
vn 0.9818093 0.1647278 0.0944213
v 0.0225687 0.0038289 0.0046037 1.000000 1.000000 1.000000
vn 0.8952234 0.3448915 -0.2821789
v 0.0204311 0.0076131 -0.0105155 1.000000 1.000000 1.000000
vn 0.9350455 0.2376448 -0.2630874
v 0.0213080 0.0054275 -0.0098550 1.000000 1.000000 1.000000
vn 0.9103113 0.3037796 -0.2811605
v 0.0208053 0.0065817 -0.0104860 1.000000 1.000000 1.000000
vn 0.9503582 0.1545763 -0.2700472
v 0.0216652 0.0036751 -0.0098649 1.000000 1.000000 1.000000
vn 0.8682307 0.4089195 -0.2809988
v 0.0197987 0.0090814 -0.0105857 1.000000 1.000000 1.000000
vn 0.9216296 0.2421771 -0.3032312
v 0.0209495 0.0055359 -0.0111811 1.000000 1.000000 1.000000
vn 0.9938205 0.0936448 -0.0595932
v 0.0228814 0.0020425 -0.0022048 1.000000 1.000000 1.000000
vn 0.9888581 0.0948773 -0.1147081
v 0.0226976 0.0020822 -0.0047588 1.000000 1.000000 1.000000
vn 0.9807318 0.0916429 -0.1725303
v 0.0224990 0.0020942 -0.0064553 1.000000 1.000000 1.000000
vn 0.9958528 0.0909014 -0.0037514
v 0.0229573 0.0020552 0.0005452 1.000000 1.000000 1.000000
vn 0.9948797 0.0897059 0.0465554
v 0.0229175 0.0020521 0.0024181 1.000000 1.000000 1.000000
vn 0.9916637 0.0916576 0.0905654
v 0.0228068 0.0020169 0.0044693 1.000000 1.000000 1.000000
vn 0.9764962 0.1546729 0.1501053
v 0.0223888 0.0036307 0.0067458 1.000000 1.000000 1.000000
vn 0.9498802 0.2486406 0.1894876
v 0.0218072 0.0057006 0.0078600 1.000000 1.000000 1.000000
vn 0.9202714 0.3333693 0.2048546
v 0.0209729 0.0077088 0.0089563 1.000000 1.000000 1.000000
vn 0.8989817 0.3856466 0.2076262
v 0.0205845 0.0087611 0.0088739 1.000000 1.000000 1.000000
vn 0.9245759 0.3050409 0.2282749
v 0.0211295 0.0068304 0.0097762 1.000000 1.000000 1.000000
vn 0.8822135 0.4375440 0.1739389
v 0.0202421 0.0100226 0.0074458 1.000000 1.000000 1.000000
vn 0.9454747 0.2327651 0.2278115
v 0.0215577 0.0054566 0.0096500 1.000000 1.000000 1.000000
vn 0.9677194 0.1637526 0.1915837
v 0.0221246 0.0038762 0.0082290 1.000000 1.000000 1.000000
vn 0.9610975 0.1569269 0.2273008
v 0.0219265 0.0037129 0.0095552 1.000000 1.000000 1.000000
vn 0.9841507 0.0890008 0.1533830
v 0.0225963 0.0018951 0.0068234 1.000000 1.000000 1.000000
vn 0.9721735 0.0913559 0.2157147
v 0.0222103 0.0021354 0.0090971 1.000000 1.000000 1.000000
vn 0.9695007 0.0877597 -0.2288380
v 0.0221828 0.0021556 -0.0082778 1.000000 1.000000 1.000000
vn 0.9571095 0.0849089 -0.2770054
v 0.0218137 0.0021882 -0.0100320 1.000000 1.000000 1.000000
vn 0.9999826 0.0049559 -0.0032006
v 0.0230683 0.0000782 0.0004878 1.000000 1.000000 1.000000
vn 0.9980742 0.0092772 -0.0613332
v 0.0229916 0.0001575 -0.0023207 1.000000 1.000000 1.000000
vn 0.9934338 0.0092278 -0.1140355
v 0.0228264 0.0001647 -0.0046437 1.000000 1.000000 1.000000
vn 0.9987831 0.0078358 0.0486929
v 0.0230210 0.0001572 0.0024944 1.000000 1.000000 1.000000
vn 0.9952228 0.0071509 0.0973673
v 0.0228977 0.0001985 0.0047140 1.000000 1.000000 1.000000
vn 0.9834596 0.0122555 -0.1807128
v 0.0226060 0.0002115 -0.0064803 1.000000 1.000000 1.000000
vn 0.9723722 0.0068929 -0.2333344
v 0.0223021 0.0002086 -0.0081719 1.000000 1.000000 1.000000
vn 0.9630419 0.0046499 -0.2693116
v 0.0220257 0.0002500 -0.0094949 1.000000 1.000000 1.000000
vn 0.9385897 0.1563881 -0.3075584
v 0.0212890 0.0037653 -0.0112683 1.000000 1.000000 1.000000
vn 0.9471556 0.0800257 -0.3106320
v 0.0215263 0.0020765 -0.0111821 1.000000 1.000000 1.000000
vn 0.9854991 0.0056483 0.1695866
v 0.0226320 0.0002055 0.0072866 1.000000 1.000000 1.000000
vn 0.9082426 0.2437675 -0.3401071
v 0.0205930 0.0054416 -0.0125535 1.000000 1.000000 1.000000
vn 0.9263992 0.1536642 -0.3437615
v 0.0208949 0.0037229 -0.0127368 1.000000 1.000000 1.000000
vn 0.8805078 0.3287861 -0.3414759
v 0.0200120 0.0071609 -0.0125748 1.000000 1.000000 1.000000
vn 0.8553427 0.3976937 -0.3320069
v 0.0194468 0.0088300 -0.0121977 1.000000 1.000000 1.000000
vn 0.9127151 0.3004315 0.2769331
v 0.0208533 0.0066467 0.0112793 1.000000 1.000000 1.000000
vn 0.9320264 0.2292803 0.2806373
v 0.0211916 0.0053643 0.0114468 1.000000 1.000000 1.000000
vn 0.9478318 0.1534013 0.2794331
v 0.0215593 0.0035926 0.0113562 1.000000 1.000000 1.000000
vn 0.8866926 0.3821000 0.2603380
v 0.0202399 0.0086636 0.0107260 1.000000 1.000000 1.000000
vn 0.9599067 0.0984433 0.2624655
v 0.0217915 0.0020861 0.0112009 1.000000 1.000000 1.000000
vn 0.8547908 0.4873052 0.1785116
v 0.0196729 0.0111249 0.0073926 1.000000 1.000000 1.000000
vn 0.9361107 0.0811461 -0.3422163
v 0.0211070 0.0020795 -0.0127091 1.000000 1.000000 1.000000
vn 0.9952607 -0.0749412 -0.0619669
v 0.0229196 -0.0016151 -0.0022108 1.000000 1.000000 1.000000
vn 0.9964355 -0.0843239 -0.0024262
v 0.0229718 -0.0019859 0.0004892 1.000000 1.000000 1.000000
vn 0.9960040 -0.0733927 0.0508872
v 0.0229496 -0.0015995 0.0024550 1.000000 1.000000 1.000000
vn 0.9927462 -0.0738499 0.0948739
v 0.0228369 -0.0015537 0.0045298 1.000000 1.000000 1.000000
vn 0.9904185 -0.0807074 -0.1120608
v 0.0227147 -0.0017639 -0.0048853 1.000000 1.000000 1.000000
vn 0.9820744 -0.0745632 -0.1731195
v 0.0225647 -0.0016940 -0.0063329 1.000000 1.000000 1.000000
vn 0.9735031 0.0212502 0.2276845
v 0.0222013 0.0002311 0.0097204 1.000000 1.000000 1.000000
vn 0.9521680 0.0032649 -0.3055575
v 0.0216296 0.0002694 -0.0110920 1.000000 1.000000 1.000000
vn 0.9836484 -0.0813200 0.1606953
v 0.0225549 -0.0018206 0.0071522 1.000000 1.000000 1.000000
vn 0.9690310 -0.0703773 -0.2366983
v 0.0222355 -0.0016561 -0.0081857 1.000000 1.000000 1.000000
vn 0.9661438 0.0498121 0.2531498
v 0.0218827 0.0002542 0.0112158 1.000000 1.000000 1.000000
vn 0.9377628 0.1596017 0.3084288
v 0.0210387 0.0037638 0.0132137 1.000000 1.000000 1.000000
vn 0.9230904 0.2306133 0.3077688
v 0.0207358 0.0053275 0.0131684 1.000000 1.000000 1.000000
vn 0.8911774 0.3221736 0.3193854
v 0.0203196 0.0069261 0.0129252 1.000000 1.000000 1.000000
vn 0.8706735 0.3862568 0.3045217
v 0.0198632 0.0087060 0.0120948 1.000000 1.000000 1.000000
vn 0.9431642 0.1265674 0.3072817
v 0.0212060 0.0023290 0.0133376 1.000000 1.000000 1.000000
vn 0.8643781 0.4453498 0.2334825
v 0.0198106 0.0100247 0.0096921 1.000000 1.000000 1.000000
vn 0.8443704 0.4594518 -0.2755772
v 0.0193433 0.0100739 -0.0103649 1.000000 1.000000 1.000000
vn 0.8869259 0.2285026 -0.4014338
v 0.0199911 0.0051678 -0.0145809 1.000000 1.000000 1.000000
vn 0.8373547 0.4974461 -0.2266814
v 0.0191457 0.0112914 -0.0083268 1.000000 1.000000 1.000000
vn 0.9381875 0.0044303 -0.3460992
v 0.0211323 0.0002447 -0.0129243 1.000000 1.000000 1.000000
vn 0.8624576 0.3134181 -0.3974116
v 0.0194689 0.0067864 -0.0146044 1.000000 1.000000 1.000000
vn 0.9026932 0.1479181 -0.4040608
v 0.0202872 0.0034817 -0.0146923 1.000000 1.000000 1.000000
vn 0.9121370 0.0823443 -0.4015290
v 0.0204528 0.0020347 -0.0147600 1.000000 1.000000 1.000000
vn 0.9588408 -0.0725012 -0.2745323
v 0.0219313 -0.0016783 -0.0095913 1.000000 1.000000 1.000000
vn 0.9871694 -0.1471559 -0.0619827
v 0.0226922 -0.0036541 -0.0022783 1.000000 1.000000 1.000000
vn 0.9876623 -0.1565635 -0.0033314
v 0.0227513 -0.0038156 0.0004578 1.000000 1.000000 1.000000
vn 0.9806897 -0.1586266 -0.1143912
v 0.0225013 -0.0037699 -0.0047303 1.000000 1.000000 1.000000
vn 0.9872088 -0.1507249 0.0519691
v 0.0227286 -0.0036542 0.0024155 1.000000 1.000000 1.000000
vn 0.9748901 -0.0587710 0.2147913
v 0.0221834 -0.0017336 0.0094382 1.000000 1.000000 1.000000
vn 0.9838339 -0.1517359 0.0951160
v 0.0226148 -0.0036188 0.0045007 1.000000 1.000000 1.000000
vn 0.9772102 -0.1492877 0.1509086
v 0.0224228 -0.0033952 0.0067094 1.000000 1.000000 1.000000
vn 0.9699755 -0.1660450 -0.1776979
v 0.0223079 -0.0037643 -0.0064239 1.000000 1.000000 1.000000
vn 0.9605833 -0.1519903 -0.2327634
v 0.0220795 -0.0034788 -0.0079437 1.000000 1.000000 1.000000
vn 0.9494537 -0.0736215 -0.3051518
v 0.0215284 -0.0017128 -0.0112005 1.000000 1.000000 1.000000
vn 0.9350159 -0.0779671 -0.3459284
v 0.0210526 -0.0017467 -0.0129366 1.000000 1.000000 1.000000
vn 0.9705054 -0.0365733 0.2382892
v 0.0220299 -0.0016389 0.0102279 1.000000 1.000000 1.000000
vn 0.9106525 0.0063439 -0.4131247
v 0.0203982 0.0002562 -0.0151666 1.000000 1.000000 1.000000
vn 0.9107255 -0.0778965 -0.4056000
v 0.0204205 -0.0016856 -0.0149017 1.000000 1.000000 1.000000
vn 0.8442572 0.3753693 -0.3825279
v 0.0189834 0.0083401 -0.0142050 1.000000 1.000000 1.000000
vn 0.9494655 -0.1523598 -0.2744119
v 0.0217320 -0.0034787 -0.0095634 1.000000 1.000000 1.000000
vn 0.9382828 -0.1548894 -0.3092487
v 0.0213162 -0.0034249 -0.0112403 1.000000 1.000000 1.000000
vn 0.9715944 -0.1443938 0.1874961
v 0.0220970 -0.0034536 0.0088060 1.000000 1.000000 1.000000
vn 0.9751329 -0.2114237 -0.0664520
v 0.0224479 -0.0049034 -0.0024364 1.000000 1.000000 1.000000
vn 0.9792061 -0.2027890 -0.0056603
v 0.0225699 -0.0047519 0.0004046 1.000000 1.000000 1.000000
vn 0.9792182 -0.1966177 0.0497312
v 0.0223704 -0.0054955 0.0023827 1.000000 1.000000 1.000000
vn 0.9765422 -0.1950077 0.0913090
v 0.0222702 -0.0053880 0.0043603 1.000000 1.000000 1.000000
vn 0.8722525 0.1613059 -0.4616882
v 0.0195007 0.0037087 -0.0165705 1.000000 1.000000 1.000000
vn 0.8796229 0.0900705 -0.4670663
v 0.0196323 0.0021210 -0.0168186 1.000000 1.000000 1.000000
vn 0.9696288 -0.2148495 -0.1168747
v 0.0221397 -0.0054714 -0.0047047 1.000000 1.000000 1.000000
vn 0.8591630 0.2336376 -0.4552498
v 0.0192792 0.0052336 -0.0162927 1.000000 1.000000 1.000000
vn 0.9705819 -0.1885115 0.1497809
v 0.0221269 -0.0050716 0.0065227 1.000000 1.000000 1.000000
vn 0.9654673 -0.1879223 0.1804385
v 0.0218920 -0.0051339 0.0079805 1.000000 1.000000 1.000000
vn 0.9748378 -0.2225306 -0.0130909
v 0.0223351 -0.0057920 0.0003733 1.000000 1.000000 1.000000
vn 0.9243563 -0.1586307 -0.3469894
v 0.0208416 -0.0034474 -0.0128962 1.000000 1.000000 1.000000
vn 0.9598148 -0.2172173 -0.1776858
v 0.0219808 -0.0052772 -0.0063216 1.000000 1.000000 1.000000
vn 0.8786642 0.0081522 -0.4773707
v 0.0195820 0.0002670 -0.0171800 1.000000 1.000000 1.000000
vn 0.9692318 -0.2374863 -0.0647293
v 0.0221754 -0.0060282 -0.0023793 1.000000 1.000000 1.000000
vn 0.9504022 -0.2012629 -0.2371267
v 0.0216767 -0.0049415 -0.0084206 1.000000 1.000000 1.000000
vn 0.9414106 -0.1926197 -0.2768462
v 0.0214155 -0.0050295 -0.0095602 1.000000 1.000000 1.000000
vn 0.9306927 -0.1949143 -0.3095472
v 0.0210194 -0.0050019 -0.0111011 1.000000 1.000000 1.000000
vn 0.9216926 -0.1943685 -0.3357137
v 0.0205784 -0.0049159 -0.0127385 1.000000 1.000000 1.000000
vn 0.8329399 0.3063475 -0.4608280
v 0.0186446 0.0067510 -0.0166504 1.000000 1.000000 1.000000
vn 0.8183896 0.3918728 -0.4203264
v 0.0184315 0.0085675 -0.0153309 1.000000 1.000000 1.000000
vn 0.8263100 0.3546805 -0.4375083
v 0.0183800 0.0077777 -0.0162922 1.000000 1.000000 1.000000
vn 0.9078328 -0.1345873 -0.3971473
v 0.0202187 -0.0034849 -0.0147974 1.000000 1.000000 1.000000
vn 0.8842972 -0.0640990 -0.4625039
v 0.0195585 -0.0016769 -0.0170629 1.000000 1.000000 1.000000
vn 0.8899565 -0.1215095 -0.4395599
v 0.0193801 -0.0032588 -0.0169653 1.000000 1.000000 1.000000
vn 0.8355424 0.2187114 -0.5040182
v 0.0186187 0.0048799 -0.0179388 1.000000 1.000000 1.000000
vn 0.8194696 0.2800511 -0.5000410
v 0.0183006 0.0062909 -0.0177000 1.000000 1.000000 1.000000
vn 0.8469562 0.1539583 -0.5088831
v 0.0187709 0.0034036 -0.0182713 1.000000 1.000000 1.000000
vn 0.8424669 0.0869401 -0.5316868
v 0.0186947 0.0020400 -0.0188521 1.000000 1.000000 1.000000
vn 0.8515216 0.0236906 -0.5237840
v 0.0187597 0.0003529 -0.0189227 1.000000 1.000000 1.000000
vn 0.8106233 0.4851982 -0.3278302
v 0.0182823 0.0108299 -0.0125122 1.000000 1.000000 1.000000
vn 0.8189059 0.4372945 -0.3717079
v 0.0184345 0.0098616 -0.0136351 1.000000 1.000000 1.000000
vn 0.8092608 0.5200512 -0.2732102
v 0.0183934 0.0117204 -0.0103111 1.000000 1.000000 1.000000
vn 0.8244541 0.5462599 -0.1479041
v 0.0188785 0.0125484 -0.0053344 1.000000 1.000000 1.000000
vn 0.8242109 0.5561106 -0.1068529
v 0.0189614 0.0127959 -0.0032691 1.000000 1.000000 1.000000
vn 0.8296490 0.5581172 -0.0137029
v 0.0191466 0.0128319 0.0002968 1.000000 1.000000 1.000000
vn 0.8253647 0.5610213 -0.0634684
v 0.0190279 0.0128671 -0.0019412 1.000000 1.000000 1.000000
vn 0.8103398 0.5461829 -0.2122115
v 0.0186071 0.0122540 -0.0079784 1.000000 1.000000 1.000000
vn 0.8297217 0.5553423 0.0561870
v 0.0191700 0.0127290 0.0029477 1.000000 1.000000 1.000000
vn 0.8243176 0.5523861 0.1239764
v 0.0191059 0.0124857 0.0055261 1.000000 1.000000 1.000000
vn 0.8281327 0.5309059 0.1798196
v 0.0190807 0.0120674 0.0074422 1.000000 1.000000 1.000000
vn 0.7896414 0.4895923 -0.3698189
v 0.0180047 0.0107449 -0.0134460 1.000000 1.000000 1.000000
vn 0.8360785 0.4963524 0.2336815
v 0.0191196 0.0112774 0.0097192 1.000000 1.000000 1.000000
vn 0.8454309 0.4481595 0.2905163
v 0.0193015 0.0100930 0.0116059 1.000000 1.000000 1.000000
vn 0.8229761 0.4932335 0.2818351
v 0.0187940 0.0111511 0.0113254 1.000000 1.000000 1.000000
vn 0.8477672 0.4015251 0.3465087
v 0.0193291 0.0088788 0.0135754 1.000000 1.000000 1.000000
vn 0.8439888 0.3789652 0.3795632
v 0.0191588 0.0085275 0.0145281 1.000000 1.000000 1.000000
vn 0.8607883 0.3379454 0.3805740
v 0.0197993 0.0067034 0.0147393 1.000000 1.000000 1.000000
vn 0.7857557 0.6007272 -0.1473598
v 0.0180209 0.0137693 -0.0053639 1.000000 1.000000 1.000000
vn 0.7788857 0.5944172 -0.2000135
v 0.0178095 0.0135746 -0.0073240 1.000000 1.000000 1.000000
vn 0.7761432 0.4669891 -0.4237016
v 0.0174190 0.0103410 -0.0154798 1.000000 1.000000 1.000000
vn 0.7791141 0.5407186 -0.3171824
v 0.0177120 0.0120649 -0.0117922 1.000000 1.000000 1.000000
vn 0.7826515 0.6176301 -0.0773932
v 0.0180442 0.0142143 -0.0021665 1.000000 1.000000 1.000000
vn 0.7989388 0.5991762 0.0518161
v 0.0183843 0.0138523 0.0026376 1.000000 1.000000 1.000000
vn 0.7790107 0.6266481 0.0213194
v 0.0180005 0.0144054 0.0014834 1.000000 1.000000 1.000000
vn 0.7848013 0.6193435 -0.0223752
v 0.0180667 0.0143318 0.0000713 1.000000 1.000000 1.000000
vn 0.7814789 0.4167157 -0.4643693
v 0.0175232 0.0090963 -0.0167661 1.000000 1.000000 1.000000
vn 0.7855084 0.3644184 -0.5001758
v 0.0175772 0.0079388 -0.0178208 1.000000 1.000000 1.000000
vn 0.7857641 0.3113949 -0.5344231
v 0.0175101 0.0067375 -0.0189245 1.000000 1.000000 1.000000
vn 0.8222239 0.1548447 -0.5476961
v 0.0183151 0.0033829 -0.0191670 1.000000 1.000000 1.000000
vn 0.8121481 0.2099840 -0.5443550
v 0.0179853 0.0046678 -0.0192706 1.000000 1.000000 1.000000
vn 0.7778918 0.5691386 -0.2663937
v 0.0176257 0.0129022 -0.0100988 1.000000 1.000000 1.000000
vn 0.7856221 0.2747416 -0.5543600
v 0.0174451 0.0061516 -0.0194201 1.000000 1.000000 1.000000
vn 0.7414737 0.5610272 -0.3680561
v 0.0167047 0.0125774 -0.0135862 1.000000 1.000000 1.000000
vn 0.8049953 0.5644255 0.1827746
v 0.0185815 0.0127755 0.0075938 1.000000 1.000000 1.000000
vn 0.7751676 0.6209494 0.1163489
v 0.0179638 0.0141326 0.0050986 1.000000 1.000000 1.000000
vn 0.7715266 0.6121939 0.1731046
v 0.0178924 0.0137973 0.0072763 1.000000 1.000000 1.000000
vn 0.8023748 0.5503487 0.2308916
v 0.0184354 0.0123959 0.0095754 1.000000 1.000000 1.000000
vn 0.7506124 0.6112886 -0.2508133
v 0.0170119 0.0139097 -0.0095370 1.000000 1.000000 1.000000
vn 0.7268125 0.6105403 -0.3146175
v 0.0165112 0.0137176 -0.0117177 1.000000 1.000000 1.000000
vn 0.7393662 0.5270827 -0.4189529
v 0.0164815 0.0119044 -0.0152503 1.000000 1.000000 1.000000
vn 0.8094827 0.1198926 -0.5747726
v 0.0176210 0.0024404 -0.0206907 1.000000 1.000000 1.000000
vn 0.8633900 -0.0337915 -0.5034043
v 0.0186956 -0.0016369 -0.0188934 1.000000 1.000000 1.000000
vn 0.7892706 0.2039670 -0.5791800
v 0.0173769 0.0046294 -0.0203555 1.000000 1.000000 1.000000
vn 0.7453158 0.4087436 -0.5267192
v 0.0165785 0.0089401 -0.0187273 1.000000 1.000000 1.000000
vn 0.7401506 0.4571829 -0.4931134
v 0.0165023 0.0100944 -0.0176444 1.000000 1.000000 1.000000
vn 0.7381886 0.4923253 -0.4611869
v 0.0165240 0.0107815 -0.0167568 1.000000 1.000000 1.000000
vn 0.7475058 0.3512501 -0.5637894
v 0.0165164 0.0076856 -0.0199149 1.000000 1.000000 1.000000
vn 0.7496262 0.6457521 -0.1451372
v 0.0170625 0.0149280 -0.0053363 1.000000 1.000000 1.000000
vn 0.8192177 0.0546967 -0.5708683
v 0.0178789 0.0004343 -0.0204872 1.000000 1.000000 1.000000
vn 0.7669731 0.2335126 -0.5976823
v 0.0168154 0.0050080 -0.0210922 1.000000 1.000000 1.000000
vn 0.7436927 0.2882361 -0.6031926
v 0.0164459 0.0061718 -0.0210584 1.000000 1.000000 1.000000
vn 0.7281499 0.6539437 -0.2053181
v 0.0165195 0.0150782 -0.0074907 1.000000 1.000000 1.000000
vn 0.7848405 0.1696052 -0.5960365
v 0.0168328 0.0036967 -0.0215677 1.000000 1.000000 1.000000
vn 0.7593356 0.6466104 0.0728316
v 0.0176854 0.0146678 0.0032371 1.000000 1.000000 1.000000
vn 0.7816294 0.5529841 0.2885553
v 0.0179172 0.0124039 0.0115408 1.000000 1.000000 1.000000
vn 0.7304161 0.6770461 -0.0900055
v 0.0166248 0.0157949 -0.0027143 1.000000 1.000000 1.000000
vn 0.8028958 0.4867916 0.3440819
v 0.0182929 0.0109327 0.0133654 1.000000 1.000000 1.000000
vn 0.7343204 0.6765108 -0.0557378
v 0.0167827 0.0157149 -0.0015365 1.000000 1.000000 1.000000
vn 0.7405851 0.6716924 -0.0190541
v 0.0169719 0.0155875 -0.0000036 1.000000 1.000000 1.000000
vn 0.7587778 0.6105384 0.2269344
v 0.0175079 0.0137244 0.0093686 1.000000 1.000000 1.000000
vn 0.8400670 0.3377382 0.4245237
v 0.0190795 0.0067388 0.0165914 1.000000 1.000000 1.000000
vn 0.8305893 0.3527832 0.4308892
v 0.0185959 0.0080901 0.0164411 1.000000 1.000000 1.000000
vn 0.7092465 0.6553646 -0.2597437
v 0.0161519 0.0148825 -0.0095674 1.000000 1.000000 1.000000
vn 0.7042954 0.5678128 -0.4260948
v 0.0158093 0.0125983 -0.0155644 1.000000 1.000000 1.000000
vn 0.7214961 0.6765694 -0.1473002
v 0.0163422 0.0157191 -0.0053990 1.000000 1.000000 1.000000
vn 0.7213662 0.6909302 0.0473960
v 0.0165753 0.0159924 0.0023558 1.000000 1.000000 1.000000
vn 0.7959000 0.4581162 0.3958191
v 0.0179418 0.0102267 0.0154080 1.000000 1.000000 1.000000
vn 0.7054297 0.5100482 -0.4921584
v 0.0156898 0.0112972 -0.0176466 1.000000 1.000000 1.000000
vn 0.6754428 0.5625445 -0.4767818
v 0.0150216 0.0125088 -0.0172153 1.000000 1.000000 1.000000
vn 0.6968392 0.4609892 -0.5494581
v 0.0153653 0.0102077 -0.0194784 1.000000 1.000000 1.000000
vn 0.7033722 0.3979768 -0.5889670
v 0.0155268 0.0085821 -0.0207510 1.000000 1.000000 1.000000
vn 0.6964629 0.6225989 -0.3568055
v 0.0156636 0.0139780 -0.0132498 1.000000 1.000000 1.000000
vn 0.6673413 0.6306807 -0.3961030
v 0.0149211 0.0142157 -0.0144780 1.000000 1.000000 1.000000
vn 0.6478099 0.6161540 -0.4479916
v 0.0145034 0.0136640 -0.0162606 1.000000 1.000000 1.000000
vn 0.6870474 0.6985720 -0.1999075
v 0.0156142 0.0161088 -0.0071336 1.000000 1.000000 1.000000
vn 0.7271950 0.6773798 0.1111040
v 0.0165650 0.0157449 0.0047950 1.000000 1.000000 1.000000
vn 0.6970623 0.7168695 -0.0142230
v 0.0159999 0.0166141 0.0001049 1.000000 1.000000 1.000000
vn 0.8108978 0.3984145 0.4286149
v 0.0183544 0.0086873 0.0163861 1.000000 1.000000 1.000000
vn 0.7358274 0.6598314 0.1522519
v 0.0168726 0.0151431 0.0064147 1.000000 1.000000 1.000000
vn 0.6808197 0.7172999 -0.1482073
v 0.0155006 0.0165950 -0.0053141 1.000000 1.000000 1.000000
vn 0.6832771 0.7255234 -0.0821483
v 0.0155134 0.0169323 -0.0026018 1.000000 1.000000 1.000000
vn 0.6612450 0.7047943 -0.2569436
v 0.0151051 0.0160145 -0.0094041 1.000000 1.000000 1.000000
vn 0.6608981 0.6849768 -0.3066278
v 0.0148755 0.0155435 -0.0114655 1.000000 1.000000 1.000000
vn 0.6475195 0.6689975 -0.3649122
v 0.0145858 0.0150182 -0.0134869 1.000000 1.000000 1.000000
vn 0.7089043 0.3441153 -0.6156617
v 0.0155687 0.0076979 -0.0213479 1.000000 1.000000 1.000000
vn 0.7338396 0.6177399 0.2826250
v 0.0168607 0.0138394 0.0113641 1.000000 1.000000 1.000000
vn 0.7174895 0.6692708 0.1930942
v 0.0164152 0.0153127 0.0080486 1.000000 1.000000 1.000000
vn 0.7485038 0.5675340 0.3429975
v 0.0170856 0.0126743 0.0134403 1.000000 1.000000 1.000000
vn 0.7021288 0.6948144 0.1557183
v 0.0160406 0.0160495 0.0063816 1.000000 1.000000 1.000000
vn 0.6864860 0.7206529 0.0969350
v 0.0155774 0.0168103 0.0043889 1.000000 1.000000 1.000000
vn 0.7039343 0.6695707 0.2369638
v 0.0160904 0.0152450 0.0096633 1.000000 1.000000 1.000000
vn 0.7424774 0.5503151 0.3819435
v 0.0168082 0.0122429 0.0149489 1.000000 1.000000 1.000000
vn 0.7715217 0.5012352 0.3918131
v 0.0172929 0.0110651 0.0157282 1.000000 1.000000 1.000000
vn 0.8013996 0.3474720 0.4868491
v 0.0182438 0.0067738 0.0184647 1.000000 1.000000 1.000000
vn 0.6528288 0.5392085 -0.5320422
v 0.0142690 0.0119856 -0.0191054 1.000000 1.000000 1.000000
vn 0.6889968 0.4964073 -0.5280751
v 0.0149384 0.0107075 -0.0196081 1.000000 1.000000 1.000000
vn 0.6420377 0.7356902 -0.2157491
v 0.0147288 0.0167947 -0.0077003 1.000000 1.000000 1.000000
vn 0.6562831 0.7532603 0.0434914
v 0.0148846 0.0175918 0.0023518 1.000000 1.000000 1.000000
vn 0.7216722 0.2808330 -0.6327100
v 0.0157209 0.0056109 -0.0223866 1.000000 1.000000 1.000000
vn 0.7835355 0.3949034 0.4797119
v 0.0175708 0.0086544 0.0181325 1.000000 1.000000 1.000000
vn 0.7499900 0.4744853 0.4608457
v 0.0168096 0.0105773 0.0174804 1.000000 1.000000 1.000000
vn 0.6489437 0.7607036 -0.0142143
v 0.0148105 0.0176836 0.0000793 1.000000 1.000000 1.000000
vn 0.6405641 0.7641015 -0.0763324
v 0.0146422 0.0177173 -0.0024431 1.000000 1.000000 1.000000
vn 0.6370316 0.7554005 -0.1534956
v 0.0146674 0.0173427 -0.0052458 1.000000 1.000000 1.000000
vn 0.6192082 0.7068909 -0.3418866
v 0.0141091 0.0157813 -0.0127116 1.000000 1.000000 1.000000
vn 0.6694178 0.4263394 -0.6083704
v 0.0146055 0.0093204 -0.0213997 1.000000 1.000000 1.000000
vn 0.7000476 0.6344630 0.3277044
v 0.0159901 0.0142132 0.0129137 1.000000 1.000000 1.000000
vn 0.6707502 0.7152888 0.1961023
v 0.0151290 0.0165790 0.0081116 1.000000 1.000000 1.000000
vn 0.6462280 0.7519194 0.1304094
v 0.0146832 0.0174984 0.0054316 1.000000 1.000000 1.000000
vn 0.6803992 0.6683793 0.3005429
v 0.0155089 0.0151810 0.0117249 1.000000 1.000000 1.000000
vn 0.6952975 0.3133287 -0.6468280
v 0.0152040 0.0064893 -0.0225991 1.000000 1.000000 1.000000
vn 0.6151324 0.6613750 -0.4291797
v 0.0137832 0.0146924 -0.0156983 1.000000 1.000000 1.000000
vn 0.7220350 0.5337460 0.4402054
v 0.0162678 0.0119070 0.0166891 1.000000 1.000000 1.000000
vn 0.6082286 0.7392102 -0.2891822
v 0.0137689 0.0167959 -0.0106039 1.000000 1.000000 1.000000
vn 0.6347603 0.4708309 -0.6126969
v 0.0138367 0.0103802 -0.0214702 1.000000 1.000000 1.000000
vn 0.6536857 0.7146572 0.2489176
v 0.0146540 0.0165358 0.0100857 1.000000 1.000000 1.000000
vn 0.6540015 0.6949505 0.2988745
v 0.0147487 0.0159056 0.0117770 1.000000 1.000000 1.000000
vn 0.6897955 0.6209018 0.3723750
v 0.0156206 0.0139194 0.0144730 1.000000 1.000000 1.000000
vn 0.6156126 0.7743824 -0.1461266
v 0.0136763 0.0182418 -0.0046035 1.000000 1.000000 1.000000
vn 0.5966275 0.7710375 -0.2225690
v 0.0136306 0.0176546 -0.0079558 1.000000 1.000000 1.000000
vn 0.6181014 0.5990750 -0.5089791
v 0.0136937 0.0130913 -0.0184822 1.000000 1.000000 1.000000
vn 0.6020725 0.6332776 -0.4862800
v 0.0134710 0.0139112 -0.0175658 1.000000 1.000000 1.000000
vn 0.6761751 0.3547540 -0.6457065
v 0.0146691 0.0078267 -0.0224762 1.000000 1.000000 1.000000
vn 0.6335188 0.4148175 -0.6531312
v 0.0137015 0.0089540 -0.0228729 1.000000 1.000000 1.000000
vn 0.6135717 0.5256980 -0.5892126
v 0.0134457 0.0115702 -0.0207584 1.000000 1.000000 1.000000
vn 0.6263654 0.7793225 -0.0179681
v 0.0137851 0.0185115 0.0000011 1.000000 1.000000 1.000000
vn 0.6949395 0.5759925 0.4304554
v 0.0155353 0.0128718 0.0166596 1.000000 1.000000 1.000000
vn 0.6313081 0.7739292 0.0498367
v 0.0140398 0.0182765 0.0025146 1.000000 1.000000 1.000000
vn 0.6167027 0.7830241 -0.0809396
v 0.0136830 0.0184563 -0.0026392 1.000000 1.000000 1.000000
vn 0.6226193 0.7571819 0.1975373
v 0.0140063 0.0175998 0.0080032 1.000000 1.000000 1.000000
vn 0.5801584 0.7073273 -0.4038619
v 0.0128405 0.0159399 -0.0148368 1.000000 1.000000 1.000000
vn 0.5895588 0.5878590 -0.5539336
v 0.0130789 0.0128524 -0.0197042 1.000000 1.000000 1.000000
vn 0.5772457 0.7676131 -0.2784918
v 0.0130051 0.0175222 -0.0102069 1.000000 1.000000 1.000000
vn 0.5825897 0.7347893 -0.3473818
v 0.0130254 0.0165539 -0.0130293 1.000000 1.000000 1.000000
vn 0.5790057 0.6744133 -0.4581694
v 0.0130241 0.0149703 -0.0164454 1.000000 1.000000 1.000000
vn 0.6163547 0.7796922 0.1103952
v 0.0136766 0.0183487 0.0049557 1.000000 1.000000 1.000000
vn 0.6593419 0.6631866 0.3541918
v 0.0147844 0.0150033 0.0140167 1.000000 1.000000 1.000000
vn 0.5829945 0.7908765 -0.1860964
v 0.0129303 0.0186217 -0.0055904 1.000000 1.000000 1.000000
vn 0.7516199 0.3751845 0.5424982
v 0.0167545 0.0082458 0.0200348 1.000000 1.000000 1.000000
vn 0.7304173 0.4314139 0.5295024
v 0.0162126 0.0096431 0.0196254 1.000000 1.000000 1.000000
vn 0.6630812 0.6172937 0.4234053
v 0.0150013 0.0134949 0.0166224 1.000000 1.000000 1.000000
vn 0.5690849 0.7591322 -0.3160076
v 0.0120075 0.0175951 -0.0122481 1.000000 1.000000 1.000000
vn 0.6133058 0.7467358 0.2573744
v 0.0138169 0.0171841 0.0103468 1.000000 1.000000 1.000000
vn 0.6076486 0.7768843 0.1649667
v 0.0132989 0.0183932 0.0066823 1.000000 1.000000 1.000000
vn 0.7076804 0.4812703 0.5172691
v 0.0157654 0.0106199 0.0193601 1.000000 1.000000 1.000000
vn 0.7631437 0.3352736 0.5524522
v 0.0173075 0.0065416 0.0203748 1.000000 1.000000 1.000000
vn 0.6210964 0.7143142 0.3224818
v 0.0138503 0.0163672 0.0127781 1.000000 1.000000 1.000000
vn 0.6218593 0.6913919 0.3677884
v 0.0139254 0.0156368 0.0144292 1.000000 1.000000 1.000000
vn 0.6758920 0.5295659 0.5125720
v 0.0149463 0.0117621 0.0193100 1.000000 1.000000 1.000000
vn 0.6503200 0.5782399 0.4926689
v 0.0144666 0.0127881 0.0187182 1.000000 1.000000 1.000000
vn 0.6236689 0.6648255 0.4111499
v 0.0138629 0.0149722 0.0160126 1.000000 1.000000 1.000000
vn 0.5530649 0.7478003 -0.3673063
v 0.0120562 0.0171659 -0.0133518 1.000000 1.000000 1.000000
vn 0.5613974 0.7951777 -0.2291844
v 0.0117958 0.0188822 -0.0082470 1.000000 1.000000 1.000000
vn 0.5584894 0.7831720 -0.2733702
v 0.0118659 0.0182894 -0.0103669 1.000000 1.000000 1.000000
vn 0.5436087 0.7224624 -0.4272443
v 0.0117687 0.0164913 -0.0154468 1.000000 1.000000 1.000000
vn 0.5935458 0.7758384 0.2139585
v 0.0128284 0.0184288 0.0083327 1.000000 1.000000 1.000000
vn 0.5903432 0.7701741 0.2415091
v 0.0124408 0.0182486 0.0103087 1.000000 1.000000 1.000000
vn 0.5472984 0.6347692 -0.5454655
v 0.0121112 0.0138457 -0.0195617 1.000000 1.000000 1.000000
vn 0.6435603 0.3537093 -0.6787634
v 0.0137850 0.0078788 -0.0235396 1.000000 1.000000 1.000000
vn 0.5198971 0.7040052 -0.4838221
v 0.0114676 0.0157493 -0.0173208 1.000000 1.000000 1.000000
vn 0.5424896 0.6673329 -0.5102665
v 0.0119567 0.0147137 -0.0184090 1.000000 1.000000 1.000000
vn 0.5930953 0.7508020 0.2907481
v 0.0128813 0.0175858 0.0114986 1.000000 1.000000 1.000000
vn 0.6559471 0.3196391 -0.6837867
v 0.0139054 0.0063531 -0.0242775 1.000000 1.000000 1.000000
vn 0.5905795 0.4863828 -0.6439313
v 0.0128472 0.0106045 -0.0224286 1.000000 1.000000 1.000000
vn 0.5965636 0.4427318 -0.6694031
v 0.0129169 0.0094673 -0.0233466 1.000000 1.000000 1.000000
vn 0.5552425 0.5482709 -0.6253839
v 0.0121793 0.0119336 -0.0218639 1.000000 1.000000 1.000000
vn 0.5795267 0.7439460 0.3327059
v 0.0129316 0.0169820 0.0131409 1.000000 1.000000 1.000000
vn 0.5788682 0.7273600 0.3685907
v 0.0127869 0.0165856 0.0144851 1.000000 1.000000 1.000000
vn 0.6131678 0.6372428 0.4668479
v 0.0136465 0.0141393 0.0179145 1.000000 1.000000 1.000000
vn 0.5831912 0.7014152 0.4097618
v 0.0128049 0.0159369 0.0159223 1.000000 1.000000 1.000000
vn 0.5259173 0.7560412 -0.3896315
v 0.0112075 0.0176324 -0.0136484 1.000000 1.000000 1.000000
vn 0.6780593 0.4133936 0.6077347
v 0.0150405 0.0091700 0.0219080 1.000000 1.000000 1.000000
vn 0.7281207 0.3575006 0.5848364
v 0.0162193 0.0079946 0.0210750 1.000000 1.000000 1.000000
vn 0.7365158 0.3291171 0.5909539
v 0.0166980 0.0065300 0.0213454 1.000000 1.000000 1.000000
vn 0.6515643 0.4858949 0.5825548
v 0.0143667 0.0107903 0.0213015 1.000000 1.000000 1.000000
vn 0.5587246 0.7557946 0.3414695
v 0.0119802 0.0176096 0.0133596 1.000000 1.000000 1.000000
vn 0.6107702 0.5563028 0.5634598
v 0.0133904 0.0123496 0.0208872 1.000000 1.000000 1.000000
vn 0.5118208 0.6060501 -0.6088865
v 0.0111700 0.0132826 -0.0213669 1.000000 1.000000 1.000000
vn 0.6000897 0.3783180 -0.7048175
v 0.0128864 0.0079041 -0.0245194 1.000000 1.000000 1.000000
vn 0.5647951 0.4205220 -0.7100477
v 0.0122268 0.0090250 -0.0244230 1.000000 1.000000 1.000000
vn 0.5417997 0.4899916 -0.6829065
v 0.0117625 0.0105200 -0.0236770 1.000000 1.000000 1.000000
vn 0.4898463 0.7289473 -0.4782118
v 0.0102904 0.0168503 -0.0167378 1.000000 1.000000 1.000000
vn 0.4963959 0.6742853 -0.5467455
v 0.0103705 0.0150981 -0.0197076 1.000000 1.000000 1.000000
vn 0.5054142 0.6448385 -0.5733584
v 0.0111236 0.0140551 -0.0203916 1.000000 1.000000 1.000000
vn 0.5495570 0.6927927 0.4669320
v 0.0121909 0.0154552 0.0178477 1.000000 1.000000 1.000000
vn 0.5809044 0.6569743 0.4805568
v 0.0127801 0.0146651 0.0183546 1.000000 1.000000 1.000000
vn 0.6952758 0.3491576 0.6282361
v 0.0154842 0.0078556 0.0222647 1.000000 1.000000 1.000000
vn 0.7030181 0.3285222 0.6307446
v 0.0158268 0.0065672 0.0226240 1.000000 1.000000 1.000000
vn 0.5568932 0.7366755 0.3836396
v 0.0119904 0.0169284 0.0151028 1.000000 1.000000 1.000000
vn 0.5497724 0.7145222 0.4326758
v 0.0118205 0.0164508 0.0164697 1.000000 1.000000 1.000000
vn 0.5786483 0.6181347 0.5320485
v 0.0128050 0.0135578 0.0200416 1.000000 1.000000 1.000000
vn 0.4924476 0.7036548 -0.5122161
v 0.0100660 0.0156291 -0.0191884 1.000000 1.000000 1.000000
vn 0.4995845 0.5567122 -0.6636919
v 0.0109541 0.0121033 -0.0229132 1.000000 1.000000 1.000000
vn 0.5295231 0.6719307 0.5177977
v 0.0119140 0.0148806 0.0192148 1.000000 1.000000 1.000000
vn 0.4616901 0.6425945 -0.6114855
v 0.0101655 0.0140704 -0.0213455 1.000000 1.000000 1.000000
vn 0.5914389 0.4870673 0.6426239
v 0.0130375 0.0108794 0.0228971 1.000000 1.000000 1.000000
vn 0.5514994 0.3837964 -0.7406408
v 0.0124229 0.0075172 -0.0252256 1.000000 1.000000 1.000000
vn 0.6237055 0.4113032 0.6646963
v 0.0137063 0.0092341 0.0235139 1.000000 1.000000 1.000000
vn 0.5479103 0.5874420 0.5955722
v 0.0122286 0.0128835 0.0216625 1.000000 1.000000 1.000000
vn 0.5702932 0.5357451 0.6226901
v 0.0126529 0.0118913 0.0222904 1.000000 1.000000 1.000000
vn 0.6423342 0.3446067 0.6845824
v 0.0141295 0.0076669 0.0240922 1.000000 1.000000 1.000000
vn 0.6522450 0.3197454 0.6872696
v 0.0144434 0.0068090 0.0242172 1.000000 1.000000 1.000000
vn 0.5054613 0.7084123 0.4926062
v 0.0109604 0.0161173 0.0182525 1.000000 1.000000 1.000000
vn 0.5102137 0.6407887 0.5736478
v 0.0113892 0.0139972 0.0211525 1.000000 1.000000 1.000000
vn 0.4607719 0.6074448 -0.6470705
v 0.0101007 0.0131240 -0.0225585 1.000000 1.000000 1.000000
vn 0.4873936 0.5145481 -0.7054699
v 0.0108358 0.0109036 -0.0241648 1.000000 1.000000 1.000000
vn 0.4969231 0.4627347 -0.7341281
v 0.0107965 0.0096781 -0.0252360 1.000000 1.000000 1.000000
vn 0.4446041 0.6497712 -0.6165425
v 0.0092750 0.0146640 -0.0213654 1.000000 1.000000 1.000000
vn 0.4925244 0.6945679 0.5243998
v 0.0102546 0.0159912 0.0193228 1.000000 1.000000 1.000000
vn 0.5111893 0.4181775 -0.7508749
v 0.0105261 0.0086289 -0.0262238 1.000000 1.000000 1.000000
vn 0.4432526 0.5678049 -0.6936316
v 0.0093940 0.0125227 -0.0238220 1.000000 1.000000 1.000000
vn 0.5393059 0.3699842 -0.7564792
v 0.0110293 0.0070544 -0.0267315 1.000000 1.000000 1.000000
vn 0.4749077 0.6606039 0.5814338
v 0.0103003 0.0147782 0.0211805 1.000000 1.000000 1.000000
vn 0.5172128 0.5531772 0.6530589
v 0.0112412 0.0123352 0.0233079 1.000000 1.000000 1.000000
vn 0.4356163 0.6237938 -0.6489374
v 0.0088174 0.0135506 -0.0231158 1.000000 1.000000 1.000000
vn 0.4270560 0.5267000 -0.7349900
v 0.0091181 0.0112319 -0.0252498 1.000000 1.000000 1.000000
vn 0.5931749 0.4163715 0.6890417
v 0.0124268 0.0092461 0.0248772 1.000000 1.000000 1.000000
vn 0.6154292 0.3501638 0.7061390
v 0.0128759 0.0078487 0.0253360 1.000000 1.000000 1.000000
vn 0.4800295 0.6160900 0.6245037
v 0.0108431 0.0134143 0.0224460 1.000000 1.000000 1.000000
vn 0.5493227 0.4912095 0.6759865
v 0.0118374 0.0107043 0.0242817 1.000000 1.000000 1.000000
vn 0.6228394 0.3164252 0.7155042
v 0.0132202 0.0064873 0.0257135 1.000000 1.000000 1.000000
vn 0.4569897 0.4758789 -0.7514650
v 0.0092142 0.0093974 -0.0266434 1.000000 1.000000 1.000000
vn 0.4301153 0.5002121 -0.7515243
v 0.0086375 0.0103443 -0.0263193 1.000000 1.000000 1.000000
vn 0.5089292 0.5184104 0.6871985
v 0.0105550 0.0118736 0.0243651 1.000000 1.000000 1.000000
vn 0.4385104 0.6420525 0.6288698
v 0.0092096 0.0148642 0.0220583 1.000000 1.000000 1.000000
vn 0.4374868 0.6298349 0.6418047
v 0.0097682 0.0133580 0.0234653 1.000000 1.000000 1.000000
vn 0.3927264 0.5642243 -0.7262347
v 0.0081491 0.0127773 -0.0244144 1.000000 1.000000 1.000000
vn 0.3878039 0.5513760 -0.7386425
v 0.0074316 0.0119329 -0.0256969 1.000000 1.000000 1.000000
vn 0.4140140 0.6403288 0.6469709
v 0.0084726 0.0142491 0.0234001 1.000000 1.000000 1.000000
vn 0.4113044 0.6367025 0.6522564
v 0.0090436 0.0133517 0.0240371 1.000000 1.000000 1.000000
vn 0.1992110 0.9064546 0.3723643
v 0.0043783 0.0203494 0.0149888 1.000000 1.000000 1.000000
vn 0.1391732 0.8971448 0.4192399
v 0.0030770 0.0201850 0.0161429 1.000000 1.000000 1.000000
vn 0.2281184 0.8730978 0.4308855
v 0.0049365 0.0195793 0.0166953 1.000000 1.000000 1.000000
vn 0.1674536 0.8583282 0.4850073
v 0.0036871 0.0192837 0.0181228 1.000000 1.000000 1.000000
vn 0.1212289 0.9231722 0.3647693
v 0.0028532 0.0205671 0.0151173 1.000000 1.000000 1.000000
vn 0.2758648 0.8840795 0.3772295
v 0.0061556 0.0199056 0.0148631 1.000000 1.000000 1.000000
vn 0.2845029 0.8552319 0.4331703
v 0.0062825 0.0192358 0.0165558 1.000000 1.000000 1.000000
vn 0.2598480 0.9066876 0.3322601
v 0.0059692 0.0204920 0.0132239 1.000000 1.000000 1.000000
vn 0.1971215 0.9284638 0.3147986
v 0.0046151 0.0209939 0.0126190 1.000000 1.000000 1.000000
vn 0.1323690 0.9382893 0.3195179
v 0.0029017 0.0211888 0.0130200 1.000000 1.000000 1.000000
vn 0.2561628 0.9250408 0.2805000
v 0.0059692 0.0210403 0.0111699 1.000000 1.000000 1.000000
vn 0.1934201 0.9433283 0.2696671
v 0.0045485 0.0214671 0.0108525 1.000000 1.000000 1.000000
vn 0.1305482 0.9498554 0.2841336
v 0.0029513 0.0216237 0.0112925 1.000000 1.000000 1.000000
vn 0.3162548 0.9055479 0.2827826
v 0.0073434 0.0205567 0.0114270 1.000000 1.000000 1.000000
vn 0.2577540 0.9355335 0.2415369
v 0.0060228 0.0213272 0.0098437 1.000000 1.000000 1.000000
vn 0.3307152 0.8824059 0.3346452
v 0.0075753 0.0200160 0.0130586 1.000000 1.000000 1.000000
vn 0.3281916 0.8672482 0.3743941
v 0.0074323 0.0195570 0.0145915 1.000000 1.000000 1.000000
vn 0.3285985 0.8434111 0.4250655
v 0.0072264 0.0190186 0.0162526 1.000000 1.000000 1.000000
vn 0.3179124 0.9173690 0.2395118
v 0.0073216 0.0209443 0.0097383 1.000000 1.000000 1.000000
vn 0.1983867 0.9602224 0.1965089
v 0.0045824 0.0219822 0.0082358 1.000000 1.000000 1.000000
vn 0.2553696 0.9465312 0.1971425
v 0.0059793 0.0216274 0.0083447 1.000000 1.000000 1.000000
vn 0.1351844 0.9619311 0.2375161
v 0.0030162 0.0220112 0.0095207 1.000000 1.000000 1.000000
vn 0.3216394 0.9259757 0.1977807
v 0.0074867 0.0212037 0.0081481 1.000000 1.000000 1.000000
vn 0.1274345 0.9742793 0.1858503
v 0.0029131 0.0223059 0.0079800 1.000000 1.000000 1.000000
vn 0.0729648 0.9400399 0.3331681
v 0.0018695 0.0212217 0.0133090 1.000000 1.000000 1.000000
vn 0.0713767 0.9546581 0.2890214
v 0.0016618 0.0217526 0.0113401 1.000000 1.000000 1.000000
vn 0.0712256 0.9662362 0.2476175
v 0.0016873 0.0220595 0.0100027 1.000000 1.000000 1.000000
vn 0.0702899 0.9096935 0.4092883
v 0.0018423 0.0203261 0.0161497 1.000000 1.000000 1.000000
vn 0.0688436 0.9781594 0.1961247
v 0.0016892 0.0223847 0.0082287 1.000000 1.000000 1.000000
vn 0.1922735 0.9722981 0.1329181
v 0.0045624 0.0223595 0.0055209 1.000000 1.000000 1.000000
vn 0.2530582 0.9532918 0.1649132
v 0.0060915 0.0218480 0.0066072 1.000000 1.000000 1.000000
vn 0.3115004 0.9361612 0.1630025
v 0.0073626 0.0214326 0.0068962 1.000000 1.000000 1.000000
vn 0.2657721 0.9560447 0.1238700
v 0.0062865 0.0219958 0.0051066 1.000000 1.000000 1.000000
vn 0.1224340 0.9842575 0.1274641
v 0.0027962 0.0226378 0.0055198 1.000000 1.000000 1.000000
vn 0.3947909 0.8843243 0.2492204
v 0.0090675 0.0201851 0.0101368 1.000000 1.000000 1.000000
vn 0.3856310 0.8776686 0.2845817
v 0.0087814 0.0200538 0.0111725 1.000000 1.000000 1.000000
vn 0.4011641 0.8938121 0.2004180
v 0.0092231 0.0205015 0.0082590 1.000000 1.000000 1.000000
vn 0.3317901 0.9358827 0.1184856
v 0.0076726 0.0215478 0.0051085 1.000000 1.000000 1.000000
vn 0.0724437 0.9855341 0.1532139
v 0.0016005 0.0226612 0.0062761 1.000000 1.000000 1.000000
vn 0.1904540 0.9785515 0.0785128
v 0.0046947 0.0225217 0.0032860 1.000000 1.000000 1.000000
vn 0.2305126 0.9699110 0.0783367
v 0.0055697 0.0223357 0.0031654 1.000000 1.000000 1.000000
vn 0.1340308 0.9879594 0.0772791
v 0.0031769 0.0227699 0.0032662 1.000000 1.000000 1.000000
vn 0.2795282 0.9587711 0.0512053
v 0.0065137 0.0221332 0.0025092 1.000000 1.000000 1.000000
vn 0.3274330 0.9417761 0.0764554
v 0.0073774 0.0218088 0.0031776 1.000000 1.000000 1.000000
vn 0.3801454 0.9129822 0.1481659
v 0.0088438 0.0209643 0.0062782 1.000000 1.000000 1.000000
vn 0.4021994 0.8521512 0.3347745
v 0.0091414 0.0192847 0.0132762 1.000000 1.000000 1.000000
vn 0.3926300 0.8370799 0.3809711
v 0.0088994 0.0189256 0.0146549 1.000000 1.000000 1.000000
vn 0.3949129 0.9127158 0.1048511
v 0.0091231 0.0210308 0.0046205 1.000000 1.000000 1.000000
vn 0.3932895 0.9166992 0.0706112
v 0.0090245 0.0211964 0.0031122 1.000000 1.000000 1.000000
vn 0.2284974 0.9731992 0.0259290
v 0.0055190 0.0224040 0.0017639 1.000000 1.000000 1.000000
vn 0.1782250 0.9834725 0.0319025
v 0.0044197 0.0226325 0.0018661 1.000000 1.000000 1.000000
vn 0.0642425 0.9911820 0.1158933
v 0.0013050 0.0228199 0.0050243 1.000000 1.000000 1.000000
vn 0.0726583 0.9945710 0.0744937
v 0.0014409 0.0229549 0.0031741 1.000000 1.000000 1.000000
vn 0.1173598 0.9924285 0.0362284
v 0.0026370 0.0229071 0.0018025 1.000000 1.000000 1.000000
vn -0.0012783 0.9869872 0.1607936
v -0.0000447 0.0226864 0.0066681 1.000000 1.000000 1.000000
vn -0.0002141 0.9928362 0.1194836
v -0.0000132 0.0228766 0.0050041 1.000000 1.000000 1.000000
vn -0.0069870 0.9795741 0.2009621
v -0.0001499 0.0224546 0.0082249 1.000000 1.000000 1.000000
vn -0.0058908 0.9692943 0.2458333
v -0.0001136 0.0221285 0.0099905 1.000000 1.000000 1.000000
vn -0.0027163 0.9563468 0.2922218
v -0.0000618 0.0217654 0.0115878 1.000000 1.000000 1.000000
vn 0.0033059 0.9417319 0.3363484
v 0.0000702 0.0213262 0.0132421 1.000000 1.000000 1.000000
vn -0.0044100 0.9301358 0.3671893
v -0.0000851 0.0207859 0.0149660 1.000000 1.000000 1.000000
vn 0.1908984 0.9814714 -0.0164856
v 0.0046927 0.0226013 -0.0001846 1.000000 1.000000 1.000000
vn 0.2371811 0.9713930 -0.0118668
v 0.0056200 0.0223938 0.0000073 1.000000 1.000000 1.000000
vn 0.1296971 0.9914742 -0.0125591
v 0.0028809 0.0228975 -0.0000763 1.000000 1.000000 1.000000
vn -0.0025635 0.9969603 0.0778690
v -0.0000500 0.0230126 0.0033315 1.000000 1.000000 1.000000
vn 0.2816265 0.9594401 -0.0126984
v 0.0065692 0.0221464 -0.0000219 1.000000 1.000000 1.000000
vn 0.3309747 0.9432501 0.0271121
v 0.0074463 0.0218441 0.0018390 1.000000 1.000000 1.000000
vn 0.3333162 0.9427385 -0.0120212
v 0.0075358 0.0218297 -0.0000296 1.000000 1.000000 1.000000
vn 0.3943993 0.9185365 0.0271999
v 0.0090444 0.0212356 0.0019380 1.000000 1.000000 1.000000
vn 0.3977156 0.9174261 -0.0123155
v 0.0090223 0.0212639 0.0000232 1.000000 1.000000 1.000000
vn 0.0568459 0.9977350 0.0359643
v 0.0009479 0.0230533 0.0015902 1.000000 1.000000 1.000000
vn -0.0064574 0.9994968 0.0310550
v -0.0000465 0.0230966 0.0014985 1.000000 1.000000 1.000000
vn 0.0695643 0.9975439 -0.0081825
v 0.0013808 0.0230487 0.0001262 1.000000 1.000000 1.000000
vn 0.2298429 0.9709802 -0.0661029
v 0.0054664 0.0223626 -0.0022500 1.000000 1.000000 1.000000
vn 0.1337727 0.9894146 -0.0562462
v 0.0030943 0.0228160 -0.0017819 1.000000 1.000000 1.000000
vn 0.2779675 0.9580992 -0.0691375
v 0.0064759 0.0220930 -0.0023766 1.000000 1.000000 1.000000
vn 0.3342573 0.9410457 -0.0520106
v 0.0075504 0.0217661 -0.0019135 1.000000 1.000000 1.000000
vn 0.3998975 0.9153087 -0.0478753
v 0.0090580 0.0211932 -0.0016448 1.000000 1.000000 1.000000
vn 0.4427417 0.8837281 0.1516722
v 0.0101682 0.0203329 0.0064430 1.000000 1.000000 1.000000
vn 0.1902856 0.9784382 -0.0803125
v 0.0046130 0.0225202 -0.0026950 1.000000 1.000000 1.000000
vn 0.4546464 0.8853151 0.0975389
v 0.0103800 0.0204470 0.0045658 1.000000 1.000000 1.000000
vn 0.0710759 0.9961273 -0.0517556
v 0.0014459 0.0229940 -0.0016900 1.000000 1.000000 1.000000
vn -0.0122502 0.9997872 -0.0166005
v -0.0000952 0.0231074 0.0000727 1.000000 1.000000 1.000000
vn 0.1373667 0.9861883 -0.0925370
v 0.0032372 0.0227097 -0.0032017 1.000000 1.000000 1.000000
vn 0.0779774 0.9928619 -0.0902487
v 0.0015570 0.0229130 -0.0030475 1.000000 1.000000 1.000000
vn 0.3311272 0.9393300 -0.0895210
v 0.0075401 0.0217045 -0.0030246 1.000000 1.000000 1.000000
vn 0.2605554 0.9572947 -0.1252909
v 0.0061859 0.0220000 -0.0044908 1.000000 1.000000 1.000000
vn 0.3241063 0.9368789 -0.1311983
v 0.0073777 0.0215917 -0.0048535 1.000000 1.000000 1.000000
vn 0.4445934 0.8947847 0.0411944
v 0.0101280 0.0207042 0.0023945 1.000000 1.000000 1.000000
vn 0.1920631 0.9718325 -0.1365777
v 0.0045375 0.0223381 -0.0049463 1.000000 1.000000 1.000000
vn -0.0039474 0.9971998 -0.0746793
v -0.0000162 0.0230044 -0.0026447 1.000000 1.000000 1.000000
vn -0.0725569 0.9905609 0.1162956
v -0.0014444 0.0228023 0.0051265 1.000000 1.000000 1.000000
vn -0.0756740 0.9855719 0.1513986
v -0.0016183 0.0226538 0.0063477 1.000000 1.000000 1.000000
vn -0.0730281 0.9781834 0.1944841
v -0.0018663 0.0223716 0.0082211 1.000000 1.000000 1.000000
vn -0.0745282 0.9944444 0.0743361
v -0.0013975 0.0229559 0.0031572 1.000000 1.000000 1.000000
vn -0.0774427 0.9962038 0.0397567
v -0.0015279 0.0229982 0.0020009 1.000000 1.000000 1.000000
vn -0.0970541 0.9650465 0.2434455
v -0.0021779 0.0220640 0.0097841 1.000000 1.000000 1.000000
vn -0.0760885 0.9544958 0.2883545
v -0.0017907 0.0217500 0.0113156 1.000000 1.000000 1.000000
vn 0.1239230 0.9833242 -0.1331039
v 0.0029016 0.0226103 -0.0047735 1.000000 1.000000 1.000000
vn -0.0053937 0.9103649 0.4137713
v -0.0000978 0.0203260 0.0163628 1.000000 1.000000 1.000000
vn 0.3943349 0.9142527 -0.0929620
v 0.0089711 0.0211446 -0.0031414 1.000000 1.000000 1.000000
vn 0.0756542 0.9864258 -0.1457420
v 0.0016072 0.0226965 -0.0051526 1.000000 1.000000 1.000000
vn 0.4727981 0.8451523 0.2493585
v 0.0108450 0.0193080 0.0100929 1.000000 1.000000 1.000000
vn 0.1272508 0.9757341 -0.1781856
v 0.0029913 0.0223629 -0.0066496 1.000000 1.000000 1.000000
vn 0.0024741 0.9918464 -0.1274149
v -0.0000279 0.0228591 -0.0044085 1.000000 1.000000 1.000000
vn -0.0852913 0.9962561 -0.0141147
v -0.0016670 0.0230109 0.0002961 1.000000 1.000000 1.000000
vn -0.0732378 0.9398872 0.3335392
v -0.0017187 0.0212603 0.0131934 1.000000 1.000000 1.000000
vn -0.0718234 0.9144374 0.3983036
v -0.0017136 0.0203752 0.0159845 1.000000 1.000000 1.000000
vn -0.1342335 0.9794869 0.1502894
v -0.0030489 0.0224869 0.0064674 1.000000 1.000000 1.000000
vn -0.1231601 0.9744935 0.1876007
v -0.0027872 0.0223063 0.0080528 1.000000 1.000000 1.000000
vn -0.1289105 0.9846447 0.1177156
v -0.0029667 0.0226377 0.0052322 1.000000 1.000000 1.000000
vn -0.1229556 0.9899236 0.0702375
v -0.0028457 0.0228083 0.0031736 1.000000 1.000000 1.000000
vn -0.0652773 0.9955376 -0.0681449
v -0.0008701 0.0229706 -0.0025340 1.000000 1.000000 1.000000
vn -0.1268130 0.9916000 0.0254527
v -0.0026782 0.0229000 0.0015305 1.000000 1.000000 1.000000
vn 0.0632323 0.9827068 -0.1740378
v 0.0013642 0.0225722 -0.0062407 1.000000 1.000000 1.000000
vn 0.1950739 0.9643547 -0.1787913
v 0.0046590 0.0220890 -0.0065813 1.000000 1.000000 1.000000
vn 0.2473134 0.9539120 -0.1699649
v 0.0058063 0.0218707 -0.0062866 1.000000 1.000000 1.000000
vn 0.3152793 0.9327552 -0.1748339
v 0.0073779 0.0214157 -0.0061971 1.000000 1.000000 1.000000
vn -0.0026935 0.9843880 -0.1759917
v -0.0000345 0.0226328 -0.0062054 1.000000 1.000000 1.000000
vn -0.0724953 0.9895154 -0.1249148
v -0.0011830 0.0228049 -0.0044951 1.000000 1.000000 1.000000
vn -0.1017831 0.9926164 -0.0659765
v -0.0018849 0.0228897 -0.0024190 1.000000 1.000000 1.000000
vn 0.1355384 0.9648848 -0.2250038
v 0.0031585 0.0221008 -0.0080702 1.000000 1.000000 1.000000
vn 0.1955858 0.9541357 -0.2266524
v 0.0046890 0.0218013 -0.0082898 1.000000 1.000000 1.000000
vn 0.2451796 0.9443540 -0.2192772
v 0.0056112 0.0216212 -0.0080661 1.000000 1.000000 1.000000
vn 0.2832476 0.9313110 -0.2289777
v 0.0065735 0.0213094 -0.0082826 1.000000 1.000000 1.000000
vn 0.0878557 0.9717633 -0.2189920
v 0.0020370 0.0222256 -0.0080629 1.000000 1.000000 1.000000
vn -0.1328959 0.9908305 -0.0243633
v -0.0028255 0.0228773 0.0000422 1.000000 1.000000 1.000000
vn -0.1623122 0.9842751 0.0696941
v -0.0038194 0.0226634 0.0032925 1.000000 1.000000 1.000000
vn 0.0490558 0.9722102 -0.2289125
v 0.0009651 0.0222156 -0.0085257 1.000000 1.000000 1.000000
vn -0.0054373 0.9767336 -0.2143871
v -0.0000477 0.0223121 -0.0081649 1.000000 1.000000 1.000000
vn -0.1342995 0.9496795 0.2829709
v -0.0028876 0.0216403 0.0112529 1.000000 1.000000 1.000000
vn -0.1350310 0.9370822 0.3219373
v -0.0029689 0.0211969 0.0129184 1.000000 1.000000 1.000000
vn -0.1834711 0.9826543 0.0269986
v -0.0043468 0.0226271 0.0018829 1.000000 1.000000 1.000000
vn -0.1804084 0.9612243 0.2085683
v -0.0041511 0.0220247 0.0085012 1.000000 1.000000 1.000000
vn -0.1933079 0.9487101 0.2501622
v -0.0045235 0.0216458 0.0100249 1.000000 1.000000 1.000000
vn -0.1503290 0.9869028 -0.0585152
v -0.0033161 0.0227334 -0.0019576 1.000000 1.000000 1.000000
vn -0.1367549 0.9861528 -0.0938131
v -0.0029025 0.0227082 -0.0034133 1.000000 1.000000 1.000000
vn -0.2049985 0.9657134 0.1592901
v -0.0048251 0.0221498 0.0067469 1.000000 1.000000 1.000000
vn -0.1894169 0.9749281 0.1167756
v -0.0045960 0.0223740 0.0051691 1.000000 1.000000 1.000000
vn -0.1824951 0.9830372 -0.0182582
v -0.0043126 0.0226433 0.0000467 1.000000 1.000000 1.000000
vn -0.0774466 0.9817729 -0.1735628
v -0.0016214 0.0225348 -0.0063371 1.000000 1.000000 1.000000
vn -0.0778568 0.9738425 -0.2134696
v -0.0017200 0.0222356 -0.0081801 1.000000 1.000000 1.000000
vn -0.1329440 0.9825022 -0.1304433
v -0.0028730 0.0225572 -0.0050645 1.000000 1.000000 1.000000
vn -0.1268377 0.9765297 -0.1740747
v -0.0028574 0.0223825 -0.0065279 1.000000 1.000000 1.000000
vn 0.0870267 0.9610412 -0.2623474
v 0.0019490 0.0218854 -0.0097999 1.000000 1.000000 1.000000
vn 0.1379926 0.9526753 -0.2708650
v 0.0031568 0.0216805 -0.0100525 1.000000 1.000000 1.000000
vn 0.2028136 0.9358943 -0.2880426
v 0.0047997 0.0213022 -0.0104769 1.000000 1.000000 1.000000
vn 0.2547958 0.9289936 -0.2684212
v 0.0055304 0.0212263 -0.0100045 1.000000 1.000000 1.000000
vn 0.3730594 0.9115953 -0.1726867
v 0.0083404 0.0210629 -0.0061402 1.000000 1.000000 1.000000
vn 0.4048291 0.9028679 -0.1447171
v 0.0092803 0.0207819 -0.0053036 1.000000 1.000000 1.000000
vn -0.0004054 0.9651521 -0.2616894
v -0.0000521 0.0220205 -0.0096520 1.000000 1.000000 1.000000
vn -0.0792832 0.9649369 -0.2502222
v -0.0017155 0.0220059 -0.0093708 1.000000 1.000000 1.000000
vn 0.3309264 0.9154065 -0.2291693
v 0.0074149 0.0210377 -0.0082558 1.000000 1.000000 1.000000
vn 0.4750885 0.8797543 -0.0179824
v 0.0108613 0.0203640 -0.0001759 1.000000 1.000000 1.000000
vn -0.2166880 0.9738468 0.0683285
v -0.0053157 0.0223787 0.0031913 1.000000 1.000000 1.000000
vn 0.0690384 0.9500695 -0.3043051
v 0.0014533 0.0215525 -0.0113813 1.000000 1.000000 1.000000
vn -0.1900910 0.9780016 -0.0858972
v -0.0046340 0.0224397 -0.0031143 1.000000 1.000000 1.000000
vn -0.2240314 0.9740337 -0.0326847
v -0.0054640 0.0223940 -0.0005688 1.000000 1.000000 1.000000
vn -0.1841027 0.9405600 0.2854000
v -0.0042808 0.0214369 0.0111302 1.000000 1.000000 1.000000
vn -0.1244082 0.9224830 0.3654418
v -0.0028083 0.0206293 0.0148850 1.000000 1.000000 1.000000
vn -0.1872821 0.9715504 -0.1449667
v -0.0045897 0.0222200 -0.0056305 1.000000 1.000000 1.000000
vn -0.2526166 0.9672987 0.0227625
v -0.0059529 0.0222801 0.0018117 1.000000 1.000000 1.000000
vn -0.1441223 0.9652387 -0.2180436
v -0.0032714 0.0220649 -0.0081636 1.000000 1.000000 1.000000
vn -0.2590159 0.9579796 0.1232305
v -0.0061423 0.0220283 0.0051645 1.000000 1.000000 1.000000
vn 0.1270350 0.9420847 -0.3103845
v 0.0028935 0.0213411 -0.0115634 1.000000 1.000000 1.000000
vn 0.1711972 0.9299017 -0.3255372
v 0.0038343 0.0210665 -0.0120309 1.000000 1.000000 1.000000
vn -0.0048961 0.9511198 -0.3087834
v -0.0000610 0.0215753 -0.0114801 1.000000 1.000000 1.000000
vn 0.3840906 0.8936384 -0.2321309
v 0.0085530 0.0205982 -0.0082194 1.000000 1.000000 1.000000
vn 0.4511202 0.8896105 -0.0713002
v 0.0102788 0.0205631 -0.0025630 1.000000 1.000000 1.000000
vn 0.4559231 0.8792170 -0.1382450
v 0.0101481 0.0203801 -0.0051606 1.000000 1.000000 1.000000
vn 0.3203614 0.9075920 -0.2713768
v 0.0072569 0.0207333 -0.0098661 1.000000 1.000000 1.000000
vn 0.4825456 0.8748921 0.0413951
v 0.0109885 0.0202602 0.0023568 1.000000 1.000000 1.000000
vn -0.0793999 0.9522910 -0.2946821
v -0.0016982 0.0216484 -0.0109232 1.000000 1.000000 1.000000
vn -0.2482809 0.9647841 -0.0868810
v -0.0059447 0.0221582 -0.0030508 1.000000 1.000000 1.000000
vn -0.2392841 0.9629475 -0.1243993
v -0.0055748 0.0220625 -0.0050574 1.000000 1.000000 1.000000
vn 0.2651453 0.9093631 -0.3205568
v 0.0059700 0.0207005 -0.0115792 1.000000 1.000000 1.000000
vn -0.1321719 0.9557077 -0.2629704
v -0.0028336 0.0218259 -0.0095883 1.000000 1.000000 1.000000
vn -0.1991243 0.9550701 -0.2195237
v -0.0046317 0.0218279 -0.0080947 1.000000 1.000000 1.000000
vn -0.2764183 0.9582509 0.0731317
v -0.0063683 0.0220996 0.0034426 1.000000 1.000000 1.000000
vn 0.1357218 0.9223067 -0.3618425
v 0.0029774 0.0208359 -0.0132830 1.000000 1.000000 1.000000
vn 0.0662179 0.9324192 -0.3552600
v 0.0013167 0.0210411 -0.0132239 1.000000 1.000000 1.000000
vn -0.0045050 0.9344615 -0.3560358
v -0.0000711 0.0210685 -0.0132835 1.000000 1.000000 1.000000
vn -0.0812824 0.9399118 -0.3316006
v -0.0017056 0.0212746 -0.0122985 1.000000 1.000000 1.000000
vn -0.2577056 0.9459040 0.1971126
v -0.0060429 0.0216287 0.0082218 1.000000 1.000000 1.000000
vn -0.2620660 0.9348837 0.2394031
v -0.0062054 0.0212639 0.0098921 1.000000 1.000000 1.000000
vn -0.2772048 0.9607126 -0.0137412
v -0.0065000 0.0221337 0.0000286 1.000000 1.000000 1.000000
vn 0.1992826 0.9105471 -0.3622021
v 0.0045477 0.0205489 -0.0132625 1.000000 1.000000 1.000000
vn -0.2745486 0.9599128 -0.0564850
v -0.0064265 0.0220904 -0.0018123 1.000000 1.000000 1.000000
vn -0.1945891 0.9229359 0.3321511
v -0.0045980 0.0207653 0.0134272 1.000000 1.000000 1.000000
vn -0.2413993 0.9547892 -0.1735047
v -0.0055635 0.0219052 -0.0063591 1.000000 1.000000 1.000000
vn 0.0767843 0.8668386 0.4926410
v 0.0017557 0.0194180 0.0184170 1.000000 1.000000 1.000000
vn -0.0150047 0.8695364 0.4936409
v -0.0003219 0.0194485 0.0185219 1.000000 1.000000 1.000000
vn -0.0780392 0.8923473 0.4445517
v -0.0019859 0.0197911 0.0174357 1.000000 1.000000 1.000000
vn -0.1389837 0.9001823 0.4127412
v -0.0030840 0.0200943 0.0163339 1.000000 1.000000 1.000000
vn -0.2523309 0.9250349 0.2839713
v -0.0060758 0.0209795 0.0113165 1.000000 1.000000 1.000000
vn -0.1895612 0.9423737 -0.2756779
v -0.0042389 0.0214954 -0.0100307 1.000000 1.000000 1.000000
vn -0.1435246 0.9372414 -0.3177725
v -0.0031766 0.0212512 -0.0117533 1.000000 1.000000 1.000000
vn -0.3220248 0.9454510 0.0492191
v -0.0073306 0.0218360 0.0026625 1.000000 1.000000 1.000000
vn -0.3222475 0.9465840 -0.0116353
v -0.0073371 0.0218727 0.0000385 1.000000 1.000000 1.000000
vn -0.3126922 0.9361276 0.1608998
v -0.0073755 0.0214761 0.0065220 1.000000 1.000000 1.000000
vn -0.2048768 0.9022926 0.3793330
v -0.0045940 0.0201973 0.0152359 1.000000 1.000000 1.000000
vn -0.0764537 0.9254317 -0.3711213
v -0.0015138 0.0208671 -0.0137214 1.000000 1.000000 1.000000
vn -0.3182981 0.9413280 0.1121958
v -0.0072585 0.0216762 0.0051816 1.000000 1.000000 1.000000
vn -0.3186044 0.9462914 -0.0549904
v -0.0073200 0.0218181 -0.0017895 1.000000 1.000000 1.000000
vn -0.3121572 0.9406025 -0.1335100
v -0.0073007 0.0215541 -0.0052067 1.000000 1.000000 1.000000
vn -0.3128876 0.9451720 -0.0935481
v -0.0072744 0.0217361 -0.0033979 1.000000 1.000000 1.000000
vn -0.2570567 0.9385197 -0.2304401
v -0.0059391 0.0214767 -0.0083092 1.000000 1.000000 1.000000
vn -0.2421222 0.9301374 -0.2760821
v -0.0055210 0.0212437 -0.0098324 1.000000 1.000000 1.000000
vn -0.2566713 0.9071463 0.3334749
v -0.0060412 0.0204684 0.0132317 1.000000 1.000000 1.000000
vn -0.3174514 0.9262704 0.2030952
v -0.0073597 0.0212024 0.0083274 1.000000 1.000000 1.000000
vn -0.3182237 0.9157677 0.2451593
v -0.0073030 0.0208287 0.0103138 1.000000 1.000000 1.000000
vn -0.3264587 0.9286178 -0.1763339
v -0.0074911 0.0213342 -0.0063950 1.000000 1.000000 1.000000
vn 0.0703486 0.9107030 -0.4070272
v 0.0014150 0.0204967 -0.0148227 1.000000 1.000000 1.000000
vn 0.1392247 0.9003647 -0.4122619
v 0.0028897 0.0202800 -0.0149428 1.000000 1.000000 1.000000
vn 0.2527220 0.8941552 -0.3696189
v 0.0055361 0.0202503 -0.0134276 1.000000 1.000000 1.000000
vn -0.1939656 0.9245043 -0.3281298
v -0.0041355 0.0209985 -0.0120349 1.000000 1.000000 1.000000
vn -0.0031433 0.9117591 -0.4107134
v -0.0000665 0.0204871 -0.0150013 1.000000 1.000000 1.000000
vn 0.3361591 0.8859293 -0.3195722
v 0.0074335 0.0202601 -0.0114052 1.000000 1.000000 1.000000
vn -0.1386358 0.9169691 -0.3740959
v -0.0028003 0.0206757 -0.0138219 1.000000 1.000000 1.000000
vn -0.3713352 0.9197440 0.1272058
v -0.0084979 0.0211882 0.0056195 1.000000 1.000000 1.000000
vn -0.3277313 0.8982197 0.2929054
v -0.0075547 0.0204235 0.0116725 1.000000 1.000000 1.000000
vn -0.3881925 0.9211386 0.0284657
v -0.0089717 0.0212529 0.0019049 1.000000 1.000000 1.000000
vn -0.3905682 0.9204585 -0.0145837
v -0.0090115 0.0212489 0.0000139 1.000000 1.000000 1.000000
vn -0.3877169 0.9202630 -0.0528360
v -0.0089448 0.0212153 -0.0018564 1.000000 1.000000 1.000000
vn -0.3851535 0.9184792 -0.0897373
v -0.0088795 0.0211678 -0.0031196 1.000000 1.000000 1.000000
vn -0.3896154 0.9113490 -0.1328270
v -0.0088863 0.0209875 -0.0048480 1.000000 1.000000 1.000000
vn -0.3859353 0.9196079 0.0733166
v -0.0089403 0.0212029 0.0032876 1.000000 1.000000 1.000000
vn -0.3232068 0.9184016 -0.2282016
v -0.0073574 0.0210592 -0.0082068 1.000000 1.000000 1.000000
vn -0.1104507 0.8671972 0.4855613
v -0.0026056 0.0194124 0.0182026 1.000000 1.000000 1.000000
vn -0.3708144 0.9090201 0.1902085
v -0.0086044 0.0208022 0.0079824 1.000000 1.000000 1.000000
vn -0.2144552 0.8816015 0.4204614
v -0.0046365 0.0197732 0.0163694 1.000000 1.000000 1.000000
vn -0.2618876 0.9124940 -0.3142763
v -0.0058757 0.0207331 -0.0114495 1.000000 1.000000 1.000000
vn 0.2115952 0.8858057 -0.4130082
v 0.0047009 0.0199949 -0.0147612 1.000000 1.000000 1.000000
vn -0.0814988 0.9030952 -0.4216362
v -0.0016491 0.0202911 -0.0153215 1.000000 1.000000 1.000000
vn -0.1463712 0.8962011 -0.4188067
v -0.0028986 0.0201371 -0.0153125 1.000000 1.000000 1.000000
vn 0.3804608 0.8796929 -0.2852896
v 0.0083077 0.0201948 -0.0103694 1.000000 1.000000 1.000000
vn -0.2020829 0.9039504 -0.3768769
v -0.0044699 0.0203994 -0.0137181 1.000000 1.000000 1.000000
vn -0.3181725 0.9061798 -0.2785756
v -0.0072498 0.0207113 -0.0099021 1.000000 1.000000 1.000000
vn 0.0703955 0.8902377 -0.4500237
v 0.0013616 0.0198577 -0.0164698 1.000000 1.000000 1.000000
vn -0.0036237 0.8934896 -0.4490694
v -0.0000657 0.0199414 -0.0164072 1.000000 1.000000 1.000000
vn -0.2552750 0.8996935 -0.3540994
v -0.0055837 0.0203808 -0.0129063 1.000000 1.000000 1.000000
vn 0.4412939 0.8767970 -0.1910151
v 0.0100287 0.0201588 -0.0069605 1.000000 1.000000 1.000000
vn 0.3161046 0.8767410 -0.3624957
v 0.0070145 0.0198628 -0.0131668 1.000000 1.000000 1.000000
vn 0.1486529 0.8686162 -0.4726608
v 0.0030076 0.0194583 -0.0169614 1.000000 1.000000 1.000000
vn 0.2151981 0.8609663 -0.4608980
v 0.0046328 0.0192969 -0.0165273 1.000000 1.000000 1.000000
vn 0.4838107 0.8705238 -0.0900865
v 0.0108930 0.0202011 -0.0030438 1.000000 1.000000 1.000000
vn 0.4401077 0.8649964 -0.2410112
v 0.0100087 0.0199167 -0.0082304 1.000000 1.000000 1.000000
vn -0.0793674 0.8766004 -0.4746287
v -0.0015660 0.0195643 -0.0171301 1.000000 1.000000 1.000000
vn -0.1499858 0.8792414 -0.4521491
v -0.0029692 0.0197013 -0.0163694 1.000000 1.000000 1.000000
vn -0.3918796 0.8876684 0.2418163
v -0.0090112 0.0202119 0.0101259 1.000000 1.000000 1.000000
vn -0.2772949 0.8812721 0.3827102
v -0.0063990 0.0197666 0.0150344 1.000000 1.000000 1.000000
vn -0.3277825 0.8768646 0.3516633
v -0.0074387 0.0198752 0.0136968 1.000000 1.000000 1.000000
vn -0.1789574 0.8525144 0.4911146
v -0.0038792 0.0191504 0.0183237 1.000000 1.000000 1.000000
vn -0.4021237 0.8980364 -0.1784014
v -0.0092103 0.0206140 -0.0065007 1.000000 1.000000 1.000000
vn -0.3872180 0.8915405 -0.2349845
v -0.0087142 0.0204942 -0.0083338 1.000000 1.000000 1.000000
vn 0.0687803 0.8673166 -0.4929820
v 0.0012871 0.0193566 -0.0176494 1.000000 1.000000 1.000000
vn -0.0053019 0.8705647 -0.4920254
v -0.0000804 0.0194380 -0.0175845 1.000000 1.000000 1.000000
vn 0.2852944 0.8628271 -0.4172967
v 0.0064546 0.0194253 -0.0149273 1.000000 1.000000 1.000000
vn -0.2290902 0.8815470 -0.4127863
v -0.0050478 0.0197736 -0.0150792 1.000000 1.000000 1.000000
vn -0.2199175 0.8636124 -0.4536628
v -0.0048134 0.0193498 -0.0162834 1.000000 1.000000 1.000000
vn -0.3382516 0.8838232 -0.3231754
v -0.0076268 0.0201195 -0.0115580 1.000000 1.000000 1.000000
vn -0.3192501 0.8750762 -0.3637595
v -0.0071295 0.0197263 -0.0134057 1.000000 1.000000 1.000000
vn -0.2894492 0.8618221 -0.4165116
v -0.0064594 0.0193600 -0.0150557 1.000000 1.000000 1.000000
vn -0.4566768 0.8838183 0.1015463
v -0.0104952 0.0203694 0.0046921 1.000000 1.000000 1.000000
vn -0.4491079 0.8810153 0.1487083
v -0.0103981 0.0202296 0.0063789 1.000000 1.000000 1.000000
vn -0.4653621 0.8846024 0.0302773
v -0.0106919 0.0204303 0.0020956 1.000000 1.000000 1.000000
vn -0.4661902 0.8819653 0.0693100
v -0.0106788 0.0203829 0.0032299 1.000000 1.000000 1.000000
vn -0.4670289 0.8827157 -0.0519327
v -0.0107315 0.0203734 -0.0016994 1.000000 1.000000 1.000000
vn -0.4700226 0.8825463 -0.0138133
v -0.0108019 0.0203931 -0.0000442 1.000000 1.000000 1.000000
vn -0.4555064 0.8848441 -0.0978000
v -0.0104200 0.0204322 -0.0032177 1.000000 1.000000 1.000000
vn -0.4523002 0.8808581 -0.1396911
v -0.0101617 0.0203604 -0.0050552 1.000000 1.000000 1.000000
vn -0.4140287 0.8876387 0.2016872
v -0.0093182 0.0203966 0.0084830 1.000000 1.000000 1.000000
vn -0.2836216 0.8585821 0.4270781
v -0.0064354 0.0193020 0.0162728 1.000000 1.000000 1.000000
vn -0.4022275 0.8701193 0.2847902
v -0.0091426 0.0198688 0.0112922 1.000000 1.000000 1.000000
vn -0.3883736 0.8756511 -0.2870561
v -0.0086275 0.0200313 -0.0103896 1.000000 1.000000 1.000000
vn -0.1452200 0.8571908 -0.4941003
v -0.0028080 0.0191891 -0.0176076 1.000000 1.000000 1.000000
vn -0.2334428 0.8475227 0.4766653
v -0.0045553 0.0190834 0.0180879 1.000000 1.000000 1.000000
vn -0.4463021 0.8742827 -0.1909038
v -0.0099699 0.0201764 -0.0069387 1.000000 1.000000 1.000000
vn -0.4457566 0.8624411 -0.2397844
v -0.0100415 0.0198440 -0.0084171 1.000000 1.000000 1.000000
vn -0.4473770 0.8491848 -0.2806048
v -0.0101436 0.0193657 -0.0101387 1.000000 1.000000 1.000000
vn -0.4021269 0.8474697 0.3465386
v -0.0091193 0.0192494 0.0134538 1.000000 1.000000 1.000000
vn -0.4489820 0.8715488 0.1970226
v -0.0109853 0.0195838 0.0084176 1.000000 1.000000 1.000000
vn -0.0739011 0.8398905 -0.5377011
v -0.0013405 0.0186753 -0.0190404 1.000000 1.000000 1.000000
vn -0.2231775 0.8350816 -0.5028225
v -0.0048564 0.0185695 -0.0179786 1.000000 1.000000 1.000000
vn 0.3715011 0.8533825 -0.3656847
v 0.0083646 0.0192633 -0.0133429 1.000000 1.000000 1.000000
vn 0.4107963 0.8518803 -0.3248791
v 0.0092208 0.0193614 -0.0118116 1.000000 1.000000 1.000000
vn 0.4448115 0.8504500 -0.2808515
v 0.0100027 0.0194049 -0.0103160 1.000000 1.000000 1.000000
vn 0.3358475 0.8476325 -0.4107623
v 0.0072816 0.0191371 -0.0148857 1.000000 1.000000 1.000000
vn 0.0711530 0.8357223 -0.5445232
v 0.0013431 0.0184990 -0.0194006 1.000000 1.000000 1.000000
vn -0.0050925 0.8352714 -0.5498143
v -0.0000289 0.0185036 -0.0194787 1.000000 1.000000 1.000000
vn 0.1473449 0.8340744 -0.5316103
v 0.0029416 0.0184587 -0.0190660 1.000000 1.000000 1.000000
vn 0.2793941 0.8350732 -0.4739110
v 0.0063603 0.0185745 -0.0170136 1.000000 1.000000 1.000000
vn 0.3421628 0.8269454 -0.4461905
v 0.0075705 0.0184368 -0.0163113 1.000000 1.000000 1.000000
vn 0.2172590 0.8325337 -0.5095941
v 0.0047008 0.0184515 -0.0183103 1.000000 1.000000 1.000000
vn 0.5005587 0.8427488 0.1980292
v 0.0115203 0.0193465 0.0081172 1.000000 1.000000 1.000000
vn -0.4125412 0.8565881 -0.3099461
v -0.0091942 0.0194289 -0.0115930 1.000000 1.000000 1.000000
vn -0.3453691 0.8450181 -0.4082458
v -0.0075531 0.0190775 -0.0147325 1.000000 1.000000 1.000000
vn 0.5109974 0.8455758 0.1545420
v 0.0116925 0.0194594 0.0068092 1.000000 1.000000 1.000000
vn 0.5182025 0.8494684 0.0993467
v 0.0119343 0.0195423 0.0049100 1.000000 1.000000 1.000000
vn 0.5202434 0.8528671 0.0443247
v 0.0118599 0.0197479 0.0025399 1.000000 1.000000 1.000000
vn 0.5295164 0.8451848 -0.0726304
v 0.0120888 0.0195388 -0.0026000 1.000000 1.000000 1.000000
vn 0.5106443 0.8462555 -0.1519672
v 0.0114408 0.0196238 -0.0053877 1.000000 1.000000 1.000000
vn 0.5357391 0.8362475 -0.1169353
v 0.0122079 0.0193404 -0.0038405 1.000000 1.000000 1.000000
vn 0.5090358 0.8359658 -0.2050455
v 0.0112357 0.0193869 -0.0075738 1.000000 1.000000 1.000000
vn 0.5329207 0.8460701 -0.0126915
v 0.0121477 0.0196043 0.0000261 1.000000 1.000000 1.000000
vn 0.2421634 0.8363343 0.4918351
v 0.0050803 0.0188548 0.0182516 1.000000 1.000000 1.000000
vn 0.4647241 0.8372858 0.2880695
v 0.0106451 0.0190935 0.0113286 1.000000 1.000000 1.000000
vn 0.4113513 0.8332224 -0.3695004
v 0.0091767 0.0188021 -0.0135753 1.000000 1.000000 1.000000
vn -0.1455541 0.8264484 -0.5438724
v -0.0029121 0.0183330 -0.0192874 1.000000 1.000000 1.000000
vn -0.3958932 0.8446875 -0.3602383
v -0.0089529 0.0190193 -0.0132315 1.000000 1.000000 1.000000
vn -0.2972145 0.8289574 -0.4738072
v -0.0066183 0.0184652 -0.0170472 1.000000 1.000000 1.000000
vn 0.4533990 0.8338799 -0.3147598
v 0.0100788 0.0190718 -0.0113036 1.000000 1.000000 1.000000
vn -0.3314920 0.8447356 0.4201604
v -0.0071659 0.0191070 0.0160890 1.000000 1.000000 1.000000
vn -0.3790413 0.8279984 0.4132147
v -0.0084716 0.0186911 0.0157538 1.000000 1.000000 1.000000
vn -0.4336682 0.8675787 0.2433907
v -0.0108996 0.0192759 0.0100909 1.000000 1.000000 1.000000
vn -0.4358699 0.8533797 0.2859379
v -0.0105802 0.0191481 0.0112519 1.000000 1.000000 1.000000
vn -0.0958947 0.8299731 0.5494988
v -0.0020756 0.0186241 0.0198957 1.000000 1.000000 1.000000
vn -0.4939757 0.8655599 -0.0824267
v -0.0118989 0.0196434 -0.0027827 1.000000 1.000000 1.000000
vn -0.4820186 0.8647155 -0.1411568
v -0.0116677 0.0195023 -0.0052214 1.000000 1.000000 1.000000
vn -0.4742326 0.8604853 -0.1861949
v -0.0112605 0.0194652 -0.0069567 1.000000 1.000000 1.000000
vn -0.4756190 0.8485370 -0.2318870
v -0.0111893 0.0192763 -0.0080805 1.000000 1.000000 1.000000
vn -0.4501523 0.8343955 -0.3180363
v -0.0100562 0.0189557 -0.0116986 1.000000 1.000000 1.000000
vn -0.5028003 0.8629408 0.0502498
v -0.0120014 0.0196538 0.0026546 1.000000 1.000000 1.000000
vn -0.0101257 0.8313884 0.5555996
v -0.0003153 0.0186236 0.0201304 1.000000 1.000000 1.000000
vn 0.0907211 0.8244308 0.5586444
v 0.0019132 0.0185769 0.0200130 1.000000 1.000000 1.000000
vn -0.2927159 0.8177056 0.4956561
v -0.0062685 0.0185222 0.0181604 1.000000 1.000000 1.000000
vn -0.4958639 0.8614745 0.1094561
v -0.0121855 0.0193404 0.0052759 1.000000 1.000000 1.000000
vn -0.4918232 0.8589295 0.1426542
v -0.0119870 0.0193064 0.0064781 1.000000 1.000000 1.000000
vn -0.5052202 0.8628902 -0.0131611
v -0.0122538 0.0195432 -0.0000382 1.000000 1.000000 1.000000
vn -0.3430478 0.8133393 -0.4698910
v -0.0076810 0.0180891 -0.0169386 1.000000 1.000000 1.000000
vn -0.2109200 0.8115802 -0.5448398
v -0.0045764 0.0178908 -0.0194250 1.000000 1.000000 1.000000
vn 0.2957419 0.8237708 0.4836720
v 0.0063953 0.0185581 0.0179881 1.000000 1.000000 1.000000
vn -0.1810053 0.8165118 0.5482204
v -0.0039056 0.0184867 0.0195903 1.000000 1.000000 1.000000
vn -0.4047364 0.8212670 -0.4021305
v -0.0092356 0.0183627 -0.0146216 1.000000 1.000000 1.000000
vn -0.4501640 0.8169042 -0.3605829
v -0.0101425 0.0183653 -0.0133349 1.000000 1.000000 1.000000
vn -0.4489420 0.7974650 -0.4031136
v -0.0100059 0.0179220 -0.0147133 1.000000 1.000000 1.000000
vn -0.0767725 0.7976161 -0.5982596
v -0.0012822 0.0176151 -0.0209333 1.000000 1.000000 1.000000
vn -0.0052621 0.7961226 -0.6051126
v -0.0000523 0.0175290 -0.0211899 1.000000 1.000000 1.000000
vn -0.1433702 0.7993504 -0.5835100
v -0.0029130 0.0176879 -0.0204301 1.000000 1.000000 1.000000
vn 0.0720417 0.8006836 -0.5947401
v 0.0013593 0.0176803 -0.0208445 1.000000 1.000000 1.000000
vn -0.4765951 0.8314784 -0.2854835
v -0.0109897 0.0188358 -0.0103180 1.000000 1.000000 1.000000
vn -0.3874875 0.8059314 -0.4475801
v -0.0085833 0.0179277 -0.0164114 1.000000 1.000000 1.000000
vn 0.4098632 0.8119339 -0.4156628
v 0.0091585 0.0181890 -0.0151900 1.000000 1.000000 1.000000
vn 0.2235173 0.7932257 -0.5664213
v 0.0047631 0.0175377 -0.0200024 1.000000 1.000000 1.000000
vn 0.1476469 0.7980168 -0.5842685
v 0.0029652 0.0176425 -0.0205281 1.000000 1.000000 1.000000
vn -0.2784384 0.7944699 -0.5397127
v -0.0061812 0.0174674 -0.0192990 1.000000 1.000000 1.000000
vn 0.2965689 0.7918251 -0.5339101
v 0.0066412 0.0175013 -0.0189558 1.000000 1.000000 1.000000
vn 0.4882700 0.8270857 -0.2784275
v 0.0109812 0.0188698 -0.0102284 1.000000 1.000000 1.000000
vn 0.3351226 0.7994218 -0.4986158
v 0.0074512 0.0178029 -0.0177638 1.000000 1.000000 1.000000
vn -0.2193407 0.7799020 -0.5862104
v -0.0047303 0.0172359 -0.0205078 1.000000 1.000000 1.000000
vn 0.4515494 0.8140715 -0.3652271
v 0.0100904 0.0183680 -0.0134524 1.000000 1.000000 1.000000
vn 0.4875526 0.8104104 -0.3248498
v 0.0109327 0.0183445 -0.0121065 1.000000 1.000000 1.000000
vn 0.4708185 0.8178248 0.3308965
v 0.0105991 0.0186238 0.0129741 1.000000 1.000000 1.000000
vn 0.4461034 0.8097048 0.3812742
v 0.0100966 0.0183468 0.0145349 1.000000 1.000000 1.000000
vn 0.5156675 0.8249649 -0.2313436
v 0.0117958 0.0188822 -0.0082470 1.000000 1.000000 1.000000
vn 0.5059094 0.8131984 -0.2876875
v 0.0118659 0.0182894 -0.0103669 1.000000 1.000000 1.000000
vn 0.4196506 0.7836012 -0.4581077
v 0.0092736 0.0174708 -0.0166903 1.000000 1.000000 1.000000
vn 0.3740376 0.7859893 -0.4922567
v 0.0082458 0.0175329 -0.0175774 1.000000 1.000000 1.000000
vn 0.3978731 0.8131343 0.4248642
v 0.0088856 0.0183090 0.0162384 1.000000 1.000000 1.000000
vn 0.5584623 0.8280823 0.0489864
v 0.0128762 0.0190815 0.0027255 1.000000 1.000000 1.000000
vn 0.5590595 0.8290384 -0.0121552
v 0.0137851 0.0185115 0.0000011 1.000000 1.000000 1.000000
vn 0.5615413 0.8237327 -0.0783315
v 0.0136830 0.0184563 -0.0026392 1.000000 1.000000 1.000000
vn 0.5454690 0.8240497 -0.1529889
v 0.0129303 0.0186217 -0.0055904 1.000000 1.000000 1.000000
vn 0.1820045 0.8153253 0.5496536
v 0.0040140 0.0184642 0.0195752 1.000000 1.000000 1.000000
vn 0.3399479 0.8105592 0.4768955
v 0.0075903 0.0182407 0.0176611 1.000000 1.000000 1.000000
vn 0.3759961 0.7940824 0.4775563
v 0.0084710 0.0178949 0.0175830 1.000000 1.000000 1.000000
vn 0.5598943 0.8207946 0.1132021
v 0.0127987 0.0189341 0.0052982 1.000000 1.000000 1.000000
vn 0.5610929 0.8187036 -0.1220627
v 0.0136763 0.0182418 -0.0046035 1.000000 1.000000 1.000000
vn 0.2568287 0.8054057 0.5341915
v 0.0055221 0.0181694 0.0193414 1.000000 1.000000 1.000000
vn 0.4927541 0.7876425 -0.3698820
v 0.0112075 0.0176324 -0.0136484 1.000000 1.000000 1.000000
vn 0.5729948 0.8182045 0.0470999
v 0.0140398 0.0182765 0.0025146 1.000000 1.000000 1.000000
vn 0.5742103 0.8130151 0.0963793
v 0.0136766 0.0183487 0.0049557 1.000000 1.000000 1.000000
vn 0.5269641 0.8095359 0.2587672
v 0.0124408 0.0182486 0.0103087 1.000000 1.000000 1.000000
vn 0.5260939 0.7971678 0.2962242
v 0.0120284 0.0181827 0.0115121 1.000000 1.000000 1.000000
vn 0.5585107 0.8149764 0.1545295
v 0.0132989 0.0183932 0.0066823 1.000000 1.000000 1.000000
vn -0.0133381 0.8009858 0.5985348
v -0.0003616 0.0178467 0.0215050 1.000000 1.000000 1.000000
vn 0.0830498 0.7938482 0.6024184
v 0.0016788 0.0177719 0.0214461 1.000000 1.000000 1.000000
vn -0.0943619 0.7975134 0.5958761
v -0.0020458 0.0178155 0.0213215 1.000000 1.000000 1.000000
vn -0.1540397 0.7890948 0.5946437
v -0.0031022 0.0176656 0.0212922 1.000000 1.000000 1.000000
vn -0.2614683 0.8080010 0.5279855
v -0.0055073 0.0182890 0.0191268 1.000000 1.000000 1.000000
vn -0.3400657 0.8074068 0.4821302
v -0.0074776 0.0181843 0.0178946 1.000000 1.000000 1.000000
vn -0.4440829 0.8306896 0.3357757
v -0.0107973 0.0184695 0.0130958 1.000000 1.000000 1.000000
vn 0.1528790 0.7819577 0.6042932
v 0.0032629 0.0174400 0.0215768 1.000000 1.000000 1.000000
vn 0.5455091 0.8148556 0.1960362
v 0.0128284 0.0184288 0.0083327 1.000000 1.000000 1.000000
vn 0.3188806 0.7832050 0.5337651
v 0.0069777 0.0175808 0.0194676 1.000000 1.000000 1.000000
vn 0.4682959 0.7749424 0.4244564
v 0.0105286 0.0174496 0.0161571 1.000000 1.000000 1.000000
vn 0.2105519 0.7861508 0.5810634
v 0.0047240 0.0175990 0.0207592 1.000000 1.000000 1.000000
vn 0.4696910 0.7774082 -0.4183622
v 0.0104833 0.0174053 -0.0152693 1.000000 1.000000 1.000000
vn 0.4948673 0.7863079 0.3699005
v 0.0110505 0.0178678 0.0143038 1.000000 1.000000 1.000000
vn 0.2564148 0.7721338 0.5814300
v 0.0055183 0.0173048 0.0208551 1.000000 1.000000 1.000000
vn 0.5191910 0.7884482 -0.3298334
v 0.0120075 0.0175951 -0.0122481 1.000000 1.000000 1.000000
vn 0.0810703 0.7581505 -0.6470206
v 0.0016588 0.0166395 -0.0224179 1.000000 1.000000 1.000000
vn 0.1470835 0.7567008 -0.6370010
v 0.0028824 0.0165866 -0.0222234 1.000000 1.000000 1.000000
vn 0.2222829 0.7594486 -0.6114148
v 0.0046902 0.0167053 -0.0213634 1.000000 1.000000 1.000000
vn 0.3006770 0.7559922 -0.5814372
v 0.0066042 0.0167219 -0.0203144 1.000000 1.000000 1.000000
vn 0.5168961 0.7858813 0.3394248
v 0.0119802 0.0176096 0.0133596 1.000000 1.000000 1.000000
vn 0.4587578 0.7615287 -0.4578376
v 0.0102904 0.0168503 -0.0167378 1.000000 1.000000 1.000000
vn -0.0189357 0.7590067 -0.6508074
v -0.0001840 0.0166697 -0.0225017 1.000000 1.000000 1.000000
vn -0.1477697 0.7738845 -0.6158465
v -0.0028668 0.0170852 -0.0214077 1.000000 1.000000 1.000000
vn -0.1243573 0.7553021 -0.6434702
v -0.0024155 0.0166060 -0.0222650 1.000000 1.000000 1.000000
vn -0.2183353 0.7562903 -0.6167291
v -0.0047106 0.0166469 -0.0214316 1.000000 1.000000 1.000000
vn 0.3610291 0.7532396 -0.5498074
v 0.0080924 0.0166272 -0.0193794 1.000000 1.000000 1.000000
vn -0.3327544 0.7723925 -0.5410030
v -0.0073856 0.0170220 -0.0192576 1.000000 1.000000 1.000000
vn -0.4717070 0.8099117 -0.3486196
v -0.0109656 0.0180763 -0.0128158 1.000000 1.000000 1.000000
vn 0.4176206 0.7451298 -0.5199756
v 0.0091504 0.0165460 -0.0185779 1.000000 1.000000 1.000000
vn 0.5252730 0.7779004 -0.3449050
v 0.0120562 0.0171659 -0.0133518 1.000000 1.000000 1.000000
vn -0.4275693 0.8139386 0.3933047
v -0.0098641 0.0183154 0.0149251 1.000000 1.000000 1.000000
vn -0.3867949 0.7746277 -0.5003416
v -0.0086272 0.0171472 -0.0179673 1.000000 1.000000 1.000000
vn -0.4554128 0.7654949 -0.4545511
v -0.0101422 0.0170376 -0.0165455 1.000000 1.000000 1.000000
vn 0.4366387 0.7656399 0.4723794
v 0.0097323 0.0172646 0.0175130 1.000000 1.000000 1.000000
vn 0.3851764 0.7566973 0.5282503
v 0.0086939 0.0167841 0.0195027 1.000000 1.000000 1.000000
vn -0.2207106 0.7803773 0.5850626
v -0.0047245 0.0175060 0.0209365 1.000000 1.000000 1.000000
vn 0.4944049 0.7612858 -0.4195327
v 0.0117687 0.0164913 -0.0154468 1.000000 1.000000 1.000000
vn 0.5492171 0.7793404 0.3016441
v 0.0128813 0.0175858 0.0114986 1.000000 1.000000 1.000000
vn 0.2879332 0.7243217 -0.6264604
v 0.0064183 0.0157894 -0.0218432 1.000000 1.000000 1.000000
vn 0.2237298 0.7302829 -0.6454703
v 0.0046300 0.0159774 -0.0224543 1.000000 1.000000 1.000000
vn -0.2956534 0.7555479 -0.5845823
v -0.0065382 0.0167106 -0.0203556 1.000000 1.000000 1.000000
vn -0.4821056 0.7741427 -0.4102162
v -0.0112028 0.0171752 -0.0147574 1.000000 1.000000 1.000000
vn -0.4127879 0.8003329 0.4348258
v -0.0091703 0.0180699 0.0164016 1.000000 1.000000 1.000000
vn -0.3911200 0.7855379 0.4795365
v -0.0089429 0.0175095 0.0178853 1.000000 1.000000 1.000000
vn -0.0142194 0.7599357 0.6498427
v -0.0003299 0.0170417 0.0227540 1.000000 1.000000 1.000000
vn 0.0761331 0.7546955 0.6516430
v 0.0015277 0.0168027 0.0229327 1.000000 1.000000 1.000000
vn 0.1418615 0.7529005 0.6426634
v 0.0029957 0.0167143 0.0227495 1.000000 1.000000 1.000000
vn -0.3321498 0.7687999 0.5464643
v -0.0074798 0.0170977 0.0199632 1.000000 1.000000 1.000000
vn -0.3831028 0.7593272 0.5259795
v -0.0084271 0.0169130 0.0194855 1.000000 1.000000 1.000000
vn 0.2141639 0.7509308 0.6246893
v 0.0047487 0.0166731 0.0222147 1.000000 1.000000 1.000000
vn 0.2862400 0.7540981 0.5911030
v 0.0063560 0.0167990 0.0211829 1.000000 1.000000 1.000000
vn -0.2747755 0.7785918 0.5641749
v -0.0059182 0.0174327 0.0203963 1.000000 1.000000 1.000000
vn -0.1267009 0.7530137 0.6456913
v -0.0026690 0.0168333 0.0227153 1.000000 1.000000 1.000000
vn 0.5087171 0.7676343 0.3898006
v 0.0119904 0.0169284 0.0151028 1.000000 1.000000 1.000000
vn 0.3279188 0.7413627 0.5855345
v 0.0073541 0.0163266 0.0212858 1.000000 1.000000 1.000000
vn 0.3657640 0.7323869 0.5743050
v 0.0082832 0.0161970 0.0207943 1.000000 1.000000 1.000000
vn -0.2134002 0.7250121 -0.6548420
v -0.0046671 0.0159820 -0.0224287 1.000000 1.000000 1.000000
vn -0.1160743 0.7204322 -0.6837429
v -0.0022383 0.0159618 -0.0231959 1.000000 1.000000 1.000000
vn 0.0693070 0.7163537 -0.6942866
v 0.0014268 0.0156645 -0.0237704 1.000000 1.000000 1.000000
vn -0.0166215 0.7246607 -0.6889054
v -0.0000969 0.0160381 -0.0233711 1.000000 1.000000 1.000000
vn 0.1594849 0.7200282 -0.6753696
v 0.0033476 0.0156606 -0.0233571 1.000000 1.000000 1.000000
vn -0.2886856 0.7236700 -0.6268671
v -0.0064879 0.0159174 -0.0215971 1.000000 1.000000 1.000000
vn -0.3715508 0.7407417 -0.5596890
v -0.0082973 0.0163790 -0.0196218 1.000000 1.000000 1.000000
vn 0.3869958 0.7188662 -0.5774648
v 0.0085359 0.0159140 -0.0201651 1.000000 1.000000 1.000000
vn 0.3520600 0.6959605 -0.6258537
v 0.0075950 0.0152944 -0.0217972 1.000000 1.000000 1.000000
vn 0.4958093 0.7516032 0.4350468
v 0.0118205 0.0164508 0.0164697 1.000000 1.000000 1.000000
vn -0.4394061 0.7868581 0.4333319
v -0.0105288 0.0172121 0.0166239 1.000000 1.000000 1.000000
vn -0.2172242 0.7459626 0.6295661
v -0.0048374 0.0165233 0.0224154 1.000000 1.000000 1.000000
vn -0.4542499 0.7360454 -0.5018906
v -0.0100993 0.0162826 -0.0180523 1.000000 1.000000 1.000000
vn 0.4380882 0.7349015 0.5176858
v 0.0102546 0.0159912 0.0193228 1.000000 1.000000 1.000000
vn 0.4337609 0.7132120 -0.5506179
v 0.0100660 0.0156291 -0.0191884 1.000000 1.000000 1.000000
vn 0.2560983 0.7187268 0.6464096
v 0.0057860 0.0156835 0.0231604 1.000000 1.000000 1.000000
vn 0.3281340 0.7112811 0.6216167
v 0.0073672 0.0155644 0.0224193 1.000000 1.000000 1.000000
vn 0.4690591 0.7453831 0.4736956
v 0.0109604 0.0161173 0.0182525 1.000000 1.000000 1.000000
vn -0.2815191 0.7547849 0.5924920
v -0.0062311 0.0167076 0.0213909 1.000000 1.000000 1.000000
vn -0.2683212 0.7253354 0.6339499
v -0.0059440 0.0159260 0.0227405 1.000000 1.000000 1.000000
vn 0.1337741 0.7379193 0.6614980
v 0.0029801 0.0155789 0.0243306 1.000000 1.000000 1.000000
vn 0.1917146 0.7288592 0.6572745
v 0.0041662 0.0155229 0.0240299 1.000000 1.000000 1.000000
vn 0.0680245 0.7363899 0.6731290
v 0.0014786 0.0156598 0.0244857 1.000000 1.000000 1.000000
vn -0.0107288 0.7352290 0.6777340
v -0.0002523 0.0158029 0.0244146 1.000000 1.000000 1.000000
vn 0.4124721 0.7187099 0.5597525
v 0.0092401 0.0159509 0.0203740 1.000000 1.000000 1.000000
vn -0.0751527 0.7341506 0.6748148
v -0.0017278 0.0156755 0.0244151 1.000000 1.000000 1.000000
vn -0.3366325 0.7212419 0.6053832
v -0.0075367 0.0158688 0.0218783 1.000000 1.000000 1.000000
vn -0.1251687 0.7304677 0.6713791
v -0.0027602 0.0157547 0.0241430 1.000000 1.000000 1.000000
vn 0.2267072 0.6891854 -0.6882059
v 0.0046860 0.0148257 -0.0239655 1.000000 1.000000 1.000000
vn -0.4317401 0.7199177 -0.5434327
v -0.0095402 0.0159662 -0.0191937 1.000000 1.000000 1.000000
vn -0.4123415 0.7479150 0.5201901
v -0.0101119 0.0164261 0.0187010 1.000000 1.000000 1.000000
vn -0.1970454 0.7249519 0.6600136
v -0.0044290 0.0157263 0.0236547 1.000000 1.000000 1.000000
vn -0.3368022 0.7067490 -0.6221496
v -0.0074447 0.0155814 -0.0214838 1.000000 1.000000 1.000000
vn -0.4937533 0.7459518 -0.4469494
v -0.0117264 0.0163104 -0.0158833 1.000000 1.000000 1.000000
vn -0.4792150 0.7215707 -0.4996885
v -0.0109088 0.0157799 -0.0179968 1.000000 1.000000 1.000000
vn 0.3022223 0.6786536 -0.6693960
v 0.0064430 0.0146013 -0.0234143 1.000000 1.000000 1.000000
vn 0.0788898 0.6835343 -0.7256427
v 0.0018053 0.0148229 -0.0247423 1.000000 1.000000 1.000000
vn 0.1599699 0.6837369 -0.7119786
v 0.0034973 0.0147274 -0.0244862 1.000000 1.000000 1.000000
vn -0.3893309 0.7184610 0.5763985
v -0.0091031 0.0157594 0.0208238 1.000000 1.000000 1.000000
vn 0.3860669 0.7027316 0.5975958
v 0.0092096 0.0148642 0.0220583 1.000000 1.000000 1.000000
vn -0.0822363 0.6757279 -0.7325497
v -0.0015136 0.0146416 -0.0249087 1.000000 1.000000 1.000000
vn -0.0112039 0.6759116 -0.7368976
v 0.0000209 0.0147802 -0.0248883 1.000000 1.000000 1.000000
vn -0.3923667 0.6925824 -0.6052917
v -0.0086550 0.0152037 -0.0211293 1.000000 1.000000 1.000000
vn -0.2120692 0.6830133 -0.6989417
v -0.0046772 0.0149570 -0.0237251 1.000000 1.000000 1.000000
vn -0.1581368 0.6763673 -0.7193887
v -0.0032483 0.0146593 -0.0245475 1.000000 1.000000 1.000000
vn 0.3985342 0.6851171 -0.6097419
v 0.0092750 0.0146640 -0.0213654 1.000000 1.000000 1.000000
vn 0.4267818 0.6989626 -0.5738542
v 0.0103705 0.0150981 -0.0197076 1.000000 1.000000 1.000000
vn -0.2852090 0.6777173 -0.6777574
v -0.0062769 0.0146802 -0.0233518 1.000000 1.000000 1.000000
vn -0.2658778 0.7101240 0.6519456
v -0.0059548 0.0151696 0.0237538 1.000000 1.000000 1.000000
vn 0.4309288 0.7040345 0.5644784
v 0.0103003 0.0147782 0.0211805 1.000000 1.000000 1.000000
vn 0.2759850 0.6986440 0.6600977
v 0.0061313 0.0149551 0.0239379 1.000000 1.000000 1.000000
vn 0.3295453 0.6902059 0.6442171
v 0.0073585 0.0144906 0.0238451 1.000000 1.000000 1.000000
vn 0.3579546 0.6844624 0.6351219
v 0.0084726 0.0142491 0.0234001 1.000000 1.000000 1.000000
vn 0.0967602 0.6576900 -0.7470484
v 0.0021259 0.0141586 -0.0254382 1.000000 1.000000 1.000000
vn -0.3280435 0.7001379 0.6341880
v -0.0074113 0.0148550 0.0233478 1.000000 1.000000 1.000000
vn 0.2919407 0.6477960 -0.7036554
v 0.0063004 0.0139549 -0.0242545 1.000000 1.000000 1.000000
vn 0.1755831 0.6505719 -0.7388686
v 0.0038834 0.0139845 -0.0252099 1.000000 1.000000 1.000000
vn 0.2325702 0.6426412 -0.7300161
v 0.0047349 0.0138473 -0.0250634 1.000000 1.000000 1.000000
vn -0.3274443 0.6451401 -0.6903438
v -0.0070364 0.0141548 -0.0235659 1.000000 1.000000 1.000000
vn -0.4484977 0.6866795 -0.5721200
v -0.0105036 0.0148640 -0.0199241 1.000000 1.000000 1.000000
vn -0.4191478 0.6609216 -0.6224933
v -0.0090412 0.0147549 -0.0214206 1.000000 1.000000 1.000000
vn 0.3758705 0.6380553 -0.6720170
v 0.0088174 0.0135506 -0.0231158 1.000000 1.000000 1.000000
vn 0.3521548 0.6336497 -0.6888215
v 0.0073520 0.0136285 -0.0240076 1.000000 1.000000 1.000000
vn 0.0747432 0.6264753 -0.7758493
v 0.0018513 0.0133880 -0.0262899 1.000000 1.000000 1.000000
vn -0.0085312 0.6176409 -0.7864140
v 0.0000538 0.0130081 -0.0267755 1.000000 1.000000 1.000000
vn -0.0884726 0.6204330 -0.7792532
v -0.0015808 0.0132859 -0.0263602 1.000000 1.000000 1.000000
vn -0.1375193 0.6255225 -0.7679909
v -0.0027162 0.0134921 -0.0259400 1.000000 1.000000 1.000000
vn -0.2537265 0.6403723 -0.7249457
v -0.0055764 0.0139962 -0.0244570 1.000000 1.000000 1.000000
vn -0.3766358 0.6525590 -0.6575047
v -0.0082979 0.0143490 -0.0224889 1.000000 1.000000 1.000000
vn -0.1931032 0.6263545 -0.7552425
v -0.0038176 0.0135379 -0.0255978 1.000000 1.000000 1.000000
vn 0.1972953 0.6082498 -0.7688347
v 0.0041131 0.0130464 -0.0261286 1.000000 1.000000 1.000000
vn 0.1416360 0.6236649 -0.7687532
v 0.0029707 0.0132037 -0.0262596 1.000000 1.000000 1.000000
vn 0.3010771 0.6043333 -0.7376543
v 0.0064147 0.0129506 -0.0252916 1.000000 1.000000 1.000000
vn -0.4519093 0.6413469 -0.6200422
v -0.0105550 0.0141014 -0.0209292 1.000000 1.000000 1.000000
vn -0.3865114 0.6902188 0.6117246
v -0.0088727 0.0147290 0.0224624 1.000000 1.000000 1.000000
vn -0.2595443 0.5981234 -0.7582119
v -0.0056264 0.0128658 -0.0256220 1.000000 1.000000 1.000000
vn 0.3688819 0.6062553 -0.7045429
v 0.0081491 0.0127773 -0.0244144 1.000000 1.000000 1.000000
vn -0.4338022 0.6064860 -0.6663260
v -0.0094356 0.0131202 -0.0231000 1.000000 1.000000 1.000000
vn -0.3947421 0.6072677 -0.6894959
v -0.0090434 0.0131719 -0.0233332 1.000000 1.000000 1.000000
vn -0.3349324 0.5918026 -0.7332053
v -0.0072902 0.0127860 -0.0248873 1.000000 1.000000 1.000000
vn -0.4131526 0.6832069 0.6021073
v -0.0101394 0.0146590 0.0214874 1.000000 1.000000 1.000000
vn 0.1392067 0.5758175 -0.8056400
v 0.0029534 0.0121734 -0.0272248 1.000000 1.000000 1.000000
vn 0.0652752 0.5637008 -0.8233957
v 0.0015355 0.0118721 -0.0277149 1.000000 1.000000 1.000000
vn 0.2805065 0.5642492 -0.7764915
v 0.0060142 0.0121326 -0.0262491 1.000000 1.000000 1.000000
vn 0.3910383 0.6052410 -0.6933775
v 0.0093940 0.0125227 -0.0238220 1.000000 1.000000 1.000000
vn -0.1798347 0.5783580 -0.7957144
v -0.0037161 0.0121748 -0.0269266 1.000000 1.000000 1.000000
vn -0.0205266 0.5796195 -0.8146288
v -0.0000238 0.0125176 -0.0272144 1.000000 1.000000 1.000000
vn -0.1012585 0.5548062 -0.8257946
v -0.0018137 0.0115908 -0.0278508 1.000000 1.000000 1.000000
vn 0.3351988 0.5657191 -0.7533947
v 0.0074316 0.0119329 -0.0256969 1.000000 1.000000 1.000000
vn 0.2158204 0.5566106 -0.8022507
v 0.0045443 0.0115273 -0.0273536 1.000000 1.000000 1.000000
vn -0.0131094 0.5451930 -0.8382081
v 0.0000340 0.0114172 -0.0281473 1.000000 1.000000 1.000000
vn -0.2697462 0.5436059 -0.7948142
v -0.0056901 0.0115502 -0.0267934 1.000000 1.000000 1.000000
vn -0.3522763 0.5544125 -0.7540081
v -0.0075483 0.0122008 -0.0252858 1.000000 1.000000 1.000000
vn -0.4776206 0.6019304 -0.6399673
v -0.0110447 0.0124868 -0.0223529 1.000000 1.000000 1.000000
vn 0.1300256 0.5457993 -0.8277660
v 0.0029352 0.0109428 -0.0282628 1.000000 1.000000 1.000000
vn -0.4194868 0.5573924 -0.7164806
v -0.0090506 0.0122824 -0.0242241 1.000000 1.000000 1.000000
vn -0.2014055 0.5330020 -0.8217936
v -0.0040218 0.0111411 -0.0277291 1.000000 1.000000 1.000000
vn -0.1454041 0.5219931 -0.8404647
v -0.0028978 0.0107723 -0.0282854 1.000000 1.000000 1.000000
vn 0.2313187 0.5404674 -0.8089417
v 0.0047600 0.0103538 -0.0282542 1.000000 1.000000 1.000000
vn 0.0519137 0.5298645 -0.8464919
v 0.0015221 0.0099711 -0.0291914 1.000000 1.000000 1.000000
vn -0.0231773 0.5262352 -0.8500232
v -0.0000510 0.0102184 -0.0290684 1.000000 1.000000 1.000000
vn 0.2921654 0.5342274 -0.7932467
v 0.0066220 0.0103199 -0.0274799 1.000000 1.000000 1.000000
vn -0.3970805 0.5258628 -0.7521937
v -0.0086711 0.0113036 -0.0253827 1.000000 1.000000 1.000000
vn -0.3530152 0.5006958 -0.7903695
v -0.0074391 0.0107731 -0.0265739 1.000000 1.000000 1.000000
vn -0.1119880 0.5090307 -0.8534322
v -0.0017673 0.0095370 -0.0294072 1.000000 1.000000 1.000000
vn -0.4450512 0.5368294 -0.7167591
v -0.0101602 0.0112112 -0.0243640 1.000000 1.000000 1.000000
vn -0.2095275 0.4812742 -0.8511600
v -0.0040127 0.0098531 -0.0286923 1.000000 1.000000 1.000000
vn -0.1866563 0.4698552 -0.8627836
v -0.0034307 0.0090671 -0.0293762 1.000000 1.000000 1.000000
vn -0.2881104 0.4855469 -0.8253706
v -0.0059941 0.0101976 -0.0277152 1.000000 1.000000 1.000000
vn -0.3904965 0.4722546 -0.7902457
v -0.0091110 0.0096840 -0.0263575 1.000000 1.000000 1.000000
vn -0.3014141 0.4380217 -0.8469278
v -0.0059462 0.0089583 -0.0285740 1.000000 1.000000 1.000000
vn -0.3461740 0.4416836 -0.8276951
v -0.0073682 0.0091315 -0.0277725 1.000000 1.000000 1.000000
vn -0.2378463 0.4452677 -0.8632299
v -0.0040334 0.0084055 -0.0296071 1.000000 1.000000 1.000000
vn -0.3406078 0.4026355 -0.8496299
v -0.0059492 0.0082055 -0.0290166 1.000000 1.000000 1.000000
vn -0.3431812 0.3992853 -0.8501753
v -0.0075392 0.0078276 -0.0284434 1.000000 1.000000 1.000000
vn 0.0020752 0.0720117 0.9974017
v 0.0000770 0.0018941 0.0323918 1.000000 1.000000 1.000000
vn -0.0832520 0.0128855 0.9964452
v -0.0020144 0.0003482 0.0323442 1.000000 1.000000 1.000000
vn 0.0013653 -0.0181929 0.9998336
v 0.0000434 -0.0002815 0.0324481 1.000000 1.000000 1.000000
vn -0.0872899 0.0544954 0.9946913
v -0.0020795 0.0015518 0.0322999 1.000000 1.000000 1.000000
vn -0.0776924 -0.0344300 0.9963827
v -0.0019164 -0.0006009 0.0323517 1.000000 1.000000 1.000000
vn -0.0859243 0.1072079 0.9905168
v -0.0020408 0.0025653 0.0321946 1.000000 1.000000 1.000000
vn 0.0788441 -0.0126317 0.9968069
v 0.0019664 -0.0001814 0.0323577 1.000000 1.000000 1.000000
vn 0.0937778 0.0618163 0.9936723
v 0.0021614 0.0017447 0.0322867 1.000000 1.000000 1.000000
vn -0.0019250 -0.0995357 0.9950321
v -0.0000465 -0.0023453 0.0322935 1.000000 1.000000 1.000000
vn 0.0730827 -0.0664170 0.9951119
v 0.0019586 -0.0018028 0.0322627 1.000000 1.000000 1.000000
vn -0.0840409 -0.1070923 0.9906909
v -0.0020805 -0.0025698 0.0321759 1.000000 1.000000 1.000000
vn 0.0859504 -0.1179517 0.9892927
v 0.0021522 -0.0027108 0.0321495 1.000000 1.000000 1.000000
vn -0.1590601 -0.0223435 0.9870161
v -0.0039379 -0.0004820 0.0320462 1.000000 1.000000 1.000000
vn -0.1786308 -0.0996496 0.9788570
v -0.0042089 -0.0024511 0.0318403 1.000000 1.000000 1.000000
vn -0.1770509 0.0512622 0.9828658
v -0.0041529 0.0015488 0.0319662 1.000000 1.000000 1.000000
vn 0.0004000 -0.1753242 0.9845107
v 0.0000043 -0.0041944 0.0319739 1.000000 1.000000 1.000000
vn -0.0777927 -0.1801161 0.9805644
v -0.0019539 -0.0042522 0.0318765 1.000000 1.000000 1.000000
vn 0.0772020 -0.1809253 0.9804621
v 0.0020240 -0.0042371 0.0318743 1.000000 1.000000 1.000000
vn -0.1763698 -0.1733595 0.9689376
v -0.0041732 -0.0041520 0.0315495 1.000000 1.000000 1.000000
vn -0.2129177 -0.0268509 0.9767011
v -0.0045435 -0.0005985 0.0318948 1.000000 1.000000 1.000000
vn -0.1783733 0.1025449 0.9786049
v -0.0042018 0.0025009 0.0318538 1.000000 1.000000 1.000000
vn -0.0010555 0.1668536 0.9859812
v -0.0000701 0.0039498 0.0320796 1.000000 1.000000 1.000000
vn -0.0813079 0.1643781 0.9830406
v -0.0019605 0.0038918 0.0319969 1.000000 1.000000 1.000000
vn 0.0890820 0.1164180 0.9891973
v 0.0021083 0.0027380 0.0321663 1.000000 1.000000 1.000000
vn 0.0874267 0.1670850 0.9820587
v 0.0020758 0.0038939 0.0319864 1.000000 1.000000 1.000000
vn 0.1341458 -0.0108421 0.9909024
v 0.0031195 -0.0002328 0.0321844 1.000000 1.000000 1.000000
vn 0.1324783 -0.0645039 0.9890848
v 0.0029910 -0.0017160 0.0321218 1.000000 1.000000 1.000000
vn -0.1710913 0.1590793 0.9723279
v -0.0041358 0.0038632 0.0316614 1.000000 1.000000 1.000000
vn 0.1820319 -0.0122200 0.9832167
v 0.0043731 -0.0002608 0.0319573 1.000000 1.000000 1.000000
vn 0.1792872 0.0526387 0.9823875
v 0.0042830 0.0015753 0.0319151 1.000000 1.000000 1.000000
vn 0.1831317 -0.1052767 0.9774352
v 0.0043865 -0.0025632 0.0317865 1.000000 1.000000 1.000000
vn 0.1783528 0.1094132 0.9778646
v 0.0042397 0.0025955 0.0318183 1.000000 1.000000 1.000000
vn 0.1307256 -0.1710120 0.9765581
v 0.0032035 -0.0041667 0.0317075 1.000000 1.000000 1.000000
vn 0.1796763 -0.1850009 0.9661735
v 0.0043848 -0.0046005 0.0314105 1.000000 1.000000 1.000000
vn -0.0005680 -0.2467262 0.9690851
v 0.0000110 -0.0060251 0.0314881 1.000000 1.000000 1.000000
vn -0.0825707 -0.2485616 0.9650903
v -0.0020419 -0.0060003 0.0313940 1.000000 1.000000 1.000000
vn -0.1736566 -0.2440999 0.9540748
v -0.0040822 -0.0057874 0.0311383 1.000000 1.000000 1.000000
vn 0.0854235 -0.2507380 0.9642786
v 0.0022042 -0.0061962 0.0313303 1.000000 1.000000 1.000000
vn 0.2350775 -0.0525158 0.9705569
v 0.0056885 -0.0011250 0.0315528 1.000000 1.000000 1.000000
vn 0.1783361 0.1590359 0.9710324
v 0.0042276 0.0038401 0.0316140 1.000000 1.000000 1.000000
vn 0.1901071 -0.2557451 0.9478680
v 0.0044672 -0.0061312 0.0309572 1.000000 1.000000 1.000000
vn 0.2324686 0.0061497 0.9725845
v 0.0055510 -0.0000030 0.0316247 1.000000 1.000000 1.000000
vn 0.2311129 0.0767376 0.9698960
v 0.0056261 0.0019524 0.0315226 1.000000 1.000000 1.000000
vn 0.2400051 -0.1144598 0.9640003
v 0.0057893 -0.0027362 0.0313552 1.000000 1.000000 1.000000
vn 0.2458147 -0.1891526 0.9506821
v 0.0057508 -0.0045967 0.0310109 1.000000 1.000000 1.000000
vn 0.2951373 -0.0057483 0.9554375
v 0.0069278 -0.0001204 0.0311958 1.000000 1.000000 1.000000
vn 0.2934248 0.0552639 0.9543835
v 0.0068519 0.0015664 0.0311658 1.000000 1.000000 1.000000
vn 0.3018541 -0.0661035 0.9510597
v 0.0069826 -0.0014358 0.0311073 1.000000 1.000000 1.000000
vn 0.2958264 -0.1233923 0.9472387
v 0.0068221 -0.0028796 0.0310024 1.000000 1.000000 1.000000
vn 0.2962452 -0.1789785 0.9381927
v 0.0066842 -0.0042146 0.0307815 1.000000 1.000000 1.000000
vn 0.0775652 -0.3214428 0.9437469
v 0.0020228 -0.0075818 0.0308334 1.000000 1.000000 1.000000
vn -0.0019108 -0.3182383 0.9480089
v 0.0000015 -0.0076252 0.0309063 1.000000 1.000000 1.000000
vn -0.0837578 -0.3157755 0.9451299
v -0.0019952 -0.0075381 0.0308408 1.000000 1.000000 1.000000
vn 0.1415092 -0.3205570 0.9365994
v 0.0035443 -0.0074699 0.0306330 1.000000 1.000000 1.000000
vn -0.1776809 -0.3068165 0.9350365
v -0.0040702 -0.0072580 0.0305970 1.000000 1.000000 1.000000
vn 0.2035377 -0.3282409 0.9224046
v 0.0045999 -0.0075877 0.0303536 1.000000 1.000000 1.000000
vn 0.2870702 -0.2490176 0.9249762
v 0.0065506 -0.0058669 0.0303662 1.000000 1.000000 1.000000
vn -0.2420485 -0.1054583 0.9645160
v -0.0055467 -0.0026124 0.0314355 1.000000 1.000000 1.000000
vn -0.2549970 -0.0320622 0.9664102
v -0.0059765 -0.0006645 0.0314731 1.000000 1.000000 1.000000
vn -0.2407522 0.0459395 0.9694988
v -0.0056743 0.0014220 0.0315398 1.000000 1.000000 1.000000
vn -0.2590547 -0.1813588 0.9486831
v -0.0059824 -0.0043299 0.0309797 1.000000 1.000000 1.000000
vn -0.2391889 -0.2461029 0.9392667
v -0.0055100 -0.0057655 0.0307233 1.000000 1.000000 1.000000
vn 0.0834397 -0.3947652 0.9149854
v 0.0020005 -0.0089093 0.0302107 1.000000 1.000000 1.000000
vn -0.0013221 -0.3918067 0.9200466
v -0.0000010 -0.0089057 0.0303115 1.000000 1.000000 1.000000
vn -0.0860832 -0.3926052 0.9156696
v -0.0019988 -0.0089105 0.0302039 1.000000 1.000000 1.000000
vn -0.2794325 -0.1157152 0.9531671
v -0.0065317 -0.0028091 0.0310781 1.000000 1.000000 1.000000
vn -0.1822689 -0.3413496 0.9220946
v -0.0039641 -0.0077535 0.0304024 1.000000 1.000000 1.000000
vn -0.1765041 -0.3848169 0.9059593
v -0.0040523 -0.0087334 0.0299197 1.000000 1.000000 1.000000
vn 0.1790568 -0.3945418 0.9012633
v 0.0042035 -0.0088305 0.0298576 1.000000 1.000000 1.000000
vn 0.2664648 -0.3258635 0.9070885
v 0.0060254 -0.0074983 0.0299406 1.000000 1.000000 1.000000
vn -0.2518773 -0.3160568 0.9146945
v -0.0056864 -0.0074014 0.0300710 1.000000 1.000000 1.000000
vn -0.2799536 -0.2460438 0.9279485
v -0.0064048 -0.0057225 0.0304323 1.000000 1.000000 1.000000
vn -0.2913965 0.0402524 0.9557551
v -0.0069213 0.0013580 0.0311353 1.000000 1.000000 1.000000
vn -0.3233045 -0.1048605 0.9404672
v -0.0073820 -0.0025580 0.0307900 1.000000 1.000000 1.000000
vn -0.3200615 -0.0352576 0.9467405
v -0.0073720 -0.0007024 0.0309690 1.000000 1.000000 1.000000
vn -0.2397331 0.0980167 0.9658782
v -0.0056529 0.0024494 0.0314406 1.000000 1.000000 1.000000
vn -0.3298257 -0.1843187 0.9258734
v -0.0075543 -0.0043990 0.0303563 1.000000 1.000000 1.000000
vn -0.2507593 -0.3724745 0.8935226
v -0.0056035 -0.0085574 0.0295479 1.000000 1.000000 1.000000
vn -0.3303038 -0.2512247 0.9098272
v -0.0075605 -0.0058958 0.0299136 1.000000 1.000000 1.000000
vn -0.2937379 0.1045695 0.9501491
v -0.0068368 0.0026482 0.0310351 1.000000 1.000000 1.000000
vn -0.2335934 0.1633659 0.9585122
v -0.0054960 0.0039944 0.0312539 1.000000 1.000000 1.000000
vn -0.2865951 0.1604412 0.9445220
v -0.0066819 0.0038921 0.0308932 1.000000 1.000000 1.000000
vn -0.0816586 0.2498139 0.9648445
v -0.0019553 0.0058354 0.0314854 1.000000 1.000000 1.000000
vn 0.0024901 0.2481269 0.9687244
v 0.0000008 0.0058492 0.0315740 1.000000 1.000000 1.000000
vn -0.1665065 0.2458786 0.9548923
v -0.0040686 0.0056135 0.0312258 1.000000 1.000000 1.000000
vn 0.0851933 0.2494418 0.9646351
v 0.0020103 0.0058164 0.0314796 1.000000 1.000000 1.000000
vn -0.2272405 0.2536656 0.9402210
v -0.0053897 0.0057469 0.0308187 1.000000 1.000000 1.000000
vn 0.1791890 0.2082391 0.9615237
v 0.0042572 0.0049388 0.0313457 1.000000 1.000000 1.000000
vn 0.2339862 0.1562997 0.9595941
v 0.0056722 0.0037529 0.0312304 1.000000 1.000000 1.000000
vn 0.2929566 0.1126170 0.9494703
v 0.0068090 0.0024735 0.0310779 1.000000 1.000000 1.000000
vn -0.2832094 0.2394622 0.9286820
v -0.0065907 0.0055995 0.0304765 1.000000 1.000000 1.000000
vn -0.3447248 0.0611533 0.9367097
v -0.0077567 0.0016515 0.0307635 1.000000 1.000000 1.000000
vn 0.1712538 0.2605138 0.9501604
v 0.0041013 0.0058348 0.0311161 1.000000 1.000000 1.000000
vn 0.2915529 0.1617511 0.9427797
v 0.0066764 0.0037506 0.0309028 1.000000 1.000000 1.000000
vn -0.4099668 -0.0322219 0.9115312
v -0.0094605 -0.0005352 0.0299843 1.000000 1.000000 1.000000
vn -0.4077529 -0.1134864 0.9060124
v -0.0093577 -0.0027119 0.0298282 1.000000 1.000000 1.000000
vn -0.4084077 0.0135333 0.9126993
v -0.0094354 0.0002878 0.0299934 1.000000 1.000000 1.000000
vn -0.3324156 -0.3128437 0.8897352
v -0.0075833 -0.0071853 0.0294118 1.000000 1.000000 1.000000
vn -0.4070557 -0.1834386 0.8947938
v -0.0092656 -0.0042500 0.0295530 1.000000 1.000000 1.000000
vn -0.4067167 -0.2463667 0.8797073
v -0.0091762 -0.0056697 0.0291782 1.000000 1.000000 1.000000
vn -0.4116795 0.0693703 0.9086847
v -0.0094566 0.0018446 0.0299248 1.000000 1.000000 1.000000
vn -0.3472016 0.1514803 0.9254755
v -0.0081902 0.0039252 0.0302326 1.000000 1.000000 1.000000
vn 0.0019608 0.3008935 0.9536558
v -0.0000295 0.0069088 0.0311849 1.000000 1.000000 1.000000
vn -0.0836962 0.2991816 0.9505184
v -0.0019328 0.0068471 0.0311125 1.000000 1.000000 1.000000
vn -0.4072234 0.1518237 0.9006213
v -0.0092930 0.0037829 0.0297262 1.000000 1.000000 1.000000
vn 0.0891814 0.2978604 0.9504346
v 0.0020600 0.0068210 0.0310990 1.000000 1.000000 1.000000
vn -0.1683876 0.3324567 0.9279646
v -0.0040059 0.0075742 0.0304822 1.000000 1.000000 1.000000
vn 0.2656982 0.2318864 0.9357527
v 0.0061674 0.0053660 0.0306835 1.000000 1.000000 1.000000
vn -0.0820507 0.3503143 0.9330314
v -0.0019401 0.0078665 0.0306924 1.000000 1.000000 1.000000
vn 0.0004061 0.3502503 0.9366561
v -0.0000349 0.0078942 0.0307817 1.000000 1.000000 1.000000
vn 0.0865436 0.3427413 0.9354350
v 0.0020159 0.0077804 0.0307216 1.000000 1.000000 1.000000
vn -0.3477835 0.2439888 0.9052714
v -0.0082444 0.0055756 0.0297710 1.000000 1.000000 1.000000
vn -0.2829224 0.2986404 0.9114652
v -0.0066017 0.0066894 0.0300615 1.000000 1.000000 1.000000
vn 0.1732895 0.3371997 0.9253470
v 0.0041036 0.0076730 0.0304035 1.000000 1.000000 1.000000
vn -0.2343317 0.3504775 0.9067823
v -0.0056065 0.0077736 0.0299335 1.000000 1.000000 1.000000
vn 0.3747834 0.0005338 0.9271123
v 0.0082503 0.0000185 0.0306054 1.000000 1.000000 1.000000
vn 0.3792264 -0.0615840 0.9232523
v 0.0083304 -0.0012717 0.0305043 1.000000 1.000000 1.000000
vn 0.2569018 0.2832787 0.9239885
v 0.0060027 0.0063212 0.0304043 1.000000 1.000000 1.000000
vn 0.3744926 -0.1199728 0.9194356
v 0.0082594 -0.0027723 0.0303605 1.000000 1.000000 1.000000
vn 0.3727441 0.0835921 0.9241614
v 0.0082574 0.0020205 0.0304953 1.000000 1.000000 1.000000
vn 0.3646935 -0.1874715 0.9120598
v 0.0080573 -0.0044211 0.0301157 1.000000 1.000000 1.000000
vn 0.3516018 -0.2497863 0.9022101
v 0.0077235 -0.0059338 0.0298463 1.000000 1.000000 1.000000
vn 0.3566901 0.1544950 0.9213596
v 0.0079673 0.0035826 0.0303684 1.000000 1.000000 1.000000
vn 0.3314426 0.2220080 0.9169832
v 0.0074024 0.0051339 0.0302458 1.000000 1.000000 1.000000
vn 0.2484647 0.3434373 0.9057131
v 0.0058289 0.0077060 0.0298891 1.000000 1.000000 1.000000
vn 0.0852909 0.4189790 0.9039813
v 0.0019635 0.0093879 0.0299082 1.000000 1.000000 1.000000
vn -0.0001549 0.4301500 0.9027575
v 0.0000071 0.0095622 0.0299140 1.000000 1.000000 1.000000
vn -0.0809066 0.4230604 0.9024822
v -0.0019328 0.0094449 0.0298764 1.000000 1.000000 1.000000
vn -0.1727430 0.3875929 0.9055008
v -0.0039946 0.0087641 0.0298863 1.000000 1.000000 1.000000
vn -0.1620900 0.4356815 0.8853861
v -0.0037901 0.0095926 0.0294800 1.000000 1.000000 1.000000
vn -0.2963842 0.3481121 0.8893675
v -0.0068078 0.0076619 0.0295622 1.000000 1.000000 1.000000
vn -0.4174653 0.2429470 0.8756138
v -0.0093066 0.0055468 0.0292231 1.000000 1.000000 1.000000
vn 0.1716025 0.4140975 0.8939104
v 0.0040605 0.0093055 0.0295807 1.000000 1.000000 1.000000
vn 0.2400438 0.4150988 0.8775375
v 0.0055957 0.0093175 0.0291225 1.000000 1.000000 1.000000
vn 0.3282330 0.2760965 0.9033459
v 0.0074643 0.0063907 0.0297827 1.000000 1.000000 1.000000
vn 0.4041963 0.2115960 0.8898610
v 0.0089522 0.0049971 0.0295327 1.000000 1.000000 1.000000
vn 0.3870354 0.2713854 0.8812228
v 0.0086828 0.0062743 0.0292339 1.000000 1.000000 1.000000
vn 0.4419745 0.0748340 0.8939007
v 0.0095275 0.0018928 0.0298149 1.000000 1.000000 1.000000
vn 0.4447171 0.0065426 0.8956472
v 0.0095487 0.0001768 0.0298828 1.000000 1.000000 1.000000
vn 0.4244976 0.1507915 0.8927843
v 0.0092265 0.0036305 0.0297066 1.000000 1.000000 1.000000
vn 0.4472321 -0.0564494 0.8926348
v 0.0096445 -0.0012118 0.0297785 1.000000 1.000000 1.000000
vn 0.3232702 0.3350694 0.8850000
v 0.0074591 0.0076509 0.0292769 1.000000 1.000000 1.000000
vn 0.4394398 -0.1234070 0.8897547
v 0.0094952 -0.0029268 0.0296619 1.000000 1.000000 1.000000
vn 0.4289975 -0.1811637 0.8849525
v 0.0093045 -0.0042265 0.0294932 1.000000 1.000000 1.000000
vn 0.3312489 -0.3304060 0.8838021
v 0.0073231 -0.0075435 0.0293944 1.000000 1.000000 1.000000
vn 0.2588091 -0.4185011 0.8705600
v 0.0057865 -0.0093210 0.0290862 1.000000 1.000000 1.000000
vn 0.3150427 -0.4100868 0.8559071
v 0.0069962 -0.0090766 0.0287254 1.000000 1.000000 1.000000
vn -0.0001059 -0.4704212 0.8824420
v 0.0000099 -0.0104500 0.0293977 1.000000 1.000000 1.000000
vn 0.0822005 -0.4693981 0.8791522
v 0.0019389 -0.0103626 0.0293518 1.000000 1.000000 1.000000
vn -0.0847316 -0.4709476 0.8780825
v -0.0019825 -0.0104433 0.0292885 1.000000 1.000000 1.000000
vn -0.1686702 -0.4641379 0.8695553
v -0.0039566 -0.0103749 0.0289770 1.000000 1.000000 1.000000
vn 0.1715474 -0.4752787 0.8629494
v 0.0040425 -0.0105043 0.0288801 1.000000 1.000000 1.000000
vn 0.4338956 -0.2415065 0.8679915
v 0.0094161 -0.0056671 0.0290068 1.000000 1.000000 1.000000
vn -0.3289603 -0.3832284 0.8630881
v -0.0074348 -0.0086106 0.0287861 1.000000 1.000000 1.000000
vn -0.2491073 -0.4213069 0.8720356
v -0.0055664 -0.0095228 0.0290192 1.000000 1.000000 1.000000
vn -0.4992406 -0.0819902 0.8625755
v -0.0112911 -0.0017233 0.0287082 1.000000 1.000000 1.000000
vn -0.5041458 -0.0350876 0.8629055
v -0.0113969 -0.0007003 0.0287299 1.000000 1.000000 1.000000
vn -0.4088455 -0.3069018 0.8594514
v -0.0091701 -0.0069656 0.0286633 1.000000 1.000000 1.000000
vn -0.3880295 -0.3748452 0.8419764
v -0.0088223 -0.0083903 0.0281621 1.000000 1.000000 1.000000
vn -0.5062413 0.0171950 0.8622205
v -0.0114180 0.0005409 0.0287243 1.000000 1.000000 1.000000
vn -0.4999817 0.0773166 0.8625779
v -0.0113051 0.0019980 0.0287266 1.000000 1.000000 1.000000
vn -0.4982746 -0.1273995 0.8576082
v -0.0112347 -0.0029133 0.0285847 1.000000 1.000000 1.000000
vn -0.3865167 0.3034866 0.8709195
v -0.0088184 0.0067618 0.0290151 1.000000 1.000000 1.000000
vn -0.4919955 -0.2017369 0.8469018
v -0.0111074 -0.0045998 0.0282842 1.000000 1.000000 1.000000
vn -0.5057176 0.1571670 0.8482619
v -0.0113206 0.0038671 0.0283985 1.000000 1.000000 1.000000
vn -0.5087200 0.2303038 0.8295566
v -0.0112458 0.0051889 0.0280846 1.000000 1.000000 1.000000
vn -0.2456301 0.4242401 0.8715999
v -0.0056244 0.0095180 0.0289786 1.000000 1.000000 1.000000
vn -0.3789816 0.3472166 0.8577958
v -0.0086658 0.0076630 0.0286888 1.000000 1.000000 1.000000
vn -0.3034568 0.4173017 0.8566056
v -0.0071265 0.0093421 0.0285100 1.000000 1.000000 1.000000
vn -0.3841060 0.4017268 0.8313111
v -0.0086602 0.0088543 0.0280362 1.000000 1.000000 1.000000
vn -0.0742529 0.4914587 0.8677297
v -0.0018367 0.0107806 0.0290211 1.000000 1.000000 1.000000
vn -0.1378439 0.4992401 0.8554288
v -0.0031478 0.0110603 0.0286185 1.000000 1.000000 1.000000
vn 0.0728055 0.4928207 0.8670797
v 0.0017739 0.0108346 0.0289963 1.000000 1.000000 1.000000
vn -0.2221593 0.4707052 0.8538629
v -0.0051685 0.0102098 0.0286913 1.000000 1.000000 1.000000
vn -0.0027025 0.5045488 0.8633789
v -0.0000413 0.0111163 0.0288792 1.000000 1.000000 1.000000
vn 0.1536974 0.4912924 0.8573266
v 0.0036649 0.0108758 0.0286620 1.000000 1.000000 1.000000
vn 0.3951237 0.3280537 0.8580548
v 0.0088177 0.0075504 0.0286344 1.000000 1.000000 1.000000
vn 0.3090732 0.4175183 0.8544894
v 0.0072203 0.0093276 0.0284911 1.000000 1.000000 1.000000
vn 0.3786486 0.4100874 0.8297310
v 0.0085405 0.0091390 0.0279356 1.000000 1.000000 1.000000
vn -0.2591327 -0.4597052 0.8494241
v -0.0056944 -0.0100846 0.0286205 1.000000 1.000000 1.000000
vn 0.3979379 -0.3064237 0.8647254
v 0.0088220 -0.0073891 0.0286665 1.000000 1.000000 1.000000
vn 0.4950525 0.1451691 0.8566498
v 0.0108472 0.0036070 0.0286559 1.000000 1.000000 1.000000
vn 0.4836423 0.2068422 0.8504742
v 0.0106620 0.0050926 0.0284209 1.000000 1.000000 1.000000
vn 0.5112033 0.0071109 0.8594304
v 0.0112642 0.0001143 0.0287223 1.000000 1.000000 1.000000
vn 0.5065234 -0.0425433 0.8611760
v 0.0114440 -0.0012209 0.0285509 1.000000 1.000000 1.000000
vn 0.5045105 0.0759732 0.8600565
v 0.0110322 0.0019810 0.0287854 1.000000 1.000000 1.000000
vn 0.4790062 -0.1218517 0.8693131
v 0.0113747 -0.0028446 0.0284002 1.000000 1.000000 1.000000
vn 0.2303448 0.4891645 0.8412250
v 0.0053782 0.0108109 0.0282266 1.000000 1.000000 1.000000
vn 0.4672219 0.2684050 0.8424146
v 0.0103762 0.0062657 0.0282006 1.000000 1.000000 1.000000
vn -0.1982751 0.5394817 0.8183194
v -0.0046232 0.0119018 0.0276205 1.000000 1.000000 1.000000
vn 0.4754698 -0.1900441 0.8589597
v 0.0113921 -0.0044297 0.0280378 1.000000 1.000000 1.000000
vn 0.3054877 0.4905424 0.8161161
v 0.0070358 0.0107821 0.0275947 1.000000 1.000000 1.000000
vn -0.0054593 0.5524673 0.8335167
v -0.0000784 0.0122148 0.0280356 1.000000 1.000000 1.000000
vn -0.0635491 0.5533139 0.8305451
v -0.0016519 0.0122006 0.0279587 1.000000 1.000000 1.000000
vn -0.1230118 0.5564358 0.8217344
v -0.0028963 0.0122511 0.0277585 1.000000 1.000000 1.000000
vn 0.0619749 0.5576754 0.8277423
v 0.0015307 0.0123482 0.0278623 1.000000 1.000000 1.000000
vn 0.1317731 0.5577167 0.8195047
v 0.0031351 0.0123002 0.0276678 1.000000 1.000000 1.000000
vn -0.3023038 0.4703410 0.8290910
v -0.0071396 0.0102078 0.0279379 1.000000 1.000000 1.000000
vn -0.4888865 0.2971084 0.8201931
v -0.0108925 0.0064769 0.0278189 1.000000 1.000000 1.000000
vn -0.4685932 0.3450428 0.8132440
v -0.0104792 0.0076276 0.0275611 1.000000 1.000000 1.000000
vn -0.4420111 0.3937310 0.8059790
v -0.0101123 0.0086583 0.0272240 1.000000 1.000000 1.000000
vn -0.2494758 0.5258799 0.8131496
v -0.0058331 0.0115919 0.0274440 1.000000 1.000000 1.000000
vn -0.2912466 0.5069010 0.8113118
v -0.0067047 0.0112678 0.0273438 1.000000 1.000000 1.000000
vn -0.3687751 0.4549076 0.8105949
v -0.0083565 0.0100632 0.0274244 1.000000 1.000000 1.000000
vn 0.4692814 0.3333189 0.8177246
v 0.0103377 0.0075833 0.0276508 1.000000 1.000000 1.000000
vn 0.4538590 0.4069136 0.7927379
v 0.0099044 0.0090976 0.0271079 1.000000 1.000000 1.000000
vn 0.1982708 0.5572047 0.8063570
v 0.0046931 0.0122708 0.0272948 1.000000 1.000000 1.000000
vn -0.4820163 -0.2794307 0.8304088
v -0.0108536 -0.0063928 0.0278144 1.000000 1.000000 1.000000
vn -0.5657607 0.0795009 0.8207280
v -0.0122111 0.0020319 0.0279971 1.000000 1.000000 1.000000
vn -0.5695150 0.0092781 0.8219286
v -0.0123851 0.0002708 0.0279467 1.000000 1.000000 1.000000
vn -0.5652017 -0.0556952 0.8230706
v -0.0123858 -0.0011647 0.0279058 1.000000 1.000000 1.000000
vn -0.0060783 0.6186800 0.7856196
v -0.0000982 0.0137730 0.0266591 1.000000 1.000000 1.000000
vn -0.5687375 0.1559274 0.8076041
v -0.0121589 0.0037408 0.0277257 1.000000 1.000000 1.000000
vn -0.5601771 -0.1240588 0.8190305
v -0.0124669 -0.0029787 0.0275969 1.000000 1.000000 1.000000
vn -0.3278686 -0.4591933 0.8256171
v -0.0074237 -0.0102848 0.0277656 1.000000 1.000000 1.000000
vn -0.5559272 -0.1933417 0.8084331
v -0.0124944 -0.0045209 0.0271998 1.000000 1.000000 1.000000
vn -0.4559387 -0.3609684 0.8135242
v -0.0102414 -0.0082268 0.0273844 1.000000 1.000000 1.000000
vn 0.0007927 -0.5461871 0.8376628
v 0.0000142 -0.0120454 0.0282434 1.000000 1.000000 1.000000
vn -0.0867389 -0.5436204 0.8348373
v -0.0020034 -0.0120494 0.0281099 1.000000 1.000000 1.000000
vn -0.1576128 -0.5244225 0.8367433
v -0.0038860 -0.0114522 0.0282007 1.000000 1.000000 1.000000
vn 0.0846293 -0.5425150 0.8357723
v 0.0020253 -0.0120461 0.0281121 1.000000 1.000000 1.000000
vn 0.1367806 -0.5508507 0.8233193
v 0.0029556 -0.0121091 0.0278884 1.000000 1.000000 1.000000
vn -0.2196570 -0.5220774 0.8241274
v -0.0048112 -0.0114516 0.0279576 1.000000 1.000000 1.000000
vn 0.3514271 -0.3991025 0.8468862
v 0.0080722 -0.0090282 0.0282154 1.000000 1.000000 1.000000
vn 0.2513471 -0.4946831 0.8319335
v 0.0055814 -0.0109142 0.0280950 1.000000 1.000000 1.000000
vn 0.4500159 -0.2816198 0.8474526
v 0.0097604 -0.0073411 0.0280944 1.000000 1.000000 1.000000
vn 0.5475941 0.0374747 0.8359045
v 0.0124872 0.0010691 0.0277174 1.000000 1.000000 1.000000
vn 0.5324025 0.0917289 0.8415066
v 0.0124765 0.0022701 0.0276257 1.000000 1.000000 1.000000
vn 0.4731854 -0.2473410 0.8455282
v 0.0112077 -0.0060778 0.0276207 1.000000 1.000000 1.000000
vn 0.5279768 0.1468042 0.8364742
v 0.0123268 0.0036686 0.0274854 1.000000 1.000000 1.000000
vn 0.5405314 0.2226256 0.8113346
v 0.0121368 0.0051553 0.0272689 1.000000 1.000000 1.000000
vn 0.5746695 0.0133226 0.8182771
v 0.0127709 0.0001035 0.0275082 1.000000 1.000000 1.000000
vn 0.5496290 -0.0180258 0.8352143
v 0.0127434 -0.0011344 0.0274976 1.000000 1.000000 1.000000
vn 0.3731616 0.4957186 0.7842280
v 0.0084308 0.0108460 0.0268021 1.000000 1.000000 1.000000
vn 0.2458943 0.5646016 0.7878839
v 0.0057782 0.0123639 0.0268332 1.000000 1.000000 1.000000
vn 0.2977702 0.5567821 0.7754526
v 0.0067937 0.0122484 0.0265120 1.000000 1.000000 1.000000
vn 0.5398887 0.2766746 0.7949663
v 0.0118347 0.0065018 0.0269983 1.000000 1.000000 1.000000
vn -0.0661706 0.6248618 0.7779262
v -0.0016092 0.0138863 0.0264432 1.000000 1.000000 1.000000
vn -0.1257199 0.6184926 0.7756684
v -0.0028179 0.0137256 0.0264338 1.000000 1.000000 1.000000
vn -0.2007258 0.5959129 0.7775584
v -0.0047292 0.0131267 0.0264884 1.000000 1.000000 1.000000
vn 0.0600446 0.6279994 0.7758940
v 0.0014937 0.0139318 0.0264273 1.000000 1.000000 1.000000
vn 0.1291964 0.6285753 0.7669429
v 0.0028974 0.0138620 0.0262909 1.000000 1.000000 1.000000
vn 0.1936897 0.6057444 0.7717240
v 0.0044322 0.0133136 0.0264087 1.000000 1.000000 1.000000
vn 0.3586076 0.5658172 0.7424632
v 0.0080598 0.0123639 0.0257354 1.000000 1.000000 1.000000
vn -0.3852312 0.4839642 0.7857326
v -0.0086048 0.0104554 0.0269988 1.000000 1.000000 1.000000
vn -0.3105956 0.5484501 0.7763588
v -0.0070641 0.0120123 0.0265725 1.000000 1.000000 1.000000
vn -0.4786903 0.4224807 0.7696530
v -0.0105156 0.0092442 0.0265768 1.000000 1.000000 1.000000
vn -0.2504668 0.5887471 0.7685332
v -0.0056742 0.0129771 0.0262865 1.000000 1.000000 1.000000
vn 0.4318265 0.4603646 0.7756225
v 0.0094895 0.0100587 0.0267179 1.000000 1.000000 1.000000
vn 0.5409177 0.3339694 0.7719278
v 0.0118427 0.0074573 0.0265377 1.000000 1.000000 1.000000
vn -0.5476679 0.3015423 0.7804692
v -0.0119193 0.0067777 0.0268242 1.000000 1.000000 1.000000
vn -0.5263712 0.3470717 0.7761924
v -0.0114590 0.0075772 0.0268083 1.000000 1.000000 1.000000
vn -0.5685942 0.2385167 0.7872805
v -0.0131593 0.0053289 0.0263577 1.000000 1.000000 1.000000
vn -0.5816988 0.1540805 0.7986775
v -0.0134601 0.0037574 0.0265516 1.000000 1.000000 1.000000
vn -0.6242834 0.0142402 0.7810682
v -0.0138243 0.0002727 0.0266566 1.000000 1.000000 1.000000
vn -0.6114514 0.0695261 0.7882217
v -0.0137127 0.0020505 0.0266431 1.000000 1.000000 1.000000
vn -0.6219595 -0.0495870 0.7814778
v -0.0138427 -0.0011289 0.0266015 1.000000 1.000000 1.000000
vn -0.6177350 -0.1209066 0.7770361
v -0.0137718 -0.0029858 0.0264231 1.000000 1.000000 1.000000
vn -0.6120530 -0.1926522 0.7669917
v -0.0136769 -0.0045503 0.0261250 1.000000 1.000000 1.000000
vn -0.4601136 0.4852297 0.7435373
v -0.0101868 0.0104944 0.0258923 1.000000 1.000000 1.000000
vn -0.3912251 0.5468441 0.7402058
v -0.0087926 0.0119512 0.0256318 1.000000 1.000000 1.000000
vn -0.5511121 -0.2514087 0.7956564
v -0.0124278 -0.0058331 0.0267961 1.000000 1.000000 1.000000
vn -0.1902371 0.6396351 0.7447662
v -0.0044004 0.0139337 0.0257835 1.000000 1.000000 1.000000
vn -0.4122937 -0.4532230 0.7903182
v -0.0094128 -0.0101028 0.0267772 1.000000 1.000000 1.000000
vn -0.5360696 -0.2982825 0.7897195
v -0.0121853 -0.0069228 0.0265396 1.000000 1.000000 1.000000
vn -0.5280070 -0.3646252 0.7669793
v -0.0120065 -0.0082473 0.0260201 1.000000 1.000000 1.000000
vn -0.5575657 0.3334049 0.7602379
v -0.0129467 0.0073077 0.0256323 1.000000 1.000000 1.000000
vn -0.3268535 0.5938110 0.7352247
v -0.0073711 0.0129320 0.0255515 1.000000 1.000000 1.000000
vn -0.2511690 0.6420048 0.7243922
v -0.0057463 0.0140079 0.0252272 1.000000 1.000000 1.000000
vn -0.5288105 0.4100687 0.7431037
v -0.0123364 0.0091551 0.0250565 1.000000 1.000000 1.000000
vn -0.0112035 0.6713743 0.7410339
v -0.0002514 0.0149490 0.0253993 1.000000 1.000000 1.000000
vn 0.0640433 0.6705287 0.7391142
v 0.0015005 0.0147212 0.0255669 1.000000 1.000000 1.000000
vn -0.1301507 0.6675821 0.7330723
v -0.0028315 0.0146358 0.0254520 1.000000 1.000000 1.000000
vn -0.0734937 0.6725537 0.7363900
v -0.0017396 0.0148146 0.0254235 1.000000 1.000000 1.000000
vn -0.4425996 0.5430525 0.7135823
v -0.0096123 0.0118573 0.0251263 1.000000 1.000000 1.000000
vn 0.2431690 0.6416032 0.7274711
v 0.0056236 0.0139435 0.0253460 1.000000 1.000000 1.000000
vn 0.2837390 0.6167841 0.7342137
v 0.0064519 0.0134114 0.0255393 1.000000 1.000000 1.000000
vn 0.1945140 0.6549124 0.7302426
v 0.0044627 0.0142188 0.0254675 1.000000 1.000000 1.000000
vn -0.1898513 0.6826182 0.7056834
v -0.0042158 0.0150276 0.0246050 1.000000 1.000000 1.000000
vn -0.4900185 0.4913275 0.7200550
v -0.0114363 0.0108699 0.0245311 1.000000 1.000000 1.000000
vn -0.4540669 0.5587606 0.6939812
v -0.0107554 0.0121988 0.0238734 1.000000 1.000000 1.000000
vn -0.3309802 0.6370285 0.6961658
v -0.0073975 0.0139017 0.0245057 1.000000 1.000000 1.000000
vn 0.0639369 0.6816127 0.7289144
v 0.0014786 0.0156598 0.0244857 1.000000 1.000000 1.000000
vn -0.0136652 0.6825392 0.7307212
v -0.0002523 0.0158029 0.0244146 1.000000 1.000000 1.000000
vn -0.0782145 0.6861857 0.7232094
v -0.0017278 0.0156755 0.0244151 1.000000 1.000000 1.000000
vn -0.4053253 0.5963726 0.6928572
v -0.0089954 0.0129352 0.0245054 1.000000 1.000000 1.000000
vn -0.1362550 0.6906621 0.7102256
v -0.0027602 0.0157547 0.0241430 1.000000 1.000000 1.000000
vn 0.1381978 0.6746828 0.7250549
v 0.0029801 0.0155789 0.0243306 1.000000 1.000000 1.000000
vn 0.4399881 0.5022281 0.7444310
v 0.0096479 0.0109938 0.0258785 1.000000 1.000000 1.000000
vn 0.4201516 0.5583361 0.7153555
v 0.0092219 0.0122160 0.0251034 1.000000 1.000000 1.000000
vn 0.5205888 0.4083039 0.7498502
v 0.0114719 0.0090309 0.0259140 1.000000 1.000000 1.000000
vn -0.2563789 0.6742246 0.6925973
v -0.0059548 0.0151696 0.0237538 1.000000 1.000000 1.000000
vn 0.1973455 0.6778173 0.7082503
v 0.0041662 0.0155229 0.0240299 1.000000 1.000000 1.000000
vn -0.6607399 0.0473019 0.7491231
v -0.0152324 0.0018833 0.0249977 1.000000 1.000000 1.000000
vn -0.6575099 0.0109760 0.7533659
v -0.0153363 0.0000348 0.0250317 1.000000 1.000000 1.000000
vn -0.6546051 -0.0516838 0.7542022
v -0.0152843 -0.0012481 0.0250426 1.000000 1.000000 1.000000
vn -0.6502711 -0.1200091 0.7501636
v -0.0151831 -0.0029510 0.0249205 1.000000 1.000000 1.000000
vn -0.1980552 0.6978208 0.6883460
v -0.0044290 0.0157263 0.0236547 1.000000 1.000000 1.000000
vn -0.3926702 0.6407662 0.6597188
v -0.0087503 0.0140284 0.0234497 1.000000 1.000000 1.000000
vn -0.3356640 0.6625929 0.6695524
v -0.0074113 0.0148550 0.0233478 1.000000 1.000000 1.000000
vn 0.3404605 0.6262274 0.7013744
v 0.0076635 0.0137025 0.0245720 1.000000 1.000000 1.000000
vn 0.4939599 0.4790728 0.7255983
v 0.0108624 0.0105851 0.0252548 1.000000 1.000000 1.000000
vn -0.4405115 0.5925097 0.6744493
v -0.0106593 0.0128437 0.0232629 1.000000 1.000000 1.000000
vn -0.6064229 -0.2528630 0.7538644
v -0.0135792 -0.0058066 0.0257404 1.000000 1.000000 1.000000
vn -0.5846393 -0.3001906 0.7537125
v -0.0131035 -0.0070019 0.0256671 1.000000 1.000000 1.000000
vn -0.3208864 -0.5188959 0.7923250
v -0.0072980 -0.0113173 0.0270508 1.000000 1.000000 1.000000
vn -0.4269593 0.6279581 0.6506723
v -0.0099281 0.0137176 0.0228875 1.000000 1.000000 1.000000
vn 0.2582330 0.6634667 0.7022305
v 0.0061313 0.0149551 0.0239379 1.000000 1.000000 1.000000
vn 0.3193772 0.6464068 0.6929333
v 0.0073585 0.0144906 0.0238451 1.000000 1.000000 1.000000
vn 0.5840366 0.2787707 0.7623570
v 0.0132202 0.0064873 0.0257135 1.000000 1.000000 1.000000
vn 0.5886751 0.2487053 0.7691602
v 0.0134942 0.0051949 0.0259704 1.000000 1.000000 1.000000
vn -0.1558980 -0.5659775 0.8095464
v -0.0035896 -0.0123570 0.0275359 1.000000 1.000000 1.000000
vn 0.2941308 -0.4797699 0.8266245
v 0.0070637 -0.0107889 0.0275577 1.000000 1.000000 1.000000
vn -0.6474659 -0.2086237 0.7329830
v -0.0149033 -0.0048137 0.0247305 1.000000 1.000000 1.000000
vn 0.1929059 -0.5500104 0.8125737
v 0.0044127 -0.0120209 0.0276220 1.000000 1.000000 1.000000
vn -0.4688306 -0.4534971 0.7579831
v -0.0106653 -0.0100815 0.0258700 1.000000 1.000000 1.000000
vn -0.5158749 -0.4537277 0.7266391
v -0.0117233 -0.0100626 0.0250487 1.000000 1.000000 1.000000
vn -0.1962539 -0.5683043 0.7990711
v -0.0047098 -0.0128719 0.0267787 1.000000 1.000000 1.000000
vn -0.2721088 -0.5481955 0.7908468
v -0.0059528 -0.0126916 0.0264744 1.000000 1.000000 1.000000
vn -0.3943647 -0.5167724 0.7598834
v -0.0092067 -0.0113952 0.0258729 1.000000 1.000000 1.000000
vn -0.4574730 -0.4955326 0.7383535
v -0.0102196 -0.0114058 0.0251065 1.000000 1.000000 1.000000
vn -0.0808787 -0.5908287 0.8027330
v -0.0019538 -0.0129190 0.0273505 1.000000 1.000000 1.000000
vn -0.6459748 -0.2872356 0.7072570
v -0.0143731 -0.0068747 0.0244381 1.000000 1.000000 1.000000
vn -0.6082171 -0.3689079 0.7028364
v -0.0137604 -0.0083283 0.0243044 1.000000 1.000000 1.000000
vn 0.0842583 -0.5883783 0.8041837
v 0.0020490 -0.0127689 0.0274675 1.000000 1.000000 1.000000
vn 0.0046901 -0.5904738 0.8070432
v 0.0001477 -0.0138119 0.0266617 1.000000 1.000000 1.000000
vn -0.0886687 -0.5940296 0.7995416
v -0.0019549 -0.0137889 0.0265473 1.000000 1.000000 1.000000
vn -0.1423918 -0.5948775 0.7911038
v -0.0035743 -0.0138761 0.0261266 1.000000 1.000000 1.000000
vn 0.2728583 -0.5227861 0.8076156
v 0.0068513 -0.0118141 0.0268461 1.000000 1.000000 1.000000
vn 0.2431930 -0.5594633 0.7923749
v 0.0057449 -0.0123053 0.0268974 1.000000 1.000000 1.000000
vn -0.3343596 -0.5558157 0.7610996
v -0.0072485 -0.0129935 0.0255731 1.000000 1.000000 1.000000
vn -0.3623039 -0.5574036 0.7470188
v -0.0090197 -0.0123466 0.0251084 1.000000 1.000000 1.000000
vn 0.1073398 -0.5986030 0.7938216
v 0.0022772 -0.0137868 0.0264979 1.000000 1.000000 1.000000
vn 0.1885574 -0.5950199 0.7812794
v 0.0043061 -0.0130640 0.0267066 1.000000 1.000000 1.000000
vn 0.5710188 0.3487356 0.7431830
v 0.0128759 0.0078487 0.0253360 1.000000 1.000000 1.000000
vn 0.5453739 0.4172214 0.7269757
v 0.0124268 0.0092461 0.0248772 1.000000 1.000000 1.000000
vn 0.5176914 0.4759992 0.7109293
v 0.0118374 0.0107043 0.0242817 1.000000 1.000000 1.000000
vn 0.6346269 0.0511154 0.7711264
v 0.0129649 0.0003299 0.0272925 1.000000 1.000000 1.000000
vn 0.4666080 0.5456488 0.6960922
v 0.0105550 0.0118736 0.0243651 1.000000 1.000000 1.000000
vn 0.3993474 0.6030734 0.6905246
v 0.0090436 0.0133517 0.0240371 1.000000 1.000000 1.000000
vn -0.4044650 0.6591853 0.6339423
v -0.0088727 0.0147290 0.0224624 1.000000 1.000000 1.000000
vn -0.4251022 0.6559737 0.6236879
v -0.0101394 0.0146590 0.0214874 1.000000 1.000000 1.000000
vn 0.3675765 0.6353114 0.6791664
v 0.0084726 0.0142491 0.0234001 1.000000 1.000000 1.000000
vn 0.4472619 0.5796930 0.6811115
v 0.0097682 0.0133580 0.0234653 1.000000 1.000000 1.000000
vn 0.4582624 0.5754784 0.6773626
v 0.0112412 0.0123352 0.0233079 1.000000 1.000000 1.000000
vn 0.1961562 -0.6051606 0.7715591
v 0.0042901 -0.0139303 0.0258727 1.000000 1.000000 1.000000
vn -0.4822670 -0.4973811 0.7211315
v -0.0109728 -0.0116140 0.0243473 1.000000 1.000000 1.000000
vn -0.5609896 -0.4392267 0.7016912
v -0.0126013 -0.0101318 0.0241459 1.000000 1.000000 1.000000
vn -0.6800001 -0.3022673 0.6680077
v -0.0151165 -0.0068335 0.0235471 1.000000 1.000000 1.000000
vn 0.2326595 -0.5995834 0.7657475
v 0.0057841 -0.0138090 0.0254320 1.000000 1.000000 1.000000
vn -0.6644244 -0.3494875 0.6606048
v -0.0145923 -0.0082850 0.0233428 1.000000 1.000000 1.000000
vn -0.5986497 -0.4205809 0.6817114
v -0.0135286 -0.0100454 0.0232478 1.000000 1.000000 1.000000
vn -0.6898706 -0.3276933 0.6455197
v -0.0159499 -0.0068102 0.0224759 1.000000 1.000000 1.000000
vn -0.6931288 -0.3338806 0.6388240
v -0.0154236 -0.0083978 0.0221565 1.000000 1.000000 1.000000
vn -0.0045163 0.0390433 -0.9992273
v 0.0000965 0.0007722 -0.0324441 1.000000 1.000000 1.000000
vn 0.0818251 0.0230845 -0.9963793
v 0.0015917 0.0005079 -0.0323786 1.000000 1.000000 1.000000
vn -0.0078791 -0.0178234 -0.9998101
v 0.0000084 -0.0004564 -0.0324490 1.000000 1.000000 1.000000
vn 0.0775321 -0.0295511 -0.9965518
v 0.0015362 -0.0007484 -0.0323666 1.000000 1.000000 1.000000
vn -0.0030017 -0.0740743 -0.9972482
v 0.0000500 -0.0015634 -0.0323986 1.000000 1.000000 1.000000
vn 0.0847106 -0.0875179 -0.9925547
v 0.0015933 -0.0017302 -0.0322962 1.000000 1.000000 1.000000
vn 0.1568121 -0.0553909 -0.9860740
v 0.0027883 -0.0011656 -0.0321736 1.000000 1.000000 1.000000
vn 0.1612892 0.0271469 -0.9865338
v 0.0029311 0.0007061 -0.0321693 1.000000 1.000000 1.000000
vn 0.0794619 0.1068233 -0.9910977
v 0.0016430 0.0023943 -0.0322313 1.000000 1.000000 1.000000
vn -0.0064673 0.1171783 -0.9930899
v 0.0000693 0.0025546 -0.0322821 1.000000 1.000000 1.000000
vn 0.1454730 0.1198231 -0.9820794
v 0.0028085 0.0026241 -0.0320266 1.000000 1.000000 1.000000
vn 0.1910003 0.0995145 -0.9765325
v 0.0037092 0.0023836 -0.0318601 1.000000 1.000000 1.000000
vn 0.2326818 0.0878846 -0.9685740
v 0.0046229 0.0022598 -0.0316366 1.000000 1.000000 1.000000
vn 0.2339200 0.0071665 -0.9722294
v 0.0046349 0.0003242 -0.0317421 1.000000 1.000000 1.000000
vn 0.2195555 -0.0659899 -0.9733657
v 0.0042156 -0.0013765 -0.0318124 1.000000 1.000000 1.000000
vn 0.0853872 -0.1484138 -0.9852322
v 0.0015979 -0.0029230 -0.0321297 1.000000 1.000000 1.000000
vn 0.1573143 -0.1516484 -0.9758356
v 0.0027633 -0.0029763 -0.0319425 1.000000 1.000000 1.000000
vn 0.2216788 -0.1464308 -0.9640625
v 0.0041920 -0.0028287 -0.0316156 1.000000 1.000000 1.000000
vn 0.0014376 -0.1540526 -0.9880617
v 0.0001044 -0.0030693 -0.0321900 1.000000 1.000000 1.000000
vn 0.2880622 -0.0408827 -0.9567387
v 0.0060302 -0.0008058 -0.0312348 1.000000 1.000000 1.000000
vn 0.2664390 -0.0838132 -0.9602008
v 0.0050756 -0.0015961 -0.0315115 1.000000 1.000000 1.000000
vn 0.2980506 0.0179288 -0.9543817
v 0.0061797 0.0007413 -0.0312119 1.000000 1.000000 1.000000
vn 0.2887396 0.1043779 -0.9517010
v 0.0060752 0.0025455 -0.0311123 1.000000 1.000000 1.000000
vn 0.3341685 0.0654140 -0.9402406
v 0.0068736 0.0018031 -0.0308709 1.000000 1.000000 1.000000
vn 0.3363653 -0.0671571 -0.9393340
v 0.0068037 -0.0011817 -0.0309079 1.000000 1.000000 1.000000
vn 0.2860620 -0.1466224 -0.9469268
v 0.0057713 -0.0028253 -0.0310890 1.000000 1.000000 1.000000
vn 0.2071809 0.1934280 -0.9589900
v 0.0043838 0.0042072 -0.0313617 1.000000 1.000000 1.000000
vn 0.2472898 0.1575854 -0.9560411
v 0.0048900 0.0038964 -0.0312746 1.000000 1.000000 1.000000
vn 0.1411488 0.2114063 -0.9671527
v 0.0028014 0.0045794 -0.0316157 1.000000 1.000000 1.000000
vn 0.0768177 0.1755577 -0.9814675
v 0.0015880 0.0038921 -0.0319442 1.000000 1.000000 1.000000
vn 0.3092616 0.1656177 -0.9364444
v 0.0063814 0.0037177 -0.0307796 1.000000 1.000000 1.000000
vn 0.3818748 0.0080633 -0.9241789
v 0.0079477 0.0006074 -0.0304215 1.000000 1.000000 1.000000
vn 0.3315094 -0.1518998 -0.9311434
v 0.0066144 -0.0028480 -0.0307472 1.000000 1.000000 1.000000
vn 0.2700021 0.2110654 -0.9394415
v 0.0054665 0.0044285 -0.0309537 1.000000 1.000000 1.000000
vn 0.3627240 0.1303320 -0.9227377
v 0.0075608 0.0030228 -0.0303964 1.000000 1.000000 1.000000
vn 0.3987585 0.0553811 -0.9153822
v 0.0082198 0.0015567 -0.0302311 1.000000 1.000000 1.000000
vn 0.4169599 -0.0477007 -0.9076724
v 0.0085225 -0.0007216 -0.0300808 1.000000 1.000000 1.000000
vn 0.4055507 0.1352064 -0.9040177
v 0.0083442 0.0030239 -0.0299946 1.000000 1.000000 1.000000
vn 0.2604066 -0.2100097 -0.9423823
v 0.0049738 -0.0041453 -0.0310619 1.000000 1.000000 1.000000
vn 0.4224524 -0.0950000 -0.9013928
v 0.0086352 -0.0017697 -0.0299087 1.000000 1.000000 1.000000
vn 0.4015809 -0.1492121 -0.9035864
v 0.0082845 -0.0028108 -0.0299420 1.000000 1.000000 1.000000
vn 0.2164703 -0.2413342 -0.9459907
v 0.0040311 -0.0047512 -0.0311876 1.000000 1.000000 1.000000
vn 0.1541980 -0.2375906 -0.9590483
v 0.0028536 -0.0046714 -0.0314905 1.000000 1.000000 1.000000
vn 0.2977005 -0.2293993 -0.9266879
v 0.0059322 -0.0045611 -0.0305852 1.000000 1.000000 1.000000
vn 0.4579865 0.0106144 -0.8888958
v 0.0092443 0.0005694 -0.0296750 1.000000 1.000000 1.000000
vn 0.4513419 0.0633203 -0.8901017
v 0.0090350 0.0018432 -0.0297415 1.000000 1.000000 1.000000
vn 0.3335989 0.2211871 -0.9163995
v 0.0068465 0.0046626 -0.0303387 1.000000 1.000000 1.000000
vn 0.3635784 -0.2100244 -0.9075795
v 0.0075986 -0.0042975 -0.0299164 1.000000 1.000000 1.000000
vn 0.0825073 -0.2351170 -0.9684588
v 0.0014852 -0.0044784 -0.0317646 1.000000 1.000000 1.000000
vn 0.3335955 -0.2609424 -0.9058825
v 0.0068679 -0.0053250 -0.0299403 1.000000 1.000000 1.000000
vn 0.5026855 -0.0387847 -0.8635989
v 0.0102461 -0.0007969 -0.0289649 1.000000 1.000000 1.000000
vn 0.4975479 -0.0857616 -0.8631866
v 0.0102474 -0.0016015 -0.0288947 1.000000 1.000000 1.000000
vn 0.4630755 0.1317603 -0.8764704
v 0.0092376 0.0029255 -0.0294690 1.000000 1.000000 1.000000
vn 0.4849886 -0.1500669 -0.8615486
v 0.0100707 -0.0029653 -0.0288022 1.000000 1.000000 1.000000
vn 0.4129440 -0.2337882 -0.8802388
v 0.0085318 -0.0048573 -0.0292570 1.000000 1.000000 1.000000
vn 0.2810823 -0.2947865 -0.9132873
v 0.0056317 -0.0061939 -0.0301238 1.000000 1.000000 1.000000
vn 0.5145860 0.0178614 -0.8572527
v 0.0103459 0.0005979 -0.0289192 1.000000 1.000000 1.000000
vn 0.3942689 0.2223389 -0.8916936
v 0.0081408 0.0047332 -0.0296782 1.000000 1.000000 1.000000
vn 0.5153384 0.0911921 -0.8521211
v 0.0102868 0.0022834 -0.0288382 1.000000 1.000000 1.000000
vn 0.2101584 -0.3184603 -0.9243465
v 0.0040107 -0.0065219 -0.0305315 1.000000 1.000000 1.000000
vn 0.4883049 -0.2227335 -0.8437702
v 0.0102612 -0.0047011 -0.0281996 1.000000 1.000000 1.000000
vn 0.3654240 -0.3107881 -0.8774258
v 0.0076669 -0.0066276 -0.0290488 1.000000 1.000000 1.000000
vn 0.3177814 -0.3332490 -0.8876712
v 0.0066606 -0.0070634 -0.0293168 1.000000 1.000000 1.000000
vn 0.1397691 -0.3062886 -0.9416220
v 0.0026777 -0.0061305 -0.0310056 1.000000 1.000000 1.000000
vn 0.2541629 -0.3454050 -0.9033807
v 0.0051074 -0.0071620 -0.0298933 1.000000 1.000000 1.000000
vn 0.4366648 -0.3065043 -0.8458008
v 0.0093378 -0.0068737 -0.0279869 1.000000 1.000000 1.000000
vn 0.5670395 -0.0694420 -0.8207582
v 0.0119399 -0.0015177 -0.0275839 1.000000 1.000000 1.000000
vn 0.5609664 -0.1328801 -0.8171043
v 0.0118506 -0.0028079 -0.0274462 1.000000 1.000000 1.000000
vn 0.5728840 0.0070373 -0.8196063
v 0.0119798 0.0003648 -0.0276183 1.000000 1.000000 1.000000
vn 0.5605592 -0.1839420 -0.8074273
v 0.0118578 -0.0038424 -0.0271908 1.000000 1.000000 1.000000
vn 0.5694855 0.0516250 -0.8203787
v 0.0118622 0.0014215 -0.0276575 1.000000 1.000000 1.000000
vn 0.4565302 0.2123065 -0.8640059
v 0.0093183 0.0046162 -0.0290085 1.000000 1.000000 1.000000
vn 0.5145286 0.1579328 -0.8428034
v 0.0101694 0.0035947 -0.0286687 1.000000 1.000000 1.000000
vn 0.5700281 0.1050009 -0.8148882
v 0.0118439 0.0023342 -0.0275809 1.000000 1.000000 1.000000
vn 0.2901241 0.2786556 -0.9155212
v 0.0057860 0.0057656 -0.0304045 1.000000 1.000000 1.000000
vn 0.4955210 -0.3059385 -0.8129334
v 0.0105403 -0.0069867 -0.0270803 1.000000 1.000000 1.000000
vn 0.5532399 -0.2439852 -0.7964904
v 0.0117034 -0.0053575 -0.0268287 1.000000 1.000000 1.000000
vn 0.2910178 -0.3818626 -0.8772056
v 0.0060278 -0.0080037 -0.0291200 1.000000 1.000000 1.000000
vn 0.3529476 -0.3894772 -0.8507265
v 0.0076641 -0.0083301 -0.0281970 1.000000 1.000000 1.000000
vn 0.4284035 -0.3788851 -0.8203149
v 0.0092451 -0.0082531 -0.0273543 1.000000 1.000000 1.000000
vn 0.0772915 -0.3142673 -0.9461829
v 0.0017885 -0.0056718 -0.0312923 1.000000 1.000000 1.000000
vn 0.5379233 -0.3093381 -0.7841865
v 0.0112703 -0.0070492 -0.0264722 1.000000 1.000000 1.000000
vn 0.2344159 -0.3950178 -0.8882625
v 0.0047136 -0.0081287 -0.0295340 1.000000 1.000000 1.000000
vn 0.1738810 -0.3685800 -0.9131890
v 0.0034663 -0.0073981 -0.0302557 1.000000 1.000000 1.000000
vn 0.0000194 -0.2376543 -0.9713498
v 0.0000208 -0.0046267 -0.0318036 1.000000 1.000000 1.000000
vn 0.6283476 -0.1408574 -0.7650741
v 0.0133729 -0.0030586 -0.0259855 1.000000 1.000000 1.000000
vn 0.6165413 -0.0628519 -0.7848098
v 0.0131578 -0.0014104 -0.0264694 1.000000 1.000000 1.000000
vn 0.6322967 0.0142860 -0.7745946
v 0.0134912 0.0004511 -0.0262086 1.000000 1.000000 1.000000
vn 0.6087657 0.0824231 -0.7890569
v 0.0128015 0.0019016 -0.0267529 1.000000 1.000000 1.000000
vn 0.6193790 -0.1958610 -0.7602684
v 0.0132780 -0.0043430 -0.0257158 1.000000 1.000000 1.000000
vn 0.6137435 -0.2427628 -0.7512558
v 0.0131961 -0.0052541 -0.0254783 1.000000 1.000000 1.000000
vn 0.5114284 0.2124544 -0.8326489
v 0.0101391 0.0047178 -0.0283987 1.000000 1.000000 1.000000
vn 0.4980962 -0.3845409 -0.7771928
v 0.0106721 -0.0083781 -0.0262355 1.000000 1.000000 1.000000
vn 0.6529204 -0.0680727 -0.7543614
v 0.0137704 -0.0015129 -0.0258291 1.000000 1.000000 1.000000
vn 0.5769029 0.1498860 -0.8029429
v 0.0120017 0.0032856 -0.0272435 1.000000 1.000000 1.000000
vn 0.5638415 0.1963369 -0.8022062
v 0.0117408 0.0043631 -0.0271916 1.000000 1.000000 1.000000
vn 0.6030469 -0.3029778 -0.7379287
v 0.0128315 -0.0069981 -0.0250701 1.000000 1.000000 1.000000
vn 0.2870640 -0.4233702 -0.8592741
v 0.0060254 -0.0090988 -0.0284859 1.000000 1.000000 1.000000
vn 0.1924940 -0.4188214 -0.8874316
v 0.0039061 -0.0086222 -0.0295023 1.000000 1.000000 1.000000
vn 0.4076439 -0.4283355 -0.8064460
v 0.0089432 -0.0090197 -0.0270554 1.000000 1.000000 1.000000
vn -0.0128608 -0.3135576 -0.9494821
v 0.0021983 -0.0070951 -0.0306510 1.000000 1.000000 1.000000
vn 0.6444739 0.0793540 -0.7604975
v 0.0137405 0.0018083 -0.0258351 1.000000 1.000000 1.000000
vn 0.5531204 -0.3780539 -0.7423834
v 0.0120119 -0.0084546 -0.0250378 1.000000 1.000000 1.000000
vn 0.3440516 -0.4660614 -0.8151167
v 0.0074644 -0.0099953 -0.0272393 1.000000 1.000000 1.000000
vn 0.2824454 -0.4837683 -0.8283676
v 0.0061219 -0.0102090 -0.0277318 1.000000 1.000000 1.000000
vn 0.2431190 -0.4647388 -0.8514171
v 0.0053188 -0.0098404 -0.0282944 1.000000 1.000000 1.000000
vn 0.0228449 -0.3534938 -0.9351579
v 0.0023057 -0.0063835 -0.0309465 1.000000 1.000000 1.000000
vn 0.6694603 -0.2256907 -0.7077335
v 0.0144130 -0.0049688 -0.0242714 1.000000 1.000000 1.000000
vn 0.6830345 -0.1519569 -0.7144039
v 0.0147301 -0.0033623 -0.0244076 1.000000 1.000000 1.000000
vn 0.6872433 -0.0786227 -0.7221600
v 0.0148497 -0.0016453 -0.0246149 1.000000 1.000000 1.000000
vn 0.6852257 0.0085172 -0.7282811
v 0.0148927 0.0003312 -0.0246918 1.000000 1.000000 1.000000
vn 0.4548498 -0.4579010 -0.7638314
v 0.0100554 -0.0098552 -0.0257049 1.000000 1.000000 1.000000
vn 0.4050165 -0.4704374 -0.7839964
v 0.0088440 -0.0099334 -0.0264944 1.000000 1.000000 1.000000
vn 0.6012278 -0.3742691 -0.7060084
v 0.0127222 -0.0084604 -0.0243301 1.000000 1.000000 1.000000
vn 0.5018807 -0.4371300 -0.7463465
v 0.0106488 -0.0097492 -0.0253136 1.000000 1.000000 1.000000
vn 0.5567031 -0.4317022 -0.7097287
v 0.0120623 -0.0095975 -0.0241883 1.000000 1.000000 1.000000
vn 0.6590422 -0.3041604 -0.6878589
v 0.0140632 -0.0069694 -0.0237240 1.000000 1.000000 1.000000
vn 0.6436977 -0.3753007 -0.6669353
v 0.0136820 -0.0085079 -0.0232458 1.000000 1.000000 1.000000
vn 0.0940169 -0.3828689 -0.9190061
v 0.0020653 -0.0079325 -0.0302475 1.000000 1.000000 1.000000
vn 0.1342099 -0.4336943 -0.8910090
v 0.0027137 -0.0089082 -0.0295980 1.000000 1.000000 1.000000
vn 0.6289120 0.1551293 -0.7618429
v 0.0134532 0.0035554 -0.0258179 1.000000 1.000000 1.000000
vn 0.4756968 -0.4881276 -0.7317405
v 0.0105129 -0.0104153 -0.0249218 1.000000 1.000000 1.000000
vn 0.7221879 -0.1488934 -0.6754816
v 0.0156583 -0.0032815 -0.0232687 1.000000 1.000000 1.000000
vn 0.7241992 -0.0767030 -0.6853118
v 0.0157601 -0.0015719 -0.0234960 1.000000 1.000000 1.000000
vn 0.7194017 -0.1960011 -0.6663668
v 0.0155344 -0.0043224 -0.0230916 1.000000 1.000000 1.000000
vn 0.6833326 0.1002413 -0.7231932
v 0.0148852 0.0023223 -0.0245095 1.000000 1.000000 1.000000
vn 0.7306766 0.0055876 -0.6827009
v 0.0159177 0.0003301 -0.0234274 1.000000 1.000000 1.000000
vn 0.7297445 0.0917736 -0.6775327
v 0.0159457 0.0021859 -0.0232274 1.000000 1.000000 1.000000
vn 0.7086221 -0.2538906 -0.6583269
v 0.0152914 -0.0054624 -0.0229504 1.000000 1.000000 1.000000
vn 0.5422041 -0.4879449 -0.6840501
v 0.0118220 -0.0105599 -0.0236543 1.000000 1.000000 1.000000
vn 0.7010216 -0.3101931 -0.6421442
v 0.0150285 -0.0070212 -0.0224634 1.000000 1.000000 1.000000
vn 0.1917292 -0.4955037 -0.8471813
v 0.0040063 -0.0102652 -0.0284233 1.000000 1.000000 1.000000
vn 0.1396677 -0.4959963 -0.8570184
v 0.0030253 -0.0102281 -0.0286787 1.000000 1.000000 1.000000
vn 0.3514915 -0.5281585 -0.7729828
v 0.0076967 -0.0112018 -0.0261658 1.000000 1.000000 1.000000
vn 0.3963521 -0.5331255 -0.7474505
v 0.0086355 -0.0113338 -0.0254957 1.000000 1.000000 1.000000
vn 0.2959400 -0.5381065 -0.7892153
v 0.0064962 -0.0113992 -0.0266347 1.000000 1.000000 1.000000
vn 0.6067598 -0.4613506 -0.6473007
v 0.0129820 -0.0102459 -0.0227044 1.000000 1.000000 1.000000
vn 0.7651730 -0.0825533 -0.6385101
v 0.0169461 -0.0017079 -0.0218398 1.000000 1.000000 1.000000
vn 0.7032853 -0.3642004 -0.6105308
v 0.0149717 -0.0081691 -0.0217990 1.000000 1.000000 1.000000
vn 0.7371022 -0.2433910 -0.6304294
v 0.0157861 -0.0052788 -0.0223430 1.000000 1.000000 1.000000
vn 0.7658687 -0.1706352 -0.6199425
v 0.0168869 -0.0035246 -0.0214617 1.000000 1.000000 1.000000
vn 0.6171398 0.2260838 -0.7536741
v 0.0131416 0.0051084 -0.0256448 1.000000 1.000000 1.000000
vn 0.4427687 -0.5474444 -0.7101131
v 0.0100042 -0.0117030 -0.0241675 1.000000 1.000000 1.000000
vn 0.5083482 -0.5365968 -0.6735325
v 0.0112182 -0.0115672 -0.0232916 1.000000 1.000000 1.000000
vn 0.7348643 -0.3022405 -0.6071452
v 0.0157927 -0.0067673 -0.0215164 1.000000 1.000000 1.000000
vn 0.7656724 -0.2476563 -0.5936430
v 0.0168230 -0.0052270 -0.0208248 1.000000 1.000000 1.000000
vn 0.6761543 0.1734944 -0.7160413
v 0.0146261 0.0039785 -0.0244069 1.000000 1.000000 1.000000
vn 0.6680059 0.2360733 -0.7057177
v 0.0144157 0.0052262 -0.0242217 1.000000 1.000000 1.000000
vn 0.7273288 0.1600719 -0.6673604
v 0.0159091 0.0034526 -0.0229622 1.000000 1.000000 1.000000
vn 0.7815640 0.0139798 -0.6236684
v 0.0173226 0.0004606 -0.0214230 1.000000 1.000000 1.000000
vn 0.7628240 0.0894572 -0.6403882
v 0.0167740 0.0021210 -0.0220473 1.000000 1.000000 1.000000
vn 0.5671111 0.2535906 -0.7836305
v 0.0120124 0.0057829 -0.0264564 1.000000 1.000000 1.000000
vn 0.5079548 0.2689826 -0.8183094
v 0.0102518 0.0058318 -0.0279128 1.000000 1.000000 1.000000
vn 0.3793030 0.3264243 -0.8657808
v 0.0086571 0.0061767 -0.0288545 1.000000 1.000000 1.000000
vn 0.4082147 0.3356361 -0.8489460
v 0.0090128 0.0064564 -0.0285231 1.000000 1.000000 1.000000
vn 0.3519703 0.3132854 -0.8820256
v 0.0072536 0.0056774 -0.0297928 1.000000 1.000000 1.000000
vn 0.8014944 -0.1016591 -0.5892981
v 0.0177160 -0.0019964 -0.0205645 1.000000 1.000000 1.000000
vn 0.6752668 -0.4267025 -0.6016143
v 0.0143890 -0.0095935 -0.0214651 1.000000 1.000000 1.000000
vn 0.7912843 -0.1936142 -0.5799851
v 0.0174739 -0.0040331 -0.0203046 1.000000 1.000000 1.000000
vn 0.7620322 -0.3002878 -0.5737022
v 0.0166574 -0.0066076 -0.0202735 1.000000 1.000000 1.000000
vn 0.8043075 -0.0396624 -0.5928881
v 0.0176830 -0.0007063 -0.0207600 1.000000 1.000000 1.000000
vn 0.7454318 -0.3548366 -0.5642895
v 0.0163378 -0.0079737 -0.0198458 1.000000 1.000000 1.000000
vn 0.7075108 -0.4133786 -0.5731899
v 0.0152249 -0.0095493 -0.0202729 1.000000 1.000000 1.000000
vn 0.5720176 -0.5280716 -0.6276435
v 0.0124565 -0.0115519 -0.0220256 1.000000 1.000000 1.000000
vn 0.8288108 -0.1361274 -0.5427173
v 0.0184556 -0.0025599 -0.0190957 1.000000 1.000000 1.000000
vn 0.8132477 -0.1872919 -0.5509536
v 0.0181574 -0.0039026 -0.0191913 1.000000 1.000000 1.000000
vn 0.8088011 -0.2421303 -0.5359232
v 0.0180229 -0.0050417 -0.0188506 1.000000 1.000000 1.000000
vn 0.7536654 0.2030102 -0.6251202
v 0.0156971 0.0046740 -0.0228319 1.000000 1.000000 1.000000
vn 0.8119636 -0.0017703 -0.5837055
v 0.0178789 0.0004343 -0.0204872 1.000000 1.000000 1.000000
vn 0.8007854 -0.2852837 -0.5266461
v 0.0178459 -0.0061345 -0.0185276 1.000000 1.000000 1.000000
vn 0.7804539 0.0900577 -0.6186934
v 0.0176210 0.0024404 -0.0206907 1.000000 1.000000 1.000000
vn 0.5884095 0.2957563 -0.7525308
v 0.0123975 0.0065635 -0.0257555 1.000000 1.000000 1.000000
vn 0.5297335 0.3123686 -0.7885482
v 0.0110293 0.0070544 -0.0267315 1.000000 1.000000 1.000000
vn 0.7493773 0.1628200 -0.6418125
v 0.0168328 0.0036967 -0.0215677 1.000000 1.000000 1.000000
vn 0.8343152 -0.0930823 -0.5433726
v 0.0186956 -0.0016369 -0.0188934 1.000000 1.000000 1.000000
vn 0.8205236 -0.0321641 -0.5707071
v 0.0187597 0.0003529 -0.0189227 1.000000 1.000000 1.000000
vn 0.6304176 -0.5054057 -0.5891848
v 0.0135448 -0.0112784 -0.0209860 1.000000 1.000000 1.000000
vn 0.7832667 -0.3517440 -0.5126105
v 0.0173473 -0.0078976 -0.0181558 1.000000 1.000000 1.000000
vn 0.6429073 0.2804298 -0.7127618
v 0.0139054 0.0063531 -0.0242775 1.000000 1.000000 1.000000
vn 0.7411720 -0.4205151 -0.5232887
v 0.0162479 -0.0096594 -0.0185269 1.000000 1.000000 1.000000
vn 0.6820316 -0.4688041 -0.5612983
v 0.0146545 -0.0106262 -0.0200736 1.000000 1.000000 1.000000
vn 0.7188667 -0.4654820 -0.5162918
v 0.0158131 -0.0105087 -0.0183674 1.000000 1.000000 1.000000
vn 0.4595168 -0.5897290 -0.6641265
v 0.0103881 -0.0124641 -0.0230960 1.000000 1.000000 1.000000
vn 0.3924730 -0.5854352 -0.7093875
v 0.0087170 -0.0123943 -0.0244207 1.000000 1.000000 1.000000
vn 0.8503793 -0.1857464 -0.4922940
v 0.0190867 -0.0037793 -0.0174015 1.000000 1.000000 1.000000
vn 0.5313818 -0.5859632 -0.6117848
v 0.0117922 -0.0126518 -0.0215516 1.000000 1.000000 1.000000
vn 0.3458754 -0.5904920 -0.7291704
v 0.0075089 -0.0124776 -0.0251068 1.000000 1.000000 1.000000
vn 0.2850282 -0.6023019 -0.7456484
v 0.0063540 -0.0126655 -0.0255531 1.000000 1.000000 1.000000
vn 0.6592439 -0.5175736 -0.5454493
v 0.0142629 -0.0116015 -0.0196128 1.000000 1.000000 1.000000
vn 0.6957219 -0.5152646 -0.5004732
v 0.0153123 -0.0115704 -0.0180022 1.000000 1.000000 1.000000
vn 0.8449146 -0.2460458 -0.4749534
v 0.0189153 -0.0052490 -0.0169259 1.000000 1.000000 1.000000
vn 0.3904323 -0.6246967 -0.6762519
v 0.0089339 -0.0132324 -0.0233783 1.000000 1.000000 1.000000
vn 0.2161153 -0.5667485 -0.7950411
v 0.0048410 -0.0119379 -0.0268315 1.000000 1.000000 1.000000
vn 0.5961855 -0.5652902 -0.5700964
v 0.0130689 -0.0124708 -0.0202269 1.000000 1.000000 1.000000
vn 0.8350056 -0.2928970 -0.4658079
v 0.0187066 -0.0063122 -0.0166470 1.000000 1.000000 1.000000
vn 0.8634709 -0.1535331 -0.4804640
v 0.0193801 -0.0032588 -0.0169653 1.000000 1.000000 1.000000
vn 0.8539667 -0.1246771 -0.5051697
v 0.0195585 -0.0016769 -0.0170629 1.000000 1.000000 1.000000
vn 0.7347952 0.2023291 -0.6474094
v 0.0168154 0.0050080 -0.0210922 1.000000 1.000000 1.000000
vn 0.7133824 0.2365611 -0.6596397
v 0.0157209 0.0056109 -0.0223866 1.000000 1.000000 1.000000
vn 0.6848025 0.2748948 -0.6748914
v 0.0152040 0.0064893 -0.0225991 1.000000 1.000000 1.000000
vn 0.8218170 -0.3546676 -0.4459009
v 0.0183349 -0.0079958 -0.0160171 1.000000 1.000000 1.000000
vn 0.8045881 -0.3431646 -0.4846401
v 0.0176648 -0.0080385 -0.0173889 1.000000 1.000000 1.000000
vn 0.7734067 -0.4225615 -0.4725293
v 0.0171055 -0.0096467 -0.0169195 1.000000 1.000000 1.000000
vn 0.6205942 -0.5857433 -0.5213134
v 0.0135960 -0.0129488 -0.0188924 1.000000 1.000000 1.000000
vn 0.4777366 0.3706251 -0.7964953
v 0.0100867 0.0077280 -0.0271270 1.000000 1.000000 1.000000
vn 0.8786991 -0.2075601 -0.4298916
v 0.0197952 -0.0042844 -0.0154547 1.000000 1.000000 1.000000
vn 0.7542160 -0.4676563 -0.4609293
v 0.0166849 -0.0105714 -0.0166485 1.000000 1.000000 1.000000
vn 0.7258099 -0.5125862 -0.4587543
v 0.0161407 -0.0115690 -0.0164413 1.000000 1.000000 1.000000
vn 0.7989469 -0.4268362 -0.4236682
v 0.0178699 -0.0096455 -0.0152580 1.000000 1.000000 1.000000
vn 0.8811936 -0.2431368 -0.4054408
v 0.0197755 -0.0051947 -0.0148986 1.000000 1.000000 1.000000
vn 0.8670155 -0.2918091 -0.4038956
v 0.0194920 -0.0062540 -0.0148092 1.000000 1.000000 1.000000
vn 0.4297676 -0.6437633 -0.6331419
v 0.0096647 -0.0136656 -0.0222992 1.000000 1.000000 1.000000
vn 0.5043644 -0.6266426 -0.5940838
v 0.0114225 -0.0133782 -0.0210421 1.000000 1.000000 1.000000
vn 0.5639609 -0.6185052 -0.5471740
v 0.0126525 -0.0133487 -0.0196266 1.000000 1.000000 1.000000
vn 0.6524045 -0.5892912 -0.4765548
v 0.0144178 -0.0131877 -0.0172631 1.000000 1.000000 1.000000
vn 0.8921652 -0.1985694 -0.4057233
v 0.0202187 -0.0034849 -0.0147974 1.000000 1.000000 1.000000
vn 0.3319142 -0.6411355 -0.6919380
v 0.0073814 -0.0134721 -0.0241024 1.000000 1.000000 1.000000
vn 0.7575132 -0.5045301 -0.4142742
v 0.0167322 -0.0114910 -0.0153254 1.000000 1.000000 1.000000
vn 0.8464354 -0.3613930 -0.3910783
v 0.0189546 -0.0082145 -0.0142460 1.000000 1.000000 1.000000
vn 0.8133301 -0.4343675 -0.3870648
v 0.0181939 -0.0098008 -0.0142557 1.000000 1.000000 1.000000
vn 0.6010389 0.3176179 -0.7333970
v 0.0124229 0.0075172 -0.0252256 1.000000 1.000000 1.000000
vn 0.6204968 0.3170595 -0.7172565
v 0.0128864 0.0079041 -0.0245194 1.000000 1.000000 1.000000
vn 0.0688370 -0.4366198 -0.8970087
v 0.0016053 -0.0088912 -0.0297680 1.000000 1.000000 1.000000
vn 0.7208838 -0.5513031 -0.4199897
v 0.0160769 -0.0123230 -0.0154495 1.000000 1.000000 1.000000
vn 0.6911446 -0.5996608 -0.4033934
v 0.0154819 -0.0132933 -0.0150591 1.000000 1.000000 1.000000
vn 0.6614202 -0.6085478 -0.4383981
v 0.0146768 -0.0134976 -0.0162991 1.000000 1.000000 1.000000
vn 0.4772615 -0.6638979 -0.5757265
v 0.0108348 -0.0142773 -0.0203951 1.000000 1.000000 1.000000
vn 0.1469515 -0.5595711 -0.8156503
v 0.0032879 -0.0116589 -0.0274847 1.000000 1.000000 1.000000
vn 0.0119640 -0.3087346 -0.9510730
v 0.0000329 -0.0059390 -0.0313375 1.000000 1.000000 1.000000
vn 0.1086358 -0.3631170 -0.9253888
v 0.0007166 -0.0061855 -0.0311683 1.000000 1.000000 1.000000
vn 0.1467782 -0.3039840 -0.9413022
v 0.0007934 -0.0072168 -0.0307033 1.000000 1.000000 1.000000
vn 0.0151257 -0.3793821 -0.9251165
v 0.0000410 -0.0074966 -0.0306368 1.000000 1.000000 1.000000
vn 0.1733738 -0.4154594 -0.8929362
v 0.0013284 -0.0066522 -0.0306879 1.000000 1.000000 1.000000
vn 0.0290310 -0.2861614 -0.9577416
v 0.0015288 -0.0068636 -0.0305345 1.000000 1.000000 1.000000
vn 0.2308030 0.0343109 -0.9723954
v 0.0015833 -0.0076221 -0.0304018 1.000000 1.000000 1.000000
vn 0.0415353 -0.4499443 -0.8920902
v 0.0015913 -0.0061450 -0.0310644 1.000000 1.000000 1.000000
vn 0.0710268 -0.5047484 -0.8603396
v 0.0016402 -0.0103418 -0.0288222 1.000000 1.000000 1.000000
vn 0.3536578 -0.6822605 -0.6398804
v 0.0080257 -0.0146387 -0.0222803 1.000000 1.000000 1.000000
vn 0.3900075 -0.6931207 -0.6061996
v 0.0088161 -0.0148638 -0.0214043 1.000000 1.000000 1.000000
vn 0.3104109 -0.6840675 -0.6600733
v 0.0069579 -0.0146712 -0.0229275 1.000000 1.000000 1.000000
vn 0.4395127 -0.6897931 -0.5753383
v 0.0101174 -0.0148890 -0.0202174 1.000000 1.000000 1.000000
vn 0.2722233 -0.6458616 -0.7132723
v 0.0061119 -0.0133102 -0.0249596 1.000000 1.000000 1.000000
vn 0.5304648 -0.6723756 -0.5162539
v 0.0120042 -0.0146463 -0.0185012 1.000000 1.000000 1.000000
vn 0.4824093 -0.6922330 -0.5367447
v 0.0108962 -0.0149517 -0.0193137 1.000000 1.000000 1.000000
vn 0.2123148 -0.6321293 -0.7452081
v 0.0047357 -0.0133688 -0.0254629 1.000000 1.000000 1.000000
vn 0.5948255 -0.6434506 -0.4818236
v 0.0132368 -0.0142667 -0.0173983 1.000000 1.000000 1.000000
vn 0.1514018 -0.6002204 -0.7853744
v 0.0035899 -0.0123741 -0.0267798 1.000000 1.000000 1.000000
vn 0.1556697 -0.6447199 -0.7484004
v 0.0036873 -0.0137361 -0.0254032 1.000000 1.000000 1.000000
vn 0.2502863 -0.6785383 -0.6906103
v 0.0054518 -0.0144726 -0.0239394 1.000000 1.000000 1.000000
vn 0.7784342 -0.5035164 -0.3748488
v 0.0174237 -0.0113849 -0.0138383 1.000000 1.000000 1.000000
vn 0.0812355 -0.5608865 -0.8238975
v 0.0018436 -0.0116332 -0.0277760 1.000000 1.000000 1.000000
vn 0.5561112 -0.6841807 -0.4718444
v 0.0126427 -0.0149307 -0.0171542 1.000000 1.000000 1.000000
vn 0.8958809 -0.2421446 -0.3725095
v 0.0205784 -0.0049159 -0.0127385 1.000000 1.000000 1.000000
vn 0.6100374 -0.6706898 -0.4219354
v 0.0136093 -0.0148752 -0.0157046 1.000000 1.000000 1.000000
vn 0.8633122 -0.3635415 -0.3500424
v 0.0192938 -0.0082636 -0.0132208 1.000000 1.000000 1.000000
vn 0.8845719 -0.2944933 -0.3616714
v 0.0202327 -0.0062542 -0.0126193 1.000000 1.000000 1.000000
vn 0.8362575 -0.4327744 -0.3367192
v 0.0186808 -0.0098613 -0.0128215 1.000000 1.000000 1.000000
vn 0.8050630 -0.4993682 -0.3201642
v 0.0180473 -0.0112904 -0.0122798 1.000000 1.000000 1.000000
vn 0.7541606 -0.5493277 -0.3598345
v 0.0168658 -0.0123731 -0.0134794 1.000000 1.000000 1.000000
vn 0.7271799 -0.5899310 -0.3509855
v 0.0162849 -0.0132426 -0.0132897 1.000000 1.000000 1.000000
vn 0.3898815 -0.7458557 -0.5400848
v 0.0089388 -0.0163987 -0.0189347 1.000000 1.000000 1.000000
vn 0.4860899 -0.7307922 -0.4792279
v 0.0108862 -0.0162478 -0.0171153 1.000000 1.000000 1.000000
vn 0.4364743 -0.7429649 -0.5074381
v 0.0098342 -0.0164070 -0.0180366 1.000000 1.000000 1.000000
vn 0.1782380 -0.6874417 -0.7040278
v 0.0040323 -0.0146641 -0.0242583 1.000000 1.000000 1.000000
vn 0.3136920 -0.7361715 -0.5997074
v 0.0070067 -0.0160412 -0.0209547 1.000000 1.000000 1.000000
vn 0.3508684 -0.7386399 -0.5755888
v 0.0079363 -0.0161519 -0.0201309 1.000000 1.000000 1.000000
vn 0.2777666 -0.7310068 -0.6232774
v 0.0061218 -0.0158114 -0.0218364 1.000000 1.000000 1.000000
vn 0.0827852 -0.5986850 -0.7966950
v 0.0018142 -0.0123464 -0.0271422 1.000000 1.000000 1.000000
vn 0.6470939 -0.6677142 -0.3680045
v 0.0146407 -0.0149383 -0.0135517 1.000000 1.000000 1.000000
vn 0.6880457 -0.6303875 -0.3594508
v 0.0153183 -0.0142730 -0.0134444 1.000000 1.000000 1.000000
vn 0.0850090 -0.6382742 -0.7651010
v 0.0017097 -0.0135783 -0.0259752 1.000000 1.000000 1.000000
vn 0.2163604 -0.7312999 -0.6468297
v 0.0046222 -0.0159454 -0.0223773 1.000000 1.000000 1.000000
vn -0.0041307 -0.4412965 -0.8973519
v -0.0000739 -0.0089227 -0.0298262 1.000000 1.000000 1.000000
vn -0.0001718 -0.5025294 -0.8645601
v 0.0000392 -0.0102407 -0.0289736 1.000000 1.000000 1.000000
vn 0.5145397 -0.7348487 -0.4418668
v 0.0116169 -0.0163602 -0.0158945 1.000000 1.000000 1.000000
vn 0.5589444 -0.7230517 -0.4059277
v 0.0125007 -0.0161645 -0.0149597 1.000000 1.000000 1.000000
vn 0.8656985 -0.3788402 -0.3271790
v 0.0198006 -0.0082062 -0.0116473 1.000000 1.000000 1.000000
vn 0.7707764 -0.5545854 -0.3135903
v 0.0173393 -0.0124261 -0.0120441 1.000000 1.000000 1.000000
vn 0.8436168 -0.4402441 -0.3074017
v 0.0194078 -0.0098770 -0.0103110 1.000000 1.000000 1.000000
vn 0.8203498 -0.4930040 -0.2897815
v 0.0185750 -0.0112719 -0.0104530 1.000000 1.000000 1.000000
vn 0.7402771 -0.6005397 -0.3022282
v 0.0166357 -0.0136295 -0.0114393 1.000000 1.000000 1.000000
vn 0.5854775 -0.7320122 -0.3483880
v 0.0132258 -0.0164779 -0.0128689 1.000000 1.000000 1.000000
vn 0.3167287 -0.7673217 -0.5575845
v 0.0068670 -0.0169836 -0.0195310 1.000000 1.000000 1.000000
vn 0.6821761 -0.6643713 -0.3053634
v 0.0153471 -0.0151220 -0.0113596 1.000000 1.000000 1.000000
vn 0.4600853 -0.7683756 -0.4448825
v 0.0101745 -0.0173700 -0.0157203 1.000000 1.000000 1.000000
vn 0.2820506 -0.7550901 -0.5918500
v 0.0059863 -0.0169874 -0.0200881 1.000000 1.000000 1.000000
vn 0.2350811 -0.7536133 -0.6138435
v 0.0046763 -0.0169486 -0.0208474 1.000000 1.000000 1.000000
vn 0.7826003 -0.5520141 -0.2877798
v 0.0179093 -0.0124507 -0.0101090 1.000000 1.000000 1.000000
vn 0.7519653 -0.5966899 -0.2801950
v 0.0171406 -0.0136647 -0.0096663 1.000000 1.000000 1.000000
vn 0.4277809 -0.7766734 -0.4623656
v 0.0091261 -0.0180106 -0.0156223 1.000000 1.000000 1.000000
vn 0.3768573 -0.7745816 -0.5079389
v 0.0080588 -0.0178388 -0.0170397 1.000000 1.000000 1.000000
vn 0.3332860 -0.7748769 -0.5371092
v 0.0065375 -0.0179717 -0.0180344 1.000000 1.000000 1.000000
vn 0.5120366 -0.7631251 -0.3942824
v 0.0113131 -0.0172686 -0.0143298 1.000000 1.000000 1.000000
vn 0.4830395 -0.7772309 -0.4032183
v 0.0102934 -0.0180248 -0.0140712 1.000000 1.000000 1.000000
vn 0.0900707 -0.6940656 -0.7142550
v 0.0019031 -0.0149253 -0.0244382 1.000000 1.000000 1.000000
vn 0.1492561 -0.7349604 -0.6614801
v 0.0033169 -0.0160359 -0.0226934 1.000000 1.000000 1.000000
vn 0.1028593 -0.7263473 -0.6795878
v 0.0019049 -0.0159992 -0.0230710 1.000000 1.000000 1.000000
vn -0.0037916 -0.5722370 -0.8200796
v -0.0000185 -0.0118979 -0.0276570 1.000000 1.000000 1.000000
vn 0.6236494 -0.7262478 -0.2891810
v 0.0141611 -0.0164339 -0.0108138 1.000000 1.000000 1.000000
vn -0.0419785 -0.3744128 -0.9263114
v -0.0006540 -0.0073710 -0.0306774 1.000000 1.000000 1.000000
vn 0.6931863 -0.6687442 -0.2688383
v 0.0159693 -0.0151030 -0.0095022 1.000000 1.000000 1.000000
vn 0.5444790 -0.7670696 -0.3393329
v 0.0116076 -0.0178789 -0.0122265 1.000000 1.000000 1.000000
vn -0.0016746 -0.6380252 -0.7700137
v -0.0000023 -0.0136299 -0.0260440 1.000000 1.000000 1.000000
vn 0.1639393 -0.7542176 -0.6358300
v 0.0033766 -0.0168710 -0.0214600 1.000000 1.000000 1.000000
vn 0.5195294 -0.7707546 -0.3688180
v 0.0111617 -0.0180824 -0.0124934 1.000000 1.000000 1.000000
vn -0.0818181 -0.4423298 -0.8931127
v -0.0016927 -0.0090067 -0.0296870 1.000000 1.000000 1.000000
vn -0.0428268 -0.5116624 -0.8581186
v -0.0009048 -0.0103392 -0.0288554 1.000000 1.000000 1.000000
vn 0.1388938 -0.7439337 -0.6536598
v 0.0018674 -0.0167054 -0.0220886 1.000000 1.000000 1.000000
vn -0.0542857 -0.3060944 -0.9504521
v -0.0010298 -0.0059987 -0.0312591 1.000000 1.000000 1.000000
vn 0.0011761 -0.6943226 -0.7196629
v -0.0000132 -0.0148829 -0.0246506 1.000000 1.000000 1.000000
vn -0.0898226 -0.2362083 -0.9675420
v -0.0015692 -0.0046848 -0.0316967 1.000000 1.000000 1.000000
vn -0.0856598 -0.1575526 -0.9837884
v -0.0014087 -0.0031564 -0.0320868 1.000000 1.000000 1.000000
vn -0.0980907 -0.3868687 -0.9169028
v -0.0018638 -0.0076566 -0.0304283 1.000000 1.000000 1.000000
vn -0.1045277 -0.3226649 -0.9407238
v -0.0019462 -0.0064159 -0.0310064 1.000000 1.000000 1.000000
vn -0.0840358 -0.5598860 -0.8242971
v -0.0017874 -0.0116458 -0.0277532 1.000000 1.000000 1.000000
vn -0.1050048 -0.5037834 -0.8574243
v -0.0019866 -0.0102766 -0.0288062 1.000000 1.000000 1.000000
vn 0.5698333 -0.7712289 -0.2837185
v 0.0126069 -0.0178089 -0.0102031 1.000000 1.000000 1.000000
vn 0.0011379 -0.7206177 -0.6933317
v -0.0000222 -0.0159901 -0.0232286 1.000000 1.000000 1.000000
vn 0.6648501 -0.7040913 -0.2494589
v 0.0154998 -0.0158737 -0.0083806 1.000000 1.000000 1.000000
vn 0.6324837 -0.7326027 -0.2515109
v 0.0142706 -0.0165564 -0.0100572 1.000000 1.000000 1.000000
vn -0.0853291 -0.5944020 -0.7996283
v -0.0018687 -0.0124590 -0.0270174 1.000000 1.000000 1.000000
vn -0.0855660 -0.6295944 -0.7721977
v -0.0017779 -0.0134709 -0.0260774 1.000000 1.000000 1.000000
vn 0.6379951 -0.7325221 -0.2374315
v 0.0147540 -0.0166233 -0.0081988 1.000000 1.000000 1.000000
vn 0.5399264 -0.7881144 -0.2955590
v 0.0117844 -0.0183978 -0.0101198 1.000000 1.000000 1.000000
vn -0.0950252 -0.0795261 -0.9922932
v -0.0015782 -0.0017065 -0.0322894 1.000000 1.000000 1.000000
vn 0.6017537 -0.7626927 -0.2370491
v 0.0134391 -0.0177298 -0.0080026 1.000000 1.000000 1.000000
vn -0.1025410 -0.6540337 -0.7494834
v -0.0020799 -0.0139709 -0.0255030 1.000000 1.000000 1.000000
vn -0.0747208 -0.6844753 -0.7251968
v -0.0019094 -0.0148665 -0.0245316 1.000000 1.000000 1.000000
vn -0.0398092 -0.7188240 -0.6940514
v -0.0017852 -0.0159672 -0.0231330 1.000000 1.000000 1.000000
vn -0.1505639 -0.4529084 -0.8787517
v -0.0027735 -0.0092341 -0.0293582 1.000000 1.000000 1.000000
vn -0.1696579 -0.3947846 -0.9029736
v -0.0031905 -0.0079329 -0.0300414 1.000000 1.000000 1.000000
vn -0.1613061 -0.3222500 -0.9328104
v -0.0028584 -0.0064943 -0.0308066 1.000000 1.000000 1.000000
vn -0.1634710 -0.2417886 -0.9564599
v -0.0027664 -0.0048618 -0.0314385 1.000000 1.000000 1.000000
vn 0.2150353 0.2911917 -0.9321842
v 0.0043552 0.0061782 -0.0307523 1.000000 1.000000 1.000000
vn 0.1391129 0.2751675 -0.9512783
v 0.0029313 0.0058987 -0.0311663 1.000000 1.000000 1.000000
vn -0.0960663 0.0048440 -0.9953632
v -0.0016834 0.0000739 -0.0323500 1.000000 1.000000 1.000000
vn -0.1613240 -0.5524710 -0.8177716
v -0.0032912 -0.0116400 -0.0274716 1.000000 1.000000 1.000000
vn -0.1532805 -0.5920931 -0.7911580
v -0.0031946 -0.0123425 -0.0268710 1.000000 1.000000 1.000000
vn -0.1610310 -0.1602569 -0.9738515
v -0.0027791 -0.0032035 -0.0318510 1.000000 1.000000 1.000000
vn -0.1799098 -0.5143104 -0.8385209
v -0.0036658 -0.0105825 -0.0282031 1.000000 1.000000 1.000000
vn -0.2088300 -0.4681077 -0.8586415
v -0.0041684 -0.0096649 -0.0287384 1.000000 1.000000 1.000000
vn 0.3105198 0.3444557 -0.8859615
v 0.0056584 0.0071547 -0.0298631 1.000000 1.000000 1.000000
vn -0.2216877 -0.3185410 -0.9216216
v -0.0040403 -0.0065179 -0.0305088 1.000000 1.000000 1.000000
vn -0.1812999 -0.6225791 -0.7612658
v -0.0040457 -0.0135164 -0.0255257 1.000000 1.000000 1.000000
vn 0.0705472 0.2362980 -0.9691163
v 0.0014909 0.0049092 -0.0316959 1.000000 1.000000 1.000000
vn -0.0070009 0.1921848 -0.9813338
v 0.0000500 0.0042091 -0.0319543 1.000000 1.000000 1.000000
vn -0.0996604 0.0519596 -0.9936640
v -0.0016466 0.0010011 -0.0323087 1.000000 1.000000 1.000000
vn -0.0887018 0.1144752 -0.9894582
v -0.0014876 0.0024501 -0.0321994 1.000000 1.000000 1.000000
vn -0.0927926 0.1795207 -0.9793681
v -0.0014943 0.0039366 -0.0319107 1.000000 1.000000 1.000000
vn -0.2284315 -0.2390437 -0.9437569
v -0.0041151 -0.0048726 -0.0310955 1.000000 1.000000 1.000000
vn -0.2366815 -0.3983313 -0.8861794
v -0.0045865 -0.0081644 -0.0295216 1.000000 1.000000 1.000000
vn -0.1831653 -0.0736093 -0.9803225
v -0.0031306 -0.0015347 -0.0320304 1.000000 1.000000 1.000000
vn -0.1607311 0.0108001 -0.9869391
v -0.0028552 0.0001159 -0.0321577 1.000000 1.000000 1.000000
vn 0.3798974 0.3834921 -0.8417909
v 0.0090534 0.0078971 -0.0277283 1.000000 1.000000 1.000000
vn 0.4736074 0.4018287 -0.7837281
v 0.0105261 0.0086289 -0.0262238 1.000000 1.000000 1.000000
vn -0.2238414 -0.1486165 -0.9632280
v -0.0039748 -0.0029794 -0.0316104 1.000000 1.000000 1.000000
vn -0.1450908 -0.6654011 -0.7322500
v -0.0039847 -0.0147810 -0.0241283 1.000000 1.000000 1.000000
vn -0.2311433 -0.5548716 -0.7991810
v -0.0047349 -0.0117488 -0.0269576 1.000000 1.000000 1.000000
vn -0.2480385 -0.5112743 -0.8228460
v -0.0049275 -0.0107220 -0.0277021 1.000000 1.000000 1.000000
vn 0.2007859 0.3804489 -0.9027423
v 0.0042159 0.0078396 -0.0300351 1.000000 1.000000 1.000000
vn 0.1327376 0.3312483 -0.9341603
v 0.0028388 0.0068348 -0.0308115 1.000000 1.000000 1.000000
vn 0.0628169 0.2959480 -0.9531363
v 0.0013658 0.0061623 -0.0312729 1.000000 1.000000 1.000000
vn 0.3552823 0.4145955 -0.8377858
v 0.0073398 0.0064778 -0.0292759 1.000000 1.000000 1.000000
vn 0.4937837 0.5968403 -0.6324235
v 0.0083995 0.0070287 -0.0284800 1.000000 1.000000 1.000000
vn 0.4220214 0.3458974 -0.8380053
v 0.0061894 0.0074628 -0.0294120 1.000000 1.000000 1.000000
vn 0.3524344 0.3580233 -0.8646440
v 0.0060460 0.0082811 -0.0291200 1.000000 1.000000 1.000000
vn 0.3742240 0.3668281 -0.8517004
v 0.0073105 0.0075423 -0.0285659 1.000000 1.000000 1.000000
vn 0.3404737 0.2978614 -0.8918275
v 0.0075464 0.0078619 -0.0283075 1.000000 1.000000 1.000000
vn 0.3915364 0.3663952 -0.8440698
v 0.0071876 0.0089343 -0.0281729 1.000000 1.000000 1.000000
vn 0.3683033 0.3265072 -0.8704860
v 0.0078133 0.0086747 -0.0279408 1.000000 1.000000 1.000000
vn 0.3360978 0.4243433 -0.8408157
v 0.0065314 0.0089947 -0.0284960 1.000000 1.000000 1.000000
vn 0.4096401 0.4346304 -0.8020545
v 0.0092142 0.0093974 -0.0266434 1.000000 1.000000 1.000000
vn 0.2207407 0.4149611 -0.8826556
v 0.0045857 0.0083048 -0.0296659 1.000000 1.000000 1.000000
vn -0.0060360 0.2543470 -0.9670942
v 0.0000588 0.0051525 -0.0316794 1.000000 1.000000 1.000000
vn -0.1633634 0.0992770 -0.9815582
v -0.0028675 0.0021737 -0.0320184 1.000000 1.000000 1.000000
vn -0.2972761 -0.3202451 -0.8994832
v -0.0057338 -0.0066608 -0.0298489 1.000000 1.000000 1.000000
vn -0.3127625 -0.2578658 -0.9141580
v -0.0059665 -0.0052543 -0.0303038 1.000000 1.000000 1.000000
vn -0.2760819 -0.4562134 -0.8459600
v -0.0053893 -0.0094956 -0.0284061 1.000000 1.000000 1.000000
vn -0.2135389 0.0033322 -0.9769289
v -0.0037933 0.0000917 -0.0319319 1.000000 1.000000 1.000000
vn 0.0680230 0.3467948 -0.9354712
v 0.0016218 0.0069983 -0.0308980 1.000000 1.000000 1.000000
vn -0.2943202 -0.3884595 -0.8731981
v -0.0057210 -0.0079649 -0.0292045 1.000000 1.000000 1.000000
vn -0.2794066 -0.1639860 -0.9460658
v -0.0053708 -0.0033208 -0.0310664 1.000000 1.000000 1.000000
vn -0.2723919 -0.0810975 -0.9587627
v -0.0051430 -0.0017207 -0.0314157 1.000000 1.000000 1.000000
vn -0.2554756 -0.0092455 -0.9667714
v -0.0045451 -0.0000270 -0.0317061 1.000000 1.000000 1.000000
vn -0.2966905 -0.2175300 -0.9298685
v -0.0056243 -0.0045965 -0.0306454 1.000000 1.000000 1.000000
vn 0.1253965 0.3912350 -0.9117077
v 0.0027828 0.0078420 -0.0303365 1.000000 1.000000 1.000000
vn -0.0104153 0.3198839 -0.9473995
v 0.0000834 0.0064458 -0.0312137 1.000000 1.000000 1.000000
vn -0.0863932 0.2536559 -0.9634287
v -0.0013933 0.0051799 -0.0315918 1.000000 1.000000 1.000000
vn -0.2730976 -0.5892995 -0.7603577
v -0.0057400 -0.0126049 -0.0257600 1.000000 1.000000 1.000000
vn -0.1606049 0.1616820 -0.9736863
v -0.0028916 0.0034663 -0.0317799 1.000000 1.000000 1.000000
vn 0.2745741 0.4620675 -0.8432691
v 0.0057149 0.0093367 -0.0286135 1.000000 1.000000 1.000000
vn -0.2400677 0.0571849 -0.9690704
v -0.0043310 0.0012323 -0.0317226 1.000000 1.000000 1.000000
vn -0.3218109 -0.4948894 -0.8071693
v -0.0066281 -0.0104327 -0.0271921 1.000000 1.000000 1.000000
vn -0.3360372 -0.4399699 -0.8327698
v -0.0067963 -0.0092392 -0.0279541 1.000000 1.000000 1.000000
vn -0.3063744 -0.5491827 -0.7775173
v -0.0062773 -0.0117782 -0.0262711 1.000000 1.000000 1.000000
vn -0.2451762 -0.6122781 -0.7516676
v -0.0057150 -0.0137387 -0.0246299 1.000000 1.000000 1.000000
vn -0.3289824 -0.1594304 -0.9307806
v -0.0063012 -0.0031840 -0.0307317 1.000000 1.000000 1.000000
vn -0.3667549 -0.3598219 -0.8579156
v -0.0074110 -0.0075076 -0.0286712 1.000000 1.000000 1.000000
vn -0.2336729 0.1116276 -0.9658863
v -0.0041748 0.0023360 -0.0316603 1.000000 1.000000 1.000000
vn -0.2119279 0.1745956 -0.9615628
v -0.0037866 0.0037261 -0.0315087 1.000000 1.000000 1.000000
vn 0.3707767 0.4840580 -0.7925987
v 0.0086375 0.0103443 -0.0263193 1.000000 1.000000 1.000000
vn 0.2068367 0.4652862 -0.8606552
v 0.0045218 0.0094165 -0.0289900 1.000000 1.000000 1.000000
vn -0.1615744 0.2378305 -0.9577737
v -0.0028064 0.0049240 -0.0314448 1.000000 1.000000 1.000000
vn 0.0580084 0.4089947 -0.9106911
v 0.0014203 0.0081760 -0.0303297 1.000000 1.000000 1.000000
vn -0.0121484 0.3821168 -0.9240342
v 0.0000349 0.0078061 -0.0305690 1.000000 1.000000 1.000000
vn -0.3430849 -0.0805055 -0.9358481
v -0.0066220 -0.0016796 -0.0308319 1.000000 1.000000 1.000000
vn -0.3182470 -0.0080709 -0.9479735
v -0.0062036 -0.0000799 -0.0310991 1.000000 1.000000 1.000000
vn 0.1365393 0.4640642 -0.8752151
v 0.0029423 0.0093113 -0.0294509 1.000000 1.000000 1.000000
vn 0.0783114 0.4543230 -0.8873882
v 0.0020036 0.0092436 -0.0296249 1.000000 1.000000 1.000000
vn 0.3402508 0.4909850 -0.8019745
v 0.0066220 0.0103199 -0.0274799 1.000000 1.000000 1.000000
vn -0.3898382 -0.2831897 -0.8762590
v -0.0077629 -0.0058666 -0.0292190 1.000000 1.000000 1.000000
vn -0.3733118 -0.2353312 -0.8973614
v -0.0074658 -0.0049659 -0.0296994 1.000000 1.000000 1.000000
vn -0.0988025 0.3248900 -0.9405767
v -0.0016687 0.0066472 -0.0309999 1.000000 1.000000 1.000000
vn -0.0930511 0.3915442 -0.9154423
v -0.0015694 0.0077876 -0.0304755 1.000000 1.000000 1.000000
vn -0.1589318 0.3192321 -0.9342545
v -0.0027601 0.0065626 -0.0308368 1.000000 1.000000 1.000000
vn -0.3140266 0.0529387 -0.9479371
v -0.0060922 0.0011519 -0.0311015 1.000000 1.000000 1.000000
vn 0.2210926 0.4940200 -0.8408700
v 0.0047600 0.0103538 -0.0282542 1.000000 1.000000 1.000000
vn -0.3747600 -0.1554478 -0.9139972
v -0.0074016 -0.0031106 -0.0302151 1.000000 1.000000 1.000000
vn -0.2891125 0.1110199 -0.9508357
v -0.0057727 0.0024542 -0.0310940 1.000000 1.000000 1.000000
vn -0.3569570 -0.5411243 -0.7614238
v -0.0078440 -0.0117968 -0.0254170 1.000000 1.000000 1.000000
vn -0.3762509 -0.4892312 -0.7868216
v -0.0081639 -0.0103884 -0.0263876 1.000000 1.000000 1.000000
vn -0.3823344 -0.4281334 -0.8188543
v -0.0081492 -0.0090429 -0.0273381 1.000000 1.000000 1.000000
vn -0.4022465 -0.3627440 -0.8406036
v -0.0081451 -0.0076747 -0.0281539 1.000000 1.000000 1.000000
vn -0.3231179 -0.5856804 -0.7433527
v -0.0074684 -0.0134160 -0.0240436 1.000000 1.000000 1.000000
vn -0.2525272 0.1814193 -0.9504299
v -0.0047012 0.0039721 -0.0311755 1.000000 1.000000 1.000000
vn -0.4144545 -0.2051020 -0.8866570
v -0.0081517 -0.0042905 -0.0295168 1.000000 1.000000 1.000000
vn -0.4177184 -0.1509693 -0.8959463
v -0.0082213 -0.0030370 -0.0297953 1.000000 1.000000 1.000000
vn -0.2300264 0.2469311 -0.9413357
v -0.0041522 0.0051876 -0.0310095 1.000000 1.000000 1.000000
vn -0.0128527 0.4417355 -0.8970533
v 0.0000365 0.0087374 -0.0300544 1.000000 1.000000 1.000000
vn -0.4201552 -0.0754473 -0.9043105
v -0.0083786 -0.0015513 -0.0299571 1.000000 1.000000 1.000000
vn -0.3693191 0.0080725 -0.9292676
v -0.0072517 0.0002258 -0.0306164 1.000000 1.000000 1.000000
vn -0.4161588 -0.4777070 -0.7736976
v -0.0087622 -0.0101845 -0.0261679 1.000000 1.000000 1.000000
vn -0.4306301 -0.4218982 -0.7978469
v -0.0090898 -0.0090260 -0.0267769 1.000000 1.000000 1.000000
vn -0.4420052 -0.3507144 -0.8256094
v -0.0091970 -0.0076337 -0.0275394 1.000000 1.000000 1.000000
vn -0.4610444 -0.2844668 -0.8405455
v -0.0094477 -0.0060079 -0.0281108 1.000000 1.000000 1.000000
vn -0.3290404 0.1318153 -0.9350707
v -0.0063852 0.0028160 -0.0307946 1.000000 1.000000 1.000000
vn -0.2845306 0.2018487 -0.9371763
v -0.0054563 0.0042703 -0.0308390 1.000000 1.000000 1.000000
vn 0.3565616 0.5175102 -0.7778477
v 0.0074316 0.0119329 -0.0256969 1.000000 1.000000 1.000000
vn -0.4651911 -0.2338832 -0.8537540
v -0.0093971 -0.0049729 -0.0285375 1.000000 1.000000 1.000000
vn -0.2230472 0.3024237 -0.9267092
v -0.0040178 0.0061393 -0.0307044 1.000000 1.000000 1.000000
vn -0.4259679 0.0041720 -0.9047287
v -0.0084457 0.0002061 -0.0299962 1.000000 1.000000 1.000000
vn 0.1428101 0.5033097 -0.8522234
v 0.0029352 0.0109428 -0.0282628 1.000000 1.000000 1.000000
vn -0.3692481 0.0873521 -0.9252165
v -0.0074128 0.0020604 -0.0304115 1.000000 1.000000 1.000000
vn -0.4229709 0.0540892 -0.9045275
v -0.0084169 0.0013492 -0.0299466 1.000000 1.000000 1.000000
vn -0.4391283 -0.5059820 -0.7423939
v -0.0094438 -0.0117610 -0.0243942 1.000000 1.000000 1.000000
vn 0.0630263 0.4789327 -0.8755862
v 0.0015221 0.0099711 -0.0291914 1.000000 1.000000 1.000000
vn -0.4751083 -0.1742420 -0.8625033
v -0.0095485 -0.0036677 -0.0288249 1.000000 1.000000 1.000000
vn -0.1566089 0.3833346 -0.9102352
v -0.0027511 0.0076735 -0.0303176 1.000000 1.000000 1.000000
vn -0.3367605 0.2020906 -0.9196477
v -0.0066599 0.0043315 -0.0303301 1.000000 1.000000 1.000000
vn -0.2145720 0.3492904 -0.9121158
v -0.0038331 0.0070433 -0.0303568 1.000000 1.000000 1.000000
vn -0.2876783 0.2749026 -0.9174256
v -0.0056550 0.0055911 -0.0303430 1.000000 1.000000 1.000000
vn -0.3276209 0.2784702 -0.9028394
v -0.0065168 0.0055899 -0.0299821 1.000000 1.000000 1.000000
vn -0.0120617 0.4740615 -0.8804091
v -0.0000510 0.0102184 -0.0290684 1.000000 1.000000 1.000000
vn -0.4733378 -0.1023013 -0.8749205
v -0.0098948 -0.0017608 -0.0289688 1.000000 1.000000 1.000000
vn -0.4679437 -0.4779138 -0.7433889
v -0.0102259 -0.0102568 -0.0250629 1.000000 1.000000 1.000000
vn -0.4808094 -0.4227188 -0.7682000
v -0.0103645 -0.0092196 -0.0257350 1.000000 1.000000 1.000000
vn -0.4156161 0.1111854 -0.9027187
v -0.0083749 0.0025124 -0.0298593 1.000000 1.000000 1.000000
vn -0.4939798 -0.3517660 -0.7951381
v -0.0108946 -0.0073956 -0.0264292 1.000000 1.000000 1.000000
vn -0.0907318 0.4424589 -0.8921872
v -0.0017673 0.0095370 -0.0294072 1.000000 1.000000 1.000000
vn -0.4025767 0.1693253 -0.8995893
v -0.0082029 0.0035889 -0.0297438 1.000000 1.000000 1.000000
vn -0.4987171 -0.2581322 -0.8274353
v -0.0111019 -0.0056319 -0.0270427 1.000000 1.000000 1.000000
vn -0.4633143 0.0074570 -0.8861627
v -0.0099038 0.0002896 -0.0290557 1.000000 1.000000 1.000000
vn -0.5058078 -0.1867333 -0.8421931
v -0.0112850 -0.0038628 -0.0274911 1.000000 1.000000 1.000000
vn -0.5041648 -0.1507984 -0.8503398
v -0.0112748 -0.0026019 -0.0277745 1.000000 1.000000 1.000000
vn -0.2138683 0.3890342 -0.8960540
v -0.0040334 0.0084055 -0.0296071 1.000000 1.000000 1.000000
vn -0.4847418 -0.4911803 -0.7237177
v -0.0111922 -0.0114824 -0.0232370 1.000000 1.000000 1.000000
vn -0.1506801 0.4179296 -0.8958964
v -0.0034307 0.0090671 -0.0293762 1.000000 1.000000 1.000000
vn -0.2898101 0.3476953 -0.8916940
v -0.0057205 0.0072666 -0.0296088 1.000000 1.000000 1.000000
vn -0.3670047 0.2477554 -0.8966185
v -0.0073044 0.0051020 -0.0297871 1.000000 1.000000 1.000000
vn -0.5108242 -0.4307823 -0.7439659
v -0.0116193 -0.0094276 -0.0245391 1.000000 1.000000 1.000000
vn -0.5224589 -0.3864083 -0.7600825
v -0.0121899 -0.0079254 -0.0249983 1.000000 1.000000 1.000000
vn -0.4599715 0.0886410 -0.8834981
v -0.0098754 0.0021863 -0.0289490 1.000000 1.000000 1.000000
vn -0.3923607 0.2493205 -0.8853770
v -0.0085772 0.0053314 -0.0290298 1.000000 1.000000 1.000000
vn -0.4434136 0.1668641 -0.8806480
v -0.0095936 0.0040005 -0.0287916 1.000000 1.000000 1.000000
vn -0.3501526 0.3261712 -0.8780692
v -0.0074003 0.0069136 -0.0290015 1.000000 1.000000 1.000000
vn -0.2884621 0.3903661 -0.8743020
v -0.0059492 0.0082055 -0.0290166 1.000000 1.000000 1.000000
vn -0.3773511 0.2929235 -0.8785226
v -0.0083888 0.0063613 -0.0286937 1.000000 1.000000 1.000000
vn -0.2609244 0.4158741 -0.8711873
v -0.0059462 0.0089583 -0.0285740 1.000000 1.000000 1.000000
vn -0.3408521 0.3746822 -0.8622256
v -0.0075392 0.0078276 -0.0284434 1.000000 1.000000 1.000000
vn 0.7255772 -0.0154553 0.6879672
v 0.0129033 0.0002892 0.0273288 1.000000 1.000000 1.000000
vn 0.6018455 -0.0535929 0.7968123
v 0.0127434 -0.0011344 0.0274976 1.000000 1.000000 1.000000
vn 0.6225896 0.0001562 0.7825485
v 0.0129458 -0.0007772 0.0272937 1.000000 1.000000 1.000000
vn 0.6811507 -0.0944045 0.7260314
v 0.0135336 -0.0012856 0.0267193 1.000000 1.000000 1.000000
vn 0.6114069 0.0170193 0.7911333
v 0.0129649 0.0003299 0.0272925 1.000000 1.000000 1.000000
vn 0.6297970 0.0176655 0.7765588
v 0.0139096 0.0003621 0.0264110 1.000000 1.000000 1.000000
vn 0.6061857 -0.0778657 0.7915024
v 0.0138094 -0.0011750 0.0264630 1.000000 1.000000 1.000000
vn 0.6899140 0.0048464 0.7238752
v 0.0152359 0.0001680 0.0249749 1.000000 1.000000 1.000000
vn 0.6887420 -0.0642816 0.7221513
v 0.0151670 -0.0017367 0.0249393 1.000000 1.000000 1.000000
vn 0.6266948 -0.1145863 0.7707942
v 0.0136916 -0.0028217 0.0263872 1.000000 1.000000 1.000000
vn 0.6842780 -0.1213650 0.7190509
v 0.0151234 -0.0029002 0.0248130 1.000000 1.000000 1.000000
vn 0.5762086 -0.1188999 0.8086078
v 0.0126644 -0.0028235 0.0273436 1.000000 1.000000 1.000000
vn 0.6384789 0.0749611 0.7659802
v 0.0138102 0.0022156 0.0263840 1.000000 1.000000 1.000000
vn 0.6879932 0.0865004 0.7205437
v 0.0152057 0.0022875 0.0248460 1.000000 1.000000 1.000000
vn 0.7149906 -0.0365192 0.6981797
v 0.0157287 -0.0009630 0.0242825 1.000000 1.000000 1.000000
vn 0.7783857 -0.0222671 0.6273914
v 0.0162128 -0.0000153 0.0237177 1.000000 1.000000 1.000000
vn 0.7439188 -0.0714628 0.6644381
v 0.0166761 -0.0017201 0.0230426 1.000000 1.000000 1.000000
vn 0.7133119 -0.0636975 0.6979461
v 0.0156615 -0.0017254 0.0243059 1.000000 1.000000 1.000000
vn 0.7257548 0.0021303 0.6879501
v 0.0164065 0.0003945 0.0234745 1.000000 1.000000 1.000000
vn 0.7475628 0.0893632 0.6581520
v 0.0166376 0.0023152 0.0230270 1.000000 1.000000 1.000000
vn 0.7456630 0.0184070 0.6660689
v 0.0167511 0.0004059 0.0230506 1.000000 1.000000 1.000000
vn 0.6223834 -0.0855966 0.7780181
v 0.0165338 -0.0009535 0.0233031 1.000000 1.000000 1.000000
vn 0.7419665 -0.1290082 0.6579077
v 0.0165381 -0.0031482 0.0229650 1.000000 1.000000 1.000000
vn 0.7523090 -0.0212910 0.6584663
v 0.0127709 0.0001035 0.0275082 1.000000 1.000000 1.000000
vn 0.6058104 0.0354811 0.7948175
v 0.0136424 0.0012928 0.0265661 1.000000 1.000000 1.000000
vn 0.6740902 -0.0032570 0.7386419
v 0.0135587 0.0018853 0.0266444 1.000000 1.000000 1.000000
vn 0.6104507 0.0409192 0.7909966
v 0.0124872 0.0010691 0.0277174 1.000000 1.000000 1.000000
vn 0.6022935 0.0916359 0.7929978
v 0.0124765 0.0022701 0.0276257 1.000000 1.000000 1.000000
vn 0.6785899 0.1504571 0.7189425
v 0.0150129 0.0035284 0.0247995 1.000000 1.000000 1.000000
vn 0.6282387 0.1525763 0.7629132
v 0.0137115 0.0037084 0.0261779 1.000000 1.000000 1.000000
vn 0.5980675 0.1485649 0.7875556
v 0.0123268 0.0036686 0.0274854 1.000000 1.000000 1.000000
vn 0.7407488 0.1518593 0.6543929
v 0.0164543 0.0037226 0.0229457 1.000000 1.000000 1.000000
vn 0.7777131 -0.0461080 0.6269262
v 0.0171497 -0.0012141 0.0223863 1.000000 1.000000 1.000000
vn 0.8067592 0.0241484 0.5903867
v 0.0180035 0.0005016 0.0211119 1.000000 1.000000 1.000000
vn 0.8074045 -0.0477408 0.5880635
v 0.0180700 -0.0012219 0.0209524 1.000000 1.000000 1.000000
vn 0.8041504 0.0976357 0.5863527
v 0.0179091 0.0024196 0.0210133 1.000000 1.000000 1.000000
vn 0.8029724 0.1496639 0.5769194
v 0.0178695 0.0035577 0.0207663 1.000000 1.000000 1.000000
vn 0.7198377 0.2190392 0.6586771
v 0.0161310 0.0051602 0.0229102 1.000000 1.000000 1.000000
vn 0.6689067 0.2169993 0.7109677
v 0.0147816 0.0051550 0.0245744 1.000000 1.000000 1.000000
vn 0.6332880 0.2036137 0.7466511
v 0.0134942 0.0051949 0.0259704 1.000000 1.000000 1.000000
vn 0.5974900 0.1719183 0.7832304
v 0.0121368 0.0051553 0.0272689 1.000000 1.000000 1.000000
vn 0.7620357 0.2175689 0.6098897
v 0.0168124 0.0051971 0.0218814 1.000000 1.000000 1.000000
vn 0.7923853 0.2104089 0.5725851
v 0.0175961 0.0051195 0.0206690 1.000000 1.000000 1.000000
vn 0.8040313 -0.1170550 0.5829511
v 0.0179514 -0.0027601 0.0208823 1.000000 1.000000 1.000000
vn 0.9003212 0.0358692 0.4337456
v 0.0136164 0.0016786 0.0265177 1.000000 1.000000 1.000000
vn 0.8376307 0.0980718 0.5373610
v 0.0187904 0.0024014 0.0193940 1.000000 1.000000 1.000000
vn 0.8448976 0.0281985 0.5341843
v 0.0189084 0.0006888 0.0194282 1.000000 1.000000 1.000000
vn 0.8445913 -0.0517263 0.5329071
v 0.0187487 -0.0012575 0.0196980 1.000000 1.000000 1.000000
vn 0.8437948 0.1537478 0.5141712
v 0.0189461 0.0037767 0.0186749 1.000000 1.000000 1.000000
vn 0.8352805 0.2220283 0.5030009
v 0.0186926 0.0052182 0.0185904 1.000000 1.000000 1.000000
vn 0.8714308 0.0924596 0.4817257
v 0.0195049 0.0022800 0.0179730 1.000000 1.000000 1.000000
vn 0.8805562 0.0151184 0.4737006
v 0.0197345 0.0004755 0.0177337 1.000000 1.000000 1.000000
vn 0.8748511 -0.0621431 0.4803892
v 0.0195588 -0.0014137 0.0180023 1.000000 1.000000 1.000000
vn 0.7360701 -0.1832533 0.6516280
v 0.0164193 -0.0043659 0.0227788 1.000000 1.000000 1.000000
vn 0.6730518 -0.1827097 0.7166719
v 0.0148766 -0.0043722 0.0247082 1.000000 1.000000 1.000000
vn 0.6224552 -0.1836880 0.7607945
v 0.0135265 -0.0043993 0.0261579 1.000000 1.000000 1.000000
vn 0.5784774 -0.1873304 0.7938962
v 0.0127948 -0.0045120 0.0268187 1.000000 1.000000 1.000000
vn 0.7962223 -0.1825381 0.5768101
v 0.0177073 -0.0044089 0.0207714 1.000000 1.000000 1.000000
vn 0.8427589 -0.1356562 0.5209173
v 0.0187366 -0.0031320 0.0192945 1.000000 1.000000 1.000000
vn 0.8705733 -0.1384757 0.4721510
v 0.0194678 -0.0031679 0.0177596 1.000000 1.000000 1.000000
vn 0.8742709 0.1512203 0.4612838
v 0.0195340 0.0035755 0.0174651 1.000000 1.000000 1.000000
vn 0.6914207 -0.2493627 0.6780529
v 0.0153618 -0.0058051 0.0235687 1.000000 1.000000 1.000000
vn 0.6632539 -0.2437062 0.7076027
v 0.0146905 -0.0057310 0.0244268 1.000000 1.000000 1.000000
vn 0.6258804 -0.2489072 0.7391340
v 0.0136487 -0.0058747 0.0254983 1.000000 1.000000 1.000000
vn 0.7307798 -0.2546256 0.6333457
v 0.0162458 -0.0058229 0.0224184 1.000000 1.000000 1.000000
vn 0.7845757 -0.2477630 0.5683789
v 0.0174967 -0.0055661 0.0205936 1.000000 1.000000 1.000000
vn 0.8278339 -0.2326781 0.5104429
v 0.0183762 -0.0052993 0.0190999 1.000000 1.000000 1.000000
vn 0.8588492 -0.2233153 0.4609864
v 0.0191116 -0.0051232 0.0176242 1.000000 1.000000 1.000000
vn 0.9102969 -0.0655668 0.4087305
v 0.0205820 -0.0015564 0.0154058 1.000000 1.000000 1.000000
vn 0.9126207 0.0209659 0.4082693
v 0.0206227 0.0006095 0.0154822 1.000000 1.000000 1.000000
vn 0.9013996 -0.1379894 0.4104117
v 0.0203420 -0.0031534 0.0155744 1.000000 1.000000 1.000000
vn 0.9064783 0.1025414 0.4096125
v 0.0204355 0.0025548 0.0155949 1.000000 1.000000 1.000000
vn 0.9005090 0.1544583 0.4064802
v 0.0202890 0.0035848 0.0155735 1.000000 1.000000 1.000000
vn 0.8693035 0.2261710 0.4394976
v 0.0195119 0.0051939 0.0167404 1.000000 1.000000 1.000000
vn 0.7547278 0.2595667 0.6025040
v 0.0166980 0.0065300 0.0213454 1.000000 1.000000 1.000000
vn 0.7855343 0.2569849 0.5629340
v 0.0173075 0.0065416 0.0203748 1.000000 1.000000 1.000000
vn 0.7116097 0.2618227 0.6519667
v 0.0158268 0.0065672 0.0226240 1.000000 1.000000 1.000000
vn 0.6636910 0.2577404 0.7021995
v 0.0144434 0.0068090 0.0242172 1.000000 1.000000 1.000000
vn 0.6465486 0.2530131 0.7196938
v 0.0132202 0.0064873 0.0257135 1.000000 1.000000 1.000000
vn 0.8260002 0.2706432 0.4944450
v 0.0182438 0.0067738 0.0184647 1.000000 1.000000 1.000000
vn 0.8943737 0.2257516 0.3861761
v 0.0202195 0.0051933 0.0148815 1.000000 1.000000 1.000000
vn 0.9309983 0.0861591 0.3547095
v 0.0212060 0.0023290 0.0133376 1.000000 1.000000 1.000000
vn 0.9396973 0.0144268 0.3417031
v 0.0213372 0.0003948 0.0133172 1.000000 1.000000 1.000000
vn 0.9377403 -0.0660207 0.3410050
v 0.0212851 -0.0015513 0.0132985 1.000000 1.000000 1.000000
vn 0.8887730 -0.2103630 0.4072223
v 0.0200076 -0.0047438 0.0156320 1.000000 1.000000 1.000000
vn 0.9289048 -0.1456378 0.3404784
v 0.0210968 -0.0032274 0.0133087 1.000000 1.000000 1.000000
vn 0.9162179 0.1570753 0.3686084
v 0.0210387 0.0037638 0.0132137 1.000000 1.000000 1.000000
vn 0.7076707 -0.0305453 0.7058819
v 0.0135973 -0.0015406 0.0265394 1.000000 1.000000 1.000000
vn 0.6315075 -0.4068208 0.6600721
v 0.0136264 -0.0012742 0.0265536 1.000000 1.000000 1.000000
vn 0.8573053 0.2743156 0.4356357
v 0.0190795 0.0067388 0.0165914 1.000000 1.000000 1.000000
vn 0.8816779 0.2750721 0.3833790
v 0.0197993 0.0067034 0.0147393 1.000000 1.000000 1.000000
vn 0.9036908 0.2336140 0.3588417
v 0.0207358 0.0053275 0.0131684 1.000000 1.000000 1.000000
vn 0.9502501 0.0554276 0.3065169
v 0.0217915 0.0020861 0.0112009 1.000000 1.000000 1.000000
vn 0.9119858 -0.2275700 0.3413119
v 0.0206922 -0.0050996 0.0133635 1.000000 1.000000 1.000000
vn 0.8357962 -0.2831346 0.4704038
v 0.0186926 -0.0061831 0.0178292 1.000000 1.000000 1.000000
vn 0.9577166 -0.0071486 0.2876245
v 0.0218827 0.0002542 0.0112158 1.000000 1.000000 1.000000
vn 0.9566136 -0.0790627 0.2804274
v 0.0217936 -0.0017726 0.0112495 1.000000 1.000000 1.000000
vn 0.9474857 -0.1499326 0.2824731
v 0.0215544 -0.0033553 0.0114646 1.000000 1.000000 1.000000
vn 0.7782614 -0.2985196 0.5524450
v 0.0172443 -0.0067824 0.0202760 1.000000 1.000000 1.000000
vn 0.8756323 -0.2668179 0.4025869
v 0.0196814 -0.0060289 0.0155373 1.000000 1.000000 1.000000
vn 0.8997742 -0.2751899 0.3386399
v 0.0204027 -0.0061293 0.0133291 1.000000 1.000000 1.000000
vn 0.7997241 -0.3397384 0.4949941
v 0.0177815 -0.0075490 0.0186847 1.000000 1.000000 1.000000
vn 0.8243225 -0.3331802 0.4576936
v 0.0183840 -0.0073990 0.0175538 1.000000 1.000000 1.000000
vn 0.8559194 -0.3243537 0.4027365
v 0.0192997 -0.0072184 0.0155309 1.000000 1.000000 1.000000
vn 0.8797994 -0.3316749 0.3405069
v 0.0199754 -0.0073628 0.0134257 1.000000 1.000000 1.000000
vn 0.7072433 -0.3331586 0.6235483
v 0.0156800 -0.0075496 0.0222283 1.000000 1.000000 1.000000
vn 0.8911095 -0.1530162 0.4272119
v 0.0163296 0.0001108 0.0234725 1.000000 1.000000 1.000000
vn 0.9253569 0.2594163 0.2764378
v 0.0163458 -0.0004639 0.0234754 1.000000 1.000000 1.000000
vn 0.9314718 -0.2285651 0.2830519
v 0.0212107 -0.0051195 0.0114104 1.000000 1.000000 1.000000
vn 0.9627594 -0.0840997 0.2569465
v 0.0220299 -0.0016389 0.0102279 1.000000 1.000000 1.000000
vn 0.7585027 -0.3512951 0.5488766
v 0.0169182 -0.0076740 0.0202027 1.000000 1.000000 1.000000
vn 0.6521609 -0.3209556 0.6867850
v 0.0142889 -0.0074539 0.0240416 1.000000 1.000000 1.000000
vn 0.6132760 -0.3202098 0.7220514
v 0.0134166 -0.0074346 0.0250105 1.000000 1.000000 1.000000
vn 0.9664456 -0.0325720 0.2547978
v 0.0222013 0.0002311 0.0097204 1.000000 1.000000 1.000000
vn 0.9620014 -0.1614960 0.2201647
v 0.0220970 -0.0034536 0.0088060 1.000000 1.000000 1.000000
vn 0.9626052 -0.1163102 0.2446696
v 0.0221834 -0.0017336 0.0094382 1.000000 1.000000 1.000000
vn 0.9570435 -0.1639149 0.2391648
v 0.0219008 -0.0036510 0.0096855 1.000000 1.000000 1.000000
vn 0.9178931 -0.2794786 0.2817163
v 0.0208645 -0.0062888 0.0114386 1.000000 1.000000 1.000000
vn 0.8995795 -0.3336493 0.2818420
v 0.0204932 -0.0074105 0.0115011 1.000000 1.000000 1.000000
vn 0.9410006 -0.2470666 0.2312488
v 0.0215162 -0.0054706 0.0096559 1.000000 1.000000 1.000000
vn 0.5793765 -0.2444930 0.7775256
v 0.0127658 -0.0057716 0.0264201 1.000000 1.000000 1.000000
vn 0.8027510 -0.4116547 0.4314293
v 0.0178972 -0.0091397 0.0168535 1.000000 1.000000 1.000000
vn 0.8180657 -0.4029846 0.4103314
v 0.0184162 -0.0089434 0.0158036 1.000000 1.000000 1.000000
vn 0.8293406 -0.4114707 0.3780027
v 0.0187397 -0.0091104 0.0148048 1.000000 1.000000 1.000000
vn 0.7638394 -0.4279643 0.4831108
v 0.0169483 -0.0094929 0.0184453 1.000000 1.000000 1.000000
vn 0.7365165 -0.4157393 0.5335768
v 0.0164113 -0.0091902 0.0197350 1.000000 1.000000 1.000000
vn 0.6901109 -0.4042539 0.6002715
v 0.0152104 -0.0090125 0.0217827 1.000000 1.000000 1.000000
vn 0.9484808 -0.2503223 0.1942239
v 0.0218920 -0.0051339 0.0079805 1.000000 1.000000 1.000000
vn 0.9159479 -0.3291799 0.2295212
v 0.0209516 -0.0074370 0.0094599 1.000000 1.000000 1.000000
vn 0.8919631 0.2759637 0.3581142
v 0.0203196 0.0069261 0.0129252 1.000000 1.000000 1.000000
vn 0.6339833 -0.3900541 0.6677747
v 0.0138418 -0.0089851 0.0235596 1.000000 1.000000 1.000000
vn 0.5941887 -0.3887932 0.7041162
v 0.0130265 -0.0089679 0.0244517 1.000000 1.000000 1.000000
vn 0.8545616 -0.4097591 0.3190956
v 0.0194256 -0.0090674 0.0127918 1.000000 1.000000 1.000000
vn 0.8714222 -0.4075460 0.2730012
v 0.0198789 -0.0090778 0.0111222 1.000000 1.000000 1.000000
vn 0.8873773 -0.3977013 0.2332279
v 0.0203508 -0.0090159 0.0092365 1.000000 1.000000 1.000000
vn 0.5638593 -0.3192624 0.7616654
v 0.0124336 -0.0073856 0.0260222 1.000000 1.000000 1.000000
vn 0.9281002 -0.3199097 0.1904937
v 0.0212961 -0.0074208 0.0075425 1.000000 1.000000 1.000000
vn 0.9485558 -0.2809989 0.1458822
v 0.0217169 -0.0065959 0.0064009 1.000000 1.000000 1.000000
vn 0.9519525 -0.2659093 0.1519173
v 0.0221269 -0.0050716 0.0065227 1.000000 1.000000 1.000000
vn 0.8069269 -0.4626298 0.3672095
v 0.0181029 -0.0104418 0.0145637 1.000000 1.000000 1.000000
vn 0.7697026 -0.4767975 0.4245259
v 0.0172203 -0.0106368 0.0164538 1.000000 1.000000 1.000000
vn 0.6749504 -0.4663621 0.5717940
v 0.0148703 -0.0102073 0.0211684 1.000000 1.000000 1.000000
vn 0.7124264 -0.4935609 0.4988450
v 0.0159226 -0.0107802 0.0188639 1.000000 1.000000 1.000000
vn 0.9310763 -0.3318647 0.1515349
v 0.0213741 -0.0076011 0.0066368 1.000000 1.000000 1.000000
vn 0.5531397 -0.1858730 0.8120885
v 0.0113921 -0.0044297 0.0280378 1.000000 1.000000 1.000000
vn 0.6160376 -0.4554913 0.6426705
v 0.0134893 -0.0101382 0.0230750 1.000000 1.000000 1.000000
vn 0.8274170 -0.4658114 0.3136892
v 0.0187658 -0.0105038 0.0124781 1.000000 1.000000 1.000000
vn 0.8413454 -0.4651212 0.2753183
v 0.0190988 -0.0105682 0.0111670 1.000000 1.000000 1.000000
vn 0.8935840 -0.4028962 0.1979451
v 0.0205112 -0.0091991 0.0079919 1.000000 1.000000 1.000000
vn 0.7836346 -0.5010819 0.3671973
v 0.0176763 -0.0111043 0.0146268 1.000000 1.000000 1.000000
vn 0.9010240 -0.4066871 0.1508689
v 0.0207179 -0.0093112 0.0064346 1.000000 1.000000 1.000000
vn 0.9539552 -0.2836462 0.0975415
v 0.0222702 -0.0053880 0.0043603 1.000000 1.000000 1.000000
vn 0.8556688 -0.4679083 0.2211169
v 0.0196067 -0.0106848 0.0088355 1.000000 1.000000 1.000000
vn 0.9417790 -0.3227888 0.0941266
v 0.0216080 -0.0075265 0.0045654 1.000000 1.000000 1.000000
vn 0.7285085 -0.5383742 0.4235903
v 0.0164450 -0.0118559 0.0163568 1.000000 1.000000 1.000000
vn 0.7502279 -0.5484998 0.3691967
v 0.0169568 -0.0121676 0.0146383 1.000000 1.000000 1.000000
vn 0.7968203 -0.5184687 0.3102702
v 0.0181045 -0.0116896 0.0123069 1.000000 1.000000 1.000000
vn 0.5446586 -0.3984511 0.7379593
v 0.0120241 -0.0091395 0.0253413 1.000000 1.000000 1.000000
vn 0.5284905 -0.2629061 0.8072039
v 0.0112077 -0.0060778 0.0276207 1.000000 1.000000 1.000000
vn 0.6432336 -0.5350135 0.5477328
v 0.0141445 -0.0116772 0.0206268 1.000000 1.000000 1.000000
vn 0.5502790 -0.1153252 0.8269783
v 0.0113747 -0.0028446 0.0284002 1.000000 1.000000 1.000000
vn 0.5508421 -0.0859352 0.8301736
v 0.0114440 -0.0012209 0.0285509 1.000000 1.000000 1.000000
vn 0.6307021 -0.5135494 0.5817921
v 0.0136555 -0.0115644 0.0214099 1.000000 1.000000 1.000000
vn 0.5722096 -0.4494133 0.6860058
v 0.0126062 -0.0100167 0.0241134 1.000000 1.000000 1.000000
vn 0.8113128 -0.5222009 0.2628266
v 0.0185013 -0.0118659 0.0105436 1.000000 1.000000 1.000000
vn 0.6886297 -0.5521336 0.4700401
v 0.0155505 -0.0119701 0.0179004 1.000000 1.000000 1.000000
vn 0.9185425 -0.3844088 0.0922478
v 0.0210929 -0.0088804 0.0045398 1.000000 1.000000 1.000000
vn 0.8680009 -0.4711080 0.1569447
v 0.0199837 -0.0107526 0.0064493 1.000000 1.000000 1.000000
vn 0.9446583 -0.3241611 0.0504008
v 0.0217706 -0.0074635 0.0023462 1.000000 1.000000 1.000000
vn 0.9547242 -0.2918544 0.0576431
v 0.0223704 -0.0054955 0.0023827 1.000000 1.000000 1.000000
vn 0.6644030 -0.5586700 0.4964439
v 0.0147400 -0.0120812 0.0191349 1.000000 1.000000 1.000000
vn 0.5815800 -0.5356807 0.6122182
v 0.0128127 -0.0116955 0.0223725 1.000000 1.000000 1.000000
vn 0.5361390 -0.5300380 0.6569740
v 0.0120153 -0.0116032 0.0233071 1.000000 1.000000 1.000000
vn 0.8202706 -0.5323098 0.2092904
v 0.0188759 -0.0120358 0.0084694 1.000000 1.000000 1.000000
vn 0.8296310 -0.5305440 0.1738839
v 0.0191335 -0.0120318 0.0070925 1.000000 1.000000 1.000000
vn 0.7543902 -0.5771981 0.3126304
v 0.0171079 -0.0131110 0.0123062 1.000000 1.000000 1.000000
vn 0.9201384 -0.3888171 0.0465483
v 0.0211960 -0.0089725 0.0023303 1.000000 1.000000 1.000000
vn 0.8860791 -0.4537710 0.0946350
v 0.0204217 -0.0103162 0.0046770 1.000000 1.000000 1.000000
vn 0.9552004 -0.2959597 -0.0004320
v 0.0223351 -0.0057920 0.0003733 1.000000 1.000000 1.000000
vn 0.9441321 -0.3294607 -0.0083773
v 0.0217954 -0.0075193 0.0002700 1.000000 1.000000 1.000000
vn 0.9208484 -0.3898107 -0.0092676
v 0.0212535 -0.0089243 0.0003323 1.000000 1.000000 1.000000
vn 0.7680277 -0.5904807 0.2479235
v 0.0174667 -0.0135043 0.0101266 1.000000 1.000000 1.000000
vn 0.8870043 -0.4594614 0.0460292
v 0.0205209 -0.0104168 0.0024363 1.000000 1.000000 1.000000
vn 0.8443557 -0.5233709 0.1146576
v 0.0194123 -0.0120109 0.0053234 1.000000 1.000000 1.000000
vn 0.6684538 -0.6039978 0.4340003
v 0.0149608 -0.0135383 0.0165793 1.000000 1.000000 1.000000
vn 0.7005756 -0.6105387 0.3693727
v 0.0157738 -0.0137524 0.0144364 1.000000 1.000000 1.000000
vn 0.7723254 -0.6037309 0.1975414
v 0.0177025 -0.0137514 0.0082908 1.000000 1.000000 1.000000
vn 0.6249825 -0.6073948 0.4903760
v 0.0136658 -0.0135450 0.0187665 1.000000 1.000000 1.000000
vn 0.5232033 -0.4636375 0.7150515
v 0.0116730 -0.0102520 0.0248447 1.000000 1.000000 1.000000
vn 0.4970371 -0.3236996 0.8050917
v 0.0110438 -0.0073455 0.0271896 1.000000 1.000000 1.000000
vn 0.4882610 -0.3921703 0.7796176
v 0.0108732 -0.0089462 0.0264254 1.000000 1.000000 1.000000
vn 0.7129226 -0.6267759 0.3144732
v 0.0161248 -0.0142607 0.0123753 1.000000 1.000000 1.000000
vn 0.7373463 -0.6226580 0.2619495
v 0.0171383 -0.0138022 0.0104176 1.000000 1.000000 1.000000
vn 0.7784942 -0.6053469 0.1658373
v 0.0179695 -0.0137463 0.0068380 1.000000 1.000000 1.000000
vn 0.7925800 -0.5981409 0.1185094
v 0.0183391 -0.0136240 0.0051632 1.000000 1.000000 1.000000
vn 0.8898125 -0.4561362 -0.0131753
v 0.0206223 -0.0102895 0.0002479 1.000000 1.000000 1.000000
vn 0.8493007 -0.5257064 0.0481768
v 0.0194893 -0.0122115 0.0025752 1.000000 1.000000 1.000000
vn 0.8097722 -0.5849277 0.0461373
v 0.0185904 -0.0135696 0.0024868 1.000000 1.000000 1.000000
vn 0.9486954 -0.3069019 -0.0760802
v 0.0221754 -0.0060282 -0.0023793 1.000000 1.000000 1.000000
vn 0.9372785 -0.3409018 -0.0727674
v 0.0216275 -0.0077474 -0.0020986 1.000000 1.000000 1.000000
vn 0.9169749 -0.3917768 -0.0752854
v 0.0211936 -0.0088456 -0.0020820 1.000000 1.000000 1.000000
vn 0.5863614 -0.6098180 0.5332001
v 0.0128602 -0.0134330 0.0201094 1.000000 1.000000 1.000000
vn 0.5418389 -0.6085542 0.5797176
v 0.0119873 -0.0132605 0.0214561 1.000000 1.000000 1.000000
vn 0.8502154 -0.5262662 -0.0133337
v 0.0195411 -0.0121865 0.0002468 1.000000 1.000000 1.000000
vn 0.8885287 -0.4526150 -0.0752097
v 0.0205418 -0.0102602 -0.0021135 1.000000 1.000000 1.000000
vn 0.8627656 -0.5009387 -0.0685279
v 0.0198664 -0.0114766 -0.0019392 1.000000 1.000000 1.000000
vn 0.6966838 -0.6727819 0.2489904
v 0.0158329 -0.0153581 0.0102152 1.000000 1.000000 1.000000
vn 0.7187424 -0.6665334 0.1978450
v 0.0163812 -0.0152872 0.0083157 1.000000 1.000000 1.000000
vn 0.6585926 -0.6610209 0.3595932
v 0.0146197 -0.0151168 0.0141237 1.000000 1.000000 1.000000
vn 0.6226553 -0.6610599 0.4186888
v 0.0137585 -0.0150420 0.0160526 1.000000 1.000000 1.000000
vn 0.6802994 -0.6638274 0.3106863
v 0.0153687 -0.0151836 0.0121304 1.000000 1.000000 1.000000
vn 0.5769795 -0.6680026 0.4699652
v 0.0127765 -0.0149899 0.0177930 1.000000 1.000000 1.000000
vn 0.9336079 -0.3320632 -0.1345750
v 0.0215441 -0.0073000 -0.0048214 1.000000 1.000000 1.000000
vn 0.9441665 -0.3005692 -0.1349366
v 0.0221397 -0.0054714 -0.0047047 1.000000 1.000000 1.000000
vn 0.9134201 -0.3853697 -0.1309730
v 0.0209943 -0.0087190 -0.0047497 1.000000 1.000000 1.000000
vn 0.8007736 -0.5987340 -0.0167174
v 0.0184691 -0.0137782 0.0000760 1.000000 1.000000 1.000000
vn 0.7206640 -0.6746798 0.1595326
v 0.0165181 -0.0154185 0.0069771 1.000000 1.000000 1.000000
vn 0.7326900 -0.6699225 0.1198715
v 0.0168598 -0.0153558 0.0052329 1.000000 1.000000 1.000000
vn 0.8833860 -0.4471792 -0.1402142
v 0.0203219 -0.0101611 -0.0049246 1.000000 1.000000 1.000000
vn 0.8535218 -0.5089806 -0.1115324
v 0.0196490 -0.0115271 -0.0040221 1.000000 1.000000 1.000000
vn 0.8400853 -0.5370302 -0.0765199
v 0.0192660 -0.0124620 -0.0020767 1.000000 1.000000 1.000000
vn 0.7996331 -0.5962928 -0.0708652
v 0.0184342 -0.0137020 -0.0020754 1.000000 1.000000 1.000000
vn 0.9398727 -0.2888176 -0.1822738
v 0.0219808 -0.0052772 -0.0063216 1.000000 1.000000 1.000000
vn 0.9263903 -0.3284869 -0.1841127
v 0.0213424 -0.0072022 -0.0064989 1.000000 1.000000 1.000000
vn 0.7736703 -0.6317574 0.0481340
v 0.0180212 -0.0142914 0.0025010 1.000000 1.000000 1.000000
vn 0.7375409 -0.6712996 0.0734188
v 0.0170920 -0.0153329 0.0031297 1.000000 1.000000 1.000000
vn 0.9037513 -0.3877356 -0.1813694
v 0.0207642 -0.0086922 -0.0064955 1.000000 1.000000 1.000000
vn 0.9310790 -0.2910290 -0.2199866
v 0.0214886 -0.0061336 -0.0076714 1.000000 1.000000 1.000000
vn 0.8512967 -0.5000311 -0.1589430
v 0.0196024 -0.0113186 -0.0054645 1.000000 1.000000 1.000000
vn 0.9342076 -0.2689715 -0.2343298
v 0.0216767 -0.0049415 -0.0084206 1.000000 1.000000 1.000000
vn 0.8984931 -0.3704932 -0.2354676
v 0.0205369 -0.0083554 -0.0084987 1.000000 1.000000 1.000000
vn 0.9127854 -0.3253711 -0.2468938
v 0.0209143 -0.0071740 -0.0087525 1.000000 1.000000 1.000000
vn 0.8701874 -0.4400059 -0.2217403
v 0.0198622 -0.0099649 -0.0081867 1.000000 1.000000 1.000000
vn 0.8409163 -0.4971526 -0.2137735
v 0.0191752 -0.0112867 -0.0079969 1.000000 1.000000 1.000000
vn 0.9192661 -0.2919338 -0.2640541
v 0.0210836 -0.0061803 -0.0095149 1.000000 1.000000 1.000000
vn 0.9240099 -0.2749300 -0.2657430
v 0.0214155 -0.0050295 -0.0095602 1.000000 1.000000 1.000000
vn 0.8244091 -0.5463228 -0.1479222
v 0.0189440 -0.0124232 -0.0052315 1.000000 1.000000 1.000000
vn 0.8117774 -0.5477507 -0.2024521
v 0.0185371 -0.0124155 -0.0075599 1.000000 1.000000 1.000000
vn 0.8009598 -0.5875526 -0.1150885
v 0.0183793 -0.0136434 -0.0030346 1.000000 1.000000 1.000000
vn 0.7428052 -0.6689710 0.0268003
v 0.0172321 -0.0152519 0.0019668 1.000000 1.000000 1.000000
vn 0.7957449 -0.5878075 -0.1458505
v 0.0181950 -0.0135525 -0.0049790 1.000000 1.000000 1.000000
vn 0.7810167 -0.5966585 -0.1844225
v 0.0177840 -0.0136013 -0.0070942 1.000000 1.000000 1.000000
vn 0.7422518 -0.6698613 -0.0186615
v 0.0171755 -0.0153355 -0.0000512 1.000000 1.000000 1.000000
vn 0.9075133 -0.2981017 -0.2958973
v 0.0206623 -0.0064595 -0.0108637 1.000000 1.000000 1.000000
vn 0.8932492 -0.3576849 -0.2723370
v 0.0202673 -0.0081325 -0.0100628 1.000000 1.000000 1.000000
vn 0.9147592 -0.2649050 -0.3050264
v 0.0210194 -0.0050019 -0.0111011 1.000000 1.000000 1.000000
vn 0.8618342 -0.4346721 -0.2613466
v 0.0194078 -0.0098770 -0.0103110 1.000000 1.000000 1.000000
vn 0.9041357 -0.2867295 -0.3167411
v 0.0202327 -0.0062542 -0.0126193 1.000000 1.000000 1.000000
vn 0.9115176 -0.2585407 -0.3198318
v 0.0205784 -0.0049159 -0.0127385 1.000000 1.000000 1.000000
vn 0.8847626 -0.3529617 -0.3043240
v 0.0198006 -0.0082062 -0.0116473 1.000000 1.000000 1.000000
vn 0.7419472 -0.6657004 -0.0797340
v 0.0170630 -0.0153213 -0.0024450 1.000000 1.000000 1.000000
vn 0.6455716 -0.7066013 0.2897449
v 0.0145353 -0.0161317 0.0117117 1.000000 1.000000 1.000000
vn 0.6788163 -0.7101130 0.1869440
v 0.0155308 -0.0161751 0.0081103 1.000000 1.000000 1.000000
vn 0.6994353 -0.7061303 0.1103192
v 0.0157578 -0.0165069 0.0049825 1.000000 1.000000 1.000000
vn 0.6659572 -0.7351490 0.1267166
v 0.0152431 -0.0169620 0.0053270 1.000000 1.000000 1.000000
vn 0.6170831 -0.6968191 0.3655838
v 0.0138217 -0.0157648 0.0143597 1.000000 1.000000 1.000000
vn 0.6195161 -0.7161441 0.3214615
v 0.0139641 -0.0163138 0.0126345 1.000000 1.000000 1.000000
vn 0.8275580 -0.4994296 -0.2563550
v 0.0185750 -0.0112719 -0.0104530 1.000000 1.000000 1.000000
vn 0.8247906 -0.5102692 -0.2436100
v 0.0189606 -0.0114604 -0.0084637 1.000000 1.000000 1.000000
vn 0.6840503 -0.7279193 0.0469979
v 0.0156652 -0.0168425 0.0025263 1.000000 1.000000 1.000000
vn 0.6503330 -0.7373801 0.1825856
v 0.0147512 -0.0169557 0.0078881 1.000000 1.000000 1.000000
vn 0.6349200 -0.7381336 0.2281127
v 0.0143876 -0.0169132 0.0094743 1.000000 1.000000 1.000000
vn 0.7662008 -0.6261390 -0.1445212
v 0.0175331 -0.0143914 -0.0049441 1.000000 1.000000 1.000000
vn 0.7361053 -0.6637464 -0.1326268
v 0.0168142 -0.0153006 -0.0046776 1.000000 1.000000 1.000000
vn 0.7733130 -0.5954290 -0.2178333
v 0.0175527 -0.0136119 -0.0081887 1.000000 1.000000 1.000000
vn 0.8025819 -0.5442342 -0.2442775
v 0.0179093 -0.0124507 -0.0101090 1.000000 1.000000 1.000000
vn 0.6822926 -0.7309608 -0.0131621
v 0.0156747 -0.0168668 0.0000466 1.000000 1.000000 1.000000
vn 0.6807394 -0.7296624 -0.0647055
v 0.0156329 -0.0168167 -0.0020683 1.000000 1.000000 1.000000
vn 0.5769270 -0.7076992 0.4078200
v 0.0128642 -0.0159246 0.0158185 1.000000 1.000000 1.000000
vn 0.6065234 -0.7457523 0.2756498
v 0.0136829 -0.0170103 0.0112406 1.000000 1.000000 1.000000
vn 0.7252608 -0.6654070 -0.1767213
v 0.0165063 -0.0153094 -0.0063999 1.000000 1.000000 1.000000
vn 0.7263145 -0.6564452 -0.2038306
v 0.0163954 -0.0151185 -0.0077433 1.000000 1.000000 1.000000
vn 0.7646725 -0.5993182 -0.2368410
v 0.0171406 -0.0136647 -0.0096663 1.000000 1.000000 1.000000
vn 0.5462855 -0.6561025 0.5206743
v 0.0119787 -0.0146935 0.0193625 1.000000 1.000000 1.000000
vn 0.5779828 -0.7367597 0.3508862
v 0.0128023 -0.0168441 0.0137896 1.000000 1.000000 1.000000
vn 0.6770484 -0.7276130 -0.1103847
v 0.0155629 -0.0167259 -0.0036000 1.000000 1.000000 1.000000
vn 0.6353756 -0.7709512 0.0439563
v 0.0143624 -0.0179614 0.0026336 1.000000 1.000000 1.000000
vn 0.6326236 -0.7645133 0.1237212
v 0.0135975 -0.0183783 0.0050978 1.000000 1.000000 1.000000
vn 0.6125734 -0.7698907 0.1789476
v 0.0136729 -0.0179121 0.0074801 1.000000 1.000000 1.000000
vn 0.5681577 -0.7732025 0.2816998
v 0.0128053 -0.0176511 0.0113993 1.000000 1.000000 1.000000
vn 0.5241664 -0.7342755 0.4313806
v 0.0118160 -0.0165160 0.0163112 1.000000 1.000000 1.000000
vn 0.4935186 -0.5319656 0.6880785
v 0.0111065 -0.0116070 0.0241629 1.000000 1.000000 1.000000
vn 0.5166028 -0.6945424 0.5007320
v 0.0115845 -0.0152923 0.0189010 1.000000 1.000000 1.000000
vn 0.4874052 -0.7320581 0.4759487
v 0.0109233 -0.0162838 0.0179774 1.000000 1.000000 1.000000
vn 0.4863206 -0.6179253 0.6177869
v 0.0109209 -0.0133959 0.0224104 1.000000 1.000000 1.000000
vn 0.4583327 -0.5949551 0.6602724
v 0.0104020 -0.0130204 0.0233206 1.000000 1.000000 1.000000
vn 0.5856658 -0.7767200 0.2317360
v 0.0129651 -0.0180397 0.0094223 1.000000 1.000000 1.000000
vn 0.6017998 -0.7749936 0.1929298
v 0.0128482 -0.0184800 0.0078394 1.000000 1.000000 1.000000
vn 0.5463985 -0.7572616 0.3577760
v 0.0120500 -0.0173892 0.0138462 1.000000 1.000000 1.000000
vn 0.4947303 -0.6771892 0.5446621
v 0.0110118 -0.0149338 0.0201759 1.000000 1.000000 1.000000
vn 0.6680198 -0.7284425 -0.1520558
v 0.0153802 -0.0166376 -0.0053981 1.000000 1.000000 1.000000
vn 0.7281239 -0.6475981 -0.2246158
v 0.0159693 -0.0151030 -0.0095022 1.000000 1.000000 1.000000
vn 0.6308669 -0.7757725 -0.0135686
v 0.0144057 -0.0179499 0.0000698 1.000000 1.000000 1.000000
vn 0.6174675 -0.7853157 0.0448687
v 0.0137231 -0.0184566 0.0028049 1.000000 1.000000 1.000000
vn 0.4670323 -0.4642600 0.7525580
v 0.0104477 -0.0103511 0.0257854 1.000000 1.000000 1.000000
vn 0.4478674 -0.5314073 0.7190418
v 0.0100707 -0.0115430 0.0250786 1.000000 1.000000 1.000000
vn 0.6284787 -0.7752656 -0.0630704
v 0.0142910 -0.0179666 -0.0019473 1.000000 1.000000 1.000000
vn 0.6293457 -0.7695073 -0.1085473
v 0.0143690 -0.0177771 -0.0032615 1.000000 1.000000 1.000000
vn 0.6891509 -0.6985272 -0.1926937
v 0.0154998 -0.0158737 -0.0083806 1.000000 1.000000 1.000000
vn 0.4881375 -0.7670446 0.4163706
v 0.0112090 -0.0172019 0.0156742 1.000000 1.000000 1.000000
vn 0.6547577 -0.7340131 -0.1803252
v 0.0151296 -0.0167118 -0.0061909 1.000000 1.000000 1.000000
vn 0.6526036 -0.7345509 -0.1858590
v 0.0147540 -0.0166233 -0.0081988 1.000000 1.000000 1.000000
vn 0.5439180 -0.7938018 0.2720881
v 0.0117843 -0.0184085 0.0111918 1.000000 1.000000 1.000000
vn 0.5501725 -0.7973256 0.2481576
v 0.0120204 -0.0186322 0.0096580 1.000000 1.000000 1.000000
vn 0.6111527 -0.7913655 -0.0152658
v 0.0135893 -0.0185793 -0.0000058 1.000000 1.000000 1.000000
vn 0.6131247 -0.7872508 -0.0656842
v 0.0135902 -0.0185070 -0.0020034 1.000000 1.000000 1.000000
vn 0.4475729 -0.6879463 0.5713217
v 0.0100231 -0.0151370 0.0209001 1.000000 1.000000 1.000000
vn 0.4598900 -0.7255736 0.5119025
v 0.0098713 -0.0163770 0.0190224 1.000000 1.000000 1.000000
vn 0.4761091 -0.7803707 0.4053909
v 0.0106061 -0.0179178 0.0148469 1.000000 1.000000 1.000000
vn 0.6235451 -0.7694008 -0.1386146
v 0.0133698 -0.0183537 -0.0049585 1.000000 1.000000 1.000000
vn 0.6241139 -0.7619162 -0.1731055
v 0.0137160 -0.0178405 -0.0063497 1.000000 1.000000 1.000000
vn 0.6212713 -0.7607006 -0.1880339
v 0.0134391 -0.0177298 -0.0080026 1.000000 1.000000 1.000000
vn 0.6141547 -0.7824689 -0.1027448
v 0.0134320 -0.0185288 -0.0031080 1.000000 1.000000 1.000000
vn 0.4595477 -0.7655049 0.4503535
v 0.0094013 -0.0174610 0.0174501 1.000000 1.000000 1.000000
vn 0.4574273 -0.7789184 0.4290062
v 0.0096132 -0.0182815 0.0153549 1.000000 1.000000 1.000000
vn 0.3988987 -0.6646404 0.6317697
v 0.0088740 -0.0146945 0.0225423 1.000000 1.000000 1.000000
vn 0.4291795 -0.3978866 0.8108584
v 0.0093715 -0.0090722 0.0274199 1.000000 1.000000 1.000000
vn 0.4033851 -0.4610442 0.7903915
v 0.0090410 -0.0102065 0.0268776 1.000000 1.000000 1.000000
vn 0.4511258 -0.3456611 0.8228025
v 0.0097604 -0.0073411 0.0280944 1.000000 1.000000 1.000000
vn 0.3885165 -0.5212730 0.7598220
v 0.0087740 -0.0114784 0.0260526 1.000000 1.000000 1.000000
vn 0.4174260 -0.7187770 0.5559812
v 0.0091265 -0.0162913 0.0199126 1.000000 1.000000 1.000000
vn 0.3867743 -0.5662605 0.7278425
v 0.0086819 -0.0123079 0.0253513 1.000000 1.000000 1.000000
vn 0.4032816 -0.6075042 0.6843264
v 0.0088873 -0.0132768 0.0242276 1.000000 1.000000 1.000000
vn 0.3817165 -0.7031264 0.5999216
v 0.0086573 -0.0151987 0.0220127 1.000000 1.000000 1.000000
vn 0.4176962 -0.3632719 0.8328046
v 0.0088220 -0.0073891 0.0286665 1.000000 1.000000 1.000000
vn 0.3404124 -0.6155128 0.7108188
v 0.0075547 -0.0135009 0.0248700 1.000000 1.000000 1.000000
vn 0.3645707 -0.7256027 0.5836000
v 0.0077852 -0.0162367 0.0210920 1.000000 1.000000 1.000000
vn 0.3852889 -0.4131413 0.8251465
v 0.0080722 -0.0090282 0.0282154 1.000000 1.000000 1.000000
vn 0.3391067 -0.6609986 0.6693934
v 0.0068552 -0.0147512 0.0238278 1.000000 1.000000 1.000000
vn 0.3581405 -0.4874140 0.7963435
v 0.0070637 -0.0107889 0.0275577 1.000000 1.000000 1.000000
vn 0.3493939 -0.6986257 0.6243766
v 0.0068110 -0.0156544 0.0226637 1.000000 1.000000 1.000000
vn 0.3293148 -0.5519854 0.7660704
v 0.0068513 -0.0118141 0.0268461 1.000000 1.000000 1.000000
vn 0.2933842 -0.6065493 0.7389342
v 0.0065331 -0.0134090 0.0255000 1.000000 1.000000 1.000000
vn 0.2778326 -0.6211508 0.7327897
v 0.0057841 -0.0138090 0.0254320 1.000000 1.000000 1.000000
vn 0.2798633 -0.5826346 0.7630292
v 0.0057449 -0.0123053 0.0268974 1.000000 1.000000 1.000000
vn 0.9213727 0.0470054 -0.3858274
v 0.0129078 -0.0006457 0.0272013 1.000000 1.000000 1.000000
vn 0.9213727 0.0470054 -0.3858274
v 0.0129033 0.0002892 0.0273288 1.000000 1.000000 1.000000
vn 0.9213727 0.0470054 -0.3858274
v 0.0129458 -0.0007772 0.0272937 1.000000 1.000000 1.000000
vn 0.2253912 0.1137542 0.9676046
v 0.0138102 0.0022156 0.0263840 1.000000 1.000000 1.000000
vn 0.2253912 0.1137542 0.9676046
v 0.0136164 0.0016786 0.0265177 1.000000 1.000000 1.000000
vn 0.2253912 0.1137542 0.9676046
v 0.0136424 0.0012928 0.0265661 1.000000 1.000000 1.000000
vn -0.0555944 0.1570713 -0.9860212
v -0.0127115 -0.0018094 -0.0265249 1.000000 1.000000 1.000000
vn -0.0555944 0.1570713 -0.9860212
v -0.0126792 -0.0021886 -0.0266017 1.000000 1.000000 1.000000
vn -0.0555944 0.1570713 -0.9860212
v -0.0129372 -0.0016602 -0.0264798 1.000000 1.000000 1.000000
vn 0.4785920 -0.0941403 0.8729761
v 0.0129649 0.0003299 0.0272925 1.000000 1.000000 1.000000
vn 0.4785920 -0.0941403 0.8729761
v 0.0129033 0.0002892 0.0273288 1.000000 1.000000 1.000000
vn 0.4785920 -0.0941403 0.8729761
v 0.0129078 -0.0006457 0.0272013 1.000000 1.000000 1.000000
vn -0.4247034 -0.0536751 0.9037400
v -0.0119898 0.0005135 -0.0273147 1.000000 1.000000 1.000000
vn -0.4468375 -0.0556854 0.8928804
v -0.0120428 0.0005576 -0.0273422 1.000000 1.000000 1.000000
vn -0.9842331 -0.0979475 0.1472806
v -0.0119389 -0.0005076 -0.0273601 1.000000 1.000000 1.000000
vn -0.9864272 -0.0979510 0.1317836
v -0.0118518 -0.0014699 -0.0274380 1.000000 1.000000 1.000000
vn -0.0333618 0.0031961 0.9994382
v 0.0163296 0.0001108 0.0234725 1.000000 1.000000 1.000000
vn -0.0333618 0.0031961 0.9994382
v 0.0163458 -0.0004639 0.0234754 1.000000 1.000000 1.000000
vn -0.0333618 0.0031961 0.9994382
v 0.0164065 0.0003945 0.0234745 1.000000 1.000000 1.000000
vn 0.6891501 -0.1155898 -0.7153398
v -0.0157297 -0.0014124 -0.0233566 1.000000 1.000000 1.000000
vn 0.6891501 -0.1155898 -0.7153398
v -0.0157074 -0.0017280 -0.0232671 1.000000 1.000000 1.000000
vn 0.6891501 -0.1155898 -0.7153398
v -0.0157477 -0.0021363 -0.0232336 1.000000 1.000000 1.000000
vn -0.6183406 -0.0427152 -0.7847486
v -0.0127244 0.0021418 -0.0265079 1.000000 1.000000 1.000000
vn -0.6762850 0.0386978 -0.7356229
v -0.0126132 0.0020523 -0.0267294 1.000000 1.000000 1.000000
vn -0.4623223 0.1147080 -0.8792612
v -0.0127107 0.0018206 -0.0265685 1.000000 1.000000 1.000000
vn -0.4559477 0.1064295 -0.8836201
v -0.0129046 0.0017148 -0.0265147 1.000000 1.000000 1.000000
vn -0.6039448 0.0979156 -0.7909887
v -0.0128869 0.0025563 -0.0264151 1.000000 1.000000 1.000000
vn -0.5487518 0.0880144 -0.8313392
v -0.0113199 0.0021289 -0.0278521 1.000000 1.000000 1.000000
vn -0.5421140 0.1767568 -0.8215044
v -0.0112544 0.0040243 -0.0275471 1.000000 1.000000 1.000000
vn -0.5206370 0.0929829 -0.8486997
v -0.0098754 0.0021863 -0.0289490 1.000000 1.000000 1.000000
vn -0.4959116 0.1865971 -0.8480880
v -0.0095936 0.0040005 -0.0287916 1.000000 1.000000 1.000000
vn -0.4919260 0.2442298 -0.8356798
v -0.0100284 0.0051643 -0.0281135 1.000000 1.000000 1.000000
vn -0.5413052 0.2601429 -0.7995713
v -0.0113568 0.0056673 -0.0268884 1.000000 1.000000 1.000000
vn -0.4532258 0.2702481 -0.8494424
v -0.0085772 0.0053314 -0.0290298 1.000000 1.000000 1.000000
vn -0.5986879 0.1725553 -0.7821748
v -0.0129528 0.0042316 -0.0259923 1.000000 1.000000 1.000000
vn -0.5541585 0.0095273 -0.8323566
v -0.0113876 0.0004077 -0.0279277 1.000000 1.000000 1.000000
vn -0.4720462 0.3076916 -0.8261345
v -0.0097322 0.0064603 -0.0278014 1.000000 1.000000 1.000000
vn -0.4391415 0.3468424 -0.8287672
v -0.0091584 0.0071209 -0.0278628 1.000000 1.000000 1.000000
vn -0.4329858 0.3920814 -0.8116623
v -0.0091473 0.0083733 -0.0271816 1.000000 1.000000 1.000000
vn -0.3987967 0.3739741 -0.8373199
v -0.0075392 0.0078276 -0.0284434 1.000000 1.000000 1.000000
vn -0.4021893 0.3510460 -0.8455830
v -0.0074003 0.0069136 -0.0290015 1.000000 1.000000 1.000000
vn -0.3951379 0.4073990 -0.8233421
v -0.0073682 0.0091315 -0.0277725 1.000000 1.000000 1.000000
vn -0.4452734 0.4408205 -0.7793644
v -0.0091110 0.0096840 -0.0263575 1.000000 1.000000 1.000000
vn -0.4233323 0.3214999 -0.8470110
v -0.0083888 0.0063613 -0.0286937 1.000000 1.000000 1.000000
vn -0.5010388 0.3742706 -0.7803087
v -0.0106939 0.0080590 -0.0262575 1.000000 1.000000 1.000000
vn -0.5239993 0.0059652 -0.8516979
v -0.0099038 0.0002896 -0.0290557 1.000000 1.000000 1.000000
vn -0.5250918 -0.0503206 -0.8495567
v -0.0098948 -0.0017608 -0.0289688 1.000000 1.000000 1.000000
vn -0.5522774 -0.0694540 -0.8307622
v -0.0112981 -0.0016229 -0.0279107 1.000000 1.000000 1.000000
vn -0.5783728 -0.0571245 -0.8137701
v -0.0118518 -0.0014699 -0.0274380 1.000000 1.000000 1.000000
vn -0.5644595 -0.1167752 -0.8171592
v -0.0112748 -0.0026019 -0.0277745 1.000000 1.000000 1.000000
vn -0.5797372 0.0193339 -0.8145742
v -0.0120428 0.0005576 -0.0273422 1.000000 1.000000 1.000000
vn -0.4872136 0.4592009 -0.7428038
v -0.0104966 0.0099805 -0.0251083 1.000000 1.000000 1.000000
vn -0.4451178 0.4880363 -0.7507934
v -0.0086711 0.0113036 -0.0253827 1.000000 1.000000 1.000000
vn -0.5066024 0.4184141 -0.7538460
v -0.0108514 0.0091013 -0.0254368 1.000000 1.000000 1.000000
vn -0.5605627 0.4106554 -0.7191187
v -0.0119335 0.0089365 -0.0245870 1.000000 1.000000 1.000000
vn -0.4807409 0.5072808 -0.7152303
v -0.0101602 0.0112112 -0.0243640 1.000000 1.000000 1.000000
vn -0.5206795 0.5128167 -0.6825774
v -0.0112762 0.0112666 -0.0233303 1.000000 1.000000 1.000000
vn -0.4789882 0.5449061 -0.6882207
v -0.0094356 0.0131202 -0.0231000 1.000000 1.000000 1.000000
vn -0.5074635 0.5515235 -0.6620443
v -0.0110447 0.0124868 -0.0223529 1.000000 1.000000 1.000000
vn -0.5649365 0.5309240 -0.6316379
v -0.0121184 0.0120115 -0.0217424 1.000000 1.000000 1.000000
vn -0.5394033 0.5754188 -0.6147662
v -0.0117129 0.0126528 -0.0214900 1.000000 1.000000 1.000000
vn -0.6072618 0.5544632 -0.5690374
v -0.0132192 0.0125467 -0.0198358 1.000000 1.000000 1.000000
vn -0.6275096 0.4959452 -0.6002251
v -0.0135353 0.0112691 -0.0208418 1.000000 1.000000 1.000000
vn -0.6725670 0.4970903 -0.5482289
v -0.0146057 0.0113346 -0.0192558 1.000000 1.000000 1.000000
vn -0.6490749 0.4592153 -0.6064843
v -0.0144994 0.0095777 -0.0211661 1.000000 1.000000 1.000000
vn -0.6533405 0.5565082 -0.5132687
v -0.0143655 0.0127298 -0.0178892 1.000000 1.000000 1.000000
vn -0.7019066 0.5017772 -0.5055162
v -0.0154844 0.0114273 -0.0177428 1.000000 1.000000 1.000000
vn -0.6849682 0.5592729 -0.4669394
v -0.0147350 0.0130083 -0.0169115 1.000000 1.000000 1.000000
vn -0.7355534 0.5105083 -0.4453567
v -0.0164257 0.0116238 -0.0157390 1.000000 1.000000 1.000000
vn -0.7282655 0.4611594 -0.5069137
v -0.0163370 0.0098278 -0.0180987 1.000000 1.000000 1.000000
vn -0.7656556 0.4449259 -0.4645562
v -0.0170912 0.0100142 -0.0164204 1.000000 1.000000 1.000000
vn -0.7887126 0.4506039 -0.4181970
v -0.0177415 0.0102451 -0.0147344 1.000000 1.000000 1.000000
vn -0.7729884 0.5055931 -0.3832293
v -0.0175335 0.0112829 -0.0137441 1.000000 1.000000 1.000000
vn -0.8021885 0.4896984 -0.3415979
v -0.0180832 0.0110376 -0.0127013 1.000000 1.000000 1.000000
vn -0.8425142 0.4066265 -0.3533055
v -0.0190337 0.0092079 -0.0128531 1.000000 1.000000 1.000000
vn -0.7166854 0.5665459 -0.4066789
v -0.0160932 0.0126782 -0.0147727 1.000000 1.000000 1.000000
vn -0.8536617 0.4363894 -0.2842993
v -0.0194237 0.0097680 -0.0106123 1.000000 1.000000 1.000000
vn -0.8826962 0.3824452 -0.2730994
v -0.0201073 0.0085400 -0.0101564 1.000000 1.000000 1.000000
vn -0.8607552 0.4536751 -0.2308234
v -0.0197646 0.0101239 -0.0084159 1.000000 1.000000 1.000000
vn -0.8991434 0.3271063 -0.2907622
v -0.0205204 0.0072251 -0.0106425 1.000000 1.000000 1.000000
vn -0.8837789 0.4207372 -0.2047314
v -0.0201252 0.0096467 -0.0078143 1.000000 1.000000 1.000000
vn -0.9137104 0.3514086 -0.2040721
v -0.0210375 0.0074430 -0.0079840 1.000000 1.000000 1.000000
vn -0.8981696 0.4108745 -0.1564400
v -0.0205726 0.0093921 -0.0058039 1.000000 1.000000 1.000000
vn -0.9266804 0.3485604 -0.1406026
v -0.0213720 0.0076421 -0.0052542 1.000000 1.000000 1.000000
vn -0.9054000 0.4082059 -0.1167003
v -0.0208246 0.0092721 -0.0041224 1.000000 1.000000 1.000000
vn -0.9114218 0.4032640 -0.0817827
v -0.0210276 0.0091860 -0.0023913 1.000000 1.000000 1.000000
vn -0.9454165 0.3145493 -0.0851255
v -0.0218588 0.0070309 -0.0024712 1.000000 1.000000 1.000000
vn -0.9382505 0.3444613 -0.0321324
v -0.0217926 0.0075579 -0.0001620 1.000000 1.000000 1.000000
vn -0.8871776 0.3195172 -0.3329035
v -0.0201109 0.0069842 -0.0123568 1.000000 1.000000 1.000000
vn -0.8624679 0.3252686 -0.3877493
v -0.0195959 0.0071158 -0.0137800 1.000000 1.000000 1.000000
vn -0.8850437 0.2815727 -0.3706948
v -0.0199729 0.0065117 -0.0132761 1.000000 1.000000 1.000000
vn -0.8719164 0.2260041 -0.4343777
v -0.0196607 0.0051345 -0.0152742 1.000000 1.000000 1.000000
vn -0.8416408 0.3084608 -0.4432749
v -0.0190307 0.0067944 -0.0155148 1.000000 1.000000 1.000000
vn -0.8342864 0.2276864 -0.5021207
v -0.0186197 0.0050198 -0.0176643 1.000000 1.000000 1.000000
vn -0.8461108 0.1654916 -0.5066646
v -0.0188116 0.0038149 -0.0178185 1.000000 1.000000 1.000000
vn -0.8011216 0.1866465 -0.5686540
v -0.0177097 0.0042056 -0.0197568 1.000000 1.000000 1.000000
vn -0.7881002 0.2718426 -0.5522678
v -0.0174834 0.0058486 -0.0193301 1.000000 1.000000 1.000000
vn -0.7646918 0.1848024 -0.6173285
v -0.0166716 0.0041975 -0.0214571 1.000000 1.000000 1.000000
vn -0.7472693 0.2638853 -0.6098797
v -0.0163615 0.0057504 -0.0212158 1.000000 1.000000 1.000000
vn -0.7437369 0.3096379 -0.5924355
v -0.0162912 0.0066754 -0.0207577 1.000000 1.000000 1.000000
vn -0.7791172 0.3258417 -0.5355405
v -0.0169027 0.0078328 -0.0189247 1.000000 1.000000 1.000000
vn -0.7289976 0.3331522 -0.5979732
v -0.0159260 0.0076613 -0.0206580 1.000000 1.000000 1.000000
vn -0.6877303 0.3318946 -0.6456571
v -0.0150439 0.0072358 -0.0221968 1.000000 1.000000 1.000000
vn -0.8094316 0.1461712 -0.5687305
v -0.0180494 0.0024220 -0.0197328 1.000000 1.000000 1.000000
vn -0.7241062 0.2041863 -0.6587703
v -0.0157223 0.0041310 -0.0228427 1.000000 1.000000 1.000000
vn -0.8133382 0.3054606 -0.4951514
v -0.0182992 0.0066193 -0.0172310 1.000000 1.000000 1.000000
vn -0.8769071 0.1567577 -0.4543799
v -0.0196818 0.0037068 -0.0159217 1.000000 1.000000 1.000000
vn -0.9005874 0.1569195 -0.4053623
v -0.0203000 0.0037338 -0.0143123 1.000000 1.000000 1.000000
vn -0.9069626 0.0996149 -0.4092622
v -0.0204787 0.0022331 -0.0144411 1.000000 1.000000 1.000000
vn -0.9190126 0.1607217 -0.3599783
v -0.0207267 0.0038093 -0.0130373 1.000000 1.000000 1.000000
vn -0.9274827 0.1178626 -0.3548018
v -0.0209527 0.0027175 -0.0128765 1.000000 1.000000 1.000000
vn -0.9347846 0.0752782 -0.3471470
v -0.0211124 0.0016015 -0.0126807 1.000000 1.000000 1.000000
vn -0.9113030 0.0168228 -0.4113925
v -0.0205765 0.0003263 -0.0145729 1.000000 1.000000 1.000000
vn -0.8893316 0.0224724 -0.4567104
v -0.0199390 0.0004599 -0.0161513 1.000000 1.000000 1.000000
vn -0.8837109 -0.0611348 -0.4640234
v -0.0197814 -0.0015857 -0.0163841 1.000000 1.000000 1.000000
vn -0.9375792 0.0182081 -0.3472948
v -0.0211932 0.0003913 -0.0127051 1.000000 1.000000 1.000000
vn -0.9393519 0.1598455 -0.3034263
v -0.0213477 0.0042043 -0.0106131 1.000000 1.000000 1.000000
vn -0.9081047 -0.0755180 -0.4118772
v -0.0204522 -0.0018515 -0.0146913 1.000000 1.000000 1.000000
vn -0.8784927 -0.1231189 -0.4616193
v -0.0196822 -0.0028587 -0.0162728 1.000000 1.000000 1.000000
vn -0.8575310 -0.1012082 -0.5043785
v -0.0192380 -0.0022310 -0.0174746 1.000000 1.000000 1.000000
vn -0.8671326 -0.1792454 -0.4647066
v -0.0194648 -0.0041022 -0.0163215 1.000000 1.000000 1.000000
vn -0.8378726 -0.1696310 -0.5188399
v -0.0187851 -0.0039431 -0.0178800 1.000000 1.000000 1.000000
vn -0.8287368 -0.2369090 -0.5070202
v -0.0186272 -0.0051625 -0.0175739 1.000000 1.000000 1.000000
vn -0.8001205 -0.1687360 -0.5756174
v -0.0177154 -0.0038709 -0.0198808 1.000000 1.000000 1.000000
vn -0.7897604 -0.2330674 -0.5674136
v -0.0174644 -0.0051220 -0.0197501 1.000000 1.000000 1.000000
vn -0.7828099 -0.3039828 -0.5429577
v -0.0173277 -0.0069652 -0.0189076 1.000000 1.000000 1.000000
vn -0.7579223 -0.2472947 -0.6036548
v -0.0164417 -0.0055052 -0.0212222 1.000000 1.000000 1.000000
vn -0.8302528 -0.2872733 -0.4776552
v -0.0186244 -0.0064511 -0.0167447 1.000000 1.000000 1.000000
vn -0.8108888 -0.3445985 -0.4729814
v -0.0181427 -0.0077812 -0.0166646 1.000000 1.000000 1.000000
vn -0.8355862 -0.3474688 -0.4255128
v -0.0187698 -0.0078044 -0.0151954 1.000000 1.000000 1.000000
vn -0.8648236 -0.2943400 -0.4067482
v -0.0194589 -0.0065464 -0.0147112 1.000000 1.000000 1.000000
vn -0.8619102 -0.3441657 -0.3723720
v -0.0194171 -0.0077632 -0.0135428 1.000000 1.000000 1.000000
vn -0.8214129 -0.3997571 -0.4067864
v -0.0184682 -0.0089124 -0.0147447 1.000000 1.000000 1.000000
vn -0.8483064 -0.3997873 -0.3471980
v -0.0191980 -0.0089155 -0.0127565 1.000000 1.000000 1.000000
vn -0.8853298 -0.3231805 -0.3342835
v -0.0200286 -0.0073561 -0.0121482 1.000000 1.000000 1.000000
vn -0.8135508 -0.4766831 -0.3330290
v -0.0183743 -0.0106484 -0.0125088 1.000000 1.000000 1.000000
vn -0.8035002 -0.4485515 -0.3913938
v -0.0180724 -0.0100586 -0.0141854 1.000000 1.000000 1.000000
vn -0.7689670 -0.4570907 -0.4469427
v -0.0171886 -0.0101682 -0.0161425 1.000000 1.000000 1.000000
vn -0.8466985 -0.4539199 -0.2775941
v -0.0193692 -0.0099695 -0.0103790 1.000000 1.000000 1.000000
vn -0.8190077 -0.5047818 -0.2728034
v -0.0186147 -0.0113272 -0.0102639 1.000000 1.000000 1.000000
vn -0.8542747 -0.4642068 -0.2339379
v -0.0195707 -0.0102057 -0.0090096 1.000000 1.000000 1.000000
vn -0.8146847 -0.5292855 -0.2369509
v -0.0185025 -0.0118766 -0.0093435 1.000000 1.000000 1.000000
vn -0.8616645 -0.4698251 -0.1918299
v -0.0197890 -0.0103719 -0.0075115 1.000000 1.000000 1.000000
vn -0.8270756 -0.5273115 -0.1946498
v -0.0188944 -0.0118648 -0.0075165 1.000000 1.000000 1.000000
vn -0.8421342 -0.5198509 -0.1434050
v -0.0193224 -0.0118400 -0.0051040 1.000000 1.000000 1.000000
vn -0.8763019 -0.4629124 -0.1334436
v -0.0201485 -0.0104221 -0.0049914 1.000000 1.000000 1.000000
vn -0.8857977 -0.4213040 -0.1945904
v -0.0204615 -0.0088855 -0.0079018 1.000000 1.000000 1.000000
vn -0.8577119 -0.5078532 -0.0800966
v -0.0195604 -0.0119174 -0.0023196 1.000000 1.000000 1.000000
vn -0.8389732 -0.5388821 -0.0756980
v -0.0190910 -0.0126923 -0.0022046 1.000000 1.000000 1.000000
vn -0.8551818 -0.5162807 -0.0460269
v -0.0196949 -0.0119067 0.0003602 1.000000 1.000000 1.000000
vn -0.8361022 -0.5471882 -0.0389637
v -0.0185660 -0.0136394 0.0003059 1.000000 1.000000 1.000000
vn -0.8298488 -0.5554399 -0.0532687
v -0.0185341 -0.0135488 -0.0018908 1.000000 1.000000 1.000000
vn -0.8719988 -0.4833113 -0.0776420
v -0.0204084 -0.0104478 -0.0020783 1.000000 1.000000 1.000000
vn -0.7885206 -0.5460812 -0.2828969
v -0.0178014 -0.0124152 -0.0106007 1.000000 1.000000 1.000000
vn -0.7790250 -0.5023782 -0.3751482
v -0.0177254 -0.0110808 -0.0135481 1.000000 1.000000 1.000000
vn -0.7892091 -0.5816751 -0.1969850
v -0.0178784 -0.0133704 -0.0074882 1.000000 1.000000 1.000000
vn -0.7693568 -0.3584276 -0.5287910
v -0.0167932 -0.0083467 -0.0187762 1.000000 1.000000 1.000000
vn -0.7890803 -0.3995306 -0.4666129
v -0.0176199 -0.0090222 -0.0165690 1.000000 1.000000 1.000000
vn -0.8225873 -0.5594698 -0.1017039
v -0.0184907 -0.0135443 -0.0025918 1.000000 1.000000 1.000000
vn -0.7639481 -0.1854310 -0.6180604
v -0.0166770 -0.0034897 -0.0216784 1.000000 1.000000 1.000000
vn -0.7429788 -0.3198978 -0.5879183
v -0.0161402 -0.0072535 -0.0206373 1.000000 1.000000 1.000000
vn -0.8678617 -0.2367802 -0.4367507
v -0.0195822 -0.0052573 -0.0153629 1.000000 1.000000 1.000000
vn -0.9382455 -0.0478697 -0.3426424
v -0.0211518 -0.0009534 -0.0126908 1.000000 1.000000 1.000000
vn -0.9412489 0.1343267 -0.3098499
v -0.0215511 0.0029897 -0.0106070 1.000000 1.000000 1.000000
vn -0.8687429 0.0245467 -0.4946548
v -0.0193802 0.0005303 -0.0174401 1.000000 1.000000 1.000000
vn -0.8528177 -0.0500892 -0.5198010
v -0.0191487 -0.0013386 -0.0178188 1.000000 1.000000 1.000000
vn -0.9480164 0.0127180 -0.3179674
v -0.0217837 0.0003913 -0.0105266 1.000000 1.000000 1.000000
vn -0.8977813 -0.1228256 -0.4229690
v -0.0203377 -0.0029672 -0.0146112 1.000000 1.000000 1.000000
vn -0.8820695 0.1040477 -0.4594862
v -0.0197415 0.0023458 -0.0162693 1.000000 1.000000 1.000000
vn -0.9200529 0.2672252 -0.2865196
v -0.0211352 0.0052448 -0.0106556 1.000000 1.000000 1.000000
vn -0.9561096 0.2918868 -0.0256211
v -0.0220989 0.0066661 0.0000725 1.000000 1.000000 1.000000
vn -0.9744318 0.2223349 -0.0324029
v -0.0224942 0.0052183 -0.0000648 1.000000 1.000000 1.000000
vn -0.9704237 0.2270494 -0.0820149
v -0.0223587 0.0052545 -0.0024499 1.000000 1.000000 1.000000
vn -0.9838912 0.1601564 -0.0794230
v -0.0225828 0.0040630 -0.0024164 1.000000 1.000000 1.000000
vn -0.9870188 0.1583228 -0.0269808
v -0.0226944 0.0041271 0.0000996 1.000000 1.000000 1.000000
vn -0.9941052 0.1058328 -0.0235440
v -0.0228835 0.0028180 0.0002798 1.000000 1.000000 1.000000
vn -0.9914142 0.1116038 -0.0681352
v -0.0227648 0.0028658 -0.0021695 1.000000 1.000000 1.000000
vn -0.9872478 0.1278534 -0.0948435
v -0.0225864 0.0028261 -0.0047183 1.000000 1.000000 1.000000
vn -0.9935892 0.0831444 -0.0766001
v -0.0228207 0.0016098 -0.0030943 1.000000 1.000000 1.000000
vn -0.9985910 0.0144426 -0.0510641
v -0.0229935 0.0002842 -0.0016830 1.000000 1.000000 1.000000
vn -0.9972626 0.0087096 -0.0734263
v -0.0229277 0.0002032 -0.0030569 1.000000 1.000000 1.000000
vn -0.9958180 -0.0739449 -0.0536535
v -0.0229181 -0.0013196 -0.0015796 1.000000 1.000000 1.000000
vn -0.9919363 -0.0742600 -0.1027030
v -0.0227900 -0.0011810 -0.0040251 1.000000 1.000000 1.000000
vn -0.9902721 -0.1219988 -0.0669138
v -0.0227678 -0.0026402 -0.0019814 1.000000 1.000000 1.000000
vn -0.9870139 -0.1091524 -0.1178533
v -0.0226641 -0.0020684 -0.0045513 1.000000 1.000000 1.000000
vn -0.9825267 -0.0552125 -0.1777439
v -0.0225388 -0.0005655 -0.0064739 1.000000 1.000000 1.000000
vn -0.9794590 -0.0995244 -0.1753712
v -0.0224250 -0.0020664 -0.0065755 1.000000 1.000000 1.000000
vn -0.9726884 -0.0575380 -0.2248703
v -0.0221510 -0.0006097 -0.0087025 1.000000 1.000000 1.000000
vn -0.9749407 0.0179704 -0.2217382
v -0.0222160 0.0003960 -0.0085852 1.000000 1.000000 1.000000
vn -0.9704634 -0.0938939 -0.2222268
v -0.0220464 -0.0021351 -0.0087158 1.000000 1.000000 1.000000
vn -0.9710286 -0.1661188 -0.1717791
v -0.0221275 -0.0039817 -0.0068092 1.000000 1.000000 1.000000
vn -0.9838883 0.0095675 -0.1785285
v -0.0225760 0.0003330 -0.0064881 1.000000 1.000000 1.000000
vn -0.9790774 0.0738468 -0.1896158
v -0.0224856 0.0016555 -0.0065456 1.000000 1.000000 1.000000
vn -0.9702683 0.0739714 -0.2304512
v -0.0221871 0.0016625 -0.0083437 1.000000 1.000000 1.000000
vn -0.9726261 0.1226605 -0.1973647
v -0.0223528 0.0029923 -0.0065386 1.000000 1.000000 1.000000
vn -0.9704325 0.1107564 -0.2144617
v -0.0220775 0.0028352 -0.0083482 1.000000 1.000000 1.000000
vn -0.9944878 -0.1038195 -0.0146858
v -0.0229157 -0.0022882 0.0006111 1.000000 1.000000 1.000000
vn -0.9848097 -0.1726733 -0.0182710
v -0.0226649 -0.0040600 0.0005216 1.000000 1.000000 1.000000
vn -0.9853817 -0.1651654 0.0417546
v -0.0226498 -0.0040334 0.0023738 1.000000 1.000000 1.000000
vn -0.9768538 -0.2091440 0.0448943
v -0.0224385 -0.0050642 0.0025354 1.000000 1.000000 1.000000
vn -0.9815539 -0.1622515 0.1011255
v -0.0225157 -0.0039337 0.0049224 1.000000 1.000000 1.000000
vn -0.9668717 -0.2350442 0.0995655
v -0.0221926 -0.0055326 0.0048255 1.000000 1.000000 1.000000
vn -0.9655588 -0.2566029 0.0430246
v -0.0222451 -0.0059053 0.0025258 1.000000 1.000000 1.000000
vn -0.9470015 -0.2991997 0.1169095
v -0.0216610 -0.0072708 0.0053705 1.000000 1.000000 1.000000
vn -0.9938250 -0.0936788 0.0594656
v -0.0228856 -0.0020429 0.0029817 1.000000 1.000000 1.000000
vn -0.9907262 -0.0821212 0.1082488
v -0.0227789 -0.0016673 0.0051083 1.000000 1.000000 1.000000
vn -0.9975962 0.0017235 0.0692735
v -0.0229763 0.0001185 0.0034773 1.000000 1.000000 1.000000
vn -0.9938260 0.0051635 0.1108296
v -0.0228594 0.0001557 0.0051656 1.000000 1.000000 1.000000
vn -0.9876074 0.0002680 0.1569442
v -0.0226760 0.0000980 0.0068137 1.000000 1.000000 1.000000
vn -0.9899562 0.0876478 0.1109260
v -0.0227475 0.0021672 0.0051711 1.000000 1.000000 1.000000
vn -0.9479751 -0.3157671 0.0404278
v -0.0217940 -0.0073903 0.0027398 1.000000 1.000000 1.000000
vn -0.9167418 -0.3846354 0.1078895
v -0.0210966 -0.0089499 0.0051186 1.000000 1.000000 1.000000
vn -0.9201555 -0.3901357 0.0332874
v -0.0211756 -0.0090445 0.0028552 1.000000 1.000000 1.000000
vn -0.9204986 -0.3900189 -0.0238235
v -0.0211931 -0.0090268 0.0002888 1.000000 1.000000 1.000000
vn -0.9461288 -0.3229815 -0.0228760
v -0.0217868 -0.0074672 0.0003127 1.000000 1.000000 1.000000
vn -0.9616072 -0.2322043 0.1462629
v -0.0220717 -0.0054171 0.0062481 1.000000 1.000000 1.000000
vn -0.8890114 -0.4552858 0.0487190
v -0.0205247 -0.0104053 0.0028567 1.000000 1.000000 1.000000
vn -0.9271672 -0.3671433 -0.0746117
v -0.0210809 -0.0090277 -0.0020960 1.000000 1.000000 1.000000
vn -0.9450381 -0.3187234 -0.0729271
v -0.0216817 -0.0074618 -0.0020596 1.000000 1.000000 1.000000
vn -0.9994686 0.0012785 0.0325733
v -0.0230356 0.0001396 0.0020979 1.000000 1.000000 1.000000
vn -0.9835058 -0.0923200 0.1555425
v -0.0225536 -0.0020089 0.0068756 1.000000 1.000000 1.000000
vn -0.9076826 -0.3769186 0.1845120
v -0.0208930 -0.0087179 0.0073307 1.000000 1.000000 1.000000
vn -0.8761206 -0.4692779 0.1104124
v -0.0203591 -0.0104356 0.0052508 1.000000 1.000000 1.000000
vn -0.9682331 -0.2493069 -0.0192542
v -0.0223011 -0.0057800 0.0005204 1.000000 1.000000 1.000000
vn -0.9958720 -0.0876720 0.0235090
v -0.0229350 -0.0019883 0.0015715 1.000000 1.000000 1.000000
vn -0.9924032 0.0860954 -0.0878833
v -0.0227085 0.0016278 -0.0046363 1.000000 1.000000 1.000000
vn -0.9925170 0.1179834 0.0314644
v -0.0228437 0.0030734 0.0021263 1.000000 1.000000 1.000000
vn -0.9933580 -0.0022580 -0.1150431
v -0.0228271 0.0002125 -0.0044647 1.000000 1.000000 1.000000
vn -0.9976072 0.0669593 -0.0172184
v -0.0229776 0.0015680 0.0002963 1.000000 1.000000 1.000000
vn -0.9686717 0.2251527 -0.1047924
v -0.0221641 0.0051038 -0.0051977 1.000000 1.000000 1.000000
vn -0.9544005 0.2960226 0.0386038
v -0.0220916 0.0066723 0.0022324 1.000000 1.000000 1.000000
vn -0.9415403 0.3358908 0.0260620
v -0.0217455 0.0076730 0.0022075 1.000000 1.000000 1.000000
vn -0.9041663 0.2267604 -0.3620264
v -0.0204938 0.0051133 -0.0129790 1.000000 1.000000 1.000000
vn -0.9759561 0.2142184 0.0402530
v -0.0225088 0.0051345 0.0023294 1.000000 1.000000 1.000000
vn -0.9217722 0.3147878 -0.2263727
v -0.0211057 0.0071073 -0.0082701 1.000000 1.000000 1.000000
vn -0.8905920 0.4412088 -0.1103661
v -0.0201392 0.0106857 -0.0039834 1.000000 1.000000 1.000000
vn -0.8514345 0.4901791 -0.1865041
v -0.0193586 0.0113338 -0.0070249 1.000000 1.000000 1.000000
vn -0.8224893 0.5266145 -0.2149152
v -0.0189075 0.0118389 -0.0078057 1.000000 1.000000 1.000000
vn -0.8302256 0.5328360 -0.1637420
v -0.0193085 0.0118738 -0.0053902 1.000000 1.000000 1.000000
vn -0.8217471 0.4985903 -0.2759340
v -0.0186692 0.0111502 -0.0104897 1.000000 1.000000 1.000000
vn -0.8148662 0.3907511 -0.4281433
v -0.0183562 0.0087935 -0.0151112 1.000000 1.000000 1.000000
vn -0.7796152 0.5914751 -0.2058091
v -0.0178583 0.0134553 -0.0074343 1.000000 1.000000 1.000000
vn -0.7921765 0.5909045 -0.1526052
v -0.0181860 0.0135671 -0.0052101 1.000000 1.000000 1.000000
vn -0.7503731 0.6416034 -0.1590137
v -0.0172841 0.0146395 -0.0053765 1.000000 1.000000 1.000000
vn -0.7286322 0.6507231 -0.2136696
v -0.0165678 0.0148313 -0.0080818 1.000000 1.000000 1.000000
vn -0.7102509 0.6853315 -0.1608244
v -0.0162196 0.0158186 -0.0054195 1.000000 1.000000 1.000000
vn -0.6889156 0.6924758 -0.2141788
v -0.0155690 0.0158530 -0.0081230 1.000000 1.000000 1.000000
vn -0.7204013 0.6462775 -0.2516890
v -0.0163252 0.0147117 -0.0094285 1.000000 1.000000 1.000000
vn -0.6822599 0.6853750 -0.2545242
v -0.0154266 0.0156225 -0.0095170 1.000000 1.000000 1.000000
vn -0.6443591 0.7209325 -0.2550642
v -0.0146102 0.0164021 -0.0094998 1.000000 1.000000 1.000000
vn -0.6372985 0.7055717 -0.3098699
v -0.0143648 0.0159556 -0.0116053 1.000000 1.000000 1.000000
vn -0.5925507 0.7535530 -0.2846780
v -0.0134259 0.0170799 -0.0105738 1.000000 1.000000 1.000000
vn -0.5782850 0.7420223 -0.3391007
v -0.0127687 0.0168429 -0.0127951 1.000000 1.000000 1.000000
vn -0.6134049 0.6963190 -0.3726582
v -0.0138023 0.0155961 -0.0137875 1.000000 1.000000 1.000000
vn -0.5803823 0.7086684 -0.4011802
v -0.0128674 0.0159879 -0.0147050 1.000000 1.000000 1.000000
vn -0.6130192 0.6680009 -0.4218795
v -0.0137671 0.0145827 -0.0159209 1.000000 1.000000 1.000000
vn -0.5751029 0.6771293 -0.4590779
v -0.0127209 0.0150589 -0.0167878 1.000000 1.000000 1.000000
vn -0.5757071 0.6520734 -0.4933170
v -0.0131148 0.0140928 -0.0178245 1.000000 1.000000 1.000000
vn -0.5369264 0.6782945 -0.5016240
v -0.0118472 0.0151158 -0.0179378 1.000000 1.000000 1.000000
vn -0.5448331 0.7165675 -0.4355319
v -0.0117264 0.0163104 -0.0158833 1.000000 1.000000 1.000000
vn -0.6546865 0.6595398 -0.3693141
v -0.0146977 0.0148243 -0.0136741 1.000000 1.000000 1.000000
vn -0.5400864 0.7762609 -0.3251550
v -0.0120622 0.0175281 -0.0123311 1.000000 1.000000 1.000000
vn -0.5350393 0.7973305 -0.2792794
v -0.0118557 0.0182850 -0.0103763 1.000000 1.000000 1.000000
vn -0.5099863 0.7906883 -0.3387122
v -0.0109656 0.0180763 -0.0128158 1.000000 1.000000 1.000000
vn -0.5042141 0.8167977 -0.2803741
v -0.0109897 0.0188358 -0.0103180 1.000000 1.000000 1.000000
vn -0.5257435 0.8205889 -0.2241150
v -0.0111893 0.0192763 -0.0080805 1.000000 1.000000 1.000000
vn -0.5292825 0.8129404 -0.2428748
v -0.0119486 0.0186820 -0.0085886 1.000000 1.000000 1.000000
vn -0.6481920 0.7314017 -0.2118934
v -0.0146943 0.0167547 -0.0078685 1.000000 1.000000 1.000000
vn -0.6164749 0.7601190 -0.2053729
v -0.0133912 0.0177966 -0.0080547 1.000000 1.000000 1.000000
vn -0.6124929 0.7736355 -0.1622981
v -0.0136137 0.0182661 -0.0046341 1.000000 1.000000 1.000000
vn -0.7619468 0.5930003 -0.2603609
v -0.0171668 0.0135445 -0.0099092 1.000000 1.000000 1.000000
vn -0.6472751 0.7392146 -0.1860020
v -0.0148761 0.0169221 -0.0063731 1.000000 1.000000 1.000000
vn -0.6911010 0.6546182 -0.3063570
v -0.0156149 0.0147504 -0.0115170 1.000000 1.000000 1.000000
vn -0.7556444 0.6454458 -0.1113606
v -0.0173674 0.0148599 -0.0034902 1.000000 1.000000 1.000000
vn -0.6831869 0.4666758 -0.5616666
v -0.0151808 0.0096552 -0.0201091 1.000000 1.000000 1.000000
vn -0.8179235 0.5596052 -0.1335782
v -0.0192963 0.0122151 -0.0038095 1.000000 1.000000 1.000000
vn -0.6175727 0.5697689 -0.5421876
v -0.0133048 0.0131147 -0.0189853 1.000000 1.000000 1.000000
vn -0.5188221 0.6043059 -0.6046801
v -0.0105550 0.0141014 -0.0209292 1.000000 1.000000 1.000000
vn -0.5936041 0.4770785 -0.6480975
v -0.0127494 0.0107744 -0.0222575 1.000000 1.000000 1.000000
vn -0.6199959 -0.1554101 -0.7690597
v -0.0126356 -0.0016207 -0.0267304 1.000000 1.000000 1.000000
vn -0.5385494 0.0001177 -0.8425940
v -0.0120666 -0.0007208 -0.0272683 1.000000 1.000000 1.000000
vn -0.6019806 -0.1137428 -0.7903682
v -0.0126792 -0.0021886 -0.0266017 1.000000 1.000000 1.000000
vn -0.6006606 -0.1687657 -0.7814890
v -0.0128102 -0.0037595 -0.0261821 1.000000 1.000000 1.000000
vn -0.5695752 -0.1811851 -0.8017207
v -0.0112850 -0.0038628 -0.0274911 1.000000 1.000000 1.000000
vn -0.5585108 -0.2501554 -0.7908781
v -0.0111019 -0.0056319 -0.0270427 1.000000 1.000000 1.000000
vn -0.5955288 -0.2323887 -0.7689870
v -0.0128118 -0.0051777 -0.0257200 1.000000 1.000000 1.000000
vn -0.5855043 -0.2943435 -0.7553454
v -0.0125504 -0.0066796 -0.0253235 1.000000 1.000000 1.000000
vn -0.5507396 -0.2985881 -0.7794428
v -0.0108946 -0.0073956 -0.0264292 1.000000 1.000000 1.000000
vn -0.5803661 -0.3490585 -0.7357537
v -0.0121899 -0.0079254 -0.0249983 1.000000 1.000000 1.000000
vn -0.6346750 -0.3328886 -0.6974044
v -0.0137093 -0.0075841 -0.0236415 1.000000 1.000000 1.000000
vn -0.6129032 -0.4052491 -0.6783236
v -0.0132844 -0.0091058 -0.0231182 1.000000 1.000000 1.000000
vn -0.5709305 -0.4095550 -0.7115499
v -0.0116193 -0.0094276 -0.0245391 1.000000 1.000000 1.000000
vn -0.6063811 -0.4554086 -0.6518474
v -0.0128921 -0.0102938 -0.0225854 1.000000 1.000000 1.000000
vn -0.6667024 -0.3577381 -0.6538588
v -0.0148533 -0.0078475 -0.0220694 1.000000 1.000000 1.000000
vn -0.6722298 -0.4212860 -0.6087899
v -0.0149161 -0.0092202 -0.0209775 1.000000 1.000000 1.000000
vn -0.6418200 -0.4508947 -0.6202911
v -0.0139139 -0.0102045 -0.0214144 1.000000 1.000000 1.000000
vn -0.6637088 -0.1858399 -0.7245372
v -0.0143988 -0.0041584 -0.0244108 1.000000 1.000000 1.000000
vn -0.6573878 -0.1427535 -0.7399073
v -0.0145130 -0.0028858 -0.0246025 1.000000 1.000000 1.000000
vn -0.6458902 -0.2605492 -0.7175933
v -0.0141587 -0.0057712 -0.0240712 1.000000 1.000000 1.000000
vn -0.6076176 -0.1175262 -0.7854861
v -0.0129405 -0.0025627 -0.0263029 1.000000 1.000000 1.000000
vn -0.5148978 0.0095770 -0.8571981
v -0.0119389 -0.0005076 -0.0273601 1.000000 1.000000 1.000000
vn -0.7621398 -0.2281177 -0.6058921
v -0.0127115 -0.0018094 -0.0265249 1.000000 1.000000 1.000000
vn -0.7452617 -0.5048743 -0.4355307
v -0.0166237 -0.0112291 -0.0159044 1.000000 1.000000 1.000000
vn -0.7390981 -0.5523140 -0.3855946
v -0.0164788 -0.0124567 -0.0142470 1.000000 1.000000 1.000000
vn -0.7101071 -0.5569758 -0.4307271
v -0.0158450 -0.0124160 -0.0157297 1.000000 1.000000 1.000000
vn -0.7102708 -0.6026719 -0.3637335
v -0.0159759 -0.0133534 -0.0137451 1.000000 1.000000 1.000000
vn -0.6923402 -0.5874107 -0.4190628
v -0.0151581 -0.0133632 -0.0155020 1.000000 1.000000 1.000000
vn -0.7118551 -0.4976144 -0.4956232
v -0.0154453 -0.0113161 -0.0180597 1.000000 1.000000 1.000000
vn -0.6668333 -0.5786998 -0.4695103
v -0.0144916 -0.0133761 -0.0167381 1.000000 1.000000 1.000000
vn -0.7390876 -0.5797177 -0.3430406
v -0.0166653 -0.0129864 -0.0127761 1.000000 1.000000 1.000000
vn -0.5575880 0.3623058 -0.7468804
v -0.0122753 0.0077532 -0.0250553 1.000000 1.000000 1.000000
vn -0.5298545 0.3098240 -0.7894703
v -0.0111499 0.0066662 -0.0266123 1.000000 1.000000 1.000000
vn -0.7107805 0.2531089 -0.6562979
v -0.0155486 0.0053831 -0.0225584 1.000000 1.000000 1.000000
vn -0.9047241 -0.2537292 -0.3421928
v -0.0204355 -0.0057222 -0.0125700 1.000000 1.000000 1.000000
vn -0.9236535 -0.2518567 -0.2888469
v -0.0209279 -0.0057928 -0.0107425 1.000000 1.000000 1.000000
vn -0.9022606 -0.3081380 -0.3016236
v -0.0204877 -0.0074160 -0.0104909 1.000000 1.000000 1.000000
vn -0.9420387 -0.1798765 -0.2832096
v -0.0213718 -0.0041695 -0.0105037 1.000000 1.000000 1.000000
vn -0.9417418 -0.2538840 -0.2206023
v -0.0214874 -0.0058012 -0.0081571 1.000000 1.000000 1.000000
vn -0.9259743 -0.1859172 -0.3286433
v -0.0207586 -0.0040175 -0.0128308 1.000000 1.000000 1.000000
vn -0.9467171 -0.1038117 -0.3048768
v -0.0216555 -0.0021991 -0.0105049 1.000000 1.000000 1.000000
vn -0.9275178 -0.2788298 -0.2489273
v -0.0208105 -0.0072510 -0.0093268 1.000000 1.000000 1.000000
vn -0.8837201 0.4626389 -0.0707397
v -0.0201716 0.0109007 -0.0024233 1.000000 1.000000 1.000000
vn -0.8840134 0.4666499 -0.0275365
v -0.0203743 0.0107621 -0.0000179 1.000000 1.000000 1.000000
vn -0.8469939 0.5293538 -0.0488454
v -0.0193559 0.0123297 -0.0024838 1.000000 1.000000 1.000000
vn -0.8491445 0.5276542 -0.0231248
v -0.0196253 0.0120744 -0.0000485 1.000000 1.000000 1.000000
vn -0.8636053 0.5032153 0.0309903
v -0.0199428 0.0115425 0.0022853 1.000000 1.000000 1.000000
vn -0.8264457 0.5613491 0.0432973
v -0.0190416 0.0129137 0.0027489 1.000000 1.000000 1.000000
vn -0.8912275 0.4521925 0.0351512
v -0.0205370 0.0104051 0.0023693 1.000000 1.000000 1.000000
vn -0.8970466 0.4404956 0.0356539
v -0.0211332 0.0091974 0.0023393 1.000000 1.000000 1.000000
vn -0.8524860 0.5145342 0.0923161
v -0.0196815 0.0117744 0.0044956 1.000000 1.000000 1.000000
vn -0.8193820 0.5728524 -0.0212910
v -0.0186335 0.0135425 -0.0000296 1.000000 1.000000 1.000000
vn -0.8854163 0.4583268 0.0772946
v -0.0203595 0.0105266 0.0044653 1.000000 1.000000 1.000000
vn -0.8217673 0.5621823 0.0930033
v -0.0184276 0.0134981 0.0053638 1.000000 1.000000 1.000000
vn -0.8786579 0.4524892 -0.1523613
v -0.0201125 0.0103899 -0.0055249 1.000000 1.000000 1.000000
vn -0.8034084 -0.5759892 -0.1509023
v -0.0183268 -0.0133292 -0.0051646 1.000000 1.000000 1.000000
vn -0.8910059 -0.4530310 -0.0295208
v -0.0205333 -0.0104286 0.0003117 1.000000 1.000000 1.000000
vn -0.6657004 0.3654986 -0.6505796
v -0.0145350 0.0088322 -0.0217325 1.000000 1.000000 1.000000
vn -0.7932022 0.5978193 -0.1159411
v -0.0184320 0.0135390 -0.0033831 1.000000 1.000000 1.000000
vn -0.7123793 0.6916232 -0.1190507
v -0.0163056 0.0160487 -0.0033528 1.000000 1.000000 1.000000
vn -0.9038431 -0.4026548 -0.1446956
v -0.0207911 -0.0090807 -0.0050933 1.000000 1.000000 1.000000
vn -0.8656122 -0.4052466 -0.2940932
v -0.0198898 -0.0088498 -0.0105531 1.000000 1.000000 1.000000
vn -0.9115476 0.4103125 -0.0269190
v -0.0211517 0.0091897 0.0001395 1.000000 1.000000 1.000000
vn -0.7741333 -0.5865680 -0.2380245
v -0.0174409 -0.0133847 -0.0093332 1.000000 1.000000 1.000000
vn -0.5886849 0.7644612 -0.2627720
v -0.0132536 0.0177043 -0.0088468 1.000000 1.000000 1.000000
vn -0.9392069 -0.3001405 0.1667516
v -0.0214260 -0.0072032 0.0073165 1.000000 1.000000 1.000000
vn -0.5743614 0.0072254 -0.8185700
v -0.0129817 0.0004925 -0.0265295 1.000000 1.000000 1.000000
vn -0.7736177 -0.5405456 -0.3306451
v -0.0174619 -0.0120989 -0.0123585 1.000000 1.000000 1.000000
vn -0.5163851 0.6935214 -0.5023689
v -0.0109088 0.0157799 -0.0179968 1.000000 1.000000 1.000000
vn -0.5149140 0.6699415 -0.5348289
v -0.0105036 0.0148640 -0.0199241 1.000000 1.000000 1.000000
vn -0.9481708 0.0801251 -0.3074934
v -0.0216593 0.0020028 -0.0105759 1.000000 1.000000 1.000000
vn -0.9770477 -0.1673335 -0.1318233
v -0.0223250 -0.0042373 -0.0048651 1.000000 1.000000 1.000000
vn -0.7298034 -0.4651228 -0.5010467
v -0.0158626 -0.0103826 -0.0184109 1.000000 1.000000 1.000000
vn -0.9749247 -0.1649245 0.1494049
v -0.0223496 -0.0039242 0.0065423 1.000000 1.000000 1.000000
vn -0.8450190 0.0001007 -0.5347363
v -0.0189194 0.0004881 -0.0183757 1.000000 1.000000 1.000000
vn -0.8158826 -0.0286454 -0.5775077
v -0.0181672 0.0005204 -0.0197709 1.000000 1.000000 1.000000
vn -0.8173712 -0.0365831 -0.5749486
v -0.0179518 -0.0015696 -0.0200187 1.000000 1.000000 1.000000
vn -0.7499561 0.0021780 -0.6614841
v -0.0170135 0.0005433 -0.0216508 1.000000 1.000000 1.000000
vn -0.7732440 -0.0262773 -0.6335639
v -0.0168869 -0.0015503 -0.0217343 1.000000 1.000000 1.000000
vn -0.7460619 -0.0198888 -0.6655796
v -0.0166359 -0.0013371 -0.0220909 1.000000 1.000000 1.000000
vn -0.7948946 0.0279378 -0.6061041
v -0.0165777 0.0006949 -0.0222079 1.000000 1.000000 1.000000
vn -0.7210363 -0.0114683 -0.6928024
v -0.0166077 -0.0007095 -0.0221369 1.000000 1.000000 1.000000
vn -0.8391193 0.0037381 -0.5439347
v -0.0165528 0.0004394 -0.0222787 1.000000 1.000000 1.000000
vn -0.7790636 0.0366034 -0.6258754
v -0.0165190 0.0009745 -0.0222985 1.000000 1.000000 1.000000
vn -0.7304336 0.0177646 -0.6827525
v -0.0158453 0.0005318 -0.0232967 1.000000 1.000000 1.000000
vn -0.7151326 0.0693672 -0.6955384
v -0.0158049 0.0023556 -0.0231443 1.000000 1.000000 1.000000
vn -0.7077447 0.0663394 -0.7033467
v -0.0156998 0.0017805 -0.0233411 1.000000 1.000000 1.000000
vn -0.7058134 0.0187380 -0.7081499
v -0.0145644 0.0005025 -0.0248670 1.000000 1.000000 1.000000
vn -0.7065462 0.0693108 -0.7042645
v -0.0143905 0.0018363 -0.0249595 1.000000 1.000000 1.000000
vn -0.7061386 -0.0225587 -0.7077141
v -0.0145261 -0.0014303 -0.0248446 1.000000 1.000000 1.000000
vn -0.7239674 -0.0258324 -0.6893504
v -0.0157297 -0.0014124 -0.0233566 1.000000 1.000000 1.000000
vn -0.6887120 0.0810652 -0.7204889
v -0.0157011 0.0023637 -0.0232596 1.000000 1.000000 1.000000
vn -0.7803174 -0.0210860 -0.6250282
v -0.0165227 -0.0005664 -0.0222818 1.000000 1.000000 1.000000
vn -0.9836589 0.0884972 0.1567911
v -0.0225660 0.0021302 0.0068320 1.000000 1.000000 1.000000
vn -0.9799910 0.0014346 0.1990369
v -0.0224692 0.0000977 0.0082307 1.000000 1.000000 1.000000
vn -0.9760584 0.0920813 0.1970558
v -0.0223641 0.0022602 0.0081324 1.000000 1.000000 1.000000
vn -0.9716709 0.0014032 0.2363341
v -0.0221985 0.0000580 0.0097211 1.000000 1.000000 1.000000
vn -0.9674914 0.0907027 0.2360792
v -0.0220303 0.0021905 0.0099821 1.000000 1.000000 1.000000
vn -0.9621672 0.0003687 0.2724594
v -0.0218329 0.0000850 0.0114175 1.000000 1.000000 1.000000
vn -0.9573661 -0.0909053 0.2742013
v -0.0217364 -0.0019172 0.0114135 1.000000 1.000000 1.000000
vn -0.9681780 -0.0878482 0.2343376
v -0.0221072 -0.0018886 0.0097045 1.000000 1.000000 1.000000
vn -0.9424493 -0.1729687 0.2861315
v -0.0214258 -0.0038754 0.0115707 1.000000 1.000000 1.000000
vn -0.9422685 -0.0959202 0.3208264
v -0.0213155 -0.0019587 0.0130720 1.000000 1.000000 1.000000
vn -0.9239220 -0.1770624 0.3391419
v -0.0208127 -0.0038965 0.0137928 1.000000 1.000000 1.000000
vn -0.9285219 -0.0954320 0.3588033
v -0.0209041 -0.0020004 0.0144323 1.000000 1.000000 1.000000
vn -0.9315265 -0.0051374 0.3636370
v -0.0211208 0.0000476 0.0141032 1.000000 1.000000 1.000000
vn -0.9172402 0.0001849 0.3983346
v -0.0206050 0.0000988 0.0156654 1.000000 1.000000 1.000000
vn -0.9140295 0.0886967 0.3958321
v -0.0205268 0.0021628 0.0156154 1.000000 1.000000 1.000000
vn -0.9368749 0.0889456 0.3381628
v -0.0211427 0.0021056 0.0137131 1.000000 1.000000 1.000000
vn -0.9015566 0.1660804 0.3995162
v -0.0202526 0.0038304 0.0157196 1.000000 1.000000 1.000000
vn -0.8710802 0.1603381 0.4642318
v -0.0194897 0.0036318 0.0177565 1.000000 1.000000 1.000000
vn -0.8514820 0.2334509 0.4695520
v -0.0191267 0.0050010 0.0178838 1.000000 1.000000 1.000000
vn -0.8411980 0.1680379 0.5139545
v -0.0187430 0.0035553 0.0193444 1.000000 1.000000 1.000000
vn -0.8838986 0.2383626 0.4023762
v -0.0199477 0.0051383 0.0157352 1.000000 1.000000 1.000000
vn -0.8315611 0.3021250 0.4660758
v -0.0186503 0.0066026 0.0177892 1.000000 1.000000 1.000000
vn -0.8638899 0.3035990 0.4018978
v -0.0195068 0.0066341 0.0156734 1.000000 1.000000 1.000000
vn -0.8847244 0.2876838 0.3667434
v -0.0201875 0.0067166 0.0136081 1.000000 1.000000 1.000000
vn -0.9128295 0.2297322 0.3375879
v -0.0206519 0.0050830 0.0136689 1.000000 1.000000 1.000000
vn -0.8381773 0.3726334 0.3982503
v -0.0189709 0.0081603 0.0154968 1.000000 1.000000 1.000000
vn -0.8944447 0.0126827 0.4469987
v -0.0198244 0.0000329 0.0177439 1.000000 1.000000 1.000000
vn -0.8192333 0.2270518 0.5265970
v -0.0184054 0.0050031 0.0193343 1.000000 1.000000 1.000000
vn -0.8831084 0.0844136 0.4615127
v -0.0197272 0.0020276 0.0177423 1.000000 1.000000 1.000000
vn -0.9197311 -0.0728141 0.3857366
v -0.0205268 -0.0018994 0.0156292 1.000000 1.000000 1.000000
vn -0.9555233 -0.1739883 0.2381250
v -0.0218375 -0.0040261 0.0096058 1.000000 1.000000 1.000000
vn -0.9264099 -0.2491097 0.2823280
v -0.0210937 -0.0057149 0.0112189 1.000000 1.000000 1.000000
vn -0.9371163 -0.2577213 0.2353567
v -0.0214044 -0.0059581 0.0095630 1.000000 1.000000 1.000000
vn -0.9184702 -0.3050754 0.2516775
v -0.0210579 -0.0071293 0.0094642 1.000000 1.000000 1.000000
vn -0.9061189 -0.3132538 0.2842899
v -0.0205267 -0.0073327 0.0114550 1.000000 1.000000 1.000000
vn -0.9036191 -0.2688572 0.3334492
v -0.0202889 -0.0061754 0.0136727 1.000000 1.000000 1.000000
vn -0.8894505 -0.3134041 0.3326496
v -0.0199642 -0.0071666 0.0136975 1.000000 1.000000 1.000000
vn -0.8677108 -0.3744662 0.3268839
v -0.0195219 -0.0084755 0.0134995 1.000000 1.000000 1.000000
vn -0.9468708 0.0000594 0.3216143
v -0.0213982 0.0001106 0.0131933 1.000000 1.000000 1.000000
vn -0.9153900 -0.2284570 0.3314641
v -0.0205806 -0.0052886 0.0135074 1.000000 1.000000 1.000000
vn -0.9677645 0.1487397 0.2032446
v -0.0221677 0.0035339 0.0083277 1.000000 1.000000 1.000000
vn -0.9578717 0.1562770 0.2409549
v -0.0215762 0.0037505 0.0111596 1.000000 1.000000 1.000000
vn -0.8863212 -0.3578310 0.2939245
v -0.0200868 -0.0084883 0.0114949 1.000000 1.000000 1.000000
vn -0.8731884 -0.3024529 0.3821836
v -0.0194345 -0.0069264 0.0155763 1.000000 1.000000 1.000000
vn -0.9552464 0.2145554 0.2036424
v -0.0218829 0.0050979 0.0083567 1.000000 1.000000 1.000000
vn -0.9466094 0.2181786 0.2373368
v -0.0215335 0.0051557 0.0101007 1.000000 1.000000 1.000000
vn -0.9391891 0.2778192 0.2018422
v -0.0215326 0.0063678 0.0083701 1.000000 1.000000 1.000000
vn -0.9626073 0.2149973 0.1648133
v -0.0221724 0.0051174 0.0064367 1.000000 1.000000 1.000000
vn -0.9195375 0.2982435 0.2559330
v -0.0209634 0.0065785 0.0109346 1.000000 1.000000 1.000000
vn -0.9236162 0.3242391 0.2044555
v -0.0211808 0.0073941 0.0085323 1.000000 1.000000 1.000000
vn -0.9289418 0.3362468 0.1549365
v -0.0214065 0.0075914 0.0066149 1.000000 1.000000 1.000000
vn -0.8972912 0.3938547 0.1993662
v -0.0206085 0.0089493 0.0083563 1.000000 1.000000 1.000000
vn -0.9067604 0.3949675 0.1476018
v -0.0208889 0.0089673 0.0064998 1.000000 1.000000 1.000000
vn -0.9308019 0.3436148 0.1246471
v -0.0216207 0.0076147 0.0045927 1.000000 1.000000 1.000000
vn -0.8790688 0.4480859 0.1626563
v -0.0202512 0.0102782 0.0064945 1.000000 1.000000 1.000000
vn -0.8701106 0.4502156 0.2005327
v -0.0199559 0.0102126 0.0085260 1.000000 1.000000 1.000000
vn -0.8790025 0.3988519 0.2612886
v -0.0200995 0.0089888 0.0107225 1.000000 1.000000 1.000000
vn -0.8534280 0.4489610 0.2647542
v -0.0195329 0.0101659 0.0106332 1.000000 1.000000 1.000000
vn -0.8279625 0.4968882 0.2599620
v -0.0189898 0.0112579 0.0104135 1.000000 1.000000 1.000000
vn -0.8033483 0.5125248 0.3032322
v -0.0184274 0.0114611 0.0119310 1.000000 1.000000 1.000000
vn -0.7927963 0.5538796 0.2543452
v -0.0183573 0.0122159 0.0103666 1.000000 1.000000 1.000000
vn -0.7681351 0.5856402 0.2588322
v -0.0176841 0.0130969 0.0105295 1.000000 1.000000 1.000000
vn -0.7748667 0.5994824 0.2005055
v -0.0179273 0.0135126 0.0081952 1.000000 1.000000 1.000000
vn -0.7328207 0.6392406 0.2331209
v -0.0164695 0.0146354 0.0103279 1.000000 1.000000 1.000000
vn -0.7356122 0.6499647 0.1908422
v -0.0168041 0.0148922 0.0080182 1.000000 1.000000 1.000000
vn -0.7053135 0.6852849 0.1814319
v -0.0160735 0.0157756 0.0076346 1.000000 1.000000 1.000000
vn -0.7093621 0.6939778 0.1232894
v -0.0162060 0.0160573 0.0053469 1.000000 1.000000 1.000000
vn -0.6654429 0.7238627 0.1822320
v -0.0148821 0.0168655 0.0079044 1.000000 1.000000 1.000000
vn -0.6515296 0.7490047 0.1204206
v -0.0147621 0.0174125 0.0053494 1.000000 1.000000 1.000000
vn -0.7093710 0.7012120 0.0713773
v -0.0162729 0.0162372 0.0030193 1.000000 1.000000 1.000000
vn -0.7600837 0.6477322 0.0521133
v -0.0175618 0.0148642 0.0025825 1.000000 1.000000 1.000000
vn -0.7092977 0.7044299 0.0259900
v -0.0162700 0.0163138 0.0016935 1.000000 1.000000 1.000000
vn -0.7473233 0.6643869 -0.0098911
v -0.0175762 0.0148958 0.0000085 1.000000 1.000000 1.000000
vn -0.7142864 0.6996064 -0.0185997
v -0.0163692 0.0162224 0.0000020 1.000000 1.000000 1.000000
vn -0.7102962 0.7021119 -0.0501827
v -0.0163704 0.0161249 -0.0019751 1.000000 1.000000 1.000000
vn -0.6832402 0.7300681 -0.0135443
v -0.0150360 0.0174851 0.0000486 1.000000 1.000000 1.000000
vn -0.6401489 0.7517980 0.1581430
v -0.0145269 0.0173968 0.0066994 1.000000 1.000000 1.000000
vn -0.5946303 0.7949299 0.1204212
v -0.0135794 0.0183651 0.0053160 1.000000 1.000000 1.000000
vn -0.5913268 0.7903293 0.1603507
v -0.0135054 0.0181937 0.0068408 1.000000 1.000000 1.000000
vn -0.5633872 0.8181437 0.1150464
v -0.0121855 0.0193404 0.0052759 1.000000 1.000000 1.000000
vn -0.5540625 0.8167871 0.1608529
v -0.0119870 0.0193064 0.0064781 1.000000 1.000000 1.000000
vn -0.5496045 0.8109232 0.2008447
v -0.0124184 0.0187132 0.0082590 1.000000 1.000000 1.000000
vn -0.5214044 0.8277254 0.2073843
v -0.0109853 0.0195838 0.0084176 1.000000 1.000000 1.000000
vn -0.5111387 0.8239030 0.2447880
v -0.0108996 0.0192759 0.0100909 1.000000 1.000000 1.000000
vn -0.5329096 0.8033907 0.2656519
v -0.0119434 0.0184757 0.0107201 1.000000 1.000000 1.000000
vn -0.4955826 0.8184224 0.2908311
v -0.0105802 0.0191481 0.0112519 1.000000 1.000000 1.000000
vn -0.4983398 0.7993600 0.3356799
v -0.0107973 0.0184695 0.0130958 1.000000 1.000000 1.000000
vn -0.5366541 0.7715013 0.3417428
v -0.0119548 0.0176380 0.0133561 1.000000 1.000000 1.000000
vn -0.5767368 0.7623795 0.2935167
v -0.0129245 0.0175638 0.0114415 1.000000 1.000000 1.000000
vn -0.5769935 0.7358311 0.3544448
v -0.0128793 0.0167461 0.0138903 1.000000 1.000000 1.000000
vn -0.6251868 0.7262180 0.2859178
v -0.0138948 0.0167344 0.0115790 1.000000 1.000000 1.000000
vn -0.6198769 0.6974210 0.3596620
v -0.0137568 0.0158949 0.0141957 1.000000 1.000000 1.000000
vn -0.5769671 0.7038847 0.4143132
v -0.0126723 0.0159351 0.0161737 1.000000 1.000000 1.000000
vn -0.5326875 0.7249786 0.4366350
v -0.0121014 0.0162008 0.0165505 1.000000 1.000000 1.000000
vn -0.5851340 0.6627296 0.4673412
v -0.0128449 0.0147683 0.0180653 1.000000 1.000000 1.000000
vn -0.5445931 0.6679055 0.5072678
v -0.0121869 0.0148582 0.0189000 1.000000 1.000000 1.000000
vn -0.4931362 0.7121027 0.4997266
v -0.0109809 0.0158262 0.0187409 1.000000 1.000000 1.000000
vn -0.4681498 0.7338793 0.4921960
v -0.0101119 0.0164261 0.0187010 1.000000 1.000000 1.000000
vn -0.6220018 0.6175808 0.4813603
v -0.0138626 0.0136879 0.0182923 1.000000 1.000000 1.000000
vn -0.5848703 0.6010143 0.5447097
v -0.0130748 0.0132191 0.0201314 1.000000 1.000000 1.000000
vn -0.5147430 0.6328639 0.5783795
v -0.0113592 0.0140239 0.0211150 1.000000 1.000000 1.000000
vn -0.5559092 0.5661011 0.6086826
v -0.0123662 0.0123075 0.0221418 1.000000 1.000000 1.000000
vn -0.6244655 0.5511800 0.5533927
v -0.0138748 0.0121740 0.0203877 1.000000 1.000000 1.000000
vn -0.6406222 0.4982386 0.5842615
v -0.0141952 0.0109417 0.0213787 1.000000 1.000000 1.000000
vn -0.5878656 0.5055083 0.6315658
v -0.0129541 0.0110767 0.0227834 1.000000 1.000000 1.000000
vn -0.5461863 0.5120170 0.6629624
v -0.0120942 0.0111546 0.0236129 1.000000 1.000000 1.000000
vn -0.6022391 0.4705489 0.6448967
v -0.0132921 0.0096931 0.0236544 1.000000 1.000000 1.000000
vn -0.6814924 0.5040225 0.5305935
v -0.0155670 0.0108927 0.0193809 1.000000 1.000000 1.000000
vn -0.5226519 0.5524984 0.6492923
v -0.0107554 0.0121988 0.0238734 1.000000 1.000000 1.000000
vn -0.5076159 0.5924627 0.6255511
v -0.0106593 0.0128437 0.0232629 1.000000 1.000000 1.000000
vn -0.6505760 0.5674409 0.5047393
v -0.0147416 0.0124642 0.0187197 1.000000 1.000000 1.000000
vn -0.4653866 0.6895905 0.5548698
v -0.0102441 0.0151319 0.0206982 1.000000 1.000000 1.000000
vn -0.4796560 0.7571395 0.4434748
v -0.0105288 0.0172121 0.0166239 1.000000 1.000000 1.000000
vn -0.4443573 0.7643687 0.4672120
v -0.0089429 0.0175095 0.0178853 1.000000 1.000000 1.000000
vn -0.6206238 0.6545826 0.4316801
v -0.0140759 0.0145407 0.0164715 1.000000 1.000000 1.000000
vn -0.6469446 0.6982872 0.3063620
v -0.0146454 0.0159230 0.0120262 1.000000 1.000000 1.000000
vn -0.5011397 0.7717507 0.3914842
v -0.0112290 0.0175128 0.0149327 1.000000 1.000000 1.000000
vn -0.6610866 0.6777251 0.3219525
v -0.0155482 0.0148549 0.0125158 1.000000 1.000000 1.000000
vn -0.5901602 0.7665527 0.2531953
v -0.0135095 0.0175123 0.0100507 1.000000 1.000000 1.000000
vn -0.7463756 0.6538579 0.1240695
v -0.0174331 0.0147127 0.0052127 1.000000 1.000000 1.000000
vn -0.5920320 0.8027891 0.0709073
v -0.0136701 0.0185134 0.0031111 1.000000 1.000000 1.000000
vn -0.5522850 0.8322384 0.0485867
v -0.0120014 0.0196538 0.0026546 1.000000 1.000000 1.000000
vn -0.6778948 0.6937600 0.2432197
v -0.0153821 0.0158223 0.0101881 1.000000 1.000000 1.000000
vn -0.5736799 0.8184422 0.0323071
v -0.0136895 0.0185519 0.0019944 1.000000 1.000000 1.000000
vn -0.5584147 0.8294188 -0.0154089
v -0.0122538 0.0195432 -0.0000382 1.000000 1.000000 1.000000
vn -0.5643405 0.8253303 -0.0187021
v -0.0138386 0.0184612 -0.0000144 1.000000 1.000000 1.000000
vn -0.5558883 0.8299778 -0.0461001
v -0.0127494 0.0191019 -0.0025227 1.000000 1.000000 1.000000
vn -0.5450516 0.8369530 -0.0492792
v -0.0118989 0.0196434 -0.0027827 1.000000 1.000000 1.000000
vn -0.5666952 0.8227317 -0.0443725
v -0.0136931 0.0184591 -0.0023579 1.000000 1.000000 1.000000
vn -0.7574174 0.5793110 0.3011937
v -0.0170302 0.0133269 0.0121058 1.000000 1.000000 1.000000
vn -0.8371845 0.4540998 0.3048204
v -0.0190445 0.0097102 0.0131731 1.000000 1.000000 1.000000
vn -0.8320931 0.5160859 0.2031665
v -0.0191716 0.0116450 0.0085592 1.000000 1.000000 1.000000
vn -0.9015951 0.3420535 0.2648126
v -0.0205546 0.0078198 0.0107935 1.000000 1.000000 1.000000
vn -0.9765192 0.1500105 0.1546196
v -0.0223846 0.0038261 0.0065316 1.000000 1.000000 1.000000
vn -0.9439799 0.2892976 0.1587731
v -0.0217640 0.0065689 0.0065332 1.000000 1.000000 1.000000
vn -0.5452881 0.6234784 -0.5602995
v -0.0120388 0.0138907 -0.0195804 1.000000 1.000000 1.000000
vn -0.6613355 0.7364233 -0.1425348
v -0.0150865 0.0169765 -0.0050216 1.000000 1.000000 1.000000
vn -0.7660101 0.1049108 -0.6342100
v -0.0168861 0.0023924 -0.0216266 1.000000 1.000000 1.000000
vn -0.9545726 -0.1815491 -0.2362860
v -0.0217318 -0.0041138 -0.0088646 1.000000 1.000000 1.000000
vn -0.9970989 0.0639368 0.0413020
v -0.0229512 0.0015989 0.0023726 1.000000 1.000000 1.000000
vn -0.6741279 -0.5671211 -0.4732074
v -0.0148271 -0.0124535 -0.0175448 1.000000 1.000000 1.000000
vn -0.7020682 -0.6095120 -0.3682330
v -0.0150133 -0.0143013 -0.0140614 1.000000 1.000000 1.000000
vn -0.7210648 -0.6162676 -0.3166699
v -0.0156833 -0.0147867 -0.0113038 1.000000 1.000000 1.000000
vn -0.9772347 -0.0877612 0.1931589
v -0.0223819 -0.0019384 0.0080998 1.000000 1.000000 1.000000
vn -0.8056107 0.5908951 -0.0428292
v -0.0185032 0.0136054 -0.0019817 1.000000 1.000000 1.000000
vn -0.8465891 -0.3774872 0.3752205
v -0.0188808 -0.0085249 0.0153756 1.000000 1.000000 1.000000
vn -0.8393124 -0.3125393 0.4448301
v -0.0186628 -0.0071135 0.0174217 1.000000 1.000000 1.000000
vn -0.8240008 -0.3833952 0.4171701
v -0.0184257 -0.0085877 0.0164611 1.000000 1.000000 1.000000
vn -0.8146525 -0.4240661 0.3956125
v -0.0180068 -0.0099510 0.0157936 1.000000 1.000000 1.000000
vn -0.8603002 -0.2374990 0.4510852
v -0.0191414 -0.0053440 0.0176359 1.000000 1.000000 1.000000
vn -0.8225192 -0.2213729 0.5238857
v -0.0183920 -0.0050771 0.0193784 1.000000 1.000000 1.000000
vn -0.8041142 -0.3141020 0.5047179
v -0.0179321 -0.0072550 0.0188592 1.000000 1.000000 1.000000
vn -0.7662292 -0.3004019 0.5680243
v -0.0171184 -0.0069832 0.0205320 1.000000 1.000000 1.000000
vn -0.7887982 -0.2180018 0.5746935
v -0.0176626 -0.0050328 0.0207060 1.000000 1.000000 1.000000
vn -0.7513928 -0.2964584 0.5895094
v -0.0165632 -0.0068314 0.0214795 1.000000 1.000000 1.000000
vn -0.7374754 -0.2833316 0.6130688
v -0.0159499 -0.0068102 0.0224759 1.000000 1.000000 1.000000
vn -0.8337356 -0.1363280 0.5350696
v -0.0186026 -0.0029845 0.0198049 1.000000 1.000000 1.000000
vn -0.8024029 -0.1329958 0.5817746
v -0.0179979 -0.0028682 0.0209468 1.000000 1.000000 1.000000
vn -0.8066860 -0.0649889 0.5873960
v -0.0180975 -0.0013894 0.0210789 1.000000 1.000000 1.000000
vn -0.8430945 -0.0771325 0.5322050
v -0.0189815 -0.0014895 0.0194075 1.000000 1.000000 1.000000
vn -0.8124225 0.0053992 0.5830442
v -0.0182198 0.0000534 0.0209817 1.000000 1.000000 1.000000
vn -0.7517745 0.0094060 0.6593531
v -0.0169235 0.0000975 0.0230020 1.000000 1.000000 1.000000
vn -0.7930647 0.0802059 0.6038339
v -0.0180660 0.0021459 0.0210245 1.000000 1.000000 1.000000
vn -0.7432640 0.0958368 0.6620982
v -0.0167435 0.0020669 0.0230458 1.000000 1.000000 1.000000
vn -0.7212293 0.0109801 0.6926095
v -0.0153363 0.0000348 0.0250317 1.000000 1.000000 1.000000
vn -0.6989414 0.1014466 0.7079474
v -0.0152324 0.0018833 0.0249977 1.000000 1.000000 1.000000
vn -0.7507758 -0.0589867 0.6579181
v -0.0168481 -0.0013676 0.0230062 1.000000 1.000000 1.000000
vn -0.6798359 0.1629095 0.7150412
v -0.0149431 0.0037083 0.0249345 1.000000 1.000000 1.000000
vn -0.6602281 0.1278514 0.7401032
v -0.0137127 0.0020505 0.0266431 1.000000 1.000000 1.000000
vn -0.7319685 0.1681492 0.6602637
v -0.0164287 0.0038411 0.0230307 1.000000 1.000000 1.000000
vn -0.6679977 0.2397609 0.7044814
v -0.0147013 0.0054000 0.0246349 1.000000 1.000000 1.000000
vn -0.7645094 0.1606955 0.6242614
v -0.0178328 0.0036050 0.0209891 1.000000 1.000000 1.000000
vn -0.7203541 0.2403530 0.6506308
v -0.0161296 0.0053803 0.0228589 1.000000 1.000000 1.000000
vn -0.6513904 0.3186023 0.6886095
v -0.0143277 0.0071595 0.0242007 1.000000 1.000000 1.000000
vn -0.6255783 0.3267628 0.7084334
v -0.0129467 0.0073077 0.0256323 1.000000 1.000000 1.000000
vn -0.6408879 0.3689055 0.6731802
v -0.0140016 0.0085673 0.0236554 1.000000 1.000000 1.000000
vn -0.6087864 0.3773116 0.6978646
v -0.0123364 0.0091551 0.0250565 1.000000 1.000000 1.000000
vn -0.6860816 0.3403326 0.6430131
v -0.0155317 0.0075712 0.0224308 1.000000 1.000000 1.000000
vn -0.6457279 0.2377037 0.7256256
v -0.0131593 0.0053289 0.0263577 1.000000 1.000000 1.000000
vn -0.7118215 0.2962858 0.6368084
v -0.0158557 0.0066523 0.0225572 1.000000 1.000000 1.000000
vn -0.8639799 -0.1354421 0.4849682
v -0.0195222 -0.0029473 0.0179199 1.000000 1.000000 1.000000
vn -0.6559344 0.1658731 0.7363669
v -0.0134601 0.0037574 0.0265516 1.000000 1.000000 1.000000
vn -0.7315463 -0.3585777 0.5798811
v -0.0154236 -0.0083978 0.0221565 1.000000 1.000000 1.000000
vn -0.7416756 -0.3765329 0.5551038
v -0.0165835 -0.0085028 0.0202850 1.000000 1.000000 1.000000
vn -0.7399472 -0.2065283 0.6401752
v -0.0164208 -0.0047858 0.0228032 1.000000 1.000000 1.000000
vn -0.8707966 -0.1772204 0.4585917
v -0.0194027 -0.0039575 0.0177741 1.000000 1.000000 1.000000
vn -0.6601520 0.6273129 -0.4131318
v -0.0144379 0.0140559 -0.0156943 1.000000 1.000000 1.000000
vn -0.7333072 0.5688251 -0.3724228
v -0.0164815 0.0130195 -0.0132299 1.000000 1.000000 1.000000
vn -0.8249981 -0.0955783 -0.5569946
v -0.0180790 -0.0021571 -0.0197082 1.000000 1.000000 1.000000
vn -0.8402625 -0.4389642 0.3182286
v -0.0187497 -0.0100583 0.0135191 1.000000 1.000000 1.000000
vn -0.3521249 -0.1742167 -0.9195959
v -0.0130844 -0.0019538 -0.0262659 1.000000 1.000000 1.000000
vn -0.7661537 -0.1504874 -0.6247896
v -0.0129147 -0.0019592 -0.0263023 1.000000 1.000000 1.000000
vn -0.6846685 0.7251436 -0.0734570
v -0.0149902 0.0174262 -0.0019986 1.000000 1.000000 1.000000
vn -0.5343284 0.7552406 -0.3796113
v -0.0119142 0.0169653 -0.0141213 1.000000 1.000000 1.000000
vn -0.6566254 0.7510946 0.0685563
v -0.0148084 0.0176180 0.0028410 1.000000 1.000000 1.000000
vn -0.7055305 -0.3666800 -0.6064426
v -0.0153592 -0.0083146 -0.0210324 1.000000 1.000000 1.000000
vn -0.9084688 0.4058399 0.0998923
v -0.0210304 0.0091233 0.0045590 1.000000 1.000000 1.000000
vn -0.8842891 -0.0698923 0.4616794
v -0.0197091 -0.0016691 0.0178218 1.000000 1.000000 1.000000
vn -0.8095412 0.3688935 0.4566844
v -0.0181972 0.0078655 0.0176476 1.000000 1.000000 1.000000
vn -0.7862437 0.3582098 0.5034945
v -0.0177603 0.0077423 0.0186500 1.000000 1.000000 1.000000
vn -0.7906082 0.4282807 0.4376236
v -0.0177793 0.0093686 0.0168905 1.000000 1.000000 1.000000
vn -0.7711382 0.4199837 0.4784972
v -0.0169438 0.0094394 0.0185598 1.000000 1.000000 1.000000
vn -0.8106365 0.4295292 0.3979613
v -0.0184221 0.0093914 0.0153250 1.000000 1.000000 1.000000
vn -0.8628862 0.3624772 0.3521900
v -0.0194383 0.0085602 0.0136664 1.000000 1.000000 1.000000
vn -0.7983993 0.4540138 0.3955124
v -0.0178002 0.0105364 0.0152768 1.000000 1.000000 1.000000
vn -0.8040681 0.4652131 0.3702044
v -0.0186510 0.0102847 0.0133859 1.000000 1.000000 1.000000
vn -0.7637157 0.5501317 0.3377771
v -0.0174487 0.0122367 0.0132819 1.000000 1.000000 1.000000
vn -0.7196835 0.5871282 0.3705889
v -0.0162699 0.0132879 0.0142073 1.000000 1.000000 1.000000
vn -0.7370183 0.5630891 0.3738109
v -0.0168786 0.0123272 0.0145989 1.000000 1.000000 1.000000
vn -0.7241278 0.5562384 0.4077227
v -0.0159389 0.0123751 0.0166599 1.000000 1.000000 1.000000
vn -0.6994060 0.5978654 0.3916481
v -0.0154397 0.0139963 0.0147052 1.000000 1.000000 1.000000
vn -0.9262423 0.1570371 0.3426581
v -0.0209549 0.0036691 0.0136292 1.000000 1.000000 1.000000
vn -0.6658482 0.4375193 0.6043369
v -0.0150003 0.0093048 0.0218526 1.000000 1.000000 1.000000
vn -0.7991485 0.4942554 0.3421597
v -0.0181764 0.0111309 0.0133218 1.000000 1.000000 1.000000
vn -0.7321956 0.6140164 -0.2947435
v -0.0165624 0.0137125 -0.0114639 1.000000 1.000000 1.000000
vn -0.7721407 -0.6145546 -0.1616209
v -0.0175134 -0.0143663 -0.0051860 1.000000 1.000000 1.000000
vn -0.8552867 0.1227223 -0.5034122
v -0.0189583 0.0024979 -0.0179856 1.000000 1.000000 1.000000
vn -0.9396536 -0.2809999 -0.1951674
v -0.0210872 -0.0073235 -0.0078299 1.000000 1.000000 1.000000
vn -0.6608298 0.3000124 -0.6879655
v -0.0139663 0.0065192 -0.0239389 1.000000 1.000000 1.000000
vn -0.6584908 0.3601344 -0.6608276
v -0.0135440 0.0077648 -0.0236862 1.000000 1.000000 1.000000
vn -0.6682584 0.2676454 -0.6941158
v -0.0142006 0.0056744 -0.0240919 1.000000 1.000000 1.000000
vn -0.8677310 -0.4623789 0.1823426
v -0.0200838 -0.0104100 0.0072703 1.000000 1.000000 1.000000
vn -0.8499584 -0.4992654 0.1682401
v -0.0192566 -0.0119867 0.0066726 1.000000 1.000000 1.000000
vn -0.8388388 -0.4996869 0.2160152
v -0.0188432 -0.0120706 0.0086375 1.000000 1.000000 1.000000
vn -0.8551726 -0.4701985 0.2181585
v -0.0196609 -0.0104409 0.0093420 1.000000 1.000000 1.000000
vn -0.5379041 0.5101767 0.6711028
v -0.0114363 0.0108699 0.0245311 1.000000 1.000000 1.000000
vn -0.7262977 -0.4176529 0.5459467
v -0.0160143 -0.0099541 0.0198492 1.000000 1.000000 1.000000
vn -0.9536023 -0.2356388 0.1873955
v -0.0217513 -0.0056880 0.0080338 1.000000 1.000000 1.000000
vn -0.8029792 0.5394046 -0.2535094
v -0.0184402 0.0120054 -0.0092820 1.000000 1.000000 1.000000
vn -0.6205845 0.4133118 -0.6663694
v -0.0132921 0.0090347 -0.0230889 1.000000 1.000000 1.000000
vn -0.5589861 0.8082071 -0.1852994
v -0.0126039 0.0185662 -0.0070268 1.000000 1.000000 1.000000
vn -0.9444656 0.2351670 -0.2295241
v -0.0216485 0.0052558 -0.0083571 1.000000 1.000000 1.000000
vn -0.9496104 0.2461880 -0.1939884
v -0.0219367 0.0052252 -0.0067032 1.000000 1.000000 1.000000
vn -0.6689199 0.1116304 -0.7349048
v -0.0143876 0.0026747 -0.0248359 1.000000 1.000000 1.000000
vn -0.8018856 0.5953066 0.0508870
v -0.0185050 0.0136717 0.0027900 1.000000 1.000000 1.000000
vn -0.7987052 0.2981566 0.5226593
v -0.0179435 0.0065896 0.0191951 1.000000 1.000000 1.000000
vn -0.7576519 0.6494963 -0.0641748
v -0.0175073 0.0148695 -0.0019968 1.000000 1.000000 1.000000
vn -0.6455305 0.6730202 0.3610184
v -0.0147017 0.0148922 0.0144176 1.000000 1.000000 1.000000
vn -0.9378544 -0.0975039 -0.3330499
v -0.0210460 -0.0023335 -0.0127178 1.000000 1.000000 1.000000
vn -0.9853197 0.1547692 0.0720522
v -0.0226650 0.0039446 0.0031818 1.000000 1.000000 1.000000
vn -0.9739063 0.2112717 0.0828910
v -0.0223362 0.0051382 0.0049198 1.000000 1.000000 1.000000
vn -0.9004102 -0.3646457 0.2372658
v -0.0205786 -0.0085185 0.0093842 1.000000 1.000000 1.000000
vn -0.9600456 0.1704029 -0.2219803
v -0.0219012 0.0039284 -0.0083980 1.000000 1.000000 1.000000
vn -0.4832868 0.6233693 0.6146906
v -0.0099281 0.0137176 0.0228875 1.000000 1.000000 1.000000
vn -0.7879387 -0.3945575 0.4727335
v -0.0174074 -0.0090439 0.0183213 1.000000 1.000000 1.000000
vn -0.8580914 -0.5009772 0.1126992
v -0.0194297 -0.0119908 0.0054029 1.000000 1.000000 1.000000
vn -0.7770017 0.6057137 0.1714040
v -0.0182243 0.0135260 0.0065208 1.000000 1.000000 1.000000
vn -0.6665925 0.7368987 -0.1124049
v -0.0148787 0.0174079 -0.0030958 1.000000 1.000000 1.000000
vn -0.8493524 0.0179488 0.5275211
v -0.0190868 0.0000599 0.0193264 1.000000 1.000000 1.000000
vn -0.7237223 -0.0393456 0.6889688
v -0.0152843 -0.0012481 0.0250426 1.000000 1.000000 1.000000
vn -0.6168897 -0.5058959 -0.6029232
v -0.0133730 -0.0113457 -0.0210333 1.000000 1.000000 1.000000
vn -0.5847543 -0.5077986 -0.6326160
v -0.0123405 -0.0114276 -0.0221462 1.000000 1.000000 1.000000
vn -0.5726454 -0.5488721 -0.6089473
v -0.0125974 -0.0122601 -0.0209901 1.000000 1.000000 1.000000
vn -0.5737793 -0.5677640 -0.5902723
v -0.0121448 -0.0128073 -0.0208834 1.000000 1.000000 1.000000
vn -0.9628722 -0.2616130 -0.0666013
v -0.0222101 -0.0056804 -0.0021875 1.000000 1.000000 1.000000
vn -0.6993907 -0.2482383 0.6702465
v -0.0151165 -0.0068335 0.0235471 1.000000 1.000000 1.000000
vn -0.7044957 -0.1989943 0.6812394
v -0.0149033 -0.0048137 0.0247305 1.000000 1.000000 1.000000
vn -0.7100818 -0.1615871 0.6853272
v -0.0151831 -0.0029510 0.0249205 1.000000 1.000000 1.000000
vn -0.8388031 -0.4527082 0.3024316
v -0.0193175 -0.0101430 0.0114184 1.000000 1.000000 1.000000
vn -0.7595963 0.4858398 0.4324039
v -0.0171042 0.0108708 0.0164439 1.000000 1.000000 1.000000
vn -0.8255487 -0.4942584 0.2723565
v -0.0184389 -0.0118615 0.0108961 1.000000 1.000000 1.000000
vn -0.5113593 0.7632602 -0.3948993
v -0.0112028 0.0171752 -0.0147574 1.000000 1.000000 1.000000
vn -0.7628393 -0.6142257 -0.2019975
v -0.0166638 -0.0148541 -0.0076295 1.000000 1.000000 1.000000
vn -0.7928391 0.3801267 -0.4763508
v -0.0176581 0.0086098 -0.0168072 1.000000 1.000000 1.000000
vn -0.4391696 0.7092512 0.5514462
v -0.0091031 0.0157594 0.0208238 1.000000 1.000000 1.000000
vn -0.6234825 -0.5818036 -0.5222780
v -0.0131747 -0.0133724 -0.0188588 1.000000 1.000000 1.000000
vn -0.7509533 -0.1279841 0.6478343
v -0.0166824 -0.0029494 0.0229958 1.000000 1.000000 1.000000
vn -0.7498243 -0.6157430 -0.2421241
v -0.0163397 -0.0148198 -0.0090700 1.000000 1.000000 1.000000
vn -0.5935180 0.7809822 0.1944309
v -0.0136998 0.0177912 0.0082189 1.000000 1.000000 1.000000
vn -0.5610828 0.8091999 -0.1743035
v -0.0127339 0.0187885 -0.0052357 1.000000 1.000000 1.000000
vn -0.5442340 0.8201400 -0.1765776
v -0.0116677 0.0195023 -0.0052214 1.000000 1.000000 1.000000
vn -0.8383712 0.5227228 0.1545788
v -0.0193949 0.0118963 0.0063652 1.000000 1.000000 1.000000
vn -0.9844884 -0.1628843 -0.0652031
v -0.0225467 -0.0041285 -0.0021756 1.000000 1.000000 1.000000
vn -0.8829275 -0.1740193 -0.4360692
v -0.0201174 -0.0040353 -0.0147556 1.000000 1.000000 1.000000
vn -0.5676023 -0.2845995 -0.7725483
v -0.0129372 -0.0016602 -0.0264798 1.000000 1.000000 1.000000
vn -0.6908690 -0.3046744 -0.6556475
v -0.0152568 -0.0067316 -0.0222360 1.000000 1.000000 1.000000
vn -0.6954808 0.6251996 -0.3541639
v -0.0154127 0.0141987 -0.0133395 1.000000 1.000000 1.000000
vn -0.6653641 -0.4726702 -0.5778179
v -0.0143535 -0.0112004 -0.0198821 1.000000 1.000000 1.000000
vn -0.7842532 0.5417260 -0.3024566
v -0.0177194 0.0120947 -0.0116572 1.000000 1.000000 1.000000
vn -0.9511145 0.2900586 0.1060535
v -0.0219640 0.0065574 0.0048048 1.000000 1.000000 1.000000
vn -0.7617422 -0.6243311 -0.1730882
v -0.0169509 -0.0150626 -0.0051406 1.000000 1.000000 1.000000
vn -0.7642294 0.2227583 0.6052538
v -0.0175490 0.0051130 0.0208501 1.000000 1.000000 1.000000
vn -0.7545680 -0.5906274 -0.2859833
v -0.0170637 -0.0134225 -0.0106406 1.000000 1.000000 1.000000
vn -0.8652583 -0.4950958 0.0787921
v -0.0197128 -0.0118243 0.0028560 1.000000 1.000000 1.000000
vn -0.6776386 0.6029194 0.4210630
v -0.0152334 0.0132478 0.0165650 1.000000 1.000000 1.000000
vn -0.7739236 0.3547285 0.5246045
v -0.0167479 0.0077591 0.0204766 1.000000 1.000000 1.000000
vn -0.9361010 0.2232750 0.2717780
v -0.0212592 0.0051383 0.0113696 1.000000 1.000000 1.000000
vn -0.9598097 0.0806498 0.2688142
v -0.0217448 0.0021619 0.0113706 1.000000 1.000000 1.000000
vn -0.7108066 -0.1937308 -0.6761823
v -0.0156349 -0.0039258 -0.0229847 1.000000 1.000000 1.000000
vn -0.4650712 0.7938724 0.3917594
v -0.0098641 0.0183154 0.0149251 1.000000 1.000000 1.000000
vn -0.8743509 0.3236231 0.3616332
v -0.0201589 0.0068581 0.0135556 1.000000 1.000000 1.000000
vn -0.8884673 -0.2404617 -0.3909017
v -0.0199362 -0.0052875 -0.0143935 1.000000 1.000000 1.000000
vn -0.7804503 -0.4541580 0.4296950
v -0.0168921 -0.0102714 0.0178751 1.000000 1.000000 1.000000
vn -0.9835240 0.1433787 0.1101048
v -0.0225475 0.0037980 0.0050859 1.000000 1.000000 1.000000
vn -0.8914374 -0.2368498 0.3863181
v -0.0198409 -0.0054247 0.0157189 1.000000 1.000000 1.000000
vn -0.5753548 0.2743411 -0.7705218
v -0.0127454 0.0058720 -0.0255587 1.000000 1.000000 1.000000
vn -0.4710020 0.6562030 0.5895378
v -0.0101394 0.0146590 0.0214874 1.000000 1.000000 1.000000
vn -0.9068167 -0.1830028 0.3797283
v -0.0202619 -0.0038511 0.0155563 1.000000 1.000000 1.000000
vn -0.5396807 0.8188463 -0.1955390
v -0.0112605 0.0194652 -0.0069567 1.000000 1.000000 1.000000
vn -0.7350706 -0.6209242 -0.2722577
v -0.0160140 -0.0149383 -0.0098714 1.000000 1.000000 1.000000
vn -0.9434004 0.2999929 -0.1414213
v -0.0217550 0.0064583 -0.0054190 1.000000 1.000000 1.000000
vn -0.8130193 0.3438652 -0.4698472
v -0.0183596 0.0074865 -0.0163568 1.000000 1.000000 1.000000
vn -0.9999334 -0.0023582 -0.0112954
v -0.0230551 0.0001091 0.0003705 1.000000 1.000000 1.000000
vn -0.6455284 0.7181475 0.2599180
v -0.0146681 0.0165087 0.0101031 1.000000 1.000000 1.000000
vn -0.9649693 0.1696273 -0.2001524
v -0.0221500 0.0041644 -0.0066704 1.000000 1.000000 1.000000
vn -0.9514150 -0.0520502 -0.3034803
v -0.0217522 -0.0008625 -0.0104578 1.000000 1.000000 1.000000
vn -0.9583769 -0.2174691 -0.1849892
v -0.0219072 -0.0047098 -0.0072317 1.000000 1.000000 1.000000
vn -0.7666100 0.2975245 0.5690239
v -0.0171083 0.0066453 0.0206784 1.000000 1.000000 1.000000
vn -0.9667270 -0.1666109 0.1941125
v -0.0221170 -0.0038973 0.0081808 1.000000 1.000000 1.000000
vn -0.6927870 0.6066157 -0.3899534
v -0.0153459 0.0137809 -0.0143609 1.000000 1.000000 1.000000
vn -0.9920762 0.1013845 0.0742022
v -0.0228218 0.0027343 0.0033544 1.000000 1.000000 1.000000
vn -0.8733522 0.3813298 0.3030570
v -0.0198499 0.0087037 0.0121160 1.000000 1.000000 1.000000
vn -0.8519845 0.0735807 0.5183708
v -0.0189338 0.0020546 0.0194310 1.000000 1.000000 1.000000
vn -0.8246665 -0.4850209 0.2909981
v -0.0180316 -0.0114083 0.0132536 1.000000 1.000000 1.000000
vn -0.5521340 0.4562103 -0.6978684
v -0.0117767 0.0100413 -0.0239205 1.000000 1.000000 1.000000
vn -0.7324740 0.4993700 0.4627216
v -0.0161838 0.0109159 0.0182664 1.000000 1.000000 1.000000
vn -0.6684284 0.1873938 -0.7197827
v -0.0143544 0.0042372 -0.0244984 1.000000 1.000000 1.000000
vn -0.7485843 -0.4239302 -0.5098087
v -0.0163936 -0.0092201 -0.0187093 1.000000 1.000000 1.000000
vn -0.9421806 -0.3036706 -0.1417032
v -0.0214582 -0.0073382 -0.0052083 1.000000 1.000000 1.000000
vn -0.7373771 0.4153834 0.5326648
v -0.0164031 0.0092350 0.0197574 1.000000 1.000000 1.000000
vn -0.9528449 -0.2703997 -0.1377343
v -0.0219108 -0.0058725 -0.0051341 1.000000 1.000000 1.000000
vn -0.5098774 0.0055141 -0.8602294
v -0.0119389 -0.0005076 -0.0273601 1.000000 1.000000 1.000000
vn -0.5571053 -0.0219433 -0.8301520
v -0.0120666 -0.0007208 -0.0272683 1.000000 1.000000 1.000000
vn 0.3082937 -0.0480980 -0.9500746
v -0.0119898 0.0005135 -0.0273147 1.000000 1.000000 1.000000
vn 0.0618948 -0.0488645 -0.9968858
v -0.0120428 0.0005576 -0.0273422 1.000000 1.000000 1.000000
vn -0.5581644 -0.0366597 -0.8289201
v -0.0126356 -0.0016207 -0.0267304 1.000000 1.000000 1.000000
vn -0.5544710 -0.0382122 -0.8313253
v -0.0129372 -0.0016602 -0.0264798 1.000000 1.000000 1.000000
vn -0.6396112 0.0131233 -0.7685865
v -0.0129817 0.0004925 -0.0265295 1.000000 1.000000 1.000000
vn -0.6445251 -0.0654859 -0.7617737
v -0.0129372 -0.0016602 -0.0264798 1.000000 1.000000 1.000000
vn -0.6643872 -0.0761646 -0.7434976
v -0.0145261 -0.0014303 -0.0248446 1.000000 1.000000 1.000000
vn -0.6479654 0.0095829 -0.7616096
v -0.0145644 0.0005025 -0.0248670 1.000000 1.000000 1.000000
vn -0.6428787 0.0690792 -0.7628467
v -0.0143905 0.0018363 -0.0249595 1.000000 1.000000 1.000000
vn -0.5915758 0.0490787 -0.8047542
v -0.0129046 0.0017148 -0.0265147 1.000000 1.000000 1.000000
vn -0.6393756 0.0933493 -0.7632069
v -0.0143876 0.0026747 -0.0248359 1.000000 1.000000 1.000000
vn -0.6454120 -0.1176145 -0.7547253
v -0.0130844 -0.0019538 -0.0262659 1.000000 1.000000 1.000000
vn -0.6841011 -0.1074782 -0.7214251
v -0.0145130 -0.0028858 -0.0246025 1.000000 1.000000 1.000000
vn -0.7519198 -0.0963161 -0.6521808
v -0.0157297 -0.0014124 -0.0233566 1.000000 1.000000 1.000000
vn -0.7029502 -0.1074680 -0.7030730
v -0.0156464 -0.0024077 -0.0233027 1.000000 1.000000 1.000000
vn -0.7199492 -0.1227064 -0.6830932
v -0.0156349 -0.0039258 -0.0229847 1.000000 1.000000 1.000000
vn -0.6238757 -0.0552727 -0.7795666
v -0.0157477 -0.0021363 -0.0232336 1.000000 1.000000 1.000000
vn -0.7566983 -0.1026203 -0.6456599
v -0.0166770 -0.0034897 -0.0216784 1.000000 1.000000 1.000000
vn -0.7380751 -0.0897061 -0.6687286
v -0.0166359 -0.0013371 -0.0220909 1.000000 1.000000 1.000000
vn -0.7495748 -0.0964122 -0.6548605
v -0.0168869 -0.0015503 -0.0217343 1.000000 1.000000 1.000000
vn -0.7865878 -0.0950513 -0.6101187
v -0.0179518 -0.0015696 -0.0200187 1.000000 1.000000 1.000000
vn -0.7849821 -0.0922384 -0.6126134
v -0.0180790 -0.0021571 -0.0197082 1.000000 1.000000 1.000000
vn -0.5479941 0.0427930 -0.8353869
v -0.0126132 0.0020523 -0.0267294 1.000000 1.000000 1.000000
vn -0.9873547 -0.0828008 -0.1351840
v -0.0157074 -0.0017280 -0.0232671 1.000000 1.000000 1.000000
vn -0.7051526 0.1287295 -0.6972722
v -0.0158049 0.0023556 -0.0231443 1.000000 1.000000 1.000000
vn -0.7161962 0.1285767 -0.6859527
v -0.0157223 0.0041310 -0.0228427 1.000000 1.000000 1.000000
vn -0.6885302 0.1281192 -0.7138009
v -0.0157011 0.0023637 -0.0232596 1.000000 1.000000 1.000000
vn -0.7024663 0.1316066 -0.6994432
v -0.0143876 0.0026747 -0.0248359 1.000000 1.000000 1.000000
vn -0.7431337 0.1250058 -0.6573628
v -0.0168861 0.0023924 -0.0216266 1.000000 1.000000 1.000000
vn -0.6988416 0.1376583 -0.7019050
v -0.0143544 0.0042372 -0.0244984 1.000000 1.000000 1.000000
vn -0.7499159 -0.0225451 -0.6611489
v -0.0165227 -0.0005664 -0.0222818 1.000000 1.000000 1.000000
vn -0.7501295 -0.0587524 -0.6586759
v -0.0157297 -0.0014124 -0.0233566 1.000000 1.000000 1.000000
vn -0.7501053 -0.0354473 -0.6603678
v -0.0166359 -0.0013371 -0.0220909 1.000000 1.000000 1.000000
vn -0.7499612 -0.0719531 -0.6575568
v -0.0157477 -0.0021363 -0.0232336 1.000000 1.000000 1.000000
vn -0.8159618 0.0628245 -0.5746821
v -0.0180494 0.0024220 -0.0197328 1.000000 1.000000 1.000000
vn -0.7947311 0.0611192 -0.6038767
v -0.0168861 0.0023924 -0.0216266 1.000000 1.000000 1.000000
vn -0.7953721 0.0601482 -0.6031297
v -0.0170135 0.0005433 -0.0216508 1.000000 1.000000 1.000000
vn -0.8146420 0.0598079 -0.5768721
v -0.0181672 0.0005204 -0.0197709 1.000000 1.000000 1.000000
vn -0.8346232 0.0644996 -0.5470319
v -0.0189194 0.0004881 -0.0183757 1.000000 1.000000 1.000000
vn -0.8377299 0.0689176 -0.5417186
v -0.0189583 0.0024979 -0.0179856 1.000000 1.000000 1.000000
vn -0.7261392 -0.2401610 -0.6442395
v -0.0164417 -0.0055052 -0.0212222 1.000000 1.000000 1.000000
vn -0.7066470 -0.2161909 -0.6737297
v -0.0156349 -0.0039258 -0.0229847 1.000000 1.000000 1.000000
vn -0.7070578 -0.2403071 -0.6650727
v -0.0155047 -0.0054815 -0.0225369 1.000000 1.000000 1.000000
vn -0.6857495 -0.2425289 -0.6862415
v -0.0141587 -0.0057712 -0.0240712 1.000000 1.000000 1.000000
vn -0.7007689 -0.2679430 -0.6611577
v -0.0152568 -0.0067316 -0.0222360 1.000000 1.000000 1.000000
vn -0.6339772 0.2370867 -0.7361133
v -0.0142006 0.0056744 -0.0240919 1.000000 1.000000 1.000000
vn -0.6338554 0.2372486 -0.7361661
v -0.0129528 0.0042316 -0.0259923 1.000000 1.000000 1.000000
vn -0.6344117 0.2365098 -0.7359246
v -0.0143544 0.0042372 -0.0244984 1.000000 1.000000 1.000000
vn -0.6334643 0.2377674 -0.7363353
v -0.0127454 0.0058720 -0.0255587 1.000000 1.000000 1.000000
vn -0.9171974 -0.1430556 -0.3718657
v -0.0203377 -0.0029672 -0.0146112 1.000000 1.000000 1.000000
vn -0.9100083 -0.1827505 -0.3721388
v -0.0201174 -0.0040353 -0.0147556 1.000000 1.000000 1.000000
vn -0.9146009 -0.1624997 -0.3702690
v -0.0207586 -0.0040175 -0.0128308 1.000000 1.000000 1.000000
vn -0.9036373 -0.2172208 -0.3691269
v -0.0199362 -0.0052875 -0.0143935 1.000000 1.000000 1.000000
vn -0.9196292 -0.1369604 -0.3681357
v -0.0210460 -0.0023335 -0.0127178 1.000000 1.000000 1.000000
vn -0.7114915 -0.3321198 -0.6192546
v -0.0152568 -0.0067316 -0.0222360 1.000000 1.000000 1.000000
vn -0.7114643 -0.3344226 -0.6180454
v -0.0148533 -0.0078475 -0.0220694 1.000000 1.000000 1.000000
vn -0.7114581 -0.3348954 -0.6177965
v -0.0161402 -0.0072535 -0.0206373 1.000000 1.000000 1.000000
vn -0.7114167 -0.3377320 -0.6162981
v -0.0153592 -0.0083146 -0.0210324 1.000000 1.000000 1.000000
vn -0.7280666 -0.3689365 -0.5777586
v -0.0167932 -0.0083467 -0.0187762 1.000000 1.000000 1.000000
vn -0.7221866 -0.3783438 -0.5790532
v -0.0153592 -0.0083146 -0.0210324 1.000000 1.000000 1.000000
vn -0.7263497 -0.3717031 -0.5781462
v -0.0163936 -0.0092201 -0.0187093 1.000000 1.000000 1.000000
vn -0.7205232 -0.3809706 -0.5794029
v -0.0149161 -0.0092202 -0.0209775 1.000000 1.000000 1.000000
vn -0.9637008 -0.0367731 -0.2644399
v -0.0221510 -0.0006097 -0.0087025 1.000000 1.000000 1.000000
vn -0.9641590 0.0170228 -0.2647785
v -0.0217837 0.0003913 -0.0105266 1.000000 1.000000 1.000000
vn -0.9638705 -0.0359622 -0.2639326
v -0.0217522 -0.0008625 -0.0104578 1.000000 1.000000 1.000000
vn -0.9642384 -0.0026889 -0.2650230
v -0.0222160 0.0003960 -0.0085852 1.000000 1.000000 1.000000
vn -0.9619755 0.0677105 -0.2646100
v -0.0216593 0.0020028 -0.0105759 1.000000 1.000000 1.000000
vn -0.9606244 -0.1122135 -0.2541829
v -0.0220464 -0.0021351 -0.0087158 1.000000 1.000000 1.000000
vn -0.9642913 -0.0624728 -0.2573705
v -0.0217522 -0.0008625 -0.0104578 1.000000 1.000000 1.000000
vn -0.9624175 -0.0918611 -0.2555661
v -0.0216555 -0.0021991 -0.0105049 1.000000 1.000000 1.000000
vn -0.9578974 -0.1369290 -0.2523549
v -0.0217318 -0.0041138 -0.0088646 1.000000 1.000000 1.000000
vn -0.9584515 -0.1900170 -0.2127538
v -0.0217318 -0.0041138 -0.0088646 1.000000 1.000000 1.000000
vn -0.9584515 -0.1900170 -0.2127538
v -0.0219072 -0.0047098 -0.0072317 1.000000 1.000000 1.000000
vn -0.9584515 -0.1900170 -0.2127538
v -0.0221275 -0.0039817 -0.0068092 1.000000 1.000000 1.000000
vn -0.6913077 -0.4356568 -0.5764518
v -0.0163936 -0.0092201 -0.0187093 1.000000 1.000000 1.000000
vn -0.6913077 -0.4356568 -0.5764518
v -0.0143535 -0.0112004 -0.0198821 1.000000 1.000000 1.000000
vn -0.6913077 -0.4356568 -0.5764519
v -0.0158626 -0.0103826 -0.0184109 1.000000 1.000000 1.000000
vn -0.9013410 -0.3612025 -0.2389921
v -0.0208105 -0.0072510 -0.0093268 1.000000 1.000000 1.000000
vn -0.8982370 -0.3651225 -0.2446546
v -0.0204877 -0.0074160 -0.0104909 1.000000 1.000000 1.000000
vn -0.9080586 -0.3613017 -0.2118740
v -0.0204615 -0.0088855 -0.0079018 1.000000 1.000000 1.000000
vn -0.9131214 -0.3585209 -0.1940930
v -0.0210872 -0.0073235 -0.0078299 1.000000 1.000000 1.000000
vn -0.8978412 -0.3657822 -0.2451217
v -0.0198898 -0.0088498 -0.0105531 1.000000 1.000000 1.000000
vn -0.9179789 -0.3616284 -0.1629100
v -0.0214582 -0.0073382 -0.0052083 1.000000 1.000000 1.000000
vn -0.9532254 -0.2485086 -0.1720606
v -0.0219072 -0.0047098 -0.0072317 1.000000 1.000000 1.000000
vn -0.9532254 -0.2485086 -0.1720606
v -0.0214874 -0.0058012 -0.0081571 1.000000 1.000000 1.000000
vn -0.9532254 -0.2485086 -0.1720606
v -0.0219108 -0.0058725 -0.0051341 1.000000 1.000000 1.000000
vn -0.9695610 -0.2243993 -0.0979613
v -0.0223250 -0.0042373 -0.0048651 1.000000 1.000000 1.000000
vn -0.9674321 -0.2313589 -0.1027046
v -0.0219108 -0.0058725 -0.0051341 1.000000 1.000000 1.000000
vn -0.9713180 -0.2184534 -0.0939121
v -0.0222101 -0.0056804 -0.0021875 1.000000 1.000000 1.000000
vn -0.9735450 -0.2106246 -0.0885853
v -0.0225467 -0.0041285 -0.0021756 1.000000 1.000000 1.000000
vn -0.9275457 -0.3604332 -0.0987270
v -0.0216817 -0.0074618 -0.0020596 1.000000 1.000000 1.000000
vn -0.9275457 -0.3604332 -0.0987270
v -0.0214582 -0.0073382 -0.0052083 1.000000 1.000000 1.000000
vn -0.9275457 -0.3604332 -0.0987270
v -0.0207911 -0.0090807 -0.0050933 1.000000 1.000000 1.000000
vn -0.6579758 -0.5427486 -0.5220075
v -0.0154453 -0.0113161 -0.0180597 1.000000 1.000000 1.000000
vn -0.6410163 -0.5376964 -0.5477049
v -0.0143535 -0.0112004 -0.0198821 1.000000 1.000000 1.000000
vn -0.6303363 -0.5578883 -0.5398488
v -0.0136927 -0.0125776 -0.0191677 1.000000 1.000000 1.000000
vn -0.6554462 -0.5539539 -0.5133471
v -0.0148271 -0.0124535 -0.0175448 1.000000 1.000000 1.000000
vn -0.6203876 -0.5729862 -0.5355428
v -0.0131747 -0.0133724 -0.0188588 1.000000 1.000000 1.000000
vn -0.6106457 -0.5485911 -0.5711040
v -0.0125974 -0.0122601 -0.0209901 1.000000 1.000000 1.000000
vn -0.9004819 -0.4272770 -0.0810350
v -0.0210809 -0.0090277 -0.0020960 1.000000 1.000000 1.000000
vn -0.8990358 -0.4267634 -0.0980181
v -0.0207911 -0.0090807 -0.0050933 1.000000 1.000000 1.000000
vn -0.9011319 -0.4274954 -0.0721732
v -0.0204084 -0.0104478 -0.0020783 1.000000 1.000000 1.000000
vn -0.9022412 -0.4278374 -0.0539992
v -0.0205333 -0.0104286 0.0003117 1.000000 1.000000 1.000000
vn -0.8698828 -0.4931728 0.0092020
v -0.0205333 -0.0104286 0.0003117 1.000000 1.000000 1.000000
vn -0.8691022 -0.4945207 0.0105232
v -0.0196949 -0.0119067 0.0003602 1.000000 1.000000 1.000000
vn -0.8687201 -0.4951775 0.0111676
v -0.0205247 -0.0104053 0.0028567 1.000000 1.000000 1.000000
vn -0.8678988 -0.4965827 0.0125479
v -0.0197128 -0.0118243 0.0028560 1.000000 1.000000 1.000000
vn -0.8663331 0.4886700 -0.1032888
v -0.0201716 0.0109007 -0.0024233 1.000000 1.000000 1.000000
vn -0.8524683 0.5112387 -0.1092382
v -0.0192963 0.0122151 -0.0038095 1.000000 1.000000 1.000000
vn -0.8664750 0.4850706 -0.1180149
v -0.0201392 0.0106857 -0.0039834 1.000000 1.000000 1.000000
vn -0.8402468 0.5331520 -0.0986630
v -0.0193559 0.0123297 -0.0024838 1.000000 1.000000 1.000000
vn -0.8657615 0.4842698 -0.1262534
v -0.0193085 0.0118738 -0.0053902 1.000000 1.000000 1.000000
vn -0.8674148 0.4796948 -0.1322286
v -0.0201125 0.0103899 -0.0055249 1.000000 1.000000 1.000000
vn -0.8063227 0.5845134 -0.0904864
v -0.0184320 0.0135390 -0.0033831 1.000000 1.000000 1.000000
vn -0.7979750 0.5966673 -0.0849942
v -0.0185032 0.0136054 -0.0019817 1.000000 1.000000 1.000000
vn -0.7830380 0.6161113 -0.0851951
v -0.0175073 0.0148695 -0.0019968 1.000000 1.000000 1.000000
vn -0.9284299 0.3693163 0.0402924
v -0.0211332 0.0091974 0.0023393 1.000000 1.000000 1.000000
vn -0.9281089 0.3722220 0.0080308
v -0.0211517 0.0091897 0.0001395 1.000000 1.000000 1.000000
vn -0.9309217 0.3616844 0.0506866
v -0.0217455 0.0076730 0.0022075 1.000000 1.000000 1.000000
vn -0.9375219 0.3407956 0.0700799
v -0.0216207 0.0076147 0.0045927 1.000000 1.000000 1.000000
vn -0.9286643 0.3646122 0.0681206
v -0.0210304 0.0091233 0.0045590 1.000000 1.000000 1.000000
vn -0.9453242 0.3183850 0.0706627
v -0.0219640 0.0065574 0.0048048 1.000000 1.000000 1.000000
vn -0.9516811 0.2674754 -0.1508639
v -0.0217550 0.0064583 -0.0054190 1.000000 1.000000 1.000000
vn -0.9623827 0.2214297 -0.1574434
v -0.0219367 0.0052252 -0.0067032 1.000000 1.000000 1.000000
vn -0.9663012 0.2104382 -0.1482493
v -0.0221641 0.0051038 -0.0051977 1.000000 1.000000 1.000000
vn -0.9752451 0.1679656 -0.1438215
v -0.0221500 0.0041644 -0.0066704 1.000000 1.000000 1.000000
vn -0.9813945 0.1310681 -0.1403068
v -0.0223528 0.0029923 -0.0065386 1.000000 1.000000 1.000000
vn -0.9826440 0.1215050 -0.1401694
v -0.0225864 0.0028261 -0.0047183 1.000000 1.000000 1.000000
vn -0.9858366 0.0883600 -0.1425437
v -0.0224856 0.0016555 -0.0065456 1.000000 1.000000 1.000000
vn -0.9868065 0.0799344 -0.1407957
v -0.0227085 0.0016278 -0.0046363 1.000000 1.000000 1.000000
vn -0.9875948 0.0688853 -0.1411074
v -0.0228271 0.0002125 -0.0044647 1.000000 1.000000 1.000000
vn -0.9681231 0.2124790 0.1326287
v -0.0221724 0.0051174 0.0064367 1.000000 1.000000 1.000000
vn -0.9566724 0.2595775 0.1318990
v -0.0219640 0.0065574 0.0048048 1.000000 1.000000 1.000000
vn -0.9673257 0.2161076 0.1325838
v -0.0223362 0.0051382 0.0049198 1.000000 1.000000 1.000000
vn -0.9768726 0.1673984 0.1330326
v -0.0225475 0.0037980 0.0050859 1.000000 1.000000 1.000000
vn -0.8800696 0.4575057 0.1271467
v -0.0202512 0.0102782 0.0064945 1.000000 1.000000 1.000000
vn -0.8854014 0.4474311 0.1259754
v -0.0203595 0.0105266 0.0044653 1.000000 1.000000 1.000000
vn -0.8925603 0.4334481 0.1243338
v -0.0210304 0.0091233 0.0045590 1.000000 1.000000 1.000000
vn -0.8730770 0.4703116 0.1286214
v -0.0193949 0.0118963 0.0063652 1.000000 1.000000 1.000000
vn -0.9467734 0.1846438 -0.2636794
v -0.0219012 0.0039284 -0.0083980 1.000000 1.000000 1.000000
vn -0.9350367 0.1808816 -0.3049399
v -0.0211352 0.0052448 -0.0106556 1.000000 1.000000 1.000000
vn -0.9399491 0.1824298 -0.2884701
v -0.0213477 0.0042043 -0.0106131 1.000000 1.000000 1.000000
vn -0.9274597 0.1785533 -0.3285382
v -0.0204938 0.0051133 -0.0129790 1.000000 1.000000 1.000000
vn -0.9541326 0.1442135 -0.2623614
v -0.0219012 0.0039284 -0.0083980 1.000000 1.000000 1.000000
vn -0.9575728 0.1104039 -0.2662055
v -0.0215511 0.0029897 -0.0106070 1.000000 1.000000 1.000000
vn -0.9554026 0.1329695 -0.2636760
v -0.0220775 0.0028352 -0.0083482 1.000000 1.000000 1.000000
vn -0.9585282 0.0983221 -0.2675004
v -0.0216593 0.0020028 -0.0105759 1.000000 1.000000 1.000000
vn -0.9110658 0.2728910 0.3090139
v -0.0201875 0.0067166 0.0136081 1.000000 1.000000 1.000000
vn -0.9100952 0.2767757 0.3084185
v -0.0201589 0.0068581 0.0135556 1.000000 1.000000 1.000000
vn -0.9132141 0.2640541 0.3103471
v -0.0209634 0.0065785 0.0109346 1.000000 1.000000 1.000000
vn -0.9133399 0.2635262 0.3104258
v -0.0212592 0.0051383 0.0113696 1.000000 1.000000 1.000000
vn -0.9377389 0.1776207 0.2984905
v -0.0212592 0.0051383 0.0113696 1.000000 1.000000 1.000000
vn -0.9416751 0.1548381 0.2987863
v -0.0215762 0.0037505 0.0111596 1.000000 1.000000 1.000000
vn -0.9417813 0.1541787 0.2987925
v -0.0209549 0.0036691 0.0136292 1.000000 1.000000 1.000000
vn -0.9450372 0.1324796 0.2989210
v -0.0217448 0.0021619 0.0113706 1.000000 1.000000 1.000000
vn -0.8422508 0.4100355 0.3499780
v -0.0194383 0.0085602 0.0136664 1.000000 1.000000 1.000000
vn -0.8318951 0.4265163 0.3550132
v -0.0190445 0.0097102 0.0131731 1.000000 1.000000 1.000000
vn -0.8538079 0.4057265 0.3261871
v -0.0198499 0.0087037 0.0121160 1.000000 1.000000 1.000000
vn -0.8249181 0.4252920 0.3723397
v -0.0184221 0.0093914 0.0153250 1.000000 1.000000 1.000000
vn -0.8243329 0.4699531 0.3156256
v -0.0186510 0.0102847 0.0133859 1.000000 1.000000 1.000000
vn -0.8285810 0.4822093 0.2844779
v -0.0181764 0.0111309 0.0133218 1.000000 1.000000 1.000000
vn -0.7873114 0.5972788 0.1529667
v -0.0182243 0.0135260 0.0065208 1.000000 1.000000 1.000000
vn -0.7769550 0.6165155 0.1274738
v -0.0184276 0.0134981 0.0053638 1.000000 1.000000 1.000000
vn -0.8077039 0.5679494 0.1582655
v -0.0193949 0.0118963 0.0063652 1.000000 1.000000 1.000000
vn -0.7642425 0.6363328 0.1049477
v -0.0174331 0.0147127 0.0052127 1.000000 1.000000 1.000000
vn -0.7671103 0.6363179 0.0814946
v -0.0185050 0.0136717 0.0027900 1.000000 1.000000 1.000000
vn -0.7881160 0.6154536 0.0094906
v -0.0185050 0.0136717 0.0027900 1.000000 1.000000 1.000000
vn -0.7876052 0.6157781 -0.0222576
v -0.0175762 0.0148958 0.0000085 1.000000 1.000000 1.000000
vn -0.7879099 0.6157206 -0.0092858
v -0.0186335 0.0135425 -0.0000296 1.000000 1.000000 1.000000
vn -0.7868251 0.6156500 -0.0433744
v -0.0175073 0.0148695 -0.0019968 1.000000 1.000000 1.000000
vn -0.7678532 0.5128507 0.3839083
v -0.0171042 0.0108708 0.0164439 1.000000 1.000000 1.000000
vn -0.7704028 0.5126637 0.3790193
v -0.0168786 0.0123272 0.0145989 1.000000 1.000000 1.000000
vn -0.7697523 0.5127131 0.3802719
v -0.0178002 0.0105364 0.0152768 1.000000 1.000000 1.000000
vn -0.7720574 0.5125328 0.3758158
v -0.0181764 0.0111309 0.0133218 1.000000 1.000000 1.000000
vn -0.7035205 0.7050737 -0.0890507
v -0.0163056 0.0160487 -0.0033528 1.000000 1.000000 1.000000
vn -0.7377145 0.6692748 -0.0885925
v -0.0175073 0.0148695 -0.0019968 1.000000 1.000000 1.000000
vn -0.7143984 0.6940650 -0.0889309
v -0.0163704 0.0161249 -0.0019751 1.000000 1.000000 1.000000
vn -0.6801394 0.7276318 -0.0892328
v -0.0148787 0.0174079 -0.0030958 1.000000 1.000000 1.000000
vn -0.7031888 0.6362209 0.3174091
v -0.0155482 0.0148549 0.0125158 1.000000 1.000000 1.000000
vn -0.7049038 0.6490312 0.2861278
v -0.0164695 0.0146354 0.0103279 1.000000 1.000000 1.000000
vn -0.7146667 0.6248638 0.3143197
v -0.0170302 0.0133269 0.0121058 1.000000 1.000000 1.000000
vn -0.6946024 0.6630746 0.2790332
v -0.0153821 0.0158223 0.0101881 1.000000 1.000000 1.000000
vn -0.7060104 0.6217174 0.3391414
v -0.0162699 0.0132879 0.0142073 1.000000 1.000000 1.000000
vn -0.6787074 0.6351914 0.3686301
v -0.0154397 0.0139963 0.0147052 1.000000 1.000000 1.000000
vn -0.6677116 0.6461887 0.3695965
v -0.0147017 0.0148922 0.0144176 1.000000 1.000000 1.000000
vn -0.6668873 0.6315704 0.3954493
v -0.0140759 0.0145407 0.0164715 1.000000 1.000000 1.000000
vn -0.6704175 0.6237933 0.4017737
v -0.0152334 0.0132478 0.0165650 1.000000 1.000000 1.000000
vn -0.7370684 0.5908951 -0.3279836
v -0.0165624 0.0137125 -0.0114639 1.000000 1.000000 1.000000
vn -0.7304468 0.5975044 -0.3308112
v -0.0164815 0.0130195 -0.0132299 1.000000 1.000000 1.000000
vn -0.7558181 0.5714672 -0.3196316
v -0.0177194 0.0120947 -0.0116572 1.000000 1.000000 1.000000
vn -0.7095698 0.6175435 -0.3393389
v -0.0154127 0.0141987 -0.0133395 1.000000 1.000000 1.000000
vn -0.7993121 0.2781989 0.5326402
v -0.0171083 0.0066453 0.0206784 1.000000 1.000000 1.000000
vn -0.7993121 0.2781989 0.5326402
v -0.0184054 0.0050031 0.0193343 1.000000 1.000000 1.000000
vn -0.7993121 0.2781989 0.5326402
v -0.0175490 0.0051130 0.0208501 1.000000 1.000000 1.000000
vn -0.7293956 0.4587252 0.5074972
v -0.0155670 0.0108927 0.0193809 1.000000 1.000000 1.000000
vn -0.7297475 0.4596910 0.5061154
v -0.0169438 0.0094394 0.0185598 1.000000 1.000000 1.000000
vn -0.7302454 0.4610651 0.5041435
v -0.0164031 0.0092350 0.0197574 1.000000 1.000000 1.000000
vn -0.7288181 0.4571505 0.5097426
v -0.0161838 0.0109159 0.0182664 1.000000 1.000000 1.000000
vn -0.6850566 0.5636176 0.4615545
v -0.0159389 0.0123751 0.0166599 1.000000 1.000000 1.000000
vn -0.6980463 0.5382667 0.4722290
v -0.0161838 0.0109159 0.0182664 1.000000 1.000000 1.000000
vn -0.6898721 0.5544235 0.4655008
v -0.0147416 0.0124642 0.0187197 1.000000 1.000000 1.000000
vn -0.6736662 0.5844902 0.4522665
v -0.0152334 0.0132478 0.0165650 1.000000 1.000000 1.000000
vn -0.6330962 0.7738845 0.0170876
v -0.0136895 0.0185519 0.0019944 1.000000 1.000000 1.000000
vn -0.6319360 0.7748573 -0.0159143
v -0.0150360 0.0174851 0.0000486 1.000000 1.000000 1.000000
vn -0.6339985 0.7731158 0.0183788
v -0.0148084 0.0176180 0.0028410 1.000000 1.000000 1.000000
vn -0.6321936 0.7746093 -0.0176535
v -0.0138386 0.0184612 -0.0000144 1.000000 1.000000 1.000000
vn -0.6113227 0.7863567 -0.0890385
v -0.0136931 0.0184591 -0.0023579 1.000000 1.000000 1.000000
vn -0.6306224 0.7732498 -0.0663347
v -0.0149902 0.0174262 -0.0019986 1.000000 1.000000 1.000000
vn -0.6309468 0.7692020 -0.1011657
v -0.0148787 0.0174079 -0.0030958 1.000000 1.000000 1.000000
vn -0.5801527 0.8063387 -0.1150682
v -0.0136137 0.0182661 -0.0046341 1.000000 1.000000 1.000000
vn -0.5603384 0.8198839 -0.1175217
v -0.0127494 0.0191019 -0.0025227 1.000000 1.000000 1.000000
vn -0.5536739 0.8237231 -0.1221700
v -0.0118989 0.0196434 -0.0027827 1.000000 1.000000 1.000000
vn -0.5536588 0.8237962 -0.1217449
v -0.0127339 0.0187885 -0.0052357 1.000000 1.000000 1.000000
vn -0.5511026 0.8252556 -0.1234470
v -0.0116677 0.0195023 -0.0052214 1.000000 1.000000 1.000000
vn -0.6320743 0.7421386 0.2229625
v -0.0135095 0.0175123 0.0100507 1.000000 1.000000 1.000000
vn -0.6317283 0.7425625 0.2225315
v -0.0148821 0.0168655 0.0079044 1.000000 1.000000 1.000000
vn -0.6332650 0.7406746 0.2244473
v -0.0146681 0.0165087 0.0101031 1.000000 1.000000 1.000000
vn -0.6303287 0.7442694 0.2207915
v -0.0136998 0.0177912 0.0082189 1.000000 1.000000 1.000000
vn -0.7436169 0.3924294 -0.5413252
v -0.0169027 0.0078328 -0.0189247 1.000000 1.000000 1.000000
vn -0.7650450 0.3890619 -0.5131637
v -0.0176581 0.0086098 -0.0168072 1.000000 1.000000 1.000000
vn -0.7453547 0.3928897 -0.5385945
v -0.0163370 0.0098278 -0.0180987 1.000000 1.000000 1.000000
vn -0.7195290 0.3955258 -0.5708217
v -0.0159260 0.0076613 -0.0206580 1.000000 1.000000 1.000000
vn -0.7153520 0.3957766 -0.5758753
v -0.0151808 0.0096552 -0.0201091 1.000000 1.000000 1.000000
vn -0.6832126 0.4049073 -0.6076764
v -0.0144994 0.0095777 -0.0211661 1.000000 1.000000 1.000000
vn -0.6703917 0.4118110 -0.6172413
v -0.0145350 0.0088322 -0.0217325 1.000000 1.000000 1.000000
vn -0.6372570 0.4257065 -0.6423997
v -0.0132921 0.0090347 -0.0230889 1.000000 1.000000 1.000000
vn -0.7136982 0.3849413 0.5851967
v -0.0150003 0.0093048 0.0218526 1.000000 1.000000 1.000000
vn -0.7161453 0.3945183 0.5757526
v -0.0164031 0.0092350 0.0197574 1.000000 1.000000 1.000000
vn -0.7223307 0.3592811 0.5908938
v -0.0167479 0.0077591 0.0204766 1.000000 1.000000 1.000000
vn -0.7171808 0.3640671 0.5942280
v -0.0155317 0.0075712 0.0224308 1.000000 1.000000 1.000000
vn -0.7310137 0.3246602 0.6001789
v -0.0171083 0.0066453 0.0206784 1.000000 1.000000 1.000000
vn -0.8133408 0.1940252 0.5484806
v -0.0175490 0.0051130 0.0208501 1.000000 1.000000 1.000000
vn -0.8208880 0.1534624 0.5500839
v -0.0187430 0.0035553 0.0193444 1.000000 1.000000 1.000000
vn -0.8166891 0.1692754 0.5516928
v -0.0178328 0.0036050 0.0209891 1.000000 1.000000 1.000000
vn -0.8230860 0.1368394 0.5511845
v -0.0180660 0.0021459 0.0210245 1.000000 1.000000 1.000000
vn -0.8270078 0.1307072 0.5467849
v -0.0189338 0.0020546 0.0194310 1.000000 1.000000 1.000000
vn -0.6270222 0.6157210 -0.4772116
v -0.0147350 0.0130083 -0.0169115 1.000000 1.000000 1.000000
vn -0.6200769 0.6237320 -0.4758812
v -0.0144379 0.0140559 -0.0156943 1.000000 1.000000 1.000000
vn -0.6255213 0.6235464 -0.4689488
v -0.0137671 0.0145827 -0.0159209 1.000000 1.000000 1.000000
vn -0.6156759 0.6128607 -0.4953231
v -0.0131148 0.0140928 -0.0178245 1.000000 1.000000 1.000000
vn -0.6018519 0.6110783 -0.5141571
v -0.0133048 0.0131147 -0.0189853 1.000000 1.000000 1.000000
vn -0.5808634 0.6198946 -0.5275685
v -0.0120388 0.0138907 -0.0195804 1.000000 1.000000 1.000000
vn -0.5574684 0.8001702 -0.2212616
v -0.0119486 0.0186820 -0.0085886 1.000000 1.000000 1.000000
vn -0.5578513 0.7987112 -0.2255269
v -0.0133912 0.0177966 -0.0080547 1.000000 1.000000 1.000000
vn -0.5568881 0.8022727 -0.2150212
v -0.0126039 0.0185662 -0.0070268 1.000000 1.000000 1.000000
vn -0.5585951 0.7956936 -0.2341865
v -0.0132536 0.0177043 -0.0088468 1.000000 1.000000 1.000000
vn -0.8658131 -0.0377127 0.4989445
v -0.0190868 0.0000599 0.0193264 1.000000 1.000000 1.000000
vn -0.8664016 -0.0390339 0.4978199
v -0.0198244 0.0000329 0.0177439 1.000000 1.000000 1.000000
vn -0.8664117 -0.0390567 0.4978004
v -0.0189815 -0.0014895 0.0194075 1.000000 1.000000 1.000000
vn -0.8669611 -0.0402959 0.4967442
v -0.0197091 -0.0016691 0.0178218 1.000000 1.000000 1.000000
vn -0.6056888 0.4129047 0.6801844
v -0.0132921 0.0096931 0.0236544 1.000000 1.000000 1.000000
vn -0.6450727 0.4070201 0.6466962
v -0.0150003 0.0093048 0.0218526 1.000000 1.000000 1.000000
vn -0.6320227 0.3988079 0.6644543
v -0.0140016 0.0085673 0.0236554 1.000000 1.000000 1.000000
vn -0.5746869 0.4381752 0.6911855
v -0.0123364 0.0091551 0.0250565 1.000000 1.000000 1.000000
vn -0.5574769 0.4635507 0.6887237
v -0.0114363 0.0108699 0.0245311 1.000000 1.000000 1.000000
vn -0.8981140 -0.1047933 0.4270944
v -0.0197091 -0.0016691 0.0178218 1.000000 1.000000 1.000000
vn -0.9003258 -0.1250028 0.4168785
v -0.0205268 -0.0018994 0.0156292 1.000000 1.000000 1.000000
vn -0.8996257 -0.1181352 0.4203780
v -0.0195222 -0.0029473 0.0179199 1.000000 1.000000 1.000000
vn -0.9012275 -0.1347433 0.4118655
v -0.0202619 -0.0038511 0.0155563 1.000000 1.000000 1.000000
vn -0.9362758 -0.2815515 0.2100385
v -0.0217513 -0.0056880 0.0080338 1.000000 1.000000 1.000000
vn -0.9312692 -0.2979489 0.2096761
v -0.0214260 -0.0072032 0.0073165 1.000000 1.000000 1.000000
vn -0.9269776 -0.3112743 0.2093344
v -0.0210579 -0.0071293 0.0094642 1.000000 1.000000 1.000000
vn -0.9214224 -0.3276588 0.2088554
v -0.0205786 -0.0085185 0.0093842 1.000000 1.000000 1.000000
vn -0.5111559 0.6431340 -0.5701739
v -0.0105550 0.0141014 -0.0209292 1.000000 1.000000 1.000000
vn -0.5111559 0.6431340 -0.5701739
v -0.0120388 0.0138907 -0.0195804 1.000000 1.000000 1.000000
vn -0.5111559 0.6431340 -0.5701739
v -0.0105036 0.0148640 -0.0199241 1.000000 1.000000 1.000000
vn -0.6053274 0.3853586 -0.6964751
v -0.0132921 0.0090347 -0.0230889 1.000000 1.000000 1.000000
vn -0.6138822 0.3365227 -0.7140737
v -0.0122753 0.0077532 -0.0250553 1.000000 1.000000 1.000000
vn -0.6129639 0.3568956 -0.7049119
v -0.0135440 0.0077648 -0.0236862 1.000000 1.000000 1.000000
vn -0.6172558 0.3186827 -0.7193307
v -0.0139663 0.0065192 -0.0239389 1.000000 1.000000 1.000000
vn -0.6145338 0.3107036 -0.7251287
v -0.0127454 0.0058720 -0.0255587 1.000000 1.000000 1.000000
vn -0.7183329 -0.0828018 0.6907544
v -0.0152843 -0.0012481 0.0250426 1.000000 1.000000 1.000000
vn -0.7183329 -0.0828018 0.6907544
v -0.0166824 -0.0029494 0.0229958 1.000000 1.000000 1.000000
vn -0.7183330 -0.0828018 0.6907544
v -0.0151831 -0.0029510 0.0249205 1.000000 1.000000 1.000000
vn -0.8718963 -0.4179922 0.2551068
v -0.0200868 -0.0084883 0.0114949 1.000000 1.000000 1.000000
vn -0.8701504 -0.4199908 0.2577712
v -0.0205786 -0.0085185 0.0093842 1.000000 1.000000 1.000000
vn -0.8576011 -0.4461103 0.2559413
v -0.0196609 -0.0104409 0.0093420 1.000000 1.000000 1.000000
vn -0.8570724 -0.4480348 0.2543459
v -0.0193175 -0.0101430 0.0114184 1.000000 1.000000 1.000000
vn -0.8334236 -0.4893287 0.2568321
v -0.0184389 -0.0118615 0.0108961 1.000000 1.000000 1.000000
# 3680 vertices, 0 vertices normals


usemtl material_0
vt 0.0990522 0.1994057
vt 0.0976075 0.1887298
vt 0.1001526 0.2015287
f 3068/1/3068 3067/2/3067 3066/3/3066
vt 0.0966350 0.1904098
f 3068/1/3068 3078/4/3078 3067/2/3067
vt 0.6136337 0.9635319
vt 0.6166441 0.9578938
vt 0.6160180 0.9606693
f 3425/5/3425 3416/6/3416 3418/7/3418
vt 0.8544922 0.8576255
vt 0.8566619 0.8580179
vt 0.8470906 0.8627127
f 3400/8/3400 3401/9/3401 3402/10/3402
vt 0.1024452 0.7105768
vt 0.1032884 0.7012548
vt 0.1032884 0.7118726
f 2707/11/2707 2708/12/2708 2709/13/2709
vt 0.5807904 0.6774794
vt 0.5599420 0.6770978
vt 0.5798816 0.6606653
f 667/14/667 666/15/666 688/16/688
vt 0.5801333 0.6952167
vt 0.5598959 0.6957504
f 666/15/666 647/17/647 650/18/650
vt 0.5450341 0.6782904
f 650/18/650 669/19/669 666/15/666
vt 0.5460757 0.6962074
f 650/18/650 651/20/651 669/19/669
vt 0.5448905 0.6615260
f 666/15/666 669/19/669 690/21/690
vt 0.5980369 0.6774977
vt 0.5989330 0.6955061
f 668/22/668 648/23/648 667/14/667
f 648/23/648 647/17/647 667/14/667
f 667/14/667 688/16/688 668/22/668
f 647/17/647 666/15/666 667/14/667
vt 0.5595928 0.6574399
f 666/15/666 689/24/689 688/16/688
vt 0.5803654 0.6409809
f 688/16/688 689/24/689 713/25/713
vt 0.5595686 0.6396959
f 689/24/689 714/26/714 713/25/713
vt 0.5613127 0.7132979
f 650/18/650 634/27/634 651/20/651
vt 0.5473075 0.7126543
f 635/28/635 651/20/651 634/27/634
vt 0.5446795 0.6416176
f 689/24/689 690/21/690 716/29/716
f 666/15/666 690/21/690 689/24/689
vt 0.5292446 0.6625131
f 669/19/669 691/30/691 690/21/690
f 690/21/690 691/30/691 716/29/716
vt 0.5308282 0.6965817
f 651/20/651 652/31/652 669/19/669
vt 0.5284351 0.6793560
f 652/31/652 670/32/670 669/19/669
f 669/19/669 670/32/670 691/30/691
vt 0.6117349 0.6780693
f 648/23/648 668/22/668 671/33/671
vt 0.6108919 0.6599833
f 671/33/671 668/22/668 693/34/693
vt 0.5999789 0.6592035
f 693/34/693 668/22/668 692/35/692
f 668/22/668 688/16/688 692/35/692
vt 0.5990599 0.6397996
f 692/35/692 713/25/713 715/36/715
vt 0.5981449 0.7118295
f 637/37/637 647/17/647 648/23/648
f 688/16/688 713/25/713 692/35/692
vt 0.5809938 0.7114128
f 636/38/636 647/17/647 637/37/637
f 636/38/636 650/18/650 647/17/647
vt 0.5598391 0.6304209
f 714/26/714 732/39/732 713/25/713
f 636/38/636 634/27/634 650/18/650
f 689/24/689 716/29/716 714/26/714
vt 0.5304086 0.7138863
f 640/40/640 652/31/652 635/28/635
f 635/28/635 652/31/652 651/20/651
vt 0.5287646 0.6424515
f 716/29/716 691/30/691 718/41/718
vt 0.5091414 0.6607638
f 691/30/691 696/42/696 718/41/718
vt 0.5143299 0.7130862
f 640/40/640 653/43/653 652/31/652
vt 0.5131009 0.6964389
f 652/31/652 662/44/662 670/32/670
f 653/43/653 662/44/662 652/31/652
vt 0.5089471 0.6804064
f 670/32/670 676/45/676 691/30/691
f 691/30/691 676/45/676 696/42/696
f 662/44/662 676/45/676 670/32/670
vt 0.6250700 0.6966544
vt 0.6114681 0.6957447
f 664/46/664 649/47/649 671/33/671
vt 0.6245110 0.6783128
f 664/46/664 671/33/671 672/48/672
vt 0.6250626 0.6605749
f 672/48/672 671/33/671 697/49/697
f 671/33/671 693/34/693 697/49/697
vt 0.6238007 0.6428586
f 697/49/697 693/34/693 721/50/721
vt 0.6120696 0.6399370
f 721/50/721 693/34/693 720/51/720
vt 0.6109350 0.7113215
f 638/52/638 648/23/648 649/47/649
f 692/35/692 720/51/720 693/34/693
f 638/52/638 637/37/637 648/23/648
f 692/35/692 715/36/715 720/51/720
vt 0.5816067 0.6286156
f 713/25/713 731/53/731 715/36/715
vt 0.5820480 0.7305001
f 621/54/621 636/38/636 637/37/637
f 713/25/713 732/39/732 731/53/731
vt 0.5599512 0.6199661
f 731/53/731 732/39/732 741/55/741
f 621/54/621 634/27/634 636/38/636
vt 0.5615941 0.7324202
f 622/56/622 634/27/634 621/54/621
vt 0.5467048 0.7323606
f 622/56/622 625/57/625 634/27/634
vt 0.5444347 0.6233037
f 714/26/714 733/58/733 732/39/732
f 625/57/625 635/28/635 634/27/634
f 732/39/732 733/58/733 741/55/741
f 714/26/714 716/29/716 733/58/733
vt 0.5314031 0.7331197
f 628/59/628 640/40/640 635/28/635
f 625/57/625 628/59/628 635/28/635
vt 0.5291702 0.6248041
f 733/58/733 716/29/716 734/60/734
f 716/29/716 718/41/718 734/60/734
vt 0.5118723 0.6452345
f 696/42/696 719/61/719 718/41/718
vt 0.5145060 0.7317369
f 640/40/640 633/62/633 653/43/653
vt 0.4957513 0.7000321
f 653/43/653 663/63/663 662/44/662
f 662/44/662 663/63/663 676/45/676
vt 0.6345853 0.6790237
vt 0.6359548 0.6606584
f 673/64/673 672/48/672 712/65/712
f 673/64/673 664/46/664 672/48/672
f 672/48/672 697/49/697 712/65/712
vt 0.6231343 0.7123851
f 639/66/639 649/47/649 664/46/664
f 639/66/639 638/52/638 649/47/649
vt 0.6094280 0.7293441
f 639/66/639 623/67/623 638/52/638
vt 0.6004713 0.7299159
f 623/67/623 620/68/620 637/37/637
vt 0.5991930 0.6228014
vt 0.6118293 0.6247423
f 720/51/720 737/69/737 743/70/743
f 720/51/720 715/36/715 737/69/737
vt 0.5812283 0.6172780
f 731/53/731 745/71/745 737/69/737
vt 0.8593557 0.4062923
vt 0.8563522 0.4274766
vt 0.8427439 0.4068853
f 2585/72/2585 2570/73/2570 2584/74/2584
vt 0.5627505 0.7459720
f 601/75/601 622/56/622 621/54/621
vt 0.8600863 0.4517655
vt 0.8445327 0.4518760
f 2570/73/2570 2550/76/2550 2551/77/2551
vt 0.8633613 0.4695000
vt 0.8457423 0.4700370
f 2541/78/2541 2540/79/2540 2550/76/2550
vt 0.5473062 0.7471139
f 619/80/619 628/59/628 625/57/625
vt 0.8645215 0.4870912
f 2541/78/2541 2523/81/2523 2540/79/2540
vt 0.8454477 0.4895074
f 2523/81/2523 2525/82/2525 2540/79/2540
vt 0.5125355 0.6285098
f 718/41/718 739/83/739 734/60/734
f 628/59/628 633/62/633 640/40/640
f 718/41/718 719/61/719 739/83/739
vt 0.5010732 0.6282364
f 739/83/739 719/61/719 740/84/740
vt 0.5031665 0.7164040
f 633/62/633 660/85/660 653/43/653
vt 0.4955045 0.6452374
f 719/61/719 730/86/730 740/84/740
f 653/43/653 660/85/660 663/63/663
f 719/61/719 696/42/696 730/86/730
vt 0.4929156 0.7157620
f 660/85/660 661/87/661 663/63/663
vt 0.4913697 0.6624012
f 696/42/696 717/88/717 730/86/730
f 676/45/676 717/88/717 696/42/696
vt 0.4900179 0.6817828
f 663/63/663 694/89/694 676/45/676
f 694/89/694 717/88/717 676/45/676
vt 0.4791920 0.7009889
f 663/63/663 685/90/685 694/89/694
vt 0.4851835 0.6636429
f 694/89/694 724/91/724 717/88/717
vt 0.6383034 0.6974680
f 665/92/665 664/46/664 673/64/673
f 639/66/639 664/46/664 665/92/665
f 697/49/697 721/50/721 712/65/712
vt 0.6233593 0.7291922
f 624/93/624 623/67/623 639/66/639
vt 0.6283177 0.6282623
f 721/50/721 720/51/720 746/94/746
f 746/94/746 720/51/720 743/70/743
vt 0.6039787 0.7424629
f 623/67/623 605/95/605 620/68/620
vt 0.8593997 0.3916020
f 2594/96/2594 2585/72/2585 2584/74/2584
vt 0.5824242 0.7451270
f 620/68/620 600/97/600 621/54/621
f 620/68/620 605/95/605 600/97/600
f 600/97/600 601/75/601 621/54/621
f 601/75/601 619/80/619 622/56/622
f 2550/76/2550 2540/79/2540 2551/77/2551
f 619/80/619 625/57/625 622/56/622
vt 0.5318666 0.7464176
f 619/80/619 627/98/627 628/59/628
vt 0.8671055 0.5064029
vt 0.8535923 0.5054439
f 2523/81/2523 2510/99/2510 2509/100/2509
f 2523/81/2523 2509/100/2509 2525/82/2525
vt 0.8660055 0.5195808
f 2510/99/2510 2499/101/2499 2509/100/2509
vt 0.5067327 0.7339301
f 654/102/654 660/85/660 633/62/633
vt 0.8802184 0.5278882
vt 0.8777838 0.5356305
f 2486/103/2486 2488/104/2488 2499/101/2499
vt 0.8944712 0.5351923
f 2486/103/2486 2487/105/2487 2488/104/2488
f 661/87/661 685/90/685 663/63/663
vt 0.8945096 0.5424204
f 2487/105/2487 2481/106/2481 2488/104/2488
vt 0.4781668 0.6829540
f 685/90/685 698/107/698 694/89/694
vt 0.9110062 0.5405419
vt 0.9093820 0.5539982
f 2485/108/2485 2467/109/2467 2481/106/2481
vt 0.6469126 0.6797175
f 665/92/665 673/64/673 695/110/695
f 673/64/673 712/65/712 695/110/695
vt 0.6485801 0.6607899
f 695/110/695 712/65/712 722/111/722
vt 0.6369217 0.7114078
f 644/112/644 639/66/639 665/92/665
vt 0.6365524 0.6431293
vt 0.6375332 0.6275911
f 728/113/728 746/94/746 747/114/747
vt 0.6369349 0.7280172
f 642/115/642 639/66/639 644/112/644
f 721/50/721 746/94/746 728/113/728
f 642/115/642 624/93/624 639/66/639
vt 0.8597491 0.3722327
vt 0.8500325 0.3803208
f 2601/116/2601 2594/96/2594 2599/117/2599
f 624/93/624 605/95/605 623/67/623
vt 0.8418009 0.3918835
f 2594/96/2594 2595/118/2595 2599/117/2599
f 2594/96/2594 2584/74/2584 2595/118/2595
vt 0.8410417 0.4312584
f 2584/74/2584 2570/73/2570 2571/119/2571
f 2570/73/2570 2551/77/2551 2571/119/2571
vt 0.5159541 0.7449362
f 627/98/627 632/120/632 628/59/628
f 632/120/632 633/62/633 628/59/628
f 632/120/632 654/102/654 633/62/633
vt 0.4929864 0.7330034
f 654/102/654 659/121/659 660/85/660
f 659/121/659 661/87/661 660/85/660
vt 0.8620255 0.5344029
f 2499/101/2499 2488/104/2488 2491/122/2491
vt 0.4787521 0.7160897
f 661/87/661 683/123/683 685/90/685
vt 0.8922480 0.5514498
f 2481/106/2481 2467/109/2467 2468/124/2468
vt 0.8786402 0.5517670
f 2481/106/2481 2468/124/2468 2469/125/2469
vt 0.9247754 0.5571991
vt 0.9077893 0.5730623
f 2464/126/2464 2454/127/2454 2467/109/2467
vt 0.6471371 0.6968628
vt 0.6612321 0.6802429
f 675/128/675 695/110/695 708/129/708
f 708/129/708 695/110/695 722/111/722
vt 0.6475992 0.7128608
f 674/130/674 644/112/644 675/128/675
f 675/128/675 665/92/665 695/110/695
vt 0.6498863 0.6441042
f 722/111/722 712/65/712 729/131/729
f 675/128/675 644/112/644 665/92/665
f 674/130/674 642/115/642 644/112/644
f 712/65/712 728/113/728 729/131/729
vt 0.6247506 0.7418895
f 615/132/615 605/95/605 624/93/624
vt 0.6141080 0.7487537
f 615/132/615 607/133/607 605/95/605
vt 0.5817006 0.7610947
vt 0.5625435 0.7607898
f 598/134/598 599/135/599 600/97/600
vt 0.8318018 0.4532861
f 2551/77/2551 2552/136/2552 2571/119/2571
f 599/135/599 601/75/601 600/97/600
f 599/135/599 619/80/619 601/75/601
f 2551/77/2551 2540/79/2540 2552/136/2552
vt 0.8320906 0.4706616
f 2540/79/2540 2548/137/2548 2552/136/2552
vt 0.5325718 0.7641264
f 626/138/626 627/98/627 619/80/619
vt 0.8446218 0.5076441
f 2525/82/2525 2509/100/2509 2515/139/2515
vt 0.8459346 0.5155532
f 2509/100/2509 2508/140/2508 2515/139/2515
f 2509/100/2509 2499/101/2499 2508/140/2508
f 2499/101/2499 2491/122/2491 2508/140/2508
vt 0.4925946 0.7468758
f 657/141/657 659/121/659 654/102/654
vt 0.8636680 0.5501086
f 2488/104/2488 2480/142/2480 2491/122/2491
f 2488/104/2488 2469/125/2469 2480/142/2480
vt 0.4789334 0.7338408
f 659/121/659 682/143/682 661/87/661
f 682/143/682 683/123/683 661/87/661
vt 0.8916883 0.5700030
f 2468/124/2468 2455/144/2455 2469/125/2469
vt 0.4620921 0.7054358
f 683/123/683 703/145/703 685/90/685
f 2467/109/2467 2455/144/2455 2468/124/2468
vt 0.9238536 0.5769289
f 2464/126/2464 2453/146/2453 2454/127/2454
f 2467/109/2467 2454/127/2454 2455/144/2455
vt 0.6589440 0.6975854
f 675/128/675 687/147/687 674/130/674
f 687/147/687 675/128/675 708/129/708
vt 0.6623499 0.6611236
f 723/148/723 708/129/708 722/111/722
f 723/148/723 722/111/722 729/131/729
vt 0.6469563 0.7296544
f 646/149/646 642/115/642 674/130/674
vt 0.6500255 0.6282535
f 729/131/729 728/113/728 748/150/748
f 728/113/728 747/114/747 748/150/748
vt 0.6419148 0.7394555
f 642/115/642 643/151/643 615/132/615
vt 0.8574029 0.3619640
vt 0.8470816 0.3636870
f 2607/152/2607 2601/116/2601 2606/153/2606
f 2601/116/2601 2599/117/2599 2606/153/2606
f 615/132/615 624/93/624 642/115/642
vt 0.8391125 0.3716353
f 2599/117/2599 2603/154/2603 2606/153/2606
f 2599/117/2599 2595/118/2595 2603/154/2603
vt 0.6031574 0.7602085
f 607/133/607 604/155/604 605/95/605
vt 0.8297940 0.4087251
f 2584/74/2584 2571/119/2571 2586/156/2586
f 604/155/604 598/134/598 600/97/600
f 604/155/604 600/97/600 605/95/605
vt 0.8310148 0.4322128
f 2571/119/2571 2572/157/2572 2586/156/2586
f 2571/119/2571 2552/136/2552 2572/157/2572
vt 0.5476287 0.7615144
f 617/158/617 619/80/619 599/135/599
vt 0.5482156 0.7726125
f 599/135/599 616/159/616 617/158/617
f 617/158/617 626/138/626 619/80/619
f 2540/79/2540 2525/82/2525 2548/137/2548
vt 0.8332528 0.4897951
f 2525/82/2525 2538/160/2538 2548/137/2548
vt 0.5172380 0.7642941
f 631/161/631 627/98/627 626/138/626
f 631/161/631 632/120/632 627/98/627
vt 0.4992263 0.7549705
f 631/161/631 655/162/655 632/120/632
f 655/162/655 654/102/654 632/120/632
f 655/162/655 657/141/657 654/102/654
vt 0.8449125 0.5323617
f 2508/140/2508 2491/122/2491 2500/163/2500
vt 0.8535497 0.5499586
f 2491/122/2491 2480/142/2480 2489/164/2489
vt 0.4808119 0.7466988
f 657/141/657 681/165/681 659/121/659
f 659/121/659 681/165/681 682/143/682
vt 0.4639141 0.7196794
f 699/166/699 703/145/703 683/123/683
vt 0.8777562 0.5682212
f 2455/144/2455 2457/167/2457 2469/125/2469
vt 0.6588695 0.7131912
f 678/168/678 674/130/674 687/147/687
vt 0.6632575 0.6444567
f 723/148/723 729/131/729 742/169/742
f 742/169/742 729/131/729 748/150/748
f 643/151/643 642/115/642 646/149/646
vt 0.8552417 0.3477598
f 2617/170/2617 2607/152/2607 2606/153/2606
vt 0.6257988 0.7575987
f 614/171/614 607/133/607 615/132/615
f 2584/74/2584 2586/156/2586 2595/118/2595
vt 0.5819830 0.7723984
vt 0.5633706 0.7722642
f 598/134/598 603/172/603 602/173/602
vt 0.8191095 0.4534538
f 2552/136/2552 2567/174/2567 2572/157/2572
f 598/134/598 602/173/602 599/135/599
f 2552/136/2552 2548/137/2548 2567/174/2567
f 616/159/616 599/135/599 602/173/602
vt 0.8200715 0.4916711
f 2548/137/2548 2538/160/2538 2549/175/2549
f 616/159/616 626/138/626 617/158/617
vt 0.8292609 0.5063753
f 2515/139/2515 2522/176/2522 2538/160/2538
f 2491/122/2491 2489/164/2489 2500/163/2500
f 682/143/682 699/166/699 683/123/683
vt 0.4650942 0.7354740
f 682/143/682 700/177/700 699/166/699
f 2469/125/2469 2457/167/2457 2480/142/2480
vt 0.9065058 0.5929878
f 2453/146/2453 2441/178/2441 2454/127/2454
vt 0.8889050 0.5889435
f 2454/127/2454 2440/179/2440 2455/144/2455
vt 0.6791780 0.6815678
vt 0.6751512 0.6983494
f 725/180/725 711/181/711 708/129/708
f 678/168/678 687/147/687 711/181/711
f 687/147/687 708/129/708 711/181/711
vt 0.6574243 0.7294988
f 677/182/677 674/130/674 678/168/678
vt 0.6633133 0.6296803
f 742/169/742 748/150/748 749/183/749
f 677/182/677 646/149/646 674/130/674
vt 0.8424941 0.3516995
f 2617/170/2617 2606/153/2606 2615/184/2615
vt 0.6424346 0.7495983
f 641/185/641 615/132/615 643/151/643
f 641/185/641 614/171/614 615/132/615
vt 0.8286560 0.3751193
f 2603/154/2603 2595/118/2595 2602/186/2602
vt 0.6155921 0.7599785
f 608/187/608 607/133/607 614/171/614
vt 0.8281221 0.3932847
f 2595/118/2595 2598/188/2598 2602/186/2602
f 608/187/608 604/155/604 607/133/607
f 2595/118/2595 2586/156/2586 2598/188/2598
vt 0.8178374 0.4329959
f 2586/156/2586 2572/157/2572 2576/189/2576
f 603/172/603 598/134/598 604/155/604
vt 0.8187768 0.4724177
f 2548/137/2548 2554/190/2554 2567/174/2567
f 2548/137/2548 2549/175/2549 2554/190/2554
vt 0.5312344 0.7787644
f 616/159/616 629/191/629 626/138/626
f 629/191/629 631/161/631 626/138/626
f 2538/160/2538 2522/176/2522 2549/175/2549
vt 0.5002828 0.7656225
f 656/192/656 655/162/655 631/161/631
vt 0.8297961 0.5198632
f 2515/139/2515 2508/140/2508 2520/193/2520
vt 0.8437796 0.5502632
f 2500/163/2500 2489/164/2489 2490/194/2490
vt 0.4677946 0.7517926
f 681/165/681 701/195/701 682/143/682
vt 0.8619691 0.5673564
f 2480/142/2480 2465/196/2465 2489/164/2489
f 2480/142/2480 2457/167/2457 2465/196/2465
vt 0.9360664 0.5792120
vt 0.9492799 0.5829809
vt 0.9452663 0.5982127
f 2458/197/2458 2463/198/2463 2452/199/2452
vt 0.9222614 0.5980037
f 2458/197/2458 2443/200/2443 2453/146/2453
f 2443/200/2443 2441/178/2441 2453/146/2453
f 2440/179/2440 2457/167/2457 2455/144/2455
f 2454/127/2454 2441/178/2441 2440/179/2440
vt 0.6782237 0.6626440
f 725/180/725 708/129/708 726/201/726
f 708/129/708 723/148/723 726/201/726
vt 0.6789095 0.6448771
f 726/201/726 723/148/723 753/202/753
f 723/148/723 742/169/742 753/202/753
f 742/169/742 749/183/749 753/202/753
vt 0.8533143 0.3325289
vt 0.8414671 0.3352993
f 2620/203/2620 2617/170/2617 2619/204/2619
f 2617/170/2617 2615/184/2615 2619/204/2619
f 643/151/643 646/149/646 677/182/677
vt 0.6580095 0.7463812
f 679/205/679 641/185/641 643/151/643
f 2606/153/2606 2603/154/2603 2615/184/2615
vt 0.6042947 0.7712181
f 608/187/608 606/206/606 604/155/604
vt 0.8161808 0.4084063
f 2598/188/2598 2586/156/2586 2590/207/2590
f 2586/156/2586 2576/189/2576 2590/207/2590
f 606/206/606 603/172/603 604/155/604
vt 0.5479470 0.7881809
f 602/173/602 618/208/618 616/159/616
vt 0.5114810 0.7773318
f 658/209/658 656/192/656 631/161/631
vt 0.4860937 0.7668143
f 656/192/656 684/210/684 655/162/655
f 684/210/684 657/141/657 655/162/655
f 684/210/684 681/165/681 657/141/657
f 701/195/701 700/177/700 682/143/682
vt 0.8532162 0.5666323
f 2465/196/2465 2472/211/2472 2489/164/2489
vt 0.8623349 0.5877904
f 2457/167/2457 2456/212/2456 2465/196/2465
vt 0.9307704 0.6002967
f 2452/199/2452 2444/213/2444 2458/197/2458
f 2458/197/2458 2444/213/2444 2443/200/2443
vt 0.8755870 0.5885813
f 2457/167/2457 2440/179/2440 2442/214/2442
vt 0.6732429 0.7282809
vt 0.6742780 0.7121536
f 706/215/706 678/168/678 710/216/710
vt 0.3287718 0.8134012
vt 0.3455909 0.8288347
vt 0.3265221 0.8315582
f 2108/217/2108 2145/218/2145 2102/219/2102
f 706/215/706 677/182/677 678/168/678
vt 0.8284045 0.3607724
f 2615/184/2615 2602/186/2602 2616/220/2616
vt 0.6435406 0.7643549
f 641/185/641 645/221/645 614/171/614
vt 0.6237702 0.7726505
f 612/222/612 608/187/608 614/171/614
vt 0.8139119 0.3793828
f 2602/186/2602 2598/188/2598 2604/223/2604
f 2598/188/2598 2590/207/2590 2604/223/2604
f 612/222/612 606/206/606 608/187/608
vt 0.5833117 0.7877828
f 606/206/606 609/224/609 603/172/603
vt 0.5643753 0.7876067
f 603/172/603 611/225/611 602/173/602
f 611/225/611 618/208/618 602/173/602
vt 0.8008340 0.4548120
f 2567/174/2567 2554/190/2554 2575/226/2575
vt 0.5283533 0.7880712
f 630/227/630 631/161/631 629/191/629
f 630/227/630 658/209/658 631/161/631
vt 0.8291628 0.5471346
f 2500/163/2500 2490/194/2490 2505/228/2505
f 684/210/684 701/195/701 681/165/681
vt 0.4754460 0.7692243
f 684/210/684 702/229/702 701/195/701
f 2489/164/2489 2472/211/2472 2490/194/2490
vt 0.9633221 0.5857773
f 2501/230/2501 2452/199/2452 2463/198/2463
f 2457/167/2457 2442/214/2442 2456/212/2456
vt 0.9020451 0.6133590
f 2440/179/2440 2441/178/2441 2423/231/2423
vt 0.3223718 0.8219597
f 2108/217/2108 2102/219/2102 2098/232/2098
vt 0.3452093 0.8432825
f 2145/218/2145 2148/233/2148 2102/219/2102
vt 0.8251029 0.3463409
f 2615/184/2615 2621/234/2621 2619/204/2619
f 2615/184/2615 2616/220/2616 2621/234/2621
f 2602/186/2602 2604/223/2604 2616/220/2616
vt 0.6060088 0.7846147
f 612/222/612 610/235/610 606/206/606
vt 0.8038027 0.4173629
f 2576/189/2576 2591/236/2591 2590/207/2590
f 603/172/603 609/224/609 611/225/611
vt 0.8062203 0.4354217
f 2577/237/2577 2567/174/2567 2575/226/2575
vt 0.8015953 0.4748420
f 2554/190/2554 2549/175/2549 2568/238/2568
f 618/208/618 629/191/629 616/159/616
f 618/208/618 630/227/630 629/191/629
vt 0.8158590 0.5072069
f 2522/176/2522 2539/239/2539 2549/175/2549
vt 0.5122634 0.7890133
f 686/240/686 658/209/658 630/227/630
f 2522/176/2522 2520/193/2520 2539/239/2539
vt 0.4945272 0.7799314
f 658/209/658 704/241/704 656/192/656
vt 0.8279624 0.5617530
f 2490/194/2490 2504/242/2504 2505/228/2505
vt 0.8425369 0.5671560
f 2490/194/2490 2472/211/2472 2476/243/2476
vt 0.9583271 0.6017009
f 2501/230/2501 2462/244/2462 2452/199/2452
vt 0.6919774 0.7007309
f 736/245/736 711/181/711 725/180/725
vt 0.6970595 0.6482291
f 726/201/726 753/202/753 755/246/755
vt 0.3093047 0.8115070
f 2088/247/2088 2108/217/2108 2098/232/2098
vt 0.6895155 0.7159091
f 706/215/706 710/216/710 735/248/735
vt 0.6737239 0.7442289
f 709/249/709 677/182/677 706/215/706
vt 0.3262285 0.8428203
f 2102/219/2102 2148/233/2148 2103/250/2103
f 709/249/709 679/205/679 677/182/677
vt 0.6557347 0.7628626
f 680/251/680 641/185/641 679/205/679
f 645/221/645 612/222/612 614/171/614
vt 0.8114535 0.3601303
f 2604/223/2604 2618/252/2618 2616/220/2616
vt 0.6185830 0.7851862
f 613/253/613 610/235/610 612/222/612
f 610/235/610 609/224/609 606/206/606
vt 0.8043270 0.4046022
f 2590/207/2590 2591/236/2591 2600/254/2600
f 2576/189/2576 2577/237/2577 2591/236/2591
f 2575/226/2575 2554/190/2554 2568/238/2568
vt 0.8308907 0.5306477
vt 0.8157485 0.5278212
f 2520/193/2520 2506/255/2506 2524/256/2524
f 704/241/704 684/210/684 656/192/656
f 2506/255/2506 2505/228/2505 2524/256/2524
vt 0.8516167 0.5862998
f 2465/196/2465 2471/257/2471 2472/211/2472
f 2456/212/2456 2471/257/2471 2465/196/2465
vt 0.9421799 0.6154917
f 2452/199/2452 2445/258/2445 2444/213/2444
vt 0.8724713 0.6083566
f 2442/214/2442 2431/259/2431 2456/212/2456
vt 0.9276272 0.6178389
f 2444/213/2444 2432/260/2432 2443/200/2443
vt 0.9162596 0.6193757
f 2443/200/2443 2422/261/2422 2441/178/2441
f 2422/261/2422 2423/231/2423 2441/178/2441
vt 0.8863578 0.6127780
f 2423/231/2423 2424/262/2424 2440/179/2440
f 2440/179/2440 2424/262/2424 2442/214/2442
vt 0.6959439 0.6830461
f 736/245/736 725/180/725 744/263/744
vt 0.6963881 0.6639486
f 744/263/744 725/180/725 754/264/754
f 735/248/735 710/216/710 736/245/736
vt 0.6871052 0.7305192
f 738/265/738 706/215/706 735/248/735
f 709/249/709 706/215/706 738/265/738
vt 0.3370930 0.8649250
f 2148/233/2148 2147/266/2147 2103/250/2103
f 680/251/680 645/221/645 641/185/641
f 2616/220/2616 2618/252/2618 2621/234/2621
vt 0.6424298 0.7745590
f 645/221/645 705/267/705 612/222/612
vt 0.8012765 0.3822050
f 2604/223/2604 2605/268/2605 2618/252/2618
f 2604/223/2604 2600/254/2600 2605/268/2605
vt 0.5651746 0.8029407
f 766/269/766 611/225/611 609/224/609
vt 0.5456873 0.8029941
f 769/270/769 618/208/618 611/225/611
f 766/269/766 769/270/769 611/225/611
vt 0.8040031 0.4982892
f 2549/175/2549 2555/271/2555 2568/238/2568
f 2549/175/2549 2539/239/2539 2555/271/2555
vt 0.5265687 0.8021981
f 770/272/770 686/240/686 630/227/630
vt 0.8034806 0.5135667
f 2539/239/2539 2546/273/2546 2555/271/2555
f 2539/239/2539 2520/193/2520 2524/256/2524
f 686/240/686 704/241/704 658/209/658
vt 0.4798365 0.7834017
f 704/241/704 774/274/774 684/210/684
f 774/274/774 702/229/702 684/210/684
f 2490/194/2490 2476/243/2476 2504/242/2504
vt 0.4637911 0.7736848
f 776/275/776 701/195/701 702/229/702
vt 0.4559334 0.7718357
vt 0.4527849 0.7529626
f 701/195/701 777/276/777 778/277/778
vt 0.8415089 0.5858628
f 2471/257/2471 2475/278/2475 2472/211/2472
f 2462/244/2462 2445/258/2445 2452/199/2452
vt 0.8565351 0.6055246
f 2456/212/2456 2439/279/2439 2471/257/2471
f 2431/259/2431 2439/279/2439 2456/212/2456
f 2445/258/2445 2432/260/2432 2444/213/2444
f 2442/214/2442 2424/262/2424 2431/259/2431
f 2432/260/2432 2422/261/2422 2443/200/2443
vt 0.3085596 0.8325527
f 2098/232/2098 2102/219/2102 2083/280/2083
vt 0.6902515 0.7459962
f 750/281/750 709/249/709 738/265/738
f 679/205/679 709/249/709 680/251/680
vt 0.6278539 0.7864467
f 705/267/705 707/282/707 612/222/612
f 707/282/707 613/253/613 612/222/612
vt 0.6064385 0.7993852
f 764/283/764 609/224/609 610/235/610
vt 0.5913457 0.8019785
vt 0.5816181 0.8028458
f 765/284/765 767/285/767 609/224/609
f 767/285/767 766/269/766 609/224/609
vt 0.7964535 0.4350034
f 2577/237/2577 2575/226/2575 2592/286/2592
f 769/270/769 630/227/630 618/208/618
f 769/270/769 770/272/770 630/227/630
vt 0.5121673 0.7995302
f 771/287/771 686/240/686 770/272/770
f 2539/239/2539 2524/256/2524 2546/273/2546
vt 0.4947504 0.7935439
f 773/288/773 704/241/704 686/240/686
vt 0.4823973 0.7945383
f 773/288/773 775/289/775 704/241/704
vt 0.8154114 0.5481130
f 2524/256/2524 2505/228/2505 2519/290/2519
f 774/274/774 776/275/776 702/229/702
f 776/275/776 777/276/777 701/195/701
vt 0.4374939 0.7575335
f 778/277/778 777/276/777 822/291/822
vt 0.9554979 0.6192006
f 2462/244/2462 2461/292/2461 2445/258/2445
vt 0.7110211 0.6853336
f 760/293/760 736/245/736 744/263/744
f 760/293/760 744/263/744 754/264/754
vt 0.7039472 0.7146764
vt 0.7093781 0.7018690
f 758/294/758 736/245/736 759/295/759
vt 0.2911359 0.7962356
vt 0.3080956 0.7949814
vt 0.2895893 0.8061161
f 2067/296/2067 2089/297/2089 2057/298/2057
f 758/294/758 735/248/735 736/245/736
vt 0.3052213 0.8172877
f 2088/247/2088 2098/232/2098 2077/299/2077
f 2077/299/2077 2098/232/2098 2083/280/2083
vt 0.3100234 0.8436634
f 2083/280/2083 2102/219/2102 2087/300/2087
f 2102/219/2102 2103/250/2103 2087/300/2087
vt 0.6711602 0.7595624
f 727/301/727 680/251/680 709/249/709
vt 0.3283252 0.8640266
f 2103/250/2103 2147/266/2147 2111/302/2111
f 705/267/705 645/221/645 680/251/680
vt 0.6259270 0.7968741
f 768/303/768 764/283/764 613/253/613
f 613/253/613 764/283/764 610/235/610
vt 0.7904519 0.3869933
f 2605/268/2605 2600/254/2600 2609/304/2609
vt 0.7935567 0.4075382
f 2600/254/2600 2591/236/2591 2608/305/2608
f 765/284/765 609/224/609 764/283/764
f 2591/236/2591 2592/286/2592 2608/305/2608
vt 0.5112270 0.8077553
f 770/272/770 795/306/795 771/287/771
f 771/287/771 773/288/773 686/240/686
f 775/289/775 774/274/774 704/241/704
vt 0.8256161 0.5795578
f 2476/243/2476 2495/307/2495 2504/242/2504
f 2476/243/2476 2475/278/2475 2495/307/2495
vt 0.9272730 0.6298507
f 2432/260/2432 2420/308/2420 2422/261/2422
vt 0.9010332 0.6297873
f 2422/261/2422 2418/309/2418 2423/231/2423
vt 0.8849286 0.6288983
f 2424/262/2424 2419/310/2419 2431/259/2431
f 2423/231/2423 2418/309/2418 2424/262/2424
f 2057/298/2057 2088/247/2088 2077/299/2077
vt 0.7008734 0.7288553
f 750/281/750 738/265/738 756/311/756
vt 0.6802882 0.7631064
f 751/312/751 727/301/727 709/249/709
vt 0.6675210 0.7748698
f 762/313/762 680/251/680 727/301/727
vt 0.3587690 0.8849870
vt 0.3373625 0.8828772
f 2147/266/2147 2171/314/2171 2149/315/2149
vt 0.7973257 0.3600245
f 2618/252/2618 2605/268/2605 2629/316/2629
f 768/303/768 613/253/613 707/282/707
vt 0.7839207 0.4360086
f 2592/286/2592 2575/226/2575 2593/317/2593
vt 0.8029851 0.5254916
f 2524/256/2524 2545/318/2545 2546/273/2546
vt 0.4961424 0.8059798
f 798/319/798 773/288/773 771/287/771
vt 0.8035345 0.5434402
f 2524/256/2524 2536/320/2536 2545/318/2545
f 2524/256/2524 2519/290/2519 2536/320/2536
vt 0.8150223 0.5595742
vt 0.8136120 0.5780340
f 2518/321/2518 2504/242/2504 2511/322/2511
f 2504/242/2504 2495/307/2495 2511/322/2511
vt 0.4399639 0.7715487
f 777/276/777 823/323/823 822/291/822
vt 0.9392567 0.6331447
f 2445/258/2445 2421/324/2421 2432/260/2432
f 2421/324/2421 2420/308/2420 2432/260/2432
vt 0.9148885 0.6332604
f 2420/308/2420 2417/325/2417 2422/261/2422
f 2417/325/2417 2418/309/2418 2422/261/2422
f 2418/309/2418 2419/310/2419 2424/262/2424
vt 0.8703964 0.6226781
f 2419/310/2419 2430/326/2430 2431/259/2431
vt 0.2913637 0.8315287
f 2077/299/2077 2083/280/2083 2059/327/2059
vt 0.6989797 0.7427281
f 757/328/757 750/281/750 756/311/756
f 751/312/751 709/249/709 750/281/750
vt 0.3132905 0.8614708
f 2093/329/2093 2103/250/2103 2111/302/2111
f 2147/266/2147 2149/315/2149 2111/302/2111
vt 0.6593995 0.7841595
f 762/313/762 761/330/761 680/251/680
f 761/330/761 705/267/705 680/251/680
vt 0.3541378 0.9011915
f 2149/315/2149 2171/314/2171 2172/331/2172
vt 0.6431543 0.7922147
f 763/332/763 707/282/707 705/267/705
vt 0.7835405 0.4276583
vt 0.7822169 0.4106604
f 2592/286/2592 2610/333/2610 2612/334/2612
f 2592/286/2592 2593/317/2593 2610/333/2610
vt 0.7847205 0.4546189
f 2575/226/2575 2587/335/2587 2593/317/2593
vt 0.7880130 0.4751577
f 2575/226/2575 2569/336/2569 2587/335/2587
f 2575/226/2575 2568/238/2568 2569/336/2569
vt 0.5484223 0.8157463
f 766/269/766 784/337/784 769/270/769
vt 0.7879098 0.4981970
f 2568/238/2568 2566/338/2566 2569/336/2569
f 2555/271/2555 2546/273/2546 2566/338/2566
vt 0.4663768 0.7958399
f 775/289/775 818/339/818 774/274/774
f 818/339/818 776/275/776 774/274/774
vt 0.4497584 0.7924312
f 776/275/776 828/340/828 777/276/777
vt 0.8258926 0.5885214
f 2475/278/2475 2494/341/2494 2495/307/2495
vt 0.4408967 0.7778313
f 839/342/839 823/323/823 777/276/777
vt 0.8473092 0.6069442
f 2439/279/2439 2466/343/2466 2471/257/2471
f 2471/257/2471 2466/343/2466 2475/278/2475
f 2461/292/2461 2421/324/2421 2445/258/2445
vt 0.8528811 0.6189967
f 2431/259/2431 2438/344/2438 2439/279/2439
f 2431/259/2431 2430/326/2430 2438/344/2438
vt 0.7117715 0.7155330
f 790/345/790 756/311/756 758/294/758
vt 0.2888251 0.8200560
f 2057/298/2057 2077/299/2077 2058/346/2058
vt 0.2934189 0.8426393
f 2083/280/2083 2087/300/2087 2062/347/2062
vt 0.6877117 0.7560677
f 752/348/752 751/312/751 750/281/750
f 2087/300/2087 2103/250/2103 2093/329/2093
vt 0.3168231 0.8795035
f 2111/302/2111 2101/349/2101 2093/329/2093
vt 0.3251539 0.8815067
f 2111/302/2111 2149/315/2149 2112/350/2112
vt 0.3384998 0.8996149
f 2149/315/2149 2172/331/2172 2150/351/2150
f 761/330/761 763/332/763 705/267/705
f 707/282/707 763/332/763 768/303/768
vt 0.6220683 0.8116451
f 780/352/780 764/283/764 768/303/768
vt 0.6075288 0.8132749
f 765/284/765 764/283/764 779/353/779
vt 0.5840799 0.8183358
f 783/354/783 767/285/767 765/284/765
f 783/354/783 766/269/766 767/285/767
vt 0.5675938 0.8201570
f 766/269/766 783/354/783 786/355/786
vt 0.5302630 0.8209807
f 784/337/784 796/356/796 769/270/769
f 796/356/796 770/272/770 769/270/769
vt 0.5138685 0.8193679
f 770/272/770 797/357/797 795/306/795
f 795/306/795 798/319/798 771/287/771
f 798/319/798 775/289/775 773/288/773
vt 0.4810471 0.8092161
f 798/319/798 816/358/816 775/289/775
vt 0.8039007 0.5588259
f 2518/321/2518 2528/359/2528 2519/290/2519
f 2519/290/2519 2528/359/2528 2536/320/2536
f 818/339/818 828/340/828 776/275/776
f 828/340/828 839/342/839 777/276/777
vt 0.9525641 0.6373487
f 2461/292/2461 2451/360/2451 2421/324/2421
f 2439/279/2439 2438/344/2438 2466/343/2466
vt 0.8707815 0.6381975
f 2419/310/2419 2415/361/2415 2430/326/2430
vt 0.7252827 0.6879140
f 759/295/759 760/293/760 810/362/810
vt 0.2885430 0.7759539
vt 0.2725392 0.7897583
f 2068/363/2068 2067/296/2067 2053/364/2053
vt 0.7124670 0.7284853
f 791/365/791 756/311/756 790/345/790
f 2058/346/2058 2077/299/2077 2059/327/2059
vt 0.2945252 0.8609393
f 2087/300/2087 2093/329/2093 2070/366/2070
vt 0.3247833 0.8997152
f 2112/350/2112 2149/315/2149 2142/367/2142
vt 0.6666557 0.7841337
f 772/368/772 761/330/761 762/313/762
vt 0.6548713 0.7972575
f 761/330/761 782/369/782 763/332/763
vt 0.7988011 0.3781542
vt 0.7858080 0.3641144
f 2629/316/2629 2630/370/2630 2637/371/2637
vt 0.7786998 0.3920565
f 2609/304/2609 2608/305/2608 2613/372/2613
f 779/353/779 764/283/764 780/352/780
f 2608/305/2608 2612/334/2612 2613/372/2613
f 779/353/779 783/354/783 765/284/765
vt 0.5571943 0.8216430
f 785/373/785 766/269/766 786/355/786
f 785/373/785 784/337/784 766/269/766
vt 0.7803742 0.4759405
f 2569/336/2569 2566/338/2566 2596/374/2596
f 796/356/796 797/357/797 770/272/770
vt 0.7874543 0.5412521
f 2545/318/2545 2536/320/2536 2553/375/2553
f 775/289/775 816/358/816 818/339/818
f 2518/321/2518 2511/322/2511 2528/359/2528
f 2495/307/2495 2494/341/2494 2511/322/2511
vt 0.8373125 0.6041426
f 2475/278/2475 2474/376/2474 2494/341/2494
vt 0.4217741 0.7629229
f 823/323/823 855/377/855 822/291/822
f 2466/343/2466 2438/344/2438 2474/376/2474
vt 0.8574823 0.6354556
f 2430/326/2430 2429/378/2429 2438/344/2438
vt 0.8830847 0.6410134
f 2419/310/2419 2406/379/2406 2415/361/2415
vt 0.8966451 0.6457125
f 2417/325/2417 2405/380/2405 2418/309/2418
f 2405/380/2405 2406/379/2406 2419/310/2419
f 2418/309/2418 2405/380/2405 2419/310/2419
vt 0.7258755 0.7080611
f 802/381/802 790/345/790 759/295/759
vt 0.2757384 0.8023528
f 2049/382/2049 2053/364/2053 2067/296/2067
f 2067/296/2067 2057/298/2057 2049/382/2049
vt 0.7138721 0.7438021
f 791/365/791 793/383/793 756/311/756
f 793/383/793 757/328/757 756/311/756
f 2059/327/2059 2083/280/2083 2062/347/2062
vt 0.7095926 0.7490523
f 789/384/789 750/281/750 757/328/757
f 2087/300/2087 2070/366/2070 2062/347/2062
vt 0.3010991 0.8621997
f 2070/366/2070 2093/329/2093 2094/385/2094
vt 0.7005547 0.7598474
f 788/386/788 752/348/752 750/281/750
vt 0.6923538 0.7705361
f 787/387/787 751/312/751 752/348/752
vt 0.6826641 0.7821659
f 781/388/781 762/313/762 751/312/751
f 2149/315/2149 2150/351/2150 2142/367/2142
vt 0.6425803 0.8054962
f 763/332/763 792/389/792 768/303/768
f 792/389/792 780/352/780 768/303/768
vt 0.7731687 0.4116499
f 2612/334/2612 2610/333/2610 2634/390/2634
vt 0.5443050 0.8260682
f 785/373/785 815/391/815 784/337/784
f 784/337/784 815/391/815 796/356/796
vt 0.7858066 0.5254508
vt 0.7862638 0.5128369
f 2546/273/2546 2558/392/2558 2565/393/2565
vt 0.4979699 0.8213896
f 821/394/821 798/319/798 795/306/795
vt 0.8228527 0.5980272
f 2474/376/2474 2493/395/2493 2494/341/2494
vt 0.4263317 0.7822399
f 861/396/861 855/377/855 823/323/823
vt 0.8343310 0.6145706
f 2438/344/2438 2473/397/2473 2474/376/2474
vt 0.9472583 0.6557029
f 2451/360/2451 2447/398/2447 2421/324/2421
vt 0.8481601 0.6329988
f 2438/344/2438 2429/378/2429 2437/399/2437
vt 0.9218856 0.6497960
f 2420/308/2420 2408/400/2408 2417/325/2417
f 2430/326/2430 2415/361/2415 2429/378/2429
vt 0.9122373 0.6491504
f 2408/400/2408 2407/401/2407 2417/325/2417
f 2407/401/2407 2405/380/2405 2417/325/2417
vt 0.7222855 0.7297455
f 804/402/804 790/345/790 802/381/802
vt 0.2785160 0.8226250
f 2057/298/2057 2058/346/2058 2051/403/2051
f 804/402/804 791/365/791 790/345/790
f 788/386/788 750/281/750 789/384/789
f 788/386/788 787/387/787 752/348/752
f 787/387/787 781/388/781 751/312/751
f 781/388/781 772/368/772 762/313/762
f 761/330/761 772/368/772 782/369/782
vt 0.3536199 0.9158555
f 2172/331/2172 2180/404/2180 2150/351/2150
f 782/369/782 792/389/792 763/332/763
vt 0.7768752 0.3823302
f 2609/304/2609 2613/372/2613 2636/405/2636
f 2612/334/2612 2634/390/2634 2613/372/2613
vt 0.6083397 0.8274142
f 809/406/809 783/354/783 779/353/779
vt 0.7676952 0.4549339
f 2587/335/2587 2614/407/2614 2593/317/2593
vt 0.7697029 0.4722764
f 2587/335/2587 2596/374/2596 2611/408/2611
vt 0.5514489 0.8422225
f 785/373/785 827/409/827 815/391/815
vt 0.7690790 0.5006636
f 2566/338/2566 2565/393/2565 2589/410/2589
f 797/357/797 821/394/821 795/306/795
f 2545/318/2545 2553/375/2553 2558/392/2558
f 821/394/821 816/358/816 798/319/798
vt 0.8072721 0.5790504
f 2511/322/2511 2521/411/2521 2528/359/2528
vt 0.8095077 0.5952355
f 2494/341/2494 2493/395/2493 2512/412/2512
vt 0.4328974 0.8018802
f 862/413/862 839/342/839 828/340/828
f 839/342/839 861/396/861 823/323/823
vt 0.9348276 0.6535385
f 2447/398/2447 2414/414/2414 2421/324/2421
f 2421/324/2421 2414/414/2414 2420/308/2420
f 2420/308/2420 2414/414/2414 2408/400/2408
vt 0.2646542 0.7794417
vt 0.2671813 0.7581934
vt 0.2735556 0.7777181
f 2042/415/2042 2063/416/2063 2061/417/2061
f 2042/415/2042 2061/417/2061 2053/364/2053
f 2049/382/2049 2057/298/2057 2051/403/2051
vt 0.2732220 0.8352838
f 2058/346/2058 2059/327/2059 2038/418/2038
f 2038/418/2038 2059/327/2059 2062/347/2062
f 2101/349/2101 2112/350/2112 2142/367/2142
vt 0.6695464 0.8050190
f 794/419/794 782/369/782 772/368/772
vt 0.3370474 0.9134782
f 2150/351/2150 2180/404/2180 2170/420/2170
vt 0.6560227 0.8164214
f 782/369/782 800/421/800 792/389/792
vt 0.7736047 0.3690749
f 2637/371/2637 2636/405/2636 2644/422/2644
vt 0.6392705 0.8169487
f 799/423/799 780/352/780 792/389/792
vt 0.7658672 0.4342030
f 2634/390/2634 2610/333/2610 2622/424/2622
vt 0.5804580 0.8371606
f 819/425/819 786/355/786 783/354/783
f 2587/335/2587 2611/408/2611 2614/407/2614
vt 0.7691362 0.4824068
f 2596/374/2596 2566/338/2566 2597/426/2597
vt 0.4825602 0.8262944
f 821/394/821 847/427/847 816/358/816
vt 0.4661679 0.8162571
f 849/428/849 818/339/818 816/358/816
vt 0.4540210 0.8146578
f 849/428/849 853/429/853 818/339/818
f 818/339/818 853/429/853 828/340/828
vt 0.4474623 0.8027663
f 853/429/853 854/430/854 828/340/828
f 2511/322/2511 2512/412/2512 2521/411/2521
f 862/413/862 861/396/861 839/342/839
f 2474/376/2474 2473/397/2473 2493/395/2493
vt 0.4096933 0.7838316
f 861/396/861 900/431/900 855/377/855
vt 0.4049197 0.7666225
f 855/377/855 900/431/900 907/432/907
vt 0.8383448 0.6296259
f 2438/344/2438 2470/433/2470 2473/397/2473
f 2438/344/2438 2437/399/2437 2470/433/2470
vt 0.9191992 0.6728346
f 2414/414/2414 2403/434/2403 2408/400/2408
f 2408/400/2408 2403/434/2403 2407/401/2407
vt 0.8804524 0.6555431
f 2406/379/2406 2404/435/2404 2415/361/2415
vt 0.8922300 0.6653424
f 2405/380/2405 2392/436/2392 2406/379/2406
vt 0.2635421 0.8015907
vt 0.2678620 0.8189809
f 2030/437/2030 2049/382/2049 2033/438/2033
f 793/383/793 791/365/791 804/402/804
vt 0.7187935 0.7608832
f 808/439/808 788/386/788 789/384/789
vt 0.7089868 0.7721011
f 805/440/805 787/387/787 788/386/788
vt 0.3022192 0.8794388
f 2094/385/2094 2093/329/2093 2095/441/2095
vt 0.3115427 0.9003361
f 2101/349/2101 2142/367/2142 2110/442/2110
vt 0.3248183 0.9116787
f 2150/351/2150 2170/420/2170 2151/443/2151
f 2142/367/2142 2150/351/2150 2151/443/2151
f 782/369/782 794/419/794 800/421/800
vt 0.6248493 0.8301009
f 780/352/780 799/423/799 813/444/813
f 809/406/809 779/353/779 780/352/780
vt 0.5893628 0.8380452
f 817/445/817 783/354/783 809/406/809
f 819/425/819 783/354/783 817/445/817
vt 0.5688961 0.8358761
f 819/425/819 820/446/820 786/355/786
f 820/446/820 785/373/785 786/355/786
f 785/373/785 820/446/820 827/409/827
f 2597/426/2597 2566/338/2566 2589/410/2589
vt 0.7680563 0.5159743
f 2589/410/2589 2565/393/2565 2588/447/2588
vt 0.5206093 0.8353000
f 840/448/840 797/357/797 796/356/796
vt 0.5081949 0.8396305
f 840/448/840 848/449/848 797/357/797
vt 0.7897537 0.5601611
vt 0.7840819 0.5441720
f 2553/375/2553 2547/450/2547 2564/451/2564
f 847/427/847 849/428/849 816/358/816
vt 0.7968855 0.5801142
f 2528/359/2528 2527/452/2527 2547/450/2547
f 2528/359/2528 2521/411/2521 2527/452/2527
vt 0.8307262 0.6288988
f 2473/397/2473 2470/433/2470 2482/453/2482
vt 0.8539006 0.6556033
f 2429/378/2429 2425/454/2425 2437/399/2437
vt 0.8635704 0.6587493
f 2415/361/2415 2394/455/2394 2429/378/2429
vt 0.9076648 0.6695712
f 2391/456/2391 2405/380/2405 2407/401/2407
f 2405/380/2405 2391/456/2391 2392/436/2392
vt 0.2549391 0.7646871
f 2043/457/2043 2063/416/2063 2042/415/2042
f 2042/415/2042 2053/364/2053 2030/437/2030
vt 0.7291792 0.7349362
vt 0.7338297 0.7221393
f 811/458/811 804/402/804 814/459/814
f 814/459/814 804/402/804 802/381/802
f 811/458/811 793/383/793 804/402/804
vt 0.2770114 0.8488888
f 2038/418/2038 2062/347/2062 2052/460/2052
f 2062/347/2062 2070/366/2070 2052/460/2052
vt 0.7005534 0.7828453
f 806/461/806 781/388/781 787/387/787
vt 0.6936867 0.7890454
f 806/461/806 807/462/807 781/388/781
vt 0.3023378 0.8897339
f 2099/463/2099 2101/349/2101 2110/442/2110
vt 0.6823258 0.7994868
f 781/388/781 801/464/801 772/368/772
f 801/464/801 794/419/794 772/368/772
vt 0.3532048 0.9316037
vt 0.3380894 0.9289042
f 2170/420/2170 2181/465/2181 2173/466/2173
f 2170/420/2170 2180/404/2180 2181/465/2181
f 780/352/780 813/444/813 809/406/809
vt 0.7608288 0.3995684
f 2613/372/2613 2634/390/2634 2642/467/2642
vt 0.7634683 0.4147257
f 2634/390/2634 2622/424/2622 2635/468/2635
vt 0.5330006 0.8412496
f 837/469/837 796/356/796 815/391/815
f 837/469/837 840/448/840 796/356/796
f 2565/393/2565 2558/392/2558 2588/447/2588
f 848/449/848 821/394/821 797/357/797
vt 0.7978041 0.5954962
f 2521/411/2521 2526/470/2526 2527/452/2527
f 2521/411/2521 2512/412/2512 2526/470/2526
f 854/430/854 862/413/862 828/340/828
vt 0.8172983 0.6128950
f 2493/395/2493 2496/471/2496 2512/412/2512
vt 0.4141903 0.7981152
f 862/413/862 901/472/901 861/396/861
f 2493/395/2493 2473/397/2473 2496/471/2496
f 2473/397/2473 2482/453/2482 2496/471/2496
vt 0.9453996 0.6660132
f 2446/473/2446 2414/414/2414 2447/398/2447
vt 0.8423870 0.6510541
f 2437/399/2437 2436/474/2436 2470/433/2470
vt 0.9332529 0.6664506
f 2446/473/2446 2413/475/2413 2414/414/2414
f 2403/434/2403 2391/456/2391 2407/401/2407
f 2429/378/2429 2394/455/2394 2425/454/2425
f 2392/436/2392 2404/435/2404 2406/379/2406
vt 0.8750733 0.6614597
f 2404/435/2404 2388/476/2388 2415/361/2415
vt 0.2550004 0.7480440
f 2066/477/2066 2063/416/2063 2043/457/2043
f 2033/438/2033 2051/403/2051 2038/418/2038
vt 0.7288436 0.7471017
f 812/478/812 793/383/793 811/458/811
f 808/439/808 789/384/789 793/383/793
vt 0.2790990 0.8627090
f 2052/460/2052 2070/366/2070 2054/479/2054
f 808/439/808 805/440/805 788/386/788
vt 0.2878642 0.8799235
f 2070/366/2070 2094/385/2094 2072/480/2072
f 2094/385/2094 2095/441/2095 2072/480/2072
f 806/461/806 787/387/787 805/440/805
vt 0.6406794 0.8291228
f 824/481/824 813/444/813 799/423/799
vt 0.6095956 0.8374707
f 809/406/809 813/444/813 826/482/826
f 2634/390/2634 2635/468/2635 2642/467/2642
vt 0.7691141 0.5275311
f 2558/392/2558 2553/375/2553 2579/483/2579
vt 0.7774472 0.5623181
f 2547/450/2547 2563/484/2563 2564/451/2564
vt 0.4702949 0.8344489
f 847/427/847 868/485/868 849/428/849
vt 0.4397494 0.8153331
f 853/429/853 874/486/874 854/430/854
vt 0.8178799 0.6249820
f 2496/471/2496 2482/453/2482 2497/487/2497
f 2425/454/2425 2436/474/2436 2437/399/2437
f 2413/475/2413 2403/434/2403 2414/414/2414
vt 0.8807595 0.6655107
f 2392/436/2392 2393/488/2393 2404/435/2404
vt 0.2454623 0.7851658
f 2043/457/2043 2042/415/2042 2019/489/2019
vt 0.2420665 0.7542461
f 2066/477/2066 2043/457/2043 2041/490/2041
f 812/478/812 808/439/808 793/383/793
f 801/464/801 781/388/781 807/462/807
vt 0.3234876 0.9223364
f 2151/443/2151 2170/420/2170 2152/491/2152
f 2170/420/2170 2173/466/2173 2152/491/2152
f 799/423/799 792/389/792 800/421/800
f 837/469/837 815/391/815 827/409/827
f 2553/375/2553 2564/451/2564 2579/483/2579
vt 0.4957609 0.8413327
f 852/492/852 847/427/847 821/394/821
f 874/486/874 862/413/862 854/430/854
f 901/472/901 900/431/900 861/396/861
vt 0.4001929 0.7849812
f 900/431/900 934/493/934 907/432/907
vt 0.3961081 0.7701552
f 934/493/934 935/494/935 907/432/907
vt 0.8277564 0.6489701
f 2436/474/2436 2477/495/2477 2470/433/2470
f 2393/488/2393 2388/476/2388 2404/435/2404
f 2415/361/2415 2388/476/2388 2394/455/2394
f 2070/366/2070 2072/480/2072 2054/479/2054
vt 0.3077984 0.9100543
f 2110/442/2110 2142/367/2142 2116/496/2116
vt 0.6857879 0.8081829
f 801/464/801 825/497/825 794/419/794
vt 0.6687463 0.8217698
f 794/419/794 833/498/833 800/421/800
vt 0.7607766 0.3874939
vt 0.7576326 0.3716812
f 2636/405/2636 2643/499/2643 2663/500/2663
f 826/482/826 817/445/817 809/406/809
vt 0.5687329 0.8494461
f 819/425/819 838/501/838 820/446/820
f 827/409/827 820/446/820 838/501/838
vt 0.5364009 0.8551639
f 827/409/827 851/502/851 837/469/837
vt 0.7555789 0.4999842
f 2597/426/2597 2589/410/2589 2625/503/2625
vt 0.5210355 0.8471120
f 850/504/850 840/448/840 837/469/837
f 848/449/848 840/448/840 850/504/850
f 852/492/852 821/394/821 848/449/848
vt 0.7672238 0.5444881
f 2564/451/2564 2578/505/2578 2579/483/2579
vt 0.7806532 0.5803617
f 2547/450/2547 2527/452/2527 2557/506/2557
vt 0.8044024 0.6179017
f 2512/412/2512 2514/507/2514 2526/470/2526
vt 0.4169651 0.8084151
f 862/413/862 906/508/906 901/472/901
vt 0.8153768 0.6451476
f 2482/453/2482 2498/509/2498 2497/487/2497
f 2470/433/2470 2477/495/2477 2482/453/2482
vt 0.9432501 0.6800442
f 2446/473/2446 2448/510/2448 2413/475/2413
vt 0.9309936 0.6773117
f 2413/475/2413 2409/511/2409 2403/434/2403
vt 0.8912275 0.6700618
f 2392/436/2392 2390/512/2390 2393/488/2393
vt 0.6597808 0.6066763
vt 0.6589376 0.6124517
vt 0.6589376 0.6037645
f 2723/513/2723 2724/514/2724 2725/515/2725
vt 0.8843102 0.6686528
f 2390/512/2390 2479/516/2479 2393/488/2393
vt 0.2433266 0.7670425
f 2020/517/2020 2041/490/2041 2043/457/2043
vt 0.2473834 0.8035091
vt 0.2505852 0.8195661
f 2016/518/2016 2030/437/2030 2015/519/2015
f 2015/519/2015 2030/437/2030 2033/438/2033
vt 0.2395940 0.7317690
vt 0.2547866 0.7338402
f 2091/520/2091 2090/521/2090 2041/490/2041
vt 0.2590097 0.8377371
f 2033/438/2033 2038/418/2038 2032/522/2032
vt 0.2653958 0.8517545
f 2038/418/2038 2052/460/2052 2037/523/2037
vt 0.7321108 0.7642455
f 846/524/846 808/439/808 812/478/812
vt 0.7269514 0.7724583
f 832/525/832 805/440/805 808/439/808
vt 0.2871803 0.8892411
f 2072/480/2072 2099/463/2099 2074/526/2074
vt 0.3014339 0.9010348
f 2100/527/2100 2110/442/2110 2116/496/2116
f 800/421/800 824/481/824 799/423/799
vt 0.7478813 0.4253783
vt 0.7464383 0.4094889
f 2635/468/2635 2647/528/2647 2662/529/2662
f 2635/468/2635 2622/424/2622 2647/528/2647
vt 0.5895357 0.8533655
f 817/445/817 842/530/842 819/425/819
vt 0.7485498 0.4388607
f 2622/424/2622 2614/407/2614 2639/531/2639
vt 0.7513101 0.4789241
f 2611/408/2611 2597/426/2597 2631/532/2631
vt 0.4795940 0.8446347
f 871/533/871 847/427/847 852/492/852
vt 0.4577778 0.8345292
f 879/534/879 849/428/849 868/485/868
f 2547/450/2547 2557/506/2557 2563/484/2563
vt 0.4400280 0.8271021
f 879/534/879 888/535/888 853/429/853
f 849/428/849 879/534/879 853/429/853
f 888/535/888 874/486/874 853/429/853
f 2526/470/2526 2557/506/2557 2527/452/2527
vt 0.7940820 0.6102827
f 2526/470/2526 2514/507/2514 2537/536/2537
f 874/486/874 906/508/906 862/413/862
f 2496/471/2496 2497/487/2497 2514/507/2514
vt 0.3936861 0.8014107
f 901/472/901 933/537/933 900/431/900
f 900/431/900 933/537/933 934/493/934
vt 0.3844419 0.7757320
f 934/493/934 949/538/949 935/494/935
f 2413/475/2413 2448/510/2448 2409/511/2409
vt 0.9037276 0.6899283
f 2385/539/2385 2391/456/2391 2403/434/2403
f 2391/456/2391 2390/512/2390 2392/436/2392
vt 0.8873828 0.6719896
vt 0.8888257 0.6699178
f 2390/512/2390 2387/540/2387 2478/541/2478
f 2478/541/2478 2387/540/2387 2479/516/2479
f 2479/516/2479 2387/540/2387 2393/488/2393
vt 0.8784575 0.6765066
f 2387/540/2387 2386/542/2386 2388/476/2388
f 2393/488/2393 2387/540/2387 2388/476/2388
vt 0.8721795 0.6754313
f 2386/542/2386 2389/543/2389 2388/476/2388
f 2020/517/2020 2043/457/2043 2019/489/2019
vt 0.2389649 0.7421729
f 2060/544/2060 2091/520/2091 2041/490/2041
vt 0.2522872 0.8294103
f 2015/519/2015 2033/438/2033 2017/545/2017
vt 0.7417023 0.7443057
f 860/546/860 812/478/812 811/458/811
f 2052/460/2052 2054/479/2054 2037/523/2037
vt 0.2720870 0.8797579
f 2055/547/2055 2054/479/2054 2072/480/2072
vt 0.7167695 0.7878266
f 831/548/831 806/461/806 805/440/805
vt 0.2874990 0.9010527
f 2074/526/2074 2099/463/2099 2082/549/2082
f 2099/463/2099 2100/527/2100 2082/549/2082
vt 0.3179552 0.9353148
f 2152/491/2152 2173/466/2173 2162/550/2162
vt 0.7504489 0.3823299
f 2643/499/2643 2670/551/2670 2663/500/2663
f 2643/499/2643 2642/467/2642 2670/551/2670
vt 0.6233613 0.8434112
f 813/444/813 836/552/836 826/482/826
vt 0.6099143 0.8491125
f 826/482/826 836/552/836 841/553/841
f 826/482/826 841/553/841 817/445/817
f 842/530/842 838/501/838 819/425/819
vt 0.7496804 0.4573524
f 2614/407/2614 2638/554/2638 2639/531/2639
f 2614/407/2614 2631/532/2631 2638/554/2638
vt 0.5522434 0.8647023
f 827/409/827 859/555/859 851/502/851
f 2597/426/2597 2625/503/2625 2631/532/2631
f 851/502/851 850/504/850 837/469/837
f 871/533/871 868/485/868 847/427/847
vt 0.7798709 0.6000817
f 2526/470/2526 2556/556/2556 2557/506/2557
f 2482/453/2482 2477/495/2477 2498/509/2498
vt 0.8613551 0.6792513
f 2394/455/2394 2382/557/2382 2425/454/2425
f 2388/476/2388 2382/557/2382 2394/455/2394
f 2391/456/2391 2385/539/2385 2390/512/2390
f 2388/476/2388 2389/543/2389 2382/557/2382
vt 0.8862042 0.6862751
f 2387/540/2387 2379/558/2379 2386/542/2386
vt 0.7439603 0.7543880
f 872/559/872 846/524/846 812/478/812
f 872/559/872 812/478/812 860/546/860
f 832/525/832 808/439/808 846/524/846
f 805/440/805 832/525/832 831/548/831
vt 0.3077687 0.9219263
f 2116/496/2116 2152/491/2152 2117/560/2117
vt 0.6791977 0.8265980
f 794/419/794 834/561/834 833/498/833
f 2152/491/2152 2162/550/2162 2117/560/2117
vt 0.6723477 0.8356509
f 833/498/833 845/562/845 800/421/800
vt 0.6567450 0.8398578
f 845/562/845 844/563/844 800/421/800
vt 0.3325639 0.9483550
f 2173/466/2173 2176/564/2176 2162/550/2162
f 844/563/844 824/481/824 800/421/800
vt 0.6409702 0.8438761
f 824/481/824 843/565/843 813/444/813
f 817/445/817 841/553/841 842/530/842
f 838/501/838 859/555/859 827/409/827
vt 0.7587240 0.5270892
f 2588/447/2588 2579/483/2579 2624/566/2624
vt 0.5077382 0.8570979
f 869/567/869 848/449/848 850/504/850
f 869/567/869 852/492/852 848/449/848
vt 0.4401862 0.8350817
f 879/534/879 902/568/902 888/535/888
vt 0.4175168 0.8221371
f 874/486/874 910/569/910 906/508/906
vt 0.3892491 0.7882656
f 934/493/934 948/570/948 949/538/949
vt 0.8397836 0.6633700
f 2425/454/2425 2433/571/2433 2436/474/2436
vt 0.8706530 0.6823795
f 2389/543/2389 2380/572/2380 2382/557/2382
f 2390/512/2390 2379/558/2379 2387/540/2387
vt 0.2328430 0.7882966
f 2003/573/2003 2019/489/2019 2016/518/2016
vt 0.2531898 0.8404087
f 2017/545/2017 2032/522/2032 2021/574/2021
f 2032/522/2032 2037/523/2037 2021/574/2021
f 2100/527/2100 2116/496/2116 2082/549/2082
vt 0.6996869 0.8101160
f 830/575/830 825/497/825 807/462/807
f 834/561/834 794/419/794 825/497/825
f 836/552/836 813/444/813 843/565/843
vt 0.5697083 0.8648885
f 842/530/842 863/576/863 838/501/838
vt 0.4923046 0.8600184
f 852/492/852 877/577/877 871/533/871
vt 0.7657239 0.5799533
vt 0.7674384 0.5615586
f 2563/484/2563 2580/578/2580 2582/579/2582
f 888/535/888 910/569/910 874/486/874
vt 0.8053361 0.6400354
f 2514/507/2514 2497/487/2497 2513/580/2513
f 901/472/901 906/508/906 933/537/933
f 934/493/934 933/537/933 948/570/948
f 2436/474/2436 2433/571/2433 2477/495/2477
vt 0.8492138 0.6766841
f 2425/454/2425 2426/581/2426 2433/571/2433
vt 0.9138954 0.6933095
f 2409/511/2409 2400/582/2400 2403/434/2403
f 2382/557/2382 2426/581/2426 2425/454/2425
f 2385/539/2385 2379/558/2379 2390/512/2390
vt 0.2299665 0.7692845
f 2018/583/2018 2020/517/2020 2003/573/2003
vt 0.2255013 0.7535537
f 2039/584/2039 2041/490/2041 2018/583/2018
f 2039/584/2039 2060/544/2060 2041/490/2041
vt 0.2224026 0.7412618
vt 0.2332222 0.7239429
f 2040/585/2040 2092/586/2092 2091/520/2091
f 2040/585/2040 2091/520/2091 2060/544/2060
vt 0.2562556 0.8554053
f 2021/574/2021 2037/523/2037 2023/587/2023
vt 0.7157907 0.8081545
vt 0.7018642 0.7966123
f 856/588/856 829/589/829 831/548/831
vt 0.2958433 0.9240974
vt 0.2883470 0.9202296
f 2116/496/2116 2118/590/2118 2107/591/2107
f 2116/496/2116 2117/560/2117 2118/590/2118
f 834/561/834 845/562/845 833/498/833
f 844/563/844 843/565/843 824/481/824
vt 0.6287884 0.8534575
f 843/565/843 858/592/858 836/552/836
vt 0.6103936 0.8599359
f 858/592/858 865/593/865 841/553/841
f 842/530/842 841/553/841 865/593/865
vt 0.5891330 0.8648364
f 842/530/842 864/594/864 863/576/863
vt 0.5285493 0.8662655
f 851/502/851 870/595/870 850/504/850
f 869/567/869 877/577/877 852/492/852
vt 0.4789912 0.8548391
f 878/596/878 868/485/868 871/533/871
f 2557/506/2557 2556/556/2556 2580/578/2580
f 2526/470/2526 2537/536/2537 2556/556/2556
vt 0.4225498 0.8329094
f 902/568/902 911/597/911 888/535/888
f 888/535/888 911/597/911 910/569/910
vt 0.7905898 0.6224787
f 2514/507/2514 2542/598/2542 2537/536/2537
vt 0.3997333 0.8181214
f 910/569/910 936/599/936 906/508/906
f 2497/487/2497 2498/509/2498 2513/580/2513
vt 0.9420756 0.6997213
f 2448/510/2448 2449/600/2449 2409/511/2409
vt 0.8382554 0.6727918
f 2426/581/2426 2434/601/2434 2433/571/2433
f 2403/434/2403 2400/582/2400 2385/539/2385
f 2386/542/2386 2379/558/2379 2380/572/2380
f 2386/542/2386 2380/572/2380 2389/543/2389
vt 0.2364227 0.8066545
f 2003/573/2003 2016/518/2016 2002/602/2002
f 2016/518/2016 2015/519/2015 2002/602/2002
vt 0.2394886 0.8225123
f 2015/519/2015 2001/603/2001 2002/602/2002
vt 0.2407125 0.8377202
f 2001/603/2001 2015/519/2015 2000/604/2000
f 2040/585/2040 2060/544/2060 2039/584/2039
f 2015/519/2015 2017/545/2017 2000/604/2000
vt 0.2608036 0.8664025
f 2023/587/2023 2037/523/2037 2031/605/2031
vt 0.7431456 0.7687699
f 884/606/884 832/525/832 846/524/846
vt 0.2609138 0.8811620
f 2031/605/2031 2054/479/2054 2050/607/2050
f 2054/479/2054 2055/547/2055 2050/607/2050
vt 0.7184972 0.7939236
f 857/608/857 831/548/831 832/525/832
f 831/548/831 857/608/857 856/588/856
f 2082/549/2082 2116/496/2116 2107/591/2107
vt 0.3487620 0.9505658
vt 0.3306624 0.9673373
f 2193/609/2193 2191/610/2191 2176/564/2176
vt 0.7355049 0.4588266
f 2638/554/2638 2664/611/2664 2639/531/2639
f 863/576/863 859/555/859 838/501/838
vt 0.7368265 0.4814101
f 2631/532/2631 2648/612/2648 2638/554/2638
f 859/555/859 870/595/870 851/502/851
f 870/595/870 869/567/869 850/504/850
f 878/596/878 871/533/871 877/577/877
vt 0.7565749 0.5595609
f 2578/505/2578 2582/579/2582 2623/613/2623
vt 0.4611923 0.8478938
f 898/614/898 868/485/868 878/596/878
f 898/614/898 879/534/879 868/485/868
f 879/534/879 898/614/898 902/568/902
vt 0.7918054 0.6365886
f 2514/507/2514 2531/615/2531 2542/598/2542
f 906/508/906 936/599/936 933/537/933
vt 0.3715668 0.7948653
vt 0.3693509 0.7860135
f 962/616/962 963/617/963 949/538/949
f 948/570/948 962/616/962 949/538/949
vt 0.9276498 0.6965473
f 2449/600/2449 2410/618/2410 2409/511/2409
f 2410/618/2410 2400/582/2400 2409/511/2409
vt 0.2441853 0.8566450
f 2021/574/2021 2023/587/2023 2009/619/2009
vt 0.7337967 0.7826123
f 832/525/832 884/606/884 867/620/867
vt 0.2711020 0.8914384
f 2055/547/2055 2074/526/2074 2073/621/2073
vt 0.2724380 0.9021136
f 2074/526/2074 2081/622/2081 2073/621/2073
f 856/588/856 830/575/830 829/589/829
vt 0.6934605 0.8229263
f 830/575/830 835/623/835 825/497/825
f 2117/560/2117 2162/550/2162 2118/590/2118
vt 0.7335262 0.4410904
f 2639/531/2639 2664/611/2664 2668/624/2668
vt 0.4446394 0.8533872
f 898/614/898 912/625/912 902/568/902
vt 0.7755002 0.6216468
f 2537/536/2537 2559/626/2559 2556/556/2556
f 2514/507/2514 2513/580/2513 2531/615/2531
f 933/537/933 962/616/962 948/570/948
vt 0.3140393 0.9439119
f 2162/550/2162 2161/627/2161 2118/590/2118
vt 0.6521209 0.8568666
f 844/563/844 875/628/875 843/565/843
f 843/565/843 875/628/875 858/592/858
vt 0.7344302 0.4293174
f 2639/531/2639 2668/624/2668 2669/629/2669
vt 0.5085091 0.8719300
f 870/595/870 891/630/891 869/567/869
f 869/567/869 891/630/891 877/577/877
vt 0.4288396 0.8483205
f 930/631/930 911/597/911 902/568/902
vt 0.8012525 0.6599748
f 2513/580/2513 2517/632/2517 2531/615/2531
vt 0.8239977 0.6684569
f 2433/571/2433 2483/633/2483 2477/495/2477
vt 0.8577943 0.6981114
f 2382/557/2382 2381/634/2381 2426/581/2426
vt 0.8997253 0.7084196
f 2400/582/2400 2384/635/2384 2385/539/2385
vt 0.8714172 0.7017097
f 2380/572/2380 2378/636/2378 2381/634/2381
f 2380/572/2380 2381/634/2381 2382/557/2382
f 2385/539/2385 2384/635/2384 2379/558/2379
vt 0.8843887 0.7041253
f 2384/635/2384 2377/637/2377 2379/558/2379
f 2379/558/2379 2377/637/2377 2378/636/2378
f 2379/558/2379 2378/636/2378 2380/572/2380
vt 0.2238959 0.8083708
f 1986/638/1986 2003/573/2003 2002/602/2002
vt 0.2121097 0.7619709
f 2013/639/2013 2039/584/2039 2018/583/2018
vt 0.2233932 0.8231298
f 2002/602/2002 2001/603/2001 1978/640/1978
vt 0.2162596 0.7307508
f 2071/641/2071 2092/586/2092 2040/585/2040
f 2000/604/2000 2021/574/2021 2009/619/2009
vt 0.7538916 0.7727472
f 920/642/920 884/606/884 872/559/872
vt 0.7478866 0.7828322
f 885/643/885 884/606/884 920/642/920
f 885/643/885 867/620/867 884/606/884
vt 0.7121286 0.8206577
vt 0.7055636 0.8293066
f 830/575/830 882/644/882 883/645/883
vt 0.6906597 0.8355765
f 845/562/845 834/561/834 873/646/873
vt 0.6674190 0.8450621
f 845/562/845 866/647/866 844/563/844
vt 0.6323092 0.8665372
f 875/628/875 881/648/881 858/592/858
vt 0.7413912 0.3845558
vt 0.7440830 0.4025285
vt 0.7266204 0.3870897
f 2673/649/2673 2672/650/2672 2683/651/2683
f 881/648/881 865/593/865 858/592/858
vt 0.6067229 0.8735932
f 865/593/865 880/652/880 864/594/864
vt 0.5709745 0.8777891
f 864/594/864 887/653/887 863/576/863
vt 0.5513094 0.8754556
f 863/576/863 889/654/889 859/555/859
f 859/555/859 889/654/889 870/595/870
vt 0.4900263 0.8703364
f 891/630/891 904/655/904 877/577/877
vt 0.4707027 0.8640987
f 908/656/908 898/614/898 878/596/878
vt 0.7636026 0.5982205
f 2580/578/2580 2556/556/2556 2581/657/2581
f 902/568/902 912/625/912 930/631/930
f 2537/536/2537 2542/598/2542 2559/626/2559
vt 0.4033268 0.8360959
f 910/569/910 938/658/938 936/599/936
vt 0.3847197 0.8268743
vt 0.3783966 0.8099223
f 957/659/957 959/660/959 933/537/933
f 933/537/933 959/660/959 962/616/962
vt 0.8110675 0.6640707
f 2477/495/2477 2502/661/2502 2498/509/2498
f 2483/633/2483 2502/661/2502 2477/495/2477
f 2433/571/2433 2434/601/2434 2483/633/2483
vt 0.9251055 0.7139192
f 2449/600/2449 2411/662/2411 2410/618/2410
f 2411/662/2411 2400/582/2400 2410/618/2410
vt 0.8448661 0.6938438
f 2381/634/2381 2427/663/2427 2426/581/2426
vt 0.2174620 0.7779197
vt 0.2168176 0.7913452
f 1994/664/1994 2003/573/2003 1980/665/1980
f 1986/638/1986 2002/602/2002 1978/640/1978
vt 0.7611273 0.7582531
f 924/666/924 920/642/920 872/559/872
vt 0.2463434 0.8716223
f 2031/605/2031 2050/607/2050 2010/667/2010
vt 0.2605163 0.8993340
f 2073/621/2073 2081/622/2081 2069/668/2069
vt 0.2740522 0.9177552
f 2081/622/2081 2082/549/2082 2096/669/2096
f 882/644/882 830/575/830 856/588/856
vt 0.3118579 0.9661244
f 2161/627/2161 2191/610/2191 2174/670/2174
f 866/647/866 875/628/875 844/563/844
vt 0.5915125 0.8765626
f 880/652/880 890/671/890 864/594/864
f 864/594/864 890/671/890 887/653/887
vt 0.5323460 0.8791800
f 889/654/889 897/672/897 870/595/870
vt 0.5187647 0.8823991
f 870/595/870 897/672/897 905/673/905
f 870/595/870 905/673/905 891/630/891
f 904/655/904 878/596/878 877/577/877
vt 0.7531739 0.5685870
vt 0.7458535 0.5572057
f 2628/674/2628 2641/675/2641 2623/613/2623
vt 0.4574818 0.8580927
f 898/614/898 908/656/908 909/676/909
f 909/676/909 912/625/912 898/614/898
f 936/599/936 957/659/957 933/537/933
f 2498/509/2498 2517/632/2517 2513/580/2513
vt 0.8338667 0.6852831
f 2434/601/2434 2427/663/2427 2435/677/2435
vt 0.9124249 0.7107983
f 2411/662/2411 2401/678/2401 2400/582/2400
f 2401/678/2401 2384/635/2384 2400/582/2400
vt 0.7356368 0.7952136
f 885/643/885 876/679/876 867/620/867
f 883/645/883 873/646/873 835/623/835
vt 0.2818809 0.9341735
f 2107/591/2107 2118/590/2118 2138/680/2138
f 881/648/881 880/652/880 865/593/865
vt 0.7300464 0.4836755
vt 0.7266194 0.4589611
f 2664/611/2664 2665/681/2665 2676/682/2676
f 863/576/863 887/653/887 889/654/889
f 2498/509/2498 2502/661/2502 2517/632/2517
f 2435/677/2435 2483/633/2483 2434/601/2434
vt 0.2261587 0.8347020
f 2001/603/2001 1982/683/1982 1978/640/1978
vt 0.2471534 0.8895271
f 2010/667/2010 2050/607/2050 2029/684/2029
vt 0.2947037 0.9422153
vt 0.2941625 0.9606805
f 2146/685/2146 2174/670/2174 2168/686/2168
vt 0.6718971 0.8572980
f 866/647/866 895/687/895 875/628/875
vt 0.4953626 0.3362768
vt 0.5076556 0.3379538
vt 0.4987741 0.3582474
f 1362/688/1362 1351/689/1351 1363/690/1363
f 878/596/878 904/655/904 908/656/908
vt 0.4672632 0.8747762
vt 0.4563063 0.8726624
f 908/656/908 928/691/928 929/692/929
vt 0.7575936 0.5836580
f 2580/578/2580 2627/693/2627 2628/674/2628
f 908/656/908 929/692/929 909/676/909
f 911/597/911 938/658/938 910/569/910
f 938/658/938 957/659/957 936/599/936
vt 0.8212625 0.6796101
f 2483/633/2483 2484/694/2484 2502/661/2502
vt 0.3537099 0.7907617
f 963/617/963 962/616/962 982/695/982
f 2435/677/2435 2484/694/2484 2483/633/2483
vt 0.8964041 0.7110503
vt 0.8949007 0.7094243
f 2397/696/2397 2416/697/2416 2384/635/2384
vt 0.0096965 0.4773166
vt 0.0088533 0.4714841
vt 0.0096965 0.4676641
f 2710/698/2710 2711/699/2711 2712/700/2712
vt 0.8700960 0.7032722
vt 0.8679389 0.7027643
f 2460/701/2460 2459/702/2459 2378/636/2378
f 2378/636/2378 2459/702/2459 2381/634/2381
vt 0.8916330 0.7088504
f 2384/635/2384 2396/703/2396 2377/637/2377
vt 0.8818113 0.7159116
f 2396/703/2396 2376/704/2376 2377/637/2377
vt 0.8697453 0.7049581
f 2376/704/2376 2375/705/2375 2377/637/2377
f 2377/637/2377 2375/705/2375 2378/636/2378
vt 0.2170761 0.8090993
f 1980/665/1980 1986/638/1986 1979/706/1979
vt 0.7643473 0.7766964
f 940/707/940 920/642/920 924/666/924
vt 0.2305209 0.8593132
vt 0.2354092 0.8728913
f 1989/708/1989 2009/619/2009 2006/709/2006
vt 0.7305680 0.8075978
vt 0.7229676 0.8209012
f 886/710/886 893/711/893 856/588/856
f 856/588/856 893/711/893 882/644/882
f 2096/669/2096 2107/591/2107 2138/680/2138
vt 0.6504051 0.8675599
f 875/628/875 894/712/894 881/648/881
vt 0.6153573 0.8805373
f 881/648/881 899/713/899 880/652/880
vt 0.4983138 0.3136737
f 1352/714/1352 1351/689/1351 1362/688/1362
vt 0.5080712 0.3609251
vt 0.5023850 0.3738298
f 1358/715/1358 1366/716/1366 1363/690/1363
vt 0.5056444 0.8860813
f 905/673/905 917/717/917 891/630/891
f 917/717/917 904/655/904 891/630/891
vt 0.7488530 0.5406653
vt 0.7334675 0.5428352
f 2633/718/2633 2641/675/2641 2658/719/2658
f 929/692/929 912/625/912 909/676/909
vt 0.4446055 0.8675239
f 929/692/929 931/720/931 912/625/912
vt 0.4281766 0.8676444
f 931/720/931 946/721/946 912/625/912
f 912/625/912 946/721/946 930/631/930
vt 0.4102527 0.8490269
f 952/722/952 938/658/938 911/597/911
vt 0.7909932 0.6446018
vt 0.7871028 0.6550602
f 2534/723/2534 2543/724/2543 2531/615/2531
vt 0.9363663 0.7166597
f 2450/725/2450 2411/662/2411 2449/600/2449
vt 0.8972852 0.7252815
f 2384/635/2384 2399/726/2399 2397/696/2397
f 2416/697/2416 2397/696/2397 2396/703/2396
f 2397/696/2397 2376/704/2376 2396/703/2396
f 2460/701/2460 2375/705/2375 2459/702/2459
f 2459/702/2459 2375/705/2375 2381/634/2381
vt 0.7534571 0.7907517
vt 0.7456679 0.8013453
f 885/643/885 926/727/926 925/728/925
f 925/728/925 886/710/886 876/679/876
vt 0.6979787 0.8413700
f 896/729/896 873/646/873 883/645/883
f 2138/680/2138 2118/590/2118 2146/685/2146
vt 0.6860873 0.8517475
f 892/730/892 895/687/895 866/647/866
f 875/628/875 895/687/895 894/712/894
vt 0.3365321 0.9702169
vt 0.3472141 0.9917675
vt 0.3273607 0.9895931
f 2212/731/2212 2218/732/2218 2209/733/2209
vt 0.6374094 0.8875483
f 881/648/881 914/734/914 899/713/899
vt 0.4987480 0.2721506
vt 0.5143774 0.2798062
vt 0.4991501 0.2899852
f 1359/735/1359 1294/736/1294 1353/737/1353
f 1351/689/1351 1358/715/1358 1363/690/1363
vt 0.4898366 0.8875483
f 904/655/904 917/717/917 918/738/918
vt 0.4804771 0.8796744
f 923/739/923 908/656/908 904/655/904
vt 0.7445038 0.5811109
f 2628/674/2628 2627/693/2627 2646/740/2646
vt 0.7529579 0.5983988
f 2627/693/2627 2581/657/2581 2640/741/2640
vt 0.7606701 0.6154956
f 2581/657/2581 2583/742/2583 2640/741/2640
vt 0.4244926 0.8577719
f 946/721/946 947/743/947 930/631/930
f 952/722/952 911/597/911 930/631/930
vt 0.3901779 0.8371030
f 938/658/938 961/744/961 957/659/957
vt 0.7990515 0.6717984
f 2502/661/2502 2535/745/2535 2517/632/2517
vt 0.8083999 0.6743373
f 2503/746/2503 2535/745/2535 2502/661/2502
vt 0.3590792 0.8038713
f 959/660/959 979/747/979 962/616/962
f 979/747/979 982/695/982 962/616/962
vt 0.8547091 0.7106609
f 2381/634/2381 2383/748/2383 2427/663/2427
vt 0.8723840 0.7136500
f 2375/705/2375 2376/704/2376 2374/749/2374
vt 0.8686996 0.7154111
f 2375/705/2375 2374/749/2374 2373/750/2373
vt 0.1984717 0.7343017
vt 0.2074292 0.7472569
f 2064/751/2064 2071/641/2071 2034/752/2034
vt 0.7644095 0.7897298
f 941/753/941 926/727/926 885/643/885
vt 0.7424085 0.8162956
f 927/754/927 886/710/886 925/728/925
vt 0.7242149 0.8344155
f 893/711/893 919/755/919 882/644/882
f 873/646/873 896/729/896 892/730/892
vt 0.6678570 0.8725825
f 903/756/903 894/712/894 895/687/895
f 881/648/881 894/712/894 914/734/914
vt 0.5064059 0.2635419
f 1359/735/1359 1354/757/1354 1294/736/1294
vt 0.5157997 0.2908857
f 1292/758/1292 1352/714/1352 1353/737/1353
vt 0.5152955 0.3140335
f 1352/714/1352 1296/759/1296 1351/689/1351
f 904/655/904 918/738/918 923/739/923
f 923/739/923 928/691/928 908/656/908
vt 0.7369494 0.5603933
f 2628/674/2628 2646/740/2646 2651/760/2651
f 2627/693/2627 2640/741/2640 2646/740/2646
f 947/743/947 952/722/952 930/631/930
vt 0.7736326 0.6351978
f 2531/615/2531 2543/724/2543 2573/761/2573
vt 0.3645856 0.8177702
f 957/659/957 978/762/978 959/660/959
f 959/660/959 978/762/978 979/747/979
vt 0.8182916 0.6918762
f 2484/694/2484 2507/763/2507 2503/746/2503
f 2435/677/2435 2507/763/2507 2484/694/2484
vt 0.8317959 0.6966547
f 2435/677/2435 2492/764/2492 2507/763/2507
f 2427/663/2427 2492/764/2492 2435/677/2435
vt 0.8416928 0.7022355
f 2428/765/2428 2492/764/2492 2427/663/2427
vt 0.9219080 0.7311776
f 2411/662/2411 2412/766/2412 2401/678/2401
f 2427/663/2427 2383/748/2383 2428/765/2428
f 2401/678/2401 2399/726/2399 2384/635/2384
f 2375/705/2375 2383/748/2383 2381/634/2381
vt 0.8870074 0.7233425
f 2397/696/2397 2399/726/2399 2398/767/2398
f 2397/696/2397 2398/767/2398 2376/704/2376
vt 0.2013949 0.7965475
f 1961/768/1961 1980/665/1980 1979/706/1979
vt 0.1969567 0.7694001
vt 0.2072176 0.7800213
f 1987/769/1987 2013/639/2013 1981/770/1981
f 927/754/927 893/711/893 886/710/886
vt 0.6763554 0.8678231
f 892/730/892 913/771/913 895/687/895
vt 0.3082090 0.9889057
f 2174/670/2174 2209/733/2209 2194/772/2194
vt 0.6536016 0.8806535
f 894/712/894 915/773/915 914/734/914
f 1352/714/1352 1292/758/1292 1296/759/1296
vt 0.2756381 0.7256262
vt 0.2938712 0.7284303
vt 0.2844792 0.7057739
f 384/774/384 386/775/386 243/776/243
vt 0.3956223 0.8474069
f 952/722/952 960/777/960 938/658/938
f 960/777/960 961/744/961 938/658/938
vt 0.8035789 0.6852392
f 2507/763/2507 2529/778/2529 2503/746/2503
vt 0.9358466 0.3132457
vt 0.9179899 0.3021405
vt 0.9247636 0.3193429
f 1848/779/1848 1769/780/1769 1849/781/1849
vt 0.9091633 0.7282436
f 2412/766/2412 2402/782/2402 2401/678/2401
vt 0.9515177 0.4049228
vt 0.9523609 0.4053293
vt 0.9515177 0.4145753
f 2716/783/2716 2717/784/2717 2718/785/2718
f 2375/705/2375 2373/750/2373 2383/748/2383
vt 0.8767759 0.3224704
vt 0.8820320 0.3145175
vt 0.8741973 0.3202435
f 1876/786/1876 1765/787/1765 1770/788/1770
vt 0.8115515 0.8962355
vt 0.8149241 0.8962355
vt 0.8122838 0.8952703
f 7/789/7 8/790/8 9/791/9
vt 0.8814207 0.7169279
vt 0.8793554 0.7185032
f 2372/792/2372 2395/793/2395 2373/750/2373
f 2372/792/2372 2373/750/2373 2374/749/2374
vt 0.1929921 0.7597439
f 1988/794/1988 2013/639/2013 1987/769/1987
vt 0.7719871 0.7753078
f 940/707/940 958/795/958 941/753/941
vt 0.7156514 0.8434905
f 919/755/919 922/796/922 883/645/883
vt 0.6932164 0.8620181
f 916/797/916 892/730/892 896/729/896
f 895/687/895 913/771/913 903/756/903
vt 0.5173851 0.2400985
vt 0.5218375 0.2664393
f 1346/798/1346 1293/799/1293 1354/757/1354
vt 0.2538983 0.7190340
vt 0.2739255 0.7047997
vt 0.2572124 0.7002808
f 382/800/382 247/801/247 246/802/246
vt 0.5170550 0.3570530
f 1351/689/1351 1290/803/1290 1358/715/1358
vt 0.5191296 0.3738294
f 1289/804/1289 1366/716/1366 1358/715/1358
vt 0.5205317 0.3854671
f 1366/716/1366 1289/804/1289 1286/805/1286
vt 0.5068591 0.3886367
f 1286/805/1286 1375/806/1375 1366/716/1366
vt 0.4505882 0.8805861
f 929/692/929 950/807/950 931/720/931
vt 0.7367711 0.5834499
f 2640/741/2640 2660/808/2660 2646/740/2646
vt 0.4164311 0.8648929
f 947/743/947 955/809/955 952/722/952
vt 0.7848985 0.6656774
f 2517/632/2517 2535/745/2535 2544/810/2544
vt 0.3705675 0.8329077
f 957/659/957 981/811/981 978/762/978
f 2503/746/2503 2529/778/2529 2535/745/2535
vt 0.9477311 0.3066808
vt 0.9387483 0.2944735
f 1873/812/1873 1788/813/1788 1848/779/1848
vt 0.9295075 0.2959747
f 1848/779/1848 1775/814/1775 1769/780/1769
vt 0.8378525 0.7191256
f 2428/765/2428 2516/815/2516 2492/764/2492
f 2401/678/2401 2402/782/2402 2399/726/2399
vt 0.1983350 0.7873319
f 1963/816/1963 1981/770/1981 1961/768/1961
vt 0.7586560 0.8052881
f 942/817/942 926/727/926 941/753/941
f 942/817/942 927/754/927 925/728/925
vt 0.2491074 0.9036320
vt 0.2355349 0.9057765
f 2029/684/2029 2056/818/2056 2036/819/2036
vt 0.2631637 0.9128138
vt 0.2649686 0.9232618
vt 0.2502158 0.9251215
f 2086/820/2086 2106/821/2106 2105/822/2105
vt 0.2489275 0.9163756
f 2078/823/2078 2086/820/2086 2105/822/2105
f 922/796/922 896/729/896 883/645/883
f 903/756/903 915/773/915 894/712/894
f 1294/736/1294 1292/758/1292 1353/737/1353
vt 0.5180440 0.3361302
f 1296/759/1296 1291/824/1291 1351/689/1351
f 1351/689/1351 1291/824/1291 1290/803/1290
vt 0.2978819 0.7078797
f 243/776/243 386/775/386 242/825/242
f 1358/715/1358 1290/803/1290 1289/804/1289
vt 0.5102036 0.4065285
vt 0.5139516 0.4173672
vt 0.5048921 0.4185519
f 1364/826/1364 1365/827/1365 1405/828/1405
vt 0.5134602 0.4349837
f 1405/828/1405 1365/827/1365 1387/829/1387
vt 0.4647985 0.8859604
f 923/739/923 937/830/937 928/691/928
f 928/691/928 937/830/937 929/692/929
vt 0.3991990 0.8613599
f 955/809/955 965/831/965 952/722/952
vt 0.9599879 0.2992431
vt 0.9528984 0.2879267
f 1874/832/1874 1829/833/1829 1873/812/1873
f 1829/833/1829 1788/813/1788 1873/812/1873
f 1788/813/1788 1775/814/1775 1848/779/1848
f 2383/748/2383 2516/815/2516 2428/765/2428
vt 0.8592950 0.3068184
vt 0.8632364 0.3228765
f 1770/788/1770 1723/834/1723 1771/835/1771
vt 0.2134050 0.8472430
vt 0.2150147 0.8630779
f 1969/836/1969 1989/708/1989 1974/837/1974
vt 0.2279109 0.8741943
f 1974/837/1974 1989/708/1989 1995/838/1995
f 1354/757/1354 1293/799/1293 1294/736/1294
vt 0.3166273 0.7251359
vt 0.3139463 0.7126734
f 242/825/242 387/839/387 320/840/320
f 1375/806/1375 1286/805/1286 1364/826/1364
vt 0.7259068 0.5608311
f 2674/841/2674 2651/760/2651 2660/808/2660
f 929/692/929 937/830/937 950/807/950
vt 0.4391839 0.8779118
f 951/842/951 946/721/946 931/720/931
f 946/721/946 955/809/955 947/743/947
f 965/831/965 960/777/960 952/722/952
vt 0.7719041 0.6492392
f 2543/724/2543 2544/810/2544 2574/843/2574
vt 0.3795423 0.8494118
f 961/744/961 960/777/960 975/844/975
f 975/844/975 957/659/957 961/744/961
f 975/844/975 981/811/981 957/659/957
vt 0.7939022 0.6810752
f 2529/778/2529 2560/845/2560 2535/745/2535
vt 0.8241215 0.7132033
f 2492/764/2492 2530/846/2530 2507/763/2507
f 2516/815/2516 2530/846/2530 2492/764/2492
f 2036/819/2036 2056/818/2056 2078/823/2078
vt 0.7409912 0.8333410
f 927/754/927 939/847/939 893/711/893
f 893/711/893 939/847/939 919/755/919
vt 0.7084231 0.8558089
f 896/729/896 921/848/921 916/797/916
f 950/807/950 951/842/951 931/720/931
vt 0.9730408 0.2906091
f 1875/849/1875 1829/833/1829 1874/832/1874
vt 0.8640889 0.7304617
vt 0.8506075 0.7257131
f 2533/850/2533 2532/851/2532 2373/750/2373
f 2373/750/2373 2532/851/2532 2383/748/2383
vt 0.8705620 0.3016379
f 1770/788/1770 1722/852/1722 1723/834/1723
vt 0.1784444 0.7725633
f 1987/769/1987 1965/853/1965 1988/794/1988
vt 0.7748895 0.8021379
f 942/817/942 941/753/941 968/854/968
vt 0.7542340 0.8234186
f 942/817/942 954/855/954 927/754/927
f 939/847/939 927/754/927 954/855/954
vt 0.7300397 0.8546032
f 919/755/919 944/856/944 922/796/922
vt 0.2805606 0.9431202
vt 0.2835237 0.9638708
vt 0.2718333 0.9626896
f 2144/857/2144 2167/858/2167 2154/859/2154
vt 0.6805952 0.8765827
f 916/797/916 932/860/932 913/771/913
vt 0.3040294 0.9922635
vt 0.2923036 0.9782820
f 2194/772/2194 2197/861/2197 2185/862/2185
vt 0.5220175 0.1893733
vt 0.5140811 0.2014773
vt 0.5131843 0.1905457
f 1361/863/1361 1382/864/1382 1397/865/1397
vt 0.5252640 0.2048594
f 1361/863/1361 1343/866/1343 1382/864/1382
vt 0.5161062 0.2199237
f 1382/864/1382 1343/866/1343 1347/867/1347
vt 0.5251775 0.2225505
f 1347/867/1347 1339/868/1339 1346/798/1346
vt 0.5234050 0.2468877
f 1346/798/1346 1295/869/1295 1293/799/1293
vt 0.5274973 0.2873975
f 1293/799/1293 1237/870/1237 1294/736/1294
f 1294/736/1294 1237/870/1237 1292/758/1292
vt 0.5279843 0.3123878
f 1237/870/1237 1145/871/1145 1292/758/1292
f 1292/758/1292 1145/871/1145 1296/759/1296
f 1296/759/1296 1145/871/1145 1291/824/1291
vt 0.5266082 0.3344002
f 1145/871/1145 1163/872/1163 1291/824/1291
vt 0.5265244 0.4027841
f 1286/805/1286 1094/873/1094 1364/826/1364
vt 0.5280156 0.4139222
f 1094/873/1094 1298/874/1298 1364/826/1364
f 1364/826/1364 1298/874/1298 1365/827/1365
vt 0.5277874 0.4291767
f 1344/875/1344 1387/829/1387 1365/827/1365
vt 0.5123703 0.4522241
vt 0.5268331 0.4597504
vt 0.5133016 0.4656155
f 1421/876/1421 1377/877/1377 1433/878/1433
vt 0.3869723 0.8603547
f 965/831/965 980/879/980 960/777/960
f 960/777/960 980/879/980 975/844/975
vt 0.3685605 0.8501208
f 975/844/975 985/880/985 981/811/981
vt 0.7814380 0.6762050
f 2560/845/2560 2653/881/2653 2544/810/2544
vt 0.9666960 0.2791558
f 1875/849/1875 1840/882/1840 1829/833/1829
vt 0.8136337 0.7078211
f 2530/846/2530 2561/883/2561 2507/763/2507
vt 0.9122606 0.2848914
f 1775/814/1775 1721/884/1721 1769/780/1769
vt 0.9049715 0.3073463
vt 0.8997569 0.2897683
vt 0.8927296 0.3118253
f 1768/885/1768 1720/886/1720 1766/887/1766
f 2532/851/2532 2516/815/2516 2383/748/2383
f 1765/787/1765 1722/852/1722 1770/788/1770
vt 0.1853974 0.7992330
vt 0.2049592 0.8133202
f 1949/888/1949 1961/768/1961 1959/889/1959
vt 0.7848554 0.7940068
vt 0.7893682 0.7776037
f 971/890/971 958/795/958 973/891/973
f 971/890/971 968/854/968 941/753/941
vt 0.5156025 0.1699106
vt 0.5288683 0.1747968
f 1404/892/1404 1379/893/1379 1361/863/1361
f 1339/868/1339 1295/869/1295 1346/798/1346
vt 0.5322252 0.3534770
f 1291/824/1291 1163/872/1163 1072/894/1072
f 1291/824/1291 1072/894/1072 1290/803/1290
f 1290/803/1290 1072/894/1072 1289/804/1289
f 1298/874/1298 1344/875/1344 1365/827/1365
vt 0.5225475 0.4425735
f 1380/895/1380 1421/876/1421 1387/829/1387
f 1421/876/1421 1380/895/1380 1377/877/1377
vt 0.4232290 0.8808709
f 964/896/964 946/721/946 951/842/951
vt 0.7676896 0.6707346
vt 0.7667834 0.6608909
f 2544/810/2544 2657/897/2657 2656/898/2656
vt 0.8007655 0.6994107
f 2562/899/2562 2529/778/2529 2507/763/2507
f 2561/883/2561 2562/899/2562 2507/763/2507
f 1721/884/1721 1768/885/1768 1769/780/1769
f 1768/885/1768 1721/884/1721 1720/886/1720
vt 0.8861302 0.2950197
f 1766/887/1766 1724/900/1724 1765/787/1765
f 1765/787/1765 1724/900/1724 1722/852/1722
vt 0.2144475 0.8762736
f 1974/837/1974 1995/838/1995 1985/901/1985
vt 0.7652516 0.8130407
f 967/902/967 942/817/942 968/854/968
f 967/902/967 954/855/954 942/817/942
vt 0.7333652 0.8409213
f 939/847/939 945/903/945 919/755/919
vt 0.7070730 0.8725421
f 921/848/921 943/904/943 916/797/916
vt 0.5302889 0.1603300
f 1379/893/1379 1404/892/1404 1388/905/1388
f 1343/866/1343 1339/868/1339 1347/867/1347
vt 0.2831311 0.6912006
vt 0.2751558 0.6903744
f 247/801/247 215/906/215 213/907/213
f 1344/875/1344 1380/895/1380 1387/829/1387
vt 0.5207582 0.4821803
f 1377/877/1377 1441/908/1441 1433/878/1433
f 964/896/964 955/809/955 946/721/946
vt 0.7545218 0.6411467
f 2661/909/2661 2574/843/2574 2656/898/2656
vt 0.9800047 0.2743957
f 1877/910/1877 1840/882/1840 1875/849/1875
vt 0.7884637 0.6938479
f 2529/778/2529 2666/911/2666 2560/845/2560
vt 0.9338939 0.2770898
f 1829/833/1829 1743/912/1743 1788/813/1788
f 1788/813/1788 1743/912/1743 1775/814/1775
f 1720/886/1720 1724/900/1724 1766/887/1766
f 944/856/944 921/848/921 922/796/922
vt 0.5338741 0.3697994
f 1072/894/1072 1070/913/1070 1289/804/1289
f 1289/804/1289 1070/913/1070 1286/805/1286
vt 0.7536770 0.6283584
vt 0.7601547 0.6312035
f 2654/914/2654 2645/915/2645 2661/909/2661
vt 0.3760840 0.8669959
f 980/879/980 987/916/987 975/844/975
f 2653/881/2653 2657/897/2657 2544/810/2544
f 2666/911/2666 2653/881/2653 2560/845/2560
vt 0.9468183 0.2700911
f 1840/882/1840 1744/917/1744 1829/833/1829
f 2529/778/2529 2562/899/2562 2666/911/2666
vt 0.9218897 0.2796924
f 1775/814/1775 1727/918/1727 1721/884/1721
vt 0.7437326 0.8456060
f 939/847/939 956/919/956 945/903/945
vt 0.7267771 0.8613448
f 944/856/944 953/920/953 921/848/921
vt 0.5332689 0.1934119
f 1361/863/1361 1342/921/1342 1343/866/1343
vt 0.5338401 0.2137154
f 1343/866/1343 1303/922/1303 1339/868/1339
vt 0.5353009 0.2533680
f 1295/869/1295 1233/923/1233 1293/799/1293
vt 0.5344422 0.2692118
f 1293/799/1293 1161/924/1161 1237/870/1237
vt 0.5333868 0.2917966
f 1237/870/1237 1160/925/1160 1145/871/1145
vt 0.5347469 0.3346245
f 1145/871/1145 1080/926/1080 1163/872/1163
f 1080/926/1080 1072/894/1072 1163/872/1163
vt 0.5319103 0.4432999
f 1344/875/1344 1345/927/1345 1380/895/1380
f 1380/895/1380 1345/927/1345 1377/877/1377
vt 0.5337398 0.4719583
f 1377/877/1377 1401/928/1401 1441/908/1441
vt 0.4132064 0.8844409
f 964/896/964 970/929/970 955/809/955
vt 0.3974085 0.8745617
f 955/809/955 970/929/970 974/930/974
f 955/809/955 974/930/974 965/831/965
f 965/831/965 974/930/974 980/879/980
f 1829/833/1829 1744/917/1744 1743/912/1743
vt 0.8307672 0.3137977
vt 0.8173767 0.2937311
vt 0.8156841 0.3161731
f 1729/931/1729 1691/932/1691 1767/933/1767
vt 0.8559627 0.2859026
vt 0.8448501 0.3097042
f 1723/834/1723 1679/934/1679 1725/935/1725
vt 0.1727552 0.7303382
vt 0.1765823 0.7176883
vt 0.1832243 0.7339699
f 2097/936/2097 2247/937/2247 2065/938/2065
vt 0.2326273 0.9167700
vt 0.2335832 0.9315652
f 2075/939/2075 2078/823/2078 2104/940/2104
f 956/919/956 944/856/944 945/903/945
f 921/848/921 953/920/953 943/904/943
f 1343/866/1343 1342/921/1342 1303/922/1303
vt 0.5348393 0.2229924
f 1339/868/1339 1303/922/1303 1278/941/1278
f 1339/868/1339 1278/941/1278 1295/869/1295
vt 0.5352338 0.2420148
f 1295/869/1295 1238/942/1238 1233/923/1233
f 1233/923/1233 1161/924/1161 1293/799/1293
f 1161/924/1161 1160/925/1160 1237/870/1237
vt 0.5423288 0.3852291
f 1070/913/1070 1028/943/1028 1286/805/1286
vt 0.7477724 0.6693133
f 2657/897/2657 2687/944/2687 2656/898/2656
vt 0.9655790 0.2649925
f 1877/910/1877 1827/945/1827 1840/882/1840
vt 0.7778484 0.6881431
f 2666/911/2666 2667/946/2667 2653/881/2653
vt 0.9550090 0.2643982
f 1840/882/1840 1827/945/1827 1787/947/1787
f 1840/882/1840 1787/947/1787 1744/917/1744
f 1775/814/1775 1743/912/1743 1727/918/1727
vt 0.8412181 0.2879682
f 1725/935/1725 1681/948/1681 1729/931/1729
vt 0.8816562 0.2783074
f 1720/886/1720 1676/949/1676 1724/900/1724
f 1679/934/1679 1681/948/1681 1725/935/1725
f 1724/900/1724 1676/949/1676 1722/852/1722
f 1723/834/1723 1722/852/1722 1679/934/1679
vt 0.2242807 0.9095981
vt 0.2222032 0.8956766
f 2036/819/2036 2035/950/2035 2014/951/2014
vt 0.7537674 0.8369633
f 956/919/956 939/847/939 966/952/966
f 1379/893/1379 1342/921/1342 1361/863/1361
f 1278/941/1278 1238/942/1238 1295/869/1295
vt 0.3116753 0.7038213
vt 0.3244257 0.7001578
vt 0.3117469 0.6890633
f 241/953/241 230/954/230 204/955/204
f 1286/805/1286 1028/943/1028 1094/873/1094
vt 0.7354090 0.6016632
vt 0.7256121 0.6226976
vt 0.7188027 0.6038862
f 2671/956/2671 2685/957/2685 2686/958/2686
vt 0.5271451 0.4918507
f 1441/908/1441 1401/928/1401 1437/959/1437
vt 0.7488466 0.6507548
f 2656/898/2656 2687/944/2687 2678/960/2678
vt 0.9893451 0.2818887
vt 0.9943059 0.2641440
f 1883/961/1883 1882/962/1882 1877/910/1877
vt 0.7938851 0.7144701
f 2562/899/2562 2688/963/2688 2666/911/2666
vt 0.8087238 0.7216863
f 2530/846/2530 2690/964/2690 2561/883/2561
vt 0.9064131 0.2666199
f 1721/884/1721 1674/965/1674 1720/886/1720
vt 0.8673897 0.2819659
f 1722/852/1722 1676/949/1676 1677/966/1677
vt 0.2008958 0.8782927
vt 0.2151839 0.8912715
f 1972/967/1972 1985/901/1985 2004/968/2004
vt 0.7466642 0.8557687
f 956/919/956 969/969/969 944/856/944
vt 0.5418658 0.1782680
f 1379/893/1379 1334/970/1334 1342/921/1342
vt 0.5363381 0.5010006
vt 0.5248837 0.5125684
f 1437/959/1437 1448/971/1448 1473/972/1473
vt 0.9774545 0.2589482
f 1882/962/1882 1828/973/1828 1877/910/1877
f 2562/899/2562 2561/883/2561 2688/963/2688
vt 0.9284880 0.2610037
f 1743/912/1743 1715/974/1715 1727/918/1727
f 1721/884/1721 1727/918/1727 1674/965/1674
vt 0.8298289 0.2888846
f 1681/948/1681 1682/975/1682 1729/931/1729
f 1682/975/1682 1691/932/1691 1729/931/1729
f 1677/966/1677 1679/934/1679 1722/852/1722
vt 0.7796097 0.8243060
vt 0.7664235 0.8348163
f 977/976/977 972/977/972 967/902/967
f 972/977/972 954/855/954 967/902/967
f 972/977/972 966/952/966 954/855/954
vt 0.2484653 0.9455444
vt 0.2603492 0.9662564
vt 0.2497701 0.9676530
f 2133/978/2133 2155/979/2155 2153/980/2153
vt 0.5317082 0.1348389
vt 0.5409989 0.1440714
f 1438/981/1438 1396/982/1396 1388/905/1388
vt 0.5403853 0.1632780
f 1388/905/1388 1348/983/1348 1334/970/1334
f 1388/905/1388 1334/970/1334 1379/893/1379
vt 0.5420078 0.1937131
f 1342/921/1342 1299/984/1299 1303/922/1303
vt 0.5487236 0.2432956
f 1238/942/1238 1159/985/1159 1233/923/1233
vt 0.5424882 0.2684101
f 1161/924/1161 1141/986/1141 1160/925/1160
vt 0.5447055 0.3000101
vt 0.5450652 0.3142769
f 1160/925/1160 1069/987/1069 1061/988/1061
f 1160/925/1160 1061/988/1061 1145/871/1145
vt 0.5447834 0.3306245
f 1061/988/1061 1060/989/1060 1145/871/1145
vt 0.2609339 0.6859041
vt 0.2636041 0.6682494
f 212/990/212 213/907/213 178/991/178
f 1145/871/1145 1060/989/1060 1080/926/1080
vt 0.5438090 0.3536124
f 1080/926/1080 1039/992/1039 1072/894/1072
vt 0.3309521 0.7022181
vt 0.3453668 0.6941947
f 231/993/231 229/994/229 230/954/230
vt 0.5415748 0.4302626
f 1344/875/1344 1037/995/1037 1345/927/1345
vt 0.5424323 0.4905317
f 1402/996/1402 1448/971/1448 1437/959/1437
vt 0.5350379 0.5196980
f 1448/971/1448 1463/997/1463 1473/972/1473
vt 0.3878240 0.8824390
f 974/930/974 986/998/986 980/879/980
f 1828/973/1828 1827/945/1827 1877/910/1877
vt 0.7729748 0.7021462
f 2666/911/2666 2691/999/2691 2667/946/2667
f 2561/883/2561 2690/964/2690 2688/963/2688
f 1743/912/1743 1744/917/1744 1715/974/1715
vt 0.8025525 0.3027442
f 1767/933/1767 1691/932/1691 1764/1000/1764
vt 0.8955490 0.2719461
f 1674/965/1674 1678/1001/1678 1720/886/1720
vt 0.2161115 0.9195817
f 2035/950/2035 2075/939/2075 2076/1002/2076
vt 0.5386358 0.1128498
vt 0.5463078 0.1285782
vt 0.5284703 0.1279597
f 1469/1003/1469 1431/1004/1431 1470/1005/1470
f 1470/1005/1470 1431/1004/1431 1438/981/1438
vt 0.5419294 0.2101471
f 1299/984/1299 1277/1006/1277 1303/922/1303
f 1233/923/1233 1141/986/1141 1161/924/1161
vt 0.5454651 0.2872046
f 1141/986/1141 1092/1007/1092 1160/925/1160
f 1092/1007/1092 1069/987/1069 1160/925/1160
vt 0.5448903 0.3406532
f 1080/926/1080 1040/1008/1040 1039/992/1039
f 1072/894/1072 1039/992/1039 1070/913/1070
vt 0.3271250 0.6815379
f 230/954/230 199/1009/199 204/955/204
vt 0.5432856 0.4017418
f 1028/943/1028 1026/1010/1026 1094/873/1094
vt 0.5455862 0.4107851
f 1094/873/1094 1027/1011/1027 1298/874/1298
f 1037/995/1037 1344/875/1344 1298/874/1298
vt 0.3678916 0.7057751
vt 0.3613422 0.6898142
f 322/1012/322 232/1013/232 229/994/229
vt 0.5432805 0.4428372
f 1037/995/1037 1038/1014/1038 1345/927/1345
f 1038/1014/1038 1377/877/1377 1345/927/1345
vt 0.5426881 0.4579298
f 1038/1014/1038 1350/1015/1350 1377/877/1377
f 1377/877/1377 1350/1015/1350 1401/928/1401
vt 0.7373729 0.6349350
vt 0.7349831 0.6454691
f 2679/1016/2679 2678/960/2678 2692/1017/2692
f 980/879/980 986/998/986 987/916/987
vt 0.7593459 0.6844448
f 2657/897/2657 2694/1018/2694 2687/944/2687
vt 0.9906266 0.2558681
f 1882/962/1882 1878/1019/1878 1828/973/1828
vt 0.7661170 0.6957329
f 2691/999/2691 2693/1020/2693 2667/946/2667
vt 0.7838765 0.7096035
f 2688/963/2688 2689/1021/2689 2666/911/2666
vt 0.9423974 0.2557204
f 1744/917/1744 1787/947/1787 1717/1022/1717
vt 0.8011189 0.2917901
f 1691/932/1691 1719/1023/1719 1764/1000/1764
vt 0.9167690 0.2617514
f 1727/918/1727 1675/1024/1675 1674/965/1674
f 1720/886/1720 1678/1001/1678 1676/949/1676
f 1303/922/1303 1277/1006/1277 1278/941/1278
f 1159/985/1159 1238/942/1238 1278/941/1278
f 1233/923/1233 1159/985/1159 1141/986/1141
vt 0.2806410 0.6727703
f 178/991/178 213/907/213 177/1025/177
f 1080/926/1080 1060/989/1060 1040/1008/1040
vt 0.5460863 0.3678111
f 1039/992/1039 1036/1026/1036 1070/913/1070
f 1070/913/1070 1036/1026/1036 1028/943/1028
f 1094/873/1094 1026/1010/1026 1027/1011/1027
f 1027/1011/1027 1037/995/1037 1298/874/1298
f 1401/928/1401 1402/996/1402 1437/959/1437
f 1744/917/1744 1717/1022/1717 1715/974/1715
f 1715/974/1715 1675/1024/1675 1727/918/1727
vt 0.8635687 0.2685742
f 1677/966/1677 1676/949/1676 1654/1027/1654
f 1677/966/1677 1654/1027/1654 1679/934/1679
vt 0.5506259 0.2243075
f 1227/1028/1227 1159/985/1159 1278/941/1278
vt 0.4137686 0.7137386
vt 0.4216650 0.7070304
vt 0.3991494 0.7049322
f 464/1029/464 463/1030/463 398/1031/398
vt 0.3743451 0.8826243
f 986/998/986 990/1032/990 987/916/987
vt 0.9591322 0.2522161
f 1828/973/1828 1772/1033/1772 1827/945/1827
f 1827/945/1827 1772/1033/1772 1787/947/1787
vt 0.8044779 0.7311776
f 2690/964/2690 2696/1034/2696 2688/963/2688
vt 0.5562853 0.1700031
f 1348/983/1348 1284/1035/1284 1334/970/1334
vt 0.5509005 0.2616215
f 1159/985/1159 1140/1036/1140 1141/986/1141
vt 0.5580466 0.2980018
f 1068/1037/1068 1061/988/1061 1069/987/1069
vt 0.5566021 0.3574482
f 1029/1038/1029 1039/992/1039 1040/1008/1040
vt 0.7425700 0.6655509
f 2678/960/2678 2695/1039/2695 2692/1017/2692
vt 0.5452442 0.5036377
f 1448/971/1448 1423/1040/1423 1463/997/1463
vt 0.3695672 0.8718361
f 987/916/987 990/1032/990 991/1041/991
vt 0.7887374 0.7278528
f 2688/963/2688 2699/1042/2699 2689/1021/2689
vt 0.8131933 0.2757723
f 1691/932/1691 1660/1043/1660 1719/1023/1719
vt 0.8799124 0.2648507
f 1678/1001/1678 1658/1044/1658 1676/949/1676
vt 0.8531610 0.2719947
vt 0.8406509 0.2743808
f 1679/934/1679 1655/1045/1655 1657/1046/1657
f 1679/934/1679 1657/1046/1657 1681/948/1681
f 1654/1027/1654 1655/1045/1655 1679/934/1679
vt 0.7757626 0.8435225
f 988/1047/988 972/977/972 977/976/977
vt 0.5507547 0.1381280
f 1431/1004/1431 1393/1048/1393 1396/982/1396
vt 0.5497972 0.1563439
f 1349/1049/1349 1396/982/1396 1393/1048/1393
f 1348/983/1348 1349/1049/1349 1284/1035/1284
vt 0.5495808 0.1970352
f 1276/1050/1276 1299/984/1299 1334/970/1334
f 1299/984/1299 1276/1050/1276 1277/1006/1277
f 1277/1006/1277 1227/1028/1227 1278/941/1278
vt 0.1826728 0.6586481
vt 0.2025290 0.6543899
vt 0.1903758 0.6386501
f 223/1051/223 205/1052/205 195/1053/195
vt 0.2152987 0.6633617
vt 0.2277129 0.6504692
vt 0.2169539 0.6405001
f 206/1054/206 181/1055/181 134/1056/134
f 1141/986/1141 1140/1036/1140 1092/1007/1092
f 1029/1038/1029 1036/1026/1036 1039/992/1039
vt 0.5578187 0.3834671
f 1028/943/1028 1036/1026/1036 1014/1057/1014
f 1028/943/1028 1014/1057/1014 1026/1010/1026
vt 0.5558847 0.4268789
f 1027/1011/1027 1007/1058/1007 1037/995/1037
vt 0.5458107 0.4705430
f 1350/1015/1350 1357/1059/1357 1401/928/1401
f 1401/928/1401 1357/1059/1357 1402/996/1402
f 1448/971/1448 1402/996/1402 1423/1040/1423
vt 0.9741966 0.2463585
f 1878/1019/1878 1782/1060/1782 1828/973/1828
f 1828/973/1828 1782/1060/1782 1772/1033/1772
f 1682/975/1682 1660/1043/1660 1691/932/1691
f 1657/1046/1657 1682/975/1682 1681/948/1681
f 1676/949/1676 1658/1044/1658 1654/1027/1654
vt 0.5421493 0.0933816
vt 0.5358755 0.0819355
vt 0.5477644 0.0790921
f 1485/1061/1485 1508/1062/1508 1500/1063/1500
f 1276/1050/1276 1227/1028/1227 1277/1006/1277
vt 0.5581314 0.2885916
f 1077/1064/1077 1068/1037/1068 1092/1007/1092
f 1092/1007/1092 1068/1037/1068 1069/987/1069
f 1007/1058/1007 1038/1014/1038 1037/995/1037
f 1772/1033/1772 1717/1022/1717 1787/947/1787
vt 0.8265497 0.2758770
f 1682/975/1682 1659/1065/1659 1660/1043/1660
vt 0.8921536 0.2592005
f 1674/965/1674 1661/1066/1661 1678/1001/1678
f 1657/1046/1657 1659/1065/1659 1682/975/1682
f 1661/1066/1661 1658/1044/1658 1678/1001/1678
vt 0.5545428 0.1129951
f 1469/1003/1469 1432/1067/1432 1431/1004/1431
vt 0.5591070 0.1839588
f 1334/970/1334 1279/1068/1279 1276/1050/1276
vt 0.5588637 0.2437331
f 1227/1028/1227 1144/1069/1144 1159/985/1159
vt 0.5594936 0.2730792
f 1140/1036/1140 1079/1070/1079 1092/1007/1092
f 1092/1007/1092 1079/1070/1079 1077/1064/1077
vt 0.5588638 0.3297115
f 1061/988/1061 1058/1071/1058 1060/989/1060
vt 0.5593676 0.3410090
f 1060/989/1060 1035/1072/1035 1040/1008/1040
vt 0.5589149 0.3972403
f 1014/1057/1014 1010/1073/1010 1026/1010/1026
vt 0.5583717 0.4120924
f 1026/1010/1026 1005/1074/1005 1027/1011/1027
vt 0.7295201 0.6611546
f 2695/1039/2695 2698/1075/2698 2692/1017/2692
vt 0.5536184 0.5073408
vt 0.5525435 0.5199826
f 1422/1076/1422 1440/1077/1440 1423/1040/1423
f 1423/1040/1423 1440/1077/1440 1463/997/1463
vt 0.9887702 0.2405516
f 1878/1019/1878 1839/1078/1839 1782/1060/1782
vt 0.9254850 0.2472423
f 1717/1022/1717 1680/1079/1680 1715/974/1715
vt 0.7985263 0.2754617
f 1660/1043/1660 1683/1080/1683 1719/1023/1719
vt 0.9037231 0.2509094
f 1675/1024/1675 1662/1081/1662 1674/965/1674
f 1485/1061/1485 1432/1067/1432 1469/1003/1469
vt 0.5640521 0.1313819
f 1432/1067/1432 1386/1082/1386 1431/1004/1431
vt 0.5570576 0.1559773
f 1349/1049/1349 1340/1083/1340 1284/1035/1284
vt 0.5617438 0.2002238
f 1276/1050/1276 1279/1068/1279 1234/1084/1234
vt 0.5583176 0.2158080
f 1276/1050/1276 1209/1085/1209 1227/1028/1227
vt 0.5600725 0.2296769
f 1227/1028/1227 1162/1086/1162 1144/1069/1144
vt 0.5581607 0.3139352
f 1061/988/1061 1068/1037/1068 1059/1087/1059
f 1059/1087/1059 1058/1071/1058 1061/988/1061
f 1060/989/1060 1058/1071/1058 1035/1072/1035
f 1040/1008/1040 1035/1072/1035 1029/1038/1029
vt 0.5590535 0.3726633
f 1036/1026/1036 1023/1088/1023 1014/1057/1014
vt 0.5566229 0.4408079
vt 0.5578628 0.4561214
f 1008/1089/1008 1009/1090/1009 1038/1014/1038
f 1038/1014/1038 1009/1090/1009 1350/1015/1350
vt 0.5538670 0.4701754
f 1009/1090/1009 1356/1091/1356 1357/1059/1357
f 1350/1015/1350 1009/1090/1009 1357/1059/1357
f 1356/1091/1356 1402/996/1402 1357/1059/1357
f 1402/996/1402 1422/1076/1422 1423/1040/1423
vt 0.5406997 0.5338336
f 1463/997/1463 1440/1077/1440 1476/1092/1476
vt 0.9995784 0.2486658
f 1839/1078/1839 1878/1019/1878 1881/1093/1881
vt 0.9976448 0.2362911
f 1881/1093/1881 1847/1094/1847 1839/1078/1839
vt 0.7849120 0.2878640
f 1719/1023/1719 1683/1080/1683 1762/1095/1762
vt 0.9145584 0.2494229
f 1715/974/1715 1673/1096/1673 1675/1024/1675
f 1674/965/1674 1662/1081/1662 1661/1066/1661
vt 0.8806243 0.2497457
f 1658/1044/1658 1661/1066/1661 1628/1097/1628
vt 0.8734332 0.2517685
f 1658/1044/1658 1585/1098/1585 1654/1027/1654
vt 0.2104902 0.9345250
vt 0.2233435 0.9281732
vt 0.2146289 0.9496087
f 2109/1099/2109 2084/1100/2084 2132/1101/2132
vt 0.5557225 0.0872666
f 1485/1061/1485 1486/1102/1486 1432/1067/1432
f 1393/1048/1393 1340/1083/1340 1349/1049/1349
f 1276/1050/1276 1234/1084/1234 1209/1085/1209
f 1144/1069/1144 1140/1036/1140 1159/985/1159
vt 0.5593977 0.2615820
f 1140/1036/1140 1109/1103/1109 1079/1070/1079
f 1029/1038/1029 1023/1088/1023 1036/1026/1036
f 1026/1010/1026 1010/1073/1010 1005/1074/1005
f 1027/1011/1027 1005/1074/1005 1007/1058/1007
f 1007/1058/1007 1008/1089/1008 1038/1014/1038
vt 0.5584534 0.4875033
f 1356/1091/1356 1376/1104/1376 1402/996/1402
f 1402/996/1402 1376/1104/1376 1422/1076/1422
vt 0.5510669 0.5366898
f 1476/1092/1476 1440/1077/1440 1475/1105/1475
vt 0.7516681 0.6957244
f 2693/1020/2693 2697/1106/2697 2694/1018/2694
vt 0.7617617 0.7179496
f 2691/999/2691 2703/1107/2703 2693/1020/2693
vt 0.9537457 0.2381753
f 1772/1033/1772 1782/1060/1782 1730/1108/1730
f 1772/1033/1772 1730/1108/1730 1717/1022/1717
vt 0.7707604 0.7244213
f 2699/1042/2699 2701/1109/2701 2689/1021/2689
vt 0.9401234 0.2422313
f 1717/1022/1717 1716/1110/1716 1680/1079/1680
f 1715/974/1715 1680/1079/1680 1673/1096/1673
f 1675/1024/1675 1673/1096/1673 1662/1081/1662
vt 0.8376908 0.2599514
f 1657/1046/1657 1587/1111/1587 1659/1065/1659
f 1658/1044/1658 1628/1097/1628 1585/1098/1585
vt 0.8600877 0.2556401
f 1654/1027/1654 1584/1112/1584 1655/1045/1655
vt 0.8496217 0.2587034
f 1584/1112/1584 1586/1113/1586 1655/1045/1655
f 1655/1045/1655 1586/1113/1586 1657/1046/1657
vt 0.1755248 0.8339465
vt 0.1741325 0.8482178
vt 0.1622248 0.8386707
f 1933/1114/1933 1940/1115/1940 1925/1116/1925
vt 0.5640616 0.1453717
f 1393/1048/1393 1338/1117/1338 1340/1083/1340
f 1227/1028/1227 1209/1085/1209 1162/1086/1162
f 1144/1069/1144 1109/1103/1109 1140/1036/1140
vt 0.2488004 0.6499404
vt 0.2294291 0.6405578
f 181/1055/181 135/1118/135 126/1119/126
vt 0.2960728 0.6738083
vt 0.3105619 0.6687594
vt 0.3028445 0.6605775
f 180/1120/180 174/1121/174 173/1122/173
vt 0.9805100 0.2284454
f 1839/1078/1839 1815/1123/1815 1782/1060/1782
vt 0.9683451 0.2336017
f 1782/1060/1782 1815/1123/1815 1774/1124/1774
f 2703/1107/2703 2697/1106/2697 2693/1020/2693
f 1782/1060/1782 1774/1124/1774 1730/1108/1730
f 2701/1109/2701 2703/1107/2703 2691/999/2691
f 1717/1022/1717 1730/1108/1730 1716/1110/1716
vt 0.7839212 0.2759914
vt 0.7667593 0.2815025
f 1685/1125/1685 1851/1126/1851 1762/1095/1762
f 1683/1080/1683 1685/1125/1685 1762/1095/1762
f 1657/1046/1657 1586/1113/1586 1587/1111/1587
vt 0.1366371 0.7128256
vt 0.1432012 0.6887066
vt 0.1560978 0.7045750
f 2302/1127/2302 2330/1128/2330 2293/1129/2293
vt 0.5663907 0.1845683
f 1279/1068/1279 1249/1130/1249 1234/1084/1234
vt 0.5626296 0.5356675
f 1440/1077/1440 1474/1131/1474 1475/1105/1475
vt 0.7381386 0.6892411
f 2697/1106/2697 2700/1132/2700 2687/944/2687
vt 0.7977798 0.2619090
f 1660/1043/1660 1608/1133/1608 1683/1080/1683
vt 0.8124682 0.2635561
f 1659/1065/1659 1595/1134/1595 1660/1043/1660
vt 0.8906865 0.2462739
f 1662/1081/1662 1632/1135/1632 1661/1066/1661
vt 0.8265384 0.2613510
f 1587/1111/1587 1588/1136/1588 1659/1065/1659
vt 0.1563861 0.7860355
vt 0.1453744 0.7832639
vt 0.1474111 0.7731197
f 1927/1137/1927 1923/1138/1923 1939/1139/1939
vt 0.5645147 0.0972515
vt 0.5652633 0.1152444
f 1459/1140/1459 1406/1141/1406 1432/1067/1432
f 1386/1082/1386 1338/1117/1338 1393/1048/1393
vt 0.5668866 0.1649255
f 1284/1035/1284 1283/1142/1283 1279/1068/1279
f 1283/1142/1283 1249/1130/1249 1279/1068/1279
vt 0.5661348 0.2439626
f 1162/1086/1162 1116/1143/1116 1144/1069/1144
f 1144/1069/1144 1116/1143/1116 1109/1103/1109
vt 0.5697019 0.2765274
vt 0.5672749 0.2942893
f 1078/1144/1078 1067/1145/1067 1077/1064/1077
f 1079/1070/1079 1078/1144/1078 1077/1064/1077
f 1077/1064/1077 1067/1145/1067 1068/1037/1068
vt 0.5664617 0.3140593
f 1068/1037/1068 1057/1146/1057 1059/1087/1059
vt 0.5668452 0.3353055
f 1059/1087/1059 1057/1146/1057 1034/1147/1034
f 1059/1087/1059 1034/1147/1034 1058/1071/1058
f 1058/1071/1058 1034/1147/1034 1035/1072/1035
vt 0.5685293 0.3571719
f 1035/1072/1035 1024/1148/1024 1029/1038/1029
f 1029/1038/1029 1024/1148/1024 1023/1088/1023
vt 0.5699483 0.3698869
f 1023/1088/1023 1024/1148/1024 1022/1149/1022
f 1023/1088/1023 1022/1149/1022 1014/1057/1014
vt 0.5700805 0.3976145
vt 0.5702727 0.4091587
f 1006/1150/1006 1002/1151/1002 1010/1073/1010
f 1010/1073/1010 1002/1151/1002 1005/1074/1005
vt 0.5661096 0.4580951
f 1009/1090/1009 998/1152/998 1356/1091/1356
vt 0.5644892 0.4719872
f 1323/1153/1323 1376/1104/1376 1356/1091/1356
vt 0.5629064 0.5047605
f 1376/1104/1376 1418/1154/1418 1422/1076/1422
f 1422/1076/1422 1418/1154/1418 1440/1077/1440
vt 0.5666016 0.5259578
f 1439/1155/1439 1474/1131/1474 1440/1077/1440
f 1659/1065/1659 1588/1136/1588 1595/1134/1595
f 1661/1066/1661 1632/1135/1632 1628/1097/1628
f 1585/1098/1585 1584/1112/1584 1654/1027/1654
f 1340/1083/1340 1283/1142/1283 1284/1035/1284
vt 0.1414298 0.6248158
vt 0.1609253 0.6305053
vt 0.1546744 0.6169816
f 282/1156/282 221/1157/221 220/1158/220
vt 0.5710137 0.2154318
f 1209/1085/1209 1234/1084/1234 1167/1159/1167
f 1209/1085/1209 1167/1159/1167 1162/1086/1162
vt 0.5728146 0.2614131
f 1109/1103/1109 1116/1143/1116 1108/1160/1108
f 1108/1160/1108 1079/1070/1079 1109/1103/1109
f 1067/1145/1067 1057/1146/1057 1068/1037/1068
f 1034/1147/1034 1024/1148/1024 1035/1072/1035
vt 0.5706969 0.3846654
f 1022/1149/1022 1012/1161/1012 1014/1057/1014
f 1014/1057/1014 1012/1161/1012 1006/1150/1006
f 1014/1057/1014 1006/1150/1006 1010/1073/1010
vt 0.5698237 0.4273403
vt 0.5677640 0.4423021
f 999/1162/999 997/1163/997 1008/1089/1008
f 1007/1058/1007 999/1162/999 1008/1089/1008
f 1008/1089/1008 997/1163/997 1009/1090/1009
f 1356/1091/1356 998/1152/998 1323/1153/1323
vt 0.4323545 0.6944343
vt 0.4300260 0.6762785
vt 0.4183673 0.6865988
f 468/1164/468 397/1165/397 396/1166/396
f 1418/1154/1418 1439/1155/1439 1440/1077/1440
vt 0.9988384 0.2227975
f 1847/1094/1847 1846/1167/1846 1815/1123/1815
f 1847/1094/1847 1815/1123/1815 1839/1078/1839
vt 0.7476051 0.7062159
f 2697/1106/2697 2704/1168/2704 2700/1132/2700
vt 0.9218917 0.2315646
f 1680/1079/1680 1716/1110/1716 1663/1169/1663
vt 0.9104472 0.2355099
f 1680/1079/1680 1656/1170/1656 1673/1096/1673
f 1595/1134/1595 1608/1133/1608 1660/1043/1660
f 1673/1096/1673 1656/1170/1656 1662/1081/1662
vt 0.9028137 0.2386532
f 1662/1081/1662 1646/1171/1646 1632/1135/1632
vt 0.5654408 0.0874535
f 1479/1172/1479 1459/1140/1459 1486/1102/1486
f 1108/1160/1108 1078/1144/1078 1079/1070/1079
f 1005/1074/1005 1002/1151/1002 999/1162/999
f 1005/1074/1005 999/1162/999 1007/1058/1007
vt 0.4472113 0.6868855
f 469/1173/469 397/1165/397 468/1164/468
f 1680/1079/1680 1663/1169/1663 1656/1170/1656
f 1662/1081/1662 1656/1170/1656 1646/1171/1646
vt 0.1453046 0.7945990
f 1923/1138/1923 1927/1137/1927 1915/1174/1915
vt 0.5744295 0.3143592
f 1057/1146/1057 1054/1175/1054 1034/1147/1034
f 997/1163/997 998/1152/998 1009/1090/1009
vt 0.4217571 0.6680286
vt 0.4039453 0.6750174
f 388/1176/388 307/1177/307 396/1166/396
vt 0.7407164 0.7091004
f 2704/1168/2704 2705/1178/2705 2700/1132/2700
vt 0.7649741 0.2657835
vt 0.7557662 0.2821182
f 1851/1126/1851 1763/1179/1763 1867/1180/1867
vt 0.7501656 0.2714887
f 1763/1179/1763 1868/1181/1868 1867/1180/1867
vt 0.7808403 0.2637865
f 1685/1125/1685 1684/1182/1684 1851/1126/1851
vt 0.8221754 0.2530102
f 1595/1134/1595 1588/1136/1588 1583/1183/1583
vt 0.8373449 0.2497425
f 1582/1184/1582 1588/1136/1588 1587/1111/1587
vt 0.8742924 0.2395778
f 1628/1097/1628 1581/1185/1581 1585/1098/1585
vt 0.8500614 0.2457414
f 1584/1112/1584 1577/1186/1577 1586/1113/1586
f 1586/1113/1586 1577/1186/1577 1587/1111/1587
vt 0.1997388 0.9512606
vt 0.1982390 0.9359154
f 2132/1101/2132 2141/1187/2141 2134/1188/2134
vt 0.2155777 0.9665041
vt 0.2261972 0.9673554
vt 0.2116250 0.9868258
f 2159/1189/2159 2157/1190/2157 2179/1191/2179
vt 0.2411486 0.9967392
vt 0.2248191 0.9836698
vt 0.2338067 0.9811287
f 2184/1192/2184 2178/1193/2178 2175/1194/2175
vt 0.5744948 0.1991857
f 1234/1084/1234 1206/1195/1206 1167/1159/1167
vt 0.5748810 0.2295377
f 1167/1159/1167 1139/1196/1139 1162/1086/1162
f 1162/1086/1162 1139/1196/1139 1116/1143/1116
vt 0.5743330 0.2462725
f 1116/1143/1116 1115/1197/1115 1108/1160/1108
vt 0.2452992 0.6335919
vt 0.2335517 0.6254140
f 126/1119/126 80/1198/80 82/1199/82
f 1067/1145/1067 1054/1175/1054 1057/1146/1057
vt 0.5752125 0.3290415
f 1054/1175/1054 1041/1200/1041 1034/1147/1034
vt 0.5747122 0.3407688
f 1041/1200/1041 1032/1201/1032 1034/1147/1034
f 1034/1147/1034 1032/1201/1032 1024/1148/1024
vt 0.5715410 0.4845660
f 1323/1153/1323 1360/1202/1360 1376/1104/1376
vt 0.5706944 0.5001940
f 1376/1104/1376 1381/1203/1381 1418/1154/1418
vt 0.4594040 0.6899895
vt 0.4569586 0.6774845
f 556/1204/556 502/1205/502 469/1173/469
vt 0.9664437 0.2234262
f 1815/1123/1815 1773/1206/1773 1774/1124/1774
vt 0.7525218 0.7235748
f 2703/1107/2703 2706/1207/2706 2704/1168/2704
f 1774/1124/1774 1773/1206/1773 1730/1108/1730
vt 0.9493250 0.2221020
f 1730/1108/1730 1773/1206/1773 1726/1208/1726
f 1726/1208/1726 1716/1110/1716 1730/1108/1730
f 1851/1126/1851 1684/1182/1684 1763/1179/1763
vt 0.9357290 0.2266800
f 1716/1110/1716 1672/1209/1672 1663/1169/1663
f 1683/1080/1683 1608/1133/1608 1685/1125/1685
f 1608/1133/1608 1684/1182/1684 1685/1125/1685
vt 0.8587354 0.2424092
f 1581/1185/1581 1580/1210/1580 1585/1098/1585
f 1585/1098/1585 1580/1210/1580 1584/1112/1584
f 1580/1210/1580 1577/1186/1577 1584/1112/1584
f 1577/1186/1577 1582/1184/1582 1587/1111/1587
vt 0.5799450 0.0945413
f 1459/1140/1459 1452/1211/1452 1406/1141/1406
vt 0.5805368 0.1233738
f 1406/1141/1406 1385/1212/1385 1386/1082/1386
f 2157/1190/2157 2178/1193/2178 2179/1191/2179
vt 0.5801951 0.1374905
vt 0.5809730 0.1543005
f 1335/1213/1335 1285/1214/1285 1338/1117/1338
f 1338/1117/1338 1285/1214/1285 1283/1142/1283
vt 0.5817770 0.1713867
f 1283/1142/1283 1236/1215/1236 1249/1130/1249
vt 0.5814139 0.1877025
f 1249/1130/1249 1236/1215/1236 1224/1216/1224
f 1249/1130/1249 1206/1195/1206 1234/1084/1234
f 1116/1143/1116 1139/1196/1139 1115/1197/1115
vt 0.5757459 0.2955052
f 1078/1144/1078 1065/1217/1065 1067/1145/1067
f 1067/1145/1067 1065/1217/1065 1054/1175/1054
vt 0.5759043 0.4733622
f 998/1152/998 1297/1218/1297 1323/1153/1323
f 1376/1104/1376 1360/1202/1360 1381/1203/1381
f 1418/1154/1418 1381/1203/1381 1439/1155/1439
vt 0.9840448 0.2192865
f 1846/1167/1846 1814/1219/1814 1815/1123/1815
f 2706/1207/2706 2705/1178/2705 2704/1168/2704
f 1815/1123/1815 1814/1219/1814 1773/1206/1773
f 1726/1208/1726 1672/1209/1672 1716/1110/1716
vt 0.8887196 0.2368725
f 1646/1171/1646 1627/1220/1627 1632/1135/1632
f 1632/1135/1632 1627/1220/1627 1628/1097/1628
f 1588/1136/1588 1582/1184/1582 1583/1183/1583
f 1627/1220/1627 1581/1185/1581 1628/1097/1628
vt 0.5808047 0.1116797
f 1406/1141/1406 1407/1221/1407 1385/1212/1385
f 1386/1082/1386 1385/1212/1385 1335/1213/1335
f 1224/1216/1224 1206/1195/1206 1249/1130/1249
vt 0.5777127 0.4584026
f 994/1222/994 1297/1218/1297 998/1152/998
f 1323/1153/1323 1297/1218/1297 1360/1202/1360
vt 0.5766916 0.5140973
f 1381/1203/1381 1417/1223/1417 1439/1155/1439
vt 0.5771964 0.0362399
vt 0.5797558 0.0504138
vt 0.5670043 0.0620456
f 1522/1224/1522 1513/1225/1513 1507/1226/1507
vt 0.5823557 0.2592388
f 1107/1227/1107 1108/1160/1108 1115/1197/1115
f 1108/1160/1108 1107/1227/1107 1078/1144/1078
vt 0.5828679 0.3604512
f 1024/1148/1024 1021/1228/1021 1022/1149/1022
vt 0.5829264 0.4423809
f 999/1162/999 992/1229/992 997/1163/997
f 997/1163/997 994/1222/994 998/1152/998
vt 0.8078837 0.2436423
f 1595/1134/1595 1579/1230/1579 1608/1133/1608
vt 0.8955125 0.2217968
f 1626/1231/1626 1627/1220/1627 1646/1171/1646
vt 0.1828165 0.9039790
vt 0.1912387 0.9146048
vt 0.1803319 0.9246163
f 1997/1232/1997 2028/1233/2028 2085/1234/2085
vt 0.5639063 0.0739829
vt 0.5842563 0.0687529
vt 0.5791337 0.0810689
f 1496/1235/1496 1494/1236/1494 1481/1237/1481
f 1406/1141/1406 1452/1211/1452 1407/1221/1407
f 1283/1142/1283 1285/1214/1285 1236/1215/1236
vt 0.5834254 0.2730647
f 1107/1227/1107 1081/1238/1081 1078/1144/1078
vt 0.5819546 0.3417338
f 1032/1201/1032 1031/1239/1031 1024/1148/1024
f 1031/1239/1031 1021/1228/1021 1024/1148/1024
f 1021/1228/1021 1012/1161/1012 1022/1149/1022
vt 0.5824047 0.3834059
f 1012/1161/1012 1011/1240/1011 1006/1150/1006
vt 0.5822986 0.4058807
f 1011/1240/1011 1003/1241/1003 1006/1150/1006
vt 0.5814036 0.4213915
f 1002/1151/1002 1000/1242/1000 999/1162/999
vt 0.3479274 0.6537860
vt 0.3635709 0.6650681
vt 0.3560136 0.6441601
f 172/1243/172 194/1244/194 170/1245/170
vt 0.3669744 0.6494277
f 194/1244/194 190/1246/190 170/1245/170
vt 0.5777764 0.4984175
f 1360/1202/1360 1378/1247/1378 1381/1203/1381
vt 0.5806305 0.5343340
f 1439/1155/1439 1445/1248/1445 1474/1131/1474
vt 0.4763099 0.6819193
vt 0.4726906 0.6661334
f 574/1249/574 549/1250/549 502/1205/502
vt 0.9731308 0.2086419
f 1814/1219/1814 1781/1251/1781 1773/1206/1773
vt 0.7412134 0.2583316
vt 0.7328454 0.2764711
f 1872/1252/1872 1888/1253/1888 1868/1181/1868
vt 0.9623637 0.2130708
f 1773/1206/1773 1745/1254/1745 1726/1208/1726
vt 0.7528642 0.2565142
f 1853/1255/1853 1868/1181/1868 1763/1179/1763
vt 0.7681425 0.2489252
f 1684/1182/1684 1690/1256/1690 1763/1179/1763
vt 0.7840948 0.2466963
f 1608/1133/1608 1607/1257/1607 1684/1182/1684
vt 0.9177926 0.2157060
f 1672/1209/1672 1652/1258/1652 1663/1169/1663
vt 0.7955774 0.2479339
f 1608/1133/1608 1579/1230/1579 1594/1259/1594
f 1583/1183/1583 1579/1230/1579 1595/1134/1595
vt 0.8204011 0.2399520
f 1583/1183/1583 1572/1260/1572 1579/1230/1579
f 1582/1184/1582 1572/1260/1572 1583/1183/1583
vt 0.8367476 0.2361897
f 1577/1186/1577 1569/1261/1569 1582/1184/1582
vt 0.8690030 0.2278857
f 1581/1185/1581 1568/1262/1568 1580/1210/1580
vt 0.8548369 0.2319433
f 1577/1186/1577 1580/1210/1580 1567/1263/1567
vt 0.1964826 0.9280673
vt 0.1869880 0.9404622
f 2085/1234/2085 2080/1264/2080 2137/1265/2137
f 1452/1211/1452 1479/1172/1479 1481/1237/1481
vt 0.2027909 0.9726219
f 2164/1266/2164 2159/1189/2159 2179/1191/2179
vt 0.5828291 0.2013348
f 1224/1216/1224 1178/1267/1178 1206/1195/1206
f 1206/1195/1206 1178/1267/1178 1167/1159/1167
vt 0.1723262 0.6159362
vt 0.1784793 0.6019810
vt 0.1681610 0.6039357
f 136/1268/136 118/1269/118 132/1270/132
vt 0.5809880 0.2258248
vt 0.5820389 0.2447122
f 1138/1271/1138 1114/1272/1114 1139/1196/1139
f 1078/1144/1078 1081/1238/1081 1065/1217/1065
vt 0.5828164 0.2919026
vt 0.5821290 0.3128162
f 1071/1273/1071 1053/1274/1053 1065/1217/1065
f 1065/1217/1065 1053/1274/1053 1054/1175/1054
f 1054/1175/1054 1053/1274/1053 1041/1200/1041
vt 0.5842930 0.3298958
f 1053/1274/1053 1042/1275/1042 1041/1200/1041
f 1041/1200/1041 1031/1239/1031 1032/1201/1032
f 1021/1228/1021 1011/1240/1011 1012/1161/1012
vt 0.3140079 0.6431921
vt 0.3284450 0.6488604
vt 0.3289618 0.6359100
f 86/1276/86 159/1277/159 77/1278/77
f 1003/1241/1003 1002/1151/1002 1006/1150/1006
f 1003/1241/1003 1000/1242/1000 1002/1151/1002
f 999/1162/999 1000/1242/1000 992/1229/992
f 997/1163/997 992/1229/992 994/1222/994
f 1417/1223/1417 1445/1248/1445 1439/1155/1439
f 1690/1256/1690 1853/1255/1853 1763/1179/1763
f 1663/1169/1663 1652/1258/1652 1656/1170/1656
vt 0.9024640 0.2188648
f 1656/1170/1656 1631/1279/1631 1646/1171/1646
vt 0.8769060 0.2257080
f 1581/1185/1581 1627/1220/1627 1570/1280/1570
f 1577/1186/1577 1567/1263/1567 1569/1261/1569
f 1167/1159/1167 1178/1267/1178 1138/1271/1138
f 1114/1272/1114 1115/1197/1115 1139/1196/1139
f 1115/1197/1115 1114/1272/1114 1107/1227/1107
f 1081/1238/1081 1071/1273/1071 1065/1217/1065
vt 0.2525871 0.6204572
vt 0.2353004 0.6157831
f 80/1198/80 66/1281/66 67/1282/67
f 1041/1200/1041 1042/1275/1042 1031/1239/1031
vt 0.5845473 0.4856600
f 1297/1218/1297 1355/1283/1355 1360/1202/1360
f 1360/1202/1360 1355/1283/1355 1378/1247/1378
f 1378/1247/1378 1417/1223/1417 1381/1203/1381
vt 0.9995784 0.2017964
f 1846/1167/1846 1831/1284/1831 1814/1219/1814
vt 0.9838176 0.2072598
f 1814/1219/1814 1831/1284/1831 1816/1285/1816
f 1814/1219/1814 1816/1285/1816 1781/1251/1781
vt 0.7312436 0.2606876
f 1872/1252/1872 1884/1286/1884 1888/1253/1888
f 1781/1251/1781 1745/1254/1745 1773/1206/1773
vt 0.9319984 0.2124289
f 1671/1287/1671 1652/1258/1652 1672/1209/1672
f 1594/1259/1594 1607/1257/1607 1608/1133/1608
f 1646/1171/1646 1631/1279/1631 1626/1231/1626
vt 0.8866869 0.2234413
f 1626/1231/1626 1578/1288/1578 1627/1220/1627
f 1627/1220/1627 1578/1288/1578 1570/1280/1570
f 1582/1184/1582 1569/1261/1569 1572/1260/1572
f 1581/1185/1581 1570/1280/1570 1568/1262/1568
vt 0.5945310 0.2300248
f 1138/1271/1138 1137/1289/1137 1114/1272/1114
vt 0.5879183 0.4710907
f 994/1222/994 995/1290/995 1297/1218/1297
f 995/1290/995 1355/1283/1355 1297/1218/1297
vt 0.4439278 0.6523229
vt 0.4398329 0.6597118
vt 0.4426287 0.6655191
f 391/1291/391 390/1292/390 407/1293/407
f 1684/1182/1684 1607/1257/1607 1690/1256/1690
f 1652/1258/1652 1631/1279/1631 1656/1170/1656
f 1568/1262/1568 1567/1263/1567 1580/1210/1580
vt 0.5888489 0.2126158
f 1178/1267/1178 1157/1294/1157 1138/1271/1138
vt 0.5946127 0.2469863
f 1114/1272/1114 1113/1295/1113 1107/1227/1107
vt 0.5940674 0.2878386
f 1081/1238/1081 1075/1296/1075 1071/1273/1071
vt 0.5952227 0.2996516
f 1071/1273/1071 1066/1297/1066 1053/1274/1053
vt 0.5901104 0.5060120
f 1378/1247/1378 1374/1298/1374 1417/1223/1417
vt 0.5918587 0.5187240
f 1417/1223/1417 1414/1299/1414 1445/1248/1445
vt 0.9457533 0.2059314
f 1726/1208/1726 1714/1300/1714 1671/1287/1671
f 1726/1208/1726 1671/1287/1671 1672/1209/1672
vt 0.7954280 0.2376041
f 1579/1230/1579 1592/1301/1592 1594/1259/1594
vt 0.5865397 0.0808539
f 1481/1237/1481 1480/1302/1480 1452/1211/1452
vt 0.5900707 0.0902693
f 1452/1211/1452 1480/1302/1480 1461/1303/1461
vt 0.5915899 0.1034508
f 1452/1211/1452 1461/1303/1461 1428/1304/1428
vt 0.5957161 0.1164468
f 1407/1221/1407 1384/1305/1384 1385/1212/1385
vt 0.5952587 0.1339856
f 1385/1212/1385 1336/1306/1336 1335/1213/1335
vt 0.5956274 0.1485233
f 1335/1213/1335 1282/1307/1282 1285/1214/1285
vt 0.5964193 0.1871204
f 1224/1216/1224 1205/1308/1205 1178/1267/1178
vt 0.5958193 0.2019341
f 1178/1267/1178 1171/1309/1171 1157/1294/1157
f 1157/1294/1157 1137/1289/1137 1138/1271/1138
vt 0.5960242 0.2590293
f 1113/1295/1113 1095/1310/1095 1107/1227/1107
f 1107/1227/1107 1095/1310/1095 1081/1238/1081
f 1075/1296/1075 1066/1297/1066 1071/1273/1071
vt 0.2695808 0.6235831
vt 0.2589870 0.6108831
f 66/1281/66 38/1311/38 30/1312/30
vt 0.5969237 0.3138120
f 1053/1274/1053 1055/1313/1055 1042/1275/1042
vt 0.5943692 0.3415415
f 1042/1275/1042 1033/1314/1033 1031/1239/1031
vt 0.5961538 0.3810182
f 1021/1228/1021 1015/1315/1015 1011/1240/1011
vt 0.5951325 0.3941380
f 1011/1240/1011 1013/1316/1013 1003/1241/1003
vt 0.5955610 0.4244621
f 1001/1317/1001 992/1229/992 1000/1242/1000
vt 0.5935450 0.4524130
f 992/1229/992 993/1318/993 994/1222/994
f 994/1222/994 993/1318/993 995/1290/995
f 1374/1298/1374 1414/1299/1414 1417/1223/1417
vt 0.9587787 0.1982636
f 1781/1251/1781 1735/1319/1735 1745/1254/1745
f 1745/1254/1745 1735/1319/1735 1714/1300/1714
f 1745/1254/1745 1714/1300/1714 1726/1208/1726
f 1594/1259/1594 1592/1301/1592 1607/1257/1607
vt 0.8223256 0.2282722
f 1569/1261/1569 1571/1320/1571 1572/1260/1572
vt 0.8413915 0.2219760
f 1567/1263/1567 1565/1321/1565 1569/1261/1569
vt 0.1284499 0.7848147
vt 0.1345882 0.8012800
vt 0.1273208 0.8028456
f 1919/1322/1919 1905/1323/1905 1904/1324/1904
f 1428/1304/1428 1384/1305/1384 1407/1221/1407
f 1385/1212/1385 1384/1305/1384 1336/1306/1336
f 1285/1214/1285 1282/1307/1282 1236/1215/1236
vt 0.5952908 0.1685576
f 1236/1215/1236 1235/1325/1235 1224/1216/1224
f 1235/1325/1235 1205/1308/1205 1224/1216/1224
f 1205/1308/1205 1171/1309/1171 1178/1267/1178
f 1137/1289/1137 1113/1295/1113 1114/1272/1114
f 1066/1297/1066 1055/1313/1055 1053/1274/1053
f 1031/1239/1031 1033/1314/1033 1021/1228/1021
f 1003/1241/1003 1001/1317/1001 1000/1242/1000
f 1355/1283/1355 1374/1298/1374 1378/1247/1378
vt 0.9966075 0.1897572
f 1831/1284/1831 1826/1326/1826 1816/1285/1816
vt 0.9751332 0.1927450
f 1816/1285/1816 1780/1327/1780 1781/1251/1781
vt 0.8045650 0.2226949
f 1572/1260/1572 1576/1328/1576 1579/1230/1579
vt 0.8833876 0.2041571
f 1578/1288/1578 1626/1231/1626 1563/1329/1563
vt 0.8531184 0.2205619
f 1567/1263/1567 1564/1330/1564 1565/1321/1565
vt 0.1240555 0.7664953
vt 0.1153099 0.7860653
vt 0.1132931 0.7733719
f 2226/1331/2226 1921/1332/1921 2227/1333/2227
vt 0.1189034 0.7315662
vt 0.1055706 0.7379810
vt 0.1192349 0.7193965
f 2294/1334/2294 2300/1335/2300 2309/1336/2309
vt 0.5967830 0.2747688
f 1081/1238/1081 1090/1337/1090 1075/1296/1075
vt 0.5973163 0.3603270
f 1021/1228/1021 1025/1338/1025 1015/1315/1015
vt 0.5911410 0.5368558
f 1445/1248/1445 1414/1299/1414 1444/1339/1444
f 1816/1285/1816 1826/1326/1826 1780/1327/1780
vt 0.7508743 0.2419548
f 1690/1256/1690 1760/1340/1760 1853/1255/1853
f 1579/1230/1579 1576/1328/1576 1592/1301/1592
f 1578/1288/1578 1563/1329/1563 1570/1280/1570
vt 0.8324440 0.2161160
f 1569/1261/1569 1550/1341/1550 1571/1320/1571
vt 0.8668860 0.2085983
f 1570/1280/1570 1546/1342/1546 1568/1262/1568
f 1568/1262/1568 1546/1342/1546 1567/1263/1567
vt 0.1017991 0.7183073
f 2334/1343/2334 2309/1336/2309 2300/1335/2300
f 1335/1213/1335 1336/1306/1336 1282/1307/1282
vt 0.5965981 0.2170273
f 1157/1294/1157 1156/1344/1156 1137/1289/1137
f 1081/1238/1081 1095/1310/1095 1090/1337/1090
vt 0.5988293 0.3293909
f 1045/1345/1045 1033/1314/1033 1042/1275/1042
f 1033/1314/1033 1025/1338/1025 1021/1228/1021
f 1015/1315/1015 1013/1316/1013 1011/1240/1011
vt 0.5954114 0.4093975
f 1013/1316/1013 1004/1346/1004 1003/1241/1003
f 1003/1241/1003 1004/1346/1004 1001/1317/1001
vt 0.5955997 0.4430838
f 992/1229/992 1001/1317/1001 996/1347/996
vt 0.4727586 0.6428863
vt 0.4623534 0.6558310
f 549/1250/549 503/1348/503 467/1349/467
f 1781/1251/1781 1780/1327/1780 1735/1319/1735
vt 0.9284672 0.1932147
f 1671/1287/1671 1664/1350/1664 1652/1258/1652
vt 0.9146705 0.1967151
f 1652/1258/1652 1664/1350/1664 1649/1351/1649
vt 0.9068255 0.1988528
f 1652/1258/1652 1644/1352/1644 1631/1279/1631
vt 0.8985281 0.2002183
f 1631/1279/1631 1624/1353/1624 1626/1231/1626
f 1546/1342/1546 1564/1330/1564 1567/1263/1567
f 1565/1321/1565 1550/1341/1550 1569/1261/1569
vt 0.1401168 0.8330242
vt 0.1436980 0.8450638
vt 0.1290201 0.8352988
f 1907/1354/1907 1910/1355/1910 1899/1356/1899
vt 0.1335563 0.8502679
f 1899/1356/1899 1910/1355/1910 1909/1357/1909
f 1157/1294/1157 1171/1309/1171 1156/1344/1156
f 1045/1345/1045 1042/1275/1042 1055/1313/1055
vt 0.4879337 0.6467246
f 549/1250/549 548/1358/548 503/1348/503
f 1671/1287/1671 1714/1300/1714 1664/1350/1664
f 1631/1279/1631 1644/1352/1644 1624/1353/1624
vt 0.8744784 0.2064424
f 1563/1329/1563 1562/1359/1562 1570/1280/1570
f 996/1347/996 993/1318/993 992/1229/992
vt 0.7316250 0.2393361
f 1872/1252/1872 1760/1340/1760 1871/1360/1871
vt 0.7674550 0.2280752
f 1607/1257/1607 1687/1361/1687 1690/1256/1690
f 1649/1351/1649 1644/1352/1644 1652/1258/1652
f 1624/1353/1624 1563/1329/1563 1626/1231/1626
f 1570/1280/1570 1562/1359/1562 1546/1342/1546
vt 0.5939888 0.0555401
vt 0.6037381 0.0697204
vt 0.5941358 0.0687808
f 1505/1362/1505 1487/1363/1487 1495/1364/1495
vt 0.6093232 0.1628163
f 1282/1307/1282 1247/1365/1247 1235/1325/1235
vt 0.6037093 0.2472274
f 1137/1289/1137 1117/1366/1117 1113/1295/1113
vt 0.6039832 0.4268799
f 1004/1346/1004 1016/1367/1016 1001/1317/1001
vt 0.6037547 0.4522533
f 993/1318/993 1019/1368/1019 995/1290/995
f 1690/1256/1690 1687/1361/1687 1760/1340/1760
vt 0.9414290 0.1886182
f 1714/1300/1714 1711/1369/1711 1664/1350/1664
vt 0.7810319 0.2257721
f 1592/1301/1592 1601/1370/1601 1607/1257/1607
vt 0.8202223 0.2176155
f 1571/1320/1571 1556/1371/1556 1572/1260/1572
f 1572/1260/1572 1556/1371/1556 1576/1328/1576
vt 0.6043466 0.0889819
f 1461/1303/1461 1460/1372/1460 1428/1304/1428
vt 0.6076373 0.1005009
f 1428/1304/1428 1460/1372/1460 1426/1373/1426
vt 0.6058669 0.1152849
f 1428/1304/1428 1383/1374/1383 1384/1305/1384
f 1384/1305/1384 1383/1374/1383 1336/1306/1336
vt 0.6084923 0.1317693
f 1336/1306/1336 1331/1375/1331 1282/1307/1282
vt 0.6043628 0.2324601
f 1156/1344/1156 1136/1376/1136 1137/1289/1137
f 1137/1289/1137 1136/1376/1136 1117/1366/1117
f 1113/1295/1113 1117/1366/1117 1095/1310/1095
vt 0.6076605 0.2892687
vt 0.6085398 0.3005219
f 1076/1377/1076 1073/1378/1073 1075/1296/1075
f 1075/1296/1075 1073/1378/1073 1066/1297/1066
vt 0.6090273 0.3155537
f 1055/1313/1055 1064/1379/1064 1045/1345/1045
vt 0.6084198 0.3407902
f 1033/1314/1033 1044/1380/1044 1025/1338/1025
vt 0.6060618 0.3830757
f 1025/1338/1025 1020/1381/1020 1015/1315/1015
f 1015/1315/1015 1020/1381/1020 1013/1316/1013
f 996/1347/996 1019/1368/1019 993/1318/993
vt 0.6022516 0.4891991
f 995/1290/995 1316/1382/1316 1355/1283/1355
f 1355/1283/1355 1316/1382/1316 1374/1298/1374
vt 0.6037783 0.5039227
f 1316/1382/1316 1368/1383/1368 1374/1298/1374
vt 0.4642955 0.6417779
f 503/1348/503 453/1384/453 467/1349/467
vt 0.7428297 0.2345120
f 1760/1340/1760 1863/1385/1863 1871/1360/1871
vt 0.9558692 0.1831580
f 1780/1327/1780 1734/1386/1734 1735/1319/1735
vt 0.7507164 0.2325053
f 1759/1387/1759 1863/1385/1863 1760/1340/1760
f 1687/1361/1687 1759/1387/1759 1760/1340/1760
f 1607/1257/1607 1601/1370/1601 1687/1361/1687
f 1550/1341/1550 1556/1371/1556 1571/1320/1571
vt 0.8517886 0.2101727
f 1546/1342/1546 1545/1388/1545 1564/1330/1564
vt 0.6087437 0.1461188
f 1331/1375/1331 1280/1389/1280 1282/1307/1282
vt 0.6084536 0.1886854
f 1205/1308/1205 1204/1390/1204 1171/1309/1171
vt 0.6093357 0.2029098
f 1171/1309/1171 1204/1390/1204 1172/1391/1172
vt 0.6083131 0.2189496
f 1171/1309/1171 1147/1392/1147 1156/1344/1156
f 1156/1344/1156 1147/1392/1147 1136/1376/1136
vt 0.6072416 0.2717298
f 1093/1393/1093 1076/1377/1076 1090/1337/1090
f 1090/1337/1090 1076/1377/1076 1075/1296/1075
f 1066/1297/1066 1073/1378/1073 1055/1313/1055
f 1045/1345/1045 1044/1380/1044 1033/1314/1033
vt 0.6094113 0.3561869
vt 0.6069383 0.3666503
f 1043/1394/1043 1030/1395/1030 1025/1338/1025
f 1025/1338/1025 1030/1395/1030 1020/1381/1020
vt 0.3361232 0.6259128
vt 0.3307785 0.6127600
vt 0.3197526 0.6193513
f 72/1396/72 43/1397/43 44/1398/44
vt 0.6059017 0.3981602
f 1013/1316/1013 1020/1381/1020 1018/1399/1018
f 1013/1316/1013 1018/1399/1018 1004/1346/1004
vt 0.6059449 0.4096866
f 1004/1346/1004 1018/1399/1018 1017/1400/1017
f 1004/1346/1004 1017/1400/1017 1016/1367/1016
f 1001/1317/1001 1016/1367/1016 996/1347/996
f 996/1347/996 1016/1367/1016 1019/1368/1019
vt 0.6040020 0.4733698
f 1019/1368/1019 1182/1401/1182 995/1290/995
vt 0.9728143 0.1791225
f 1780/1327/1780 1779/1402/1779 1734/1386/1734
vt 0.8392419 0.2128533
f 1565/1321/1565 1548/1403/1548 1550/1341/1550
f 1565/1321/1565 1564/1330/1564 1548/1403/1548
f 1564/1330/1564 1545/1388/1545 1548/1403/1548
f 1383/1374/1383 1331/1375/1331 1336/1306/1336
f 1282/1307/1282 1280/1389/1280 1247/1365/1247
vt 0.6087877 0.1737186
f 1205/1308/1205 1230/1404/1230 1204/1390/1204
f 1171/1309/1171 1172/1391/1172 1147/1392/1147
vt 0.6091855 0.2626426
f 1117/1366/1117 1106/1405/1106 1095/1310/1095
f 1095/1310/1095 1106/1405/1106 1090/1337/1090
f 1106/1405/1106 1093/1393/1093 1090/1337/1090
f 1073/1378/1073 1064/1379/1064 1055/1313/1055
f 1044/1380/1044 1043/1394/1043 1025/1338/1025
f 995/1290/995 1182/1401/1182 1316/1382/1316
f 1374/1298/1374 1368/1383/1368 1414/1299/1414
vt 0.6045492 0.5201364
f 1414/1299/1414 1368/1383/1368 1413/1406/1413
f 1414/1299/1414 1413/1406/1413 1444/1339/1444
vt 0.9940265 0.1745179
vt 0.9822944 0.1771908
f 1821/1407/1821 1810/1408/1810 1826/1326/1826
f 1826/1326/1826 1810/1408/1810 1780/1327/1780
f 1780/1327/1780 1810/1408/1810 1779/1402/1779
f 1735/1319/1735 1734/1386/1734 1711/1369/1711
f 1735/1319/1735 1711/1369/1711 1714/1300/1714
f 1235/1325/1235 1247/1365/1247 1230/1404/1230
vt 0.6043864 0.5381274
f 1444/1339/1444 1413/1406/1413 1446/1409/1446
vt 0.0956294 0.7550277
vt 0.0915763 0.7344749
vt 0.0977189 0.7415180
f 2296/1410/2296 2338/1411/2338 2301/1412/2301
vt 0.6015433 0.0802647
f 1487/1363/1487 1460/1372/1460 1477/1413/1477
vt 0.6123474 0.2434099
f 1120/1414/1120 1117/1366/1117 1136/1376/1136
vt 0.6124571 0.3276786
f 1064/1379/1064 1062/1415/1062 1045/1345/1045
f 1045/1345/1045 1062/1415/1062 1044/1380/1044
vt 0.6186773 0.4263411
f 1017/1400/1017 1051/1416/1051 1016/1367/1016
vt 0.4714994 0.6295900
f 503/1348/503 452/1417/452 453/1384/453
vt 0.7289968 0.2178609
f 1863/1385/1863 1864/1418/1864 1871/1360/1871
f 1147/1392/1147 1120/1414/1120 1136/1376/1136
vt 0.3445380 0.6168390
vt 0.3352164 0.5974010
f 73/1419/73 46/1420/46 43/1397/43
vt 0.6196670 0.4543000
f 1019/1368/1019 1091/1421/1091 1182/1401/1182
vt 0.9408969 0.1714194
vt 0.9266121 0.1752768
f 1713/1422/1713 1665/1423/1665 1711/1369/1711
f 1711/1369/1711 1665/1423/1665 1664/1350/1664
vt 0.9040748 0.1802246
f 1644/1352/1644 1641/1424/1641 1624/1353/1624
vt 0.8030335 0.2024938
f 1556/1371/1556 1573/1425/1573 1576/1328/1576
vt 0.8955476 0.1824757
f 1622/1426/1622 1563/1329/1563 1624/1353/1624
vt 0.8648915 0.1900869
f 1563/1329/1563 1539/1427/1539 1562/1359/1562
f 1546/1342/1546 1539/1427/1539 1545/1388/1545
vt 0.6201853 0.3699863
f 1030/1395/1030 1046/1428/1046 1020/1381/1020
vt 0.6197396 0.4417415
f 1016/1367/1016 1052/1429/1052 1019/1368/1019
f 1019/1368/1019 1052/1429/1052 1091/1421/1091
vt 0.9516053 0.1684844
f 1731/1430/1731 1711/1369/1711 1734/1386/1734
vt 0.7642434 0.2099074
f 1601/1370/1601 1686/1431/1686 1687/1361/1687
f 1641/1424/1641 1622/1426/1622 1624/1353/1624
vt 0.8177742 0.1994601
f 1554/1432/1554 1573/1425/1573 1556/1371/1556
f 1562/1359/1562 1539/1427/1539 1546/1342/1546
vt 0.8482190 0.1934222
f 1539/1427/1539 1541/1433/1541 1545/1388/1545
vt 0.8321977 0.1960074
f 1548/1403/1548 1547/1434/1547 1550/1341/1550
vt 0.6199075 0.1454861
f 1331/1375/1331 1281/1435/1281 1280/1389/1280
vt 0.6204165 0.1635561
f 1280/1389/1280 1281/1435/1281 1248/1436/1248
f 1280/1389/1280 1248/1436/1248 1247/1365/1247
vt 0.6203533 0.1744279
f 1247/1365/1247 1231/1437/1231 1230/1404/1230
vt 0.6204254 0.1871821
f 1230/1404/1230 1208/1438/1208 1204/1390/1204
vt 0.6205243 0.2181485
f 1172/1391/1172 1158/1439/1158 1147/1392/1147
vt 0.6205106 0.2338691
f 1147/1392/1147 1142/1440/1142 1120/1414/1120
vt 0.6205096 0.2464883
f 1120/1414/1120 1121/1441/1121 1106/1405/1106
vt 0.6204364 0.2629948
f 1106/1405/1106 1110/1442/1110 1093/1393/1093
vt 0.6203958 0.2780142
f 1093/1393/1093 1096/1443/1096 1076/1377/1076
vt 0.6208805 0.3151680
f 1064/1379/1064 1073/1378/1073 1074/1444/1074
vt 0.6204070 0.3421439
f 1044/1380/1044 1056/1445/1056 1043/1394/1043
vt 0.6200299 0.3560616
f 1056/1445/1056 1047/1446/1047 1043/1394/1043
vt 0.6209267 0.3831179
f 1020/1381/1020 1048/1447/1048 1018/1399/1018
vt 0.6199259 0.4118947
f 1017/1400/1017 1050/1448/1050 1051/1416/1051
vt 0.3913982 0.6252927
vt 0.3939572 0.6085450
vt 0.3701662 0.6206099
f 186/1449/186 184/1450/184 157/1451/157
f 1051/1416/1051 1052/1429/1052 1016/1367/1016
vt 0.6209105 0.4903774
f 1182/1401/1182 1315/1452/1315 1316/1382/1316
vt 0.9815546 0.1594171
f 1821/1407/1821 1809/1453/1809 1810/1408/1810
vt 0.9679789 0.1643118
f 1779/1402/1779 1750/1454/1750 1734/1386/1734
vt 0.7483587 0.2128742
f 1863/1385/1863 1756/1455/1756 1864/1418/1864
f 1734/1386/1734 1750/1454/1750 1731/1430/1731
f 1759/1387/1759 1756/1455/1756 1863/1385/1863
f 1731/1430/1731 1713/1422/1713 1711/1369/1711
vt 0.9121746 0.1782848
f 1665/1423/1665 1648/1456/1648 1664/1350/1664
f 1664/1350/1664 1648/1456/1648 1649/1351/1649
vt 0.7926936 0.2235177
vt 0.7896719 0.2050216
f 1589/1457/1589 1590/1458/1590 1601/1370/1601
vt 0.7785190 0.2071286
f 1590/1458/1590 1602/1459/1602 1601/1370/1601
f 1649/1351/1649 1648/1456/1648 1644/1352/1644
f 1644/1352/1644 1648/1456/1648 1641/1424/1641
f 1573/1425/1573 1590/1458/1590 1589/1457/1589
vt 0.8804922 0.1852615
f 1563/1329/1563 1622/1426/1622 1560/1460/1560
f 1563/1329/1563 1560/1460/1560 1539/1427/1539
f 1547/1434/1547 1554/1432/1554 1550/1341/1550
f 1550/1341/1550 1554/1432/1554 1556/1371/1556
f 1545/1388/1545 1541/1433/1541 1548/1403/1548
vt 0.6189643 0.0639986
vt 0.6192636 0.0876731
f 1487/1363/1487 1488/1461/1488 1465/1462/1465
vt 0.6202797 0.1052930
f 1426/1373/1426 1465/1462/1465 1427/1463/1427
vt 0.6210366 0.1147568
f 1426/1373/1426 1427/1463/1427 1389/1464/1389
vt 0.6200192 0.1284707
f 1383/1374/1383 1389/1464/1389 1329/1465/1329
f 1331/1375/1331 1329/1465/1329 1281/1435/1281
f 1247/1365/1247 1248/1436/1248 1231/1437/1231
f 1230/1404/1230 1231/1437/1231 1208/1438/1208
vt 0.6205373 0.2024484
f 1208/1438/1208 1173/1466/1173 1204/1390/1204
f 1158/1439/1158 1142/1440/1142 1147/1392/1147
f 1142/1440/1142 1121/1441/1121 1120/1414/1120
f 1121/1441/1121 1110/1442/1110 1106/1405/1106
f 1110/1442/1110 1096/1443/1096 1093/1393/1093
vt 0.6202974 0.2926663
f 1096/1443/1096 1082/1467/1082 1076/1377/1076
f 1076/1377/1076 1082/1467/1082 1073/1378/1073
f 1064/1379/1064 1074/1444/1074 1062/1415/1062
vt 0.6204493 0.3269538
f 1074/1444/1074 1063/1468/1063 1062/1415/1062
f 1062/1415/1062 1063/1468/1063 1044/1380/1044
f 1044/1380/1044 1063/1468/1063 1056/1445/1056
f 1043/1394/1043 1047/1446/1047 1030/1395/1030
f 1046/1428/1046 1048/1447/1048 1020/1381/1020
vt 0.6204915 0.3981354
f 1048/1447/1048 1049/1469/1049 1018/1399/1018
f 1018/1399/1018 1049/1469/1049 1050/1448/1050
f 1018/1399/1018 1050/1448/1050 1017/1400/1017
vt 0.4372684 0.6158584
vt 0.4267335 0.6140130
vt 0.4256880 0.6329185
f 331/1470/331 309/1471/309 306/1472/306
vt 0.6210733 0.5044701
f 1316/1382/1316 1315/1452/1315 1367/1473/1367
f 1316/1382/1316 1367/1473/1367 1368/1383/1368
vt 0.6205816 0.5179688
vt 0.6196096 0.5372109
f 1412/1474/1412 1447/1475/1447 1446/1409/1446
f 1413/1406/1413 1412/1474/1412 1446/1409/1446
vt 0.9922605 0.1567574
f 1822/1476/1822 1809/1453/1809 1821/1407/1821
f 1810/1408/1810 1750/1454/1750 1779/1402/1779
f 1686/1431/1686 1756/1455/1756 1759/1387/1759
f 1073/1378/1073 1082/1467/1082 1074/1444/1074
f 1030/1395/1030 1047/1446/1047 1046/1428/1046
vt 0.6212065 0.4744852
f 1182/1401/1182 1183/1477/1183 1315/1452/1315
f 1810/1408/1810 1809/1453/1809 1750/1454/1750
f 1602/1459/1602 1686/1431/1686 1601/1370/1601
f 1541/1433/1541 1547/1434/1547 1548/1403/1548
f 1091/1421/1091 1183/1477/1183 1182/1401/1182
f 1367/1473/1367 1412/1474/1412 1368/1383/1368
f 1368/1383/1368 1412/1474/1412 1413/1406/1413
vt 0.6337586 0.2227241
f 1158/1439/1158 1164/1478/1164 1142/1440/1142
vt 0.6339954 0.2461850
f 1142/1440/1142 1133/1479/1133 1121/1441/1121
f 1121/1441/1121 1133/1479/1133 1110/1442/1110
vt 0.6296840 0.2772463
f 1111/1480/1111 1082/1467/1082 1096/1443/1096
vt 0.6333018 0.4263438
f 1050/1448/1050 1098/1481/1098 1051/1416/1051
vt 0.4131721 0.5933775
vt 0.4123180 0.6117112
f 309/1471/309 239/1482/239 236/1483/236
vt 0.9226469 0.1580266
f 1665/1423/1665 1666/1484/1666 1648/1456/1648
vt 0.8145519 0.1821155
f 1555/1485/1555 1573/1425/1573 1554/1432/1554
vt 0.8500764 0.1743531
f 1539/1427/1539 1540/1486/1540 1541/1433/1541
vt 0.6300924 0.1306828
f 1389/1464/1389 1328/1487/1328 1329/1465/1329
f 1329/1465/1329 1328/1487/1328 1281/1435/1281
vt 0.6305992 0.1494153
f 1281/1435/1281 1274/1488/1274 1248/1436/1248
f 1110/1442/1110 1111/1480/1111 1096/1443/1096
vt 0.6271649 0.2935690
f 1082/1467/1082 1104/1489/1104 1074/1444/1074
vt 0.6312706 0.3408028
f 1063/1468/1063 1086/1490/1086 1056/1445/1056
vt 0.6315677 0.3572392
f 1056/1445/1056 1083/1491/1083 1047/1446/1047
f 1047/1446/1047 1083/1491/1083 1046/1428/1046
vt 0.6340285 0.4099035
f 1049/1469/1049 1089/1492/1089 1050/1448/1050
vt 0.9091065 0.1613832
f 1648/1456/1648 1647/1493/1647 1641/1424/1641
vt 0.7875968 0.1866716
f 1573/1425/1573 1591/1494/1591 1590/1458/1590
vt 0.8275737 0.1784149
f 1547/1434/1547 1549/1495/1549 1554/1432/1554
vt 0.6327915 0.0685375
f 1488/1461/1488 1489/1496/1489 1465/1462/1465
f 1328/1487/1328 1274/1488/1274 1281/1435/1281
vt 0.6332238 0.1839522
vt 0.6321791 0.1983266
f 1208/1438/1208 1225/1497/1225 1193/1498/1193
f 1208/1438/1208 1193/1498/1193 1173/1466/1173
vt 0.6337822 0.2107592
f 1193/1498/1193 1174/1499/1174 1173/1466/1173
vt 0.6339380 0.2360597
f 1164/1478/1164 1143/1500/1143 1142/1440/1142
f 1142/1440/1142 1143/1500/1143 1133/1479/1133
vt 0.6332281 0.2617572
f 1133/1479/1133 1132/1501/1132 1110/1442/1110
f 1110/1442/1110 1132/1501/1132 1111/1480/1111
f 1111/1480/1111 1104/1489/1104 1082/1467/1082
vt 0.6335367 0.3170563
f 1074/1444/1074 1097/1502/1097 1063/1468/1063
vt 0.6323636 0.3312015
f 1063/1468/1063 1097/1502/1097 1087/1503/1087
f 1087/1503/1087 1086/1490/1086 1063/1468/1063
f 1056/1445/1056 1086/1490/1086 1083/1491/1083
vt 0.6329182 0.3675014
f 1083/1491/1083 1084/1504/1084 1046/1428/1046
f 1084/1504/1084 1048/1447/1048 1046/1428/1046
vt 0.6330098 0.4513744
f 1052/1429/1052 1099/1505/1099 1091/1421/1091
vt 0.6325778 0.5381274
f 1412/1474/1412 1449/1506/1449 1447/1475/1447
vt 0.7356877 0.1953105
vt 0.7257658 0.1968514
f 1756/1455/1756 1860/1507/1860 1865/1508/1865
f 1756/1455/1756 1865/1508/1865 1864/1418/1864
vt 0.7451845 0.1933761
f 1756/1455/1756 1757/1509/1757 1860/1507/1860
vt 0.9349602 0.1557381
f 1713/1422/1713 1709/1510/1709 1665/1423/1665
vt 0.8925512 0.1652932
f 1622/1426/1622 1621/1511/1621 1560/1460/1560
f 1549/1495/1549 1555/1485/1555 1554/1432/1554
vt 0.8429699 0.1767505
f 1540/1486/1540 1543/1512/1543 1541/1433/1541
vt 0.6321002 0.0866525
f 1464/1513/1464 1427/1463/1427 1465/1462/1465
vt 0.6324900 0.1674163
f 1274/1488/1274 1239/1514/1239 1248/1436/1248
f 1248/1436/1248 1239/1514/1239 1231/1437/1231
f 1231/1437/1231 1225/1497/1225 1208/1438/1208
f 1158/1439/1158 1174/1499/1174 1164/1478/1164
f 1050/1448/1050 1089/1492/1089 1098/1481/1098
f 1051/1416/1051 1098/1481/1098 1052/1429/1052
f 1052/1429/1052 1098/1481/1098 1099/1505/1099
vt 0.6351385 0.4649417
f 1091/1421/1091 1184/1515/1184 1183/1477/1183
vt 0.6354071 0.5034590
f 1367/1473/1367 1369/1516/1369 1412/1474/1412
vt 0.6407703 0.5190867
f 1412/1474/1412 1369/1516/1369 1420/1517/1420
vt 0.9884877 0.1420609
f 1822/1476/1822 1823/1518/1823 1809/1453/1809
vt 0.9669082 0.1493839
f 1809/1453/1809 1776/1519/1776 1750/1454/1750
vt 0.9490035 0.1538025
f 1732/1520/1732 1709/1510/1709 1731/1430/1731
f 1731/1430/1731 1709/1510/1709 1713/1422/1713
vt 0.7756348 0.1886702
f 1602/1459/1602 1603/1521/1603 1686/1431/1686
f 1641/1424/1641 1621/1511/1621 1622/1426/1622
vt 0.8669775 0.1704206
f 1560/1460/1560 1544/1522/1544 1539/1427/1539
vt 0.8591716 0.1718037
f 1539/1427/1539 1542/1523/1542 1540/1486/1540
f 1547/1434/1547 1543/1512/1543 1549/1495/1549
vt 0.6380319 0.1060020
f 1427/1463/1427 1425/1524/1425 1389/1464/1389
f 1231/1437/1231 1239/1514/1239 1225/1497/1225
vt 0.6353645 0.2944853
f 1111/1480/1111 1112/1525/1112 1104/1489/1104
vt 0.6348314 0.3833630
f 1048/1447/1048 1085/1526/1085 1049/1469/1049
vt 0.6357106 0.4888223
f 1183/1477/1183 1308/1527/1308 1315/1452/1315
f 1315/1452/1315 1369/1516/1369 1367/1473/1367
f 1420/1517/1420 1449/1506/1449 1412/1474/1412
vt 0.9776492 0.1450442
f 1823/1518/1823 1812/1528/1812 1809/1453/1809
vt 0.4727273 0.6208033
vt 0.4812199 0.6014349
vt 0.4732001 0.6009491
f 450/1529/450 516/1530/516 451/1531/451
f 1809/1453/1809 1812/1528/1812 1776/1519/1776
f 1750/1454/1750 1776/1519/1776 1732/1520/1732
f 1750/1454/1750 1732/1520/1732 1731/1430/1731
f 1709/1510/1709 1666/1484/1666 1665/1423/1665
f 1648/1456/1648 1666/1484/1666 1647/1493/1647
f 1590/1458/1590 1591/1494/1591 1602/1459/1602
vt 0.9007490 0.1635028
f 1641/1424/1641 1642/1532/1642 1621/1511/1621
f 1541/1433/1541 1543/1512/1543 1547/1434/1547
vt 0.6196230 0.0578605
f 1510/1533/1510 1489/1496/1489 1488/1461/1488
f 1464/1513/1464 1425/1524/1425 1427/1463/1427
f 1112/1525/1112 1097/1502/1097 1104/1489/1104
f 1104/1489/1104 1097/1502/1097 1074/1444/1074
f 1084/1504/1084 1085/1526/1085 1048/1447/1048
vt 0.6372692 0.3967665
f 1049/1469/1049 1088/1534/1088 1089/1492/1089
f 1308/1527/1308 1369/1516/1369 1315/1452/1315
f 1591/1494/1591 1603/1521/1603 1602/1459/1602
vt 0.8003449 0.1839634
f 1555/1485/1555 1574/1535/1574 1573/1425/1573
vt 0.8772895 0.1688223
f 1560/1460/1560 1621/1511/1621 1561/1536/1561
f 1560/1460/1560 1561/1536/1561 1544/1522/1544
vt 0.6394535 0.1159998
f 1389/1464/1389 1391/1537/1391 1328/1487/1328
f 1085/1526/1085 1088/1534/1088 1049/1469/1049
f 1099/1505/1099 1184/1515/1184 1091/1421/1091
vt 0.6402490 0.4724643
f 1184/1515/1184 1220/1538/1220 1183/1477/1183
vt 0.7613966 0.1910957
f 1603/1521/1603 1688/1539/1688 1686/1431/1686
f 1647/1493/1647 1642/1532/1642 1641/1424/1641
f 1544/1522/1544 1542/1523/1542 1539/1427/1539
vt 0.6466919 0.0891883
f 1468/1540/1468 1425/1524/1425 1464/1513/1464
f 1425/1524/1425 1391/1537/1391 1389/1464/1389
vt 0.6435066 0.1459858
f 1328/1487/1328 1300/1541/1300 1274/1488/1274
f 1183/1477/1183 1220/1538/1220 1308/1527/1308
vt 0.6435355 0.1345997
f 1330/1542/1330 1300/1541/1300 1328/1487/1328
vt 0.6426400 0.1622422
f 1300/1541/1300 1267/1543/1267 1274/1488/1274
f 1274/1488/1274 1267/1543/1267 1239/1514/1239
vt 0.6434284 0.1834214
f 1239/1514/1239 1226/1544/1226 1225/1497/1225
f 1225/1497/1225 1226/1544/1226 1193/1498/1193
vt 0.6426709 0.1968821
f 1226/1544/1226 1210/1545/1210 1193/1498/1193
vt 0.6430439 0.2338854
f 1168/1546/1168 1133/1479/1133 1143/1500/1143
vt 0.6429532 0.3149678
f 1112/1525/1112 1118/1547/1118 1097/1502/1097
vt 0.6417155 0.5357538
f 1420/1517/1420 1451/1548/1451 1449/1506/1449
vt 0.9634324 0.1381150
f 1776/1519/1776 1777/1549/1777 1732/1520/1732
vt 0.9477644 0.1419201
f 1777/1549/1777 1733/1550/1733 1732/1520/1732
vt 0.9359012 0.1428107
f 1709/1510/1709 1732/1520/1732 1710/1551/1710
vt 0.0839810 0.8044510
vt 0.0707355 0.7994171
vt 0.0812461 0.7928773
f 2241/1552/2241 2295/1553/2295 2280/1554/2280
vt 0.6431910 0.1245636
f 1391/1537/1391 1390/1555/1390 1328/1487/1328
f 1390/1555/1390 1330/1542/1330 1328/1487/1328
vt 0.6439934 0.1736783
f 1267/1543/1267 1240/1556/1240 1239/1514/1239
f 1239/1514/1239 1240/1556/1240 1226/1544/1226
f 1193/1498/1193 1210/1545/1210 1174/1499/1174
f 1164/1478/1164 1168/1546/1168 1143/1500/1143
vt 0.6466238 0.2459800
f 1133/1479/1133 1154/1557/1154 1132/1501/1132
vt 0.6434009 0.2722714
f 1132/1501/1132 1134/1558/1134 1111/1480/1111
vt 0.6436368 0.2861166
f 1134/1558/1134 1128/1559/1128 1111/1480/1111
f 1111/1480/1111 1128/1559/1128 1112/1525/1112
vt 0.6470177 0.2982565
f 1128/1559/1128 1127/1560/1127 1112/1525/1112
f 1112/1525/1112 1127/1560/1127 1118/1547/1118
vt 0.6416982 0.3273612
vt 0.6430297 0.3410919
f 1105/1561/1105 1103/1562/1103 1087/1503/1087
f 1087/1503/1087 1103/1562/1103 1086/1490/1086
vt 0.3277777 0.5698973
vt 0.3185602 0.5669290
vt 0.3274462 0.5796861
f 42/1563/42 40/1564/40 41/1565/41
vt 0.6445617 0.3687851
f 1083/1491/1083 1100/1566/1100 1084/1504/1084
f 1084/1504/1084 1100/1566/1100 1085/1526/1085
vt 0.6423470 0.3821452
f 1085/1526/1085 1101/1567/1101 1088/1534/1088
vt 0.6430421 0.4097359
f 1089/1492/1089 1122/1568/1122 1098/1481/1098
vt 0.6436189 0.4244131
f 1122/1568/1122 1123/1569/1123 1098/1481/1098
vt 0.6421590 0.4419091
f 1098/1481/1098 1151/1570/1151 1099/1505/1099
vt 0.6443538 0.4552544
f 1099/1505/1099 1151/1570/1151 1185/1571/1185
f 1099/1505/1099 1185/1571/1185 1184/1515/1184
f 1184/1515/1184 1185/1571/1185 1220/1538/1220
vt 0.6444617 0.5040540
f 1308/1527/1308 1370/1572/1370 1369/1516/1369
f 1369/1516/1369 1370/1572/1370 1420/1517/1420
vt 0.9740065 0.1347558
f 1823/1518/1823 1811/1573/1811 1812/1528/1812
f 1812/1528/1812 1811/1573/1811 1776/1519/1776
f 1733/1550/1733 1710/1551/1710 1732/1520/1732
vt 0.6458057 0.2149929
f 1210/1545/1210 1188/1574/1188 1174/1499/1174
f 1174/1499/1174 1188/1574/1188 1164/1478/1164
f 1188/1574/1188 1168/1546/1168 1164/1478/1164
f 1168/1546/1168 1154/1557/1154 1133/1479/1133
vt 0.6432580 0.2599540
f 1154/1557/1154 1135/1575/1135 1132/1501/1132
f 1135/1575/1135 1134/1558/1134 1132/1501/1132
f 1118/1547/1118 1105/1561/1105 1097/1502/1097
f 1097/1502/1097 1105/1561/1105 1087/1503/1087
vt 0.6439372 0.3583599
f 1086/1490/1086 1103/1562/1103 1102/1576/1102
f 1086/1490/1086 1102/1576/1102 1083/1491/1083
f 1102/1576/1102 1100/1566/1100 1083/1491/1083
f 1100/1566/1100 1101/1567/1101 1085/1526/1085
f 1088/1534/1088 1122/1568/1122 1089/1492/1089
f 1098/1481/1098 1123/1569/1123 1151/1570/1151
vt 0.9880700 0.1310407
f 1823/1518/1823 1825/1577/1825 1811/1573/1811
f 1776/1519/1776 1811/1573/1811 1777/1549/1777
vt 0.9215616 0.1406276
f 1710/1551/1710 1668/1578/1668 1709/1510/1709
f 1709/1510/1709 1668/1578/1668 1666/1484/1666
vt 0.7866721 0.1672599
f 1574/1535/1574 1593/1579/1593 1591/1494/1591
vt 0.8120370 0.1620729
f 1549/1495/1549 1557/1580/1557 1555/1485/1555
vt 0.8409852 0.1586531
f 1543/1512/1543 1540/1486/1540 1551/1581/1551
vt 0.7213322 0.1804481
f 1860/1507/1860 1866/1582/1866 1865/1508/1865
vt 0.7387694 0.1781862
f 1757/1509/1757 1850/1583/1850 1860/1507/1860
vt 0.7478316 0.1742026
f 1757/1509/1757 1758/1584/1758 1850/1583/1850
vt 0.7586261 0.1722317
f 1688/1539/1688 1689/1585/1689 1758/1584/1758
vt 0.7825564 0.1688514
f 1591/1494/1591 1605/1586/1605 1603/1521/1603
vt 0.7989854 0.1651816
f 1555/1485/1555 1575/1587/1575 1574/1535/1574
f 1543/1512/1543 1551/1581/1551 1549/1495/1549
vt 0.6502258 0.0194656
vt 0.6549895 0.0297747
vt 0.6447578 0.0389479
f 1531/1588/1531 1530/1589/1530 1521/1590/1521
vt 0.6571196 0.4462458
f 1151/1570/1151 1192/1591/1192 1185/1571/1185
vt 0.6512665 0.4872160
f 1308/1527/1308 1324/1592/1324 1370/1572/1370
vt 0.9141228 0.1407045
f 1668/1578/1668 1667/1593/1667 1666/1484/1666
vt 0.8879218 0.1468672
f 1621/1511/1621 1623/1594/1623 1561/1536/1561
vt 0.8740892 0.1495868
vt 0.8634937 0.1513909
f 1561/1536/1561 1566/1595/1566 1559/1596/1559
vt 0.8253700 0.1592689
f 1552/1597/1552 1557/1580/1557 1549/1495/1549
f 1561/1536/1561 1559/1596/1559 1544/1522/1544
vt 0.8562562 0.1534591
f 1544/1522/1544 1559/1596/1559 1553/1598/1553
f 1544/1522/1544 1553/1598/1553 1542/1523/1542
f 1551/1581/1551 1552/1597/1552 1549/1495/1549
vt 0.6587994 0.0965954
vt 0.6584535 0.1114556
f 1467/1599/1467 1424/1600/1424 1425/1524/1425
f 1425/1524/1425 1424/1600/1424 1391/1537/1391
vt 0.6565058 0.1967640
f 1226/1544/1226 1228/1601/1228 1210/1545/1210
vt 0.6537287 0.2120091
f 1210/1545/1210 1207/1602/1207 1188/1574/1188
vt 0.6546148 0.2295176
f 1188/1574/1188 1187/1603/1187 1168/1546/1168
vt 0.6509994 0.3421992
f 1103/1562/1103 1119/1604/1119 1102/1576/1102
vt 0.6535734 0.3864001
f 1101/1567/1101 1125/1605/1125 1088/1534/1088
vt 0.6509770 0.4745443
f 1220/1538/1220 1244/1606/1244 1308/1527/1308
f 1860/1507/1860 1850/1583/1850 1866/1582/1866
vt 0.7737916 0.1692831
f 1605/1586/1605 1606/1607/1606 1603/1521/1603
f 1666/1484/1666 1667/1593/1667 1647/1493/1647
f 1591/1494/1591 1593/1579/1593 1605/1586/1605
vt 0.9039680 0.1433317
f 1647/1493/1647 1645/1608/1645 1642/1532/1642
f 1575/1587/1575 1593/1579/1593 1574/1535/1574
f 1557/1580/1557 1575/1587/1575 1555/1485/1555
f 1623/1594/1623 1566/1595/1566 1561/1536/1561
f 1542/1523/1542 1553/1598/1553 1540/1486/1540
f 1553/1598/1553 1551/1581/1551 1540/1486/1540
f 1468/1540/1468 1467/1599/1467 1425/1524/1425
f 1228/1601/1228 1207/1602/1207 1210/1545/1210
f 1187/1603/1187 1154/1557/1154 1168/1546/1168
vt 0.6575350 0.2671560
f 1135/1575/1135 1152/1609/1152 1134/1558/1134
vt 0.6551743 0.3150214
f 1118/1547/1118 1127/1560/1127 1131/1610/1131
vt 0.6553919 0.3304292
f 1131/1610/1131 1124/1611/1124 1105/1561/1105
f 1105/1561/1105 1124/1611/1124 1103/1562/1103
f 1103/1562/1103 1124/1611/1124 1119/1604/1119
f 1101/1567/1101 1100/1566/1100 1125/1605/1125
vt 0.6566601 0.3997406
f 1125/1605/1125 1126/1612/1126 1122/1568/1122
f 1088/1534/1088 1125/1605/1125 1122/1568/1122
vt 0.6546190 0.4092870
f 1122/1568/1122 1126/1612/1126 1150/1613/1150
f 1122/1568/1122 1150/1613/1150 1123/1569/1123
vt 0.6572210 0.4298514
f 1151/1570/1151 1123/1569/1123 1180/1614/1180
vt 0.6565402 0.5322317
f 1420/1517/1420 1455/1615/1455 1451/1548/1451
f 1667/1593/1667 1645/1608/1645 1647/1493/1647
f 1642/1532/1642 1645/1608/1645 1621/1511/1621
f 1621/1511/1621 1645/1608/1645 1623/1594/1623
vt 0.0567512 0.7914811
vt 0.0551070 0.7819592
vt 0.0658925 0.7836163
f 2332/1616/2332 2342/1617/2342 2307/1618/2307
vt 0.6574396 0.1428921
f 1330/1542/1330 1322/1619/1322 1300/1541/1300
f 1154/1557/1154 1152/1609/1152 1135/1575/1135
f 1151/1570/1151 1180/1614/1180 1192/1591/1192
f 1220/1538/1220 1185/1571/1185 1244/1606/1244
f 1308/1527/1308 1244/1606/1244 1324/1592/1324
vt 0.9775558 0.1188439
vt 0.9643028 0.1214142
f 1817/1620/1817 1801/1621/1801 1811/1573/1811
vt 0.6597453 0.1567694
f 1300/1541/1300 1275/1622/1275 1267/1543/1267
vt 0.6593630 0.1729355
f 1240/1556/1240 1251/1623/1251 1226/1544/1226
f 1152/1609/1152 1128/1559/1128 1134/1558/1134
vt 0.6573838 0.3581584
f 1119/1604/1119 1130/1624/1130 1102/1576/1102
vt 0.9863600 0.1133843
f 1825/1577/1825 1836/1625/1836 1817/1620/1817
vt 0.9550791 0.1210729
f 1801/1621/1801 1778/1626/1778 1777/1549/1777
vt 0.6587893 0.1317862
f 1390/1555/1390 1341/1627/1341 1330/1542/1330
f 1341/1627/1341 1322/1619/1322 1330/1542/1330
f 1300/1541/1300 1322/1619/1322 1275/1622/1275
vt 0.6613467 0.1838748
f 1226/1544/1226 1250/1628/1250 1228/1601/1228
vt 0.6578803 0.2460961
f 1187/1603/1187 1169/1629/1169 1154/1557/1154
vt 0.6579115 0.2884163
f 1128/1559/1128 1148/1630/1148 1127/1560/1127
f 1102/1576/1102 1130/1624/1130 1100/1566/1100
vt 0.6592479 0.3716286
f 1100/1566/1100 1129/1631/1129 1125/1605/1125
vt 0.6574678 0.4567888
f 1192/1591/1192 1222/1632/1222 1185/1571/1185
f 1185/1571/1185 1222/1632/1222 1244/1606/1244
vt 0.6651610 0.4845464
f 1244/1606/1244 1371/1633/1371 1324/1592/1324
vt 0.6598330 0.5184521
f 1370/1572/1370 1435/1634/1435 1420/1517/1420
vt 0.5019395 0.5748546
vt 0.4894009 0.5755066
vt 0.4911688 0.5865457
f 555/1635/555 514/1636/514 515/1637/515
vt 0.7305142 0.1673972
f 1850/1583/1850 1856/1638/1856 1866/1582/1866
f 1777/1549/1777 1778/1626/1778 1733/1550/1733
vt 0.9423927 0.1262437
f 1778/1626/1778 1728/1639/1728 1733/1550/1733
f 1758/1584/1758 1856/1638/1856 1850/1583/1850
f 1733/1550/1733 1728/1639/1728 1710/1551/1710
vt 0.9257277 0.1258647
f 1710/1551/1710 1712/1640/1712 1668/1578/1668
vt 0.6587238 0.1221050
f 1424/1600/1424 1392/1641/1392 1390/1555/1390
f 1390/1555/1390 1392/1641/1392 1341/1627/1341
f 1188/1574/1188 1207/1602/1207 1187/1603/1187
f 1169/1629/1169 1152/1609/1152 1154/1557/1154
f 1152/1609/1152 1148/1630/1148 1128/1559/1128
f 1127/1560/1127 1148/1630/1148 1131/1610/1131
vt 0.6634365 0.3415612
f 1124/1611/1124 1146/1642/1146 1119/1604/1119
f 1119/1604/1119 1146/1642/1146 1130/1624/1130
f 1130/1624/1130 1129/1631/1129 1100/1566/1100
f 1150/1613/1150 1180/1614/1180 1123/1569/1123
vt 0.6567770 0.4730313
f 1222/1632/1222 1268/1643/1268 1244/1606/1244
vt 0.6585304 0.5021610
f 1324/1592/1324 1403/1644/1403 1370/1572/1370
f 1370/1572/1370 1403/1644/1403 1435/1634/1435
vt 0.7460048 0.1650386
f 1758/1584/1758 1761/1645/1761 1856/1638/1856
vt 0.9189891 0.1233451
f 1668/1578/1668 1705/1646/1705 1667/1593/1667
f 1605/1586/1605 1593/1579/1593 1606/1607/1606
vt 0.8392060 0.1533900
f 1551/1581/1551 1558/1647/1558 1552/1597/1552
f 1267/1543/1267 1275/1622/1275 1251/1623/1251
f 1251/1623/1251 1250/1628/1250 1226/1544/1226
f 1268/1643/1268 1371/1633/1371 1244/1606/1244
f 1371/1633/1371 1403/1644/1403 1324/1592/1324
vt 0.9782695 0.0994582
f 1836/1625/1836 1830/1648/1830 1817/1620/1817
f 1668/1578/1668 1712/1640/1712 1705/1646/1705
vt 0.7635681 0.1556924
f 1606/1607/1606 1693/1649/1693 1689/1585/1689
vt 0.6689535 0.0542352
vt 0.6677693 0.0707669
vt 0.6513673 0.0574975
f 1515/1650/1515 1499/1651/1499 1509/1652/1509
vt 0.6647944 0.3098233
f 1131/1610/1131 1149/1653/1149 1124/1611/1124
vt 0.6698245 0.4119869
f 1150/1613/1150 1186/1654/1186 1180/1614/1180
vt 0.9641057 0.1071336
f 1817/1620/1817 1807/1655/1807 1801/1621/1801
f 1801/1621/1801 1807/1655/1807 1778/1626/1778
vt 0.7579131 0.1549582
f 1689/1585/1689 1718/1656/1718 1761/1645/1761
f 1693/1649/1693 1718/1656/1718 1689/1585/1689
vt 0.9038086 0.1279472
f 1667/1593/1667 1705/1646/1705 1653/1657/1653
vt 0.7724603 0.1543441
f 1606/1607/1606 1616/1658/1616 1693/1649/1693
f 1667/1593/1667 1653/1657/1653 1645/1608/1645
f 1593/1579/1593 1616/1658/1616 1606/1607/1606
vt 0.7967077 0.1519032
vt 0.7825686 0.1522831
f 1593/1579/1593 1600/1659/1600 1609/1660/1609
f 1575/1587/1575 1600/1659/1600 1593/1579/1593
vt 0.8873777 0.1344684
f 1645/1608/1645 1625/1661/1625 1623/1594/1623
vt 0.8733710 0.1369337
f 1619/1662/1619 1566/1595/1566 1623/1594/1623
vt 0.8220290 0.1472771
f 1552/1597/1552 1596/1663/1596 1557/1580/1557
vt 0.8531709 0.1398159
f 1553/1598/1553 1598/1664/1598 1558/1647/1558
vt 0.8365812 0.1404034
f 1558/1647/1558 1597/1665/1597 1552/1597/1552
vt 0.6561891 0.0130309
vt 0.6730635 0.0240090
f 1536/1666/1536 1534/1667/1534 1530/1589/1530
vt 0.6659286 0.2031707
f 1228/1601/1228 1232/1668/1232 1207/1602/1207
vt 0.6684132 0.2159923
f 1232/1668/1232 1223/1669/1223 1207/1602/1207
vt 0.6653837 0.2305470
f 1187/1603/1187 1199/1670/1199 1169/1629/1169
vt 0.6688967 0.2887673
f 1152/1609/1152 1165/1671/1165 1148/1630/1148
f 1148/1630/1148 1149/1653/1149 1131/1610/1131
vt 0.6695490 0.4291567
f 1180/1614/1180 1200/1672/1200 1192/1591/1192
vt 0.6690691 0.4983501
f 1403/1644/1403 1371/1633/1371 1419/1673/1419
vt 0.6705034 0.5358832
f 1435/1634/1435 1472/1674/1472 1455/1615/1455
vt 0.9383118 0.1151651
f 1740/1675/1740 1712/1640/1712 1728/1639/1728
f 1653/1657/1653 1625/1661/1625 1645/1608/1645
f 1625/1661/1625 1619/1662/1619 1623/1594/1623
vt 0.8076533 0.1456590
f 1557/1580/1557 1599/1676/1599 1575/1587/1575
f 1566/1595/1566 1619/1662/1619 1559/1596/1559
vt 0.8611557 0.1382372
f 1559/1596/1559 1614/1677/1614 1553/1598/1553
f 1614/1677/1614 1598/1664/1598 1553/1598/1553
vt 0.6712428 0.1418189
f 1341/1627/1341 1337/1678/1337 1322/1619/1322
vt 0.6689086 0.2436476
f 1169/1629/1169 1199/1670/1199 1198/1679/1198
vt 0.6656881 0.2606531
f 1198/1679/1198 1181/1680/1181 1169/1629/1169
f 1169/1629/1169 1181/1680/1181 1152/1609/1152
vt 0.6657876 0.2717565
f 1181/1680/1181 1166/1681/1166 1152/1609/1152
f 1166/1681/1166 1165/1671/1165 1152/1609/1152
f 1148/1630/1148 1165/1671/1165 1149/1653/1149
vt 0.6688287 0.3299630
f 1149/1653/1149 1153/1682/1153 1124/1611/1124
f 1153/1682/1153 1146/1642/1146 1124/1611/1124
vt 0.6703836 0.3585002
f 1146/1642/1146 1155/1683/1155 1130/1624/1130
f 1130/1624/1130 1155/1683/1155 1129/1631/1129
vt 0.3450010 0.5558766
vt 0.3439490 0.5457067
vt 0.3336968 0.5551560
f 108/1684/108 144/1685/144 78/1686/78
vt 0.6695488 0.3848059
f 1125/1605/1125 1175/1687/1175 1126/1612/1126
vt 0.6709446 0.3994910
f 1126/1612/1126 1175/1687/1175 1176/1688/1176
f 1180/1614/1180 1186/1654/1186 1200/1672/1200
vt 0.6727312 0.4460945
f 1192/1591/1192 1200/1672/1200 1242/1689/1242
f 1192/1591/1192 1242/1689/1242 1222/1632/1222
vt 0.6718068 0.4759273
f 1268/1643/1268 1317/1690/1317 1371/1633/1371
vt 0.4725238 0.5632855
vt 0.4518349 0.5638256
vt 0.4750780 0.5731028
f 460/1691/460 402/1692/402 457/1693/457
f 1830/1648/1830 1807/1655/1807 1817/1620/1817
vt 0.9527473 0.1119365
f 1807/1655/1807 1786/1694/1786 1778/1626/1778
f 1786/1694/1786 1740/1675/1740 1728/1639/1728
f 1778/1626/1778 1786/1694/1786 1728/1639/1728
vt 0.7296664 0.1541933
f 1761/1645/1761 1857/1695/1857 1856/1638/1856
f 1593/1579/1593 1609/1660/1609 1616/1658/1616
f 1575/1587/1575 1599/1676/1599 1600/1659/1600
f 1557/1580/1557 1596/1663/1596 1599/1676/1599
f 1597/1665/1597 1596/1663/1596 1552/1597/1552
vt 0.6742569 0.1170270
f 1392/1641/1392 1424/1600/1424 1429/1696/1429
f 1392/1641/1392 1429/1696/1429 1341/1627/1341
f 1250/1628/1250 1232/1668/1232 1228/1601/1228
f 1126/1612/1126 1186/1654/1186 1150/1613/1150
vt 0.6731010 0.4577699
f 1242/1689/1242 1264/1697/1264 1222/1632/1222
f 1222/1632/1222 1264/1697/1264 1268/1643/1268
vt 0.4087863 0.5671140
vt 0.4204719 0.5498125
vt 0.4033798 0.5505510
f 250/1698/250 308/1699/308 261/1700/261
vt 0.6721479 0.5095932
vt 0.6699474 0.5240161
f 1435/1634/1435 1442/1701/1442 1443/1702/1443
f 1435/1634/1435 1443/1702/1443 1472/1674/1472
f 1598/1664/1598 1597/1665/1597 1558/1647/1558
vt 0.6749072 0.1634262
f 1275/1622/1275 1302/1703/1302 1251/1623/1251
vt 0.6730117 0.2992107
f 1165/1671/1165 1179/1704/1179 1149/1653/1149
f 1126/1612/1126 1176/1688/1176 1186/1654/1186
f 1268/1643/1268 1264/1697/1264 1317/1690/1317
f 1419/1673/1419 1442/1701/1442 1403/1644/1403
vt 0.9417393 0.1010274
f 1786/1694/1786 1784/1705/1784 1740/1675/1740
vt 0.7954845 0.1434128
f 1600/1659/1600 1610/1706/1610 1609/1660/1609
vt 0.6744951 0.1302431
f 1429/1696/1429 1408/1707/1408 1341/1627/1341
f 1341/1627/1341 1408/1707/1408 1337/1678/1337
f 1275/1622/1275 1337/1678/1337 1302/1703/1302
vt 0.6734883 0.1825378
f 1251/1623/1251 1254/1708/1254 1250/1628/1250
vt 0.6793383 0.1970143
f 1254/1708/1254 1253/1709/1253 1232/1668/1232
f 1250/1628/1250 1254/1708/1254 1232/1668/1232
vt 0.6723444 0.3438761
f 1146/1642/1146 1170/1710/1170 1155/1683/1155
vt 0.7416067 0.1394898
f 1718/1656/1718 1844/1711/1844 1761/1645/1761
vt 0.9344869 0.1073695
f 1740/1675/1740 1741/1712/1741 1712/1640/1712
vt 0.9239870 0.1063319
f 1712/1640/1712 1741/1712/1741 1736/1713/1736
vt 0.9015903 0.1167158
f 1705/1646/1705 1669/1714/1669 1653/1657/1653
vt 0.7682269 0.1363919
f 1616/1658/1616 1692/1715/1692 1693/1649/1693
vt 0.8936854 0.1210112
f 1669/1714/1669 1651/1716/1651 1653/1657/1653
f 1653/1657/1653 1651/1716/1651 1625/1661/1625
vt 0.8847696 0.1235556
vt 0.8710591 0.1261194
f 1619/1662/1619 1629/1717/1629 1620/1718/1620
f 1619/1662/1619 1620/1718/1620 1614/1677/1614
vt 0.8189061 0.1384070
f 1596/1663/1596 1597/1665/1597 1604/1719/1604
f 1302/1703/1302 1254/1708/1254 1251/1623/1251
f 1232/1668/1232 1253/1709/1253 1223/1669/1223
vt 0.6803200 0.2286947
f 1223/1669/1223 1229/1720/1229 1199/1670/1199
f 1229/1720/1229 1198/1679/1198 1199/1670/1199
vt 0.6735786 0.3148670
f 1179/1704/1179 1177/1721/1177 1149/1653/1149
f 1149/1653/1149 1177/1721/1177 1153/1682/1153
f 1153/1682/1153 1170/1710/1170 1146/1642/1146
f 1155/1683/1155 1175/1687/1175 1129/1631/1129
vt 0.3896190 0.5555917
vt 0.3821157 0.5411548
vt 0.3652089 0.5521166
f 193/1722/193 202/1723/202 164/1724/164
vt 0.4292495 0.5465007
vt 0.4252877 0.5683497
f 340/1725/340 308/1699/308 305/1726/305
vt 0.9624687 0.0894285
f 1830/1648/1830 1820/1727/1820 1807/1655/1807
f 1784/1705/1784 1741/1712/1741 1740/1675/1740
f 1761/1645/1761 1844/1711/1844 1857/1695/1857
f 1616/1658/1616 1609/1660/1609 1692/1715/1692
f 1625/1661/1625 1651/1716/1651 1629/1717/1629
f 1625/1661/1625 1629/1717/1629 1619/1662/1619
f 1599/1676/1599 1610/1706/1610 1600/1659/1600
vt 0.8611208 0.1269242
f 1620/1718/1620 1618/1728/1618 1614/1677/1614
f 1596/1663/1596 1604/1719/1604 1599/1676/1599
vt 0.6827017 0.0752109
vt 0.6797368 0.0929645
f 1503/1729/1503 1482/1730/1482 1499/1651/1499
vt 0.6822922 0.2594979
f 1198/1679/1198 1203/1731/1203 1181/1680/1181
vt 0.6806141 0.2699002
f 1196/1732/1196 1165/1671/1165 1166/1681/1166
vt 0.9160243 0.1090458
f 1736/1713/1736 1707/1733/1707 1712/1640/1712
f 1712/1640/1712 1707/1733/1707 1705/1646/1705
f 1705/1646/1705 1707/1733/1707 1669/1714/1669
vt 0.8509369 0.1283551
f 1614/1677/1614 1611/1734/1611 1598/1664/1598
f 1598/1664/1598 1611/1734/1611 1597/1665/1597
vt 0.6807504 0.2992902
f 1179/1704/1179 1195/1735/1195 1177/1721/1177
vt 0.6807123 0.3373953
vt 0.6800485 0.3590320
f 1170/1710/1170 1189/1736/1189 1194/1737/1194
f 1170/1710/1170 1194/1737/1194 1155/1683/1155
vt 0.6810867 0.3706874
f 1155/1683/1155 1194/1737/1194 1191/1738/1191
f 1155/1683/1155 1191/1738/1191 1175/1687/1175
vt 0.6818507 0.4347509
f 1200/1672/1200 1243/1739/1243 1242/1689/1242
vt 0.6827471 0.4752040
f 1317/1690/1317 1372/1740/1372 1371/1633/1371
vt 0.6831581 0.4964712
f 1419/1673/1419 1415/1741/1415 1442/1701/1442
vt 0.8043367 0.1307840
f 1599/1676/1599 1615/1742/1615 1610/1706/1610
vt 0.8195049 0.1300198
f 1597/1665/1597 1612/1743/1612 1604/1719/1604
vt 0.6854126 0.0686503
f 1515/1650/1515 1516/1744/1516 1503/1729/1503
vt 0.6828585 0.1160167
f 1429/1696/1429 1456/1745/1456 1408/1707/1408
vt 0.6819216 0.1399922
f 1337/1678/1337 1394/1746/1394 1302/1703/1302
vt 0.6812004 0.2436864
f 1198/1679/1198 1219/1747/1219 1203/1731/1203
f 1181/1680/1181 1203/1731/1203 1196/1732/1196
f 1165/1671/1165 1195/1735/1195 1179/1704/1179
vt 0.6808411 0.3149458
f 1195/1735/1195 1190/1748/1190 1177/1721/1177
f 1177/1721/1177 1190/1748/1190 1153/1682/1153
f 1153/1682/1153 1190/1748/1190 1189/1736/1189
f 1153/1682/1153 1189/1736/1189 1170/1710/1170
vt 0.6805347 0.4039775
f 1176/1688/1176 1202/1749/1202 1186/1654/1186
vt 0.6827820 0.4163442
f 1186/1654/1186 1212/1750/1212 1200/1672/1200
f 1212/1750/1212 1243/1739/1243 1200/1672/1200
vt 0.6796462 0.4569921
f 1242/1689/1242 1304/1751/1304 1264/1697/1264
f 1371/1633/1371 1415/1741/1415 1419/1673/1419
vt 0.4359458 0.5626630
vt 0.4454969 0.5418319
f 341/1752/341 405/1753/405 340/1725/340
vt 0.6843286 0.5175088
f 1442/1701/1442 1450/1754/1450 1443/1702/1443
vt 0.9742059 0.0843818
f 1838/1755/1838 1820/1727/1820 1830/1648/1830
vt 0.4869424 0.5608255
vt 0.4947990 0.5473064
vt 0.4801401 0.5427191
f 518/1756/518 519/1757/519 508/1758/508
vt 0.9514113 0.0940800
f 1807/1655/1807 1820/1727/1820 1806/1759/1806
vt 0.5016922 0.5614361
f 554/1760/554 519/1757/519 518/1756/518
f 1807/1655/1807 1806/1759/1806 1786/1694/1786
vt 0.7520689 0.1376787
f 1718/1656/1718 1692/1715/1692 1753/1761/1753
vt 0.7807427 0.1336330
f 1609/1660/1609 1636/1762/1636 1692/1715/1692
vt 0.7918774 0.1324865
f 1610/1706/1610 1617/1763/1617 1609/1660/1609
f 1604/1719/1604 1615/1742/1615 1599/1676/1599
vt 0.8341801 0.1273887
f 1611/1734/1611 1613/1764/1613 1597/1665/1597
f 1597/1665/1597 1613/1764/1613 1612/1743/1612
f 1482/1730/1482 1456/1745/1456 1429/1696/1429
f 1408/1707/1408 1456/1745/1456 1394/1746/1394
vt 0.6843913 0.1626631
f 1394/1746/1394 1321/1765/1321 1302/1703/1302
f 1302/1703/1302 1321/1765/1321 1254/1708/1254
vt 0.6831585 0.1840474
f 1321/1765/1321 1288/1766/1288 1254/1708/1254
f 1288/1766/1288 1253/1709/1253 1254/1708/1254
vt 0.6837521 0.2133699
f 1223/1669/1223 1252/1767/1252 1229/1720/1229
vt 0.6803658 0.2855054
f 1196/1732/1196 1197/1768/1197 1165/1671/1165
f 1197/1768/1197 1195/1735/1195 1165/1671/1165
vt 0.6810035 0.3864457
f 1175/1687/1175 1191/1738/1191 1201/1769/1201
f 1175/1687/1175 1201/1769/1201 1176/1688/1176
f 1176/1688/1176 1201/1769/1201 1202/1749/1202
f 1186/1654/1186 1202/1749/1202 1212/1750/1212
f 1242/1689/1242 1243/1739/1243 1304/1751/1304
f 1264/1697/1264 1304/1751/1304 1317/1690/1317
f 1304/1751/1304 1372/1740/1372 1317/1690/1317
f 1372/1740/1372 1415/1741/1415 1371/1633/1371
f 1415/1741/1415 1450/1754/1450 1442/1701/1442
f 1806/1759/1806 1784/1705/1784 1786/1694/1786
vt 0.7227494 0.1403570
f 1844/1711/1844 1869/1770/1869 1857/1695/1857
f 1612/1743/1612 1615/1742/1615 1604/1719/1604
f 1617/1763/1617 1636/1762/1636 1609/1660/1609
vt 0.8827581 0.1074545
f 1651/1716/1651 1650/1771/1650 1629/1717/1629
f 1610/1706/1610 1615/1742/1615 1617/1763/1617
vt 0.8694940 0.1114122
f 1650/1771/1650 1640/1772/1640 1629/1717/1629
f 1629/1717/1629 1640/1772/1640 1620/1718/1620
vt 0.8520738 0.1198291
f 1611/1734/1611 1630/1773/1630 1613/1764/1613
vt 0.6931500 0.1504548
f 1399/1774/1399 1321/1765/1321 1394/1746/1394
vt 0.6910458 0.3632967
f 1194/1737/1194 1211/1775/1211 1191/1738/1191
vt 0.9255152 0.0900506
f 1784/1705/1784 1783/1776/1783 1741/1712/1741
f 1741/1712/1741 1783/1776/1783 1736/1713/1736
vt 0.8999674 0.0980005
f 1707/1733/1707 1706/1777/1706 1669/1714/1669
f 1620/1718/1620 1640/1772/1640 1618/1728/1618
f 1618/1728/1618 1630/1773/1630 1611/1734/1611
vt 0.6988007 0.0884609
f 1503/1729/1503 1502/1778/1502 1482/1730/1482
vt 0.6903348 0.1340554
f 1456/1745/1456 1430/1779/1430 1394/1746/1394
vt 0.6925975 0.1661254
f 1321/1765/1321 1333/1780/1333 1288/1766/1288
vt 0.6959236 0.1960472
f 1253/1709/1253 1301/1781/1301 1252/1767/1252
vt 0.6928216 0.2228934
f 1252/1767/1252 1266/1782/1266 1229/1720/1229
vt 0.6934882 0.2414894
f 1266/1782/1266 1246/1783/1246 1229/1720/1229
f 1229/1720/1229 1246/1783/1246 1219/1747/1219
vt 0.6946705 0.2874923
f 1196/1732/1196 1216/1784/1216 1197/1768/1197
f 1197/1768/1197 1216/1784/1216 1195/1735/1195
vt 0.6921518 0.3842014
f 1191/1738/1191 1221/1785/1221 1201/1769/1201
vt 0.6959572 0.4037369
f 1201/1769/1201 1221/1785/1221 1241/1786/1241
f 1201/1769/1201 1241/1786/1241 1202/1749/1202
vt 0.6965464 0.4779888
f 1372/1740/1372 1411/1787/1411 1415/1741/1415
vt 0.6975314 0.5279231
vt 0.6839492 0.5342480
f 1450/1754/1450 1498/1788/1498 1478/1789/1478
vt 0.9406542 0.0821853
f 1806/1759/1806 1799/1790/1799 1784/1705/1784
vt 0.7351505 0.1186649
f 1753/1761/1753 1858/1791/1858 1844/1711/1844
vt 0.7669340 0.1219000
vt 0.7486534 0.1163741
f 1692/1715/1692 1697/1792/1697 1802/1793/1802
f 1692/1715/1692 1802/1793/1802 1753/1761/1753
f 1692/1715/1692 1636/1762/1636 1697/1792/1697
vt 0.8388082 0.1054994
f 1630/1773/1630 1635/1794/1635 1613/1764/1613
vt 0.6853046 0.0502730
vt 0.6965336 0.0618129
f 1527/1795/1527 1526/1796/1526 1516/1744/1516
f 1321/1765/1321 1399/1774/1399 1333/1780/1333
f 1288/1766/1288 1301/1781/1301 1253/1709/1253
f 1219/1747/1219 1246/1783/1246 1203/1731/1203
vt 0.6948563 0.2723396
f 1196/1732/1196 1203/1731/1203 1217/1797/1217
f 1217/1797/1217 1216/1784/1216 1196/1732/1196
f 1189/1736/1189 1211/1775/1211 1194/1737/1194
vt 0.6916178 0.4557310
f 1243/1739/1243 1305/1798/1305 1304/1751/1304
vt 0.6919401 0.4935627
f 1415/1741/1415 1411/1787/1411 1416/1799/1416
vt 0.9643970 0.0727792
f 1838/1755/1838 1837/1800/1837 1820/1727/1820
vt 0.4879752 0.5325485
f 519/1757/519 509/1801/509 508/1758/508
vt 0.9218736 0.0940561
f 1783/1776/1783 1742/1802/1742 1736/1713/1736
f 1736/1713/1736 1742/1802/1742 1707/1733/1707
vt 0.9105117 0.0946253
f 1742/1802/1742 1708/1803/1708 1707/1733/1707
f 1707/1733/1707 1708/1803/1708 1706/1777/1706
vt 0.8921226 0.0987558
f 1706/1777/1706 1701/1804/1701 1669/1714/1669
f 1669/1714/1669 1701/1804/1701 1651/1716/1651
f 1651/1716/1651 1701/1804/1701 1650/1771/1650
vt 0.6952317 0.2984732
f 1195/1735/1195 1215/1805/1215 1190/1748/1190
vt 0.6957618 0.3147225
vt 0.6953373 0.3311330
f 1214/1806/1214 1213/1807/1213 1190/1748/1190
f 1190/1748/1190 1213/1807/1213 1189/1736/1189
f 1211/1775/1211 1221/1785/1221 1191/1738/1191
f 1202/1749/1202 1241/1786/1241 1212/1750/1212
vt 0.6972789 0.4346197
f 1212/1750/1212 1272/1808/1272 1243/1739/1243
f 1243/1739/1243 1272/1808/1272 1305/1798/1305
vt 0.6988735 0.5097681
f 1450/1754/1450 1415/1741/1415 1462/1809/1462
vt 0.9515889 0.0753531
f 1824/1810/1824 1799/1790/1799 1806/1759/1806
f 1844/1711/1844 1858/1791/1858 1869/1770/1869
vt 0.7905052 0.1160606
f 1617/1763/1617 1638/1811/1638 1636/1762/1636
vt 0.8669908 0.1006827
f 1640/1772/1640 1643/1812/1643 1618/1728/1618
vt 0.8148226 0.1107865
f 1612/1743/1612 1634/1813/1634 1615/1742/1615
vt 0.6994469 0.0764195
f 1519/1814/1519 1502/1778/1502 1503/1729/1503
f 1216/1784/1216 1215/1805/1215 1195/1735/1195
vt 0.6950597 0.3431375
f 1189/1736/1189 1213/1807/1213 1218/1815/1218
f 1462/1809/1462 1498/1788/1498 1450/1754/1450
vt 0.9733598 0.0672237
f 1838/1755/1838 1879/1816/1879 1837/1800/1837
vt 0.4959896 0.5271767
f 519/1757/519 560/1817/560 509/1801/509
f 1753/1761/1753 1802/1793/1802 1858/1791/1858
vt 0.8322036 0.1065961
f 1635/1794/1635 1633/1818/1633 1613/1764/1613
vt 0.6911858 0.1017171
vt 0.6978732 0.1118953
vt 0.6940480 0.1165351
f 1492/1819/1492 1484/1820/1484 1466/1821/1466
vt 0.6986386 0.1822304
f 1288/1766/1288 1325/1822/1325 1301/1781/1301
vt 0.6981660 0.2110285
f 1301/1781/1301 1287/1823/1287 1252/1767/1252
f 1215/1805/1215 1214/1806/1214 1190/1748/1190
vt 0.6972982 0.4145245
f 1241/1786/1241 1265/1824/1265 1212/1750/1212
f 1265/1824/1265 1272/1808/1272 1212/1750/1212
vt 0.6983968 0.4634255
f 1410/1825/1410 1411/1787/1411 1372/1740/1372
f 1416/1799/1416 1462/1809/1462 1415/1741/1415
vt 0.7791453 0.1172518
f 1636/1762/1636 1696/1826/1696 1697/1792/1697
f 1650/1771/1650 1643/1812/1643 1640/1772/1640
vt 0.8023278 0.1136148
f 1615/1742/1615 1637/1827/1637 1638/1811/1638
vt 0.8512172 0.1026703
f 1643/1812/1643 1639/1828/1639 1630/1773/1630
f 1613/1764/1613 1633/1818/1633 1612/1743/1612
f 1612/1743/1612 1633/1818/1633 1634/1813/1634
vt 0.0554666 0.3311515
vt 0.0632886 0.3147573
vt 0.0724888 0.3240253
f 2748/1829/2748 2745/1830/2745 2749/1831/2749
vt 0.6979613 0.2575060
f 1246/1783/1246 1245/1832/1245 1203/1731/1203
f 1245/1832/1245 1217/1797/1217 1203/1731/1203
vt 0.7087822 0.3710372
f 1211/1775/1211 1256/1833/1256 1221/1785/1221
vt 0.7048556 0.4500868
f 1305/1798/1305 1398/1834/1398 1410/1825/1410
f 1638/1811/1638 1696/1826/1696 1636/1762/1636
vt 0.8814372 0.0966632
f 1650/1771/1650 1701/1804/1701 1670/1835/1670
f 1634/1813/1634 1637/1827/1637 1615/1742/1615
f 1272/1808/1272 1398/1834/1398 1305/1798/1305
vt 0.7081246 0.4896413
f 1411/1787/1411 1454/1836/1454 1416/1799/1416
vt 0.4631191 0.5307376
vt 0.4566496 0.5183983
vt 0.4415901 0.5293908
f 454/1837/454 458/1838/458 415/1839/415
vt 0.9614479 0.0596696
f 1879/1816/1879 1845/1840/1845 1837/1800/1837
vt 0.9133911 0.0726175
f 1742/1802/1742 1785/1841/1785 1708/1803/1708
f 1639/1828/1639 1635/1794/1635 1630/1773/1630
vt 0.7110593 0.0681025
f 1526/1796/1526 1529/1842/1529 1519/1814/1519
vt 0.7026382 0.0898310
f 1519/1814/1519 1501/1843/1501 1502/1778/1502
vt 0.7073611 0.1928660
f 1325/1822/1325 1326/1844/1326 1301/1781/1301
vt 0.7064736 0.2086950
f 1287/1823/1287 1313/1845/1313 1266/1782/1266
vt 0.7060667 0.2394072
f 1266/1782/1266 1270/1846/1270 1246/1783/1246
vt 0.7052132 0.2529876
f 1246/1783/1246 1269/1847/1269 1245/1832/1245
vt 0.7068837 0.2698313
f 1245/1832/1245 1262/1848/1262 1217/1797/1217
vt 0.7091768 0.2861280
f 1217/1797/1217 1261/1849/1261 1216/1784/1216
vt 0.7115256 0.3331182
f 1214/1806/1214 1257/1850/1257 1213/1807/1213
f 1213/1807/1213 1257/1850/1257 1218/1815/1218
vt 0.6987807 0.3891998
f 1221/1785/1221 1256/1833/1256 1263/1851/1263
vt 0.7112028 0.4160042
f 1265/1824/1265 1307/1852/1307 1272/1808/1272
vt 0.4744246 0.5235640
f 506/1853/506 458/1838/458 454/1837/454
vt 0.4796438 0.5136364
f 517/1854/517 506/1853/506 509/1801/509
vt 0.9398336 0.0728728
f 1824/1810/1824 1813/1855/1813 1799/1790/1799
vt 0.9256871 0.0717679
f 1799/1790/1799 1798/1856/1798 1783/1776/1783
f 1783/1776/1783 1785/1841/1785 1742/1802/1742
vt 0.9080164 0.0791711
f 1785/1841/1785 1739/1857/1739 1708/1803/1708
f 1708/1803/1708 1739/1857/1739 1706/1777/1706
vt 0.0548543 0.3060734
vt 0.0549910 0.2979088
f 2744/1858/2744 2743/1859/2743 2745/1830/2745
vt 0.0860239 0.3173676
vt 0.0819292 0.3379911
f 2749/1831/2749 2758/1860/2758 2759/1861/2759
vt 0.0932066 0.3279948
f 2758/1860/2758 2762/1862/2762 2759/1861/2759
vt 0.7020609 0.1352490
vt 0.7073256 0.1457338
f 1453/1863/1453 1436/1864/1436 1399/1774/1399
vt 0.7074590 0.1611906
vt 0.7060261 0.1797479
f 1400/1865/1400 1327/1866/1327 1333/1780/1333
f 1333/1780/1333 1327/1866/1327 1325/1822/1325
f 1301/1781/1301 1326/1844/1326 1313/1845/1313
f 1301/1781/1301 1313/1845/1313 1287/1823/1287
vt 0.7072207 0.2232810
f 1313/1845/1313 1271/1867/1271 1266/1782/1266
f 1271/1867/1271 1270/1846/1270 1266/1782/1266
f 1246/1783/1246 1270/1846/1270 1269/1847/1269
f 1217/1797/1217 1262/1848/1262 1261/1849/1261
vt 0.7148079 0.3899931
f 1263/1851/1263 1273/1868/1273 1241/1786/1241
vt 0.7141616 0.4054341
f 1273/1868/1273 1306/1869/1306 1241/1786/1241
f 1241/1786/1241 1307/1852/1307 1265/1824/1265
vt 0.4763154 0.3070539
vt 0.4580331 0.3102820
vt 0.4713795 0.2961924
f 3343/1870/3343 3176/1871/3176 3190/1872/3190
vt 0.4773364 0.2917709
f 3343/1870/3343 3190/1872/3190 3375/1873/3375
vt 0.7094884 0.5206678
f 1462/1809/1462 1504/1874/1504 1498/1788/1498
vt 0.9515991 0.0549161
f 1845/1840/1845 1841/1875/1841 1824/1810/1824
f 1813/1855/1813 1798/1856/1798 1799/1790/1799
vt 0.7648897 0.1065835
f 1697/1792/1697 1755/1876/1755 1802/1793/1802
vt 0.8984307 0.0782346
f 1739/1857/1739 1738/1877/1738 1706/1777/1706
f 1706/1777/1706 1738/1877/1738 1701/1804/1701
vt 0.7953810 0.0943543
f 1637/1827/1637 1702/1878/1702 1638/1811/1638
f 1399/1774/1399 1400/1865/1400 1333/1780/1333
f 1325/1822/1325 1327/1866/1327 1326/1844/1326
f 1269/1847/1269 1262/1848/1262 1245/1832/1245
vt 0.7120742 0.2995313
f 1215/1805/1215 1259/1879/1259 1214/1806/1214
vt 0.7126316 0.3142021
f 1259/1879/1259 1260/1880/1260 1214/1806/1214
vt 0.7113985 0.3431662
f 1257/1850/1257 1258/1881/1258 1218/1815/1218
vt 0.7096089 0.3560550
f 1218/1815/1218 1255/1882/1255 1211/1775/1211
f 1211/1775/1211 1255/1882/1255 1256/1833/1256
vt 0.7118588 0.4685835
f 1410/1825/1410 1434/1883/1434 1411/1787/1411
vt 0.9441125 0.0569675
f 1824/1810/1824 1819/1884/1819 1813/1855/1813
f 1783/1776/1783 1798/1856/1798 1785/1841/1785
f 1696/1826/1696 1755/1876/1755 1697/1792/1697
vt 0.8880072 0.0768203
f 1738/1877/1738 1737/1885/1737 1701/1804/1701
f 1737/1885/1737 1670/1835/1670 1701/1804/1701
vt 0.8094085 0.0910534
f 1634/1813/1634 1700/1886/1700 1637/1827/1637
f 1637/1827/1637 1700/1886/1700 1702/1878/1702
vt 0.8192129 0.0888196
f 1634/1813/1634 1694/1887/1694 1700/1886/1700
vt 0.7189714 0.0914973
vt 0.7128558 0.1117620
f 1501/1843/1501 1517/1888/1517 1497/1889/1497
vt 0.7119325 0.1237767
f 1497/1889/1497 1483/1890/1483 1484/1820/1484
f 1261/1849/1261 1259/1879/1259 1215/1805/1215
f 1258/1881/1258 1255/1882/1255 1218/1815/1218
f 1263/1851/1263 1256/1833/1256 1273/1868/1273
f 1241/1786/1241 1306/1869/1306 1307/1852/1307
vt 0.7135798 0.4339049
f 1272/1808/1272 1373/1891/1373 1398/1834/1398
f 1398/1834/1398 1434/1883/1434 1410/1825/1410
vt 0.4681417 0.5103022
f 506/1853/506 505/1892/505 458/1838/458
f 1824/1810/1824 1841/1875/1841 1819/1884/1819
vt 0.7801601 0.0986222
f 1696/1826/1696 1746/1893/1746 1755/1876/1755
vt 0.8498305 0.0824882
f 1643/1812/1643 1699/1894/1699 1639/1828/1639
f 1633/1818/1633 1694/1887/1694 1634/1813/1634
vt 0.0391407 0.2816190
vt 0.0526475 0.2712170
vt 0.0493379 0.2870513
f 2737/1895/2737 2735/1896/2735 2738/1897/2738
vt 0.7180377 0.2516870
f 1270/1846/1270 1311/1898/1311 1269/1847/1269
f 1813/1855/1813 1819/1884/1819 1798/1856/1798
vt 0.7449403 0.1019284
vt 0.7316244 0.1065929
f 1854/1899/1854 1859/1900/1859 1802/1793/1802
f 1802/1793/1802 1755/1876/1755 1854/1899/1854
vt 0.8765600 0.0763150
vt 0.8652971 0.0784678
f 1704/1901/1704 1703/1902/1703 1643/1812/1643
vt 0.8376576 0.0838368
f 1639/1828/1639 1698/1903/1698 1635/1794/1635
f 1635/1794/1635 1698/1903/1698 1633/1818/1633
vt 0.8274883 0.0861644
f 1633/1818/1633 1695/1904/1695 1694/1887/1694
vt 0.1035570 0.3214087
vt 0.1124043 0.3313485
vt 0.1041426 0.3458358
f 2763/1905/2763 2765/1906/2765 2764/1907/2764
f 2762/1862/2762 2763/1905/2763 2764/1907/2764
vt 0.7155420 0.1437153
f 1483/1890/1483 1458/1908/1458 1436/1864/1436
f 1436/1864/1436 1458/1908/1458 1400/1865/1400
vt 0.7180269 0.1763266
f 1400/1865/1400 1409/1909/1409 1327/1866/1327
vt 0.7155882 0.1961953
f 1326/1844/1326 1395/1910/1395 1313/1845/1313
vt 0.7157276 0.2202814
f 1395/1910/1395 1332/1911/1332 1313/1845/1313
f 1313/1845/1313 1332/1911/1332 1271/1867/1271
vt 0.7175004 0.2411848
f 1332/1911/1332 1312/1912/1312 1271/1867/1271
vt 0.4553037 0.3009275
f 3176/1871/3176 3175/1913/3175 3190/1872/3190
vt 0.4704799 0.2810111
f 3190/1872/3190 3179/1914/3179 3375/1873/3375
vt 0.4880665 0.2832311
f 3375/1873/3375 3179/1914/3179 3322/1915/3322
vt 0.4882269 0.2721108
f 3322/1915/3322 3179/1914/3179 3188/1916/3188
f 506/1853/506 517/1854/517 505/1892/505
f 1785/1841/1785 1738/1877/1738 1739/1857/1739
f 1643/1812/1643 1703/1902/1703 1699/1894/1699
f 1327/1866/1327 1395/1910/1395 1326/1844/1326
f 1269/1847/1269 1311/1898/1311 1262/1848/1262
vt 0.4333139 0.3335142
vt 0.4176791 0.3330572
vt 0.4286349 0.3196597
f 3368/1917/3368 3165/1918/3165 3195/1919/3195
vt 0.4425063 0.3178633
f 3368/1917/3368 3195/1919/3195 3191/1920/3191
vt 0.9299087 0.0543802
f 1819/1884/1819 1818/1921/1818 1798/1856/1798
vt 0.7416809 0.0893402
vt 0.7267678 0.0973738
f 1855/1922/1855 1885/1923/1885 1859/1900/1859
f 1818/1921/1818 1785/1841/1785 1798/1856/1798
f 1737/1885/1737 1704/1901/1704 1670/1835/1670
f 1702/1878/1702 1746/1893/1746 1638/1811/1638
vt 0.7235013 0.1632796
f 1400/1865/1400 1457/1924/1457 1409/1909/1409
f 1327/1866/1327 1409/1909/1409 1395/1910/1395
f 1270/1846/1270 1312/1912/1312 1311/1898/1311
vt 0.7218896 0.2673837
f 1311/1898/1311 1310/1925/1310 1262/1848/1262
f 1262/1848/1262 1310/1925/1310 1261/1849/1261
vt 0.4155613 0.3197939
f 3165/1918/3165 3166/1926/3166 3195/1919/3195
vt 0.4365806 0.3017707
f 3191/1920/3191 3172/1927/3172 3176/1871/3176
f 3176/1871/3176 3172/1927/3172 3175/1913/3175
vt 0.9126745 0.0498070
vt 0.8976088 0.0665867
f 1785/1841/1785 1808/1928/1808 1790/1929/1790
f 1785/1841/1785 1790/1929/1790 1738/1877/1738
vt 0.8901924 0.0633243
f 1738/1877/1738 1790/1929/1790 1789/1930/1789
f 1738/1877/1738 1789/1930/1789 1737/1885/1737
vt 0.7715437 0.0835639
f 1746/1893/1746 1803/1931/1803 1755/1876/1755
f 1699/1894/1699 1698/1903/1698 1639/1828/1639
f 1698/1903/1698 1695/1904/1695 1633/1818/1633
f 1458/1908/1458 1457/1924/1457 1400/1865/1400
vt 0.1951655 0.3722361
vt 0.2138332 0.3663211
vt 0.2142261 0.3758932
f 2970/1932/2970 2969/1933/2969 2971/1934/2971
vt 0.7265252 0.3622184
f 1255/1882/1255 1318/1935/1318 1256/1833/1256
f 3195/1919/3195 3172/1927/3172 3191/1920/3191
vt 0.4523121 0.2868397
f 3175/1913/3175 3174/1936/3174 3190/1872/3190
vt 0.0679951 0.2903025
vt 0.0852015 0.2907910
vt 0.0734382 0.3028818
f 3018/1937/3018 3017/1938/3017 2751/1939/2751
vt 0.0976603 0.3095059
f 2758/1860/2758 3393/1940/3393 2763/1905/2763
vt 0.6353288 0.6124517
vt 0.6353288 0.5931467
vt 0.6260540 0.6079819
f 3665/1941/3665 3666/1942/3666 3667/1943/3667
vt 0.1375749 0.3584766
vt 0.1542291 0.3496711
vt 0.1538146 0.3604021
f 3055/1944/3055 2965/1945/2965 3054/1946/3054
vt 0.1799756 0.3657627
vt 0.1849960 0.3591451
f 3340/1947/3340 3272/1948/3272 2970/1932/2970
vt 0.2310816 0.3765807
f 2971/1934/2971 2969/1933/2969 2972/1949/2972
vt 0.2390311 0.3617394
vt 0.2397223 0.3769305
f 2972/1949/2972 3309/1950/3309 3377/1951/3377
vt 0.7238512 0.2894890
f 1310/1925/1310 1309/1952/1309 1261/1849/1261
f 1259/1879/1259 1309/1952/1309 1260/1880/1260
vt 0.7272344 0.3142170
f 1260/1880/1260 1309/1952/1309 1320/1953/1320
vt 0.7246583 0.3384556
f 1258/1881/1258 1314/1954/1314 1255/1882/1255
vt 0.7246369 0.3730907
f 1256/1833/1256 1319/1955/1319 1273/1868/1273
vt 0.3972163 0.3451422
vt 0.3979310 0.3317991
vt 0.4060559 0.3434074
f 3162/1956/3162 3163/1957/3163 3164/1958/3164
f 3164/1958/3164 3163/1957/3163 3165/1918/3165
f 3163/1957/3163 3166/1926/3166 3165/1918/3165
vt 0.4745390 0.2610632
f 3179/1914/3179 3180/1959/3180 3188/1916/3188
vt 0.4923887 0.2656561
vt 0.4862398 0.2512882
vt 0.4951608 0.2509808
f 3187/1960/3187 3184/1961/3184 3304/1962/3304
vt 0.7374374 0.0780302
f 1855/1922/1855 1886/1963/1886 1885/1923/1885
vt 0.7594363 0.0862236
f 1804/1964/1804 1855/1922/1855 1854/1899/1854
vt 0.8060387 0.0768670
f 1700/1886/1700 1752/1965/1752 1702/1878/1702
vt 0.8487589 0.0717119
f 1703/1902/1703 1747/1966/1747 1699/1894/1699
vt 0.0907796 0.3011192
f 2761/1967/2761 3393/1940/3393 2758/1860/2758
vt 0.1183664 0.3213714
vt 0.1204451 0.3283637
f 2766/1968/2766 2767/1969/2767 2765/1906/2765
vt 0.1382353 0.3376442
f 3055/1944/3055 3214/1970/3214 2965/1945/2965
vt 0.1709932 0.3570839
f 2965/1945/2965 2966/1971/2966 3054/1946/3054
f 3340/1947/3340 2966/1971/2966 3272/1948/3272
vt 0.1988841 0.3608731
f 3272/1948/3272 2968/1972/2968 2970/1932/2970
f 2970/1932/2970 2968/1972/2968 2969/1933/2969
vt 0.2273057 0.3675897
f 2973/1973/2973 3309/1950/3309 2972/1949/2972
f 1260/1880/1260 1320/1953/1320 1314/1954/1314
f 1260/1880/1260 1314/1954/1314 1257/1850/1257
f 1257/1850/1257 1314/1954/1314 1258/1881/1258
f 1318/1935/1318 1319/1955/1319 1256/1833/1256
vt 0.3693677 0.3479632
vt 0.3798655 0.3367257
vt 0.3857274 0.3509303
f 3159/1974/3159 3160/1975/3160 3161/1976/3161
f 3161/1976/3161 3160/1975/3160 3162/1956/3162
f 3162/1956/3162 3160/1975/3160 3163/1957/3163
f 3188/1916/3188 3180/1959/3180 3187/1960/3187
f 1818/1921/1818 1808/1928/1808 1785/1841/1785
vt 0.7809152 0.0800213
f 1803/1931/1803 1746/1893/1746 1800/1977/1800
vt 0.7925473 0.0782009
f 1752/1965/1752 1754/1978/1754 1702/1878/1702
vt 0.8216307 0.0753196
f 1694/1887/1694 1749/1979/1749 1700/1886/1700
f 1700/1886/1700 1749/1979/1749 1752/1965/1752
f 1747/1966/1747 1698/1903/1698 1699/1894/1699
vt 0.8336657 0.0729064
f 1698/1903/1698 1748/1980/1748 1695/1904/1695
f 1695/1904/1695 1749/1979/1749 1694/1887/1694
f 1314/1954/1314 1318/1935/1318 1255/1882/1255
vt 0.5019352 0.4829156
vt 0.4903774 0.4919628
vt 0.4952376 0.5045390
f 586/1981/586 567/1982/567 569/1983/569
f 1789/1930/1789 1704/1901/1704 1737/1885/1737
vt 0.8632908 0.0685304
f 1704/1901/1704 1751/1984/1751 1703/1902/1703
f 1751/1984/1751 1747/1966/1747 1703/1902/1703
f 1747/1966/1747 1748/1980/1748 1698/1903/1698
f 1748/1980/1748 1749/1979/1749 1695/1904/1695
vt 0.9093592 0.9280888
vt 0.9098048 0.9156177
vt 0.9279084 0.9280888
f 3615/1985/3615 3614/1986/3614 3613/1987/3613
vt 0.3995040 0.3180209
f 3163/1957/3163 3167/1988/3167 3166/1926/3166
vt 0.4160838 0.3070031
f 3195/1919/3195 3168/1989/3168 3172/1927/3172
vt 0.4759285 0.5039479
vt 0.4836707 0.4822886
vt 0.4699866 0.4933439
f 531/1990/531 561/1991/561 530/1992/530
vt 0.4774915 0.2476553
f 3180/1959/3180 3183/1993/3183 3184/1961/3184
vt 0.7523211 0.0639158
f 1855/1922/1855 1862/1994/1862 1886/1963/1886
vt 0.1634661 0.3427471
vt 0.1802084 0.3466165
f 2966/1971/2966 2963/1995/2963 2961/1996/2961
f 2966/1971/2966 2961/1996/2961 3272/1948/3272
vt 0.1951828 0.3518482
f 3272/1948/3272 2959/1997/2959 2968/1972/2968
vt 0.2523913 0.3615031
vt 0.2527582 0.3735209
f 3309/1950/3309 3348/1998/3348 3349/1999/3349
vt 0.3061087 0.3769305
vt 0.3050985 0.3673375
vt 0.3240769 0.3659630
f 3206/2000/3206 3205/2001/3205 3203/2002/3203
vt 0.3332251 0.3448157
vt 0.3434042 0.3605987
f 3203/2002/3203 3202/2003/3202 3200/2004/3200
vt 0.3409164 0.3415564
vt 0.3606049 0.3501755
f 3200/2004/3200 3199/2005/3199 3158/2006/3158
f 3166/1926/3166 3168/1989/3168 3195/1919/3195
vt 0.4321353 0.2974488
f 3168/1989/3168 3171/2007/3171 3172/1927/3172
vt 0.4444601 0.2842328
f 3172/1927/3172 3173/2008/3173 3174/1936/3174
vt 0.4438949 0.4963443
vt 0.4555819 0.4911475
vt 0.4433858 0.4820713
f 466/2009/466 510/2010/510 512/2011/512
vt 0.4580213 0.2676789
f 3179/1914/3179 3178/2012/3178 3180/1959/3180
vt 0.4832109 0.2339639
f 3304/1962/3304 3184/1961/3184 3185/2013/3185
vt 0.8947982 0.0483190
f 1790/1929/1790 1805/2014/1805 1789/1930/1789
vt 0.8763467 0.0517284
f 1704/1901/1704 1791/2015/1791 1751/1984/1751
vt 0.1040290 0.2908002
f 2761/1967/2761 3017/1938/3017 3308/2016/3308
vt 0.1546593 0.3344599
f 3214/1970/3214 2964/2017/2964 2965/1945/2965
vt 0.2120816 0.3478975
f 2959/1997/2959 2958/2018/2958 2968/1972/2968
f 2969/1933/2969 2958/2018/2958 2973/1973/2973
vt 0.2252439 0.3523629
f 2973/1973/2973 2958/2018/2958 3050/2019/3050
vt 0.5512180 0.9811776
vt 0.5572519 0.9833843
vt 0.5476391 0.9966216
f 3647/2020/3647 3645/2021/3645 3644/2022/3644
vt 0.5611299 0.9966216
f 3644/2022/3644 3645/2021/3645 3646/2023/3646
vt 0.9148040 0.9059637
f 3614/1986/3614 3611/2024/3611 3613/1987/3613
vt 0.9303125 0.9184138
f 3613/1987/3613 3611/2024/3611 3612/2025/3612
f 3174/1936/3174 3178/2012/3178 3179/1914/3179
vt 0.7678320 0.0721977
f 1803/1931/1803 1800/1977/1800 1843/2026/1843
f 1789/1930/1789 1791/2015/1791 1704/1901/1704
vt 0.8619326 0.0517824
f 1751/1984/1751 1791/2015/1791 1792/2027/1792
vt 0.6985666 0.6414093
vt 0.7027825 0.6414093
vt 0.7009691 0.6404440
f 1/2028/1 2/2029/2 3/2030/3
vt 0.3204817 0.7861969
vt 0.3368465 0.7792010
vt 0.3199831 0.7665635
f 3672/2031/3672 3671/2032/3671 3669/2033/3669
f 3202/2003/3202 3199/2005/3199 3200/2004/3200
vt 0.3666658 0.3303980
f 3159/1974/3159 3157/2034/3157 3160/1975/3160
vt 0.3882176 0.3175384
f 3163/1957/3163 3197/2035/3197 3167/1988/3167
vt 0.4267804 0.4774598
vt 0.4062198 0.4797735
vt 0.4211386 0.4965003
f 470/2036/470 435/2037/435 420/2038/420
f 1751/1984/1751 1792/2027/1792 1747/1966/1747
vt 0.9320319 0.9073918
f 3611/2024/3611 3608/2039/3608 3612/2025/3612
vt 0.4144767 0.4661273
f 470/2036/470 473/2040/473 435/2037/435
vt 0.4427766 0.2703795
f 3173/2008/3173 3177/2041/3177 3174/1936/3174
f 1843/2026/1843 1862/1994/1862 1804/1964/1804
vt 0.7776077 0.0655700
f 1800/1977/1800 1842/2042/1842 1843/2026/1843
vt 0.8026864 0.0607259
f 1752/1965/1752 1796/2043/1796 1754/1978/1754
vt 0.1699814 0.3321553
f 2963/1995/2963 2962/2044/2962 2961/1996/2961
vt 0.2566284 0.3517990
f 3309/1950/3309 2976/2045/2976 3348/1998/3348
vt 0.3561571 0.3351290
f 3158/2006/3158 3199/2005/3199 3156/2046/3156
f 3158/2006/3158 3156/2046/3156 3157/2034/3157
vt 0.3752376 0.3229380
f 3160/1975/3160 3347/2047/3347 3197/2035/3197
vt 0.4152366 0.2953460
f 3168/1989/3168 3170/2048/3170 3171/2007/3171
vt 0.4574482 0.2552221
f 3178/2012/3178 3181/2049/3181 3180/1959/3180
vt 0.4763068 0.4691752
vt 0.4620260 0.4818383
f 561/1991/561 562/2050/562 525/2051/525
vt 0.4962957 0.4718790
f 586/1981/586 585/2052/585 561/1991/561
vt 0.5054806 0.1842482
vt 0.4878231 0.1828329
vt 0.5011305 0.1661139
f 3255/2053/3255 3254/2054/3254 3253/2055/3253
vt 0.7889803 0.0635759
f 1796/2043/1796 1797/2056/1797 1754/1978/1754
vt 0.8308290 0.0548809
f 1747/1966/1747 1793/2057/1793 1748/1980/1748
vt 0.1136481 0.3088063
vt 0.1227141 0.2895866
vt 0.1264450 0.3074406
f 2985/2058/2985 2771/2059/2771 2769/2060/2769
vt 0.1870840 0.3373065
f 2961/1996/2961 2962/2044/2962 2960/2061/2960
f 3157/2034/3157 3347/2047/3347 3160/1975/3160
vt 0.3972194 0.3063380
f 3197/2035/3197 3169/2062/3169 3167/1988/3167
f 3167/1988/3167 3169/2062/3169 3168/1989/3168
vt 0.3912187 0.4668040
vt 0.3839942 0.4794151
f 435/2037/435 436/2063/436 414/2064/414
vt 0.4442038 0.4695036
f 512/2011/512 520/2065/520 470/2036/470
f 1797/2056/1797 1842/2042/1842 1800/1977/1800
vt 0.8464957 0.0524982
f 1794/2066/1794 1793/2057/1793 1747/1966/1747
vt 0.8186901 0.0571579
f 1748/1980/1748 1793/2057/1793 1795/2067/1795
f 1748/1980/1748 1795/2067/1795 1749/1979/1749
vt 0.1353253 0.3183277
vt 0.1516685 0.3125038
vt 0.1425264 0.3217662
f 2768/2068/2768 2772/2069/2772 2983/2070/2983
vt 0.9153461 0.0205259
vt 0.9345141 0.0139961
vt 0.9238423 0.0307957
f 3642/2071/3642 3638/2072/3638 3641/2073/3641
vt 0.9397981 0.0333012
f 3641/2073/3641 3638/2072/3638 3640/2074/3640
vt 0.3030490 0.3568479
vt 0.3188884 0.3490620
f 3205/2001/3205 3207/2075/3207 3204/2076/3204
f 3203/2002/3203 3204/2076/3204 3202/2003/3202
f 3169/2062/3169 3170/2048/3170 3168/1989/3168
vt 0.4858491 0.1687579
f 3254/2054/3254 3252/2077/3252 3253/2055/3253
vt 0.4824490 0.1520118
f 3253/2055/3253 3252/2077/3252 3249/2078/3249
f 1749/1979/1749 1795/2067/1795 1796/2043/1796
vt 0.0172850 0.3853729
vt 0.0315967 0.3810226
vt 0.0354775 0.3885135
f 3627/2079/3627 3626/2080/3626 3625/2081/3625
vt 0.1707685 0.3231505
f 2962/2044/2962 3265/2082/3265 2960/2061/2960
vt 0.2320969 0.3360484
vt 0.2432230 0.3352540
f 2974/2083/2974 2978/2084/2978 2976/2045/2976
vt 0.2312018 0.3516513
f 2975/2085/2975 2974/2083/2974 2976/2045/2976
vt 0.4221923 0.9121821
vt 0.4354975 0.9145753
vt 0.4220068 0.8953143
f 3619/2086/3619 3617/2087/3617 3616/2088/3616
vt 0.4996644 0.1466215
vt 0.4958405 0.1321306
f 3257/2089/3257 3249/2078/3249 3260/2090/3260
vt 0.9430860 0.0255335
f 3638/2072/3638 3639/2091/3639 3640/2074/3640
vt 0.2198114 0.3350593
f 2958/2018/2958 2956/2092/2956 3050/2019/3050
vt 0.2532123 0.3336031
f 2976/2045/2976 2978/2084/2978 3215/2093/3215
vt 0.9507816 0.8921773
vt 0.9497640 0.9071695
f 3608/2039/3608 3605/2094/3605 3607/2095/3607
vt 0.9648554 0.9095863
f 3607/2095/3607 3605/2094/3605 3604/2096/3604
vt 0.3350545 0.3295133
vt 0.3522736 0.3216648
f 3273/2097/3273 3147/2098/3147 3156/2046/3156
vt 0.3621673 0.3193905
f 3156/2046/3156 3147/2098/3147 3155/2099/3155
f 3156/2046/3156 3155/2099/3155 3157/2034/3157
f 3157/2034/3157 3155/2099/3155 3347/2047/3347
vt 0.4845560 0.4575124
f 585/2052/585 579/2100/579 561/1991/561
vt 0.4792499 0.1362739
f 3249/2078/3249 3246/2101/3246 3260/2090/3260
vt 0.4914419 0.1166966
f 3260/2090/3260 3246/2101/3246 3247/2102/3247
vt 0.8138836 0.0374221
f 1795/2067/1795 1793/2057/1793 1834/2103/1834
f 2956/2092/2956 2974/2083/2974 2975/2085/2975
f 3050/2019/3050 2956/2092/2956 2975/2085/2975
vt 0.9269972 0.8917315
f 3611/2024/3611 3610/2104/3610 3608/2039/3608
vt 0.9353292 0.8914093
f 3608/2039/3608 3610/2104/3610 3609/2105/3609
vt 0.3845448 0.3038393
vt 0.3977450 0.2953727
f 3197/2035/3197 3382/2106/3382 3194/2107/3194
f 3197/2035/3197 3194/2107/3194 3169/2062/3169
vt 0.7988607 0.0413085
f 1795/2067/1795 1834/2103/1834 1835/2108/1835
f 1795/2067/1795 1835/2108/1835 1796/2043/1796
vt 0.1317574 0.2858567
vt 0.1399539 0.3012826
f 2771/2059/2771 2981/2109/2981 2770/2110/2770
vt 0.1524893 0.2964722
f 2770/2110/2770 2773/2111/2773 2772/2069/2772
vt 0.2760904 0.3391746
f 2976/2045/2976 3215/2093/3215 3326/2112/3326
vt 0.9717538 0.8957322
f 3604/2096/3604 3605/2094/3605 3606/2113/3606
vt 0.3980637 0.2816895
f 3194/2107/3194 3196/2114/3196 3170/2048/3170
vt 0.9912404 0.7071047
vt 0.9812690 0.7097893
vt 0.9928331 0.7262993
f 3586/2115/3586 3585/2116/3585 3587/2117/3587
vt 0.4295966 0.2790319
vt 0.4259221 0.2622137
f 3193/2118/3193 3363/2119/3363 3177/2041/3177
vt 0.4541925 0.4746619
vt 0.4341353 0.4584410
f 526/2120/526 513/2121/513 520/2065/520
vt 0.4431081 0.2557894
vt 0.4456073 0.2384785
f 3189/2122/3189 3186/2123/3186 3181/2049/3181
vt 0.4636962 0.2425959
f 3186/2123/3186 3182/2124/3182 3181/2049/3181
vt 0.4743146 0.1199571
f 3246/2101/3246 3244/2125/3244 3247/2102/3247
vt 0.8415748 0.0313706
f 1794/2066/1794 1832/2126/1832 1793/2057/1793
vt 0.1809720 0.3146276
vt 0.1874974 0.3262528
f 3265/2082/3265 3388/2127/3388 2967/2128/2967
vt 0.2038323 0.3347709
vt 0.2192205 0.3245534
f 2957/2129/2957 2955/2130/2955 2956/2092/2956
vt 0.4463095 0.4471478
f 552/2131/552 513/2121/513 526/2120/526
vt 0.4654747 0.1568246
f 3251/2132/3251 3249/2078/3249 3252/2077/3252
vt 0.1597593 0.3121435
f 2773/2111/2773 2774/2133/2774 2772/2069/2772
vt 0.1890649 0.3167303
f 3388/2127/3388 3355/2134/3355 2967/2128/2967
vt 0.2296734 0.3244683
f 2956/2092/2956 2955/2130/2955 2953/2135/2953
f 2953/2135/2953 2978/2084/2978 2974/2083/2974
vt 0.3689736 0.3105960
f 3155/2099/3155 3147/2098/3147 3146/2136/3146
vt 0.3825317 0.2946818
f 3382/2106/3382 3201/2137/3201 3194/2107/3194
vt 0.4136464 0.2824640
f 3170/2048/3170 3196/2114/3196 3316/2138/3316
vt 0.7616327 0.0444384
vt 0.7577140 0.0316754
vt 0.7489789 0.0520678
f 1887/2139/1887 1891/2140/1891 1889/2141/1889
vt 0.8251607 0.0343254
f 1832/2126/1832 1833/2142/1833 1793/2057/1793
vt 0.1766915 0.3012848
f 3265/2082/3265 2782/2143/2782 3388/2127/3388
f 3146/2136/3146 3201/2137/3201 3382/2106/3382
f 3201/2137/3201 3196/2114/3196 3194/2107/3194
vt 0.4616143 0.1427875
f 3249/2078/3249 3248/2144/3248 3246/2101/3246
f 1793/2057/1793 1833/2142/1833 1834/2103/1834
vt 0.2495520 0.3186665
f 2952/2145/2952 3215/2093/3215 2978/2084/2978
vt 0.3995839 0.4498830
vt 0.3866538 0.4408274
vt 0.3783107 0.4592476
f 488/2146/488 485/2147/485 440/2148/440
vt 0.9602827 0.6363311
vt 0.9756721 0.6259652
vt 0.9768128 0.6472008
f 3600/2149/3600 3601/2150/3601 3602/2151/3602
vt 0.4363385 0.2335197
f 3189/2122/3189 3394/2152/3394 3186/2123/3186
vt 0.4428418 0.2099141
vt 0.4683958 0.2149919
f 3186/2123/3186 3398/2153/3398 3291/2154/3291
vt 0.4638496 0.0750230
vt 0.4417631 0.0646230
vt 0.4596907 0.0579676
f 3336/2155/3336 3263/2156/3263 3335/2157/3335
vt 0.1686558 0.2919369
f 2773/2111/2773 2775/2158/2775 2774/2133/2774
f 2953/2135/2953 2952/2145/2952 2978/2084/2978
vt 0.3310206 0.3111577
vt 0.3470499 0.3041728
f 3148/2159/3148 3145/2160/3145 3147/2098/3147
vt 0.4458972 0.0815186
f 3336/2155/3336 3345/2161/3345 3263/2156/3263
vt 0.4563941 0.1270535
vt 0.4701679 0.1033260
f 3244/2125/3244 3242/2162/3242 3243/2163/3243
vt 0.2033347 0.3053664
vt 0.2037005 0.3185477
f 3355/2134/3355 3293/2164/3293 2979/2165/2979
vt 0.2192605 0.3125988
f 2979/2165/2979 2954/2166/2954 2955/2130/2955
vt 0.2958548 0.3231254
vt 0.3005582 0.3400105
f 3326/2112/3326 3153/2167/3153 3271/2168/3271
vt 0.3148582 0.3346561
vt 0.3098144 0.3185121
vt 0.3219353 0.3152045
f 3154/2169/3154 3152/2170/3152 3150/2171/3150
vt 0.3628504 0.2970595
f 3145/2160/3145 3144/2172/3144 3146/2136/3146
vt 0.9928331 0.6684363
vt 0.9789658 0.6697899
vt 0.9859184 0.6895332
f 3583/2173/3583 3581/2174/3581 3580/2175/3580
vt 0.5042998 0.9338803
vt 0.4917155 0.9553497
vt 0.4884671 0.9345099
f 3628/2176/3628 3630/2177/3630 3631/2178/3631
vt 0.4472538 0.0418975
vt 0.4373546 0.0456283
f 3334/2179/3334 3263/2156/3263 3234/2180/3234
vt 0.4485441 0.0962019
vt 0.4678513 0.0916038
f 3243/2163/3243 3245/2181/3245 3328/2182/3328
vt 0.3626440 0.2858862
vt 0.3791629 0.2800262
f 3144/2172/3144 3143/2183/3143 3142/2184/3142
f 3201/2137/3201 3144/2172/3144 3142/2184/3142
vt 0.9675379 0.6861449
vt 0.9718914 0.7053484
f 3580/2175/3580 3582/2185/3582 3584/2186/3584
vt 0.4051869 0.2615019
vt 0.4052943 0.2503755
vt 0.4222698 0.2503092
f 3286/2187/3286 3287/2188/3287 3288/2189/3288
vt 0.4240555 0.3689507
vt 0.4236931 0.3852863
vt 0.4346543 0.3682432
f 3599/2190/3599 3597/2191/3597 3596/2192/3596
f 3328/2182/3328 3245/2181/3245 3345/2161/3345
vt 0.4740797 0.4405115
vt 0.4591303 0.4290013
vt 0.4534989 0.4372553
f 582/2193/582 583/2194/583 572/2195/572
vt 0.4341309 0.0302132
vt 0.4287699 0.0481597
vt 0.4178251 0.0344424
f 3261/2196/3261 3233/2197/3233 3262/2198/3262
vt 0.4680152 0.1689522
vt 0.4451449 0.1615711
f 3258/2199/3258 3360/2200/3360 3251/2132/3251
vt 0.4511880 0.1095663
f 3242/2162/3242 3240/2201/3240 3243/2163/3243
vt 0.2292944 0.3111472
vt 0.2490223 0.3038614
f 2951/2202/2951 2950/2203/2950 2952/2145/2952
vt 0.2629809 0.3038089
vt 0.2648405 0.3185732
f 2952/2145/2952 2980/2204/2980 3045/2205/3045
vt 0.3052324 0.3026114
f 3153/2167/3153 3151/2206/3151 3152/2170/3152
vt 0.4204400 0.0493298
f 3233/2197/3233 3231/2207/3231 3262/2198/3262
vt 0.4818718 0.9570463
f 3630/2177/3630 3632/2208/3632 3631/2178/3631
f 3360/2200/3360 3248/2144/3248 3251/2132/3251
vt 0.1140147 0.2329320
vt 0.1283281 0.2275683
vt 0.1341434 0.2419801
f 2804/2209/2804 2802/2210/2802 2803/2211/2803
vt 0.0235636 0.7514479
vt 0.0408938 0.7546440
vt 0.0283251 0.7630309
f 3576/2212/3576 3577/2213/3577 3578/2214/3578
vt 0.3231158 0.2956464
f 3148/2159/3148 3149/2215/3149 3145/2160/3145
vt 0.4428410 0.1462374
f 3248/2144/3248 3250/2216/3250 3242/2162/3242
vt 0.0597327 0.3677679
vt 0.0771501 0.3749221
vt 0.0635700 0.3885135
f 3620/2217/3620 3621/2218/3621 3622/2219/3622
vt 0.4194146 0.2300461
vt 0.4193829 0.2124051
vt 0.4333884 0.2108443
f 3338/2220/3338 3279/2221/3279 3280/2222/3280
vt 0.4063630 0.0508021
vt 0.4011866 0.0337219
f 3262/2198/3262 3230/2223/3230 3323/2224/3323
vt 0.4234567 0.0679820
f 3233/2197/3233 3232/2225/3232 3231/2207/3231
vt 0.4388229 0.1331426
f 3250/2216/3250 3241/2226/3241 3242/2162/3242
vt 0.4315901 0.1011437
f 3240/2201/3240 3237/2227/3237 3245/2181/3245
f 3151/2206/3151 3149/2215/3149 3150/2171/3150
vt 0.3471573 0.2723309
vt 0.3594853 0.2696084
f 3143/2183/3143 3325/2228/3325 3141/2229/3141
f 3242/2162/3242 3241/2226/3241 3240/2201/3240
vt 0.3414565 0.2883914
f 3143/2183/3143 3198/2230/3198 3325/2228/3325
vt 0.1620775 0.2764517
vt 0.1574987 0.2627273
vt 0.1711543 0.2595711
f 2777/2231/2777 3342/2232/3342 2947/2233/2947
vt 0.3145598 0.2819191
f 3149/2215/3149 3313/2234/3313 3198/2230/3198
vt 0.4104357 0.2264900
f 3338/2220/3338 3283/2235/3283 3279/2221/3279
vt 0.1839337 0.2823914
vt 0.1754655 0.2738770
vt 0.1917112 0.2770249
f 2779/2236/2779 2778/2237/2778 2780/2238/2780
f 3151/2206/3151 3313/2234/3313 3149/2215/3149
vt 0.8982772 0.9788134
vt 0.8967767 0.9908301
vt 0.8832209 0.9886471
f 3515/2239/3515 3516/2240/3516 3517/2241/3517
vt 0.3865217 0.0424676
vt 0.3780646 0.0452800
vt 0.3808076 0.0295776
f 3226/2242/3226 3224/2243/3224 3227/2244/3227
vt 0.4236307 0.1387533
vt 0.4334891 0.1145177
f 3241/2226/3241 3391/2245/3391 3239/2246/3239
vt 0.4176141 0.1043670
f 3239/2246/3239 3238/2247/3238 3237/2227/3237
vt 0.3072619 0.2736609
vt 0.3271487 0.2787626
f 3313/2234/3313 3033/2248/3033 3039/2249/3039
vt 0.3370105 0.2574841
vt 0.3568080 0.2486035
f 3325/2228/3325 3350/2250/3350 3210/2251/3210
vt 0.3818348 0.2427785
vt 0.3870771 0.2234356
vt 0.3931648 0.2375162
f 3138/2252/3138 3209/2253/3209 3292/2254/3292
vt 0.4183862 0.1842789
vt 0.4151758 0.1690989
vt 0.4272059 0.1670667
f 3100/2255/3100 3097/2256/3097 3106/2257/3106
vt 0.4241302 0.1535921
f 3106/2257/3106 3097/2256/3097 3098/2258/3098
vt 0.2735716 0.2863213
vt 0.2684982 0.2725593
vt 0.2877052 0.2833084
f 3223/2259/3223 3030/2260/3030 3037/2261/3037
vt 0.2859233 0.2669061
f 3030/2260/3030 3031/2262/3031 3037/2261/3037
vt 0.4112379 0.1566214
f 3098/2258/3098 3096/2263/3096 3391/2245/3391
f 3037/2261/3037 3031/2262/3031 3033/2248/3033
vt 0.8159273 0.7833851
vt 0.8166105 0.7997105
vt 0.8028752 0.7833012
f 3648/2264/3648 3649/2265/3649 3650/2266/3650
vt 0.3383623 0.2375781
f 3350/2250/3350 3133/2267/3133 3210/2251/3210
vt 0.2847262 0.2528753
f 3029/2268/3029 3031/2262/3031 3030/2260/3030
vt 0.9354975 0.3593746
vt 0.9167289 0.3721043
vt 0.9152614 0.3527992
f 3659/2269/3659 3658/2270/3658 3660/2271/3660
vt 0.1889043 0.2580251
vt 0.2032124 0.2333286
vt 0.2083146 0.2454826
f 2781/2272/2781 2786/2273/2786 2784/2274/2784
vt 0.3531268 0.2339025
vt 0.3490037 0.2214152
vt 0.3666991 0.2186912
f 3134/2275/3134 3130/2276/3130 3135/2277/3135
vt 0.3647781 0.2070907
vt 0.3851687 0.1937498
vt 0.3777614 0.2143996
f 3211/2278/3211 3369/2279/3369 3390/2280/3390
vt 0.2558162 0.2571607
vt 0.2657786 0.2394687
vt 0.2673921 0.2572542
f 2942/2281/2942 2792/2282/2792 3028/2283/3028
vt 0.3633022 0.1948763
f 3211/2278/3211 3127/2284/3127 3369/2279/3369
f 3028/2283/3028 2792/2282/2792 3029/2268/3029
vt 0.3916735 0.1464447
vt 0.3769923 0.1489389
vt 0.3767162 0.1294503
f 3093/2285/3093 3094/2286/3094 3091/2287/3091
vt 0.4363672 0.9676641
vt 0.4194772 0.9672251
vt 0.4355697 0.9513677
f 3518/2288/3518 3519/2289/3519 3520/2290/3520
vt 0.3485488 0.0798616
vt 0.3381073 0.0982331
vt 0.3359794 0.0799075
f 3110/2291/3110 3109/2292/3109 3111/2293/3111
vt 0.2432537 0.2280787
vt 0.2407257 0.2166027
vt 0.2627999 0.2181904
f 2790/2294/2790 3379/2295/3379 2793/2296/2793
vt 0.2808615 0.2115085
vt 0.2965609 0.2091728
vt 0.2975176 0.2190167
f 2877/2297/2877 2937/2298/2937 2938/2299/2938
vt 0.3308024 0.2011333
vt 0.3274102 0.1875684
vt 0.3438960 0.1964834
f 3213/2300/3213 3126/2301/3126 3125/2302/3125
vt 0.2408043 0.2032701
vt 0.2609619 0.2011100
f 2936/2303/2936 2879/2304/2879 2793/2296/2793
f 648/23/648 671/33/671 649/47/649
f 623/67/623 637/37/637 638/52/638
f 621/54/621 637/37/637 620/68/620
f 715/36/715 731/53/731 737/69/737
f 745/71/745 731/53/731 741/55/741
f 728/113/728 712/65/712 721/50/721
f 2488/104/2488 2481/106/2481 2469/125/2469
f 2538/160/2538 2525/82/2525 2515/139/2515
f 2576/189/2576 2572/157/2572 2567/174/2567
f 2508/140/2508 2500/163/2500 2506/255/2506
f 678/168/678 711/181/711 710/216/710
f 2522/176/2522 2515/139/2515 2520/193/2520
f 2506/255/2506 2520/193/2520 2508/140/2508
f 679/205/679 643/151/643 677/182/677
f 2615/184/2615 2603/154/2603 2602/186/2602
f 2506/255/2506 2500/163/2500 2505/228/2505
f 2577/237/2577 2576/189/2576 2567/174/2567
f 725/180/725 726/201/726 754/264/754
f 710/216/710 711/181/711 736/245/736
f 754/264/754 726/201/726 755/246/755
vt 0.3506927 0.8651130
f 2147/266/2147 2148/233/2148 2169/2305/2169
f 2604/223/2604 2590/207/2590 2600/254/2600
f 2592/286/2592 2591/236/2591 2577/237/2577
f 2519/290/2519 2505/228/2505 2504/242/2504
f 2476/243/2476 2472/211/2472 2475/278/2475
f 2089/297/2089 2088/247/2088 2057/298/2057
f 2519/290/2519 2504/242/2504 2518/321/2518
f 759/295/759 736/245/736 760/293/760
vt 0.7123586 0.6657161
f 760/293/760 754/264/754 803/2306/803
f 756/311/756 735/248/735 758/294/758
f 756/311/756 738/265/738 735/248/735
f 2147/266/2147 2169/2305/2169 2171/314/2171
f 2629/316/2629 2605/268/2605 2630/370/2630
f 2630/370/2630 2605/268/2605 2609/304/2609
f 2609/304/2609 2600/254/2600 2608/305/2608
f 2612/334/2612 2608/305/2608 2592/286/2592
f 2568/238/2568 2555/271/2555 2566/338/2566
f 762/313/762 727/301/727 751/312/751
f 2546/273/2546 2545/318/2545 2558/392/2558
f 2475/278/2475 2466/343/2466 2474/376/2474
f 790/345/790 758/294/758 759/295/759
f 2101/349/2101 2111/302/2111 2112/350/2112
f 2637/371/2637 2630/370/2630 2609/304/2609
f 2566/338/2566 2546/273/2546 2565/393/2565
f 2061/417/2061 2068/363/2068 2053/364/2053
f 802/381/802 759/295/759 810/362/810
f 2596/374/2596 2587/335/2587 2569/336/2569
f 2093/329/2093 2101/349/2101 2095/441/2095
f 2637/371/2637 2609/304/2609 2636/405/2636
f 2511/322/2511 2494/341/2494 2512/412/2512
f 757/328/757 793/383/793 789/384/789
f 2610/333/2610 2593/317/2593 2622/424/2622
f 2611/408/2611 2596/374/2596 2597/426/2597
f 2553/375/2553 2536/320/2536 2547/450/2547
f 2547/450/2547 2536/320/2536 2528/359/2528
f 2030/437/2030 2053/364/2053 2049/382/2049
f 2051/403/2051 2058/346/2058 2038/418/2038
f 2095/441/2095 2101/349/2101 2099/463/2099
f 2622/424/2622 2593/317/2593 2614/407/2614
f 2033/438/2033 2049/382/2049 2051/403/2051
f 2643/499/2643 2613/372/2613 2642/467/2642
f 2588/447/2588 2558/392/2558 2579/483/2579
f 2042/415/2042 2030/437/2030 2019/489/2019
f 2019/489/2019 2030/437/2030 2016/518/2016
f 2072/480/2072 2095/441/2095 2099/463/2099
f 2099/463/2099 2110/442/2110 2100/527/2100
f 2142/367/2142 2151/443/2151 2116/496/2116
f 2644/422/2644 2636/405/2636 2663/500/2663
f 2636/405/2636 2613/372/2613 2643/499/2643
f 2512/412/2512 2496/471/2496 2514/507/2514
f 2090/521/2090 2066/477/2066 2041/490/2041
f 2642/467/2642 2635/468/2635 2662/529/2662
f 2614/407/2614 2611/408/2611 2631/532/2631
f 2032/522/2032 2038/418/2038 2037/523/2037
f 829/589/829 807/462/807 806/461/806
f 2116/496/2116 2151/443/2151 2152/491/2152
f 2173/466/2173 2181/465/2181 2193/609/2193
f 2578/505/2578 2564/451/2564 2563/484/2563
f 2017/545/2017 2033/438/2033 2032/522/2032
f 829/589/829 806/461/806 831/548/831
f 2176/564/2176 2173/466/2173 2193/609/2193
f 2647/528/2647 2622/424/2622 2639/531/2639
f 2625/503/2625 2589/410/2589 2588/447/2588
f 2624/566/2624 2579/483/2579 2578/505/2578
f 2578/505/2578 2563/484/2563 2582/579/2582
f 2037/523/2037 2054/479/2054 2031/605/2031
f 825/497/825 801/464/801 807/462/807
f 2672/650/2672 2642/467/2642 2662/529/2662
f 2003/573/2003 2020/517/2020 2019/489/2019
f 2018/583/2018 2041/490/2041 2020/517/2020
f 830/575/830 807/462/807 829/589/829
vt 0.3545393 0.9632607
f 2191/610/2191 2193/609/2193 2211/2307/2211
f 2670/551/2670 2642/467/2642 2673/649/2673
f 2673/649/2673 2642/467/2642 2672/650/2672
f 858/592/858 841/553/841 836/552/836
vt 0.7500789 0.5036649
f 2626/2308/2626 2631/532/2631 2625/503/2625
f 2626/2308/2626 2625/503/2625 2588/447/2588
vt 0.7492831 0.5264187
f 2626/2308/2626 2588/447/2588 2632/2309/2632
f 2624/566/2624 2632/2309/2632 2588/447/2588
f 2563/484/2563 2557/506/2557 2580/578/2580
f 846/524/846 872/559/872 884/606/884
f 2055/547/2055 2072/480/2072 2074/526/2074
f 2161/627/2161 2162/550/2162 2176/564/2176
f 2662/529/2662 2647/528/2647 2669/629/2669
f 2669/629/2669 2647/528/2647 2639/531/2639
f 2624/566/2624 2578/505/2578 2632/2309/2632
f 2017/545/2017 2021/574/2021 2000/604/2000
f 2074/526/2074 2082/549/2082 2081/622/2081
f 2191/610/2191 2211/2307/2211 2212/731/2212
f 864/594/864 842/530/842 865/593/865
f 2664/611/2664 2638/554/2638 2648/612/2648
f 2648/612/2648 2631/532/2631 2626/2308/2626
f 857/608/857 832/525/832 867/620/867
f 834/561/834 825/497/825 835/623/835
vt 0.3522073 0.9743175
f 2212/731/2212 2211/2307/2211 2215/2310/2215
f 2633/718/2633 2632/2309/2632 2578/505/2578
f 2633/718/2633 2578/505/2578 2623/613/2623
f 2623/613/2623 2582/579/2582 2580/578/2580
f 1994/664/1994 2018/583/2018 2003/573/2003
f 876/679/876 857/608/857 867/620/867
f 2050/607/2050 2055/547/2055 2073/621/2073
f 2082/549/2082 2107/591/2107 2096/669/2096
f 2161/627/2161 2176/564/2176 2191/610/2191
vt 0.7239078 0.4147781
f 2681/2311/2681 2662/529/2662 2669/629/2669
vt 0.7315125 0.5039636
f 2649/2312/2649 2648/612/2648 2626/2308/2626
vt 0.7367189 0.5246356
f 2626/2308/2626 2632/2309/2632 2650/2313/2650
f 1980/665/1980 2003/573/2003 1986/638/1986
f 2009/619/2009 2023/587/2023 2031/605/2031
f 856/588/856 857/608/857 886/710/886
f 835/623/835 830/575/830 883/645/883
f 873/646/873 834/561/834 835/623/835
f 2146/685/2146 2118/590/2118 2161/627/2161
f 892/730/892 845/562/845 873/646/873
vt 0.7284518 0.4019656
f 2682/2314/2682 2672/650/2672 2681/2311/2681
f 2681/2311/2681 2672/650/2672 2662/529/2662
f 2641/675/2641 2633/718/2633 2623/613/2623
f 2623/613/2623 2580/578/2580 2628/674/2628
f 2627/693/2627 2580/578/2580 2581/657/2581
f 2434/601/2434 2426/581/2426 2427/663/2427
f 2013/639/2013 2018/583/2018 1994/664/1994
f 2001/603/2001 2000/604/2000 1982/683/1982
vt 0.2281886 0.8429462
f 2000/604/2000 2009/619/2009 1983/2315/1983
f 2009/619/2009 2031/605/2031 2010/667/2010
f 857/608/857 876/679/876 886/710/886
f 866/647/866 845/562/845 892/730/892
vt 0.7258767 0.4411675
f 2677/2316/2677 2668/624/2668 2676/682/2676
f 2668/624/2668 2664/611/2664 2676/682/2676
f 2664/611/2664 2648/612/2648 2665/681/2665
f 2650/2313/2650 2632/2309/2632 2633/718/2633
f 2040/585/2040 2039/584/2039 2013/639/2013
f 1982/683/1982 2000/604/2000 1983/2315/1983
f 2050/607/2050 2073/621/2073 2069/668/2069
f 2146/685/2146 2161/627/2161 2174/670/2174
f 2212/731/2212 2215/2310/2215 2218/732/2218
f 2683/651/2683 2672/650/2672 2682/2314/2682
vt 0.7241571 0.4313619
f 2681/2311/2681 2669/629/2669 2684/2317/2684
f 2669/629/2669 2668/624/2668 2677/2316/2677
f 2684/2317/2684 2669/629/2669 2677/2316/2677
f 2665/681/2665 2648/612/2648 2649/2312/2649
f 2649/2312/2649 2626/2308/2626 2650/2313/2650
f 2581/657/2581 2556/556/2556 2559/626/2559
f 2542/598/2542 2531/615/2531 2559/626/2559
f 2534/723/2534 2531/615/2531 2517/632/2517
f 2034/752/2034 2040/585/2040 2013/639/2013
f 1983/2315/1983 2009/619/2009 1989/708/1989
f 2006/709/2006 2009/619/2009 2010/667/2010
f 2086/820/2086 2081/622/2081 2096/669/2096
f 2534/723/2534 2517/632/2517 2543/724/2543
f 2460/701/2460 2378/636/2378 2375/705/2375
f 1979/706/1979 1986/638/1986 1978/640/1978
f 2071/641/2071 2040/585/2040 2034/752/2034
f 885/643/885 920/642/920 940/707/940
f 925/728/925 876/679/876 885/643/885
f 2029/684/2029 2050/607/2050 2069/668/2069
f 2069/668/2069 2081/622/2081 2086/820/2086
f 2191/610/2191 2212/731/2212 2209/733/2209
vt 0.2029063 0.7100095
vt 0.2152418 0.7078896
vt 0.2040503 0.6996279
f 472/2318/472 380/2319/380 377/2320/377
vt 0.7286004 0.5291402
f 2659/2321/2659 2649/2312/2649 2650/2313/2650
f 2658/719/2658 2641/675/2641 2651/760/2651
f 2651/760/2651 2641/675/2641 2628/674/2628
f 2583/742/2583 2581/657/2581 2559/626/2559
f 2503/746/2503 2502/661/2502 2484/694/2484
f 1981/770/1981 1994/664/1994 1980/665/1980
f 2013/639/2013 1994/664/1994 1981/770/1981
vt 0.2102634 0.8337140
f 1962/2322/1962 1978/640/1978 1982/683/1982
f 941/753/941 885/643/885 940/707/940
f 2029/684/2029 2069/668/2069 2056/818/2056
f 2086/820/2086 2096/669/2096 2106/821/2106
f 2106/821/2106 2096/669/2096 2138/680/2138
f 2174/670/2174 2191/610/2191 2209/733/2209
vt 0.1904332 0.7039725
f 471/2323/471 472/2318/472 377/2320/377
f 382/800/382 384/774/384 247/801/247
f 2650/2313/2650 2633/718/2633 2658/719/2658
f 2573/761/2573 2559/626/2559 2531/615/2531
f 2034/752/2034 2013/639/2013 1988/794/1988
f 1962/2322/1962 1982/683/1982 1983/2315/1983
vt 0.1987768 0.7233846
f 2113/2324/2113 2071/641/2071 2064/751/2064
f 2006/709/2006 2010/667/2010 2029/684/2029
vt 0.2337164 0.8848177
f 2006/709/2006 2029/684/2029 2008/2325/2008
f 2056/818/2056 2069/668/2069 2086/820/2086
f 2138/680/2138 2146/685/2146 2144/857/2144
vt 0.2166415 0.6902536
f 377/2320/377 380/2319/380 249/2326/249
f 2659/2321/2659 2650/2313/2650 2658/719/2658
f 2583/742/2583 2559/626/2559 2573/761/2573
f 1962/2322/1962 1983/2315/1983 1969/836/1969
vt 0.1945743 0.7441977
f 2064/751/2064 2034/752/2034 2044/2327/2044
f 1969/836/1969 1983/2315/1983 1989/708/1989
vt 0.2044223 0.7170716
f 2114/2328/2114 2071/641/2071 2113/2324/2113
f 925/728/925 926/727/926 942/817/942
vt 0.2360910 0.8945506
f 2008/2325/2008 2029/684/2029 2022/2329/2022
f 2056/818/2056 2086/820/2086 2078/823/2078
f 919/755/919 883/645/883 882/644/882
vt 0.2688322 0.9398601
f 2106/821/2106 2138/680/2138 2135/2330/2135
vt 0.1751981 0.6907531
vt 0.1929975 0.6899832
f 449/2331/449 471/2323/471 365/2332/365
f 365/2332/365 471/2323/471 377/2320/377
vt 0.2381917 0.7154793
f 381/2333/381 382/800/382 246/802/246
f 2645/915/2645 2583/742/2583 2573/761/2573
f 2573/761/2573 2543/724/2543 2574/843/2574
f 2544/810/2544 2543/724/2543 2517/632/2517
vt 0.9675379 0.3431467
vt 0.9586154 0.3421814
vt 0.9574199 0.3431467
f 4/2334/4 5/2335/5 6/2336/6
vt 0.1966171 0.7789924
f 1987/769/1987 1981/770/1981 1966/2337/1966
f 1981/770/1981 1980/665/1980 1961/768/1961
f 1961/768/1961 1979/706/1979 1959/889/1959
f 1959/889/1959 1979/706/1979 1978/640/1978
f 1989/708/1989 2006/709/2006 1995/838/1995
f 2138/680/2138 2144/857/2144 2135/2330/2135
f 2144/857/2144 2146/685/2146 2168/686/2168
f 913/771/913 892/730/892 916/797/916
vt 0.1785561 0.6811435
f 449/2331/449 365/2332/365 362/2338/362
vt 0.2297833 0.7116757
f 249/2326/249 380/2319/380 379/2339/379
vt 0.2386836 0.6954725
f 381/2333/381 246/802/246 245/2340/245
f 242/825/242 386/775/386 387/839/387
vt 0.3322476 0.7190695
vt 0.3292773 0.7302123
f 367/2341/367 387/839/387 408/2342/408
f 2658/719/2658 2651/760/2651 2674/841/2674
f 2651/760/2651 2646/740/2646 2660/808/2660
vt 0.7440019 0.6053890
f 2652/2343/2652 2640/741/2640 2583/742/2583
f 1966/2337/1966 1981/770/1981 1963/816/1963
vt 0.2073369 0.8247661
f 1959/889/1959 1978/640/1978 1960/2344/1960
f 1960/2344/1960 1978/640/1978 1962/2322/1962
f 2044/2327/2044 2034/752/2034 1988/794/1988
f 1995/838/1995 2006/709/2006 2008/2325/2008
f 2022/2329/2022 2029/684/2029 2036/819/2036
f 2168/686/2168 2174/670/2174 2185/862/2185
f 365/2332/365 377/2320/377 249/2326/249
f 249/2326/249 379/2339/379 245/2340/245
f 379/2339/379 381/2333/381 245/2340/245
f 247/801/247 384/774/384 243/776/243
vt 0.7243146 0.5469061
f 2675/2345/2675 2658/719/2658 2674/841/2674
f 2652/2343/2652 2660/808/2660 2640/741/2640
f 2654/914/2654 2583/742/2583 2645/915/2645
f 2113/2324/2113 2064/751/2064 2065/938/2065
f 921/848/921 896/729/896 922/796/922
f 2144/857/2144 2168/686/2168 2167/858/2167
f 2185/862/2185 2174/670/2174 2194/772/2194
vt 0.3238640 0.9995174
f 2194/772/2194 2209/733/2209 2216/2346/2216
f 320/840/320 387/839/387 367/2341/367
vt 0.7425676 0.6223963
f 2652/2343/2652 2583/742/2583 2655/2347/2655
f 2655/2347/2655 2583/742/2583 2654/914/2654
f 2645/915/2645 2573/761/2573 2574/843/2574
f 2574/843/2574 2544/810/2544 2656/898/2656
f 2544/810/2544 2535/745/2535 2560/845/2560
f 2065/938/2065 2064/751/2064 2044/2327/2044
f 971/890/971 941/753/941 958/795/958
f 2167/858/2167 2168/686/2168 2185/862/2185
vt 0.1608380 0.6704981
vt 0.1615676 0.6760002
f 370/2348/370 400/2349/400 362/2338/362
f 2645/915/2645 2574/843/2574 2661/909/2661
vt 0.2203498 0.8890499
f 2007/2350/2007 1995/838/1995 2008/2325/2008
f 2008/2325/2008 2022/2329/2022 2014/951/2014
f 2105/822/2105 2106/821/2106 2135/2330/2135
f 944/856/944 919/755/919 945/903/945
f 2154/859/2154 2135/2330/2135 2144/857/2144
vt 0.1971181 0.6720366
f 362/2338/362 365/2332/365 233/2351/233
f 233/2351/233 365/2332/365 249/2326/249
vt 0.2160317 0.6812522
f 244/2352/244 249/2326/249 245/2340/245
f 242/825/242 320/840/320 241/953/241
vt 0.3578866 0.7142770
vt 0.3449346 0.7193158
vt 0.3668402 0.7284929
f 329/2353/329 330/2354/330 406/2355/406
f 2671/956/2671 2660/808/2660 2652/2343/2652
f 1963/816/1963 1961/768/1961 1949/888/1949
f 1965/853/1965 1987/769/1987 1966/2337/1966
vt 0.1912055 0.8306548
f 1960/2344/1960 1962/2322/1962 1946/2356/1946
vt 0.1978722 0.8449866
f 1946/2356/1946 1962/2322/1962 1953/2357/1953
f 1953/2357/1953 1962/2322/1962 1969/836/1969
f 2007/2350/2007 2008/2325/2008 2014/951/2014
vt 0.2511504 0.9368185
f 2105/822/2105 2135/2330/2135 2119/2358/2119
vt 0.2580921 0.9451659
f 2136/2359/2136 2135/2330/2135 2154/859/2154
f 233/2351/233 249/2326/249 244/2352/244
vt 0.2364454 0.6760256
f 244/2352/244 245/2340/245 210/2360/210
vt 0.2459640 0.6815387
f 245/2340/245 246/802/246 211/2361/211
f 211/2361/211 246/802/246 212/990/212
f 213/907/213 246/802/246 247/801/247
f 247/801/247 243/776/243 215/906/215
f 320/840/320 367/2341/367 230/954/230
f 230/954/230 367/2341/367 231/993/231
f 231/993/231 367/2341/367 330/2354/330
vt 0.3759834 0.7135317
f 329/2353/329 406/2355/406 399/2362/399
vt 0.7262558 0.5963234
f 2680/2363/2680 2660/808/2660 2671/956/2671
vt 0.1874538 0.8116509
f 1949/888/1949 1959/889/1959 1943/2364/1943
f 1946/2356/1946 1959/889/1959 1960/2344/1960
vt 0.1764930 0.7618757
f 1984/2365/1984 2044/2327/2044 1988/794/1988
vt 0.1762749 0.7502093
f 2065/938/2065 2044/2327/2044 2045/2366/2045
f 1985/901/1985 1995/838/1995 2007/2350/2007
f 2075/939/2075 2036/819/2036 2078/823/2078
f 210/2360/210 245/2340/245 211/2361/211
f 212/990/212 246/802/246 213/907/213
vt 0.2975157 0.6916649
f 215/906/215 243/776/243 214/2367/214
f 214/2367/214 243/776/243 242/825/242
f 214/2367/214 242/825/242 241/953/241
f 230/954/230 241/953/241 320/840/320
vt 0.1816530 0.7843711
f 1965/853/1965 1966/2337/1966 1951/2368/1951
f 1966/2337/1966 1963/816/1963 1951/2368/1951
f 2045/2366/2045 2044/2327/2044 1984/2365/1984
vt 0.2079461 0.8641428
f 1969/836/1969 1968/2369/1968 1953/2357/1953
f 1968/2369/1968 1969/836/1969 1974/837/1974
f 2036/819/2036 2014/951/2014 2022/2329/2022
f 2119/2358/2119 2135/2330/2135 2136/2359/2136
f 2136/2359/2136 2154/859/2154 2155/979/2155
vt 0.2886482 0.9911568
f 2186/2370/2186 2185/862/2185 2197/861/2197
f 2655/2347/2655 2654/914/2654 2679/1016/2679
f 2679/1016/2679 2654/914/2654 2661/909/2661
f 2678/960/2678 2661/909/2661 2656/898/2656
vt 0.1893391 0.8185581
f 1943/2364/1943 1959/889/1959 1944/2371/1944
f 1944/2371/1944 1959/889/1959 1946/2356/1946
f 1984/2365/1984 1988/794/1988 1965/853/1965
f 1968/2369/1968 1974/837/1974 1985/901/1985
f 1985/901/1985 2007/2350/2007 2004/968/2004
f 939/847/939 954/855/954 966/952/966
f 2078/823/2078 2105/822/2105 2104/940/2104
f 2133/978/2133 2119/2358/2119 2136/2359/2136
vt 0.2770226 0.9804798
f 2154/859/2154 2167/858/2167 2177/2372/2177
f 2167/858/2167 2185/862/2185 2177/2372/2177
f 2177/2372/2177 2185/862/2185 2186/2370/2186
vt 0.1702704 0.6614382
f 370/2348/370 362/2338/362 287/2373/287
f 287/2373/287 362/2338/362 223/1051/223
f 223/1051/223 362/2338/362 233/2351/233
vt 0.2225495 0.6690698
f 244/2352/244 210/2360/210 207/2374/207
f 214/2367/214 241/953/241 204/955/204
f 322/1012/322 329/2353/329 399/2362/399
f 2671/956/2671 2652/2343/2652 2685/957/2685
f 2685/957/2685 2652/2343/2652 2655/2347/2655
f 2657/897/2657 2653/881/2653 2667/946/2667
f 1951/2368/1951 1963/816/1963 1949/888/1949
f 2097/936/2097 2065/938/2065 2045/2366/2045
f 1968/2369/1968 1985/901/1985 1972/967/1972
f 2104/940/2104 2105/822/2105 2119/2358/2119
vt 0.1575671 0.6501248
vt 0.1502285 0.6584355
f 281/2375/281 383/2376/383 370/2348/370
f 281/2375/281 370/2348/370 287/2373/287
f 231/993/231 330/2354/330 229/994/229
f 229/994/229 330/2354/330 329/2353/329
f 229/994/229 329/2353/329 322/1012/322
f 2680/2363/2680 2671/956/2671 2686/958/2686
f 2035/950/2035 2036/819/2036 2075/939/2075
f 2133/978/2133 2136/2359/2136 2155/979/2155
f 2155/979/2155 2154/859/2154 2177/2372/2177
f 233/2351/233 244/2352/244 206/1054/206
f 206/1054/206 244/2352/244 207/2374/207
vt 0.3807606 0.7029619
f 322/1012/322 399/2362/399 321/2377/321
f 2678/960/2678 2679/1016/2679 2661/909/2661
vt 0.1709485 0.7818081
f 1945/2378/1945 1965/853/1965 1951/2368/1951
vt 0.1756104 0.8026605
f 1951/2368/1951 1949/888/1949 1937/2379/1937
vt 0.1967354 0.8659213
f 1953/2357/1953 1968/2369/1968 1958/2380/1958
vt 0.7921585 0.8073159
f 983/2381/983 968/854/968 971/890/971
f 2004/968/2004 2007/2350/2007 2014/951/2014
vt 0.2342223 0.9476579
f 2131/2382/2131 2119/2358/2119 2133/978/2133
vt 0.1689443 0.6447825
f 281/2375/281 287/2373/287 222/2383/222
f 211/2361/211 212/990/212 178/991/178
vt 0.1711845 0.7921269
f 1938/2384/1938 1951/2368/1951 1937/2379/1937
f 1937/2379/1937 1949/888/1949 1943/2364/1943
vt 0.1689486 0.7657044
f 1964/2385/1964 1984/2365/1984 1965/853/1965
f 2045/2366/2045 1984/2365/1984 1964/2385/1964
vt 0.1636169 0.7483057
f 2097/936/2097 2045/2366/2045 2047/2386/2047
f 1958/2380/1958 1968/2369/1968 1972/967/1972
vt 0.1624316 0.7324436
f 2246/2387/2246 2247/937/2247 2097/936/2097
vt 0.2014368 0.8859875
f 1972/967/1972 2004/968/2004 1992/2388/1992
f 967/902/967 968/854/968 977/976/977
vt 0.7624050 0.8474350
f 976/2389/976 966/952/966 972/977/972
f 969/969/969 956/919/956 966/952/966
f 2119/2358/2119 2131/2382/2131 2104/940/2104
vt 0.2718153 0.9919115
f 2155/979/2155 2177/2372/2177 2182/2390/2182
f 2182/2390/2182 2177/2372/2177 2186/2370/2186
f 1299/984/1299 1342/921/1342 1334/970/1334
f 222/2383/222 287/2373/287 223/1051/223
f 223/1051/223 233/2351/233 205/1052/205
f 205/1052/205 233/2351/233 206/1054/206
vt 0.2412689 0.6587840
f 182/2391/182 210/2360/210 211/2361/211
vt 0.2493179 0.6632933
f 179/2392/179 211/2361/211 178/991/178
f 2685/957/2685 2655/2347/2655 2679/1016/2679
f 2693/1020/2693 2657/897/2657 2667/946/2667
f 1945/2378/1945 1951/2368/1951 1938/2384/1938
vt 0.1757890 0.8242764
f 1943/2364/1943 1944/2371/1944 1932/2393/1932
f 1932/2393/1932 1944/2371/1944 1946/2356/1946
f 1964/2385/1964 1965/853/1965 1945/2378/1945
f 2047/2386/2047 2045/2366/2045 1964/2385/1964
vt 0.1626923 0.7139377
f 2264/2394/2264 2247/937/2247 2246/2387/2246
vt 0.2094343 0.9087859
f 2004/968/2004 2014/951/2014 2027/2395/2027
f 2084/1100/2084 2075/939/2075 2104/940/2104
f 969/969/969 966/952/966 976/2389/976
f 1348/983/1348 1388/905/1388 1396/982/1396
vt 0.1406214 0.6431603
vt 0.1508805 0.6425336
f 364/2396/364 383/2376/383 280/2397/280
f 383/2376/383 281/2375/281 280/2397/280
f 207/2374/207 210/2360/210 182/2391/182
f 182/2391/182 211/2361/211 179/2392/179
f 177/1025/177 213/907/213 215/906/215
f 215/906/215 214/2367/214 180/1120/180
f 177/1025/177 215/906/215 180/1120/180
f 180/1120/180 214/2367/214 204/955/204
f 199/1009/199 230/954/230 229/994/229
f 232/1013/232 322/1012/322 321/2377/321
f 2694/1018/2694 2657/897/2657 2693/1020/2693
f 2691/999/2691 2666/911/2666 2689/1021/2689
f 2246/2387/2246 2097/936/2097 2047/2386/2047
vt 0.2045018 0.8946866
f 1992/2388/1992 2004/968/2004 2005/2398/2005
vt 0.7907546 0.8186986
f 984/2399/984 968/854/968 983/2381/983
f 2005/2398/2005 2004/968/2004 2027/2395/2027
f 977/976/977 968/854/968 984/2399/984
f 2014/951/2014 2035/950/2035 2027/2395/2027
f 2076/1002/2076 2075/939/2075 2084/1100/2084
f 2131/2382/2131 2133/978/2133 2153/980/2153
f 1396/982/1396 1438/981/1438 1431/1004/1431
vt 0.1723052 0.8157278
f 1937/2379/1937 1943/2364/1943 1929/2400/1929
f 1929/2400/1929 1943/2364/1943 1932/2393/1932
vt 0.1834044 0.8505740
f 1947/2401/1947 1946/2356/1946 1953/2357/1953
vt 0.1607142 0.7524456
f 2046/2402/2046 2047/2386/2047 1964/2385/1964
f 1947/2401/1947 1953/2357/1953 1958/2380/1958
f 2027/2395/2027 2035/950/2035 2076/1002/2076
vt 0.2565329 0.9911411
f 2153/980/2153 2155/979/2155 2183/2403/2183
f 206/1054/206 207/2374/207 181/1055/181
f 180/1120/180 204/955/204 174/1121/174
vt 0.4039553 0.6931466
f 389/2404/389 398/1031/398 463/1030/463
f 2695/1039/2695 2678/960/2678 2687/944/2687
vt 0.1629554 0.7836971
f 1930/2405/1930 1945/2378/1945 1938/2384/1938
f 1964/2385/1964 1945/2378/1945 1930/2405/1930
f 1932/2393/1932 1946/2356/1946 1933/1114/1933
f 1933/1114/1933 1946/2356/1946 1947/2401/1947
vt 0.1582701 0.7684131
f 2046/2402/2046 1964/2385/1964 1950/2406/1950
vt 0.2245964 0.9466627
f 2084/1100/2084 2104/940/2104 2130/2407/2130
f 2130/2407/2130 2104/940/2104 2131/2382/2131
vt 0.2366766 0.9665953
f 2131/2382/2131 2153/980/2153 2158/2408/2158
f 1349/1049/1349 1348/983/1348 1396/982/1396
f 2155/979/2155 2182/2390/2182 2183/2403/2183
f 207/2374/207 182/2391/182 181/1055/181
vt 0.3429445 0.6771233
f 199/1009/199 229/994/229 200/2409/200
f 229/994/229 232/1013/232 200/2409/200
vt 0.3761911 0.6876522
f 252/2410/252 232/1013/232 321/2377/321
vt 0.3936523 0.6884087
f 319/2411/319 321/2377/321 398/1031/398
f 2699/1042/2699 2688/963/2688 2696/1034/2696
vt 0.1648199 0.7970213
f 1930/2405/1930 1938/2384/1938 1928/2412/1928
vt 0.1645477 0.8059988
f 1938/2384/1938 1937/2379/1937 1924/2413/1924
f 1928/2412/1928 1938/2384/1938 1924/2413/1924
f 1937/2379/1937 1929/2400/1929 1924/2413/1924
f 1950/2406/1950 1964/2385/1964 1930/2405/1930
vt 0.1574927 0.7439501
f 2047/2386/2047 2046/2402/2046 2256/2414/2256
vt 0.1491020 0.7370421
f 2260/2415/2260 2047/2386/2047 2256/2414/2256
f 2246/2387/2246 2047/2386/2047 2260/2415/2260
vt 0.1878966 0.8828070
f 1971/2416/1971 1972/967/1972 1992/2388/1992
vt 0.1499321 0.7279394
f 2264/2394/2264 2246/2387/2246 2262/2417/2262
vt 0.1435952 0.7276232
f 2261/2418/2261 2264/2394/2264 2262/2417/2262
vt 0.2005269 0.9096940
f 2005/2398/2005 2027/2395/2027 2026/2419/2026
f 222/2383/222 223/1051/223 195/1053/195
f 134/1056/134 205/1052/205 206/1054/206
f 174/1121/174 204/955/204 199/1009/199
f 252/2410/252 321/2377/321 319/2411/319
vt 0.1818776 0.8678608
f 1947/2401/1947 1958/2380/1958 1954/2420/1954
f 1971/2416/1971 1958/2380/1958 1972/967/1972
vt 0.1929502 0.8985655
f 1996/2421/1996 1992/2388/1992 2005/2398/2005
vt 0.2055696 0.9232344
f 2027/2395/2027 2076/1002/2076 2079/2422/2079
f 2079/2422/2079 2076/1002/2076 2084/1100/2084
vt 0.1314795 0.6294136
f 368/2423/368 364/2396/364 282/1156/282
f 280/2397/280 281/2375/281 222/2383/222
vt 0.2652279 0.6535745
f 179/2392/179 178/991/178 138/2424/138
f 138/2424/138 178/991/178 177/1025/177
vt 0.2879333 0.6605783
f 175/2425/175 177/1025/177 180/1120/180
f 319/2411/319 398/1031/398 389/2404/389
vt 0.7302448 0.6790271
f 2702/2426/2702 2695/1039/2695 2687/944/2687
f 1940/1115/1940 1933/1114/1933 1947/2401/1947
vt 0.1488669 0.7531580
f 2256/2414/2256 2046/2402/2046 2255/2427/2255
vt 0.1474967 0.7411915
f 2259/2428/2259 2260/2415/2260 2256/2414/2256
f 2262/2417/2262 2246/2387/2246 2260/2415/2260
f 2293/1129/2293 2264/2394/2264 2261/2418/2261
f 1996/2421/1996 2005/2398/2005 2026/2419/2026
vt 0.7892622 0.8393747
f 989/2429/989 977/976/977 984/2399/984
f 988/1047/988 977/976/977 989/2429/989
f 2079/2422/2079 2084/1100/2084 2109/1099/2109
f 2084/1100/2084 2130/2407/2130 2132/1101/2132
f 282/1156/282 364/2396/364 280/2397/280
vt 0.1790344 0.6303930
f 222/2383/222 195/1053/195 196/2430/196
vt 0.2080100 0.6344755
f 205/1052/205 134/1056/134 125/2431/125
f 181/1055/181 182/2391/182 135/1118/135
f 135/1118/135 182/2391/182 179/2392/179
vt 0.3256868 0.6633719
f 174/1121/174 199/1009/199 176/2432/176
vt 0.3548127 0.6722215
f 200/2409/200 232/1013/232 198/2433/198
vt 0.3669886 0.6756852
f 224/2434/224 232/1013/232 252/2410/252
f 2697/1106/2697 2687/944/2687 2694/1018/2694
f 2691/999/2691 2689/1021/2689 2701/1109/2701
vt 0.1532522 0.7987622
f 1930/2405/1930 1928/2412/1928 1916/2435/1916
vt 0.1594609 0.8242933
f 1917/2436/1917 1929/2400/1929 1932/2393/1932
f 1950/2406/1950 1930/2405/1930 1927/1137/1927
vt 0.1713262 0.8587658
f 1940/1115/1940 1947/2401/1947 1942/2437/1942
f 2259/2428/2259 2256/2414/2256 2255/2427/2255
f 1393/1048/1393 1431/1004/1431 1386/1082/1386
f 2158/2408/2158 2153/980/2153 2175/1194/2175
f 2175/1194/2175 2153/980/2153 2184/1192/2184
f 2184/1192/2184 2153/980/2153 2183/2403/2183
f 1279/1068/1279 1334/970/1334 1284/1035/1284
f 221/1157/221 280/2397/280 222/2383/222
f 195/1053/195 205/1052/205 125/2431/125
f 179/2392/179 138/2424/138 135/1118/135
vt 0.2801168 0.6465240
f 138/2424/138 177/1025/177 83/2438/83
vt 0.3424713 0.6717458
f 199/1009/199 200/2409/200 197/2439/197
f 396/1166/396 389/2404/389 463/1030/463
f 1924/2413/1924 1929/2400/1929 1917/2436/1917
f 1927/1137/1927 1930/2405/1930 1916/2435/1916
f 1917/2436/1917 1932/2393/1932 1933/1114/1933
f 1939/1139/1939 1950/2406/1950 1927/1137/1927
vt 0.1491079 0.7620309
f 2048/2440/2048 2046/2402/2046 1950/2406/1950
f 2255/2427/2255 2046/2402/2046 2048/2440/2048
f 1954/2420/1954 1958/2380/1958 1971/2416/1971
f 1971/2416/1971 1992/2388/1992 1996/2421/1996
f 2026/2419/2026 2027/2395/2027 2079/2422/2079
f 1485/1061/1485 1500/1063/1500 1486/1102/1486
f 2130/2407/2130 2131/2382/2131 2157/1190/2157
f 2131/2382/2131 2158/2408/2158 2157/1190/2157
f 282/1156/282 280/2397/280 221/1157/221
f 221/1157/221 222/2383/222 196/2430/196
f 134/1056/134 181/1055/181 126/1119/126
f 83/2438/83 177/1025/177 175/2425/175
f 175/2425/175 180/1120/180 173/1122/173
f 198/2433/198 232/1013/232 224/2434/224
vt 0.3832293 0.6740076
f 224/2434/224 252/2410/252 238/2441/238
f 238/2441/238 252/2410/252 319/2411/319
f 396/1166/396 463/1030/463 468/1164/468
f 2698/1075/2698 2695/1039/2695 2702/2426/2702
f 1916/2435/1916 1928/2412/1928 1924/2413/1924
f 2048/2440/2048 1950/2406/1950 1939/1139/1939
f 1942/2437/1942 1947/2401/1947 1954/2420/1954
f 2293/1129/2293 2261/2418/2261 2302/1127/2302
f 1386/1082/1386 1432/1067/1432 1406/1141/1406
f 176/2432/176 199/1009/199 197/2439/197
f 197/2439/197 200/2409/200 198/2433/198
vt 0.1752908 0.8742070
f 1955/2442/1955 1954/2420/1954 1971/2416/1971
f 1997/1232/1997 1996/2421/1996 2028/1233/2028
f 2028/1233/2028 1996/2421/1996 2026/2419/2026
f 2028/1233/2028 2026/2419/2026 2079/2422/2079
vt 0.5539001 0.0645037
f 1496/1235/1496 1500/1063/1500 1512/2443/1512
f 1486/1102/1486 1500/1063/1500 1496/1235/1496
f 1459/1140/1459 1432/1067/1432 1486/1102/1486
f 2132/1101/2132 2130/2407/2130 2157/1190/2157
f 2157/1190/2157 2158/2408/2158 2175/1194/2175
f 136/1268/136 221/1157/221 196/2430/196
f 319/2411/319 389/2404/389 307/1177/307
f 307/1177/307 389/2404/389 396/1166/396
f 2702/2426/2702 2687/944/2687 2700/1132/2700
f 1917/2436/1917 1933/1114/1933 1925/1116/1925
vt 0.1617379 0.8547818
f 1936/2444/1936 1940/1115/1940 1942/2437/1942
f 2261/2418/2261 2262/2417/2262 2260/2415/2260
vt 0.1776212 0.8939848
f 1990/2445/1990 1971/2416/1971 1996/2421/1996
f 2080/1264/2080 2079/2422/2079 2109/1099/2109
f 1486/1102/1486 1496/1235/1496 1479/1172/1479
f 2159/1189/2159 2132/1101/2132 2157/1190/2157
vt 0.1385437 0.6129421
f 368/2423/368 282/1156/282 277/2446/277
vt 0.1980202 0.6198136
f 119/2447/119 196/2430/196 195/1053/195
vt 0.2222176 0.6257977
f 125/2431/125 134/1056/134 88/2448/88
f 134/1056/134 126/1119/126 88/2448/88
f 126/1119/126 135/1118/135 80/1198/80
vt 0.2538068 0.6378536
vt 0.2671129 0.6428773
f 79/2449/79 135/1118/135 81/2450/81
f 81/2450/81 135/1118/135 138/2424/138
f 81/2450/81 138/2424/138 83/2438/83
vt 0.2905267 0.6468706
f 83/2438/83 175/2425/175 84/2451/84
vt 0.3008781 0.6468495
f 84/2451/84 175/2425/175 85/2452/85
f 175/2425/175 173/1122/173 85/2452/85
vt 0.3151566 0.6533672
f 160/2453/160 174/1121/174 176/2432/176
f 197/2439/197 198/2433/198 172/1243/172
f 198/2433/198 224/2434/224 194/1244/194
vt 0.1500912 0.8098014
f 1916/2435/1916 1924/2413/1924 1914/2454/1914
f 1914/2454/1914 1924/2413/1924 1917/2436/1917
f 1927/1137/1927 1916/2435/1916 1915/1174/1915
f 1925/1116/1925 1940/1115/1940 1936/2444/1936
vt 0.1365895 0.7659234
f 2048/2440/2048 1939/1139/1939 1967/2455/1967
vt 0.1735467 0.8840957
f 1955/2442/1955 1971/2416/1971 1970/2456/1970
vt 0.1342962 0.7391154
f 2261/2418/2261 2260/2415/2260 2258/2457/2258
f 2258/2457/2258 2260/2415/2260 2259/2428/2259
f 1970/2456/1970 1971/2416/1971 1990/2445/1990
f 1990/2445/1990 1996/2421/1996 1997/1232/1997
vt 0.5602878 0.0412791
f 1512/2443/1512 1525/2458/1525 1507/1226/1507
f 1496/1235/1496 1512/2443/1512 1507/1226/1507
f 2080/1264/2080 2109/1099/2109 2134/1188/2134
f 2109/1099/2109 2132/1101/2132 2134/1188/2134
f 1283/1142/1283 1340/1083/1340 1338/1117/1338
vt 0.1275938 0.6116286
f 296/2459/296 368/2423/368 277/2446/277
f 277/2446/277 282/1156/282 220/1158/220
vt 0.1793776 0.6235570
f 137/2460/137 196/2430/196 119/2447/119
f 119/2447/119 195/1053/195 125/2431/125
f 80/1198/80 135/1118/135 79/2449/79
f 85/2452/85 173/1122/173 160/2453/160
f 173/1122/173 174/1121/174 160/2453/160
vt 0.3409503 0.6575729
f 171/2461/171 176/2432/176 197/2439/197
vt 0.3859251 0.6693775
f 224/2434/224 238/2441/238 228/2462/228
f 238/2441/238 319/2411/319 307/1177/307
f 388/1176/388 396/1166/396 397/1165/397
f 2704/1168/2704 2697/1106/2697 2703/1107/2703
vt 0.1525575 0.8232395
f 1914/2454/1914 1917/2436/1917 1912/2463/1912
vt 0.1643713 0.8693825
f 1942/2437/1942 1954/2420/1954 1948/2464/1948
vt 0.1371110 0.7470948
f 2257/2465/2257 2259/2428/2259 2255/2427/2255
vt 0.1374579 0.7295014
f 2263/2466/2263 2261/2418/2261 2258/2457/2258
f 2302/1127/2302 2261/2418/2261 2263/2466/2263
f 2028/1233/2028 2079/2422/2079 2080/1264/2080
f 221/1157/221 136/1268/136 220/1158/220
f 136/1268/136 196/2430/196 137/2460/137
f 171/2461/171 197/2439/197 172/1243/172
f 172/1243/172 198/2433/198 194/1244/194
vt 0.1365890 0.7795267
f 1926/2467/1926 1939/1139/1939 1923/1138/1923
vt 0.1329592 0.7524386
f 2234/2468/2234 2048/2440/2048 1967/2455/1967
f 1948/2464/1948 1954/2420/1954 1955/2442/1955
f 2257/2465/2257 2255/2427/2255 2234/2468/2234
f 2255/2427/2255 2048/2440/2048 2234/2468/2234
f 2258/2457/2258 2259/2428/2259 2257/2465/2257
f 2178/1193/2178 2157/1190/2157 2175/1194/2175
vt 0.2112266 0.6151757
f 119/2447/119 125/2431/125 89/2469/89
f 176/2432/176 171/2461/171 159/1277/159
vt 0.3741017 0.6586961
f 201/2470/201 194/1244/194 224/2434/224
f 201/2470/201 224/2434/224 228/2462/228
f 228/2462/228 238/2441/238 307/1177/307
vt 0.1471767 0.8324501
f 1913/2471/1913 1912/2463/1912 1917/2436/1917
vt 0.1556397 0.8407413
f 1913/2471/1913 1917/2436/1917 1918/2472/1918
f 1918/2472/1918 1917/2436/1917 1925/1116/1925
f 1936/2444/1936 1942/2437/1942 1948/2464/1948
vt 0.1634810 0.8791192
f 1948/2464/1948 1955/2442/1955 1957/2473/1957
f 1957/2473/1957 1955/2442/1955 1970/2456/1970
vt 0.1296079 0.7283757
f 2302/1127/2302 2263/2466/2263 2283/2474/2283
vt 0.1749070 0.9026935
f 1998/2475/1998 1990/2445/1990 1997/1232/1997
f 2141/1187/2141 2132/1101/2132 2159/1189/2159
f 132/1270/132 220/1158/220 136/1268/136
f 88/2448/88 126/1119/126 82/1199/82
f 160/2453/160 176/2432/176 159/1277/159
f 407/1293/407 397/1165/397 469/1173/469
f 407/1293/407 469/1173/469 502/1205/502
f 502/1205/502 556/1204/556 574/1249/574
vt 0.1331174 0.7860848
f 1926/2467/1926 1923/1138/1923 1920/2476/1920
f 1920/2476/1920 1923/1138/1923 1915/1174/1915
f 1915/1174/1915 1916/2435/1916 1914/2454/1914
f 1918/2472/1918 1925/1116/1925 1936/2444/1936
f 1967/2455/1967 1939/1139/1939 1926/2467/1926
f 2258/2457/2258 2257/2465/2257 2234/2468/2234
f 2283/2474/2283 2263/2466/2263 2258/2457/2258
f 1507/1226/1507 1525/2458/1525 1522/1224/1522
vt 0.1350309 0.5944199
f 254/2477/254 296/2459/296 277/2446/277
vt 0.1924293 0.6084766
f 136/1268/136 137/2460/137 106/2478/106
f 137/2460/137 119/2447/119 106/2478/106
f 86/1276/86 85/2452/85 160/2453/160
f 86/1276/86 160/2453/160 159/1277/159
f 190/1246/190 194/1244/194 201/2470/201
f 1905/1323/1905 1915/1174/1915 1914/2454/1914
vt 0.1531981 0.8538554
f 1931/2479/1931 1918/2472/1918 1936/2444/1936
f 2309/1336/2309 2302/1127/2302 2283/2474/2283
f 1452/1211/1452 1459/1140/1459 1479/1172/1479
f 89/2469/89 125/2431/125 88/2448/88
vt 0.3797055 0.6473561
f 191/2480/191 201/2470/201 228/2462/228
vt 0.4142561 0.6593140
f 307/1177/307 388/1176/388 314/2481/314
vt 0.4278834 0.6543199
f 334/2482/334 388/1176/388 397/1165/397
f 1905/1323/1905 1920/2476/1920 1915/1174/1915
vt 0.1391641 0.8176820
f 1914/2454/1914 1912/2463/1912 1906/2483/1906
f 2234/2468/2234 1967/2455/1967 2226/1331/2226
vt 0.1637841 0.8887050
f 1975/2484/1975 1957/2473/1957 1970/2456/1970
f 1975/2484/1975 1970/2456/1970 1990/2445/1990
f 2028/1233/2028 2080/1264/2080 2085/1234/2085
f 2137/1265/2137 2080/1264/2080 2134/1188/2134
f 1338/1117/1338 1386/1082/1386 1335/1213/1335
vt 0.1101223 0.6015741
vt 0.1229439 0.5913728
f 385/2485/385 296/2459/296 359/2486/359
vt 0.1506962 0.5988742
f 254/2477/254 277/2446/277 216/2487/216
f 216/2487/216 277/2446/277 220/1158/220
f 79/2449/79 81/2450/81 38/1311/38
vt 0.3069317 0.6340448
f 84/2451/84 85/2452/85 70/2488/70
f 77/1278/77 159/1277/159 171/2461/171
vt 0.3442268 0.6403344
f 142/2489/142 171/2461/171 172/1243/172
vt 0.3895355 0.6533855
f 191/2480/191 228/2462/228 227/2490/227
f 334/2482/334 397/1165/397 390/1292/390
f 1906/2483/1906 1912/2463/1912 1907/1354/1907
f 1907/1354/1907 1912/2463/1912 1913/2471/1913
f 1913/2471/1913 1918/2472/1918 1910/1355/1910
vt 0.1216518 0.7439078
f 2258/2457/2258 2234/2468/2234 2265/2491/2265
f 2283/2474/2283 2258/2457/2258 2265/2491/2265
f 2309/1336/2309 2283/2474/2283 2294/1334/2294
f 1496/1235/1496 1507/1226/1507 1494/1236/1494
f 1479/1172/1479 1496/1235/1496 1481/1237/1481
f 2137/1265/2137 2134/1188/2134 2141/1187/2141
vt 0.1073387 0.5865580
f 378/2492/378 385/2485/385 359/2486/359
f 216/2487/216 220/1158/220 132/1270/132
f 136/1268/136 106/2478/106 118/1269/118
f 1139/1196/1139 1167/1159/1167 1138/1271/1138
vt 0.2253507 0.6150132
f 69/2493/69 88/2448/88 82/1199/82
vt 0.2877237 0.6300677
f 81/2450/81 83/2438/83 45/2494/45
f 45/2494/45 83/2438/83 84/2451/84
f 70/2488/70 85/2452/85 86/1276/86
vt 0.3959879 0.6539027
f 226/2495/226 228/2462/228 307/1177/307
f 226/2495/226 307/1177/307 314/2481/314
f 390/1292/390 397/1165/397 407/1293/407
vt 0.4592269 0.6662259
f 462/2496/462 502/1205/502 549/1250/549
f 1905/1323/1905 1914/2454/1914 1906/2483/1906
f 1910/1355/1910 1918/2472/1918 1931/2479/1931
f 2226/1331/2226 1967/2455/1967 1926/2467/1926
vt 0.1478360 0.8614616
f 1934/2497/1934 1931/2479/1931 1936/2444/1936
vt 0.1195215 0.7501391
f 2252/2498/2252 2234/2468/2234 2226/1331/2226
f 2265/2491/2265 2234/2468/2234 2252/2498/2252
vt 0.1593868 0.8953761
f 1975/2484/1975 1990/2445/1990 1991/2499/1991
f 1991/2499/1991 1990/2445/1990 1998/2475/1998
f 2164/1266/2164 2141/1187/2141 2159/1189/2159
f 359/2486/359 296/2459/296 254/2477/254
f 106/2478/106 119/2447/119 89/2469/89
f 89/2469/89 88/2448/88 69/2493/69
f 69/2493/69 82/1199/82 67/1282/67
f 67/1282/67 82/1199/82 80/1198/80
f 80/1198/80 79/2449/79 66/1281/66
f 66/1281/66 79/2449/79 38/1311/38
f 38/1311/38 81/2450/81 45/2494/45
f 45/2494/45 84/2451/84 70/2488/70
vt 0.3209584 0.6361870
f 70/2488/70 86/1276/86 76/2500/76
f 77/1278/77 171/2461/171 142/2489/142
f 170/1245/170 142/2489/142 172/1243/172
f 201/2470/201 191/2480/191 190/1246/190
f 227/2490/227 228/2462/228 226/2495/226
vt 0.4806013 0.6666262
f 549/1250/549 574/1249/574 550/2501/550
f 2226/1331/2226 1926/2467/1926 1919/1322/1919
f 1926/2467/1926 1920/2476/1920 1919/1322/1919
f 1934/2497/1934 1936/2444/1936 1948/2464/1948
vt 0.1530822 0.8765453
f 1952/2502/1952 1948/2464/1948 1957/2473/1957
f 2294/1334/2294 2283/2474/2283 2265/2491/2265
vt 0.1663944 0.9104066
f 2024/2503/2024 1998/2475/1998 1997/1232/1997
f 1494/1236/1494 1507/1226/1507 1513/1225/1513
vt 0.1888220 0.9578813
f 2137/1265/2137 2141/1187/2141 2156/2504/2156
f 2156/2504/2156 2141/1187/2141 2164/1266/2164
f 76/2500/76 86/1276/86 77/1278/77
f 314/2481/314 388/1176/388 334/2482/334
f 407/1293/407 502/1205/502 462/2496/462
f 1853/1255/1853 1872/1252/1872 1868/1181/1868
f 1934/2497/1934 1910/1355/1910 1931/2479/1931
vt 0.1519053 0.8857154
f 1976/2505/1976 1957/2473/1957 1975/2484/1975
f 2024/2503/2024 1997/1232/1997 2085/1234/2085
vt 0.1726614 0.9331150
f 2139/2506/2139 2085/1234/2085 2137/1265/2137
vt 0.1991353 0.9900753
f 2196/2507/2196 2164/1266/2164 2179/1191/2179
vt 0.1215338 0.5799569
f 378/2492/378 359/2486/359 358/2508/358
vt 0.2017658 0.5977864
f 90/2509/90 106/2478/106 89/2469/89
vt 0.3091300 0.6209239
f 36/2510/36 70/2488/70 76/2500/76
vt 0.4127127 0.6484626
f 313/2511/313 226/2495/226 314/2481/314
vt 0.4215505 0.6467184
f 313/2511/313 314/2481/314 312/2512/312
f 391/1291/391 407/1293/407 462/2496/462
f 1907/1354/1907 1913/2471/1913 1910/1355/1910
f 1920/2476/1920 1905/1323/1905 1919/1322/1919
f 1934/2497/1934 1948/2464/1948 1952/2502/1952
f 1952/2502/1952 1957/2473/1957 1976/2505/1976
f 1991/2499/1991 1998/2475/1998 2024/2503/2024
vt 0.1669576 0.9265651
f 2120/2513/2120 2085/1234/2085 2139/2506/2139
vt 0.1805036 0.9479319
f 2139/2506/2139 2137/1265/2137 2140/2514/2140
f 2140/2514/2140 2137/1265/2137 2156/2504/2156
f 1407/1221/1407 1452/1211/1452 1428/1304/1428
vt 0.1920481 0.9782943
f 2188/2515/2188 2164/1266/2164 2196/2507/2196
f 358/2508/358 359/2486/359 254/2477/254
vt 0.1454746 0.5853216
f 254/2477/254 216/2487/216 217/2516/217
vt 0.1658475 0.5921317
f 216/2487/216 132/1270/132 121/2517/121
f 121/2517/121 132/1270/132 118/1269/118
vt 0.1889905 0.5896308
f 91/2518/91 118/1269/118 106/2478/106
vt 0.2166804 0.6011211
f 64/2519/64 89/2469/89 69/2493/69
vt 0.2508677 0.6076667
f 67/1282/67 66/1281/66 31/2520/31
f 36/2510/36 45/2494/45 70/2488/70
f 312/2512/312 314/2481/314 334/2482/334
vt 0.1254462 0.8193229
f 1904/1324/1904 1905/1323/1905 1900/2521/1900
f 1905/1323/1905 1906/2483/1906 1900/2521/1900
f 2294/1334/2294 2265/2491/2265 2252/2498/2252
f 2024/2503/2024 2085/1234/2085 2120/2513/2120
f 1481/1237/1481 1494/1236/1494 1480/1302/1480
f 2156/2504/2156 2164/1266/2164 2188/2515/2188
vt 0.1276089 0.5746033
f 358/2508/358 254/2477/254 276/2522/276
f 276/2522/276 254/2477/254 217/2516/217
f 217/2516/217 216/2487/216 121/2517/121
f 90/2509/90 89/2469/89 64/2519/64
f 31/2520/31 66/1281/66 30/1312/30
vt 0.2865671 0.6117966
f 38/1311/38 45/2494/45 27/2523/27
vt 0.2950844 0.6155764
f 27/2523/27 45/2494/45 35/2524/35
vt 0.3666074 0.6317662
f 170/1245/170 190/1246/190 158/2525/158
f 158/2525/158 190/1246/190 191/2480/191
f 191/2480/191 227/2490/227 226/2495/226
vt 0.4045274 0.6440049
f 234/2526/234 226/2495/226 313/2511/313
f 391/1291/391 462/2496/462 467/1349/467
f 467/1349/467 462/2496/462 549/1250/549
f 1906/2483/1906 1907/1354/1907 1900/2521/1900
f 2226/1331/2226 1919/1322/1919 1921/1332/1921
f 2300/1335/2300 2294/1334/2294 2252/2498/2252
vt 0.1055256 0.5719702
f 376/2527/376 378/2492/378 358/2508/358
f 1235/1325/1235 1236/1215/1236 1282/1307/1282
vt 0.1659345 0.5847445
f 120/2528/120 121/2517/121 118/1269/118
vt 0.2275971 0.5981295
f 54/2529/54 64/2519/64 69/2493/69
vt 0.3889719 0.6349884
f 187/2530/187 191/2480/191 226/2495/226
f 1899/1356/1899 1900/2521/1900 1907/1354/1907
vt 0.1199239 0.8033974
f 1919/1322/1919 1904/1324/1904 1903/2531/1903
vt 0.1420170 0.8769577
f 1934/2497/1934 1952/2502/1952 1956/2532/1956
f 1976/2505/1976 1975/2484/1975 1991/2499/1991
f 1494/1236/1494 1513/1225/1513 1505/1362/1505
f 91/2518/91 106/2478/106 90/2509/90
f 54/2529/54 69/2493/69 67/1282/67
vt 0.2391337 0.6018286
f 32/2533/32 67/1282/67 31/2520/31
f 35/2524/35 45/2494/45 36/2510/36
vt 0.3539512 0.6286006
f 142/2489/142 170/1245/170 156/2534/156
f 156/2534/156 170/1245/170 158/2525/158
vt 0.4362636 0.6356974
f 332/2535/332 334/2482/334 390/1292/390
f 548/1358/548 549/1250/549 550/2501/550
f 1909/1357/1909 1910/1355/1910 1934/2497/1934
vt 0.1103997 0.7645373
f 2252/2498/2252 2226/1331/2226 2253/2536/2253
f 1956/2532/1956 1952/2502/1952 1976/2505/1976
vt 0.1588139 0.9129895
f 2025/2537/2025 1991/2499/1991 2024/2503/2024
f 2025/2537/2025 2024/2503/2024 2120/2513/2120
vt 0.5937477 0.0401215
f 1513/1225/1513 1522/1224/1522 1518/2538/1518
f 1505/1362/1505 1513/1225/1513 1518/2538/1518
f 1495/1364/1495 1494/1236/1494 1505/1362/1505
f 1461/1303/1461 1480/1302/1480 1477/1413/1477
vt 0.1729487 0.9687194
f 2140/2514/2140 2156/2504/2156 2187/2539/2187
f 376/2527/376 358/2508/358 276/2522/276
f 120/2528/120 217/2516/217 121/2517/121
vt 0.2755081 0.6084278
f 28/2540/28 38/1311/38 27/2523/27
f 36/2510/36 76/2500/76 44/1398/44
f 76/2500/76 77/1278/77 44/1398/44
f 44/1398/44 77/1278/77 72/1396/72
f 72/1396/72 77/1278/77 142/2489/142
f 72/1396/72 142/2489/142 156/2534/156
f 187/2530/187 226/2495/226 234/2526/234
f 312/2512/312 334/2482/334 332/2535/332
f 332/2535/332 390/1292/390 391/1291/391
f 1871/1360/1871 1884/1286/1884 1872/1252/1872
f 1872/1252/1872 1853/1255/1853 1760/1340/1760
f 1903/2531/1903 1904/1324/1904 1900/2521/1900
f 1921/1332/1921 1919/1322/1919 1903/2531/1903
vt 0.1389518 0.8640917
f 1909/1357/1909 1934/2497/1934 1935/2541/1935
f 1935/2541/1935 1934/2497/1934 1956/2532/1956
f 2253/2536/2253 2226/1331/2226 2227/1333/2227
vt 0.1076295 0.7544542
f 2278/2542/2278 2252/2498/2252 2253/2536/2253
f 2300/1335/2300 2252/2498/2252 2278/2542/2278
vt 0.1515115 0.9014885
f 1976/2505/1976 1991/2499/1991 2012/2543/2012
f 2012/2543/2012 1991/2499/1991 2025/2537/2025
f 1477/1413/1477 1494/1236/1494 1495/1364/1495
f 1480/1302/1480 1494/1236/1494 1477/1413/1477
vt 0.1500708 0.5695211
f 217/2516/217 120/2528/120 208/2544/208
f 120/2528/120 118/1269/118 91/2518/91
f 54/2529/54 67/1282/67 32/2533/32
f 30/1312/30 38/1311/38 28/2540/28
f 158/2525/158 191/2480/191 187/2530/187
f 2156/2504/2156 2188/2515/2188 2187/2539/2187
vt 0.1193004 0.5601736
f 376/2527/376 276/2522/276 360/2545/360
vt 0.1444314 0.5690822
f 276/2522/276 217/2516/217 225/2546/225
f 186/1449/186 187/2530/187 234/2526/234
vt 0.4090289 0.6304848
f 313/2511/313 312/2512/312 237/2547/237
vt 0.1160665 0.8248524
f 1894/2548/1894 1900/2521/1900 1899/1356/1899
vt 0.1401168 0.8802672
vt 0.1416245 0.8867313
f 1999/2549/1999 1956/2532/1956 1993/2550/1993
f 1956/2532/1956 1976/2505/1976 1993/2550/1993
vt 0.1433636 0.8945894
f 1993/2550/1993 1976/2505/1976 2011/2551/2011
f 2011/2551/2011 1976/2505/1976 2012/2543/2012
f 2334/1343/2334 2300/1335/2300 2338/1411/2338
vt 0.1557810 0.9309837
f 2025/2537/2025 2120/2513/2120 2143/2552/2143
vt 0.1797859 0.9831641
f 2187/2539/2187 2188/2515/2188 2189/2553/2189
f 2189/2553/2189 2188/2515/2188 2196/2507/2196
f 225/2546/225 217/2516/217 208/2544/208
vt 0.2955010 0.6049511
f 26/2554/26 35/2524/35 36/2510/36
f 73/1419/73 72/1396/72 156/2534/156
f 158/2525/158 187/2530/187 186/1449/186
f 234/2526/234 313/2511/313 237/2547/237
f 306/1472/306 312/2512/312 332/2535/332
vt 0.4488954 0.6389436
f 393/2555/393 332/2535/332 391/1291/391
f 391/1291/391 467/1349/467 393/2555/393
f 393/2555/393 467/1349/467 453/1384/453
vt 0.4832392 0.6445037
f 547/2556/547 503/1348/503 548/1358/548
vt 0.1117452 0.8087482
f 1901/2557/1901 1903/2531/1903 1900/2521/1900
vt 0.1076475 0.7957695
f 1921/1332/1921 1903/2531/1903 1922/2558/1922
vt 0.1285052 0.8664393
f 1941/2559/1941 1909/1357/1909 1935/2541/1935
vt 0.1043999 0.7868953
f 2227/1333/2227 1921/1332/1921 2237/2560/2237
f 2301/1412/2301 2300/1335/2300 2278/2542/2278
vt 0.1488999 0.9184880
f 2012/2543/2012 2025/2537/2025 2129/2561/2129
f 2338/1411/2338 2300/1335/2300 2301/1412/2301
vt 0.6061930 0.0502507
vt 0.6060809 0.0270945
f 1506/2562/1506 1518/2538/1518 1523/2563/1523
f 2129/2561/2129 2025/2537/2025 2143/2552/2143
f 1460/1372/1460 1461/1303/1461 1477/1413/1477
f 1383/1374/1383 1428/1304/1428 1426/1373/1426
vt 0.1291687 0.5615034
f 275/2564/275 276/2522/276 225/2546/225
vt 0.1645348 0.5713048
f 208/2544/208 120/2528/120 122/2565/122
vt 0.1750305 0.5745063
f 113/2566/113 120/2528/120 91/2518/91
vt 0.1872113 0.5772851
f 113/2566/113 91/2518/91 103/2567/103
vt 0.1999633 0.5801337
f 103/2567/103 91/2518/91 87/2568/87
f 87/2568/87 91/2518/91 90/2509/90
vt 0.2148737 0.5853094
f 63/2569/63 90/2509/90 64/2519/64
vt 0.2410411 0.5897102
f 54/2529/54 32/2533/32 25/2570/25
vt 0.2525321 0.5950560
f 25/2570/25 32/2533/32 24/2571/24
f 32/2533/32 31/2520/31 24/2571/24
f 24/2571/24 31/2520/31 30/1312/30
vt 0.2712396 0.6021311
f 24/2571/24 30/1312/30 23/2572/23
f 30/1312/30 28/2540/28 23/2572/23
vt 0.3135693 0.6075995
f 36/2510/36 44/1398/44 33/2573/33
vt 0.3543803 0.6171249
f 73/1419/73 156/2534/156 140/2574/140
f 140/2574/140 156/2534/156 157/1451/157
f 157/1451/157 156/2534/156 158/2525/158
f 157/1451/157 158/2525/158 186/1449/186
f 237/2547/237 312/2512/312 306/1472/306
f 1601/1370/1601 1592/1301/1592 1589/1457/1589
f 1589/1457/1589 1592/1301/1592 1576/1328/1576
f 1922/2558/1922 1903/2531/1903 1901/2557/1901
f 1901/2557/1901 1900/2521/1900 1894/2548/1894
vt 0.1188529 0.8354503
f 1894/2548/1894 1899/1356/1899 1896/2575/1896
vt 0.1217980 0.8433773
f 1899/1356/1899 1898/2576/1898 1896/2575/1896
vt 0.1249926 0.8531810
f 1899/1356/1899 1909/1357/1909 1908/2577/1908
vt 0.1003030 0.7754801
f 2253/2536/2253 2227/1333/2227 2254/2578/2254
vt 0.1342355 0.8757085
f 1956/2532/1956 1999/2549/1999 1973/2579/1973
vt 0.1002480 0.7665212
f 2278/2542/2278 2253/2536/2253 2272/2580/2272
f 2301/1412/2301 2278/2542/2278 2296/1410/2296
vt 0.1432940 0.9047830
f 2115/2581/2115 2012/2543/2012 2129/2561/2129
f 1487/1363/1487 1505/1362/1505 1506/2562/1506
f 2143/2552/2143 2120/2513/2120 2139/2506/2139
vt 0.1587875 0.9387382
f 2143/2552/2143 2139/2506/2139 2160/2582/2160
f 2139/2506/2139 2140/2514/2140 2160/2582/2160
vt 0.1639152 0.9528856
f 2160/2582/2160 2140/2514/2140 2163/2583/2163
f 1477/1413/1477 1495/1364/1495 1487/1363/1487
f 2163/2583/2163 2140/2514/2140 2187/2539/2187
vt 0.1847777 0.9933883
f 2189/2553/2189 2196/2507/2196 2200/2584/2200
vt 0.1038837 0.5552498
f 372/2585/372 376/2527/376 360/2545/360
f 360/2545/360 276/2522/276 275/2564/275
f 1205/1308/1205 1235/1325/1235 1230/1404/1230
f 122/2565/122 120/2528/120 113/2566/113
f 87/2568/87 90/2509/90 63/2569/63
f 63/2569/63 64/2519/64 54/2529/54
vt 0.2315329 0.5878760
f 51/2586/51 54/2529/54 25/2570/25
f 23/2572/23 28/2540/28 27/2523/27
f 26/2554/26 27/2523/27 35/2524/35
f 26/2554/26 36/2510/36 33/2573/33
f 33/2573/33 44/1398/44 43/1397/43
f 43/1397/43 72/1396/72 73/1419/73
f 186/1449/186 234/2526/234 237/2547/237
f 2237/2560/2237 1921/1332/1921 1922/2558/1922
f 1908/2577/1908 1909/1357/1909 1941/2559/1941
f 1941/2559/1941 1935/2541/1935 1956/2532/1956
f 1941/2559/1941 1956/2532/1956 1973/2579/1973
f 2254/2578/2254 2227/1333/2227 2237/2560/2237
f 2272/2580/2272 2253/2536/2253 2254/2578/2254
vt 0.1363530 0.8874719
f 2126/2587/2126 1999/2549/1999 1993/2550/1993
vt 0.1389069 0.8933865
f 2127/2588/2127 1993/2550/1993 2011/2551/2011
f 2011/2551/2011 2012/2543/2012 2115/2581/2115
f 1505/1362/1505 1518/2538/1518 1506/2562/1506
f 63/2569/63 54/2529/54 51/2586/51
f 23/2572/23 27/2523/27 26/2554/26
f 1898/2576/1898 1899/1356/1899 1908/2577/1908
vt 0.1343418 0.8805033
f 1973/2579/1973 1999/2549/1999 2128/2589/2128
f 2128/2589/2128 1999/2549/1999 2126/2587/2126
f 2296/1410/2296 2278/2542/2278 2272/2580/2272
f 2126/2587/2126 1993/2550/1993 2127/2588/2127
vt 0.1397236 0.5576841
f 275/2564/275 225/2546/225 248/2590/248
vt 0.1343323 0.8862236
f 2128/2589/2128 2126/2587/2126 2125/2591/2125
vt 0.2792127 0.5839044
f 12/2592/12 23/2572/23 26/2554/26
vt 0.3490421 0.6020687
f 74/2593/74 73/1419/73 140/2574/140
vt 0.4110581 0.6217946
f 235/2594/235 237/2547/237 306/1472/306
vt 0.4514696 0.6192229
f 392/2595/392 393/2555/393 453/1384/453
f 392/2595/392 453/1384/453 452/1417/452
f 452/1417/452 503/1348/503 547/2556/547
vt 0.4912277 0.6250622
f 547/2556/547 548/1358/548 533/2596/533
vt 0.1281077 0.8834676
f 2122/2597/2122 1973/2579/1973 2128/2589/2128
vt 0.1272466 0.8971254
f 2124/2598/2124 2011/2551/2011 2115/2581/2115
vt 0.1367223 0.9230329
f 2115/2581/2115 2129/2561/2129 2166/2599/2166
f 1487/1363/1487 1506/2562/1506 1488/1461/1488
f 248/2590/248 225/2546/225 208/2544/208
f 1106/1405/1106 1117/1366/1117 1120/1414/1120
vt 0.2555256 0.5785367
f 25/2570/25 24/2571/24 13/2600/13
f 24/2571/24 23/2572/23 13/2600/13
f 46/1420/46 73/1419/73 74/2593/74
f 186/1449/186 237/2547/237 235/2594/235
f 332/2535/332 393/2555/393 392/2595/392
vt 0.1102477 0.8465904
f 1897/2601/1897 1896/2575/1896 1898/2576/1898
vt 0.0995995 0.8119665
f 1902/2602/1902 1922/2558/1922 1901/2557/1901
vt 0.1224006 0.8833736
f 1941/2559/1941 1973/2579/1973 2121/2603/2121
f 2121/2603/2121 1973/2579/1973 2122/2597/2122
f 2128/2589/2128 2125/2591/2125 2122/2597/2122
vt 0.1318284 0.8923211
f 2125/2591/2125 2126/2587/2126 2123/2604/2123
f 2126/2587/2126 2127/2588/2127 2123/2604/2123
f 2123/2604/2123 2127/2588/2127 2011/2551/2011
f 2123/2604/2123 2011/2551/2011 2124/2598/2124
vt 0.1574346 0.9758377
f 2202/2605/2202 2187/2539/2187 2189/2553/2189
vt 0.2898301 0.5855731
f 16/2606/16 12/2592/12 26/2554/26
f 1897/2601/1897 1898/2576/1898 1908/2577/1908
vt 0.0951278 0.7974687
f 2238/2607/2238 1922/2558/1922 1902/2602/1902
f 2237/2560/2237 1922/2558/1922 2238/2607/2238
vt 0.1147011 0.8588750
f 1911/2608/1911 1908/2577/1908 1941/2559/1941
vt 0.0893856 0.7765347
f 2279/2609/2279 2272/2580/2272 2254/2578/2254
f 2122/2597/2122 2125/2591/2125 2123/2604/2123
vt 0.1312102 0.9107260
f 2124/2598/2124 2115/2581/2115 2165/2610/2165
f 2165/2610/2165 2115/2581/2115 2166/2599/2166
f 2129/2561/2129 2143/2552/2143 2166/2599/2166
f 1426/1373/1426 1460/1372/1460 1465/1462/1465
f 1329/1465/1329 1331/1375/1331 1383/1374/1383
vt 0.1228790 0.5415677
f 356/2611/356 372/2585/372 360/2545/360
vt 0.1350737 0.5437665
f 270/2612/270 275/2564/275 248/2590/248
vt 0.1505106 0.5491058
f 248/2590/248 208/2544/208 209/2613/209
vt 0.1667739 0.5538262
f 208/2544/208 122/2565/122 123/2614/123
vt 0.2132868 0.5667258
f 87/2568/87 63/2569/63 68/2615/68
vt 0.2306086 0.5723258
f 50/2616/50 63/2569/63 51/2586/51
vt 0.2445669 0.5761215
f 15/2617/15 25/2570/25 13/2600/13
vt 0.2991633 0.5885581
f 16/2606/16 26/2554/26 21/2618/21
vt 0.3112603 0.5914181
f 26/2554/26 33/2573/33 22/2619/22
vt 0.3241173 0.5946738
f 33/2573/33 43/1397/43 37/2620/37
vt 0.3561242 0.6014648
f 140/2574/140 157/1451/157 141/2621/141
f 184/1450/184 186/1449/186 235/2594/235
f 309/1471/309 235/2594/235 306/1472/306
f 306/1472/306 332/2535/332 331/1470/331
f 1686/1431/1686 1759/1387/1759 1687/1361/1687
f 1573/1425/1573 1589/1457/1589 1576/1328/1576
vt 0.1044357 0.8270391
f 1901/2557/1901 1894/2548/1894 1893/2622/1893
vt 0.1070204 0.8375502
f 1895/2623/1895 1896/2575/1896 1897/2601/1897
vt 0.0926912 0.7888448
f 2254/2578/2254 2237/2560/2237 2266/2624/2266
vt 0.0851943 0.7629794
f 2297/2625/2297 2272/2580/2272 2279/2609/2279
f 2296/1410/2296 2272/2580/2272 2297/2625/2297
vt 0.0824968 0.7530455
f 2338/1411/2338 2296/1410/2296 2321/2626/2321
vt 0.0771469 0.7364729
f 2345/2627/2345 2338/1411/2338 2321/2626/2321
vt 0.6191625 0.0442393
f 1514/2628/1514 1506/2562/1506 1523/2563/1523
f 1510/1533/1510 1506/2562/1506 1514/2628/1514
f 1488/1461/1488 1506/2562/1506 1510/1533/1510
vt 0.1429087 0.9405332
vt 0.1509134 0.9600701
f 2190/2629/2190 2160/2582/2160 2195/2630/2195
f 2195/2630/2195 2160/2582/2160 2163/2583/2163
f 1460/1372/1460 1487/1363/1487 1465/1462/1465
f 2195/2630/2195 2163/2583/2163 2202/2605/2202
vt 0.1640429 0.9911696
f 2202/2605/2202 2189/2553/2189 2210/2631/2210
f 1389/1464/1389 1383/1374/1383 1426/1373/1426
vt 0.0938489 0.5525236
vt 0.0974457 0.5327921
f 446/2632/446 372/2585/372 445/2633/445
vt 0.1082671 0.5368754
f 445/2633/445 372/2585/372 371/2634/371
f 371/2634/371 372/2585/372 356/2611/356
f 356/2611/356 360/2545/360 275/2564/275
f 209/2613/209 208/2544/208 123/2614/123
vt 0.1751881 0.5565913
f 122/2565/122 113/2566/113 116/2635/116
vt 0.1878019 0.5602357
f 116/2635/116 113/2566/113 100/2636/100
f 1173/1466/1173 1172/1391/1172 1204/1390/1204
f 113/2566/113 103/2567/103 100/2636/100
vt 0.1983787 0.5636891
f 92/2637/92 103/2567/103 87/2568/87
vt 0.2237889 0.5695789
f 68/2615/68 63/2569/63 60/2638/60
f 13/2600/13 23/2572/23 12/2592/12
f 21/2618/21 26/2554/26 22/2619/22
f 22/2619/22 33/2573/33 37/2620/37
f 37/2620/37 43/1397/43 46/1420/46
f 184/1450/184 235/2594/235 236/1483/236
f 332/2535/332 392/2595/392 331/1470/331
f 392/2595/392 452/1417/452 450/1529/450
f 450/1529/450 452/1417/452 547/2556/547
f 450/1529/450 547/2556/547 533/2596/533
f 1902/2602/1902 1901/2557/1901 1893/2622/1893
f 1894/2548/1894 1896/2575/1896 1895/2623/1895
f 1897/2601/1897 1908/2577/1908 1911/2608/1911
vt 0.1184649 0.8721634
f 1911/2608/1911 1941/2559/1941 1977/2639/1977
f 1977/2639/1977 1941/2559/1941 2121/2603/2121
f 2279/2609/2279 2254/2578/2254 2266/2624/2266
f 2321/2626/2321 2296/1410/2296 2297/2625/2297
vt 0.6199874 0.0296652
f 1514/2628/1514 1523/2563/1523 1524/2640/1524
f 2166/2599/2166 2143/2552/2143 2190/2629/2190
f 2190/2629/2190 2143/2552/2143 2160/2582/2160
f 2202/2605/2202 2163/2583/2163 2187/2539/2187
f 356/2611/356 275/2564/275 270/2612/270
f 270/2612/270 248/2590/248 209/2613/209
f 1158/1439/1158 1172/1391/1172 1173/1466/1173
f 100/2636/100 103/2567/103 92/2637/92
f 92/2637/92 87/2568/87 68/2615/68
f 60/2638/60 63/2569/63 50/2616/50
f 51/2586/51 25/2570/25 50/2616/50
f 50/2616/50 25/2570/25 15/2617/15
f 74/2593/74 140/2574/140 141/2621/141
vt 0.3734235 0.6049286
f 141/2621/141 157/1451/157 165/2641/165
f 165/2641/165 157/1451/157 184/1450/184
f 1893/2622/1893 1894/2548/1894 1895/2623/1895
f 2266/2624/2266 2237/2560/2237 2238/2607/2238
f 2121/2603/2121 2122/2597/2122 2123/2604/2123
f 2121/2603/2121 2123/2604/2123 2124/2598/2124
f 123/2614/123 122/2565/122 116/2635/116
f 236/1483/236 235/2594/235 309/1471/309
vt 0.0881694 0.8175085
f 1902/2602/1902 1893/2622/1893 2240/2642/2240
vt 0.1218814 0.8983505
f 2192/2643/2192 2121/2603/2121 2124/2598/2124
vt 0.3753002 0.5888134
f 155/2644/155 165/2641/165 184/1450/184
vt 0.4542460 0.5982289
f 394/2645/394 392/2595/392 450/1529/450
vt 0.0932356 0.8383510
f 1893/2622/1893 1895/2623/1895 2228/2646/2228
vt 0.0988861 0.8528723
f 2228/2646/2228 1895/2623/1895 2217/2647/2217
f 1895/2623/1895 1897/2601/1897 2217/2647/2217
f 2217/2647/2217 1897/2601/1897 1911/2608/1911
f 2241/1552/2241 2238/2607/2238 1902/2602/1902
vt 0.1041103 0.8644300
f 2204/2648/2204 1911/2608/1911 1977/2639/1977
vt 0.1072836 0.8778672
f 1977/2639/1977 2121/2603/2121 2203/2649/2203
f 2280/1554/2280 2279/2609/2279 2266/2624/2266
vt 0.1149922 0.8874648
f 2203/2649/2203 2121/2603/2121 2201/2650/2201
f 2201/2650/2201 2121/2603/2121 2192/2643/2192
vt 0.0719445 0.7678901
f 2306/2651/2306 2297/2625/2297 2279/2609/2279
f 2192/2643/2192 2124/2598/2124 2165/2610/2165
vt 0.0644119 0.7493236
f 2345/2627/2345 2321/2626/2321 2351/2652/2351
vt 0.1197703 0.9174016
f 2198/2653/2198 2165/2610/2165 2166/2599/2166
vt 0.6350864 0.0474678
f 1511/2654/1511 1514/2628/1514 1524/2640/1524
f 1510/1533/1510 1514/2628/1514 1511/2654/1511
vt 0.1425361 0.9847072
f 2220/2655/2220 2202/2605/2202 2210/2631/2210
vt 0.1500672 0.9995174
f 2220/2655/2220 2210/2631/2210 2221/2656/2221
vt 0.1024988 0.5152390
f 444/2657/444 445/2633/445 371/2634/371
vt 0.1705091 0.5399262
f 209/2613/209 123/2614/123 124/2658/124
vt 0.2356266 0.5571432
vt 0.2461047 0.5614536
f 52/2659/52 50/2616/50 29/2660/29
f 29/2660/29 50/2616/50 15/2617/15
vt 0.2530586 0.5629013
f 14/2661/14 15/2617/15 13/2600/13
vt 0.2641899 0.5654879
f 13/2600/13 12/2592/12 11/2662/11
vt 0.3043532 0.5744486
f 21/2618/21 22/2619/22 19/2663/19
vt 0.3167209 0.5779166
f 34/2664/34 22/2619/22 37/2620/37
vt 0.3500316 0.5843964
f 46/1420/46 74/2593/74 75/2665/75
f 75/2665/75 74/2593/74 141/2621/141
f 2241/1552/2241 1902/2602/1902 2240/2642/2240
f 2204/2648/2204 1977/2639/1977 2203/2649/2203
f 2192/2643/2192 2165/2610/2165 2198/2653/2198
vt 0.1302235 0.9276184
f 2198/2653/2198 2166/2599/2166 2199/2666/2199
vt 0.1287405 0.9449748
f 2199/2666/2199 2166/2599/2166 2207/2667/2207
f 2166/2599/2166 2190/2629/2190 2207/2667/2207
vt 0.1314847 0.9545419
vt 0.1366483 0.9660321
f 2213/2668/2213 2190/2629/2190 2214/2669/2214
f 2190/2629/2190 2195/2630/2195 2214/2669/2214
f 2214/2669/2214 2195/2630/2195 2202/2605/2202
vt 0.1144401 0.5185750
f 444/2657/444 371/2634/371 369/2670/369
vt 0.1241106 0.5235320
f 355/2671/355 371/2634/371 356/2611/356
vt 0.1375752 0.5298316
f 355/2671/355 356/2611/356 271/2672/271
f 271/2672/271 356/2611/356 270/2612/270
f 271/2672/271 270/2612/270 209/2613/209
f 124/2658/124 123/2614/123 116/2635/116
vt 0.1824825 0.5402803
f 124/2658/124 116/2635/116 109/2673/109
f 109/2673/109 116/2635/116 100/2636/100
f 1158/1439/1158 1173/1466/1173 1174/1499/1174
vt 0.1970959 0.5449432
f 100/2636/100 92/2637/92 99/2674/99
f 99/2674/99 92/2637/92 68/2615/68
f 60/2638/60 50/2616/50 52/2659/52
f 29/2660/29 15/2617/15 14/2661/14
f 14/2661/14 13/2600/13 11/2662/11
vt 0.2801443 0.5656305
f 12/2592/12 16/2606/16 10/2675/10
f 16/2606/16 21/2618/21 19/2663/19
f 19/2663/19 22/2619/22 34/2664/34
f 34/2664/34 37/2620/37 41/1565/41
f 41/1565/41 37/2620/37 46/1420/46
vt 0.3375477 0.5820275
f 41/1565/41 46/1420/46 47/2676/47
f 47/2676/47 46/1420/46 75/2665/75
f 141/2621/141 165/2641/165 155/2644/155
vt 0.3954434 0.5920428
f 155/2644/155 184/1450/184 185/2677/185
f 184/1450/184 236/1483/236 239/1482/239
vt 0.4293324 0.5950335
f 239/1482/239 309/1471/309 310/2678/310
f 310/2678/310 309/1471/309 331/1470/331
vt 0.4404300 0.5966448
f 331/1470/331 392/2595/392 333/2679/333
f 333/2679/333 392/2595/392 394/2645/394
vt 0.4928730 0.6035967
f 450/1529/450 533/2596/533 534/2680/534
vt 0.0909329 0.8303998
f 2240/2642/2240 1893/2622/1893 2239/2681/2239
f 2239/2681/2239 1893/2622/1893 2228/2646/2228
f 2217/2647/2217 1911/2608/1911 2204/2648/2204
f 2280/1554/2280 2266/2624/2266 2238/2607/2238
vt 0.0746687 0.7796592
f 2305/2682/2305 2279/2609/2279 2280/1554/2280
f 2306/2651/2306 2279/2609/2279 2305/2682/2305
f 2321/2626/2321 2297/2625/2297 2306/2651/2306
f 2207/2667/2207 2190/2629/2190 2213/2668/2213
f 1464/1513/1464 1465/1462/1465 1489/1496/1489
f 369/2670/369 371/2634/371 355/2671/355
f 10/2675/10 11/2662/11 12/2592/12
f 394/2645/394 450/1529/450 451/1531/451
f 1591/1494/1591 1573/1425/1573 1574/1535/1574
f 2280/1554/2280 2238/2607/2238 2241/1552/2241
vt 0.1096658 0.8943337
f 2201/2650/2201 2192/2643/2192 2206/2683/2206
vt 0.1366992 0.9738079
f 2214/2669/2214 2202/2605/2202 2219/2684/2219
vt 0.1592381 0.5321607
f 209/2613/209 124/2658/124 218/2685/218
f 450/1529/450 534/2680/534 516/1530/516
vt 0.1141105 0.9052933
f 2206/2683/2206 2192/2643/2192 2205/2686/2205
f 2351/2652/2351 2321/2626/2321 2306/2651/2306
f 2192/2643/2192 2198/2653/2198 2205/2686/2205
vt 0.1220494 0.9311859
f 2198/2653/2198 2199/2666/2199 2208/2687/2208
vt 0.6352292 0.0226561
f 1511/2654/1511 1524/2640/1524 1528/2688/1528
f 2208/2687/2208 2199/2666/2199 2207/2667/2207
f 1489/1496/1489 1510/1533/1510 1511/2654/1511
vt 0.1478735 0.5266344
f 264/2689/264 271/2672/271 209/2613/209
f 109/2673/109 100/2636/100 99/2674/99
vt 0.2189373 0.5515307
f 68/2615/68 60/2638/60 65/2690/65
f 65/2690/65 60/2638/60 52/2659/52
vt 0.3611794 0.5844519
f 75/2665/75 141/2621/141 154/2691/154
f 154/2691/154 141/2621/141 155/2644/155
f 185/2677/185 184/1450/184 239/1482/239
f 310/2678/310 331/1470/331 333/2679/333
f 1757/1509/1757 1756/1455/1756 1688/1539/1688
f 1756/1455/1756 1686/1431/1686 1688/1539/1688
f 2203/2649/2203 2201/2650/2201 2206/2683/2206
f 2219/2684/2219 2202/2605/2202 2220/2655/2220
f 264/2689/264 209/2613/209 218/2685/218
f 99/2674/99 68/2615/68 65/2690/65
vt 0.2943870 0.5635591
f 10/2675/10 16/2606/16 17/2692/17
f 17/2692/17 16/2606/16 19/2663/19
vt 0.6424031 0.0726500
f 1464/1513/1464 1489/1496/1489 1490/2693/1490
vt 0.2671271 0.5548256
f 18/2694/18 14/2661/14 11/2662/11
vt 0.0783907 0.8241621
f 2267/2695/2267 2241/1552/2241 2240/2642/2240
vt 0.0942946 0.8695144
f 2204/2648/2204 2203/2649/2203 2231/2696/2231
f 2305/2682/2305 2280/1554/2280 2295/1553/2295
f 1468/1540/1468 1464/1513/1464 1490/2693/1490
vt 0.3055653 0.5614625
f 17/2692/17 19/2663/19 39/2697/39
f 42/1563/42 41/1565/41 47/2676/47
vt 0.3415473 0.5676551
f 47/2676/47 75/2665/75 71/2698/71
vt 0.3738882 0.5794629
f 154/2691/154 155/2644/155 161/2699/161
f 2267/2695/2267 2240/2642/2240 2239/2681/2239
vt 0.0743962 0.8128781
f 2241/1552/2241 2267/2695/2267 2282/2700/2282
vt 0.0991547 0.8836579
f 2231/2696/2231 2203/2649/2203 2225/2701/2225
f 2203/2649/2203 2206/2683/2206 2225/2701/2225
vt 0.1033080 0.8984626
f 2206/2683/2206 2205/2686/2205 2224/2702/2224
vt 0.0622285 0.7723544
f 2340/2703/2340 2306/2651/2306 2305/2682/2305
f 2340/2703/2340 2305/2682/2305 2307/1618/2307
vt 0.1126494 0.9240018
f 2222/2704/2222 2198/2653/2198 2208/2687/2208
f 1511/2654/1511 1528/2688/1528 1521/1590/1521
vt 0.1209420 0.9593558
f 2213/2668/2213 2214/2669/2214 2230/2705/2230
vt 0.1395630 0.5179591
f 355/2671/355 271/2672/271 283/2706/283
vt 0.1862882 0.5328039
f 124/2658/124 109/2673/109 110/2707/110
vt 0.2157113 0.5386965
f 99/2674/99 65/2690/65 93/2708/93
f 11/2662/11 10/2675/10 18/2694/18
vt 0.2840747 0.5560245
f 20/2709/20 10/2675/10 17/2692/17
f 39/2697/39 19/2663/19 40/1564/40
f 40/1564/40 19/2663/19 34/2664/34
f 40/1564/40 34/2664/34 41/1565/41
vt 0.4126519 0.5803573
f 185/2677/185 239/1482/239 240/2710/240
f 2267/2695/2267 2239/2681/2239 2228/2646/2228
vt 0.0843673 0.8417685
f 2267/2695/2267 2228/2646/2228 2245/2711/2245
f 2228/2646/2228 2217/2647/2217 2245/2711/2245
vt 0.0870004 0.8566079
f 2245/2711/2245 2217/2647/2217 2244/2712/2244
f 2217/2647/2217 2204/2648/2204 2231/2696/2231
f 2244/2712/2244 2217/2647/2217 2231/2696/2231
f 2295/1553/2295 2241/1552/2241 2282/2700/2282
f 2307/1618/2307 2305/2682/2305 2295/1553/2295
f 2225/2701/2225 2206/2683/2206 2224/2702/2224
vt 0.0512541 0.7591999
f 2359/2713/2359 2351/2652/2351 2306/2651/2306
f 2359/2713/2359 2306/2651/2306 2340/2703/2340
vt 0.1053485 0.9130605
f 2205/2686/2205 2198/2653/2198 2223/2714/2223
f 2223/2714/2223 2198/2653/2198 2222/2704/2222
f 1521/1590/1521 1528/2688/1528 1531/1588/1531
vt 0.1174311 0.9516793
f 2229/2715/2229 2208/2687/2208 2207/2667/2207
f 2207/2667/2207 2213/2668/2213 2229/2715/2229
f 2229/2715/2229 2213/2668/2213 2230/2705/2230
f 1490/2693/1490 1489/1496/1489 1511/2654/1511
vt 0.0967545 0.4881965
vt 0.0884509 0.5081530
f 484/2716/484 498/2717/498 444/2657/444
vt 0.1107180 0.4979839
f 484/2716/484 444/2657/444 429/2718/429
f 444/2657/444 369/2670/369 429/2718/429
vt 0.1207399 0.5071429
f 429/2718/429 369/2670/369 357/2719/357
f 357/2719/357 369/2670/369 355/2671/355
f 283/2706/283 271/2672/271 264/2689/264
vt 0.1709775 0.5286046
f 133/2720/133 218/2685/218 124/2658/124
f 133/2720/133 124/2658/124 110/2707/110
f 110/2707/110 109/2673/109 99/2674/99
vt 0.2006149 0.5357854
f 110/2707/110 99/2674/99 101/2721/101
f 101/2721/101 99/2674/99 93/2708/93
vt 0.2342595 0.5432169
f 93/2708/93 65/2690/65 61/2722/61
f 61/2722/61 65/2690/65 52/2659/52
vt 0.2500001 0.5502629
f 52/2659/52 29/2660/29 48/2723/48
f 29/2660/29 14/2661/14 48/2723/48
f 48/2723/48 14/2661/14 18/2694/18
f 42/1563/42 47/2676/47 71/2698/71
vt 0.3568307 0.5682569
f 75/2665/75 154/2691/154 139/2724/139
f 139/2724/139 154/2691/154 161/2699/161
vt 0.3955490 0.5791864
f 155/2644/155 185/2677/185 188/2725/188
vt 0.4278196 0.5810742
f 311/2726/311 239/1482/239 310/2678/310
f 1490/2693/1490 1511/2654/1511 1509/1652/1509
vt 0.1258390 0.9948007
f 2219/2684/2219 2220/2655/2220 2249/2727/2249
f 61/2722/61 52/2659/52 48/2723/48
f 18/2694/18 10/2675/10 20/2709/20
f 71/2698/71 75/2665/75 139/2724/139
f 161/2699/161 155/2644/155 188/2725/188
f 188/2725/188 185/2677/185 240/2710/240
f 240/2710/240 239/1482/239 311/2726/311
vt 0.4374859 0.5782669
f 311/2726/311 310/2678/310 325/2728/325
f 325/2728/325 310/2678/310 333/2679/333
vt 0.4722712 0.5797330
f 394/2645/394 451/1531/451 456/2729/456
f 1688/1539/1688 1758/1584/1758 1757/1509/1757
f 2224/2702/2224 2205/2686/2205 2223/2714/2223
vt 0.0481576 0.7683285
f 2357/2730/2357 2359/2713/2359 2340/2703/2340
f 1509/1652/1509 1511/2654/1511 1521/1590/1521
f 2230/2705/2230 2214/2669/2214 2219/2684/2219
vt 0.1192776 0.9781972
f 2230/2705/2230 2219/2684/2219 2236/2731/2236
vt 0.1287584 0.4987388
f 357/2719/357 355/2671/355 353/2732/353
f 353/2732/353 355/2671/355 283/2706/283
vt 0.1537885 0.5142372
f 272/2733/272 283/2706/283 264/2689/264
f 272/2733/272 264/2689/264 218/2685/218
f 272/2733/272 218/2685/218 133/2720/133
f 1689/1585/1689 1688/1539/1688 1603/1521/1603
vt 0.0676715 0.8269327
f 2282/2700/2282 2267/2695/2267 2291/2734/2291
vt 0.0847986 0.8719081
f 2248/2735/2248 2244/2712/2244 2231/2696/2231
f 2248/2735/2248 2231/2696/2231 2225/2701/2225
f 2332/1616/2332 2307/1618/2307 2295/1553/2295
f 2342/1617/2342 2340/2703/2340 2307/1618/2307
vt 0.1037431 0.9344214
f 2222/2704/2222 2208/2687/2208 2233/2736/2233
vt 0.1106970 0.9418805
f 2233/2736/2233 2208/2687/2208 2232/2737/2232
f 2232/2737/2232 2208/2687/2208 2229/2715/2229
vt 0.6544235 0.0452273
f 1520/2738/1520 1509/1652/1509 1521/1590/1521
vt 0.6518110 0.0752115
f 1468/1540/1468 1490/2693/1490 1493/2739/1493
vt 0.1880918 0.5146871
f 129/2740/129 133/2720/133 110/2707/110
vt 0.1952565 0.5181851
f 129/2740/129 110/2707/110 114/2741/114
f 114/2741/114 110/2707/110 101/2721/101
vt 0.2660156 0.5400843
f 48/2723/48 18/2694/18 55/2742/55
vt 0.2993982 0.5477038
f 17/2692/17 39/2697/39 49/2743/49
vt 0.3183693 0.5556074
f 57/2744/57 39/2697/39 40/1564/40
f 451/1531/451 516/1530/516 456/2729/456
f 516/1530/516 534/2680/534 515/1637/515
f 1689/1585/1689 1603/1521/1603 1606/1607/1606
vt 0.0697515 0.8370627
f 2267/2695/2267 2245/2711/2245 2284/2745/2284
vt 0.0772863 0.8450954
f 2284/2745/2284 2245/2711/2245 2271/2746/2271
f 2271/2746/2271 2245/2711/2245 2244/2712/2244
vt 0.0664642 0.8133442
f 2292/2747/2292 2282/2700/2282 2291/2734/2291
f 2291/2734/2291 2267/2695/2267 2284/2745/2284
f 2292/2747/2292 2295/1553/2295 2282/2700/2282
vt 0.0588302 0.8010219
f 2320/2748/2320 2295/1553/2295 2292/2747/2292
vt 0.0892490 0.8888860
f 2242/2749/2242 2225/2701/2225 2224/2702/2224
f 2357/2730/2357 2340/2703/2340 2342/1617/2342
vt 0.0947204 0.9033598
f 2224/2702/2224 2223/2714/2223 2235/2750/2235
f 1520/2738/1520 1521/1590/1521 1530/1589/1530
f 353/2732/353 429/2718/429 357/2719/357
vt 0.1483234 0.5020249
f 284/2751/284 283/2706/283 272/2733/272
vt 0.1702777 0.5097229
f 219/2752/219 133/2720/133 129/2740/129
vt 0.2141872 0.5231100
f 101/2721/101 93/2708/93 104/2753/104
vt 0.2519885 0.5365285
f 61/2722/61 48/2723/48 59/2754/59
f 59/2754/59 48/2723/48 55/2742/55
f 1105/1561/1105 1118/1547/1118 1131/1610/1131
f 20/2709/20 17/2692/17 49/2743/49
f 57/2744/57 40/1564/40 78/1686/78
f 78/1686/78 40/1564/40 42/1563/42
f 108/1684/108 71/2698/71 139/2724/139
vt 0.3708018 0.5689021
f 162/2755/162 139/2724/139 161/2699/161
vt 0.3788136 0.5661746
f 183/2756/183 161/2699/161 188/2725/188
vt 0.4536771 0.5794920
f 325/2728/325 333/2679/333 395/2757/395
f 395/2757/395 333/2679/333 394/2645/394
f 395/2757/395 394/2645/394 456/2729/456
f 456/2729/456 516/1530/516 515/1637/515
f 2248/2735/2248 2225/2701/2225 2242/2749/2242
f 2332/1616/2332 2295/1553/2295 2320/2748/2320
f 2242/2749/2242 2224/2702/2224 2235/2750/2235
f 2223/2714/2223 2222/2704/2222 2233/2736/2233
f 1490/2693/1490 1509/1652/1509 1493/2739/1493
f 2236/2731/2236 2219/2684/2219 2249/2727/2249
f 353/2732/353 283/2706/283 284/2751/284
vt 0.2728116 0.5402969
f 55/2742/55 18/2694/18 53/2758/53
f 53/2758/53 18/2694/18 20/2709/20
f 78/1686/78 42/1563/42 71/2698/71
f 162/2755/162 161/2699/161 183/2756/183
vt 0.3916264 0.5674945
f 183/2756/183 188/2725/188 189/2759/189
f 240/2710/240 311/2726/311 305/1726/305
f 1455/1615/1455 1420/1517/1420 1435/1634/1435
f 1825/1577/1825 1817/1620/1817 1811/1573/1811
f 1811/1573/1811 1801/1621/1801 1777/1549/1777
vt 0.1067245 0.9601055
f 2229/2715/2229 2230/2705/2230 2250/2760/2250
f 1390/1555/1390 1391/1537/1391 1424/1600/1424
vt 0.1565444 0.5023030
f 284/2751/284 272/2733/272 279/2761/279
f 219/2752/219 272/2733/272 133/2720/133
vt 0.2360217 0.5309069
f 62/2762/62 93/2708/93 61/2722/61
f 62/2762/62 61/2722/61 59/2754/59
vt 0.3066837 0.5479401
f 49/2743/49 39/2697/39 58/2763/58
vt 0.0722024 0.8654873
f 2244/2712/2244 2248/2735/2248 2275/2764/2275
vt 0.0581765 0.8140305
f 2317/2765/2317 2292/2747/2292 2291/2734/2291
f 2320/2748/2320 2292/2747/2292 2317/2765/2317
vt 0.0957150 0.9212897
f 2235/2750/2235 2223/2714/2223 2243/2766/2243
f 2223/2714/2223 2233/2736/2233 2243/2766/2243
vt 0.1015767 0.9495252
f 2251/2767/2251 2232/2737/2232 2229/2715/2229
f 2251/2767/2251 2229/2715/2229 2250/2760/2250
f 2250/2760/2250 2230/2705/2230 2236/2731/2236
f 279/2761/279 272/2733/272 219/2752/219
f 114/2741/114 101/2721/101 104/2753/104
f 104/2753/104 93/2708/93 62/2762/62
f 139/2724/139 162/2755/162 164/1724/164
f 188/2725/188 240/2710/240 250/1698/250
f 305/1726/305 311/2726/311 325/2728/325
f 456/2729/456 515/1637/515 514/1636/514
vt 0.0718218 0.8486934
f 2276/2768/2276 2284/2745/2284 2271/2746/2271
f 2271/2746/2271 2244/2712/2244 2275/2764/2275
f 2276/2768/2276 2271/2746/2271 2275/2764/2275
vt 0.0751453 0.8803189
f 2248/2735/2248 2242/2749/2242 2274/2769/2274
f 1530/1589/1530 1531/1588/1531 1536/1666/1536
f 1499/1651/1499 1493/2739/1493 1509/1652/1509
f 1467/1599/1467 1468/1540/1468 1493/2739/1493
vt 0.1171227 0.4869948
f 484/2716/484 429/2718/429 443/2770/443
vt 0.1345921 0.4910398
f 354/2771/354 353/2732/353 284/2751/284
f 1251/1623/1251 1240/1556/1240 1267/1543/1267
vt 0.2855396 0.5414640
f 53/2758/53 20/2709/20 56/2772/56
f 56/2772/56 20/2709/20 49/2743/49
f 58/2763/58 39/2697/39 57/2744/57
vt 0.3600365 0.5465443
f 108/1684/108 139/2724/139 163/2773/163
f 189/2759/189 188/2725/188 250/1698/250
f 250/1698/250 240/2710/240 305/1726/305
f 395/2757/395 456/2729/456 457/1693/457
f 457/1693/457 456/2729/456 514/1636/514
f 1710/1551/1710 1728/1639/1728 1712/1640/1712
f 1758/1584/1758 1689/1585/1689 1761/1645/1761
f 2233/2736/2233 2232/2737/2232 2251/2767/2251
vt 0.6668948 0.0858001
f 1491/2774/1491 1467/1599/1467 1493/2739/1493
f 443/2770/443 429/2718/429 353/2732/353
f 78/1686/78 71/2698/71 108/1684/108
f 163/2773/163 139/2724/139 164/1724/164
f 162/2755/162 183/2756/183 164/1724/164
f 1553/1598/1553 1558/1647/1558 1551/1581/1551
vt 0.0542362 0.8313001
f 2311/2775/2311 2317/2765/2317 2291/2734/2291
vt 0.0444321 0.8019494
f 2332/1616/2332 2320/2748/2320 2343/2776/2343
vt 0.0373915 0.7854945
f 2360/2777/2360 2342/1617/2342 2332/1616/2332
f 2360/2777/2360 2357/2730/2357 2342/1617/2342
f 1515/1650/1515 1509/1652/1509 1520/2738/1520
f 1493/2739/1493 1499/1651/1499 1491/2774/1491
vt 0.2517856 0.5261258
f 94/2778/94 62/2762/62 59/2754/59
f 94/2778/94 59/2754/59 55/2742/55
vt 0.3263379 0.5444151
f 107/2779/107 57/2744/57 78/1686/78
f 193/1722/193 183/2756/183 189/2759/189
f 305/1726/305 325/2728/325 341/1752/341
vt 0.0557707 0.8439980
f 2284/2745/2284 2276/2768/2276 2308/2780/2308
vt 0.0587402 0.8552641
f 2308/2780/2308 2276/2768/2276 2299/2781/2299
f 2311/2775/2311 2291/2734/2291 2284/2745/2284
f 2275/2764/2275 2248/2735/2248 2274/2769/2274
vt 0.0769900 0.8926816
f 2274/2769/2274 2242/2749/2242 2277/2782/2277
vt 0.0508417 0.8137599
f 2343/2776/2343 2320/2748/2320 2329/2783/2329
f 2329/2783/2329 2320/2748/2320 2317/2765/2317
vt 0.0763445 0.9001399
f 2277/2782/2277 2242/2749/2242 2269/2784/2269
f 2269/2784/2269 2242/2749/2242 2235/2750/2235
vt 0.0823981 0.9121060
f 2235/2750/2235 2243/2766/2243 2268/2785/2268
vt 0.0312966 0.7764263
f 2368/2786/2368 2357/2730/2357 2360/2777/2360
vt 0.0938813 0.9386157
f 2270/2787/2270 2233/2736/2233 2251/2767/2251
f 1515/1650/1515 1520/2738/1520 1530/1589/1530
vt 0.1020168 0.9764065
vt 0.1068548 0.9910006
f 2281/2788/2281 2236/2731/2236 2288/2789/2288
vt 0.0940304 0.4666790
vt 0.0818442 0.4804596
f 542/2790/542 553/2791/553 484/2716/484
vt 0.1074395 0.4737642
f 478/2792/478 484/2716/484 443/2770/443
vt 0.1462656 0.4925715
f 354/2771/354 284/2751/284 351/2793/351
vt 0.1629595 0.4917870
f 279/2761/279 219/2752/219 286/2794/286
vt 0.1820068 0.4996596
f 263/2795/263 219/2752/219 129/2740/129
f 1187/1603/1187 1207/1602/1207 1223/1669/1223
f 1199/1670/1199 1187/1603/1187 1223/1669/1223
vt 0.2277011 0.5127779
f 111/2796/111 104/2753/104 62/2762/62
vt 0.3012511 0.5294755
f 56/2772/56 49/2743/49 97/2797/97
f 97/2797/97 49/2743/49 58/2763/58
f 1125/1605/1125 1129/1631/1129 1175/1687/1175
f 193/1722/193 164/1724/164 183/2756/183
f 193/1722/193 189/2759/189 250/1698/250
f 193/1722/193 250/1698/250 261/1700/261
f 341/1752/341 325/2728/325 402/1692/402
f 402/1692/402 325/2728/325 395/2757/395
f 402/1692/402 395/2757/395 457/1693/457
f 2311/2775/2311 2284/2745/2284 2308/2780/2308
f 2329/2783/2329 2317/2765/2317 2311/2775/2311
f 2360/2777/2360 2332/1616/2332 2343/2776/2343
vt 0.0864718 0.9246435
f 2268/2785/2268 2243/2766/2243 2273/2798/2273
vt 0.0280485 0.7683194
f 2370/2799/2370 2357/2730/2357 2368/2786/2368
f 2243/2766/2243 2233/2736/2233 2270/2787/2270
f 2273/2798/2273 2243/2766/2243 2270/2787/2270
vt 0.6725343 0.0386941
f 1532/2800/1532 1530/1589/1530 1534/1667/1534
f 1515/1650/1515 1530/1589/1530 1532/2800/1532
f 2281/2788/2281 2250/2760/2250 2236/2731/2236
vt 0.6727741 0.0975850
f 1471/2801/1471 1467/1599/1467 1491/2774/1491
f 1424/1600/1424 1467/1599/1467 1471/2801/1471
vt 0.1266393 0.4726042
f 443/2770/443 353/2732/353 441/2802/441
f 441/2802/441 353/2732/353 354/2771/354
vt 0.1396718 0.4823153
f 366/2803/366 354/2771/354 351/2793/351
f 1275/1622/1275 1322/1619/1322 1337/1678/1337
f 351/2793/351 284/2751/284 279/2761/279
f 286/2794/286 219/2752/219 263/2795/263
vt 0.2101805 0.5080779
f 115/2804/115 114/2741/114 104/2753/104
vt 0.2174815 0.5151758
f 115/2804/115 104/2753/104 112/2805/112
f 112/2805/112 104/2753/104 111/2796/111
vt 0.2423219 0.5229754
f 111/2796/111 62/2762/62 96/2806/96
f 96/2806/96 62/2762/62 94/2778/94
vt 0.2648676 0.5249506
f 94/2778/94 55/2742/55 95/2807/95
vt 0.3108083 0.5331985
f 105/2808/105 58/2763/58 57/2744/57
f 105/2808/105 57/2744/57 107/2779/107
f 457/1693/457 514/1636/514 518/1756/518
f 518/1756/518 514/1636/514 554/1760/554
f 514/1636/514 555/1635/555 554/1760/554
f 2299/2781/2299 2276/2768/2276 2275/2764/2275
f 2269/2784/2269 2235/2750/2235 2268/2785/2268
vt 0.0872296 0.9554033
f 2270/2787/2270 2251/2767/2251 2285/2809/2285
f 542/2790/542 484/2716/484 478/2792/478
f 441/2802/441 478/2792/478 443/2770/443
f 351/2793/351 279/2761/279 286/2794/286
vt 0.2760341 0.5240236
f 102/2810/102 53/2758/53 56/2772/56
f 107/2779/107 78/1686/78 144/1685/144
f 144/1685/144 108/1684/108 163/2773/163
f 308/1699/308 250/1698/250 305/1726/305
f 1619/1662/1619 1614/1677/1614 1559/1596/1559
vt 0.0674322 0.8829449
f 2275/2764/2275 2274/2769/2274 2289/2811/2289
vt 0.0820256 0.9431963
f 2286/2812/2286 2270/2787/2270 2285/2809/2285
vt 0.0946033 0.9691739
f 2251/2767/2251 2250/2760/2250 2287/2813/2287
vt 0.2003839 0.5009562
f 149/2814/149 263/2795/263 129/2740/129
f 149/2814/149 129/2740/129 114/2741/114
f 149/2814/149 114/2741/114 115/2804/115
f 95/2807/95 55/2742/55 53/2758/53
vt 0.2890340 0.5262143
f 98/2815/98 56/2772/56 97/2797/97
f 105/2808/105 97/2797/97 58/2763/58
vt 0.4512702 0.5567372
f 341/1752/341 402/1692/402 404/2816/404
f 1435/1634/1435 1403/1644/1403 1442/1701/1442
vt 0.4714131 0.5530390
f 461/2817/461 457/1693/457 518/1756/518
vt 0.0603164 0.8709685
f 2299/2781/2299 2275/2764/2275 2298/2818/2298
f 2298/2818/2298 2275/2764/2275 2289/2811/2289
vt 0.0478804 0.8302109
f 2328/2819/2328 2329/2783/2329 2311/2775/2311
f 2274/2769/2274 2277/2782/2277 2289/2811/2289
vt 0.0401738 0.8172285
f 2341/2820/2341 2343/2776/2343 2329/2783/2329
f 2286/2812/2286 2273/2798/2273 2270/2787/2270
f 2285/2809/2285 2251/2767/2251 2287/2813/2287
f 2250/2760/2250 2281/2788/2281 2287/2813/2287
vt 0.2360992 0.5051118
f 111/2796/111 96/2806/96 127/2821/127
vt 0.2541296 0.5108395
f 127/2821/127 96/2806/96 117/2822/117
f 117/2822/117 94/2778/94 95/2807/95
f 95/2807/95 53/2758/53 102/2810/102
f 102/2810/102 56/2772/56 98/2815/98
f 305/1726/305 341/1752/341 340/1725/340
f 404/2816/404 402/1692/402 460/1691/460
f 460/1691/460 457/1693/457 461/2817/461
f 2328/2819/2328 2311/2775/2311 2308/2780/2308
vt 0.0367405 0.8047855
f 2344/2823/2344 2343/2776/2343 2341/2820/2341
f 2360/2777/2360 2343/2776/2343 2344/2823/2344
vt 0.0717285 0.9285643
f 2268/2785/2268 2273/2798/2273 2290/2824/2290
f 1429/1696/1429 1424/1600/1424 1471/2801/1471
f 441/2802/441 354/2771/354 366/2803/366
vt 0.1561093 0.4817184
f 352/2825/352 351/2793/351 286/2794/286
f 115/2804/115 112/2805/112 111/2796/111
f 1166/1681/1166 1181/1680/1181 1196/1732/1196
f 96/2806/96 94/2778/94 117/2822/117
vt 0.3329184 0.5315905
f 146/2826/146 107/2779/107 144/1685/144
f 404/2816/404 460/1691/460 461/2817/461
f 2341/2820/2341 2329/2783/2329 2328/2819/2328
f 2289/2811/2289 2277/2782/2277 2269/2784/2269
vt 0.0230951 0.7944581
f 2368/2786/2368 2360/2777/2360 2367/2827/2367
f 1527/1795/1527 1515/1650/1515 1532/2800/1532
f 1499/1651/1499 1515/1650/1515 1503/1729/1503
vt 0.1020600 0.4494539
vt 0.0813659 0.4597694
f 546/2828/546 581/2829/581 542/2790/542
f 1482/1730/1482 1491/2774/1491 1499/1651/1499
f 1482/1730/1482 1471/2801/1471 1491/2774/1491
vt 0.1182359 0.4572445
f 478/2792/478 441/2802/441 475/2830/475
f 366/2803/366 351/2793/351 352/2825/352
vt 0.1705708 0.4846348
f 290/2831/290 286/2794/286 263/2795/263
vt 0.3752516 0.5363570
f 163/2773/163 164/1724/164 203/2832/203
f 203/2832/203 164/1724/164 202/1723/202
f 202/1723/202 193/1722/193 261/1700/261
f 1692/1715/1692 1718/1656/1718 1693/1649/1693
vt 0.0582566 0.8871984
f 2298/2818/2298 2289/2811/2289 2310/2833/2310
vt 0.0635091 0.9044343
f 2289/2811/2289 2269/2784/2269 2304/2834/2304
f 2304/2834/2304 2269/2784/2269 2268/2785/2268
f 2367/2827/2367 2360/2777/2360 2344/2823/2344
vt 0.0638648 0.9143988
f 2303/2835/2303 2268/2785/2268 2290/2824/2290
vt 0.6860455 0.0305265
vt 0.6738584 0.0154379
f 1535/2836/1535 1534/1667/1534 1537/2837/1537
vt 0.0816195 0.9789649
f 2312/2838/2312 2287/2813/2287 2281/2788/2281
f 542/2790/542 478/2792/478 475/2830/475
vt 0.1925244 0.4853370
f 274/2839/274 263/2795/263 149/2814/149
vt 0.2114491 0.4954613
f 147/2840/147 149/2814/149 115/2804/115
vt 0.2245114 0.4990679
f 148/2841/148 115/2804/115 111/2796/111
vt 0.2900349 0.5177639
f 131/2842/131 102/2810/102 98/2815/98
vt 0.3253897 0.5270852
f 105/2808/105 107/2779/107 145/2843/145
f 145/2843/145 107/2779/107 146/2826/146
vt 0.3458031 0.5287920
f 166/2844/166 146/2826/146 144/1685/144
f 1472/1674/1472 1443/1702/1443 1478/1789/1478
f 1618/1728/1618 1611/1734/1611 1614/1677/1614
vt 0.0414814 0.8408356
f 2328/2819/2328 2308/2780/2308 2335/2845/2335
vt 0.0489480 0.8566941
f 2335/2845/2335 2308/2780/2308 2323/2846/2323
f 2323/2846/2323 2308/2780/2308 2299/2781/2299
f 2323/2846/2323 2299/2781/2299 2298/2818/2298
f 2304/2834/2304 2268/2785/2268 2303/2835/2303
vt 0.0177015 0.7853429
f 2371/2847/2371 2368/2786/2368 2367/2827/2367
vt 0.6889861 0.0162749
f 1535/2836/1535 1537/2837/1537 1538/2848/1538
f 2273/2798/2273 2286/2812/2286 2290/2824/2290
f 1532/2800/1532 1534/1667/1534 1535/2836/1535
f 1394/1746/1394 1337/1678/1337 1408/1707/1408
f 352/2825/352 286/2794/286 290/2831/290
f 290/2831/290 263/2795/263 274/2839/274
f 1252/1767/1252 1223/1669/1223 1253/1709/1253
f 1198/1679/1198 1229/1720/1229 1219/1747/1219
vt 0.2748552 0.5104814
f 117/2822/117 95/2807/95 130/2849/130
f 130/2849/130 95/2807/95 102/2810/102
f 131/2842/131 98/2815/98 97/2797/97
vt 0.3069769 0.5225814
f 131/2842/131 97/2797/97 143/2850/143
f 97/2797/97 105/2808/105 143/2850/143
f 166/2844/166 144/1685/144 163/2773/163
vt 0.3964919 0.5381849
f 202/1723/202 261/1700/261 262/2851/262
f 341/1752/341 404/2816/404 405/1753/405
vt 0.4662006 0.5374326
f 404/2816/404 461/2817/461 455/2852/455
f 508/1758/508 461/2817/461 518/1756/518
f 1753/1761/1753 1844/1711/1844 1718/1656/1718
vt 0.0289587 0.8297366
f 2341/2820/2341 2328/2819/2328 2352/2853/2352
vt 0.0314336 0.8121544
f 2361/2854/2361 2344/2823/2344 2341/2820/2341
f 2367/2827/2367 2344/2823/2344 2361/2854/2361
f 1527/1795/1527 1532/2800/1532 1535/2836/1535
f 1516/1744/1516 1515/1650/1515 1527/1795/1527
f 2285/2809/2285 2287/2813/2287 2312/2838/2312
vt 0.0902839 0.9979064
f 2312/2838/2312 2281/2788/2281 2316/2855/2316
f 546/2828/546 542/2790/542 475/2830/475
f 1429/1696/1429 1471/2801/1471 1482/1730/1482
vt 0.1447987 0.4707315
f 441/2802/441 366/2803/366 410/2856/410
f 410/2856/410 366/2803/366 352/2825/352
vt 0.1960717 0.4879183
f 274/2839/274 149/2814/149 273/2857/273
f 147/2840/147 115/2804/115 148/2841/148
f 148/2841/148 111/2796/111 127/2821/127
vt 0.2434797 0.5046758
f 128/2858/128 127/2821/127 117/2822/117
f 131/2842/131 130/2849/130 102/2810/102
f 105/2808/105 145/2843/145 143/2850/143
vt 0.3616615 0.5329655
f 166/2844/166 163/2773/163 192/2859/192
f 192/2859/192 163/2773/163 203/2832/203
vt 0.4143080 0.5289599
f 317/2860/317 261/1700/261 308/1699/308
f 1443/1702/1443 1450/1754/1450 1478/1789/1478
vt 0.0451132 0.8774492
f 2323/2846/2323 2298/2818/2298 2322/2861/2322
f 2352/2853/2352 2328/2819/2328 2335/2845/2335
f 2322/2861/2322 2298/2818/2298 2310/2833/2310
f 2310/2833/2310 2289/2811/2289 2304/2834/2304
vt 0.0704003 0.9487810
f 2286/2812/2286 2285/2809/2285 2314/2862/2314
vt 0.1377226 0.4623492
f 442/2863/442 441/2802/441 410/2856/410
vt 0.1595416 0.4629924
vt 0.1668166 0.4729735
f 373/2864/373 352/2825/352 350/2865/350
f 350/2865/350 352/2825/352 290/2831/290
f 273/2857/273 149/2814/149 147/2840/147
f 262/2851/262 261/1700/261 317/2860/317
vt 0.4228012 0.5366061
f 317/2860/317 308/1699/308 318/2866/318
f 308/1699/308 340/1725/340 318/2866/318
vt 0.0386458 0.8617986
f 2333/2867/2333 2323/2846/2323 2322/2861/2322
vt 0.0313517 0.8404006
f 2352/2853/2352 2335/2845/2335 2349/2868/2349
vt 0.0661985 0.9343759
f 2315/2869/2315 2290/2824/2290 2286/2812/2286
f 2315/2869/2315 2286/2812/2286 2314/2862/2314
vt 0.0744868 0.9639093
f 2285/2809/2285 2312/2838/2312 2313/2870/2313
f 1456/1745/1456 1482/1730/1482 1492/1819/1492
f 475/2830/475 441/2802/441 442/2863/442
f 373/2864/373 410/2856/410 352/2825/352
vt 0.3383687 0.5220518
f 169/2871/169 146/2826/146 166/2844/166
f 405/1753/405 404/2816/404 454/1837/454
f 454/1837/454 404/2816/404 455/2852/455
vt 0.0349858 0.8512560
f 2349/2868/2349 2335/2845/2335 2336/2872/2336
f 2336/2872/2336 2335/2845/2335 2323/2846/2323
f 2336/2872/2336 2323/2846/2323 2333/2867/2333
vt 0.0511927 0.8903245
f 2322/2861/2322 2310/2833/2310 2319/2873/2319
f 2361/2854/2361 2341/2820/2341 2352/2853/2352
vt 0.0557012 0.9015872
f 2310/2833/2310 2304/2834/2304 2318/2874/2318
vt 0.0158130 0.8033805
f 2369/2875/2369 2367/2827/2367 2361/2854/2361
f 2314/2862/2314 2285/2809/2285 2313/2870/2313
f 1456/1745/1456 1466/1821/1466 1430/1779/1430
vt 0.1838852 0.4705344
f 301/2876/301 350/2865/350 290/2831/290
f 301/2876/301 290/2831/290 274/2839/274
vt 0.2199184 0.4897189
f 258/2877/258 147/2840/147 148/2841/148
vt 0.2577112 0.5011596
f 128/2858/128 117/2822/117 150/2878/150
vt 0.2932220 0.5020540
f 130/2849/130 131/2842/131 152/2879/152
vt 0.3070330 0.5049984
f 143/2850/143 153/2880/153 131/2842/131
f 145/2843/145 146/2826/146 169/2871/169
vt 0.3719389 0.5294631
f 192/2859/192 203/2832/203 253/2881/253
vt 0.3873151 0.5235443
f 203/2832/203 202/1723/202 291/2882/291
f 291/2882/291 202/1723/202 262/2851/262
f 508/1758/508 455/2852/455 461/2817/461
f 2319/2873/2319 2310/2833/2310 2318/2874/2318
vt 0.0184523 0.8144644
f 2365/2883/2365 2361/2854/2361 2352/2853/2352
f 2369/2875/2369 2361/2854/2361 2365/2883/2365
f 2303/2835/2303 2290/2824/2290 2315/2869/2315
f 1492/1819/1492 1482/1730/1482 1502/1778/1502
vt 0.1132802 0.4345319
f 545/2884/545 546/2828/546 475/2830/475
f 1394/1746/1394 1430/1779/1430 1399/1774/1399
vt 0.2085687 0.4782685
f 278/2885/278 273/2857/273 147/2840/147
f 278/2885/278 147/2840/147 258/2877/258
vt 0.2372832 0.4860200
f 257/2886/257 127/2821/127 128/2858/128
f 117/2822/117 130/2849/130 150/2878/150
f 152/2879/152 131/2842/131 153/2880/153
vt 0.3152189 0.5085034
f 153/2880/153 143/2850/143 167/2887/167
f 167/2887/167 143/2850/143 145/2843/145
f 203/2832/203 291/2882/291 253/2881/253
vt 0.4060572 0.5232351
f 316/2888/316 262/2851/262 317/2860/317
f 1304/1751/1304 1305/1798/1305 1372/1740/1372
f 415/1839/415 340/1725/340 405/1753/405
f 2318/2874/2318 2304/2834/2304 2303/2835/2303
vt 0.0688190 0.9652427
f 2324/2889/2324 2314/2862/2314 2313/2870/2313
vt 0.0871676 0.4361424
vt 0.0991088 0.4225496
f 591/2890/591 546/2828/546 589/2891/589
f 1519/1814/1519 1503/1729/1503 1516/1744/1516
f 1456/1745/1456 1492/1819/1492 1466/1821/1466
vt 0.1514356 0.4537977
f 430/2892/430 442/2863/442 410/2856/410
f 430/2892/430 410/2856/410 373/2864/373
f 258/2877/258 148/2841/148 257/2886/257
f 257/2886/257 148/2841/148 127/2821/127
vt 0.3247516 0.5121742
f 145/2843/145 169/2871/169 168/2893/168
vt 0.3630286 0.5196598
f 166/2844/166 192/2859/192 251/2894/251
f 251/2894/251 192/2859/192 253/2881/253
f 291/2882/291 262/2851/262 316/2888/316
f 318/2866/318 340/1725/340 415/1839/415
f 1806/1759/1806 1820/1727/1820 1824/1810/1824
f 1784/1705/1784 1799/1790/1799 1783/1776/1783
f 1618/1728/1618 1643/1812/1643 1630/1773/1630
vt 0.0476221 0.3211029
vt 0.0404890 0.3156878
f 2746/2895/2746 2747/2896/2747 2744/1858/2744
vt 0.0441657 0.3056588
f 2744/1858/2744 2747/2896/2747 2750/2897/2750
f 2748/1829/2748 2746/2895/2746 2745/1830/2745
vt 0.7019563 0.0437129
f 1527/1795/1527 1535/2836/1535 1533/2898/1533
f 2324/2889/2324 2313/2870/2313 2312/2838/2312
f 545/2884/545 589/2891/589 546/2828/546
vt 0.1297756 0.4446487
f 545/2884/545 475/2830/475 476/2899/476
f 476/2899/476 442/2863/442 430/2892/430
f 274/2839/274 273/2857/273 278/2885/278
f 1266/1782/1266 1252/1767/1252 1287/1823/1287
vt 0.2763720 0.4988121
f 150/2878/150 130/2849/130 151/2900/151
f 1211/1775/1211 1189/1736/1189 1218/1815/1218
vt 0.3485092 0.5083556
f 256/2901/256 169/2871/169 166/2844/166
vt 0.4236973 0.5254582
f 403/2902/403 317/2860/317 318/2866/318
f 1820/1727/1820 1837/1800/1837 1824/1810/1824
vt 0.7247229 0.1207888
f 1870/2903/1870 1869/1770/1869 1858/1791/1858
f 1617/1763/1617 1615/1742/1615 1638/1811/1638
vt 0.0139123 0.8312055
f 2366/2904/2366 2365/2883/2365 2352/2853/2352
vt 0.0416199 0.9030573
f 2319/2873/2319 2318/2874/2318 2339/2905/2339
vt 0.0624886 0.9541959
f 2325/2906/2325 2315/2869/2315 2314/2862/2314
vt 0.0572937 0.9399590
f 2326/2907/2326 2315/2869/2315 2325/2906/2325
f 1519/1814/1519 1516/1744/1516 1526/1796/1526
f 476/2899/476 475/2830/475 442/2863/442
f 1453/1863/1453 1430/1779/1430 1466/1821/1466
f 1399/1774/1399 1430/1779/1430 1453/1863/1453
vt 0.1802956 0.4621814
f 361/2908/361 350/2865/350 301/2876/301
f 1288/1766/1288 1333/1780/1333 1325/1822/1325
vt 0.2561155 0.4836199
f 259/2909/259 128/2858/128 150/2878/150
f 151/2900/151 130/2849/130 152/2879/152
f 167/2887/167 145/2843/145 168/2893/168
vt 0.3430746 0.5047610
f 168/2893/168 169/2871/169 255/2910/255
f 1372/1740/1372 1305/1798/1305 1410/1825/1410
f 506/1853/506 455/2852/455 508/1758/508
f 506/1853/506 508/1758/508 509/1801/509
vt 0.0319684 0.8869173
f 2322/2861/2322 2319/2873/2319 2346/2911/2346
f 2366/2904/2366 2352/2853/2352 2349/2868/2349
vt 0.0472047 0.9146762
f 2339/2905/2339 2318/2874/2318 2331/2912/2331
f 2331/2912/2331 2318/2874/2318 2303/2835/2303
vt 0.0390784 0.2973256
f 2744/1858/2744 2750/2897/2750 2740/2913/2740
f 2745/1830/2745 2746/2895/2746 2744/1858/2744
f 2325/2906/2325 2314/2862/2314 2324/2889/2324
f 1526/1796/1526 1527/1795/1527 1533/2898/1533
vt 0.0676130 0.9890164
f 2324/2889/2324 2312/2838/2312 2337/2914/2337
f 1484/1820/1484 1492/1819/1492 1501/1843/1501
f 257/2886/257 128/2858/128 259/2909/259
f 259/2909/259 150/2878/150 151/2900/151
f 318/2866/318 415/1839/415 403/2902/403
f 415/1839/415 405/1753/405 454/1837/454
f 454/1837/454 455/2852/455 506/1853/506
vt 0.0246559 0.8676969
f 2354/2915/2354 2336/2872/2336 2333/2867/2333
vt 0.0181043 0.8496562
f 2364/2916/2364 2349/2868/2349 2336/2872/2336
f 2319/2873/2319 2339/2905/2339 2346/2911/2346
vt 0.0500207 0.9250931
f 2331/2912/2331 2303/2835/2303 2327/2917/2327
f 2327/2917/2327 2303/2835/2303 2315/2869/2315
f 2327/2917/2327 2315/2869/2315 2326/2907/2326
f 1492/1819/1492 1502/1778/1502 1501/1843/1501
vt 0.1395560 0.4368157
f 476/2899/476 430/2892/430 482/2918/482
vt 0.1733843 0.4529989
f 374/2919/374 373/2864/373 350/2865/350
f 374/2919/374 350/2865/350 361/2908/361
vt 0.1963180 0.4625131
f 301/2876/301 274/2839/274 302/2920/302
f 302/2920/302 274/2839/274 278/2885/278
vt 0.2200252 0.4726286
f 278/2885/278 258/2877/258 285/2921/285
f 256/2901/256 255/2910/255 169/2871/169
f 1221/1785/1221 1263/1851/1263 1241/1786/1241
f 256/2901/256 166/2844/166 251/2894/251
vt 0.3742686 0.5114640
f 251/2894/251 253/2881/253 292/2922/292
f 292/2922/292 253/2881/253 291/2882/291
f 1416/1799/1416 1454/1836/1454 1462/1809/1462
f 560/1817/560 517/1854/517 509/1801/509
f 1650/1771/1650 1670/1835/1670 1643/1812/1643
f 2364/2916/2364 2336/2872/2336 2354/2915/2354
f 2744/1858/2744 2740/2913/2740 2743/1859/2743
f 430/2892/430 373/2864/373 374/2919/374
f 361/2908/361 301/2876/301 302/2920/302
f 285/2921/285 258/2877/258 257/2886/257
vt 0.3319618 0.4962679
f 265/2923/265 167/2887/167 168/2893/168
vt 0.4115021 0.5152910
f 316/2888/316 317/2860/317 347/2924/347
vt 0.4358834 0.5190630
f 416/2925/416 403/2902/403 415/1839/415
f 2333/2867/2333 2322/2861/2322 2354/2915/2354
f 2354/2915/2354 2322/2861/2322 2346/2911/2346
f 2366/2904/2366 2349/2868/2349 2364/2916/2364
f 2738/1897/2738 2740/2913/2740 2737/1895/2737
f 2743/1859/2743 2740/2913/2740 2738/1897/2738
f 2749/1831/2749 2745/1830/2745 2751/1939/2751
vt 0.0563072 0.9759731
f 2324/2889/2324 2337/2914/2337 2347/2926/2347
vt 0.1200228 0.4141990
f 580/2927/580 589/2891/589 545/2884/545
f 1484/1820/1484 1501/1843/1501 1497/1889/1497
vt 0.2609695 0.4812696
f 259/2909/259 151/2900/151 260/2928/260
vt 0.2809297 0.4824094
f 268/2929/268 151/2900/151 152/2879/152
vt 0.2968199 0.4845895
f 269/2930/269 152/2879/152 153/2880/153
vt 0.3200445 0.4909496
f 153/2880/153 167/2887/167 266/2931/266
f 266/2931/266 167/2887/167 265/2923/265
f 168/2893/168 255/2910/255 265/2923/265
vt 0.3991469 0.5108947
f 291/2882/291 316/2888/316 324/2932/324
f 1837/1800/1837 1845/1840/1845 1824/1810/1824
f 2751/1939/2751 2745/1830/2745 2743/1859/2743
vt 0.1273590 0.4212112
f 545/2884/545 476/2899/476 541/2933/541
f 541/2933/541 476/2899/476 482/2918/482
f 1483/1890/1483 1466/1821/1466 1484/1820/1484
vt 0.1592144 0.4456146
f 482/2918/482 430/2892/430 431/2934/431
f 431/2934/431 430/2892/430 374/2919/374
f 1400/1865/1400 1399/1774/1399 1436/1864/1436
vt 0.2081774 0.4563278
f 302/2920/302 278/2885/278 326/2935/326
f 326/2935/326 278/2885/278 285/2921/285
vt 0.2379134 0.4692523
f 289/2936/289 285/2921/285 257/2886/257
vt 0.2461652 0.4704438
f 289/2936/289 257/2886/257 288/2937/288
f 288/2937/288 257/2886/257 259/2909/259
f 260/2928/260 151/2900/151 268/2929/268
f 1257/1850/1257 1214/1806/1214 1260/1880/1260
vt 0.3124952 0.4881943
f 269/2930/269 153/2880/153 267/2938/267
f 267/2938/267 153/2880/153 266/2931/266
vt 0.3633509 0.5017547
f 256/2901/256 251/2894/251 293/2939/293
f 293/2939/293 251/2894/251 292/2922/292
vt 0.3899792 0.5022817
f 323/2940/323 291/2882/291 324/2932/324
f 324/2932/324 316/2888/316 347/2924/347
f 347/2924/347 317/2860/317 403/2902/403
vt 0.4566713 0.3265895
f 3176/1871/3176 3192/2941/3192 3191/1920/3191
vt 0.4305411 0.5075828
f 419/2942/419 403/2902/403 416/2925/416
vt 0.9737485 0.0513152
f 1879/1816/1879 1880/2943/1880 1845/1840/1845
f 517/1854/517 560/1817/560 569/1983/569
vt 0.5063238 0.5239477
vt 0.5013191 0.5126766
f 560/1817/560 577/2944/577 576/2945/576
f 1859/1900/1859 1858/1791/1858 1802/1793/1802
vt 0.0262650 0.9151958
f 2346/2911/2346 2339/2905/2339 2355/2946/2355
vt 0.0519831 0.9647634
f 2348/2947/2348 2326/2907/2326 2325/2906/2325
f 2758/1860/2758 2749/1831/2749 2751/1939/2751
f 2325/2906/2325 2324/2889/2324 2347/2926/2347
f 1501/1843/1501 1519/1814/1519 1529/1842/1529
f 1483/1890/1483 1453/1863/1453 1466/1821/1466
f 374/2919/374 361/2908/361 302/2920/302
f 1216/1784/1216 1261/1849/1261 1215/1805/1215
f 269/2930/269 268/2929/268 152/2879/152
f 1272/1808/1272 1307/1852/1307 1373/1891/1373
f 292/2922/292 291/2882/291 323/2940/323
f 347/2924/347 403/2902/403 419/2942/419
vt 0.4509402 0.5077857
f 416/2925/416 415/1839/415 459/2948/459
f 459/2948/459 415/1839/415 458/1838/458
f 1670/1835/1670 1704/1901/1704 1643/1812/1643
f 2339/2905/2339 2331/2912/2331 2355/2946/2355
vt 0.0338388 0.9316038
f 2353/2949/2353 2331/2912/2331 2327/2917/2327
vt 0.0415070 0.9483987
f 2327/2917/2327 2326/2907/2326 2350/2950/2350
vt 0.0824165 0.3090781
f 2760/2951/2760 2758/1860/2758 2751/1939/2751
f 2348/2947/2348 2325/2906/2325 2347/2926/2347
vt 0.0511173 0.9983361
f 2347/2926/2347 2337/2914/2337 2358/2952/2358
vt 0.1113625 0.4063078
f 590/2953/590 589/2891/589 580/2927/580
f 580/2927/580 545/2884/545 541/2933/541
vt 0.1715063 0.4377052
f 431/2934/431 374/2919/374 423/2954/423
vt 0.2223672 0.4532900
f 327/2955/327 285/2921/285 289/2936/289
vt 0.3560017 0.4964613
f 256/2901/256 293/2939/293 297/2956/297
vt 0.4065505 0.5052339
f 401/2957/401 324/2932/324 347/2924/347
f 569/1983/569 560/1817/560 576/2945/576
f 1638/1811/1638 1746/1893/1746 1696/1826/1696
vt 0.0317078 0.2667506
vt 0.0227608 0.2523268
vt 0.0353637 0.2437574
f 2736/2958/2736 2752/2959/2752 2742/2960/2742
vt 0.0255747 0.2284984
vt 0.0135638 0.2363769
vt 0.0213936 0.2206506
f 2754/2961/2754 2753/2962/2753 2756/2963/2756
f 2735/1896/2735 2737/1895/2737 2736/2958/2736
vt 0.0219787 0.9030458
f 2356/2964/2356 2346/2911/2346 2355/2946/2355
f 2751/1939/2751 2743/1859/2743 3018/1937/3018
vt 0.1489972 0.4296820
f 480/2965/480 482/2918/482 431/2934/431
f 1453/1863/1453 1483/1890/1483 1436/1864/1436
f 288/2937/288 259/2909/259 260/2928/260
vt 0.2614428 0.4695244
f 294/2966/294 260/2928/260 268/2929/268
vt 0.3475425 0.4896503
f 298/2967/298 255/2910/255 256/2901/256
f 347/2924/347 419/2942/419 420/2038/420
f 2752/2959/2752 2753/2962/2753 2742/2960/2742
vt 0.0431560 0.2570843
f 2734/2968/2734 2736/2958/2736 2742/2960/2742
vt 0.0632749 0.2820294
f 2739/2969/2739 2743/1859/2743 2738/1897/2738
f 2353/2949/2353 2327/2917/2327 2350/2950/2350
f 2326/2907/2326 2348/2947/2348 2350/2950/2350
vt 0.1934655 0.4505147
f 375/2970/375 374/2919/374 302/2920/302
vt 0.2703641 0.4681619
f 294/2966/294 268/2929/268 295/2971/295
f 298/2967/298 256/2901/256 297/2956/297
vt 0.3957724 0.4938786
f 363/2972/363 323/2940/323 324/2932/324
f 505/1892/505 517/1854/517 531/1990/531
f 1854/1899/1854 1855/1922/1855 1859/1900/1859
f 2742/2960/2742 2753/2962/2753 2754/2961/2754
f 2735/1896/2735 2736/2958/2736 2734/2968/2734
f 2355/2946/2355 2331/2912/2331 2353/2949/2353
f 3018/1937/3018 2743/1859/2743 2739/2969/2739
vt 0.0412493 0.9764480
f 2348/2947/2348 2347/2926/2347 2362/2973/2362
f 2763/1905/2763 2762/1862/2762 2758/1860/2758
f 2362/2973/2362 2347/2926/2347 2358/2952/2358
vt 0.1404469 0.4154772
f 541/2933/541 482/2918/482 537/2974/537
vt 0.1619560 0.4236083
f 480/2965/480 431/2934/431 479/2975/479
f 479/2975/479 431/2934/431 423/2954/423
vt 0.1890054 0.4355065
f 423/2954/423 374/2919/374 422/2976/422
f 375/2970/375 302/2920/302 326/2935/326
f 1270/1846/1270 1271/1867/1271 1312/1912/1312
f 294/2966/294 288/2937/288 260/2928/260
vt 0.3800506 0.4918200
f 328/2977/328 292/2922/292 323/2940/323
f 324/2932/324 401/2957/401 363/2972/363
f 401/2957/401 347/2924/347 420/2038/420
f 419/2942/419 416/2925/416 459/2948/459
vt 0.4613795 0.4991360
f 459/2948/459 458/1838/458 504/2978/504
f 504/2978/504 458/1838/458 505/1892/505
f 530/1992/530 505/1892/505 531/1990/531
f 517/1854/517 569/1983/569 531/1990/531
f 2739/2969/2739 2738/1897/2738 2735/1896/2735
vt 0.0312816 0.9638795
f 2350/2950/2350 2348/2947/2348 2363/2979/2363
vt 0.1358105 0.4071702
f 580/2927/580 541/2933/541 570/2980/570
f 537/2974/537 482/2918/482 480/2965/480
f 422/2976/422 374/2919/374 375/2970/375
f 326/2935/326 285/2921/285 327/2955/327
vt 0.2434731 0.4498910
f 337/2981/337 289/2936/289 288/2937/288
f 265/2923/265 255/2910/255 298/2967/298
f 293/2939/293 292/2922/292 328/2977/328
f 1804/1964/1804 1854/1899/1854 1755/1876/1755
vt 0.0309582 0.2259813
f 2742/2960/2742 2754/2961/2754 2755/2982/2755
vt 0.0165957 0.2099852
vt 0.0299916 0.2005698
f 2756/2963/2756 2990/2983/2990 2989/2984/2989
f 2758/1860/2758 2760/2951/2760 2761/1967/2761
vt 0.1242063 0.3457604
f 2767/1969/2767 2984/2985/2984 2765/1906/2765
vt 0.2074477 0.4413493
f 375/2970/375 326/2935/326 409/2986/409
vt 0.2992937 0.4722037
f 269/2930/269 267/2938/267 300/2987/300
vt 0.3176953 0.4757429
f 315/2988/315 267/2938/267 266/2931/266
vt 0.3373380 0.4830443
f 304/2989/304 265/2923/265 298/2967/298
vt 0.3681388 0.4836705
f 335/2990/335 297/2956/297 293/2939/293
f 419/2942/419 459/2948/459 466/2009/466
f 466/2009/466 459/2948/459 504/2978/504
f 530/1992/530 504/2978/504 505/1892/505
f 531/1990/531 569/1983/569 567/1982/567
f 1803/1931/1803 1804/1964/1804 1755/1876/1755
vt 0.0538584 0.2479486
f 2734/2968/2734 2742/2960/2742 2730/2991/2730
f 2755/2982/2755 2754/2961/2754 2756/2963/2756
vt 0.0684637 0.2614766
f 2739/2969/2739 2735/1896/2735 2741/2992/2741
f 2761/1967/2761 2760/2951/2760 2751/1939/2751
f 2761/1967/2761 2751/1939/2751 3017/1938/3017
f 2348/2947/2348 2362/2973/2362 2363/2979/2363
f 2766/1968/2766 2765/1906/2765 2763/1905/2763
f 590/2953/590 580/2927/580 570/2980/570
f 570/2980/570 541/2933/541 537/2974/537
f 2984/2985/2984 2767/1969/2767 3214/1970/3214
f 479/2975/479 537/2974/537 480/2965/480
f 422/2976/422 375/2970/375 409/2986/409
f 327/2955/327 409/2986/409 326/2935/326
f 2972/1949/2972 2969/1933/2969 2973/1973/2973
f 337/2981/337 288/2937/288 294/2966/294
f 1261/1849/1261 1309/1952/1309 1259/1879/1259
vt 0.2826049 0.4682388
f 295/2971/295 268/2929/268 299/2993/299
f 299/2993/299 268/2929/268 300/2987/300
f 268/2929/268 269/2930/269 300/2987/300
f 300/2987/300 267/2938/267 315/2988/315
vt 0.3279769 0.4819357
f 315/2988/315 266/2931/266 303/2994/303
f 266/2931/266 265/2923/265 303/2994/303
f 303/2994/303 265/2923/265 304/2989/304
vt 0.3618151 0.4789817
f 336/2995/336 297/2956/297 335/2990/335
f 293/2939/293 328/2977/328 335/2990/335
f 328/2977/328 323/2940/323 363/2972/363
f 363/2972/363 401/2957/401 420/2038/420
f 3175/1913/3175 3172/1927/3172 3174/1936/3174
f 3190/1872/3190 3174/1936/3174 3179/1914/3179
f 466/2009/466 504/2978/504 510/2010/510
f 3187/1960/3187 3180/1959/3180 3184/1961/3184
vt 0.0416991 0.2404922
f 2730/2991/2730 2742/2960/2742 2757/2996/2757
f 2757/2996/2757 2742/2960/2742 2755/2982/2755
vt 0.0587892 0.2498258
f 2733/2997/2733 2735/1896/2735 2734/2968/2734
f 2733/2997/2733 2734/2968/2734 2730/2991/2730
vt 0.0088741 0.1954567
f 2990/2983/2990 2991/2998/2991 2989/2984/2989
vt 0.0249864 0.1880358
f 2989/2984/2989 2991/2998/2991 2992/2999/2992
vt 0.0771334 0.2722186
f 3018/1937/3018 2739/2969/2739 3374/3000/3374
vt 0.1163252 0.3844547
vt 0.0953305 0.3890741
f 596/3001/596 597/3002/597 590/2953/590
vt 0.1222383 0.3965272
f 596/3001/596 590/2953/590 592/3003/592
f 592/3003/592 590/2953/590 570/2980/570
vt 0.1696560 0.4204420
f 477/3004/477 479/2975/479 423/2954/423
f 327/2955/327 289/2936/289 337/2981/337
f 3377/1951/3377 3309/1950/3309 3349/1999/3349
f 336/2995/336 298/2967/298 297/2956/297
vt 0.4377257 0.4875051
f 465/3005/465 420/2038/420 419/2942/419
f 465/3005/465 419/2942/419 466/2009/466
f 1746/1893/1746 1702/1878/1702 1800/1977/1800
vt 0.5265599 0.5849565
vt 0.5274031 0.5854247
vt 0.5269604 0.5747845
f 2719/3006/2719 2720/3007/2720 2721/3008/2721
vt 0.8469646 0.8634170
f 3403/3009/3403 3402/10/3402 3401/9/3401
vt 0.5274031 0.5651544
f 2721/3008/2721 2720/3007/2720 2722/3010/2722
vt 0.0361646 0.2327706
vt 0.0361946 0.2303290
f 3007/3011/3007 2755/2982/2755 2987/3012/2987
vt 0.0370205 0.2194626
f 2986/3013/2986 2755/2982/2755 2756/2963/2756
f 2741/2992/2741 2735/1896/2735 2733/2997/2733
f 3374/3000/3374 2739/2969/2739 2741/2992/2741
f 3017/1938/3017 3018/1937/3018 3374/3000/3374
vt 0.0014986 0.1803089
vt 0.0178390 0.1759446
f 2991/2998/2991 2994/3014/2994 2993/3015/2993
vt 0.0176781 0.1459172
vt 0.0021478 0.1546422
vt 0.0114700 0.1356405
f 2997/3016/2997 2998/3017/2998 2999/3018/2999
f 2763/1905/2763 3393/1940/3393 2985/2058/2985
f 2766/1968/2766 2763/1905/2763 2985/2058/2985
vt 0.1552545 0.4031665
f 538/3019/538 570/2980/570 537/2974/537
f 477/3004/477 423/2954/423 422/2976/422
vt 0.1909619 0.4278297
f 477/3004/477 422/2976/422 428/3020/428
vt 0.2619987 0.4481993
f 343/3021/343 337/2981/337 294/2966/294
f 343/3021/343 294/2966/294 295/2971/295
f 470/2036/470 420/2038/420 465/3005/465
f 504/2978/504 530/1992/530 510/2010/510
f 567/1982/567 561/1991/561 531/1990/531
f 1808/1928/1808 1805/2014/1805 1790/1929/1790
f 1702/1878/1702 1754/1978/1754 1800/1977/1800
vt 0.8662680 0.8603306
f 3403/3009/3403 3401/9/3401 3404/3022/3404
f 2987/3012/2987 2755/2982/2755 2986/3013/2986
vt 0.0350820 0.2145175
f 2988/3023/2988 2756/2963/2756 2989/2984/2989
vt 0.0110162 0.1663169
f 2993/3015/2993 2994/3014/2994 2995/3024/2995
f 2995/3024/2995 2998/3017/2998 2997/3016/2997
vt 0.0042766 0.1264122
vt 0.0004216 0.1101679
vt 0.0053641 0.1137694
f 3330/3025/3330 3332/3026/3332 3331/3027/3331
f 3214/1970/3214 2767/1969/2767 2768/2068/2768
f 2983/2070/2983 3214/1970/3214 2768/2068/2768
f 2966/1971/2966 2965/1945/2965 2963/1995/2963
vt 0.2250706 0.4373412
f 409/2986/409 327/2955/327 412/3028/412
vt 0.2364777 0.4381578
f 412/3028/412 327/2955/327 411/3029/411
f 411/3029/411 327/2955/327 337/2981/337
vt 0.2839722 0.4560318
f 295/2971/295 299/2993/299 338/3030/338
f 338/3030/338 299/2993/299 300/2987/300
vt 0.3530672 0.4728309
f 344/3031/344 298/2967/298 336/2995/336
vt 0.3708562 0.4739467
f 413/3032/413 335/2990/335 328/2977/328
f 1862/1994/1862 1855/1922/1855 1804/1964/1804
f 2986/3013/2986 2756/2963/2756 2988/3023/2988
vt 0.0358495 0.2096299
f 2988/3023/2988 2989/2984/2989 3006/3033/3006
f 2992/2999/2992 2991/2998/2991 2993/3015/2993
f 2768/2068/2768 2767/1969/2767 2766/1968/2766
f 538/3019/538 537/2974/537 479/2975/479
f 2965/1945/2965 2964/2017/2964 2963/1995/2963
vt 0.1654620 0.4111464
f 507/3034/507 479/2975/479 477/3004/477
f 2959/1997/2959 3272/1948/3272 2961/1996/2961
f 422/2976/422 409/2986/409 428/3020/428
f 2969/1933/2969 2968/1972/2968 2958/2018/2958
vt 0.2714324 0.4479793
f 342/3035/342 343/3021/343 295/2971/295
vt 0.3012320 0.4625291
f 338/3030/338 300/2987/300 339/3036/339
f 339/3036/339 300/2987/300 315/2988/315
vt 0.3384313 0.4649667
f 345/3037/345 303/2994/303 304/2989/304
f 304/2989/304 298/2967/298 344/3031/344
f 413/3032/413 328/2977/328 414/2064/414
f 328/2977/328 363/2972/363 414/2064/414
f 435/2037/435 363/2972/363 420/2038/420
f 3173/2008/3173 3172/1927/3172 3171/2007/3171
f 465/3005/465 466/2009/466 512/2011/512
f 525/2051/525 510/2010/510 530/1992/530
f 561/1991/561 567/1982/567 586/1981/586
vt 0.6665261 0.5960425
vt 0.6618061 0.5741021
vt 0.6521922 0.5859441
f 3656/3038/3656 3652/3039/3652 3655/3040/3655
f 1803/1931/1803 1843/2026/1843 1804/1964/1804
vt 0.0494414 0.2337715
f 2730/2991/2730 2757/2996/2757 3052/3041/3052
vt 0.5685816 0.9661326
vt 0.5645025 0.9666867
vt 0.5752124 0.9570341
f 3411/3042/3411 3424/3043/3424 3406/3044/3406
vt 0.0393953 0.2173238
f 3052/3041/3052 2757/2996/2757 3353/3045/3353
vt 0.8680438 0.8634170
f 3403/3009/3403 3404/3022/3404 3405/3046/3405
vt 0.0557864 0.2475106
f 2733/2997/2733 2730/2991/2730 2729/3047/2729
vt 0.0547942 0.2434114
f 2733/2997/2733 2729/3047/2729 2732/3048/2732
vt 0.0540307 0.2452937
f 2729/3047/2729 2730/2991/2730 2731/3049/2731
f 2732/3048/2732 2729/3047/2729 2731/3049/2731
vt 0.0374167 0.2169394
f 3008/3050/3008 2986/3013/2986 2988/3023/2988
f 3353/3045/3353 2986/3013/2986 3008/3050/3008
vt 0.9731260 0.4126447
vt 0.9700674 0.4145753
vt 0.9751265 0.4145753
f 2713/3051/2713 2714/3052/2714 2715/3053/2715
f 3353/3045/3353 2988/3023/2988 3006/3033/3006
vt 0.0255593 0.1583632
f 2993/3015/2993 2995/3024/2995 2996/3054/2996
f 2996/3054/2996 2995/3024/2995 2997/3016/2997
f 3393/1940/3393 2761/1967/2761 3308/2016/3308
f 2985/2058/2985 3393/1940/3393 3308/2016/3308
vt 0.0140765 0.1189283
f 3329/3055/3329 3330/3025/3330 3331/3027/3331
vt 0.0425471 0.0768292
f 3331/3027/3331 3332/3026/3332 3344/3056/3344
vt 0.9076728 0.0333012
f 3643/3057/3643 3642/2071/3642 3641/2073/3641
f 507/3034/507 538/3019/538 479/2975/479
vt 0.1826575 0.4092985
f 499/3058/499 477/3004/477 428/3020/428
vt 0.2083351 0.4261439
f 428/3020/428 409/2986/409 427/3059/427
f 427/3059/427 409/2986/409 412/3028/412
f 342/3035/342 295/2971/295 338/3030/338
f 315/2988/315 303/2994/303 345/3037/345
f 336/2995/336 335/2990/335 413/3032/413
f 414/2064/414 363/2972/363 435/2037/435
f 512/2011/512 510/2010/510 525/2051/525
f 1754/1978/1754 1797/2056/1797 1800/1977/1800
vt 0.0384209 0.2144436
f 3270/3060/3270 3353/3045/3353 3006/3033/3006
vt 0.0396175 0.2135864
f 3269/3061/3269 3353/3045/3353 3270/3060/3270
f 3270/3060/3270 3006/3033/3006 3269/3061/3269
vt 0.0352152 0.1724258
f 3005/3062/3005 2993/3015/2993 2996/3054/2996
vt 0.3368465 0.7524132
vt 0.3353792 0.7661400
f 3668/3063/3668 3669/2033/3669 3670/3064/3670
f 2999/3018/2999 3330/3025/3330 3329/3055/3329
f 2766/1968/2766 2985/2058/2985 2769/2060/2769
f 2959/1997/2959 2961/1996/2961 2960/2061/2960
vt 0.2471145 0.4348646
f 337/2981/337 343/3021/343 417/3065/417
f 345/3037/345 304/2989/304 344/3031/344
f 3157/2034/3157 3159/1974/3159 3158/2006/3158
vt 0.3584973 0.4671398
f 336/2995/336 413/3032/413 418/3066/418
f 3163/1957/3163 3160/1975/3160 3197/2035/3197
f 3166/1926/3166 3167/1988/3167 3168/1989/3168
f 530/1992/530 561/1991/561 525/2051/525
f 3184/1961/3184 3183/1993/3183 3185/2013/3185
f 1789/1930/1789 1805/2014/1805 1791/2015/1791
vt 0.0488334 0.1951978
f 3004/3067/3004 3269/3061/3269 3006/3033/3006
f 2992/2999/2992 2993/3015/2993 3005/3062/3005
f 2985/2058/2985 3308/2016/3308 2771/2059/2771
f 2768/2068/2768 2766/1968/2766 2769/2060/2769
f 507/3034/507 477/3004/477 499/3058/499
f 2958/2018/2958 2959/1997/2959 2957/2129/2957
vt 0.2247278 0.4219623
f 438/3068/438 427/3059/427 412/3028/412
f 411/3029/411 337/2981/337 417/3065/417
vt 0.2867905 0.4475855
f 342/3035/342 338/3030/338 349/3069/349
vt 0.3023979 0.4526895
f 338/3030/338 339/3036/339 348/3070/348
f 348/3070/348 339/3036/339 315/2988/315
vt 0.3207196 0.4577118
f 348/3070/348 315/2988/315 346/3071/346
f 346/3071/346 315/2988/315 345/3037/345
f 512/2011/512 470/2036/470 465/3005/465
f 512/2011/512 525/2051/525 526/2120/526
f 1792/2027/1792 1794/2066/1794 1747/1966/1747
vt 0.0754750 0.2361451
f 3312/3072/3312 2733/2997/2733 2732/3048/2732
vt 0.5863159 0.9405276
vt 0.5996277 0.9550790
f 3406/3044/3406 3407/3073/3407 3408/3074/3408
vt 0.5894459 0.9396718
f 3408/3074/3408 3407/3073/3407 3413/3075/3413
f 3312/3072/3312 2741/2992/2741 2733/2997/2733
vt 0.7348229 0.3473438
vt 0.7516863 0.3479730
vt 0.7516863 0.3315637
f 3447/3076/3447 3450/3077/3450 3448/3078/3448
vt 0.0942758 0.2651617
vt 0.0921266 0.2572403
f 3297/3079/3297 3374/3000/3374 3299/3080/3299
f 3670/3064/3670 3669/2033/3669 3671/2032/3671
vt 0.0213931 0.1278667
f 3002/3081/3002 2999/3018/2999 3329/3055/3329
vt 0.8890402 0.8156086
vt 0.8784789 0.8305985
vt 0.8958685 0.8210497
f 3497/3082/3497 3500/3083/3500 3499/3084/3499
f 2963/1995/2963 2964/2017/2964 2962/2044/2962
f 2976/2045/2976 3309/1950/3309 2975/2085/2975
f 349/3069/349 338/3030/338 348/3070/348
f 418/3066/418 345/3037/345 344/3031/344
f 344/3031/344 336/2995/336 418/3066/418
f 3173/2008/3173 3171/2007/3171 3193/2118/3193
f 3177/2041/3177 3173/2008/3173 3193/2118/3193
f 3174/1936/3174 3177/2041/3177 3178/2012/3178
vt 0.4681949 0.4652662
f 526/2120/526 525/2051/525 557/3085/557
f 3183/1993/3183 3180/1959/3180 3182/2124/3182
vt 0.7345801 0.0656788
f 1862/1994/1862 1890/3086/1890 1886/1963/1886
f 3257/2089/3257 3253/2055/3253 3249/2078/3249
vt 0.5777721 0.9860039
vt 0.5816249 0.9791138
f 3412/3087/3412 3411/3042/3411 3410/3088/3410
f 3410/3088/3410 3411/3042/3411 3406/3044/3406
vt 0.6081248 0.9446820
f 3408/3074/3408 3413/3075/3413 3414/3089/3414
f 3006/3033/3006 2989/2984/2989 3004/3067/3004
vt 0.0860242 0.2466256
f 3395/3090/3395 2741/2992/2741 3312/3072/3312
vt 0.0429347 0.1852504
f 3004/3067/3004 2989/2984/2989 3003/3091/3003
f 3003/3091/3003 2989/2984/2989 2992/2999/2992
f 2997/3016/2997 2999/3018/2999 3002/3081/3002
vt 0.0376951 0.1050935
f 3329/3055/3329 3331/3027/3331 3356/3092/3356
vt 0.8764756 0.8086895
f 3496/3093/3496 3500/3083/3500 3497/3082/3497
vt 0.1746606 0.3937472
f 543/3094/543 538/3019/538 507/3034/507
f 543/3094/543 507/3034/507 499/3058/499
f 2957/2129/2957 2959/1997/2959 2960/2061/2960
vt 0.2428167 0.4211686
f 437/3095/437 412/3028/412 411/3029/411
vt 0.2665353 0.4336921
f 424/3096/424 417/3065/417 343/3021/343
f 3203/2002/3203 3205/2001/3205 3204/2076/3204
f 3171/2007/3171 3170/2048/3170 3193/2118/3193
f 526/2120/526 520/2065/520 512/2011/512
f 3178/2012/3178 3189/2122/3189 3181/2049/3181
f 3180/1959/3180 3181/2049/3181 3182/2124/3182
f 562/2050/562 557/3085/557 525/2051/525
vt 0.6538385 0.5650270
f 3655/3040/3655 3652/3039/3652 3654/3097/3654
vt 0.7644790 0.0553746
f 1842/2042/1842 1861/3098/1861 1843/2026/1843
f 1796/2043/1796 1752/1965/1752 1749/1979/1749
vt 0.7351356 0.3329462
f 3447/3076/3447 3448/3078/3448 3449/3099/3449
f 3003/3091/3003 2992/2999/2992 3005/3062/3005
vt 0.0357720 0.1458245
f 2996/3054/2996 2997/3016/2997 3000/3100/3000
f 3356/3092/3356 3002/3081/3002 3329/3055/3329
f 2768/2068/2768 2769/2060/2769 2770/2110/2770
vt 0.8958685 0.7995294
f 3497/3082/3497 3499/3084/3499 3498/3101/3498
vt 0.2021205 0.4056373
f 427/3059/427 497/3102/497 428/3020/428
f 438/3068/438 412/3028/412 437/3095/437
f 424/3096/424 342/3035/342 349/3069/349
vt 0.3449440 0.4566103
f 426/3103/426 345/3037/345 418/3066/418
f 418/3066/418 413/3032/413 440/2148/440
f 440/2148/440 413/3032/413 414/2064/414
f 3178/2012/3178 3177/2041/3177 3189/2122/3189
f 3183/1993/3183 3182/2124/3182 3185/2013/3185
f 1861/3098/1861 1862/1994/1862 1843/2026/1843
vt 0.5897442 0.9699708
f 3410/3088/3410 3406/3044/3406 3409/3104/3409
f 3406/3044/3406 3408/3074/3408 3409/3104/3409
vt 0.0331412 0.1303607
f 3001/3105/3001 2997/3016/2997 3002/3081/3002
f 2774/2133/2774 2983/2070/2983 2772/2069/2772
f 499/3058/499 428/3020/428 497/3102/497
vt 0.2126493 0.4029274
f 497/3102/497 427/3059/427 495/3106/495
f 437/3095/437 411/3029/411 417/3065/417
f 424/3096/424 343/3021/343 342/3035/342
vt 0.3073490 0.4426166
f 348/3070/348 346/3071/346 425/3107/425
vt 0.3261209 0.4498087
f 421/3108/421 346/3071/346 345/3037/345
f 3156/2046/3156 3199/2005/3199 3273/2097/3273
f 421/3108/421 345/3037/345 426/3103/426
vt 0.3642452 0.4505488
f 439/3109/439 418/3066/418 440/2148/440
vt 0.4354975 0.8943050
f 3616/2088/3616 3617/2087/3617 3618/3110/3618
f 440/2148/440 414/2064/414 436/2063/436
f 3170/2048/3170 3169/2062/3169 3194/2107/3194
f 513/2121/513 473/2040/473 470/2036/470
f 513/2121/513 470/2036/470 520/2065/520
vt 0.4622290 0.4497436
f 558/3111/558 526/2120/526 557/3085/557
f 562/2050/562 561/1991/561 579/2100/579
f 1890/3086/1890 1862/1994/1862 1889/2141/1889
vt 0.7824907 0.0469825
f 1797/2056/1797 1852/3112/1852 1842/2042/1842
f 1796/2043/1796 1852/3112/1852 1797/2056/1797
vt 0.0972599 0.2771614
vt 0.1108686 0.2655333
f 3308/2016/3308 3298/3113/3298 2809/3114/2809
f 3000/3100/3000 2997/3016/2997 3001/3105/3001
f 2770/2110/2770 2769/2060/2769 2771/2059/2771
f 2772/2069/2772 2768/2068/2768 2770/2110/2770
vt 0.8858263 0.7929537
f 3495/3115/3495 3496/3093/3496 3497/3082/3497
f 3498/3101/3498 3495/3115/3495 3497/3082/3497
vt 0.0924697 0.0679079
vt 0.0939558 0.0565951
f 3219/3116/3219 3344/3056/3344 3015/3117/3015
f 2960/2061/2960 3265/2082/3265 2967/2128/2967
f 2957/2129/2957 2960/2061/2960 2967/2128/2967
f 495/3106/495 427/3059/427 438/3068/438
vt 0.2269016 0.4113188
f 495/3106/495 438/3068/438 483/3118/483
f 2956/2092/2956 2958/2018/2958 2957/2129/2957
f 3605/2094/3605 3608/2039/3608 3609/2105/3609
f 425/3107/425 346/3071/346 421/3108/421
f 3199/2005/3199 3202/2003/3202 3273/2097/3273
f 426/3103/426 418/3066/418 439/3109/439
f 3347/2047/3347 3155/2099/3155 3146/2136/3146
f 436/2063/436 435/2037/435 473/2040/473
f 3193/2118/3193 3170/2048/3170 3316/2138/3316
vt 0.4202853 0.4476776
f 513/2121/513 521/3119/521 473/2040/473
f 558/3111/558 557/3085/557 562/2050/562
f 3185/2013/3185 3182/2124/3182 3291/2154/3291
vt 0.6665261 0.5516409
f 3652/3039/3652 3653/3120/3653 3654/3097/3654
vt 0.4977250 0.4442056
vt 0.5063238 0.4541010
f 594/3121/594 585/2052/585 595/3122/595
f 1861/3098/1861 1889/2141/1889 1862/1994/1862
f 1852/3112/1852 1861/3098/1861 1842/2042/1842
f 1796/2043/1796 1835/2108/1835 1852/3112/1852
vt 0.0545900 0.1470798
f 3354/3123/3354 3005/3062/3005 2996/3054/2996
f 2809/3114/2809 3298/3113/3298 3297/3079/3297
f 3354/3123/3354 2996/3054/2996 3000/3100/3000
vt 0.1157107 0.2806617
f 3043/3124/3043 3308/2016/3308 2809/3114/2809
f 3001/3105/3001 3002/3081/3002 3356/3092/3356
vt 0.1981936 0.3975375
f 511/3125/511 543/3094/543 499/3058/499
vt 0.1856642 0.3891702
f 544/3126/544 543/3094/543 511/3125/511
f 497/3102/497 511/3125/511 499/3058/499
f 483/3118/483 438/3068/438 437/3095/437
f 425/3107/425 349/3069/349 348/3070/348
f 558/3111/558 562/2050/562 579/2100/579
f 1887/2139/1887 1889/2141/1889 1861/3098/1861
vt 0.0938639 0.2198710
vt 0.0768955 0.2204389
f 3077/3127/3077 3312/3072/3312 3074/3128/3074
vt 0.0920836 0.2147770
f 3077/3127/3077 3074/3128/3074 3072/3129/3072
vt 0.0752131 0.2080073
f 3072/3129/3072 3074/3128/3074 3073/3130/3073
vt 0.4710907 0.0535714
vt 0.4700674 0.0382231
vt 0.4884785 0.0535714
f 3431/3131/3431 3429/3132/3429 3427/3133/3427
vt 0.1059671 0.2482153
f 3299/3080/3299 3395/3090/3395 3019/3134/3019
vt 0.1078331 0.0642592
f 3011/3135/3011 3219/3116/3219 3015/3117/3015
f 2957/2129/2957 2967/2128/2967 2979/2165/2979
vt 0.2647272 0.4209579
f 437/3095/437 417/3065/417 434/3136/434
f 434/3136/434 417/3065/417 424/3096/424
vt 0.2889639 0.4233255
f 434/3136/434 424/3096/424 433/3137/433
f 3189/2122/3189 3177/2041/3177 3363/2119/3363
f 552/2131/552 526/2120/526 558/3111/558
f 585/2052/585 594/3121/594 579/2100/579
vt 0.0901960 0.2032361
vt 0.0706728 0.1907253
f 3070/3138/3070 3073/3130/3073 3075/3139/3075
vt 0.4867824 0.0362092
f 3427/3133/3427 3429/3132/3429 3428/3140/3428
vt 0.0642320 0.1717412
f 3004/3067/3004 3003/3091/3003 3367/3141/3367
f 3297/3079/3297 3299/3080/3299 3019/3134/3019
vt 0.0610797 0.1262836
f 3274/3142/3274 3000/3100/3000 3001/3105/3001
f 2782/2143/2782 3265/2082/3265 2774/2133/2774
vt 0.2218919 0.3981162
f 496/3143/496 495/3106/495 483/3118/483
f 2955/2130/2955 2957/2129/2957 2979/2165/2979
vt 0.2340017 0.3983004
f 483/3118/483 437/3095/437 494/3144/494
f 2974/2083/2974 2956/2092/2956 2953/2135/2953
f 433/3137/433 424/3096/424 349/3069/349
vt 0.3079334 0.4279559
f 432/3145/432 433/3137/433 349/3069/349
f 432/3145/432 349/3069/349 425/3107/425
vt 0.3283240 0.4341713
f 425/3107/425 421/3108/421 447/3146/447
f 447/3146/447 421/3108/421 426/3103/426
vt 0.3463549 0.4402589
f 448/3147/448 426/3103/426 439/3109/439
f 488/2146/488 436/2063/436 473/2040/473
vt 0.4125949 0.4375462
f 521/3119/521 522/3148/522 473/2040/473
vt 0.9582630 0.6472008
f 3602/2151/3602 3603/3149/3603 3600/2149/3600
f 3252/2077/3252 3258/2199/3258 3251/2132/3251
f 1852/3112/1852 1887/2139/1887 1861/3098/1861
f 3072/3129/3072 3073/3130/3073 3070/3138/3070
vt 0.0847943 0.1861323
f 3070/3138/3070 3075/3139/3075 3076/3150/3076
vt 0.6116781 0.9657201
f 3408/3074/3408 3414/3089/3414 3415/3151/3415
f 3414/3089/3414 3416/6/3416 3415/3151/3415
vt 0.6258338 0.9472786
f 3416/6/3416 3414/3089/3414 3417/3152/3417
vt 0.1017810 0.2371462
f 3019/3134/3019 3395/3090/3395 2811/3153/2811
f 3367/3141/3367 3003/3091/3003 3005/3062/3005
vt 0.8711473 0.0301480
vt 0.8610514 0.0149614
vt 0.8790252 0.0211535
f 3444/3154/3444 3445/3155/3445 3446/3156/3446
f 3297/3079/3297 3019/3134/3019 2809/3114/2809
vt 0.1246552 0.2644042
f 3043/3124/3043 2809/3114/2809 2808/3157/2808
vt 0.0441273 0.3672780
f 3625/2081/3625 3626/2080/3626 3623/3158/3623
vt 0.0886423 0.1093757
f 3001/3105/3001 3356/3092/3356 3396/3159/3396
vt 0.5889544 0.5699807
vt 0.5889544 0.5400579
vt 0.5813659 0.5598890
f 3476/3160/3476 3477/3161/3477 3478/3162/3478
vt 0.0944250 0.0806011
f 3011/3135/3011 3014/3163/3014 3219/3116/3219
vt 0.1042674 0.0539595
f 3011/3135/3011 3015/3117/3015 3013/3164/3013
f 496/3143/496 511/3125/511 497/3102/497
f 496/3143/496 497/3102/497 495/3106/495
f 2967/2128/2967 3355/2134/3355 2979/2165/2979
vt 0.2505936 0.4097160
f 474/3165/474 437/3095/437 434/3136/434
f 3273/2097/3273 3154/2169/3154 3150/2171/3150
f 3148/2159/3148 3273/2097/3273 3150/2171/3150
f 448/3147/448 447/3146/447 426/3103/426
f 488/2146/488 440/2148/440 436/2063/436
f 522/3148/522 488/2146/488 473/2040/473
f 3586/2115/3586 3580/2175/3580 3585/2116/3585
vt 0.9778829 0.7273166
f 3587/2117/3587 3585/2116/3585 3588/3166/3588
f 3182/2124/3182 3186/2123/3186 3291/2154/3291
vt 0.4710657 0.1774817
f 3254/2054/3254 3291/2154/3291 3256/3167/3256
f 3254/2054/3254 3256/3167/3256 3252/2077/3252
vt 0.7434987 0.0391757
f 1891/2140/1891 1892/3168/1892 1889/2141/1889
vt 0.4880445 0.0361969
f 3426/3169/3426 3427/3133/3427 3428/3140/3428
vt 0.8604553 0.0400579
f 3443/3170/3443 3445/3155/3445 3444/3154/3444
vt 0.9548904 0.5458494
vt 0.9443870 0.5483068
vt 0.9548904 0.5632240
f 3456/3171/3456 3457/3172/3457 3458/3173/3458
vt 0.9430860 0.5596197
f 3458/3173/3458 3457/3172/3457 3459/3174/3459
vt 0.0453793 0.3882615
f 3624/3175/3624 3625/2081/3625 3623/3158/3623
f 2773/2111/2773 2770/2110/2770 2981/2109/2981
vt 0.1485760 0.2799029
f 2773/2111/2773 2981/2109/2981 2776/3176/2776
vt 0.0960058 0.0904253
f 3058/3177/3058 3356/3092/3356 3014/3163/3014
vt 0.1182799 0.0496846
vt 0.1102798 0.0406237
f 3012/3178/3012 3013/3164/3013 3220/3179/3220
f 496/3143/496 483/3118/483 494/3144/494
f 474/3165/474 494/3144/494 437/3095/437
vt 0.2695336 0.4110087
f 474/3165/474 434/3136/434 481/3180/481
f 481/3180/481 434/3136/434 433/3137/433
f 432/3145/432 425/3107/425 447/3146/447
f 3273/2097/3273 3148/2159/3148 3147/2098/3147
f 439/3109/439 440/2148/440 485/2147/485
f 594/3121/594 582/2193/582 579/2100/579
f 3252/2077/3252 3256/3167/3256 3258/2199/3258
vt 0.0949909 0.2194062
f 3071/3181/3071 3077/3127/3077 3072/3129/3072
vt 0.5139123 0.5767375
vt 0.5147555 0.5801479
vt 0.5139124 0.5844595
f 2726/3182/2726 2727/3183/2727 2728/3184/2728
f 3425/5/3425 3415/3151/3415 3416/6/3416
f 3418/7/3418 3416/6/3416 3417/3152/3417
vt 0.1181600 0.2470608
f 2809/3114/2809 3019/3134/3019 2805/3185/2805
vt 0.9363770 0.9232625
vt 0.9346543 0.9136100
vt 0.9559808 0.9140154
f 3461/3186/3461 3463/3187/3463 3462/3188/3462
f 3622/2219/3622 3624/3175/3624 3623/3158/3623
vt 0.1125651 0.0764285
f 3009/3189/3009 3014/3163/3014 3011/3135/3011
f 3388/2127/3388 2782/2143/2782 3355/2134/3355
f 2953/2135/2953 2955/2130/2955 2954/2166/2954
f 3326/2112/3326 3215/2093/3215 3045/2205/3045
f 3146/2136/3146 3144/2172/3144 3201/2137/3201
vt 0.4116691 0.2696550
f 3363/2119/3363 3289/3190/3289 3288/2189/3288
f 521/3119/521 513/2121/513 552/2131/552
f 558/3111/558 572/2195/572 552/2131/552
f 582/2193/582 558/3111/558 579/2100/579
f 3249/2078/3249 3251/2132/3251 3248/2144/3248
f 3263/2156/3263 3334/2179/3334 3335/2157/3335
f 3071/3181/3071 3072/3129/3072 3070/3138/3070
f 2805/3185/2805 3019/3134/3019 2811/3153/2811
vt 0.8806914 0.0400579
f 3444/3154/3444 3446/3156/3446 3442/3191/3442
vt 0.1229787 0.2547539
f 2808/3157/2808 2809/3114/2809 2806/3192/2806
f 3012/3178/3012 3011/3135/3011 3013/3164/3013
vt 0.0096965 0.7630309
f 3576/2212/3576 3578/2214/3578 3579/3193/3579
f 3271/2168/3271 3153/2167/3153 3154/2169/3154
f 3147/2098/3147 3145/2160/3145 3146/2136/3146
vt 0.3626770 0.4273385
f 487/3194/487 448/3147/448 439/3109/439
vt 0.3723690 0.4328994
f 439/3109/439 485/2147/485 486/3195/486
f 3585/2116/3585 3580/2175/3580 3584/2186/3584
f 3288/2189/3288 3289/3190/3289 3286/2187/3286
f 3246/2101/3246 3248/2144/3248 3242/2162/3242
f 3246/2101/3246 3242/2162/3242 3244/2125/3244
f 3068/1/3068 3070/3138/3070 3078/4/3078
f 3078/4/3078 3070/3138/3070 3076/3150/3076
vt 0.0999926 0.2042964
f 3071/3181/3071 3070/3138/3070 3069/3196/3069
vt 0.7347983 0.9127811
vt 0.7407251 0.9155405
vt 0.7407251 0.9002538
f 3433/3197/3433 3435/3198/3435 3434/3199/3434
vt 0.5029511 0.0375904
f 3427/3133/3427 3426/3169/3426 3430/3200/3430
vt 0.6342395 0.9597759
f 3419/3201/3419 3418/7/3418 3417/3152/3417
vt 0.0919871 0.1426082
vt 0.0944242 0.1617393
f 2833/3202/2833 2866/3203/2866 3367/3141/3367
f 3442/3191/3442 3443/3170/3443 3444/3154/3444
f 2806/3192/2806 2809/3114/2809 2805/3185/2805
vt 0.0904834 0.1253791
f 2833/3202/2833 3354/3123/3354 2867/3204/2867
f 3622/2219/3622 3623/3158/3623 3620/2217/3620
vt 0.9574199 0.9232625
f 3460/3205/3460 3461/3186/3461 3462/3188/3462
vt 0.1157303 0.0872247
f 2844/3206/2844 3058/3177/3058 3014/3163/3014
f 2773/2111/2773 2776/3176/2776 2775/2158/2775
f 2774/2133/2774 2775/2158/2775 2782/2143/2782
vt 0.1193090 0.0600922
f 3010/3207/3010 3011/3135/3011 3012/3178/3012
vt 0.1887784 0.3010374
f 3355/2134/3355 2782/2143/2782 3266/3208/3266
vt 0.1277755 0.0508226
f 3012/3178/3012 3220/3179/3220 3016/3209/3016
vt 0.1285661 0.0280436
f 3016/3209/3016 3220/3179/3220 3221/3210/3221
vt 0.7215849 0.0535714
vt 0.7306071 0.0418399
vt 0.7171164 0.0340090
f 3592/3211/3592 3590/3212/3590 3589/3213/3589
f 2979/2165/2979 3293/2164/3293 2954/2166/2954
f 2953/2135/2953 2954/2166/2954 2951/2202/2951
vt 0.2529231 0.3959179
f 500/3214/500 494/3144/494 474/3165/474
f 2952/2145/2952 2953/2135/2953 2951/2202/2951
f 481/3180/481 500/3214/500 474/3165/474
f 3215/2093/3215 2952/2145/2952 3045/2205/3045
vt 0.2950428 0.4029250
f 492/3215/492 481/3180/481 433/3137/433
f 3154/2169/3154 3153/2167/3153 3152/2170/3152
vt 0.3149491 0.4088960
f 432/3145/432 447/3146/447 489/3216/489
vt 0.3320688 0.4142077
f 490/3217/490 447/3146/447 448/3147/448
f 487/3194/487 439/3109/439 486/3195/486
f 3580/2175/3580 3581/2174/3581 3582/2185/3582
vt 0.4308594 0.4348761
f 551/3218/551 521/3119/521 552/2131/552
f 572/2195/572 558/3111/558 582/2193/582
vt 0.4143345 0.0199565
f 3261/2196/3261 3262/2198/3262 3305/3219/3305
f 3234/2180/3234 3233/2197/3233 3261/2196/3261
f 3243/2163/3243 3240/2201/3240 3245/2181/3245
vt 0.0788364 0.4300193
vt 0.0788364 0.4020270
vt 0.0670320 0.4199734
f 3673/3220/3673 3674/3221/3674 3675/3222/3675
f 3070/3138/3070 3068/1/3068 3069/3196/3069
vt 0.7339798 0.8981660
f 3432/3223/3432 3433/3197/3433 3434/3199/3434
vt 0.6211852 0.9747230
f 3420/3224/3420 3418/7/3418 3419/3201/3419
vt 0.1089021 0.2158708
f 2804/2209/2804 2811/3153/2811 3216/3225/3216
f 2805/3185/2805 2811/3153/2811 2804/2209/2804
vt 0.1393446 0.2606291
f 2807/3226/2807 2808/3157/2808 2806/3192/2806
vt 0.1021142 0.1109185
f 2867/3204/2867 3274/3142/3274 2863/3227/2863
f 2844/3206/2844 3014/3163/3014 3009/3189/3009
f 3009/3189/3009 3011/3135/3011 3010/3207/3010
vt 0.1415423 0.0402279
vt 0.1386882 0.0219667
vt 0.1455881 0.0209323
f 3361/3228/3361 3378/3229/3378 3346/3230/3346
vt 0.2409296 0.3961402
f 500/3214/500 501/3231/501 494/3144/494
vt 0.2730118 0.3992517
f 500/3214/500 481/3180/481 493/3232/493
vt 0.4014437 0.4262094
f 532/3233/532 488/2146/488 522/3148/522
vt 0.4386328 0.4260612
f 571/3234/571 551/3218/551 552/2131/552
vt 0.5054806 0.9570463
f 3628/2176/3628 3629/3235/3629 3630/2177/3630
f 3216/3225/3216 3069/3196/3069 3066/3/3066
f 3069/3196/3069 3068/1/3068 3066/3/3066
vt 0.0966239 0.1829621
f 3066/3/3066 3067/2/3067 3065/3236/3065
f 3067/2/3067 3078/4/3078 3065/3236/3065
f 3071/3181/3071 3069/3196/3069 3216/3225/3216
vt 0.6250241 0.9754280
f 3420/3224/3420 3419/3201/3419 3421/3237/3421
f 2844/3206/2844 3396/3159/3396 3058/3177/3058
f 2777/2231/2777 2775/2158/2775 2776/3176/2776
f 3266/3208/3266 2782/2143/2782 2779/2236/2779
f 3016/3209/3016 3010/3207/3010 3012/3178/3012
f 3361/3228/3361 3016/3209/3016 3221/3210/3221
f 3361/3228/3361 3221/3210/3221 3378/3229/3378
vt 0.2147970 0.2995335
f 2954/2166/2954 3293/2164/3293 2977/3238/2977
f 492/3215/492 493/3232/493 481/3180/481
f 492/3215/492 433/3137/433 432/3145/432
f 492/3215/492 432/3145/432 489/3216/489
f 3150/2171/3150 3152/2170/3152 3151/2206/3151
vt 0.3492871 0.4210452
f 490/3217/490 448/3147/448 491/3239/491
f 491/3239/491 448/3147/448 487/3194/487
vt 0.3779030 0.4142770
f 528/3240/528 486/3195/486 485/2147/485
f 551/3218/551 522/3148/522 521/3119/521
f 3288/2189/3288 3287/2188/3287 3338/2220/3338
f 571/3234/571 552/2131/552 572/2195/572
f 3394/2152/3394 3288/2189/3288 3338/2220/3338
vt 0.4346543 0.3865830
f 3596/2192/3596 3597/2191/3597 3598/3241/3598
vt 0.4470643 0.1780479
f 3256/3167/3256 3386/3242/3386 3258/2199/3258
vt 0.1050370 0.1984990
f 3063/3243/3063 3216/3225/3216 3066/3/3066
f 3063/3243/3063 3066/3/3066 3065/3236/3065
vt 0.0993541 0.1800196
f 3063/3243/3063 3065/3236/3065 3064/3244/3064
f 2803/2211/2803 2805/3185/2805 2804/2209/2804
vt 0.1065431 0.1238140
f 2832/3245/2832 2867/3204/2867 2863/3227/2863
f 2782/2143/2782 2775/2158/2775 2779/2236/2779
vt 0.7306071 0.0217181
f 3589/3213/3589 3590/3212/3590 3591/3246/3591
vt 0.1513179 0.0367202
f 3049/3247/3049 3361/3228/3361 3346/3230/3346
vt 0.1556926 0.0161270
f 3049/3247/3049 3346/3230/3346 3341/3248/3341
vt 0.2785151 0.3034393
f 3153/2167/3153 3315/3249/3315 3151/2206/3151
f 489/3216/489 447/3146/447 490/3217/490
f 3144/2172/3144 3145/2160/3145 3143/2183/3143
f 528/3240/528 487/3194/487 486/3195/486
f 3142/2184/3142 3143/2183/3143 3141/2229/3141
f 532/3233/532 485/2147/485 488/2146/488
vt 0.3945363 0.2501121
f 3286/2187/3286 3285/3250/3285 3287/2188/3287
vt 0.4166135 0.4204601
f 559/3251/559 522/3148/522 551/3218/551
f 3280/2222/3280 3394/2152/3394 3338/2220/3338
vt 0.4683169 0.4193261
f 593/3252/593 583/2194/583 582/2193/582
f 3262/2198/3262 3323/2224/3323 3305/3219/3305
f 3234/2180/3234 3232/2225/3232 3233/2197/3233
vt 0.1059699 0.1424322
f 2866/3203/2866 2833/3202/2833 2831/3253/2831
f 2806/3192/2806 2805/3185/2805 2803/2211/2803
f 2832/3245/2832 2833/3202/2833 2867/3204/2867
f 2807/3226/2807 2806/3192/2806 2803/2211/2803
vt 0.1173720 0.0991163
f 2864/3254/2864 2863/3227/2863 3396/3159/3396
f 2864/3254/2864 3396/3159/3396 2844/3206/2844
f 2777/2231/2777 2776/3176/2776 3342/2232/3342
vt 0.1316314 0.0717214
f 2861/3255/2861 3009/3189/3009 3010/3207/3010
f 2861/3255/2861 3010/3207/3010 3016/3209/3016
vt 0.2003801 0.2866374
f 3266/3208/3266 2779/2236/2779 3357/3256/3357
vt 0.1355702 0.0584359
f 3053/3257/3053 3016/3209/3016 3361/3228/3361
f 2951/2202/2951 2954/2166/2954 2977/3238/2977
f 2952/2145/2952 2950/2203/2950 2980/2204/2980
f 3315/3249/3315 3045/2205/3045 2980/2204/2980
f 3145/2160/3145 3149/2215/3149 3198/2230/3198
f 3145/2160/3145 3198/2230/3198 3143/2183/3143
vt 0.3886123 0.2631857
f 3286/2187/3286 3208/3258/3208 3285/3250/3285
f 532/3233/532 522/3148/522 559/3251/559
f 559/3251/559 551/3218/551 571/3234/571
vt 0.4443333 0.4173365
f 584/3259/584 571/3234/571 572/2195/572
f 583/2194/583 584/3259/584 572/2195/572
vt 0.4444310 0.1919553
vt 0.4287093 0.1940413
f 3364/3260/3364 3398/2153/3398 3278/3261/3278
f 3231/2207/3231 3230/2223/3230 3262/2198/3262
f 3258/2199/3258 3386/3242/3386 3360/2200/3360
f 3263/2156/3263 3232/2225/3232 3234/2180/3234
f 3248/2144/3248 3360/2200/3360 3250/2216/3250
f 3245/2181/3245 3237/2227/3237 3345/2161/3345
vt 0.1140288 0.1750950
f 3063/3243/3063 3064/3244/3064 3062/3262/3062
vt 0.8210493 0.8544260
vt 0.8385329 0.8547187
vt 0.8385329 0.8368829
f 3436/3263/3436 3437/3264/3437 3438/3265/3438
vt 0.6379076 0.9860039
f 3422/3266/3422 3421/3237/3421 3419/3201/3419
vt 0.1253487 0.2109827
f 2804/2209/2804 3216/3225/3216 2810/3267/2810
f 2802/2210/2802 2804/2209/2804 2810/3267/2810
f 2831/3253/2831 2833/3202/2833 2832/3245/2832
f 2775/2158/2775 2777/2231/2777 2778/2237/2778
f 2775/2158/2775 2778/2237/2778 2779/2236/2779
f 2844/3206/2844 3009/3189/3009 2861/3255/2861
f 3053/3257/3053 2861/3255/2861 3016/3209/3016
vt 0.1470382 0.0502579
f 2860/3268/2860 3053/3257/3053 3361/3228/3361
vt 0.2330142 0.2932341
f 2951/2202/2951 2977/3238/2977 2948/3269/2948
vt 0.1752405 0.0131034
vt 0.1718608 0.0056410
f 3294/3270/3294 3341/3248/3341 3359/3271/3359
vt 0.2743194 0.3902676
f 539/3272/539 493/3232/493 492/3215/492
f 3148/2159/3148 3150/2171/3150 3149/2215/3149
vt 0.3564183 0.4012926
f 523/3273/523 491/3239/491 487/3194/487
vt 0.3896875 0.4210300
f 529/3274/529 528/3240/528 485/2147/485
f 532/3233/532 529/3274/529 485/2147/485
vt 0.3757763 0.2620628
f 3208/3258/3208 3142/2184/3142 3140/3275/3140
f 3287/2188/3287 3285/3250/3285 3292/2254/3292
vt 0.4462331 0.4118432
f 584/3259/584 583/2194/583 587/3276/587
vt 0.3974195 0.0213842
f 3323/2224/3323 3227/2244/3227 3371/3277/3371
vt 0.4300893 0.1822639
f 3364/3260/3364 3278/3261/3278 3314/3278/3314
f 3364/3260/3364 3314/3278/3314 3386/3242/3386
vt 0.4281123 0.0878388
f 3345/2161/3345 3236/3279/3236 3263/2156/3263
f 3237/2227/3237 3236/3279/3236 3345/2161/3345
vt 0.6429174 0.9831310
f 3423/3280/3423 3422/3266/3422 3419/3201/3419
vt 0.1150476 0.1688606
vt 0.1088677 0.1539121
f 3267/3281/3267 2866/3203/2866 2830/3282/2830
f 2830/3282/2830 2866/3203/2866 2831/3253/2831
vt 0.1216476 0.1107408
f 2832/3245/2832 2863/3227/2863 2835/3283/2835
f 2835/3283/2835 2863/3227/2863 2864/3254/2864
f 2977/3238/2977 3293/2164/3293 3357/3256/3357
f 2860/3268/2860 3361/3228/3361 3049/3247/3049
vt 0.1644447 0.0310618
f 2862/3284/2862 3049/3247/3049 3341/3248/3341
f 2950/2203/2950 2951/2202/2951 2948/3269/2948
vt 0.2968429 0.3828952
f 540/3285/540 539/3272/539 492/3215/492
vt 0.3673588 0.4083443
f 528/3240/528 524/3286/524 487/3194/487
f 3140/3275/3140 3142/2184/3142 3141/2229/3141
vt 0.4220659 0.4125975
f 566/3287/566 559/3251/559 571/3234/571
vt 0.9784992 0.5796332
vt 0.9591063 0.5796332
vt 0.9741711 0.5680248
f 3572/3288/3572 3573/3289/3573 3574/3290/3574
f 3398/2153/3398 3280/2222/3280 3278/3261/3278
f 3236/3279/3236 3232/2225/3232 3263/2156/3263
f 3239/2246/3239 3237/2227/3237 3240/2201/3240
vt 0.8211952 0.8360925
f 3436/3263/3436 3438/3265/3438 3439/3291/3439
vt 0.1210540 0.1931041
f 3061/3292/3061 3063/3243/3063 3062/3262/3062
vt 0.1238131 0.1366099
f 2829/3293/2829 2831/3253/2831 2832/3245/2832
vt 0.1520160 0.2434961
f 2812/3294/2812 2807/3226/2807 2803/2211/2803
f 2777/2231/2777 2947/2233/2947 2778/2237/2778
vt 0.1313999 0.0831177
f 2843/3295/2843 2844/3206/2844 2861/3255/2861
f 2779/2236/2779 2780/2238/2780 3357/3256/3357
vt 0.1586700 0.0517306
f 2860/3268/2860 3049/3247/3049 2848/3296/2848
f 2862/3284/2862 3341/3248/3341 3294/3270/3294
vt 0.2494136 0.2907274
f 2950/2203/2950 2948/3269/2948 2949/3297/2949
f 2950/2203/2950 2949/3297/2949 2980/2204/2980
vt 0.1969918 0.0125000
vt 0.1806873 0.0237255
f 2865/3298/2865 3041/3299/3041 3294/3270/3294
vt 0.3192602 0.3892152
f 535/3300/535 492/3215/492 489/3216/489
vt 0.3363067 0.3951776
f 527/3301/527 535/3300/535 489/3216/489
f 490/3217/490 527/3301/527 489/3216/489
f 527/3301/527 490/3217/490 491/3239/491
f 523/3273/523 527/3301/527 491/3239/491
vt 0.4034238 0.4054457
f 565/3302/565 529/3274/529 532/3233/532
f 3208/3258/3208 3140/3275/3140 3138/2252/3138
f 565/3302/565 532/3233/532 559/3251/559
f 3285/3250/3285 3208/3258/3208 3138/2252/3138
vt 0.9596037 0.5593629
f 3573/3289/3573 3575/3303/3575 3574/3290/3574
vt 0.4207694 0.1965748
f 3279/2221/3279 3277/3304/3277 3280/2222/3280
f 3314/3278/3314 3106/2257/3106 3386/3242/3386
f 3240/2201/3240 3241/2226/3241 3239/2246/3239
vt 0.1465575 0.2291173
f 2803/2211/2803 2802/2210/2802 2800/3305/2800
f 3342/2232/3342 2807/3226/2807 2812/3294/2812
vt 0.1599003 0.2498110
f 3380/3306/3380 3342/2232/3342 2812/3294/2812
vt 0.1321012 0.0953344
f 2839/3307/2839 2864/3254/2864 2844/3206/2844
f 2839/3307/2839 2844/3206/2844 2843/3295/2843
vt 0.1414941 0.0729893
f 2842/3308/2842 2861/3255/2861 3053/3257/3053
f 2842/3308/2842 3053/3257/3053 2860/3268/2860
vt 0.2181198 0.2804532
f 2977/3238/2977 3357/3256/3357 3307/3309/3307
f 2977/3238/2977 3307/3309/3307 2948/3269/2948
f 2848/3296/2848 3049/3247/3049 2862/3284/2862
f 3041/3299/3041 2862/3284/2862 3294/3270/3294
vt 0.2627363 0.2879171
f 2980/2204/2980 2949/3297/2949 3044/3310/3044
f 2980/2204/2980 3044/3310/3044 3315/3249/3315
f 3315/3249/3315 3223/2259/3223 3037/2261/3037
vt 0.3756324 0.9721264
vt 0.3960896 0.9666988
vt 0.3887421 0.9811776
f 3571/3311/3571 3570/3312/3570 3569/3313/3569
vt 0.9397133 0.8091683
vt 0.9599494 0.8199807
vt 0.9505113 0.8002501
f 3566/3314/3566 3567/3315/3567 3564/3316/3564
vt 0.9448677 0.7922668
f 3563/3317/3563 3566/3314/3566 3564/3316/3564
f 524/3286/524 523/3273/523 487/3194/487
vt 0.3863446 0.3974771
f 564/3318/564 528/3240/528 529/3274/529
vt 0.3719895 0.2525645
f 3140/3275/3140 3141/2229/3141 3139/3319/3139
f 3140/3275/3140 3139/3319/3139 3138/2252/3138
f 584/3259/584 587/3276/587 571/3234/571
f 3278/3261/3278 3280/2222/3280 3277/3304/3277
f 3314/3278/3314 3278/3261/3278 3100/2255/3100
vt 0.4123231 0.0709203
f 3229/3320/3229 3230/2223/3230 3231/2207/3231
f 3232/2225/3232 3229/3320/3229 3231/2207/3231
vt 0.8022766 0.3373553
vt 0.7811973 0.3373553
vt 0.7918100 0.3267375
f 3593/3321/3593 3594/3322/3594 3595/3323/3595
vt 0.1433756 0.2182616
f 2802/2210/2802 2810/3267/2810 2801/3324/2801
vt 0.1252035 0.1482513
f 2828/3325/2828 3267/3281/3267 2830/3282/2830
f 2830/3282/2830 2831/3253/2831 2829/3293/2829
f 2812/3294/2812 2803/2211/2803 2800/3305/2800
f 2947/2233/2947 3342/2232/3342 3380/3306/3380
f 2842/3308/2842 2843/3295/2843 2861/3255/2861
vt 0.2083984 0.2734546
f 3357/3256/3357 2780/2238/2780 2946/3326/2946
vt 0.3024103 0.3841012
f 536/3327/536 540/3285/540 492/3215/492
f 536/3327/536 492/3215/492 535/3300/535
f 564/3318/564 529/3274/529 565/3302/565
f 565/3302/565 559/3251/559 566/3287/566
f 3285/3250/3285 3138/2252/3138 3292/2254/3292
vt 0.3947795 0.2270746
f 3283/2235/3283 3292/2254/3292 3284/3328/3284
vt 0.4299709 0.3996445
f 571/3234/571 588/3329/588 566/3287/566
f 587/3276/587 588/3329/588 571/3234/571
vt 0.4069435 0.2149805
f 3279/2221/3279 3283/2235/3283 3281/3330/3281
vt 0.4044216 0.2026356
f 3279/2221/3279 3104/3331/3104 3277/3304/3277
f 3226/2242/3226 3227/2244/3227 3323/2224/3323
vt 0.3948792 0.0554341
f 3226/2242/3226 3323/2224/3323 3225/3332/3225
f 3230/2223/3230 3225/3332/3225 3323/2224/3323
vt 0.0560708 0.4609073
vt 0.0408938 0.4769446
vt 0.0560708 0.4760009
f 3633/3333/3633 3634/3334/3634 3635/3335/3635
vt 0.4184627 0.0896113
f 3235/3336/3235 3229/3320/3229 3232/2225/3232
f 3236/3279/3236 3235/3336/3235 3232/2225/3232
f 3237/2227/3237 3235/3336/3235 3236/3279/3236
vt 0.1326871 0.1712722
f 2872/3337/2872 3061/3292/3061 3062/3262/3062
f 2872/3337/2872 3062/3262/3062 3267/3281/3267
vt 0.1396264 0.2064440
f 2801/3324/2801 2810/3267/2810 3295/3338/3295
f 2828/3325/2828 2830/3282/2830 2829/3293/2829
f 2800/3305/2800 2802/2210/2802 2801/3324/2801
vt 0.1260320 0.1229582
f 2834/3339/2834 2829/3293/2829 2832/3245/2832
f 2834/3339/2834 2832/3245/2832 2835/3283/2835
vt 0.1330177 0.1066423
f 2836/3340/2836 2835/3283/2835 2864/3254/2864
f 2836/3340/2836 2864/3254/2864 2839/3307/2839
f 2778/2237/2778 2947/2233/2947 2781/2272/2781
f 2842/3308/2842 2839/3307/2839 2843/3295/2843
f 2778/2237/2778 2781/2272/2781 2780/2238/2780
vt 0.1546685 0.0598555
f 2846/3341/2846 2842/3308/2842 2860/3268/2860
f 3357/3256/3357 2946/3326/2946 3307/3309/3307
f 2848/3296/2848 2846/3341/2846 2860/3268/2860
vt 0.2289129 0.2756115
f 2948/3269/2948 3307/3309/3307 2944/3342/2944
vt 0.4135751 0.9811776
f 3568/3343/3568 3569/3313/3569 3570/3312/3570
vt 0.3387114 0.3915861
f 523/3273/523 563/3344/563 527/3301/527
vt 0.3721344 0.3886486
f 568/3345/568 524/3286/524 528/3240/528
f 3141/2229/3141 3210/2251/3210 3139/3319/3139
f 3283/2235/3283 3284/3328/3284 3281/3330/3281
f 3279/2221/3279 3281/3330/3281 3104/3331/3104
f 3278/3261/3278 3277/3304/3277 3100/2255/3100
f 3225/3332/3225 3230/2223/3230 3229/3320/3229
f 3314/3278/3314 3100/2255/3100 3106/2257/3106
f 3360/2200/3360 3106/2257/3106 3098/2258/3098
vt 0.0555896 0.4904811
f 3635/3335/3635 3634/3334/3634 3636/3346/3636
vt 0.8088037 0.8354247
f 3436/3263/3436 3439/3291/3439 3440/3347/3440
vt 0.1324618 0.1890814
f 3060/3348/3060 3061/3292/3061 2872/3337/2872
vt 0.8056492 0.8547297
f 3441/3349/3441 3436/3263/3436 3440/3347/3440
vt 0.1658137 0.2404246
f 3380/3306/3380 2812/3294/2812 2799/3350/2799
vt 0.1470864 0.0898255
f 2840/3351/2840 2839/3307/2839 2842/3308/2842
vt 0.1714825 0.0459616
f 2850/3352/2850 2848/3296/2848 2862/3284/2862
vt 0.2466388 0.2719903
f 2948/3269/2948 2944/3342/2944 2945/3353/2945
vt 0.1881471 0.0380989
f 2851/3354/2851 2850/3352/2850 2862/3284/2862
f 2851/3354/2851 2862/3284/2862 3041/3299/3041
f 2949/3297/2949 2948/3269/2948 2945/3353/2945
vt 0.2584807 0.2735065
f 3044/3310/3044 2949/3297/2949 2982/3355/2982
vt 0.3625840 0.3841413
f 568/3345/568 573/3356/573 523/3273/523
f 568/3345/568 523/3273/523 524/3286/524
f 3141/2229/3141 3325/2228/3325 3210/2251/3210
vt 0.3696908 0.2421687
f 3138/2252/3138 3139/3319/3139 3137/3357/3137
vt 0.3631622 0.0326381
vt 0.3399701 0.0165618
vt 0.3600046 0.0169649
f 3268/3358/3268 3339/3359/3339 3392/3360/3392
vt 0.8030269 0.9299709
vt 0.8090219 0.9232625
vt 0.7974019 0.9329418
f 3561/3361/3561 3562/3362/3562 3558/3363/3558
vt 0.8090219 0.9483591
f 3561/3361/3561 3558/3363/3558 3560/3364/3560
f 3225/3332/3225 3224/2243/3224 3226/2242/3226
vt 0.3980267 0.0722691
f 3228/3365/3228 3225/3332/3225 3229/3320/3229
vt 0.4007270 0.0852357
f 3235/3336/3235 3264/3366/3264 3229/3320/3229
vt 0.0409583 0.4917954
f 3636/3346/3636 3634/3334/3634 3637/3367/3637
f 3237/2227/3237 3238/2247/3238 3235/3336/3235
vt 0.1331792 0.1624266
f 2872/3337/2872 3267/3281/3267 2826/3368/2826
f 2826/3368/2826 3267/3281/3267 2828/3325/2828
f 2799/3350/2799 2812/3294/2812 2800/3305/2800
f 2947/2233/2947 3380/3306/3380 2799/3350/2799
f 2836/3340/2836 2834/3339/2834 2835/3283/2835
vt 0.1457290 0.1025052
f 2838/3369/2838 2836/3340/2836 2839/3307/2839
f 2840/3351/2840 2838/3369/2838 2839/3307/2839
vt 0.2062261 0.2589250
f 2946/3326/2946 2780/2238/2780 2783/3370/2783
vt 0.1599309 0.0730629
f 2846/3341/2846 2845/3371/2845 2842/3308/2842
f 3307/3309/3307 2946/3326/2946 2944/3342/2944
f 2949/3297/2949 2945/3353/2945 2982/3355/2982
f 2851/3354/2851 3041/3299/3041 2865/3298/2865
vt 0.2035739 0.0194451
f 2855/3372/2855 2851/3354/2851 2865/3298/2865
vt 0.2015916 0.0098245
f 2855/3372/2855 2865/3298/2865 2858/3373/2858
vt 0.2154946 0.0004826
f 2857/3374/2857 2855/3372/2855 2858/3373/2858
vt 0.3245925 0.3692085
f 575/3375/575 535/3300/535 527/3301/527
f 3313/2234/3313 3037/2261/3037 3033/2248/3033
vt 0.9599494 0.7833012
f 3563/3317/3563 3564/3316/3564 3565/3376/3565
f 564/3318/564 568/3345/568 528/3240/528
vt 0.3471563 0.0351830
f 3268/3358/3268 3337/3377/3337 3339/3359/3339
f 3224/2243/3224 3268/3358/3268 3227/2244/3227
vt 0.7923625 0.9444226
f 3560/3364/3560 3558/3363/3558 3557/3378/3557
vt 0.3914173 0.2095888
f 3281/3330/3281 3282/3379/3282 3104/3331/3104
f 3277/3304/3277 3104/3331/3104 3100/2255/3100
vt 0.4032947 0.0944444
f 3259/3380/3259 3264/3366/3264 3235/3336/3235
f 3259/3380/3259 3235/3336/3235 3238/2247/3238
vt 0.4189177 0.1199133
f 3239/2246/3239 3391/2245/3391 3327/3381/3327
f 3239/2246/3239 3327/3381/3327 3238/2247/3238
vt 0.1400812 0.1870031
f 3295/3338/3295 3060/3348/3060 2871/3382/2871
vt 0.1370629 0.1428599
f 2827/3383/2827 2828/3325/2828 2829/3293/2829
vt 0.1654699 0.2237502
f 2798/3384/2798 2800/3305/2800 2801/3324/2801
f 2799/3350/2799 2800/3305/2800 2798/3384/2798
vt 0.1408783 0.1300215
f 2868/3385/2868 2829/3293/2829 2834/3339/2834
vt 0.1414952 0.1167023
f 2868/3385/2868 2834/3339/2834 2837/3386/2837
f 2837/3386/2837 2834/3339/2834 2836/3340/2836
vt 0.1795474 0.2392150
f 2947/2233/2947 2799/3350/2799 2796/3387/2796
f 2780/2238/2780 2781/2272/2781 2783/3370/2783
vt 0.1685982 0.0665835
f 2846/3341/2846 2848/3296/2848 2847/3388/2847
vt 0.2228115 0.2583749
f 2944/3342/2944 2946/3326/2946 2785/3389/2785
vt 0.1783111 0.0601846
f 2849/3390/2849 2848/3296/2848 2850/3352/2850
vt 0.2341775 0.2687936
f 2944/3342/2944 2943/3391/2943 2945/3353/2945
vt 0.9120355 0.9770859
vt 0.9102179 0.9884144
f 3515/2239/3515 3510/3392/3510 3512/3393/3512
f 3516/2240/3516 3515/2239/3515 3512/3393/3512
vt 0.2239357 0.0171772
f 2856/3394/2856 2855/3372/2855 2857/3374/2857
f 575/3375/575 527/3301/527 563/3344/563
f 563/3344/563 523/3273/523 573/3356/573
vt 0.3122052 0.0389731
vt 0.3060293 0.0230897
vt 0.3203042 0.0184377
f 3300/3395/3300 3301/3396/3301 3302/3397/3302
f 3137/3357/3137 3139/3319/3139 3210/2251/3210
vt 0.3273449 0.0346203
f 3303/3398/3303 3302/3397/3302 3339/3359/3339
vt 0.3687227 0.2306877
f 3138/2252/3138 3137/3357/3137 3136/3399/3136
f 3138/2252/3138 3136/3399/3136 3209/2253/3209
vt 0.3637091 0.0491036
f 3116/3400/3116 3268/3358/3268 3224/2243/3224
vt 0.4016410 0.1878000
f 3100/2255/3100 3104/3331/3104 3101/3401/3101
vt 0.3806397 0.0608953
f 3122/3402/3122 3224/2243/3224 3225/3332/3225
f 3264/3366/3264 3228/3365/3228 3229/3320/3229
vt 0.4081414 0.1418516
f 3391/2245/3391 3096/2263/3096 3107/3403/3107
f 2871/3382/2871 3060/3348/3060 2872/3337/2872
vt 0.1528605 0.2005031
f 2801/3324/2801 3295/3338/3295 2875/3404/2875
f 2875/3404/2875 3295/3338/3295 2871/3382/2871
f 2826/3368/2826 2828/3325/2828 2827/3383/2827
vt 0.1580619 0.2121359
f 2798/3384/2798 2801/3324/2801 2813/3405/2813
f 2827/3383/2827 2829/3293/2829 2868/3385/2868
f 2796/3387/2796 2799/3350/2799 2798/3384/2798
f 2838/3369/2838 2837/3386/2837 2836/3340/2836
f 2781/2272/2781 2947/2233/2947 2796/3387/2796
f 2840/3351/2840 2842/3308/2842 2845/3371/2845
f 2785/3389/2785 2946/3326/2946 2783/3370/2783
f 2847/3388/2847 2845/3371/2845 2846/3341/2846
f 2849/3390/2849 2847/3388/2847 2848/3296/2848
vt 0.2063711 0.0273220
f 2854/3406/2854 2851/3354/2851 2855/3372/2855
vt 0.3187737 0.2598799
f 3039/2249/3039 3033/2248/3033 3036/3407/3036
vt 0.3438856 0.3746222
f 578/3408/578 563/3344/563 573/3356/573
f 3350/2250/3350 3039/2249/3039 3036/3407/3036
vt 0.0690657 0.7311776
vt 0.0707218 0.7123276
vt 0.0855818 0.7275388
f 3679/3409/3679 3678/3410/3678 3680/3411/3680
vt 0.3485251 0.0522116
f 3121/3412/3121 3337/3377/3337 3268/3358/3268
f 3122/3402/3122 3116/3400/3116 3224/2243/3224
vt 0.3830401 0.0753127
f 3373/3413/3373 3122/3402/3122 3228/3365/3228
f 3228/3365/3228 3122/3402/3122 3225/3332/3225
f 3097/2256/3097 3096/2263/3096 3098/2258/3098
f 3107/3403/3107 3327/3381/3327 3391/2245/3391
vt 0.1433988 0.1653816
f 2871/3382/2871 2872/3337/2872 2821/3414/2821
f 2821/3414/2821 2872/3337/2872 2826/3368/2826
f 2813/3405/2813 2801/3324/2801 2875/3404/2875
vt 0.1409143 0.1537821
f 2821/3414/2821 2826/3368/2826 2825/3415/2825
f 2825/3415/2825 2826/3368/2826 2827/3383/2827
vt 0.1493906 0.1394252
f 2827/3383/2827 2868/3385/2868 3352/3416/3352
vt 0.1575703 0.1022258
f 2841/3417/2841 2838/3369/2838 2840/3351/2840
f 2943/3391/2943 2944/3342/2944 2785/3389/2785
f 2849/3390/2849 2850/3352/2850 2851/3354/2851
vt 0.9240604 0.9908301
f 3512/3393/3512 3510/3392/3510 3509/3418/3509
f 2854/3406/2854 2855/3372/2855 2856/3394/2856
vt 0.3023402 0.2589064
f 3033/2248/3033 3031/2262/3031 3032/3419/3032
f 578/3408/578 575/3375/575 563/3344/563
f 3036/3407/3036 3033/2248/3033 3032/3419/3032
f 3300/3395/3300 3302/3397/3302 3303/3398/3303
f 3137/3357/3137 3210/2251/3210 3134/2275/3134
f 3136/3399/3136 3137/3357/3137 3134/2275/3134
f 3116/3400/3116 3121/3412/3121 3268/3358/3268
vt 0.7837268 0.9338896
f 3557/3378/3557 3558/3363/3558 3559/3420/3559
f 3282/3379/3282 3369/2279/3369 3104/3331/3104
vt 0.3660828 0.0618210
f 3122/3402/3122 3115/3421/3115 3116/3400/3116
vt 0.3859017 0.1919603
f 3369/2279/3369 3102/3422/3102 3104/3331/3104
f 3101/3401/3101 3104/3331/3104 3102/3422/3102
vt 0.3984857 0.1736877
f 3100/2255/3100 3101/3401/3101 3099/3423/3099
f 3100/2255/3100 3099/3423/3099 3097/2256/3097
f 3264/3366/3264 3373/3413/3373 3228/3365/3228
vt 0.4049817 0.1235113
f 3327/3381/3327 3107/3403/3107 3105/3424/3105
vt 0.4039973 0.1070533
f 3276/3425/3276 3259/3380/3259 3238/2247/3238
vt 0.8022766 0.7997105
f 3649/2265/3649 3651/3426/3651 3650/2266/3650
vt 0.1500032 0.1830648
f 2820/3427/2820 2871/3382/2871 2821/3414/2821
f 2875/3404/2875 2871/3382/2871 2820/3427/2820
f 3352/3416/3352 2825/3415/2825 2827/3383/2827
vt 0.1482021 0.1270984
f 3370/3428/3370 2868/3385/2868 2837/3386/2837
f 2837/3386/2837 2838/3369/2838 2841/3417/2841
vt 0.1901151 0.2346511
f 2781/2272/2781 2796/3387/2796 2795/3429/2795
vt 0.1634581 0.0840060
f 2841/3417/2841 2840/3351/2840 3047/3430/3047
f 2783/3370/2783 2781/2272/2781 2784/2274/2784
f 3047/3430/3047 2840/3351/2840 2845/3371/2845
f 3047/3430/3047 2845/3371/2845 2847/3388/2847
f 2783/3370/2783 2784/2274/2784 2785/3389/2785
vt 0.2267521 0.2523543
f 2943/3391/2943 2785/3389/2785 2787/3431/2787
vt 0.2442519 0.2563960
f 3040/3432/3040 2943/3391/2943 2787/3431/2787
vt 0.1952499 0.0510954
f 2852/3433/2852 2849/3390/2849 2851/3354/2851
f 2945/3353/2945 2943/3391/2943 3040/3432/3040
vt 0.9160567 0.9638031
vt 0.9269466 0.9775940
f 3510/3392/3510 3513/3434/3513 3511/3435/3511
f 2854/3406/2854 2852/3433/2852 2851/3354/2851
f 3509/3418/3509 3510/3392/3510 3511/3435/3511
vt 0.0546531 0.5815637
vt 0.0736758 0.5821884
vt 0.0737774 0.5979730
f 3506/3436/3506 3508/3437/3508 3507/3438/3507
vt 0.3172297 0.2466826
f 3036/3407/3036 3038/3439/3038 3350/2250/3350
vt 0.2974538 0.0421444
vt 0.2966730 0.0251736
f 2929/3440/2929 3324/3441/3324 3301/3396/3301
f 3210/2251/3210 3133/2267/3133 3134/2275/3134
f 3209/2253/3209 3136/3399/3136 3135/2277/3135
f 3209/2253/3209 3135/2277/3135 3390/2280/3390
vt 0.3490300 0.0637450
f 3113/3442/3113 3121/3412/3121 3116/3400/3116
f 3282/3379/3282 3390/2280/3390 3369/2279/3369
f 3115/3421/3115 3113/3442/3113 3116/3400/3116
vt 0.3666736 0.0715374
f 3114/3443/3114 3115/3421/3115 3122/3402/3122
f 3373/3413/3373 3114/3443/3114 3122/3402/3122
vt 0.3955616 0.1616059
f 3097/2256/3097 3099/3423/3099 3095/3444/3095
f 3097/2256/3097 3095/3444/3095 3096/2263/3096
vt 0.3833766 0.0908290
f 3259/3380/3259 3376/3445/3376 3264/3366/3264
f 3264/3366/3264 3376/3445/3376 3373/3413/3373
vt 0.9353652 0.3721043
f 3657/3446/3657 3658/2270/3658 3659/2269/3659
vt 0.1618906 0.1778572
f 2820/3427/2820 2821/3414/2821 2819/3447/2819
vt 0.1558298 0.1587099
f 2819/3447/2819 2821/3414/2821 2824/3448/2824
f 2824/3448/2824 2821/3414/2821 2825/3415/2825
vt 0.1667276 0.1948144
f 2815/3449/2815 2875/3404/2875 2820/3427/2820
f 2813/3405/2813 2875/3404/2875 2815/3449/2815
f 3352/3416/3352 2868/3385/2868 3370/3428/3370
vt 0.1825849 0.2321521
f 2796/3387/2796 2798/3384/2798 2797/3450/2797
vt 0.1602988 0.1180221
f 3370/3428/3370 2837/3386/2837 3020/3451/3020
f 2796/3387/2796 2797/3450/2797 2795/3429/2795
f 2781/2272/2781 2795/3429/2795 2786/2273/2786
vt 0.1819309 0.0751842
f 2853/3452/2853 3047/3430/3047 2847/3388/2847
f 2787/3431/2787 2785/3389/2785 2784/2274/2784
vt 0.9304385 0.9645655
f 3513/3434/3513 3514/3453/3514 3511/3435/3511
vt 0.2145227 0.0402575
f 2852/3433/2852 2854/3406/2854 2859/3454/2859
f 3030/2260/3030 3028/2283/3028 3029/2268/3029
f 2859/3454/2859 2854/3406/2854 2856/3394/2856
vt 0.2537270 0.0444160
f 3042/3455/3042 2859/3454/2859 2856/3394/2856
f 3031/2262/3031 3029/2268/3029 3032/3419/3032
f 3036/3407/3036 3032/3419/3032 3038/3439/3038
vt 0.2800919 0.0458841
vt 0.2783151 0.0306784
f 3324/3441/3324 2923/3456/2923 3362/3457/3362
vt 0.7618044 0.9850386
vt 0.7416667 0.9850386
vt 0.7518124 0.9715251
f 3540/3458/3540 3538/3459/3538 3537/3460/3537
f 2929/3440/2929 3301/3396/3301 3300/3395/3300
f 3136/3399/3136 3134/2275/3134 3135/2277/3135
vt 0.0536139 0.7311776
f 3676/3461/3676 3678/3410/3678 3679/3409/3679
f 3101/3401/3101 3102/3422/3102 3099/3423/3099
f 3095/3444/3095 3093/2285/3093 3096/2263/3096
f 3096/2263/3096 3093/2285/3093 3107/3403/3107
vt 0.3859139 0.1090651
f 3105/3424/3105 3108/3462/3108 3276/3425/3276
vt 0.1704430 0.2082939
f 2814/3463/2814 2813/3405/2813 2815/3449/2815
vt 0.1534472 0.1485915
f 2824/3448/2824 2825/3415/2825 2874/3464/2874
f 2874/3464/2874 2825/3415/2825 3352/3416/3352
f 2798/3384/2798 2813/3405/2813 2814/3463/2814
vt 0.1829082 0.2179289
f 2798/3384/2798 2814/3463/2814 2939/3465/2939
f 2797/3450/2797 2798/3384/2798 2939/3465/2939
f 3020/3451/3020 2837/3386/2837 2841/3417/2841
vt 0.1694188 0.0969133
f 3022/3466/3022 2841/3417/2841 3047/3430/3047
vt 0.9964421 0.0053161
vt 0.9978921 0.0207529
vt 0.9773163 0.0207529
f 3480/3467/3480 3483/3468/3483 3481/3469/3481
f 2853/3452/2853 2847/3388/2847 2849/3390/2849
vt 0.2411783 0.2464501
f 3040/3432/3040 2787/3431/2787 2789/3470/2789
vt 0.0543845 0.5979730
f 3505/3471/3505 3506/3436/3506 3507/3438/3507
f 2923/3456/2923 3324/3441/3324 2929/3440/2929
f 3134/2275/3134 3133/2267/3133 3130/2276/3130
vt 0.3146788 0.0562834
f 2928/3472/2928 3300/3395/3300 3303/3398/3303
vt 0.3308965 0.0546072
f 3320/3473/3320 2928/3472/2928 3303/3398/3303
vt 0.0526981 0.7118726
f 3676/3461/3676 3677/3474/3677 3678/3410/3678
f 3390/2280/3390 3135/2277/3135 3211/2278/3211
f 3115/3421/3115 3114/3443/3114 3113/3442/3113
vt 0.3824608 0.1765543
f 3102/3422/3102 3103/3475/3103 3099/3423/3099
f 3099/3423/3099 3103/3475/3103 3095/3444/3095
f 3107/3403/3107 3093/2285/3093 3105/3424/3105
f 2815/3449/2815 2820/3427/2820 2819/3447/2819
vt 0.1802044 0.2058631
f 2816/3476/2816 2814/3463/2814 2815/3449/2815
f 2939/3465/2939 2814/3463/2814 2816/3476/2816
vt 0.5016623 0.6064333
vt 0.5109390 0.6056950
vt 0.5090070 0.6240348
f 3451/3477/3451 3452/3478/3452 3453/3479/3453
vt 0.5215008 0.6095751
f 3453/3479/3453 3452/3478/3452 3454/3480/3454
vt 0.1639992 0.1337960
f 3025/3481/3025 3370/3428/3370 3020/3451/3020
f 2795/3429/2795 2797/3450/2797 2939/3465/2939
vt 0.1733097 0.1121046
f 3021/3482/3021 3020/3451/3020 2841/3417/2841
f 3021/3482/3021 2841/3417/2841 3022/3466/3022
vt 0.9872905 0.0033784
f 3479/3483/3479 3480/3467/3480 3481/3469/3481
vt 0.2231030 0.2304627
f 2787/3431/2787 2784/2274/2784 2788/3484/2788
vt 0.2061609 0.0648161
f 3046/3485/3046 2853/3452/2853 2849/3390/2849
f 3046/3485/3046 2849/3390/2849 2852/3433/2852
f 3040/3432/3040 2789/3470/2789 2942/2281/2942
vt 0.3017464 0.2469341
f 3032/3419/3032 3029/2268/3029 3034/3486/3034
f 3038/3439/3038 3032/3419/3032 3034/3486/3034
f 2928/3472/2928 2929/3440/2929 3300/3395/3300
vt 0.3354360 0.2243878
f 3133/2267/3133 3131/3487/3131 3130/2276/3130
f 3135/2277/3135 3130/2276/3130 3211/2278/3211
vt 0.3662133 0.0804117
vt 0.3696810 0.0932789
f 3118/3488/3118 3373/3413/3373 3089/3489/3089
f 3373/3413/3373 3118/3488/3118 3114/3443/3114
f 3376/3445/3376 3089/3489/3089 3373/3413/3373
vt 0.3888070 0.1274396
f 3105/3424/3105 3093/2285/3093 3092/3490/3092
f 3092/3490/3092 3108/3462/3108 3105/3424/3105
vt 0.1786953 0.1848093
f 2815/3449/2815 2819/3447/2819 2818/3491/2818
vt 0.1730246 0.1617898
f 2869/3492/2869 2819/3447/2819 2824/3448/2824
vt 0.1794440 0.1954145
f 2816/3476/2816 2815/3449/2815 2817/3493/2817
vt 0.1695764 0.1490455
f 2824/3448/2824 2874/3464/2874 3317/3494/3317
vt 0.4945194 0.6240348
f 3455/3495/3455 3451/3477/3451 3453/3479/3453
vt 0.2005090 0.2142419
f 2795/3429/2795 2939/3465/2939 2876/3496/2876
f 2786/2273/2786 2795/3429/2795 2876/3496/2876
vt 0.1783122 0.0949375
f 3027/3497/3027 3021/3482/3021 3022/3466/3022
vt 0.2205741 0.2276033
f 2784/2274/2784 2786/2273/2786 2941/3498/2941
f 2788/3484/2788 2784/2274/2784 2941/3498/2941
vt 0.9757560 0.0040291
f 3482/3499/3482 3479/3483/3479 3481/3469/3481
f 2789/3470/2789 2787/3431/2787 2788/3484/2788
vt 0.2532879 0.2427520
f 2942/2281/2942 2789/3470/2789 2791/3500/2791
f 2942/2281/2942 2791/3500/2791 2792/2282/2792
f 3046/3485/3046 2852/3433/2852 2859/3454/2859
vt 0.2983125 0.0576209
f 2918/3501/2918 2923/3456/2923 2929/3440/2929
vt 0.7331366 0.9736089
f 3537/3460/3537 3538/3459/3538 3539/3502/3539
vt 0.3199643 0.2301564
f 3133/2267/3133 3275/3503/3275 3131/3487/3131
f 2928/3472/2928 2918/3501/2918 2929/3440/2929
vt 0.3470793 0.2060307
f 3130/2276/3130 3128/3504/3128 3211/2278/3211
vt 0.3343101 0.0686361
f 3121/3412/3121 3112/3505/3112 3320/3473/3320
f 3110/2291/3110 3112/3505/3112 3113/3442/3113
f 3113/3442/3113 3112/3505/3112 3121/3412/3121
f 3110/2291/3110 3113/3442/3113 3114/3443/3114
vt 0.9611712 0.0217181
vt 0.9625160 0.0217978
vt 0.9641653 0.0458494
f 3549/3506/3549 3550/3507/3550 3551/3508/3551
f 3118/3488/3118 3110/2291/3110 3114/3443/3114
vt 0.9506745 0.0458494
f 3549/3506/3549 3551/3508/3551 3552/3509/3552
vt 0.3645654 0.1808658
f 3102/3422/3102 3365/3510/3365 3103/3475/3103
vt 0.3792107 0.1634976
f 3095/3444/3095 3103/3475/3103 3290/3511/3290
vt 0.3765793 0.1100275
f 3090/3512/3090 3089/3489/3089 3376/3445/3376
f 3108/3462/3108 3090/3512/3090 3376/3445/3376
f 3095/3444/3095 3290/3511/3290 3094/2286/3094
f 3093/2285/3093 3095/3444/3095 3094/2286/3094
f 3108/3462/3108 3092/3490/3092 3090/3512/3090
f 2817/3493/2817 2815/3449/2815 2818/3491/2818
vt 0.1760685 0.1739034
f 2818/3491/2818 2819/3447/2819 2822/3513/2822
f 2869/3492/2869 2822/3513/2822 2819/3447/2819
f 2869/3492/2869 2824/3448/2824 3317/3494/3317
vt 0.1863485 0.1429746
f 3026/3514/3026 3317/3494/3317 3025/3481/3025
vt 0.1803647 0.1257137
f 3026/3514/3026 3025/3481/3025 3023/3515/3023
f 3023/3515/3023 3025/3481/3025 3020/3451/3020
f 3023/3515/3023 3020/3451/3020 3021/3482/3021
vt 0.9844013 0.3780439
vt 0.9928331 0.3972008
vt 0.9928331 0.3732998
f 3542/3516/3542 3544/3517/3544 3543/3518/3543
vt 0.1988768 0.2038748
f 2939/3465/2939 2816/3476/2816 2823/3519/2823
f 2941/3498/2941 2786/2273/2786 2876/3496/2876
vt 0.1916004 0.1043705
f 3024/3520/3024 3021/3482/3021 3027/3497/3027
vt 0.2144032 0.0841801
f 3397/3521/3397 2853/3452/2853 3046/3485/3046
f 2789/3470/2789 2788/3484/2788 2790/2294/2790
f 2789/3470/2789 2790/2294/2790 2791/3500/2791
vt 0.7840977 0.9734556
vt 0.8039629 0.9869691
vt 0.7778575 0.9869691
f 3501/3522/3501 3502/3523/3502 3503/3524/3503
vt 0.7618044 0.9767944
f 3501/3522/3501 3503/3524/3503 3504/3525/3504
vt 0.2841975 0.2364208
f 3048/3526/3048 3029/2268/3029 2792/2282/2792
vt 0.2632168 0.0631441
vt 0.2458530 0.0656716
f 2920/3527/2920 2924/3528/2924 3042/3455/3042
vt 0.3002648 0.2344815
f 3029/2268/3029 3048/3526/3048 3035/3529/3035
vt 0.2818031 0.0598133
f 2919/3530/2919 3042/3455/3042 2923/3456/2923
f 3034/3486/3034 3029/2268/3029 3035/3529/3035
f 3038/3439/3038 3034/3486/3034 3035/3529/3035
f 3038/3439/3038 3035/3529/3035 3275/3503/3275
f 2919/3530/2919 2923/3456/2923 2918/3501/2918
vt 0.3334269 0.2108246
f 3131/3487/3131 3129/3531/3129 3130/2276/3130
f 3130/2276/3130 3129/3531/3129 3128/3504/3128
f 3211/2278/3211 3128/3504/3128 3127/2284/3127
f 3103/3475/3103 3365/3510/3365 3290/3511/3290
vt 0.3662733 0.1125336
f 3090/3512/3090 3088/3532/3088 3089/3489/3089
f 3092/3490/3092 3091/2287/3091 3090/3512/3090
f 3093/2285/3093 3091/2287/3091 3092/3490/3092
f 2816/3476/2816 2817/3493/2817 2823/3519/2823
vt 0.2174951 0.2098954
f 2941/3498/2941 2876/3496/2876 3310/3533/3310
vt 0.1886201 0.0897979
f 3024/3520/3024 3027/3497/3027 3296/3534/3296
vt 0.9557335 0.0045229
f 3484/3535/3484 3482/3499/3482 3481/3469/3481
f 2791/3500/2791 2790/2294/2790 2792/2282/2792
f 2919/3530/2919 2920/3527/2920 3042/3455/3042
vt 0.3188087 0.2143680
f 3275/3503/3275 3132/3536/3132 3131/3487/3131
f 3131/3487/3131 3132/3536/3132 3129/3531/3129
vt 0.3164960 0.0711529
f 3051/3537/3051 2928/3472/2928 3320/3473/3320
vt 0.3617197 0.9509860
vt 0.3722597 0.9662696
vt 0.3722597 0.9425676
f 3663/3538/3663 3662/3539/3662 3664/3540/3664
f 3110/2291/3110 3111/2293/3111 3112/3505/3112
vt 0.3529115 0.0968406
f 3087/3541/3087 3110/2291/3110 3118/3488/3118
f 3087/3541/3087 3089/3489/3089 3088/3532/3088
f 3089/3489/3089 3087/3541/3087 3118/3488/3118
f 3091/2287/3091 3088/3532/3088 3090/3512/3090
vt 0.1911145 0.1561249
f 3384/3542/3384 2822/3513/2822 2869/3492/2869
f 3384/3542/3384 2869/3492/2869 3317/3494/3317
vt 0.1967466 0.1926101
f 2817/3493/2817 2818/3491/2818 2870/3543/2870
f 3384/3542/3384 3317/3494/3317 3026/3514/3026
vt 0.1960593 0.1820965
f 2870/3543/2870 2818/3491/2818 3056/3544/3056
f 2823/3519/2823 2817/3493/2817 2870/3543/2870
f 3023/3515/3023 3021/3482/3021 3024/3520/3024
f 3397/3521/3397 3024/3520/3024 3296/3534/3296
vt 0.3806914 0.7755792
vt 0.3562395 0.7755792
vt 0.3573248 0.7572394
f 3492/3545/3492 3493/3546/3493 3494/3547/3494
f 2792/2282/2792 2790/2294/2790 2793/2296/2793
vt 0.2480974 0.0811023
f 2925/3548/2925 3046/3485/3046 2924/3528/2924
vt 0.2653594 0.0785125
f 2921/3549/2921 2924/3528/2924 2920/3527/2920
vt 0.4539234 0.9516157
f 3518/2288/3518 3520/2290/3520 3521/3550/3521
vt 0.4534478 0.9676641
f 3522/3551/3522 3518/2288/3518 3521/3550/3521
vt 0.2830506 0.0762486
f 2917/3552/2917 2919/3530/2919 2918/3501/2918
vt 0.3022538 0.0736510
f 2910/3553/2910 2918/3501/2918 2928/3472/2928
f 3051/3537/3051 2910/3553/2910 2928/3472/2928
f 3128/3504/3128 3129/3531/3129 3125/2302/3125
f 3128/3504/3128 3125/2302/3125 3127/2284/3127
vt 0.3579258 0.9705598
f 3661/3554/3661 3662/3539/3662 3663/3538/3663
vt 0.3244956 0.0845159
f 3111/2293/3111 3306/3555/3306 3112/3505/3112
vt 0.3544543 0.1825799
f 3127/2284/3127 3124/3556/3124 3365/3510/3365
vt 0.9844013 0.8055019
vt 0.9735078 0.8116248
vt 0.9844013 0.8305985
f 3553/3557/3553 3554/3558/3554 3555/3559/3555
vt 0.3538685 0.1153650
f 3088/3532/3088 3085/3560/3085 3087/3541/3087
vt 0.3592159 0.1531370
vt 0.3698215 0.1314794
f 3094/2286/3094 3366/3561/3366 3117/3562/3117
f 3094/2286/3094 3117/3562/3117 3091/2287/3091
f 3091/2287/3091 3117/3562/3117 3088/3532/3088
vt 0.1921364 0.1687924
f 3056/3544/3056 2818/3491/2818 2873/3563/2873
f 2818/3491/2818 2822/3513/2822 2873/3563/2873
f 2873/3563/2873 2822/3513/2822 3384/3542/3384
vt 0.2150863 0.1968519
f 3321/3564/3321 2823/3519/2823 2870/3543/2870
vt 0.1955893 0.1215323
f 3026/3514/3026 3023/3515/3023 3217/3565/3217
f 3217/3565/3217 3023/3515/3023 3024/3520/3024
f 3310/3533/3310 2876/3496/2876 3321/3564/3321
vt 0.9880263 0.3537645
f 3541/3566/3541 3542/3516/3542 3543/3518/3543
vt 0.2295544 0.2066703
f 2941/3498/2941 3310/3533/3310 3311/3567/3311
vt 0.2214050 0.0997947
f 3399/3568/3399 3024/3520/3024 3397/3521/3397
f 2941/3498/2941 3311/3567/3311 3379/2295/3379
f 2788/3484/2788 2941/3498/2941 3379/2295/3379
f 2790/2294/2790 2788/3484/2788 3379/2295/3379
vt 0.2801547 0.2204826
f 2792/2282/2792 2793/2296/2793 2794/3569/2794
f 3048/3526/3048 2792/2282/2792 2794/3569/2794
f 2921/3549/2921 2925/3548/2925 2924/3528/2924
f 3048/3526/3048 2794/3569/2794 2938/2299/2938
f 2917/3552/2917 2921/3549/2921 2920/3527/2920
f 2917/3552/2917 2920/3527/2920 2919/3530/2919
f 2910/3553/2910 2917/3552/2917 2918/3501/2918
vt 0.3167745 0.2046530
f 3129/3531/3129 3132/3536/3132 3358/3570/3358
f 3129/3531/3129 3358/3570/3358 3213/2300/3213
vt 0.3109910 0.0900290
f 2922/3571/2922 2910/3553/2910 3051/3537/3051
f 3306/3555/3306 2922/3571/2922 3051/3537/3051
f 3129/3531/3129 3213/2300/3213 3125/2302/3125
f 3109/2292/3109 3306/3555/3306 3111/2293/3111
f 3127/2284/3127 3125/2302/3125 3124/3556/3124
vt 0.3599594 0.1680317
f 3365/3510/3365 3124/3556/3124 3120/3572/3120
f 3087/3541/3087 3109/2292/3109 3110/2291/3110
vt 0.3563983 0.1338516
f 3366/3561/3366 3084/3573/3084 3117/3562/3117
vt 0.9633221 0.8221212
f 3555/3559/3555 3554/3558/3554 3556/3574/3556
f 3290/3511/3290 3366/3561/3366 3094/2286/3094
f 3117/3562/3117 3084/3573/3084 3085/3560/3085
f 3117/3562/3117 3085/3560/3085 3088/3532/3088
vt 0.9211636 0.4743774
vt 0.9255571 0.4937259
vt 0.9329680 0.4836213
f 3469/3575/3469 3470/3576/3470 3471/3577/3471
vt 0.9468374 0.8711390
vt 0.9630505 0.8617001
vt 0.9658516 0.8711390
f 3547/3578/3547 3546/3579/3546 3548/3580/3548
vt 0.9439292 0.8605213
f 3545/3581/3545 3546/3579/3546 3547/3578/3547
vt 0.9329680 0.4599421
f 3469/3575/3469 3471/3577/3471 3472/3582/3472
vt 0.2084918 0.1114834
f 3217/3565/3217 3024/3520/3024 3385/3583/3385
f 3311/3567/3311 3310/3533/3310 3321/3564/3321
vt 0.9962057 0.8991313
vt 0.9894603 0.9129485
vt 0.9962057 0.9174711
f 3473/3584/3473 3474/3585/3474 3475/3586/3475
vt 0.0324621 0.3520924
vt 0.0425801 0.3605212
vt 0.0425801 0.3334942
f 3485/3587/3485 3486/3588/3486 3487/3589/3487
vt 0.2493142 0.0984769
f 3333/3590/3333 3399/3568/3399 3397/3521/3397
f 3333/3590/3333 3397/3521/3397 2925/3548/2925
vt 0.2689838 0.0946019
f 2925/3548/2925 2921/3549/2921 2930/3591/2930
f 2938/2299/2938 2794/3569/2794 2877/2297/2877
f 2930/3591/2930 2921/3549/2921 2917/3552/2917
f 2938/2299/2938 2937/2298/2937 3358/3570/3358
vt 0.4557336 0.9406371
f 3521/3550/3521 3520/2290/3520 3523/3592/3523
vt 0.2833847 0.0908270
f 2909/3593/2909 2917/3552/2917 2910/3553/2910
vt 0.3005160 0.0910940
f 2908/3594/2908 2909/3593/2909 2910/3553/2910
f 2922/3571/2922 2908/3594/2908 2910/3553/2910
vt 0.3414435 0.1845100
f 3125/2302/3125 3126/2301/3126 3123/3595/3123
f 3125/2302/3125 3123/3595/3123 3124/3556/3124
f 3124/3556/3124 3123/3595/3123 3120/3572/3120
vt 0.3386253 0.1700221
f 3120/3572/3120 3123/3595/3123 3119/3596/3119
vt 0.3411821 0.1180528
f 3085/3560/3085 3086/3597/3086 3087/3541/3087
f 3086/3597/3086 3109/2292/3109 3087/3541/3087
vt 0.3487452 0.1552621
f 3120/3572/3120 3083/3598/3083 3366/3561/3366
f 3366/3561/3366 3083/3598/3083 3084/3573/3084
vt 0.9523609 0.7562741
vt 0.9385978 0.7562519
vt 0.9379683 0.7388996
f 3468/3599/3468 3465/3600/3465 3467/3601/3467
vt 0.2134123 0.1747552
vt 0.2103023 0.1633104
f 2900/3602/2900 3056/3544/3056 2895/3603/2895
vt 0.9294540 0.7404625
f 3467/3601/3467 3465/3600/3465 3464/3604/3464
vt 0.9279090 0.7562741
f 3464/3604/3464 3465/3600/3465 3466/3605/3466
vt 0.2082309 0.1541637
vt 0.2062518 0.1400868
f 2894/3606/2894 3384/3542/3384 2896/3607/2896
vt 0.2145461 0.1856617
f 2902/3608/2902 3056/3544/3056 2900/3602/2900
vt 0.2178965 0.1206760
f 2896/3607/2896 3217/3565/3217 2897/3609/2897
vt 0.2284708 0.1964240
f 3311/3567/3311 3321/3564/3321 3383/3610/3383
vt 0.8909898 0.4647684
vt 0.8802377 0.4759830
vt 0.8919758 0.4785128
f 3524/3611/3524 3525/3612/3525 3526/3613/3526
vt 0.2318356 0.1159366
f 3057/3614/3057 3385/3583/3385 3399/3568/3399
f 2793/2296/2793 3379/2295/3379 2936/2303/2936
f 2794/3569/2794 2793/2296/2793 2877/2297/2877
f 2930/3591/2930 3333/3590/3333 2925/3548/2925
f 2909/3593/2909 2930/3591/2930 2917/3552/2917
f 3213/2300/3213 3358/3570/3358 3126/2301/3126
vt 0.3274531 0.1015010
f 2922/3571/2922 3306/3555/3306 3387/3615/3387
f 3387/3615/3387 3306/3555/3306 3109/2292/3109
f 3086/3597/3086 3387/3615/3387 3109/2292/3109
f 3120/3572/3120 3119/3596/3119 3083/3598/3083
vt 0.3437355 0.1360089
f 3082/3616/3082 3086/3597/3086 3085/3560/3085
f 3084/3573/3084 3083/3598/3083 3082/3616/3082
f 3082/3616/3082 3085/3560/3085 3084/3573/3084
vt 0.2221638 0.1381878
f 2893/3617/2893 2894/3606/2894 2896/3607/2896
vt 0.2280463 0.1849981
f 3321/3564/3321 2902/3608/2902 2901/3618/2901
f 3383/3610/3383 3321/3564/3321 2901/3618/2901
f 2902/3608/2902 2900/3602/2900 2901/3618/2901
f 2893/3617/2893 2896/3607/2896 2897/3609/2897
vt 0.8798143 0.4864185
f 3525/3612/3525 3527/3619/3527 3526/3613/3526
vt 0.8800489 0.4979508
f 3526/3613/3526 3527/3619/3527 3528/3620/3528
vt 0.2369729 0.1357306
f 2893/3617/2893 2897/3609/2897 2891/3621/2891
f 2897/3609/2897 3057/3614/3057 2891/3621/2891
f 2897/3609/2897 3385/3583/3385 3057/3614/3057
vt 0.8874367 0.3398057
vt 0.8731028 0.3363900
vt 0.8738181 0.3623422
f 3488/3622/3488 3489/3623/3489 3490/3624/3490
vt 0.2782398 0.1977906
f 2878/3625/2878 2793/2296/2793 2879/2304/2879
f 2877/2297/2877 2793/2296/2793 2878/3625/2878
vt 0.2955350 0.1942515
f 2937/2298/2937 2940/3626/2940 3358/3570/3358
vt 0.3144830 0.1914991
f 3358/3570/3358 2940/3626/2940 3319/3627/3319
vt 0.2845342 0.0987672
f 2908/3594/2908 2906/3628/2906 2909/3593/2909
vt 0.0771501 0.0154335
vt 0.0883071 0.0313706
vt 0.0889545 0.0168614
f 3533/3629/3533 3534/3630/3534 3535/3631/3535
vt 0.3259136 0.1753579
f 3123/3595/3123 3126/2301/3126 3212/3632/3212
vt 0.3150692 0.1036717
f 3059/3633/3059 2922/3571/2922 3387/3615/3387
vt 0.3200119 0.1210012
f 2927/3634/2927 3059/3633/3059 3387/3615/3387
vt 0.3291915 0.1198567
f 3222/3635/3222 2927/3634/2927 3387/3615/3387
f 3123/3595/3123 3212/3632/3212 3119/3596/3119
vt 0.3351887 0.1585355
f 3083/3598/3083 3081/3636/3081 3082/3616/3082
vt 0.3327876 0.1384947
f 3082/3616/3082 3080/3637/3080 3222/3635/3222
f 3086/3597/3086 3222/3635/3222 3387/3615/3387
f 3119/3596/3119 3081/3636/3081 3083/3598/3083
f 3082/3616/3082 3222/3635/3222 3086/3597/3086
vt 0.2247580 0.1519333
f 2895/3603/2895 2894/3606/2894 2892/3638/2892
vt 0.2266776 0.1725692
f 2899/3639/2899 2900/3602/2900 2895/3603/2895
vt 0.2257280 0.1602461
f 2899/3639/2899 2895/3603/2895 2898/3640/2898
f 2898/3640/2898 2895/3603/2895 2892/3638/2892
f 2892/3638/2892 2894/3606/2894 2893/3617/2893
f 2901/3618/2901 2900/3602/2900 2899/3639/2899
vt 0.8941821 0.5011193
f 3526/3613/3526 3528/3620/3528 3529/3641/3529
vt 0.8790051 0.5108624
f 3529/3641/3529 3528/3620/3528 3530/3642/3530
vt 0.8939298 0.5127608
f 3529/3641/3529 3530/3642/3530 3531/3643/3531
f 2891/3621/2891 2892/3638/2892 2893/3617/2893
vt 0.2598452 0.1898731
vt 0.2416864 0.1812739
f 2880/3644/2880 2936/2303/2936 2884/3645/2884
vt 0.2549253 0.1272436
f 2890/3646/2890 2891/3621/2891 3057/3614/3057
vt 0.2514659 0.1135171
f 2890/3646/2890 3057/3614/3057 3351/3647/3351
vt 0.8874367 0.3634170
f 3491/3648/3491 3488/3622/3488 3490/3624/3490
f 2879/2304/2879 2936/2303/2936 2880/3644/2880
f 2878/3625/2878 2879/2304/2879 2880/3644/2880
f 2930/3591/2930 3351/3647/3351 3333/3590/3333
vt 0.2781855 0.1873534
f 2878/3625/2878 2880/3644/2880 2881/3649/2881
vt 0.2712556 0.1108766
f 3351/3647/3351 2930/3591/2930 2904/3650/2904
f 2937/2298/2937 2877/2297/2877 2878/3625/2878
f 2937/2298/2937 2878/3625/2878 2940/3626/2940
f 2940/3626/2940 2878/3625/2878 2881/3649/2881
f 2904/3650/2904 2930/3591/2930 2906/3628/2906
vt 0.2846970 0.1086712
f 2905/3651/2905 2904/3650/2904 2906/3628/2906
f 2906/3628/2906 2930/3591/2930 2909/3593/2909
vt 0.3032806 0.1059950
f 2907/3652/2907 2905/3651/2905 2906/3628/2906
f 2907/3652/2907 2906/3628/2906 2908/3594/2908
vt 0.3003837 0.1821378
f 3319/3627/3319 2940/3626/2940 3318/3653/3318
vt 0.2917086 0.1263044
f 2911/3654/2911 2905/3651/2905 2907/3652/2907
vt 0.3149119 0.1777622
f 3319/3627/3319 3318/3653/3318 3372/3655/3372
vt 0.0889545 0.0033784
f 3535/3631/3535 3536/3656/3536 3533/3629/3533
f 3126/2301/3126 3372/3655/3372 3212/3632/3212
f 2907/3652/2907 2908/3594/2908 2922/3571/2922
f 3059/3633/3059 2907/3652/2907 2922/3571/2922
f 2927/3634/2927 2907/3652/2907 3059/3633/3059
vt 0.3254648 0.1591983
f 3212/3632/3212 3079/3657/3079 3081/3636/3081
f 3119/3596/3119 3212/3632/3212 3081/3636/3081
vt 0.3224038 0.1405243
f 3222/3635/3222 2915/3658/2915 2927/3634/2927
f 3079/3657/3079 2915/3658/2915 3080/3637/3080
f 3081/3636/3081 3079/3657/3079 3080/3637/3080
f 2915/3658/2915 3222/3635/3222 3080/3637/3080
f 3081/3636/3081 3080/3637/3080 3082/3616/3082
vt 0.2404332 0.1567373
f 2934/3659/2934 2898/3640/2898 2892/3638/2892
f 2899/3639/2899 2898/3640/2898 2934/3659/2934
vt 0.8941821 0.5265444
f 3531/3643/3531 3530/3642/3530 3532/3660/3532
vt 0.2419220 0.1432971
f 2892/3638/2892 2891/3621/2891 2889/3661/2889
f 2934/3659/2934 2892/3638/2892 2889/3661/2889
vt 0.2520633 0.1679315
vt 0.2408759 0.1700594
f 2885/3662/2885 2932/3663/2932 2934/3659/2934
vt 0.2602590 0.1784017
f 2883/3664/2883 2884/3645/2884 2885/3662/2885
f 2884/3645/2884 2932/3663/2932 2885/3662/2885
f 2889/3661/2889 2891/3621/2891 2890/3646/2890
f 2880/3644/2880 2884/3645/2884 2883/3664/2883
vt 0.2595106 0.1389661
f 2888/3665/2888 2889/3661/2889 2890/3646/2890
f 2890/3646/2890 3351/3647/3351 2904/3650/2904
vt 0.2741808 0.1272415
f 2903/3666/2903 2890/3646/2890 2904/3650/2904
vt 0.2779842 0.1749294
f 2880/3644/2880 2883/3664/2883 2882/3667/2882
f 2881/3649/2881 2880/3644/2880 2882/3667/2882
vt 0.2916803 0.1751451
f 2940/3626/2940 2881/3649/2881 2933/3668/2933
f 2903/3666/2903 2904/3650/2904 2905/3651/2905
f 3318/3653/3318 2940/3626/2940 2933/3668/2933
vt 0.3003819 0.1701781
f 3318/3653/3318 2933/3668/2933 3389/3669/3389
f 3318/3653/3318 3389/3669/3389 3372/3655/3372
vt 0.3134184 0.1619296
f 3372/3655/3372 3389/3669/3389 2916/3670/2916
vt 0.3076126 0.1267443
f 2912/3671/2912 2911/3654/2911 2907/3652/2907
f 3212/3632/3212 3372/3655/3372 2916/3670/2916
f 3079/3657/3079 3212/3632/3212 2916/3670/2916
f 2927/3634/2927 2912/3671/2912 2907/3652/2907
vt 0.3104928 0.1434444
f 2915/3658/2915 2916/3670/2916 2914/3672/2914
f 2914/3672/2914 2912/3671/2912 2915/3658/2915
f 3079/3657/3079 2916/3670/2916 2915/3658/2915
f 2915/3658/2915 2912/3671/2912 2927/3634/2927
vt 0.2506708 0.1548704
f 2887/3673/2887 2934/3659/2934 2889/3661/2889
f 2885/3662/2885 2934/3659/2934 2887/3673/2887
f 2887/3673/2887 2889/3661/2889 2888/3665/2888
vt 0.2607410 0.1538978
f 2883/3664/2883 2885/3662/2885 2886/3674/2886
f 2885/3662/2885 2887/3673/2887 2886/3674/2886
f 2886/3674/2886 2887/3673/2887 2888/3665/2888
vt 0.2766312 0.1633273
f 2935/3675/2935 2883/3664/2883 2886/3674/2886
f 2888/3665/2888 2890/3646/2890 2903/3666/2903
f 2882/3667/2882 2883/3664/2883 2935/3675/2935
vt 0.2754855 0.1496727
f 3381/3676/3381 2888/3665/2888 2903/3666/2903
vt 0.2815602 0.1287618
f 3381/3676/3381 2903/3666/2903 2931/3677/2931
f 2933/3668/2933 2881/3649/2881 2882/3667/2882
vt 0.2920340 0.1609364
f 2882/3667/2882 2935/3675/2935 3218/3678/3218
f 2931/3677/2931 2903/3666/2903 2905/3651/2905
f 2933/3668/2933 2882/3667/2882 3218/3678/3218
vt 0.2882601 0.1476493
f 2926/3679/2926 3381/3676/3381 2931/3677/2931
f 2911/3654/2911 2931/3677/2931 2905/3651/2905
f 2926/3679/2926 2931/3677/2931 2911/3654/2911
vt 0.2982093 0.1455101
f 2913/3680/2913 2926/3679/2926 2911/3654/2911
f 3389/3669/3389 2933/3668/2933 3218/3678/3218
f 3389/3669/3389 3218/3678/3218 2916/3670/2916
f 2916/3670/2916 3218/3678/3218 2913/3680/2913
f 2912/3671/2912 2913/3680/2913 2911/3654/2911
f 2916/3670/2916 2913/3680/2913 2914/3672/2914
f 2914/3672/2914 2913/3680/2913 2912/3671/2912
f 2886/3674/2886 2888/3665/2888 3381/3676/3381
f 2935/3675/2935 2886/3674/2886 3381/3676/3381
f 3218/3678/3218 2935/3675/2935 3381/3676/3381
f 3218/3678/3218 3381/3676/3381 2926/3679/2926
f 3218/3678/3218 2926/3679/2926 2913/3680/2913
# 6152 faces, 3680 coords texture

# End of File
