####
#
# OBJ File Generated by Meshlab
#
####
# Object ketchup.obj
#
# Vertices: 4344
# Faces: 7318
#
####
mtllib ./ketchup.obj.mtl

vn 0.0113525 0.0068120 0.9999124
v -0.0048027 -0.0053502 0.0995819 0.996078 0.996078 1.000000
vn -0.0134767 0.0078199 0.9998786
v 0.0067688 -0.0049718 0.0995954 0.996078 0.996078 0.996078
vn -0.0110579 -0.0083725 0.9999039
v 0.0060126 0.0057243 0.0995887 0.996078 0.996078 0.996078
vn 0.0079739 0.0175259 0.9998146
v -0.0026197 -0.0114981 0.0996355 1.000000 1.000000 0.996078
vn -0.0085582 0.0172233 0.9998150
v 0.0032396 -0.0117059 0.0996522 0.996078 0.996078 0.996078
vn 0.0065700 -0.0135578 0.9998866
v -0.0038444 0.0098157 0.0996143 0.996078 0.996078 1.000000
vn 0.0224270 -0.0145691 0.9996424
v -0.0104684 0.0134769 0.0997665 0.996078 0.996078 1.000000
vn 0.0195966 -0.0057152 0.9997917
v -0.0090540 0.0048474 0.0996457 0.996078 0.996078 0.996078
vn -0.0028193 0.0330689 0.9994491
v 0.0005583 0.0140992 0.0996910 0.996078 0.996078 0.996078
vn 0.0026878 0.0218250 0.9997582
v 0.0084176 0.0135317 0.0997725 0.992157 0.992157 0.996078
vn 0.0249090 0.0165326 0.9995531
v 0.0117273 0.0098197 0.0997739 0.992157 0.996078 0.996078
vn 0.0485485 0.0201376 0.9986178
v 0.0137738 0.0051852 0.0997629 1.000000 1.000000 1.000000
vn 0.0195672 0.0012306 0.9998078
v 0.0141166 -0.0000276 0.0997360 0.996078 0.996078 1.000000
vn 0.0472285 -0.0127017 0.9988034
v 0.0137025 -0.0054286 0.0997802 1.000000 1.000000 1.000000
vn 0.0230880 -0.0217447 0.9994969
v 0.0105452 -0.0104548 0.0997703 1.000000 1.000000 1.000000
vn 0.0059477 -0.1247850 0.9921660
v 0.0041240 -0.0144003 0.0997178 1.000000 1.000000 0.996078
vn 0.0329905 -0.0639517 0.9974076
v 0.0082760 -0.0131863 0.0997881 0.996078 0.996078 0.996078
vn -0.0042427 -0.1680379 0.9857714
v -0.0025101 -0.0145384 0.0997091 0.996078 1.000000 0.996078
vn -0.0838480 -0.0140291 0.9963798
v -0.0140285 -0.0057505 0.0997925 0.996078 0.996078 0.996078
vn -0.2662290 0.0104280 0.9638534
v -0.0145528 0.0027481 0.0997550 0.996078 0.996078 0.992157
vn 0.0019208 -0.0210089 0.9997774
v -0.0094279 -0.0124719 0.0997867 1.000000 0.996078 0.996078
vn -0.0659404 -0.0272936 0.9974502
v -0.0127713 -0.0085367 0.0998038 0.996078 0.996078 1.000000
vn -0.0635486 0.0145990 0.9978720
v -0.0136606 0.0055178 0.0997985 1.000000 0.996078 0.992157
vn -0.0428612 0.0227411 0.9988222
v -0.0117161 0.0096952 0.0997888 0.996078 0.996078 0.996078
vn -0.0000566 -0.0174152 0.9998484
v 0.0129617 -0.0094558 0.0997297 0.996078 0.992157 0.996078
vn -0.0408605 -0.0035157 0.9991587
v 0.0090190 0.0144669 0.0997208 0.992157 0.996078 0.996078
vn 0.0089315 0.0070543 0.9999353
v -0.0080003 -0.0148289 0.0996702 0.996078 0.996078 0.992157
vn -0.0002348 -0.0187126 0.9998249
v -0.0102522 -0.0130162 0.0997482 0.996078 0.996078 1.000000
vn -0.1165400 0.0068034 0.9931627
v -0.0128013 -0.0165574 0.0998242 0.988235 0.988235 0.996078
vn -0.0272438 -0.0125540 0.9995500
v -0.0147664 -0.0132606 0.0998089 0.913725 0.913725 0.909804
vn -0.0385718 -0.0222634 0.9990078
v -0.0128797 -0.0099070 0.0996963 0.992157 0.992157 0.996078
vn -0.0415699 -0.0282061 0.9987374
v -0.0115635 -0.0104902 0.0998204 0.996078 1.000000 0.996078
vn -0.2321510 -0.1280542 0.9642137
v -0.0160220 -0.0104388 0.0998723 0.984314 0.984314 0.988235
vn 0.0156362 -0.0769524 0.9969122
v -0.0078345 0.0151363 0.0996580 0.992157 0.992157 0.992157
vn -0.0616981 -0.0381752 0.9973645
v 0.0129733 0.0094678 0.0997083 0.996078 0.996078 1.000000
vn 0.0769612 0.1263327 0.9889980
v -0.0151390 -0.0061900 0.0997203 1.000000 0.996078 0.996078
vn -0.2097231 -0.1169752 0.9707384
v -0.0179768 -0.0067286 0.0998442 0.972549 0.980392 0.984314
vn 0.3092763 0.0916385 0.9465467
v -0.0159308 -0.0047064 0.0996788 0.992157 0.996078 0.996078
vn 0.3457108 0.0823695 0.9347188
v 0.0146311 0.0047571 0.0996994 0.992157 0.988235 0.992157
vn 0.3183696 -0.0726118 0.9451817
v 0.0147149 -0.0042451 0.0997093 0.996078 1.000000 1.000000
vn 0.0199865 -0.0532058 0.9983835
v -0.0099715 0.0157778 0.0998182 1.000000 1.000000 0.996078
vn -0.2387191 0.0851063 0.9673521
v -0.0133558 0.0157928 0.0998718 0.996078 0.992157 0.996078
vn -0.1500415 0.2108745 0.9659294
v -0.0120896 0.0182705 0.0999558 0.980392 0.984314 0.992157
vn -0.1537711 0.0819144 0.9847053
v -0.0146653 0.0129681 0.0998702 0.996078 0.996078 0.996078
vn 0.0751014 -0.0511936 0.9958610
v -0.0138921 0.0102453 0.0998114 0.992157 0.992157 0.992157
vn -0.0088551 0.0014663 0.9999597
v -0.0163346 0.0103028 0.0998509 0.988235 0.992157 0.992157
vn -0.1665415 0.0747482 0.9831972
v -0.0180300 0.0067633 0.0998450 0.988235 0.988235 0.992157
vn 0.1445890 -0.0808008 0.9861872
v -0.0159067 0.0055533 0.0997505 0.996078 0.992157 0.996078
vn -0.0854065 0.0774445 0.9933318
v -0.0206800 0.0016260 0.0998928 0.992157 0.992157 0.992157
vn 0.2408839 -0.0172514 0.9704006
v -0.0166016 0.0021771 0.0997654 0.996078 0.996078 0.996078
vn 0.0388661 0.0055152 0.9992293
v -0.0193642 -0.0005201 0.0998513 1.000000 0.996078 0.996078
vn 0.3217401 0.0476131 0.9456301
v -0.0164859 -0.0026161 0.0997560 0.996078 0.996078 0.992157
vn -0.1653559 -0.1287351 0.9777959
v -0.0203464 -0.0020517 0.0999108 0.988235 0.988235 0.988235
vn -0.3582317 -0.0432445 0.9326307
v -0.0220667 -0.0002823 0.0999697 0.607843 0.658824 0.611765
vn 0.0233627 -0.1471075 0.9888446
v -0.0050264 0.0161715 0.0998591 0.992157 0.992157 0.992157
vn -0.0559814 0.2675367 0.9619201
v -0.0076525 0.0189629 0.0999267 0.996078 0.996078 0.992157
vn -0.0806032 0.1690847 0.9823002
v -0.0026780 0.0202510 0.0999196 0.996078 0.992157 0.996078
vn 0.0099036 -0.1184450 0.9929112
v -0.0024426 0.0164323 0.0997903 0.992157 0.996078 0.996078
vn -0.0012415 -0.0884462 0.9960802
v 0.0020862 0.0166966 0.0997966 0.992157 0.996078 0.996078
vn 0.0791826 0.1280813 0.9885977
v 0.0026157 0.0200485 0.0999201 0.996078 0.992157 0.996078
vn 0.0422319 0.2496012 0.9674274
v 0.0072399 0.0188330 0.0999156 0.992157 0.996078 0.996078
vn -0.0138036 -0.0488423 0.9987112
v 0.0091589 0.0170148 0.0998952 1.000000 0.996078 1.000000
vn 0.1926295 0.2234704 0.9554868
v 0.0124113 0.0182649 0.1000040 0.968627 0.968627 0.980392
vn 0.0051444 0.1558060 0.9877743
v 0.0009636 0.0220076 0.0998822 0.996078 0.811765 0.823529
vn -0.0342470 -0.0613379 0.9975294
v 0.0094148 0.0156331 0.0998097 0.996078 0.996078 1.000000
vn 0.2641309 0.0464744 0.9633666
v 0.0129032 0.0163024 0.0998632 0.992157 0.992157 0.996078
vn -0.0629480 -0.0479894 0.9968624
v 0.0127875 0.0108194 0.0998070 1.000000 0.996078 1.000000
vn 0.2623561 0.1410311 0.9546097
v 0.0154661 0.0115231 0.0998695 0.988235 0.984314 0.988235
vn -0.2118202 -0.1403934 0.9671721
v 0.0151886 0.0057453 0.0997513 0.996078 1.000000 0.996078
vn 0.1116073 0.0588853 0.9920062
v 0.0174613 0.0074189 0.0998335 0.992157 0.992157 0.996078
vn 0.1479206 0.0892556 0.9849635
v 0.0193202 0.0038732 0.0998703 0.996078 0.992157 0.996078
vn -0.1490582 -0.0019741 0.9888265
v 0.0159801 0.0021386 0.0997080 0.996078 0.996078 0.992157
vn 0.0554974 0.0703559 0.9959770
v 0.0207642 0.0017329 0.0998404 0.988235 0.992157 0.988235
vn -0.0602691 0.0070052 0.9981576
v 0.0169366 -0.0001900 0.0998246 0.996078 0.996078 1.000000
vn 0.1380664 -0.0944821 0.9859061
v 0.0203776 -0.0016858 0.0998830 0.992157 0.996078 0.988235
vn -0.1844724 0.0069063 0.9828134
v 0.0160452 -0.0036965 0.0997233 1.000000 1.000000 0.996078
vn -0.0052047 -0.0090645 0.9999454
v 0.0194272 -0.0044200 0.0998072 0.988235 0.968627 0.964706
vn -0.0415332 0.0234229 0.9988626
v 0.0165632 -0.0097309 0.0998571 0.964706 0.760784 0.760784
vn -0.1884285 0.1182062 0.9749472
v 0.0150840 -0.0062524 0.0996997 0.996078 0.996078 1.000000
vn 0.0489884 0.0059675 0.9987816
v 0.0138960 -0.0075642 0.0996690 0.996078 0.992157 0.996078
vn 0.0161685 -0.0430449 0.9989423
v 0.0118799 -0.0106530 0.0996547 0.992157 0.996078 1.000000
vn 0.0176167 -0.0104561 0.9997902
v 0.0107497 -0.0121674 0.0996632 0.992157 0.996078 1.000000
vn 0.0739851 0.0257103 0.9969279
v 0.0123168 -0.0166628 0.0998583 0.992157 0.996078 1.000000
vn -0.0340521 0.0209320 0.9992008
v 0.0144592 -0.0134982 0.0998583 0.972549 0.941176 0.945098
vn -0.0320000 0.0609548 0.9976275
v 0.0090669 -0.0155599 0.0997571 1.000000 0.996078 0.996078
vn -0.0138493 -0.0265792 0.9995508
v 0.0091210 -0.0183969 0.0998748 0.996078 0.992157 0.992157
vn -0.0195284 0.1637861 0.9863026
v 0.0028083 -0.0160377 0.0997438 1.000000 0.996078 0.996078
vn 0.0071159 -0.0053215 0.9999605
v 0.0048646 -0.0198677 0.0998699 0.992157 0.984314 0.984314
vn 0.0702876 -0.1333133 0.9885784
v 0.0019718 -0.0204382 0.0999174 0.992157 0.988235 0.992157
vn -0.0007073 0.0396530 0.9992133
v -0.0005007 -0.0189521 0.0997474 0.996078 0.996078 0.996078
vn 0.0168728 0.0788034 0.9967474
v -0.0027846 -0.0165490 0.0997688 1.000000 0.996078 1.000000
vn -0.0371733 -0.1506443 0.9878889
v -0.0031069 -0.0201003 0.0998730 0.996078 0.996078 1.000000
vn 0.0013394 -0.0424720 0.9990968
v -0.0087868 -0.0184964 0.0999146 0.984314 0.980392 0.980392
vn -0.2555021 -0.1963943 0.9466509
v -0.0125650 -0.0182192 0.0999451 1.000000 0.945098 0.945098
vn 0.3595099 0.0856434 0.9292029
v 0.0219113 0.0000845 0.0999507 1.000000 0.945098 0.941176
vn 0.1820588 -0.1627396 0.9697270
v 0.0123435 -0.0182421 0.0999646 1.000000 0.980392 0.980392
vn -0.1005904 0.0526741 0.9935326
v -0.0146287 -0.0060660 0.0996807 0.992157 0.992157 0.992157
vn -0.2570190 -0.0085412 0.9663686
v -0.0147944 -0.0007166 0.0996917 1.000000 1.000000 1.000000
vn -0.0932181 -0.2940854 0.9512225
v -0.0004142 -0.0217139 0.0999564 0.992157 0.960784 0.949020
vn 0.0020669 -0.0247577 0.9996914
v -0.0000957 0.0151925 0.0995981 0.996078 1.000000 0.996078
vn 0.0051185 -0.0347762 0.9993820
v 0.0141463 0.0065117 0.0996274 0.992157 1.000000 1.000000
vn 0.0904107 -0.2902049 0.9526841
v 0.0076917 -0.0192276 0.0997640 1.000000 0.984314 0.984314
vn -0.0223142 -0.0202877 0.9995452
v 0.0067905 0.0151756 0.0995573 0.992157 0.992157 0.996078
vn -0.0269890 0.0707436 0.9971294
v 0.0076518 -0.0149941 0.0996003 0.996078 0.996078 0.996078
vn 0.0255138 -0.2020903 0.9790345
v 0.0053530 -0.0151405 0.0994990 0.996078 0.996078 0.996078
vn -0.0749700 0.1856593 0.9797501
v -0.0011570 0.0217644 0.0998071 0.964706 0.992157 0.996078
vn -0.0007529 0.2395800 0.9708764
v -0.0021283 -0.0160760 0.0996861 1.000000 0.996078 0.996078
vn 0.0117075 -0.0375218 0.9992272
v -0.0125886 0.0103751 0.0996360 0.992157 0.992157 0.992157
vn 0.0176769 -0.0295205 0.9994079
v -0.0146494 0.0064502 0.0996041 0.992157 0.992157 0.992157
vn -0.0520492 -0.2288519 0.9720688
v -0.0075906 -0.0192746 0.0998020 0.992157 0.992157 0.992157
vn 0.0115687 0.2688092 0.9631240
v -0.0030172 0.0152603 0.0995294 0.996078 0.996078 1.000000
vn 0.1478783 -0.2337113 0.9609948
v 0.0012203 -0.0217692 0.0997566 0.992157 0.996078 0.996078
vn 0.2522627 -0.0860632 0.9638240
v 0.0129245 -0.0165107 0.0997202 0.996078 0.980392 0.984314
vn -0.0075163 0.0449203 0.9989623
v 0.0017010 -0.0153603 0.0994947 1.000000 1.000000 0.996078
vn 0.0302336 0.0181118 0.9993788
v 0.0152576 0.0024678 0.0995305 0.996078 0.992157 0.992157
vn -0.0437562 -0.0065717 0.9990206
v 0.0154383 -0.0025525 0.0995295 0.992157 0.996078 0.996078
vn -0.1205442 -0.0547902 0.9911948
v 0.0150414 0.0049387 0.0993762 1.000000 1.000000 1.000000
vn -0.3014773 -0.1002416 0.9481894
v -0.0134039 -0.0164876 0.0996521 0.980392 0.984314 0.988235
vn 0.2727570 0.1333462 0.9527972
v 0.0177416 0.0078594 0.0997005 0.996078 0.992157 0.996078
vn 0.2018270 -0.0608917 0.9775265
v -0.0157673 0.0038455 0.0994040 0.988235 0.992157 0.992157
vn -0.2463740 0.1483009 0.9577613
v -0.0207869 0.0022166 0.0997759 0.992157 0.996078 1.000000
vn -0.3103918 0.1729986 0.9347345
v -0.0223113 0.0005740 0.0997236 0.933333 0.666667 0.682353
vn 0.0628810 0.0662895 0.9958171
v -0.0042003 -0.0152266 0.0994161 0.992157 0.988235 0.992157
vn 0.3400778 -0.0348925 0.9397498
v 0.0130495 -0.0178324 0.0997243 0.984314 0.960784 0.960784
vn 0.0399695 0.1431603 0.9888921
v -0.0152975 -0.0050671 0.0993295 0.992157 0.992157 0.992157
vn 0.3948514 0.1160667 0.9113841
v 0.0131031 0.0180212 0.0997602 0.996078 0.992157 0.996078
vn -0.0157319 0.0329095 0.9993346
v 0.0150694 -0.0049434 0.0993496 0.988235 0.988235 0.992157
vn -0.1232077 -0.0075997 0.9923518
v -0.0156580 -0.0023302 0.0993541 0.996078 0.996078 0.992157
vn 0.4080654 0.0232668 0.9126562
v -0.0161083 -0.0020559 0.0993989 0.992157 0.996078 0.996078
vn -0.4079216 -0.6512944 0.6398560
v -0.0020436 -0.0209045 0.0996707 0.996078 0.996078 1.000000
vn -0.3174713 0.1492142 0.9364546
v -0.0177748 0.0080691 0.0997234 0.992157 0.992157 0.992157
vn 0.0344514 -0.4082594 0.9122157
v 0.0002482 -0.0223067 0.0996661 0.968627 0.772549 0.796078
vn -0.3334251 -0.1808894 0.9252604
v -0.0197064 -0.0038821 0.0997868 0.996078 1.000000 1.000000
vn -0.1876111 -0.3875922 0.9025378
v -0.0124682 -0.0187577 0.0997339 0.980392 0.972549 0.980392
vn 0.3271309 -0.2540663 0.9101844
v 0.0208606 -0.0017275 0.0996938 0.996078 1.000000 0.996078
vn -0.3466315 0.1814081 0.9202923
v -0.0149135 0.0131637 0.0997406 0.996078 0.996078 0.996078
vn 0.4145518 -0.1062073 0.9038069
v 0.0223529 -0.0003364 0.0996986 0.949020 0.686275 0.682353
vn -0.3625868 0.2028403 0.9096080
v -0.0128850 0.0181588 0.0996706 1.000000 1.000000 1.000000
vn 0.5262802 0.2457713 0.8140183
v 0.0188753 0.0055608 0.0996484 1.000000 0.996078 1.000000
vn -0.4525143 0.2565038 0.8540707
v -0.0187889 0.0059481 0.0996877 0.988235 0.984314 0.984314
vn -0.2782065 -0.3375041 0.8992731
v -0.0013331 -0.0218224 0.0996314 0.992157 0.992157 0.992157
vn 0.2027783 -0.3573861 0.9116777
v 0.0124767 -0.0187641 0.0997303 0.925490 0.886275 0.886275
vn 0.3182652 -0.3708327 0.8724622
v 0.0019937 -0.0209866 0.0996763 0.992157 0.992157 0.992157
vn -0.3256503 -0.3427363 0.8811831
v -0.0219425 -0.0012582 0.0996582 0.996078 1.000000 1.000000
vn -0.4733909 -0.1382034 0.8699430
v -0.0131747 -0.0179645 0.0996538 0.992157 0.992157 0.992157
vn -0.3948187 -0.4126180 0.8208925
v -0.0209323 -0.0020775 0.0996160 0.992157 0.992157 0.992157
vn -0.1783766 0.4032125 0.8975531
v -0.0122027 0.0188208 0.0996861 0.984314 0.984314 0.988235
vn -0.0924937 0.5892389 0.8026471
v -0.0084359 0.0191258 0.0997110 1.000000 1.000000 1.000000
vn -0.4923809 -0.2372767 0.8374132
v -0.0223207 -0.0006393 0.0997192 1.000000 0.866667 0.847059
vn -0.5014375 0.2353799 0.8325604
v -0.0137199 0.0156196 0.0997015 1.000000 1.000000 0.996078
vn -0.0884714 0.5063186 0.8577963
v 0.0002321 0.0223172 0.0996240 0.992157 0.894118 0.901961
vn -0.4505965 -0.2554820 0.8553898
v -0.0186777 -0.0060924 0.0996650 0.992157 0.992157 0.992157
vn -0.4612612 -0.2401914 0.8541348
v -0.0180509 -0.0074610 0.0995990 1.000000 1.000000 1.000000
vn 0.4541988 0.3423859 0.8224812
v 0.0217621 0.0012999 0.0995271 0.996078 0.996078 0.996078
vn -0.1634437 0.6175526 0.7693601
v -0.0043362 0.0200518 0.0997242 1.000000 1.000000 1.000000
vn -0.3530942 0.4492752 0.8206560
v -0.0023536 0.0208551 0.0997285 1.000000 1.000000 1.000000
vn -0.4957503 -0.2621716 0.8279479
v -0.0165374 -0.0100596 0.0996838 0.996078 1.000000 1.000000
vn -0.5952412 -0.2835276 0.7518644
v -0.0155395 -0.0120678 0.0996400 1.000000 1.000000 1.000000
vn 0.0729727 0.5377830 0.8399193
v 0.0075118 0.0191416 0.0996916 0.992157 0.992157 0.996078
vn 0.1509146 0.4500299 0.8801693
v 0.0123768 0.0188852 0.0996927 0.996078 0.988235 0.988235
vn 0.1578366 0.5635043 0.8108950
v 0.0039050 0.0199273 0.0997514 1.000000 0.996078 1.000000
vn 0.3895767 0.3779562 0.8398686
v 0.0022808 0.0208417 0.0997185 0.992157 0.992157 0.992157
vn 0.5297013 0.2856439 0.7986389
v 0.0152521 0.0124010 0.0996972 0.992157 0.992157 0.992157
vn 0.5943362 0.1145897 0.7960111
v 0.0131889 0.0164446 0.0996295 0.996078 0.992157 0.996078
vn -0.9999378 -0.0028405 -0.0107853
v -0.0300154 -0.0000022 0.0162909 0.760784 0.627451 0.384314
vn -0.9937082 0.1117903 -0.0068584
v -0.0298209 0.0035609 0.0156738 0.756863 0.623529 0.360784
vn -0.9999850 -0.0003063 -0.0054772
v -0.0299466 0.0001836 -0.0027647 0.760784 0.647059 0.447059
vn -0.9919865 0.1169104 -0.0479057
v -0.0299290 0.0035063 0.0230594 0.713725 0.176471 0.109804
vn -0.9939668 0.1096094 -0.0039843
v -0.0297536 0.0036828 -0.0001734 0.756863 0.647059 0.431373
vn -0.9934427 0.1142833 -0.0033113
v -0.0296438 0.0037403 -0.0158114 0.749020 0.666667 0.490196
vn -0.9999992 0.0010318 -0.0007187
v -0.0298607 0.0000936 -0.0160331 0.737255 0.654902 0.478431
vn -0.9999935 0.0031420 -0.0017603
v -0.0299061 0.0000854 -0.0268845 0.494118 0.196078 0.172549
vn -0.9984490 0.0021505 -0.0556337
v -0.0301712 -0.0000637 0.0233602 0.701961 0.086275 0.094118
vn -0.9917278 0.1283247 -0.0029491
v -0.0296246 0.0038464 -0.0239938 0.501961 0.215686 0.184314
vn -0.9923379 0.1234748 -0.0044174
v -0.0295892 0.0036082 -0.0403549 0.517647 0.231373 0.196078
vn -0.9999824 0.0043332 -0.0040577
v -0.0297885 0.0000320 -0.0482807 0.764706 0.215686 0.113725
vn -0.9918364 0.1274090 -0.0052588
v -0.0295499 0.0038004 -0.0471553 0.541176 0.227451 0.196078
vn -0.9924870 0.1221201 -0.0075128
v -0.0295196 0.0035822 -0.0537319 0.713725 0.192157 0.149020
vn -0.9978538 0.0077293 0.0650241
v -0.0297149 -0.0000377 -0.0614031 0.752941 0.454902 0.356863
vn -0.9912524 0.1141653 0.0662193
v -0.0294890 0.0033498 -0.0612633 0.749020 0.337255 0.290196
vn -0.9825558 0.1859198 -0.0042358
v -0.0293753 0.0059826 -0.0018959 0.760784 0.650980 0.447059
vn -0.9770613 0.2128992 -0.0050278
v -0.0291747 0.0064797 -0.0164383 0.462745 0.176471 0.152941
vn -0.9744682 0.2244717 -0.0049321
v -0.0290580 0.0065301 -0.0403554 0.533333 0.254902 0.207843
vn -0.9782917 0.2071729 -0.0049751
v -0.0290967 0.0062427 -0.0439490 0.541176 0.250980 0.211765
vn -0.9739901 0.2262271 -0.0128304
v -0.0290224 0.0062992 -0.0541757 0.701961 0.313725 0.243137
vn -0.9715008 0.2216912 0.0838998
v -0.0290266 0.0060239 -0.0613325 0.756863 0.400000 0.329412
vn -0.9752445 0.2209023 -0.0100233
v -0.0293364 0.0064612 0.0183530 0.756863 0.627451 0.360784
vn -0.9734894 0.2234510 -0.0488684
v -0.0294235 0.0065351 0.0233376 0.698039 0.078431 0.098039
vn -0.9733754 0.2291247 -0.0065044
v -0.0291411 0.0069353 -0.0095526 0.756863 0.658824 0.474510
vn -0.9713871 0.1209078 -0.2044219
v -0.0303096 0.0034624 0.0277563 0.666667 0.003922 0.003922
vn -0.9423383 0.2060921 -0.2636753
v -0.0297986 0.0064948 0.0279849 0.662745 0.003922 0.007843
vn -0.9601238 -0.0020890 -0.2795675
v -0.0305674 -0.0000841 0.0279459 0.662745 0.003922 0.003922
vn -0.9605159 0.2781055 -0.0081597
v -0.0285168 0.0084878 -0.0495502 0.725490 0.250980 0.172549
vn -0.9633652 0.2681368 -0.0054957
v -0.0286007 0.0085528 -0.0274029 0.525490 0.254902 0.211765
vn -0.9486815 0.3161642 -0.0066153
v -0.0282881 0.0098272 -0.0151508 0.745098 0.666667 0.494118
vn -0.9484544 0.3169062 -0.0021862
v -0.0284206 0.0097426 0.0073378 0.764706 0.647059 0.439216
vn -0.9484801 0.3165928 -0.0124358
v -0.0284655 0.0096044 0.0195924 0.764706 0.635294 0.380392
vn -0.9467416 0.3179779 -0.0506996
v -0.0285403 0.0096357 0.0235050 0.698039 0.019608 0.019608
vn -0.9438308 0.2969505 -0.1449267
v -0.0289281 0.0094592 0.0274264 0.666667 0.011765 0.011765
vn -0.9436057 0.3309330 -0.0095745
v -0.0279617 0.0097229 -0.0578606 0.760784 0.647059 0.454902
vn -0.9367649 0.3368664 0.0948293
v -0.0278164 0.0101677 -0.0614247 0.768627 0.407843 0.290196
vn -0.9440786 0.3296527 -0.0066936
v -0.0282480 0.0096864 -0.0289585 0.596078 0.392157 0.325490
vn -0.9404027 0.3400055 -0.0062464
v -0.0280666 0.0098830 -0.0486220 0.694118 0.388235 0.298039
vn -0.9869206 0.1128905 0.1150805
v -0.0297437 0.0038027 -0.0633752 0.682353 0.000000 0.003922
vn -0.9356954 0.3527865 -0.0039922
v -0.0283029 0.0099325 -0.0037105 0.764706 0.662745 0.486275
vn -0.9619114 0.2272570 0.1519234
v -0.0292741 0.0065756 -0.0633386 0.686275 0.000000 0.003922
vn -0.9721441 0.1410710 0.1871763
v -0.0296618 0.0052422 -0.0644138 0.670588 0.000000 0.003922
vn -0.9266468 0.1116521 0.3589701
v -0.0300647 0.0013375 -0.0649258 0.686275 0.000000 0.000000
vn -0.8656361 0.2417787 0.4384260
v -0.0292035 0.0077009 -0.0650538 0.662745 0.000000 0.007843
vn -0.9866838 0.0006947 0.1626485
v -0.0300829 -0.0000086 -0.0641392 0.674510 0.000000 0.003922
vn -0.9321701 0.3028153 0.1983982
v -0.0284978 0.0096851 -0.0643349 0.682353 0.000000 0.007843
vn -0.9125888 0.4088514 -0.0047176
v -0.0272023 0.0125931 -0.0133513 0.756863 0.662745 0.501961
vn -0.9033549 0.4288598 -0.0054022
v -0.0269238 0.0129563 -0.0267265 0.647059 0.549020 0.466667
vn -0.9047632 0.4258739 -0.0059234
v -0.0269628 0.0128600 -0.0326607 0.627451 0.454902 0.368627
vn -0.9034172 0.4287385 -0.0045636
v -0.0270412 0.0124702 -0.0424969 0.635294 0.470588 0.376471
vn -0.9009988 0.4337187 -0.0094518
v -0.0268921 0.0127856 -0.0485500 0.674510 0.435294 0.325490
vn -0.9089664 0.4168605 -0.0027286
v -0.0272594 0.0126710 0.0093397 0.749020 0.631373 0.435294
vn -0.9128404 0.4082832 -0.0052296
v -0.0272550 0.0126614 0.0168722 0.764706 0.643137 0.407843
vn -0.9132730 0.4044447 -0.0485477
v -0.0273795 0.0126131 0.0233811 0.725490 0.113725 0.180392
vn -0.8999970 0.4111310 -0.1448335
v -0.0277090 0.0126849 0.0274247 0.678431 0.007843 0.015686
vn -0.9034318 0.4285739 -0.0116378
v -0.0268446 0.0124693 -0.0573889 0.760784 0.647059 0.462745
vn -0.8912456 0.4391844 0.1131300
v -0.0267066 0.0127407 -0.0614053 0.776471 0.549020 0.407843
vn -0.8946370 0.3159593 -0.3159027
v -0.0290651 0.0098514 0.0285367 0.647059 0.003922 0.003922
vn -0.8342869 0.3499908 -0.4259952
v -0.0282086 0.0121981 0.0286469 0.670588 0.003922 0.007843
vn -0.8992326 0.3963833 0.1850978
v -0.0272544 0.0124793 -0.0631316 0.682353 0.000000 0.000000
vn -0.9059469 0.3573031 0.2271448
v -0.0276345 0.0120025 -0.0643976 0.686275 0.000000 0.000000
vn -0.7958880 0.4060531 0.4490915
v -0.0269574 0.0139660 -0.0650757 0.717647 0.003922 0.007843
vn -0.8851536 0.4652596 -0.0060537
v -0.0267013 0.0135918 -0.0135100 0.752941 0.662745 0.505882
vn -0.8825332 0.4702429 -0.0026097
v -0.0266023 0.0138388 -0.0027871 0.768627 0.674510 0.505882
vn -0.8673592 0.4959285 -0.0417492
v -0.0261377 0.0150822 0.0233481 0.709804 0.062745 0.105882
vn -0.8632376 0.5047629 -0.0059549
v -0.0257110 0.0157208 0.0166332 0.733333 0.600000 0.392157
vn -0.8201084 0.2676681 0.5057431
v -0.0286143 0.0100034 -0.0651571 0.694118 0.007843 0.007843
vn -0.8531200 0.5217133 -0.0013012
v -0.0255397 0.0157797 -0.0026487 0.764706 0.674510 0.513725
vn -0.8538332 0.5205041 -0.0066626
v -0.0254572 0.0159055 -0.0102173 0.733333 0.662745 0.529412
vn -0.8473924 0.5308870 -0.0092263
v -0.0254375 0.0157917 -0.0182527 0.627451 0.435294 0.376471
vn -0.8509377 0.5251485 -0.0111404
v -0.0254339 0.0156419 -0.0342755 0.650980 0.517647 0.450980
vn -0.8453896 0.5341113 -0.0064495
v -0.0251724 0.0158640 -0.0425216 0.647059 0.486275 0.392157
vn -0.8377414 0.5166587 -0.1767860
v -0.0260809 0.0158391 0.0279608 0.678431 0.000000 0.003922
vn -0.8427570 0.5381292 -0.0133329
v -0.0251928 0.0157768 -0.0505809 0.666667 0.407843 0.301961
vn -0.8461808 0.5326204 -0.0171352
v -0.0250429 0.0158355 -0.0552367 0.686275 0.556863 0.450980
vn -0.8324021 0.5377281 0.1339979
v -0.0250592 0.0156841 -0.0616137 0.725490 0.086275 0.062745
vn -0.8830824 0.4567132 -0.1076036
v -0.0275725 0.0134794 0.0285466 0.674510 0.003922 0.003922
vn -0.7563786 0.4523724 -0.4724941
v -0.0264550 0.0157023 0.0288163 0.666667 0.000000 0.003922
vn -0.8221637 0.5198772 0.2318937
v -0.0255613 0.0158172 -0.0633869 0.674510 0.000000 0.003922
vn -0.7857473 0.4738927 0.3975261
v -0.0259625 0.0157867 -0.0649674 0.698039 0.007843 0.011765
vn -0.8099575 0.5852459 -0.0381596
v -0.0242695 0.0179598 0.0234850 0.713725 0.152941 0.117647
vn -0.8191056 0.5736178 -0.0053599
v -0.0243534 0.0176840 0.0088480 0.768627 0.662745 0.470588
vn -0.8211099 0.5707603 -0.0033636
v -0.0243557 0.0175685 -0.0085724 0.658824 0.600000 0.517647
vn -0.7907403 0.6120121 -0.0130789
v -0.0234396 0.0188081 -0.0125328 0.749020 0.654902 0.505882
vn -0.7874578 0.6163556 -0.0040104
v -0.0233640 0.0189518 -0.0011974 0.760784 0.674510 0.509804
vn -0.8177246 0.5756078 -0.0014590
v -0.0246716 0.0168107 -0.0273369 0.607843 0.411765 0.384314
vn -0.7859660 0.6180857 -0.0150887
v -0.0233025 0.0187949 -0.0178595 0.643137 0.501961 0.411765
vn -0.7877950 0.6159347 -0.0018934
v -0.0234564 0.0185598 -0.0299529 0.643137 0.474510 0.400000
vn -0.7841308 0.6205187 -0.0097710
v -0.0232580 0.0185408 -0.0425947 0.654902 0.490196 0.392157
vn -0.7790838 0.6166164 -0.1131928
v -0.0240277 0.0187247 0.0274613 0.686275 0.003922 0.007843
vn -0.7823977 0.6226487 -0.0127490
v -0.0229944 0.0186473 -0.0572103 0.760784 0.654902 0.486275
vn -0.7707713 0.6261601 0.1176226
v -0.0227133 0.0188965 -0.0616133 0.709804 0.066667 0.058824
vn -0.7820932 0.6231576 -0.0022329
v -0.0232002 0.0188267 -0.0259212 0.639216 0.501961 0.431373
vn -0.7786424 0.6274362 -0.0063120
v -0.0233362 0.0191107 0.0153330 0.709804 0.576471 0.400000
vn -0.7278241 0.5322791 -0.4323785
v -0.0247710 0.0181353 0.0287163 0.678431 0.003922 0.000000
vn -0.7370580 0.5499718 0.3927805
v -0.0247715 0.0175104 -0.0649916 0.705882 0.003922 0.007843
vn -0.7539330 0.6562896 -0.0294774
v -0.0226754 0.0199515 0.0233015 0.713725 0.090196 0.125490
vn -0.7881761 0.3152997 0.5285496
v -0.0278696 0.0121961 -0.0652156 0.686275 0.000000 0.003922
vn -0.7122068 0.7019195 -0.0083982
v -0.0212777 0.0213510 -0.0108652 0.741176 0.666667 0.537255
vn -0.7364405 0.6763532 -0.0142002
v -0.0216526 0.0206758 -0.0191190 0.596078 0.400000 0.360784
vn -0.7364851 0.6764423 -0.0039364
v -0.0215761 0.0211461 0.0147795 0.694118 0.549020 0.403922
vn -0.7067869 0.7074204 -0.0029318
v -0.0212070 0.0215211 0.0109605 0.709804 0.568627 0.403922
vn -0.7010140 0.7131473 -0.0004874
v -0.0209437 0.0216681 -0.0045247 0.756863 0.686275 0.541176
vn -0.7283981 0.6850989 -0.0086960
v -0.0213502 0.0209478 -0.0323616 0.643137 0.427451 0.368627
vn -0.7097476 0.7043726 -0.0108470
v -0.0210745 0.0210363 -0.0427005 0.654902 0.494118 0.392157
vn -0.7106570 0.7034895 -0.0083151
v -0.0209049 0.0211253 -0.0516213 0.666667 0.537255 0.447059
vn -0.7111531 0.6923291 0.1222358
v -0.0209575 0.0208844 -0.0616777 0.698039 0.000000 0.000000
vn -0.6978663 0.7100129 -0.0941517
v -0.0213151 0.0217848 0.0276017 0.686275 0.007843 0.007843
vn -0.7547711 0.6164269 0.2243623
v -0.0230740 0.0190148 -0.0630043 0.670588 0.000000 0.003922
vn -0.6937250 0.5847920 0.4204331
v -0.0234716 0.0191612 -0.0650839 0.713725 0.003922 0.011765
vn -0.6979692 0.6403493 -0.3206115
v -0.0224320 0.0208195 0.0284729 0.682353 0.003922 0.003922
vn -0.6891270 0.7239555 -0.0315037
v -0.0207679 0.0219741 0.0236022 0.709804 0.047059 0.058824
vn -0.6968783 0.6876045 0.2038645
v -0.0211688 0.0213505 -0.0635317 0.678431 0.000000 0.007843
vn -0.6762471 0.6092690 0.4141029
v -0.0222806 0.0205268 -0.0650837 0.709804 0.007843 0.011765
vn -0.6839627 0.7294469 -0.0101098
v -0.0203484 0.0219829 -0.0202098 0.619608 0.458824 0.388235
vn -0.6788971 0.7341935 -0.0076620
v -0.0205032 0.0217847 -0.0319204 0.670588 0.545098 0.427451
vn -0.7873135 0.2282621 -0.5727425
v -0.0301674 0.0077983 0.0292519 0.639216 0.003922 0.003922
vn -0.8670229 0.1077135 -0.4864866
v -0.0306022 0.0033990 0.0285503 0.654902 0.007843 0.003922
vn -0.6446611 0.6509243 0.4008862
v -0.0210000 0.0218293 -0.0650383 0.713725 0.003922 0.015686
vn -0.6359099 0.7136695 -0.2937592
v -0.0202764 0.0228983 0.0283802 0.686275 0.000000 0.003922
vn -0.5966887 0.6892211 0.4110191
v -0.0197104 0.0231124 -0.0651407 0.701961 0.007843 0.011765
vn -0.8203430 0.1550749 0.5504445
v -0.0298180 0.0060365 -0.0652860 0.733333 0.015686 0.015686
vn -0.6326944 0.7743260 -0.0108274
v -0.0185961 0.0231636 -0.0540096 0.627451 0.494118 0.435294
vn -0.6449209 0.7642432 -0.0030365
v -0.0191720 0.0233155 0.0068738 0.752941 0.666667 0.486275
vn -0.6153790 0.7882187 -0.0044742
v -0.0183865 0.0238885 -0.0037954 0.760784 0.674510 0.533333
vn -0.6164690 0.7873356 -0.0082952
v -0.0185147 0.0237814 -0.0112225 0.749020 0.670588 0.529412
vn -0.6203298 0.7842671 -0.0107748
v -0.0184577 0.0236277 -0.0205217 0.619608 0.454902 0.403922
vn -0.6222677 0.7827467 -0.0095179
v -0.0184791 0.0235412 -0.0320276 0.658824 0.505882 0.415686
vn -0.6242512 0.7811622 -0.0098069
v -0.0183582 0.0234442 -0.0424219 0.654902 0.478431 0.380392
vn -0.6355611 0.7637382 0.1129870
v -0.0186273 0.0230494 -0.0616264 0.713725 0.003922 0.019608
vn -0.6096260 0.7921431 -0.0294213
v -0.0182697 0.0241510 0.0236551 0.698039 0.027451 0.043137
vn -0.6020514 0.7984426 -0.0048512
v -0.0180822 0.0242160 0.0135127 0.713725 0.580392 0.400000
vn -0.6121048 0.7821580 -0.1164330
v -0.0186002 0.0241307 0.0273532 0.682353 0.007843 0.007843
vn -0.5544618 0.7117144 -0.4313176
v -0.0185853 0.0244856 0.0287573 0.678431 0.000000 0.000000
vn -0.8101634 0.0813091 0.5805378
v -0.0303595 0.0007633 -0.0652362 0.698039 0.003922 0.007843
vn -0.5777637 0.7868683 0.2168579
v -0.0172130 0.0247229 -0.0634286 0.678431 0.000000 0.000000
vn -0.5720043 0.7112076 0.4086501
v -0.0184362 0.0242089 -0.0651593 0.709804 0.007843 0.015686
vn -0.5443832 0.8388063 -0.0071429
v -0.0156991 0.0253556 -0.0505448 0.686275 0.560784 0.447059
vn -0.5461471 0.8282073 0.1256821
v -0.0156455 0.0252175 -0.0615634 0.709804 0.066667 0.054902
vn -0.5372792 0.8433410 -0.0103503
v -0.0157129 0.0255462 -0.0322727 0.666667 0.525490 0.419608
vn -0.5403352 0.8414159 -0.0075617
v -0.0156698 0.0253765 -0.0421864 0.662745 0.435294 0.349020
vn -0.5326108 0.8463410 -0.0057231
v -0.0155937 0.0256540 -0.0219267 0.623529 0.380392 0.321569
vn -0.5350432 0.8448039 -0.0059247
v -0.0160500 0.0254904 -0.0107570 0.749020 0.666667 0.533333
vn -0.5153650 0.8497440 -0.1110588
v -0.0156161 0.0261990 0.0273810 0.678431 0.007843 0.007843
vn -0.5116002 0.8587361 -0.0289420
v -0.0157050 0.0258795 0.0232576 0.709804 0.000000 0.062745
vn -0.5108570 0.8596633 -0.0020571
v -0.0157170 0.0257599 0.0105399 0.764706 0.666667 0.462745
vn -0.5078734 0.7671014 0.3919441
v -0.0158234 0.0260396 -0.0650949 0.698039 0.007843 0.015686
vn -0.5254737 0.7953026 -0.3022769
v -0.0166636 0.0256608 0.0283443 0.682353 0.007843 0.000000
vn -0.4394574 0.7859997 -0.4348354
v -0.0151333 0.0267680 0.0287342 0.666667 0.000000 0.000000
vn -0.6079437 0.5619432 -0.5609139
v -0.0228144 0.0209239 0.0291628 0.658824 0.000000 0.003922
vn -0.5042622 0.8383490 0.2071006
v -0.0141306 0.0267574 -0.0634137 0.682353 0.000000 0.000000
vn -0.5721076 0.6142859 -0.5434572
v -0.0207572 0.0230074 0.0292240 0.658824 0.003922 0.000000
vn -0.4827569 0.8757444 -0.0041929
v -0.0145716 0.0263950 -0.0010799 0.760784 0.678431 0.529412
vn -0.4788499 0.8778723 -0.0065563
v -0.0142353 0.0265093 -0.0146548 0.741176 0.666667 0.529412
vn -0.4458975 0.8950363 -0.0092426
v -0.0127495 0.0270562 -0.0406827 0.686275 0.454902 0.337255
vn -0.4432455 0.8963774 -0.0064033
v -0.0125058 0.0271318 -0.0532905 0.682353 0.572549 0.490196
vn -0.4494378 0.8739271 0.1850865
v -0.0124499 0.0271032 -0.0617132 0.690196 0.000000 0.007843
vn -0.4220852 0.9065285 -0.0070805
v -0.0125033 0.0273879 -0.0173297 0.615686 0.403922 0.309804
vn -0.4349830 0.9004232 -0.0052973
v -0.0127694 0.0272123 -0.0295520 0.639216 0.470588 0.380392
vn -0.4597355 0.8011048 0.3832419
v -0.0143060 0.0269327 -0.0651035 0.717647 0.007843 0.011765
vn -0.4140480 0.8734127 0.2563482
v -0.0119837 0.0278828 -0.0629257 0.670588 0.000000 0.000000
vn -0.4154376 0.8214973 0.3905815
v -0.0129110 0.0277538 -0.0651541 0.701961 0.000000 0.003922
vn -0.4170910 0.9088565 -0.0038866
v -0.0125645 0.0274412 0.0143457 0.764706 0.654902 0.423529
vn -0.4027818 0.9144925 -0.0383455
v -0.0123818 0.0276106 0.0237129 0.705882 0.035294 0.023529
vn -0.4209785 0.9070706 0.0000478
v -0.0126774 0.0274125 0.0043514 0.752941 0.654902 0.494118
vn -0.4108411 0.9116992 -0.0037762
v -0.0124535 0.0274439 -0.0062006 0.666667 0.600000 0.533333
vn -0.4250071 0.8862832 -0.1840416
v -0.0126753 0.0278266 0.0281697 0.678431 0.003922 0.007843
vn -0.3594252 0.9102868 0.2054058
v -0.0096493 0.0283220 -0.0618047 0.666667 0.000000 0.000000
vn -0.3544504 0.9350381 -0.0082876
v -0.0100244 0.0282303 -0.0420415 0.686275 0.415686 0.305882
vn -0.3811677 0.9245011 -0.0029841
v -0.0095956 0.0283624 -0.0525097 0.741176 0.650980 0.517647
vn -0.3860664 0.9224085 -0.0107461
v -0.0096394 0.0284823 -0.0340978 0.639216 0.478431 0.380392
vn -0.3735753 0.9275894 -0.0044000
v -0.0095308 0.0285398 -0.0247921 0.627451 0.470588 0.415686
vn -0.3656993 0.9307331 0.0002154
v -0.0096451 0.0285948 0.0099906 0.752941 0.650980 0.435294
vn -0.3677934 0.9298986 -0.0040715
v -0.0097825 0.0285169 -0.0033164 0.752941 0.670588 0.509804
vn -0.3517570 0.9360613 -0.0075040
v -0.0095797 0.0286509 0.0230038 0.752941 0.525490 0.329412
vn -0.3723484 0.9280870 -0.0033552
v -0.0094674 0.0286102 -0.0161595 0.639216 0.443137 0.341176
vn -0.3274592 0.9422993 -0.0695883
v -0.0080420 0.0292410 0.0253696 0.686275 0.007843 0.007843
vn -0.3432662 0.8557907 0.3870279
v -0.0108461 0.0286074 -0.0651876 0.705882 0.007843 0.007843
vn -0.3676643 0.8969342 0.2456258
v -0.0092280 0.0291104 -0.0631761 0.666667 0.000000 0.000000
vn -0.3053461 0.8292874 0.4680236
v -0.0093589 0.0292156 -0.0652580 0.725490 0.011765 0.019608
vn -0.3356485 0.9382632 -0.0836806
v -0.0095446 0.0290270 0.0282140 0.670588 0.011765 0.011765
vn -0.4572873 0.6666248 -0.5886424
v -0.0175105 0.0257048 0.0292528 0.650980 0.000000 0.000000
vn -0.8116987 0.4889238 0.3195289
v -0.0265837 0.0159767 -0.0658615 0.709804 0.007843 0.011765
vn -0.7587814 0.5804565 0.2955014
v -0.0248386 0.0185744 -0.0660329 0.717647 0.007843 0.015686
vn -0.7941267 0.6075155 0.0169613
v -0.0248984 0.0187090 -0.0703396 0.701961 0.000000 0.003922
vn -0.8537942 0.5204846 0.0114581
v -0.0267569 0.0160270 -0.0717328 0.705882 0.003922 0.003922
vn -0.8476070 0.5289506 -0.0421154
v -0.0264981 0.0162915 -0.0954863 0.713725 0.011765 0.011765
vn -0.7989334 0.6002154 -0.0380377
v -0.0247609 0.0187916 -0.0953758 0.713725 0.011765 0.011765
vn -0.7579032 0.6523665 -0.0008427
v -0.0237939 0.0200647 -0.0753612 0.709804 0.003922 0.003922
vn -0.8749762 0.4841313 -0.0057919
v -0.0272571 0.0150305 -0.0887017 0.705882 0.007843 0.011765
vn -0.8393170 0.5019143 -0.2088757
v -0.0266808 0.0157278 -0.0973298 0.709804 0.007843 0.007843
vn -0.7630183 0.6029916 -0.2328181
v -0.0241193 0.0193753 -0.0974656 0.705882 0.007843 0.007843
vn -0.7491550 0.6577415 -0.0783766
v -0.0233530 0.0204616 -0.0964197 0.705882 0.007843 0.011765
vn -0.7132409 0.7001382 0.0330754
v -0.0220828 0.0219206 -0.0682685 0.705882 0.003922 0.003922
vn -0.9050685 0.4252612 0.0020324
v -0.0284656 0.0128814 -0.0756442 0.705882 0.003922 0.007843
vn -0.9060115 0.4231547 -0.0091307
v -0.0283986 0.0128700 -0.0897152 0.709804 0.007843 0.003922
vn -0.9043753 0.4181292 -0.0852835
v -0.0283007 0.0128819 -0.0963321 0.709804 0.003922 0.011765
vn -0.7053037 0.6150090 0.3525770
v -0.0234065 0.0202251 -0.0658942 0.721569 0.003922 0.007843
vn -0.8210028 0.3997104 0.4076592
v -0.0279823 0.0133564 -0.0657694 0.709804 0.003922 0.007843
vn -0.9011378 0.4294688 0.0592219
v -0.0284216 0.0127552 -0.0671109 0.701961 0.003922 0.003922
vn -0.6950858 0.7189046 0.0056490
v -0.0216139 0.0224494 -0.0719862 0.709804 0.003922 0.007843
vn -0.7079480 0.7062574 -0.0031919
v -0.0219864 0.0219715 -0.0880950 0.709804 0.007843 0.003922
vn -0.7007578 0.7070062 -0.0952934
v -0.0219659 0.0219997 -0.0962904 0.709804 0.007843 0.011765
vn -0.6495832 0.6693652 0.3605438
v -0.0214681 0.0223303 -0.0658653 0.717647 0.007843 0.011765
vn -0.9469057 0.3213295 -0.0108169
v -0.0295931 0.0099154 -0.0896974 0.713725 0.007843 0.011765
vn -0.9470206 0.3211648 0.0022729
v -0.0296848 0.0098505 -0.0758665 0.705882 0.003922 0.011765
vn -0.9435170 0.3170706 -0.0961359
v -0.0294691 0.0099223 -0.0963199 0.709804 0.007843 0.015686
vn -0.9356794 0.3083704 0.1714986
v -0.0294706 0.0100606 -0.0663339 0.701961 0.007843 0.011765
vn -0.6602583 0.7510246 -0.0045925
v -0.0205180 0.0233601 -0.0837924 0.705882 0.007843 0.003922
vn -0.6556408 0.7497679 -0.0893497
v -0.0202311 0.0235542 -0.0963799 0.709804 0.003922 0.011765
vn -0.8764802 0.3798239 -0.2958317
v -0.0282742 0.0123864 -0.0977116 0.713725 0.011765 0.015686
vn -0.8193622 0.3205111 0.4753086
v -0.0290412 0.0108410 -0.0658005 0.698039 0.003922 0.007843
vn -0.6047645 0.7355397 0.3053543
v -0.0190212 0.0245343 -0.0660468 0.705882 0.003922 0.011765
vn -0.6069022 0.7947330 0.0083146
v -0.0184225 0.0251964 -0.0719669 0.701961 0.003922 0.011765
vn -0.6374086 0.6348374 -0.4366828
v -0.0217668 0.0216253 -0.0982586 0.713725 0.011765 0.019608
vn -0.6124806 0.7898347 -0.0320713
v -0.0186369 0.0248987 -0.0955490 0.713725 0.007843 0.011765
vn -0.6276101 0.7785090 -0.0054247
v -0.0187212 0.0248678 -0.0830972 0.713725 0.007843 0.007843
vn -0.5949614 0.7651722 -0.2460338
v -0.0187343 0.0246230 -0.0975318 0.705882 0.003922 0.011765
vn -0.5605856 0.8221030 -0.0994518
v -0.0175152 0.0256911 -0.0963620 0.713725 0.007843 0.011765
vn -0.9738736 0.2267107 0.0131394
v -0.0305455 0.0067058 -0.0701406 0.705882 0.007843 0.007843
vn -0.7086505 0.4928518 -0.5048878
v -0.0250372 0.0174946 -0.0984668 0.701961 0.011765 0.015686
vn -0.5445042 0.7654787 0.3428666
v -0.0177318 0.0255062 -0.0659763 0.709804 0.003922 0.007843
vn -0.9036504 0.2827622 -0.3216544
v -0.0294203 0.0091403 -0.0978818 0.713725 0.015686 0.015686
vn -0.9752371 0.2208212 -0.0122748
v -0.0305144 0.0066213 -0.0894429 0.713725 0.007843 0.007843
vn -0.9755478 0.2140865 -0.0497346
v -0.0303621 0.0067244 -0.0957158 0.717647 0.007843 0.011765
vn -0.9750694 0.2218439 -0.0049908
v -0.0305841 0.0065756 -0.0815897 0.705882 0.007843 0.011765
vn -0.8722622 0.1646923 0.4604726
v -0.0307408 0.0053917 -0.0660046 0.705882 0.007843 0.007843
vn -0.9509666 0.2106242 -0.2264951
v -0.0302313 0.0066794 -0.0973253 0.717647 0.011765 0.015686
vn -0.5148032 0.8568828 0.0270115
v -0.0151847 0.0273326 -0.0688594 0.701961 0.007843 0.007843
vn -0.5137362 0.8579479 -0.0006643
v -0.0151784 0.0273868 -0.0735168 0.705882 0.007843 0.007843
vn -0.7291011 0.4255410 -0.5360284
v -0.0264621 0.0151405 -0.0986365 0.701961 0.011765 0.019608
vn -0.4967419 0.7985315 0.3399924
v -0.0156960 0.0268497 -0.0659212 0.709804 0.011765 0.011765
vn -0.5146972 0.8531215 -0.0852678
v -0.0155991 0.0269460 -0.0962482 0.705882 0.003922 0.007843
vn -0.6356583 0.5296236 -0.5616381
v -0.0234798 0.0193789 -0.0986371 0.701961 0.011765 0.015686
vn -0.9927560 0.1187060 -0.0185573
v -0.0310516 0.0034510 -0.0908367 0.713725 0.007843 0.011765
vn -0.9931379 0.1169453 -0.0009670
v -0.0311180 0.0035144 -0.0796931 0.705882 0.007843 0.011765
vn -0.9901995 0.1046887 0.0924406
v -0.0310839 0.0033047 -0.0666984 0.694118 0.003922 0.003922
vn -0.4656440 0.8288191 -0.3102171
v -0.0148296 0.0271086 -0.0978272 0.717647 0.011765 0.015686
vn -0.9747254 0.1038310 -0.1978118
v -0.0308765 0.0031338 -0.0971076 0.713725 0.007843 0.011765
vn -0.6005553 0.6791213 -0.4220516
v -0.0201738 0.0228715 -0.0985447 0.721569 0.015686 0.019608
vn -0.4371728 0.8352249 0.3335857
v -0.0134110 0.0281538 -0.0659395 0.709804 0.003922 0.007843
vn -0.7783718 0.2032891 0.5939790
v -0.0301947 0.0068205 -0.0657946 0.698039 0.003922 0.007843
vn -0.4181849 0.9082828 0.0119909
v -0.0121226 0.0290095 -0.0709686 0.709804 0.003922 0.003922
vn -0.4248340 0.9052219 -0.0094586
v -0.0129655 0.0284367 -0.0876304 0.713725 0.007843 0.003922
vn -0.4208183 0.9014766 -0.1012518
v -0.0129362 0.0283897 -0.0962150 0.713725 0.003922 0.011765
vn -0.8221995 0.3449596 -0.4527593
v -0.0279700 0.0119857 -0.0986365 0.733333 0.023529 0.023529
vn -0.5164678 0.7811853 -0.3507287
v -0.0163889 0.0257731 -0.0985481 0.721569 0.015686 0.019608
vn -0.8564112 0.2650146 -0.4430881
v -0.0290670 0.0089895 -0.0986489 0.717647 0.019608 0.019608
vn -0.5519868 0.7346279 -0.3945029
v -0.0181259 0.0245099 -0.0985936 0.713725 0.015686 0.015686
vn -0.3626435 0.8598017 0.3594870
v -0.0116143 0.0290308 -0.0659646 0.694118 0.003922 0.007843
vn -0.9999075 0.0064610 0.0119712
v -0.0313264 0.0001567 -0.0695811 0.698039 0.003922 0.003922
vn -0.9999466 0.0072512 -0.0073708
v -0.0313172 0.0001325 -0.0864234 0.713725 0.007843 0.007843
vn -0.9996663 0.0053936 -0.0252616
v -0.0312229 0.0001509 -0.0928822 0.713725 0.007843 0.007843
vn -0.9921520 0.0170311 -0.1238724
v -0.0310798 0.0003018 -0.0967106 0.717647 0.007843 0.011765
vn -0.9272128 0.1508473 -0.3428142
v -0.0301197 0.0049289 -0.0985401 0.721569 0.019608 0.023529
vn -0.9139584 0.0036947 0.4057911
v -0.0312441 0.0000713 -0.0660300 0.713725 0.007843 0.007843
vn -0.3767414 0.9262311 -0.0127224
v -0.0096260 0.0299096 -0.0794865 0.705882 0.007843 0.007843
vn -0.3703527 0.9288708 -0.0061662
v -0.0090155 0.0302308 -0.0735960 0.705882 0.003922 0.003922
vn -0.3706465 0.9270183 -0.0570827
v -0.0093282 0.0298279 -0.0962348 0.705882 0.003922 0.003922
vn -0.3752659 0.9268542 -0.0108107
v -0.0095378 0.0298176 -0.0882241 0.709804 0.003922 0.007843
vn -0.3789161 0.9103776 -0.1662388
v -0.0099467 0.0293834 -0.0976689 0.737255 0.015686 0.015686
vn -0.3527491 0.9351998 0.0311351
v -0.0090852 0.0301706 -0.0693209 0.705882 0.003922 0.000000
vn -0.3033726 0.8801026 0.3652184
v -0.0094547 0.0298731 -0.0660209 0.698039 0.007843 0.003922
vn -0.3996346 0.8530039 -0.3356735
v -0.0130157 0.0276705 -0.0985589 0.729412 0.019608 0.019608
vn -0.3941560 0.7464830 -0.5361010
v -0.0128898 0.0281416 0.0289973 0.662745 0.003922 0.007843
vn -0.3361312 0.9255720 0.1741615
v -0.0085546 0.0287029 -0.0617163 0.721569 0.160784 0.141176
vn -0.9582915 -0.0443862 -0.2823250
v -0.0309106 -0.0009764 -0.0975866 0.721569 0.015686 0.019608
vn -0.2993951 0.9541238 -0.0032179
v -0.0082921 0.0287671 -0.0440475 0.690196 0.435294 0.309804
vn -0.9355118 0.0335111 -0.3517026
v -0.0304960 0.0006516 -0.0986082 0.725490 0.023529 0.023529
vn -0.2893716 0.9323225 0.2168846
v -0.0068052 0.0306997 -0.0660392 0.698039 0.003922 0.011765
vn -0.9885467 -0.1084959 -0.1049008
v -0.0309611 -0.0030037 -0.0962351 0.721569 0.007843 0.011765
vn -0.9949895 -0.0997600 0.0066174
v -0.0311953 -0.0028250 -0.0717795 0.705882 0.003922 0.007843
vn -0.9943491 -0.1057092 -0.0097692
v -0.0311421 -0.0029995 -0.0873259 0.713725 0.007843 0.007843
vn -0.9946409 -0.1033836 -0.0011776
v -0.0296130 -0.0033338 -0.0523096 0.737255 0.149020 0.086275
vn -0.9938180 -0.0875620 0.0682553
v -0.0295598 -0.0032220 -0.0613769 0.756863 0.486275 0.352941
vn -0.9943256 -0.1063359 -0.0030387
v -0.0296441 -0.0037098 -0.0156725 0.749020 0.662745 0.490196
vn -0.9929455 -0.1185683 -0.0009009
v -0.0296392 -0.0037516 -0.0232272 0.466667 0.164706 0.149020
vn -0.9936631 -0.1122799 -0.0051855
v -0.0296194 -0.0036460 -0.0398030 0.501961 0.207843 0.176471
vn -0.9939913 -0.1094548 -0.0009632
v -0.0295690 -0.0035733 -0.0486316 0.815686 0.219608 0.109804
vn -0.9939395 -0.1088136 -0.0156192
v -0.0298020 -0.0037862 0.0177846 0.756863 0.639216 0.435294
vn -0.9944013 -0.1055279 -0.0054774
v -0.0296969 -0.0036701 -0.0058626 0.760784 0.650980 0.470588
vn -0.9938172 -0.0980019 -0.0521824
v -0.0299775 -0.0033537 0.0231922 0.725490 0.109804 0.054902
vn -0.9886303 -0.1119115 0.1004291
v -0.0297810 -0.0038680 -0.0632658 0.686275 0.003922 0.003922
vn -0.9426674 -0.1080580 -0.3157559
v -0.0303813 -0.0034351 0.0281424 0.662745 0.007843 0.007843
vn -0.8884151 -0.1204797 0.4429485
v -0.0309807 -0.0036199 -0.0659442 0.717647 0.015686 0.027451
vn -0.8953139 -0.0633255 0.4409115
v -0.0300812 -0.0019225 -0.0649958 0.678431 0.000000 0.003922
vn -0.8220872 0.0051663 -0.5693382
v -0.0311728 0.0000056 0.0290826 0.650980 0.003922 0.003922
vn -0.7150114 0.5178667 -0.4696520
v -0.0263005 0.0189369 0.0308264 0.631373 0.003922 0.003922
vn -0.7570603 0.4386028 -0.4842390
v -0.0280350 0.0162897 0.0308312 0.639216 0.007843 0.019608
vn -0.8393986 0.5157096 -0.1716211
v -0.0280838 0.0167103 0.0315627 0.662745 0.007843 0.011765
vn -0.7880542 0.5953678 -0.1565496
v -0.0261703 0.0195295 0.0316217 0.686275 0.007843 0.011765
vn -0.8114265 0.5835374 -0.0327305
v -0.0265843 0.0189490 0.0346255 0.701961 0.003922 0.011765
vn -0.8748427 0.4843524 0.0072826
v -0.0288288 0.0155050 0.0332403 0.717647 0.011765 0.011765
vn -0.8681121 0.4950066 -0.0367412
v -0.0285625 0.0158572 0.0346949 0.694118 0.003922 0.007843
vn -0.7446572 0.6673428 0.0118049
v -0.0244183 0.0217499 0.0330793 0.713725 0.015686 0.015686
vn -0.9048499 0.4030511 -0.1371009
v -0.0301124 0.0129256 0.0317644 0.686275 0.015686 0.015686
vn -0.9175259 0.3931412 -0.0598853
v -0.0302082 0.0125576 0.0347422 0.694118 0.003922 0.003922
vn -0.7135162 0.6660013 -0.2175704
v -0.0241063 0.0220353 0.0314480 0.662745 0.011765 0.019608
vn -0.8530508 0.5198380 -0.0455276
v -0.0282323 0.0167089 0.0359851 0.784314 0.031373 0.031373
vn -0.7771432 0.6262717 -0.0619041
v -0.0258207 0.0201524 0.0358934 0.764706 0.019608 0.019608
vn -0.8088177 0.5875871 -0.0235679
v -0.0266886 0.0189694 0.0386551 0.682353 0.000000 0.007843
vn -0.8701083 0.4928269 -0.0057674
v -0.0286558 0.0158358 0.0386449 0.686275 0.000000 0.007843
vn -0.8219306 0.5691091 -0.0233423
v -0.0270023 0.0186815 0.0401597 0.752941 0.015686 0.023529
vn -0.8690499 0.4946579 -0.0081152
v -0.0286320 0.0160049 0.0410564 0.705882 0.000000 0.007843
vn -0.8128462 0.5824748 0.0020081
v -0.0268249 0.0188818 0.0425638 0.733333 0.011765 0.015686
vn -0.8676562 0.4969506 -0.0145919
v -0.0286720 0.0159704 0.0445859 0.686275 0.000000 0.007843
vn -0.8089465 0.5875129 -0.0208348
v -0.0267357 0.0190357 0.0452804 0.811765 0.066667 0.070588
vn -0.8156469 0.5780845 -0.0232034
v -0.0269640 0.0188512 0.0473996 0.713725 0.003922 0.011765
vn -0.8807467 0.4733086 -0.0162537
v -0.0291595 0.0152366 0.0477167 0.709804 0.011765 0.015686
vn -0.8704292 0.4920605 0.0151499
v -0.0287805 0.0160630 0.0529372 0.678431 0.003922 0.007843
vn -0.8208731 0.5707412 0.0205417
v -0.0269929 0.0189305 0.0531876 0.682353 0.000000 0.000000
vn -0.9112816 0.4114679 -0.0161280
v -0.0301812 0.0131035 0.0401203 0.756863 0.019608 0.027451
vn -0.8049468 0.5933389 -0.0030882
v -0.0265650 0.0194425 0.0545050 0.803922 0.039216 0.050980
vn -0.8674577 0.4975044 -0.0025698
v -0.0285570 0.0163190 0.0545013 0.811765 0.039216 0.054902
vn -0.8601759 0.5064636 0.0599331
v -0.0284696 0.0167180 0.0569577 0.729412 0.015686 0.019608
vn -0.7865985 0.6161131 0.0408358
v -0.0260576 0.0202512 0.0569140 0.749020 0.015686 0.023529
vn -0.8225754 0.5674034 0.0377236
v -0.0269757 0.0188356 0.0579387 0.745098 0.019608 0.027451
vn -0.9118738 0.4065990 -0.0562447
v -0.0302488 0.0129250 0.0359664 0.749020 0.023529 0.019608
vn -0.9144593 0.4043876 -0.0153267
v -0.0301617 0.0130721 0.0445332 0.690196 0.000000 0.007843
vn -0.9197721 0.3923592 0.0085724
v -0.0302670 0.0127733 0.0419611 0.745098 0.031373 0.031373
vn -0.9192209 0.3892362 0.0593992
v -0.0302608 0.0131938 0.0570834 0.752941 0.023529 0.023529
vn -0.9184840 0.3949915 0.0192081
v -0.0301572 0.0131639 0.0545143 0.764706 0.027451 0.039216
vn -0.9177899 0.3968568 -0.0129016
v -0.0301917 0.0128365 0.0385629 0.686275 0.003922 0.011765
vn -0.7563944 0.6536220 -0.0254153
v -0.0247526 0.0215064 0.0401677 0.752941 0.019608 0.023529
vn -0.9185418 0.3951474 -0.0118114
v -0.0301795 0.0132106 0.0503153 0.690196 0.000000 0.000000
vn -0.9189744 0.3932822 0.0285520
v -0.0302763 0.0131425 0.0532472 0.674510 0.003922 0.003922
vn -0.7679040 0.6403416 -0.0169135
v -0.0253353 0.0209485 0.0506354 0.768627 0.027451 0.035294
vn -0.7333803 0.6797101 0.0121428
v -0.0241608 0.0224344 0.0531939 0.674510 0.000000 0.000000
vn -0.7447698 0.6672903 -0.0064619
v -0.0240519 0.0224001 0.0472125 0.709804 0.000000 0.011765
vn -0.7188421 0.6943602 -0.0336157
v -0.0236744 0.0227533 0.0438895 0.709804 0.000000 0.011765
vn -0.7298298 0.6836048 -0.0057357
v -0.0238936 0.0224176 0.0422119 0.807843 0.074510 0.078431
vn -0.9299978 0.3674544 -0.0090213
v -0.0305694 0.0122190 0.0468730 0.701961 0.000000 0.003922
vn -0.8939579 0.4453305 0.0502004
v -0.0294869 0.0145216 0.0581903 0.690196 0.003922 0.003922
vn -0.8468433 0.4828590 0.2229431
v -0.0285371 0.0163051 0.0614079 0.745098 0.003922 0.019608
vn -0.8208885 0.5493546 0.1560507
v -0.0272843 0.0183764 0.0612163 0.737255 0.003922 0.015686
vn -0.7670969 0.6406778 0.0330808
v -0.0248126 0.0216277 0.0604605 0.713725 0.000000 0.015686
vn -0.9142901 0.3911943 0.1050754
v -0.0301720 0.0130966 0.0609385 0.717647 0.007843 0.011765
vn -0.7358125 0.6765785 0.0286637
v -0.0241577 0.0223612 0.0580988 0.737255 0.019608 0.023529
vn -0.7743739 0.6244315 0.1021289
v -0.0249425 0.0212954 0.0617620 0.929412 0.066667 0.086275
vn -0.7294430 0.6837019 -0.0215589
v -0.0239178 0.0222973 0.0386761 0.678431 0.000000 0.007843
vn -0.7192622 0.6947277 -0.0039244
v -0.0238105 0.0227141 0.0546961 0.721569 0.015686 0.023529
vn -0.7256396 0.6860173 -0.0531741
v -0.0239275 0.0223614 0.0359505 0.784314 0.031373 0.031373
vn -0.7299396 0.6822656 -0.0412540
v -0.0238852 0.0222093 0.0348607 0.686275 0.000000 0.003922
vn -0.7057635 0.7081713 0.0197818
v -0.0235605 0.0231078 0.0569113 0.741176 0.019608 0.027451
vn -0.6928072 0.7210541 -0.0099633
v -0.0229005 0.0235904 0.0481387 0.768627 0.054902 0.047059
vn -0.9463083 0.3192391 0.0508634
v -0.0311410 0.0104497 0.0581375 0.682353 0.000000 0.000000
vn -0.7030535 0.7103236 0.0340044
v -0.0233594 0.0231940 0.0613367 0.741176 0.011765 0.023529
vn -0.9451743 0.3244247 -0.0373400
v -0.0312753 0.0098080 0.0344748 0.690196 0.003922 0.007843
vn -0.9537708 0.2991925 -0.0283736
v -0.0316350 0.0092016 0.0359988 0.749020 0.027451 0.023529
vn -0.6746061 0.7375929 -0.0293824
v -0.0222051 0.0241605 0.0401182 0.749020 0.015686 0.019608
vn -0.9205521 0.2969566 -0.2537726
v -0.0315146 0.0091648 0.0314981 0.662745 0.011765 0.015686
vn -0.9528471 0.3031057 -0.0144719
v -0.0312664 0.0100806 0.0446466 0.690196 0.000000 0.003922
vn -0.9520990 0.3054261 -0.0149171
v -0.0314951 0.0095470 0.0402557 0.737255 0.011765 0.019608
vn -0.9501995 0.2932968 0.1053470
v -0.0313498 0.0098322 0.0611110 0.709804 0.000000 0.011765
vn -0.9542823 0.2975439 0.0285120
v -0.0314339 0.0098704 0.0533136 0.678431 0.000000 0.003922
vn -0.9535902 0.3009625 -0.0093532
v -0.0313823 0.0099300 0.0507025 0.752941 0.039216 0.039216
vn -0.9589647 0.2833544 -0.0098478
v -0.0315340 0.0093750 0.0474500 0.690196 0.000000 0.000000
vn -0.9574372 0.2856595 0.0413852
v -0.0315754 0.0094803 0.0571077 0.764706 0.023529 0.023529
vn -0.9543864 0.2984701 0.0078921
v -0.0313429 0.0098016 0.0547822 0.745098 0.015686 0.023529
vn -0.9537686 0.2997649 0.0215979
v -0.0314547 0.0093756 0.0420516 0.776471 0.047059 0.050980
vn -0.9533736 0.3014708 -0.0139311
v -0.0314320 0.0093313 0.0386798 0.694118 0.003922 0.007843
vn -0.6630880 0.7477920 -0.0334888
v -0.0213999 0.0246474 0.0346244 0.701961 0.000000 0.000000
vn -0.6539056 0.7557331 -0.0357079
v -0.0212639 0.0249062 0.0358793 0.764706 0.023529 0.019608
vn -0.6442902 0.7126865 -0.2774312
v -0.0214029 0.0246771 0.0313910 0.658824 0.007843 0.011765
vn -0.6471964 0.7619308 -0.0244599
v -0.0212431 0.0248554 0.0388110 0.666667 0.000000 0.003922
vn -0.6369633 0.7707205 0.0163589
v -0.0209605 0.0254070 0.0531210 0.670588 0.003922 0.003922
vn -0.6499730 0.7599570 -0.0006991
v -0.0212277 0.0250987 0.0545215 0.796078 0.043137 0.058824
vn -0.6216507 0.7825682 0.0337289
v -0.0208205 0.0255840 0.0567928 0.686275 0.007843 0.007843
vn -0.6404732 0.7574408 0.1267970
v -0.0216408 0.0247788 0.0611891 0.725490 0.003922 0.011765
vn -0.6487324 0.7600338 0.0386649
v -0.0215077 0.0248726 0.0579892 0.745098 0.023529 0.031373
vn -0.6455762 0.7636927 -0.0021984
v -0.0210959 0.0250271 0.0422880 0.803922 0.054902 0.054902
vn -0.6409828 0.7671736 -0.0242042
v -0.0210519 0.0251351 0.0441976 0.698039 0.000000 0.007843
vn -0.6323704 0.7744871 -0.0166613
v -0.0208940 0.0253557 0.0484314 0.776471 0.050980 0.047059
vn -0.8082917 0.3592777 -0.4664591
v -0.0298071 0.0129473 0.0308659 0.643137 0.007843 0.011765
vn -0.8756925 0.4050260 0.2629002
v -0.0296083 0.0135661 0.0622775 1.000000 0.113725 0.145098
vn -0.9219095 0.3199026 0.2185066
v -0.0309216 0.0104860 0.0620965 0.933333 0.086275 0.113725
vn -0.9771727 0.2118123 0.0164074
v -0.0322751 0.0064460 0.0427722 0.764706 0.031373 0.031373
vn -0.9768094 0.2140487 0.0051637
v -0.0322094 0.0065441 0.0383665 0.705882 0.011765 0.019608
vn -0.9796923 0.1987578 -0.0264278
v -0.0324260 0.0062642 0.0361164 0.760784 0.023529 0.023529
vn -0.9736711 0.2211348 -0.0553536
v -0.0321433 0.0067273 0.0346936 0.698039 0.007843 0.011765
vn -0.9778854 0.2087989 0.0119698
v -0.0322734 0.0064486 0.0599794 0.686275 0.000000 0.007843
vn -0.9743933 0.2173642 0.0575368
v -0.0321832 0.0066450 0.0581509 0.682353 0.000000 0.003922
vn -0.7787495 0.5520965 0.2978904
v -0.0263185 0.0192429 0.0621703 0.921569 0.070588 0.098039
vn -0.9784371 0.2058804 -0.0165568
v -0.0323494 0.0063843 0.0402063 0.768627 0.031373 0.031373
vn -0.9798319 0.1997588 -0.0050980
v -0.0322958 0.0062338 0.0455629 0.815686 0.058824 0.062745
vn -0.9766489 0.2146882 0.0081294
v -0.0322043 0.0066134 0.0547989 0.733333 0.019608 0.023529
vn -0.9787775 0.2012016 0.0388902
v -0.0324003 0.0063351 0.0570771 0.749020 0.027451 0.027451
vn -0.9790838 0.2034294 -0.0033764
v -0.0323021 0.0064219 0.0494359 0.705882 0.000000 0.003922
vn -0.9780800 0.2077450 -0.0142014
v -0.0322745 0.0065355 0.0514125 0.796078 0.043137 0.047059
vn -0.9780085 0.2071634 0.0241416
v -0.0323606 0.0064172 0.0533580 0.678431 0.000000 0.000000
vn -0.9707581 0.1473046 -0.1895527
v -0.0326075 0.0047772 0.0316377 0.670588 0.015686 0.019608
vn -0.5662954 0.8096113 -0.1543995
v -0.0187357 0.0268376 0.0316827 0.678431 0.011765 0.015686
vn -0.6372313 0.5693412 -0.5194103
v -0.0241392 0.0216027 0.0308474 0.631373 0.003922 0.003922
vn -0.9382406 0.2100287 0.2749410
v -0.0321257 0.0065864 0.0616945 0.811765 0.047059 0.054902
vn -0.5722033 0.8198785 -0.0195655
v -0.0184546 0.0271374 0.0400699 0.756863 0.019608 0.027451
vn -0.5765883 0.8168516 -0.0173032
v -0.0185532 0.0269668 0.0385657 0.674510 0.003922 0.011765
vn -0.5751558 0.8180439 -0.0001183
v -0.0186140 0.0269746 0.0425957 0.733333 0.003922 0.019608
vn -0.5695053 0.8202770 -0.0530035
v -0.0184934 0.0270720 0.0358312 0.701961 0.007843 0.007843
vn -0.5705324 0.8198035 -0.0491437
v -0.0184576 0.0269188 0.0347045 0.694118 0.000000 0.000000
vn -0.5701964 0.8214903 0.0054532
v -0.0186545 0.0270691 0.0544677 0.792157 0.039216 0.047059
vn -0.5698210 0.8215963 -0.0168412
v -0.0186912 0.0269543 0.0452912 0.827451 0.066667 0.070588
vn -0.5545533 0.8320310 0.0139688
v -0.0182396 0.0274486 0.0527897 0.670588 0.003922 0.007843
vn -0.5740522 0.8185613 -0.0205317
v -0.0187306 0.0270049 0.0479969 0.725490 0.027451 0.031373
vn -0.5601748 0.8274036 0.0400943
v -0.0184307 0.0272334 0.0601144 0.705882 0.000000 0.011765
vn -0.5387563 0.8423401 0.0143203
v -0.0176763 0.0278187 0.0571725 0.729412 0.023529 0.023529
vn -0.5631682 0.8193237 0.1074720
v -0.0187261 0.0268529 0.0619304 0.882353 0.070588 0.098039
vn -0.9889534 0.1215225 0.0848733
v -0.0326807 0.0039943 0.0607789 0.701961 0.003922 0.011765
vn -0.8523934 0.2050448 -0.4810219
v -0.0319043 0.0069337 0.0309209 0.631373 0.007843 0.011765
vn -0.9897750 0.1231324 0.0719996
v -0.0326706 0.0037598 0.0581194 0.674510 0.003922 0.007843
vn -0.9928135 0.1060478 0.0554545
v -0.0328669 0.0034200 0.0571846 0.772549 0.035294 0.031373
vn -0.9934875 0.1127217 0.0166252
v -0.0328276 0.0035548 0.0532963 0.678431 0.000000 0.000000
vn -0.9931897 0.1161330 0.0093462
v -0.0327011 0.0035649 0.0547979 0.729412 0.019608 0.023529
vn -0.9935895 0.1130122 0.0028776
v -0.0327495 0.0036060 0.0497542 0.701961 0.000000 0.000000
vn -0.9941726 0.1077592 -0.0029640
v -0.0327247 0.0033791 0.0455904 0.807843 0.066667 0.066667
vn -0.9926412 0.1205984 -0.0109351
v -0.0326446 0.0038637 0.0386048 0.690196 0.003922 0.011765
vn -0.9941654 0.1042901 -0.0275455
v -0.0328236 0.0033533 0.0401061 0.760784 0.023529 0.023529
vn -0.9938455 0.1098366 0.0143906
v -0.0327343 0.0034928 0.0433449 0.717647 0.003922 0.011765
vn -0.9935322 0.1031405 -0.0474966
v -0.0328453 0.0035292 0.0359149 0.741176 0.023529 0.015686
vn -0.6183797 0.7371136 0.2725254
v -0.0214164 0.0246280 0.0621062 0.862745 0.039216 0.054902
vn -0.9941488 0.1066384 -0.0172208
v -0.0327367 0.0034629 0.0513740 0.796078 0.047059 0.054902
vn -0.9934775 0.1011724 -0.0525992
v -0.0326370 0.0035840 0.0345598 0.690196 0.007843 0.007843
vn -0.4942194 0.8691295 -0.0190059
v -0.0159471 0.0287636 0.0477659 0.717647 0.015686 0.015686
vn -0.4951037 0.8688282 0.0031409
v -0.0159759 0.0286461 0.0426366 0.725490 0.003922 0.015686
vn -0.4931783 0.8696882 -0.0204337
v -0.0158707 0.0287462 0.0400760 0.737255 0.011765 0.019608
vn -0.5301310 0.6908444 -0.4916252
v -0.0194101 0.0259631 0.0307663 0.627451 0.003922 0.003922
vn -0.4869266 0.8638228 -0.1292779
v -0.0160675 0.0285231 0.0318095 0.686275 0.011765 0.015686
vn -0.4864486 0.8723868 -0.0480535
v -0.0156022 0.0287106 0.0347444 0.674510 0.000000 0.000000
vn -0.4748166 0.8800385 -0.0090240
v -0.0153255 0.0291517 0.0542250 0.827451 0.043137 0.050980
vn -0.4901705 0.8713884 -0.0203792
v -0.0157574 0.0287141 0.0386216 0.666667 0.000000 0.003922
vn -0.4802054 0.8759463 -0.0460522
v -0.0154858 0.0289363 0.0359392 0.796078 0.039216 0.031373
vn -0.4818941 0.8760163 -0.0193296
v -0.0153401 0.0290240 0.0452113 0.819608 0.062745 0.066667
vn -0.4700353 0.8751190 0.1150373
v -0.0158226 0.0287775 0.0609771 0.717647 0.003922 0.011765
vn -0.4773348 0.8770240 0.0545944
v -0.0161488 0.0285918 0.0581466 0.717647 0.007843 0.011765
vn -0.4579898 0.8871659 0.0564087
v -0.0150990 0.0293345 0.0568747 0.705882 0.011765 0.011765
vn -0.9611217 0.1166187 0.2502904
v -0.0323952 0.0039337 0.0622360 1.000000 0.082353 0.125490
vn -0.9997223 0.0059932 0.0227934
v -0.0329774 0.0001252 0.0598230 0.690196 0.000000 0.003922
vn -0.9988080 0.0096962 0.0478400
v -0.0329371 0.0002134 0.0579614 0.698039 0.015686 0.015686
vn -0.7652051 0.4549142 0.4555372
v -0.0277047 0.0166142 0.0624975 0.949020 0.078431 0.117647
vn -0.9999694 -0.0023435 0.0074656
v -0.0329542 0.0000142 0.0546932 0.741176 0.031373 0.035294
vn -0.9999880 -0.0038796 0.0029960
v -0.0330015 0.0000254 0.0494420 0.713725 0.000000 0.007843
vn -0.9999531 -0.0093051 -0.0026915
v -0.0329571 -0.0001133 0.0447659 0.690196 0.000000 0.003922
vn -0.9999169 -0.0115566 0.0057083
v -0.0330672 -0.0000158 0.0531798 0.682353 0.003922 0.007843
vn -0.9997858 -0.0070265 -0.0194706
v -0.0329617 0.0000135 0.0514803 0.717647 0.019608 0.023529
vn -0.9588599 0.0217476 -0.2830456
v -0.0329226 0.0002036 0.0313041 0.654902 0.011765 0.015686
vn -0.9991953 0.0149434 0.0372231
v -0.0328938 0.0000565 0.0339113 0.713725 0.011765 0.011765
vn -0.9999690 -0.0014421 -0.0077434
v -0.0328952 0.0001144 0.0384630 0.690196 0.003922 0.011765
vn -0.9980561 0.0049588 -0.0621258
v -0.0330555 0.0001222 0.0359986 0.745098 0.023529 0.023529
vn -0.9996838 -0.0056977 0.0244905
v -0.0329553 0.0000165 0.0419527 0.741176 0.007843 0.007843
vn -0.9999407 -0.0037530 -0.0102239
v -0.0330416 0.0000601 0.0403121 0.737255 0.019608 0.019608
vn -0.9998032 -0.0063980 0.0187775
v -0.0330655 -0.0001226 0.0567329 0.690196 0.003922 0.007843
vn -0.9463508 0.0092699 0.3230081
v -0.0328239 0.0002988 0.0618225 0.827451 0.062745 0.086275
vn -0.9974495 -0.0316006 -0.0639995
v -0.0328432 -0.0005014 0.0348675 0.694118 0.000000 0.003922
vn -0.4483708 0.7595012 -0.4712979
v -0.0163419 0.0280147 0.0307742 0.635294 0.015686 0.019608
vn -0.4878979 0.8491951 0.2020482
v -0.0169879 0.0278336 0.0621304 0.945098 0.078431 0.094118
vn -0.4467444 0.8943569 -0.0233499
v -0.0130866 0.0301677 0.0399716 0.764706 0.027451 0.031373
vn -0.4519260 0.8919434 -0.0141394
v -0.0126640 0.0304288 0.0471951 0.690196 0.000000 0.007843
vn -0.4485319 0.8935143 -0.0212502
v -0.0127095 0.0303150 0.0442018 0.686275 0.003922 0.007843
vn -0.4428036 0.8964996 0.0146088
v -0.0127781 0.0302399 0.0417583 0.698039 0.000000 0.000000
vn -0.4478179 0.8941023 -0.0063374
v -0.0130357 0.0302463 0.0495997 0.686275 0.000000 0.007843
vn -0.4353412 0.9002602 0.0031023
v -0.0124095 0.0305660 0.0529990 0.662745 0.003922 0.003922
vn -0.4267068 0.8892953 -0.1645455
v -0.0129075 0.0301150 0.0318375 0.686275 0.011765 0.015686
vn -0.4429729 0.8944718 -0.0607884
v -0.0124052 0.0302875 0.0347529 0.650980 0.000000 0.000000
vn -0.4425436 0.8948360 -0.0585137
v -0.0124677 0.0304210 0.0358188 0.741176 0.015686 0.011765
vn -0.4346617 0.9000946 0.0299810
v -0.0122840 0.0305403 0.0596323 0.698039 0.000000 0.007843
vn -0.4341859 0.8992857 0.0526098
v -0.0126544 0.0303277 0.0580331 0.705882 0.003922 0.007843
vn -0.4435035 0.8961409 -0.0153654
v -0.0126305 0.0302588 0.0383948 0.682353 0.000000 0.000000
vn -0.4271032 0.9042013 -0.0017226
v -0.0131739 0.0301695 0.0544066 0.800000 0.031373 0.047059
vn -0.4215709 0.9058661 0.0410457
v -0.0123980 0.0305973 0.0567459 0.690196 0.000000 0.003922
vn -0.4236854 0.8981233 0.1177512
v -0.0122979 0.0302973 0.0620670 0.882353 0.066667 0.094118
vn -0.4087779 0.8206099 -0.3993746
v -0.0136333 0.0294592 0.0308367 0.623529 0.007843 0.011765
vn -0.8401262 0.1052960 -0.5320722
v -0.0323080 0.0038649 0.0307278 0.635294 0.007843 0.011765
vn -0.8553443 0.1974664 0.4789501
v -0.0317608 0.0063744 0.0624335 0.956863 0.078431 0.113725
vn -0.9833862 -0.1036335 -0.1490356
v -0.0327572 -0.0033818 0.0317655 0.701961 0.019608 0.023529
vn -0.9454395 -0.0865828 0.3140821
v -0.0326556 -0.0034508 0.0617952 0.819608 0.066667 0.082353
vn -0.9962547 -0.0838213 0.0212282
v -0.0328075 -0.0029941 0.0600018 0.690196 0.000000 0.007843
vn -0.9928122 -0.1049284 0.0575664
v -0.0327284 -0.0033882 0.0580556 0.701961 0.019608 0.015686
vn -0.9939916 -0.0987218 0.0472744
v -0.0328846 -0.0031467 0.0571595 0.776471 0.043137 0.039216
vn -0.9947087 -0.1023351 -0.0090617
v -0.0327266 -0.0033875 0.0547531 0.760784 0.031373 0.035294
vn -0.9875030 -0.1571608 0.0117630
v -0.0326332 -0.0050263 0.0533389 0.682353 0.000000 0.003922
vn -0.9948859 -0.0990478 -0.0197925
v -0.0328351 -0.0027207 0.0400729 0.756863 0.027451 0.027451
vn -0.9937761 -0.1113956 -0.0000286
v -0.0326662 -0.0033508 0.0384417 0.694118 0.003922 0.011765
vn -0.9911014 -0.1085912 -0.0769800
v -0.0328154 -0.0033162 0.0359691 0.745098 0.023529 0.019608
vn -0.9937435 -0.1108927 0.0132877
v -0.0327094 -0.0032863 0.0424769 0.796078 0.066667 0.070588
vn -0.9926326 -0.1211437 -0.0021874
v -0.0326878 -0.0033512 0.0455692 0.850980 0.101961 0.098039
vn -0.9933273 -0.1153233 -0.0012183
v -0.0327404 -0.0033154 0.0496253 0.717647 0.007843 0.011765
vn -0.9941542 -0.1069578 -0.0147478
v -0.0327080 -0.0034544 0.0514307 0.784314 0.047059 0.043137
vn -0.3972667 0.8727184 -0.2837989
v -0.0110391 0.0307970 0.0313192 0.643137 0.007843 0.007843
vn -0.9838948 -0.1753238 -0.0348219
v -0.0322539 -0.0059620 0.0348006 0.690196 0.003922 0.003922
vn -0.9827493 -0.1836055 0.0222013
v -0.0324554 -0.0057947 0.0599700 0.694118 0.000000 0.007843
vn -0.9809509 -0.1941880 0.0051313
v -0.0323547 -0.0060970 0.0328052 0.721569 0.011765 0.011765
vn -0.9655541 -0.1976199 0.1692681
v -0.0294151 -0.0068644 -0.0643105 0.682353 0.000000 0.003922
vn -0.9773417 -0.1977412 0.0755098
v -0.0291818 -0.0059900 -0.0614201 0.760784 0.576471 0.392157
vn -0.9582318 -0.2555563 0.1283855
v -0.0292020 -0.0074084 -0.0634634 0.686275 0.000000 0.003922
vn -0.9760458 -0.2116058 -0.0505727
v -0.0295256 -0.0066115 0.0235272 0.705882 0.047059 0.062745
vn -0.9813396 -0.1914854 0.0174958
v -0.0323493 -0.0057720 0.0428064 0.776471 0.039216 0.043137
vn -0.9791924 -0.2025001 -0.0132659
v -0.0323429 -0.0061126 0.0402132 0.764706 0.027451 0.027451
vn -0.9804053 -0.1967813 0.0090879
v -0.0322525 -0.0061300 0.0384494 0.698039 0.003922 0.011765
vn -0.8553550 -0.1922618 0.4810441
v -0.0295905 -0.0070754 -0.0651182 0.682353 0.003922 0.007843
vn -0.9793600 -0.2012288 -0.0189982
v -0.0305957 -0.0061707 -0.0915010 0.725490 0.007843 0.011765
vn -0.9790416 -0.2035974 -0.0050633
v -0.0293091 -0.0067060 0.0053256 0.749020 0.647059 0.470588
vn -0.9784808 -0.2062572 -0.0057813
v -0.0292217 -0.0068250 -0.0041396 0.752941 0.654902 0.486275
vn -0.9795941 -0.2008480 -0.0074589
v -0.0292190 -0.0065498 -0.0136064 0.756863 0.654902 0.494118
vn -0.9794360 -0.2017232 -0.0035828
v -0.0292347 -0.0061632 -0.0203944 0.462745 0.152941 0.133333
vn -0.9754015 -0.2200915 -0.0123180
v -0.0292861 -0.0070306 0.0178986 0.741176 0.627451 0.462745
vn -0.9785101 -0.2061885 -0.0020728
v -0.0291951 -0.0058941 -0.0521258 0.737255 0.141176 0.082353
vn -0.9778295 -0.2093646 -0.0039895
v -0.0291946 -0.0062288 -0.0386446 0.474510 0.172549 0.156863
vn -0.9130176 -0.1727419 -0.3695390
v -0.0302551 -0.0057055 -0.0979263 0.733333 0.027451 0.031373
vn -0.9791659 -0.2030511 -0.0021487
v -0.0306805 -0.0061213 -0.0800703 0.713725 0.007843 0.011765
vn -0.9786419 -0.2051623 0.0129817
v -0.0306768 -0.0061130 -0.0701165 0.709804 0.003922 0.003922
vn -0.9107537 -0.1659851 0.3781224
v -0.0306842 -0.0055814 -0.0660333 0.717647 0.011765 0.015686
vn -0.9758992 -0.2126105 0.0491680
v -0.0322664 -0.0064062 0.0580327 0.705882 0.015686 0.015686
vn -0.9787749 -0.2049065 -0.0036125
v -0.0322101 -0.0067012 0.0496321 0.729412 0.003922 0.011765
vn -0.9777187 -0.2090284 -0.0193217
v -0.0322286 -0.0065328 0.0515835 0.717647 0.011765 0.019608
vn -0.9761024 -0.2172769 -0.0038688
v -0.0321888 -0.0067147 0.0547429 0.764706 0.027451 0.027451
vn -0.9817779 -0.1874257 0.0313656
v -0.0324589 -0.0061074 0.0570482 0.709804 0.015686 0.011765
vn -0.9751201 -0.2199110 -0.0279287
v -0.0322029 -0.0070884 0.0361693 0.768627 0.023529 0.023529
vn -0.9750739 -0.1922765 -0.1107283
v -0.0298469 -0.0063337 0.0273818 0.666667 0.003922 0.003922
vn -0.9145082 -0.2171022 -0.3413816
v -0.0298695 -0.0070676 0.0283342 0.662745 0.000000 0.000000
vn -0.9725392 -0.2059678 -0.1083731
v -0.0303930 -0.0063503 -0.0965060 0.725490 0.015686 0.019608
vn -0.9788389 -0.2046325 -0.0000441
v -0.0321764 -0.0063466 0.0451540 0.709804 0.003922 0.007843
vn -0.8492658 -0.0522799 -0.5253709
v -0.0325777 -0.0011465 0.0307146 0.635294 0.007843 0.011765
vn -0.9510662 -0.2155133 0.2214209
v -0.0321110 -0.0067619 0.0617816 0.878431 0.074510 0.094118
vn -0.9105483 -0.1845271 -0.3699346
v -0.0322204 -0.0061830 0.0311731 0.654902 0.011765 0.015686
vn -0.9130160 -0.1020848 -0.3949437
v -0.0302566 -0.0030918 -0.0986793 0.713725 0.031373 0.031373
vn -0.6512310 0.3478892 -0.6744415
v -0.0262424 0.0139430 -0.0994663 0.713725 0.019608 0.023529
vn -0.9248677 -0.1620870 0.3440169
v -0.0320710 -0.0061239 0.0622315 0.933333 0.078431 0.105882
vn -0.9313020 -0.2886010 -0.2222299
v -0.0314955 -0.0093255 0.0315103 0.666667 0.007843 0.015686
vn -0.9543613 -0.2965620 -0.0352945
v -0.0314175 -0.0094017 0.0345515 0.698039 0.003922 0.007843
vn -0.9592966 -0.2816238 0.0209280
v -0.0315002 -0.0096768 0.0533039 0.686275 0.000000 0.007843
vn -0.9595367 -0.2814702 -0.0079970
v -0.0314312 -0.0094119 0.0451360 0.745098 0.011765 0.015686
vn -0.9602820 -0.2785872 -0.0157387
v -0.0315627 -0.0092002 0.0482312 0.698039 0.003922 0.007843
vn -0.9595172 -0.2814450 0.0107478
v -0.0314466 -0.0093603 0.0423937 0.780392 0.058824 0.058824
vn -0.9535183 -0.3013184 -0.0031818
v -0.0284040 -0.0094419 -0.0243228 0.388235 0.054902 0.070588
vn -0.9500695 -0.3119576 -0.0071033
v -0.0283637 -0.0093257 -0.0416293 0.478431 0.168627 0.152941
vn -0.9509661 -0.3092622 -0.0045350
v -0.0283555 -0.0091015 -0.0527837 0.733333 0.133333 0.074510
vn -0.9437273 -0.3232907 0.0697277
v -0.0282920 -0.0092746 -0.0616809 0.717647 0.196078 0.168627
vn -0.9514759 -0.3076961 -0.0041118
v -0.0285011 -0.0095260 -0.0033140 0.756863 0.654902 0.486275
vn -0.9471454 -0.3205491 -0.0128058
v -0.0285498 -0.0096291 0.0197882 0.749020 0.639216 0.478431
vn -0.9535050 -0.3012713 -0.0079906
v -0.0284409 -0.0095731 -0.0138170 0.760784 0.662745 0.498039
vn -0.9466822 -0.3179994 -0.0516665
v -0.0286664 -0.0095548 0.0233272 0.701961 0.000000 0.000000
vn -0.9527219 -0.3034162 -0.0161137
v -0.0311878 -0.0105337 0.0510984 0.796078 0.047059 0.047059
vn -0.9595550 -0.2806416 0.0222412
v -0.0315064 -0.0095094 0.0601715 0.705882 0.000000 0.011765
vn -0.9578138 -0.2842870 0.0421141
v -0.0315261 -0.0097448 0.0570262 0.725490 0.019608 0.023529
vn -0.9543491 -0.2982381 -0.0164870
v -0.0297710 -0.0093423 -0.0915395 0.729412 0.007843 0.011765
vn -0.9520515 -0.2838173 -0.1142183
v -0.0296985 -0.0090494 -0.0966779 0.737255 0.019608 0.023529
vn -0.9541725 -0.2992492 -0.0021841
v -0.0298821 -0.0091617 -0.0806617 0.717647 0.007843 0.011765
vn -0.9519747 -0.3055704 0.0192615
v -0.0298038 -0.0093604 -0.0692070 0.709804 0.007843 0.011765
vn -0.9600282 -0.2797922 0.0078835
v -0.0314704 -0.0091131 0.0386872 0.690196 0.003922 0.007843
vn -0.9030851 -0.2642497 -0.3385404
v -0.0294912 -0.0088744 -0.0979032 0.741176 0.031373 0.035294
vn -0.9460554 -0.3234247 -0.0193828
v -0.0311361 -0.0105784 0.0402009 0.756863 0.023529 0.027451
vn -0.9476275 -0.2988701 -0.1126008
v -0.0290442 -0.0093521 0.0273194 0.670588 0.007843 0.007843
vn -0.8938850 -0.2603494 0.3649491
v -0.0297144 -0.0091425 -0.0658600 0.717647 0.007843 0.015686
vn -0.9524689 -0.3045771 0.0059824
v -0.0312582 -0.0101196 0.0546662 0.741176 0.019608 0.027451
vn -0.9519502 -0.2869085 0.1071188
v -0.0313668 -0.0094856 0.0619589 0.882353 0.074510 0.094118
vn -0.9436496 -0.3283648 0.0412562
v -0.0309741 -0.0110736 0.0580955 0.725490 0.011765 0.015686
vn -0.8000351 -0.1057721 -0.5905558
v -0.0311008 -0.0035659 0.0292948 0.643137 0.007843 0.011765
vn -0.8319730 -0.0130152 0.5546634
v -0.0323246 0.0000168 0.0625673 0.905882 0.050980 0.066667
vn -0.9471487 -0.3201216 -0.0207724
v -0.0312941 -0.0102628 0.0360943 0.780392 0.035294 0.027451
vn -0.8599449 -0.2774976 0.4283572
v -0.0285362 -0.0098937 -0.0648416 0.682353 0.000000 0.003922
vn -0.5760154 0.4313959 -0.6943370
v -0.0234879 0.0179399 -0.0995471 0.729412 0.019608 0.019608
vn -0.8428326 -0.3248219 -0.4290967
v -0.0285499 -0.0115466 0.0285559 0.639216 0.007843 0.003922
vn -0.5355881 0.5159419 -0.6685427
v -0.0209673 0.0208863 -0.0995041 0.705882 0.023529 0.023529
vn -0.9211298 -0.3831254 0.0688103
v -0.0304359 -0.0126756 0.0606484 0.705882 0.003922 0.011765
vn -0.9199424 -0.3919183 -0.0102983
v -0.0303658 -0.0126208 0.0433449 0.721569 0.000000 0.007843
vn -0.9164293 -0.3995611 0.0225455
v -0.0302626 -0.0126430 0.0383876 0.701961 0.003922 0.003922
vn -0.8040321 -0.1848248 -0.5651303
v -0.0303539 -0.0069475 0.0291396 0.639216 0.000000 0.000000
vn -0.9200959 -0.3913098 -0.0173250
v -0.0303545 -0.0125129 0.0418241 0.705882 0.000000 0.007843
vn -0.8305913 -0.0748788 0.5518255
v -0.0321857 -0.0037604 0.0624604 0.917647 0.050980 0.078431
vn -0.9213621 -0.3887043 -0.0009727
v -0.0303217 -0.0126467 0.0451331 0.772549 0.035294 0.031373
vn -0.9228297 -0.3847995 -0.0177380
v -0.0304293 -0.0125357 0.0491002 0.752941 0.015686 0.019608
vn -0.9164860 -0.3771082 0.1335774
v -0.0287627 -0.0119650 -0.0663200 0.721569 0.007843 0.011765
vn -0.9258360 -0.3772363 0.0228129
v -0.0305423 -0.0124223 0.0532733 0.682353 0.000000 0.003922
vn -0.9161790 -0.3885592 -0.0981729
v -0.0284899 -0.0125233 -0.0963158 0.729412 0.019608 0.023529
vn -0.8970647 -0.3871388 -0.2130695
v -0.0303276 -0.0126274 0.0316083 0.662745 0.015686 0.019608
vn -0.9171373 -0.3985511 0.0040157
v -0.0302469 -0.0129513 0.0545302 0.815686 0.039216 0.050980
vn -0.9171279 -0.3934352 0.0639151
v -0.0304276 -0.0128429 0.0571498 0.776471 0.035294 0.039216
vn -0.9190637 -0.3462546 0.1882282
v -0.0276206 -0.0123179 -0.0642116 0.682353 0.000000 0.003922
vn -0.8102373 -0.3132159 0.4953902
v -0.0278325 -0.0122945 -0.0650238 0.686275 0.003922 0.003922
vn -0.8931732 -0.3405134 -0.2937557
v -0.0286761 -0.0114474 -0.0976746 0.741176 0.035294 0.039216
vn -0.9197388 -0.3925295 -0.0010788
v -0.0286663 -0.0124683 -0.0810121 0.725490 0.011765 0.015686
vn -0.9220778 -0.3868769 -0.0099471
v -0.0286674 -0.0123456 -0.0912171 0.733333 0.011765 0.015686
vn -0.9126267 -0.4085297 0.0147013
v -0.0284803 -0.0127702 -0.0690952 0.709804 0.000000 0.003922
vn -0.9070711 -0.4112287 0.0900726
v -0.0270008 -0.0126040 -0.0613576 0.752941 0.454902 0.341176
vn -0.8978688 -0.4104125 -0.1593527
v -0.0278080 -0.0127954 0.0278529 0.670588 0.003922 0.003922
vn -0.9118988 -0.4086495 -0.0380304
v -0.0273780 -0.0127482 0.0223251 0.756863 0.639216 0.454902
vn -0.9125416 -0.4067132 -0.0430370
v -0.0303651 -0.0127677 0.0360295 0.764706 0.027451 0.023529
vn -0.9168172 -0.3959110 -0.0519669
v -0.0302762 -0.0124212 0.0345840 0.701961 0.003922 0.007843
vn -0.9108707 -0.4125599 -0.0104372
v -0.0273278 -0.0125116 -0.0151302 0.756863 0.662745 0.501961
vn -0.9276062 -0.3734185 -0.0102644
v -0.0281947 -0.0100444 -0.0186652 0.654902 0.027451 0.031373
vn -0.9073491 -0.4203241 -0.0067332
v -0.0272125 -0.0125149 -0.0219197 0.443137 0.023529 0.035294
vn -0.9097385 -0.4151495 -0.0051692
v -0.0273831 -0.0125940 0.0107587 0.768627 0.666667 0.498039
vn -0.9098393 -0.4149279 -0.0052268
v -0.0272756 -0.0123010 -0.0338280 0.431373 0.121569 0.113725
vn -0.9059228 -0.4234407 -0.0014138
v -0.0270746 -0.0123254 -0.0549182 0.772549 0.596078 0.403922
vn -0.9047723 -0.4258305 -0.0074584
v -0.0269872 -0.0127257 -0.0436217 0.486275 0.160784 0.145098
vn -0.8424488 -0.2566411 -0.4737250
v -0.0290070 -0.0088768 -0.0987773 0.725490 0.027451 0.035294
vn -0.9009894 -0.3889917 0.1921033
v -0.0301168 -0.0127492 0.0621056 0.945098 0.109804 0.160784
vn -0.7954837 -0.2652832 -0.5448216
v -0.0309567 -0.0097397 0.0307391 0.623529 0.007843 0.011765
vn -0.8061488 -0.2990395 0.5105875
v -0.0289549 -0.0109102 -0.0655473 0.721569 0.007843 0.011765
vn -0.8189564 -0.4108758 0.4006141
v -0.0269752 -0.0142176 -0.0649631 0.682353 0.000000 0.003922
vn -0.8943636 -0.4441878 0.0530177
v -0.0296591 -0.0141274 0.0580580 0.713725 0.007843 0.011765
vn -0.7679020 -0.2546324 -0.5877831
v -0.0294413 -0.0101618 0.0291819 0.623529 0.000000 0.003922
vn -0.8847129 -0.4658741 -0.0156346
v -0.0291797 -0.0150109 0.0404298 0.749020 0.015686 0.023529
vn -0.8475434 -0.4122246 0.3342772
v -0.0279199 -0.0136439 -0.0657889 0.729412 0.007843 0.015686
vn -0.8731954 -0.4865401 -0.0284368
v -0.0272678 -0.0152378 -0.0944267 0.741176 0.019608 0.023529
vn -0.8425621 -0.4847031 -0.2348444
v -0.0268384 -0.0156309 -0.0974378 0.745098 0.035294 0.039216
vn -0.8503438 -0.3753160 -0.3688543
v -0.0277873 -0.0125512 -0.0986270 0.741176 0.039216 0.039216
vn -0.8687102 -0.4949101 0.0201637
v -0.0269836 -0.0157378 -0.0687328 0.713725 0.011765 0.011765
vn -0.8708811 -0.4914916 0.0014610
v -0.0270860 -0.0157073 -0.0798645 0.721569 0.011765 0.011765
vn -0.8877293 -0.4598147 0.0225188
v -0.0291626 -0.0152986 0.0533637 0.682353 0.000000 0.003922
vn -0.8735411 -0.4864132 -0.0181198
v -0.0286543 -0.0162425 0.0504378 0.686275 0.003922 0.007843
vn -0.8837939 -0.4671820 -0.0254840
v -0.0288929 -0.0156405 0.0484254 0.800000 0.050980 0.047059
vn -0.8675473 -0.4972225 -0.0114692
v -0.0284770 -0.0162985 0.0439098 0.709804 0.000000 0.007843
vn -0.7896258 -0.4325539 -0.4351877
v -0.0271264 -0.0146003 0.0285306 0.627451 0.003922 0.007843
vn -0.8739625 -0.4786580 0.0841196
v -0.0288602 -0.0158763 0.0610167 0.729412 0.000000 0.007843
vn -0.8783919 -0.4779092 -0.0055226
v -0.0287693 -0.0158883 0.0547590 0.705882 0.007843 0.011765
vn -0.8607264 -0.5026504 0.0805780
v -0.0284604 -0.0167456 0.0571033 0.776471 0.031373 0.035294
vn -0.8715161 -0.4884346 -0.0434893
v -0.0287510 -0.0154516 0.0345533 0.686275 0.003922 0.003922
vn -0.8644722 -0.5025609 -0.0109730
v -0.0286916 -0.0157714 0.0324696 0.725490 0.011765 0.011765
vn -0.8665447 -0.4989917 0.0103782
v -0.0284600 -0.0161052 0.0381370 0.709804 0.003922 0.011765
vn -0.8719838 -0.4884686 -0.0322908
v -0.0288585 -0.0156545 0.0360587 0.784314 0.035294 0.031373
vn -0.8583643 -0.5129453 -0.0098913
v -0.0258150 -0.0157092 0.0181883 0.768627 0.654902 0.450980
vn -0.8543751 -0.5181114 -0.0400464
v -0.0259636 -0.0156121 0.0233840 0.701961 0.039216 0.054902
vn -0.8319237 -0.4835583 0.2721662
v -0.0267889 -0.0158270 -0.0659646 0.725490 0.007843 0.011765
vn -0.8802505 -0.4745002 -0.0029472
v -0.0264069 -0.0143570 -0.0023076 0.768627 0.662745 0.482353
vn -0.8545704 -0.5192606 -0.0088272
v -0.0258527 -0.0154257 0.0105399 0.741176 0.419608 0.286275
vn -0.8493028 -0.5278471 -0.0078901
v -0.0255737 -0.0158042 -0.0140192 0.768627 0.662745 0.490196
vn -0.8580805 -0.5133768 -0.0119243
v -0.0254935 -0.0154529 -0.0456904 0.478431 0.145098 0.137255
vn -0.8535248 -0.5210499 0.0015931
v -0.0253623 -0.0154417 -0.0552969 0.768627 0.658824 0.427451
vn -0.8592784 -0.5114601 -0.0070091
v -0.0259229 -0.0148891 -0.0270786 0.384314 0.031373 0.039216
vn -0.8567339 -0.5156159 -0.0121344
v -0.0255823 -0.0155329 -0.0220664 0.458824 0.019608 0.031373
vn -0.7762270 -0.3524702 -0.5227203
v -0.0295796 -0.0131312 0.0306723 0.607843 0.011765 0.015686
vn -0.8493649 -0.4589277 -0.2607003
v -0.0290720 -0.0149335 0.0314142 0.662745 0.007843 0.015686
vn -0.8414865 -0.5276809 0.1159887
v -0.0252090 -0.0158829 -0.0615182 0.701961 0.101961 0.090196
vn -0.8366542 -0.5295264 -0.1400412
v -0.0261768 -0.0157305 0.0274987 0.662745 0.007843 0.007843
vn -0.8267086 -0.5614773 0.0360013
v -0.0273690 -0.0181895 0.0580442 0.705882 0.003922 0.007843
vn -0.8367577 -0.5469891 -0.0252895
v -0.0276003 -0.0178602 0.0477724 0.686275 0.000000 0.003922
vn -0.8248080 -0.5653345 -0.0094195
v -0.0272254 -0.0183128 0.0452299 0.807843 0.047059 0.058824
vn -0.8093893 -0.5870904 -0.0146265
v -0.0268863 -0.0188185 0.0435046 0.713725 0.000000 0.007843
vn -0.8168371 -0.5768099 -0.0082062
v -0.0269460 -0.0186169 0.0418753 0.717647 0.011765 0.015686
vn -0.8397102 -0.5428814 0.0129139
v -0.0277086 -0.0178590 0.0531089 0.682353 0.003922 0.003922
vn -0.8064638 -0.4369961 -0.3983096
v -0.0265747 -0.0149586 -0.0987094 0.729412 0.031373 0.031373
vn -0.7972577 -0.4798163 0.3662739
v -0.0260207 -0.0159725 -0.0649310 0.674510 0.000000 0.007843
vn -0.8500594 -0.4415642 0.2870888
v -0.0284393 -0.0158828 0.0622531 0.898039 0.074510 0.101961
vn -0.8334630 -0.5525056 0.0087730
v -0.0275317 -0.0179768 0.0546922 0.792157 0.031373 0.035294
vn -0.8202018 -0.5719810 -0.0103356
v -0.0270929 -0.0184964 0.0401059 0.752941 0.015686 0.023529
vn -0.8022683 -0.5620955 -0.2010332
v -0.0270660 -0.0182930 0.0315050 0.658824 0.007843 0.011765
vn -0.8222911 -0.5618895 0.0900979
v -0.0257998 -0.0175345 -0.0668021 0.713725 0.007843 0.011765
vn -0.8314860 -0.5542369 -0.0381123
v -0.0274512 -0.0179800 0.0360481 0.776471 0.031373 0.031373
vn -0.8181865 -0.5746374 0.0190424
v -0.0272352 -0.0184968 0.0600010 0.705882 0.000000 0.011765
vn -0.8124442 -0.5829672 0.0091481
v -0.0269521 -0.0185031 0.0379421 0.709804 0.015686 0.019608
vn -0.8274485 -0.5615161 -0.0053423
v -0.0247045 -0.0167204 -0.0436322 0.470588 0.125490 0.117647
vn -0.8174391 -0.5741246 -0.0466288
v -0.0267677 -0.0186093 0.0344520 0.682353 0.007843 0.007843
vn -0.8171714 -0.5763914 -0.0019848
v -0.0253670 -0.0183866 -0.0815041 0.725490 0.011765 0.011765
vn -0.8096003 -0.5800039 -0.0902380
v -0.0248686 -0.0188363 -0.0962220 0.733333 0.019608 0.023529
vn -0.7570315 -0.4655184 -0.4584714
v -0.0279816 -0.0163908 0.0308280 0.611765 0.003922 0.011765
vn -0.8011819 -0.5980734 -0.0203914
v -0.0269397 -0.0189003 0.0501876 0.701961 0.000000 0.003922
vn -0.8091814 -0.5449750 0.2196081
v -0.0260122 -0.0163616 0.0284990 0.650980 0.007843 0.007843
vn -0.8264074 -0.5629374 -0.0123430
v -0.0233488 -0.0185259 -0.0504706 0.745098 0.062745 0.035294
vn -0.8242242 -0.5662632 0.0007482
v -0.0233589 -0.0183898 -0.0552826 0.768627 0.639216 0.415686
vn -0.8191934 -0.5733636 -0.0132818
v -0.0247223 -0.0168431 -0.0216154 0.615686 0.031373 0.031373
vn -0.8207651 -0.5712657 -0.0004766
v -0.0234518 -0.0184738 -0.0331121 0.400000 0.039216 0.050980
vn -0.8078971 -0.5893106 -0.0039154
v -0.0231209 -0.0188807 -0.0452375 0.498039 0.160784 0.145098
vn -0.8179389 -0.5676685 0.0934264
v -0.0272070 -0.0182197 0.0619315 0.862745 0.023529 0.043137
vn -0.8282295 -0.5602209 -0.0137264
v -0.0238968 -0.0185133 0.0163153 0.772549 0.654902 0.454902
vn -0.8212975 -0.5698256 -0.0277357
v -0.0238812 -0.0186022 0.0234223 0.713725 0.082353 0.062745
vn -0.8221864 -0.5690551 -0.0136365
v -0.0238995 -0.0182900 0.0109212 0.650980 0.215686 0.172549
vn -0.8090468 -0.5877389 -0.0025038
v -0.0244428 -0.0174698 0.0042790 0.776471 0.658824 0.470588
vn -0.8152225 -0.5789944 0.0133318
v -0.0245704 -0.0193828 -0.0704925 0.721569 0.011765 0.007843
vn -0.8112781 -0.5845906 0.0090363
v -0.0267542 -0.0192284 0.0534036 0.705882 0.015686 0.015686
vn -0.7971436 -0.5980940 0.0827381
v -0.0258541 -0.0204778 0.0569425 0.768627 0.031373 0.035294
vn -0.8065139 -0.5768616 -0.1294842
v -0.0239507 -0.0188259 0.0275515 0.666667 0.007843 0.007843
vn -0.7500026 -0.5333653 -0.3911745
v -0.0244759 -0.0185383 0.0286241 0.639216 0.007843 0.007843
vn -0.7348554 -0.5325142 0.4200194
v -0.0245525 -0.0181922 -0.0650270 0.682353 0.003922 0.011765
vn -0.8116707 -0.5840564 -0.0082957
v -0.0234791 -0.0187298 -0.0145002 0.764706 0.662745 0.494118
vn -0.8025373 -0.5964861 -0.0117542
v -0.0231519 -0.0189623 -0.0212954 0.631373 0.019608 0.023529
vn -0.7530587 -0.5650439 -0.3370875
v -0.0238620 -0.0196877 -0.0979750 0.737255 0.031373 0.035294
vn -0.7558545 -0.5271456 0.3883317
v -0.0254912 -0.0175961 -0.0656370 0.721569 0.003922 0.011765
vn -0.7415663 -0.5746940 0.3461304
v -0.0239658 -0.0199062 -0.0660496 0.701961 0.000000 0.000000
vn -0.7904825 -0.6123061 -0.0147915
v -0.0248355 -0.0215119 0.0504766 0.709804 0.003922 0.011765
vn -0.7976383 -0.6030860 -0.0077760
v -0.0246833 -0.0192318 -0.0878839 0.729412 0.011765 0.015686
vn -0.8087342 -0.5795867 0.1001413
v -0.0228106 -0.0192127 -0.0614208 0.725490 0.282353 0.176471
vn -0.7630954 -0.5127786 -0.3933745
v -0.0250267 -0.0174385 -0.0986909 0.745098 0.035294 0.039216
vn -0.7876559 -0.6158692 0.0174146
v -0.0254020 -0.0208062 0.0612429 0.729412 0.003922 0.019608
vn -0.7979372 -0.6024341 -0.0192202
v -0.0253249 -0.0208960 0.0464875 0.721569 0.007843 0.011765
vn -0.8017697 -0.5973539 -0.0182686
v -0.0255949 -0.0205773 0.0547222 0.721569 0.015686 0.019608
vn -0.7886780 -0.6140310 0.0308721
v -0.0255442 -0.0205113 0.0359812 0.749020 0.015686 0.015686
vn -0.7830414 -0.6211040 -0.0328035
v -0.0244352 -0.0218586 0.0436645 0.701961 0.007843 0.007843
vn -0.7792786 -0.6264800 -0.0157372
v -0.0246023 -0.0215412 0.0420842 0.760784 0.027451 0.035294
vn -0.7910424 -0.6117318 -0.0060173
v -0.0232505 -0.0190163 0.0047634 0.772549 0.658824 0.466667
vn -0.7840299 -0.6187181 -0.0498496
v -0.0225919 -0.0217950 -0.0954299 0.729412 0.078431 0.086275
vn -0.7885202 -0.6150087 -0.0004506
v -0.0228215 -0.0216575 -0.0791792 0.721569 0.015686 0.015686
vn -0.7841335 -0.6191465 0.0423366
v -0.0244874 -0.0218800 0.0580915 0.694118 0.007843 0.007843
vn -0.7785773 -0.6174369 -0.1122015
v -0.0221307 -0.0220852 -0.0973422 0.878431 0.701961 0.701961
vn -0.7872576 -0.6159980 -0.0277878
v -0.0246529 -0.0213720 0.0315272 0.678431 0.007843 0.007843
vn -0.7880726 -0.6154743 0.0115304
v -0.0243195 -0.0217786 0.0326028 0.725490 0.015686 0.007843
vn -0.7818179 -0.6227269 -0.0311789
v -0.0248314 -0.0213344 0.0400830 0.745098 0.011765 0.015686
vn -0.7798650 -0.6258718 -0.0097470
v -0.0242283 -0.0218625 0.0382934 0.678431 0.003922 0.007843
vn -0.7190425 -0.5356165 -0.4428237
v -0.0260134 -0.0192693 0.0308593 0.631373 0.003922 0.011765
vn -0.6782034 -0.5173200 -0.5219389
v -0.0223431 -0.0209351 -0.0987123 0.815686 0.462745 0.466667
vn -0.6857512 -0.5411158 0.4867640
v -0.0236992 -0.0195119 -0.0652223 0.717647 0.003922 0.007843
vn -0.6834635 -0.5485364 0.4816488
v -0.0224969 -0.0215748 -0.0658655 0.701961 0.003922 0.011765
vn 0.9804821 0.1964318 -0.0083361
v 0.0294514 0.0063761 0.0142745 0.780392 0.694118 0.545098
vn 0.9589794 0.2834738 -0.0010392
v 0.0286774 0.0092034 -0.0041230 0.780392 0.705882 0.564706
vn 0.9574504 0.2885230 -0.0065803
v 0.0287333 0.0092887 0.0153388 0.780392 0.694118 0.549020
vn 0.9771342 0.2087973 -0.0401552
v 0.0295707 0.0062819 0.0231875 0.729412 0.070588 0.078431
vn 0.9820061 0.1888139 -0.0036544
v 0.0294588 0.0060371 0.0014024 0.788235 0.709804 0.568627
vn 0.9819034 0.1893725 0.0019510
v 0.0294519 0.0060588 -0.0074611 0.784314 0.698039 0.552941
vn 0.9808953 0.1945317 -0.0013814
v 0.0294515 0.0061790 -0.0156353 0.611765 0.270588 0.231373
vn 0.9550184 0.2965392 -0.0020937
v 0.0286831 0.0092015 -0.0148513 0.650980 0.337255 0.278431
vn 0.9564967 0.2916341 -0.0079873
v 0.0285856 0.0092175 -0.0372186 0.623529 0.266667 0.223529
vn 0.9805064 0.1961224 -0.0119742
v 0.0292933 0.0063925 -0.0390539 0.627451 0.192157 0.160784
vn 0.9802988 0.1973592 -0.0079806
v 0.0292258 0.0063425 -0.0445026 0.807843 0.745098 0.611765
vn 0.9498951 0.3124378 -0.0090576
v 0.0284128 0.0094223 -0.0445874 0.807843 0.745098 0.611765
vn 0.9800056 0.1983715 0.0154189
v 0.0292165 0.0062339 -0.0552868 0.811765 0.745098 0.615686
vn 0.9471897 0.3204494 0.0119985
v 0.0283233 0.0096182 -0.0553527 0.815686 0.745098 0.607843
vn 0.9504806 0.3085986 -0.0367900
v 0.0286810 0.0095965 0.0234732 0.721569 0.000000 0.000000
vn 0.9931638 0.1059428 -0.0490084
v 0.0300492 0.0033288 0.0233917 0.698039 0.000000 0.000000
vn 0.9952086 0.0977731 -0.0006557
v 0.0298278 0.0034174 -0.0051714 0.788235 0.713725 0.580392
vn 0.9956775 0.0928633 -0.0016407
v 0.0298492 0.0034036 -0.0161630 0.584314 0.231373 0.200000
vn 0.9949680 0.0998874 -0.0078279
v 0.0297795 0.0033338 -0.0354683 0.572549 0.180392 0.160784
vn 0.9947721 0.1018933 -0.0068045
v 0.0298593 0.0035733 0.0127673 0.776471 0.690196 0.533333
vn 0.9952986 0.0963843 -0.0095329
v 0.0296416 0.0034443 -0.0432791 0.803922 0.733333 0.596078
vn 0.9947183 0.1001875 0.0223157
v 0.0296265 0.0034305 -0.0561266 0.815686 0.749020 0.611765
vn 0.9300951 0.2593061 0.2601605
v 0.0290613 0.0077412 -0.0618316 0.721569 0.000000 0.000000
vn 0.9420212 0.2001701 0.2693104
v 0.0295247 0.0058610 -0.0618211 0.717647 0.000000 0.000000
vn 0.9235839 0.0866623 0.3734736
v 0.0298851 0.0032747 -0.0618696 0.709804 0.000000 0.000000
vn 0.9456744 0.0850048 -0.3138061
v 0.0304761 0.0029366 0.0281569 0.666667 0.011765 0.011765
vn 0.9428862 0.2040789 -0.2632819
v 0.0298783 0.0066584 0.0281786 0.666667 0.007843 0.011765
vn 0.9474315 0.2966425 -0.1199035
v 0.0291168 0.0091325 0.0275259 0.678431 0.011765 0.007843
vn 0.9382936 0.3458387 -0.0008593
v 0.0281218 0.0108009 -0.0051044 0.784314 0.701961 0.556863
vn 0.9350651 0.3544406 -0.0050154
v 0.0279815 0.0113399 0.0112030 0.776471 0.698039 0.541176
vn 0.8799319 0.3425853 0.3291736
v 0.0279863 0.0108594 -0.0618737 0.721569 0.000000 0.003922
vn 0.9330798 0.3594716 -0.0119271
v 0.0280057 0.0108454 -0.0372503 0.643137 0.298039 0.243137
vn 0.9148718 0.4021466 -0.0358866
v 0.0275617 0.0125824 0.0236612 0.717647 0.007843 0.000000
vn 0.8925142 0.3927719 -0.2216952
v 0.0278368 0.0127250 0.0281145 0.682353 0.003922 0.007843
vn 0.9066909 0.4216494 -0.0111115
v 0.0271264 0.0126599 -0.0442743 0.803922 0.737255 0.603922
vn 0.9023610 0.4309359 0.0062447
v 0.0270334 0.0127471 -0.0553800 0.811765 0.741176 0.596078
vn 0.9037467 0.4278937 -0.0122102
v 0.0271286 0.0130017 -0.0366413 0.662745 0.341176 0.278431
vn 0.9083723 0.4181516 -0.0030118
v 0.0271998 0.0129464 -0.0249840 0.670588 0.364706 0.298039
vn 0.9090874 0.4165824 -0.0043887
v 0.0272333 0.0129357 -0.0142686 0.682353 0.396078 0.317647
vn 0.9127989 0.4084023 -0.0024129
v 0.0272814 0.0129851 -0.0060164 0.772549 0.694118 0.545098
vn 0.9099106 0.4147983 -0.0022876
v 0.0272657 0.0129506 0.0000177 0.776471 0.694118 0.537255
vn 0.8472992 0.2991134 -0.4388795
v 0.0291129 0.0098506 0.0286291 0.662745 0.007843 0.011765
vn 0.8508367 0.4370908 0.2915965
v 0.0267004 0.0135511 -0.0619014 0.717647 0.011765 0.007843
vn 0.8627537 0.5056220 0.0015852
v 0.0260830 0.0155612 0.0194161 0.784314 0.701961 0.537255
vn 0.8816516 0.4719004 -0.0007505
v 0.0259629 0.0155267 0.0009652 0.772549 0.690196 0.552941
vn 0.8597240 0.5107588 -0.0004670
v 0.0259070 0.0156585 -0.0057596 0.768627 0.686275 0.556863
vn 0.8649088 0.5019003 -0.0053799
v 0.0258644 0.0155713 -0.0153865 0.721569 0.513725 0.439216
vn 0.8498268 0.5269125 -0.0125612
v 0.0255766 0.0158890 -0.0358620 0.772549 0.694118 0.576471
vn 0.8571884 0.5144139 -0.0246270
v 0.0260118 0.0156158 0.0235123 0.729412 0.121569 0.117647
vn 0.8515722 0.5240873 -0.0125431
v 0.0254467 0.0158053 -0.0439039 0.800000 0.729412 0.596078
vn 0.8477724 0.5303516 0.0030419
v 0.0254786 0.0156221 -0.0558129 0.807843 0.733333 0.584314
vn 0.8424025 0.5288993 -0.1030713
v 0.0259528 0.0161016 0.0273480 0.698039 0.007843 0.007843
vn 0.7977221 0.4870935 0.3554989
v 0.0256750 0.0153795 -0.0618974 0.709804 0.000000 0.000000
vn 0.8223297 0.5690041 -0.0028792
v 0.0250056 0.0171690 0.0146585 0.788235 0.717647 0.564706
vn 0.8283657 0.5601374 -0.0075135
v 0.0249924 0.0169192 -0.0154176 0.780392 0.717647 0.600000
vn 0.7512195 0.5149645 0.4128934
v 0.0247560 0.0167864 -0.0619259 0.701961 0.000000 0.000000
vn 0.7968104 0.6042218 -0.0030100
v 0.0239893 0.0184884 -0.0078692 0.741176 0.678431 0.580392
vn 0.7767188 0.6298326 -0.0043392
v 0.0235340 0.0190269 0.0020912 0.760784 0.690196 0.576471
vn 0.7844189 0.6202139 -0.0046774
v 0.0240502 0.0184620 0.0118923 0.768627 0.682353 0.545098
vn 0.7820152 0.6227653 -0.0248107
v 0.0238944 0.0186760 0.0237580 0.721569 0.011765 0.007843
vn 0.7953723 0.6060737 -0.0075972
v 0.0236957 0.0186265 -0.0327189 0.756863 0.682353 0.580392
vn 0.7985433 0.6018103 -0.0123723
v 0.0234856 0.0186325 -0.0427755 0.792157 0.717647 0.580392
vn 0.7913678 0.6113225 -0.0046784
v 0.0237412 0.0186382 -0.0184058 0.764706 0.701961 0.592157
vn 0.7732545 0.6340863 0.0034986
v 0.0230218 0.0190343 -0.0565217 0.807843 0.721569 0.572549
vn 0.7354327 0.6048496 0.3054435
v 0.0232926 0.0188338 -0.0618669 0.705882 0.015686 0.011765
vn 0.7661203 0.6332561 -0.1097567
v 0.0237638 0.0191417 0.0274631 0.698039 0.011765 0.011765
vn 0.7930117 0.4273936 -0.4341283
v 0.0269928 0.0147623 0.0286528 0.678431 0.003922 0.007843
vn 0.7413226 0.5311441 -0.4102767
v 0.0252215 0.0175802 0.0287176 0.694118 0.000000 0.003922
vn 0.7534862 0.6573429 -0.0126112
v 0.0226912 0.0196291 -0.0420328 0.792157 0.717647 0.576471
vn 0.7488894 0.6626024 -0.0110788
v 0.0223693 0.0202132 -0.0338907 0.741176 0.662745 0.560784
vn 0.7471831 0.6645822 -0.0069265
v 0.0223972 0.0202779 -0.0160069 0.737255 0.666667 0.576471
vn 0.7410458 0.6714538 -0.0009511
v 0.0222731 0.0205120 -0.0066718 0.725490 0.650980 0.572549
vn 0.6851066 0.5991964 -0.4142374
v 0.0235888 0.0196719 0.0287247 0.701961 0.003922 0.007843
vn 0.7364900 0.6764469 0.0015287
v 0.0221568 0.0206801 0.0182654 0.788235 0.694118 0.466667
vn 0.7158664 0.6982341 -0.0021162
v 0.0214683 0.0214177 0.0083826 0.784314 0.698039 0.552941
vn 0.6844401 0.6157818 0.3903262
v 0.0220105 0.0203001 -0.0618940 0.709804 0.000000 0.000000
vn 0.7231934 0.6905954 -0.0083250
v 0.0214170 0.0209908 -0.0464190 0.709804 0.639216 0.556863
vn 0.7043685 0.7098323 -0.0018361
v 0.0208078 0.0220174 0.0010315 0.745098 0.662745 0.556863
vn 0.7048129 0.7089007 -0.0264319
v 0.0211020 0.0217361 0.0238015 0.717647 0.023529 0.027451
vn 0.6782646 0.6969727 -0.2327795
v 0.0212256 0.0219840 0.0281723 0.694118 0.003922 0.007843
vn 0.6898139 0.7239749 0.0041498
v 0.0202540 0.0219877 -0.0569376 0.800000 0.717647 0.560784
vn 0.6875285 0.7260818 -0.0104785
v 0.0203688 0.0220601 -0.0430875 0.792157 0.709804 0.568627
vn 0.6945889 0.7192846 -0.0132643
v 0.0206604 0.0220150 -0.0343439 0.701961 0.627451 0.541176
vn 0.6975424 0.7165311 -0.0042338
v 0.0209079 0.0218349 -0.0176895 0.749020 0.682353 0.584314
vn 0.6897194 0.7240662 -0.0039108
v 0.0208389 0.0219956 -0.0100943 0.737255 0.658824 0.564706
vn 0.6386530 0.6964675 0.3271934
v 0.0202189 0.0221321 -0.0619484 0.698039 0.019608 0.011765
vn 0.7742071 0.3641139 -0.5177109
v 0.0279954 0.0131638 0.0289116 0.674510 0.007843 0.007843
vn 0.6493624 0.7604778 0.0014148
v 0.0195233 0.0232002 0.0128151 0.741176 0.619608 0.470588
vn 0.6486446 0.7610878 -0.0023636
v 0.0196273 0.0231000 0.0023760 0.752941 0.678431 0.572549
vn 0.6282161 0.7780230 -0.0049825
v 0.0188802 0.0236704 -0.0144915 0.768627 0.694118 0.584314
vn 0.6539637 0.7561684 -0.0232572
v 0.0197179 0.0229859 0.0233786 0.725490 0.000000 0.035294
vn 0.6572671 0.7536577 -0.0004484
v 0.0196211 0.0229953 -0.0288386 0.698039 0.619608 0.549020
vn 0.6131527 0.7486079 -0.2522500
v 0.0191819 0.0238018 0.0283724 0.694118 0.007843 0.007843
vn 0.6231346 0.7819350 -0.0167635
v 0.0187378 0.0236900 -0.0348533 0.662745 0.576471 0.505882
vn 0.6172500 0.7867239 -0.0082564
v 0.0183778 0.0237089 -0.0476114 0.713725 0.643137 0.552941
vn 0.6204600 0.7842088 0.0067809
v 0.0183342 0.0236372 -0.0570563 0.803922 0.713725 0.560784
vn 0.6279435 0.7781156 -0.0149361
v 0.0190898 0.0231833 -0.0421071 0.788235 0.705882 0.560784
vn 0.6102590 0.7294664 0.3089704
v 0.0186714 0.0234902 -0.0618899 0.698039 0.000000 0.000000
vn 0.6033164 0.7971790 -0.0226940
v 0.0182829 0.0241501 0.0232643 0.725490 0.133333 0.168627
vn 0.5906507 0.8069255 -0.0017040
v 0.0179832 0.0244340 0.0086715 0.745098 0.643137 0.513725
vn 0.5899352 0.8074500 -0.0009751
v 0.0180536 0.0243355 0.0006010 0.733333 0.654902 0.556863
vn 0.5960004 0.8029835 -0.0010036
v 0.0176251 0.0245842 -0.0277522 0.729412 0.654902 0.564706
vn 0.5814495 0.8135691 -0.0046779
v 0.0177500 0.0244955 -0.0166784 0.721569 0.631373 0.560784
vn 0.5481437 0.8363759 -0.0037350
v 0.0165723 0.0253828 -0.0103274 0.713725 0.631373 0.537255
vn 0.5302910 0.7757969 0.3419512
v 0.0169573 0.0247762 -0.0619390 0.698039 0.000000 0.000000
vn 0.5409193 0.8410465 0.0068696
v 0.0160401 0.0252961 -0.0564940 0.796078 0.705882 0.556863
vn 0.5592219 0.8288913 -0.0144959
v 0.0166405 0.0250118 -0.0418077 0.784314 0.701961 0.556863
vn 0.5381076 0.8428299 -0.0088351
v 0.0162068 0.0252461 -0.0498879 0.737255 0.666667 0.564706
vn 0.5426353 0.8398918 -0.0113504
v 0.0163742 0.0254503 -0.0326636 0.749020 0.674510 0.564706
vn 0.5331361 0.8460179 -0.0044383
v 0.0160492 0.0256511 -0.0160479 0.698039 0.623529 0.537255
vn 0.5427870 0.8394170 -0.0275941
v 0.0163648 0.0255128 0.0233990 0.721569 0.098039 0.160784
vn 0.5447715 0.8141534 -0.2009435
v 0.0167503 0.0255818 0.0281882 0.686275 0.007843 0.011765
vn 0.5090864 0.8607145 -0.0013279
v 0.0154553 0.0260869 0.0018284 0.749020 0.682353 0.552941
vn 0.5170613 0.8559484 -0.0001166
v 0.0159774 0.0257749 0.0114474 0.752941 0.643137 0.490196
vn 0.5916067 0.6095116 -0.5277283
v 0.0215273 0.0222552 0.0290778 0.678431 0.003922 0.007843
vn 0.4824506 0.8211212 0.3049615
v 0.0145769 0.0262939 -0.0618636 0.701961 0.000000 0.000000
vn 0.4800926 0.8770942 -0.0147319
v 0.0142769 0.0264593 -0.0415604 0.780392 0.694118 0.545098
vn 0.4648301 0.8764233 -0.1257592
v 0.0141267 0.0271478 0.0276168 0.682353 0.007843 0.011765
vn 0.4783703 0.8781539 -0.0027777
v 0.0146011 0.0265068 -0.0150501 0.764706 0.694118 0.572549
vn 0.4409946 0.8968818 -0.0335700
v 0.0135593 0.0271383 0.0233410 0.709804 0.043137 0.086275
vn 0.5115253 0.7966875 -0.3219175
v 0.0154065 0.0266591 0.0287435 0.682353 0.003922 0.003922
vn 0.4509243 0.8925071 -0.0099203
v 0.0139102 0.0268533 -0.0325472 0.741176 0.662745 0.560784
vn 0.4442529 0.8957216 0.0179513
v 0.0130070 0.0270258 -0.0569506 0.792157 0.705882 0.545098
vn 0.4394860 0.8982062 -0.0088122
v 0.0132676 0.0268863 -0.0502723 0.721569 0.654902 0.549020
vn 0.4312221 0.9022458 -0.0000753
v 0.0134017 0.0271650 0.0125366 0.725490 0.611765 0.474510
vn 0.4133101 0.9105890 -0.0015480
v 0.0131541 0.0272775 -0.0012203 0.709804 0.619608 0.529412
vn 0.4251404 0.9051268 -0.0011101
v 0.0132407 0.0271922 -0.0156040 0.729412 0.650980 0.560784
vn 0.3989811 0.9169587 -0.0009580
v 0.0126571 0.0274795 -0.0246504 0.717647 0.635294 0.552941
vn 0.5110618 0.6652034 -0.5443531
v 0.0181450 0.0249545 0.0288534 0.678431 0.003922 0.007843
vn 0.4301913 0.8823818 -0.1906250
v 0.0137621 0.0275501 0.0286559 0.678431 0.011765 0.011765
vn 0.3852589 0.8901941 0.2431670
v 0.0119547 0.0276442 -0.0618207 0.682353 0.000000 0.000000
vn 0.3963534 0.9179679 -0.0154603
v 0.0122632 0.0274502 -0.0413432 0.776471 0.698039 0.545098
vn 0.3731653 0.9276118 -0.0168525
v 0.0113988 0.0279179 -0.0365199 0.733333 0.670588 0.560784
vn 0.3712082 0.9204959 -0.1220321
v 0.0118682 0.0281351 0.0274295 0.674510 0.011765 0.011765
vn 0.3713729 0.9086565 -0.1908548
v 0.0121348 0.0282969 0.0287067 0.674510 0.011765 0.011765
vn 0.3694354 0.9292550 -0.0016371
v 0.0116965 0.0278619 -0.0164629 0.717647 0.635294 0.541176
vn 0.3652010 0.9309171 0.0046517
v 0.0101485 0.0281610 -0.0534351 0.788235 0.705882 0.552941
vn 0.3647653 0.9310992 0.0007276
v 0.0118683 0.0278321 0.0074161 0.772549 0.690196 0.545098
vn 0.3568614 0.9341418 -0.0054003
v 0.0113994 0.0279978 0.0159139 0.784314 0.674510 0.447059
vn 0.3301410 0.9432968 -0.0346124
v 0.0100928 0.0285615 0.0232138 0.729412 0.109804 0.027451
vn 0.3315768 0.9134637 0.2358833
v 0.0098652 0.0284902 -0.0618905 0.694118 0.000000 0.000000
vn 0.3184983 0.9479234 0.0000953
v 0.0100590 0.0285144 -0.0092719 0.745098 0.670588 0.541176
vn 0.3143289 0.9493141 0.0003013
v 0.0097728 0.0285864 -0.0024181 0.729412 0.650980 0.541176
vn 0.3092289 0.9509572 -0.0076097
v 0.0096995 0.0285865 -0.0337737 0.733333 0.658824 0.549020
vn 0.3015563 0.9534460 -0.0021566
v 0.0094472 0.0286722 -0.0176312 0.729412 0.654902 0.549020
vn 0.3051932 0.9522901 -0.0008791
v 0.0095414 0.0286377 -0.0248454 0.713725 0.635294 0.541176
vn 0.2965428 0.9548857 -0.0159904
v 0.0090090 0.0286753 -0.0407497 0.776471 0.686275 0.533333
vn 0.2994408 0.9541063 -0.0040510
v 0.0094072 0.0284430 -0.0510678 0.717647 0.627451 0.533333
vn 0.2832885 0.9586489 0.0272039
v 0.0089443 0.0286266 -0.0565791 0.792157 0.698039 0.545098
vn 0.2699017 0.9347513 0.2310697
v 0.0080541 0.0290667 -0.0618312 0.690196 0.000000 0.000000
vn 0.2916157 0.9509036 -0.1036472
v 0.0090971 0.0291490 0.0275294 0.674510 0.003922 0.003922
vn 0.2968067 0.9549260 -0.0047152
v 0.0094454 0.0286683 0.0144834 0.745098 0.647059 0.462745
vn 0.2900738 0.9442356 -0.1558090
v 0.0093289 0.0292637 0.0286563 0.666667 0.003922 0.003922
vn 0.6828058 0.5008292 0.5319272
v 0.0243180 0.0180532 -0.0622488 0.713725 0.003922 0.003922
vn 0.2768895 0.9601961 -0.0368192
v 0.0069520 0.0294799 0.0232025 0.756863 0.400000 0.282353
vn 0.2504735 0.9681233 0.0005105
v 0.0074751 0.0292410 0.0054609 0.772549 0.690196 0.549020
vn 0.2628198 0.9648446 -0.0008240
v 0.0066323 0.0294594 -0.0104821 0.768627 0.690196 0.549020
vn 0.2394914 0.9708984 0.0003467
v 0.0074490 0.0292069 -0.0244009 0.760784 0.682353 0.552941
vn 0.2578285 0.9661730 -0.0058470
v 0.0067778 0.0293818 -0.0327270 0.768627 0.686275 0.545098
vn 0.2485185 0.9685282 -0.0138479
v 0.0065342 0.0293030 -0.0411557 0.768627 0.690196 0.533333
vn 0.2469236 0.9689853 0.0098156
v 0.0063686 0.0292167 -0.0531301 0.776471 0.698039 0.545098
vn 0.2626014 0.9648933 -0.0046287
v 0.0066853 0.0294237 0.0142416 0.737255 0.639216 0.482353
vn 0.2597523 0.9621653 -0.0822603
v 0.0068433 0.0298126 0.0281746 0.674510 0.011765 0.015686
vn 0.6179109 0.7165588 0.3236198
v 0.0197262 0.0232627 -0.0626821 0.705882 0.000000 0.000000
vn 0.5195197 0.7079497 0.4784418
v 0.0181014 0.0243255 -0.0622689 0.705882 0.000000 0.003922
vn 0.5693027 0.8055423 0.1643048
v 0.0173940 0.0251653 -0.0632399 0.701961 0.003922 0.003922
vn 0.6346819 0.7486997 0.1913839
v 0.0192747 0.0238155 -0.0644800 0.713725 0.000000 0.007843
vn 0.6670765 0.7324504 0.1361082
v 0.0207615 0.0225093 -0.0645080 0.717647 0.000000 0.003922
vn 0.6672731 0.7170420 0.2014879
v 0.0207475 0.0224132 -0.0629621 0.709804 0.000000 0.000000
vn 0.6228060 0.6337634 0.4587557
v 0.0223563 0.0211244 -0.0651286 0.756863 0.011765 0.011765
vn 0.6998698 0.6757329 0.2314461
v 0.0220423 0.0211301 -0.0629353 0.705882 0.000000 0.000000
vn 0.7380460 0.6297549 0.2422746
v 0.0232232 0.0198649 -0.0630053 0.709804 0.000000 0.000000
vn 0.7428401 0.6538185 0.1439096
v 0.0232028 0.0200423 -0.0645074 0.713725 0.000000 0.007843
vn 0.7045015 0.5503132 0.4481441
v 0.0245391 0.0186201 -0.0650471 0.768627 0.003922 0.015686
vn 0.8077917 0.5313272 0.2552724
v 0.0255408 0.0168373 -0.0629968 0.709804 0.000000 0.003922
vn 0.7048362 0.4752697 0.5266163
v 0.0253371 0.0174556 -0.0650790 0.752941 0.011765 0.007843
vn 0.8318726 0.5298674 0.1650110
v 0.0259429 0.0163989 -0.0643869 0.729412 0.000000 0.003922
vn 0.8448465 0.4789751 0.2383640
v 0.0266293 0.0150105 -0.0630068 0.709804 0.003922 0.003922
vn 0.7633724 0.4378089 0.4749591
v 0.0269713 0.0149092 -0.0650751 0.737255 0.007843 0.011765
vn 0.5655699 0.8078516 0.1658511
v 0.0168892 0.0256063 -0.0643724 0.721569 0.003922 0.007843
vn 0.5707082 0.5953544 0.5655487
v 0.0211222 0.0224018 -0.0652654 0.760784 0.007843 0.011765
vn 0.5548064 0.6159846 0.5592432
v 0.0199764 0.0234754 -0.0652557 0.752941 0.011765 0.007843
vn 0.8510779 0.4239061 0.3097905
v 0.0274233 0.0134752 -0.0629175 0.709804 0.000000 0.003922
vn 0.7665112 0.3815989 0.5165685
v 0.0277961 0.0133858 -0.0650968 0.745098 0.000000 0.011765
vn 0.5702823 0.5279669 0.6293084
v 0.0235094 0.0199983 -0.0652311 0.760784 0.011765 0.011765
vn 0.6573092 0.4076504 0.6338500
v 0.0262186 0.0164448 -0.0652062 0.752941 0.011765 0.011765
vn 0.4873068 0.8523728 0.1897178
v 0.0145380 0.0270036 -0.0632859 0.694118 0.000000 0.003922
vn 0.4967462 0.8541256 0.1539898
v 0.0149764 0.0269610 -0.0651216 0.760784 0.007843 0.007843
vn 0.5806550 0.7196109 0.3807886
v 0.0189183 0.0245080 -0.0653236 0.764706 0.007843 0.011765
vn 0.9098358 0.3662146 0.1951554
v 0.0285286 0.0111586 -0.0634518 0.717647 0.000000 0.003922
vn 0.7843648 0.3428865 0.5169147
v 0.0285362 0.0118013 -0.0650736 0.741176 0.007843 0.015686
vn 0.5847805 0.7900505 0.1839891
v 0.0172071 0.0255505 -0.0651432 0.749020 0.003922 0.011765
vn 0.4573755 0.7880252 0.4120971
v 0.0163561 0.0263884 -0.0652764 0.737255 0.003922 0.015686
vn 0.5860946 0.5697101 0.5761281
v 0.0218189 0.0209390 -0.0621623 0.705882 0.000000 0.000000
vn 0.4896468 0.7591244 0.4289246
v 0.0158101 0.0259258 -0.0623591 0.701961 0.000000 0.000000
vn 0.9183522 0.3182373 0.2352749
v 0.0292963 0.0095227 -0.0644193 0.717647 0.007843 0.007843
vn 0.4370307 0.8934311 0.1038512
v 0.0132413 0.0279090 -0.0652437 0.729412 0.000000 0.007843
vn 0.7392301 0.4229538 0.5240697
v 0.0262277 0.0151673 -0.0623128 0.705882 0.000000 0.003922
vn 0.7950820 0.3499660 0.4953469
v 0.0279746 0.0116582 -0.0622178 0.717647 0.000000 0.000000
vn 0.8803352 0.2935804 0.3725863
v 0.0291035 0.0090642 -0.0625333 0.709804 0.003922 0.007843
vn 0.3729475 0.8880505 0.2688430
v 0.0117183 0.0283572 -0.0630070 0.698039 0.003922 0.007843
vn 0.9399415 0.2223443 0.2589845
v 0.0299924 0.0065788 -0.0631545 0.701961 0.003922 0.007843
vn 0.9489684 0.2420305 0.2021890
v 0.0300342 0.0071021 -0.0643871 0.713725 0.003922 0.003922
vn 0.7506860 0.2768744 0.5998427
v 0.0294550 0.0098784 -0.0652119 0.756863 0.011765 0.011765
vn 0.4091155 0.7863481 0.4629052
v 0.0135093 0.0272156 -0.0622294 0.701961 0.007843 0.007843
vn 0.3805029 0.9209911 0.0836240
v 0.0116322 0.0286118 -0.0651869 0.733333 0.000000 0.011765
vn 0.3087364 0.9199824 0.2414834
v 0.0096182 0.0292287 -0.0631823 0.694118 0.000000 0.003922
vn 0.7898717 0.2114441 0.5756685
v 0.0301509 0.0075776 -0.0652201 0.741176 0.003922 0.003922
vn 0.3111026 0.9486949 0.0565078
v 0.0098204 0.0292851 -0.0652428 0.717647 0.003922 0.015686
vn 0.9643846 0.1374481 0.2259877
v 0.0307337 0.0037426 -0.0644765 0.705882 0.000000 0.003922
vn 0.8069859 0.1141041 0.5794430
v 0.0309541 0.0037897 -0.0652796 0.756863 0.007843 0.015686
vn 0.9477493 0.0905678 0.3058904
v 0.0305967 0.0025727 -0.0629396 0.705882 0.003922 0.003922
vn 0.2644428 0.9622836 0.0638779
v 0.0070475 0.0300753 -0.0652932 0.756863 0.015686 0.019608
vn 0.2577909 0.9214721 0.2905738
v 0.0069994 0.0299185 -0.0630083 0.694118 0.000000 0.003922
vn 0.2359306 0.8546745 0.4624589
v 0.0054144 0.0299435 -0.0621050 0.690196 0.000000 0.000000
vn 0.8388698 0.1283043 0.5289949
v 0.0299827 0.0046594 -0.0621184 0.705882 0.011765 0.011765
vn 0.2289920 0.9076206 0.3518345
v 0.0059968 0.0295497 -0.0617383 0.686275 0.000000 0.000000
vn 0.2222943 0.9749787 0.0013394
v 0.0061498 0.0295461 0.0033027 0.768627 0.690196 0.545098
vn 0.1976342 0.9802618 -0.0052539
v 0.0061535 0.0294846 -0.0213241 0.768627 0.694118 0.556863
vn 0.7916154 0.2143812 -0.5721763
v 0.0301556 0.0073792 0.0290228 0.643137 0.011765 0.011765
vn 0.9594725 0.0243739 0.2807463
v 0.0310273 -0.0000427 -0.0645169 0.705882 0.000000 0.003922
vn 0.9997346 0.0061993 0.0221863
v 0.0298347 -0.0000485 -0.0559346 0.815686 0.741176 0.611765
vn 0.9469361 0.0160389 0.3210217
v 0.0300880 0.0002262 -0.0618161 0.713725 0.000000 0.000000
vn 0.9999694 -0.0018831 -0.0075923
v 0.0298231 -0.0001465 -0.0438275 0.800000 0.741176 0.600000
vn 0.9999428 -0.0039395 -0.0099408
v 0.0299502 -0.0001035 -0.0367743 0.549020 0.109804 0.101961
vn 0.9999279 -0.0033595 -0.0115274
v 0.0300729 -0.0000090 0.0153828 0.776471 0.674510 0.486275
vn 0.9999803 -0.0061538 -0.0012824
v 0.0300081 0.0000128 -0.0071268 0.780392 0.701961 0.556863
vn 0.9999490 -0.0098002 -0.0024778
v 0.0299749 0.0000311 -0.0236881 0.545098 0.152941 0.145098
vn 0.9987796 -0.0029010 -0.0493042
v 0.0302172 0.0000205 0.0231685 0.713725 0.145098 0.164706
vn 0.9684415 -0.0058357 -0.2491726
v 0.0306010 -0.0001481 0.0279406 0.662745 0.007843 0.011765
vn 0.7768674 -0.0098732 0.6295869
v 0.0314019 -0.0009881 -0.0653494 0.745098 0.007843 0.015686
vn 0.9174745 0.0034262 0.3977799
v 0.0306405 0.0000267 -0.0626043 0.705882 0.003922 0.003922
vn 0.6083056 0.5060005 -0.6114963
v 0.0250375 0.0206335 0.0308919 0.639216 0.003922 0.007843
vn 0.5267044 0.5732760 -0.6276442
v 0.0219105 0.0238401 0.0308470 0.619608 0.003922 0.007843
vn 0.7600836 0.4447645 -0.4737694
v 0.0280765 0.0162053 0.0307446 0.635294 0.007843 0.015686
vn 0.7555034 0.5139294 -0.4063143
v 0.0268508 0.0185937 0.0313292 0.686275 0.019608 0.023529
vn 0.8656725 0.4786594 -0.1466167
v 0.0285714 0.0158912 0.0316234 0.733333 0.015686 0.019608
vn 0.8402020 0.5366341 0.0780039
v 0.0274432 0.0176993 0.0336083 0.729412 0.007843 0.011765
vn 0.8860045 0.4621816 0.0372049
v 0.0289566 0.0151618 0.0330451 0.745098 0.011765 0.011765
vn 0.8575115 0.5114226 -0.0558655
v 0.0279621 0.0166569 0.0346718 0.690196 0.000000 0.000000
vn 0.8257049 0.5588820 -0.0765658
v 0.0256314 0.0200893 0.0345913 0.701961 0.000000 0.000000
vn 0.8938420 0.4437878 -0.0640238
v 0.0293638 0.0140833 0.0346700 0.690196 0.000000 0.000000
vn 0.9176733 0.3733866 -0.1358613
v 0.0306157 0.0116668 0.0315746 0.729412 0.019608 0.023529
vn 0.9187073 0.3877498 0.0750135
v 0.0305633 0.0116096 0.0338687 0.725490 0.007843 0.011765
vn 0.8347539 0.5373492 -0.1201737
v 0.0272521 0.0182213 0.0357923 0.784314 0.027451 0.027451
vn 0.8662715 0.4947752 -0.0690742
v 0.0285790 0.0160845 0.0359269 0.784314 0.031373 0.027451
vn 0.8498470 0.5260019 -0.0328963
v 0.0267867 0.0186711 0.0386441 0.682353 0.000000 0.007843
vn 0.8735878 0.4861626 -0.0221398
v 0.0287990 0.0153985 0.0385352 0.694118 0.000000 0.003922
vn 0.8474846 0.5304192 -0.0206265
v 0.0269742 0.0186751 0.0400616 0.784314 0.023529 0.031373
vn 0.8785961 0.4767886 -0.0272307
v 0.0290291 0.0153233 0.0400853 0.772549 0.015686 0.023529
vn 0.8679311 0.4964434 -0.0154770
v 0.0286951 0.0157167 0.0421171 0.796078 0.023529 0.035294
vn 0.8436978 0.5367821 -0.0062433
v 0.0266236 0.0189436 0.0420961 0.792157 0.023529 0.035294
vn 0.8697045 0.4930361 -0.0230105
v 0.0288713 0.0156462 0.0435170 0.709804 0.000000 0.007843
vn 0.8476067 0.5292869 -0.0376600
v 0.0271043 0.0184731 0.0434775 0.713725 0.000000 0.007843
vn 0.8458354 0.5329688 -0.0225105
v 0.0269188 0.0185916 0.0451817 0.803922 0.043137 0.047059
vn 0.8718354 0.4893267 -0.0215060
v 0.0289032 0.0154542 0.0451612 0.800000 0.031373 0.039216
vn 0.8666294 0.4972231 -0.0415060
v 0.0289015 0.0157459 0.0468505 0.709804 0.000000 0.003922
vn 0.8446018 0.5327629 -0.0530249
v 0.0270592 0.0186315 0.0466788 0.705882 0.003922 0.003922
vn 0.8732505 0.4872655 -0.0024143
v 0.0290323 0.0155138 0.0498726 0.674510 0.000000 0.000000
vn 0.8518916 0.5236452 -0.0087437
v 0.0274270 0.0181018 0.0498443 0.670588 0.000000 0.003922
vn 0.8756100 0.4826995 -0.0175592
v 0.0290063 0.0155650 0.0543775 0.827451 0.031373 0.043137
vn 0.8540924 0.5196270 0.0226728
v 0.0274595 0.0181549 0.0532904 0.698039 0.003922 0.007843
vn 0.8394805 0.5433850 -0.0022881
v 0.0272989 0.0182378 0.0544701 0.835294 0.035294 0.043137
vn 0.8708086 0.4896859 0.0435896
v 0.0288690 0.0160377 0.0565459 0.717647 0.000000 0.007843
vn 0.8298771 0.5577675 0.0141262
v 0.0264779 0.0196702 0.0566948 0.694118 0.003922 0.003922
vn 0.8409705 0.5381274 0.0564600
v 0.0278180 0.0176737 0.0569708 0.745098 0.007843 0.011765
vn 0.8390627 0.5405483 0.0614932
v 0.0270629 0.0185668 0.0580485 0.764706 0.015686 0.019608
vn 0.8891100 0.4541027 -0.0572203
v 0.0295159 0.0143197 0.0360142 0.788235 0.031373 0.027451
vn 0.9192788 0.3919266 0.0363323
v 0.0304955 0.0126375 0.0533300 0.682353 0.000000 0.003922
vn 0.9259854 0.3768780 -0.0226740
v 0.0307036 0.0121681 0.0509301 0.843137 0.031373 0.043137
vn 0.9188986 0.3931783 -0.0321904
v 0.0304859 0.0126157 0.0468995 0.721569 0.003922 0.003922
vn 0.9197254 0.3918277 -0.0240071
v 0.0303995 0.0124731 0.0451364 0.811765 0.043137 0.047059
vn 0.9101501 0.4136648 -0.0225468
v 0.0302274 0.0129566 0.0435606 0.721569 0.000000 0.000000
vn 0.9193615 0.3932705 -0.0106160
v 0.0304296 0.0126341 0.0494131 0.682353 0.003922 0.003922
vn 0.9152588 0.4026645 -0.0127523
v 0.0302952 0.0125328 0.0419798 0.800000 0.039216 0.043137
vn 0.8748031 0.4811486 0.0567063
v 0.0286336 0.0159866 0.0579862 0.776471 0.015686 0.019608
vn 0.8812864 0.4724808 -0.0098089
v 0.0288648 0.0157814 0.0597587 0.729412 0.000000 0.015686
vn 0.8283045 0.5368252 0.1604068
v 0.0273349 0.0183347 0.0613098 0.756863 0.003922 0.015686
vn 0.8843237 0.4583624 0.0887449
v 0.0292103 0.0148175 0.0620225 0.921569 0.066667 0.086275
vn 0.9185591 0.3892823 0.0686190
v 0.0305170 0.0124156 0.0608789 0.741176 0.000000 0.007843
vn 0.9192017 0.3850927 0.0822917
v 0.0303933 0.0123985 0.0578984 0.768627 0.015686 0.019608
vn 0.9160377 0.4008616 -0.0136017
v 0.0303403 0.0123190 0.0385856 0.694118 0.003922 0.007843
vn 0.9199699 0.3916401 0.0165350
v 0.0303447 0.0127774 0.0544637 0.800000 0.023529 0.031373
vn 0.9117867 0.4001692 0.0922483
v 0.0303873 0.0128924 0.0570019 0.780392 0.019608 0.019608
vn 0.9124376 0.3942758 -0.1095637
v 0.0304807 0.0123335 0.0357692 0.737255 0.023529 0.023529
vn 0.9360061 0.3515671 -0.0171234
v 0.0310540 0.0109810 0.0401621 0.737255 0.003922 0.015686
vn 0.8379016 0.5068628 0.2025118
v 0.0276764 0.0174446 0.0621245 0.898039 0.043137 0.070588
vn 0.8198752 0.3686568 -0.4380604
v 0.0301044 0.0123930 0.0309230 0.643137 0.003922 0.007843
vn 0.9473416 0.3197178 -0.0180121
v 0.0314121 0.0098831 0.0434781 0.717647 0.000000 0.007843
vn 0.7807872 0.5575966 0.2818820
v 0.0249031 0.0214390 0.0619048 0.854902 0.027451 0.035294
vn 0.9509528 0.3012196 0.0703961
v 0.0316855 0.0094963 0.0568624 0.749020 0.011765 0.015686
vn 0.9426029 0.3237905 -0.0816068
v 0.0311460 0.0099761 0.0346840 0.698039 0.000000 0.000000
vn 0.9541662 0.2992632 -0.0029101
v 0.0315036 0.0092814 0.0418610 0.843137 0.043137 0.050980
vn 0.9529998 0.2919115 -0.0811112
v 0.0316958 0.0091043 0.0358939 0.760784 0.027451 0.023529
vn 0.9542245 0.2990893 -0.0011298
v 0.0314911 0.0096476 0.0597821 0.729412 0.000000 0.015686
vn 0.9478605 0.3183183 0.0152969
v 0.0314286 0.0098036 0.0543820 0.827451 0.031373 0.043137
vn 0.9562919 0.2911396 -0.0272682
v 0.0317030 0.0092389 0.0470642 0.717647 0.003922 0.003922
vn 0.9594499 0.2818525 -0.0038699
v 0.0317814 0.0088568 0.0496154 0.674510 0.000000 0.000000
vn 0.9531205 0.3017823 -0.0221078
v 0.0315061 0.0094084 0.0452751 0.764706 0.011765 0.023529
vn 0.9576349 0.2839628 0.0479635
v 0.0318040 0.0089695 0.0534175 0.721569 0.007843 0.011765
vn 0.9524692 0.3044283 -0.0112216
v 0.0314670 0.0092400 0.0385609 0.709804 0.000000 0.007843
vn 0.9538817 0.2924985 0.0674856
v 0.0315013 0.0092957 0.0580502 0.733333 0.003922 0.007843
vn 0.9301897 0.2840835 -0.2324730
v 0.0314630 0.0092709 0.0313965 0.713725 0.023529 0.031373
vn 0.9435704 0.3183698 0.0911892
v 0.0310019 0.0107280 0.0619762 0.937255 0.054902 0.082353
vn 0.9761754 0.2155119 -0.0252246
v 0.0323659 0.0065978 0.0399452 0.756863 0.015686 0.023529
vn 0.9715110 0.2269072 0.0684070
v 0.0321795 0.0068793 0.0615547 0.815686 0.027451 0.050980
vn 0.9765067 0.2153931 -0.0063664
v 0.0322861 0.0068200 0.0435642 0.713725 0.000000 0.003922
vn 0.9805925 0.1958275 0.0094847
v 0.0323214 0.0063179 0.0418398 0.819608 0.039216 0.047059
vn 0.9780720 0.2081552 -0.0068299
v 0.0323399 0.0066148 0.0545110 0.788235 0.015686 0.027451
vn 0.9432504 0.2349693 -0.2346661
v 0.0321532 0.0068047 0.0314047 0.709804 0.019608 0.023529
vn 0.9778253 0.2043341 0.0458825
v 0.0322891 0.0062170 0.0334589 0.729412 0.007843 0.011765
vn 0.9780675 0.2065812 -0.0266136
v 0.0322638 0.0064025 0.0386134 0.674510 0.003922 0.011765
vn 0.9806263 0.1958195 -0.0051697
v 0.0323141 0.0064390 0.0452304 0.768627 0.019608 0.027451
vn 0.9791183 0.2032273 -0.0051063
v 0.0323854 0.0063392 0.0598027 0.721569 0.000000 0.011765
vn 0.9808021 0.1862689 0.0577170
v 0.0323602 0.0060148 0.0579977 0.721569 0.000000 0.003922
vn 0.9769430 0.2003426 -0.0737927
v 0.0321765 0.0062351 0.0347723 0.682353 0.000000 0.000000
vn 0.9802249 0.1895348 0.0568837
v 0.0325447 0.0061343 0.0567430 0.733333 0.007843 0.007843
vn 0.9767396 0.1975026 -0.0835021
v 0.0324228 0.0062479 0.0358958 0.741176 0.023529 0.019608
vn 0.9816152 0.1907314 -0.0072944
v 0.0324254 0.0062657 0.0488288 0.709804 0.003922 0.011765
vn 0.9817463 0.1901950 -0.0002994
v 0.0324683 0.0061874 0.0524128 0.670588 0.003922 0.007843
vn 0.9879155 0.1098069 -0.1093872
v 0.0327553 0.0035519 0.0317994 0.737255 0.023529 0.023529
vn 0.9893429 0.1014966 0.1043988
v 0.0328087 0.0035408 0.0610098 0.745098 0.000000 0.003922
vn 0.9941463 0.1046829 -0.0267305
v 0.0328564 0.0034069 0.0470329 0.709804 0.003922 0.003922
vn 0.9946896 0.1003734 0.0227566
v 0.0329085 0.0033986 0.0534128 0.705882 0.003922 0.011765
vn 0.9952207 0.0976147 -0.0026816
v 0.0328457 0.0032135 0.0499309 0.662745 0.000000 0.000000
vn 0.9932145 0.1139261 -0.0233650
v 0.0326617 0.0038306 0.0386724 0.674510 0.000000 0.007843
vn 0.9893110 0.1034619 -0.1027588
v 0.0328535 0.0034744 0.0357679 0.741176 0.023529 0.019608
vn 0.9949228 0.0993793 0.0158851
v 0.0328384 0.0032571 0.0545250 0.784314 0.015686 0.031373
vn 0.7935512 0.2648664 -0.5478342
v 0.0308539 0.0099294 0.0306692 0.623529 0.015686 0.019608
vn 0.9953279 0.0920367 -0.0291825
v 0.0328791 0.0030568 0.0400010 0.764706 0.015686 0.019608
vn 0.9937434 0.1116859 -0.0005920
v 0.0327170 0.0035329 0.0421369 0.741176 0.007843 0.015686
vn 0.9950523 0.0992166 -0.0051839
v 0.0328484 0.0030796 0.0436417 0.709804 0.000000 0.003922
vn 0.9938853 0.1096878 -0.0126696
v 0.0327258 0.0035423 0.0452573 0.764706 0.015686 0.019608
vn 0.9890993 0.1051923 0.1030405
v 0.0327059 0.0035086 0.0578667 0.749020 0.011765 0.015686
vn 0.9886425 0.1009455 0.1113374
v 0.0329227 0.0034281 0.0570616 0.784314 0.023529 0.027451
vn 0.9912161 0.1013801 -0.0849283
v 0.0325628 0.0035203 0.0346601 0.698039 0.003922 0.007843
vn 0.9667252 0.1242895 0.2235949
v 0.0324708 0.0042258 0.0620896 0.933333 0.047059 0.050980
vn 0.8558602 0.1624702 -0.4910263
v 0.0321166 0.0057549 0.0308335 0.627451 0.007843 0.011765
vn 0.8686957 0.0931102 -0.4865165
v 0.0324745 0.0031905 0.0306996 0.627451 0.007843 0.007843
vn 0.9999864 0.0044311 0.0027539
v 0.0329615 -0.0000028 0.0452790 0.788235 0.031373 0.031373
vn 0.9999691 0.0061883 -0.0048446
v 0.0330440 -0.0000240 0.0436714 0.705882 0.000000 0.003922
vn 0.9979936 0.0023259 0.0632709
v 0.0329318 -0.0000574 0.0577500 0.749020 0.015686 0.015686
vn 0.9999457 0.0012534 0.0103459
v 0.0330323 -0.0000774 0.0600238 0.713725 0.000000 0.011765
vn 0.9999862 0.0028094 -0.0044506
v 0.0329469 -0.0000294 0.0420938 0.768627 0.027451 0.031373
vn 0.9994909 0.0004161 -0.0319041
v 0.0330615 -0.0001125 0.0399472 0.749020 0.015686 0.023529
vn 0.9998677 0.0075621 -0.0144078
v 0.0330539 0.0001382 0.0476894 0.737255 0.015686 0.023529
vn 0.9999335 0.0046032 -0.0105720
v 0.0330379 0.0001347 0.0543115 0.835294 0.031373 0.043137
vn 0.9986891 -0.0044950 0.0509904
v 0.0331141 -0.0000988 0.0565696 0.705882 0.003922 0.007843
vn 0.9996133 0.0022585 -0.0277136
v 0.0329037 -0.0000727 0.0385806 0.662745 0.007843 0.011765
vn 0.9921828 0.0037067 -0.1247382
v 0.0330728 0.0000417 0.0357565 0.713725 0.023529 0.019608
vn 0.9981537 -0.0020914 0.0607036
v 0.0328897 -0.0000009 0.0331406 0.729412 0.007843 0.011765
vn 0.9871421 0.0071761 -0.1596842
v 0.0329172 0.0000761 0.0314452 0.713725 0.019608 0.019608
vn 0.9953507 -0.0029264 -0.0962722
v 0.0327258 -0.0000742 0.0346715 0.698039 0.003922 0.007843
vn 0.9952441 0.0055984 0.0972520
v 0.0328905 -0.0001264 0.0617616 0.803922 0.023529 0.035294
vn 0.8730078 -0.0113405 -0.4875743
v 0.0326984 -0.0001530 0.0307706 0.623529 0.007843 0.011765
vn 0.4771430 0.6148880 -0.6278912
v 0.0187981 0.0264347 0.0308143 0.639216 0.007843 0.011765
vn 0.9963073 -0.0832245 -0.0211070
v 0.0328960 -0.0034411 0.0470975 0.713725 0.007843 0.011765
vn 0.9440672 -0.0707394 0.3220764
v 0.0299651 -0.0030937 -0.0618866 0.705882 0.000000 0.000000
vn 0.9947566 -0.0992125 0.0248269
v 0.0296507 -0.0037200 -0.0557154 0.811765 0.741176 0.607843
vn 0.9945546 -0.1039196 -0.0078742
v 0.0296358 -0.0035485 -0.0436501 0.800000 0.745098 0.600000
vn 0.9949989 -0.0966055 0.0253894
v 0.0328959 -0.0033081 0.0533813 0.709804 0.007843 0.011765
vn 0.9946415 -0.1005791 0.0239214
v 0.0327961 -0.0031964 0.0615286 0.772549 0.019608 0.019608
vn 0.8298926 -0.0061795 -0.5578890
v 0.0310752 -0.0001750 0.0289624 0.650980 0.015686 0.015686
vn 0.9952132 -0.0976220 0.0045574
v 0.0328369 -0.0035898 0.0493513 0.658824 0.000000 0.003922
vn 0.9970719 -0.0763761 -0.0037723
v 0.0328878 -0.0031347 0.0436488 0.701961 0.000000 0.003922
vn 0.9895581 -0.1011129 -0.1027183
v 0.0327228 -0.0035724 0.0318060 0.741176 0.027451 0.027451
vn 0.9941836 -0.1071090 -0.0112527
v 0.0298833 -0.0034744 0.0162254 0.784314 0.639216 0.282353
vn 0.9934185 -0.1144069 -0.0055658
v 0.0297861 -0.0034954 -0.0061513 0.780392 0.705882 0.549020
vn 0.9937593 -0.1115408 -0.0010474
v 0.0297394 -0.0035102 -0.0245526 0.509804 0.086275 0.086275
vn 0.9936766 -0.1120932 -0.0064807
v 0.0297341 -0.0035756 -0.0368023 0.521569 0.066667 0.070588
vn 0.9927068 -0.1094989 -0.0504305
v 0.0300222 -0.0034041 0.0233499 0.662745 0.007843 0.000000
vn 0.9464990 -0.0995370 -0.3069724
v 0.0304445 -0.0031459 0.0281408 0.662745 0.011765 0.011765
vn 0.9916419 -0.0954590 0.0867984
v 0.0327552 -0.0032909 0.0578501 0.745098 0.019608 0.019608
vn 0.9963426 -0.0853723 0.0036143
v 0.0328551 -0.0029675 0.0546049 0.741176 0.015686 0.019608
vn 0.9919972 -0.0933707 -0.0849912
v 0.0325651 -0.0035682 0.0346379 0.694118 0.007843 0.007843
vn 0.9955419 -0.0871583 -0.0360521
v 0.0328862 -0.0031992 0.0399518 0.745098 0.019608 0.019608
vn 0.9950970 -0.0910237 -0.0386888
v 0.0327240 -0.0031273 0.0386513 0.666667 0.000000 0.007843
vn 0.9917400 -0.0888911 -0.0924670
v 0.0328768 -0.0031835 0.0358007 0.713725 0.019608 0.015686
vn 0.9898663 -0.1073145 0.0929967
v 0.0329026 -0.0035656 0.0570153 0.780392 0.023529 0.027451
vn 0.9897584 -0.1425763 -0.0070923
v 0.0326462 -0.0049380 0.0452131 0.819608 0.039216 0.039216
vn 0.9899723 -0.1412512 -0.0017319
v 0.0326273 -0.0049545 0.0419579 0.788235 0.031373 0.035294
vn 0.9350995 -0.0729531 0.3467952
v 0.0305925 -0.0029053 -0.0628629 0.698039 0.007843 0.003922
vn 0.9709144 -0.0911889 0.2213815
v 0.0308075 -0.0039732 -0.0644397 0.698039 0.000000 0.000000
vn 0.9809634 -0.1941141 -0.0055241
v 0.0324533 -0.0062784 0.0540998 0.839216 0.035294 0.043137
vn 0.9820642 -0.1877516 0.0172965
v 0.0324637 -0.0059358 0.0599476 0.713725 0.000000 0.015686
vn 0.8657167 -0.1168377 -0.4867069
v 0.0323485 -0.0041988 0.0306735 0.607843 0.007843 0.011765
vn 0.8469025 -0.1235666 0.5171919
v 0.0308267 -0.0051205 -0.0650633 0.733333 0.003922 0.011765
vn 0.9807222 -0.1938923 -0.0242835
v 0.0323441 -0.0061933 0.0385894 0.670588 0.000000 0.003922
vn 0.9810461 -0.1899266 -0.0384255
v 0.0324860 -0.0059934 0.0362350 0.768627 0.023529 0.023529
vn 0.9792395 -0.2024936 -0.0092923
v 0.0324830 -0.0062850 0.0435138 0.705882 0.000000 0.007843
vn 0.9813293 -0.1918331 -0.0138914
v 0.0325280 -0.0059895 0.0402279 0.733333 0.015686 0.015686
vn 0.9792165 -0.1941772 -0.0585678
v 0.0322505 -0.0060441 0.0346260 0.694118 0.007843 0.007843
vn 0.9798588 -0.1977796 -0.0275711
v 0.0325227 -0.0062415 0.0471666 0.709804 0.003922 0.011765
vn 0.9809445 -0.1940125 0.0103465
v 0.0324592 -0.0063519 0.0493724 0.670588 0.000000 0.003922
vn 0.8234671 0.0217132 -0.5669484
v 0.0309718 0.0030555 0.0290264 0.635294 0.015686 0.019608
vn 0.7801646 -0.1094657 -0.6159225
v 0.0310216 -0.0038640 0.0291943 0.627451 0.011765 0.011765
vn 0.9790077 -0.1935704 0.0638311
v 0.0325221 -0.0062106 0.0567708 0.729412 0.019608 0.019608
vn 0.9811000 -0.1934722 -0.0033523
v 0.0294332 -0.0063237 0.0055976 0.784314 0.670588 0.396078
vn 0.9598251 -0.2141086 0.1813655
v 0.0295237 -0.0061515 -0.0615441 0.788235 0.419608 0.321569
vn 0.9793882 -0.2015963 0.0125569
v 0.0292515 -0.0060224 -0.0535234 0.776471 0.709804 0.600000
vn 0.9782897 -0.2072416 0.0005555
v 0.0291895 -0.0062946 -0.0474053 0.803922 0.741176 0.607843
vn 0.9780754 -0.1998551 0.0585370
v 0.0323313 -0.0062502 0.0579657 0.698039 0.007843 0.007843
vn 0.9801152 -0.1981372 -0.0107594
v 0.0293188 -0.0060805 -0.0379591 0.513725 0.047059 0.054902
vn 0.9796549 -0.2006017 -0.0059509
v 0.0294471 -0.0061842 0.0157867 0.784314 0.619608 0.196078
vn 0.9771265 -0.2078109 -0.0451494
v 0.0295979 -0.0059759 0.0231420 0.729412 0.227451 0.125490
vn 0.9382543 -0.2076931 -0.2766632
v 0.0298906 -0.0066368 0.0281699 0.658824 0.011765 0.007843
vn 0.9551715 -0.2068657 -0.2117876
v 0.0323071 -0.0061175 0.0314803 0.717647 0.019608 0.023529
vn 0.9862708 -0.1650786 -0.0043623
v 0.0295934 -0.0045198 -0.0083142 0.580392 0.062745 0.074510
vn 0.9813582 -0.1921383 -0.0043638
v 0.0293229 -0.0062550 -0.0089190 0.576471 0.058824 0.066667
vn 0.9507374 -0.1617113 0.2644767
v 0.0304164 -0.0060073 -0.0638851 0.694118 0.000000 0.003922
vn 0.9657301 -0.2474932 0.0781821
v 0.0320533 -0.0072826 0.0616335 0.788235 0.019608 0.039216
vn 0.8402658 -0.2164932 0.4970755
v 0.0302806 -0.0083031 -0.0650190 0.709804 0.003922 0.007843
vn 0.9684925 -0.2490337 -0.0021256
v 0.0287470 -0.0087258 -0.0313397 0.490196 0.039216 0.047059
vn 0.9550394 -0.2964530 -0.0039205
v 0.0316262 -0.0092498 0.0418678 0.792157 0.039216 0.035294
vn 0.9579902 -0.2866511 -0.0092760
v 0.0316870 -0.0091739 0.0451284 0.760784 0.031373 0.039216
vn 0.9546661 -0.2967345 -0.0236929
v 0.0317183 -0.0093880 0.0468980 0.705882 0.003922 0.003922
vn 0.9555122 -0.2948577 0.0074500
v 0.0316974 -0.0093208 0.0497429 0.686275 0.000000 0.003922
vn 0.9579704 -0.2868619 -0.0017498
v 0.0317919 -0.0088271 0.0542248 0.819608 0.031373 0.043137
vn 0.9674396 -0.2530311 -0.0060000
v 0.0287545 -0.0086508 -0.0089037 0.607843 0.039216 0.043137
vn 0.9528987 -0.3032877 0.0007613
v 0.0284847 -0.0096508 -0.0245973 0.474510 0.039216 0.050980
vn 0.9543763 -0.2986004 -0.0018895
v 0.0286551 -0.0093711 0.0163918 0.788235 0.623529 0.180392
vn 0.9545811 -0.2979506 -0.0006193
v 0.0286060 -0.0096218 0.0055645 0.764706 0.650980 0.372549
vn 0.8867033 -0.1221009 0.4459245
v 0.0299343 -0.0052491 -0.0620494 0.698039 0.003922 0.003922
vn 0.9545518 -0.2978057 -0.0119489
v 0.0284913 -0.0095661 -0.0360747 0.490196 0.031373 0.039216
vn 0.9518639 -0.3064032 -0.0084971
v 0.0283825 -0.0093806 -0.0442880 0.784314 0.729412 0.572549
vn 0.9506207 -0.3033630 -0.0655073
v 0.0316431 -0.0092910 0.0359175 0.745098 0.027451 0.023529
vn 0.9523641 -0.3048547 0.0081345
v 0.0284169 -0.0093985 -0.0532803 0.733333 0.686275 0.600000
vn 0.9486501 -0.3148404 0.0306378
v 0.0285119 -0.0093276 -0.0571798 0.694118 0.643137 0.572549
vn 0.9146720 -0.2970115 0.2741522
v 0.0287230 -0.0092518 -0.0617432 0.694118 0.000000 0.000000
vn 0.9446764 -0.2835891 -0.1648145
v 0.0316157 -0.0088823 0.0315926 0.717647 0.019608 0.023529
vn 0.9521536 -0.2971153 -0.0715966
v 0.0314857 -0.0090801 0.0346602 0.694118 0.003922 0.007843
vn 0.9513842 -0.3056169 -0.0382936
v 0.0316471 -0.0094234 0.0400304 0.749020 0.015686 0.023529
vn 0.9511645 -0.2999485 0.0729176
v 0.0317129 -0.0092945 0.0569392 0.772549 0.027451 0.027451
vn 0.9507160 -0.3069125 -0.0440894
v 0.0315089 -0.0093521 0.0387662 0.674510 0.000000 0.007843
vn 0.8923717 -0.2372246 0.3839234
v 0.0296694 -0.0080595 -0.0627704 0.690196 0.000000 0.003922
vn 0.9548640 -0.2960239 0.0245889
v 0.0315947 -0.0092479 0.0601025 0.713725 0.000000 0.015686
vn 0.9532921 -0.2939107 0.0696470
v 0.0315594 -0.0091543 0.0580282 0.705882 0.003922 0.007843
vn 0.9495622 -0.3132759 -0.0137792
v 0.0315981 -0.0095708 0.0434201 0.705882 0.000000 0.007843
vn 0.9505765 -0.3077033 -0.0415082
v 0.0287213 -0.0092374 0.0232006 0.745098 0.282353 0.141176
vn 0.9431100 -0.2980911 -0.1472587
v 0.0290377 -0.0093461 0.0274540 0.654902 0.011765 0.011765
vn 0.8442209 -0.2847258 -0.4541171
v 0.0291617 -0.0099377 0.0287327 0.647059 0.011765 0.011765
vn 0.7953119 -0.2037414 -0.5709366
v 0.0302404 -0.0071444 0.0290400 0.619608 0.007843 0.007843
vn 0.9487355 -0.3160545 -0.0032627
v 0.0284067 -0.0098048 -0.0111547 0.470588 0.039216 0.050980
vn 0.9285660 -0.3694401 0.0357652
v 0.0307628 -0.0120225 0.0531482 0.674510 0.003922 0.007843
vn 0.9297986 -0.3626885 0.0627028
v 0.0305606 -0.0122088 0.0609888 0.741176 0.003922 0.015686
vn 0.8305390 -0.2753730 -0.4841226
v 0.0311189 -0.0094948 0.0307779 0.611765 0.011765 0.015686
vn 0.9185679 -0.3951935 -0.0074266
v 0.0275412 -0.0124032 -0.0055356 0.792157 0.709804 0.517647
vn 0.9166700 -0.3996227 -0.0042318
v 0.0274039 -0.0125152 -0.0125752 0.466667 0.039216 0.047059
vn 0.9130831 -0.4077486 -0.0045170
v 0.0274016 -0.0125279 -0.0247439 0.474510 0.035294 0.047059
vn 0.9115262 -0.4110914 -0.0111325
v 0.0274091 -0.0124245 -0.0362753 0.490196 0.035294 0.043137
vn 0.9189208 -0.3896128 0.0615339
v 0.0303720 -0.0124908 0.0579742 0.713725 0.000000 0.007843
vn 0.9333019 -0.3082843 0.1841423
v 0.0312441 -0.0093792 0.0622617 0.913725 0.054902 0.078431
vn 0.9247360 -0.3799452 0.0224748
v 0.0305636 -0.0122364 0.0544348 0.796078 0.023529 0.039216
vn 0.9203468 -0.3877272 0.0512789
v 0.0305205 -0.0125487 0.0568133 0.733333 0.019608 0.019608
vn 0.9107105 -0.3976255 -0.1118054
v 0.0303278 -0.0124345 0.0317888 0.721569 0.019608 0.023529
vn 0.9172055 -0.3984135 -0.0008420
v 0.0304617 -0.0126627 0.0493019 0.698039 0.000000 0.003922
vn 0.9139357 -0.4052863 -0.0215548
v 0.0304447 -0.0127552 0.0469826 0.709804 0.000000 0.011765
vn 0.9121959 -0.4097544 -0.0001647
v 0.0275066 -0.0125581 0.0026436 0.752941 0.635294 0.396078
vn 0.9147022 -0.4017000 -0.0442371
v 0.0274929 -0.0124683 0.0233980 0.666667 0.015686 0.015686
vn 0.9138374 -0.4060785 0.0012134
v 0.0274857 -0.0125039 0.0144662 0.792157 0.635294 0.211765
vn 0.9044691 -0.3961057 -0.1582274
v 0.0278344 -0.0125830 0.0275408 0.654902 0.011765 0.011765
vn 0.8359246 -0.3442287 -0.4274772
v 0.0282674 -0.0121857 0.0286167 0.643137 0.007843 0.007843
vn 0.9188628 -0.3942798 -0.0153179
v 0.0304294 -0.0125521 0.0452057 0.831373 0.043137 0.050980
vn 0.9118703 -0.4104263 -0.0065485
v 0.0272528 -0.0122876 -0.0454392 0.796078 0.729412 0.584314
vn 0.9216335 -0.3858910 -0.0409868
v 0.0306087 -0.0121401 0.0398982 0.749020 0.019608 0.023529
vn 0.9154916 -0.4011989 -0.0302419
v 0.0303232 -0.0124538 0.0385275 0.678431 0.003922 0.007843
vn 0.9138329 -0.3998843 -0.0707240
v 0.0304288 -0.0124757 0.0358804 0.729412 0.027451 0.023529
vn 0.9152227 -0.4024393 -0.0202499
v 0.0304200 -0.0126526 0.0433454 0.713725 0.003922 0.011765
vn 0.9157801 -0.4015659 -0.0095790
v 0.0303549 -0.0126117 0.0418388 0.803922 0.047059 0.050980
vn 0.9243054 -0.3181246 0.2108468
v 0.0302972 -0.0122350 0.0621037 0.862745 0.039216 0.050980
vn 0.8314801 -0.3394119 -0.4398187
v 0.0302275 -0.0120430 0.0308841 0.615686 0.003922 0.011765
vn 0.9156523 -0.3964622 -0.0663221
v 0.0302617 -0.0122641 0.0345819 0.686275 0.000000 0.003922
vn 0.9059339 -0.4224431 0.0287348
v 0.0272914 -0.0123323 -0.0574572 0.678431 0.615686 0.564706
vn 0.8801181 -0.4030541 0.2508778
v 0.0274630 -0.0123983 -0.0616272 0.709804 0.094118 0.070588
vn 0.8185626 -0.3057536 0.4862818
v 0.0293676 -0.0107357 -0.0649205 0.694118 0.000000 0.000000
vn 0.8732986 -0.3162405 0.3705962
v 0.0289338 -0.0102476 -0.0627021 0.682353 0.000000 0.003922
vn 0.8541951 -0.3805504 0.3543053
v 0.0281619 -0.0122966 -0.0628423 0.670588 0.000000 0.003922
vn 0.7831976 -0.3242590 0.5305260
v 0.0286226 -0.0127305 -0.0649650 0.698039 0.000000 0.003922
vn 0.8834851 -0.4682461 0.0141296
v 0.0291966 -0.0151947 0.0545585 0.741176 0.011765 0.019608
vn 0.8830103 -0.4686802 0.0251329
v 0.0292690 -0.0152207 0.0532407 0.682353 0.003922 0.003922
vn 0.8059410 -0.4146680 -0.4225039
v 0.0272940 -0.0142970 0.0285812 0.643137 0.007843 0.007843
vn 0.8813670 -0.4707417 -0.0399309
v 0.0291421 -0.0152202 0.0400206 0.760784 0.019608 0.027451
vn 0.8819214 -0.4674180 0.0611165
v 0.0291823 -0.0153515 0.0568728 0.745098 0.023529 0.023529
vn 0.8712162 -0.4905724 -0.0179171
v 0.0288865 -0.0157448 0.0460022 0.721569 0.000000 0.007843
vn 0.8724343 -0.4842125 0.0663083
v 0.0287640 -0.0157872 0.0579704 0.725490 0.003922 0.015686
vn 0.8649321 -0.5018733 -0.0039624
v 0.0286682 -0.0160202 0.0424286 0.733333 0.003922 0.015686
vn 0.8687704 -0.4931441 -0.0452433
v 0.0284693 -0.0159313 0.0344460 0.678431 0.000000 0.003922
vn 0.8814744 -0.4686973 -0.0576699
v 0.0290125 -0.0153415 0.0358730 0.741176 0.027451 0.023529
vn 0.8636534 -0.5024327 -0.0407966
v 0.0261585 -0.0151423 0.0233635 0.729412 0.196078 0.184314
vn 0.8517277 -0.5071543 -0.1317362
v 0.0263697 -0.0154159 0.0273030 0.639216 0.015686 0.015686
vn 0.8664247 -0.4987345 -0.0239211
v 0.0285929 -0.0159321 0.0385255 0.686275 0.000000 0.007843
vn 0.8715631 -0.4901669 -0.0106914
v 0.0285791 -0.0161853 0.0612559 0.745098 0.007843 0.023529
vn 0.8688495 -0.4949944 -0.0090130
v 0.0288152 -0.0159384 0.0492658 0.694118 0.000000 0.003922
vn 0.8657700 -0.4869680 -0.1153450
v 0.0284835 -0.0161101 0.0317928 0.737255 0.023529 0.031373
vn 0.8654975 -0.5009012 -0.0034757
v 0.0261036 -0.0150872 -0.0123807 0.474510 0.043137 0.047059
vn 0.8659041 -0.5002004 -0.0031153
v 0.0261235 -0.0150496 -0.0225916 0.478431 0.019608 0.027451
vn 0.8685082 -0.4956467 -0.0052778
v 0.0263190 -0.0147983 -0.0043587 0.803922 0.721569 0.490196
vn 0.8632651 -0.5047492 -0.0013129
v 0.0259809 -0.0154106 0.0155180 0.803922 0.647059 0.223529
vn 0.8638626 -0.5037266 0.0009321
v 0.0261295 -0.0151462 0.0049965 0.796078 0.682353 0.372549
vn 0.8002183 -0.4093694 -0.4382551
v 0.0288178 -0.0148691 0.0307590 0.592157 0.007843 0.019608
vn 0.8678067 -0.4968735 -0.0053084
v 0.0259313 -0.0152344 -0.0285139 0.474510 0.027451 0.039216
vn 0.8765772 -0.4810458 -0.0144050
v 0.0264955 -0.0141381 -0.0371815 0.490196 0.027451 0.035294
vn 0.8818251 -0.4712929 -0.0163556
v 0.0257221 -0.0152995 -0.0431848 0.541176 0.027451 0.027451
vn 0.8813809 -0.4723958 -0.0031559
v 0.0263683 -0.0140092 -0.0484170 0.784314 0.725490 0.592157
vn 0.8597441 -0.5103166 0.0204269
v 0.0258778 -0.0149343 -0.0564496 0.678431 0.635294 0.584314
vn 0.8521144 -0.4731110 0.2237568
v 0.0263829 -0.0144681 -0.0615228 0.670588 0.000000 0.000000
vn 0.7407209 -0.3922959 0.5453774
v 0.0276505 -0.0147648 -0.0648799 0.690196 0.003922 0.007843
vn 0.8658533 -0.5002613 -0.0060669
v 0.0253227 -0.0158428 -0.0482315 0.760784 0.717647 0.600000
vn 0.8638501 -0.5036656 -0.0091700
v 0.0251617 -0.0164526 -0.0361310 0.490196 0.031373 0.050980
vn 0.7621822 -0.4630871 -0.4523591
v 0.0276398 -0.0169836 0.0307680 0.596078 0.003922 0.007843
vn 0.8577894 -0.5138207 0.0136283
v 0.0275640 -0.0179276 0.0545428 0.803922 0.031373 0.043137
vn 0.8524158 -0.5172554 0.0763809
v 0.0277734 -0.0177267 0.0568523 0.788235 0.023529 0.027451
vn 0.8510932 -0.5249908 0.0050089
v 0.0273929 -0.0183591 0.0529131 0.674510 0.003922 0.007843
vn 0.8361207 -0.5416901 -0.0864526
v 0.0272681 -0.0182366 0.0359203 0.725490 0.015686 0.015686
vn 0.8057051 -0.5276620 0.2690950
v 0.0253081 -0.0162616 -0.0616095 0.670588 0.023529 0.023529
vn 0.8467518 -0.5318335 -0.0128288
v 0.0272216 -0.0185168 0.0470975 0.709804 0.011765 0.015686
vn 0.8458734 -0.5333290 -0.0076476
v 0.0251626 -0.0165156 -0.0256905 0.478431 0.027451 0.035294
vn 0.8493166 -0.5258520 0.0462725
v 0.0270492 -0.0185603 0.0579057 0.717647 0.007843 0.011765
vn 0.8512337 -0.5245151 -0.0168837
v 0.0272057 -0.0184134 0.0612307 0.733333 0.000000 0.019608
vn 0.8399076 -0.5411605 -0.0412394
v 0.0271139 -0.0184964 0.0400329 0.741176 0.015686 0.019608
vn 0.7820186 -0.5284402 -0.3304510
v 0.0268531 -0.0185494 0.0312252 0.603922 0.011765 0.011765
vn 0.8413856 -0.5397876 -0.0264501
v 0.0270128 -0.0186130 0.0447276 0.737255 0.015686 0.019608
vn 0.8353861 -0.5495834 0.0093934
v 0.0268236 -0.0188327 0.0419227 0.780392 0.023529 0.035294
vn 0.7918181 -0.5388255 -0.2875607
v 0.0256785 -0.0167703 0.0281367 0.639216 0.007843 0.011765
vn 0.8345739 -0.5485086 0.0512316
v 0.0269109 -0.0185503 0.0328999 0.709804 0.015686 0.023529
vn 0.8460459 -0.5330929 -0.0042896
v 0.0250284 -0.0168594 -0.0032180 0.803922 0.713725 0.454902
vn 0.8374182 -0.5465610 -0.0013513
v 0.0244036 -0.0176800 -0.0152289 0.462745 0.050980 0.062745
vn 0.8292946 -0.5571138 -0.0435279
v 0.0239770 -0.0184005 0.0234710 0.709804 0.149020 0.078431
vn 0.8388199 -0.5444076 -0.0011946
v 0.0249796 -0.0169432 0.0110751 0.796078 0.658824 0.286275
vn 0.8377990 -0.5454837 -0.0232498
v 0.0266762 -0.0188757 0.0385211 0.682353 0.007843 0.011765
vn 0.8373841 -0.5465784 -0.0063248
v 0.0267770 -0.0190646 0.0495826 0.701961 0.007843 0.007843
vn 0.8331265 -0.5525123 0.0251072
v 0.0247209 -0.0166889 -0.0566721 0.662745 0.600000 0.564706
vn 0.7950082 -0.4850699 0.3642378
v 0.0263825 -0.0156444 -0.0628366 0.658824 0.003922 0.003922
vn 0.7097499 -0.4465723 0.5448195
v 0.0266769 -0.0165358 -0.0649186 0.682353 0.000000 0.007843
vn 0.7240361 -0.4347123 -0.5355344
v 0.0265122 -0.0161005 0.0289132 0.611765 0.007843 0.003922
vn 0.8173882 -0.5547877 -0.1552006
v 0.0241722 -0.0187146 0.0275895 0.639216 0.015686 0.015686
vn 0.8295140 -0.5576603 -0.0303576
v 0.0256351 -0.0201503 0.0345046 0.682353 0.007843 0.007843
vn 0.8766980 -0.1988287 0.4380272
v 0.0311690 -0.0079570 -0.0658991 0.709804 0.007843 0.011765
vn 0.7440532 -0.5126919 -0.4284063
v 0.0248320 -0.0182661 0.0286593 0.635294 0.011765 0.011765
vn 0.8454735 -0.2772164 0.4564270
v 0.0306186 -0.0098238 -0.0658110 0.705882 0.011765 0.015686
vn 0.9547741 -0.2793191 0.1019176
v 0.0309932 -0.0091351 -0.0666134 0.701961 0.000000 0.000000
vn 0.9765677 -0.1899838 0.1011024
v 0.0317110 -0.0062030 -0.0666829 0.705882 0.007843 0.007843
vn 0.9817406 -0.1901838 0.0039381
v 0.0318177 -0.0061434 -0.0736202 0.709804 0.011765 0.011765
vn 0.9585969 -0.2845648 0.0107112
v 0.0310017 -0.0094103 -0.0713935 0.705882 0.011765 0.015686
vn 0.9957669 -0.0914990 0.0087269
v 0.0322248 -0.0032363 -0.0725383 0.717647 0.011765 0.011765
vn 0.8891501 -0.0756007 0.4513277
v 0.0320627 -0.0033647 -0.0659194 0.717647 0.011765 0.015686
vn 0.8985931 0.0176963 0.4384260
v 0.0322671 -0.0000706 -0.0660323 0.729412 0.007843 0.011765
vn 0.9999279 0.0118981 0.0016575
v 0.0323643 -0.0001532 -0.0743585 0.721569 0.011765 0.015686
vn 0.9929637 0.1179978 0.0099833
v 0.0321240 0.0032885 -0.0723919 0.717647 0.007843 0.011765
vn 0.8789674 0.0992697 0.4664353
v 0.0320026 0.0030818 -0.0659652 0.717647 0.007843 0.011765
vn 0.8654571 0.1897305 0.4636662
v 0.0314426 0.0065120 -0.0659444 0.721569 0.007843 0.011765
vn 0.9779416 0.2088590 0.0028609
v 0.0316885 0.0059628 -0.0739943 0.721569 0.007843 0.011765
vn 0.9491122 0.3148865 0.0057079
v 0.0308005 0.0092973 -0.0723541 0.721569 0.011765 0.011765
vn 0.9720613 0.2346065 -0.0075266
v 0.0314880 0.0065121 -0.0883518 0.725490 0.011765 0.011765
vn 0.9454594 0.3256761 -0.0064466
v 0.0307041 0.0094006 -0.0845841 0.725490 0.007843 0.007843
vn 0.9361862 0.3309009 -0.1185754
v 0.0305784 0.0094101 -0.0964864 0.717647 0.011765 0.015686
vn 0.9680436 0.2251669 -0.1104155
v 0.0314980 0.0062022 -0.0964373 0.721569 0.011765 0.011765
vn 0.9368219 0.3381734 0.0894627
v 0.0304782 0.0098905 -0.0665326 0.713725 0.003922 0.007843
vn 0.9030876 0.4293691 0.0086636
v 0.0294019 0.0127563 -0.0709705 0.721569 0.007843 0.007843
vn 0.9199687 0.3919096 -0.0080316
v 0.0296365 0.0119483 -0.0870724 0.729412 0.011765 0.011765
vn 0.9915615 0.1229327 -0.0411506
v 0.0320749 0.0030537 -0.0955636 0.721569 0.011765 0.015686
vn 0.9935067 0.1137186 -0.0035587
v 0.0321022 0.0031689 -0.0832397 0.721569 0.015686 0.015686
vn 0.9999185 0.0126444 -0.0017839
v 0.0323138 -0.0001653 -0.0882271 0.721569 0.011765 0.015686
vn 0.9990204 0.0245269 -0.0368341
v 0.0323210 -0.0000717 -0.0956475 0.721569 0.011765 0.011765
vn 0.9077557 0.3999164 -0.1266745
v 0.0295848 0.0117390 -0.0965770 0.717647 0.011765 0.015686
vn 0.9026424 0.4293192 -0.0303592
v 0.0292050 0.0127868 -0.0948264 0.721569 0.011765 0.011765
vn 0.8955201 0.4319176 0.1071960
v 0.0291984 0.0129465 -0.0665867 0.717647 0.007843 0.007843
vn 0.9623098 0.1240677 -0.2420065
v 0.0318906 0.0033038 -0.0972842 0.709804 0.011765 0.011765
vn 0.8181573 0.2666824 0.5094106
v 0.0305354 0.0094052 -0.0658722 0.717647 0.007843 0.011765
vn 0.7978975 0.3310330 0.5037627
v 0.0296974 0.0115140 -0.0658109 0.717647 0.007843 0.007843
vn 0.8995698 0.2210394 -0.3767171
v 0.0311188 0.0063919 -0.0978773 0.729412 0.019608 0.023529
vn 0.8829206 0.3140346 -0.3490466
v 0.0303204 0.0092281 -0.0977801 0.713725 0.011765 0.011765
vn 0.8426133 0.5210525 -0.1360409
v 0.0275684 0.0156456 -0.0965969 0.717647 0.011765 0.011765
vn 0.8589374 0.4374615 -0.2661842
v 0.0286890 0.0132820 -0.0975096 0.713725 0.011765 0.015686
vn 0.8548977 0.5187898 -0.0026707
v 0.0277552 0.0157685 -0.0744327 0.721569 0.007843 0.007843
vn 0.8484452 0.5291575 -0.0115422
v 0.0277180 0.0155784 -0.0891160 0.721569 0.007843 0.011765
vn 0.8385050 0.5381371 0.0855445
v 0.0275302 0.0160123 -0.0667252 0.709804 0.003922 0.007843
vn 0.8102435 0.4878958 0.3247509
v 0.0278163 0.0154316 -0.0660054 0.721569 0.003922 0.007843
vn 0.9784555 0.0241553 -0.2050398
v 0.0322077 -0.0000883 -0.0970701 0.713725 0.011765 0.015686
vn 0.7510896 0.3745208 0.5436899
v 0.0287396 0.0134604 -0.0657476 0.721569 0.003922 0.011765
vn 0.7910294 0.6117780 0.0004713
v 0.0256740 0.0188590 -0.0729088 0.717647 0.007843 0.007843
vn 0.7906740 0.6121396 -0.0109443
v 0.0257341 0.0186682 -0.0799823 0.717647 0.007843 0.007843
vn 0.7950590 0.5358361 0.2841846
v 0.0265980 0.0173304 -0.0660339 0.713725 0.007843 0.007843
vn 0.7980745 0.6024847 -0.0094542
v 0.0256184 0.0185228 -0.0909695 0.725490 0.007843 0.011765
vn 0.7745085 0.6249627 -0.0977657
v 0.0250758 0.0191734 -0.0965642 0.709804 0.007843 0.007843
vn 0.9913086 -0.0863898 -0.0992180
v 0.0322079 -0.0031801 -0.0961874 0.717647 0.011765 0.011765
vn 0.9961612 -0.0875369 -0.0004120
v 0.0321769 -0.0033330 -0.0880733 0.721569 0.011765 0.015686
vn 0.9809394 -0.1892511 -0.0440688
v 0.0318039 -0.0061831 -0.0954830 0.713725 0.011765 0.015686
vn 0.9834869 -0.1809788 0.0004246
v 0.0318048 -0.0061464 -0.0846880 0.713725 0.007843 0.011765
vn 0.7839307 0.5497013 -0.2885846
v 0.0259641 0.0176740 -0.0976377 0.713725 0.011765 0.015686
vn 0.7340720 0.5933983 0.3301770
v 0.0249954 0.0195125 -0.0660676 0.725490 0.003922 0.007843
vn 0.8336887 0.3783507 -0.4022611
v 0.0286296 0.0122924 -0.0986022 0.729412 0.019608 0.023529
vn 0.7487671 0.6626472 -0.0157002
v 0.0243301 0.0201288 -0.0873804 0.721569 0.007843 0.007843
vn 0.9322608 0.0277922 -0.3607180
v 0.0317034 -0.0000708 -0.0984923 0.713725 0.023529 0.019608
vn 0.9025999 0.1371082 -0.4080621
v 0.0312256 0.0037600 -0.0986911 0.737255 0.027451 0.027451
vn 0.8015987 0.4791820 -0.3575250
v 0.0274138 0.0146907 -0.0985316 0.745098 0.019608 0.019608
vn 0.9186251 -0.0709063 -0.3887163
v 0.0318249 -0.0028590 -0.0980436 0.717647 0.023529 0.023529
vn 0.7128471 0.7013077 0.0040871
v 0.0226559 0.0222958 -0.0707605 0.717647 0.003922 0.003922
vn 0.7095054 0.6185926 -0.3375579
v 0.0241269 0.0198933 -0.0978632 0.709804 0.011765 0.015686
vn 0.6486266 0.3887031 0.6543649
v 0.0266544 0.0167300 -0.0655255 0.729412 0.011765 0.015686
vn 0.6968081 0.7171860 -0.0101411
v 0.0226176 0.0218682 -0.0915318 0.721569 0.007843 0.011765
vn 0.7043502 0.7096646 -0.0163404
v 0.0227114 0.0219920 -0.0839233 0.717647 0.007843 0.011765
vn 0.6888934 0.6555118 0.3094030
v 0.0231171 0.0216134 -0.0660386 0.713725 0.003922 0.003922
vn 0.6923273 0.7089009 -0.1346939
v 0.0225791 0.0219287 -0.0967265 0.713725 0.011765 0.011765
vn 0.9550960 -0.1745413 -0.2394306
v 0.0316948 -0.0058109 -0.0972253 0.701961 0.007843 0.011765
vn 0.8369913 0.2709046 -0.4754537
v 0.0300307 0.0085436 -0.0987155 0.752941 0.023529 0.019608
vn 0.6695013 0.7359446 0.1007648
v 0.0210040 0.0237365 -0.0666364 0.713725 0.003922 0.007843
vn 0.8443062 -0.1555110 0.5127996
v 0.0316923 -0.0053532 -0.0658220 0.717647 0.007843 0.011765
vn 0.7281280 0.5411299 -0.4207234
v 0.0252073 0.0179443 -0.0986423 0.756863 0.019608 0.019608
vn 0.9512824 -0.2885402 -0.1086572
v 0.0310129 -0.0093021 -0.0962980 0.709804 0.011765 0.015686
vn 0.9590351 -0.2832873 0.0000596
v 0.0310734 -0.0092760 -0.0861020 0.717647 0.011765 0.015686
vn 0.6366094 0.7711858 -0.0009140
v 0.0200831 0.0246242 -0.0715248 0.713725 0.003922 0.003922
vn 0.6245559 0.7807289 -0.0198082
v 0.0197217 0.0246961 -0.0821589 0.717647 0.007843 0.011765
vn 0.6277984 0.7782552 -0.0137156
v 0.0200493 0.0241177 -0.0920972 0.721569 0.007843 0.011765
vn 0.9145477 -0.2423845 -0.3238092
v 0.0309986 -0.0083225 -0.0976577 0.709804 0.015686 0.015686
vn 0.6592266 0.6677519 -0.3457278
v 0.0224717 0.0211927 -0.0985921 0.717647 0.011765 0.011765
vn 0.6272561 0.7403974 -0.2415815
v 0.0210977 0.0230945 -0.0973919 0.705882 0.007843 0.011765
vn 0.9026149 -0.1512277 -0.4030095
v 0.0312237 -0.0049687 -0.0987252 0.717647 0.023529 0.023529
vn 0.5726396 0.6145930 0.5425489
v 0.0212176 0.0232829 -0.0657575 0.721569 0.003922 0.007843
vn 0.6190934 0.7840427 0.0447272
v 0.0196128 0.0248697 -0.0660694 0.717647 0.003922 0.000000
vn 0.6021277 0.7930138 -0.0925824
v 0.0195589 0.0244541 -0.0965196 0.709804 0.011765 0.011765
vn 0.5682499 0.8228326 -0.0062065
v 0.0180118 0.0261848 -0.0724894 0.713725 0.003922 0.007843
vn 0.9277705 -0.3717561 -0.0322389
v 0.0299533 -0.0123856 -0.0948927 0.709804 0.011765 0.015686
vn 0.9274521 -0.3737976 0.0103916
v 0.0299706 -0.0123595 -0.0722510 0.705882 0.007843 0.011765
vn 0.9339558 -0.3487140 0.0782632
v 0.0302135 -0.0113945 -0.0666714 0.701961 0.003922 0.007843
vn 0.5608091 0.8276455 0.0222759
v 0.0175776 0.0263504 -0.0660019 0.713725 0.007843 0.007843
vn 0.5572034 0.8302330 -0.0154173
v 0.0170338 0.0263391 -0.0925650 0.721569 0.007843 0.011765
vn 0.5492618 0.8354084 -0.0201088
v 0.0170880 0.0265632 -0.0824927 0.713725 0.007843 0.007843
vn 0.9001763 -0.3606414 -0.2441730
v 0.0297764 -0.0123476 -0.0972237 0.690196 0.011765 0.007843
vn 0.8315776 -0.3243301 0.4508755
v 0.0297168 -0.0124025 -0.0657702 0.705882 0.007843 0.011765
vn 0.5302509 0.8046901 -0.2670352
v 0.0166237 0.0263769 -0.0975486 0.705882 0.007843 0.011765
vn 0.5026565 0.8589202 -0.0979418
v 0.0155265 0.0272729 -0.0964752 0.709804 0.011765 0.011765
vn 0.5743656 0.7399130 -0.3501899
v 0.0197326 0.0235849 -0.0986157 0.733333 0.015686 0.015686
vn 0.4986845 0.8667585 0.0066025
v 0.0157685 0.0276237 -0.0702095 0.709804 0.003922 0.003922
vn 0.8714718 -0.2841065 -0.3997756
v 0.0302927 -0.0092598 -0.0985553 0.705882 0.023529 0.023529
vn 0.9140577 -0.4055842 -0.0003083
v 0.0295291 -0.0134047 -0.0811826 0.701961 0.007843 0.011765
vn 0.8823736 -0.4623600 0.0874077
v 0.0287271 -0.0148633 -0.0664489 0.694118 0.007843 0.007843
vn 0.5325713 0.4804122 0.6968300
v 0.0234310 0.0207655 -0.0655251 0.725490 0.007843 0.007843
vn 0.8972298 -0.4380379 -0.0556916
v 0.0287119 -0.0151265 -0.0956131 0.701961 0.011765 0.015686
vn 0.8887335 -0.4583651 0.0073609
v 0.0286181 -0.0153645 -0.0740477 0.701961 0.007843 0.007843
vn 0.4921079 0.8703307 -0.0188243
v 0.0153741 0.0276001 -0.0827756 0.713725 0.003922 0.007843
vn 0.4720977 0.8814593 -0.0123800
v 0.0146585 0.0277776 -0.0921727 0.717647 0.007843 0.011765
vn 0.4951789 0.8683187 0.0286446
v 0.0155293 0.0276217 -0.0660155 0.705882 0.007843 0.007843
vn 0.5257601 0.7558025 -0.3903063
v 0.0171556 0.0254481 -0.0986307 0.721569 0.011765 0.015686
vn 0.8526802 -0.4658809 -0.2364139
v 0.0280884 -0.0159844 -0.0972636 0.690196 0.011765 0.011765
vn 0.7851333 -0.4101164 0.4640801
v 0.0285884 -0.0148763 -0.0657011 0.701961 0.007843 0.011765
vn 0.8490576 -0.3703175 -0.3767840
v 0.0287188 -0.0133131 -0.0986590 0.701961 0.019608 0.023529
vn 0.8245701 -0.4275448 -0.3705260
v 0.0277388 -0.0155413 -0.0985529 0.701961 0.011765 0.015686
vn 0.4209742 0.8473785 -0.3236209
v 0.0138245 0.0278954 -0.0977792 0.705882 0.011765 0.011765
vn 0.4346839 0.9004328 -0.0164507
v 0.0134417 0.0287444 -0.0761914 0.713725 0.007843 0.007843
vn 0.8599256 -0.5080790 -0.0488243
v 0.0279636 -0.0165131 -0.0955798 0.701961 0.011765 0.015686
vn 0.4205067 0.9068791 0.0272864
v 0.0132554 0.0288147 -0.0659177 0.709804 0.000000 0.003922
vn 0.4011234 0.9159679 0.0101444
v 0.0124911 0.0292659 -0.0698389 0.713725 0.007843 0.007843
vn 0.3981137 0.9090749 -0.1228350
v 0.0125203 0.0287761 -0.0965988 0.705882 0.007843 0.011765
vn 0.4512969 0.7907504 -0.4135758
v 0.0148485 0.0268740 -0.0986478 0.709804 0.023529 0.015686
vn 0.8513566 -0.5244300 0.0128572
v 0.0278289 -0.0167235 -0.0734176 0.698039 0.007843 0.011765
vn 0.3893884 0.9209464 -0.0153105
v 0.0117045 0.0291997 -0.0907693 0.721569 0.003922 0.011765
vn 0.3711267 0.9284267 -0.0169930
v 0.0117669 0.0295055 -0.0749040 0.713725 0.007843 0.007843
vn 0.8442408 -0.5321621 0.0637258
v 0.0266641 -0.0181811 -0.0666903 0.690196 0.007843 0.003922
vn 0.8406715 -0.5378445 -0.0632051
v 0.0265753 -0.0187116 -0.0955163 0.705882 0.015686 0.019608
vn 0.7344429 -0.4733871 0.4863109
v 0.0270115 -0.0173684 -0.0656203 0.705882 0.007843 0.011765
vn 0.8372647 -0.5464890 0.0183754
v 0.0265455 -0.0186534 -0.0723378 0.698039 0.007843 0.007843
vn 0.8245302 -0.5256181 -0.2094650
v 0.0260032 -0.0191228 -0.0975964 0.694118 0.007843 0.007843
vn 0.7945427 -0.4868210 -0.3629149
v 0.0264802 -0.0176983 -0.0984855 0.701961 0.019608 0.019608
vn 0.3648396 0.9305129 0.0322158
v 0.0110870 0.0296805 -0.0659116 0.705882 0.011765 0.007843
vn 0.3534499 0.9076160 -0.2265092
v 0.0098628 0.0295637 -0.0977234 0.721569 0.007843 0.011765
vn 0.3567214 0.9342089 0.0019076
v 0.0103045 0.0301149 -0.0707984 0.713725 0.003922 0.000000
vn 0.3557824 0.9307952 -0.0839006
v 0.0097885 0.0298508 -0.0963026 0.713725 0.007843 0.007843
vn 0.3382313 0.9408728 -0.0189170
v 0.0095937 0.0301083 -0.0833068 0.713725 0.003922 0.003922
vn 0.3600514 0.8444150 -0.3966439
v 0.0118536 0.0283155 -0.0986738 0.729412 0.027451 0.031373
vn 0.7627946 -0.5386629 0.3577525
v 0.0243964 -0.0184351 -0.0628346 0.658824 0.000000 0.011765
vn 0.7351687 -0.5160927 0.4395173
v 0.0251367 -0.0187701 -0.0649660 0.678431 0.007843 0.007843
vn 0.6688267 -0.4697922 -0.5761650
v 0.0255711 -0.0199344 0.0307727 0.596078 0.007843 0.015686
vn 0.1029857 -0.9946747 0.0040257
v 0.0041314 -0.0297014 -0.0117978 0.690196 0.615686 0.074510
vn -0.0002872 -0.9999856 -0.0053534
v 0.0000759 -0.0299153 -0.0103718 0.654902 0.650980 0.682353
vn 0.0697869 -0.9975554 -0.0036312
v 0.0029580 -0.0298374 -0.0152498 0.647059 0.619608 0.078431
vn 0.0822287 -0.9966090 -0.0030120
v 0.0033963 -0.0298429 -0.0036203 0.733333 0.529412 0.356863
vn -0.0046709 -0.9999861 -0.0024682
v -0.0002515 -0.0299966 0.0065416 0.749020 0.741176 0.745098
vn 0.1037654 -0.9946018 0.0003717
v 0.0035326 -0.0298009 0.0036952 0.686275 0.564706 0.458824
vn 0.0930753 -0.9956348 -0.0069557
v 0.0033375 -0.0298729 0.0091059 0.780392 0.776471 0.776471
vn -0.0063860 -0.9998721 -0.0146600
v 0.0001744 -0.0299802 0.0186786 0.752941 0.745098 0.752941
vn 0.0777348 -0.9969469 -0.0073691
v 0.0031653 -0.0298992 0.0184758 0.784314 0.780392 0.776471
vn 0.0982637 -0.9936979 -0.0539330
v 0.0030529 -0.0300135 0.0234558 0.705882 0.031373 0.011765
vn 0.0000643 -0.9980970 -0.0616632
v 0.0000787 -0.0301517 0.0233528 0.698039 0.043137 0.019608
vn -0.0063905 -0.9999512 -0.0075402
v -0.0001170 -0.0298466 -0.0226177 0.435294 0.372549 0.498039
vn 0.0911206 -0.9957806 -0.0108639
v 0.0034893 -0.0297068 -0.0213253 0.435294 0.411765 0.505882
vn 0.0910628 -0.9958417 -0.0026234
v 0.0036484 -0.0296728 -0.0285373 0.474510 0.058824 0.074510
vn -0.0035092 -0.9999937 -0.0005696
v -0.0002003 -0.0297781 -0.0403216 0.568627 0.454902 0.470588
vn 0.0805218 -0.9967217 -0.0078835
v 0.0030256 -0.0296645 -0.0359859 0.505882 0.078431 0.098039
vn 0.1031073 -0.9946664 -0.0027798
v 0.0037553 -0.0295945 -0.0414216 0.478431 0.050980 0.070588
vn 0.0016600 -0.9999635 0.0083868
v 0.0000737 -0.0297989 -0.0513954 0.674510 0.341176 0.274510
vn 0.1036894 -0.9945711 0.0087669
v 0.0033932 -0.0296082 -0.0503584 0.611765 0.141176 0.113725
vn -0.0090561 -0.9999430 -0.0056615
v -0.0000944 -0.0298092 -0.0277562 0.462745 0.058824 0.070588
vn -0.0834912 -0.9964995 -0.0042312
v -0.0032630 -0.0298345 -0.0024163 0.768627 0.623529 0.494118
vn -0.0882395 -0.9960932 -0.0035060
v -0.0037273 -0.0296938 -0.0168968 0.541176 0.462745 0.294118
vn -0.0992355 -0.9950057 -0.0107731
v -0.0041197 -0.0296497 -0.0226979 0.682353 0.682353 0.654902
vn -0.0952331 -0.9953945 -0.0109751
v -0.0036453 -0.0296255 -0.0273051 0.552941 0.360784 0.388235
vn -0.0937261 -0.9955953 -0.0023296
v -0.0034028 -0.0296047 -0.0324368 0.643137 0.541176 0.560784
vn -0.0956451 -0.9954147 0.0012469
v -0.0035640 -0.0296154 -0.0424251 0.458824 0.027451 0.039216
vn -0.1018339 -0.9947720 0.0076503
v -0.0035191 -0.0296280 -0.0529193 0.780392 0.670588 0.454902
vn -0.0854756 -0.9963403 -0.0000616
v -0.0031968 -0.0298473 0.0089198 0.721569 0.701961 0.698039
vn -0.1012850 -0.9945802 -0.0234861
v -0.0037198 -0.0298284 0.0199439 0.749020 0.733333 0.725490
vn -0.0899984 -0.9943119 -0.0569578
v -0.0032472 -0.0299927 0.0233266 0.698039 0.023529 0.011765
vn -0.0024759 -0.9993907 0.0348154
v 0.0001080 -0.0299091 -0.0580622 0.768627 0.654902 0.450980
vn -0.0975161 -0.9946625 0.0337216
v -0.0033812 -0.0297211 -0.0582684 0.772549 0.654902 0.443137
vn 0.1011957 -0.9941705 0.0372080
v 0.0038625 -0.0297343 -0.0584001 0.772549 0.662745 0.450980
vn 0.1264624 -0.9751458 0.1819283
v 0.0043743 -0.0298645 -0.0616198 0.643137 0.000000 0.000000
vn 0.0094407 -0.9808699 0.1944354
v 0.0002979 -0.0301144 -0.0616852 0.650980 0.000000 0.000000
vn -0.1046088 -0.9775527 0.1828877
v -0.0029826 -0.0299475 -0.0616307 0.643137 0.000000 0.000000
vn 0.0039951 -0.9607593 -0.2773547
v 0.0001582 -0.0305492 0.0279073 0.631373 0.015686 0.015686
vn -0.1078058 -0.9826737 -0.1507658
v -0.0034261 -0.0303022 0.0274791 0.639216 0.011765 0.015686
vn 0.1051601 -0.9830918 -0.1499064
v 0.0032749 -0.0303037 0.0274308 0.635294 0.011765 0.011765
vn 0.1456460 -0.9892811 -0.0104993
v 0.0052297 -0.0294625 -0.0335237 0.729412 0.721569 0.721569
vn -0.1448226 -0.9894571 -0.0011011
v -0.0049647 -0.0296275 0.0097362 0.796078 0.627451 0.435294
vn -0.1815631 -0.9833735 -0.0034017
v -0.0060845 -0.0294676 -0.0033003 0.788235 0.678431 0.498039
vn -0.1886922 -0.9820315 -0.0030819
v -0.0063736 -0.0293524 -0.0161487 0.639216 0.643137 0.666667
vn -0.2003056 -0.9796822 -0.0100236
v -0.0065362 -0.0293120 -0.0214605 0.498039 0.396078 0.470588
vn -0.1846993 -0.9827726 -0.0066457
v -0.0060465 -0.0292631 -0.0291633 0.454902 0.050980 0.070588
vn -0.1934989 -0.9811005 0.0000595
v -0.0060449 -0.0292578 -0.0405304 0.458824 0.031373 0.043137
vn -0.2036851 -0.9789834 0.0101968
v -0.0060427 -0.0292464 -0.0537826 0.780392 0.674510 0.450980
vn -0.1921439 -0.9797772 -0.0558345
v -0.0061357 -0.0296222 0.0236897 0.682353 0.019608 0.027451
vn -0.1917646 -0.9658532 0.1742240
v -0.0059279 -0.0294871 -0.0615218 0.745098 0.235294 0.203922
vn -0.2019090 -0.9792866 -0.0151855
v -0.0065628 -0.0293618 0.0191964 0.792157 0.658824 0.423529
vn -0.2023444 -0.9793112 0.0025216
v -0.0066640 -0.0293453 0.0080814 0.780392 0.639216 0.490196
vn -0.2081823 -0.9368700 -0.2809534
v -0.0066743 -0.0298104 0.0280524 0.631373 0.011765 0.011765
vn 0.1854660 -0.9826303 -0.0063429
v 0.0063645 -0.0294240 -0.0154329 0.592157 0.188235 0.121569
vn 0.2013250 -0.9786326 -0.0417914
v 0.0064183 -0.0295007 0.0234668 0.686275 0.031373 0.007843
vn 0.1774807 -0.9841243 -0.0000636
v 0.0057937 -0.0295252 -0.0033853 0.741176 0.545098 0.380392
vn 0.2035538 -0.9790324 -0.0078449
v 0.0065790 -0.0291884 -0.0365518 0.670588 0.643137 0.654902
vn 0.1975455 -0.9802079 -0.0129686
v 0.0065636 -0.0292714 -0.0212206 0.588235 0.568627 0.607843
vn 0.2025228 -0.9792735 -0.0028279
v 0.0063148 -0.0292735 -0.0285985 0.482353 0.090196 0.101961
vn 0.2033372 -0.9790841 -0.0069598
v 0.0067354 -0.0294086 0.0139833 0.792157 0.784314 0.784314
vn 0.2109589 -0.9774949 0.0003829
v 0.0068933 -0.0292688 0.0034583 0.650980 0.686275 0.698039
vn 0.2049836 -0.9787647 -0.0012475
v 0.0068448 -0.0292829 -0.0094531 0.670588 0.650980 0.623529
vn 0.2133824 -0.9769431 -0.0070934
v 0.0067364 -0.0291198 -0.0412418 0.505882 0.113725 0.145098
vn 0.2122475 -0.9771996 0.0056640
v 0.0066838 -0.0290809 -0.0491714 0.552941 0.031373 0.035294
vn 0.2092759 -0.9775032 0.0262924
v 0.0064911 -0.0292413 -0.0554635 0.776471 0.674510 0.462745
vn 0.2298587 -0.9585119 0.1685821
v 0.0069073 -0.0294018 -0.0616518 0.666667 0.000000 0.000000
vn 0.1987038 -0.9381189 -0.2836368
v 0.0065454 -0.0298300 0.0280477 0.627451 0.011765 0.015686
vn 0.1220760 -0.8760572 -0.4664990
v 0.0037569 -0.0305230 0.0285129 0.615686 0.007843 0.007843
vn -0.2384961 -0.9711415 -0.0019512
v -0.0075641 -0.0289217 -0.0314918 0.462745 0.035294 0.039216
vn -0.3054422 -0.9521495 -0.0107963
v -0.0096276 -0.0283996 -0.0269060 0.364706 0.258824 0.380392
vn -0.2791702 -0.9602417 -0.0001888
v -0.0091369 -0.0287533 0.0061501 0.788235 0.643137 0.439216
vn -0.2764735 -0.9610202 -0.0016004
v -0.0091276 -0.0287201 -0.0057797 0.784314 0.674510 0.478431
vn -0.3377120 -0.9410783 -0.0179516
v -0.0102346 -0.0283643 -0.0158287 0.611765 0.596078 0.631373
vn -0.3120869 -0.9499981 -0.0102672
v -0.0096816 -0.0284993 -0.0188593 0.501961 0.031373 0.047059
vn -0.2851515 -0.9584824 0.0002721
v -0.0094798 -0.0286138 0.0142473 0.792157 0.662745 0.435294
vn -0.3056032 -0.9516056 -0.0324571
v -0.0097972 -0.0286097 0.0223980 0.780392 0.647059 0.400000
vn -0.3151768 -0.9490052 0.0072638
v -0.0091838 -0.0284151 -0.0539834 0.792157 0.737255 0.462745
vn -0.3225310 -0.9458687 0.0361407
v -0.0095307 -0.0284339 -0.0595335 0.768627 0.647059 0.423529
vn -0.3005929 -0.9537376 -0.0053354
v -0.0092535 -0.0284345 -0.0479259 0.627451 0.023529 0.039216
vn -0.3131268 -0.9496906 -0.0062687
v -0.0095823 -0.0283633 -0.0345114 0.545098 0.384314 0.388235
vn -0.3061851 -0.9353142 0.1773080
v -0.0090251 -0.0287239 -0.0616908 0.647059 0.000000 0.000000
vn -0.1079301 -0.8779490 -0.4664298
v -0.0035450 -0.0305468 0.0285035 0.607843 0.003922 0.003922
vn -0.2992314 -0.9461552 -0.1234947
v -0.0093023 -0.0289833 0.0273060 0.647059 0.015686 0.015686
vn -0.3425849 -0.9394835 -0.0025234
v -0.0106945 -0.0281926 -0.0026625 0.784314 0.670588 0.470588
vn -0.4048550 -0.9139456 -0.0282142
v -0.0126823 -0.0275102 0.0224366 0.780392 0.647059 0.411765
vn -0.3599899 -0.9329562 0.0002320
v -0.0108405 -0.0281704 0.0081459 0.792157 0.670588 0.462745
vn -0.2783140 -0.8493022 -0.4485833
v -0.0099040 -0.0291026 0.0285663 0.635294 0.011765 0.007843
vn -0.4011353 -0.9060882 -0.1345164
v -0.0127465 -0.0277354 0.0274715 0.654902 0.011765 0.015686
vn -0.3360745 -0.8404366 -0.4251120
v -0.0117479 -0.0283759 0.0284477 0.631373 0.011765 0.011765
vn -0.0448180 -0.9687387 0.2440015
v -0.0014057 -0.0307570 -0.0635720 0.635294 0.000000 0.000000
vn -0.4151558 -0.9097321 -0.0057641
v -0.0124558 -0.0274814 -0.0121183 0.784314 0.670588 0.470588
vn -0.4030992 -0.9151150 -0.0086965
v -0.0121915 -0.0274103 -0.0266480 0.647059 0.619608 0.623529
vn -0.4068346 -0.9134131 -0.0127357
v -0.0122066 -0.0274881 -0.0189515 0.552941 0.027451 0.039216
vn -0.4232060 -0.9059896 -0.0089157
v -0.0125231 -0.0271598 -0.0480734 0.603922 0.031373 0.047059
vn -0.4079698 -0.9129758 -0.0059860
v -0.0123375 -0.0272548 -0.0356463 0.435294 0.027451 0.043137
vn -0.3987744 -0.9053147 0.1462332
v -0.0120008 -0.0275185 -0.0615111 0.737255 0.196078 0.188235
vn -0.4361857 -0.8998238 0.0076880
v -0.0127582 -0.0269515 -0.0544041 0.776471 0.701961 0.482353
vn -0.2014285 -0.9395502 0.2768972
v -0.0064850 -0.0300133 -0.0634105 0.639216 0.000000 0.003922
vn -0.1081489 -0.9117081 0.3963489
v -0.0028429 -0.0308880 -0.0648849 0.643137 0.000000 0.000000
vn -0.2197163 -0.8680643 0.4451845
v -0.0067744 -0.0303010 -0.0647542 0.639216 0.000000 0.007843
vn 0.0140258 -0.9667972 0.2551600
v 0.0002241 -0.0308986 -0.0644310 0.635294 0.000000 0.003922
vn 0.0815559 -0.9647674 0.2501452
v 0.0031810 -0.0306186 -0.0635586 0.631373 0.000000 0.000000
vn 0.1080727 -0.8751788 0.4715745
v 0.0035493 -0.0308491 -0.0649682 0.643137 0.000000 0.003922
vn 0.1858705 -0.9280544 0.3227493
v 0.0065639 -0.0302865 -0.0642882 0.631373 0.000000 0.000000
vn -0.4335673 -0.9010950 -0.0068722
v -0.0128097 -0.0273107 0.0116359 0.772549 0.596078 0.396078
vn -0.2838484 -0.8025221 0.5247748
v -0.0073883 -0.0301674 -0.0649628 0.647059 0.000000 0.003922
vn -0.3257654 -0.9054910 0.2719617
v -0.0096023 -0.0292704 -0.0641147 0.647059 0.000000 0.003922
vn -0.3079426 -0.7801967 0.5444856
v -0.0099191 -0.0294496 -0.0650844 0.678431 0.007843 0.015686
vn 0.3151950 -0.9489943 -0.0078719
v 0.0098593 -0.0285334 -0.0152686 0.666667 0.392157 0.168627
vn 0.3075779 -0.9515225 0.0008457
v 0.0096996 -0.0285503 -0.0062628 0.717647 0.701961 0.701961
vn 0.2952009 -0.9554327 -0.0021987
v 0.0095445 -0.0285480 0.0052447 0.800000 0.800000 0.792157
vn 0.3110507 -0.9503843 -0.0041605
v 0.0096932 -0.0286357 0.0172078 0.803922 0.807843 0.796078
vn 0.3123313 -0.9492611 -0.0367784
v 0.0098423 -0.0285938 0.0233583 0.709804 0.129412 0.054902
vn 0.2873483 -0.9458669 -0.1508870
v 0.0096485 -0.0289518 0.0274693 0.635294 0.011765 0.011765
vn 0.3185124 -0.9478900 -0.0073800
v 0.0098732 -0.0283313 -0.0290831 0.592157 0.325490 0.356863
vn 0.3223445 -0.9466116 -0.0045392
v 0.0097660 -0.0283000 -0.0389601 0.505882 0.043137 0.058824
vn 0.3295624 -0.9441333 0.0009593
v 0.0099470 -0.0281733 -0.0480899 0.545098 0.039216 0.050980
vn 0.3151721 -0.9489315 -0.0139887
v 0.0098200 -0.0284311 -0.0210945 0.698039 0.690196 0.686275
vn 0.3300455 -0.9437248 0.0212993
v 0.0097528 -0.0283482 -0.0555776 0.776471 0.678431 0.466667
vn 0.3279259 -0.9280763 0.1764626
v 0.0098684 -0.0285175 -0.0615976 0.674510 0.000000 0.000000
vn 0.2765474 -0.8449875 -0.4577309
v 0.0102125 -0.0290950 0.0286688 0.607843 0.015686 0.015686
vn 0.3535702 -0.9353946 -0.0049967
v 0.0106692 -0.0281599 0.0064239 0.800000 0.796078 0.796078
vn 0.2415570 -0.7790098 0.5786138
v 0.0075284 -0.0305677 -0.0652822 0.686275 0.007843 0.011765
vn 0.4092059 -0.8976690 -0.1635267
v 0.0129037 -0.0277373 0.0274899 0.635294 0.015686 0.019608
vn -0.4266314 -0.8697605 0.2479966
v -0.0132055 -0.0275921 -0.0635142 0.654902 0.000000 0.003922
vn -0.4773628 -0.8787053 -0.0013615
v -0.0140091 -0.0267290 -0.0041432 0.780392 0.662745 0.458824
vn -0.4249289 -0.7928456 -0.4368424
v -0.0144181 -0.0272380 0.0285793 0.647059 0.007843 0.007843
vn 0.4227846 -0.9062284 0.0018417
v 0.0129472 -0.0272774 -0.0009348 0.721569 0.725490 0.756863
vn 0.4304221 -0.9026048 -0.0064369
v 0.0129821 -0.0272581 -0.0137892 0.607843 0.592157 0.580392
vn 0.4283562 -0.9028637 -0.0367154
v 0.0131518 -0.0272647 0.0232010 0.796078 0.643137 0.325490
vn 0.4102988 -0.9119337 -0.0056437
v 0.0126598 -0.0274683 0.0172527 0.796078 0.788235 0.788235
vn 0.4273009 -0.9041037 -0.0032363
v 0.0129905 -0.0272252 0.0063752 0.823529 0.717647 0.431373
vn 0.4331042 -0.9013203 -0.0065255
v 0.0127927 -0.0270691 -0.0408383 0.509804 0.172549 0.215686
vn 0.4306547 -0.9024377 -0.0119437
v 0.0130048 -0.0271385 -0.0202796 0.674510 0.686275 0.701961
vn 0.4314212 -0.9020863 -0.0107806
v 0.0132332 -0.0269317 -0.0317691 0.756863 0.752941 0.764706
vn 0.4313480 -0.9021613 -0.0066278
v 0.0129633 -0.0269809 -0.0370273 0.717647 0.713725 0.721569
vn 0.3062339 -0.9125350 0.2711105
v 0.0100054 -0.0291543 -0.0635662 0.643137 0.000000 0.003922
vn 0.2751477 -0.8207101 0.5007283
v 0.0078843 -0.0300862 -0.0649347 0.643137 0.000000 0.003922
vn 0.2848434 -0.8032865 0.5230632
v 0.0101623 -0.0294536 -0.0650479 0.662745 0.000000 0.003922
vn 0.4466139 -0.8947247 0.0019120
v 0.0130421 -0.0268581 -0.0482746 0.725490 0.505882 0.419608
vn 0.4465348 -0.8943845 0.0261364
v 0.0130382 -0.0269828 -0.0581216 0.780392 0.682353 0.478431
vn 0.4337582 -0.8771701 0.2059768
v 0.0127440 -0.0272910 -0.0616923 0.674510 0.000000 0.000000
vn 0.3266951 -0.7773342 0.5376077
v 0.0124168 -0.0285535 -0.0650374 0.658824 0.000000 0.007843
vn 0.3734097 -0.8197533 -0.4342461
v 0.0129666 -0.0280158 0.0285859 0.619608 0.011765 0.011765
vn -0.4706729 -0.8822653 -0.0086611
v -0.0138028 -0.0266496 -0.0226439 0.392157 0.027451 0.043137
vn -0.4803989 -0.8769798 -0.0111074
v -0.0141466 -0.0265920 -0.0146210 0.768627 0.670588 0.482353
vn -0.4962689 -0.8681560 -0.0047226
v -0.0147991 -0.0259696 -0.0439861 0.466667 0.027451 0.039216
vn -0.3658740 -0.7958978 0.4823722
v -0.0119276 -0.0285344 -0.0650361 0.654902 0.000000 0.003922
vn -0.4802819 -0.8770971 -0.0054866
v -0.0143753 -0.0265179 0.0120815 0.784314 0.670588 0.454902
vn -0.4817942 -0.8758308 -0.0281914
v -0.0144188 -0.0266323 0.0225573 0.780392 0.658824 0.419608
vn -0.4904503 -0.8589191 0.1473656
v -0.0144978 -0.0262271 -0.0614190 0.698039 0.090196 0.070588
vn -0.4224862 -0.7617220 0.4912077
v -0.0141386 -0.0275403 -0.0651717 0.678431 0.003922 0.011765
vn -0.5255754 -0.8408154 -0.1296151
v -0.0156967 -0.0261493 0.0273509 0.658824 0.011765 0.007843
vn -0.5294347 -0.8482999 0.0092949
v -0.0156032 -0.0253549 -0.0550564 0.768627 0.670588 0.435294
vn -0.5190593 -0.8546524 -0.0121140
v -0.0152470 -0.0258370 -0.0209070 0.635294 0.019608 0.023529
vn -0.5515625 -0.8337201 -0.0262581
v -0.0164358 -0.0254398 0.0228409 0.776471 0.690196 0.447059
vn -0.5554430 -0.8314843 -0.0108084
v -0.0166625 -0.0251853 0.0137343 0.745098 0.317647 0.243137
vn -0.5330318 -0.8460942 -0.0013559
v -0.0156894 -0.0257318 0.0028898 0.784314 0.658824 0.450980
vn -0.5561817 -0.8310024 -0.0098528
v -0.0164306 -0.0252349 -0.0147691 0.764706 0.658824 0.474510
vn 0.0019596 -0.8088449 -0.5880188
v 0.0001515 -0.0310762 0.0288881 0.600000 0.003922 0.003922
vn -0.5625287 -0.8267334 -0.0085696
v -0.0168760 -0.0246578 -0.0467880 0.474510 0.031373 0.043137
vn -0.5700147 -0.8215369 -0.0126619
v -0.0165889 -0.0249859 -0.0206016 0.647059 0.019608 0.027451
vn -0.1995464 -0.7938099 -0.5744973
v -0.0070552 -0.0302452 0.0289542 0.603922 0.003922 0.007843
vn -0.5694806 -0.8115717 0.1305500
v -0.0167391 -0.0248009 -0.0612745 0.752941 0.584314 0.364706
vn 0.4146315 -0.8580806 0.3029496
v 0.0129186 -0.0277986 -0.0630818 0.635294 0.000000 0.003922
vn -0.5811000 -0.8138210 -0.0042595
v -0.0168168 -0.0249804 0.0042259 0.784314 0.658824 0.450980
vn -0.5166711 -0.8222437 0.2386763
v -0.0157534 -0.0260513 -0.0632650 0.658824 0.000000 0.003922
vn -0.4582494 -0.7752240 0.4347819
v -0.0151072 -0.0269055 -0.0650378 0.666667 0.000000 0.007843
vn -0.5047483 -0.7356416 0.4517306
v -0.0167458 -0.0259386 -0.0651649 0.701961 0.007843 0.015686
vn 0.2033013 -0.7852727 -0.5848207
v 0.0072367 -0.0302614 0.0290686 0.600000 0.003922 0.003922
vn -0.5208617 -0.7434034 -0.4195883
v -0.0170298 -0.0255799 0.0285790 0.639216 0.003922 0.007843
vn -0.6027966 -0.7978729 0.0059352
v -0.0178860 -0.0237837 -0.0551875 0.768627 0.674510 0.435294
vn 0.5006236 -0.8656464 -0.0056924
v 0.0152690 -0.0261300 0.0167373 0.819608 0.721569 0.478431
vn 0.3833306 -0.7472097 0.5428954
v 0.0141242 -0.0277506 -0.0650097 0.647059 0.000000 0.003922
vn -0.6323313 -0.7671643 -0.1077788
v -0.0190388 -0.0237543 0.0273790 0.662745 0.011765 0.011765
vn -0.6186141 -0.7851717 -0.0286707
v -0.0183407 -0.0240859 0.0237455 0.698039 0.015686 0.000000
vn -0.6351362 -0.7723048 -0.0121365
v -0.0192148 -0.0233360 0.0162762 0.772549 0.650980 0.427451
vn -0.6350454 -0.7723885 -0.0115493
v -0.0186723 -0.0235984 0.0099020 0.733333 0.462745 0.325490
vn -0.6266736 -0.7792240 -0.0094919
v -0.0185704 -0.0234031 -0.0462338 0.470588 0.047059 0.054902
vn -0.6055999 -0.7957667 -0.0020292
v -0.0173866 -0.0243193 -0.0369927 0.431373 0.031373 0.043137
vn -0.6250754 -0.7804826 -0.0113042
v -0.0183373 -0.0236676 -0.0208183 0.639216 0.015686 0.019608
vn -0.6252261 -0.7803715 -0.0106138
v -0.0184837 -0.0237019 -0.0146438 0.768627 0.658824 0.478431
vn -0.5326486 -0.7472619 0.3973477
v -0.0176419 -0.0252364 -0.0649959 0.670588 0.000000 0.007843
vn -0.6474607 -0.7527888 0.1187591
v -0.0194257 -0.0227362 -0.0613369 0.760784 0.576471 0.360784
vn -0.5850180 -0.6988871 0.4114740
v -0.0187961 -0.0243491 -0.0650082 0.674510 0.007843 0.011765
vn -0.6442564 -0.7648073 -0.0018580
v -0.0189080 -0.0231376 -0.0321700 0.411765 0.027451 0.035294
vn -0.0619409 -0.7710884 0.6337083
v -0.0023142 -0.0311443 -0.0651802 0.631373 0.000000 0.003922
vn 0.0715150 -0.6605044 0.7474085
v 0.0033074 -0.0311210 -0.0652121 0.639216 0.000000 0.003922
vn -0.5819342 -0.7045892 -0.4060872
v -0.0187380 -0.0242953 0.0285950 0.615686 0.011765 0.015686
vn -0.6734779 -0.7391931 0.0045935
v -0.0201731 -0.0218978 -0.0551049 0.780392 0.725490 0.454902
vn -0.7043334 -0.7098093 -0.0092311
v -0.0209780 -0.0213631 -0.0447399 0.462745 0.074510 0.078431
vn -0.6671292 -0.7449082 -0.0071035
v -0.0201055 -0.0223251 -0.0135651 0.772549 0.658824 0.474510
vn -0.6904963 -0.7232648 -0.0101487
v -0.0204552 -0.0218549 -0.0212733 0.635294 0.023529 0.027451
vn -0.7022322 -0.7115703 -0.0231887
v -0.0210912 -0.0217001 0.0237998 0.698039 0.015686 0.015686
vn -0.6520686 -0.7056438 -0.2772607
v -0.0205257 -0.0225588 0.0283012 0.654902 0.007843 0.007843
vn -0.7113984 -0.7026607 -0.0134242
v -0.0211165 -0.0211005 -0.0484662 0.788235 0.086275 0.070588
vn -0.7133745 -0.7007654 -0.0049790
v -0.0211846 -0.0210940 -0.0292931 0.403922 0.027451 0.035294
vn -0.7114406 -0.7024825 -0.0192495
v -0.0213636 -0.0212871 0.0123695 0.792157 0.658824 0.450980
vn -0.7066685 -0.7075091 -0.0071112
v -0.0212430 -0.0212677 0.0061600 0.780392 0.654902 0.458824
vn -0.7169798 -0.6970732 -0.0053898
v -0.0213010 -0.0212098 -0.0130065 0.772549 0.662745 0.474510
vn -0.7166623 -0.6973261 -0.0114672
v -0.0216007 -0.0211613 0.0168002 0.780392 0.658824 0.447059
vn -0.7127734 -0.6916985 0.1162207
v -0.0209088 -0.0213671 -0.0615076 0.690196 0.023529 0.031373
vn -0.6421992 -0.6505201 0.4054672
v -0.0207298 -0.0226762 -0.0651356 0.674510 0.003922 0.011765
vn -0.7335377 -0.6796467 0.0017075
v -0.0213181 -0.0207495 -0.0551721 0.772549 0.674510 0.435294
vn -0.7148615 -0.6674935 0.2083879
v -0.0213342 -0.0217906 -0.0643716 0.670588 0.000000 0.007843
vn 0.4951155 -0.8688263 0.0012657
v 0.0156455 -0.0258148 -0.0044652 0.674510 0.572549 0.443137
vn 0.5323520 -0.8465056 -0.0054467
v 0.0160249 -0.0255638 0.0064711 0.827451 0.713725 0.364706
vn 0.5352402 -0.8446844 -0.0051236
v 0.0160846 -0.0255686 -0.0121133 0.666667 0.709804 0.721569
vn 0.5279900 -0.8491746 -0.0113585
v 0.0160307 -0.0252988 -0.0376133 0.501961 0.058824 0.070588
vn 0.5299882 -0.8479547 -0.0092429
v 0.0160573 -0.0253958 -0.0302233 0.498039 0.050980 0.050980
vn 0.5321898 -0.8465882 -0.0079086
v 0.0161136 -0.0254340 -0.0206993 0.490196 0.050980 0.078431
vn 0.5272682 -0.8364145 -0.1496628
v 0.0159924 -0.0260330 0.0272271 0.631373 0.007843 0.007843
vn 0.5340272 -0.8448774 -0.0315795
v 0.0160161 -0.0256863 0.0232441 0.694118 0.047059 0.043137
vn 0.4588305 -0.7780055 -0.4291643
v 0.0156953 -0.0265926 0.0286176 0.619608 0.011765 0.015686
vn 0.5394821 -0.8419935 -0.0024730
v 0.0160306 -0.0251309 -0.0475029 0.717647 0.560784 0.400000
vn 0.5422590 -0.8399995 0.0188701
v 0.0159660 -0.0253181 -0.0571349 0.788235 0.694118 0.498039
vn 0.5366660 -0.8224152 0.1887403
v 0.0160809 -0.0253953 -0.0615962 0.666667 0.000000 0.000000
vn 0.5100963 -0.7988741 0.3187507
v 0.0162133 -0.0259635 -0.0630878 0.643137 0.000000 0.000000
vn 0.3980282 -0.7309201 0.5543728
v 0.0156279 -0.0269457 -0.0649928 0.654902 0.000000 0.000000
vn 0.5755071 -0.8177843 -0.0045202
v 0.0173587 -0.0247786 0.0173159 0.819608 0.682353 0.258824
vn 0.4689780 -0.6972538 0.5421225
v 0.0170613 -0.0260772 -0.0649524 0.654902 0.000000 0.003922
vn -0.2266916 -0.8307904 0.5083290
v -0.0070800 -0.0308895 -0.0655012 0.682353 0.007843 0.007843
vn -0.3351243 -0.8107947 -0.4798997
v -0.0118351 -0.0302649 0.0307667 0.611765 0.015686 0.019608
vn -0.2799424 -0.8601934 -0.4262623
v -0.0096531 -0.0311788 0.0309304 0.596078 0.011765 0.011765
vn -0.3903072 -0.9092984 -0.1443495
v -0.0122733 -0.0304492 0.0317455 0.650980 0.003922 0.003922
vn -0.2240985 -0.9451011 -0.2378313
v -0.0070175 -0.0321874 0.0314955 0.658824 0.007843 0.007843
vn -0.3166436 -0.9482449 -0.0238443
v -0.0098373 -0.0313726 0.0324863 0.721569 0.019608 0.019608
vn -0.2322502 -0.9718245 -0.0402105
v -0.0071623 -0.0320688 0.0347023 0.666667 0.003922 0.007843
vn -0.1180730 -0.9929164 0.0132583
v -0.0035478 -0.0327659 0.0326313 0.713725 0.015686 0.015686
vn -0.0845811 -0.9587376 -0.2714189
v -0.0028067 -0.0328140 0.0313169 0.643137 0.011765 0.015686
vn -0.0028657 -0.9618561 -0.2735410
v 0.0000746 -0.0329897 0.0312545 0.647059 0.015686 0.019608
vn -0.0072935 -0.9995469 0.0292022
v -0.0000950 -0.0329875 0.0328955 0.694118 0.011765 0.011765
vn -0.1166019 -0.9921860 -0.0443967
v -0.0037454 -0.0326311 0.0346238 0.666667 0.003922 0.003922
vn 0.0040614 -0.9979826 -0.0633592
v 0.0001689 -0.0328882 0.0348402 0.650980 0.003922 0.007843
vn 0.1066371 -0.9690133 -0.2228043
v 0.0035530 -0.0328047 0.0315481 0.674510 0.019608 0.023529
vn -0.1910826 -0.9813526 -0.0208479
v -0.0061630 -0.0324484 0.0361347 0.741176 0.027451 0.031373
vn -0.1081118 -0.9932889 -0.0410986
v -0.0036092 -0.0328526 0.0359880 0.713725 0.019608 0.019608
vn -0.2120120 -0.9772506 0.0056691
v -0.0066588 -0.0322010 0.0379861 0.686275 0.007843 0.007843
vn -0.1253134 -0.9921061 -0.0046876
v -0.0039283 -0.0326746 0.0380846 0.678431 0.007843 0.011765
vn -0.1099690 -0.9937609 -0.0186054
v -0.0034598 -0.0328650 0.0398762 0.745098 0.031373 0.035294
vn -0.2250330 -0.9742988 -0.0100962
v -0.0068841 -0.0322619 0.0398477 0.741176 0.031373 0.035294
vn -0.1913678 -0.9815084 -0.0044246
v -0.0056543 -0.0324604 0.0418669 0.698039 0.027451 0.035294
vn -0.0950081 -0.9954510 -0.0071380
v -0.0030071 -0.0328230 0.0417948 0.686275 0.019608 0.019608
vn 0.0035890 -0.9994839 -0.0319222
v 0.0001137 -0.0330742 0.0398384 0.725490 0.023529 0.023529
vn 0.0053947 -0.9999467 -0.0088033
v -0.0000082 -0.0330664 0.0431816 0.682353 0.000000 0.007843
vn -0.1088112 -0.9936501 -0.0286294
v -0.0033747 -0.0328917 0.0435230 0.678431 0.000000 0.003922
vn -0.1084880 -0.9940116 -0.0130884
v -0.0034455 -0.0328974 0.0459411 0.721569 0.015686 0.023529
vn 0.0116583 -0.9997509 -0.0190341
v 0.0000126 -0.0331248 0.0481284 0.701961 0.023529 0.019608
vn -0.0978316 -0.9951536 0.0099141
v -0.0034313 -0.0329620 0.0498099 0.682353 0.003922 0.007843
vn 0.0091894 -0.9998336 0.0157598
v -0.0000513 -0.0331820 0.0498859 0.674510 0.007843 0.011765
vn -0.2083063 -0.9778320 -0.0212850
v -0.0059853 -0.0325323 0.0478630 0.643137 0.000000 0.007843
vn -0.2188627 -0.9755254 -0.0211965
v -0.0064053 -0.0323847 0.0442212 0.670588 0.003922 0.007843
vn -0.1925095 -0.9812449 0.0099310
v -0.0058419 -0.0326386 0.0501154 0.682353 0.007843 0.011765
vn 0.0033238 -0.9999911 -0.0026139
v 0.0001182 -0.0329387 0.0379960 0.678431 0.015686 0.019608
vn -0.0053981 -0.9985486 -0.0535878
v -0.0000015 -0.0330775 0.0359234 0.709804 0.019608 0.015686
vn -0.0966181 -0.9952798 -0.0091116
v -0.0034452 -0.0328818 0.0516064 0.709804 0.019608 0.023529
vn 0.0131677 -0.9999129 0.0009750
v -0.0000043 -0.0330685 0.0516433 0.682353 0.011765 0.015686
vn 0.0118768 -0.9999150 0.0053822
v -0.0000894 -0.0331618 0.0532686 0.654902 0.007843 0.007843
vn -0.0908030 -0.9958655 0.0025971
v -0.0032745 -0.0330096 0.0532602 0.654902 0.003922 0.007843
vn -0.2013013 -0.9794978 0.0078585
v -0.0061822 -0.0326020 0.0532265 0.654902 0.003922 0.003922
vn -0.2195828 -0.9755649 -0.0075245
v -0.0065216 -0.0324257 0.0515081 0.709804 0.019608 0.019608
vn -0.1946250 -0.9806510 0.0210896
v -0.0059786 -0.0325378 0.0545371 0.749020 0.023529 0.031373
vn -0.0950309 -0.9953070 0.0182516
v -0.0033758 -0.0329018 0.0546160 0.760784 0.031373 0.035294
vn -0.1787359 -0.9818245 0.0638290
v -0.0057371 -0.0326612 0.0568640 0.698039 0.015686 0.015686
vn -0.0924801 -0.9928750 0.0751445
v -0.0032885 -0.0329837 0.0569984 0.721569 0.023529 0.023529
vn 0.0125372 -0.9989212 0.0447144
v -0.0001100 -0.0331425 0.0567288 0.678431 0.011765 0.015686
vn 0.0138000 -0.9997891 0.0152115
v -0.0000600 -0.0330644 0.0546683 0.666667 0.015686 0.019608
vn -0.2910178 -0.9537297 0.0755532
v -0.0094650 -0.0317374 0.0569623 0.713725 0.015686 0.019608
vn -0.2989911 -0.9542556 0.0008354
v -0.0095101 -0.0314802 0.0418089 0.705882 0.019608 0.027451
vn -0.2964530 -0.9549037 0.0165707
v -0.0096934 -0.0315554 0.0544813 0.717647 0.019608 0.023529
vn -0.2857403 -0.9582189 0.0130027
v -0.0088924 -0.0316191 0.0380256 0.690196 0.003922 0.007843
vn -0.3029834 -0.9524288 -0.0328713
v -0.0094217 -0.0316127 0.0361652 0.749020 0.031373 0.035294
vn 0.0127494 -0.9970788 0.0753083
v -0.0000817 -0.0329959 0.0578260 0.709804 0.015686 0.019608
vn -0.3245762 -0.9455804 -0.0229791
v -0.0101675 -0.0313349 0.0435923 0.690196 0.003922 0.003922
vn -0.3182668 -0.9479521 -0.0096478
v -0.0101079 -0.0313760 0.0460019 0.705882 0.007843 0.011765
vn -0.3077949 -0.9509484 -0.0309760
v -0.0098704 -0.0314763 0.0486284 0.752941 0.039216 0.039216
vn -0.3208251 -0.9470041 -0.0159555
v -0.0103316 -0.0314156 0.0501165 0.678431 0.003922 0.003922
vn -0.3027363 -0.9530337 -0.0088114
v -0.0100182 -0.0314663 0.0516059 0.690196 0.007843 0.011765
vn 0.1062781 -0.9941707 0.0181583
v 0.0030427 -0.0328323 0.0545982 0.756863 0.031373 0.035294
vn 0.1177167 -0.9914764 0.0558332
v 0.0034761 -0.0328744 0.0569027 0.733333 0.027451 0.027451
vn 0.1126352 -0.9936360 -0.0009035
v 0.0036555 -0.0327056 0.0381528 0.666667 0.011765 0.015686
vn 0.1217954 -0.9923975 -0.0176955
v 0.0036103 -0.0328193 0.0398594 0.713725 0.019608 0.027451
vn -0.3209835 -0.9469481 0.0160939
v -0.0104546 -0.0314123 0.0532817 0.666667 0.000000 0.003922
vn 0.1185411 -0.9928354 -0.0150316
v 0.0036186 -0.0328095 0.0441652 0.670588 0.000000 0.003922
vn 0.1257099 -0.9917622 0.0245925
v 0.0036223 -0.0328570 0.0499092 0.670588 0.003922 0.003922
vn 0.1075240 -0.9942016 0.0013839
v 0.0030976 -0.0328176 0.0514733 0.741176 0.019608 0.023529
vn 0.1207227 -0.9926849 0.0016464
v 0.0036569 -0.0327433 0.0420009 0.800000 0.050980 0.054902
vn 0.1306218 -0.9913765 0.0105153
v 0.0037918 -0.0328565 0.0532431 0.658824 0.003922 0.003922
vn -0.3270122 -0.9450026 -0.0057538
v -0.0101819 -0.0313227 0.0401593 0.741176 0.027451 0.031373
vn 0.1097507 -0.9928401 -0.0471533
v 0.0036184 -0.0326658 0.0345832 0.658824 0.003922 0.007843
vn 0.1106146 -0.9928976 -0.0438039
v 0.0036587 -0.0328551 0.0358837 0.705882 0.023529 0.019608
vn -0.0929065 -0.9914770 0.0913338
v -0.0032235 -0.0328158 0.0579691 0.674510 0.007843 0.011765
vn 0.0101354 -0.9987239 0.0494770
v -0.0000702 -0.0329767 0.0598656 0.670588 0.000000 0.007843
vn -0.0852197 -0.9849247 0.1505360
v -0.0034794 -0.0327438 0.0610140 0.705882 0.000000 0.003922
vn -0.1814228 -0.9771199 0.1110070
v -0.0057710 -0.0324801 0.0608666 0.694118 0.003922 0.011765
vn -0.2022541 -0.9762985 0.0770367
v -0.0062543 -0.0323909 0.0579286 0.686275 0.007843 0.011765
vn -0.2696788 -0.9540178 0.1308563
v -0.0089328 -0.0316911 0.0609641 0.698039 0.000000 0.011765
vn 0.0058795 -0.9926193 0.1211298
v -0.0000896 -0.0327778 0.0617883 0.792157 0.047059 0.062745
vn -0.2890875 -0.9518718 0.1018267
v -0.0093794 -0.0315628 0.0578967 0.690196 0.003922 0.003922
vn 0.1205899 -0.9901335 0.0713710
v 0.0035551 -0.0327122 0.0579305 0.690196 0.011765 0.015686
vn 0.1182801 -0.9923681 0.0348620
v 0.0038693 -0.0326852 0.0600123 0.682353 0.003922 0.011765
vn 0.0916256 -0.9904661 0.1028678
v 0.0032265 -0.0325980 0.0617124 0.796078 0.047059 0.058824
vn -0.3627706 -0.9234808 0.1248229
v -0.0120206 -0.0306716 0.0609543 0.709804 0.000000 0.003922
vn -0.3787581 -0.9223103 0.0767209
v -0.0124751 -0.0304857 0.0580113 0.690196 0.000000 0.000000
vn 0.2169180 -0.9761814 -0.0040588
v 0.0066769 -0.0322797 0.0408606 0.686275 0.003922 0.011765
vn -0.3770681 -0.9255358 -0.0346875
v -0.0116580 -0.0306104 0.0345400 0.674510 0.003922 0.007843
vn -0.3707441 -0.9287226 -0.0048181
v -0.0115694 -0.0306773 0.0382755 0.686275 0.011765 0.015686
vn 0.2068977 -0.9783106 0.0100829
v 0.0064474 -0.0323115 0.0544909 0.800000 0.035294 0.039216
vn 0.2090052 -0.9779112 -0.0025683
v 0.0065542 -0.0323050 0.0514705 0.741176 0.027451 0.027451
vn -0.4083095 -0.9127764 0.0110794
v -0.0134787 -0.0301734 0.0545114 0.733333 0.023529 0.031373
vn -0.3848738 -0.9208944 0.0618529
v -0.0127912 -0.0305394 0.0569299 0.729412 0.019608 0.019608
vn -0.1692048 -0.9565604 0.2374069
v -0.0055525 -0.0322393 0.0620880 0.921569 0.066667 0.090196
vn 0.2142149 -0.9766386 0.0170027
v 0.0066281 -0.0322333 0.0381001 0.678431 0.011765 0.019608
vn 0.1978857 -0.9799395 -0.0236618
v 0.0063291 -0.0324302 0.0361149 0.741176 0.043137 0.035294
vn 0.2022734 -0.9778252 0.0542538
v 0.0064152 -0.0323968 0.0567915 0.682353 0.015686 0.015686
vn 0.1938004 -0.9742377 0.1153361
v 0.0062559 -0.0322811 0.0611221 0.717647 0.007843 0.019608
vn -0.4056685 -0.9139780 -0.0087941
v -0.0134384 -0.0301740 0.0516396 0.705882 0.007843 0.015686
vn 0.2243308 -0.9732489 -0.0496227
v 0.0068451 -0.0321638 0.0347877 0.650980 0.000000 0.000000
vn -0.4160489 -0.9093398 0.0021140
v -0.0130438 -0.0301219 0.0418220 0.682353 0.000000 0.003922
vn 0.2109761 -0.9774846 0.0036147
v 0.0063192 -0.0323971 0.0494969 0.686275 0.000000 0.003922
vn 0.2174116 -0.9760730 -0.0037002
v 0.0065104 -0.0323210 0.0440808 0.682353 0.003922 0.003922
vn -0.4259301 -0.9037887 -0.0418286
v -0.0131225 -0.0301739 0.0360117 0.674510 0.007843 0.007843
vn -0.4300646 -0.9018931 -0.0404161
v -0.0136864 -0.0299975 0.0488634 0.756863 0.035294 0.031373
vn -0.4239742 -0.9054399 -0.0206029
v -0.0134357 -0.0300871 0.0468633 0.690196 0.000000 0.003922
vn -0.4153367 -0.9094499 -0.0199045
v -0.0129217 -0.0302410 0.0399635 0.752941 0.027451 0.031373
vn 0.2271354 -0.9617620 -0.1530467
v 0.0064904 -0.0323162 0.0316132 0.690196 0.019608 0.023529
vn 0.2278961 -0.9714209 0.0663687
v 0.0070812 -0.0321007 0.0578459 0.717647 0.019608 0.011765
vn -0.4200639 -0.9072464 -0.0212252
v -0.0131222 -0.0301484 0.0446078 0.670588 0.003922 0.007843
vn -0.4431220 -0.8964413 0.0059849
v -0.0140250 -0.0299880 0.0534020 0.674510 0.003922 0.007843
vn -0.4362069 -0.8993971 -0.0284329
v -0.0139378 -0.0299749 0.0502295 0.694118 0.000000 0.003922
vn 0.2509249 -0.9679010 0.0142977
v 0.0075915 -0.0321281 0.0532229 0.662745 0.007843 0.003922
vn -0.1393853 -0.8462404 -0.5142460
v -0.0046910 -0.0322823 0.0306977 0.607843 0.007843 0.015686
vn -0.4740415 -0.8803853 0.0143715
v -0.0154195 -0.0291372 0.0599989 0.698039 0.000000 0.011765
vn -0.4612509 -0.8872649 -0.0029441
v -0.0142456 -0.0294578 0.0382147 0.674510 0.007843 0.011765
vn -0.2978447 -0.9249018 0.2363163
v -0.0101116 -0.0310228 0.0621945 0.956863 0.078431 0.098039
vn 0.3138335 -0.9494687 -0.0042133
v 0.0097671 -0.0314685 0.0400752 0.772549 0.039216 0.047059
vn -0.4730924 -0.8775979 0.0774963
v -0.0152347 -0.0293557 0.0570174 0.737255 0.027451 0.027451
vn 0.3080124 -0.9513474 -0.0081588
v 0.0098195 -0.0314894 0.0500783 0.686275 0.011765 0.011765
vn 0.3258315 -0.9452650 0.0175504
v 0.0103840 -0.0312851 0.0528561 0.650980 0.003922 0.003922
vn 0.2971812 -0.9522973 0.0693779
v 0.0096239 -0.0314084 0.0610262 0.709804 0.007843 0.015686
vn 0.3187957 -0.9477149 -0.0143486
v 0.0099770 -0.0313840 0.0481439 0.670588 0.003922 0.007843
vn 0.3228520 -0.9463779 -0.0116354
v 0.0099868 -0.0313523 0.0438951 0.682353 0.000000 0.003922
vn 0.2989120 -0.9522045 0.0629142
v 0.0094915 -0.0315851 0.0568858 0.737255 0.027451 0.027451
vn 0.3069080 -0.9512567 -0.0303036
v 0.0092700 -0.0316522 0.0360277 0.756863 0.035294 0.035294
vn -0.4457163 -0.8736306 -0.1952088
v -0.0143322 -0.0294635 0.0315982 0.650980 0.007843 0.015686
vn -0.4936051 -0.8673108 0.0642358
v -0.0157201 -0.0288783 0.0580474 0.698039 0.000000 0.003922
vn -0.4822236 -0.8720157 0.0839592
v -0.0156142 -0.0289277 0.0613875 0.749020 0.015686 0.031373
vn 0.3201036 -0.9472873 0.0134352
v 0.0101193 -0.0312941 0.0544394 0.792157 0.039216 0.043137
vn 0.3149155 -0.9490873 0.0078438
v 0.0094940 -0.0314274 0.0380011 0.690196 0.007843 0.007843
vn 0.2102861 -0.9546062 0.2109665
v 0.0065346 -0.0320058 0.0620596 0.960784 0.054902 0.070588
vn 0.1788661 -0.8532048 -0.4899474
v 0.0061043 -0.0321510 0.0308812 0.596078 0.011765 0.015686
vn -0.5016281 -0.8650834 0.0001410
v -0.0165183 -0.0283725 0.0434405 0.701961 0.000000 0.007843
vn -0.5116611 -0.8587832 -0.0263524
v -0.0166281 -0.0282802 0.0401808 0.745098 0.019608 0.027451
vn -0.5221950 -0.8525457 0.0218732
v -0.0170833 -0.0282651 0.0532591 0.666667 0.003922 0.007843
vn -0.5034673 -0.8635561 -0.0281368
v -0.0162955 -0.0282861 0.0344236 0.670588 0.003922 0.007843
vn 0.3225839 -0.9438673 0.0710923
v 0.0101156 -0.0312220 0.0578185 0.737255 0.019608 0.019608
vn 0.2976062 -0.9442730 0.1406385
v 0.0097226 -0.0312409 0.0619858 1.000000 0.090196 0.109804
vn 0.3300500 -0.9439213 0.0089229
v 0.0101441 -0.0312440 0.0419327 0.788235 0.050980 0.054902
vn 0.3273706 -0.9435751 -0.0499464
v 0.0097718 -0.0312976 0.0346668 0.670588 0.003922 0.007843
vn 0.3168238 -0.9395146 -0.1301349
v 0.0098813 -0.0313331 0.0316662 0.686275 0.019608 0.023529
vn -0.5135996 -0.8578989 0.0149999
v -0.0165725 -0.0284835 0.0545273 0.717647 0.019608 0.023529
vn -0.5428234 -0.8395665 -0.0216987
v -0.0175341 -0.0277543 0.0449942 0.674510 0.000000 0.003922
vn -0.5025990 -0.8642101 -0.0231364
v -0.0168633 -0.0282482 0.0466403 0.701961 0.000000 0.007843
vn -0.5444789 -0.8381820 -0.0315225
v -0.0178696 -0.0276308 0.0489794 0.733333 0.019608 0.027451
vn -0.3790687 -0.8914238 0.2483355
v -0.0125326 -0.0301296 0.0621183 0.956863 0.086275 0.109804
vn -0.5514352 -0.8335861 -0.0324569
v -0.0176593 -0.0276586 0.0360842 0.733333 0.027451 0.023529
vn -0.5392962 -0.8421147 -0.0016029
v -0.0173163 -0.0277232 0.0382049 0.682353 0.003922 0.011765
vn -0.5539746 -0.8315803 -0.0398295
v -0.0179638 -0.0276690 0.0502907 0.698039 0.003922 0.003922
vn -0.5593788 -0.8288097 0.0130343
v -0.0177950 -0.0274517 0.0327016 0.705882 0.007843 0.011765
vn -0.4935912 -0.8420000 -0.2177241
v -0.0161711 -0.0284177 0.0314358 0.635294 0.007843 0.015686
vn 0.2742501 -0.8466598 -0.4560199
v 0.0098413 -0.0311198 0.0309227 0.603922 0.003922 0.007843
vn -0.5751425 -0.8147177 0.0737990
v -0.0186871 -0.0272295 0.0570967 0.760784 0.027451 0.031373
vn -0.5761451 -0.8139389 0.0745680
v -0.0186468 -0.0270583 0.0579983 0.709804 0.003922 0.007843
vn -0.5738807 -0.8185544 0.0250922
v -0.0186167 -0.0271481 0.0600110 0.705882 0.000000 0.007843
vn 0.3983786 -0.9153486 0.0585797
v 0.0131452 -0.0300868 0.0578822 0.705882 0.015686 0.015686
vn 0.3932059 -0.9099934 0.1315339
v 0.0129717 -0.0301208 0.0613074 0.733333 0.011765 0.015686
vn 0.4033115 -0.9149545 0.0140768
v 0.0133232 -0.0300655 0.0544265 0.807843 0.043137 0.047059
vn 0.4038961 -0.9137451 0.0440221
v 0.0133152 -0.0301411 0.0568499 0.729412 0.027451 0.027451
vn 0.4140772 -0.9100806 0.0171308
v 0.0134380 -0.0300947 0.0531109 0.658824 0.007843 0.003922
vn 0.4197355 -0.9076464 -0.0004339
v 0.0132799 -0.0299759 0.0382227 0.690196 0.011765 0.015686
vn 0.3892007 -0.9203755 -0.0378381
v 0.0124834 -0.0304141 0.0359833 0.749020 0.031373 0.031373
vn 0.4034333 -0.9140130 -0.0426849
v 0.0126993 -0.0301481 0.0346264 0.662745 0.000000 0.003922
vn 0.4046331 -0.9061622 -0.1230537
v 0.0127578 -0.0302308 0.0317675 0.690196 0.019608 0.023529
vn 0.4195285 -0.9075928 -0.0164676
v 0.0134747 -0.0300146 0.0500466 0.698039 0.003922 0.007843
vn 0.4282390 -0.9036570 0.0039349
v 0.0136372 -0.0298619 0.0424345 0.733333 0.015686 0.027451
vn 0.4139706 -0.9102663 -0.0066018
v 0.0130604 -0.0301273 0.0453344 0.811765 0.078431 0.078431
vn 0.4256124 -0.9048011 -0.0137557
v 0.0134847 -0.0299620 0.0400888 0.800000 0.039216 0.043137
vn -0.5973062 -0.8020033 0.0040076
v -0.0189636 -0.0269218 0.0545733 0.745098 0.015686 0.027451
vn -0.5708710 -0.8146404 0.1023104
v -0.0184000 -0.0270991 0.0618768 0.854902 0.070588 0.109804
vn -0.5996962 -0.8002047 -0.0060747
v -0.0191041 -0.0266645 0.0433943 0.698039 0.000000 0.007843
vn -0.5988076 -0.8007463 -0.0153257
v -0.0190994 -0.0265923 0.0420688 0.752941 0.027451 0.039216
vn -0.5569753 -0.7804246 -0.2841057
v -0.0183962 -0.0269407 0.0313501 0.639216 0.007843 0.015686
vn -0.5977161 -0.8011361 -0.0302748
v -0.0191572 -0.0265799 0.0399653 0.776471 0.027451 0.035294
vn -0.6028323 -0.7967377 -0.0424548
v -0.0191911 -0.0266828 0.0467191 0.694118 0.000000 0.000000
vn -0.5980467 -0.8012624 0.0178557
v -0.0188760 -0.0270556 0.0533021 0.666667 0.000000 0.003922
vn 0.3358865 -0.8271663 -0.4505288
v 0.0119733 -0.0302602 0.0307831 0.600000 0.007843 0.011765
vn 0.0211570 -0.8102143 -0.5857519
v 0.0004129 -0.0325201 0.0304765 0.592157 0.007843 0.015686
vn -0.6258173 -0.7793326 -0.0315186
v -0.0200671 -0.0256642 0.0344173 0.678431 0.003922 0.007843
vn 0.3622916 -0.9069051 0.2151001
v 0.0115797 -0.0304882 0.0621029 0.929412 0.070588 0.090196
vn -0.6267678 -0.7789890 -0.0183950
v -0.0201298 -0.0259760 0.0495253 0.713725 0.000000 0.003922
vn -0.6393213 -0.7689102 -0.0067474
v -0.0205486 -0.0253485 0.0382841 0.690196 0.003922 0.011765
vn -0.4319795 -0.7405937 -0.5146986
v -0.0158706 -0.0281522 0.0306307 0.600000 0.003922 0.007843
vn -0.6478484 -0.7495486 -0.1359026
v -0.0209969 -0.0250060 0.0318601 0.678431 0.011765 0.015686
vn 0.4850997 -0.8672319 0.1121927
v 0.0159717 -0.0286987 0.0610891 0.725490 0.003922 0.011765
vn -0.6610026 -0.7491996 -0.0421382
v -0.0212403 -0.0249114 0.0359511 0.709804 0.015686 0.011765
vn 0.4703522 -0.8818250 -0.0339652
v 0.0149340 -0.0292336 0.0359471 0.776471 0.043137 0.043137
vn -0.6525817 -0.7567787 0.0377254
v -0.0217193 -0.0246673 0.0611883 0.725490 0.003922 0.011765
vn -0.6695019 -0.7423807 -0.0252640
v -0.0219304 -0.0243337 0.0450739 0.737255 0.015686 0.019608
vn -0.6535292 -0.7539013 0.0673238
v -0.0216451 -0.0247009 0.0580249 0.733333 0.015686 0.023529
vn 0.5006703 -0.8655976 -0.0083673
v 0.0162424 -0.0285971 0.0541626 0.847059 0.054902 0.062745
vn 0.4980530 -0.8652627 0.0571278
v 0.0163122 -0.0286239 0.0569375 0.756863 0.031373 0.027451
vn 0.4966467 -0.8655417 0.0646506
v 0.0162223 -0.0285345 0.0578373 0.705882 0.007843 0.011765
vn 0.5033268 -0.8634554 -0.0332726
v 0.0158729 -0.0285658 0.0345327 0.662745 0.007843 0.007843
vn -0.6752731 -0.7352347 0.0586184
v -0.0220998 -0.0244932 0.0571083 0.760784 0.027451 0.031373
vn 0.4829645 -0.8565152 -0.1820082
v 0.0158734 -0.0286242 0.0314150 0.662745 0.015686 0.019608
vn 0.5084245 -0.8610070 -0.0130972
v 0.0163254 -0.0284227 0.0458517 0.749020 0.019608 0.027451
vn 0.5029263 -0.8641724 -0.0164686
v 0.0162604 -0.0285397 0.0494205 0.690196 0.000000 0.000000
vn 0.5116057 -0.8590315 -0.0180153
v 0.0163732 -0.0284148 0.0401055 0.768627 0.023529 0.035294
vn 0.5127146 -0.8585480 0.0043643
v 0.0162716 -0.0284296 0.0425085 0.733333 0.011765 0.023529
vn 0.4357233 -0.8749318 0.2112810
v 0.0146375 -0.0291366 0.0621180 0.909804 0.062745 0.082353
vn -0.6679853 -0.7441637 0.0040155
v -0.0218708 -0.0245947 0.0527775 0.670588 0.003922 0.003922
vn -0.6883060 -0.7246820 -0.0327247
v -0.0224176 -0.0239853 0.0469039 0.698039 0.000000 0.003922
vn -0.6943089 -0.7196208 -0.0089998
v -0.0226294 -0.0238608 0.0499285 0.705882 0.003922 0.007843
vn -0.6695256 -0.7427710 -0.0051888
v -0.0218097 -0.0243500 0.0421993 0.780392 0.039216 0.050980
vn -0.6822384 -0.7306687 -0.0259627
v -0.0222358 -0.0240279 0.0401985 0.737255 0.015686 0.023529
vn -0.6926495 -0.7212173 -0.0090704
v -0.0225512 -0.0239311 0.0547066 0.709804 0.011765 0.027451
vn 0.5156605 -0.8567348 -0.0099926
v 0.0167068 -0.0281028 0.0383966 0.690196 0.011765 0.015686
vn -0.6048262 -0.7489152 0.2707606
v -0.0205717 -0.0252691 0.0620874 0.913725 0.090196 0.125490
vn 0.5670045 -0.8226017 -0.0428076
v 0.0184628 -0.0270819 0.0359739 0.807843 0.047059 0.050980
vn -0.5587965 -0.6781954 -0.4772813
v -0.0196973 -0.0255990 0.0307529 0.603922 0.011765 0.015686
vn -0.7254848 -0.6868569 -0.0435829
v -0.0239256 -0.0220787 0.0345290 0.690196 0.003922 0.007843
vn -0.7124021 -0.7017709 0.0009734
v -0.0242283 -0.0218625 0.0382934 0.686275 0.007843 0.011765
vn -0.7189106 -0.6943621 -0.0320765
v -0.0239950 -0.0222613 0.0360455 0.752941 0.027451 0.023529
vn -0.7148693 -0.6992325 -0.0059930
v -0.0232704 -0.0231818 0.0613335 0.733333 0.019608 0.027451
vn -0.7222217 -0.6916184 0.0077381
v -0.0243195 -0.0217786 0.0326028 0.729412 0.015686 0.015686
vn -0.7052341 -0.7086269 -0.0221996
v -0.0244352 -0.0218586 0.0436645 0.690196 0.000000 0.000000
vn -0.6665844 -0.6936178 -0.2730562
v -0.0223363 -0.0236694 0.0314677 0.647059 0.003922 0.011765
vn -0.6759000 -0.6360902 -0.3722212
v -0.0246529 -0.0213720 0.0315272 0.658824 0.003922 0.007843
vn 0.4479777 -0.7564132 -0.4766079
v 0.0161458 -0.0281602 0.0307231 0.584314 0.011765 0.015686
vn 0.5802199 -0.8144345 0.0064314
v 0.0190434 -0.0268250 0.0530015 0.658824 0.007843 0.003922
vn -0.7259371 -0.6872382 0.0268157
v -0.0244874 -0.0218800 0.0580915 0.713725 0.007843 0.011765
vn -0.7384326 -0.6739839 0.0215177
v -0.0243983 -0.0220789 0.0533626 0.666667 0.000000 0.003922
vn -0.7130228 -0.7009080 -0.0180686
v -0.0246023 -0.0215412 0.0420842 0.788235 0.039216 0.047059
vn -0.7361814 -0.6766815 -0.0117996
v -0.0248355 -0.0215119 0.0504766 0.698039 0.003922 0.003922
vn -0.7210137 -0.6927983 -0.0130317
v -0.0253249 -0.0208960 0.0464875 0.709804 0.000000 0.003922
vn -0.7197636 -0.6941265 -0.0113416
v -0.0248314 -0.0213344 0.0400830 0.749020 0.015686 0.015686
vn 0.5915914 -0.8062316 0.0032100
v 0.0189959 -0.0266372 0.0387457 0.650980 0.000000 0.003922
vn 0.5265985 -0.8248575 0.2056796
v 0.0173521 -0.0276054 0.0621097 0.913725 0.066667 0.082353
vn 0.5799844 -0.8142921 -0.0233768
v 0.0189923 -0.0267442 0.0476927 0.674510 0.000000 0.007843
vn 0.5903487 -0.8051724 0.0564447
v 0.0192140 -0.0266026 0.0578260 0.725490 0.011765 0.011765
vn 0.5748278 -0.8104689 0.1127531
v 0.0189294 -0.0268228 0.0610615 0.737255 0.000000 0.007843
vn 0.5896534 -0.8066124 0.0410544
v 0.0192405 -0.0267181 0.0568681 0.749020 0.027451 0.031373
vn 0.5869400 -0.8096299 -0.0010143
v 0.0190694 -0.0267464 0.0545405 0.792157 0.039216 0.054902
vn 0.5845723 -0.8111793 -0.0162320
v 0.0188991 -0.0267121 0.0451546 0.768627 0.039216 0.043137
vn 0.5878041 -0.8090018 0.0015899
v 0.0190235 -0.0266284 0.0421059 0.835294 0.070588 0.082353
vn 0.5912130 -0.8052915 -0.0444162
v 0.0189923 -0.0265084 0.0345354 0.666667 0.007843 0.011765
vn 0.5638139 -0.8072439 -0.1745599
v 0.0186946 -0.0267825 0.0313954 0.690196 0.023529 0.027451
vn 0.6136928 -0.7894375 -0.0130257
v 0.0188472 -0.0233161 -0.0394920 0.509804 0.050980 0.066667
vn 0.6029028 -0.7977863 -0.0067329
v 0.0187391 -0.0232087 -0.0476616 0.788235 0.717647 0.545098
vn 0.6239467 -0.7814549 -0.0043268
v 0.0189910 -0.0234353 0.0056258 0.819608 0.709804 0.349020
vn 0.6320732 -0.7749065 -0.0018446
v 0.0191080 -0.0233806 -0.0093582 0.486275 0.196078 0.188235
vn 0.6297350 -0.7767863 -0.0060776
v 0.0189234 -0.0234400 -0.0181716 0.654902 0.603922 0.619608
vn 0.6206193 -0.7840753 -0.0075911
v 0.0188303 -0.0234355 -0.0302862 0.701961 0.674510 0.670588
vn 0.5292742 -0.7248122 -0.4410400
v 0.0174943 -0.0253842 0.0286035 0.623529 0.011765 0.011765
vn 0.6264533 -0.7784763 -0.0391274
v 0.0187669 -0.0237322 0.0237489 0.662745 0.027451 0.098039
vn 0.6408480 -0.7676571 -0.0040665
v 0.0191013 -0.0234459 0.0159844 0.819608 0.686275 0.258824
vn 0.6226611 -0.7821264 0.0239063
v 0.0186438 -0.0233587 -0.0577081 0.792157 0.705882 0.509804
vn 0.6252649 -0.7554646 -0.1957478
v 0.0193382 -0.0236972 0.0279332 0.631373 0.015686 0.015686
vn 0.6342620 -0.7478105 0.1961921
v 0.0194776 -0.0228905 -0.0616999 0.670588 0.000000 0.000000
vn -0.7355528 -0.6770115 -0.0248484
v -0.0258541 -0.0204778 0.0569425 0.713725 0.011765 0.015686
vn -0.7356432 -0.6772938 -0.0101050
v -0.0231519 -0.0189623 -0.0212954 0.647059 0.011765 0.011765
vn 0.6718391 -0.7349957 -0.0917258
v 0.0217353 -0.0244278 0.0317644 0.709804 0.023529 0.027451
vn 0.6495365 -0.7598147 -0.0280012
v 0.0214809 -0.0247885 0.0472521 0.698039 0.003922 0.007843
vn 0.6603817 -0.7492225 -0.0506141
v 0.0215876 -0.0246367 0.0358154 0.729412 0.023529 0.023529
vn 0.6469687 -0.7624508 0.0100131
v 0.0213503 -0.0249917 0.0531054 0.658824 0.003922 0.003922
vn 0.5295334 -0.7054265 -0.4711346
v 0.0191982 -0.0261407 0.0307807 0.592157 0.015686 0.019608
vn 0.6483529 -0.7613113 0.0066016
v 0.0213538 -0.0247802 0.0425942 0.717647 0.003922 0.011765
vn 0.6635702 -0.7478356 -0.0204056
v 0.0218100 -0.0243735 0.0450028 0.698039 0.007843 0.011765
vn 0.6680636 -0.7435272 -0.0292981
v 0.0220301 -0.0242376 0.0402085 0.745098 0.019608 0.027451
vn 0.5790868 -0.7706380 0.2660368
v 0.0198351 -0.0257691 0.0622857 0.937255 0.070588 0.098039
vn 0.6061477 -0.7059031 -0.3664503
v 0.0210751 -0.0248544 0.0311087 0.596078 0.000000 0.000000
vn 0.6383457 -0.7459965 0.1897479
v 0.0211152 -0.0250705 0.0614917 0.745098 0.015686 0.027451
vn 0.6787624 -0.7343579 0.0002982
v 0.0221460 -0.0242638 0.0544029 0.776471 0.031373 0.043137
vn 0.6680911 -0.7431052 0.0380674
v 0.0220245 -0.0244440 0.0568911 0.764706 0.027451 0.031373
vn 0.6871138 -0.7257940 -0.0331348
v 0.0222017 -0.0238619 0.0345434 0.674510 0.003922 0.007843
vn 0.6863670 -0.7265313 0.0324436
v 0.0224957 -0.0238668 0.0581235 0.698039 0.007843 0.007843
vn 0.5042537 -0.6809505 0.5310693
v 0.0181559 -0.0252680 -0.0649244 0.678431 0.000000 0.003922
vn 0.5192678 -0.6473067 0.5579920
v 0.0201607 -0.0237748 -0.0649441 0.662745 0.000000 0.003922
vn 0.5622098 -0.6885842 -0.4580086
v 0.0191147 -0.0241618 0.0286201 0.623529 0.011765 0.011765
vn 0.6890416 -0.7244983 -0.0179955
v 0.0223980 -0.0237450 0.0386466 0.639216 0.000000 0.003922
vn 0.6756693 -0.7370456 -0.0153280
v 0.0202967 -0.0220556 -0.0398569 0.513725 0.039216 0.050980
vn 0.7234604 -0.6902899 -0.0102436
v 0.0215729 -0.0210312 -0.0141195 0.474510 0.454902 0.580392
vn 0.7143023 -0.6998373 -0.0000923
v 0.0216030 -0.0210087 -0.0202002 0.482353 0.039216 0.054902
vn 0.6843131 -0.7291657 -0.0057599
v 0.0204683 -0.0219888 -0.0294923 0.733333 0.741176 0.749020
vn 0.6833020 -0.7300521 0.0110637
v 0.0200572 -0.0220809 -0.0559548 0.792157 0.713725 0.525490
vn 0.6800026 -0.6937112 0.2374053
v 0.0202044 -0.0221965 -0.0617437 0.666667 0.000000 0.000000
vn 0.6796196 -0.7335530 -0.0041646
v 0.0209403 -0.0217108 0.0053465 0.823529 0.705882 0.345098
vn 0.7186067 -0.6953827 -0.0068885
v 0.0216224 -0.0210807 -0.0095818 0.635294 0.607843 0.650980
vn 0.7134811 -0.6995360 -0.0399264
v 0.0215447 -0.0212092 0.0236809 0.662745 0.043137 0.039216
vn 0.6965653 -0.6997073 -0.1587654
v 0.0215544 -0.0216153 0.0274273 0.635294 0.011765 0.011765
vn 0.7199382 -0.6940380 -0.0004398
v 0.0217138 -0.0210576 0.0183497 0.819608 0.670588 0.223529
vn 0.6238279 -0.6493859 -0.4348985
v 0.0215849 -0.0220497 0.0287652 0.635294 0.003922 0.007843
vn 0.7035078 -0.7098544 0.0344006
v 0.0233076 -0.0230812 0.0615350 0.752941 0.019608 0.039216
vn 0.7089712 -0.7050275 0.0172060
v 0.0232016 -0.0232701 0.0528791 0.658824 0.003922 0.003922
vn 0.7253975 -0.6879112 -0.0240148
v 0.0239612 -0.0224746 0.0473929 0.698039 0.003922 0.003922
vn 0.7246968 -0.6889923 -0.0102100
v 0.0217263 -0.0207464 -0.0369697 0.525490 0.019608 0.027451
vn 0.7336009 -0.6795654 -0.0045575
v 0.0219880 -0.0204624 -0.0299298 0.513725 0.152941 0.188235
vn 0.7234456 -0.6903737 0.0032775
v 0.0238036 -0.0224782 0.0427891 0.713725 0.000000 0.007843
vn -0.6017283 -0.7239856 0.3372951
v -0.0187736 -0.0252001 -0.0658913 0.682353 0.003922 0.007843
vn 0.7348524 -0.6782270 0.0001551
v 0.0220562 -0.0206033 0.0015114 0.819608 0.713725 0.380392
vn 0.7374088 -0.6753624 -0.0106742
v 0.0218270 -0.0203751 -0.0460160 0.611765 0.192157 0.156863
vn 0.7499433 -0.6611072 -0.0228560
v 0.0247448 -0.0214836 0.0449025 0.741176 0.031373 0.035294
vn 0.7345254 -0.6783295 0.0184814
v 0.0219067 -0.0202513 -0.0566515 0.788235 0.713725 0.533333
vn 0.7301723 -0.6827440 0.0266281
v 0.0241573 -0.0220013 0.0327506 0.745098 0.019608 0.023529
vn 0.5640865 -0.5946682 0.5728667
v 0.0219673 -0.0222139 -0.0649931 0.682353 0.000000 0.007843
vn 0.7327070 -0.6438411 0.2204750
v 0.0227516 -0.0196303 -0.0617080 0.674510 0.000000 0.000000
vn 0.7512909 -0.6593850 -0.0278092
v 0.0247818 -0.0214355 0.0399498 0.764706 0.023529 0.031373
vn 0.7534233 -0.6555648 -0.0508738
v 0.0250746 -0.0211024 0.0358815 0.760784 0.027451 0.027451
vn 0.7510888 -0.6400540 -0.1618535
v 0.0250659 -0.0209961 0.0315913 0.709804 0.015686 0.019608
vn 0.7546732 -0.6559093 -0.0158549
v 0.0248296 -0.0212239 0.0384777 0.694118 0.007843 0.019608
vn 0.7665253 -0.6416407 0.0271361
v 0.0253018 -0.0210606 0.0567847 0.725490 0.011765 0.015686
vn 0.7525939 -0.6575537 0.0350096
v 0.0248391 -0.0214382 0.0580031 0.733333 0.015686 0.023529
vn 0.6462790 -0.6281199 -0.4333462
v 0.0235495 -0.0222799 0.0308396 0.592157 0.003922 0.007843
vn 0.7612189 -0.6484007 -0.0110583
v 0.0252057 -0.0210535 0.0549051 0.701961 0.003922 0.015686
vn 0.7495821 -0.6618373 0.0099011
v 0.0247261 -0.0216471 0.0529508 0.662745 0.003922 0.003922
vn 0.7587047 -0.6479145 0.0676309
v 0.0249373 -0.0213496 0.0612964 0.729412 0.000000 0.007843
vn 0.6641277 -0.6512742 0.3671191
v 0.0221356 -0.0209980 -0.0628592 0.650980 0.000000 0.000000
vn 0.7721881 -0.6341150 -0.0402959
v 0.0256351 -0.0201503 0.0345046 0.678431 0.007843 0.007843
vn -0.5864235 -0.5858229 -0.5593918
v -0.0219593 -0.0219885 0.0292780 0.607843 0.007843 0.011765
vn 0.6727007 -0.5904571 -0.4459083
v 0.0234155 -0.0200899 0.0287657 0.623529 0.007843 0.003922
vn 0.7515272 -0.6365757 -0.1731423
v 0.0241722 -0.0187146 0.0275895 0.639216 0.011765 0.007843
vn 0.7847011 -0.6198741 -0.0005915
v 0.0237803 -0.0185350 -0.0207754 0.474510 0.027451 0.035294
vn 0.7792708 -0.6266695 -0.0047358
v 0.0235744 -0.0186314 -0.0290098 0.749020 0.752941 0.756863
vn 0.7838802 -0.6208801 -0.0062962
v 0.0237452 -0.0184180 -0.0342724 0.780392 0.780392 0.776471
vn 0.7663973 -0.6277602 0.1362069
v 0.0250430 -0.0210749 0.0619678 0.827451 0.039216 0.054902
vn 0.7707989 -0.6370717 -0.0029581
v 0.0244036 -0.0176800 -0.0152289 0.450980 0.062745 0.086275
vn 0.7581248 -0.6510110 -0.0378336
v 0.0239770 -0.0184005 0.0234710 0.705882 0.141176 0.082353
vn 0.7865043 -0.6175827 -0.0016413
v 0.0237684 -0.0186180 0.0096517 0.819608 0.686275 0.294118
vn 0.7831492 -0.6218117 -0.0052551
v 0.0237118 -0.0186504 -0.0089765 0.690196 0.705882 0.678431
vn 0.7857957 -0.6184267 -0.0085763
v 0.0232779 -0.0186929 -0.0463089 0.792157 0.768627 0.564706
vn 0.7850842 -0.6189700 0.0227812
v 0.0233462 -0.0185499 -0.0569640 0.764706 0.698039 0.549020
vn 0.6111091 -0.5502119 0.5690454
v 0.0236856 -0.0204354 -0.0649944 0.682353 0.000000 0.003922
vn 0.7789709 -0.6270508 0.0034176
v 0.0268236 -0.0188327 0.0419227 0.788235 0.031373 0.039216
vn 0.7771165 -0.6290173 -0.0206711
v 0.0272216 -0.0185168 0.0470975 0.705882 0.011765 0.015686
vn -0.4988251 -0.7903494 0.3556987
v -0.0158552 -0.0273712 -0.0659763 0.694118 0.003922 0.007843
vn -0.5898323 -0.7846827 0.1907117
v -0.0177814 -0.0260801 -0.0661935 0.698039 0.007843 0.011765
vn -0.5244062 -0.8513771 0.0124563
v -0.0158229 -0.0276037 -0.0735584 0.701961 0.003922 0.007843
vn -0.5948025 -0.8038393 0.0072478
v -0.0177972 -0.0262679 -0.0746451 0.701961 0.007843 0.007843
vn -0.4558172 -0.8485434 0.2687096
v -0.0142952 -0.0282964 -0.0661193 0.690196 0.003922 0.007843
vn -0.4340140 -0.9008605 0.0090663
v -0.0124585 -0.0294486 -0.0738175 0.690196 0.003922 0.007843
vn -0.4796216 -0.8774734 -0.0019102
v -0.0139947 -0.0286796 -0.0826927 0.698039 0.003922 0.007843
vn -0.4083444 -0.9128193 -0.0039630
v -0.0118069 -0.0297456 -0.0879361 0.701961 0.007843 0.007843
vn -0.4350000 -0.8984012 -0.0604175
v -0.0129435 -0.0291258 -0.0955209 0.701961 0.011765 0.015686
vn -0.3267460 -0.9450639 -0.0095606
v -0.0094995 -0.0306659 -0.0906333 0.698039 0.007843 0.011765
vn -0.3397071 -0.9320891 -0.1257337
v -0.0097639 -0.0304427 -0.0963950 0.690196 0.003922 0.007843
vn -0.2219863 -0.9738144 -0.0490683
v -0.0060327 -0.0316082 -0.0953602 0.690196 0.007843 0.011765
vn -0.2071476 -0.9783090 0.0011239
v -0.0061138 -0.0315992 -0.0817787 0.686275 0.007843 0.007843
vn -0.2887861 -0.9573867 0.0036415
v -0.0089203 -0.0308542 -0.0776693 0.690196 0.007843 0.007843
vn -0.2037313 -0.9789315 0.0136656
v -0.0060864 -0.0315494 -0.0720194 0.682353 0.007843 0.007843
vn -0.2534446 -0.9608564 0.1118971
v -0.0077472 -0.0310349 -0.0667246 0.682353 0.003922 0.007843
vn -0.1036893 -0.9946035 0.0035281
v -0.0031658 -0.0320615 -0.0816601 0.682353 0.007843 0.007843
vn -0.1037340 -0.9944105 0.0196732
v -0.0029779 -0.0320106 -0.0711133 0.682353 0.003922 0.007843
vn -0.1064835 -0.9931782 -0.0475208
v -0.0030086 -0.0320944 -0.0950584 0.686275 0.007843 0.007843
vn -0.0000081 -0.9998171 -0.0191243
v 0.0001970 -0.0322928 -0.0941708 0.686275 0.007843 0.011765
vn 0.0033264 -0.9999833 0.0047241
v 0.0001329 -0.0322429 -0.0860878 0.686275 0.007843 0.011765
vn 0.0011732 -0.9998122 0.0193452
v 0.0002814 -0.0322005 -0.0711951 0.678431 0.007843 0.007843
vn 0.1052956 -0.9944336 0.0038405
v 0.0034567 -0.0320627 -0.0868407 0.686275 0.003922 0.007843
vn 0.1110214 -0.9936629 0.0175615
v 0.0035726 -0.0320101 -0.0711064 0.674510 0.007843 0.007843
vn 0.1119393 -0.9934462 -0.0231166
v 0.0034972 -0.0321118 -0.0942136 0.682353 0.007843 0.007843
vn 0.1063944 -0.9639661 -0.2438231
v 0.0034131 -0.0319690 -0.0971010 0.674510 0.003922 0.007843
vn -0.0008127 -0.9899355 -0.1415173
v 0.0002841 -0.0321824 -0.0965768 0.682353 0.007843 0.011765
vn 0.0785282 -0.9873006 0.1380974
v 0.0031610 -0.0318834 -0.0665624 0.674510 0.007843 0.007843
vn -0.0303705 -0.9804033 0.1946460
v -0.0008333 -0.0320003 -0.0664069 0.670588 0.003922 0.003922
vn 0.1929227 -0.9811546 -0.0108000
v 0.0063866 -0.0316224 -0.0940769 0.682353 0.007843 0.007843
vn 0.2283038 -0.9681508 -0.1027691
v 0.0073012 -0.0314059 -0.0961434 0.682353 0.007843 0.011765
vn 0.1879503 -0.9153447 0.3561163
v 0.0062412 -0.0314010 -0.0659296 0.670588 0.003922 0.007843
vn 0.2152894 -0.9762672 0.0235141
v 0.0066567 -0.0314771 -0.0698092 0.678431 0.003922 0.007843
vn -0.1015452 -0.9529754 -0.2855284
v -0.0028588 -0.0318585 -0.0973658 0.678431 0.007843 0.011765
vn 0.2501585 -0.9681923 0.0049600
v 0.0078762 -0.0312327 -0.0794883 0.682353 0.003922 0.007843
vn -0.1374253 -0.8813742 0.4519887
v -0.0050504 -0.0315616 -0.0657760 0.670588 0.007843 0.011765
vn -0.2008648 -0.9662718 -0.1611589
v -0.0056377 -0.0315863 -0.0964951 0.686275 0.007843 0.007843
vn 0.2733799 -0.9287882 0.2502320
v 0.0095699 -0.0305397 -0.0661458 0.674510 0.000000 0.007843
vn 0.3183329 -0.9479644 0.0052598
v 0.0099247 -0.0306504 -0.0800283 0.682353 0.007843 0.011765
vn 0.3154899 -0.9486970 0.0209807
v 0.0100439 -0.0305123 -0.0694488 0.674510 0.007843 0.007843
vn 0.3068959 -0.9517390 0.0028015
v 0.0100314 -0.0306581 -0.0900100 0.690196 0.007843 0.011765
vn -0.0114879 -0.9006640 -0.4343644
v 0.0000614 -0.0318417 -0.0978864 0.678431 0.007843 0.015686
vn 0.2172228 -0.9086792 -0.3565338
v 0.0071012 -0.0311269 -0.0976468 0.686275 0.007843 0.011765
vn 0.0749661 -0.8167150 0.5721510
v 0.0035991 -0.0315967 -0.0655564 0.674510 0.007843 0.007843
vn 0.3050529 -0.9444377 -0.1223930
v 0.0102542 -0.0305156 -0.0964182 0.682353 0.011765 0.011765
vn 0.3808917 -0.9241620 -0.0290891
v 0.0130775 -0.0295398 -0.0952161 0.690196 0.007843 0.011765
vn 0.3483931 -0.9104084 0.2231119
v 0.0121622 -0.0295978 -0.0659926 0.666667 0.000000 0.003922
vn -0.1925078 -0.8969839 -0.3979455
v -0.0055953 -0.0312580 -0.0977872 0.694118 0.015686 0.019608
vn 0.0075301 -0.8103497 0.5858983
v 0.0000657 -0.0317200 -0.0656172 0.666667 0.003922 0.003922
vn -0.3396369 -0.9404793 0.0120628
v -0.0101168 -0.0304336 -0.0733774 0.694118 0.007843 0.007843
vn 0.4048342 -0.9143576 0.0077053
v 0.0128195 -0.0295275 -0.0814086 0.682353 0.007843 0.007843
vn 0.4074484 -0.9130753 0.0167131
v 0.0129593 -0.0293983 -0.0698517 0.678431 0.011765 0.011765
vn 0.3104352 -0.8774493 -0.3656675
v 0.0112989 -0.0298528 -0.0977904 0.694118 0.015686 0.015686
vn 0.3997210 -0.9032401 -0.1561426
v 0.0141881 -0.0289689 -0.0966739 0.686275 0.007843 0.011765
vn -0.3078732 -0.9243692 0.2252906
v -0.0093806 -0.0304886 -0.0661264 0.682353 0.003922 0.007843
vn -0.2920770 -0.8933656 -0.3414513
v -0.0089799 -0.0304368 -0.0975497 0.686275 0.007843 0.011765
vn 0.3717862 -0.8098927 0.4537058
v 0.0134202 -0.0290072 -0.0656832 0.686275 0.011765 0.019608
vn 0.4816551 -0.8716629 -0.0906210
v 0.0161067 -0.0280952 -0.0962047 0.690196 0.007843 0.011765
vn -0.4102673 -0.9113541 0.0333862
v -0.0119256 -0.0295925 -0.0687635 0.690196 0.007843 0.007843
vn 0.4807965 -0.8480805 0.2226979
v 0.0156980 -0.0279098 -0.0659949 0.662745 0.000000 0.003922
vn 0.4680350 -0.8836833 0.0068697
v 0.0154845 -0.0281743 -0.0796526 0.682353 0.003922 0.011765
vn 0.4937414 -0.8694806 0.0149350
v 0.0161206 -0.0277890 -0.0702870 0.678431 0.007843 0.007843
vn -0.3644291 -0.8318290 0.4186310
v -0.0112447 -0.0297063 -0.0657902 0.686275 0.011765 0.011765
vn 0.1520368 -0.8840339 -0.4420057
v 0.0055211 -0.0309379 -0.0986119 0.705882 0.019608 0.023529
vn 0.0745465 -0.8826588 -0.4640650
v 0.0027193 -0.0312168 -0.0987605 0.705882 0.023529 0.019608
vn 0.4288310 -0.8136035 -0.3926238
v 0.0154830 -0.0280350 -0.0978856 0.694118 0.007843 0.015686
vn -0.4024751 -0.8724903 -0.2770822
v -0.0124358 -0.0291229 -0.0973077 0.694118 0.011765 0.011765
vn 0.5101681 -0.8600053 0.0109351
v 0.0170884 -0.0272899 -0.0820307 0.686275 0.007843 0.011765
vn -0.1057462 -0.8677604 -0.4856023
v -0.0032125 -0.0311281 -0.0987058 0.701961 0.019608 0.019608
vn 0.2538162 -0.7636999 0.5935822
v 0.0102275 -0.0300485 -0.0655492 0.682353 0.007843 0.015686
vn -0.4862571 -0.8382915 -0.2466202
v -0.0150491 -0.0278157 -0.0971971 0.705882 0.007843 0.011765
vn 0.5727337 -0.8119068 -0.1130643
v 0.0191214 -0.0262215 -0.0963235 0.686275 0.007843 0.011765
vn 0.5552318 -0.8316277 0.0106357
v 0.0187513 -0.0263044 -0.0845761 0.690196 0.007843 0.007843
vn 0.5631310 -0.8259637 0.0258365
v 0.0186154 -0.0262295 -0.0703249 0.678431 0.003922 0.007843
vn 0.4881645 -0.7921145 -0.3664016
v 0.0174107 -0.0269107 -0.0978871 0.694118 0.011765 0.019608
vn -0.5226665 -0.8507735 -0.0548113
v -0.0154272 -0.0277832 -0.0954842 0.709804 0.011765 0.011765
vn 0.2438750 -0.8351903 -0.4929322
v 0.0095895 -0.0298518 -0.0986574 0.694118 0.003922 0.007843
vn -0.2410843 -0.8445203 -0.4781881
v -0.0076455 -0.0302070 -0.0986961 0.701961 0.023529 0.023529
vn 0.3520096 -0.8168759 -0.4569497
v 0.0134896 -0.0284854 -0.0986799 0.717647 0.019608 0.019608
vn -0.2602582 -0.7477397 0.6108609
v -0.0096630 -0.0301046 -0.0655304 0.682353 0.003922 0.007843
vn 0.5377890 -0.7383963 0.4068832
v 0.0189727 -0.0257097 -0.0657339 0.678431 0.011765 0.015686
vn -0.5605512 -0.8281057 -0.0048323
v -0.0168140 -0.0269479 -0.0907586 0.709804 0.007843 0.011765
vn -0.3381874 -0.8345866 -0.4348499
v -0.0105368 -0.0292515 -0.0986383 0.721569 0.015686 0.011765
vn 0.6153566 -0.7881774 0.0106103
v 0.0200906 -0.0253361 -0.0851128 0.690196 0.011765 0.011765
vn 0.6121973 -0.7902966 0.0254151
v 0.0203885 -0.0249325 -0.0705566 0.682353 0.007843 0.007843
vn 0.4295929 -0.6984419 0.5723889
v 0.0166760 -0.0270930 -0.0655131 0.678431 0.007843 0.015686
vn -0.4126551 -0.8149992 -0.4068072
v -0.0132430 -0.0280918 -0.0986079 0.725490 0.023529 0.023529
vn 0.5780612 -0.7203422 -0.3833438
v 0.0200154 -0.0250807 -0.0979235 0.694118 0.015686 0.019608
vn 0.6366638 -0.7698498 -0.0446156
v 0.0209827 -0.0247758 -0.0957299 0.694118 0.011765 0.015686
vn 0.6507798 -0.7468756 0.1366108
v 0.0216979 -0.0236544 -0.0664147 0.670588 0.003922 0.003922
vn -0.6223027 -0.7802643 -0.0626663
v -0.0190228 -0.0252752 -0.0958716 0.713725 0.007843 0.011765
vn -0.5923393 -0.7640986 -0.2555141
v -0.0185595 -0.0254123 -0.0973329 0.713725 0.011765 0.019608
vn 0.6742070 -0.7378913 0.0310082
v 0.0221196 -0.0235054 -0.0700448 0.682353 0.007843 0.007843
vn 0.6725847 -0.7399684 0.0087512
v 0.0222538 -0.0235336 -0.0858403 0.698039 0.011765 0.011765
vn -0.5221828 -0.7766535 -0.3523273
v -0.0168330 -0.0264662 -0.0978538 0.713725 0.019608 0.027451
vn -0.4549747 -0.7735006 -0.4412425
v -0.0156364 -0.0267040 -0.0986650 0.713725 0.023529 0.027451
vn 0.6782786 -0.7276447 -0.1023298
v 0.0225301 -0.0234121 -0.0962736 0.694118 0.011765 0.015686
vn 0.6673124 -0.6806475 -0.3023462
v 0.0226774 -0.0229224 -0.0975832 0.686275 0.011765 0.015686
vn 0.5403712 -0.6441881 0.5413138
v 0.0208857 -0.0240249 -0.0655037 0.694118 0.015686 0.015686
vn 0.6387308 -0.6225722 0.4521360
v 0.0233472 -0.0219647 -0.0656403 0.682353 0.007843 0.007843
vn -0.6540459 -0.7563795 0.0106807
v -0.0194984 -0.0248969 -0.0738579 0.705882 0.007843 0.011765
vn 0.4882609 -0.7166802 -0.4979667
v 0.0181537 -0.0258252 -0.0987908 0.694118 0.019608 0.019608
vn 0.7196314 -0.6943254 0.0065499
v 0.0238772 -0.0218715 -0.0783878 0.698039 0.007843 0.007843
vn 0.7318885 -0.6806251 -0.0329940
v 0.0240908 -0.0218232 -0.0957163 0.698039 0.015686 0.015686
vn -0.6917645 -0.7212622 0.0352529
v -0.0209049 -0.0235186 -0.0689564 0.701961 0.003922 0.007843
vn -0.3810222 -0.6882677 0.6173407
v -0.0143392 -0.0279447 -0.0656391 0.686275 0.003922 0.007843
vn 0.7496015 -0.6612148 0.0298749
v 0.0247972 -0.0208022 -0.0705083 0.694118 0.003922 0.007843
vn -0.6501595 -0.7095951 -0.2716018
v -0.0202052 -0.0240007 -0.0973987 0.721569 0.015686 0.023529
vn -0.6938691 -0.7201011 -0.0003140
v -0.0209655 -0.0235735 -0.0802566 0.709804 0.007843 0.011765
vn -0.6984143 -0.7142304 -0.0457433
v -0.0208545 -0.0236277 -0.0955567 0.721569 0.015686 0.019608
vn -0.6536483 -0.6837822 0.3243238
v -0.0205259 -0.0236285 -0.0659184 0.694118 0.003922 0.007843
vn 0.7641312 -0.6352209 -0.1122405
v 0.0250432 -0.0207316 -0.0962558 0.690196 0.007843 0.011765
vn 0.7651270 -0.6438656 0.0042195
v 0.0250183 -0.0206588 -0.0840149 0.701961 0.007843 0.011765
vn 0.6339304 -0.6403676 -0.4336607
v 0.0224341 -0.0225231 -0.0985630 0.694118 0.011765 0.019608
vn -0.5685477 -0.7042661 -0.4251621
v -0.0181312 -0.0250031 -0.0986411 0.717647 0.027451 0.023529
vn 0.6950653 -0.5807518 0.4238062
v 0.0252606 -0.0198538 -0.0657044 0.690196 0.003922 0.007843
vn -0.6935829 -0.6598363 -0.2890656
v -0.0221307 -0.0220852 -0.0973422 0.729412 0.015686 0.023529
vn -0.6260301 -0.6577219 -0.4189131
v -0.0202012 -0.0232037 -0.0986589 0.725490 0.027451 0.031373
vn -0.7234409 -0.6903760 0.0037744
v -0.0228215 -0.0216575 -0.0791792 0.717647 0.003922 0.011765
vn -0.7260749 -0.6868386 -0.0326819
v -0.0225919 -0.0217950 -0.0954299 0.729412 0.011765 0.015686
vn -0.7498410 -0.6610636 0.0270846
v -0.0227476 -0.0215976 -0.0696617 0.709804 0.007843 0.007843
vn 0.7477170 -0.5771212 -0.3284059
v 0.0260032 -0.0191228 -0.0975964 0.694118 0.007843 0.011765
vn -0.6978441 -0.6442804 0.3129161
v -0.0224969 -0.0215748 -0.0658655 0.709804 0.003922 0.007843
vn 0.7873124 -0.6159704 0.0268261
v 0.0273929 -0.0183591 0.0529131 0.682353 0.011765 0.011765
vn 0.7831817 -0.6217930 0.0001486
v 0.0267770 -0.0190646 0.0495826 0.698039 0.003922 0.007843
vn 0.7826995 -0.6222115 0.0153116
v 0.0265455 -0.0186534 -0.0723378 0.698039 0.003922 0.003922
vn 0.7940658 -0.5983427 0.1069844
v 0.0266641 -0.0181811 -0.0666903 0.690196 0.007843 0.007843
vn 0.7841817 -0.6199287 -0.0273393
v 0.0271139 -0.0184964 0.0400329 0.737255 0.015686 0.019608
vn 0.7860600 -0.6176920 -0.0237989
v 0.0266762 -0.0188757 0.0385211 0.686275 0.007843 0.015686
vn 0.7836842 -0.6206699 -0.0246578
v 0.0270128 -0.0186130 0.0447276 0.713725 0.019608 0.023529
vn 0.7910764 -0.6117154 -0.0015833
v 0.0272681 -0.0182366 0.0359203 0.792157 0.298039 0.298039
vn 0.7051929 -0.5875502 0.3968474
v 0.0243964 -0.0184351 -0.0628346 0.658824 0.003922 0.000000
vn 0.6126832 -0.5083321 0.6051593
v 0.0251367 -0.0187701 -0.0649660 0.701961 0.015686 0.015686
vn 0.8017393 -0.5966749 -0.0345432
v 0.0265753 -0.0187116 -0.0955163 0.705882 0.015686 0.011765
vn 0.6923267 -0.5740212 -0.4372454
v 0.0255711 -0.0199344 0.0307727 0.619608 0.019608 0.019608
vn 0.7922028 -0.6102264 0.0062007
v 0.0272057 -0.0184134 0.0612307 0.741176 0.007843 0.019608
vn 0.7971261 -0.6020063 0.0466733
v 0.0270492 -0.0185603 0.0579057 0.768627 0.023529 0.031373
vn 0.6970457 -0.5989448 -0.3941985
v 0.0245397 -0.0202081 -0.0985549 0.701961 0.011765 0.011765
vn 0.7993267 -0.6008843 -0.0038794
v 0.0269109 -0.0185503 0.0328999 0.796078 0.301961 0.301961
vn 0.6949552 -0.5656431 -0.4439428
v 0.0248320 -0.0182661 0.0286593 0.631373 0.007843 0.007843
vn 0.8017429 -0.5973395 0.0198473
v 0.0275640 -0.0179276 0.0545428 0.772549 0.023529 0.031373
vn 0.7867162 -0.5989986 0.1492592
v 0.0253081 -0.0162616 -0.0616095 0.768627 0.349020 0.270588
vn 0.8036546 -0.5947907 0.0190630
v 0.0247209 -0.0166889 -0.0566721 0.678431 0.623529 0.572549
vn 0.8094016 -0.5871790 -0.0094802
v 0.0251626 -0.0165156 -0.0256905 0.478431 0.023529 0.035294
vn 0.8077458 -0.5893379 -0.0150912
v 0.0251617 -0.0164526 -0.0361310 0.482353 0.043137 0.058824
vn 0.8030978 -0.5956733 0.0143956
v 0.0277734 -0.0177267 0.0568523 0.760784 0.019608 0.023529
vn 0.7985126 -0.5959522 -0.0849630
v 0.0268531 -0.0185494 0.0312252 0.666667 0.137255 0.137255
vn 0.8081085 -0.5890319 -0.0014280
v 0.0250284 -0.0168594 -0.0032180 0.815686 0.721569 0.443137
vn 0.8112243 -0.5847307 -0.0022808
v 0.0249796 -0.0169432 0.0110751 0.800000 0.670588 0.286275
vn 0.8124347 -0.5830522 -0.0002568
v 0.0253227 -0.0158428 -0.0482315 0.780392 0.721569 0.596078
vn 0.8199493 -0.5720834 -0.0200956
v 0.0257221 -0.0152995 -0.0431848 0.545098 0.027451 0.031373
vn 0.7544727 -0.5439588 0.3672599
v 0.0270115 -0.0173684 -0.0656203 0.698039 0.003922 0.011765
vn -0.7543069 -0.6565184 0.0021859
v -0.0255949 -0.0205773 0.0547222 0.701961 0.007843 0.015686
vn -0.7416137 -0.6705325 -0.0198829
v -0.0238812 -0.0186022 0.0234223 0.698039 0.062745 0.062745
vn -0.7270533 -0.6757487 -0.1214792
v -0.0239507 -0.0188259 0.0275515 0.662745 0.011765 0.011765
vn -0.6505306 -0.6297265 -0.4245638
v -0.0219590 -0.0212043 0.0283798 0.650980 0.007843 0.015686
vn -0.7480745 -0.6636004 -0.0043682
v -0.0232505 -0.0190163 0.0047634 0.776471 0.658824 0.462745
vn -0.7487164 -0.6628333 -0.0087127
v -0.0234791 -0.0187298 -0.0145002 0.760784 0.666667 0.490196
vn -0.6631226 -0.6013065 -0.4457567
v -0.0244759 -0.0185383 0.0286241 0.643137 0.007843 0.003922
vn -0.7444639 -0.6675656 0.0113952
v -0.0254020 -0.0208062 0.0612429 0.729412 0.000000 0.019608
vn -0.7572574 -0.6440678 -0.1083421
v -0.0255442 -0.0205113 0.0359812 0.698039 0.003922 0.007843
vn -0.6981946 -0.6047416 0.3831606
v -0.0226850 -0.0204959 -0.0650020 0.662745 0.003922 0.011765
vn -0.7555451 -0.6550960 -0.0009000
v -0.0234518 -0.0184738 -0.0331121 0.400000 0.039216 0.047059
vn -0.7549214 -0.6557677 -0.0079024
v -0.0231209 -0.0188807 -0.0452375 0.470588 0.101961 0.105882
vn -0.7518105 -0.6592519 -0.0129620
v -0.0233488 -0.0185259 -0.0504706 0.741176 0.047059 0.031373
vn -0.7553495 -0.6553221 -0.0004537
v -0.0233589 -0.0183898 -0.0552826 0.768627 0.666667 0.431373
vn -0.7481222 -0.6528580 0.1187000
v -0.0228106 -0.0192127 -0.0614208 0.741176 0.556863 0.341176
vn -0.7549462 -0.6555886 -0.0161161
v -0.0238968 -0.0185133 0.0163153 0.772549 0.658824 0.454902
vn -0.7602009 -0.6495557 -0.0131214
v -0.0238995 -0.0182900 0.0109212 0.690196 0.247059 0.184314
vn -0.7621819 -0.6457742 0.0453272
v -0.0239658 -0.0199062 -0.0660496 0.713725 0.007843 0.011765
vn -0.6084301 -0.5935326 -0.5268130
v -0.0233197 -0.0221991 0.0307700 0.600000 0.019608 0.023529
vn -0.7707377 -0.6371118 0.0072113
v -0.0267542 -0.0192284 0.0534036 0.619608 0.000000 0.000000
vn -0.6769602 -0.6120484 -0.4088051
v -0.0223431 -0.0209351 -0.0987123 0.749020 0.031373 0.031373
vn -0.7754952 -0.6310622 0.0191806
v -0.0245704 -0.0193828 -0.0704925 0.713725 0.000000 0.003922
vn -0.7708277 -0.6330327 -0.0713754
v -0.0267677 -0.0186093 0.0344520 0.690196 0.000000 0.000000
vn -0.7522557 -0.6070099 0.2562235
v -0.0245525 -0.0181922 -0.0650270 0.662745 0.000000 0.003922
vn -0.6897936 -0.6036390 -0.3997558
v -0.0238620 -0.0196877 -0.0979750 0.745098 0.023529 0.031373
vn 0.7033225 -0.5306930 -0.4729720
v 0.0264802 -0.0176983 -0.0984855 0.705882 0.011765 0.023529
vn -0.6114219 -0.5446621 -0.5740265
v -0.0260134 -0.0192693 0.0308593 0.611765 0.003922 0.011765
vn -0.6138639 -0.4950368 0.6149062
v -0.0236992 -0.0195119 -0.0652223 0.686275 0.003922 0.011765
vn 0.0045263 0.9970114 -0.0771219
v 0.0000251 0.0328352 0.0347496 0.654902 0.000000 0.003922
vn 0.0019495 0.9920502 -0.1258280
v 0.0001144 0.0329525 0.0318307 0.694118 0.019608 0.019608
vn -0.1024823 0.9922575 -0.0701604
v -0.0035864 0.0326730 0.0346931 0.658824 0.000000 0.000000
vn -0.1096685 0.9819201 -0.1542912
v -0.0036795 0.0327117 0.0316264 0.694118 0.011765 0.015686
vn -0.2100318 0.9543109 -0.2125500
v -0.0062734 0.0323117 0.0314890 0.686275 0.011765 0.015686
vn -0.2008863 0.9779118 -0.0577349
v -0.0061986 0.0322850 0.0347375 0.658824 0.000000 0.000000
vn 0.0988608 0.9928383 -0.0670727
v 0.0032620 0.0326553 0.0346624 0.658824 0.003922 0.003922
vn 0.1303618 0.9796398 -0.1526815
v 0.0044509 0.0325996 0.0315641 0.690196 0.015686 0.015686
vn 0.1966098 0.9804524 0.0076029
v 0.0056961 0.0323887 0.0330461 0.705882 0.011765 0.011765
vn 0.1171031 0.9904600 -0.0726361
v 0.0035670 0.0327907 0.0355974 0.686275 0.011765 0.011765
vn -0.0940074 0.9936252 -0.0622218
v -0.0033922 0.0328527 0.0356686 0.705882 0.015686 0.015686
vn -0.2040521 0.9782513 -0.0372439
v -0.0062250 0.0324309 0.0359028 0.772549 0.027451 0.023529
vn -0.1055912 0.9941767 -0.0215223
v -0.0036007 0.0326992 0.0385287 0.635294 0.000000 0.000000
vn -0.2037397 0.9790097 -0.0054949
v -0.0062272 0.0323068 0.0383616 0.654902 0.000000 0.000000
vn 0.0121959 0.9995314 -0.0280759
v 0.0000843 0.0329095 0.0386590 0.623529 0.000000 0.003922
vn 0.0088221 0.9972048 -0.0741940
v 0.0000805 0.0330323 0.0357440 0.760784 0.027451 0.023529
vn -0.0935892 0.9950789 -0.0325464
v -0.0032827 0.0328371 0.0396783 0.721569 0.015686 0.015686
vn 0.0089766 0.9993120 -0.0359845
v -0.0000081 0.0330255 0.0398154 0.721569 0.015686 0.015686
vn -0.1073498 0.9941284 0.0135973
v -0.0035975 0.0327273 0.0421171 0.741176 0.015686 0.023529
vn 0.0052328 0.9999737 0.0050287
v -0.0000744 0.0329757 0.0427220 0.690196 0.003922 0.007843
vn -0.1046510 0.9944356 -0.0120873
v -0.0037145 0.0327331 0.0456172 0.701961 0.003922 0.011765
vn 0.0034462 0.9999560 -0.0087242
v -0.0000195 0.0329783 0.0457351 0.690196 0.000000 0.003922
vn -0.0968988 0.9952748 -0.0062277
v -0.0032122 0.0328255 0.0484349 0.705882 0.015686 0.015686
vn -0.0959847 0.9950046 0.0274400
v -0.0033215 0.0328248 0.0531426 0.639216 0.003922 0.000000
vn 0.0053739 0.9999849 0.0011937
v -0.0001356 0.0330080 0.0485945 0.654902 0.003922 0.003922
vn 0.0004498 0.9999757 -0.0069570
v -0.0001853 0.0329273 0.0542554 0.756863 0.027451 0.031373
vn -0.0892505 0.9958988 0.0148286
v -0.0031329 0.0327597 0.0544567 0.749020 0.031373 0.039216
vn 0.0069294 0.9980661 0.0617740
v -0.0001143 0.0330082 0.0566718 0.698039 0.011765 0.011765
vn -0.0800641 0.9932271 0.0842001
v -0.0030322 0.0328351 0.0569393 0.768627 0.027451 0.027451
vn -0.1931974 0.9803169 0.0406647
v -0.0062303 0.0324448 0.0565358 0.686275 0.003922 0.007843
vn -0.1715845 0.9851675 0.0019400
v -0.0056704 0.0324387 0.0543701 0.745098 0.031373 0.035294
vn -0.1881205 0.9820919 -0.0103085
v -0.0060728 0.0324319 0.0466060 0.686275 0.000000 0.000000
vn -0.1985536 0.9797847 0.0244653
v -0.0063459 0.0323769 0.0529941 0.654902 0.003922 0.003922
vn -0.2186896 0.9757898 0.0030088
v -0.0068280 0.0322390 0.0426850 0.713725 0.003922 0.007843
vn -0.1985819 0.9799833 -0.0140735
v -0.0062409 0.0324120 0.0401513 0.717647 0.011765 0.015686
vn 0.1045312 0.9945203 0.0016425
v 0.0033249 0.0327865 0.0474686 0.733333 0.023529 0.023529
vn 0.1017113 0.9947650 0.0098666
v 0.0031778 0.0327566 0.0497520 0.647059 0.000000 0.000000
vn 0.0785345 0.9968895 -0.0066210
v 0.0024059 0.0328202 0.0538296 0.807843 0.031373 0.035294
vn 0.0872143 0.9949532 0.0496171
v 0.0029753 0.0328154 0.0563482 0.635294 0.003922 0.000000
vn 0.1171329 0.9929620 -0.0175036
v 0.0037300 0.0326932 0.0443736 0.698039 0.011765 0.011765
vn 0.1179398 0.9929335 0.0131676
v 0.0037058 0.0326510 0.0420344 0.721569 0.015686 0.015686
vn 0.1424292 0.9891984 -0.0346480
v 0.0044003 0.0326809 0.0397052 0.737255 0.019608 0.023529
vn 0.1174558 0.9929029 -0.0186551
v 0.0037538 0.0326240 0.0384145 0.631373 0.000000 0.003922
vn -0.1385312 0.9895214 0.0407000
v -0.0048447 0.0325101 0.0579286 0.678431 0.003922 0.007843
vn 0.1692957 0.9847486 0.0401150
v 0.0061097 0.0323947 0.0530154 0.647059 0.000000 0.000000
vn 0.1862767 0.9805038 0.0625571
v 0.0060923 0.0324344 0.0564844 0.662745 0.007843 0.003922
vn 0.0047323 0.9992154 0.0393239
v -0.0000034 0.0328036 0.0579621 0.666667 0.011765 0.011765
vn 0.0189228 0.9998150 -0.0034648
v 0.0005033 0.0329339 0.0595472 0.690196 0.000000 0.007843
vn -0.0898239 0.9959292 0.0075314
v -0.0036829 0.0327018 0.0595971 0.690196 0.000000 0.007843
vn -0.0888276 0.9879070 0.1270803
v -0.0034781 0.0325232 0.0620660 0.894118 0.086275 0.113725
vn -0.0128864 0.9531136 0.3023385
v -0.0003296 0.0327314 0.0618710 0.878431 0.047059 0.047059
vn -0.1806086 0.9767902 0.1151580
v -0.0057039 0.0323427 0.0611093 0.717647 0.003922 0.011765
vn -0.2072198 0.9782610 -0.0080911
v -0.0063537 0.0322932 0.0592631 0.686275 0.000000 0.011765
vn 0.0762580 0.9601889 0.2687414
v 0.0028713 0.0326144 0.0617972 0.764706 0.003922 0.011765
vn 0.1572090 0.9818829 0.1057886
v 0.0054663 0.0323822 0.0611360 0.737255 0.007843 0.011765
vn 0.1830803 0.9826308 -0.0303046
v 0.0059505 0.0323653 0.0593733 0.698039 0.000000 0.011765
vn 0.1269233 0.9912445 0.0363982
v 0.0044848 0.0324852 0.0579173 0.674510 0.003922 0.003922
vn 0.1975631 0.9802864 -0.0027214
v 0.0063882 0.0323428 0.0473491 0.690196 0.003922 0.003922
vn 0.2021145 0.9793456 -0.0056524
v 0.0066603 0.0322582 0.0505279 0.823529 0.031373 0.039216
vn 0.1950546 0.9792038 -0.0557994
v 0.0062846 0.0323677 0.0358352 0.768627 0.023529 0.019608
vn 0.2007934 0.9794568 -0.0186157
v 0.0065720 0.0322429 0.0446767 0.792157 0.039216 0.039216
vn 0.2116469 0.9773341 0.0048715
v 0.0068719 0.0321353 0.0420314 0.729412 0.015686 0.019608
vn 0.2143829 0.9743265 -0.0687603
v 0.0064620 0.0321448 0.0347985 0.643137 0.000000 0.003922
vn 0.2093738 0.9778240 0.0047775
v 0.0069313 0.0321286 0.0543324 0.756863 0.031373 0.035294
vn 0.2440612 0.9697146 -0.0093730
v 0.0075983 0.0319278 0.0384815 0.639216 0.000000 0.003922
vn 0.2900659 0.9564990 -0.0311676
v 0.0088906 0.0317174 0.0399712 0.721569 0.007843 0.015686
vn 0.2712854 0.9608135 0.0569361
v 0.0090441 0.0317038 0.0532416 0.666667 0.000000 0.003922
vn 0.2660420 0.9590011 0.0976662
v 0.0091830 0.0315307 0.0610560 0.725490 0.000000 0.015686
vn 0.2679363 0.9622183 0.0484360
v 0.0091155 0.0317361 0.0565549 0.670588 0.003922 0.007843
vn 0.2960259 0.9547076 -0.0300343
v 0.0093201 0.0315516 0.0435745 0.678431 0.000000 0.000000
vn 0.2890110 0.9572901 -0.0082690
v 0.0091597 0.0316080 0.0462028 0.690196 0.000000 0.003922
vn 0.2889391 0.9568473 -0.0309424
v 0.0097130 0.0314172 0.0593640 0.701961 0.000000 0.011765
vn 0.2816607 0.9560533 -0.0814217
v 0.0086982 0.0317640 0.0357730 0.764706 0.023529 0.019608
vn 0.3007518 0.9256529 -0.2295979
v 0.0096287 0.0313286 0.0314274 0.678431 0.015686 0.019608
vn 0.3007733 0.9536126 0.0125867
v 0.0093165 0.0314611 0.0331452 0.701961 0.007843 0.007843
vn 0.2463204 0.9684995 0.0365358
v 0.0085101 0.0316377 0.0580429 0.690196 0.000000 0.000000
vn 0.2983358 0.9543670 -0.0133976
v 0.0100556 0.0313555 0.0509267 0.764706 0.027451 0.035294
vn 0.1980378 0.9628493 0.1835818
v 0.0062800 0.0320545 0.0621091 0.870588 0.043137 0.054902
vn 0.0380549 0.8627070 -0.5042704
v 0.0011371 0.0326242 0.0307550 0.647059 0.011765 0.015686
vn 0.3334316 0.9396027 -0.0772671
v 0.0104741 0.0310055 0.0347988 0.650980 0.000000 0.003922
vn 0.3095213 0.9508743 -0.0058990
v 0.0094237 0.0314058 0.0420727 0.733333 0.015686 0.019608
vn 0.3370455 0.9414810 0.0037412
v 0.0115649 0.0308159 0.0542934 0.780392 0.027451 0.039216
vn 0.1730476 0.8752816 -0.4515935
v 0.0053252 0.0322825 0.0309292 0.666667 0.011765 0.011765
vn 0.3781722 0.9249723 0.0375787
v 0.0124540 0.0305737 0.0530840 0.647059 0.000000 0.000000
vn 0.2695115 0.9444461 0.1881092
v 0.0093661 0.0312704 0.0621440 0.913725 0.047059 0.062745
vn 0.3741335 0.9263600 0.0433745
v 0.0124566 0.0304023 0.0579569 0.698039 0.000000 0.007843
vn 0.3456115 0.9345895 0.0842331
v 0.0119975 0.0307625 0.0569191 0.760784 0.019608 0.019608
vn 0.3953300 0.9176407 -0.0406162
v 0.0128126 0.0304420 0.0556955 0.662745 0.000000 0.000000
vn 0.3966521 0.9178615 -0.0140483
v 0.0129776 0.0303026 0.0594100 0.705882 0.000000 0.007843
vn 0.3366932 0.9344033 0.1163110
v 0.0116287 0.0307415 0.0612778 0.749020 0.003922 0.015686
vn 0.3888002 0.9209914 -0.0246859
v 0.0125449 0.0302578 0.0385424 0.647059 0.000000 0.000000
vn 0.3297830 0.9433267 -0.0371207
v 0.0106848 0.0311077 0.0358564 0.772549 0.027451 0.027451
vn 0.3917549 0.9200147 -0.0100596
v 0.0128178 0.0303700 0.0498175 0.647059 0.000000 0.000000
vn 0.3942699 0.9185560 -0.0283945
v 0.0128232 0.0303761 0.0470140 0.674510 0.000000 0.000000
vn 0.3988762 0.9168482 -0.0169499
v 0.0126530 0.0303232 0.0450852 0.756863 0.023529 0.031373
vn 0.4038089 0.9146294 -0.0197872
v 0.0127415 0.0303239 0.0435172 0.694118 0.000000 0.003922
vn 0.3987739 0.9170139 -0.0080537
v 0.0126818 0.0302410 0.0419354 0.713725 0.007843 0.007843
vn 0.4095429 0.9117595 -0.0311339
v 0.0129919 0.0302050 0.0397982 0.745098 0.019608 0.023529
vn 0.4202576 0.8996499 -0.1183795
v 0.0131846 0.0299737 0.0317050 0.701961 0.015686 0.015686
vn 0.4008780 0.9128588 -0.0773674
v 0.0128543 0.0302743 0.0356565 0.717647 0.011765 0.011765
vn 0.4438109 0.8935501 -0.0678243
v 0.0138112 0.0296112 0.0345341 0.678431 0.003922 0.003922
vn -0.0649473 0.8588703 -0.5080588
v -0.0027665 0.0325272 0.0307877 0.635294 0.000000 0.000000
vn 0.3800936 0.9057726 0.1873630
v 0.0122113 0.0303241 0.0621709 0.925490 0.058824 0.078431
vn 0.4583485 0.8869348 0.0571261
v 0.0152573 0.0292711 0.0568958 0.752941 0.015686 0.019608
vn 0.4661773 0.8778279 0.1099859
v 0.0155660 0.0289883 0.0611078 0.745098 0.000000 0.015686
vn 0.3336494 0.8357514 -0.4361167
v 0.0122002 0.0302018 0.0309208 0.647059 0.015686 0.015686
vn 0.4689076 0.8832467 0.0009871
v 0.0151029 0.0292240 0.0543493 0.776471 0.031373 0.043137
vn 0.4619402 0.8865627 0.0248583
v 0.0147450 0.0294826 0.0532348 0.674510 0.003922 0.007843
vn -0.2662800 0.9626427 0.0491326
v -0.0085944 0.0316934 0.0580051 0.682353 0.000000 0.003922
vn 0.4925708 0.8702053 -0.0108073
v 0.0158967 0.0287955 0.0498513 0.658824 0.000000 0.000000
vn 0.4876941 0.8719908 -0.0422679
v 0.0157476 0.0288534 0.0468137 0.686275 0.000000 0.007843
vn 0.4957870 0.8659801 0.0653735
v 0.0160420 0.0286273 0.0580122 0.705882 0.000000 0.003922
vn 0.5291442 0.8472217 0.0471373
v 0.0171987 0.0282063 0.0565933 0.698039 0.007843 0.007843
vn 0.4970956 0.8661839 -0.0512005
v 0.0159299 0.0286854 0.0358354 0.776471 0.027451 0.027451
vn 0.4954544 0.8683307 -0.0229523
v 0.0158907 0.0285539 0.0384918 0.658824 0.000000 0.003922
vn 0.4891708 0.8721873 -0.0012117
v 0.0158497 0.0285967 0.0420468 0.725490 0.000000 0.007843
vn 0.4938777 0.8694473 -0.0120971
v 0.0159442 0.0286800 0.0400154 0.729412 0.007843 0.015686
vn 0.4903270 0.8711619 -0.0256229
v 0.0159386 0.0285997 0.0451269 0.760784 0.023529 0.031373
vn 0.5443001 0.8386788 -0.0188488
v 0.0175828 0.0277271 0.0435013 0.698039 0.000000 0.000000
vn 0.5102369 0.8569940 -0.0722472
v 0.0162956 0.0282398 0.0346423 0.666667 0.000000 0.003922
vn 0.5081353 0.8515484 -0.1290894
v 0.0164240 0.0282597 0.0316079 0.705882 0.015686 0.015686
vn 0.5694435 0.8216521 0.0249395
v 0.0186076 0.0272151 0.0531888 0.674510 0.003922 0.007843
vn 0.5446125 0.8386786 -0.0039380
v 0.0178364 0.0276185 0.0544387 0.784314 0.027451 0.039216
vn 0.5641817 0.8231329 0.0644307
v 0.0186287 0.0271580 0.0606433 0.733333 0.000000 0.011765
vn 0.5673420 0.8222405 -0.0452067
v 0.0182996 0.0272925 0.0467092 0.694118 0.000000 0.000000
vn 0.5789871 0.8151436 -0.0177490
v 0.0187175 0.0270540 0.0500988 0.686275 0.007843 0.007843
vn 0.5082713 0.8360911 0.2064269
v 0.0165280 0.0282070 0.0621551 0.917647 0.050980 0.066667
vn 0.4377096 0.7828575 -0.4422043
v 0.0156915 0.0284355 0.0308195 0.627451 0.003922 0.011765
vn 0.5613920 0.8272509 -0.0222477
v 0.0183342 0.0272040 0.0399466 0.733333 0.007843 0.011765
vn 0.5912027 0.8064859 0.0077360
v 0.0186683 0.0268251 0.0420208 0.701961 0.000000 0.003922
vn 0.5795816 0.8119492 -0.0694539
v 0.0188986 0.0268111 0.0357268 0.764706 0.027451 0.023529
vn 0.5925197 0.8052338 -0.0227808
v 0.0191054 0.0265106 0.0386730 0.654902 0.000000 0.003922
vn 0.5874980 0.8088390 -0.0250106
v 0.0184873 0.0269982 0.0450662 0.764706 0.023529 0.031373
vn 0.5843760 0.8082214 -0.0726834
v 0.0187821 0.0266447 0.0345954 0.678431 0.003922 0.003922
vn 0.5696111 0.8087835 -0.1463300
v 0.0187475 0.0267666 0.0315476 0.705882 0.007843 0.011765
vn 0.5941885 0.8027466 0.0503790
v 0.0195081 0.0263784 0.0580184 0.698039 0.000000 0.003922
vn 0.2325141 0.8080235 -0.5413274
v 0.0083499 0.0314052 0.0308054 0.615686 0.015686 0.019608
vn 0.6104347 0.7914944 0.0301050
v 0.0200599 0.0262130 0.0565861 0.694118 0.003922 0.003922
vn 0.6228186 0.7823037 -0.0098964
v 0.0202570 0.0258627 0.0544523 0.780392 0.023529 0.031373
vn -0.2195606 0.9600217 0.1736419
v -0.0064884 0.0319787 0.0621462 0.894118 0.058824 0.074510
vn 0.6038610 0.7778804 0.1739367
v 0.0204891 0.0255274 0.0620368 0.874510 0.043137 0.066667
vn -0.2754442 0.9613146 0.0021717
v -0.0088125 0.0316963 0.0544438 0.760784 0.027451 0.031373
vn -0.2856058 0.9582943 -0.0100671
v -0.0090411 0.0317143 0.0479325 0.807843 0.043137 0.047059
vn -0.2919812 0.9559420 0.0303631
v -0.0094050 0.0316007 0.0530315 0.654902 0.003922 0.000000
vn -0.2876974 0.9535937 0.0888224
v -0.0096705 0.0313934 0.0608852 0.705882 0.003922 0.015686
vn -0.3078743 0.9502699 -0.0469107
v -0.0093123 0.0314859 0.0345250 0.654902 0.000000 0.000000
vn -0.3091303 0.9508019 -0.0203528
v -0.0096850 0.0314362 0.0444500 0.705882 0.015686 0.011765
vn -0.3012438 0.9535036 0.0091163
v -0.0089175 0.0316334 0.0420456 0.741176 0.023529 0.027451
vn -0.3008248 0.9534052 -0.0228682
v -0.0091978 0.0316429 0.0359029 0.772549 0.023529 0.023529
vn -0.3021819 0.9523774 0.0407853
v -0.0098218 0.0315043 0.0566665 0.709804 0.015686 0.015686
vn -0.3035058 0.9526588 -0.0180382
v -0.0092285 0.0316262 0.0400265 0.721569 0.007843 0.015686
vn -0.3008167 0.9534852 -0.0193730
v -0.0091698 0.0315147 0.0385480 0.654902 0.000000 0.000000
vn 0.0875340 0.8873295 0.4527516
v 0.0035220 0.0321887 0.0625080 0.937255 0.521569 0.525490
vn -0.2725889 0.9455928 0.1776221
v -0.0094241 0.0312298 0.0621342 0.886275 0.054902 0.070588
vn -0.3306148 0.9023409 -0.2765408
v -0.0110391 0.0307970 0.0313192 0.678431 0.015686 0.015686
vn -0.3260448 0.9453335 0.0062743
v -0.0122840 0.0305403 0.0596323 0.705882 0.000000 0.007843
vn -0.3218061 0.9458065 0.0434848
v -0.0126544 0.0303277 0.0580331 0.698039 0.007843 0.007843
vn -0.3336927 0.9418363 0.0399201
v -0.0124095 0.0305660 0.0529990 0.666667 0.000000 0.000000
vn -0.3315679 0.9434186 0.0049117
v -0.0131739 0.0301695 0.0544066 0.713725 0.019608 0.015686
vn -0.3309723 0.9430375 0.0337296
v -0.0123980 0.0305973 0.0567459 0.705882 0.011765 0.011765
vn -0.3382225 0.9410617 -0.0028973
v -0.0126640 0.0304288 0.0471951 0.686275 0.000000 0.003922
vn -0.3475953 0.9376165 -0.0072754
v -0.0130357 0.0302463 0.0495997 0.690196 0.007843 0.011765
vn -0.3374457 0.9341487 0.1161751
v -0.0122979 0.0302973 0.0620670 0.952941 0.086275 0.113725
vn -0.3452308 0.9384822 0.0081821
v -0.0127781 0.0302399 0.0417583 0.768627 0.027451 0.035294
vn -0.3427080 0.9390531 -0.0270298
v -0.0127095 0.0303150 0.0442018 0.686275 0.003922 0.007843
vn -0.3488140 0.9371282 -0.0109380
v -0.0126305 0.0302588 0.0383948 0.666667 0.007843 0.007843
vn -0.3533399 0.9354842 -0.0045117
v -0.0129075 0.0301150 0.0318375 0.690196 0.015686 0.011765
vn -0.3485099 0.9360285 -0.0489036
v -0.0124677 0.0304210 0.0358188 0.772549 0.023529 0.019608
vn -0.3534532 0.9353846 -0.0112453
v -0.0130866 0.0301677 0.0399716 0.745098 0.019608 0.023529
vn -0.2625880 0.8360165 -0.4817925
v -0.0090214 0.0313084 0.0308955 0.650980 0.015686 0.019608
vn -0.3556645 0.9328706 -0.0570548
v -0.0124052 0.0302875 0.0347529 0.635294 0.000000 0.000000
vn -0.1514478 0.8133489 -0.5617181
v -0.0057097 0.0320795 0.0307663 0.639216 0.003922 0.007843
vn 0.0191994 0.8592187 0.5112481
v 0.0000934 0.0323075 0.0625675 0.890196 0.050980 0.054902
vn 0.5358748 0.7548495 -0.3782070
v 0.0187981 0.0264347 0.0308143 0.643137 0.007843 0.011765
vn 0.6557286 0.7543147 -0.0320848
v 0.0212746 0.0249307 0.0399556 0.741176 0.011765 0.019608
vn 0.6753803 0.7358939 -0.0481840
v 0.0220774 0.0243295 0.0466275 0.709804 0.003922 0.007843
vn 0.6646295 0.7470537 -0.0133576
v 0.0217315 0.0246284 0.0490858 0.666667 0.000000 0.000000
vn 0.6689631 0.7429162 0.0237441
v 0.0218383 0.0246292 0.0532772 0.690196 0.007843 0.007843
vn 0.6642050 0.7443677 0.0689088
v 0.0219098 0.0245775 0.0608993 0.741176 0.000000 0.011765
vn 0.6560900 0.7542989 -0.0240654
v 0.0215963 0.0245383 0.0451115 0.737255 0.015686 0.015686
vn 0.6646352 0.7470291 -0.0144104
v 0.0218049 0.0244831 0.0435686 0.705882 0.000000 0.007843
vn 0.6636918 0.7479279 -0.0108203
v 0.0215678 0.0244971 0.0419927 0.725490 0.000000 0.011765
vn 0.6428474 0.7610685 -0.0867292
v 0.0213300 0.0248789 0.0357567 0.764706 0.031373 0.027451
vn 0.6510759 0.7228168 -0.2315948
v 0.0220036 0.0241704 0.0314382 0.705882 0.011765 0.015686
vn 0.6717520 0.7397503 0.0389705
v 0.0221316 0.0240657 0.0331681 0.721569 0.007843 0.011765
vn 0.6775429 0.7344971 0.0380768
v 0.0220651 0.0242649 0.0580622 0.701961 0.000000 0.000000
vn 0.6649351 0.7455565 0.0447991
v 0.0216459 0.0248632 0.0568173 0.721569 0.011765 0.011765
vn 0.6832184 0.7287214 -0.0466673
v 0.0221024 0.0239154 0.0346431 0.674510 0.000000 0.000000
vn 0.6905659 0.7230220 -0.0189174
v 0.0222675 0.0238518 0.0388325 0.662745 0.000000 0.000000
vn 0.6956453 0.7183806 -0.0026602
v 0.0224766 0.0239316 0.0544677 0.776471 0.019608 0.031373
vn 0.7071308 0.7043104 -0.0625534
v 0.0228853 0.0234321 0.0358525 0.780392 0.031373 0.031373
vn 0.7067029 0.7072362 -0.0197000
v 0.0224392 0.0239955 0.0507147 0.823529 0.035294 0.043137
vn 0.6863451 0.7109016 0.1534584
v 0.0232041 0.0230488 0.0621919 0.917647 0.054902 0.074510
vn 0.7354537 0.6774512 -0.0129513
v 0.0240775 0.0220187 0.0421574 0.737255 0.003922 0.011765
vn 0.7453816 0.6664004 -0.0177990
v 0.0245285 0.0217022 0.0400359 0.752941 0.011765 0.015686
vn 0.7355411 0.6769546 0.0266791
v 0.0243938 0.0219541 0.0580623 0.709804 0.003922 0.007843
vn 0.7567362 0.6534672 -0.0181928
v 0.0249041 0.0215326 0.0598115 0.733333 0.000000 0.015686
vn 0.7549946 0.6551152 0.0284130
v 0.0251440 0.0213748 0.0565409 0.729412 0.007843 0.007843
vn 0.7436020 0.6683591 -0.0187665
v 0.0243722 0.0217654 0.0450668 0.784314 0.043137 0.039216
vn 0.7503805 0.6596536 0.0422645
v 0.0249031 0.0214390 0.0619048 0.839216 0.047059 0.066667
vn 0.7185603 0.6606121 -0.2174001
v 0.0243143 0.0218108 0.0314936 0.705882 0.007843 0.007843
vn 0.7531217 0.6577670 -0.0122642
v 0.0247604 0.0215625 0.0495504 0.670588 0.000000 0.003922
vn 0.7522553 0.6573026 -0.0454449
v 0.0246868 0.0216042 0.0466169 0.713725 0.000000 0.003922
vn 0.7626848 0.6463627 0.0229625
v 0.0251742 0.0211945 0.0534800 0.713725 0.007843 0.011765
vn 0.7603843 0.6489991 -0.0248183
v 0.0248202 0.0213690 0.0435949 0.709804 0.000000 0.003922
vn 0.7603118 0.6482238 0.0416164
v 0.0249092 0.0211727 0.0330690 0.729412 0.007843 0.011765
vn 0.7659122 0.6429409 -0.0023395
v 0.0251883 0.0210922 0.0543179 0.819608 0.031373 0.039216
vn 0.7533350 0.6573133 -0.0206279
v 0.0246538 0.0213509 0.0386574 0.670588 0.000000 0.003922
vn 0.7351788 0.6723753 -0.0861612
v 0.0244864 0.0217497 0.0357899 0.780392 0.027451 0.027451
vn 0.7794827 0.6238295 -0.0569526
v 0.0256314 0.0200893 0.0345913 0.694118 0.000000 0.000000
vn 0.7790442 0.6236106 -0.0648068
v 0.0256924 0.0203546 0.0357681 0.784314 0.023529 0.023529
vn 0.4905828 0.7024317 0.5156727
v 0.0185171 0.0264747 0.0626224 0.913725 0.043137 0.062745
vn 0.6118779 0.6455628 -0.4570059
v 0.0219105 0.0238401 0.0308470 0.631373 0.007843 0.011765
vn 0.7769941 0.6289904 -0.0255215
v 0.0269742 0.0186751 0.0400616 0.760784 0.015686 0.023529
vn 0.7702048 0.6377866 -0.0035980
v 0.0266236 0.0189436 0.0420961 0.760784 0.015686 0.023529
vn 0.7803031 0.6253527 -0.0078169
v 0.0271043 0.0184731 0.0434775 0.709804 0.000000 0.007843
vn 0.7827739 0.6219864 -0.0199481
v 0.0269188 0.0185916 0.0451817 0.764706 0.015686 0.027451
vn 0.7845052 0.6188082 -0.0403482
v 0.0270592 0.0186315 0.0466788 0.690196 0.000000 0.000000
vn 0.7989351 0.6010650 -0.0205835
v 0.0268508 0.0185937 0.0313292 0.709804 0.015686 0.015686
vn 0.7882088 0.6150096 -0.0221375
v 0.0267867 0.0186711 0.0386441 0.670588 0.000000 0.000000
vn 0.7931785 0.6083195 0.0285530
v 0.0270629 0.0185668 0.0580485 0.725490 0.000000 0.007843
vn 0.7978824 0.6027610 -0.0079286
v 0.0273349 0.0183347 0.0613098 0.760784 0.003922 0.019608
vn 0.7912069 0.6096184 0.0485502
v 0.0264779 0.0196702 0.0566948 0.756863 0.007843 0.011765
vn 0.7923013 0.6101110 -0.0048189
v 0.0274270 0.0181018 0.0498443 0.662745 0.000000 0.000000
vn 0.7980074 0.6023504 0.0189261
v 0.0274595 0.0181549 0.0532904 0.647059 0.000000 0.000000
vn 0.8031806 0.5956402 0.0106645
v 0.0272989 0.0182378 0.0544701 0.796078 0.031373 0.031373
vn 0.8054572 0.5919878 0.0280901
v 0.0274432 0.0176993 0.0336083 0.741176 0.011765 0.015686
vn 0.8072514 0.5900444 -0.0138851
v 0.0272521 0.0182213 0.0357923 0.796078 0.027451 0.027451
vn 0.3544412 0.7015993 -0.6181666
v 0.0137621 0.0275501 0.0286559 0.666667 0.000000 0.003922
vn 0.7321610 0.6072574 -0.3085104
v 0.0250375 0.0206335 0.0308919 0.650980 0.011765 0.015686
vn 0.2775737 0.7316307 -0.6226310
v 0.0121348 0.0282969 0.0287067 0.654902 0.003922 0.003922
vn 0.2489082 0.7651308 -0.5938179
v 0.0096852 0.0295344 0.0292783 0.639216 0.003922 0.003922
vn 0.2635046 0.8265561 -0.4973635
v 0.0093289 0.0292637 0.0286563 0.658824 0.007843 0.003922
vn 0.1964820 0.8035570 -0.5618640
v 0.0071048 0.0302091 0.0291427 0.639216 0.003922 0.003922
vn 0.1818812 0.9401690 -0.2881001
v 0.0068433 0.0298126 0.0281746 0.662745 0.007843 0.003922
vn 0.1160973 0.9375495 -0.3279062
v 0.0040071 0.0302946 0.0284156 0.658824 0.007843 0.007843
vn 0.1082249 0.9935016 -0.0352425
v 0.0036003 0.0300707 0.0230980 0.701961 0.074510 0.121569
vn 0.1746065 0.9839389 -0.0371054
v 0.0069520 0.0294799 0.0232025 0.713725 0.031373 0.023529
vn 0.1709129 0.9852788 -0.0038131
v 0.0066853 0.0294237 0.0142416 0.745098 0.647059 0.490196
vn 0.1013605 0.9947948 -0.0104626
v 0.0035513 0.0299787 0.0171477 0.690196 0.592157 0.435294
vn 0.1060905 0.9943565 -0.0001052
v 0.0036141 0.0299641 0.0074658 0.678431 0.584314 0.466667
vn 0.1588165 0.9873065 -0.0017692
v 0.0061498 0.0295461 0.0033027 0.772549 0.694118 0.549020
vn 0.0975029 0.9952326 -0.0023015
v 0.0034640 0.0299409 -0.0078279 0.682353 0.592157 0.478431
vn 0.1475565 0.9890481 -0.0033062
v 0.0066323 0.0294594 -0.0104821 0.780392 0.807843 0.670588
vn 0.1463924 0.9892241 -0.0022266
v 0.0061535 0.0294846 -0.0213241 0.768627 0.698039 0.560784
vn 0.0946444 0.9955035 -0.0038962
v 0.0035338 0.0298743 -0.0202745 0.698039 0.611765 0.486275
vn 0.1526226 0.9882582 -0.0072096
v 0.0067778 0.0293818 -0.0327270 0.764706 0.682353 0.545098
vn 0.0940789 0.9955520 -0.0050346
v 0.0033750 0.0299130 -0.0321802 0.717647 0.635294 0.501961
vn 0.1512466 0.9884229 -0.0120258
v 0.0065342 0.0293030 -0.0411557 0.776471 0.690196 0.533333
vn 0.0917169 0.9957346 -0.0100351
v 0.0033486 0.0297745 -0.0424617 0.749020 0.670588 0.529412
vn 0.1627621 0.9866522 0.0050939
v 0.0063686 0.0292167 -0.0531301 0.776471 0.694118 0.541176
vn 0.0944128 0.9953390 0.0196613
v 0.0036602 0.0296857 -0.0558992 0.776471 0.690196 0.533333
vn 0.1283812 0.9685940 0.2129411
v 0.0059968 0.0295497 -0.0617383 0.721569 0.062745 0.050980
vn 0.0751879 0.9293781 0.3613905
v 0.0039655 0.0298572 -0.0618953 0.690196 0.000000 0.000000
vn 0.0100727 0.9565325 -0.2914517
v 0.0002259 0.0305253 0.0282480 0.662745 0.011765 0.007843
vn -0.0051447 0.9999795 -0.0038150
v 0.0000968 0.0300853 -0.0121120 0.768627 0.686275 0.525490
vn -0.0102437 0.9999464 -0.0015333
v 0.0000831 0.0299949 -0.0244030 0.658824 0.541176 0.450980
vn -0.0055605 0.9999827 -0.0019070
v 0.0000760 0.0301222 0.0073670 0.749020 0.639216 0.478431
vn -0.0099625 0.9999000 -0.0100419
v -0.0001868 0.0301216 0.0173764 0.764706 0.666667 0.427451
vn -0.0101397 0.9999408 -0.0039624
v 0.0001055 0.0300282 -0.0323361 0.658824 0.498039 0.403922
vn -0.0091953 0.9992475 -0.0376826
v -0.0001014 0.0302341 0.0231375 0.701961 0.074510 0.094118
vn -0.0036357 0.9998847 0.0147424
v 0.0002680 0.0298166 -0.0557437 0.776471 0.690196 0.537255
vn -0.0090482 0.9999077 -0.0101409
v 0.0001038 0.0298705 -0.0426623 0.701961 0.458824 0.333333
vn -0.0015060 0.9570296 0.2899863
v 0.0004427 0.0300346 -0.0618686 0.682353 0.000000 0.000000
vn -0.1018520 0.9947570 -0.0092029
v -0.0036613 0.0296772 -0.0438185 0.701961 0.447059 0.321569
vn -0.1060428 0.9943579 -0.0027347
v -0.0034547 0.0298311 -0.0327780 0.650980 0.482353 0.384314
vn -0.0981325 0.9951679 -0.0033157
v -0.0033752 0.0296377 -0.0509877 0.721569 0.639216 0.517647
vn -0.0894364 0.9956664 0.0254886
v -0.0036564 0.0296905 -0.0578768 0.780392 0.686275 0.521569
vn -0.0877152 0.9578247 0.2736382
v -0.0033554 0.0298392 -0.0618408 0.713725 0.113725 0.066667
vn -0.1078995 0.9941507 -0.0047049
v -0.0035921 0.0298606 -0.0158797 0.752941 0.682353 0.529412
vn -0.1027861 0.9947031 0.0008783
v -0.0034231 0.0297916 -0.0272029 0.682353 0.607843 0.490196
vn -0.1087982 0.9940606 -0.0025353
v -0.0033428 0.0298929 -0.0036302 0.764706 0.674510 0.498039
vn -0.1049132 0.9944812 -0.0006606
v -0.0033694 0.0299378 0.0096302 0.760784 0.658824 0.447059
vn -0.1078547 0.9941123 -0.0103949
v -0.0034710 0.0299359 0.0173181 0.760784 0.650980 0.403922
vn -0.0922751 0.9454626 -0.3123874
v -0.0028770 0.0303644 0.0282472 0.662745 0.007843 0.007843
vn -0.1139824 0.9928272 -0.0360871
v -0.0034986 0.0300259 0.0232055 0.698039 0.035294 0.078431
vn -0.2015800 0.9794660 0.0034567
v -0.0063965 0.0291950 -0.0525202 0.737255 0.658824 0.517647
vn -0.1696443 0.9831450 -0.0681678
v -0.0056747 0.0299092 0.0271699 0.670588 0.007843 0.007843
vn -0.1881214 0.9423094 -0.2768815
v -0.0063505 0.0298879 0.0283001 0.666667 0.007843 0.007843
vn -0.2001183 0.9797687 -0.0024541
v -0.0062614 0.0293660 -0.0269823 0.654902 0.525490 0.447059
vn -0.2082983 0.9780644 -0.0013987
v -0.0064978 0.0294514 0.0073331 0.737255 0.639216 0.462745
vn -0.2068775 0.9783583 -0.0040884
v -0.0063701 0.0294492 0.0153929 0.760784 0.650980 0.403922
vn -0.1954935 0.9807039 -0.0014466
v -0.0063618 0.0294043 -0.0047466 0.756863 0.666667 0.494118
vn -0.2021477 0.9793541 -0.0014170
v -0.0063134 0.0294276 -0.0131812 0.756863 0.670588 0.513725
vn -0.1983756 0.9801029 -0.0067503
v -0.0062947 0.0292619 -0.0447320 0.705882 0.470588 0.356863
vn -0.2049988 0.9787437 -0.0060286
v -0.0061925 0.0293834 -0.0345685 0.635294 0.462745 0.372549
vn -0.2187785 0.9750208 -0.0383455
v -0.0065583 0.0295118 0.0234247 0.701961 0.050980 0.105882
vn -0.2145985 0.9259336 0.3107964
v -0.0062677 0.0293603 -0.0617884 0.752941 0.384314 0.290196
vn -0.2474245 0.9669086 -0.0622012
v -0.0080420 0.0292410 0.0253696 0.682353 0.003922 0.003922
vn -0.2547503 0.9670051 -0.0018750
v -0.0081948 0.0289684 -0.0036154 0.756863 0.670588 0.498039
vn -0.2431705 0.9699689 -0.0053317
v -0.0082921 0.0287671 -0.0440475 0.694118 0.427451 0.313725
vn -0.2518570 0.9677645 0.0000065
v -0.0095956 0.0283624 -0.0525097 0.745098 0.647059 0.521569
vn -0.2481612 0.9687085 -0.0044575
v -0.0094674 0.0286102 -0.0161595 0.701961 0.576471 0.450980
vn -0.2482017 0.9686949 -0.0051168
v -0.0095308 0.0285398 -0.0247921 0.631373 0.462745 0.403922
vn -0.2518237 0.9677641 -0.0041801
v -0.0096394 0.0284823 -0.0340978 0.643137 0.478431 0.380392
vn -0.2786447 0.9358387 0.2157849
v -0.0085546 0.0287029 -0.0617163 0.749020 0.403922 0.301961
vn -0.2754376 0.9080866 -0.3154568
v -0.0095446 0.0290270 0.0282140 0.666667 0.000000 0.000000
vn -0.2588395 0.9659199 0.0010102
v -0.0096451 0.0285948 0.0099906 0.752941 0.650980 0.435294
vn -0.2726692 0.9621078 -0.0001764
v -0.0097825 0.0285169 -0.0033164 0.756863 0.670588 0.509804
vn -0.2658520 0.9635530 -0.0298067
v -0.0095797 0.0286509 0.0230038 0.741176 0.345098 0.211765
vn -0.1887826 0.7847761 -0.5903285
v -0.0068013 0.0302381 0.0291196 0.654902 0.007843 0.007843
vn 0.1062713 0.7617558 -0.6390889
v 0.0042739 0.0309275 0.0293608 0.647059 0.011765 0.011765
vn -0.0048183 0.7855890 -0.6187299
v -0.0001962 0.0311407 0.0292815 0.650980 0.011765 0.011765
vn -0.0889994 0.7609803 -0.6426416
v -0.0032597 0.0311388 0.0294462 0.658824 0.011765 0.011765
vn -0.2648884 0.7959638 -0.5443122
v -0.0096610 0.0294084 0.0291312 0.650980 0.007843 0.007843
vn -0.0281543 0.9537546 0.2992650
v -0.0004070 0.0306557 -0.0629258 0.682353 0.000000 0.003922
vn 0.0590295 0.9268177 0.3708430
v 0.0016644 0.0304849 -0.0626479 0.678431 0.000000 0.003922
vn 0.0493042 0.9906025 0.1275768
v 0.0012178 0.0306850 -0.0634901 0.682353 0.000000 0.003922
vn 0.1369970 0.9790188 0.1508445
v 0.0047649 0.0303738 -0.0636485 0.690196 0.000000 0.003922
vn 0.1048254 0.8569073 0.5046995
v 0.0039374 0.0306822 -0.0653802 0.749020 0.011765 0.015686
vn 0.1712126 0.8062394 0.5662724
v 0.0070475 0.0300753 -0.0652932 0.721569 0.011765 0.011765
vn 0.1634088 0.9785284 0.1256173
v 0.0069994 0.0299185 -0.0630083 0.690196 0.000000 0.003922
vn 0.0029799 0.8857225 0.4642056
v 0.0003062 0.0308125 -0.0653338 0.713725 0.003922 0.003922
vn 0.0917191 0.8794561 0.4670595
v 0.0054144 0.0299435 -0.0621050 0.690196 0.000000 0.000000
vn -0.1318409 0.8687547 0.4773711
v -0.0036649 0.0306789 -0.0653911 0.717647 0.011765 0.019608
vn -0.1230606 0.9783949 0.1661316
v -0.0032614 0.0304766 -0.0635209 0.670588 0.000000 0.000000
vn -0.1623091 0.8970951 0.4109455
v -0.0055114 0.0299421 -0.0623446 0.674510 0.000000 0.000000
vn -0.2211201 0.9664317 0.1308269
v -0.0061898 0.0300127 -0.0634023 0.674510 0.000000 0.003922
vn -0.2025751 0.8820937 0.4252929
v -0.0061515 0.0301291 -0.0653483 0.717647 0.007843 0.015686
vn -0.2687088 0.9450938 0.1859932
v -0.0093589 0.0292156 -0.0652580 0.729412 0.011765 0.019608
vn -0.2815616 0.9393522 0.1958076
v -0.0092280 0.0291104 -0.0631761 0.678431 0.003922 0.007843
vn 0.4084126 0.6650859 -0.6251880
v 0.0154065 0.0266591 0.0287435 0.662745 0.000000 0.003922
vn -0.3195526 0.8559872 -0.4064137
v -0.0126753 0.0278266 0.0281697 0.690196 0.003922 0.003922
vn -0.2912580 0.7980742 -0.5274907
v -0.0128898 0.0281416 0.0289973 0.666667 0.007843 0.007843
vn -0.2707934 0.7291234 -0.6285301
v -0.0136333 0.0294592 0.0308367 0.658824 0.011765 0.011765
vn 0.1595109 0.8867983 0.4337569
v 0.0057750 0.0312191 -0.0660260 0.709804 0.000000 0.003922
vn 0.2425141 0.8676383 0.4340399
v 0.0081450 0.0305717 -0.0659610 0.713725 0.007843 0.007843
vn 0.2103989 0.9773917 0.0209238
v 0.0066924 0.0311468 -0.0685599 0.705882 0.007843 0.007843
vn 0.2603835 0.7798851 0.5691921
v 0.0110870 0.0296805 -0.0659116 0.705882 0.003922 0.003922
vn 0.2800775 0.9599558 0.0064563
v 0.0103045 0.0301149 -0.0707984 0.709804 0.007843 0.007843
vn 0.2422159 0.9701047 -0.0151137
v 0.0072639 0.0308783 -0.0782305 0.709804 0.007843 0.015686
vn 0.1573630 0.9874378 -0.0142648
v 0.0053908 0.0312532 -0.0790478 0.713725 0.007843 0.003922
vn 0.2097810 0.9681494 -0.1366700
v 0.0059979 0.0308794 -0.0964609 0.709804 0.007843 0.007843
vn 0.2658516 0.9637941 -0.0205876
v 0.0080968 0.0303959 -0.0941483 0.713725 0.011765 0.011765
vn 0.2702158 0.9571688 -0.1039781
v 0.0097885 0.0298508 -0.0963026 0.709804 0.007843 0.011765
vn 0.2854256 0.9582916 -0.0144745
v 0.0095937 0.0301083 -0.0833068 0.721569 0.011765 0.011765
vn 0.0879799 0.9961141 -0.0040401
v 0.0037676 0.0315300 -0.0728116 0.705882 0.000000 0.003922
vn 0.0877318 0.9960781 -0.0114698
v 0.0032811 0.0313380 -0.0893933 0.713725 0.003922 0.007843
vn 0.1032374 0.9911375 -0.0835973
v 0.0034149 0.0312954 -0.0963147 0.705882 0.007843 0.007843
vn 0.0753881 0.8856994 0.4580974
v 0.0035144 0.0314981 -0.0659396 0.705882 0.003922 0.003922
vn 0.2697252 0.8869722 -0.3748715
v 0.0098628 0.0295637 -0.0977234 0.713725 0.015686 0.019608
vn 0.1120820 0.9272746 -0.3572108
v 0.0037483 0.0309806 -0.0979097 0.709804 0.011765 0.015686
vn -0.0102101 0.9999096 -0.0087528
v 0.0003118 0.0314996 -0.0876358 0.709804 0.000000 0.003922
vn -0.0173934 0.9884422 -0.1505975
v 0.0001745 0.0314444 -0.0967211 0.705882 0.003922 0.007843
vn -0.0035496 0.9999233 -0.0118663
v 0.0005022 0.0316400 -0.0760435 0.709804 0.007843 0.007843
vn -0.0078252 0.9973592 0.0722044
v 0.0001244 0.0316714 -0.0667987 0.698039 0.003922 0.000000
vn -0.0641191 0.9979320 -0.0045343
v -0.0020238 0.0315753 -0.0715310 0.701961 0.003922 0.007843
vn -0.0943408 0.9954685 -0.0119307
v -0.0024364 0.0313243 -0.0859061 0.709804 0.007843 0.007843
vn -0.0391355 0.8658403 0.4987876
v -0.0010334 0.0315182 -0.0658872 0.701961 0.000000 0.003922
vn -0.1283423 0.9054721 0.4045351
v -0.0036301 0.0313784 -0.0660156 0.705882 0.003922 0.003922
vn -0.1331612 0.9910861 0.0040570
v -0.0040361 0.0314074 -0.0704698 0.701961 0.007843 0.003922
vn -0.1213822 0.9760424 -0.1805759
v -0.0028862 0.0311670 -0.0969688 0.701961 0.003922 0.007843
vn 0.2300526 0.9020457 -0.3652253
v 0.0077122 0.0297466 -0.0986517 0.705882 0.011765 0.011765
vn -0.1472863 0.9889920 -0.0142020
v -0.0039599 0.0311352 -0.0862418 0.709804 0.003922 0.007843
vn -0.0227915 0.9424417 -0.3335930
v 0.0001137 0.0308459 -0.0985832 0.713725 0.019608 0.019608
vn -0.2143456 0.9731063 -0.0843806
v -0.0063379 0.0305885 -0.0962100 0.705882 0.003922 0.007843
vn -0.2259392 0.9739865 -0.0173717
v -0.0066072 0.0307707 -0.0802229 0.709804 0.007843 0.011765
vn -0.2271546 0.9738256 0.0080317
v -0.0063695 0.0309790 -0.0707135 0.705882 0.003922 0.003922
vn -0.2158938 0.9763356 -0.0126009
v -0.0062423 0.0306949 -0.0888813 0.709804 0.007843 0.007843
vn 0.1649507 0.8709818 -0.4627982
v 0.0046573 0.0304171 -0.0986462 0.701961 0.015686 0.015686
vn -0.2077349 0.8714198 0.4443801
v -0.0068052 0.0306997 -0.0660392 0.698039 0.003922 0.007843
vn -0.2071857 0.9180459 -0.3380322
v -0.0061593 0.0303355 -0.0979022 0.705882 0.011765 0.019608
vn -0.2497936 0.9624035 -0.1066897
v -0.0093282 0.0298279 -0.0962348 0.709804 0.000000 0.000000
vn -0.2616926 0.9650689 -0.0126164
v -0.0095378 0.0298176 -0.0882241 0.709804 0.003922 0.003922
vn -0.1294301 0.9206080 -0.3684140
v -0.0036474 0.0304435 -0.0986343 0.717647 0.015686 0.019608
vn -0.2661006 0.9638899 -0.0103315
v -0.0090155 0.0302308 -0.0735960 0.709804 0.007843 0.007843
vn -0.2784787 0.9602592 -0.0187611
v -0.0096260 0.0299096 -0.0794865 0.705882 0.000000 0.000000
vn -0.2748030 0.9612462 0.0221188
v -0.0090852 0.0301706 -0.0693209 0.709804 0.007843 0.007843
vn 0.2821321 0.8240671 -0.4912383
v 0.0118536 0.0283155 -0.0986738 0.729412 0.019608 0.027451
vn -0.2697311 0.8813736 -0.3878475
v -0.0099467 0.0293834 -0.0976689 0.713725 0.011765 0.015686
vn -0.2321445 0.8513327 -0.4704696
v -0.0072122 0.0295421 -0.0988344 0.713725 0.023529 0.019608
vn -0.3116569 0.8355340 -0.4524964
v -0.0104985 0.0286355 -0.0986697 0.713725 0.019608 0.019608
vn -0.3388161 0.8336649 -0.4361266
v -0.0130157 0.0276705 -0.0985589 0.721569 0.023529 0.023529
vn 0.1880251 0.6416287 0.7436123
v 0.0098204 0.0292851 -0.0652428 0.737255 0.007843 0.011765
vn 0.2765079 0.6320273 0.7239370
v 0.0116322 0.0286118 -0.0651869 0.741176 0.011765 0.015686
vn 0.2572210 0.5828570 0.7707886
v 0.0132413 0.0279090 -0.0652437 0.749020 0.007843 0.015686
vn 0.2586281 0.5869653 0.7671918
v 0.0132554 0.0288147 -0.0659177 0.713725 0.003922 0.003922
vn 0.3258564 0.6120310 0.7205801
v 0.0149764 0.0269610 -0.0651216 0.745098 0.015686 0.019608
vn 0.3980633 0.6251885 0.6713308
v 0.0163561 0.0263884 -0.0652764 0.745098 0.011765 0.015686
vn 0.3748567 0.6484246 0.6625920
v 0.0155293 0.0276217 -0.0660155 0.709804 0.000000 0.000000
vn 0.4264280 0.5904339 0.6852350
v 0.0175776 0.0263504 -0.0660019 0.705882 0.000000 0.000000
vn 0.4391173 0.5773721 0.6883441
v 0.0212176 0.0232829 -0.0657575 0.725490 0.011765 0.011765
vn 0.4493571 0.5868966 0.6735211
v 0.0196128 0.0248697 -0.0660694 0.713725 0.003922 0.003922
vn 0.4373723 0.5786741 0.6883618
v 0.0189183 0.0245080 -0.0653236 0.756863 0.007843 0.011765
vn 0.3989094 0.5246693 0.7520596
v 0.0172071 0.0255505 -0.0651432 0.756863 0.011765 0.015686
vn 0.5821848 0.8123727 0.0333376
v 0.0128327 0.0188540 0.0971267 0.992157 0.992157 0.988235
vn 0.9181263 0.3910102 0.0644611
v 0.0132618 0.0183671 0.0973292 0.988235 0.992157 0.992157
vn 0.8540096 0.4850369 -0.1881670
v 0.0132219 0.0182836 0.0867128 0.988235 0.984314 0.984314
vn 0.6521313 0.7545926 -0.0729027
v 0.0124024 0.0190653 0.0873431 0.988235 0.992157 0.992157
vn 0.6964802 0.7067127 0.1243886
v 0.0123768 0.0188852 0.0996927 0.882353 0.854902 0.850980
vn 0.5434005 0.8394557 -0.0054934
v 0.0122490 0.0191837 0.0897803 0.988235 0.992157 0.992157
vn 0.5014100 0.8620917 0.0733890
v 0.0121730 0.0190841 0.0989310 0.988235 0.988235 0.988235
vn 0.9526243 0.2974935 0.0632826
v 0.0131031 0.0180212 0.0997602 0.392157 0.392157 0.388235
vn 0.7249178 0.5396624 -0.4280871
v 0.0127982 0.0182788 0.0859576 0.976471 0.968627 0.968627
vn 0.9375977 0.2367257 -0.2546988
v 0.0132615 0.0176709 0.0862974 0.949020 0.921569 0.917647
vn 0.9259626 0.3760966 0.0338308
v 0.0137197 0.0158399 0.0859000 0.882353 0.670588 0.670588
vn 0.9870440 0.1498480 0.0573572
v 0.0130596 0.0168562 0.0881734 0.988235 0.988235 0.992157
vn 0.9230064 0.3843177 0.0189505
v 0.0131541 0.0163427 0.0915724 0.988235 0.992157 0.992157
vn 0.9433417 0.3315318 -0.0138972
v 0.0130748 0.0162982 0.0967905 0.988235 0.992157 0.996078
vn 0.8919271 0.4518233 -0.0179360
v 0.0161992 0.0107934 0.0871048 0.984314 0.984314 0.984314
vn 0.8894523 0.4563415 0.0250411
v 0.0152487 0.0123916 0.0896400 0.988235 0.988235 0.992157
vn 0.8897012 0.4552796 0.0339434
v 0.0174420 0.0081317 0.0887481 0.988235 0.984314 0.988235
vn 0.8989042 0.4372572 -0.0278831
v 0.0187507 0.0057188 0.0952153 0.992157 0.996078 0.996078
vn 0.9018022 0.4308573 0.0333879
v 0.0192405 0.0045210 0.0892995 0.988235 0.988235 0.988235
vn 0.8762141 0.4805653 -0.0361370
v 0.0202902 0.0024055 0.0953541 0.988235 0.992157 0.992157
vn 0.8572066 0.5142454 0.0273598
v 0.0203184 0.0020859 0.0898542 0.988235 0.988235 0.988235
vn 0.8930630 0.4498287 -0.0096234
v 0.0186081 0.0061785 0.0975120 0.992157 0.992157 0.992157
vn 0.7572278 0.6529070 0.0178466
v 0.0207676 0.0019404 0.0989093 0.992157 0.988235 0.992157
vn 0.8720170 0.4892745 -0.0140332
v 0.0140415 0.0146921 0.0963274 0.992157 0.988235 0.992157
vn 0.8833427 0.4685847 -0.0115806
v 0.0170759 0.0091983 0.0982598 0.992157 0.992157 0.996078
vn 0.8898409 0.4559266 0.0177246
v 0.0177416 0.0078594 0.0997005 0.890196 0.894118 0.890196
vn 0.8965535 0.4426516 0.0158575
v 0.0188753 0.0055608 0.0996484 0.701961 0.694118 0.698039
vn 0.6890492 0.7095466 0.1474955
v 0.0207642 0.0017329 0.0998404 0.698039 0.694118 0.698039
vn 0.9335548 0.3411292 -0.1100290
v 0.0131889 0.0164446 0.0996295 0.654902 0.654902 0.654902
vn 0.8836206 0.4565031 0.1040175
v 0.0152521 0.0124010 0.0996972 1.000000 1.000000 1.000000
vn 0.8953991 0.4431404 -0.0434410
v 0.0191429 0.0051261 0.0870140 0.992157 0.992157 0.992157
vn 0.8360195 0.5486419 0.0079749
v 0.0203324 0.0026189 0.0870044 0.988235 0.992157 0.988235
vn 0.9917743 0.1041311 -0.0744349
v 0.0130088 0.0168295 0.0991035 1.000000 1.000000 1.000000
vn 0.8836033 0.4581798 -0.0965219
v 0.0174151 0.0082479 0.0860083 0.866667 0.803922 0.800000
vn 0.8920947 0.4392605 -0.1059121
v 0.0157889 0.0113575 0.0859883 0.874510 0.792157 0.792157
vn 0.8965194 0.3934052 -0.2036798
v 0.0146194 0.0137878 0.0859350 0.886275 0.796078 0.803922
vn 0.6440300 0.7637030 -0.0445329
v 0.0209212 0.0015458 0.0971076 0.988235 0.988235 0.992157
vn 0.8209280 0.5588861 -0.1171484
v 0.0201517 0.0026807 0.0859860 0.866667 0.784314 0.784314
vn 0.8825783 0.4356987 -0.1766982
v 0.0190737 0.0048840 0.0860711 0.894118 0.819608 0.819608
vn 0.5260159 0.8495194 0.0402995
v 0.0208500 0.0014048 0.0894576 0.988235 0.984314 0.988235
vn 0.7191367 0.6943160 -0.0277095
v 0.0211201 0.0017054 0.0860264 0.870588 0.776471 0.788235
vn 0.5745294 0.8137525 0.0878804
v 0.0213371 0.0013112 0.0879911 0.984314 0.980392 0.980392
vn 0.9918153 -0.1275104 0.0066024
v 0.0133180 0.0177472 0.0967578 0.984314 0.988235 0.984314
vn 0.6922713 0.7162274 0.0881984
v 0.0217621 0.0012999 0.0995271 0.992157 0.988235 0.992157
vn 0.9548345 -0.2971289 0.0023632
v 0.0130929 0.0173640 0.0906793 0.988235 0.988235 0.988235
vn 0.7831509 0.6215912 -0.0172951
v 0.0221843 0.0008721 0.0877522 0.992157 0.992157 0.992157
vn 0.8109969 0.5723539 -0.1212230
v 0.0222571 0.0004189 0.0860993 0.890196 0.925490 0.917647
vn 0.9522938 0.3038935 -0.0280224
v 0.0225178 -0.0000589 0.0889908 0.992157 0.992157 0.992157
vn 0.9245566 0.3809481 -0.0085789
v 0.0226111 0.0000378 0.0935368 0.996078 0.992157 0.996078
vn 0.7399893 0.6726009 0.0048928
v 0.0222552 0.0009327 0.0957162 0.988235 0.984314 0.992157
vn 0.8849304 0.4437328 0.1414194
v 0.0223952 0.0003525 0.0986782 0.992157 0.988235 0.992157
vn 0.8948564 0.3518967 0.2745920
v 0.0223529 -0.0003364 0.0996986 0.992157 0.933333 0.933333
vn -0.9905210 -0.0080162 -0.1371274
v -0.0130623 -0.0165579 0.0979086 0.980392 0.980392 0.980392
vn -0.8718168 -0.4896276 -0.0141587
v -0.0138098 -0.0154015 0.0963505 0.992157 0.988235 0.988235
vn -0.9929796 -0.1181738 0.0051420
v -0.0131836 -0.0165529 0.0937140 0.988235 0.988235 0.988235
vn -0.9908633 -0.1273134 0.0445121
v -0.0132163 -0.0166289 0.0891054 0.976471 0.968627 0.976471
vn -0.8959295 -0.4419359 0.0447554
v -0.0150770 -0.0128076 0.0889056 0.980392 0.980392 0.980392
vn -0.8890542 -0.4576158 -0.0130577
v -0.0152435 -0.0125592 0.0953649 0.988235 0.988235 0.988235
vn -0.8868703 -0.4607793 0.0338164
v -0.0161933 -0.0105854 0.0890343 0.980392 0.980392 0.980392
vn -0.8799385 -0.4750251 0.0077097
v -0.0165215 -0.0102287 0.0981855 0.988235 0.988235 0.988235
vn -0.8894609 -0.4550681 0.0421004
v -0.0155395 -0.0120678 0.0996400 1.000000 1.000000 1.000000
vn -0.8924871 -0.4510582 -0.0036356
v -0.0180509 -0.0074610 0.0995990 0.996078 1.000000 1.000000
vn -0.8853817 -0.4644923 -0.0186071
v -0.0179275 -0.0075008 0.0914093 0.988235 0.984314 0.984314
vn -0.8986005 -0.4316951 0.0784636
v -0.0147056 -0.0138627 0.0989458 0.980392 0.980392 0.980392
vn -0.9081215 -0.4154878 -0.0518197
v -0.0136284 -0.0160424 0.0988773 0.980392 0.980392 0.980392
vn -0.9650880 -0.2457701 0.0905665
v -0.0134039 -0.0164876 0.0996521 0.976471 0.976471 0.980392
vn -0.8989729 -0.4379919 0.0032896
v -0.0186777 -0.0060924 0.0996650 0.760784 0.768627 0.784314
vn -0.8884720 -0.4574136 0.0372877
v -0.0192445 -0.0048205 0.0888853 0.980392 0.976471 0.976471
vn -0.8826422 -0.4698428 -0.0138036
v -0.0203654 -0.0026444 0.0951642 0.988235 0.988235 0.988235
vn -0.8626854 -0.5020297 0.0611568
v -0.0204064 -0.0024660 0.0890197 0.976471 0.976471 0.976471
vn -0.8823375 -0.4700711 0.0226650
v -0.0181365 -0.0068740 0.0888923 0.976471 0.976471 0.976471
vn -0.8729156 -0.4873972 0.0215045
v -0.0199113 -0.0037910 0.0988165 0.984314 0.980392 0.980392
vn -0.7763466 -0.6265642 -0.0685806
v -0.0208454 -0.0018699 0.0974571 0.988235 0.988235 0.988235
vn -0.5151926 -0.8569817 -0.0126123
v -0.0210668 -0.0013943 0.0945915 0.984314 0.984314 0.984314
vn -0.8785925 -0.4755110 0.0443230
v -0.0165374 -0.0100596 0.0996838 0.847059 0.870588 0.862745
vn -0.7641068 -0.6420774 -0.0622705
v -0.0209323 -0.0020775 0.0996160 1.000000 1.000000 1.000000
vn -0.8932603 -0.4494044 0.0110382
v -0.0156169 -0.0120101 0.0874207 0.976471 0.968627 0.976471
vn -0.8823220 -0.4686003 -0.0438378
v -0.0179464 -0.0075486 0.0872052 0.976471 0.968627 0.972549
vn -0.8423056 -0.4450423 -0.3040700
v -0.0163949 -0.0103735 0.0864407 0.901961 0.843137 0.839216
vn -0.8940061 -0.4312956 -0.1213974
v -0.0151602 -0.0127413 0.0862362 0.925490 0.866667 0.866667
vn -0.9473825 -0.3192047 0.0239765
v -0.0137501 -0.0159114 0.0871416 0.976471 0.968627 0.976471
vn -0.8734300 -0.4868819 -0.0081334
v -0.0201673 -0.0033800 0.0871449 0.980392 0.968627 0.972549
vn -0.6750787 -0.7351359 0.0619999
v -0.0211398 -0.0013542 0.0891929 0.976471 0.968627 0.972549
vn -0.9375671 -0.3291127 -0.1124849
v -0.0137186 -0.0156918 0.0860202 0.894118 0.796078 0.796078
vn -0.8668938 -0.4648403 -0.1800520
v -0.0190003 -0.0053553 0.0863607 0.929412 0.882353 0.878431
vn -0.7261522 -0.6062522 -0.3242857
v -0.0207303 -0.0020571 0.0860421 0.913725 0.843137 0.843137
vn -0.9733428 0.1767209 -0.1461969
v -0.0133472 -0.0169394 0.0983762 0.972549 0.972549 0.976471
vn -0.8664458 -0.4798651 0.1378449
v -0.0197064 -0.0038821 0.0997868 0.956863 0.956863 0.956863
vn -0.7400618 -0.6694527 -0.0643554
v -0.0210650 -0.0020038 0.0867273 0.988235 0.964706 0.960784
vn -0.8420587 -0.4226278 -0.3351460
v -0.0178866 -0.0073254 0.0862741 0.850980 0.752941 0.745098
vn -0.8631281 -0.4340378 -0.2581108
v -0.0175066 -0.0078611 0.0859866 0.878431 0.803922 0.800000
vn -0.8484295 -0.4602813 0.2613591
v -0.0147664 -0.0132606 0.0998089 0.988235 0.988235 0.988235
vn -0.9411353 -0.3295480 -0.0752497
v -0.0134444 -0.0176144 0.0870248 0.976471 0.956863 0.952941
vn -0.9043913 -0.3883927 -0.1767126
v -0.0131878 -0.0177797 0.0861234 0.921569 0.862745 0.858824
vn -0.8681614 -0.4953642 -0.0301682
v -0.0133134 -0.0183004 0.0890660 0.980392 0.976471 0.980392
vn -0.8372595 -0.5347292 -0.1142861
v -0.0127115 -0.0187278 0.0866561 0.980392 0.980392 0.980392
vn -0.9943074 -0.0752238 0.0754598
v -0.0135109 -0.0175104 0.0986782 0.976471 0.976471 0.976471
vn -0.8974060 -0.4372183 0.0591834
v -0.0133784 -0.0181781 0.0978818 0.984314 0.984314 0.984314
vn -0.8228470 -0.5682631 0.0000328
v -0.0130110 -0.0187455 0.0927120 0.984314 0.984314 0.980392
vn -0.8745715 -0.4393055 0.2052690
v -0.0131747 -0.0179645 0.0996538 0.980392 0.949020 0.960784
vn -0.7713290 -0.6291223 0.0962116
v -0.0129193 -0.0187457 0.0978998 0.984314 0.984314 0.980392
vn -0.7436407 -0.6442634 0.1786712
v -0.0124682 -0.0187577 0.0997339 1.000000 1.000000 1.000000
vn -0.7093332 -0.6373789 -0.3009893
v -0.0217490 -0.0013879 0.0864755 0.937255 0.894118 0.894118
vn -0.5214700 -0.8509542 -0.0628174
v -0.0213599 -0.0014047 0.0970919 0.984314 0.984314 0.984314
vn -0.7408395 -0.6694394 -0.0548417
v -0.0219425 -0.0012582 0.0996582 0.443137 0.486275 0.454902
vn -0.6390376 -0.3170671 -0.7007849
v -0.0181319 -0.0063236 0.0860445 0.886275 0.803922 0.796078
vn -0.7403359 -0.4196047 -0.5251996
v -0.0163836 -0.0099245 0.0860659 0.909804 0.854902 0.850980
vn -0.7286066 -0.3403344 -0.5943946
v -0.0157554 -0.0109814 0.0860049 0.858824 0.768627 0.760784
vn -0.6615763 -0.7498667 0.0040987
v -0.0223146 -0.0006772 0.0894315 0.984314 0.984314 0.984314
vn -0.8066705 -0.5389892 -0.2424322
v -0.0225336 -0.0003124 0.0867090 0.968627 0.964706 0.960784
vn -0.7100865 -0.7040462 -0.0098029
v -0.0226619 -0.0004079 0.0938966 0.996078 0.996078 0.984314
vn -0.6021448 -0.7982964 -0.0120215
v -0.0219467 -0.0011734 0.0975465 0.988235 0.988235 0.988235
vn -0.8378254 -0.5458465 -0.0100129
v -0.0223207 -0.0006393 0.0997192 0.592157 0.631373 0.631373
vn -0.7186204 -0.4629911 -0.5188681
v -0.0224438 0.0002065 0.0860151 0.968627 0.937255 0.933333
vn 0.0127307 -0.0541322 -0.9984527
v 0.0008136 0.0016195 -0.0942100 0.654902 0.000000 0.015686
vn -0.0096555 0.0224102 -0.9997023
v 0.0013705 -0.0007461 -0.0941790 0.658824 0.003922 0.019608
vn 0.0735810 0.0297040 -0.9968468
v -0.0014015 -0.0012142 -0.0942758 0.654902 0.003922 0.015686
vn 0.1508538 0.0010054 -0.9885556
v -0.0048071 -0.0002138 -0.0946121 0.654902 0.000000 0.011765
vn 0.1313510 -0.0690599 -0.9889275
v -0.0041186 0.0023578 -0.0946392 0.650980 0.000000 0.015686
vn 0.0833691 -0.1131686 -0.9900720
v -0.0019556 0.0045593 -0.0945975 0.647059 0.003922 0.019608
vn 0.0151434 -0.1372726 -0.9904176
v 0.0004374 0.0055306 -0.0946073 0.650980 0.000000 0.015686
vn 0.1256622 -0.1656361 -0.9781482
v -0.0038628 0.0073180 -0.0951963 0.654902 0.000000 0.015686
vn 0.1984076 -0.1032721 -0.9746637
v -0.0071985 0.0042652 -0.0953468 0.654902 0.000000 0.015686
vn 0.0235609 -0.1936869 -0.9807805
v 0.0003529 0.0086005 -0.0951269 0.650980 0.000000 0.015686
vn 0.0469550 -0.2395722 -0.9697425
v -0.0008851 0.0111007 -0.0957467 0.650980 0.000000 0.019608
vn 0.1189921 -0.2148806 -0.9693644
v -0.0044384 0.0105173 -0.0959273 0.654902 0.000000 0.015686
vn -0.0609131 -0.1354598 -0.9889086
v 0.0048039 0.0056210 -0.0947225 0.650980 0.000000 0.015686
vn -0.0333969 -0.2315467 -0.9722504
v 0.0030432 0.0103743 -0.0955378 0.650980 0.000000 0.015686
vn -0.0854962 -0.0280354 -0.9959440
v 0.0062307 0.0006882 -0.0944078 0.650980 0.000000 0.011765
vn -0.1442558 -0.1121719 -0.9831622
v 0.0082887 0.0043519 -0.0949083 0.647059 0.000000 0.011765
vn -0.1324067 -0.2012769 -0.9705442
v 0.0075821 0.0085546 -0.0954828 0.647059 0.003922 0.019608
vn -0.1020147 -0.2437154 -0.9644666
v 0.0064546 0.0110775 -0.0959306 0.647059 0.000000 0.007843
vn 0.1151711 -0.2672437 -0.9567217
v -0.0055532 0.0153912 -0.0972635 0.662745 0.000000 0.015686
vn 0.0615857 -0.2841607 -0.9567967
v -0.0027360 0.0157743 -0.0971074 0.662745 0.003922 0.011765
vn -0.0012165 -0.3013284 -0.9535197
v 0.0001284 0.0163520 -0.0971923 0.662745 0.000000 0.011765
vn 0.1582994 -0.2255667 -0.9612809
v -0.0073830 0.0130041 -0.0969203 0.662745 0.000000 0.011765
vn 0.1905697 -0.1804117 -0.9649533
v -0.0083549 0.0106274 -0.0965922 0.654902 0.000000 0.011765
vn -0.0641387 -0.3004076 -0.9516520
v 0.0047143 0.0154982 -0.0970876 0.658824 0.000000 0.011765
vn 0.0706094 -0.2566068 -0.9639333
v -0.0062992 0.0217069 -0.0993483 0.674510 0.000000 0.015686
vn 0.0535963 -0.3361578 -0.9402795
v -0.0030659 0.0213103 -0.0989886 0.666667 0.000000 0.011765
vn 0.0078090 -0.2559512 -0.9666582
v -0.0005667 0.0226074 -0.0993346 0.670588 0.000000 0.015686
vn 0.0436761 -0.1610279 -0.9859830
v -0.0070929 0.0231983 -0.0997075 0.682353 0.003922 0.011765
vn 0.0029593 -0.1036323 -0.9946113
v -0.0001286 0.0254752 -0.0998863 0.682353 0.007843 0.015686
vn 0.1175656 -0.2453007 -0.9622921
v -0.0105128 0.0200985 -0.0993451 0.674510 0.003922 0.015686
vn 0.0909845 -0.1301856 -0.9873062
v -0.0146879 0.0198351 -0.0997308 0.682353 0.007843 0.015686
vn 0.1564327 -0.1948297 -0.9682822
v -0.0139727 0.0180224 -0.0993240 0.674510 0.007843 0.023529
vn -0.0300002 -0.1573651 -0.9870847
v 0.0062599 0.0241822 -0.0997971 0.674510 0.007843 0.011765
vn -0.0445295 -0.2193695 -0.9746252
v 0.0055795 0.0227408 -0.0995137 0.670588 0.003922 0.011765
vn -0.0566472 -0.2995400 -0.9524006
v 0.0051527 0.0209391 -0.0989823 0.666667 0.000000 0.015686
vn -0.0080836 0.0220264 -0.9997247
v -0.0107449 0.0252349 -0.1000400 0.698039 0.015686 0.023529
vn 0.0008549 0.0061817 -0.9999806
v 0.0117155 0.0249706 -0.1000119 0.694118 0.019608 0.027451
vn 0.0489068 -0.0866631 -0.9950365
v -0.0105560 0.0232852 -0.0999062 0.690196 0.007843 0.015686
vn 0.0121054 -0.0155720 -0.9998055
v -0.0164314 0.0217865 -0.1000196 0.701961 0.019608 0.027451
vn -0.0654900 -0.1292666 -0.9894450
v 0.0119998 0.0223813 -0.0998192 0.678431 0.003922 0.011765
vn -0.1029958 -0.2521922 -0.9621804
v 0.0104326 0.0203070 -0.0992590 0.666667 0.003922 0.015686
vn -0.1437465 -0.2657065 -0.9532771
v 0.0087002 0.0132795 -0.0968231 0.658824 0.003922 0.015686
vn 0.1794453 -0.1553107 -0.9714310
v -0.0165603 0.0157939 -0.0993927 0.670588 0.003922 0.011765
vn 0.1148268 -0.0923980 -0.9890791
v -0.0186684 0.0162319 -0.0997592 0.678431 0.003922 0.011765
vn 0.0211333 -0.0217065 -0.9995410
v -0.0186824 0.0193610 -0.1000268 0.701961 0.019608 0.023529
vn 0.0125398 -0.0034582 -0.9999154
v -0.0214844 0.0167316 -0.1000338 0.701961 0.015686 0.019608
vn 0.2200489 -0.1114688 -0.9690992
v -0.0194656 0.0112113 -0.0993648 0.674510 0.000000 0.015686
vn 0.2409081 -0.1457678 -0.9595391
v -0.0149584 0.0102635 -0.0980298 0.662745 0.000000 0.015686
vn 0.2355713 -0.1220150 -0.9641673
v -0.0113301 0.0060474 -0.0965234 0.662745 0.000000 0.015686
vn 0.1486265 -0.0484700 -0.9877049
v -0.0221713 0.0098893 -0.0997528 0.682353 0.003922 0.011765
vn 0.0744457 -0.0341512 -0.9966401
v -0.0232673 0.0112877 -0.0999418 0.698039 0.015686 0.023529
vn -0.1394327 -0.2037489 -0.9690433
v 0.0140992 0.0191425 -0.0994942 0.662745 0.003922 0.015686
vn -0.0740372 -0.0851773 -0.9936113
v 0.0174752 0.0199769 -0.0999574 0.682353 0.011765 0.015686
vn 0.0005906 0.0116668 -0.9999318
v 0.0154154 0.0226757 -0.1000171 0.686275 0.011765 0.019608
vn 0.0090136 0.0075473 -0.9999309
v 0.0198304 0.0193305 -0.1000382 0.686275 0.019608 0.027451
vn -0.1139808 -0.0965086 -0.9887844
v 0.0197735 0.0167729 -0.0998745 0.670588 0.007843 0.015686
vn -0.1918074 -0.1963842 -0.9615837
v 0.0168686 0.0161439 -0.0993244 0.658824 0.000000 0.007843
vn -0.2073657 -0.1836437 -0.9608718
v 0.0108633 0.0080625 -0.0959767 0.647059 0.000000 0.011765
vn -0.2066794 -0.2341837 -0.9499694
v 0.0119810 0.0121126 -0.0971599 0.654902 0.000000 0.015686
vn -0.2508637 -0.1969514 -0.9477751
v 0.0137164 0.0098958 -0.0970740 0.650980 0.000000 0.011765
vn -0.0297312 -0.0109825 -0.9994976
v 0.0228686 0.0149227 -0.1000286 0.674510 0.007843 0.019608
vn -0.1425062 -0.0846745 -0.9861655
v 0.0220920 0.0133042 -0.0998385 0.666667 0.011765 0.019608
vn -0.2094299 -0.1351210 -0.9684428
v 0.0208180 0.0122302 -0.0994935 0.658824 0.000000 0.007843
vn -0.0121624 0.0036786 -0.9999193
v -0.0247419 0.0120439 -0.1000211 0.705882 0.019608 0.023529
vn 0.1652775 -0.0171995 -0.9860972
v -0.0238080 0.0033706 -0.0997977 0.682353 0.007843 0.015686
vn -0.0418196 0.1760558 -0.9834915
v -0.0059897 0.0279548 -0.0999921 0.705882 0.023529 0.031373
vn 0.0445073 0.1877729 -0.9812036
v 0.0059770 0.0280284 -0.0999619 0.698039 0.015686 0.023529
vn 0.0174386 0.0486913 -0.9986616
v 0.0083452 0.0266338 -0.0999450 0.705882 0.015686 0.019608
vn 0.2487556 -0.0520805 -0.9671651
v -0.0218451 0.0050194 -0.0994385 0.670588 0.000000 0.011765
vn -0.1251383 -0.0542667 -0.9906542
v 0.0255208 0.0070083 -0.0998913 0.674510 0.007843 0.019608
vn 0.0133295 -0.0006363 -0.9999110
v 0.0255416 0.0108264 -0.1000325 0.686275 0.015686 0.027451
vn 0.0725905 0.0106891 -0.9973046
v 0.0282016 0.0055562 -0.1000195 0.690196 0.019608 0.023529
vn -0.1576378 -0.0057766 -0.9874802
v 0.0267058 0.0016475 -0.0998450 0.674510 0.003922 0.011765
vn -0.1842791 -0.0239876 -0.9825813
v 0.0099946 0.0001539 -0.0948927 0.654902 0.000000 0.015686
vn -0.2235604 -0.1071028 -0.9687878
v 0.0112209 0.0038419 -0.0954363 0.647059 0.000000 0.011765
vn -0.2493200 -0.1003040 -0.9632127
v 0.0234739 0.0059320 -0.0994107 0.666667 0.007843 0.015686
vn 0.1424839 0.0920986 -0.9855030
v 0.0246585 0.0148775 -0.0999901 0.698039 0.023529 0.031373
vn -0.2834280 -0.1622565 -0.9451674
v 0.0194762 0.0095794 -0.0986551 0.658824 0.003922 0.015686
vn -0.2696570 -0.0546598 -0.9614040
v 0.0244004 0.0028556 -0.0993830 0.666667 0.003922 0.015686
vn -0.2163260 0.1178235 -0.9691856
v -0.0250688 0.0139000 -0.0999486 0.717647 0.023529 0.031373
vn -0.2329351 0.1599813 -0.9592431
v -0.0234930 0.0166574 -0.0999359 0.698039 0.023529 0.027451
vn -0.1457510 0.1747487 -0.9737657
v -0.0175846 0.0225107 -0.0999544 0.709804 0.023529 0.027451
vn -0.1980843 0.1907675 -0.9614418
v -0.0208682 0.0198510 -0.0999074 0.705882 0.015686 0.019608
vn -0.1408243 0.2285848 -0.9632847
v -0.0155299 0.0241775 -0.0999312 0.705882 0.019608 0.023529
vn -0.0919399 0.0771408 -0.9927721
v 0.0067828 -0.0034078 -0.0945646 0.654902 0.000000 0.019608
vn 0.0896741 0.0046824 -0.9959602
v -0.0252234 -0.0015091 -0.0999492 0.690196 0.003922 0.015686
vn -0.1848323 -0.0002239 -0.9827701
v -0.0283502 0.0011828 -0.1000088 0.713725 0.023529 0.031373
vn -0.0711103 -0.0166257 -0.9973299
v -0.0274034 -0.0061153 -0.1000224 0.713725 0.015686 0.023529
vn -0.2345014 0.0962852 -0.9673356
v -0.0262156 0.0114388 -0.0999462 0.709804 0.023529 0.031373
vn 0.0458117 0.0097862 -0.9989022
v -0.0250004 -0.0088317 -0.1000342 0.709804 0.015686 0.027451
vn -0.0623347 -0.0387114 -0.9973043
v -0.0247389 -0.0128968 -0.0999939 0.725490 0.023529 0.031373
vn 0.1019573 0.0593251 -0.9930183
v -0.0217439 -0.0134952 -0.0998800 0.701961 0.015686 0.023529
vn 0.2454769 0.1054041 -0.9636551
v 0.0272671 0.0111868 -0.0998671 0.686275 0.019608 0.023529
vn -0.2840576 -0.1244538 -0.9506959
v -0.0261764 -0.0123421 -0.0998211 0.725490 0.027451 0.031373
vn -0.3164871 -0.0742616 -0.9456856
v -0.0280362 -0.0062873 -0.0999275 0.725490 0.027451 0.039216
vn 0.2164208 0.1667947 -0.9619468
v 0.0236771 0.0172371 -0.0998713 0.690196 0.019608 0.019608
vn 0.1597396 0.0389559 -0.9863903
v -0.0231026 -0.0076209 -0.0997666 0.698039 0.007843 0.019608
vn -0.0277975 -0.0160954 -0.9994841
v -0.0217822 -0.0165433 -0.1000240 0.717647 0.019608 0.035294
vn 0.0652158 0.0585947 -0.9961494
v -0.0197225 -0.0176701 -0.0999876 0.709804 0.019608 0.027451
vn -0.0072369 -0.0007919 -0.9999735
v -0.0171752 -0.0210422 -0.1000346 0.705882 0.019608 0.027451
vn -0.1781049 -0.1805389 -0.9673078
v -0.0198256 -0.0210091 -0.0998507 0.725490 0.023529 0.023529
vn -0.1264922 -0.1886007 -0.9738735
v -0.0154819 -0.0243224 -0.0998899 0.701961 0.015686 0.023529
vn -0.0215532 -0.0328807 -0.9992269
v -0.0123053 -0.0245735 -0.1000610 0.690196 0.011765 0.019608
vn 0.0390037 0.1056549 -0.9936377
v 0.0001322 -0.0033665 -0.0943609 0.643137 0.000000 0.011765
vn -0.1901780 -0.1588978 -0.9688054
v -0.0218652 -0.0186751 -0.0998537 0.721569 0.031373 0.043137
vn -0.2480948 -0.1535221 -0.9564936
v -0.0242430 -0.0155906 -0.0998478 0.729412 0.031373 0.035294
vn 0.1702528 0.1791732 -0.9689742
v 0.0206892 0.0203043 -0.0999153 0.694118 0.019608 0.019608
vn 0.1558001 0.2125795 -0.9646431
v 0.0178178 0.0228693 -0.0998844 0.690196 0.011765 0.011765
vn 0.1537809 0.2432845 -0.9576868
v 0.0157324 0.0243901 -0.0998489 0.698039 0.023529 0.023529
vn 0.1005298 0.1944559 -0.9757462
v 0.0129013 0.0256757 -0.0999248 0.698039 0.015686 0.023529
vn -0.1068949 -0.2421820 -0.9643244
v -0.0120996 -0.0265515 -0.0998207 0.701961 0.019608 0.023529
vn -0.0817361 -0.2244944 -0.9710415
v -0.0079155 -0.0279093 -0.0999062 0.694118 0.015686 0.019608
vn -0.0089477 -0.0633733 -0.9979498
v -0.0047107 -0.0276101 -0.1000427 0.690196 0.015686 0.023529
vn 0.0158543 0.0886009 -0.9959410
v -0.0037004 -0.0254063 -0.0999797 0.674510 0.007843 0.011765
vn 0.0094438 -0.0644446 -0.9978766
v 0.0053387 -0.0278124 -0.1000061 0.686275 0.011765 0.019608
vn -0.0105368 0.0204156 -0.9997361
v 0.0099258 -0.0251230 -0.1000315 0.686275 0.015686 0.023529
vn 0.0558040 -0.2104904 -0.9760020
v 0.0073255 -0.0283844 -0.0999016 0.690196 0.015686 0.023529
vn 0.0226915 -0.0457183 -0.9986966
v 0.0145159 -0.0244835 -0.1000422 0.686275 0.015686 0.015686
vn -0.0505604 0.1141629 -0.9921746
v 0.0137392 -0.0225059 -0.0999522 0.678431 0.011765 0.023529
vn 0.0221653 -0.0280602 -0.9993604
v 0.0186676 -0.0215898 -0.1000320 0.682353 0.007843 0.015686
vn 0.1675912 -0.2293283 -0.9588127
v 0.0179418 -0.0239155 -0.0998864 0.713725 0.027451 0.031373
vn 0.0594234 0.1152309 -0.9915597
v -0.0128576 -0.0220441 -0.0999011 0.682353 0.011765 0.015686
vn 0.1062633 0.1165861 -0.9874796
v -0.0170682 -0.0184721 -0.0998048 0.690196 0.007843 0.015686
vn -0.0760734 0.1098373 -0.9910341
v 0.0163266 -0.0207582 -0.0999187 0.670588 0.003922 0.011765
vn -0.0035190 0.0034317 -0.9999880
v 0.0216835 -0.0180132 -0.1000542 0.686275 0.015686 0.019608
vn -0.0333238 0.1126609 -0.9930746
v 0.0037897 -0.0044857 -0.0944856 0.647059 0.000000 0.015686
vn 0.1935258 -0.1931818 -0.9618881
v 0.0216397 -0.0208000 -0.0998786 0.690196 0.015686 0.023529
vn 0.2408279 -0.1784596 -0.9540200
v 0.0245024 -0.0174358 -0.0999043 0.694118 0.019608 0.019608
vn 0.0497917 -0.0221549 -0.9985139
v 0.0255929 -0.0133658 -0.1000411 0.690196 0.019608 0.023529
vn -0.0984782 0.0607696 -0.9932820
v 0.0238428 -0.0126227 -0.0999418 0.670588 0.007843 0.015686
vn -0.1088833 0.0489929 -0.9928465
v 0.0259008 -0.0092061 -0.0999715 0.674510 0.015686 0.023529
vn 0.0170750 -0.0004409 -0.9998541
v 0.0277583 -0.0074523 -0.1000380 0.690196 0.011765 0.019608
vn -0.0850679 0.2039001 -0.9752888
v -0.0097060 0.0269409 -0.0998987 0.705882 0.019608 0.023529
vn -0.1406836 0.2685525 -0.9529364
v -0.0135616 0.0254963 -0.0998621 0.709804 0.019608 0.027451
vn 0.1070421 0.2890407 -0.9513136
v 0.0098823 0.0274124 -0.0998050 0.701961 0.023529 0.027451
vn 0.0136045 -0.2165304 -0.9761811
v 0.0015739 -0.0293164 -0.0998747 0.694118 0.019608 0.023529
vn -0.0254913 0.1898384 -0.9814844
v 0.0059468 -0.0240190 -0.0998025 0.666667 0.003922 0.015686
vn 0.3293354 -0.1256604 -0.9358140
v 0.0279509 -0.0111335 -0.0998582 0.682353 0.011765 0.007843
vn 0.2600838 -0.0534930 -0.9641032
v 0.0291525 -0.0066898 -0.0998887 0.690196 0.019608 0.023529
vn 0.2830228 -0.1347565 -0.9495993
v 0.0266795 -0.0141958 -0.0998326 0.686275 0.019608 0.023529
vn -0.1134479 0.1135879 -0.9870296
v 0.0197566 -0.0173380 -0.0998565 0.666667 0.000000 0.007843
vn -0.2032865 0.1249699 -0.9711113
v 0.0220961 -0.0128048 -0.0997068 0.666667 0.003922 0.011765
vn -0.1509545 0.0578265 -0.9868479
v 0.0089601 -0.0026190 -0.0947798 0.650980 0.000000 0.011765
vn 0.1645125 -0.0066782 -0.9863524
v 0.0292942 -0.0017458 -0.0999688 0.690196 0.019608 0.019608
vn 0.0154865 0.2884135 -0.9573807
v 0.0021541 0.0290435 -0.0998409 0.701961 0.015686 0.023529
vn -0.2244225 0.0484738 -0.9732856
v 0.0248935 -0.0051860 -0.0996002 0.662745 0.003922 0.011765
vn -0.3269971 0.0670654 -0.9426426
v -0.0282188 0.0055982 -0.0998904 0.717647 0.027451 0.031373
vn 0.1251517 0.1096791 -0.9860566
v -0.0040420 -0.0032953 -0.0947137 0.647059 0.000000 0.011765
vn 0.0405787 0.1774136 -0.9832994
v 0.0005206 -0.0070175 -0.0948599 0.647059 0.000000 0.011765
vn 0.1127052 -0.2387264 -0.9645244
v 0.0149470 -0.0258749 -0.0998487 0.694118 0.023529 0.027451
vn 0.0919750 -0.2615441 -0.9607993
v 0.0108196 -0.0276578 -0.0998157 0.690196 0.015686 0.019608
vn -0.2479599 0.0031517 -0.9687652
v 0.0253917 -0.0008144 -0.0996071 0.666667 0.000000 0.011765
vn -0.1188356 0.1716238 -0.9779691
v 0.0078935 -0.0071383 -0.0951368 0.654902 0.000000 0.011765
vn -0.0318560 -0.2773904 -0.9602290
v -0.0039337 -0.0291987 -0.0998298 0.690196 0.019608 0.023529
vn 0.1124296 0.1838025 -0.9765123
v -0.0035198 -0.0074564 -0.0952863 0.654902 0.000000 0.015686
vn -0.0435257 0.2149543 -0.9756537
v 0.0047492 -0.0089890 -0.0952613 0.647059 0.000000 0.011765
vn 0.0536893 0.2193029 -0.9741785
v -0.0049744 -0.0226989 -0.0995994 0.670588 0.007843 0.011765
vn 0.0069708 0.2560255 -0.9666449
v -0.0002845 -0.0226212 -0.0994368 0.662745 0.007843 0.019608
vn 0.2363549 0.0039883 -0.9716586
v -0.0224957 -0.0009824 -0.0994762 0.678431 0.000000 0.011765
vn -0.2525194 0.0920593 -0.9632025
v 0.0235757 -0.0079500 -0.0994493 0.662745 0.007843 0.019608
vn 0.1915645 0.1039040 -0.9759647
v -0.0074825 -0.0039058 -0.0953300 0.654902 0.000000 0.019608
vn 0.0962874 0.2270566 -0.9691099
v -0.0106144 -0.0200030 -0.0993505 0.674510 0.003922 0.015686
vn -0.1959321 0.1363209 -0.9710959
v 0.0108599 -0.0058849 -0.0954353 0.654902 0.000000 0.011765
vn 0.2975832 0.0889715 -0.9505411
v 0.0291498 0.0064027 -0.0998026 0.690196 0.023529 0.031373
vn 0.4738984 0.0323708 -0.8799844
v 0.0304336 0.0011773 -0.0996807 0.698039 0.027451 0.027451
vn 0.2204748 0.0900005 -0.9712316
v -0.0205205 -0.0109745 -0.0994779 0.690196 0.007843 0.019608
vn 0.2597083 0.0431071 -0.9647245
v -0.0216631 -0.0057074 -0.0993726 0.678431 0.003922 0.015686
vn 0.1924566 0.1559052 -0.9688416
v -0.0180548 -0.0147333 -0.0994085 0.682353 0.003922 0.015686
vn 0.1440351 0.2025658 -0.9686181
v -0.0148943 -0.0179185 -0.0994311 0.674510 0.003922 0.011765
vn 0.2267280 0.0009966 -0.9739576
v -0.0087937 -0.0004594 -0.0954357 0.658824 0.000000 0.015686
vn -0.2290431 0.0664042 -0.9711487
v 0.0120383 -0.0031517 -0.0954222 0.658824 0.003922 0.015686
vn -0.3362055 0.1169160 -0.9345034
v -0.0272759 0.0093770 -0.0998562 0.717647 0.023529 0.031373
vn 0.1640644 0.1810600 -0.9696908
v -0.0073224 -0.0080066 -0.0959745 0.658824 0.000000 0.015686
vn 0.0384859 0.2478375 -0.9680369
v 0.0006786 -0.0106295 -0.0956586 0.647059 0.000000 0.011765
vn -0.1055740 0.2514479 -0.9620957
v 0.0120175 -0.0201755 -0.0993097 0.658824 0.000000 0.015686
vn -0.1716621 0.2055020 -0.9634838
v 0.0169482 -0.0179308 -0.0995153 0.662745 0.000000 0.011765
vn -0.2336571 0.1833485 -0.9548758
v 0.0199206 -0.0146030 -0.0994750 0.666667 0.007843 0.019608
vn -0.0589495 0.2523874 -0.9658290
v 0.0070375 -0.0221839 -0.0994728 0.662745 0.000000 0.011765
vn -0.0207716 0.2869233 -0.9577284
v 0.0035776 -0.0219181 -0.0992356 0.658824 0.000000 0.019608
vn 0.1147658 0.2299072 -0.9664220
v -0.0045146 -0.0104973 -0.0960797 0.654902 0.000000 0.007843
vn -0.2644498 0.0010977 -0.9643989
v 0.0139949 -0.0009534 -0.0958413 0.650980 0.000000 0.011765
vn -0.0754332 0.4174563 -0.9055606
v -0.0049633 0.0286595 -0.0998325 0.701961 0.015686 0.027451
vn 0.2555547 -0.0663832 -0.9645129
v -0.0127573 0.0029987 -0.0965989 0.658824 0.000000 0.011765
vn 0.2208082 0.1229410 -0.9675378
v -0.0110643 -0.0063200 -0.0964136 0.662745 0.000000 0.015686
vn 0.2353649 0.1454536 -0.9609613
v -0.0158605 -0.0107869 -0.0981823 0.674510 0.003922 0.019608
vn 0.1807095 0.1956151 -0.9638873
v -0.0122970 -0.0126195 -0.0977531 0.666667 0.003922 0.015686
vn 0.1424678 0.2365402 -0.9611201
v -0.0107116 -0.0150655 -0.0980503 0.662745 0.000000 0.011765
vn -0.2652156 -0.0699662 -0.9616473
v 0.0139970 0.0018126 -0.0959635 0.654902 0.000000 0.011765
vn 0.2658474 0.0380289 -0.9632648
v -0.0137934 -0.0020703 -0.0967730 0.662745 0.000000 0.011765
vn 0.2762514 0.0734622 -0.9582736
v -0.0162695 -0.0054111 -0.0976874 0.666667 0.003922 0.023529
vn 0.2862965 -0.0182847 -0.9579666
v -0.0158706 0.0006186 -0.0973448 0.666667 0.003922 0.019608
vn 0.2776046 -0.0888978 -0.9565735
v -0.0171395 0.0053056 -0.0980336 0.662745 0.000000 0.011765
vn 0.0955652 0.2703741 -0.9580007
v -0.0052891 -0.0159366 -0.0975921 0.654902 0.000000 0.011765
vn -0.1016406 0.2653350 -0.9587839
v 0.0076337 -0.0124049 -0.0963776 0.654902 0.000000 0.011765
vn -0.0337858 0.2887087 -0.9568207
v 0.0042851 -0.0139340 -0.0965886 0.650980 0.000000 0.011765
vn -0.1751983 0.2207056 -0.9594762
v 0.0116334 -0.0109408 -0.0965896 0.658824 0.000000 0.007843
vn 0.5175989 -0.0351314 -0.8549019
v 0.0305070 -0.0028528 -0.0995980 0.698039 0.031373 0.027451
vn -0.2810145 0.0815626 -0.9562314
v 0.0163995 -0.0044669 -0.0967148 0.658824 0.000000 0.007843
vn -0.2491500 0.1465699 -0.9573095
v 0.0148191 -0.0075755 -0.0966597 0.650980 0.000000 0.007843
vn -0.2278760 0.2077385 -0.9512714
v 0.0148158 -0.0112545 -0.0973336 0.654902 0.000000 0.011765
vn 0.0575111 0.2926567 -0.9544865
v -0.0027672 -0.0177586 -0.0979332 0.654902 0.000000 0.011765
vn 0.0091493 0.3051483 -0.9522609
v 0.0012522 -0.0173689 -0.0976535 0.654902 0.003922 0.015686
vn -0.2685736 -0.1414452 -0.9528177
v 0.0147807 0.0060219 -0.0966645 0.654902 0.000000 0.011765
vn -0.2994830 -0.0939750 -0.9494624
v 0.0186165 0.0032002 -0.0974447 0.662745 0.000000 0.011765
vn -0.1620489 0.2664167 -0.9501380
v 0.0121523 -0.0145879 -0.0976143 0.654902 0.000000 0.015686
vn -0.3071680 -0.0091156 -0.9516116
v 0.0191273 -0.0005010 -0.0973868 0.662745 0.000000 0.011765
vn -0.3099039 -0.3895774 -0.8672884
v -0.0178852 -0.0239254 -0.0995266 0.705882 0.015686 0.019608
vn -0.0430308 0.5414262 -0.8396464
v -0.0015394 0.0298464 -0.0995276 0.701961 0.027451 0.031373
vn -0.1649297 0.4831514 -0.8598622
v -0.0092271 0.0279930 -0.0996400 0.690196 0.023529 0.027451
vn -0.1168866 -0.4985129 -0.8589659
v -0.0059248 -0.0296961 -0.0995166 0.686275 0.019608 0.019608
vn -0.3028405 0.1148669 -0.9460937
v 0.0192356 -0.0068666 -0.0978428 0.662745 0.003922 0.019608
vn -0.0782195 0.3092947 -0.9477439
v 0.0077834 -0.0190578 -0.0985085 0.658824 0.000000 0.011765
vn -0.2762451 0.1734531 -0.9453056
v 0.0183749 -0.0104171 -0.0981317 0.654902 0.000000 0.015686
vn 0.4628616 0.2829418 -0.8400613
v 0.0260438 0.0150472 -0.0995688 0.686275 0.023529 0.027451
vn 0.0041207 -0.5029498 -0.8643059
v 0.0012430 -0.0303439 -0.0995361 0.682353 0.015686 0.015686
vn -0.3230456 0.0514643 -0.9449831
v 0.0211184 -0.0029022 -0.0981418 0.662745 0.000000 0.015686
vn 0.1092911 -0.5102937 -0.8530275
v 0.0063612 -0.0298148 -0.0994736 0.678431 0.015686 0.015686
vn -0.2398788 -0.4581185 -0.8559121
v -0.0133494 -0.0269683 -0.0994773 0.705882 0.023529 0.023529
vn -0.5555234 0.0355200 -0.8307419
v -0.0295108 0.0016653 -0.0995619 0.709804 0.023529 0.023529
vn -0.4369367 -0.3186142 -0.8411726
v -0.0238437 -0.0176507 -0.0995014 0.725490 0.023529 0.027451
vn -0.5531312 -0.0745898 -0.8297483
v -0.0293046 -0.0038452 -0.0995179 0.713725 0.027451 0.031373
vn 0.5559652 0.1310217 -0.8208143
v 0.0299581 0.0057774 -0.0995359 0.705882 0.031373 0.031373
vn 0.0739799 0.5602018 -0.8250461
v 0.0036981 0.0297295 -0.0994666 0.705882 0.019608 0.023529
vn 0.2801480 -0.5091053 -0.8138360
v 0.0157706 -0.0264776 -0.0994809 0.686275 0.019608 0.019608
vn 0.2581156 0.4990800 -0.8272215
v 0.0137941 0.0265373 -0.0994599 0.694118 0.023529 0.027451
vn -0.3934771 -0.3572521 -0.8470814
v -0.0215274 -0.0205937 -0.0994606 0.725490 0.027451 0.031373
vn 0.1609428 0.5316941 -0.8315040
v 0.0085293 0.0286053 -0.0994720 0.701961 0.023529 0.027451
vn 0.5686698 -0.1498848 -0.8087950
v 0.0298960 -0.0075847 -0.0994950 0.686275 0.023529 0.023529
vn 0.3775610 -0.4397090 -0.8149256
v 0.0207380 -0.0228949 -0.0994593 0.690196 0.015686 0.019608
vn -0.3419817 0.4592857 -0.8198202
v -0.0173184 0.0239896 -0.0995384 0.694118 0.027451 0.023529
vn 0.4417281 0.3803475 -0.8125343
v 0.0234394 0.0188609 -0.0994795 0.698039 0.023529 0.023529
vn 0.3797540 0.4036475 -0.8323795
v 0.0213749 0.0209062 -0.0995350 0.694118 0.015686 0.015686
vn 0.3556772 0.4604850 -0.8132942
v 0.0187063 0.0233619 -0.0994564 0.690196 0.023529 0.023529
vn 0.1806038 -0.5069320 -0.8428537
v 0.0114121 -0.0282783 -0.0994784 0.686275 0.019608 0.019608
vn 0.4365802 -0.3785468 -0.8161496
v 0.0233433 -0.0202209 -0.0994869 0.686275 0.019608 0.023529
vn -0.5260932 -0.1643964 -0.8343859
v -0.0282175 -0.0086416 -0.0995175 0.713725 0.015686 0.019608
vn 0.5265740 -0.2991039 -0.7957743
v 0.0269188 -0.0154313 -0.0994608 0.674510 0.015686 0.019608
vn -0.5052422 -0.2463465 -0.8270694
v -0.0265355 -0.0131521 -0.0995035 0.729412 0.031373 0.031373
vn -0.4165912 0.1982313 -0.8872182
v -0.0262424 0.0139430 -0.0994663 0.709804 0.027451 0.031373
vn 0.5243349 0.2351111 -0.8184105
v 0.0279655 0.0116035 -0.0995012 0.694118 0.019608 0.019608
vn -0.2692786 0.5319763 -0.8028015
v -0.0131434 0.0266878 -0.0994447 0.701961 0.019608 0.023529
vn -0.3464094 0.2766736 -0.8963550
v -0.0234879 0.0179399 -0.0995471 0.709804 0.015686 0.023529
vn -0.3322331 0.3597239 -0.8719059
v -0.0209673 0.0208863 -0.0995041 0.725490 0.019608 0.023529
vn -0.5576472 0.1583050 -0.8148431
v -0.0283077 0.0084332 -0.0994973 0.701961 0.015686 0.019608
vn -0.0618277 -0.5919833 -0.8035752
v -0.0032125 -0.0311281 -0.0987058 0.701961 0.019608 0.023529
vn -0.2142683 -0.5607196 -0.7998016
v -0.0105368 -0.0292515 -0.0986383 0.694118 0.023529 0.023529
vn -0.1425113 0.6021863 -0.7855331
v -0.0072122 0.0295421 -0.0988344 0.698039 0.027451 0.027451
vn 0.0561489 -0.6196286 -0.7828843
v 0.0027193 -0.0312168 -0.0987605 0.694118 0.023529 0.027451
vn -0.1931708 -0.5982667 -0.7776645
v -0.0076455 -0.0302070 -0.0986961 0.694118 0.019608 0.019608
vn 0.3769426 -0.5309401 -0.7589579
v 0.0181537 -0.0258252 -0.0987908 0.701961 0.019608 0.019608
vn -0.3415669 -0.5343446 -0.7731805
v -0.0156364 -0.0267040 -0.0986650 0.709804 0.019608 0.023529
vn 0.2503771 -0.6042314 -0.7564495
v 0.0134896 -0.0284854 -0.0986799 0.698039 0.019608 0.023529
vn -0.4401068 -0.4692906 -0.7655537
v -0.0202012 -0.0232037 -0.0986589 0.717647 0.019608 0.019608
vn 0.6285638 0.2139735 -0.7477453
v 0.0300307 0.0085436 -0.0987155 0.701961 0.027451 0.023529
vn -0.5687993 -0.3248437 -0.7556084
v -0.0265747 -0.0149586 -0.0987094 0.733333 0.027451 0.035294
vn 0.2469464 0.6133574 -0.7502068
v 0.0118536 0.0283155 -0.0986738 0.705882 0.023529 0.019608
vn 0.6690650 -0.0986708 -0.7366249
v 0.0312237 -0.0049687 -0.0987252 0.686275 0.027451 0.023529
vn 0.1902265 -0.6271076 -0.7553475
v 0.0095895 -0.0298518 -0.0986574 0.729412 0.341176 0.278431
vn -0.6536660 0.1183672 -0.7474691
v -0.0301197 0.0049289 -0.0985401 0.764706 0.023529 0.019608
vn 0.6724570 0.0966185 -0.7338027
v 0.0312256 0.0037600 -0.0986911 0.733333 0.031373 0.031373
vn 0.6272892 -0.2496141 -0.7376998
v 0.0287188 -0.0133131 -0.0986590 0.690196 0.023529 0.023529
vn -0.3981765 -0.5264038 -0.7512354
v -0.0181312 -0.0250031 -0.0986411 0.733333 0.027451 0.031373
vn 0.1693068 0.6546105 -0.7367634
v 0.0077122 0.0297466 -0.0986517 0.701961 0.011765 0.015686
vn 0.1238710 -0.6607162 -0.7403446
v 0.0055211 -0.0309379 -0.0986119 0.717647 0.207843 0.172549
vn -0.2896753 -0.6027602 -0.7434840
v -0.0132430 -0.0280918 -0.0986079 0.721569 0.031373 0.031373
vn -0.5053926 -0.4406744 -0.7418790
v -0.0223431 -0.0209351 -0.0987123 0.741176 0.031373 0.031373
vn 0.0078969 0.6896608 -0.7240896
v 0.0001137 0.0308459 -0.0985832 0.701961 0.027451 0.023529
vn 0.3751220 0.5708483 -0.7303531
v 0.0171556 0.0254481 -0.0986307 0.709804 0.019608 0.019608
vn -0.6452067 -0.1928729 -0.7392620
v -0.0290070 -0.0088768 -0.0987773 0.725490 0.031373 0.027451
vn -0.6338410 -0.2556770 -0.7299827
v -0.0277873 -0.0125512 -0.0986270 0.737255 0.031373 0.031373
vn -0.1159182 0.6774914 -0.7263390
v -0.0036474 0.0304435 -0.0986343 0.698039 0.027451 0.027451
vn -0.6289526 0.2390517 -0.7397790
v -0.0279700 0.0119857 -0.0986365 0.721569 0.019608 0.023529
vn -0.2428215 0.6410733 -0.7280540
v -0.0104985 0.0286355 -0.0986697 0.717647 0.027451 0.031373
vn 0.5652461 0.4120433 -0.7146448
v 0.0252073 0.0179443 -0.0986423 0.725490 0.023529 0.023529
vn -0.5680638 -0.3810416 -0.7294593
v -0.0250267 -0.0174385 -0.0986909 0.752941 0.031373 0.031373
vn -0.6879040 -0.0631312 -0.7230510
v -0.0302566 -0.0030918 -0.0986793 0.725490 0.019608 0.019608
vn -0.6960707 0.0010167 -0.7179726
v -0.0304960 0.0006516 -0.0986082 0.713725 0.015686 0.019608
vn 0.6964222 0.0076131 -0.7175919
v 0.0317034 -0.0000708 -0.0984923 0.717647 0.027451 0.023529
vn 0.1198922 0.6873533 -0.7163597
v 0.0046573 0.0304171 -0.0986462 0.796078 0.015686 0.015686
vn -0.6591858 0.2040445 -0.7237679
v -0.0290670 0.0089895 -0.0986489 0.713725 0.015686 0.023529
vn 0.4960268 -0.5035468 -0.7073881
v 0.0224341 -0.0225231 -0.0985630 0.694118 0.011765 0.015686
vn 0.4964588 0.5007887 -0.7090411
v 0.0224717 0.0211927 -0.0985921 0.717647 0.015686 0.019608
vn 0.4552093 0.5487046 -0.7012188
v 0.0197326 0.0235849 -0.0986157 0.729412 0.019608 0.019608
vn 0.3536888 0.6075678 -0.7111720
v 0.0148485 0.0268740 -0.0986478 0.729412 0.019608 0.019608
vn -0.3761459 0.5986816 -0.7071737
v -0.0163889 0.0257731 -0.0985481 0.725490 0.023529 0.027451
vn 0.5551360 -0.4393830 -0.7062340
v 0.0245397 -0.0202081 -0.0985549 0.698039 0.015686 0.019608
vn 0.5791640 -0.4141352 -0.7021832
v 0.0264802 -0.0176983 -0.0984855 0.705882 0.019608 0.019608
vn -0.4565495 0.5324652 -0.7127717
v -0.0201738 0.0228715 -0.0985447 0.725490 0.023529 0.023529
vn 0.6811447 -0.2288494 -0.6954639
v 0.0302927 -0.0092598 -0.0985553 0.721569 0.015686 0.015686
vn 0.6207914 0.3523301 -0.7003438
v 0.0274138 0.0146907 -0.0985316 0.713725 0.019608 0.019608
vn 0.6368759 0.3082717 -0.7066524
v 0.0286296 0.0122924 -0.0986022 0.701961 0.031373 0.027451
vn -0.4410526 0.5717419 -0.6917975
v -0.0181259 0.0245099 -0.0985936 0.749020 0.027451 0.027451
vn -0.3150720 0.6576872 -0.6842347
v -0.0130157 0.0276705 -0.0985589 0.733333 0.027451 0.023529
vn 0.6696006 -0.3618003 -0.6486413
v 0.0277388 -0.0155413 -0.0985529 0.701961 0.015686 0.019608
vn 0.8596897 -0.5091485 0.0412484
v 0.0135514 -0.0156151 0.0985500 0.984314 0.984314 0.984314
vn 0.9141080 -0.4051802 0.0153485
v 0.0130845 -0.0162187 0.0956999 0.988235 0.992157 0.992157
vn 0.9593731 -0.2802962 0.0322091
v 0.0131512 -0.0162785 0.0897854 0.988235 0.984314 0.984314
vn 0.9740062 -0.2231057 0.0391895
v 0.0129245 -0.0165107 0.0997202 1.000000 1.000000 1.000000
vn 0.8841287 -0.4662069 0.0311067
v 0.0156414 -0.0115408 0.0886644 0.984314 0.984314 0.984314
vn 0.8841650 -0.4671589 -0.0038734
v 0.0155203 -0.0117375 0.0955237 0.996078 0.992157 0.996078
vn 0.8505043 -0.4649398 0.2459135
v 0.0154360 -0.0119658 0.0996623 0.980392 0.980392 0.984314
vn 0.8857987 -0.4639196 0.0118018
v 0.0188173 -0.0055979 0.0885918 0.980392 0.984314 0.984314
vn 0.8795137 -0.4756234 0.0154337
v 0.0175383 -0.0081494 0.0981356 0.992157 0.992157 0.992157
vn 0.8909266 -0.4540148 -0.0109781
v 0.0197693 -0.0037808 0.0947464 0.996078 0.988235 0.996078
vn 0.7957526 -0.6055444 0.0096837
v 0.0208606 -0.0017275 0.0996938 0.894118 0.886275 0.898039
vn 0.8676535 -0.4965267 0.0252704
v 0.0206407 -0.0019756 0.0899349 0.988235 0.984314 0.984314
vn 0.8963273 -0.4433931 -0.0001191
v 0.0200458 -0.0034453 0.0980594 0.992157 0.996078 0.992157
vn 0.8822123 -0.4679132 0.0525238
v 0.0194272 -0.0044200 0.0998072 0.858824 0.862745 0.854902
vn 0.6308976 -0.7757622 0.0126971
v 0.0209710 -0.0014098 0.0905927 0.984314 0.984314 0.984314
vn 0.8687119 -0.4649109 0.1708729
v 0.0178958 -0.0073611 0.0996876 0.819608 0.878431 0.823529
vn 0.8734709 -0.4841928 -0.0510483
v 0.0201609 -0.0031267 0.0870397 0.996078 0.980392 0.980392
vn 0.8907612 -0.4502178 -0.0620362
v 0.0149341 -0.0131486 0.0865640 0.894118 0.807843 0.803922
vn 0.8719416 -0.4475012 -0.1986468
v 0.0178783 -0.0074600 0.0863968 0.827451 0.701961 0.694118
vn 0.8819947 -0.4622449 0.0917331
v 0.0165632 -0.0097309 0.0998571 0.698039 0.733333 0.694118
vn 0.7042891 -0.7083459 0.0471477
v 0.0212225 -0.0014229 0.0863182 0.890196 0.545098 0.545098
vn 0.9690607 -0.2297798 0.0901257
v 0.0132887 -0.0164702 0.0875189 0.988235 0.988235 0.992157
vn 0.9270793 -0.3743251 -0.0201164
v 0.0136697 -0.0155391 0.0859886 0.850980 0.721569 0.733333
vn 0.8403338 -0.4925632 0.2263198
v 0.0144592 -0.0134982 0.0998583 0.996078 0.992157 0.996078
vn 0.8773054 -0.4442560 -0.1815814
v 0.0149118 -0.0129699 0.0860192 0.847059 0.717647 0.717647
vn 0.8739660 -0.4393068 -0.2078293
v 0.0189809 -0.0051074 0.0861001 0.870588 0.749020 0.745098
vn 0.7693397 -0.5845757 -0.2576583
v 0.0205416 -0.0020893 0.0860398 0.874510 0.717647 0.713725
vn 0.8814567 -0.4501037 -0.1429711
v 0.0158167 -0.0112504 0.0860298 0.858824 0.749020 0.741176
vn 0.8515484 -0.4351473 -0.2924248
v 0.0165325 -0.0098492 0.0860431 0.866667 0.749020 0.741176
vn 0.6587824 -0.7517930 0.0285149
v 0.0213357 -0.0013126 0.0992786 0.988235 0.988235 0.988235
vn 0.8286880 -0.5565842 0.0590784
v 0.0223529 -0.0003364 0.0996986 0.654902 0.701961 0.654902
vn 0.7697720 -0.6381986 0.0123992
v 0.0222786 -0.0007684 0.0958038 0.996078 0.996078 0.996078
vn 0.9230903 -0.3845453 -0.0054162
v 0.0226111 0.0000378 0.0935368 0.996078 1.000000 1.000000
vn 0.8996662 -0.4356380 -0.0286390
v 0.0225178 -0.0000589 0.0889908 0.992157 0.996078 0.992157
vn 0.8633486 -0.5026872 -0.0439873
v 0.0221328 -0.0006590 0.0861418 0.937255 0.878431 0.870588
vn 0.4695679 -0.8828588 -0.0081479
v 0.0215437 -0.0012042 0.0915012 0.984314 0.984314 0.984314
vn 0.9870590 -0.1180589 -0.1085204
v 0.0222571 0.0004189 0.0860993 0.964706 0.886275 0.890196
vn 0.9976151 0.0612780 0.0317675
v 0.0131112 -0.0168335 0.0895490 0.984314 0.980392 0.980392
vn 0.9946070 0.0935607 0.0447585
v 0.0129560 -0.0168546 0.0989139 0.988235 0.988235 0.988235
vn 0.9909086 -0.1338933 0.0131426
v 0.0132704 -0.0173982 0.0869880 1.000000 1.000000 1.000000
vn 0.9407044 -0.3334483 -0.0623501
v 0.0131071 -0.0181063 0.0863986 0.952941 0.921569 0.913725
vn 0.9332640 -0.3588628 -0.0153567
v 0.0132623 -0.0182002 0.0886316 0.992157 0.988235 0.988235
vn 0.8464077 -0.5283297 -0.0667964
v 0.0127423 -0.0187567 0.0864443 0.984314 0.980392 0.976471
vn 0.8638009 -0.5018150 0.0450526
v 0.0128123 -0.0188452 0.0968816 0.996078 0.996078 0.996078
vn 0.9878999 -0.1397089 0.0673450
v 0.0132841 -0.0179103 0.0977596 0.988235 0.988235 0.988235
vn 0.8204705 -0.5596912 0.1165072
v 0.0124767 -0.0187641 0.0997303 1.000000 1.000000 1.000000
vn 0.9755523 -0.1967535 0.0979076
v 0.0130495 -0.0178324 0.0997243 0.894118 0.839216 0.894118
vn 0.7101867 -0.6963676 0.1034748
v 0.0123121 -0.0190870 0.0986877 1.000000 1.000000 1.000000
vn 0.9991211 0.0008319 0.0419091
v 0.0223952 0.0003525 0.0986782 0.992157 0.992157 0.992157
vn 0.7554969 -0.4055535 -0.5145394
v 0.0180900 -0.0064952 0.0859473 0.854902 0.733333 0.725490
vn 0.7831776 -0.6003334 -0.1619652
v 0.0175091 -0.0078103 0.0859100 0.831373 0.690196 0.686275
vn 0.6417919 -0.2834083 -0.7125889
v 0.0167569 -0.0086423 0.0858571 0.886275 0.803922 0.796078
vn -0.7017590 0.7124000 -0.0045379
v -0.0122027 0.0188208 0.0996861 0.984314 0.980392 0.984314
vn -0.8079179 0.5886155 -0.0282926
v -0.0120555 0.0190502 0.0903300 0.988235 0.984314 0.984314
vn -0.8651591 0.5014377 -0.0077487
v -0.0126950 0.0183016 0.0943154 0.992157 0.988235 0.992157
vn -0.8514256 0.5241765 -0.0177024
v -0.0128850 0.0181588 0.0996706 0.964706 0.964706 0.968627
vn -0.8331784 0.5513062 -0.0433040
v -0.0124888 0.0182251 0.0861295 0.874510 0.807843 0.800000
vn -0.5982656 0.7956957 -0.0945873
v -0.0118557 0.0187493 0.0865354 0.992157 1.000000 1.000000
vn -0.9232420 0.3840118 -0.0126182
v -0.0132192 0.0165717 0.0897788 0.980392 0.980392 0.980392
vn -0.9066303 0.4216904 -0.0140955
v -0.0134139 0.0160304 0.0861061 0.905882 0.815686 0.819608
vn -0.8890769 0.4574514 -0.0167516
v -0.0144476 0.0139938 0.0863919 0.968627 0.949020 0.945098
vn -0.9009025 0.4338759 0.0112462
v -0.0142068 0.0143640 0.0890211 0.984314 0.980392 0.984314
vn -0.9297015 0.3678373 -0.0187323
v -0.0134139 0.0162491 0.0965403 0.988235 0.988235 0.988235
vn -0.8954263 0.4448933 -0.0167793
v -0.0144625 0.0139159 0.0949587 0.988235 0.988235 0.988235
vn -0.9230102 0.3845637 -0.0127684
v -0.0137199 0.0156196 0.0997015 0.929412 0.917647 0.925490
vn -0.8910447 0.4528809 0.0306326
v -0.0149135 0.0131637 0.0997406 0.635294 0.725490 0.635294
vn -0.8855600 0.4641764 0.0179941
v -0.0153844 0.0123525 0.0985626 0.980392 0.976471 0.980392
vn -0.8795539 0.4754762 -0.0175341
v -0.0169735 0.0092350 0.0947107 0.988235 0.988235 0.992157
vn -0.8837011 0.4677891 0.0156794
v -0.0162583 0.0103705 0.0889800 0.984314 0.980392 0.984314
vn -0.8819615 0.4713128 0.0028783
v -0.0177748 0.0080691 0.0997234 0.952941 0.952941 0.952941
vn -0.8849785 0.4655100 -0.0106500
v -0.0190967 0.0054224 0.0974557 0.988235 0.988235 0.988235
vn -0.8831294 0.4680336 0.0320467
v -0.0189578 0.0054740 0.0890065 0.980392 0.976471 0.976471
vn -0.8920076 0.4517079 -0.0168026
v -0.0203877 0.0027218 0.0946045 0.988235 0.984314 0.988235
vn -0.8937201 0.4482789 0.0176223
v -0.0187889 0.0059481 0.0996877 0.713725 0.690196 0.717647
vn -0.6689283 0.7425600 0.0337589
v -0.0210287 0.0014049 0.0887911 0.976471 0.976471 0.976471
vn -0.6927760 0.7128710 -0.1089794
v -0.0210775 0.0014533 0.0979294 0.980392 0.976471 0.980392
vn -0.7954181 0.6041670 -0.0478782
v -0.0209606 0.0020660 0.0989765 0.980392 0.984314 0.980392
vn -0.8029133 0.5925496 0.0649256
v -0.0207869 0.0022166 0.0997759 0.921569 0.941176 0.925490
vn -0.8807253 0.4480027 -0.1536775
v -0.0158588 0.0114151 0.0866770 0.984314 0.972549 0.972549
vn -0.8725234 0.4816159 -0.0821532
v -0.0169542 0.0092714 0.0868317 0.984314 0.976471 0.976471
vn -0.8387603 0.5095214 0.1920131
v -0.0163346 0.0103028 0.0998509 0.996078 0.996078 0.996078
vn -0.8812969 0.4709784 0.0386675
v -0.0192729 0.0050880 0.0877292 0.984314 0.984314 0.984314
vn -0.8731109 0.4783752 -0.0939924
v -0.0178064 0.0075969 0.0863181 0.937255 0.925490 0.921569
vn -0.8636376 0.4927804 -0.1062895
v -0.0187510 0.0060239 0.0866207 0.988235 0.972549 0.968627
vn -0.7398477 0.5833536 -0.3351477
v -0.0210248 0.0018352 0.0863766 0.952941 0.921569 0.905882
vn -0.8508349 0.4882846 -0.1940568
v -0.0168629 0.0091027 0.0860068 0.886275 0.831373 0.823529
vn -0.8461321 0.4219677 -0.3255824
v -0.0158772 0.0108584 0.0860601 0.921569 0.882353 0.874510
vn -0.8325533 0.4657949 -0.2998171
v -0.0192419 0.0048770 0.0861702 0.854902 0.764706 0.756863
vn -0.6496904 0.7600227 0.0163658
v -0.0218882 0.0012157 0.0988044 0.976471 0.976471 0.972549
vn -0.9062914 0.3826980 0.1793829
v -0.0223113 0.0005740 0.0997236 0.988235 0.988235 0.988235
vn -0.9386851 0.3389155 0.0632987
v -0.0226868 0.0005946 0.0978414 0.980392 0.980392 0.980392
vn -0.4835478 0.8752935 -0.0065487
v -0.0221663 0.0010315 0.0934649 0.984314 0.984314 0.984314
vn -0.9058920 0.4233423 -0.0118786
v -0.0226993 0.0006195 0.0933207 0.988235 0.988235 0.984314
vn -0.6268641 0.7790946 -0.0072807
v -0.0221419 0.0009939 0.0871466 0.984314 0.984314 0.984314
vn -0.8994027 0.3832483 -0.2102275
v -0.0225898 0.0005172 0.0866190 0.988235 0.972549 0.968627
vn -0.9867989 -0.0722657 0.1449335
v -0.0223207 -0.0006393 0.0997192 0.996078 0.996078 0.996078
vn -0.9984480 -0.0556936 -0.0000806
v -0.0226619 -0.0004079 0.0938966 0.996078 0.992157 0.988235
vn -0.9945014 -0.0740162 -0.0740860
v -0.0225336 -0.0003124 0.0867090 0.988235 0.980392 0.980392
vn -0.8361750 0.3557003 -0.4174790
v -0.0224438 0.0002065 0.0860151 0.941176 0.784314 0.784314
vn -0.5627645 0.4852878 -0.6691725
v -0.0208297 0.0014888 0.0859613 0.905882 0.827451 0.819608
vn 0.5250651 -0.3220448 0.7877778
v 0.0200422 -0.0125185 0.0696211 0.756863 0.047059 0.070588
vn 0.4657854 -0.3988455 0.7899154
v 0.0184569 -0.0155964 0.0692393 0.862745 0.035294 0.050980
vn 0.5261135 -0.3352395 0.7815492
v 0.0227091 -0.0153032 0.0666791 0.874510 0.023529 0.043137
vn 0.4800693 -0.3835810 0.7889227
v 0.0164356 -0.0130946 0.0716929 0.737255 0.054902 0.062745
vn 0.4696798 -0.4118846 0.7808661
v 0.0213480 -0.0185908 0.0660262 0.882353 0.023529 0.039216
vn 0.5328623 -0.3895364 0.7512118
v 0.0247603 -0.0183927 0.0638893 0.878431 0.023529 0.043137
vn 0.5405855 -0.2806499 0.7930971
v 0.0184449 -0.0096730 0.0717962 0.752941 0.035294 0.047059
vn 0.6769629 -0.3616532 0.6410369
v 0.0141521 -0.0080864 0.0753233 0.831373 0.019608 0.035294
vn 0.6002524 -0.4143378 0.6841208
v 0.0128609 -0.0099797 0.0754164 0.768627 0.007843 0.019608
vn 0.5923855 -0.3172824 0.7405481
v 0.0275915 -0.0151561 0.0633325 0.870588 0.015686 0.027451
vn 0.5643858 -0.2748167 0.7784243
v 0.0241075 -0.0122356 0.0668987 0.866667 0.015686 0.031373
vn 0.5697020 -0.2380267 0.7866277
v 0.0209459 -0.0093299 0.0701678 0.858824 0.023529 0.039216
vn 0.6094646 -0.2667717 0.7465828
v 0.0285718 -0.0128946 0.0634170 0.870588 0.019608 0.031373
vn 0.7086099 -0.4842420 0.5132073
v 0.0269035 -0.0183788 0.0622587 0.882353 0.023529 0.039216
vn 0.5878668 -0.1854514 0.7874138
v 0.0182813 -0.0061258 0.0729452 0.850980 0.015686 0.023529
vn 0.6959509 -0.2061793 0.6878536
v 0.0154168 -0.0045176 0.0755347 0.760784 0.003922 0.011765
vn 0.5993717 -0.1905723 0.7774547
v 0.0279213 -0.0096419 0.0648299 0.870588 0.011765 0.023529
vn 0.6478495 -0.1943250 0.7365655
v 0.0312441 -0.0093792 0.0622617 0.862745 0.015686 0.023529
vn 0.7624550 -0.3414771 0.5495961
v 0.0302972 -0.0122350 0.0621037 0.862745 0.015686 0.023529
vn 0.7697099 -0.4249597 0.4763988
v 0.0283859 -0.0160911 0.0621446 0.882353 0.023529 0.035294
vn 0.6066461 -0.1309765 0.7841082
v 0.0264532 -0.0062976 0.0666423 0.870588 0.011765 0.023529
vn 0.6320411 -0.1401545 0.7621554
v 0.0309418 -0.0063560 0.0632013 0.870588 0.015686 0.023529
vn 0.6226290 -0.0863317 0.7777404
v 0.0171766 -0.0026295 0.0744079 0.854902 0.023529 0.043137
vn 0.8341722 -0.1260810 0.5368988
v 0.0323435 -0.0047494 0.0622281 0.866667 0.019608 0.019608
vn 0.6116580 -0.0646233 0.7884785
v 0.0275324 -0.0035438 0.0661371 0.866667 0.007843 0.015686
vn 0.6219344 -0.0582273 0.7809016
v 0.0305564 -0.0035042 0.0638489 0.866667 0.011765 0.023529
vn 0.8921965 -0.0301234 0.4506419
v 0.0158796 -0.0003477 0.0756942 0.729412 0.000000 0.003922
vn 0.4704870 -0.4897503 0.7340209
v 0.0223439 -0.0222780 0.0633109 0.878431 0.023529 0.047059
vn 0.5797715 -0.5546842 0.5968170
v 0.0236900 -0.0220681 0.0625167 0.878431 0.023529 0.039216
vn 0.5458208 -0.5805318 0.6042039
v 0.0110173 -0.0119097 0.0754720 0.737255 0.003922 0.015686
vn 0.7356709 -0.5031617 0.4534499
v 0.0129994 -0.0092228 0.0757568 0.725490 0.003922 0.007843
vn 0.4305210 -0.4426546 0.7865804
v 0.0134932 -0.0163043 0.0715371 0.807843 0.039216 0.058824
vn 0.4269814 -0.4426221 0.7885255
v 0.0154056 -0.0186028 0.0692500 0.850980 0.043137 0.066667
vn 0.4118923 -0.4733756 0.7786272
v 0.0188479 -0.0213313 0.0658161 0.886275 0.027451 0.050980
vn 0.7236614 0.0064707 0.6901249
v 0.0323419 0.0001208 0.0625150 0.878431 0.015686 0.023529
vn 0.6221467 0.0119928 0.7828088
v 0.0249754 0.0000333 0.0683140 0.870588 0.011765 0.023529
vn 0.6405770 0.0089584 0.7678418
v 0.0171887 -0.0000498 0.0745273 0.858824 0.023529 0.039216
vn 0.6140080 0.0105752 0.7892290
v 0.0299743 0.0000798 0.0643949 0.866667 0.011765 0.023529
vn 0.7222832 -0.6293461 0.2867585
v 0.0116745 -0.0106809 0.0763788 0.749020 0.003922 0.015686
vn 0.6278154 0.0652509 0.7756224
v 0.0312109 0.0030714 0.0632848 0.878431 0.015686 0.027451
vn 0.8585310 0.1443580 0.4920218
v 0.0156714 0.0028450 0.0755818 0.772549 0.003922 0.007843
vn 0.6128680 0.0824977 0.7858671
v 0.0266151 0.0037127 0.0667274 0.870588 0.011765 0.023529
vn 0.6180499 0.0981120 0.7799926
v 0.0213519 0.0034365 0.0709839 0.866667 0.011765 0.027451
vn 0.6840793 0.0920326 0.7235783
v 0.0324708 0.0042258 0.0620896 0.878431 0.023529 0.027451
vn 0.6275247 0.1314950 0.7674124
v 0.0309740 0.0064922 0.0630680 0.878431 0.015686 0.027451
vn 0.6050918 0.1409717 0.7835758
v 0.0257640 0.0062454 0.0670433 0.874510 0.015686 0.027451
vn 0.8138418 -0.0094938 0.5810089
v 0.0328905 -0.0001264 0.0617616 0.827451 0.015686 0.015686
vn 0.7885830 0.2060879 0.5793658
v 0.0316019 0.0081412 0.0621986 0.886275 0.023529 0.031373
vn 0.6063848 0.1946264 0.7709852
v 0.0168453 0.0057036 0.0740774 0.862745 0.019608 0.035294
vn 0.8402467 0.2414981 0.4854524
v 0.0152026 0.0050619 0.0755801 0.788235 0.007843 0.015686
vn 0.5899616 0.1968327 0.7830724
v 0.0255431 0.0092211 0.0665678 0.878431 0.015686 0.027451
vn 0.6161973 0.2310309 0.7529446
v 0.0298353 0.0109712 0.0629587 0.882353 0.019608 0.031373
vn 0.5749049 0.2394498 0.7823991
v 0.0212003 0.0095325 0.0697930 0.878431 0.015686 0.027451
vn 0.8041944 0.3412823 0.4866188
v 0.0144942 0.0069434 0.0756263 0.800000 0.000000 0.011765
vn 0.6744852 0.2396497 0.6983107
v 0.0310019 0.0107280 0.0619762 0.882353 0.027451 0.035294
vn 0.5634429 0.2688076 0.7812008
v 0.0244589 0.0128038 0.0663315 0.886275 0.019608 0.031373
vn 0.5669438 0.2943406 0.7693754
v 0.0155610 0.0089203 0.0740081 0.870588 0.019608 0.035294
vn 0.5352449 0.3149071 0.7838025
v 0.0202381 0.0125191 0.0694014 0.882353 0.019608 0.031373
vn 0.5791086 0.3156753 0.7516531
v 0.0273812 0.0158612 0.0631309 0.890196 0.019608 0.035294
vn 0.6170272 0.2917865 0.7308475
v 0.0292103 0.0148175 0.0620225 0.878431 0.027451 0.031373
vn 0.7665852 0.4267616 0.4798143
v 0.0136894 0.0085789 0.0756073 0.792157 0.000000 0.003922
vn 0.5269594 0.3393604 0.7791973
v 0.0245263 0.0162541 0.0649405 0.890196 0.023529 0.035294
vn 0.6797740 0.5544093 0.4801435
v 0.0123084 0.0106188 0.0755434 0.784314 0.000000 0.011765
vn 0.5987244 0.3646117 0.7131531
v 0.0276764 0.0174446 0.0621245 0.890196 0.031373 0.035294
vn 0.6101886 0.4425335 0.6571409
v 0.0260928 0.0192230 0.0624946 0.894118 0.023529 0.035294
vn 0.4776058 0.3940985 0.7852255
v 0.0197694 0.0164416 0.0679677 0.890196 0.023529 0.039216
vn 0.4862855 0.3967728 0.7785228
v 0.0161324 0.0126278 0.0720619 0.878431 0.019608 0.031373
vn 0.6935521 0.5404809 0.4763043
v 0.0128688 0.0099356 0.0755803 0.788235 0.000000 0.007843
vn 0.5154479 0.4355954 0.7379500
v 0.0239441 0.0207984 0.0631649 0.894118 0.019608 0.027451
vn 0.9051661 -0.0753700 0.4183225
v 0.0327961 -0.0031964 0.0615286 0.780392 0.011765 0.019608
vn 0.4105125 0.4716002 0.7804312
v 0.0135688 0.0153800 0.0720226 0.886275 0.027451 0.039216
vn 0.5674250 0.5995440 0.5644253
v 0.0113267 0.0120411 0.0753223 0.803922 0.003922 0.015686
vn 0.4509038 0.4858046 0.7487855
v 0.0222404 0.0226118 0.0631502 0.890196 0.023529 0.031373
vn 0.4087515 0.4671195 0.7840418
v 0.0167214 0.0188854 0.0683104 0.894118 0.027451 0.043137
vn 0.4995225 0.5034701 0.7049788
v 0.0232041 0.0230488 0.0621919 0.894118 0.035294 0.039216
vn 0.5743481 0.4818061 0.6618061
v 0.0249031 0.0214390 0.0619048 0.886275 0.039216 0.039216
vn 0.8820874 -0.2010314 0.4260379
v 0.0320533 -0.0072826 0.0616335 0.823529 0.011765 0.019608
vn 0.4136084 0.5071145 0.7561502
v 0.0185171 0.0264747 0.0626224 0.894118 0.023529 0.031373
vn 0.3763620 0.4939857 0.7837920
v 0.0143972 0.0200210 0.0687172 0.898039 0.027451 0.043137
vn 0.3495204 0.5571219 0.7532933
v 0.0092466 0.0153470 0.0740526 0.878431 0.043137 0.058824
vn 0.5154510 0.7206151 0.4637070
v 0.0090389 0.0137853 0.0753652 0.807843 0.007843 0.019608
vn 0.8867885 0.1912082 0.4207680
v 0.0321795 0.0068793 0.0615547 0.835294 0.007843 0.015686
vn 0.4110842 -0.5048159 0.7590591
v 0.0179241 -0.0244949 0.0642711 0.894118 0.023529 0.043137
vn 0.4822036 -0.6148081 0.6240920
v 0.0097546 -0.0129894 0.0753840 0.729412 0.007843 0.015686
vn 0.6380841 -0.5252455 0.5629972
v 0.0250430 -0.0210749 0.0619678 0.886275 0.031373 0.039216
vn 0.4571185 -0.5461084 0.7020031
v 0.0198351 -0.0257691 0.0622857 0.890196 0.031373 0.047059
vn 0.4711116 0.5587493 0.6825343
v 0.0204891 0.0255274 0.0620368 0.894118 0.031373 0.031373
vn 0.8703473 -0.3507128 0.3456823
v 0.0144636 -0.0065857 0.0758369 0.745098 0.000000 0.003922
vn 0.9352448 -0.1942616 0.2959385
v 0.0153696 -0.0038509 0.0758673 0.756863 0.000000 0.003922
vn 0.8309702 -0.4421442 0.3376344
v 0.0136172 -0.0080038 0.0764558 0.749020 0.000000 0.007843
vn 0.8272727 -0.5495578 0.1166458
v 0.0127967 -0.0087945 0.0776865 0.694118 0.007843 0.011765
vn 0.6149558 -0.6560747 0.4374876
v 0.0233076 -0.0230812 0.0615350 0.792157 0.023529 0.039216
vn 0.6236632 -0.7422032 0.2453134
v 0.0099747 -0.0123594 0.0763856 0.721569 0.000000 0.007843
vn 0.8515745 -0.4702026 0.2317985
v 0.0285791 -0.0161853 0.0612559 0.729412 0.000000 0.011765
vn 0.9232141 -0.3712626 0.0991959
v 0.0143204 -0.0059111 0.0777883 0.686275 0.007843 0.011765
vn 0.9747933 -0.2053106 0.0873254
v 0.0151610 -0.0030422 0.0779340 0.686275 0.003922 0.007843
vn 0.9813890 -0.0869061 0.1712397
v 0.0157686 -0.0006880 0.0767156 0.788235 0.003922 0.011765
vn 0.9898766 -0.0161211 0.1410128
v 0.0154719 -0.0002506 0.0778572 0.698039 0.007843 0.011765
vn 0.9794478 0.0794672 0.1853835
v 0.0158082 0.0011720 0.0767015 0.803922 0.003922 0.007843
vn 0.9716120 0.1974285 0.1303538
v 0.0151154 0.0034060 0.0777772 0.741176 0.003922 0.015686
vn 0.9321881 0.2928348 0.2127750
v 0.0150389 0.0051748 0.0766310 0.803922 0.003922 0.011765
vn 0.9206252 0.3599025 0.1513915
v 0.0143177 0.0060149 0.0778113 0.752941 0.003922 0.015686
vn 0.8689619 0.4130186 0.2726185
v 0.0141543 0.0072053 0.0768817 0.827451 0.007843 0.019608
vn 0.8517480 0.4854278 0.1971932
v 0.0134335 0.0078253 0.0776700 0.760784 0.003922 0.015686
vn 0.7825996 0.5294901 0.3273808
v 0.0132761 0.0089601 0.0767543 0.839216 0.007843 0.023529
vn 0.7754797 0.5831884 0.2419145
v 0.0121140 0.0099772 0.0772750 0.756863 0.000000 0.011765
vn 0.6512540 0.5997869 0.4648913
v 0.0112759 0.0115448 0.0768102 0.807843 0.011765 0.023529
vn 0.6598678 0.6691526 0.3417739
v 0.0103086 0.0119367 0.0772245 0.749020 0.003922 0.011765
vn 0.6093217 0.7279633 0.3143191
v 0.0095532 0.0132316 0.0767358 0.827451 0.003922 0.019608
vn 0.5705060 0.7693339 0.2874860
v 0.0087989 0.0132431 0.0775267 0.756863 0.007843 0.019608
vn 0.8046462 -0.5378204 0.2515827
v 0.0272057 -0.0184134 0.0612307 0.733333 0.000000 0.007843
vn 0.8824970 -0.4264099 0.1984285
v 0.0305606 -0.0122088 0.0609888 0.745098 0.000000 0.003922
vn 0.7477860 -0.6633740 0.0274071
v 0.0110992 -0.0109303 0.0780063 0.662745 0.007843 0.015686
vn 0.6342679 0.7460237 0.2028619
v 0.0099086 0.0129564 0.0756999 0.772549 0.000000 0.011765
vn 0.4718982 0.8097062 0.3488382
v 0.0080930 0.0140917 0.0767130 0.839216 0.007843 0.019608
vn 0.4558288 0.7837102 0.4219222
v 0.0068926 0.0142983 0.0776261 0.709804 0.000000 0.015686
vn 0.9189034 -0.3724737 -0.1299233
v 0.0142192 -0.0062276 0.0807776 0.615686 0.000000 0.003922
vn 0.7884173 0.6141552 -0.0348091
v 0.0117684 0.0103432 0.0783741 0.729412 0.000000 0.015686
vn 0.9791901 -0.1984400 -0.0425268
v 0.0152747 -0.0029694 0.0814573 0.619608 0.011765 0.011765
vn 0.9980780 -0.0460420 -0.0414796
v 0.0155134 -0.0003896 0.0809793 0.607843 0.011765 0.015686
vn 0.9624150 0.0609919 -0.2646458
v 0.0156743 0.0011576 0.0816420 0.670588 0.109804 0.129412
vn 0.9962104 0.0838765 -0.0230135
v 0.0154248 0.0005483 0.0786507 0.694118 0.007843 0.007843
vn 0.9878843 0.1262041 -0.0903174
v 0.0153230 0.0022561 0.0808178 0.615686 0.007843 0.007843
vn 0.9750698 0.2162011 -0.0499613
v 0.0152107 0.0033556 0.0815720 0.654902 0.074510 0.090196
vn 0.9323305 0.3599304 -0.0347836
v 0.0143824 0.0062106 0.0815708 0.627451 0.035294 0.031373
vn 0.6317315 -0.7692531 0.0957339
v 0.0094299 -0.0125137 0.0775116 0.690196 0.003922 0.011765
vn 0.8525177 -0.5191440 -0.0608531
v 0.0129143 -0.0086006 0.0795686 0.654902 0.000000 0.007843
vn 0.8719091 0.4876990 -0.0438662
v 0.0133879 0.0082468 0.0814628 0.607843 0.007843 0.007843
vn 0.8066759 0.5871295 -0.0674759
v 0.0120816 0.0103135 0.0814227 0.611765 0.019608 0.027451
vn 0.5768209 -0.8007607 0.1614316
v 0.0083220 -0.0137058 0.0755571 0.705882 0.000000 0.007843
vn 0.5807617 -0.7986156 0.1578894
v 0.0080249 -0.0134566 0.0779102 0.690196 0.000000 0.015686
vn 0.8792143 -0.4573862 -0.1333424
v 0.0134729 -0.0079860 0.0813733 0.596078 0.007843 0.011765
vn 0.8205062 -0.5623037 -0.1028792
v 0.0125069 -0.0096371 0.0814242 0.607843 0.011765 0.015686
vn 0.7250259 0.6844684 -0.0764229
v 0.0107121 0.0120017 0.0814595 0.596078 0.023529 0.031373
vn 0.7222514 -0.6851218 -0.0946632
v 0.0107269 -0.0118824 0.0814835 0.603922 0.003922 0.015686
vn 0.9053292 -0.3393717 -0.2553544
v 0.0144583 -0.0062215 0.0816170 0.643137 0.082353 0.090196
vn 0.6654774 0.7421188 -0.0799966
v 0.0093561 0.0132526 0.0815085 0.588235 0.027451 0.031373
vn 0.6459401 -0.7580102 -0.0904541
v 0.0092688 -0.0130470 0.0808299 0.615686 0.000000 0.007843
vn -0.4226668 0.4725532 0.7733346
v -0.0161864 0.0162848 0.0698951 0.905882 0.050980 0.074510
vn -0.4752709 0.4280725 0.7686817
v -0.0173682 0.0134764 0.0708339 0.898039 0.039216 0.062745
vn -0.4888398 0.4824029 0.7268584
v -0.0125166 0.0112832 0.0750915 0.854902 0.050980 0.070588
vn -0.5300875 0.6767620 0.5108821
v -0.0101718 0.0126600 0.0754848 0.823529 0.027451 0.047059
vn -0.3652550 0.5171961 0.7740136
v -0.0127561 0.0180060 0.0705543 0.894118 0.050980 0.074510
vn -0.4283320 0.4463435 0.7856903
v -0.0192577 0.0192700 0.0664582 0.913725 0.050980 0.066667
vn -0.3594074 0.4971857 0.7897043
v -0.0160871 0.0226302 0.0660369 0.909804 0.047059 0.066667
vn -0.4326061 0.4371091 0.7885352
v -0.0213256 0.0214182 0.0641900 0.909804 0.043137 0.062745
vn -0.4016183 0.5240238 0.7510672
v -0.0195010 0.0250614 0.0629175 0.905882 0.043137 0.058824
vn -0.5577756 0.5570014 0.6153340
v -0.0229016 0.0230024 0.0623869 0.949020 0.078431 0.094118
vn -0.3463043 0.5504682 0.7596434
v -0.0167046 0.0268479 0.0630563 0.901961 0.039216 0.058824
vn -0.4633504 0.5539807 0.6916732
v -0.0214164 0.0246280 0.0621062 0.894118 0.050980 0.047059
vn -0.5075833 0.3865268 0.7700366
v -0.0199333 0.0134065 0.0692515 0.901961 0.043137 0.070588
vn -0.5787446 0.3892040 0.7166415
v -0.0142582 0.0086406 0.0753840 0.839216 0.043137 0.054902
vn -0.5116732 0.3899637 0.7655841
v -0.0252201 0.0186325 0.0632927 0.905882 0.047059 0.074510
vn -0.5421391 0.4154329 0.7304115
v -0.0263185 0.0192429 0.0621703 0.921569 0.050980 0.066667
vn -0.3611057 0.5877222 0.7240065
v -0.0169879 0.0278336 0.0621304 0.905882 0.035294 0.054902
vn -0.4083878 0.5696260 0.7132641
v -0.0187261 0.0268529 0.0619304 0.835294 0.019608 0.023529
vn -0.2942176 0.5443824 0.7855469
v -0.0122838 0.0230819 0.0672898 0.901961 0.031373 0.047059
vn -0.2994827 0.5877109 0.7516024
v -0.0083617 0.0153577 0.0742847 0.850980 0.043137 0.058824
vn -0.2908866 0.6018032 0.7437862
v -0.0132337 0.0289306 0.0629154 0.898039 0.031373 0.047059
vn -0.5034506 0.7402840 0.4455527
v -0.0088235 0.0136604 0.0754930 0.796078 0.011765 0.031373
vn -0.3337388 0.7967794 0.5037469
v -0.0071215 0.0146002 0.0754524 0.776471 0.000000 0.007843
vn -0.2240838 0.5697216 0.7906983
v -0.0097442 0.0255370 0.0663991 0.898039 0.027451 0.043137
vn -0.2380194 0.5790707 0.7797589
v -0.0086829 0.0204055 0.0704668 0.886275 0.031373 0.047059
vn -0.2158430 0.6186426 0.7554424
v -0.0102723 0.0299516 0.0630636 0.894118 0.023529 0.039216
vn -0.2066639 0.6229259 0.7544889
v -0.0056947 0.0164466 0.0742914 0.847059 0.035294 0.047059
vn -0.2671014 0.6431881 0.7176113
v -0.0122979 0.0302973 0.0620670 0.890196 0.039216 0.054902
vn -0.1599469 0.5924209 0.7895914
v -0.0064659 0.0258908 0.0669258 0.894118 0.019608 0.031373
vn -0.2758887 0.8606769 0.4279261
v -0.0051522 0.0152902 0.0754922 0.776471 0.000000 0.003922
vn -0.6304860 0.6160982 0.4721338
v -0.0117551 0.0110579 0.0758710 0.745098 0.000000 0.007843
vn -0.1441078 0.6519471 0.7444447
v -0.0066083 0.0311266 0.0629856 0.890196 0.019608 0.031373
vn -0.2043245 0.6671258 0.7163761
v -0.0094241 0.0312298 0.0621342 0.866667 0.039216 0.047059
vn -0.1092464 0.6352369 0.7645516
v -0.0029465 0.0171251 0.0743204 0.850980 0.039216 0.054902
vn -0.0844737 0.6095919 0.7882017
v -0.0038082 0.0257031 0.0674951 0.890196 0.019608 0.027451
vn -0.0983244 0.9000986 0.4244465
v -0.0018828 0.0159737 0.0754841 0.701961 0.000000 0.003922
vn -0.1392855 0.7047092 0.6956900
v -0.0064884 0.0319787 0.0621462 0.878431 0.023529 0.035294
vn -0.0744075 0.6568057 0.7503799
v -0.0036883 0.0315523 0.0630089 0.890196 0.019608 0.031373
vn -0.7257299 0.4683568 0.5039425
v -0.0138622 0.0084258 0.0759175 0.784314 0.015686 0.031373
vn -0.5524540 0.3170595 0.7708878
v -0.0183633 0.0094842 0.0721781 0.878431 0.035294 0.050980
vn -0.5604978 0.3048415 0.7700091
v -0.0246619 0.0128561 0.0662030 0.905882 0.035294 0.054902
vn -0.5467541 0.3306296 0.7692490
v -0.0277047 0.0166142 0.0624975 0.905882 0.039216 0.062745
vn -0.7478978 0.3097549 0.5871123
v -0.0152296 0.0059274 0.0758244 0.796078 0.035294 0.039216
vn -0.5880793 0.2656138 0.7639452
v -0.0296083 0.0135661 0.0622775 0.898039 0.043137 0.058824
vn -0.5879293 0.2590162 0.7663223
v -0.0218979 0.0089739 0.0697502 0.890196 0.039216 0.066667
vn -0.6274388 0.5474677 0.5537145
v -0.0249425 0.0212954 0.0617620 0.854902 0.043137 0.050980
vn -0.6013049 0.2087824 0.7712602
v -0.0201844 0.0060302 0.0719917 0.878431 0.031373 0.054902
vn -0.5973120 0.2348512 0.7668529
v -0.0265438 0.0094823 0.0659344 0.898039 0.027451 0.043137
vn -0.6324123 0.2094708 0.7457726
v -0.0301141 0.0100678 0.0629542 0.890196 0.035294 0.047059
vn -0.6212235 0.1719954 0.7645254
v -0.0260276 0.0065983 0.0671351 0.894118 0.035294 0.054902
vn -0.6560312 0.2162325 0.7230952
v -0.0309216 0.0104860 0.0620965 0.878431 0.035294 0.043137
vn -0.6221505 0.1134186 0.7746386
v -0.0195822 0.0031981 0.0730759 0.866667 0.031373 0.054902
vn -0.7858780 0.1451332 0.6011091
v -0.0160512 0.0028578 0.0759192 0.776471 0.015686 0.023529
vn -0.6385416 0.1404749 0.7566581
v -0.0317608 0.0063744 0.0624335 0.890196 0.035294 0.050980
vn -0.6398466 0.0920476 0.7629703
v -0.0263164 0.0035163 0.0674298 0.886275 0.035294 0.058824
vn -0.6444645 0.0783919 0.7606053
v -0.0323952 0.0039337 0.0622360 0.878431 0.035294 0.039216
vn -0.7914507 0.0746862 0.6066530
v -0.0162458 0.0002353 0.0760066 0.796078 0.023529 0.035294
vn 0.0009389 0.6161125 0.7876577
v 0.0000551 0.0257193 0.0677002 0.886275 0.019608 0.031373
vn -0.0012897 0.6431960 0.7657005
v 0.0001636 0.0175329 0.0742295 0.854902 0.031373 0.047059
vn -0.0802339 0.7033345 0.7063166
v -0.0034781 0.0325232 0.0620660 0.819608 0.019608 0.027451
vn 0.0021878 0.8859612 0.4637543
v 0.0002412 0.0161510 0.0754487 0.737255 0.000000 0.015686
vn -0.0022368 0.6247607 0.7808131
v 0.0000934 0.0323075 0.0625675 0.882353 0.019608 0.035294
vn 0.0707041 0.6232126 0.7788498
v 0.0035220 0.0321887 0.0625080 0.886275 0.019608 0.031373
vn 0.0878334 0.6085443 0.7886439
v 0.0044626 0.0283946 0.0653709 0.890196 0.023529 0.035294
vn 0.1048236 0.6117656 0.7840632
v 0.0040672 0.0227205 0.0698175 0.882353 0.023529 0.039216
vn 0.1244052 0.6363317 0.7613181
v 0.0035592 0.0170634 0.0743140 0.862745 0.035294 0.047059
vn 0.1136568 0.8972157 0.4267154
v 0.0021353 0.0159414 0.0755358 0.752941 0.000000 0.011765
vn 0.1601884 0.6831909 0.7124535
v 0.0073629 0.0313489 0.0626552 0.894118 0.023529 0.031373
vn 0.1519435 0.5957233 0.7886869
v 0.0066680 0.0264204 0.0665226 0.898039 0.019608 0.027451
vn 0.2439542 0.8700528 0.4283626
v 0.0050920 0.0153508 0.0754920 0.729412 0.000000 0.003922
vn 0.2092103 0.5803288 0.7870512
v 0.0091228 0.0243087 0.0675638 0.894118 0.019608 0.031373
vn 0.2148921 0.6147711 0.7588661
v 0.0062830 0.0164728 0.0741765 0.874510 0.035294 0.050980
vn 0.2108227 0.6269737 0.7499719
v 0.0104785 0.0300399 0.0630033 0.894118 0.019608 0.031373
vn 0.1424273 0.7331876 0.6649439
v 0.0062800 0.0320545 0.0621091 0.878431 0.023529 0.031373
vn 0.2885916 0.5982884 0.7475065
v 0.0135237 0.0287509 0.0630383 0.898039 0.019608 0.031373
vn 0.2656548 0.5640386 0.7818491
v 0.0094790 0.0201369 0.0705086 0.894118 0.027451 0.043137
vn 0.2951690 0.5445617 0.7850655
v 0.0140474 0.0246155 0.0657585 0.901961 0.015686 0.023529
vn 0.2790066 0.5892065 0.7582817
v 0.0092466 0.0153470 0.0740526 0.874510 0.039216 0.047059
vn 0.3665888 0.8275015 0.4252693
v 0.0074150 0.0145311 0.0754825 0.749020 0.000000 0.000000
vn 0.2077743 0.6898359 0.6935102
v 0.0093661 0.0312704 0.0621440 0.886275 0.027451 0.035294
vn 0.2600039 0.6404183 0.7226772
v 0.0122113 0.0303241 0.0621709 0.878431 0.031373 0.035294
vn 0.3045810 0.5384167 0.7857085
v 0.0143972 0.0200210 0.0687172 0.901961 0.023529 0.035294
vn 0.3209443 0.5491926 0.7716102
v 0.0185171 0.0264747 0.0626224 0.882353 0.019608 0.015686
vn 0.3858473 0.7573219 0.5268639
v 0.0090389 0.0137853 0.0753652 0.839216 0.003922 0.023529
vn 0.3243920 0.5857913 0.7427103
v 0.0165280 0.0282070 0.0621551 0.874510 0.031373 0.031373
vn -0.6395389 0.0596975 0.7664374
v -0.0229376 0.0001555 0.0705328 0.882353 0.039216 0.070588
vn -0.6465646 0.0527378 0.7610342
v -0.0323246 0.0000168 0.0625673 0.890196 0.035294 0.047059
vn -0.6505075 0.6448571 0.4012472
v -0.0233594 0.0231940 0.0613367 0.756863 0.015686 0.023529
vn -0.5078698 0.8380205 0.1994742
v -0.0082310 0.0138272 0.0767538 0.803922 0.003922 0.007843
vn -0.7701207 0.6236311 0.1341586
v -0.0118083 0.0102054 0.0775640 0.713725 0.003922 0.007843
vn -0.8258999 0.5366562 0.1728859
v -0.0130246 0.0084889 0.0776418 0.733333 0.003922 0.011765
vn -0.7209619 0.6772972 0.1465686
v -0.0108898 0.0112520 0.0774495 0.694118 0.000000 0.003922
vn -0.6553037 0.7149613 0.2437363
v -0.0101882 0.0123146 0.0767782 0.745098 0.000000 0.003922
vn -0.6269607 0.7719465 0.1049706
v -0.0094637 0.0126409 0.0776699 0.713725 0.000000 0.003922
vn -0.4533012 0.8821895 0.1275139
v -0.0074230 0.0140196 0.0776769 0.713725 0.000000 0.007843
vn -0.8919920 0.4172717 0.1738808
v -0.0142840 0.0062927 0.0777536 0.749020 0.007843 0.015686
vn -0.3617729 0.9189455 0.1570334
v -0.0055859 0.0150671 0.0767710 0.768627 0.003922 0.011765
vn -0.2381992 0.9669955 0.0904482
v -0.0036675 0.0153900 0.0779758 0.709804 0.000000 0.007843
vn -0.1807851 0.9781253 0.1028966
v -0.0031992 0.0157900 0.0767024 0.745098 0.000000 0.007843
vn -0.0862850 0.9900972 0.1107361
v -0.0018317 0.0156651 0.0777851 0.717647 0.000000 0.003922
vn 0.0098273 0.9852673 0.1707386
v 0.0001952 0.0160199 0.0769374 0.760784 0.000000 0.011765
vn 0.0394102 0.9936230 0.1056424
v 0.0005385 0.0157548 0.0779095 0.705882 0.000000 0.011765
vn -0.9528090 0.2253917 0.2033558
v -0.0151534 0.0039243 0.0776512 0.756863 0.003922 0.015686
vn 0.1797015 0.9766752 0.1175291
v 0.0033049 0.0157431 0.0765933 0.776471 0.000000 0.007843
vn 0.2129387 0.9726585 0.0926967
v 0.0036073 0.0153785 0.0778726 0.709804 0.000000 0.007843
vn -0.9616629 0.1123246 0.2501753
v -0.0156321 0.0005076 0.0774933 0.768627 0.003922 0.011765
vn 0.3423468 0.9222239 0.1797269
v 0.0063917 0.0149182 0.0766024 0.803922 0.007843 0.015686
vn 0.3519956 0.9175169 0.1850994
v 0.0068926 0.0142983 0.0776261 0.701961 0.003922 0.011765
vn 0.4201726 0.8949572 0.1500223
v 0.0080930 0.0140917 0.0767130 0.823529 0.003922 0.015686
vn -0.6126888 0.7871826 -0.0704005
v -0.0093082 0.0128575 0.0807113 0.643137 0.000000 0.000000
vn -0.3844185 0.9220370 -0.0454989
v -0.0063675 0.0144717 0.0785906 0.705882 0.000000 0.007843
vn -0.7115173 0.7016047 -0.0386513
v -0.0107325 0.0116422 0.0814058 0.596078 0.000000 0.000000
vn -0.1576619 0.9786401 -0.1319332
v -0.0025178 0.0156966 0.0809607 0.607843 0.000000 0.000000
vn -0.3092068 0.9495397 -0.0525889
v -0.0051084 0.0151139 0.0814025 0.607843 0.003922 0.015686
vn -0.4579076 0.8859643 -0.0734024
v -0.0072629 0.0142492 0.0814905 0.623529 0.007843 0.019608
vn 0.0554152 0.9973083 -0.0480144
v 0.0013166 0.0158435 0.0809006 0.643137 0.000000 0.007843
vn 0.1818599 0.9804382 -0.0752866
v 0.0031621 0.0156782 0.0814546 0.607843 0.003922 0.007843
vn -0.7963293 0.6042606 -0.0269962
v -0.0119628 0.0102299 0.0815320 0.600000 0.003922 0.003922
vn -0.5878709 0.8006371 -0.1157071
v -0.0090642 0.0131747 0.0815071 0.600000 0.070588 0.074510
vn -0.8566839 0.5157532 -0.0095593
v -0.0130288 0.0085814 0.0814908 0.611765 0.007843 0.007843
vn -0.9188148 0.3946890 -0.0002876
v -0.0143535 0.0061691 0.0815674 0.631373 0.027451 0.031373
vn -0.9815997 0.1882841 0.0317974
v -0.0151476 0.0035950 0.0788618 0.705882 0.000000 0.015686
vn 0.3037996 0.9492938 -0.0809151
v 0.0057195 0.0147675 0.0785388 0.698039 0.003922 0.011765
vn -0.9749959 0.2215049 -0.0178544
v -0.0152077 0.0035518 0.0816110 0.619608 0.007843 0.007843
vn -0.1368416 0.9521700 -0.2732158
v -0.0023531 0.0158716 0.0814884 0.607843 0.003922 0.019608
vn 0.2867391 0.9527464 -0.1002752
v 0.0054996 0.0151436 0.0814835 0.619608 0.011765 0.019608
vn -0.9885950 0.1298904 0.0762131
v -0.0154990 0.0004679 0.0790588 0.701961 0.003922 0.003922
vn 0.3463099 0.9341528 -0.0861858
v 0.0074801 0.0143951 0.0815765 0.615686 0.023529 0.035294
vn -0.9908151 0.1337990 -0.0195794
v -0.0156280 0.0004354 0.0815792 0.619608 0.015686 0.019608
vn -0.0653860 0.9530084 -0.2958035
v 0.0008542 0.0161235 0.0815908 0.639216 0.003922 0.007843
vn -0.0246726 -0.2505340 0.9677934
v -0.0071498 -0.0180432 0.0890886 0.984314 0.980392 0.984314
vn 0.0759653 -0.4379546 0.8957818
v -0.0098082 -0.0188788 0.0888637 0.972549 0.976471 0.972549
vn -0.0387854 -0.2170622 0.9753870
v -0.0057737 -0.0198938 0.0888010 0.984314 0.988235 0.988235
vn -0.1211881 -0.2750174 0.9537709
v -0.0030953 -0.0187289 0.0891036 0.984314 0.980392 0.980392
vn -0.4129014 -0.2474575 0.8765143
v -0.0020330 -0.0203299 0.0888260 0.976471 0.976471 0.976471
vn -0.1465124 -0.3346066 0.9308988
v -0.0026397 -0.0208979 0.0885263 0.976471 0.988235 0.980392
vn -0.7541755 -0.3383204 0.5628131
v -0.0014636 -0.0219032 0.0886431 0.980392 0.976471 0.976471
vn 0.0946930 -0.4493540 0.8883210
v -0.0103560 -0.0178963 0.0894190 0.988235 0.984314 0.984314
vn 0.1195095 -0.4333938 0.8932454
v -0.0110383 -0.0188898 0.0890229 0.988235 0.980392 0.980392
vn -0.1600146 -0.7584395 0.6317950
v -0.0089825 -0.0193103 0.0885548 0.984314 0.984314 0.984314
vn -0.3815457 -0.2810077 0.8806008
v -0.0016134 -0.0192410 0.0893798 0.980392 0.980392 0.980392
vn -0.2677162 -0.2769186 0.9228457
v -0.0022132 -0.0185387 0.0894166 0.980392 0.980392 0.980392
vn -0.1273472 -0.7385427 0.6620705
v -0.0047618 -0.0181054 0.0894785 0.980392 0.984314 0.980392
vn -0.8697661 -0.3030699 0.3894298
v -0.0014069 -0.0215671 0.0892613 0.980392 0.976471 0.976471
vn -0.0227350 0.2953795 0.9551095
v -0.0070940 0.0197784 0.0888829 0.984314 0.984314 0.988235
vn -0.0264446 0.3145263 0.9488804
v -0.0073630 0.0180662 0.0893841 0.988235 0.988235 0.984314
vn -0.0093455 0.3174601 0.9482256
v -0.0059498 0.0183960 0.0893366 0.988235 0.984314 0.988235
vn 0.0071856 0.4150951 0.9097497
v -0.0103441 0.0189479 0.0890054 0.980392 0.980392 0.980392
vn -0.2049410 0.4366714 0.8759665
v -0.0020848 0.0192101 0.0890332 0.984314 0.988235 0.984314
vn -0.2110491 0.0411952 0.9766070
v -0.0019385 0.0205283 0.0887359 0.984314 0.984314 0.980392
vn -0.1864110 0.1514289 0.9707319
v -0.0014757 0.0200377 0.0887771 0.992157 0.988235 0.984314
vn -0.0976440 0.3759174 0.9214944
v -0.0026831 0.0209097 0.0885014 0.984314 0.984314 0.984314
vn -0.2078276 0.1847857 0.9605530
v -0.0017773 0.0216246 0.0885599 0.980392 0.980392 0.988235
vn -0.1640085 0.5319182 0.8307613
v -0.0022304 0.0186201 0.0893822 0.988235 0.988235 0.988235
vn 0.0463225 0.5223844 0.8514510
v -0.0095941 0.0180570 0.0895111 0.980392 0.976471 0.980392
vn -0.4588310 0.5465026 0.7005777
v -0.0014250 0.0193751 0.0893366 0.988235 0.988235 0.988235
vn -0.5289080 -0.4377616 0.7270635
v -0.0016346 0.0211517 0.0893323 0.980392 0.980392 0.984314
vn -0.4842734 0.8705052 -0.0877504
v 0.0108233 0.0186482 0.0958344 0.984314 0.984314 0.984314
vn -0.5391482 0.8421204 0.0123478
v 0.0110224 0.0189060 0.0894525 0.984314 0.984314 0.984314
vn -0.3093838 0.9508169 -0.0151310
v 0.0100303 0.0181127 0.0912321 0.988235 0.984314 0.980392
vn -0.3221757 0.9455051 -0.0471481
v 0.0100089 0.0180230 0.0895790 0.984314 0.980392 0.980392
vn -0.2525196 0.9675451 0.0095109
v 0.0116259 0.0190727 0.0946846 0.984314 0.984314 0.984314
vn -0.0206029 0.9996966 -0.0134980
v 0.0114417 0.0191560 0.0888198 0.984314 0.984314 0.984314
vn -0.1283284 0.9831714 -0.1300229
v 0.0103828 0.0186981 0.0980516 0.984314 0.980392 0.980392
vn -0.1253362 0.9856027 -0.1134824
v 0.0096870 0.0182148 0.0957061 0.988235 0.984314 0.984314
vn -0.0235925 0.9994354 0.0239258
v 0.0111765 0.0189754 0.0993566 1.000000 1.000000 1.000000
vn -0.0369682 0.9993162 0.0006505
v 0.0122490 0.0191837 0.0897803 0.992157 0.984314 0.984314
vn -0.0605919 0.9919124 0.1115283
v 0.0121730 0.0190841 0.0989310 0.984314 0.964706 0.964706
vn 0.0716108 0.9934096 -0.0894946
v 0.0069812 0.0182548 0.0947831 0.984314 0.988235 0.988235
vn 0.0442814 0.9990014 -0.0059418
v 0.0077958 0.0181505 0.0894672 0.992157 0.996078 0.988235
vn 0.1517440 0.9717848 -0.1805778
v 0.0124024 0.0190653 0.0873431 0.988235 0.984314 0.988235
vn 0.0971744 0.9909083 0.0930487
v 0.0052362 0.0182661 0.0898833 0.984314 0.988235 0.984314
vn 0.1383855 0.9879425 -0.0694202
v 0.0047186 0.0184342 0.0937516 0.988235 0.984314 0.988235
vn 0.1423489 0.9879149 -0.0613276
v 0.0093418 0.0193542 0.0875792 0.984314 0.980392 0.980392
vn 0.1962577 0.9762718 0.0915225
v 0.0076448 0.0195678 0.0889113 0.984314 0.984314 0.984314
vn 0.0126058 0.9761627 0.2166737
v 0.0123768 0.0188852 0.0996927 0.972549 0.850980 0.850980
vn 0.1415999 0.9835862 -0.1118383
v 0.0075118 0.0191416 0.0996916 0.992157 0.992157 1.000000
vn 0.1339733 0.9724602 -0.1907158
v 0.0074225 0.0190046 0.0982020 0.988235 0.988235 0.984314
vn 0.1512795 0.9551005 -0.2547501
v 0.0054272 0.0186552 0.0963772 0.988235 0.984314 0.984314
vn 0.2939466 0.9558195 0.0021396
v 0.0025627 0.0186858 0.0895257 0.988235 0.988235 0.988235
vn 0.2462632 0.9652647 -0.0872838
v 0.0025004 0.0188056 0.0937381 0.988235 0.988235 0.988235
vn 0.1758533 0.9509552 -0.2544796
v 0.0112706 0.0188625 0.0859064 0.921569 0.854902 0.854902
vn 0.1629074 0.9422798 -0.2925236
v 0.0082897 0.0193929 0.0863029 0.882353 0.811765 0.815686
vn 0.1259475 0.9785072 0.1632816
v 0.0042502 0.0184822 0.0893490 0.984314 0.988235 0.988235
vn 0.3435343 0.9391325 -0.0037882
v 0.0039050 0.0199273 0.0997514 0.996078 0.996078 0.996078
vn 0.2547545 0.9662690 -0.0377415
v 0.0053631 0.0201820 0.0873348 0.980392 0.984314 0.984314
vn 0.2409859 0.9695518 0.0435335
v 0.0052102 0.0201546 0.0886282 0.988235 0.988235 0.992157
vn 0.4247990 0.8517895 0.3065951
v 0.0026021 0.0207822 0.0885460 0.980392 0.984314 0.988235
vn 0.3029120 0.9356446 -0.1811450
v 0.0047210 0.0201699 0.0859559 0.866667 0.705882 0.709804
vn 0.3662652 0.8938905 -0.2584758
v 0.0033231 0.0201654 0.0986606 0.984314 0.980392 0.980392
vn 0.4140619 0.8543252 -0.3141356
v 0.0022064 0.0194100 0.0966417 0.988235 0.988235 0.992157
vn 0.3985892 0.9105743 0.1094590
v 0.0027754 0.0209761 0.0877768 0.980392 0.980392 0.980392
vn 0.3816991 0.9175905 -0.1110559
v 0.0025041 0.0210173 0.0860035 0.894118 0.756863 0.760784
vn 0.4213163 0.9001233 -0.1107731
v 0.0013760 0.0192054 0.0939942 0.988235 0.984314 0.988235
vn 0.4759946 0.8794286 0.0058672
v 0.0013102 0.0192743 0.0890003 0.984314 0.992157 0.992157
vn 0.6143682 0.7890151 -0.0026319
v 0.0022808 0.0208417 0.0997185 0.996078 0.996078 0.996078
vn 0.1946142 0.8873826 -0.4179444
v 0.0046778 0.0195157 0.0979657 0.984314 0.988235 0.988235
vn 0.4570704 0.8890469 -0.0261208
v 0.0011271 0.0219749 0.0880700 0.984314 0.984314 0.984314
vn 0.3491929 0.9138699 -0.2071379
v -0.0000769 0.0222934 0.0868530 0.984314 0.980392 0.980392
vn 0.3856599 0.9218269 -0.0387509
v 0.0002883 0.0224834 0.0918188 0.984314 0.984314 0.984314
vn 0.8004882 0.5984750 -0.0323467
v 0.0008472 0.0223464 0.0944152 0.988235 0.988235 0.988235
vn 0.7447997 0.6302653 -0.2191780
v 0.0021106 0.0209426 0.0987944 0.984314 0.984314 0.984314
vn 0.3232655 0.8820311 -0.3428129
v -0.0001133 0.0219567 0.0859524 0.921569 0.886275 0.886275
vn 0.5762952 0.7947685 0.1903337
v 0.0018545 0.0213412 0.0886309 0.988235 0.984314 0.988235
vn 0.8187491 0.5736611 0.0237268
v 0.0013282 0.0216134 0.0897942 0.984314 0.984314 0.996078
vn 0.3402150 0.8561668 -0.3888859
v 0.0127982 0.0182788 0.0859576 0.972549 0.964706 0.968627
vn 0.2034997 0.7327049 -0.6494086
v 0.0072171 0.0193042 0.0858667 0.882353 0.803922 0.807843
vn 0.6797041 0.6017284 -0.4194345
v 0.0018977 0.0199560 0.0973018 0.984314 0.984314 0.988235
vn 0.8291592 0.5590035 -0.0032060
v 0.0010867 0.0196234 0.0920728 0.988235 0.984314 0.992157
vn 0.8288624 0.5589626 -0.0234085
v 0.0013269 0.0216261 0.0942011 0.996078 0.984314 0.988235
vn 0.8623068 0.4726699 -0.1816872
v 0.0013259 0.0219466 0.0974484 0.988235 0.988235 0.988235
vn 0.6662117 0.7413935 0.0806082
v 0.0009636 0.0220076 0.0998822 0.890196 0.843137 0.839216
vn 0.8621532 0.4169933 -0.2877648
v 0.0014647 0.0202662 0.0964540 0.988235 0.984314 0.988235
vn 0.4062092 -0.9122196 -0.0533802
v -0.0106936 -0.0183403 0.0937636 0.984314 0.980392 0.980392
vn 0.2211466 -0.9749063 -0.0255356
v -0.0115526 -0.0188994 0.0974265 0.984314 0.980392 0.984314
vn 0.4484312 -0.8832927 0.1367608
v -0.0114791 -0.0187878 0.0898735 0.976471 0.972549 0.976471
vn 0.3178365 -0.9466075 -0.0539838
v -0.0103552 -0.0180268 0.0916055 0.980392 0.980392 0.984314
vn 0.3614040 -0.9305431 0.0589638
v -0.0103560 -0.0178963 0.0894190 0.976471 0.968627 0.972549
vn -0.1506128 -0.9885920 0.0013600
v -0.0123554 -0.0190447 0.0899078 0.980392 0.980392 0.980392
vn 0.0819587 -0.9826417 -0.1664274
v -0.0100459 -0.0184525 0.0968269 0.984314 0.980392 0.984314
vn 0.0647746 -0.9876207 -0.1428628
v -0.0106645 -0.0187203 0.0979757 0.984314 0.984314 0.980392
vn -0.2077402 -0.9709539 0.1187119
v -0.0122755 -0.0190334 0.0988816 0.980392 0.976471 0.976471
vn 0.1862788 -0.9650941 0.1841022
v -0.0110383 -0.0188898 0.0890229 0.980392 0.972549 0.976471
vn -0.1688801 -0.9806512 -0.0990091
v -0.0121883 -0.0189226 0.0872140 0.972549 0.960784 0.956863
vn -0.0533343 -0.9964575 -0.0650221
v -0.0107498 -0.0189139 0.0991820 0.980392 0.984314 0.980392
vn -0.0269956 -0.9982198 -0.0531822
v -0.0067332 -0.0180100 0.0928236 0.984314 0.984314 0.980392
vn -0.0894579 -0.9872483 -0.1316741
v -0.0044855 -0.0183060 0.0954215 0.984314 0.984314 0.980392
vn -0.1488702 -0.9874185 0.0533148
v -0.0047618 -0.0181054 0.0894785 0.980392 0.980392 0.980392
vn -0.0380322 -0.9965357 0.0739609
v -0.0071498 -0.0180432 0.0890886 0.980392 0.980392 0.980392
vn -0.1615753 -0.9860007 0.0411850
v -0.0042984 -0.0181431 0.0902825 0.984314 0.984314 0.980392
vn -0.1095898 -0.8478567 -0.5187766
v -0.0042118 -0.0186723 0.0968085 0.980392 0.980392 0.984314
vn -0.1658957 -0.9797027 -0.1125226
v -0.0077315 -0.0192887 0.0990252 0.976471 0.972549 0.976471
vn -0.1783197 -0.9837288 0.0219043
v -0.0075906 -0.0192746 0.0998020 0.925490 0.909804 0.921569
vn -0.1826309 -0.9607507 0.2088160
v -0.0124682 -0.0187577 0.0997339 0.988235 0.878431 0.878431
vn -0.3811469 -0.8947584 -0.2326680
v -0.0025695 -0.0186622 0.0961191 0.984314 0.980392 0.984314
vn -0.4324069 -0.8964081 0.0973491
v -0.0022132 -0.0185387 0.0894166 0.980392 0.980392 0.980392
vn -0.1321818 -0.8966019 -0.4226501
v -0.0070203 -0.0189247 0.0975317 0.984314 0.984314 0.980392
vn -0.1656682 -0.9861780 0.0026382
v -0.0089825 -0.0193103 0.0885548 0.980392 0.984314 0.984314
vn -0.1947691 -0.9763646 -0.0936873
v -0.0081533 -0.0193447 0.0864087 0.937255 0.898039 0.898039
vn -0.2215064 -0.8846135 -0.4103584
v -0.0034426 -0.0202611 0.0982337 0.984314 0.980392 0.980392
vn -0.2682501 -0.9627993 -0.0325487
v -0.0056146 -0.0200814 0.0875038 0.972549 0.968627 0.968627
vn -0.2620178 -0.9561257 0.1310353
v -0.0057737 -0.0198938 0.0888010 0.980392 0.984314 0.984314
vn -0.2934642 -0.9415914 -0.1651801
v -0.0047348 -0.0200945 0.0860155 0.827451 0.650980 0.658824
vn -0.2693275 -0.8547738 -0.4436490
v -0.0127115 -0.0187278 0.0866561 0.980392 0.972549 0.972549
vn -0.1595269 -0.9276014 -0.3377970
v -0.0101791 -0.0189152 0.0861476 0.925490 0.894118 0.886275
vn -0.6000795 -0.7944654 -0.0934310
v -0.0020436 -0.0209045 0.0996707 0.980392 0.984314 0.984314
vn -0.7215517 -0.5905513 -0.3614034
v -0.0019363 -0.0206840 0.0980901 0.984314 0.984314 0.984314
vn -0.2000341 -0.8272071 -0.5250854
v -0.0048886 -0.0197710 0.0978368 0.984314 0.980392 0.980392
vn -0.0490249 -0.9135142 0.4038421
v -0.0030953 -0.0187289 0.0891036 0.984314 0.980392 0.980392
vn -0.4360536 -0.8764024 -0.2043919
v -0.0021639 -0.0210118 0.0861202 0.909804 0.827451 0.823529
vn -0.3895003 -0.9197258 0.0489290
v -0.0027423 -0.0210006 0.0878506 0.972549 0.968627 0.968627
vn -0.2986160 -0.9300529 0.2140799
v -0.0049535 -0.0202534 0.0885068 0.980392 0.988235 0.984314
vn -0.4173084 -0.8976182 0.1418988
v -0.0026397 -0.0208979 0.0885263 0.980392 0.984314 0.984314
vn -0.4360395 -0.8996345 0.0229635
v -0.0129193 -0.0187457 0.0978998 0.984314 0.988235 0.984314
vn -0.3991201 -0.9168876 0.0045153
v -0.0130110 -0.0187455 0.0927120 0.984314 0.984314 0.984314
vn -0.4666049 -0.8671380 -0.1742172
v -0.0012929 -0.0219226 0.0872273 0.976471 0.968627 0.972549
vn -0.1797935 -0.9507652 -0.2524280
v 0.0001205 -0.0221757 0.0861163 0.909804 0.843137 0.839216
vn -0.0204776 -0.9892546 -0.1447619
v -0.0000098 -0.0223356 0.0869588 0.976471 0.972549 0.972549
vn -0.4718141 -0.8803346 -0.0490157
v -0.0008753 -0.0223375 0.0896376 0.972549 0.968627 0.976471
vn -0.0216412 -0.9997423 -0.0068560
v -0.0000656 -0.0226039 0.0925926 0.980392 0.980392 0.980392
vn -0.7214863 -0.6923727 0.0088057
v -0.0013796 -0.0222486 0.0969064 0.980392 0.980392 0.980392
vn -0.7563216 -0.6536876 -0.0258878
v -0.0013809 -0.0221974 0.0915757 0.980392 0.976471 0.976471
vn -0.2305390 -0.9635822 0.1355037
v -0.0005648 -0.0223721 0.0986479 0.976471 0.972549 0.972549
vn 0.2130153 -0.9749077 0.0646495
v 0.0005218 -0.0224593 0.0974895 0.992157 0.992157 0.988235
vn 0.1563026 -0.9741402 0.1631576
v 0.0002482 -0.0223067 0.0996661 0.996078 0.992157 0.992157
vn -0.6303586 -0.7655816 0.1285799
v -0.0013331 -0.0218224 0.0996314 0.949020 0.929412 0.929412
vn -0.6491837 -0.7605127 0.0134558
v -0.0014636 -0.0219032 0.0886431 0.972549 0.968627 0.972549
vn -0.8561241 -0.5155485 -0.0355153
v -0.0017117 -0.0192123 0.0946824 0.980392 0.980392 0.980392
vn 0.2631607 -0.9630066 -0.0580070
v 0.0009636 -0.0221124 0.0878020 0.976471 0.972549 0.972549
vn 0.1982746 -0.9794823 -0.0360788
v 0.0009650 -0.0223682 0.0918562 0.980392 0.976471 0.976471
vn 0.3773371 -0.9254345 0.0344649
v 0.0011822 -0.0222113 0.0968561 0.988235 0.992157 0.992157
vn -0.5915310 -0.6524054 -0.4737702
v -0.0020194 -0.0193416 0.0970045 0.980392 0.984314 0.980392
vn -0.9029714 -0.4272911 -0.0454436
v -0.0016134 -0.0192410 0.0893798 0.988235 0.988235 0.988235
vn -0.9311749 -0.3604847 0.0544437
v -0.0014069 -0.0215671 0.0892613 0.972549 0.972549 0.968627
vn -0.3165416 -0.6635236 -0.6778921
v -0.0124908 -0.0182519 0.0860873 0.956863 0.929412 0.925490
vn 0.4956370 -0.8588498 0.1293099
v 0.0013886 -0.0218298 0.0984622 0.976471 0.976471 0.976471
vn 0.4739539 -0.8745580 0.1025481
v 0.0012203 -0.0217692 0.0997566 0.984314 0.988235 0.992157
vn -0.4396484 -0.5975937 -0.6705155
v -0.0131878 -0.0177797 0.0861234 0.980392 0.980392 0.972549
vn -0.9508058 -0.2698912 -0.1520758
v -0.0016479 -0.0199700 0.0965942 0.984314 0.980392 0.980392
vn -0.9402560 -0.3348634 -0.0615235
v -0.0015820 -0.0215502 0.0979147 0.980392 0.976471 0.980392
vn -0.9906712 -0.1332058 -0.0287564
v -0.0016980 -0.0203164 0.0913805 0.980392 0.980392 0.980392
vn 0.0262065 0.3721507 0.9278024
v 0.0076448 0.0195678 0.0889113 0.980392 0.984314 0.984314
vn 0.0225760 0.3882957 0.9212583
v 0.0029114 0.0195219 0.0890042 0.988235 0.988235 0.984314
vn 0.0176149 0.3823438 0.9238523
v 0.0077958 0.0181505 0.0894672 0.984314 0.984314 0.988235
vn 0.2761068 0.3875582 0.8795248
v 0.0026021 0.0207822 0.0885460 0.992157 0.988235 0.988235
vn 0.0269965 0.3458048 0.9379181
v 0.0042502 0.0184822 0.0893490 0.984314 0.984314 0.988235
vn -0.0175798 0.5357305 0.8442060
v 0.0099255 0.0190706 0.0890143 0.980392 0.980392 0.980392
vn -0.1228148 0.4633366 0.8776308
v 0.0100089 0.0180230 0.0895790 0.980392 0.980392 0.980392
vn 0.0271996 0.5207953 0.8532482
v 0.0025627 0.0186858 0.0895257 0.988235 0.984314 0.992157
vn 0.0096352 0.8855567 0.4644314
v 0.0114417 0.0191560 0.0888198 0.988235 0.984314 0.984314
vn -0.0630880 0.3934214 0.9171911
v 0.0013102 0.0192743 0.0890003 0.988235 0.988235 0.988235
vn 0.1478023 0.0910235 0.9848194
v 0.0010931 0.0199420 0.0887571 0.988235 0.988235 0.988235
vn 0.5206676 -0.1017044 0.8476802
v 0.0018545 0.0213412 0.0886309 0.992157 0.984314 0.984314
vn -0.1104027 0.8073614 0.5796369
v 0.0110224 0.0189060 0.0894525 0.988235 0.988235 0.988235
vn 0.7992690 -0.3940018 0.4537969
v 0.0013282 0.0216134 0.0897942 0.988235 0.984314 0.988235
vn -0.1098207 -0.3855477 0.9161291
v 0.0098747 -0.0190442 0.0888738 0.976471 0.976471 0.976471
vn 0.0122460 -0.4270820 0.9041300
v 0.0042951 -0.0184774 0.0890606 0.984314 0.980392 0.976471
vn 0.0138236 -0.2241514 0.9744563
v 0.0076987 -0.0196786 0.0887360 0.976471 0.980392 0.980392
vn 0.0022598 -0.4004103 0.9163332
v 0.0084903 -0.0185418 0.0890045 0.968627 0.964706 0.964706
vn 0.0261385 -0.1692016 0.9852348
v 0.0051428 -0.0199835 0.0888061 0.980392 0.984314 0.984314
vn 0.1019702 -0.2822539 0.9539051
v 0.0026385 -0.0185667 0.0890306 0.984314 0.980392 0.984314
vn 0.1254380 -0.2550218 0.9587644
v 0.0011819 -0.0196531 0.0889122 0.984314 0.984314 0.980392
vn 0.1005456 -0.2568486 0.9612073
v 0.0023542 -0.0209203 0.0884761 0.980392 0.988235 0.984314
vn -0.0937803 -0.4485061 0.8888462
v 0.0097459 -0.0179992 0.0893457 0.976471 0.972549 0.976471
vn 0.2408176 -0.1470176 0.9593710
v 0.0012886 -0.0208100 0.0887605 0.980392 0.984314 0.980392
vn 0.2331294 -0.2009051 0.9514661
v 0.0012790 -0.0216493 0.0885856 0.988235 0.988235 0.988235
vn -0.1954841 -0.4234937 0.8845559
v 0.0109507 -0.0188859 0.0891873 0.976471 0.980392 0.980392
vn 0.0039259 -0.6170294 0.7869304
v 0.0053707 -0.0180144 0.0894237 0.980392 0.980392 0.980392
vn 0.3662549 -0.5711176 0.7346306
v 0.0020308 -0.0185242 0.0893667 0.980392 0.980392 0.984314
vn 0.4020625 0.9144976 0.0451669
v -0.0109574 0.0189725 0.0905586 0.984314 0.984314 0.984314
vn 0.3563812 0.9326290 0.0565293
v -0.0095941 0.0180570 0.0895111 0.988235 0.988235 0.988235
vn 0.5021324 0.7538983 0.4236749
v -0.0103441 0.0189479 0.0890054 0.984314 0.984314 0.984314
vn 0.3604126 0.9319455 -0.0397538
v -0.0097910 0.0182859 0.0931271 0.984314 0.980392 0.988235
vn 0.1236561 0.9896541 -0.0727596
v -0.0107713 0.0188850 0.0975584 0.992157 0.984314 0.992157
vn -0.0252212 0.9996812 0.0011694
v -0.0116300 0.0191575 0.0903694 0.992157 0.988235 0.984314
vn 0.0865736 0.9945204 -0.0586029
v -0.0090733 0.0181377 0.0932102 0.988235 0.988235 0.988235
vn 0.0528954 0.9863297 -0.1560638
v -0.0088832 0.0183420 0.0959908 0.988235 0.984314 0.984314
vn -0.1051992 0.9940970 0.0265400
v -0.0115968 0.0189808 0.0987445 0.984314 0.980392 0.980392
vn 0.0265246 0.9762689 -0.2149315
v -0.0095844 0.0188998 0.0981705 0.984314 0.984314 0.984314
vn -0.1438596 0.9891803 -0.0287543
v -0.0084359 0.0191258 0.0997110 0.945098 0.933333 0.941176
vn -0.0574470 0.9981055 0.0220321
v -0.0073630 0.0180662 0.0893841 0.992157 0.992157 0.984314
vn -0.0981160 0.9895906 -0.1052792
v -0.0046750 0.0183877 0.0948704 0.984314 0.984314 0.984314
vn -0.1036388 0.9852083 0.1364682
v -0.0056401 0.0182113 0.0899362 0.984314 0.988235 0.988235
vn -0.1337443 0.9876046 0.0821559
v -0.0122027 0.0188208 0.0996861 0.925490 0.921569 0.921569
vn -0.2125663 0.9140428 -0.3454581
v -0.0032894 0.0187500 0.0960587 0.988235 0.984314 0.984314
vn -0.1133760 0.9428447 -0.3133526
v -0.0074722 0.0187884 0.0972201 0.980392 0.980392 0.980392
vn -0.3406833 0.9381068 -0.0623735
v -0.0022378 0.0187373 0.0938729 0.984314 0.984314 0.988235
vn -0.4041623 0.9143650 0.0242811
v -0.0022304 0.0186201 0.0893822 0.992157 0.988235 0.988235
vn -0.1961886 0.9696712 -0.1457665
v -0.0074606 0.0193051 0.0988325 0.972549 0.972549 0.972549
vn -0.3150194 0.9484056 -0.0359134
v -0.0043362 0.0200518 0.0997242 0.996078 0.996078 0.996078
vn -0.2054272 0.9212738 -0.3302340
v -0.0061107 0.0194419 0.0979798 0.984314 0.984314 0.984314
vn -0.2411612 0.9697846 -0.0368675
v -0.0120555 0.0190502 0.0903300 0.988235 0.984314 0.984314
vn -0.1908668 0.8828492 -0.4291238
v -0.0118557 0.0187493 0.0865354 0.972549 0.964706 0.960784
vn -0.1310459 0.9872928 0.0898893
v -0.0101161 0.0191780 0.0884970 0.980392 0.980392 0.984314
vn -0.2012057 0.9742339 -0.1019057
v -0.0083813 0.0194416 0.0872981 0.984314 0.980392 0.980392
vn -0.2377792 0.9712852 0.0081327
v -0.0070940 0.0197784 0.0888829 0.980392 0.980392 0.984314
vn -0.2375010 0.9466748 -0.2177158
v -0.0077030 0.0193298 0.0859384 0.890196 0.827451 0.831373
vn -0.2525873 0.9675341 -0.0087981
v -0.0058087 0.0201201 0.0884112 0.984314 0.984314 0.984314
vn -0.2977827 0.9502299 -0.0915901
v -0.0046233 0.0202446 0.0859610 0.858824 0.694118 0.705882
vn -0.4511907 0.8659308 0.2158492
v -0.0026831 0.0209097 0.0885014 0.984314 0.988235 0.984314
vn -0.4089774 0.9115602 0.0423736
v -0.0028496 0.0210162 0.0877457 0.984314 0.984314 0.984314
vn -0.3283495 0.9291381 -0.1699680
v -0.0039399 0.0201860 0.0986938 0.980392 0.984314 0.980392
vn -0.1479346 0.9210703 0.3602013
v -0.0059498 0.0183960 0.0893366 0.984314 0.988235 0.984314
vn -0.4188781 0.9003133 -0.1182253
v -0.0024699 0.0210763 0.0860078 0.870588 0.647059 0.635294
vn -0.4848455 0.8745506 0.0092774
v -0.0023536 0.0208551 0.0997285 0.996078 1.000000 1.000000
vn -0.7455143 0.6322702 -0.2108146
v -0.0016484 0.0192350 0.0955299 0.984314 0.988235 0.988235
vn -0.6270529 0.7762314 -0.0653416
v -0.0020102 0.0210732 0.0988427 0.980392 0.980392 0.980392
vn -0.2390016 0.8195952 -0.5207130
v -0.0035040 0.0198647 0.0975387 0.988235 0.980392 0.984314
vn -0.6681162 0.6410483 -0.3777275
v -0.0020735 0.0206837 0.0980374 0.980392 0.984314 0.984314
vn -0.7775187 0.6284684 -0.0221843
v -0.0015414 0.0190782 0.0925800 0.988235 0.984314 0.984314
vn -0.4030492 0.8945329 -0.1932934
v -0.0013413 0.0218247 0.0867640 0.980392 0.968627 0.968627
vn -0.7432926 0.6558438 0.1318527
v -0.0017773 0.0216246 0.0885599 0.980392 0.980392 0.976471
vn -0.3178502 0.8863376 -0.3367150
v -0.0001133 0.0219567 0.0859524 0.937255 0.890196 0.890196
vn -0.3044241 0.9338269 -0.1878655
v -0.0000769 0.0222934 0.0868530 0.980392 0.972549 0.976471
vn -0.6598924 0.7513254 0.0072226
v -0.0012735 0.0221163 0.0894597 0.980392 0.976471 0.980392
vn -0.3490220 0.9370121 -0.0138550
v -0.0008915 0.0223724 0.0915507 0.984314 0.980392 0.980392
vn -0.0925743 0.9955661 0.0166781
v -0.0003639 0.0225115 0.0946116 0.980392 0.980392 0.984314
vn -0.0605007 0.9978750 -0.0241914
v 0.0002883 0.0224834 0.0918188 0.992157 0.988235 0.988235
vn -0.4286581 0.9019834 0.0517511
v -0.0010296 0.0222580 0.0971261 0.984314 0.980392 0.984314
vn 0.0609490 0.9941037 0.0896838
v 0.0002321 0.0223172 0.0996240 0.913725 0.792157 0.792157
vn -0.5268562 0.8435664 0.1040115
v -0.0011570 0.0217644 0.0998071 1.000000 1.000000 1.000000
vn 0.1671627 0.9856218 0.0246243
v 0.0008472 0.0223464 0.0944152 0.988235 0.988235 0.996078
vn -0.7749663 0.6319923 0.0036053
v -0.0013864 0.0219465 0.0975216 0.976471 0.976471 0.976471
vn -0.4012342 0.7516364 -0.5235015
v -0.0022893 0.0194675 0.0967458 0.984314 0.984314 0.988235
vn -0.7221590 0.6907198 0.0373175
v -0.0014250 0.0193751 0.0893366 0.984314 0.984314 0.984314
vn 0.3855704 0.9213816 0.0489030
v 0.0009636 0.0220076 0.0998822 0.776471 0.737255 0.737255
vn -0.8778531 0.3581506 -0.3179656
v -0.0016240 0.0199770 0.0965050 0.984314 0.988235 0.988235
vn -0.1959881 0.7372546 -0.6465635
v -0.0124888 0.0182251 0.0861295 0.992157 0.988235 0.980392
vn 0.4548919 0.8893864 0.0454442
v 0.0013259 0.0219466 0.0974484 0.992157 0.992157 0.992157
vn -0.9714301 0.1921897 -0.1392361
v -0.0015399 0.0211066 0.0966594 0.984314 0.984314 0.984314
vn -0.9563898 0.2873704 -0.0523158
v -0.0013699 0.0196917 0.0934167 0.980392 0.984314 0.984314
vn -0.9566553 0.2911911 -0.0042929
v -0.0014843 0.0214720 0.0916764 0.984314 0.980392 0.984314
vn -0.9366145 0.3387824 0.0893301
v -0.0016346 0.0211517 0.0893323 0.980392 0.976471 0.980392
vn -0.9195305 0.2450200 0.3072932
v -0.0019385 0.0205283 0.0887359 0.980392 0.984314 0.980392
vn -0.0597916 0.9949137 -0.0810663
v 0.0017010 -0.0153603 0.0994947 0.803922 0.674510 0.392157
vn -0.0597916 0.9949137 -0.0810663
v 0.0076518 -0.0149941 0.0996003 0.635294 0.623529 0.627451
vn -0.0597916 0.9949137 -0.0810663
v 0.0053530 -0.0151405 0.0994990 1.000000 1.000000 1.000000
vn 0.9999091 -0.0054442 -0.0123389
v 0.0014037 -0.0194604 0.0965489 0.988235 0.988235 0.992157
vn 0.9998907 -0.0126190 -0.0077070
v 0.0013886 -0.0218298 0.0984622 1.000000 1.000000 0.996078
vn 0.9998713 -0.0124865 -0.0100821
v 0.0013756 -0.0216840 0.0965419 0.984314 0.984314 0.984314
vn 0.9992851 0.0322049 -0.0198020
v 0.0012886 -0.0208100 0.0887605 0.984314 0.984314 0.980392
vn 0.9998865 -0.0088770 -0.0121791
v 0.0012790 -0.0216493 0.0885856 0.984314 0.984314 0.984314
vn 0.9949023 0.0958579 -0.0313177
v 0.0011819 -0.0196531 0.0889122 0.988235 0.980392 0.980392
vn 0.9987225 0.0048531 -0.0502983
v 0.0013269 0.0216261 0.0942011 0.984314 0.988235 0.984314
vn 0.9979476 -0.0497984 -0.0402588
v 0.0010867 0.0196234 0.0920728 0.988235 0.984314 0.988235
vn 0.9915258 -0.1297380 -0.0066870
v 0.0012019 0.0206451 0.0901415 0.984314 0.984314 0.988235
vn 0.9914194 -0.1306585 -0.0040135
v 0.0013282 0.0216134 0.0897942 0.988235 0.992157 0.984314
vn 0.9949762 0.0994419 0.0115656
v 0.0010931 0.0199420 0.0887571 0.988235 0.988235 0.988235
vn 0.9944547 0.0287859 -0.1011491
v 0.0013760 0.0192054 0.0939942 0.988235 0.988235 0.988235
vn 0.9977292 0.0633922 -0.0227590
v 0.0014647 0.0202662 0.0964540 0.988235 0.988235 0.988235
vn 0.9961557 0.0872079 -0.0082870
v 0.0013259 0.0219466 0.0974484 0.996078 0.988235 0.996078
vn 0.9469348 0.3197744 0.0325395
v 0.0013102 0.0192743 0.0890003 0.984314 0.984314 0.988235
vn 0.0119215 -0.9998522 0.0123876
v 0.0002948 -0.0156038 0.0775730 0.717647 0.000000 0.007843
vn -0.0994532 -0.9445211 -0.3130319
v -0.0025622 -0.0156293 0.0756684 0.698039 0.000000 0.000000
vn -0.0079315 -0.8882172 0.4593556
v 0.0000642 -0.0158090 0.0756403 0.741176 0.003922 0.007843
vn -0.1750491 -0.9844704 0.0132606
v -0.0030659 -0.0153605 0.0776499 0.690196 0.000000 0.003922
vn -0.2976860 -0.9458788 0.1292145
v -0.0047365 -0.0151305 0.0762762 0.682353 0.000000 0.000000
vn -0.1917974 -0.8451162 0.4989914
v -0.0041703 -0.0153864 0.0755519 0.760784 0.007843 0.019608
vn -0.4277087 -0.4418186 0.7885820
v -0.0190813 -0.0191804 0.0666049 0.913725 0.058824 0.074510
vn -0.4950536 -0.3788756 0.7819049
v -0.0226298 -0.0158259 0.0662622 0.909804 0.054902 0.074510
vn -0.4442449 -0.4420952 0.7792293
v -0.0215725 -0.0213928 0.0640612 0.905882 0.047059 0.066667
vn -0.5160328 -0.3703172 0.7723830
v -0.0249942 -0.0172713 0.0640666 0.909804 0.058824 0.082353
vn -0.5620576 -0.4354722 0.7031751
v -0.0257693 -0.0193719 0.0624766 0.898039 0.047059 0.058824
vn -0.5649824 -0.5813926 0.5854721
v -0.0228668 -0.0230538 0.0622958 0.933333 0.082353 0.090196
vn -0.4290232 -0.4699951 0.7713908
v -0.0156056 -0.0157212 0.0705342 0.894118 0.050980 0.078431
vn -0.4954975 -0.4069141 0.7674003
v -0.0184923 -0.0130459 0.0703425 0.898039 0.050980 0.074510
vn -0.5165199 -0.4456705 0.7311532
v -0.0131572 -0.0103849 0.0751878 0.839216 0.039216 0.058824
vn -0.5518609 -0.3141868 0.7724871
v -0.0186680 -0.0090791 0.0721705 0.878431 0.039216 0.062745
vn -0.7087787 -0.3867732 0.5899486
v -0.0146196 -0.0070423 0.0758003 0.760784 0.003922 0.003922
vn -0.4482000 -0.5471409 0.7069325
v -0.0112236 -0.0123905 0.0750742 0.823529 0.035294 0.047059
vn -0.5507373 -0.3216401 0.7702183
v -0.0233055 -0.0122076 0.0674123 0.901961 0.050980 0.070588
vn -0.6769539 -0.3948609 0.6211428
v -0.0284393 -0.0158828 0.0622531 0.878431 0.031373 0.043137
vn -0.6588134 -0.5705129 0.4903877
v -0.0246145 -0.0214205 0.0620379 0.894118 0.043137 0.054902
vn -0.5939779 -0.2815566 0.7536021
v -0.0287250 -0.0132558 0.0630948 0.894118 0.047059 0.062745
vn -0.6465290 -0.4445467 0.6199828
v -0.0272070 -0.0182197 0.0619315 0.862745 0.035294 0.043137
vn -0.5919705 -0.2438786 0.7681759
v -0.0253286 -0.0097565 0.0668374 0.898039 0.047059 0.066667
vn -0.7492308 -0.2701436 0.6047113
v -0.0154215 -0.0052834 0.0758048 0.749020 0.003922 0.011765
vn -0.6054806 -0.1960529 0.7713342
v -0.0207151 -0.0059735 0.0716216 0.882353 0.039216 0.066667
vn -0.6315472 -0.2557687 0.7319363
v -0.0301168 -0.0127492 0.0621056 0.843137 0.031373 0.031373
vn -0.6288359 -0.2103494 0.7485443
v -0.0295320 -0.0100205 0.0634944 0.894118 0.043137 0.058824
vn -0.3906945 -0.5231303 0.7574249
v -0.0186406 -0.0251630 0.0632841 0.909804 0.058824 0.074510
vn -0.3595968 -0.5058894 0.7840702
v -0.0139037 -0.0198272 0.0687989 0.898039 0.066667 0.086275
vn -0.4722269 -0.5718575 0.6708061
v -0.0205717 -0.0252691 0.0620874 0.905882 0.043137 0.054902
vn -0.3439291 -0.5453455 0.7644024
v -0.0104313 -0.0152956 0.0734474 0.854902 0.047059 0.074510
vn -0.4856290 -0.7147100 0.5033429
v -0.0095365 -0.0129311 0.0756239 0.705882 0.000000 0.003922
vn -0.3386678 -0.5500040 0.7634132
v -0.0159548 -0.0268087 0.0633912 0.901961 0.050980 0.062745
vn -0.4043687 -0.5960116 0.6937262
v -0.0184000 -0.0270991 0.0618768 0.878431 0.047059 0.058824
vn -0.4147696 -0.7266278 0.5477027
v -0.0160299 -0.0284146 0.0621022 0.909804 0.043137 0.054902
vn -0.2852003 -0.5519135 0.7836149
v -0.0104607 -0.0202835 0.0699149 0.882353 0.058824 0.078431
vn -0.5971109 -0.6744478 0.4342567
v -0.0107350 -0.0118640 0.0759648 0.678431 0.000000 0.003922
vn -0.7019768 -0.5026373 0.5045635
v -0.0131242 -0.0093243 0.0759338 0.729412 0.000000 0.003922
vn -0.2826464 -0.5844067 0.7606443
v -0.0132406 -0.0282479 0.0634310 0.898039 0.050980 0.066667
vn -0.3567706 -0.8112382 0.4632574
v -0.0065528 -0.0144910 0.0756649 0.705882 0.000000 0.003922
vn -0.2357787 -0.6042044 0.7611475
v -0.0068598 -0.0162531 0.0740964 0.839216 0.039216 0.058824
vn -0.2163197 -0.5866282 0.7804314
v -0.0102193 -0.0282167 0.0644223 0.898039 0.039216 0.054902
vn -0.2165140 -0.5784960 0.7864249
v -0.0078886 -0.0212145 0.0700482 0.882353 0.043137 0.062745
vn -0.2797545 -0.6367574 0.7185245
v -0.0125326 -0.0301296 0.0621183 0.886275 0.035294 0.039216
vn -0.2099287 -0.6243482 0.7524090
v -0.0101116 -0.0310228 0.0621945 0.905882 0.031373 0.035294
vn -0.1619964 -0.5966907 0.7859501
v -0.0057013 -0.0209792 0.0707539 0.878431 0.043137 0.066667
vn -0.1333831 -0.6026884 0.7867501
v -0.0064050 -0.0291605 0.0645585 0.898039 0.035294 0.050980
vn -0.1420750 -0.6521191 0.7446848
v -0.0065461 -0.0310417 0.0630557 0.894118 0.023529 0.039216
vn -0.1115209 -0.6228814 0.7743268
v -0.0033547 -0.0177901 0.0736377 0.847059 0.039216 0.058824
vn -0.0751520 -0.6051626 0.7925468
v -0.0030170 -0.0245854 0.0684466 0.815686 0.047059 0.066667
vn -0.1031403 -0.6926690 0.7138430
v -0.0055525 -0.0322393 0.0620880 0.890196 0.031373 0.039216
vn -0.0607522 -0.6482623 0.7589896
v -0.0033404 -0.0311199 0.0633675 0.886275 0.019608 0.035294
vn -0.0023567 -0.6370249 0.7708396
v 0.0000243 -0.0177661 0.0739063 0.839216 0.035294 0.058824
vn -0.0020821 -0.6152507 0.7883288
v -0.0000322 -0.0277726 0.0661351 0.882353 0.035294 0.050980
vn 0.0152623 -0.6125168 0.7903102
v 0.0002828 -0.0227587 0.0700053 0.870588 0.023529 0.039216
vn 0.0020912 -0.7498004 0.6616609
v -0.0000502 -0.0323300 0.0624883 0.890196 0.031373 0.047059
vn 0.0656800 -0.6231169 0.7793662
v 0.0038236 -0.0299592 0.0642610 0.882353 0.023529 0.035294
vn 0.0870429 -0.6434032 0.7605628
v 0.0026479 -0.0172665 0.0741465 0.839216 0.035294 0.058824
vn 0.1232124 -0.8712920 0.4750463
v 0.0028563 -0.0156604 0.0755627 0.709804 0.003922 0.011765
vn 0.0810498 -0.7746754 0.6271436
v 0.0036724 -0.0321894 0.0623752 0.898039 0.039216 0.047059
vn 0.1017659 -0.6045716 0.7900233
v 0.0039368 -0.0208244 0.0711863 0.866667 0.019608 0.043137
vn 0.1373151 -0.6423880 0.7539776
v 0.0065009 -0.0304688 0.0635409 0.886275 0.031373 0.043137
vn 0.1504253 -0.5909891 0.7925303
v 0.0061968 -0.0230266 0.0692023 0.866667 0.035294 0.058824
vn 0.1885878 -0.5991630 0.7780992
v 0.0060851 -0.0180399 0.0729153 0.847059 0.023529 0.043137
vn 0.1478453 -0.7012175 0.6974495
v 0.0065346 -0.0320058 0.0620596 0.894118 0.023529 0.031373
vn 0.2042004 -0.6202920 0.7573243
v 0.0101356 -0.0291885 0.0637749 0.890196 0.031373 0.047059
vn 0.2490985 -0.8254380 0.5065591
v 0.0049591 -0.0152449 0.0754804 0.807843 0.027451 0.035294
vn 0.0022825 -0.8425040 0.5386854
v -0.0000896 -0.0327778 0.0617883 0.792157 0.019608 0.027451
vn -0.6260930 -0.1541166 0.7643661
v -0.0271786 -0.0061116 0.0662976 0.894118 0.035294 0.058824
vn -0.7294277 -0.1313358 0.6713316
v -0.0162196 -0.0025803 0.0757998 0.733333 0.015686 0.023529
vn 0.2417703 -0.5610511 0.7916874
v 0.0105314 -0.0227387 0.0683454 0.878431 0.043137 0.066667
vn 0.2000886 -0.6692569 0.7155835
v 0.0097226 -0.0312409 0.0619858 0.890196 0.035294 0.039216
vn 0.3551417 -0.7969513 0.4886134
v 0.0066984 -0.0145586 0.0755306 0.796078 0.019608 0.035294
vn 0.2696316 -0.6188300 0.7377996
v 0.0127702 -0.0287286 0.0633349 0.890196 0.027451 0.043137
vn 0.2448652 -0.6654785 0.7051095
v 0.0115797 -0.0304882 0.0621029 0.894118 0.027451 0.043137
vn 0.2811179 -0.5405232 0.7929739
v 0.0107869 -0.0189829 0.0708491 0.780392 0.043137 0.066667
vn 0.2902838 -0.5756801 0.7644134
v 0.0083329 -0.0154313 0.0742129 0.839216 0.019608 0.039216
vn 0.3355066 -0.5922155 0.7326092
v 0.0155003 -0.0274543 0.0632821 0.894118 0.031373 0.047059
vn 0.3087983 -0.5307350 0.7892807
v 0.0134290 -0.0211295 0.0684080 0.878431 0.047059 0.074510
vn 0.0663803 -0.8667091 0.4943776
v 0.0032265 -0.0325980 0.0617124 0.901961 0.043137 0.050980
vn 0.4077647 -0.7235056 0.5570168
v 0.0083220 -0.0137058 0.0755571 0.784314 0.015686 0.027451
vn 0.3227551 -0.5196945 0.7910416
v 0.0154056 -0.0186028 0.0692500 0.870588 0.043137 0.066667
vn 0.3166606 -0.5289063 0.7873908
v 0.0134932 -0.0163043 0.0715371 0.796078 0.031373 0.054902
vn 0.3999908 -0.6937481 0.5989332
v 0.0097546 -0.0129894 0.0753840 0.831373 0.023529 0.039216
vn 0.3518128 -0.5417596 0.7633638
v 0.0179241 -0.0244949 0.0642711 0.890196 0.031373 0.050980
vn 0.3227434 -0.6536016 0.6845741
v 0.0146375 -0.0291366 0.0621180 0.898039 0.035294 0.047059
vn 0.3883610 -0.5716709 0.7227504
v 0.0198351 -0.0257691 0.0622857 0.894118 0.031373 0.043137
vn 0.3867298 -0.6120695 0.6897905
v 0.0173521 -0.0276054 0.0621097 0.909804 0.031373 0.043137
vn -0.6388466 -0.1396352 0.7565560
v -0.0320710 -0.0061239 0.0622315 0.870588 0.035294 0.039216
vn -0.6333830 -0.1030587 0.7669452
v -0.0222398 -0.0033830 0.0708808 0.886275 0.035294 0.062745
vn -0.6626580 -0.2061070 0.7200029
v -0.0313668 -0.0094856 0.0619589 0.788235 0.003922 0.015686
vn -0.6392001 -0.0889971 0.7638736
v -0.0265279 -0.0035038 0.0672525 0.890196 0.043137 0.062745
vn -0.6411218 -0.0783156 0.7634327
v -0.0321857 -0.0037604 0.0624604 0.890196 0.027451 0.043137
vn -0.8047472 -0.0618370 0.5903881
v -0.0162458 0.0002353 0.0760066 0.725490 0.000000 0.015686
vn -0.6390744 -0.0499178 0.7675234
v -0.0229376 0.0001555 0.0705328 0.886275 0.035294 0.058824
vn -0.6459577 -0.0453278 0.7620263
v -0.0323246 0.0000168 0.0625673 0.886275 0.031373 0.043137
vn -0.4315233 -0.8327502 0.3468643
v -0.0156142 -0.0289277 0.0613875 0.784314 0.031373 0.047059
vn -0.6562550 -0.6704078 0.3462408
v -0.0232704 -0.0231818 0.0613335 0.752941 0.019608 0.035294
vn -0.6334044 -0.6903836 0.3495273
v -0.0217193 -0.0246673 0.0611883 0.772549 0.027451 0.047059
vn -0.8760164 -0.1422403 0.4608287
v -0.0159669 -0.0025396 0.0762172 0.737255 0.003922 0.011765
vn -0.7720295 -0.6161717 0.1558939
v -0.0120496 -0.0098451 0.0773313 0.701961 0.000000 0.003922
vn -0.8551978 -0.4881792 0.1741199
v -0.0137504 -0.0072246 0.0775913 0.705882 0.003922 0.007843
vn -0.7459815 -0.6097718 0.2677499
v -0.0254020 -0.0208062 0.0612429 0.745098 0.011765 0.019608
vn -0.5350385 -0.8432285 0.0519590
v -0.0085580 -0.0131789 0.0775323 0.682353 0.000000 0.000000
vn -0.6996694 -0.7104933 0.0752467
v -0.0105110 -0.0115825 0.0775987 0.682353 0.000000 0.003922
vn -0.9169981 -0.3659549 0.1587185
v -0.0144035 -0.0058440 0.0777958 0.709804 0.000000 0.011765
vn -0.9417379 -0.2063023 0.2656486
v -0.0152570 -0.0029485 0.0776403 0.717647 0.000000 0.007843
vn 0.4477763 -0.7979468 0.4034569
v 0.0099747 -0.0123594 0.0763856 0.709804 0.007843 0.015686
vn -0.8324523 -0.4776137 0.2809062
v -0.0288602 -0.0158763 0.0610167 0.721569 0.011765 0.027451
vn -0.4614510 -0.8847603 -0.0652865
v -0.0082773 -0.0136304 0.0757581 0.717647 0.000000 0.000000
vn -0.3953504 -0.9180672 0.0291665
v -0.0063126 -0.0143266 0.0776291 0.701961 0.000000 0.007843
vn -0.9655985 -0.0874515 0.2448916
v -0.0156321 0.0005076 0.0774933 0.721569 0.000000 0.007843
vn 0.2000371 -0.9791864 0.0343406
v 0.0034726 -0.0152828 0.0775346 0.705882 0.000000 0.003922
vn 0.3681628 -0.9262796 0.0803889
v 0.0064306 -0.0143097 0.0776003 0.713725 0.000000 0.007843
vn 0.4485558 -0.8797886 0.1573844
v 0.0080249 -0.0134566 0.0779102 0.694118 0.003922 0.015686
vn -0.5447460 -0.8352711 -0.0746591
v -0.0086336 -0.0134521 0.0815081 0.615686 0.011765 0.019608
vn -0.6931983 -0.7182096 -0.0604253
v -0.0102841 -0.0121618 0.0815571 0.603922 0.003922 0.007843
vn -0.8042373 -0.5934511 -0.0319094
v -0.0120182 -0.0100586 0.0815229 0.607843 0.011765 0.023529
vn -0.8633354 -0.5045459 -0.0092457
v -0.0134138 -0.0078516 0.0815120 0.615686 0.035294 0.066667
vn -0.4299070 -0.8993117 -0.0801148
v -0.0071080 -0.0142899 0.0814851 0.619608 0.011765 0.011765
vn -0.2990796 -0.9517948 -0.0681034
v -0.0047622 -0.0151956 0.0814043 0.615686 0.000000 0.003922
vn -0.2828155 -0.9536980 -0.1023501
v -0.0041682 -0.0151416 0.0784154 0.678431 0.000000 0.007843
vn -0.1518696 -0.9852782 -0.0785010
v -0.0023949 -0.0157570 0.0813537 0.611765 0.003922 0.019608
vn 0.0024864 -0.9952424 -0.0973987
v 0.0001236 -0.0159386 0.0810536 0.588235 0.000000 0.000000
vn -0.9290387 -0.3696266 -0.0162243
v -0.0144561 -0.0058444 0.0814859 0.631373 0.007843 0.011765
vn 0.1666775 -0.9813628 -0.0956331
v 0.0030397 -0.0157264 0.0813326 0.619608 0.003922 0.011765
vn -0.9591670 -0.2827078 -0.0086593
v -0.0152439 -0.0028958 0.0788025 0.694118 0.003922 0.011765
vn 0.3136420 -0.9453518 -0.0890993
v 0.0052362 -0.0150751 0.0809670 0.627451 0.000000 0.000000
vn -0.9912081 -0.1041144 0.0816499
v -0.0154990 0.0004679 0.0790588 0.709804 0.007843 0.007843
vn 0.3514310 -0.9321403 -0.0872402
v 0.0069955 -0.0144542 0.0814189 0.623529 0.007843 0.003922
vn -0.9523292 -0.3007922 -0.0509223
v -0.0153350 -0.0030696 0.0815317 0.631373 0.007843 0.011765
vn -0.9975041 -0.0703206 -0.0063701
v -0.0013699 0.0196917 0.0934167 0.984314 0.984314 0.988235
vn -0.9972728 -0.0717314 0.0173645
v -0.0014843 0.0214720 0.0916764 0.988235 0.992157 0.988235
vn -0.9983331 -0.0532032 0.0223723
v -0.0014250 0.0193751 0.0893366 0.988235 0.984314 0.984314
vn -0.9941181 -0.0982131 0.0456449
v -0.0014757 0.0200377 0.0887771 0.988235 0.984314 0.984314
vn -0.9965947 -0.0806790 -0.0170264
v -0.0015399 0.0211066 0.0966594 0.988235 0.984314 0.988235
vn -0.9791140 -0.1833690 0.0878163
v -0.0016346 0.0211517 0.0893323 0.984314 0.984314 0.988235
vn -0.7936037 -0.1348170 -0.5933108
v -0.0153350 -0.0030696 0.0815317 0.639216 0.098039 0.129412
vn -0.9178656 -0.0201132 -0.3963816
v -0.0156280 0.0004354 0.0815792 0.643137 0.113725 0.141176
vn -0.9969025 -0.0775049 -0.0133574
v -0.0152439 -0.0028958 0.0788025 0.698039 0.000000 0.007843
vn -0.9989275 0.0104792 -0.0451004
v -0.0154990 0.0004679 0.0790588 0.690196 0.000000 0.003922
vn -0.9969456 -0.0767089 0.0146694
v -0.0152570 -0.0029485 0.0776403 0.709804 0.003922 0.011765
vn -0.9928727 0.1084548 -0.0494120
v -0.0151476 0.0035950 0.0788618 0.698039 0.003922 0.007843
vn -0.8211372 -0.0285234 -0.5700175
v -0.0167243 0.0000924 0.0821954 0.819608 0.576471 0.596078
vn -0.8375986 -0.2375326 -0.4919421
v -0.0163104 -0.0035538 0.0824113 0.858824 0.709804 0.717647
vn -0.9649805 -0.1565418 -0.2104931
v -0.0167882 -0.0021998 0.0831256 0.890196 0.803922 0.815686
vn -0.9827635 0.0222364 -0.1835255
v -0.0171352 0.0003346 0.0832629 0.878431 0.784314 0.796078
vn -0.9501197 0.2797727 -0.1378397
v -0.0163843 0.0038044 0.0825180 0.898039 0.800000 0.811765
vn -0.9670095 -0.2547261 -0.0027143
v -0.0167213 -0.0030185 0.0840464 0.815686 0.670588 0.666667
vn -0.9677402 0.2505070 0.0269311
v -0.0167039 0.0033025 0.0840582 0.858824 0.768627 0.760784
vn -0.9989032 0.0084969 0.0460466
v -0.0171557 0.0001393 0.0846693 0.780392 0.368627 0.392157
vn -0.8294100 -0.3123005 -0.4631927
v -0.0157266 -0.0052589 0.0824122 0.835294 0.647059 0.658824
vn -0.9193086 -0.3930211 0.0201547
v -0.0157843 -0.0056678 0.0840351 0.862745 0.772549 0.768627
vn -0.8745955 -0.4569542 -0.1620978
v -0.0152151 -0.0067185 0.0830539 0.905882 0.827451 0.843137
vn -0.7448418 -0.4214874 -0.5172612
v -0.0147926 -0.0070341 0.0823320 0.815686 0.584314 0.588235
vn -0.9736553 -0.2041841 0.1015102
v -0.0167368 -0.0021553 0.0857222 0.733333 0.215686 0.235294
vn -0.9952794 0.0555331 0.0795923
v -0.0170606 0.0002535 0.0857794 0.764706 0.168627 0.192157
vn -0.7388888 -0.4553545 -0.4966847
v -0.0135007 -0.0091956 0.0823359 0.772549 0.490196 0.498039
vn -0.8378469 -0.5234264 -0.1550399
v -0.0133477 -0.0098347 0.0830552 0.894118 0.788235 0.803922
vn -0.7341886 -0.5436658 -0.4066875
v -0.0122695 -0.0112717 0.0825232 0.870588 0.733333 0.749020
vn -0.8655469 -0.4976582 0.0562565
v -0.0148707 -0.0074047 0.0840887 0.862745 0.713725 0.721569
vn -0.8203180 -0.5716634 0.0167172
v -0.0126140 -0.0110875 0.0840095 0.847059 0.713725 0.721569
vn -0.9190542 -0.3676393 0.1420591
v -0.0158059 -0.0049600 0.0858367 0.741176 0.227451 0.262745
vn -0.6849720 -0.7283239 -0.0189108
v -0.0105066 -0.0137910 0.0840128 0.807843 0.631373 0.639216
vn -0.5773405 -0.6634993 -0.4758640
v -0.0100657 -0.0137758 0.0825443 0.854902 0.721569 0.733333
vn -0.8704851 -0.4670214 0.1553924
v -0.0149178 -0.0067866 0.0857581 0.733333 0.282353 0.313725
vn -0.5962418 -0.5168097 -0.6143317
v -0.0115288 -0.0119121 0.0822797 0.815686 0.627451 0.631373
vn -0.8389384 -0.5259264 0.1399425
v -0.0141092 -0.0081599 0.0858158 0.709804 0.298039 0.313725
vn -0.8540348 -0.5146873 0.0756406
v -0.0134676 -0.0091258 0.0859137 0.698039 0.286275 0.309804
vn -0.8481324 -0.5251009 0.0702889
v -0.0125864 -0.0106719 0.0859601 0.737255 0.286275 0.313725
vn -0.8541071 -0.4918637 -0.1690304
v -0.0133257 -0.0095476 0.0864242 0.733333 0.392157 0.396078
vn -0.7874975 -0.6156532 0.0286156
v -0.0115409 -0.0122586 0.0851951 0.745098 0.282353 0.294118
vn -0.7803341 -0.6123448 -0.1269355
v -0.0115793 -0.0123476 0.0858604 0.733333 0.250980 0.278431
vn -0.6877882 -0.7133953 0.1342186
v -0.0103320 -0.0135492 0.0857394 0.694118 0.207843 0.239216
vn -0.4554769 -0.7543979 -0.4726781
v -0.0084868 -0.0149339 0.0825506 0.854902 0.713725 0.729412
vn -0.4680464 -0.8835326 0.0173988
v -0.0081258 -0.0154215 0.0839426 0.784314 0.576471 0.576471
vn -0.5927633 -0.4204803 -0.6868974
v -0.0120182 -0.0100586 0.0815229 0.611765 0.098039 0.129412
vn -0.6366774 -0.2871544 -0.7156705
v -0.0144561 -0.0058444 0.0814859 0.631373 0.078431 0.098039
vn -0.6540846 -0.3641338 -0.6630083
v -0.0134138 -0.0078516 0.0815120 0.619608 0.121569 0.149020
vn -0.5536382 -0.8149399 0.1713416
v -0.0095966 -0.0141442 0.0857285 0.701961 0.250980 0.266667
vn -0.9613013 0.2280648 0.1545521
v -0.0164917 0.0027989 0.0858134 0.741176 0.211765 0.231373
vn -0.4870097 -0.4878811 -0.7244264
v -0.0102841 -0.0121618 0.0815571 0.619608 0.133333 0.172549
vn -0.3849480 -0.8860254 -0.2584068
v -0.0056758 -0.0162616 0.0827311 0.843137 0.713725 0.733333
vn -0.3585677 -0.9272734 0.1076724
v -0.0062719 -0.0162248 0.0841474 0.768627 0.458824 0.478431
vn -0.3542505 -0.7679981 -0.5335594
v -0.0062052 -0.0157569 0.0822203 0.847059 0.686275 0.709804
vn -0.3825671 -0.5457912 -0.7454894
v -0.0086336 -0.0134521 0.0815081 0.639216 0.149020 0.184314
vn -0.3187589 -0.5701736 -0.7571625
v -0.0071080 -0.0142899 0.0814851 0.650980 0.101961 0.125490
vn -0.4315746 -0.8676990 0.2466612
v -0.0082030 -0.0148612 0.0857753 0.694118 0.278431 0.290196
vn -0.3806325 -0.8977539 0.2217137
v -0.0065477 -0.0156317 0.0857845 0.686275 0.278431 0.290196
vn -0.9300811 0.3647660 -0.0435318
v -0.0154915 0.0064820 0.0838060 0.878431 0.815686 0.815686
vn -0.9169945 0.3733495 -0.1404682
v -0.0155013 0.0059681 0.0825039 0.913725 0.831373 0.839216
vn -0.9435404 0.3174146 0.0947605
v -0.0158610 0.0052009 0.0852138 0.776471 0.266667 0.317647
vn -0.9634426 0.2641442 0.0447903
v -0.0158528 0.0051142 0.0859019 0.725490 0.207843 0.223529
vn -0.3271452 -0.9446390 -0.0251622
v -0.0050609 -0.0162406 0.0854739 0.678431 0.129412 0.152941
vn -0.2951782 -0.9012783 -0.3171235
v -0.0046775 -0.0165285 0.0859354 0.690196 0.137255 0.172549
vn -0.2535976 -0.9011524 -0.3515859
v -0.0017377 -0.0170403 0.0851267 0.470588 0.133333 0.176471
vn -0.2356460 -0.9502320 0.2037898
v -0.0030179 -0.0170278 0.0841656 0.678431 0.321569 0.337255
vn 0.8696425 -0.4494797 0.2041813
v 0.0143258 -0.0080467 0.0857012 0.584314 0.262745 0.274510
vn 0.8483388 -0.5019233 0.1685059
v 0.0134753 -0.0096388 0.0858477 0.584314 0.247059 0.266667
vn 0.8642092 -0.5026485 0.0220675
v 0.0142963 -0.0088949 0.0839168 0.839216 0.788235 0.768627
vn 0.8853367 -0.4538393 0.1010391
v 0.0157794 -0.0060111 0.0840575 0.752941 0.560784 0.549020
vn 0.8709483 -0.4244425 0.2475837
v 0.0149832 -0.0069902 0.0851799 0.572549 0.254902 0.270588
vn 0.8664669 -0.4448395 0.2266116
v 0.0158604 -0.0049967 0.0857390 0.611765 0.235294 0.258824
vn 0.8032840 -0.5953811 0.0160052
v 0.0130613 -0.0107983 0.0841090 0.784314 0.596078 0.576471
vn 0.7978469 -0.5901996 0.1229013
v 0.0127598 -0.0107881 0.0857715 0.596078 0.235294 0.250980
vn 0.7465239 -0.6648889 0.0249983
v 0.0115706 -0.0122762 0.0852460 0.662745 0.176471 0.196078
vn 0.6260700 -0.7796633 0.0127106
v 0.0101584 -0.0140713 0.0841164 0.756863 0.517647 0.529412
vn 0.6293700 -0.7619741 0.1526071
v 0.0099583 -0.0138736 0.0857176 0.650980 0.164706 0.200000
vn 0.6880725 -0.6961163 -0.2048863
v 0.0107663 -0.0134056 0.0832336 0.827451 0.705882 0.721569
vn 0.8855741 -0.4558230 -0.0893524
v 0.0156018 -0.0060977 0.0825855 0.894118 0.803922 0.811765
vn 0.7379640 -0.6637129 -0.1220427
v 0.0115996 -0.0123552 0.0858513 0.662745 0.176471 0.200000
vn 0.8585044 -0.4978117 -0.1231000
v 0.0143524 -0.0084471 0.0825415 0.878431 0.796078 0.803922
vn 0.7991083 -0.5829635 -0.1468999
v 0.0130366 -0.0104918 0.0825317 0.874510 0.784314 0.792157
vn 0.4784082 -0.8655878 0.1479305
v 0.0085445 -0.0149541 0.0849646 0.682353 0.109804 0.133333
vn 0.4531779 -0.8697782 0.1952325
v 0.0084242 -0.0148240 0.0858231 0.647059 0.145098 0.180392
vn 0.3954298 -0.9173514 0.0458448
v 0.0070969 -0.0158418 0.0841340 0.717647 0.341176 0.349020
vn 0.5199621 -0.8409233 -0.1499582
v 0.0087021 -0.0147385 0.0825626 0.843137 0.678431 0.705882
vn 0.6847275 -0.6294448 -0.3673521
v 0.0115023 -0.0120654 0.0823092 0.803922 0.588235 0.592157
vn 0.4255365 -0.8951619 -0.1326800
v 0.0072244 -0.0155526 0.0825923 0.843137 0.694118 0.717647
vn 0.6051360 -0.7093974 -0.3613389
v 0.0099571 -0.0136416 0.0823418 0.827451 0.623529 0.643137
vn 0.3511153 -0.9079069 0.2289609
v 0.0066483 -0.0155888 0.0857736 0.658824 0.137255 0.184314
vn 0.3074321 -0.9461487 -0.1014309
v 0.0055832 -0.0162060 0.0827051 0.831373 0.709804 0.729412
vn 0.2637123 -0.9639114 0.0364801
v 0.0042261 -0.0167540 0.0842250 0.733333 0.486275 0.498039
vn 0.3986116 -0.8999398 0.1766839
v 0.0045972 -0.0163162 0.0856567 0.654902 0.101961 0.133333
vn 0.3107933 -0.9417050 0.1288380
v 0.0040356 -0.0166210 0.0858708 0.678431 0.141176 0.160784
vn 0.1926565 -0.9812651 -0.0015212
v 0.0026799 -0.0170560 0.0832066 0.811765 0.686275 0.701961
vn 0.1394686 -0.9788507 0.1496663
v 0.0009311 -0.0172955 0.0845008 0.705882 0.337255 0.337255
vn 0.1165767 -0.9699790 0.2134259
v 0.0006927 -0.0170473 0.0857592 0.682353 0.149020 0.164706
vn 0.3883476 0.7202641 -0.5748093
v 0.0074801 0.0143951 0.0815765 0.619608 0.050980 0.062745
vn 0.4698775 0.6924102 -0.5475247
v 0.0093561 0.0132526 0.0815085 0.654902 0.200000 0.223529
vn 0.4906922 0.8669957 -0.0868313
v 0.0087989 0.0132431 0.0775267 0.721569 0.003922 0.019608
vn 0.4785342 0.8731780 -0.0925490
v 0.0068926 0.0142983 0.0776261 0.705882 0.003922 0.007843
vn 0.3320310 0.7424228 -0.5818624
v 0.0077630 0.0154062 0.0824515 0.854902 0.686275 0.713725
vn 0.4513863 0.5538664 -0.6996302
v 0.0102740 0.0138147 0.0825049 0.847059 0.670588 0.694118
vn 0.5250413 0.5021219 -0.6871719
v 0.0107121 0.0120017 0.0814595 0.635294 0.180392 0.223529
vn 0.5582002 0.4751840 -0.6801564
v 0.0121145 0.0118496 0.0824756 0.843137 0.658824 0.674510
vn 0.5785313 0.4303149 -0.6929146
v 0.0120816 0.0103135 0.0814227 0.631373 0.164706 0.188235
vn 0.5972993 0.3759908 -0.7084240
v 0.0136089 0.0097354 0.0823712 0.839216 0.647059 0.654902
vn 0.6123248 0.3224903 -0.7218438
v 0.0133879 0.0082468 0.0814628 0.635294 0.117647 0.125490
vn 0.6120583 0.2892329 -0.7360224
v 0.0147011 0.0077810 0.0823973 0.839216 0.662745 0.670588
vn 0.5995103 0.2566952 -0.7580864
v 0.0143824 0.0062106 0.0815708 0.749020 0.258824 0.294118
vn 0.5927315 0.2418541 -0.7682291
v 0.0156151 0.0061572 0.0825051 0.858824 0.678431 0.694118
vn 0.5956132 0.2167891 -0.7734646
v 0.0160352 0.0041698 0.0822715 0.847059 0.603922 0.623529
vn 0.2438790 0.6265736 -0.7402220
v 0.0054996 0.0151436 0.0814835 0.611765 0.058824 0.090196
vn 0.2694611 0.9022689 -0.3366029
v 0.0055453 0.0162758 0.0825008 0.870588 0.713725 0.741176
vn 0.3499735 0.9363579 0.0274319
v 0.0077751 0.0157152 0.0842502 0.788235 0.301961 0.309804
vn 0.2534296 0.9671134 -0.0215693
v 0.0051752 0.0166126 0.0842212 0.819608 0.462745 0.462745
vn 0.3444732 0.9285438 0.1383642
v 0.0069031 0.0157969 0.0857680 0.749020 0.015686 0.023529
vn 0.2587181 0.9633182 0.0712949
v 0.0048732 0.0165690 0.0856386 0.737255 0.015686 0.023529
vn 0.3713121 0.9138912 0.1641044
v 0.0087408 0.0150532 0.0857516 0.737255 0.019608 0.035294
vn 0.1221115 0.9808621 -0.1516525
v 0.0018427 0.0169827 0.0826915 0.882353 0.760784 0.788235
vn 0.1330298 0.9866538 -0.0939008
v 0.0017299 0.0171882 0.0850844 0.741176 0.043137 0.058824
vn 0.1229050 0.9808109 -0.1513424
v 0.0016359 0.0173020 0.0857455 0.737255 0.054902 0.070588
vn 0.0022557 0.9936496 -0.1124965
v -0.0001284 0.0172915 0.0838354 0.874510 0.749020 0.760784
vn -0.0152893 0.9969004 -0.0771739
v -0.0006138 0.0174062 0.0857052 0.709804 0.011765 0.019608
vn -0.0394406 0.9843513 -0.1717472
v -0.0005732 0.0170354 0.0824698 0.882353 0.760784 0.784314
vn 0.1382119 0.8576069 -0.4953867
v 0.0030159 0.0165133 0.0822063 0.823529 0.588235 0.619608
vn -0.1050075 0.9870925 -0.1209211
v -0.0029182 0.0168950 0.0830217 0.874510 0.760784 0.776471
vn -0.1072352 0.9889587 -0.1022813
v -0.0032820 0.0169992 0.0843152 0.835294 0.670588 0.650980
vn 0.5476243 -0.8059972 -0.2246689
v 0.0092688 -0.0130470 0.0808299 0.615686 0.031373 0.043137
vn 0.3952872 -0.7748081 -0.4933766
v 0.0069955 -0.0144542 0.0814189 0.666667 0.090196 0.129412
vn 0.5084313 -0.8547621 -0.1043047
v 0.0080249 -0.0134566 0.0779102 0.670588 0.000000 0.007843
vn 0.4849526 -0.8682658 -0.1045735
v 0.0064306 -0.0143097 0.0776003 0.662745 0.000000 0.015686
vn 0.5324177 -0.8394278 -0.1090520
v 0.0094299 -0.0125137 0.0775116 0.666667 0.003922 0.011765
vn 0.4934343 -0.6857199 -0.5350801
v 0.0093372 -0.0133461 0.0816816 0.635294 0.105882 0.149020
vn 0.5725032 -0.5456975 -0.6119267
v 0.0107269 -0.0118824 0.0814835 0.635294 0.058824 0.082353
vn 0.3710450 -0.6239631 -0.6877468
v 0.0087021 -0.0147385 0.0825626 0.843137 0.701961 0.725490
vn 0.4638287 -0.5765859 -0.6726156
v 0.0099571 -0.0136416 0.0823418 0.847059 0.658824 0.670588
vn 0.5704767 -0.5061292 -0.6468304
v 0.0115023 -0.0120654 0.0823092 0.807843 0.572549 0.584314
vn 0.2926213 -0.6757810 -0.6765300
v 0.0072244 -0.0155526 0.0825923 0.843137 0.694118 0.717647
vn 0.6252661 -0.4397066 -0.6447483
v 0.0125069 -0.0096371 0.0814242 0.619608 0.058824 0.082353
vn 0.6161240 -0.4530356 -0.6443214
v 0.0130366 -0.0104918 0.0825317 0.827451 0.623529 0.639216
vn 0.6642712 -0.3576775 -0.6563616
v 0.0143524 -0.0084471 0.0825415 0.835294 0.650980 0.662745
vn 0.6750393 -0.3533482 -0.6476628
v 0.0134729 -0.0079860 0.0813733 0.654902 0.098039 0.113725
vn 0.6546498 -0.3163624 -0.6865484
v 0.0144583 -0.0062215 0.0816170 0.741176 0.286275 0.321569
vn 0.6318366 -0.3228101 -0.7046816
v 0.0156018 -0.0060977 0.0825855 0.858824 0.694118 0.705882
vn 0.2494303 -0.8007473 -0.5445993
v 0.0048785 -0.0154482 0.0816121 0.639216 0.023529 0.050980
vn 0.3287938 -0.8850284 -0.3295747
v 0.0052362 -0.0150751 0.0809670 0.643137 0.023529 0.031373
vn 0.2087711 -0.7530303 -0.6239873
v 0.0030397 -0.0157264 0.0813326 0.647059 0.043137 0.074510
vn 0.2391467 -0.7473192 -0.6199378
v 0.0055832 -0.0162060 0.0827051 0.850980 0.717647 0.737255
vn 0.2178678 -0.8416904 -0.4940556
v 0.0036823 -0.0164894 0.0823106 0.847059 0.670588 0.694118
vn 0.1731050 -0.9474124 -0.2691549
v 0.0026799 -0.0170560 0.0832066 0.831373 0.698039 0.717647
vn 0.0791512 -0.9875832 -0.1357000
v 0.0010894 -0.0171536 0.0825321 0.839216 0.694118 0.717647
vn 0.0047633 -0.9988821 0.0470299
v 0.0009311 -0.0172955 0.0845008 0.741176 0.533333 0.525490
vn -0.0403144 -0.9980057 -0.0485736
v -0.0004733 -0.0173101 0.0834926 0.807843 0.705882 0.705882
vn -0.1341671 -0.9867605 -0.0911206
v -0.0021239 -0.0170685 0.0825921 0.831373 0.686275 0.709804
vn -0.0939389 -0.9721694 0.2146211
v -0.0017377 -0.0170403 0.0851267 0.662745 0.121569 0.156863
vn -0.0559508 -0.9773214 0.2042360
v 0.0006927 -0.0170473 0.0857592 0.670588 0.137255 0.164706
vn -0.1871820 -0.9807144 0.0562335
v -0.0030179 -0.0170278 0.0841656 0.800000 0.658824 0.647059
vn -0.0817375 -0.9492733 0.3036431
v -0.0046775 -0.0165285 0.0859354 0.690196 0.137255 0.164706
vn -0.2009240 -0.9457508 0.2553138
v -0.0050609 -0.0162406 0.0854739 0.670588 0.113725 0.152941
vn -0.2375600 -0.9651222 -0.1100205
v -0.0062719 -0.0162248 0.0841474 0.796078 0.650980 0.643137
vn -0.1896271 -0.6175227 -0.7633528
v -0.0047622 -0.0151956 0.0814043 0.666667 0.062745 0.090196
vn -0.0959448 -0.6852694 -0.7219422
v -0.0023949 -0.0157570 0.0813537 0.682353 0.094118 0.129412
vn -0.1435493 -0.7348179 -0.6628999
v -0.0028199 -0.0166168 0.0821740 0.784314 0.478431 0.521569
vn -0.2177961 -0.6411156 -0.7358910
v -0.0062052 -0.0157569 0.0822203 0.796078 0.501961 0.533333
vn -0.2394784 -0.5487553 -0.8009479
v -0.0071080 -0.0142899 0.0814851 0.650980 0.078431 0.094118
vn 0.0371092 -0.7787849 -0.6261924
v 0.0006927 -0.0162513 0.0816639 0.654902 0.086275 0.113725
vn -0.0825933 -0.7681679 -0.6348988
v -0.0021239 -0.0170685 0.0825921 0.835294 0.686275 0.705882
vn 0.0468425 -0.6818556 -0.7299855
v 0.0010894 -0.0171536 0.0825321 0.839216 0.662745 0.682353
vn 0.0885586 -0.7297379 -0.6779675
v 0.0036823 -0.0164894 0.0823106 0.811765 0.568627 0.596078
vn 0.0834477 -0.7713255 -0.6309465
v 0.0030397 -0.0157264 0.0813326 0.666667 0.070588 0.105882
vn -0.2239506 -0.9103363 -0.3480432
v -0.0056758 -0.0162616 0.0827311 0.847059 0.713725 0.733333
vn -0.0496441 -0.9069039 -0.4184028
v 0.0001236 -0.0159386 0.0810536 0.615686 0.023529 0.035294
vn -0.2235648 -0.9722560 -0.0688262
v -0.0062719 -0.0162248 0.0841474 0.803922 0.650980 0.643137
vn -0.9988701 0.0436694 -0.0187503
v -0.0017117 -0.0192123 0.0946824 0.984314 0.980392 0.980392
vn -0.9988701 0.0436694 -0.0187503
v -0.0016134 -0.0192410 0.0893798 0.988235 0.980392 0.980392
vn -0.9988701 0.0436694 -0.0187503
v -0.0016980 -0.0203164 0.0913805 0.980392 0.976471 0.976471
vn 0.8809695 0.2084029 -0.4248070
v 0.0164455 0.0038244 0.0826239 0.898039 0.788235 0.796078
vn 0.7662167 0.0217041 -0.6422156
v 0.0168271 0.0004104 0.0822308 0.847059 0.643137 0.654902
vn 0.5779893 0.1308959 -0.8054779
v 0.0152107 0.0033556 0.0815720 0.733333 0.223529 0.254902
vn 0.4837418 0.0368116 -0.8744363
v 0.0156743 0.0011576 0.0816420 0.737255 0.239216 0.274510
vn 0.6632763 0.1322823 -0.7365908
v 0.0160352 0.0041698 0.0822715 0.831373 0.643137 0.658824
vn 0.5438558 0.1574222 -0.8242810
v 0.0143824 0.0062106 0.0815708 0.701961 0.168627 0.184314
vn 0.6217776 -0.1366464 -0.7711812
v 0.0157126 -0.0030946 0.0818627 0.780392 0.333333 0.345098
vn 0.8520254 -0.2138903 -0.4778114
v 0.0165462 -0.0032352 0.0825346 0.866667 0.749020 0.752941
vn 0.6580219 -0.1104610 -0.7448528
v 0.0152747 -0.0029694 0.0814573 0.698039 0.145098 0.168627
vn 0.8412115 -0.2790783 -0.4631183
v 0.0161713 -0.0043772 0.0825606 0.858824 0.678431 0.694118
vn 0.6356945 -0.2085842 -0.7432262
v 0.0144583 -0.0062215 0.0816170 0.694118 0.200000 0.235294
vn 0.8299659 -0.2817505 -0.4814285
v 0.0156018 -0.0060977 0.0825855 0.858824 0.698039 0.709804
vn 0.9683213 0.2059159 0.1412537
v 0.0164722 0.0026334 0.0857968 0.686275 0.117647 0.137255
vn 0.9860778 0.0230070 0.1646852
v 0.0169470 0.0001763 0.0857065 0.674510 0.160784 0.168627
vn 0.9977483 0.0232896 0.0628966
v 0.0172109 0.0002001 0.0842127 0.803922 0.701961 0.686275
vn 0.9680536 0.2436825 0.0590861
v 0.0166051 0.0036136 0.0840208 0.854902 0.772549 0.745098
vn 0.9298204 0.3457357 0.1260992
v 0.0159645 0.0048976 0.0851683 0.678431 0.152941 0.172549
vn 0.9220274 0.3783260 0.0820667
v 0.0157749 0.0061672 0.0840724 0.847059 0.690196 0.674510
vn 0.8823473 0.4143083 0.2231857
v 0.0149829 0.0069165 0.0856312 0.709804 0.188235 0.200000
vn 0.8668859 0.4914525 0.0835663
v 0.0155543 0.0054213 0.0863427 0.937255 0.529412 0.529412
vn 0.8712972 0.4868258 0.0619830
v 0.0144912 0.0087571 0.0840409 0.882353 0.768627 0.752941
vn 0.8673548 0.4558182 0.1998134
v 0.0142562 0.0083410 0.0857603 0.709804 0.207843 0.219608
vn 0.8429701 0.5379232 -0.0063310
v 0.0127139 0.0111177 0.0856769 0.741176 0.219608 0.239216
vn 0.8139696 0.5710571 -0.1065240
v 0.0132594 0.0107046 0.0832822 0.905882 0.819608 0.827451
vn 0.8748239 0.4546467 -0.1672710
v 0.0150387 0.0075578 0.0830209 0.909804 0.831373 0.843137
vn 0.8764735 0.4804294 -0.0313360
v 0.0135378 0.0096572 0.0863295 0.850980 0.521569 0.533333
vn 0.7605437 0.6484365 -0.0332173
v 0.0118449 0.0125581 0.0840734 0.847059 0.607843 0.603922
vn 0.7759699 0.6284461 0.0540957
v 0.0116448 0.0125452 0.0858119 0.733333 0.101961 0.133333
vn 0.9148359 0.3727437 -0.1553625
v 0.0156151 0.0061572 0.0825051 0.898039 0.780392 0.788235
vn 0.8159698 0.5479872 -0.1841284
v 0.0125638 0.0115883 0.0864122 0.886275 0.780392 0.760784
vn 0.9161079 0.3959928 -0.0627389
v 0.0161468 0.0046581 0.0863192 0.835294 0.368627 0.372549
vn 0.6992695 0.7138693 0.0375891
v 0.0105160 0.0139788 0.0847644 0.721569 0.101961 0.121569
vn 0.6046378 0.7923375 0.0813291
v 0.0100322 0.0143084 0.0857157 0.698039 0.074510 0.098039
vn 0.9825275 0.0073926 -0.1859707
v 0.0171540 0.0001652 0.0831574 0.858824 0.756863 0.768627
vn 0.8291651 0.5085831 -0.2320095
v 0.0136089 0.0097354 0.0823712 0.886275 0.752941 0.764706
vn 0.8389294 0.4610169 -0.2892421
v 0.0147011 0.0077810 0.0823973 0.878431 0.772549 0.780392
vn 0.7440759 0.6408851 -0.1887260
v 0.0121145 0.0118496 0.0824756 0.874510 0.741176 0.749020
vn 0.5927101 0.8013304 -0.0810214
v 0.0100170 0.0144181 0.0841118 0.788235 0.356863 0.360784
vn 0.6402915 0.7452935 -0.1859153
v 0.0102740 0.0138147 0.0825049 0.874510 0.733333 0.756863
vn 0.5016373 0.8632612 0.0560372
v 0.0087408 0.0150532 0.0857516 0.729412 0.031373 0.047059
vn 0.4965015 0.8653801 -0.0678493
v 0.0077751 0.0157152 0.0842502 0.796078 0.345098 0.349020
vn 0.5019302 0.8464745 -0.1776153
v 0.0077630 0.0154062 0.0824515 0.882353 0.764706 0.780392
vn 0.9726518 -0.2298542 0.0334012
v 0.0167649 -0.0031156 0.0840749 0.823529 0.713725 0.694118
vn 0.9785968 -0.1858089 0.0884494
v 0.0166283 -0.0027059 0.0852098 0.650980 0.196078 0.219608
vn 0.9517847 -0.2820291 -0.1206882
v 0.0165752 -0.0031247 0.0857696 0.678431 0.207843 0.211765
vn 0.9412789 -0.3129840 0.1266297
v 0.0158604 -0.0049967 0.0857390 0.639216 0.243137 0.262745
vn 0.9473897 -0.3200547 -0.0042171
v 0.0157794 -0.0060111 0.0840575 0.796078 0.662745 0.647059
vn 0.0379475 0.8346865 -0.5494166
v 0.0008542 0.0161235 0.0815908 0.584314 0.047059 0.078431
vn 0.0944010 0.9429623 -0.3192346
v 0.0013166 0.0158435 0.0809006 0.596078 0.011765 0.015686
vn -0.0413639 0.9159198 -0.3992242
v -0.0025178 0.0156966 0.0809607 0.627451 0.082353 0.125490
vn 0.1314258 0.7103270 -0.6914932
v 0.0031621 0.0156782 0.0814546 0.600000 0.070588 0.101961
vn -0.7735608 0.6208771 -0.1269466
v -0.0118028 0.0119870 0.0852552 0.713725 0.125490 0.145098
vn -0.6741167 0.7362621 -0.0590327
v -0.0103750 0.0136302 0.0841280 0.780392 0.321569 0.333333
vn -0.7684113 0.6300184 -0.1123429
v -0.0124203 0.0112721 0.0833873 0.886275 0.796078 0.803922
vn -0.5890318 0.5960906 -0.5456352
v -0.0109989 0.0129222 0.0858115 0.705882 0.101961 0.125490
vn -0.8379465 0.5424448 -0.0599944
v -0.0135143 0.0097931 0.0834453 0.894118 0.815686 0.819608
vn -0.6307490 0.6608425 -0.4067467
v -0.0105702 0.0130469 0.0825793 0.878431 0.756863 0.768627
vn -0.7343084 0.5250407 -0.4302598
v -0.0129673 0.0102833 0.0824903 0.866667 0.721569 0.729412
vn -0.5862915 0.7088679 -0.3921334
v -0.0099554 0.0138582 0.0856840 0.670588 0.058824 0.086275
vn -0.8507161 0.5084031 0.1334490
v -0.0143330 0.0083295 0.0844792 0.803922 0.270588 0.270588
vn -0.7519040 0.4790800 -0.4529048
v -0.0125599 0.0108467 0.0858461 0.741176 0.141176 0.137255
vn -0.8744611 0.4842341 0.0289000
v -0.0154915 0.0064820 0.0838060 0.843137 0.592157 0.600000
vn -0.7825072 0.4408563 -0.4396911
v -0.0148135 0.0072624 0.0825402 0.898039 0.788235 0.800000
vn -0.7286121 0.3533933 -0.5867176
v -0.0155013 0.0059681 0.0825039 0.858824 0.713725 0.717647
vn -0.7505504 0.4464251 -0.4872153
v -0.0138744 0.0086593 0.0823733 0.874510 0.733333 0.737255
vn -0.8690416 0.4797414 0.1208923
v -0.0158610 0.0052009 0.0852138 0.772549 0.301961 0.309804
vn -0.8048663 0.4394037 -0.3988917
v -0.0149026 0.0068154 0.0857846 0.670588 0.227451 0.231373
vn -0.6197216 0.2905939 -0.7290407
v -0.0158528 0.0051142 0.0859019 0.807843 0.400000 0.396078
vn -0.8062024 0.4770092 -0.3500000
v -0.0139690 0.0084133 0.0857413 0.776471 0.196078 0.192157
vn -0.8531505 0.4686869 -0.2290566
v -0.0133223 0.0095162 0.0856556 0.701961 0.172549 0.168627
vn -0.4794821 0.7837538 -0.3947492
v -0.0085644 0.0148946 0.0857681 0.780392 0.149020 0.164706
vn -0.5210680 0.8508306 -0.0676423
v -0.0084086 0.0151232 0.0837666 0.843137 0.694118 0.682353
vn -0.5193503 0.7221525 -0.4569147
v -0.0088351 0.0145385 0.0825204 0.874510 0.737255 0.756863
vn -0.6595101 0.5865201 -0.4701497
v -0.0113756 0.0120125 0.0823353 0.850980 0.682353 0.682353
vn -0.3816552 0.9214717 0.0723137
v -0.0067147 0.0158826 0.0849041 0.717647 0.039216 0.062745
vn -0.3950261 0.7819932 -0.4821215
v -0.0070863 0.0155503 0.0824550 0.874510 0.741176 0.760784
vn -0.3407718 0.9354450 -0.0939007
v -0.0061328 0.0161516 0.0832608 0.854902 0.737255 0.752941
vn -0.3397699 0.7997591 -0.4949160
v -0.0065636 0.0158071 0.0858055 0.701961 0.035294 0.050980
vn -0.2525753 0.7659141 -0.5912542
v -0.0048399 0.0164833 0.0857656 0.709804 0.015686 0.031373
vn -0.2423571 0.9701331 0.0102332
v -0.0032820 0.0169992 0.0843152 0.831373 0.564706 0.556863
vn -0.2585144 0.8302478 -0.4938207
v -0.0055386 0.0161611 0.0823655 0.866667 0.729412 0.749020
vn -0.1824640 0.9359034 -0.3013169
v -0.0029182 0.0168950 0.0830217 0.874510 0.752941 0.776471
vn -0.1871153 0.8553337 -0.4831067
v -0.0016735 0.0171794 0.0857069 0.701961 0.000000 0.007843
vn 0.0043440 0.9458585 -0.3245503
v -0.0006138 0.0174062 0.0857052 0.721569 0.066667 0.074510
vn -0.1520701 0.7777667 -0.6098801
v -0.0035905 0.0164070 0.0821466 0.784314 0.509804 0.525490
vn -0.0236286 0.7275378 -0.6856607
v -0.0005732 0.0170354 0.0824698 0.827451 0.623529 0.647059
vn -0.5677321 0.5381961 -0.6229166
v -0.0107325 0.0116422 0.0814058 0.607843 0.129412 0.137255
vn -0.4627566 0.5828269 -0.6679590
v -0.0090642 0.0131747 0.0815071 0.623529 0.141176 0.160784
vn -0.6053927 0.4593794 -0.6499771
v -0.0119628 0.0102299 0.0815320 0.588235 0.086275 0.094118
vn -0.6449925 0.3827871 -0.6614066
v -0.0130288 0.0085814 0.0814908 0.603922 0.133333 0.133333
vn -0.3316113 0.5914364 -0.7350081
v -0.0072629 0.0142492 0.0814905 0.635294 0.129412 0.160784
vn -0.6311662 0.3042535 -0.7134838
v -0.0143535 0.0061691 0.0815674 0.643137 0.145098 0.168627
vn -0.2079788 0.6144184 -0.7610748
v -0.0051084 0.0151139 0.0814025 0.603922 0.058824 0.098039
vn -0.5932006 0.1616689 -0.7886547
v -0.0163843 0.0038044 0.0825180 0.850980 0.698039 0.709804
vn -0.0842937 0.6773670 -0.7308000
v -0.0023531 0.0158716 0.0814884 0.643137 0.117647 0.156863
vn 0.0549283 0.7625633 -0.6445775
v 0.0018427 0.0169827 0.0826915 0.874510 0.737255 0.752941
vn 0.1010599 0.6982781 -0.7086570
v 0.0030159 0.0165133 0.0822063 0.725490 0.321569 0.372549
vn -0.5756376 0.1450341 -0.8047400
v -0.0152077 0.0035518 0.0816110 0.647059 0.133333 0.145098
vn -0.5333750 0.0917826 -0.8408847
v -0.0167243 0.0000924 0.0821954 0.823529 0.603922 0.611765
vn -0.5066876 0.0770773 -0.8586773
v -0.0156280 0.0004354 0.0815792 0.741176 0.321569 0.341176
vn 0.1559269 0.6618823 -0.7332113
v 0.0055453 0.0162758 0.0825008 0.858824 0.701961 0.725490
vn 0.1592270 0.6562775 -0.7375274
v 0.0054996 0.0151436 0.0814835 0.635294 0.090196 0.121569
vn 0.1620190 0.0078096 -0.9867568
v 0.0174638 -0.0008799 0.0859340 0.800000 0.533333 0.572549
vn 0.0732993 -0.0522658 -0.9959396
v 0.0194545 -0.0024574 0.0858815 0.901961 0.776471 0.776471
vn 0.0520697 -0.0497935 -0.9974014
v 0.0179494 -0.0046859 0.0859044 0.882353 0.745098 0.745098
vn -0.0322348 0.0089935 -0.9994399
v 0.0183762 0.0006473 0.0860135 0.823529 0.674510 0.670588
vn 0.1269016 0.1003949 -0.9868216
v 0.0168799 0.0030125 0.0860878 0.823529 0.596078 0.607843
vn 0.0293031 -0.1040876 -0.9941364
v 0.0205905 -0.0012414 0.0858585 0.917647 0.780392 0.772549
vn 0.0385263 0.0716784 -0.9966835
v 0.0203806 0.0014590 0.0858586 0.909804 0.815686 0.815686
vn 0.0730149 0.0438691 -0.9963656
v 0.0186137 0.0042309 0.0858370 0.905882 0.796078 0.792157
vn 0.2047160 0.0977370 -0.9739296
v 0.0177613 0.0069593 0.0858318 0.882353 0.776471 0.780392
vn 0.3489684 -0.0072295 -0.9371066
v 0.0218203 0.0000568 0.0857067 0.850980 0.733333 0.733333
vn 0.1300592 -0.0287281 -0.9910900
v 0.0165752 -0.0031247 0.0857696 0.831373 0.454902 0.474510
vn 0.1167809 -0.0937179 -0.9887261
v 0.0165667 -0.0050533 0.0860025 0.882353 0.709804 0.725490
vn 0.0185130 0.0099509 -0.9997791
v 0.0180900 -0.0064952 0.0859473 0.874510 0.752941 0.745098
vn -0.0239139 0.0529751 -0.9983095
v 0.0175091 -0.0078103 0.0859100 0.854902 0.737255 0.725490
vn 0.1802817 -0.0543103 -0.9821145
v 0.0160107 -0.0062344 0.0860512 0.917647 0.854902 0.843137
vn 0.0290116 0.0085036 -0.9995429
v 0.0167569 -0.0086423 0.0858571 0.878431 0.752941 0.737255
vn 0.5106055 -0.2558293 -0.8208736
v 0.0151448 -0.0071770 0.0858177 0.596078 0.262745 0.278431
vn 0.0787024 -0.1124734 -0.9905331
v 0.0148115 -0.0085989 0.0859441 0.894118 0.760784 0.760784
vn 0.0870497 -0.0671582 -0.9939377
v 0.0158031 -0.0101261 0.0858612 0.894118 0.760784 0.756863
vn 0.1341393 -0.1026049 -0.9856364
v 0.0137300 -0.0103734 0.0861548 0.839216 0.607843 0.607843
vn 0.0131679 -0.0001274 -0.9999133
v 0.0142145 -0.0127533 0.0858900 0.866667 0.737255 0.737255
vn 0.1320211 -0.0988762 -0.9863032
v 0.0128017 -0.0118048 0.0861262 0.807843 0.568627 0.549020
vn 0.1497839 -0.0871908 -0.9848668
v 0.0131018 -0.0158716 0.0858542 0.835294 0.686275 0.690196
vn 0.1617312 -0.2525516 -0.9539710
v 0.0100529 -0.0141486 0.0859126 0.764706 0.403922 0.435294
vn -0.0490508 -0.0408862 -0.9979591
v 0.0112512 -0.0156836 0.0860039 0.929412 0.780392 0.784314
vn 0.3781771 -0.2547323 -0.8899965
v 0.0127435 -0.0179510 0.0859065 0.858824 0.772549 0.768627
vn 0.0343735 -0.1059999 -0.9937719
v 0.0095263 -0.0150455 0.0860262 0.823529 0.603922 0.592157
vn -0.0035917 -0.0536643 -0.9985526
v 0.0081729 -0.0186998 0.0860005 0.870588 0.741176 0.752941
vn 0.0761275 -0.2241160 -0.9715846
v 0.0050282 -0.0168580 0.0860962 0.858824 0.603922 0.615686
vn 0.0172439 -0.0354054 -0.9992243
v 0.0037854 -0.0194459 0.0859213 0.925490 0.796078 0.800000
vn 0.0252936 -0.1520800 -0.9880445
v 0.0020678 -0.0175585 0.0860599 0.886275 0.713725 0.701961
vn -0.0205077 0.0156593 -0.9996670
v -0.0005297 -0.0206174 0.0859679 0.937255 0.807843 0.803922
vn -0.0255797 -0.0363431 -0.9990120
v -0.0012530 -0.0180528 0.0861453 0.905882 0.749020 0.737255
vn 0.0370868 -0.0998061 -0.9943155
v 0.0017897 -0.0210100 0.0860486 0.890196 0.780392 0.776471
vn -0.0199148 -0.1483219 -0.9887387
v -0.0000601 -0.0215139 0.0859156 0.831373 0.717647 0.725490
vn -0.0566889 -0.1952003 -0.9791238
v -0.0021639 -0.0210118 0.0861202 0.901961 0.792157 0.788235
vn -0.0060477 -0.0526643 -0.9985940
v -0.0034104 -0.0197181 0.0858676 0.929412 0.807843 0.803922
vn 0.0450373 -0.1859014 -0.9815357
v 0.0073627 -0.0194326 0.0860920 0.839216 0.721569 0.725490
vn -0.0322908 -0.2004262 -0.9791766
v -0.0031547 -0.0172043 0.0861920 0.850980 0.549020 0.588235
vn -0.0790609 -0.1806487 -0.9803650
v -0.0063911 -0.0191499 0.0859247 0.878431 0.760784 0.772549
vn -0.0311748 -0.1475801 -0.9885587
v -0.0054927 -0.0168113 0.0861307 0.913725 0.768627 0.752941
vn -0.0398164 -0.0617839 -0.9972951
v -0.0119917 -0.0175891 0.0859663 0.862745 0.756863 0.760784
vn -0.0764869 -0.1955748 -0.9777015
v -0.0081402 -0.0155817 0.0860604 0.890196 0.690196 0.713725
vn -0.0704262 -0.1154213 -0.9908169
v -0.0102054 -0.0148566 0.0860985 0.898039 0.760784 0.752941
vn -0.0515963 -0.0077807 -0.9986377
v -0.0132782 -0.0151830 0.0859183 0.874510 0.780392 0.776471
vn -0.1479539 -0.0999121 -0.9839346
v -0.0111614 -0.0136808 0.0860329 0.854902 0.670588 0.674510
vn -0.2286981 -0.0537593 -0.9720119
v -0.0128560 -0.0112835 0.0863202 0.831373 0.674510 0.654902
vn -0.1670727 -0.0462295 -0.9848602
v -0.0146571 -0.0128646 0.0860130 0.890196 0.811765 0.811765
vn -0.0933972 -0.1934820 -0.9766482
v -0.0133257 -0.0095476 0.0864242 0.835294 0.709804 0.694118
vn -0.1176934 -0.0859395 -0.9893244
v -0.0131878 -0.0177797 0.0861234 0.964706 0.933333 0.921569
vn -0.0877657 -0.1262564 -0.9881076
v -0.0124908 -0.0182519 0.0860873 0.941176 0.905882 0.901961
vn 0.0676539 0.0029339 -0.9977046
v -0.0157554 -0.0109814 0.0860049 0.890196 0.807843 0.800000
vn -0.1557916 -0.0775375 -0.9847421
v -0.0137186 -0.0156918 0.0860202 0.909804 0.827451 0.831373
vn 0.1651231 -0.0631403 -0.9842498
v 0.0189809 -0.0051074 0.0861001 0.870588 0.760784 0.756863
vn -0.1011673 -0.1613870 -0.9816921
v -0.0146251 -0.0085722 0.0861470 0.925490 0.815686 0.811765
vn -0.0737152 -0.0519521 -0.9959252
v -0.0167121 -0.0087297 0.0859398 0.843137 0.768627 0.756863
vn -0.1789427 -0.0640359 -0.9817734
v -0.0155532 -0.0070308 0.0861111 0.882353 0.796078 0.788235
vn 0.0156454 0.0530130 -0.9984713
v -0.0175066 -0.0078611 0.0859866 0.870588 0.784314 0.772549
vn -0.2082663 -0.0874022 -0.9741592
v -0.0162178 -0.0054817 0.0862048 0.866667 0.776471 0.768627
vn -0.0107570 -0.0158063 -0.9998172
v -0.0181319 -0.0063236 0.0860445 0.890196 0.807843 0.803922
vn -0.2401698 -0.1061260 -0.9649124
v -0.0168906 -0.0032137 0.0860733 0.850980 0.737255 0.733333
vn -0.2652725 -0.1814239 -0.9469509
v -0.0187549 -0.0049526 0.0859987 0.862745 0.780392 0.776471
vn -0.0533114 -0.0769964 -0.9956051
v -0.0203200 -0.0015227 0.0858631 0.886275 0.788235 0.796078
vn -0.0926453 0.0183417 -0.9955302
v -0.0178003 0.0007009 0.0859710 0.917647 0.772549 0.764706
vn 0.0011349 0.0676339 -0.9977096
v -0.0208297 0.0014888 0.0859613 0.933333 0.866667 0.858824
vn -0.1321994 0.0952389 -0.9866372
v -0.0190385 0.0045575 0.0860463 0.886275 0.796078 0.796078
vn -0.1643039 0.0643894 -0.9843060
v -0.0163601 0.0053166 0.0861513 0.882353 0.776471 0.776471
vn -0.2362398 0.1122509 -0.9651894
v -0.0174301 0.0074453 0.0860004 0.854902 0.764706 0.752941
vn -0.0250863 0.0087349 -0.9996471
v -0.0168629 0.0091027 0.0860068 0.874510 0.792157 0.784314
vn -0.2608410 0.1543501 -0.9529628
v -0.0145813 0.0082161 0.0860572 0.894118 0.470588 0.454902
vn 0.0180169 0.0143296 -0.9997351
v -0.0158772 0.0108584 0.0860601 0.890196 0.807843 0.800000
vn -0.2352897 0.1610038 -0.9584970
v -0.0134107 0.0105079 0.0862120 0.874510 0.776471 0.768627
vn -0.2448457 0.1259258 -0.9613497
v -0.0145499 0.0128488 0.0860243 0.894118 0.796078 0.800000
vn -0.4341033 0.2211743 -0.8732905
v -0.0122292 0.0119775 0.0860773 0.886275 0.721569 0.686275
vn -0.0342154 -0.0009936 -0.9994140
v -0.0124779 0.0124974 0.0860769 0.886275 0.737255 0.717647
vn -0.0831528 0.0636091 -0.9945046
v -0.0118296 0.0175328 0.0859406 0.886275 0.803922 0.807843
vn -0.1854411 0.2202150 -0.9576623
v -0.0102457 0.0142637 0.0860883 0.858824 0.666667 0.658824
vn -0.0802629 0.1511529 -0.9852465
v -0.0069556 0.0162005 0.0860347 0.768627 0.290196 0.313725
vn -0.0493016 0.0803822 -0.9955441
v -0.0085691 0.0184965 0.0857918 0.921569 0.850980 0.858824
vn -0.0321384 0.0288172 -0.9990679
v -0.0049180 0.0173842 0.0860024 0.929412 0.784314 0.772549
vn -0.0205215 0.0624647 -0.9978362
v -0.0051611 0.0192230 0.0857195 0.929412 0.850980 0.858824
vn -0.0336668 0.1805881 -0.9829825
v -0.0023310 0.0175795 0.0859611 0.713725 0.133333 0.152941
vn -0.0403680 -0.0025467 -0.9991816
v -0.0017103 0.0203430 0.0858787 0.929412 0.847059 0.850980
vn 0.0047648 0.0545682 -0.9984987
v 0.0017008 0.0181601 0.0859538 0.882353 0.694118 0.690196
vn 0.0654575 0.1546791 -0.9857939
v 0.0014159 0.0208859 0.0857761 0.917647 0.831373 0.835294
vn 0.0183951 0.0861306 -0.9961141
v 0.0035796 0.0197638 0.0857690 0.933333 0.854902 0.858824
vn 0.0173717 -0.0258297 -0.9995154
v 0.0061451 0.0188002 0.0857346 0.929412 0.843137 0.847059
vn -0.1990926 0.0049545 -0.9799682
v -0.0217502 0.0000855 0.0857495 0.870588 0.780392 0.768627
vn 0.0479815 0.1526705 -0.9871117
v 0.0072171 0.0193042 0.0858667 0.898039 0.819608 0.827451
vn -0.0079511 0.0002695 -0.9999683
v 0.0094076 0.0183401 0.0858338 0.937255 0.854902 0.858824
vn 0.0250059 0.1395846 -0.9898944
v 0.0112706 0.0188625 0.0859064 0.949020 0.882353 0.886275
vn 0.1040731 0.0780452 -0.9915028
v 0.0123759 0.0175849 0.0857424 0.913725 0.843137 0.850980
vn 0.1093877 0.1269136 -0.9858637
v 0.0103284 0.0148677 0.0860675 0.854902 0.662745 0.670588
vn 0.0965505 0.2163215 -0.9715364
v 0.0068726 0.0163559 0.0860804 0.827451 0.196078 0.200000
vn 0.0586593 0.1479638 -0.9872517
v 0.0042212 0.0172384 0.0860699 0.862745 0.325490 0.368627
vn 0.0449875 0.0077704 -0.9989573
v 0.0131577 0.0155321 0.0857411 0.921569 0.811765 0.815686
vn -0.0654867 0.0975086 -0.9930779
v -0.0007411 0.0211194 0.0857366 0.917647 0.831373 0.835294
vn -0.0775687 0.1335324 -0.9880041
v -0.0024699 0.0210763 0.0860078 0.945098 0.874510 0.882353
vn -0.0445183 0.2409493 -0.9695162
v -0.0046233 0.0202446 0.0859610 0.901961 0.831373 0.839216
vn 0.1782105 0.0279743 -0.9835947
v 0.0121534 0.0127622 0.0862820 0.831373 0.615686 0.600000
vn -0.0669252 -0.2238941 -0.9723130
v -0.0047348 -0.0200945 0.0860155 0.882353 0.784314 0.788235
vn -0.1449219 0.1374338 -0.9798518
v -0.0124888 0.0182251 0.0861295 0.984314 0.976471 0.976471
vn -0.2236937 0.1044549 -0.9690461
v -0.0134139 0.0160304 0.0861061 0.949020 0.917647 0.913725
vn 0.0212631 -0.3862231 -0.9221604
v 0.0006927 -0.0170473 0.0857592 0.662745 0.137255 0.160784
vn 0.2078364 -0.2078636 -0.9558226
v 0.0205416 -0.0020893 0.0860398 0.870588 0.752941 0.749020
vn 0.0061763 0.2712985 -0.9624755
v -0.0001133 0.0219567 0.0859524 0.921569 0.850980 0.854902
vn 0.0521706 0.2814036 -0.9581702
v 0.0016359 0.0173020 0.0857455 0.756863 0.105882 0.133333
vn 0.1315951 -0.3155067 -0.9397544
v 0.0084242 -0.0148240 0.0858231 0.705882 0.211765 0.250980
vn -0.2329907 -0.1857926 -0.9545662
v -0.0207303 -0.0020571 0.0860421 0.945098 0.909804 0.905882
vn -0.0777641 0.2527285 -0.9644071
v -0.0077030 0.0193298 0.0859384 0.909804 0.839216 0.843137
vn 0.1830816 0.1816976 -0.9661611
v 0.0127982 0.0182788 0.0859576 0.972549 0.921569 0.917647
vn 0.2242403 0.1038427 -0.9689856
v 0.0137197 0.0158399 0.0859000 0.890196 0.796078 0.803922
vn -0.0171743 -0.0156914 -0.9997294
v 0.0138788 0.0135871 0.0856994 0.905882 0.807843 0.807843
vn 0.2230122 -0.1347357 -0.9654594
v 0.0158167 -0.0112504 0.0860298 0.850980 0.733333 0.725490
vn 0.1599503 -0.0724700 -0.9844613
v 0.0149118 -0.0129699 0.0860192 0.850980 0.717647 0.717647
vn 0.2876416 -0.1217586 -0.9499670
v 0.0136697 -0.0155391 0.0859886 0.843137 0.705882 0.713725
vn 0.0629468 0.2658637 -0.9619533
v 0.0047210 0.0201699 0.0859559 0.909804 0.831373 0.831373
vn 0.1427596 0.3086681 -0.9403955
v 0.0025041 0.0210173 0.0860035 0.917647 0.850980 0.843137
vn 0.2297293 0.1448247 -0.9624190
v 0.0201517 0.0026807 0.0859860 0.874510 0.764706 0.768627
vn 0.1913964 0.2200992 -0.9565165
v 0.0211201 0.0017054 0.0860264 0.886275 0.803922 0.807843
vn -0.4296264 -0.2108478 -0.8780458
v -0.0163836 -0.0099245 0.0860659 0.862745 0.776471 0.768627
vn 0.0111056 -0.2874719 -0.9577248
v 0.0001205 -0.0221757 0.0861163 0.878431 0.807843 0.811765
vn -0.2012864 0.0101266 -0.9794801
v 0.0161468 0.0046581 0.0863192 0.901961 0.803922 0.803922
vn 0.1081140 -0.1619308 -0.9808618
v 0.0156741 0.0067243 0.0863130 0.921569 0.752941 0.752941
vn 0.0893711 -0.0114072 -0.9959331
v 0.0155543 0.0054213 0.0863427 0.909804 0.698039 0.701961
vn 0.1598516 0.0593820 -0.9853534
v 0.0168272 0.0084725 0.0857609 0.901961 0.800000 0.796078
vn -0.0664293 -0.1299052 -0.9892987
v 0.0125638 0.0115883 0.0864122 0.862745 0.713725 0.709804
vn -0.1949447 -0.0313319 -0.9803137
v 0.0138700 0.0103841 0.0863897 0.870588 0.760784 0.760784
vn 0.0328071 0.1445846 -0.9889485
v 0.0135378 0.0096572 0.0863295 0.866667 0.721569 0.729412
vn 0.1446611 0.3885515 -0.9100005
v 0.0139866 0.0091241 0.0862470 0.874510 0.603922 0.623529
vn 0.2793646 0.1289278 -0.9514899
v 0.0146194 0.0137878 0.0859350 0.882353 0.768627 0.764706
vn 0.0514595 0.0361002 -0.9980224
v 0.0156389 0.0103743 0.0857032 0.901961 0.792157 0.784314
vn -0.1127166 -0.0305877 -0.9931563
v 0.0151688 0.0090189 0.0860181 0.898039 0.792157 0.792157
vn 0.5166922 -0.0006654 -0.8561710
v 0.0152464 0.0070130 0.0860925 0.894118 0.450980 0.458824
vn 0.2220220 0.2744515 -0.9356189
v 0.0142562 0.0083410 0.0857603 0.870588 0.545098 0.556863
vn 0.3160125 0.1296171 -0.9398593
v 0.0190737 0.0048840 0.0860711 0.886275 0.792157 0.792157
vn -0.2937791 -0.0397490 -0.9550465
v -0.0170606 0.0002535 0.0857794 0.709804 0.250980 0.274510
vn -0.3310331 0.1338677 -0.9340752
v -0.0164917 0.0027989 0.0858134 0.733333 0.286275 0.301961
vn 0.5460098 0.0918377 -0.8327299
v 0.0169470 0.0001763 0.0857065 0.796078 0.400000 0.407843
vn 0.3030655 -0.1839366 -0.9350501
v 0.0165325 -0.0098492 0.0860431 0.839216 0.717647 0.705882
vn 0.3561681 -0.2601339 -0.8974825
v 0.0143258 -0.0080467 0.0857012 0.662745 0.341176 0.360784
vn 0.3253226 -0.2539817 -0.9108559
v 0.0134753 -0.0096388 0.0858477 0.705882 0.380392 0.396078
vn -0.3159229 0.1791856 -0.9317109
v -0.0192419 0.0048770 0.0861702 0.894118 0.807843 0.807843
vn 0.0867832 -0.4570354 -0.8852047
v 0.0040356 -0.0166210 0.0858708 0.729412 0.341176 0.372549
vn -0.0780605 -0.3878025 -0.9184312
v -0.0101791 -0.0189152 0.0861476 0.937255 0.898039 0.894118
vn 0.4097541 -0.1751172 -0.8952294
v 0.0158604 -0.0049967 0.0857390 0.788235 0.470588 0.482353
vn -0.2024888 -0.3179975 -0.9262159
v -0.0095966 -0.0141442 0.0857285 0.701961 0.235294 0.274510
vn -0.1559792 -0.3715277 -0.9152255
v -0.0082030 -0.0148612 0.0857753 0.756863 0.325490 0.345098
vn -0.1589683 -0.4008033 -0.9022671
v -0.0065477 -0.0156317 0.0857845 0.741176 0.278431 0.294118
vn -0.0666079 -0.4397855 -0.8956295
v -0.0046775 -0.0165285 0.0859354 0.725490 0.294118 0.337255
vn 0.6931300 -0.3020596 -0.6544699
v 0.0131071 -0.0181063 0.0863986 1.000000 1.000000 1.000000
vn -0.2785710 -0.2877596 -0.9162929
v -0.0103320 -0.0135492 0.0857394 0.705882 0.211765 0.239216
vn -0.4824236 -0.2585674 -0.8369053
v -0.0115793 -0.0123476 0.0858604 0.733333 0.278431 0.305882
vn -0.6138575 -0.1817645 -0.7682062
v -0.0125864 -0.0106719 0.0859601 0.713725 0.349020 0.352941
vn -0.3537703 0.0246197 -0.9350083
v -0.0224438 0.0002065 0.0860151 0.929412 0.898039 0.898039
vn -0.3554728 -0.2777296 -0.8924716
v -0.0141092 -0.0081599 0.0858158 0.752941 0.431373 0.462745
vn -0.4391568 -0.6625026 -0.6068210
v -0.0134676 -0.0091258 0.0859137 0.772549 0.372549 0.380392
vn -0.4408099 -0.2267372 -0.8684912
v -0.0151602 -0.0127413 0.0862362 0.905882 0.847059 0.839216
vn -0.4203081 -0.2139659 -0.8817935
v -0.0149178 -0.0067866 0.0857581 0.835294 0.317647 0.345098
vn 0.4568753 0.1777928 -0.8715817
v 0.0164722 0.0026334 0.0857968 0.819608 0.443137 0.458824
vn -0.0989798 -0.7445694 -0.6601661
v -0.0081533 -0.0193447 0.0864087 0.929412 0.878431 0.874510
vn 0.4249317 0.1916738 -0.8847001
v 0.0157889 0.0113575 0.0859883 0.870588 0.752941 0.752941
vn 0.4571181 0.2415268 -0.8559836
v 0.0174151 0.0082479 0.0860083 0.858824 0.756863 0.756863
vn 0.1854599 0.7163706 -0.6726202
v 0.0049718 0.0166757 0.0858760 0.741176 0.035294 0.050980
vn 0.3548281 -0.3314457 -0.8742087
v 0.0115996 -0.0123552 0.0858513 0.725490 0.317647 0.341176
vn 0.4244647 -0.2688665 -0.8646043
v 0.0127598 -0.0107881 0.0857715 0.662745 0.286275 0.305882
vn 0.4771785 -0.2949308 -0.8278385
v 0.0221328 -0.0006590 0.0861418 0.913725 0.878431 0.882353
vn -0.5002270 -0.2006889 -0.8423164
v -0.0158059 -0.0049600 0.0858367 0.796078 0.356863 0.360784
vn -0.7445683 -0.1101719 -0.6583922
v -0.0167368 -0.0021553 0.0857222 0.741176 0.376471 0.403922
vn 0.3665788 -0.4508142 -0.8138714
v 0.0099583 -0.0138736 0.0857176 0.698039 0.211765 0.235294
vn 0.2978014 -0.5303422 -0.7937579
v 0.0127423 -0.0187567 0.0864443 1.000000 1.000000 1.000000
vn -0.6858540 0.2773691 -0.6728081
v -0.0144476 0.0139938 0.0863919 0.933333 0.882353 0.886275
vn 0.5719227 0.1783230 -0.8006905
v 0.0222571 0.0004189 0.0860993 0.890196 0.831373 0.819608
vn 0.2219619 0.5120444 -0.8297852
v 0.0087408 0.0150532 0.0857516 0.768627 0.098039 0.121569
vn 0.3248600 0.3741753 -0.8685959
v 0.0100322 0.0143084 0.0857157 0.768627 0.239216 0.262745
vn 0.5644334 0.2944360 -0.7711825
v 0.0116448 0.0125452 0.0858119 0.776471 0.360784 0.368627
vn 0.2082036 0.4857512 -0.8489388
v 0.0069031 0.0157969 0.0857680 0.764706 0.047059 0.058824
vn 0.1935208 0.8394824 -0.5077587
v 0.0048732 0.0165690 0.0856386 0.749020 0.043137 0.062745
vn 0.2455861 -0.5211713 -0.8173543
v 0.0066483 -0.0155888 0.0857736 0.654902 0.184314 0.211765
vn 0.1199629 -0.5661262 -0.8155429
v 0.0045972 -0.0163162 0.0856567 0.678431 0.125490 0.152941
vn -0.5556572 0.2693697 -0.7865654
v -0.0178064 0.0075969 0.0863181 0.898039 0.835294 0.831373
vn -0.5778977 -0.3220035 -0.7498987
v -0.0190003 -0.0053553 0.0863607 0.905882 0.847059 0.843137
vn 0.8063564 0.2824275 -0.5196385
v 0.0149829 0.0069165 0.0856312 0.811765 0.388235 0.396078
vn 0.8290330 -0.4439547 -0.3400125
v 0.0149832 -0.0069902 0.0851799 0.600000 0.274510 0.290196
vn -0.4506849 -0.8918424 -0.0387345
v 0.0106100 -0.0184449 0.0942005 0.980392 0.980392 0.980392
vn -0.3555497 -0.9257061 0.1290452
v 0.0101889 -0.0179379 0.0899646 0.976471 0.976471 0.972549
vn -0.3570222 -0.9295154 0.0923922
v 0.0113688 -0.0189153 0.0898079 0.972549 0.972549 0.976471
vn -0.3511692 -0.8812644 0.3163120
v 0.0109507 -0.0188859 0.0891873 0.972549 0.972549 0.976471
vn -0.1756288 -0.9810947 -0.0812889
v 0.0111897 -0.0188275 0.0976785 0.984314 0.980392 0.984314
vn -0.0503395 -0.9946586 0.0901126
v 0.0123121 -0.0190870 0.0986877 0.980392 0.976471 0.976471
vn 0.0463994 -0.9962901 -0.0724792
v 0.0103649 -0.0189297 0.0991651 0.972549 0.968627 0.972549
vn 0.2916877 -0.9541135 -0.0677181
v 0.0122484 -0.0190796 0.0874273 0.972549 0.968627 0.972549
vn 0.4287715 -0.9034075 -0.0031749
v 0.0128123 -0.0188452 0.0968816 0.992157 0.988235 0.984314
vn 0.2697776 -0.9468005 -0.1754678
v 0.0127423 -0.0187567 0.0864443 0.984314 0.984314 0.980392
vn 0.0139453 -0.9764485 -0.2152993
v 0.0096747 -0.0186757 0.0975722 0.988235 0.984314 0.980392
vn 0.0146807 -0.9730203 0.2302524
v 0.0124767 -0.0187641 0.0997303 0.980392 0.988235 0.988235
vn 0.1039968 -0.9840162 0.1445576
v 0.0111329 -0.0191844 0.0883428 0.976471 0.972549 0.976471
vn -0.1381247 -0.9845572 -0.1075578
v 0.0098339 -0.0182505 0.0954602 0.980392 0.980392 0.984314
vn 0.2481563 -0.9564876 -0.1534598
v 0.0058144 -0.0195884 0.0988315 0.980392 0.980392 0.984314
vn 0.2319629 -0.8936365 -0.3841968
v 0.0073627 -0.0194326 0.0860920 0.870588 0.772549 0.784314
vn -0.1861825 -0.9557431 0.2277966
v 0.0097459 -0.0179992 0.0893457 0.976471 0.976471 0.972549
vn 0.1453030 -0.9867693 0.0719275
v 0.0076917 -0.0192276 0.0997640 0.996078 0.996078 0.992157
vn 0.1150886 -0.8710514 -0.4775186
v 0.0066389 -0.0189519 0.0975834 0.988235 0.980392 0.980392
vn 0.1221459 -0.8693708 -0.4788265
v 0.0041420 -0.0186730 0.0967672 0.984314 0.980392 0.980392
vn 0.2408187 -0.8487933 -0.4706977
v 0.0048362 -0.0196950 0.0979550 0.988235 0.984314 0.988235
vn 0.0757521 -0.9970458 0.0127036
v 0.0053707 -0.0180144 0.0894237 0.976471 0.980392 0.980392
vn 0.0420288 -0.9983350 -0.0395067
v 0.0044270 -0.0181073 0.0929250 0.984314 0.980392 0.980392
vn 0.3233005 -0.9453884 0.0414456
v 0.0048646 -0.0198677 0.0998699 0.984314 0.980392 0.980392
vn 0.5963959 -0.7951884 -0.1094869
v 0.0019937 -0.0209866 0.0996763 1.000000 1.000000 1.000000
vn 0.3326495 -0.8465116 -0.4156470
v 0.0021291 -0.0206223 0.0982503 0.984314 0.988235 0.984314
vn 0.3841603 -0.7113944 -0.5885057
v 0.0019221 -0.0193574 0.0969803 0.984314 0.984314 0.984314
vn 0.4383059 -0.8454403 -0.3051535
v 0.0021393 -0.0187050 0.0959581 0.984314 0.988235 0.992157
vn 0.6288285 -0.6739657 -0.3877435
v 0.0014037 -0.0194604 0.0965489 0.988235 0.984314 0.984314
vn 0.9344844 -0.3547478 -0.0298844
v 0.0015376 -0.0186728 0.0928166 0.984314 0.984314 0.988235
vn 0.8752887 -0.4359379 0.2093509
v 0.0011819 -0.0196531 0.0889122 0.992157 0.984314 0.984314
vn 0.8024889 -0.5819150 0.1318582
v 0.0013521 -0.0188883 0.0897434 0.984314 0.980392 0.984314
vn 0.1512142 -0.8066902 0.5713015
v 0.0098747 -0.0190442 0.0888738 0.980392 0.980392 0.980392
vn 0.1939539 -0.9806469 0.0267128
v 0.0076987 -0.0196786 0.0887360 0.980392 0.988235 0.988235
vn 0.1671837 -0.9727387 -0.1607141
v 0.0082549 -0.0194428 0.0866558 0.929412 0.878431 0.874510
vn 0.0444501 -0.9820299 -0.1834164
v 0.0043840 -0.0183025 0.0953847 0.992157 0.988235 0.988235
vn 0.6924207 -0.5342733 -0.4848771
v 0.0016441 -0.0207216 0.0979345 0.988235 0.984314 0.984314
vn 0.8678391 -0.4693589 -0.1629647
v 0.0013886 -0.0218298 0.0984622 0.984314 0.984314 0.984314
vn 0.3827291 -0.9006270 0.2058872
v 0.0020308 -0.0185242 0.0893667 0.988235 0.984314 0.988235
vn 0.2028880 -0.9463560 0.2514892
v 0.0060003 -0.0200824 0.0884353 0.972549 0.968627 0.968627
vn 0.1721679 -0.7770936 0.6053790
v 0.0051428 -0.0199835 0.0888061 0.980392 0.984314 0.984314
vn 0.3898935 -0.9117543 0.1291794
v 0.0023542 -0.0209203 0.0884761 0.984314 0.996078 0.992157
vn 0.1500807 -0.9872028 0.0539121
v 0.0027176 -0.0209699 0.0877123 0.972549 0.968627 0.968627
vn 0.2515914 -0.9045771 -0.3441542
v 0.0017897 -0.0210100 0.0860486 0.898039 0.811765 0.811765
vn 0.3550424 -0.9155989 -0.1887424
v 0.0021783 -0.0210402 0.0864220 0.886275 0.788235 0.796078
vn 0.5775295 -0.8150809 -0.0458564
v 0.0009636 -0.0221124 0.0878020 0.976471 0.968627 0.972549
vn 0.4961044 -0.8408211 -0.2165649
v 0.0001205 -0.0221757 0.0861163 0.866667 0.756863 0.760784
vn 0.5613065 -0.7915011 0.2417872
v 0.0012790 -0.0216493 0.0885856 0.980392 0.980392 0.976471
vn 0.7121082 -0.6908696 0.1249047
v 0.0012203 -0.0217692 0.0997566 1.000000 1.000000 1.000000
vn 0.1347358 -0.9230128 0.3604077
v 0.0026385 -0.0185667 0.0890306 0.980392 0.976471 0.984314
vn 0.1573242 -0.9846649 -0.0753942
v 0.0043840 -0.0183025 0.0953847 0.984314 0.980392 0.992157
vn 0.1776521 -0.9822873 -0.0595938
v 0.0021393 -0.0187050 0.0959581 0.988235 0.984314 0.992157
vn 0.1842139 -0.9819815 -0.0421630
v 0.0044270 -0.0181073 0.0929250 0.984314 0.984314 0.984314
vn 0.1931038 -0.9807104 -0.0303004
v 0.0015376 -0.0186728 0.0928166 0.988235 0.988235 0.988235
vn 0.1926093 -0.9811648 -0.0147413
v 0.0020308 -0.0185242 0.0893667 1.000000 1.000000 1.000000
vn 0.4662995 -0.6992061 -0.5419185
v 0.0021783 -0.0210402 0.0864220 0.749020 0.086275 0.090196
vn 0.4662995 -0.6992061 -0.5419185
v 0.0001205 -0.0221757 0.0861163 0.913725 0.819608 0.827451
vn 0.4662995 -0.6992061 -0.5419185
v 0.0017897 -0.0210100 0.0860486 0.858824 0.603922 0.607843
vn 0.8556145 -0.5166596 -0.0314102
v 0.0012790 -0.0216493 0.0885856 0.984314 0.984314 0.984314
vn 0.8930594 -0.4496992 -0.0146833
v 0.0009650 -0.0223682 0.0918562 0.980392 0.980392 0.980392
vn 0.8513719 -0.5235032 -0.0333218
v 0.0009636 -0.0221124 0.0878020 0.984314 0.980392 0.980392
vn 0.9304366 -0.3652383 -0.0298140
v 0.0013756 -0.0216840 0.0965419 0.992157 0.984314 0.984314
vn 0.9320102 -0.3610120 -0.0320523
v 0.0011822 -0.0222113 0.0968561 0.992157 0.992157 0.992157
vn 0.9316111 -0.3618851 -0.0337631
v 0.0013886 -0.0218298 0.0984622 0.992157 0.992157 0.992157
# 4344 vertices, 0 vertices normals


usemtl material_0
vt 0.6031480 0.4448259
vt 0.5946362 0.4578062
vt 0.5920558 0.4441061
f 1191/1/1191 1212/2/1212 1189/3/1189

usemtl material_1
vt 0.5490098 0.4441615
vt 0.5598008 0.4588384
vt 0.5490704 0.4584013
f 1193/4/1193 1215/5/1215 1216/6/1216

usemtl material_2
vt 0.6304688 0.4437414
vt 0.6336504 0.4432847
vt 0.6332898 0.4583786
f 1201/7/1201 1200/8/1200 1208/9/1208

usemtl material_3
vt 0.6286927 0.4585881
vt 0.6207485 0.4445041
f 1201/7/1201 1214/10/1214 1194/11/1194

usemtl material_4
vt 0.6200110 0.4576743
f 1191/1/1191 1213/12/1213 1212/2/1212

usemtl material_5
vt 0.5651680 0.4457650
vt 0.5732247 0.4586037
vt 0.5650344 0.4589863
f 1196/13/1196 1210/14/1210 1211/15/1211

usemtl material_6
f 1208/9/1208 1214/10/1214 1201/7/1201

usemtl material_7
f 1214/10/1214 1213/12/1213 1194/11/1194
vt 0.6164765 0.4439799
f 1190/16/1190 1194/11/1194 1213/12/1213

usemtl material_8
f 1190/16/1190 1213/12/1213 1191/1/1191

usemtl material_4
vt 0.5854108 0.4584388
f 1212/2/1212 1206/17/1206 1189/3/1189

usemtl material_9
vt 0.5792586 0.4585577
vt 0.5790790 0.4455596
f 1207/18/1207 1210/14/1210 1198/19/1198

usemtl material_10
vt 0.5325311 0.4583106
vt 0.5337759 0.4439197
vt 0.5389404 0.4586109
f 1218/20/1218 1187/21/1187 1217/22/1217

usemtl material_11
vt 0.6010542 0.4734435
vt 0.5924222 0.4728258
f 1230/23/1230 1223/24/1223 1212/2/1212

usemtl material_12
vt 0.5492241 0.4717841
f 1215/5/1215 1244/25/1244 1216/6/1216

usemtl material_6
vt 0.6304841 0.4731867
f 1208/9/1208 1245/26/1245 1214/10/1214

usemtl material_13
vt 0.6337599 0.4720790
f 1208/9/1208 1239/27/1239 1245/26/1245

usemtl material_14
vt 0.6212056 0.4707488
f 1214/10/1214 1240/28/1240 1213/12/1213
vt 0.6165085 0.4721798
f 1213/12/1213 1240/28/1240 1227/29/1227

usemtl material_11
f 1227/29/1227 1230/23/1230 1212/2/1212

usemtl material_14
f 1213/12/1213 1227/29/1227 1212/2/1212

usemtl material_4
f 1212/2/1212 1223/24/1223 1206/17/1206

usemtl material_15
vt 0.5792035 0.4715815
f 1207/18/1207 1206/17/1206 1231/30/1231

usemtl material_16
vt 0.5650729 0.4718635
f 1210/14/1210 1242/31/1242 1211/15/1211

usemtl material_17
f 1214/10/1214 1245/26/1245 1240/28/1240

usemtl material_18
vt 0.6295047 0.4177498
vt 0.6340625 0.4325939
vt 0.6291716 0.4323000
f 1157/32/1157 1181/33/1181 1183/34/1183

usemtl material_19
vt 0.6205894 0.4302320
f 1157/32/1157 1183/34/1183 1175/35/1175

usemtl material_20
vt 0.6125609 0.4321727
vt 0.5988435 0.4319399
vt 0.6017640 0.4207169
f 1186/36/1186 1185/37/1185 1164/38/1164

usemtl material_21
vt 0.6163041 0.4201450
f 1166/39/1166 1186/36/1186 1164/38/1164

usemtl material_22
vt 0.5919948 0.4191906
f 1164/38/1164 1185/37/1185 1163/40/1163

usemtl material_23
vt 0.8075057 0.7757860
vt 0.8125077 0.7797009
vt 0.7965954 0.7769459
f 3237/41/3237 3203/42/3203 3199/43/3199

usemtl material_24
f 1166/39/1166 1175/35/1175 1186/36/1186

usemtl material_15
vt 0.5850672 0.4312583
f 1185/37/1185 1179/44/1179 1163/40/1163

usemtl material_10
vt 0.5597367 0.4316112
vt 0.5493807 0.4325045
vt 0.5492257 0.4202337
f 1178/45/1178 1184/46/1184 1160/47/1160

usemtl material_25
vt 0.5648399 0.4308494
vt 0.5600552 0.4425049
f 1171/48/1171 1192/49/1192 1178/45/1178

usemtl material_26
vt 0.8059402 0.7844896
f 3203/42/3203 3200/50/3200 3199/43/3199

usemtl material_27
vt 0.6500023 0.4400098
vt 0.6457495 0.4430854
vt 0.6477547 0.4287302
f 1203/51/1203 1188/52/1188 1172/53/1172

usemtl material_28
vt 0.6410141 0.4312085
f 1172/53/1172 1188/52/1188 1180/54/1180

usemtl material_29
f 1180/54/1180 1188/52/1188 1181/33/1181

usemtl material_30
f 1183/34/1183 1194/11/1194 1175/35/1175

usemtl material_31
f 1175/35/1175 1194/11/1194 1190/16/1190

usemtl material_32
f 1175/35/1175 1190/16/1190 1186/36/1186

usemtl material_15
f 1185/37/1185 1189/3/1189 1179/44/1179

usemtl material_33
vt 0.5852491 0.4435345
vt 0.5786755 0.4297354
f 1199/55/1199 1198/19/1198 1173/56/1173

usemtl material_34
f 1179/44/1179 1199/55/1199 1173/56/1173

usemtl material_35
vt 0.5733110 0.4436591
f 1198/19/1198 1197/57/1197 1173/56/1173

usemtl material_36
vt 0.5720904 0.4318815
f 1173/56/1173 1197/57/1197 1174/58/1174

usemtl material_37
f 1174/58/1174 1197/57/1197 1196/13/1196

usemtl material_38
f 1174/58/1174 1196/13/1196 1171/48/1171

usemtl material_39
f 1178/45/1178 1193/4/1193 1184/46/1184

usemtl material_40
vt 0.5446575 0.4438852
vt 0.5449982 0.4324108
f 1184/46/1184 1202/59/1202 1182/60/1182
f 1182/60/1182 1202/59/1202 1187/21/1187

usemtl material_41
vt 0.5399781 0.4326411
f 1182/60/1182 1187/21/1187 1177/61/1177

usemtl material_42
vt 0.5321584 0.4302524
f 1177/61/1177 1187/21/1187 1176/62/1176

usemtl material_43
vt 0.5298494 0.4345509
f 1176/62/1176 1187/21/1187 1204/63/1204

usemtl material_44
f 1200/8/1200 1201/7/1201 1183/34/1183

usemtl material_18
f 1181/33/1181 1200/8/1200 1183/34/1183

usemtl material_45
f 1183/34/1183 1201/7/1201 1194/11/1194

usemtl material_46
f 1190/16/1190 1191/1/1191 1186/36/1186
f 1186/36/1186 1191/1/1191 1185/37/1185

usemtl material_47
f 1185/37/1185 1191/1/1191 1189/3/1189

usemtl material_6
f 1179/44/1179 1189/3/1189 1199/55/1199

usemtl material_48
f 1171/48/1171 1196/13/1196 1192/49/1192

usemtl material_49
f 1192/49/1192 1193/4/1193 1178/45/1178

usemtl material_10
f 1184/46/1184 1193/4/1193 1202/59/1202

usemtl material_50
vt 0.5294477 0.4453306
f 1187/21/1187 1205/64/1205 1204/63/1204

usemtl material_51
vt 0.1003838 0.4383153
vt 0.1065599 0.4495268
vt 0.0652500 0.4504443
f 1418/65/1418 1415/66/1415 1428/67/1428

usemtl material_52
f 1188/52/1188 1200/8/1200 1181/33/1181

usemtl material_53
vt 0.0148164 0.4379845
vt 0.0182398 0.4513509
vt 0.0116067 0.4502607
f 1423/68/1423 1427/69/1427 1434/70/1434

usemtl material_54
f 1189/3/1189 1206/17/1206 1199/55/1199

usemtl material_55
f 1206/17/1206 1207/18/1207 1198/19/1198

usemtl material_54
f 1199/55/1199 1206/17/1206 1198/19/1198

usemtl material_56
f 1198/19/1198 1210/14/1210 1197/57/1197

usemtl material_36
f 1197/57/1197 1210/14/1210 1196/13/1196

usemtl material_49
f 1211/15/1211 1215/5/1215 1192/49/1192

usemtl material_48
f 1196/13/1196 1211/15/1211 1192/49/1192

usemtl material_57
f 1192/49/1192 1215/5/1215 1193/4/1193

usemtl material_58
vt 0.5447702 0.4588958
f 1202/59/1202 1219/71/1219 1217/22/1217

usemtl material_59
f 1202/59/1202 1217/22/1217 1187/21/1187

usemtl material_60
vt 0.5298579 0.4592695
f 1187/21/1187 1221/72/1221 1205/64/1205

usemtl material_53
vt 0.0992217 0.4639742
f 1415/66/1415 1414/73/1414 1428/67/1428

usemtl material_61
vt 0.0463512 0.4646040
f 1428/67/1428 1429/74/1429 1427/69/1427

usemtl material_59
vt 0.0180100 0.4644902
f 1429/74/1429 1430/75/1430 1427/69/1427

usemtl material_53
vt 0.0125325 0.4646081
f 1427/69/1427 1430/75/1430 1445/76/1445

usemtl material_62
f 1427/69/1427 1445/76/1445 1434/70/1434

usemtl material_63
vt 0.7921438 0.7847549
vt 0.7801155 0.7791437
f 3199/43/3199 3195/77/3195 3190/78/3190

usemtl material_64
vt 0.6487940 0.4585448
f 1203/51/1203 1220/79/1220 1188/52/1188

usemtl material_18
vt 0.6420671 0.4583958
f 1188/52/1188 1209/80/1209 1208/9/1208

usemtl material_65
f 1188/52/1188 1208/9/1208 1200/8/1200

usemtl material_66
f 1193/4/1193 1219/71/1219 1202/59/1202

usemtl material_67
f 1187/21/1187 1218/20/1218 1221/72/1221

usemtl material_68
vt 0.1309579 0.4500426
vt 0.1308246 0.4632143
f 1416/81/1416 1413/82/1413 1415/66/1415
f 1415/66/1415 1413/82/1413 1414/73/1414

usemtl material_61
f 1428/67/1428 1414/73/1414 1429/74/1429

usemtl material_69
vt 0.0066660 0.4645520
f 1434/70/1434 1445/76/1445 1460/83/1460

usemtl material_70
vt 0.7790082 0.7750522
f 3199/43/3199 3190/78/3190 3202/84/3202

usemtl material_71
f 1220/79/1220 1209/80/1209 1188/52/1188

usemtl material_15
vt 0.1351359 0.4670014
f 1413/82/1413 1416/81/1416 1097/85/1097

usemtl material_42
vt 0.5338955 0.4734570
f 1217/22/1217 1232/86/1232 1218/20/1218

usemtl material_15
vt 0.1314261 0.4769024
f 1413/82/1413 1097/85/1097 1412/87/1412

usemtl material_59
vt 0.0470574 0.4778585
f 1429/74/1429 1453/88/1453 1430/75/1430

usemtl material_72
vt 0.7605817 0.7789758
f 3190/78/3190 3179/89/3179 3202/84/3202

usemtl material_73
vt 0.6479643 0.4715736
f 1220/79/1220 1228/90/1228 1209/80/1209

usemtl material_8
f 1209/80/1209 1239/27/1239 1208/9/1208

usemtl material_68
f 1207/18/1207 1231/30/1231 1210/14/1210

usemtl material_74
vt 0.5727372 0.4792749
f 1210/14/1210 1247/91/1247 1242/31/1242

usemtl material_75
f 1211/15/1211 1242/31/1242 1215/5/1215

usemtl material_76
vt 0.5600802 0.4716252
f 1215/5/1215 1243/92/1243 1244/25/1244

usemtl material_68
vt 0.1062925 0.4767390
f 1413/82/1413 1411/93/1411 1414/73/1414

usemtl material_53
f 1414/73/1414 1411/93/1411 1429/74/1429
f 1429/74/1429 1411/93/1411 1453/88/1453
vt 0.0160665 0.4775373
f 1453/88/1453 1452/94/1452 1430/75/1430

usemtl material_77
vt 0.0087698 0.4764014
f 1445/76/1445 1463/95/1463 1460/83/1460

usemtl material_78
vt 0.7665955 0.7748984
f 3179/89/3179 3225/96/3225 3202/84/3202

usemtl material_17
f 1209/80/1209 1228/90/1228 1239/27/1239

usemtl material_79
vt 0.5852095 0.4791930
f 1223/24/1223 1246/97/1246 1206/17/1206

usemtl material_80
f 1206/17/1206 1246/97/1246 1231/30/1231

usemtl material_16
f 1231/30/1231 1247/91/1247 1210/14/1210

usemtl material_57
f 1242/31/1242 1243/92/1243 1215/5/1215

usemtl material_81
vt 0.5446777 0.4734974
f 1219/71/1219 1244/25/1244 1241/98/1241

usemtl material_61
f 1241/98/1241 1232/86/1232 1217/22/1217

usemtl material_58
f 1219/71/1219 1241/98/1241 1217/22/1217

usemtl material_82
vt 0.5294083 0.4762167
f 1218/20/1218 1232/86/1232 1252/99/1252

usemtl material_83
f 1218/20/1218 1252/99/1252 1221/72/1221

usemtl material_68
f 1413/82/1413 1412/87/1412 1411/93/1411

usemtl material_53
f 1430/75/1430 1452/94/1452 1445/76/1445

usemtl material_84
f 1445/76/1445 1452/94/1452 1463/95/1463

usemtl material_17
vt 0.6419096 0.4832851
f 1228/90/1228 1251/100/1251 1239/27/1239

usemtl material_85
vt 0.6193144 0.4848136
f 1245/26/1245 1250/101/1250 1240/28/1240

usemtl material_5
f 1240/28/1240 1250/101/1250 1227/29/1227

usemtl material_17
vt 0.5786965 0.4848689
f 1246/97/1246 1256/102/1256 1231/30/1231

usemtl material_48
f 1231/30/1231 1256/102/1256 1247/91/1247

usemtl material_16
vt 0.5661134 0.4836005
f 1247/91/1247 1257/103/1257 1242/31/1242

usemtl material_62
vt 0.5598296 0.4845653
f 1257/103/1257 1254/104/1254 1242/31/1242

usemtl material_86
f 1242/31/1242 1254/104/1254 1243/92/1243

usemtl material_11
vt 0.5508403 0.4835929
f 1243/92/1243 1254/104/1254 1255/105/1255

usemtl material_87
f 1243/92/1243 1255/105/1255 1244/25/1244

usemtl material_88
vt 0.5446431 0.4839548
f 1241/98/1241 1258/106/1258 1232/86/1232

usemtl material_89
vt 0.0121199 0.4888102
f 1452/94/1452 1471/107/1471 1463/95/1463

usemtl material_51
vt 0.6342515 0.4847381
f 1251/100/1251 1268/108/1268 1239/27/1239

usemtl material_90
vt 0.6295894 0.4844361
f 1268/108/1268 1263/109/1263 1239/27/1239

usemtl material_91
f 1239/27/1239 1263/109/1263 1245/26/1245

usemtl material_38
f 1245/26/1245 1263/109/1263 1250/101/1250

usemtl material_92
vt 0.6011554 0.4851559
f 1227/29/1227 1250/101/1250 1260/110/1260

usemtl material_46
f 1227/29/1227 1260/110/1260 1230/23/1230
vt 0.5927067 0.4846588
f 1230/23/1230 1260/110/1260 1259/111/1259

usemtl material_86
f 1230/23/1230 1259/111/1259 1223/24/1223

usemtl material_4
f 1223/24/1223 1259/111/1259 1246/97/1246

usemtl material_10
f 1255/105/1255 1258/106/1258 1244/25/1244

usemtl material_93
f 1244/25/1244 1258/106/1258 1241/98/1241

usemtl material_82
vt 0.5326805 0.4841464
f 1232/86/1232 1273/112/1273 1252/99/1252

usemtl material_41
vt 0.1320834 0.4852872
vt 0.1287886 0.4888740
f 1474/113/1474 1408/114/1408 1412/87/1412
f 1412/87/1412 1408/114/1408 1411/93/1411

usemtl material_94
vt 0.1023292 0.4890426
f 1411/93/1411 1408/114/1408 1409/115/1409

usemtl material_62
f 1411/93/1411 1409/115/1409 1453/88/1453

usemtl material_41
vt 0.0600942 0.4895812
f 1409/115/1409 1455/116/1455 1453/88/1453

usemtl material_53
vt 0.0188535 0.4901980
f 1453/88/1453 1454/117/1454 1452/94/1452

usemtl material_66
f 1454/117/1454 1471/107/1471 1452/94/1452

usemtl material_95
vt 0.7501006 0.7781861
f 3179/89/3179 3232/118/3232 3225/96/3225

usemtl material_31
vt 0.6484799 0.4891877
f 1228/90/1228 1277/119/1277 1251/100/1251

usemtl material_96
f 1258/106/1258 1273/112/1273 1232/86/1232

usemtl material_41
f 1455/116/1455 1454/117/1454 1453/88/1453

usemtl material_97
vt 0.6425762 0.4977759
f 1277/119/1277 1302/120/1302 1251/100/1251

usemtl material_98
f 1251/100/1251 1302/120/1302 1268/108/1268

usemtl material_99
vt 0.6302844 0.4978706
f 1268/108/1268 1299/121/1299 1263/109/1263

usemtl material_100
vt 0.6198215 0.4959230
f 1263/109/1263 1284/122/1284 1250/101/1250

usemtl material_101
vt 0.5916677 0.4982845
f 1259/111/1259 1282/123/1282 1246/97/1246

usemtl material_102
vt 0.5848722 0.4974501
f 1246/97/1246 1282/123/1282 1281/124/1281
f 1246/97/1246 1281/124/1281 1256/102/1256

usemtl material_103
vt 0.5723575 0.4977908
f 1256/102/1256 1280/125/1280 1247/91/1247

usemtl material_104
f 1247/91/1247 1280/125/1280 1257/103/1257

usemtl material_105
vt 0.5495417 0.4977869
f 1255/105/1255 1292/126/1292 1258/106/1258

usemtl material_1
vt 0.5329801 0.4959967
f 1258/106/1258 1296/127/1296 1273/112/1273

usemtl material_11
vt 0.5446774 0.4970951
f 1258/106/1258 1297/128/1297 1296/127/1296

usemtl material_79
f 1263/109/1263 1299/121/1299 1284/122/1284

usemtl material_106
vt 0.6025850 0.4980482
f 1250/101/1250 1284/122/1284 1283/129/1283

usemtl material_107
f 1250/101/1250 1283/129/1283 1260/110/1260

usemtl material_22
f 1283/129/1283 1282/123/1282 1259/111/1259

usemtl material_108
f 1260/110/1260 1283/129/1283 1259/111/1259

usemtl material_109
vt 0.5653133 0.4984260
f 1280/125/1280 1298/130/1298 1257/103/1257

usemtl material_51
f 1257/103/1257 1298/130/1298 1254/104/1254

usemtl material_10
f 1254/104/1254 1292/126/1292 1255/105/1255

usemtl material_110
vt 0.6492247 0.4116988
vt 0.6408059 0.4167719
vt 0.6448873 0.4043870
f 1170/131/1170 1161/132/1161 1146/133/1146

usemtl material_6
vt 0.6066690 0.4060763
f 1166/39/1166 1164/38/1164 1136/134/1136

usemtl material_87
vt 0.5444387 0.4161292
vt 0.5319200 0.4195718
vt 0.5324250 0.4089513
f 1158/135/1158 1169/136/1169 1109/137/1109

usemtl material_111
vt 0.6199813 0.4162948
f 1162/138/1162 1175/35/1175 1166/39/1166

usemtl material_112
vt 0.5851262 0.4183398
vt 0.5782300 0.4164019
f 1165/139/1165 1173/56/1173 1155/140/1155

usemtl material_113
vt 0.5654741 0.4117334
vt 0.5594093 0.4192621
f 1152/141/1152 1171/48/1171 1167/142/1167

usemtl material_114
vt 0.8231752 0.7806796
f 3203/42/3203 3237/41/3237 3210/143/3210

usemtl material_115
f 1172/53/1172 1180/54/1180 1161/132/1161

usemtl material_116
f 1170/131/1170 1172/53/1172 1161/132/1161

usemtl material_117
vt 0.6341505 0.4182733
f 1161/132/1161 1180/54/1180 1168/144/1168

usemtl material_118
f 1157/32/1157 1175/35/1175 1162/138/1162

usemtl material_34
f 1163/40/1163 1179/44/1179 1165/139/1165

usemtl material_119
f 1165/139/1165 1179/44/1179 1173/56/1173

usemtl material_3
vt 0.5720573 0.4189879
f 1155/140/1155 1173/56/1173 1159/145/1159

usemtl material_120
f 1159/145/1159 1171/48/1171 1152/141/1152

usemtl material_121
f 1160/47/1160 1182/60/1182 1158/135/1158

usemtl material_122
f 1158/135/1158 1182/60/1182 1177/61/1177

usemtl material_66
f 1158/135/1158 1177/61/1177 1176/62/1176

usemtl material_123
f 1158/135/1158 1176/62/1176 1169/136/1169

usemtl material_124
f 1180/54/1180 1181/33/1181 1168/144/1168

usemtl material_18
f 1168/144/1168 1181/33/1181 1157/32/1157

usemtl material_125
f 1173/56/1173 1174/58/1174 1159/145/1159

usemtl material_126
f 1159/145/1159 1174/58/1174 1171/48/1171

usemtl material_127
f 1171/48/1171 1178/45/1178 1167/142/1167

usemtl material_41
f 1167/142/1167 1178/45/1178 1160/47/1160

usemtl material_128
vt 0.5287014 0.4161969
f 1176/62/1176 1204/63/1204 1195/146/1195

usemtl material_68
vt 0.1065279 0.4238986
vt 0.1309003 0.4356170
f 1419/147/1419 1417/148/1417 1418/65/1418
vt 0.0456384 0.4364166
f 1418/65/1418 1420/149/1420 1419/147/1419

usemtl material_129
vt 0.0599109 0.4237849
f 1419/147/1419 1420/149/1420 1421/150/1421

usemtl material_68
f 1420/149/1420 1418/65/1418 1423/68/1423

usemtl material_15
vt 0.1354781 0.4465050
f 1417/148/1417 1077/151/1077 1416/81/1416

usemtl material_51
f 1417/148/1417 1416/81/1416 1415/66/1415
f 1417/148/1417 1415/66/1415 1418/65/1418

usemtl material_68
f 1418/65/1418 1427/69/1427 1423/68/1423

usemtl material_75
vt 0.0091666 0.4368899
f 1423/68/1423 1434/70/1434 1437/152/1437

usemtl material_130
vt 0.0056559 0.4479867
f 1434/70/1434 1461/153/1461 1437/152/1437

usemtl material_131
f 3195/77/3195 3199/43/3199 3200/50/3200

usemtl material_132
vt 0.7803183 0.7924871
f 3195/77/3195 3193/154/3193 3190/78/3190

usemtl material_133
vt 0.5204090 0.4594622
vt 0.5206734 0.4453323
f 1205/64/1205 1229/155/1229 1261/156/1261

usemtl material_134
f 1416/81/1416 1077/151/1077 1097/85/1097

usemtl material_135
vt 0.7658314 0.7894129
f 3193/154/3193 3181/157/3181 3190/78/3190

usemtl material_136
f 1221/72/1221 1252/99/1252 1229/155/1229

usemtl material_137
vt 0.0057908 0.4856631
f 1463/95/1463 1484/158/1484 1460/83/1460

usemtl material_138
f 3190/78/3190 3181/157/3181 3179/89/3179

usemtl material_139
vt 0.5216364 0.4755441
f 1252/99/1252 1262/159/1262 1229/155/1229

usemtl material_140
vt 0.7542828 0.7865902
f 3179/89/3179 3181/157/3181 3177/160/3177

usemtl material_141
f 1463/95/1463 1471/107/1471 1484/158/1484

usemtl material_94
vt 0.1320319 0.4964972
f 1474/113/1474 1404/161/1404 1408/114/1408

usemtl material_1
vt 0.0104813 0.4998372
f 1471/107/1471 1481/162/1481 1484/158/1484

usemtl material_142
vt 0.7418720 0.7831833
f 3179/89/3179 3173/163/3173 3232/118/3232

usemtl material_143
f 3179/89/3179 3177/160/3177 3173/163/3173

usemtl material_58
vt 0.6345468 0.4974794
f 1302/120/1302 1303/164/1303 1268/108/1268

usemtl material_144
f 1303/164/1303 1299/121/1299 1268/108/1268

usemtl material_145
vt 0.5604402 0.4982884
f 1254/104/1254 1298/130/1298 1300/165/1300

usemtl material_49
f 1300/165/1300 1292/126/1292 1254/104/1254

usemtl material_146
f 1258/106/1258 1292/126/1292 1297/128/1297

usemtl material_147
vt 0.5296384 0.4990203
f 1273/112/1273 1296/127/1296 1312/166/1312

usemtl material_148
vt 0.1292946 0.5015262
f 1404/161/1404 1407/167/1407 1408/114/1408
f 1408/114/1408 1407/167/1407 1409/115/1409

usemtl material_40
vt 0.1110268 0.5029819
f 1407/167/1407 1410/168/1410 1409/115/1409

usemtl material_66
vt 0.0548279 0.5030941
f 1410/168/1410 1477/169/1477 1455/116/1455
f 1409/115/1409 1410/168/1410 1455/116/1455

usemtl material_41
f 1455/116/1455 1477/169/1477 1454/117/1454

usemtl material_149
vt 0.0158557 0.5037205
f 1454/117/1454 1476/170/1476 1471/107/1471

usemtl material_88
f 1471/107/1471 1476/170/1476 1481/162/1481

usemtl material_32
vt 0.5783122 0.4991336
f 1281/124/1281 1304/171/1304 1256/102/1256

usemtl material_8
f 1256/102/1256 1304/171/1304 1280/125/1280

usemtl material_150
vt 0.6510223 0.4987062
vt 0.6460685 0.5110704
f 1318/172/1318 1311/173/1311 1277/119/1277

usemtl material_151
f 1277/119/1277 1311/173/1311 1302/120/1302

usemtl material_152
vt 0.6156873 0.5100852
f 1284/122/1284 1310/174/1310 1283/129/1283

usemtl material_89
vt 0.5334827 0.5117800
f 1297/128/1297 1321/175/1321 1296/127/1296

usemtl material_147
f 1321/175/1321 1312/166/1312 1296/127/1296

usemtl material_153
vt 0.6334349 0.4043883
f 1146/133/1146 1161/132/1161 1147/176/1147

usemtl material_154
vt 0.6298981 0.4025141
f 1150/177/1150 1147/176/1147 1157/32/1157

usemtl material_155
vt 0.6201751 0.4029956
f 1150/177/1150 1157/32/1157 1149/178/1149

usemtl material_156
vt 0.6158289 0.4038279
f 1149/178/1149 1166/39/1166 1135/179/1135

usemtl material_157
vt 0.6008381 0.4039017
f 1140/180/1140 1164/38/1164 1163/40/1163

usemtl material_148
vt 0.5912271 0.4041774
f 1140/180/1140 1163/40/1163 1137/181/1137

usemtl material_34
vt 0.5844658 0.4046665
vt 0.5784061 0.4025990
f 1138/182/1138 1155/140/1155 1139/183/1139

usemtl material_6
vt 0.5723570 0.4044206
f 1139/183/1139 1155/140/1155 1141/184/1141

usemtl material_158
vt 0.5593396 0.4055083
vt 0.5485748 0.4058542
f 1148/185/1148 1160/47/1160 1151/186/1151

usemtl material_159
vt 0.8243110 0.7873871
f 3210/143/3210 3207/187/3207 3203/42/3203

usemtl material_160
f 1157/32/1157 1162/138/1162 1149/178/1149

usemtl material_106
f 1149/178/1149 1162/138/1162 1166/39/1166

usemtl material_161
f 1166/39/1166 1136/134/1136 1135/179/1135

usemtl material_8
f 1136/134/1136 1164/38/1164 1140/180/1140

usemtl material_162
f 1163/40/1163 1165/139/1165 1138/182/1138

usemtl material_163
f 1137/181/1137 1163/40/1163 1138/182/1138

usemtl material_164
f 1138/182/1138 1165/139/1165 1155/140/1155

usemtl material_165
f 1155/140/1155 1159/145/1159 1141/184/1141

usemtl material_166
f 1141/184/1141 1159/145/1159 1152/141/1152

usemtl material_158
f 1151/186/1151 1160/47/1160 1158/135/1158

usemtl material_51
vt 0.5411996 0.4089118
f 1110/188/1110 1158/135/1158 1109/137/1109

usemtl material_167
vt 0.5297680 0.4053752
f 1109/137/1109 1169/136/1169 1154/189/1154

usemtl material_168
f 1154/189/1154 1169/136/1169 1195/146/1195

usemtl material_169
f 1161/132/1161 1168/144/1168 1147/176/1147

usemtl material_170
f 1147/176/1147 1168/144/1168 1157/32/1157

usemtl material_171
f 1152/141/1152 1167/142/1167 1148/185/1148

usemtl material_68
f 1148/185/1148 1167/142/1167 1160/47/1160

usemtl material_172
vt 0.1312502 0.4229982
vt 0.1286709 0.4210111
f 1435/190/1435 1417/148/1417 1424/191/1424

usemtl material_173
f 1424/191/1424 1417/148/1417 1419/147/1419

usemtl material_68
vt 0.0144969 0.4240282
f 1421/150/1421 1420/149/1420 1422/192/1422

usemtl material_59
f 1422/192/1422 1420/149/1420 1423/68/1423

usemtl material_61
f 1422/192/1422 1423/68/1423 1437/152/1437

usemtl material_75
vt 0.0093931 0.4244573
f 1422/192/1422 1437/152/1437 1438/193/1438

usemtl material_174
vt 0.0052858 0.4268680
f 1437/152/1437 1461/153/1461 1472/194/1472

usemtl material_132
vt 0.7955239 0.8100745
f 3200/50/3200 3197/195/3197 3195/77/3195

usemtl material_175
vt 0.5165979 0.4455696
f 1204/63/1204 1261/156/1261 892/196/892

usemtl material_176
vt 0.1449248 0.4514545
vt 0.1386762 0.4629124
vt 0.1387372 0.4465561
f 1078/197/1078 1087/198/1087 1076/199/1076

usemtl material_177
f 1076/199/1076 1087/198/1087 1097/85/1097

usemtl material_178
f 1076/199/1076 1097/85/1097 1077/151/1077

usemtl material_60
vt 0.5158411 0.4593629
f 1229/155/1229 1096/200/1096 892/196/892

usemtl material_128
f 1261/156/1261 1229/155/1229 892/196/892

usemtl material_176
vt 0.1464123 0.4625307
f 1078/197/1078 1098/201/1098 1087/198/1087

usemtl material_179
vt 0.1454171 0.4753438
f 1098/201/1098 1248/202/1248 1087/198/1087

usemtl material_60
vt 0.5166700 0.4727229
f 1229/155/1229 1238/203/1238 1096/200/1096

usemtl material_83
f 1229/155/1229 1262/159/1262 1238/203/1238

usemtl material_180
vt 0.1391078 0.4799063
f 1248/202/1248 1249/204/1249 1087/198/1087

usemtl material_181
f 1087/198/1087 1249/204/1249 1097/85/1097

usemtl material_182
vt 0.1366373 0.4848133
f 1248/202/1248 1253/205/1253 1249/204/1249

usemtl material_183
f 1249/204/1249 1253/205/1253 1097/85/1097

usemtl material_15
f 1097/85/1097 1253/205/1253 1412/87/1412

usemtl material_68
f 1253/205/1253 1474/113/1474 1412/87/1412

usemtl material_184
f 1253/205/1253 1404/161/1404 1474/113/1474

usemtl material_172
vt 0.1366959 0.4987700
f 1253/205/1253 1278/206/1278 1404/161/1404

usemtl material_149
vt 0.1324894 0.5047016
f 1404/161/1404 1278/206/1278 1406/207/1406

usemtl material_58
f 1404/161/1404 1406/207/1406 1407/167/1407

usemtl material_87
f 1477/169/1477 1476/170/1476 1454/117/1454

usemtl material_185
vt 0.6343788 0.5125155
f 1302/120/1302 1317/208/1317 1303/164/1303

usemtl material_149
vt 0.5442126 0.5114350
f 1292/126/1292 1338/209/1338 1297/128/1297

usemtl material_0
vt 0.1292247 0.5115690
f 1406/207/1406 1491/210/1491 1407/167/1407

usemtl material_89
vt 0.0213472 0.5173347
f 1489/211/1489 1476/170/1476 1477/169/1477

usemtl material_186
vt 0.0123945 0.5175465
f 1476/170/1476 1495/212/1495 1481/162/1481

usemtl material_187
vt 0.0066632 0.5045410
f 1481/162/1481 1495/212/1495 1501/213/1501

usemtl material_23
vt 0.7276530 0.7959699
vt 0.7300469 0.7862951
f 3173/163/3173 3168/214/3168 3174/215/3174

usemtl material_188
f 1302/120/1302 1311/173/1311 1317/208/1317

usemtl material_15
f 1303/164/1303 1317/208/1317 1299/121/1299

usemtl material_100
vt 0.6206605 0.5112333
f 1299/121/1299 1319/216/1319 1284/122/1284

usemtl material_189
f 1284/122/1284 1319/216/1319 1310/174/1310

usemtl material_108
vt 0.6008835 0.5130578
f 1310/174/1310 1322/217/1322 1283/129/1283

usemtl material_47
f 1283/129/1283 1322/217/1322 1282/123/1282

usemtl material_190
vt 0.5851270 0.5126349
f 1282/123/1282 1329/218/1329 1281/124/1281
f 1281/124/1281 1329/218/1329 1304/171/1304

usemtl material_56
vt 0.5779729 0.5130018
f 1304/171/1304 1334/219/1334 1280/125/1280

usemtl material_191
vt 0.5721765 0.5129190
f 1280/125/1280 1334/219/1334 1335/220/1335

usemtl material_61
vt 0.5647345 0.5106192
f 1298/130/1298 1331/221/1331 1300/165/1300

usemtl material_192
vt 0.5594301 0.5122568
f 1300/165/1300 1331/221/1331 1332/222/1332
f 1300/165/1300 1332/222/1332 1292/126/1292
f 1297/128/1297 1338/209/1338 1321/175/1321

usemtl material_193
vt 0.5299233 0.5103493
f 1321/175/1321 1337/223/1337 1312/166/1312

usemtl material_194
vt 0.6504956 0.5114981
f 1318/172/1318 1336/224/1336 1311/173/1311

usemtl material_195
vt 0.6298448 0.5125074
f 1317/208/1317 1320/225/1320 1299/121/1299

usemtl material_74
f 1299/121/1299 1320/225/1320 1319/216/1319

usemtl material_122
vt 0.5919653 0.5134197
f 1322/217/1322 1323/226/1323 1282/123/1282

usemtl material_196
f 1282/123/1282 1323/226/1323 1329/218/1329

usemtl material_197
f 1329/218/1329 1334/219/1334 1304/171/1304

usemtl material_198
f 1335/220/1335 1331/221/1331 1298/130/1298

usemtl material_199
f 1280/125/1280 1335/220/1335 1298/130/1298

usemtl material_200
vt 0.5492649 0.5120480
f 1332/222/1332 1333/227/1333 1292/126/1292

usemtl material_201
vt 0.6280127 0.3878973
f 1150/177/1150 1149/178/1149 1130/228/1130

usemtl material_156
vt 0.6024578 0.3904490
f 1135/179/1135 1136/134/1136 1125/229/1125

usemtl material_8
f 1125/229/1125 1136/134/1136 1140/180/1140

usemtl material_202
vt 0.6492054 0.3928452
f 1145/230/1145 1170/131/1170 1146/133/1146

usemtl material_203
vt 0.5649309 0.3916867
f 1116/231/1116 1141/184/1141 1152/141/1152

usemtl material_156
f 1116/231/1116 1152/141/1152 1148/185/1148

usemtl material_204
vt 0.5493524 0.3966099
f 1148/185/1148 1151/186/1151 1134/232/1134

usemtl material_172
vt 0.5441114 0.3973074
vt 0.5377681 0.3925995
f 1108/233/1108 1110/188/1110 1105/234/1105

usemtl material_8
f 1105/234/1105 1110/188/1110 1109/137/1109

usemtl material_99
vt 0.5322375 0.3892317
f 1105/234/1105 1109/137/1109 1103/235/1103

usemtl material_205
f 1103/235/1103 1109/137/1109 1154/189/1154

usemtl material_206
vt 0.8403908 0.7863271
f 3215/236/3215 3207/187/3207 3210/143/3210

usemtl material_40
f 1151/186/1151 1158/135/1158 1108/233/1108

usemtl material_122
f 1108/233/1108 1158/135/1158 1110/188/1110

usemtl material_207
vt 0.1314488 0.4134836
vt 0.1284368 0.4071630
f 1436/237/1436 1424/191/1424 1433/238/1433

usemtl material_172
vt 0.1117200 0.4083112
f 1433/238/1433 1424/191/1424 1425/239/1425

usemtl material_173
f 1424/191/1424 1419/147/1419 1425/239/1425

usemtl material_129
f 1419/147/1419 1421/150/1421 1425/239/1425

usemtl material_208
vt 0.0503258 0.4123394
f 1425/239/1425 1421/150/1421 1426/240/1426

usemtl material_59
vt 0.0140415 0.4134225
f 1426/240/1426 1422/192/1422 1431/241/1431

usemtl material_62
f 1431/241/1431 1422/192/1422 1438/193/1438
vt 0.0103299 0.4059850
f 1431/241/1431 1438/193/1438 1440/242/1440

usemtl material_75
vt 0.0057337 0.4096957
f 1440/242/1440 1438/193/1438 1458/243/1458

usemtl material_207
f 1436/237/1436 1435/190/1435 1424/191/1424

usemtl material_68
f 1426/240/1426 1421/150/1421 1422/192/1422

usemtl material_175
vt 0.5203350 0.4260218
vt 0.5182565 0.4142443
f 1195/146/1195 1086/244/1086 908/245/908

usemtl material_209
vt 0.1354643 0.4195571
vt 0.1356033 0.4299299
f 1435/190/1435 1070/246/1070 1074/247/1074

usemtl material_183
f 1074/247/1074 1417/148/1417 1435/190/1435

usemtl material_58
vt 0.1439514 0.4338664
vt 0.1464619 0.4223030
vt 0.1484485 0.4420452
f 1068/248/1068 1066/249/1066 1082/250/1082

usemtl material_176
vt 0.1390145 0.4317460
f 1068/248/1068 1076/199/1076 1069/251/1069

usemtl material_183
f 1069/251/1069 1076/199/1076 1077/151/1077

usemtl material_52
f 1069/251/1069 1077/151/1077 1074/247/1074
f 1074/247/1074 1077/151/1077 1417/148/1417

usemtl material_210
vt 0.5165354 0.4288523
f 1086/244/1086 892/196/892 893/252/893

usemtl material_211
vt 0.4961356 0.4304523
f 893/252/893 892/196/892 870/253/870

usemtl material_212
vt 0.4970966 0.4438636
vt 0.4596794 0.4304153
f 870/253/870 882/254/882 867/255/867

usemtl material_213
vt 0.4536483 0.4431747
vt 0.4072130 0.4326004
f 867/255/867 886/256/886 871/257/871

usemtl material_214
f 892/196/892 882/254/882 870/253/870

usemtl material_215
f 882/254/882 886/256/886 867/255/867

usemtl material_216
vt 0.3805625 0.4447258
f 886/256/886 883/258/883 871/257/871

usemtl material_217
vt 0.3711243 0.4329579
vt 0.3379050 0.4328458
f 872/259/872 883/258/883 873/260/873

usemtl material_218
vt 0.3358877 0.4453475
f 873/260/873 883/258/883 884/261/884

usemtl material_182
vt 0.1499260 0.4364364
vt 0.1498771 0.4480529
f 1082/250/1082 890/262/890 891/263/891

usemtl material_0
f 1082/250/1082 1078/197/1078 1068/248/1068

usemtl material_122
f 1068/248/1068 1078/197/1078 1076/199/1076

usemtl material_219
vt 0.4644548 0.4591219
f 886/256/886 1092/264/1092 883/258/883

usemtl material_220
vt 0.3727596 0.4600105
f 1093/265/1093 884/261/884 883/258/883

usemtl material_221
vt 0.3054589 0.4607265
vt 0.2574543 0.4465425
f 884/261/884 1094/266/1094 885/267/885

usemtl material_222
vt 0.2256615 0.4463599
vt 0.1741731 0.4625617
vt 0.1732519 0.4469833
f 887/268/887 1088/269/1088 888/270/888

usemtl material_148
f 1082/250/1082 1098/201/1098 1078/197/1078

usemtl material_182
vt 0.1502282 0.4615897
f 1082/250/1082 891/263/891 1089/271/1089

usemtl material_223
vt 0.4962977 0.4587390
f 1095/272/1095 1092/264/1092 882/254/882

usemtl material_224
f 882/254/882 1092/264/1092 886/256/886

usemtl material_225
f 1092/264/1092 1093/265/1093 883/258/883

usemtl material_226
f 1093/265/1093 1094/266/1094 884/261/884

usemtl material_227
vt 0.2522901 0.4619271
f 1094/266/1094 1091/273/1091 885/267/885

usemtl material_228
f 885/267/885 1091/273/1091 887/268/887

usemtl material_229
vt 0.2235759 0.4624470
f 1090/274/1090 1088/269/1088 887/268/887

usemtl material_230
f 888/270/888 1088/269/1088 891/263/891

usemtl material_231
f 1088/269/1088 1089/271/1089 891/263/891

usemtl material_148
f 1082/250/1082 1089/271/1089 1098/201/1098

usemtl material_232
f 892/196/892 1096/200/1096 1095/272/1095

usemtl material_233
f 892/196/892 1095/272/1095 882/254/882

usemtl material_234
f 1091/273/1091 1090/274/1090 887/268/887

usemtl material_235
vt 0.1500124 0.4763619
f 1089/271/1089 1224/275/1224 1098/201/1098

usemtl material_236
vt 0.4971036 0.4741162
f 1096/200/1096 1238/203/1238 1237/276/1237

usemtl material_237
f 1096/200/1096 1237/276/1237 1095/272/1095

usemtl material_238
f 1095/272/1095 1237/276/1237 1092/264/1092

usemtl material_239
vt 0.4679874 0.4746202
f 1092/264/1092 1237/276/1237 1233/277/1233

usemtl material_240
vt 0.3768756 0.4756233
f 1092/264/1092 1233/277/1233 1234/278/1234

usemtl material_241
f 1092/264/1092 1234/278/1234 1093/265/1093

usemtl material_242
f 1093/265/1093 1234/278/1234 1094/266/1094

usemtl material_243
vt 0.3020966 0.4765682
f 1234/278/1234 1235/279/1235 1094/266/1094

usemtl material_244
vt 0.2523201 0.4774185
f 1094/266/1094 1236/280/1236 1091/273/1091

usemtl material_245
vt 0.2244422 0.4776616
f 1091/273/1091 1226/281/1226 1090/274/1090

usemtl material_246
vt 0.1752148 0.4789993
f 1090/274/1090 1226/281/1226 1225/282/1225

usemtl material_247
f 1090/274/1090 1225/282/1225 1088/269/1088

usemtl material_231
f 1088/269/1088 1224/275/1224 1089/271/1089

usemtl material_248
vt 0.1491607 0.4858686
f 1224/275/1224 1289/283/1289 1098/201/1098

usemtl material_249
vt 0.7660278 0.8061680
f 3181/157/3181 3193/154/3193 3180/284/3180

usemtl material_250
f 1235/279/1235 1236/280/1236 1094/266/1094

usemtl material_251
f 1236/280/1236 1226/281/1226 1091/273/1091

usemtl material_252
f 1088/269/1088 1225/282/1225 1224/275/1224

usemtl material_253
f 1289/283/1289 1248/202/1248 1098/201/1098

usemtl material_254
vt 0.4247884 0.4878362
vt 0.3681308 0.4803620
f 1234/278/1234 1264/285/1264 1274/286/1274

usemtl material_255
f 1234/278/1234 1274/286/1274 1235/279/1235

usemtl material_256
vt 0.4962804 0.4858043
f 1238/203/1238 1271/287/1271 1237/276/1237

usemtl material_257
vt 0.4662512 0.4869139
f 1233/277/1233 1237/276/1237 1270/288/1270

usemtl material_258
f 1233/277/1233 1270/288/1270 1264/285/1264

usemtl material_259
f 1233/277/1233 1264/285/1264 1234/278/1234

usemtl material_260
vt 0.1414093 0.4888596
f 1289/283/1289 1276/289/1276 1248/202/1248

usemtl material_148
f 1248/202/1248 1276/289/1276 1253/205/1253

usemtl material_261
f 3181/157/3181 3180/284/3180 3177/160/3177

usemtl material_262
vt 0.5207822 0.4902830
vt 0.5168235 0.4884274
f 1238/203/1238 1308/290/1308 1272/291/1272

usemtl material_263
f 1272/291/1272 1271/287/1271 1238/203/1238

usemtl material_264
f 1237/276/1237 1271/287/1271 1270/288/1270

usemtl material_185
f 1276/289/1276 1278/206/1278 1253/205/1253

usemtl material_265
vt 0.7549592 0.8115904
f 3177/160/3177 3176/292/3176 3173/163/3173

usemtl material_47
vt 0.1460322 0.4983072
f 1289/283/1289 1301/293/1301 1276/289/1276

usemtl material_22
f 1276/289/1276 1301/293/1301 1278/206/1278

usemtl material_265
vt 0.7411625 0.8017649
f 3176/292/3176 3172/294/3172 3173/163/3173

usemtl material_266
f 3172/294/3172 3168/214/3168 3173/163/3173

usemtl material_0
vt 0.1374689 0.5100138
f 1278/206/1278 1341/295/1341 1406/207/1406

usemtl material_253
vt 0.1374501 0.5191630
f 1406/207/1406 1341/295/1341 1344/296/1344

usemtl material_0
vt 0.1327519 0.5162215
f 1406/207/1406 1344/296/1344 1496/297/1496
f 1407/167/1407 1491/210/1491 1410/168/1410

usemtl material_149
vt 0.1079317 0.5161225
f 1410/168/1410 1490/298/1490 1477/169/1477

usemtl material_66
f 1490/298/1490 1489/211/1489 1477/169/1477

usemtl material_186
f 1476/170/1476 1489/211/1489 1495/212/1495

usemtl material_11
f 1406/207/1406 1496/297/1496 1491/210/1491
f 1491/210/1491 1490/298/1490 1410/168/1410

usemtl material_191
vt 0.5650924 0.5249880
f 1335/220/1335 1348/299/1348 1331/221/1331

usemtl material_267
vt 0.1303481 0.5273745
f 1496/297/1496 1503/300/1503 1491/210/1491
f 1491/210/1491 1503/300/1503 1490/298/1490

usemtl material_149
vt 0.0738320 0.5213287
f 1490/298/1490 1502/301/1502 1489/211/1489

usemtl material_268
vt 0.7125329 0.7897633
vt 0.7288711 0.7813628
f 3174/215/3174 3249/302/3249 3267/303/3267

usemtl material_107
vt 0.6300829 0.5256419
f 1317/208/1317 1349/304/1349 1320/225/1320

usemtl material_269
vt 0.6211393 0.5250279
f 1320/225/1320 1349/304/1349 1345/305/1345

usemtl material_270
f 1320/225/1320 1345/305/1345 1319/216/1319

usemtl material_267
vt 0.6160449 0.5249829
f 1345/305/1345 1346/306/1346 1310/174/1310

usemtl material_92
f 1319/216/1319 1345/305/1345 1310/174/1310

usemtl material_20
f 1310/174/1310 1346/306/1346 1322/217/1322

usemtl material_271
f 1331/221/1331 1348/299/1348 1332/222/1332

usemtl material_149
vt 0.5592647 0.5286778
f 1348/299/1348 1357/307/1357 1332/222/1332

usemtl material_272
vt 0.5291106 0.5237162
f 1321/175/1321 1366/308/1366 1337/223/1337

usemtl material_273
vt 0.5490561 0.5254998
f 1332/222/1332 1354/309/1354 1333/227/1333

usemtl material_19
vt 0.6336011 0.3875456
f 1130/228/1130 1142/310/1142 1150/177/1150

usemtl material_274
vt 0.5489048 0.3882456
f 1134/232/1134 1108/233/1108 1112/311/1112

usemtl material_275
vt 0.6404392 0.3886818
f 1145/230/1145 1146/133/1146 1143/312/1143

usemtl material_276
f 1143/312/1143 1146/133/1146 1142/310/1142

usemtl material_277
vt 0.6197151 0.3899975
f 1130/228/1130 1149/178/1149 1127/313/1127

usemtl material_157
f 1125/229/1125 1140/180/1140 1137/181/1137

usemtl material_248
vt 0.5908812 0.3894875
f 1125/229/1125 1137/181/1137 1123/314/1123

usemtl material_278
vt 0.5844009 0.3906488
f 1137/181/1137 1138/182/1138 1122/315/1122

usemtl material_17
f 1123/314/1123 1137/181/1137 1122/315/1122

usemtl material_279
vt 0.5780860 0.3899760
f 1122/315/1122 1139/183/1139 1119/316/1119

usemtl material_280
vt 0.5726930 0.3894401
f 1139/183/1139 1141/184/1141 1117/317/1117

usemtl material_281
f 1119/316/1119 1139/183/1139 1117/317/1117

usemtl material_282
f 1117/317/1117 1141/184/1141 1116/231/1116

usemtl material_283
vt 0.5286143 0.3871208
f 1103/235/1103 1154/189/1154 1101/318/1101

usemtl material_284
f 1142/310/1142 1147/176/1147 1150/177/1150

usemtl material_144
vt 0.5589506 0.3910416
f 1114/319/1114 1148/185/1148 1134/232/1134

usemtl material_53
vt 0.0207048 0.4086952
vt 0.0138145 0.3949889
f 1432/320/1432 1431/241/1431 1439/321/1439

usemtl material_62
f 1439/321/1439 1431/241/1431 1440/242/1440

usemtl material_172
vt 0.1317203 0.4043827
f 1446/322/1446 1436/237/1436 1433/238/1433

usemtl material_129
f 1425/239/1425 1426/240/1426 1432/320/1432

usemtl material_59
f 1432/320/1432 1426/240/1426 1431/241/1431

usemtl material_285
vt 0.1360940 0.4103595
f 1436/237/1436 1446/322/1446 1057/323/1057

usemtl material_286
f 1436/237/1436 1070/246/1070 1435/190/1435

usemtl material_134
f 1436/237/1436 1057/323/1057 1070/246/1070

usemtl material_287
vt 0.5137317 0.4173560
f 908/245/908 893/252/893 894/324/894

usemtl material_288
vt 0.4971117 0.4150267
f 894/324/894 870/253/870 881/325/881

usemtl material_289
vt 0.4638778 0.4169249
f 881/325/881 870/253/870 869/326/869

usemtl material_213
vt 0.3845390 0.4183576
f 867/255/867 868/327/868 869/326/869

usemtl material_290
vt 0.3409454 0.4189280
f 868/327/868 873/260/873 874/328/874

usemtl material_291
vt 0.2500830 0.4198781
f 874/328/874 873/260/873 875/329/875

usemtl material_182
vt 0.1387988 0.4207417
f 1068/248/1068 1069/251/1069 1062/330/1062

usemtl material_58
f 1066/249/1066 1068/248/1068 1062/330/1062

usemtl material_292
f 1062/330/1062 1069/251/1069 1074/247/1074

usemtl material_209
f 1062/330/1062 1074/247/1074 1070/246/1070

usemtl material_293
f 870/253/870 867/255/867 869/326/869

usemtl material_294
f 867/255/867 871/257/871 868/327/868

usemtl material_295
f 871/257/871 872/259/872 868/327/868

usemtl material_296
f 868/327/868 872/259/872 873/260/873

usemtl material_297
vt 0.2427427 0.4329296
f 873/260/873 876/331/876 875/329/875

usemtl material_298
vt 0.2205553 0.4333308
f 876/331/876 877/332/877 875/329/875

usemtl material_299
vt 0.2200801 0.4191058
f 875/329/875 877/332/877 878/333/878

usemtl material_300
f 894/324/894 893/252/893 870/253/870

usemtl material_301
vt 0.1765620 0.4342648
vt 0.1498210 0.4278138
f 879/334/879 890/262/890 889/335/889

usemtl material_302
f 889/335/889 890/262/890 1066/249/1066

usemtl material_182
f 890/262/890 1082/250/1082 1066/249/1066

usemtl material_303
f 871/257/871 883/258/883 872/259/872

usemtl material_304
f 876/331/876 873/260/873 885/267/885

usemtl material_305
f 876/331/876 887/268/887 877/332/877

usemtl material_306
f 877/332/877 887/268/887 879/334/879
f 879/334/879 887/268/887 888/270/888

usemtl material_307
f 885/267/885 887/268/887 876/331/876

usemtl material_231
f 888/270/888 891/263/891 890/262/890

usemtl material_308
f 879/334/879 888/270/888 890/262/890

usemtl material_135
f 3195/77/3195 3197/195/3197 3193/154/3193

usemtl material_309
vt 0.3657495 0.4882126
f 1274/286/1274 1275/336/1275 1235/279/1235

usemtl material_310
vt 0.2477209 0.4887727
f 1235/279/1235 1269/337/1269 1236/280/1236

usemtl material_311
f 1236/280/1236 1269/337/1269 1226/281/1226

usemtl material_312
vt 0.2092564 0.4902854
f 1269/337/1269 1267/338/1267 1226/281/1226

usemtl material_313
f 1226/281/1226 1267/338/1267 1225/282/1225

usemtl material_314
vt 0.1842721 0.4893579
f 1225/282/1225 1267/338/1267 1266/339/1266

usemtl material_315
vt 0.1515146 0.4901240
f 1265/340/1265 1289/283/1289 1224/275/1224

usemtl material_261
f 3180/284/3180 3176/292/3176 3177/160/3177

usemtl material_316
f 1274/286/1274 1264/285/1264 1275/336/1275

usemtl material_317
f 1235/279/1235 1275/336/1275 1269/337/1269

usemtl material_318
f 1266/339/1266 1265/340/1265 1225/282/1225

usemtl material_319
f 1225/282/1225 1265/340/1265 1224/275/1224

usemtl material_320
vt 0.5138533 0.5010141
f 1272/291/1272 1306/341/1306 1271/287/1271

usemtl material_321
vt 0.2747385 0.5005145
f 1275/336/1275 1279/342/1279 1269/337/1269

usemtl material_322
vt 0.1854497 0.5049075
f 1266/339/1266 1267/338/1267 1293/343/1293

usemtl material_323
vt 0.1695320 0.5047290
f 1293/343/1293 1294/344/1294 1266/339/1266

usemtl material_324
f 1266/339/1266 1294/344/1294 1265/340/1265

usemtl material_325
vt 0.1509101 0.5044512
f 1265/340/1265 1295/345/1295 1289/283/1289

usemtl material_326
vt 0.4965008 0.5009194
f 1306/341/1306 1305/346/1305 1271/287/1271

usemtl material_327
vt 0.4687564 0.5015747
f 1271/287/1271 1305/346/1305 1287/347/1287

usemtl material_328
f 1271/287/1271 1287/347/1287 1270/288/1270

usemtl material_329
f 1270/288/1270 1287/347/1287 1264/285/1264

usemtl material_330
vt 0.3659124 0.4991807
f 1264/285/1264 1285/348/1285 1275/336/1275

usemtl material_331
vt 0.3021759 0.5044887
f 1285/348/1285 1286/349/1286 1275/336/1275

usemtl material_332
f 1275/336/1275 1286/349/1286 1279/342/1279

usemtl material_333
vt 0.2555395 0.5046342
f 1279/342/1279 1290/350/1290 1269/337/1269

usemtl material_334
f 1265/340/1265 1294/344/1294 1295/345/1295

usemtl material_335
f 1295/345/1295 1301/293/1301 1289/283/1289

usemtl material_336
vt 0.4247489 0.5029662
f 1287/347/1287 1288/351/1288 1264/285/1264

usemtl material_337
f 1264/285/1264 1288/351/1288 1285/348/1285

usemtl material_338
vt 0.5191486 0.5033444
f 1272/291/1272 1307/352/1307 1306/341/1306

usemtl material_339
vt 0.1465435 0.5084148
f 1301/293/1301 1342/353/1342 1341/295/1341

usemtl material_22
f 1301/293/1301 1341/295/1341 1278/206/1278

usemtl material_340
vt 0.7182499 0.7993879
f 3168/214/3168 3165/354/3165 3174/215/3174

usemtl material_0
vt 0.1332194 0.5275950
f 1496/297/1496 1344/296/1344 1512/355/1512

usemtl material_341
f 1496/297/1496 1512/355/1512 1503/300/1503
vt 0.1012445 0.5300636
f 1503/300/1503 1506/356/1506 1490/298/1490

usemtl material_81
f 1490/298/1490 1506/356/1506 1502/301/1502

usemtl material_342
vt 0.7139806 0.7934942
f 3174/215/3174 3165/354/3165 3175/357/3175

usemtl material_117
vt 0.6343800 0.5281054
f 1311/173/1311 1351/358/1351 1317/208/1317

usemtl material_24
f 1317/208/1317 1351/358/1351 1349/304/1349

usemtl material_81
vt 0.5434377 0.5286986
f 1338/209/1338 1354/309/1354 1353/359/1353

usemtl material_86
f 1338/209/1338 1353/359/1353 1321/175/1321

usemtl material_11
vt 0.0186858 0.5299771
f 1502/301/1502 1505/360/1505 1489/211/1489

usemtl material_343
f 1489/211/1489 1505/360/1505 1495/212/1495

usemtl material_344
vt 0.0123517 0.5344120
vt 0.0064260 0.5231068
f 1495/212/1495 1511/361/1511 1513/362/1513

usemtl material_345
f 3174/215/3174 3175/357/3175 3249/302/3249

usemtl material_346
vt 0.6471258 0.5299484
f 1311/173/1311 1358/363/1358 1351/358/1351

usemtl material_347
vt 0.6007133 0.5285357
f 1346/306/1346 1359/364/1359 1322/217/1322

usemtl material_348
vt 0.5881333 0.5276220
f 1359/364/1359 1350/365/1350 1323/226/1323

usemtl material_22
f 1322/217/1322 1359/364/1359 1323/226/1323

usemtl material_349
f 1323/226/1323 1350/365/1350 1329/218/1329

usemtl material_188
vt 0.5743458 0.5289934
f 1350/365/1350 1352/366/1352 1334/219/1334

usemtl material_350
f 1329/218/1329 1350/365/1350 1334/219/1334

usemtl material_197
f 1334/219/1334 1352/366/1352 1335/220/1335

usemtl material_190
f 1335/220/1335 1352/366/1352 1348/299/1348

usemtl material_11
f 1357/307/1357 1354/309/1354 1332/222/1332

usemtl material_351
vt 0.5331619 0.5290933
f 1353/359/1353 1360/367/1360 1321/175/1321

usemtl material_352
f 1321/175/1321 1360/367/1360 1366/308/1366

usemtl material_11
f 1502/301/1502 1506/356/1506 1505/360/1505

usemtl material_353
f 1505/360/1505 1511/361/1511 1495/212/1495

usemtl material_354
vt 0.6494932 0.3800092
vt 0.6462715 0.3760702
f 1153/368/1153 1145/230/1145 1144/369/1144

usemtl material_355
f 1144/369/1144 1145/230/1145 1143/312/1143

usemtl material_65
vt 0.6295744 0.3797302
f 1142/310/1142 1130/228/1130 1132/370/1132

usemtl material_32
vt 0.6022063 0.3776677
f 1127/313/1127 1125/229/1125 1126/371/1126

usemtl material_107
vt 0.6154122 0.3773750
f 1128/372/1128 1127/313/1127 1126/371/1126

usemtl material_356
vt 0.5842813 0.3750562
f 1123/314/1123 1122/315/1122 1121/373/1121

usemtl material_357
f 1121/373/1121 1122/315/1122 1119/316/1119

usemtl material_358
vt 0.5777553 0.3759944
f 1121/373/1121 1119/316/1119 1120/374/1120

usemtl material_359
vt 0.5646132 0.3752090
f 1117/317/1117 1116/231/1116 1115/375/1115

usemtl material_161
f 1115/375/1115 1116/231/1116 1114/319/1114

usemtl material_51
vt 0.5591503 0.3749062
f 1113/376/1113 1114/319/1114 1112/311/1112

usemtl material_360
vt 0.5397673 0.3801451
vt 0.5439484 0.3849422
f 1104/377/1104 1106/378/1106 1105/234/1105

usemtl material_361
f 1104/377/1104 1105/234/1105 1103/235/1103

usemtl material_362
vt 0.8517070 0.7914769
vt 0.8450160 0.7955187
f 3219/379/3219 3214/380/3214 3215/236/3215

usemtl material_129
f 1112/311/1112 1108/233/1108 1106/378/1106

usemtl material_148
f 1106/378/1106 1108/233/1108 1105/234/1105

usemtl material_207
vt 0.1278729 0.3925232
f 1433/238/1433 1425/239/1425 1443/381/1443

usemtl material_172
vt 0.0984191 0.3940811
f 1443/381/1443 1425/239/1425 1441/382/1441

usemtl material_363
vt 0.8330746 0.8149233
f 3207/187/3207 3214/380/3214 3211/383/3211

usemtl material_172
vt 0.1305907 0.3952594
f 1444/384/1444 1446/322/1446 1433/238/1433

usemtl material_129
f 1441/382/1441 1425/239/1425 1432/320/1432
vt 0.0423828 0.3952351
f 1441/382/1441 1432/320/1432 1442/385/1442

usemtl material_51
f 1442/385/1442 1432/320/1432 1439/321/1439

usemtl material_364
vt 0.0060067 0.3981915
f 1440/242/1440 1458/243/1458 1462/386/1462

usemtl material_178
vt 0.1359258 0.4028199
f 1050/387/1050 1057/323/1057 1446/322/1446

usemtl material_365
vt 0.5194845 0.3987955
vt 0.5159720 0.4003079
f 953/388/953 908/245/908 900/389/900

usemtl material_366
f 908/245/908 894/324/894 900/389/900

usemtl material_367
vt 0.4468907 0.4074014
vt 0.4976854 0.4006960
f 881/325/881 896/390/896 899/391/899

usemtl material_183
vt 0.1426253 0.4128544
f 1056/392/1056 1062/330/1062 1057/323/1057

usemtl material_134
f 1057/323/1057 1062/330/1062 1070/246/1070

usemtl material_368
f 881/325/881 869/326/869 896/390/896

usemtl material_369
f 869/326/869 868/327/868 896/390/896

usemtl material_370
vt 0.3804544 0.4108872
f 896/390/896 868/327/868 895/393/895

usemtl material_371
f 868/327/868 874/328/874 895/393/895

usemtl material_372
vt 0.2498806 0.4121935
f 874/328/874 875/329/875 898/394/898

usemtl material_373
f 898/394/898 875/329/875 878/333/878

usemtl material_374
vt 0.1761671 0.4186093
vt 0.1495695 0.4131114
f 880/395/880 889/335/889 897/396/897

usemtl material_375
f 897/396/897 889/335/889 1066/249/1066

usemtl material_181
vt 0.1476852 0.4098513
f 897/396/897 1066/249/1066 1065/397/1065

usemtl material_131
vt 0.8181180 0.8124329
f 3207/187/3207 3206/398/3206 3200/50/3200

usemtl material_376
vt 0.2221091 0.5043767
f 1269/337/1269 1290/350/1290 1291/399/1291

usemtl material_377
f 1269/337/1269 1291/399/1291 1267/338/1267

usemtl material_378
f 1267/338/1267 1291/399/1291 1293/343/1293

usemtl material_379
vt 0.3568168 0.5046436
f 1288/351/1288 1309/400/1309 1285/348/1285

usemtl material_380
f 1285/348/1285 1309/400/1309 1286/349/1286

usemtl material_381
f 1279/342/1279 1286/349/1286 1290/350/1290

usemtl material_339
f 1295/345/1295 1342/353/1342 1301/293/1301

usemtl material_382
vt 0.3511582 0.5175847
f 1309/400/1309 1314/401/1314 1286/349/1286

usemtl material_383
vt 0.5186290 0.5140125
vt 0.5141402 0.5163476
f 1307/352/1307 1328/402/1328 1327/403/1327

usemtl material_384
f 1307/352/1307 1327/403/1327 1306/341/1306

usemtl material_385
f 1306/341/1306 1327/403/1327 1305/346/1305

usemtl material_386
vt 0.4972527 0.5163562
f 1305/346/1305 1325/404/1325 1287/347/1287

usemtl material_387
vt 0.4609629 0.5164996
f 1325/404/1325 1326/405/1326 1287/347/1287

usemtl material_388
f 1287/347/1287 1326/405/1326 1288/351/1288

usemtl material_389
vt 0.3797573 0.5166027
f 1288/351/1288 1313/406/1313 1309/400/1309

usemtl material_390
vt 0.1461683 0.5180230
f 1342/353/1342 1343/407/1343 1341/295/1341

usemtl material_339
f 1343/407/1343 1344/296/1344 1341/295/1341

usemtl material_391
vt 0.8150235 0.3215705
vt 0.7873834 0.3431457
vt 0.8033812 0.3342394
f 2989/408/2989 2998/409/2998 2899/410/2899

usemtl material_86
vt 0.1379175 0.5288865
f 1344/296/1344 1373/411/1373 1512/355/1512

usemtl material_392
vt 0.0069875 0.5334997
f 1511/361/1511 1514/412/1514 1513/362/1513

usemtl material_393
vt 0.5289607 0.5339767
f 1360/367/1360 1376/413/1376 1366/308/1366

usemtl material_341
vt 0.1037534 0.5366369
f 1503/300/1503 1522/414/1522 1506/356/1506

usemtl material_11
vt 0.0188439 0.5365857
f 1505/360/1505 1506/356/1506 1517/415/1517

usemtl material_394
vt 0.7028553 0.7947643
f 3175/357/3175 3266/416/3266 3249/302/3249

usemtl material_395
vt 0.6300048 0.5373369
f 1351/358/1351 1378/417/1378 1349/304/1349

usemtl material_396
vt 0.6210672 0.5385116
f 1349/304/1349 1378/417/1378 1377/418/1377

usemtl material_189
f 1349/304/1349 1377/418/1377 1345/305/1345

usemtl material_75
vt 0.6147608 0.5404383
f 1377/418/1377 1379/419/1379 1346/306/1346

usemtl material_397
f 1345/305/1345 1377/418/1377 1346/306/1346

usemtl material_20
f 1346/306/1346 1379/419/1379 1359/364/1359

usemtl material_58
vt 0.5922990 0.5413119
f 1359/364/1359 1382/420/1382 1350/365/1350

usemtl material_398
vt 0.5650029 0.5412719
f 1352/366/1352 1386/421/1386 1348/299/1348

usemtl material_107
f 1348/299/1348 1386/421/1386 1357/307/1357

usemtl material_75
vt 0.5490621 0.5398047
f 1357/307/1357 1380/422/1380 1354/309/1354

usemtl material_62
f 1354/309/1354 1380/422/1380 1353/359/1353

usemtl material_192
f 1506/356/1506 1522/414/1522 1517/415/1517

usemtl material_343
f 1505/360/1505 1517/415/1517 1511/361/1511

usemtl material_172
vt 0.6284202 0.3696411
f 1132/370/1132 1130/228/1130 1131/423/1131

usemtl material_34
vt 0.6199417 0.3766615
f 1131/423/1131 1130/228/1130 1129/424/1129

usemtl material_91
vt 0.5482547 0.3777116
f 1111/425/1111 1113/376/1113 1112/311/1112

usemtl material_399
vt 0.6337027 0.3748032
f 1144/369/1144 1143/312/1143 1133/426/1133

usemtl material_400
f 1133/426/1133 1143/312/1143 1142/310/1142

usemtl material_401
f 1129/424/1129 1127/313/1127 1128/372/1128

usemtl material_390
vt 0.5900466 0.3751376
f 1126/371/1126 1125/229/1125 1124/427/1124

usemtl material_164
vt 0.5723981 0.3733404
f 1119/316/1119 1117/317/1117 1118/428/1118

usemtl material_402
f 1120/374/1120 1119/316/1119 1118/428/1118

usemtl material_51
f 1115/375/1115 1114/319/1114 1113/376/1113

usemtl material_274
f 1111/425/1111 1112/311/1112 1106/378/1106

usemtl material_87
vt 0.5309842 0.3757362
f 1104/377/1104 1103/235/1103 1102/429/1102

usemtl material_403
f 1103/235/1103 1101/318/1101 1102/429/1102

usemtl material_404
vt 0.1328043 0.3880099
f 1444/384/1444 1466/430/1466 1446/322/1446

usemtl material_62
vt 0.0096185 0.3842168
f 1439/321/1439 1440/242/1440 1456/431/1456

usemtl material_61
f 1456/431/1456 1440/242/1440 1462/386/1462

usemtl material_405
vt 0.5181044 0.3903843
f 1101/318/1101 953/388/953 933/432/933

usemtl material_178
vt 0.1359031 0.3953351
f 1446/322/1446 1045/433/1045 1050/387/1050

usemtl material_406
f 953/388/953 900/389/900 933/432/933

usemtl material_407
vt 0.4011770 0.4002559
f 899/391/899 896/390/896 907/434/907

usemtl material_302
vt 0.1446227 0.4016327
f 1049/435/1049 1065/397/1065 1056/392/1056

usemtl material_408
f 1056/392/1056 1057/323/1057 1050/387/1050

usemtl material_409
f 1049/435/1049 1056/392/1056 1050/387/1050

usemtl material_410
f 896/390/896 895/393/895 907/434/907

usemtl material_411
vt 0.3766258 0.4005231
f 907/434/907 895/393/895 906/436/906

usemtl material_412
vt 0.3431120 0.4010856
f 906/436/906 895/393/895 905/437/905

usemtl material_413
vt 0.2995941 0.4015472
f 905/437/905 895/393/895 904/438/904

usemtl material_414
vt 0.2522577 0.4018079
f 904/438/904 898/394/898 903/439/903

usemtl material_415
f 903/439/903 898/394/898 878/333/878

usemtl material_416
vt 0.2212149 0.4035342
f 903/439/903 878/333/878 901/440/901

usemtl material_306
f 901/440/901 878/333/878 880/395/880

usemtl material_417
vt 0.1759399 0.4034796
f 901/440/901 880/395/880 902/441/902

usemtl material_418
f 902/441/902 880/395/880 897/396/897

usemtl material_419
f 904/438/904 895/393/895 898/394/898

usemtl material_420
vt 0.8059464 0.8134997
f 3206/398/3206 3201/442/3201 3200/50/3200

usemtl material_132
f 3201/442/3201 3197/195/3197 3200/50/3200

usemtl material_265
vt 0.7808677 0.8207117
f 3197/195/3197 3191/443/3191 3193/154/3193

usemtl material_421
f 3193/154/3193 3191/443/3191 3180/284/3180

usemtl material_381
vt 0.2548483 0.5182482
f 1286/349/1286 1316/444/1316 1290/350/1290

usemtl material_422
vt 0.2175666 0.5183520
f 1290/350/1290 1316/444/1316 1330/445/1330

usemtl material_423
f 1290/350/1290 1330/445/1330 1291/399/1291

usemtl material_424
f 1291/399/1291 1330/445/1330 1293/343/1293

usemtl material_425
vt 0.1516457 0.5195565
f 1294/344/1294 1340/446/1340 1295/345/1295

usemtl material_426
f 1327/403/1327 1325/404/1325 1305/346/1305

usemtl material_427
vt 0.4129727 0.5169923
f 1288/351/1288 1326/405/1326 1324/447/1324

usemtl material_428
f 1288/351/1288 1324/447/1324 1313/406/1313

usemtl material_429
f 1309/400/1309 1313/406/1313 1314/401/1314

usemtl material_430
vt 0.3017049 0.5181820
f 1314/401/1314 1315/448/1315 1286/349/1286

usemtl material_431
f 1286/349/1286 1315/448/1315 1316/444/1316

usemtl material_432
vt 0.1686271 0.5192317
f 1293/343/1293 1330/445/1330 1339/449/1339

usemtl material_433
f 1293/343/1293 1339/449/1339 1294/344/1294

usemtl material_434
f 1294/344/1294 1339/449/1339 1340/446/1340

usemtl material_435
f 1340/446/1340 1343/407/1343 1342/353/1342

usemtl material_436
f 1295/345/1295 1340/446/1340 1342/353/1342

usemtl material_383
vt 0.5184057 0.5242813
f 1328/402/1328 1347/450/1347 1327/403/1327

usemtl material_437
vt 0.4226021 0.5299389
f 1326/405/1326 1365/451/1365 1324/447/1324

usemtl material_108
f 1343/407/1343 1373/411/1373 1344/296/1344

usemtl material_438
vt 0.5198028 0.5329308
f 1347/450/1347 1366/308/1366 1401/452/1401

usemtl material_439
vt 0.7043374 0.7992291
f 3165/354/3165 3169/453/3169 3175/357/3175

usemtl material_440
vt 0.1379273 0.5376683
vt 0.1339739 0.5400941
f 1373/411/1373 1400/454/1400 1527/455/1527

usemtl material_267
f 1512/355/1512 1373/411/1373 1527/455/1527

usemtl material_392
vt 0.0073118 0.5441313
f 1511/361/1511 1530/456/1530 1514/412/1514

usemtl material_441
f 3175/357/3175 3169/453/3169 3266/416/3266

usemtl material_442
vt 0.6470377 0.5410681
vt 0.6341460 0.5419616
f 1358/363/1358 1385/457/1385 1384/458/1384
f 1358/363/1358 1384/458/1384 1351/358/1351

usemtl material_17
f 1351/358/1351 1384/458/1384 1378/417/1378

usemtl material_68
vt 0.5831314 0.5420681
f 1382/420/1382 1388/459/1388 1350/365/1350

usemtl material_112
f 1350/365/1350 1388/459/1388 1352/366/1352

usemtl material_443
vt 0.5722931 0.5431996
f 1352/366/1352 1388/459/1388 1389/460/1389
f 1352/366/1352 1389/460/1389 1386/421/1386

usemtl material_444
vt 0.5371761 0.5415046
f 1353/359/1353 1391/461/1391 1360/367/1360

usemtl material_445
vt 0.5306608 0.5414659
f 1360/367/1360 1387/462/1387 1376/413/1376

usemtl material_446
vt 0.1298044 0.5438830
f 1527/455/1527 1525/463/1525 1503/300/1503

usemtl material_341
f 1512/355/1512 1527/455/1527 1503/300/1503

usemtl material_446
f 1503/300/1503 1525/463/1525 1522/414/1522

usemtl material_344
vt 0.0110460 0.5503049
f 1511/361/1511 1529/464/1529 1530/456/1530

usemtl material_21
vt 0.6018862 0.5443177
f 1379/419/1379 1397/465/1397 1359/364/1359

usemtl material_0
f 1359/364/1359 1397/465/1397 1382/420/1382

usemtl material_147
f 1391/461/1391 1387/462/1387 1360/367/1360

usemtl material_447
vt 0.8595355 0.7977116
vt 0.8697287 0.7998452
f 3220/466/3220 3219/379/3219 3231/467/3231

usemtl material_448
vt 0.6488568 0.3594881
f 1156/468/1156 1153/368/1153 1144/369/1144

usemtl material_55
f 1133/426/1133 1132/370/1132 1131/423/1131

usemtl material_449
vt 0.8346111 0.7393329
vt 0.8409700 0.7296078
vt 0.8269179 0.7291706
f 2485/469/2485 2488/470/2488 2469/471/2469

usemtl material_53
vt 0.8415428 0.7245066
vt 0.8265344 0.7255570
f 2488/470/2488 2487/472/2487 2466/473/2466

usemtl material_163
vt 0.8373395 0.6613997
vt 0.8396475 0.6490284
vt 0.8291917 0.6491683
f 2482/474/2482 2490/475/2490 2473/476/2473

usemtl material_450
f 3220/466/3220 3214/380/3214 3219/379/3219

usemtl material_451
f 1133/426/1133 1142/310/1142 1132/370/1132

usemtl material_282
f 1118/428/1118 1117/317/1117 1115/375/1115

usemtl material_208
vt 0.5433571 0.3674909
f 1111/425/1111 1106/378/1106 1107/477/1107

usemtl material_176
f 1107/477/1107 1106/378/1106 1104/377/1104

usemtl material_207
vt 0.1305144 0.3857251
vt 0.1041354 0.3784484
f 1449/478/1449 1443/381/1443 1447/479/1447
f 1447/479/1447 1443/381/1443 1441/382/1441

usemtl material_173
vt 0.0771183 0.3795092
f 1441/382/1441 1442/385/1442 1448/480/1448
f 1447/479/1447 1441/382/1441 1448/480/1448
f 1449/478/1449 1466/430/1466 1443/381/1443

usemtl material_195
vt 0.0053182 0.3814580
f 1456/431/1456 1462/386/1462 1475/481/1475

usemtl material_55
vt 0.1351709 0.3880056
f 1052/482/1052 1446/322/1446 1466/430/1466

usemtl material_452
vt 0.9052763 0.3051171
vt 0.9075955 0.3124939
vt 0.9203596 0.3112622
f 3051/483/3051 2975/484/2975 3035/485/3035

usemtl material_453
vt 0.5125504 0.3830246
f 933/432/933 900/389/900 918/486/918

usemtl material_134
f 1052/482/1052 1045/433/1045 1446/322/1446

usemtl material_454
vt 0.4968415 0.3853836
f 900/389/900 899/391/899 915/487/915

usemtl material_455
vt 0.4800935 0.3861068
f 915/487/915 899/391/899 910/488/910

usemtl material_407
f 899/391/899 907/434/907 910/488/910

usemtl material_456
vt 0.4048668 0.3873091
f 910/488/910 907/434/907 911/489/911

usemtl material_457
vt 0.3775033 0.3871350
f 907/434/907 906/436/906 912/490/912

usemtl material_176
vt 0.1441515 0.3940923
vt 0.1471202 0.3925799
f 1044/491/1044 1064/492/1064 1049/435/1049

usemtl material_458
f 1049/435/1049 1050/387/1050 1045/433/1045

usemtl material_459
f 1044/491/1044 1049/435/1049 1045/433/1045

usemtl material_460
vt 0.1493710 0.3998326
f 909/493/909 1065/397/1065 1049/435/1049

usemtl material_131
f 3207/187/3207 3211/383/3211 3206/398/3206

usemtl material_461
f 902/441/902 897/396/897 909/493/909

usemtl material_459
f 909/493/909 897/396/897 1065/397/1065

usemtl material_340
vt 0.7306815 0.8209435
f 3172/294/3172 3166/494/3166 3168/214/3168

usemtl material_462
vt 0.4970379 0.5296595
f 1327/403/1327 1355/495/1355 1325/404/1325

usemtl material_463
f 1325/404/1325 1355/495/1355 1326/405/1326

usemtl material_464
vt 0.3846325 0.5285186
f 1324/447/1324 1363/496/1363 1313/406/1313

usemtl material_465
vt 0.3520575 0.5304156
f 1313/406/1313 1363/496/1363 1361/497/1361

usemtl material_429
f 1313/406/1313 1361/497/1361 1314/401/1314

usemtl material_382
f 1314/401/1314 1361/497/1361 1315/448/1315

usemtl material_466
vt 0.3105651 0.5306712
f 1315/448/1315 1361/497/1361 1362/498/1362

usemtl material_467
vt 0.2865069 0.5320624
f 1315/448/1315 1362/498/1362 1367/499/1367

usemtl material_468
f 1315/448/1315 1367/499/1367 1316/444/1316

usemtl material_469
vt 0.2512327 0.5269258
f 1367/499/1367 1368/500/1368 1316/444/1316

usemtl material_470
vt 0.2268682 0.5333184
f 1316/444/1316 1368/500/1368 1369/501/1369

usemtl material_471
f 1316/444/1316 1369/501/1369 1330/445/1330

usemtl material_472
vt 0.2055455 0.5271491
f 1369/501/1369 1370/502/1370 1330/445/1330

usemtl material_473
vt 0.1729406 0.5323471
f 1370/502/1370 1371/503/1371 1330/445/1330

usemtl material_474
f 1330/445/1330 1371/503/1371 1339/449/1339

usemtl material_475
vt 0.1522753 0.5299244
f 1339/449/1339 1371/503/1371 1372/504/1372

usemtl material_476
f 1339/449/1339 1372/504/1372 1340/446/1340

usemtl material_477
f 1372/504/1372 1343/407/1343 1340/446/1340

usemtl material_175
vt 0.5130025 0.5304641
f 1347/450/1347 1356/505/1356 1327/403/1327

usemtl material_478
f 1327/403/1327 1356/505/1356 1355/495/1355

usemtl material_479
vt 0.4652632 0.5310414
f 1355/495/1355 1364/506/1364 1326/405/1326

usemtl material_480
f 1364/506/1364 1365/451/1365 1326/405/1326

usemtl material_481
f 1324/447/1324 1365/451/1365 1363/496/1363

usemtl material_482
vt 0.1465987 0.5346144
f 1372/504/1372 1399/507/1399 1343/407/1343

usemtl material_287
vt 0.1521787 0.5391803
f 1372/504/1372 1381/508/1381 1399/507/1399

usemtl material_483
f 1343/407/1343 1399/507/1399 1400/454/1400

usemtl material_46
f 1343/407/1343 1400/454/1400 1373/411/1373

usemtl material_484
vt 0.7045093 0.8110989
f 3165/354/3165 3161/509/3161 3169/453/3169

usemtl material_11
vt 0.5591003 0.5435621
f 1386/421/1386 1396/510/1396 1357/307/1357

usemtl material_192
f 1396/510/1396 1380/422/1380 1357/307/1357

usemtl material_446
vt 0.5432741 0.5503049
f 1380/422/1380 1403/511/1403 1353/359/1353

usemtl material_485
f 1353/359/1353 1403/511/1403 1391/461/1391

usemtl material_446
vt 0.1080445 0.5463201
f 1525/463/1525 1528/512/1528 1522/414/1522

usemtl material_192
vt 0.0191449 0.5475239
f 1522/414/1522 1528/512/1528 1526/513/1526

usemtl material_205
f 1522/414/1522 1526/513/1526 1517/415/1517

usemtl material_344
f 1526/513/1526 1529/464/1529 1511/361/1511

usemtl material_392
f 1517/415/1517 1526/513/1526 1511/361/1511

usemtl material_197
vt 0.0331808 0.8236789
vt 0.0333725 0.8059219
vt 0.0422061 0.8224016
f 2228/514/2228 2059/515/2059 2223/516/2223

usemtl material_486
vt 0.0407152 0.8056474
vt 0.0485856 0.8204431
f 2223/516/2223 2062/517/2062 2206/518/2206

usemtl material_197
vt 0.0290198 0.8189864
f 2219/519/2219 2059/515/2059 2228/514/2228

usemtl material_487
vt 0.8260568 0.7387698
f 2485/469/2485 2469/471/2469 2460/520/2460

usemtl material_488
vt 0.8409967 0.7592782
vt 0.8395181 0.7452160
vt 0.8250574 0.7529433
f 2484/521/2484 2483/522/2483 2459/523/2459

usemtl material_278
f 2469/471/2469 2488/470/2488 2466/473/2466

usemtl material_489
vt 0.8241723 0.7086942
f 2466/473/2466 2487/472/2487 2464/524/2464

usemtl material_490
vt 0.8414342 0.7096774
vt 0.8387012 0.6960996
f 2464/524/2464 2486/525/2486 2480/526/2480

usemtl material_491
vt 0.8383788 0.6896268
vt 0.8222873 0.6894352
f 2480/526/2480 2479/527/2479 2461/528/2461

usemtl material_285
vt 0.8390832 0.6822609
vt 0.8245273 0.6830537
f 2479/527/2479 2478/529/2478 2467/530/2467

usemtl material_492
vt 0.8297459 0.6439853
f 2473/476/2473 2490/475/2490 2472/531/2472

usemtl material_360
vt 0.8415428 0.6393775
vt 0.8244764 0.6375318
f 2472/531/2472 2489/532/2489 2468/533/2468

usemtl material_144
vt 0.8370578 0.6296479
f 2468/533/2468 2489/532/2489 2481/534/2481

usemtl material_493
vt 0.5287051 0.3642598
f 1102/429/1102 1101/318/1101 1099/535/1099

usemtl material_172
vt 0.1302862 0.3743187
f 1449/478/1449 1447/479/1447 1457/536/1457

usemtl material_494
vt 0.8474272 0.8102753
f 3220/466/3220 3217/537/3217 3214/380/3214

usemtl material_129
f 1457/536/1457 1466/430/1466 1449/478/1449

usemtl material_173
vt 0.0351547 0.3801771
f 1448/480/1448 1442/385/1442 1450/538/1450
vt 0.0137428 0.3769103
f 1450/538/1450 1442/385/1442 1451/539/1451

usemtl material_41
f 1451/539/1451 1439/321/1439 1456/431/1456

usemtl material_176
vt 0.1440344 0.3848359
vt 0.1471777 0.3773672
f 1041/540/1041 1020/541/1020 1064/492/1064

usemtl material_495
vt 0.5180834 0.3755852
f 934/542/934 933/432/933 918/486/918

usemtl material_176
f 1064/492/1064 1044/491/1044 1041/540/1041

usemtl material_496
vt 0.1385518 0.3874668
f 1044/491/1044 1045/433/1045 1043/543/1043

usemtl material_181
f 1041/540/1041 1044/491/1044 1043/543/1043

usemtl material_52
f 1043/543/1043 1045/433/1045 1052/482/1052

usemtl material_363
f 3214/380/3214 3217/537/3217 3211/383/3211

usemtl material_497
f 912/490/912 906/436/906 905/437/905

usemtl material_498
vt 0.3384203 0.3879321
f 912/490/912 905/437/905 913/544/913

usemtl material_499
vt 0.2552748 0.3871865
f 913/544/913 903/439/903 914/545/914

usemtl material_500
vt 0.2225731 0.3876001
f 914/545/914 903/439/903 916/546/916

usemtl material_501
f 903/439/903 901/440/901 916/546/916

usemtl material_502
vt 0.1740599 0.3888945
f 902/441/902 909/493/909 917/547/917

usemtl material_503
vt 0.1493188 0.3905027
f 917/547/917 909/493/909 919/548/919

usemtl material_504
f 901/440/901 902/441/902 917/547/917

usemtl material_182
f 919/548/919 909/493/909 1064/492/1064

usemtl material_265
vt 0.7953757 0.8403828
f 3197/195/3197 3198/549/3198 3191/443/3191

usemtl material_505
vt 0.7177527 0.8254885
f 3168/214/3168 3166/494/3166 3158/550/3158

usemtl material_506
f 3168/214/3168 3158/550/3158 3165/354/3165

usemtl material_469
vt 0.2555919 0.5387858
f 1367/499/1367 1375/551/1375 1368/500/1368

usemtl material_470
f 1368/500/1368 1375/551/1375 1369/501/1369

usemtl material_507
vt 0.2064065 0.5365356
f 1369/501/1369 1374/552/1374 1370/502/1370

usemtl material_508
f 1370/502/1370 1374/552/1374 1371/503/1371

usemtl material_509
vt 0.5162722 0.5372182
f 1347/450/1347 1390/553/1390 1356/505/1356

usemtl material_510
vt 0.3893493 0.5392901
f 1365/451/1365 1392/554/1392 1363/496/1363

usemtl material_511
vt 0.2980396 0.5386045
f 1362/498/1362 1383/555/1383 1367/499/1367

usemtl material_484
f 3165/354/3165 3158/550/3158 3161/509/3161

usemtl material_453
vt 0.1383977 0.5495043
f 1400/454/1400 1538/556/1538 1527/455/1527

usemtl material_49
vt 0.5302749 0.8206612
vt 0.5267229 0.8109134
vt 0.5309823 0.8076972
f 2234/557/2234 2215/558/2215 2198/559/2198

usemtl material_512
vt 0.5282297 0.5493314
f 1387/462/1387 1539/560/1539 1376/413/1376

usemtl material_440
vt 0.5346662 0.8170733
f 2234/557/2234 2198/559/2198 2209/561/2209
vt 0.5496351 0.8036126
f 2209/561/2209 2198/559/2198 2189/562/2189

usemtl material_260
vt 0.5566440 0.8154040
f 2209/561/2209 2189/562/2189 2208/563/2208

usemtl material_513
vt 0.6543235 0.8124151
vt 0.6583428 0.8047910
vt 0.6584436 0.8183612
f 2204/564/2204 2220/565/2220 2260/566/2260

usemtl material_441
vt 0.6922479 0.8051960
f 3169/453/3169 3240/567/3240 3266/416/3266

usemtl material_156
vt 0.0160031 0.8199442
vt 0.0156990 0.8040326
vt 0.0285851 0.8034300
f 2218/568/2218 2064/569/2064 2060/570/2060

usemtl material_514
f 2218/568/2218 2060/570/2060 2219/519/2219

usemtl material_515
f 2060/570/2060 2059/515/2059 2219/519/2219

usemtl material_516
f 2059/515/2059 2062/517/2062 2223/516/2223

usemtl material_517
vt 0.0712740 0.8192484
vt 0.0796946 0.8026368
vt 0.0805337 0.8182690
f 2082/571/2082 2050/572/2050 2212/573/2212

usemtl material_518
vt 0.0914781 0.8168890
f 2212/573/2212 2050/572/2050 2081/574/2081

usemtl material_102
vt 0.0990091 0.8026435
vt 0.0988901 0.8186859
f 2081/574/2081 2055/575/2055 2210/576/2210

usemtl material_519
vt 0.1047740 0.8033614
f 2210/576/2210 2055/575/2055 2058/577/2058

usemtl material_520
vt 0.1047924 0.8161551
f 2210/576/2210 2058/577/2058 2211/578/2211

usemtl material_521
vt 0.1149168 0.8042469
vt 0.1150315 0.8196834
f 2058/577/2058 2056/579/2056 2213/580/2213

usemtl material_522
f 2211/578/2211 2058/577/2058 2213/580/2213

usemtl material_523
vt 0.1204356 0.8087847
f 2213/580/2213 2056/579/2056 2066/581/2066

usemtl material_524
vt 0.1317467 0.8041030
vt 0.1269649 0.8174127
f 2066/581/2066 2057/582/2057 2221/583/2221

usemtl material_525
vt 0.1335667 0.8170595
f 2221/583/2221 2057/582/2057 2229/584/2229

usemtl material_526
vt 0.1353128 0.8088732
f 2229/584/2229 2057/582/2057 2217/585/2217

usemtl material_267
vt 0.6017580 0.8047816
f 2208/563/2208 2189/562/2189 2195/586/2195

usemtl material_81
vt 0.6461812 0.8153408
f 2208/563/2208 2195/586/2195 2216/587/2216

usemtl material_192
vt 0.6489759 0.8045776
f 2195/586/2195 2194/588/2194 2216/587/2216

usemtl material_49
f 2216/587/2216 2194/588/2194 2204/564/2204

usemtl material_527
vt 0.0130474 0.8052354
f 2073/589/2073 2064/569/2064 2218/568/2218

usemtl material_528
vt 0.0483281 0.8023474
f 2062/517/2062 2063/590/2063 2206/518/2206

usemtl material_529
vt 0.0615599 0.8163319
f 2206/518/2206 2063/590/2063 2207/591/2207

usemtl material_84
vt 0.0699412 0.7973665
f 2043/592/2043 2050/572/2050 2082/571/2082

usemtl material_33
vt 0.8224238 0.7454018
f 2460/520/2460 2458/593/2458 2485/469/2485

usemtl material_157
vt 0.8236870 0.6961005
f 2465/594/2465 2464/524/2464 2480/526/2480

usemtl material_530
f 2480/526/2480 2461/528/2461 2465/594/2465

usemtl material_101
vt 0.8219389 0.6494592
vt 0.8237901 0.6617588
f 2471/595/2471 2470/596/2470 2473/476/2473

usemtl material_531
vt 0.8668833 0.8067092
f 3231/467/3231 3224/597/3224 3220/466/3220

usemtl material_35
f 2459/523/2459 2483/522/2483 2458/593/2458

usemtl material_532
f 2461/528/2461 2479/527/2479 2467/530/2467

usemtl material_178
vt 0.8363439 0.6763504
vt 0.8205666 0.6769190
f 2478/529/2478 2477/598/2477 2456/599/2456

usemtl material_177
f 2467/530/2467 2478/529/2478 2456/599/2456

usemtl material_533
vt 0.8379008 0.6675403
f 2456/599/2456 2477/598/2477 2476/600/2476

usemtl material_267
f 2476/600/2476 2482/474/2482 2470/596/2470

usemtl material_9
vt 0.8225318 0.6677449
f 2457/601/2457 2476/600/2476 2470/596/2470

usemtl material_40
f 2470/596/2470 2482/474/2482 2473/476/2473

usemtl material_41
vt 0.8208773 0.6308631
f 2468/533/2468 2481/534/2481 2463/602/2463

usemtl material_534
vt 0.8261975 0.6279356
f 2463/602/2463 2481/534/2481 2492/603/2492

usemtl material_129
vt 0.0487703 0.3713777
f 1448/480/1448 1450/538/1450 1459/604/1459

usemtl material_208
vt 0.1328770 0.3659537
f 1457/536/1457 1504/605/1504 1466/430/1466

usemtl material_152
vt 0.0086251 0.3721062
f 1456/431/1456 1475/481/1475 1465/606/1465

usemtl material_170
vt 0.1356594 0.3760873
vt 0.1357410 0.3822182
f 1040/607/1040 1042/608/1042 1466/430/1466

usemtl material_535
vt 0.4975102 0.3686419
f 915/487/915 910/488/910 926/609/926

usemtl material_536
vt 0.4605259 0.3778471
f 926/609/926 910/488/910 920/610/920

usemtl material_537
f 920/610/920 911/489/911 912/490/912

usemtl material_538
f 1466/430/1466 1042/608/1042 1052/482/1052

usemtl material_539
vt 0.3382063 0.3807919
f 912/490/912 913/544/913 921/611/921

usemtl material_235
f 1020/541/1020 919/548/919 1064/492/1064
vt 0.1491372 0.3830559
f 1020/541/1020 922/612/922 919/548/919

usemtl material_540
f 917/547/917 919/548/919 922/612/922

usemtl material_135
f 3197/195/3197 3201/442/3201 3198/549/3198

usemtl material_541
f 1371/503/1371 1381/508/1381 1372/504/1372

usemtl material_542
vt 0.5138426 0.5478785
f 1390/553/1390 1402/613/1402 1356/505/1356

usemtl material_543
vt 0.4973553 0.5469961
f 1356/505/1356 1402/613/1402 1394/614/1394

usemtl material_544
f 1356/505/1356 1394/614/1394 1355/495/1355

usemtl material_545
vt 0.4472970 0.5392064
f 1355/495/1355 1394/614/1394 1395/615/1395

usemtl material_546
f 1355/495/1355 1395/615/1395 1364/506/1364

usemtl material_547
f 1364/506/1364 1395/615/1395 1365/451/1365

usemtl material_548
f 1365/451/1365 1395/615/1395 1392/554/1392

usemtl material_549
vt 0.3406028 0.5443387
f 1363/496/1363 1392/554/1392 1393/616/1393

usemtl material_550
f 1363/496/1363 1393/616/1393 1361/497/1361

usemtl material_551
f 1361/497/1361 1393/616/1393 1362/498/1362

usemtl material_552
f 1393/616/1393 1383/555/1383 1362/498/1362

usemtl material_553
f 1367/499/1367 1383/555/1383 1375/551/1375

usemtl material_554
vt 0.1722030 0.5417035
f 1374/552/1374 1398/617/1398 1371/503/1371

usemtl material_555
f 1371/503/1371 1398/617/1398 1381/508/1381

usemtl material_556
vt 0.5181921 0.5447143
f 1401/452/1401 1405/618/1405 1390/553/1390

usemtl material_210
vt 0.1474769 0.5495508
f 1381/508/1381 1537/619/1537 1399/507/1399

usemtl material_557
f 1399/507/1399 1537/619/1537 1400/454/1400

usemtl material_558
f 1400/454/1400 1537/619/1537 1538/556/1538

usemtl material_559
vt 0.6881713 0.8116027
f 3161/509/3161 3184/620/3184 3169/453/3169

usemtl material_560
f 3169/453/3169 3184/620/3184 3240/567/3240

usemtl material_561
vt 0.0878811 0.7967028
f 2050/572/2050 2046/621/2046 2081/574/2081

usemtl material_350
f 2081/574/2081 2046/621/2046 2055/575/2055

usemtl material_89
vt 0.1270765 0.7984729
f 2066/581/2066 2052/622/2052 2057/582/2057

usemtl material_453
f 2063/590/2063 2043/592/2043 2082/571/2082
f 2207/591/2207 2063/590/2063 2082/571/2082

usemtl material_447
vt 0.8771791 0.8063372
f 3230/623/3230 3224/597/3224 3231/467/3231

usemtl material_459
vt 0.1303868 0.3624375
f 1457/536/1457 1469/624/1469 1504/605/1504

usemtl material_173
f 1447/479/1447 1448/480/1448 1459/604/1459
f 1459/604/1459 1450/538/1450 1451/539/1451

usemtl material_170
vt 0.1349404 0.3686134
f 1051/625/1051 1040/607/1040 1504/605/1504

usemtl material_86
vt 0.5126336 0.3662341
f 934/542/934 918/486/918 932/626/932

usemtl material_40
f 932/626/932 918/486/918 926/609/926

usemtl material_562
vt 0.4491245 0.3709005
f 926/609/926 920/610/920 925/627/925

usemtl material_563
vt 0.4091761 0.3682389
f 925/627/925 912/490/912 924/628/924

usemtl material_564
vt 0.3687405 0.3720579
f 924/628/924 912/490/912 923/629/923

usemtl material_565
vt 0.3259618 0.3715072
f 923/629/923 921/611/921 929/630/929

usemtl material_566
vt 0.2678769 0.3722532
vt 0.2270098 0.3721952
f 927/631/927 914/545/914 928/632/928

usemtl material_567
vt 0.1438627 0.3682001
f 1020/541/1020 1041/540/1041 1038/633/1038

usemtl material_568
f 1041/540/1041 1042/608/1042 1040/607/1040

usemtl material_29
f 1038/633/1038 1041/540/1041 1040/607/1040

usemtl material_569
f 929/630/929 921/611/921 927/631/927

usemtl material_570
f 927/631/927 921/611/921 914/545/914

usemtl material_571
f 928/632/928 914/545/914 916/546/916

usemtl material_572
vt 0.1709994 0.3701570
f 928/632/928 917/547/917 930/634/930

usemtl material_573
f 930/634/930 917/547/917 922/612/922

usemtl material_131
vt 0.8203623 0.8364284
f 3211/383/3211 3208/635/3208 3206/398/3206

usemtl material_574
vt 0.7709455 0.8654583
f 3191/443/3191 3178/636/3178 3180/284/3180

usemtl material_575
vt 0.2748760 0.8162332
vt 0.2982567 0.8063118
vt 0.3236604 0.8115862
f 2230/637/2230 2077/638/2077 2074/639/2074

usemtl material_576
vt 0.3461935 0.8068865
vt 0.3661690 0.8177671
f 2074/639/2074 2070/640/2070 2226/641/2226

usemtl material_577
vt 0.3796634 0.8059801
f 2226/641/2226 2070/640/2070 2071/642/2071

usemtl material_578
vt 0.4010618 0.8072134
f 2226/641/2226 2071/642/2071 2072/643/2072

usemtl material_579
vt 0.4086145 0.8180133
f 2226/641/2226 2072/643/2072 2227/644/2227

usemtl material_580
vt 0.4500677 0.8050655
f 2227/644/2227 2072/643/2072 2078/645/2078

usemtl material_581
vt 0.4373192 0.8236789
f 2227/644/2227 2078/645/2078 2233/646/2233

usemtl material_582
vt 0.4578357 0.8207265
f 2078/645/2078 2232/647/2232 2233/646/2233

usemtl material_583
vt 0.4921457 0.8162968
f 2232/647/2232 2078/645/2078 2225/648/2225

usemtl material_133
f 1390/553/1390 1405/618/1405 1402/613/1402

usemtl material_584
vt 0.1666238 0.8083814
vt 0.2225893 0.8066897
vt 0.2168497 0.8158979
f 2075/649/2075 2076/650/2076 2231/651/2231

usemtl material_585
f 2231/651/2231 2076/650/2076 2230/637/2230

usemtl material_586
f 2076/650/2076 2077/638/2077 2230/637/2230

usemtl material_587
vt 0.5176659 0.8097757
vt 0.5268819 0.8013304
f 2214/652/2214 2080/653/2080 2215/558/2215

usemtl material_440
f 2215/558/2215 2080/653/2080 2198/559/2198

usemtl material_588
vt 0.5308960 0.7956519
f 2080/653/2080 2182/654/2182 2198/559/2198

usemtl material_186
vt 0.1198569 0.7871665
f 2056/579/2056 2023/655/2023 2066/581/2066

usemtl material_453
f 2198/559/2198 2182/654/2182 2189/562/2189

usemtl material_267
vt 0.5800518 0.7977288
f 2189/562/2189 2185/656/2185 2195/586/2195

usemtl material_446
f 2195/586/2195 2185/656/2185 2194/588/2194

usemtl material_49
vt 0.6468625 0.7984630
f 2185/656/2185 2186/657/2186 2194/588/2194

usemtl material_485
vt 0.6541560 0.7908869
f 2194/588/2194 2180/658/2180 2204/564/2204

usemtl material_49
f 2204/564/2204 2180/658/2180 2220/565/2220

usemtl material_589
vt 0.0147352 0.7938341
f 2064/569/2064 2041/659/2041 2060/570/2060

usemtl material_590
vt 0.0425990 0.7866820
f 2059/515/2059 2021/660/2021 2062/517/2062

usemtl material_591
vt 0.8253911 0.7619708
vt 0.8082176 0.7577495
f 2462/661/2462 2459/523/2459 2441/662/2441

usemtl material_117
f 2441/662/2441 2459/523/2459 2458/593/2458

usemtl material_203
vt 0.8114095 0.7299824
f 2452/663/2452 2469/471/2469 2466/473/2466

usemtl material_516
vt 0.8109803 0.7138721
f 2466/473/2466 2464/524/2464 2454/664/2454

usemtl material_397
vt 0.8076530 0.7248980
f 2440/665/2440 2466/473/2466 2454/664/2454

usemtl material_390
vt 0.8071734 0.7069436
f 2439/666/2439 2464/524/2464 2465/594/2465

usemtl material_47
vt 0.8088446 0.6963939
f 2439/666/2439 2465/594/2465 2438/667/2438

usemtl material_99
f 2465/594/2465 2461/528/2461 2438/667/2438

usemtl material_8
vt 0.8074721 0.6832515
f 2461/528/2461 2467/530/2467 2443/668/2443

usemtl material_177
f 2443/668/2443 2467/530/2467 2456/599/2456

usemtl material_204
vt 0.8101536 0.6628083
vt 0.8128004 0.6499415
f 2451/669/2451 2471/595/2471 2453/670/2453

usemtl material_58
vt 0.8091381 0.6447479
vt 0.8086678 0.6383842
f 2450/671/2450 2468/533/2468 2447/672/2447

usemtl material_173
f 2447/672/2447 2468/533/2468 2463/602/2463

usemtl material_485
vt 0.8078327 0.6309614
f 2463/602/2463 2492/603/2492 2446/673/2446

usemtl material_260
f 2457/601/2457 2470/596/2470 2451/669/2451

usemtl material_81
f 2451/669/2451 2470/596/2470 2471/595/2471

usemtl material_121
f 2471/595/2471 2472/531/2472 2450/671/2450

usemtl material_22
f 2450/671/2450 2472/531/2472 2468/533/2468

usemtl material_459
vt 0.1122070 0.3592037
f 1457/536/1457 1447/479/1447 1464/674/1464

usemtl material_172
vt 0.0618837 0.3608881
f 1464/674/1464 1459/604/1459 1468/675/1468

usemtl material_173
vt 0.0327891 0.3613647
f 1459/604/1459 1467/676/1467 1468/675/1468

usemtl material_121
vt 0.0129397 0.3613675
f 1467/676/1467 1451/539/1451 1470/677/1470

usemtl material_62
vt 0.0054095 0.3633407
f 1470/677/1470 1465/606/1465 1482/678/1482

usemtl material_152
f 1465/606/1465 1475/481/1475 1482/678/1482

usemtl material_592
vt 0.8497390 0.8350201
f 3224/597/3224 3221/679/3221 3217/537/3217

usemtl material_267
vt 0.5177716 0.3637552
f 939/680/939 934/542/934 932/626/932

usemtl material_458
vt 0.1378908 0.3675833
f 1038/633/1038 1040/607/1040 1039/681/1039

usemtl material_153
f 1039/681/1039 1040/607/1040 1051/625/1051

usemtl material_540
vt 0.1492274 0.3718528
f 930/634/930 922/612/922 931/682/931

usemtl material_148
f 931/682/931 922/612/922 1020/541/1020

usemtl material_574
f 3178/636/3178 3176/292/3176 3180/284/3180

usemtl material_593
vt 0.7563422 0.8576388
vt 0.7429630 0.8407317
f 3170/683/3170 3167/684/3167 3172/294/3172

usemtl material_594
f 3176/292/3176 3170/683/3170 3172/294/3172

usemtl material_595
f 3172/294/3172 3167/684/3167 3166/494/3166

usemtl material_596
vt 0.4934388 0.8060254
f 2078/645/2078 2079/685/2079 2225/648/2225

usemtl material_597
vt 0.5120500 0.8197337
f 2225/648/2225 2079/685/2079 2224/686/2224

usemtl material_598
vt 0.5128008 0.8009818
f 2079/685/2079 2054/687/2054 2224/686/2224

usemtl material_599
f 2224/686/2224 2054/687/2054 2214/652/2214

usemtl material_600
vt 0.2556354 0.7949346
f 2076/650/2076 2048/688/2048 2077/638/2077

usemtl material_601
vt 0.3834099 0.7951846
f 2071/642/2071 2045/689/2045 2072/643/2072

usemtl material_602
vt 0.1459781 0.8117562
vt 0.1450231 0.8017679
vt 0.1500853 0.8082630
f 2222/690/2222 2068/691/2068 2069/692/2069

usemtl material_603
vt 0.6872630 0.8184955
f 3161/509/3161 3183/693/3183 3184/620/3184

usemtl material_513
vt 0.1039125 0.7884188
f 2055/575/2055 2028/694/2028 2058/577/2058

usemtl material_604
vt 0.1148253 0.7831348
f 2056/579/2056 2012/695/2012 2023/655/2023

usemtl material_588
vt 0.5339139 0.7856988
vt 0.5479204 0.7875295
f 2172/696/2172 2175/697/2175 2189/562/2189
f 2182/654/2182 2172/696/2172 2189/562/2189

usemtl material_440
f 2189/562/2189 2175/697/2175 2185/656/2185

usemtl material_343
vt 0.6087757 0.7879251
f 2185/656/2185 2176/698/2176 2186/657/2186

usemtl material_353
vt 0.6489753 0.7890471
f 2186/657/2186 2179/699/2179 2194/588/2194

usemtl material_57
f 2194/588/2194 2179/699/2179 2180/658/2180

usemtl material_605
vt 0.6583912 0.7913090
f 2180/658/2180 2196/700/2196 2220/565/2220

usemtl material_606
vt 0.6823810 0.8103567
f 3184/620/3184 3247/701/3247 3240/567/3240

usemtl material_607
f 2073/589/2073 2041/659/2041 2064/569/2064

usemtl material_608
vt 0.0280796 0.7889709
f 2041/659/2041 2024/702/2024 2060/570/2060

usemtl material_158
vt 0.0329024 0.7858106
f 2024/702/2024 2022/703/2022 2059/515/2059

usemtl material_75
f 2060/570/2060 2024/702/2024 2059/515/2059

usemtl material_609
f 2059/515/2059 2022/703/2022 2021/660/2021

usemtl material_392
vt 0.0485634 0.7928391
f 2021/660/2021 2042/704/2042 2063/590/2063

usemtl material_610
f 2062/517/2062 2021/660/2021 2063/590/2063

usemtl material_611
f 2042/704/2042 2043/592/2043 2063/590/2063

usemtl material_89
vt 0.0791597 0.7850622
f 2043/592/2043 2016/705/2016 2050/572/2050

usemtl material_92
vt 0.0978003 0.7859361
f 2046/621/2046 2017/706/2017 2055/575/2055

usemtl material_610
f 2017/706/2017 2028/694/2028 2055/575/2055

usemtl material_69
f 2028/694/2028 2012/695/2012 2056/579/2056

usemtl material_392
f 2058/577/2058 2028/694/2028 2056/579/2056

usemtl material_192
f 2066/581/2066 2023/655/2023 2052/622/2052

usemtl material_517
vt 0.1305390 0.7838331
f 2052/622/2052 2010/707/2010 2057/582/2057

usemtl material_612
vt 0.1345507 0.7956032
f 2057/582/2057 2010/707/2010 2061/708/2061

usemtl material_613
vt 0.8161319 0.7633345
f 2455/709/2455 2462/661/2462 2441/662/2441

usemtl material_375
vt 0.8094279 0.7455114
f 2441/662/2441 2458/593/2458 2448/710/2448

usemtl material_182
vt 0.8065865 0.7401332
f 2448/710/2448 2458/593/2458 2449/711/2449

usemtl material_614
vt 0.8068063 0.6898881
f 2442/712/2442 2461/528/2461 2443/668/2443

usemtl material_615
vt 0.8754451 0.8123462
f 3230/623/3230 3228/713/3228 3224/597/3224

usemtl material_459
vt 0.1314571 0.3517176
f 1469/624/1469 1485/714/1485 1504/605/1504

usemtl material_592
f 3224/597/3224 3228/713/3228 3221/679/3221

usemtl material_235
vt 0.1441478 0.3606593
vt 0.1474680 0.3605724
f 1038/633/1038 1037/715/1037 1060/716/1060

usemtl material_616
vt 0.1354003 0.3616439
f 1504/605/1504 1036/717/1036 1051/625/1051

usemtl material_617
vt 0.4748559 0.3573030
vt 0.4345392 0.3536921
f 940/718/940 925/627/925 941/719/941

usemtl material_618
vt 0.3734473 0.3601781
f 938/720/938 924/628/924 923/629/923

usemtl material_619
vt 0.2630170 0.3631353
f 936/721/936 929/630/929 927/631/927

usemtl material_620
vt 0.2299706 0.3664712
f 927/631/927 935/722/935 936/721/936

usemtl material_621
f 935/722/935 928/632/928 930/634/930

usemtl material_235
f 1060/716/1060 1020/541/1020 1038/633/1038

usemtl material_567
vt 0.1490798 0.3632019
f 1060/716/1060 942/723/942 1020/541/1020

usemtl material_363
vt 0.8330575 0.8380768
f 3217/537/3217 3213/724/3213 3211/383/3211

usemtl material_342
vt 0.8056840 0.8644640
f 3206/398/3206 3208/635/3208 3204/725/3204
f 3206/398/3206 3204/725/3204 3201/442/3201

usemtl material_622
vt 0.4994448 0.8386739
vt 0.5016313 0.8655146
vt 0.5023234 0.8430433
f 3086/726/3086 3088/727/3088 3104/728/3104

usemtl material_116
vt 0.7295198 0.8425694
f 3167/684/3167 3156/729/3156 3166/494/3166

usemtl material_623
f 3166/494/3166 3156/729/3156 3158/550/3158

usemtl material_559
vt 0.7035617 0.8288166
f 3158/550/3158 3160/730/3160 3161/509/3161

usemtl material_624
vt 0.1655382 0.7919605
f 2069/692/2069 2037/731/2037 2075/649/2075

usemtl material_625
vt 0.1872181 0.7927021
f 2037/731/2037 2039/732/2039 2075/649/2075

usemtl material_626
f 2075/649/2075 2039/732/2039 2076/650/2076

usemtl material_627
f 2039/732/2039 2048/688/2048 2076/650/2076

usemtl material_628
vt 0.3007117 0.7920589
f 2077/638/2077 2048/688/2048 2036/733/2036

usemtl material_629
vt 0.3191473 0.7920594
f 2077/638/2077 2036/733/2036 2030/734/2030

usemtl material_630
f 2077/638/2077 2030/734/2030 2074/639/2074

usemtl material_631
vt 0.3438556 0.7922205
f 2074/639/2074 2030/734/2030 2031/735/2031

usemtl material_632
f 2074/639/2074 2031/735/2031 2070/640/2070

usemtl material_633
f 2031/735/2031 2045/689/2045 2070/640/2070

usemtl material_634
f 2070/640/2070 2045/689/2045 2071/642/2071

usemtl material_635
vt 0.4120575 0.7934982
f 2045/689/2045 2044/736/2044 2072/643/2072

usemtl material_636
f 2072/643/2072 2044/736/2044 2078/645/2078

usemtl material_637
vt 0.4489143 0.7951483
f 2078/645/2078 2044/736/2044 2049/737/2049

usemtl material_638
vt 0.4922680 0.7960743
f 2078/645/2078 2051/738/2051 2079/685/2079

usemtl material_639
f 2079/685/2079 2051/738/2051 2054/687/2054

usemtl material_603
f 3160/730/3160 3183/693/3183 3161/509/3161

usemtl material_640
vt 0.1502892 0.7910683
f 2068/691/2068 2038/739/2038 2069/692/2069

usemtl material_641
vt 0.5179442 0.7947819
f 2054/687/2054 2065/740/2065 2214/652/2214

usemtl material_642
f 2214/652/2214 2065/740/2065 2080/653/2080

usemtl material_643
vt 0.1446712 0.7899746
f 2068/691/2068 2061/708/2061 2040/741/2040

usemtl material_20
vt 0.5270078 0.7906622
f 2080/653/2080 2053/742/2053 2182/654/2182

usemtl material_43
vt 0.7723739 0.3639181
vt 0.7629523 0.3696285
vt 0.7646672 0.3781006
f 2996/743/2996 3042/744/3042 2990/745/2990

usemtl material_644
f 2185/656/2185 2175/697/2175 2176/698/2176

usemtl material_344
f 2176/698/2176 2179/699/2179 2186/657/2186

usemtl material_645
vt 0.0149133 0.7811441
f 2020/746/2020 2024/702/2024 2041/659/2041

usemtl material_392
vt 0.0476388 0.7820678
f 2021/660/2021 2013/747/2013 2042/704/2042

usemtl material_611
vt 0.0703918 0.7829176
f 2042/704/2042 2013/747/2013 2011/748/2011

usemtl material_588
f 2042/704/2042 2011/748/2011 2043/592/2043

usemtl material_267
f 2043/592/2043 2011/748/2011 2016/705/2016

usemtl material_75
f 2050/572/2050 2016/705/2016 2046/621/2046

usemtl material_646
vt 0.0885018 0.7823691
f 2016/705/2016 2015/749/2015 2046/621/2046

usemtl material_24
f 2046/621/2046 2015/749/2015 2017/706/2017

usemtl material_647
f 2052/622/2052 2023/655/2023 2010/707/2010

usemtl material_648
vt 0.8044607 0.6497480
f 2453/670/2453 2445/750/2445 2451/669/2451

usemtl material_204
f 2445/750/2445 2453/670/2453 2450/671/2450

usemtl material_460
vt 0.1279629 0.3498071
f 1473/751/1473 1469/624/1469 1464/674/1464

usemtl material_440
vt 0.5191159 0.3491220
vt 0.5150953 0.3491360
f 981/752/981 939/680/939 946/753/946

usemtl material_267
f 939/680/939 932/626/932 946/753/946

usemtl material_205
vt 0.4972678 0.3500938
f 946/753/946 932/626/932 945/754/945

usemtl material_69
f 932/626/932 926/609/926 945/754/945

usemtl material_649
f 945/754/945 926/609/926 940/718/940

usemtl material_496
f 1038/633/1038 1039/681/1039 1036/717/1036

usemtl material_292
f 1037/715/1037 1038/633/1038 1036/717/1036

usemtl material_650
f 1039/681/1039 1051/625/1051 1036/717/1036

usemtl material_340
f 3204/725/3204 3198/549/3198 3201/442/3201

usemtl material_651
vt 0.1199592 0.8638778
vt 0.1189661 0.8561992
vt 0.1233516 0.8588032
f 2691/755/2691 2699/756/2699 2698/757/2698

usemtl material_652
vt 0.5619755 0.9908496
vt 0.5664138 0.9936469
vt 0.5669093 0.9964431
f 154/758/154 95/759/95 137/760/137

usemtl material_653
vt 0.1352290 0.8612772
f 2691/755/2691 2698/757/2698 2697/761/2697

usemtl material_654
vt 0.1439641 0.8571233
f 2698/757/2698 2696/762/2696 2697/761/2697
vt 0.1670326 0.8616394
f 2697/761/2697 2696/762/2696 2693/763/2693

usemtl material_655
vt 0.1621696 0.8571486
f 2696/762/2696 2695/764/2695 2693/763/2693

usemtl material_656
vt 0.1738225 0.8600048
f 2693/763/2693 2695/764/2695 2694/765/2694

usemtl material_657
vt 0.5009304 0.8853169
vt 0.4979799 0.8976947
vt 0.5023234 0.8980380
f 3089/766/3089 3090/767/3090 3092/768/3092

usemtl material_652
vt 0.5747480 0.9936292
f 137/760/137 95/759/95 135/769/135

usemtl material_658
vt 0.4911910 0.8387395
vt 0.4937493 0.8405478
f 3086/726/3086 3066/770/3066 3085/771/3085

usemtl material_659
vt 0.4981144 0.8556655
f 3086/726/3086 3085/771/3085 3087/772/3087

usemtl material_660
f 3086/726/3086 3087/772/3087 3088/727/3088

usemtl material_661
vt 0.4948000 0.8743806
f 3085/771/3085 3091/773/3091 3087/772/3087

usemtl material_662
f 3088/727/3088 3087/772/3087 3089/766/3089

usemtl material_663
f 3089/766/3089 3087/772/3087 3090/767/3090

usemtl material_664
f 3087/772/3087 3091/773/3091 3090/767/3090

usemtl material_665
vt 0.4931639 0.8969505
f 3090/767/3090 3091/773/3091 3076/774/3076

usemtl material_666
vt 0.4893710 0.8983458
f 3076/774/3076 3082/775/3082 3090/767/3090

usemtl material_667
f 2069/692/2069 2038/739/2038 2037/731/2037

usemtl material_668
f 2078/645/2078 2049/737/2049 2051/738/2051

usemtl material_669
vt 0.4895294 0.7844146
f 2049/737/2049 2033/776/2033 2051/738/2051

usemtl material_640
f 2068/691/2068 2040/741/2040 2038/739/2038

usemtl material_483
f 2065/740/2065 2053/742/2053 2080/653/2080

usemtl material_670
vt 0.5302524 0.7820597
f 2053/742/2053 2181/777/2181 2182/654/2182

usemtl material_671
vt 0.6705390 0.8253158
f 3184/620/3184 3183/693/3183 3241/778/3241

usemtl material_606
f 3184/620/3184 3241/778/3241 3247/701/3247

usemtl material_672
f 2182/654/2182 2181/777/2181 2172/696/2172

usemtl material_344
vt 0.6468245 0.7803617
f 2176/698/2176 2171/779/2171 2179/699/2179

usemtl material_673
vt 0.0116171 0.7749857
f 2041/659/2041 2018/780/2018 2020/746/2020

usemtl material_152
f 2440/665/2440 2454/664/2454 2439/666/2439

usemtl material_531
vt 0.8945167 0.8236345
f 3230/623/3230 3233/781/3233 3228/713/3228

usemtl material_460
vt 0.1091338 0.3446841
vt 0.0684364 0.3439056
f 1478/782/1478 1464/674/1464 1479/783/1479

usemtl material_51
vt 0.0304482 0.3470885
f 1468/675/1468 1480/784/1480 1479/783/1479

usemtl material_235
vt 0.1440155 0.3527162
f 1035/785/1035 1060/716/1060 1037/715/1037

usemtl material_18
vt 0.1348296 0.3539888
f 1047/786/1047 1504/605/1504 1485/714/1485

usemtl material_674
f 945/754/945 940/718/940 941/719/941

usemtl material_675
vt 0.2610500 0.3521295
vt 0.3286233 0.3524536
f 949/787/949 950/788/950 936/721/936

usemtl material_676
vt 0.2255182 0.3515366
f 949/787/949 936/721/936 948/789/948

usemtl material_677
vt 0.2120273 0.3583826
f 948/789/948 935/722/935 943/790/943

usemtl material_678
vt 0.1691276 0.3521146
vt 0.1487389 0.3518189
f 947/791/947 942/723/942 952/792/952

usemtl material_179
f 1060/716/1060 952/792/952 942/723/942

usemtl material_450
vt 0.8616721 0.8462187
f 3228/713/3228 3229/793/3229 3221/679/3221

usemtl material_679
f 3217/537/3217 3221/679/3221 3213/724/3213

usemtl material_680
vt 0.5627366 0.9859078
f 154/758/154 73/794/73 95/759/95

usemtl material_681
vt 0.5754851 0.9914736
f 95/759/95 75/795/75 135/769/135

usemtl material_682
vt 0.4924099 0.8783303
f 3085/771/3085 3070/796/3070 3091/773/3091

usemtl material_683
f 3085/771/3085 3066/770/3066 3070/796/3070

usemtl material_684
vt 0.4898538 0.8812075
f 3066/770/3066 3067/797/3067 3070/796/3070

usemtl material_685
f 3091/773/3091 3070/796/3070 3076/774/3076
f 3070/796/3070 3067/797/3067 3076/774/3076

usemtl material_593
f 3178/636/3178 3170/683/3170 3176/292/3176

usemtl material_686
vt 0.2400420 0.7879570
f 2039/732/2039 2035/798/2035 2048/688/2048

usemtl material_687
f 2048/688/2048 2035/798/2035 2036/733/2036

usemtl material_688
vt 0.3816392 0.7855828
f 2031/735/2031 2032/799/2032 2045/689/2045

usemtl material_689
f 2045/689/2045 2032/799/2032 2044/736/2044

usemtl material_690
vt 0.4238334 0.7848852
f 2044/736/2044 2032/799/2032 2029/800/2029

usemtl material_691
f 2044/736/2044 2029/800/2029 2049/737/2049

usemtl material_692
f 2051/738/2051 2033/776/2033 2054/687/2054

usemtl material_693
vt 0.5131561 0.7848431
f 2033/776/2033 2034/801/2034 2054/687/2054

usemtl material_642
f 2034/801/2034 2065/740/2065 2054/687/2054
vt 0.5130767 0.7803430
f 2034/801/2034 2007/802/2007 2065/740/2065

usemtl material_694
vt 0.1479658 0.7776224
f 2040/741/2040 2006/803/2006 2038/739/2038

usemtl material_482
f 2065/740/2065 2007/802/2007 2053/742/2053

usemtl material_483
vt 0.5268739 0.7803315
f 2007/802/2007 2026/804/2026 2053/742/2053

usemtl material_529
f 2053/742/2053 2026/804/2026 2181/777/2181

usemtl material_695
vt 0.1033011 0.7694520
f 2017/706/2017 1985/805/1985 2028/694/2028

usemtl material_672
vt 0.5499232 0.7780714
vt 0.6059650 0.7760502
f 2175/697/2175 2167/806/2167 2166/807/2166

usemtl material_644
f 2175/697/2175 2166/807/2166 2176/698/2176

usemtl material_344
f 2166/807/2166 2171/779/2171 2176/698/2176

usemtl material_57
vt 0.6490535 0.7704289
f 2171/779/2171 2154/808/2154 2179/699/2179

usemtl material_696
vt 0.6554048 0.7763074
f 2154/808/2154 2170/809/2170 2180/658/2180

usemtl material_485
f 2179/699/2179 2154/808/2154 2180/658/2180

usemtl material_697
f 2180/658/2180 2170/809/2170 2196/700/2196

usemtl material_158
vt 0.0292165 0.7706912
f 2024/702/2024 1988/810/1988 2022/703/2022

usemtl material_698
vt 0.0420254 0.7698221
f 2021/660/2021 1991/811/1991 2013/747/2013

usemtl material_611
vt 0.0480065 0.7695245
f 1978/812/1978 2011/748/2011 2013/747/2013

usemtl material_699
f 2028/694/2028 1985/805/1985 2012/695/2012

usemtl material_587
vt 0.7920198 0.7114444
f 2440/665/2440 2439/666/2439 2388/813/2388

usemtl material_459
vt 0.1300547 0.3421962
f 1486/814/1486 1485/714/1485 1473/751/1473

usemtl material_186
vt 0.5155279 0.3369432
f 946/753/946 945/754/945 959/815/959

usemtl material_700
vt 0.4953322 0.3418044
f 959/815/959 945/754/945 957/816/957

usemtl material_701
vt 0.4523504 0.3415480
f 957/816/957 945/754/945 954/817/954

usemtl material_702
f 954/817/954 945/754/945 941/719/941

usemtl material_703
vt 0.4099481 0.3430784
vt 0.4045985 0.3502996
f 955/818/955 941/719/941 944/819/944

usemtl material_704
f 948/789/948 943/790/943 947/791/947

usemtl material_661
vt 0.1223195 0.8692690
vt 0.1296576 0.8676569
vt 0.1366240 0.8723804
f 2670/820/2670 2684/821/2684 2667/822/2667
vt 0.1585610 0.8713321
f 2667/822/2667 2684/821/2684 2668/823/2668
vt 0.1601235 0.8676731
vt 0.1700596 0.8731968
f 2668/823/2668 2687/824/2687 2679/825/2679

usemtl material_682
vt 0.1660179 0.8658081
f 2679/825/2679 2687/824/2687 2689/826/2689

usemtl material_705
vt 0.1740143 0.8677071
f 2679/825/2679 2689/826/2689 2688/827/2688

usemtl material_706
vt 0.1742565 0.8738395
f 2679/825/2679 2688/827/2688 2685/828/2685

usemtl material_707
vt 0.7939653 0.8734683
f 3198/549/3198 3196/829/3196 3191/443/3191

usemtl material_653
f 2684/821/2684 2687/824/2687 2668/823/2668

usemtl material_680
f 73/794/73 75/795/75 95/759/95

usemtl material_708
vt 0.5869191 0.9934247
f 135/769/135 75/795/75 77/830/77

usemtl material_709
vt 0.4835415 0.8458426
vt 0.4818276 0.8602800
f 3066/770/3066 3068/831/3068 3065/832/3065

usemtl material_710
f 3066/770/3066 3065/832/3065 3067/797/3067

usemtl material_711
vt 0.4849883 0.8938860
f 3067/797/3067 3072/833/3072 3076/774/3076

usemtl material_712
f 3076/774/3076 3072/833/3072 3082/775/3082

usemtl material_713
vt 0.4789304 0.8382018
f 3066/770/3066 3069/834/3069 3068/831/3068

usemtl material_714
vt 0.7162282 0.8473124
f 3156/729/3156 3157/835/3157 3158/550/3158

usemtl material_603
vt 0.6909369 0.8374949
f 3160/730/3160 3189/836/3189 3183/693/3183

usemtl material_715
vt 0.1967298 0.7768627
f 2039/732/2039 2004/837/2004 2035/798/2035

usemtl material_716
vt 0.3356121 0.7761111
f 2036/733/2036 2000/838/2000 2030/734/2030

usemtl material_717
f 2029/800/2029 2033/776/2033 2049/737/2049

usemtl material_718
vt 0.4557154 0.7763932
f 2029/800/2029 1997/839/1997 2033/776/2033

usemtl material_76
vt 0.5313284 0.7712308
f 2181/777/2181 2163/840/2163 2172/696/2172

usemtl material_587
f 2172/696/2172 2167/806/2167 2175/697/2175

usemtl material_167
vt 0.6593866 0.7679570
f 2196/700/2196 2170/809/2170 2184/841/2184

usemtl material_156
vt 0.0165836 0.7691572
f 2020/746/2020 1989/842/1989 1988/810/1988

usemtl material_42
vt 0.0784631 0.7691694
f 2016/705/2016 1992/843/1992 2015/749/2015

usemtl material_719
vt 0.0902913 0.7697111
f 1993/844/1993 1985/805/1985 2017/706/2017

usemtl material_720
f 2015/749/2015 1993/844/1993 2017/706/2017

usemtl material_353
vt 0.1196080 0.7695177
f 2012/695/2012 1994/845/1994 2023/655/2023

usemtl material_672
vt 0.5490505 0.7688106
f 2167/806/2167 2156/846/2156 2166/807/2166

usemtl material_721
vt 0.0329706 0.7704905
f 1988/810/1988 1990/847/1990 2022/703/2022

usemtl material_722
f 1990/847/1990 1991/811/1991 2021/660/2021

usemtl material_723
f 2022/703/2022 1990/847/1990 2021/660/2021

usemtl material_724
f 1991/811/1991 1978/812/1978 2013/747/2013

usemtl material_725
vt 0.0686109 0.7694692
f 1978/812/1978 1987/848/1987 2011/748/2011

usemtl material_450
f 3228/713/3228 3233/781/3233 3229/793/3229

usemtl material_726
vt 0.3414321 0.3400865
vt 0.3594341 0.3512356
f 956/849/956 951/850/951 950/788/950

usemtl material_727
f 956/849/956 950/788/950 949/787/949

usemtl material_728
vt 0.2833002 0.3454485
f 956/849/956 949/787/949 958/851/958

usemtl material_253
vt 0.1451258 0.3468969
vt 0.1488736 0.3426542
f 1030/852/1030 964/853/964 952/792/952

usemtl material_568
vt 0.1378793 0.3525066
vt 0.1347865 0.3472123
f 1034/854/1034 1047/786/1047 1048/855/1048

usemtl material_729
vt 0.8196034 0.8679953
f 3208/635/3208 3212/856/3212 3204/725/3204

usemtl material_730
vt 0.1191435 0.8874167
vt 0.1184944 0.8685553
vt 0.1277347 0.8904606
f 2674/857/2674 2675/858/2675 2669/859/2669

usemtl material_731
f 3198/549/3198 3204/725/3204 3196/829/3196

usemtl material_732
vt 0.5526251 0.9708696
vt 0.5579138 0.9759324
f 139/860/139 71/861/71 73/794/73

usemtl material_733
f 2675/858/2675 2670/820/2670 2669/859/2669

usemtl material_734
vt 0.1370134 0.8884653
f 2670/820/2670 2667/822/2667 2665/862/2665
f 2669/859/2669 2670/820/2670 2665/862/2665

usemtl material_661
vt 0.1608164 0.8829695
f 2667/822/2667 2668/823/2668 2666/863/2666
f 2665/862/2665 2667/822/2667 2666/863/2666
f 2666/863/2666 2668/823/2668 2679/825/2679
vt 0.1700543 0.8855529
f 2666/863/2666 2679/825/2679 2678/864/2678

usemtl material_735
f 2678/864/2678 2679/825/2679 2685/828/2685

usemtl material_736
vt 0.1739286 0.8847431
f 2678/864/2678 2685/828/2685 2686/865/2686

usemtl material_731
vt 0.7816641 0.8655215
f 3196/829/3196 3192/866/3192 3191/443/3191

usemtl material_737
vt 0.5766943 0.9751225
f 73/794/73 74/867/74 75/795/75

usemtl material_738
f 3191/443/3191 3192/866/3192 3178/636/3178

usemtl material_653
vt 0.4736250 0.8871322
f 3067/797/3067 3065/832/3065 3063/868/3063

usemtl material_739
f 3067/797/3067 3063/868/3063 3072/833/3072

usemtl material_740
vt 0.4757142 0.8980379
f 3072/833/3072 3081/869/3081 3082/775/3082

usemtl material_741
vt 0.7414830 0.8539687
f 3170/683/3170 3162/870/3162 3167/684/3167

usemtl material_742
f 3167/684/3167 3162/870/3162 3156/729/3156

usemtl material_743
f 3157/835/3157 3160/730/3160 3158/550/3158

usemtl material_744
f 3157/835/3157 3189/836/3189 3160/730/3160

usemtl material_745
f 2038/739/2038 2006/803/2006 2037/731/2037

usemtl material_746
vt 0.1650427 0.7752202
f 2006/803/2006 2003/871/2003 2037/731/2037

usemtl material_747
f 2039/732/2039 2037/731/2037 2004/837/2004

usemtl material_748
f 2037/731/2037 2003/871/2003 2004/837/2004

usemtl material_749
vt 0.2388887 0.7763552
f 2035/798/2035 2004/837/2004 1998/872/1998

usemtl material_750
f 2035/798/2035 1998/872/1998 2036/733/2036

usemtl material_751
vt 0.2998033 0.7769032
f 1998/872/1998 1999/873/1999 2036/733/2036

usemtl material_752
f 1999/873/1999 2000/838/2000 2036/733/2036

usemtl material_753
f 2030/734/2030 2000/838/2000 2031/735/2031

usemtl material_754
f 2031/735/2031 2000/838/2000 2032/799/2032

usemtl material_755
vt 0.3848809 0.7758473
f 2000/838/2000 2001/874/2001 2032/799/2032

usemtl material_756
f 2001/874/2001 2029/800/2029 2032/799/2032

usemtl material_757
vt 0.4223672 0.7763163
f 1996/875/1996 1997/839/1997 2029/800/2029

usemtl material_758
vt 0.6762898 0.8372195
f 3189/836/3189 3238/876/3238 3183/693/3183

usemtl material_136
vt 0.1450102 0.7756426
f 2040/741/2040 2027/877/2027 2006/803/2006

usemtl material_759
f 2026/804/2026 2163/840/2163 2181/777/2181

usemtl material_366
f 2172/696/2172 2163/840/2163 2167/806/2167

usemtl material_760
f 2163/840/2163 2156/846/2156 2167/806/2167

usemtl material_761
f 2018/780/2018 1989/842/1989 2020/746/2020

usemtl material_610
f 1987/848/1987 1992/843/1992 2011/748/2011

usemtl material_604
f 2011/748/2011 1992/843/1992 2016/705/2016

usemtl material_762
f 1992/843/1992 1993/844/1993 2015/749/2015

usemtl material_763
vt 0.1139781 0.7663746
f 1985/805/1985 1967/878/1967 2012/695/2012

usemtl material_764
f 2012/695/2012 1967/878/1967 1994/845/1994

usemtl material_765
f 2023/655/2023 1994/845/1994 2010/707/2010

usemtl material_82
vt 0.1316991 0.7676080
f 2010/707/2010 1994/845/1994 1995/879/1995

usemtl material_766
vt 0.1330013 0.7804649
f 2010/707/2010 1995/879/1995 2019/880/2019

usemtl material_767
vt 0.1342860 0.7708832
f 1995/879/1995 2014/881/2014 2019/880/2019

usemtl material_485
f 2166/807/2166 2154/808/2154 2171/779/2171

usemtl material_670
vt 0.6038898 0.7690843
f 2166/807/2166 2155/882/2155 2154/808/2154

usemtl material_460
vt 0.1053083 0.3338658
vt 0.1301743 0.3315839
f 1486/814/1486 1488/883/1488 1492/884/1492

usemtl material_208
vt 0.7973903 0.2003277
vt 0.7924282 0.2033842
vt 0.8153352 0.2075085
f 2643/885/2643 2641/886/2641 2644/887/2644

usemtl material_460
vt 0.8071835 0.2030100
f 2645/888/2645 2643/885/2643 2644/887/2644

usemtl material_248
vt 0.1468460 0.3384144
f 964/853/964 1030/852/1030 1031/889/1031

usemtl material_568
vt 0.1379286 0.3439071
vt 0.1343507 0.3408699
f 1033/890/1033 1048/855/1048 1055/891/1055

usemtl material_768
vt 0.8350501 0.8596007
f 3213/724/3213 3221/679/3221 3222/892/3222

usemtl material_769
f 3213/724/3213 3212/856/3212 3208/635/3208

usemtl material_770
vt 0.5467901 0.9616572
f 119/893/119 71/861/71 139/860/139

usemtl material_771
vt 0.5703107 0.9665924
f 71/861/71 72/894/72 73/794/73

usemtl material_732
f 72/894/72 74/867/74 73/794/73

usemtl material_772
vt 0.5906871 0.9789155
f 74/867/74 76/895/76 75/795/75

usemtl material_773
vt 0.4656066 0.8387383
vt 0.4621338 0.8455090
f 3069/834/3069 3071/896/3071 3064/897/3064

usemtl material_774
f 3069/834/3069 3064/897/3064 3068/831/3068

usemtl material_655
f 3068/831/3068 3064/897/3064 3065/832/3065

usemtl material_661
f 3065/832/3065 3064/897/3064 3063/868/3063

usemtl material_775
vt 0.4652478 0.8967447
f 3063/868/3063 3074/898/3074 3072/833/3072

usemtl material_776
f 3072/833/3072 3074/898/3074 3081/869/3081

usemtl material_777
vt 0.7267423 0.8608212
f 3156/729/3156 3159/899/3159 3157/835/3157

usemtl material_778
vt 0.7024896 0.8584655
f 3157/835/3157 3188/900/3188 3189/836/3189

usemtl material_779
vt 0.4967705 0.7759668
f 1997/839/1997 2005/901/2005 2033/776/2033

usemtl material_780
f 2033/776/2033 2005/901/2005 2034/801/2034

usemtl material_781
f 2034/801/2034 2005/901/2005 2007/802/2007

usemtl material_782
vt 0.1912441 0.7671100
f 2003/871/2003 1758/902/1758 2004/837/2004

usemtl material_783
f 1758/902/1758 1998/872/1998 2004/837/2004

usemtl material_784
f 2001/874/2001 1996/875/1996 2029/800/2029

usemtl material_641
vt 0.5191646 0.7606840
f 2007/802/2007 1756/903/1756 2026/804/2026

usemtl material_785
f 3238/876/3238 3241/778/3241 3183/693/3183

usemtl material_365
vt 0.5267898 0.7694677
f 2026/804/2026 2025/904/2025 2163/840/2163

usemtl material_786
vt 0.1449023 0.7666050
f 2027/877/2027 2014/881/2014 2002/905/2002

usemtl material_695
vt 0.5303495 0.7598687
f 2025/904/2025 2168/906/2168 2163/840/2163

usemtl material_670
f 2156/846/2156 2155/882/2155 2166/807/2166

usemtl material_697
vt 0.6552403 0.7627681
f 2154/808/2154 2157/907/2157 2170/809/2170

usemtl material_167
f 2170/809/2170 2157/907/2157 2184/841/2184

usemtl material_787
vt 0.0123812 0.7616506
f 2018/780/2018 1986/908/1986 1989/842/1989

usemtl material_205
vt 0.0979180 0.7560976
vt 0.1045379 0.7579171
f 1956/909/1956 1965/910/1965 1985/805/1985

usemtl material_788
f 1985/805/1985 1965/910/1965 1967/878/1967

usemtl material_789
vt 0.8679437 0.8553761
f 3233/781/3233 3234/911/3234 3229/793/3229

usemtl material_790
vt 0.4353564 0.3331516
vt 0.4026064 0.3343101
f 966/912/966 955/818/955 967/913/967

usemtl material_791
vt 0.1427826 0.3337768
vt 0.1382284 0.3309247
f 1032/914/1032 1033/890/1033 1046/915/1046

usemtl material_18
f 1046/915/1046 1033/890/1033 1055/891/1055

usemtl material_792
vt 0.1188492 0.8987336
vt 0.1246118 0.9053762
f 2673/916/2673 2669/859/2669 2672/917/2672

usemtl material_661
vt 0.1629508 0.9007625
f 2664/918/2664 2665/862/2665 2666/863/2666
f 2664/918/2664 2666/863/2666 2678/864/2678

usemtl material_793
vt 0.1740342 0.9013641
f 2678/864/2678 2686/865/2686 2681/919/2681

usemtl material_794
vt 0.5489333 0.9614491
f 119/893/119 70/920/70 71/861/71

usemtl material_795
f 75/795/75 76/895/76 77/830/77

usemtl material_796
vt 0.4691155 0.8989528
f 3081/869/3081 3074/898/3074 3105/921/3105

usemtl material_797
vt 0.7478139 0.8788416
f 3170/683/3170 3163/922/3163 3162/870/3162

usemtl material_798
vt 0.7121556 0.8709002
f 3159/899/3159 3187/923/3187 3157/835/3157

usemtl material_799
vt 0.4551403 0.7615064
f 1996/875/1996 1753/924/1753 1997/839/1997

usemtl material_800
f 1997/839/1997 1753/924/1753 2005/901/2005

usemtl material_139
vt 0.1505856 0.7593296
f 2002/905/2002 1750/925/1750 2006/803/2006

usemtl material_801
f 2027/877/2027 2002/905/2002 2006/803/2006

usemtl material_802
f 2006/803/2006 1750/925/1750 2003/871/2003

usemtl material_803
vt 0.1669494 0.7600555
f 1751/926/1751 1758/902/1758 2003/871/2003

usemtl material_804
vt 0.2354268 0.7600715
f 1758/902/1758 1745/927/1745 1998/872/1998

usemtl material_805
f 1998/872/1998 1745/927/1745 1999/873/1999

usemtl material_806
vt 0.3110084 0.7603086
f 1999/873/1999 1746/928/1746 2000/838/2000

usemtl material_807
vt 0.3458978 0.7607726
f 1746/928/1746 1749/929/1749 2000/838/2000

usemtl material_641
vt 0.5127514 0.7614943
f 2007/802/2007 1755/930/1755 1756/903/1756
f 1756/903/1756 2025/904/2025 2026/804/2026

usemtl material_558
vt 0.5269665 0.7635778
f 2025/904/2025 1759/931/1759 2168/906/2168

usemtl material_808
vt 0.8833224 0.2802887
vt 0.8686396 0.2738200
vt 0.8777268 0.2921748
f 3771/932/3771 3764/933/3764 3773/934/3773

usemtl material_809
vt 0.5324132 0.7545788
f 2168/906/2168 2142/935/2142 2163/840/2163

usemtl material_810
vt 0.8681777 0.2834336
f 3773/934/3773 3764/933/3764 3774/936/3774

usemtl material_811
vt 0.1343313 0.7553492
f 2014/881/2014 1995/879/1995 1977/937/1977

usemtl material_365
f 2163/840/2163 2142/935/2142 2156/846/2156

usemtl material_528
vt 0.5940841 0.7609584
f 2156/846/2156 2150/938/2150 2155/882/2155

usemtl material_485
vt 0.6485462 0.7555059
f 2150/938/2150 2140/939/2140 2154/808/2154

usemtl material_670
f 2155/882/2155 2150/938/2150 2154/808/2154

usemtl material_485
f 2154/808/2154 2140/939/2140 2157/907/2157

usemtl material_812
vt 0.0164992 0.7541724
f 1986/908/1986 1942/940/1942 1989/842/1989

usemtl material_813
vt 0.0327104 0.7556253
f 1988/810/1988 1949/941/1949 1990/847/1990

usemtl material_814
vt 0.0434878 0.7554374
f 1949/941/1949 1948/942/1948 1990/847/1990

usemtl material_815
f 1990/847/1990 1948/942/1948 1991/811/1991

usemtl material_720
f 1991/811/1991 1948/942/1948 1978/812/1978

usemtl material_816
vt 0.0618730 0.7556118
f 1948/942/1948 1955/943/1955 1978/812/1978

usemtl material_489
f 1978/812/1978 1955/943/1955 1987/848/1987

usemtl material_25
vt 0.0756972 0.7560585
f 1987/848/1987 1955/943/1955 1954/944/1954

usemtl material_817
f 1954/944/1954 1992/843/1992 1987/848/1987

usemtl material_818
vt 0.0886356 0.7557740
f 1992/843/1992 1957/945/1957 1993/844/1993

usemtl material_819
f 1993/844/1993 1956/909/1956 1985/805/1985

usemtl material_820
vt 0.1194239 0.7537101
vt 0.1314327 0.7534165
f 1994/845/1994 1951/946/1951 1953/947/1953

usemtl material_821
f 1994/845/1994 1953/947/1953 1995/879/1995

usemtl material_611
vt 0.7913942 0.7246584
vt 0.7790233 0.7104887
f 2384/948/2384 2388/813/2388 2372/949/2372

usemtl material_248
vt 0.1463750 0.3260980
f 1032/914/1032 1061/950/1061 1031/889/1031

usemtl material_170
vt 0.7967695 0.2056649
vt 0.8047551 0.2069255
f 2641/886/2641 2647/951/2647 2646/952/2646

usemtl material_822
vt 0.2304688 0.3302488
vt 0.2294160 0.3438880
vt 0.2069745 0.3402597
f 973/953/973 963/954/963 961/955/961

usemtl material_823
vt 0.1975741 0.3285270
vt 0.1685245 0.3408198
f 974/956/974 961/955/961 962/957/962

usemtl material_824
vt 0.8281397 0.8829179
f 3222/892/3222 3218/958/3218 3213/724/3213

usemtl material_825
f 3213/724/3213 3218/958/3218 3212/856/3212

usemtl material_655
vt 0.5383682 0.9451524
f 68/959/68 70/920/70 119/893/119

usemtl material_653
vt 0.1695068 0.9137995
f 2664/918/2664 2678/864/2678 2662/960/2662

usemtl material_826
f 2662/960/2662 2678/864/2678 2681/919/2681

usemtl material_827
vt 0.5591014 0.9562032
f 70/920/70 69/961/69 71/861/71

usemtl material_772
f 71/861/71 69/961/69 72/894/72

usemtl material_828
vt 0.6109505 0.9931989
f 77/830/77 76/895/76 78/962/78

usemtl material_829
vt 0.4546821 0.8379745
f 3069/834/3069 3075/963/3075 3071/896/3071

usemtl material_830
vt 0.7631227 0.8750793
f 3170/683/3170 3171/964/3171 3163/922/3163

usemtl material_831
f 3071/896/3071 3075/963/3075 3064/897/3064

usemtl material_661
vt 0.4456105 0.8569171
f 3064/897/3064 3061/965/3061 3063/868/3063

usemtl material_832
f 3162/870/3162 3159/899/3159 3156/729/3156

usemtl material_833
f 3187/923/3187 3188/900/3188 3157/835/3157

usemtl material_834
f 3188/900/3188 3238/876/3238 3189/836/3189

usemtl material_835
f 1750/925/1750 1751/926/1751 2003/871/2003

usemtl material_836
f 1745/927/1745 1746/928/1746 1999/873/1999

usemtl material_837
f 2000/838/2000 1749/929/1749 2001/874/2001

usemtl material_838
vt 0.3846481 0.7607080
f 1749/929/1749 1748/966/1748 2001/874/2001

usemtl material_839
vt 0.4147511 0.7609136
f 2001/874/2001 1748/966/1748 1747/967/1747

usemtl material_840
f 2001/874/2001 1747/967/1747 1996/875/1996

usemtl material_841
f 1747/967/1747 1753/924/1753 1996/875/1996

usemtl material_842
vt 0.4945334 0.7610968
f 1753/924/1753 1754/968/1754 2005/901/2005

usemtl material_843
f 1754/968/1754 2007/802/2007 2005/901/2005

usemtl material_844
f 2007/802/2007 1754/968/1754 1755/930/1755

usemtl material_641
f 1756/903/1756 1759/931/1759 2025/904/2025

usemtl material_611
vt 0.5489174 0.7564168
f 2142/935/2142 2144/969/2144 2156/846/2156

usemtl material_529
f 2156/846/2156 2144/969/2144 2150/938/2150

usemtl material_51
vt 0.0291790 0.7554769
f 1942/940/1942 1950/970/1950 1988/810/1988

usemtl material_33
f 1989/842/1989 1942/940/1942 1988/810/1988

usemtl material_158
f 1988/810/1988 1950/970/1950 1949/941/1949

usemtl material_845
f 1992/843/1992 1954/944/1954 1957/945/1957

usemtl material_846
f 1993/844/1993 1957/945/1957 1956/909/1956

usemtl material_847
f 1967/878/1967 1951/946/1951 1994/845/1994

usemtl material_848
f 1953/947/1953 1977/937/1977 1995/879/1995

usemtl material_124
vt 0.7776949 0.7587904
vt 0.7917472 0.7567428
vt 0.7799922 0.7454795
f 2367/971/2367 2386/972/2386 2374/973/2374

usemtl material_459
vt 0.7879562 0.1980194
f 2643/885/2643 2642/974/2642 2641/886/2641

usemtl material_528
vt 0.5162280 0.3161286
vt 0.5175325 0.3300964
vt 0.5142940 0.3236846
f 987/975/987 995/976/995 978/977/978

usemtl material_849
vt 0.9328005 0.5645325
vt 0.9384808 0.5891286
vt 0.9594460 0.5960768
f 3376/978/3376 3370/979/3370 3375/980/3375

usemtl material_850
f 973/953/973 961/955/961 974/956/974

usemtl material_851
vt 0.9583536 0.3376441
vt 0.9476923 0.3344256
vt 0.9651043 0.3519264
f 3029/981/3029 2994/982/2994 2986/983/2986

usemtl material_852
vt 0.8927812 0.3475938
vt 0.8994511 0.3725442
vt 0.9210185 0.3509014
f 2839/984/2839 2821/985/2821 2818/986/2818

usemtl material_655
vt 0.5354998 0.9426402
f 163/987/163 68/959/68 119/893/119

usemtl material_853
vt 0.1187401 0.9216343
f 2677/988/2677 2673/916/2673 2672/917/2672

usemtl material_854
vt 0.1740066 0.9168853
f 2662/960/2662 2681/919/2681 2682/989/2682

usemtl material_855
vt 0.8033699 0.8747196
f 3204/725/3204 3205/990/3205 3196/829/3196

usemtl material_856
vt 0.9518259 0.0899017
vt 0.9581637 0.1005098
vt 0.9589537 0.0859060
f 4007/991/4007 4009/992/4009 4010/993/4010

usemtl material_857
vt 0.9543006 0.0797398
f 4010/993/4010 4011/994/4011 4007/991/4007

usemtl material_858
vt 0.9620935 0.1005293
vt 0.9644852 0.0849882
f 4010/993/4010 4028/995/4028 3995/996/3995

usemtl material_859
vt 0.9656809 0.0994048
f 3995/996/3995 4028/995/4028 3996/997/3996

usemtl material_860
vt 0.9523246 0.1007987
f 4007/991/4007 4008/998/4008 4009/992/4009

usemtl material_861
f 4010/993/4010 4009/992/4009 4028/995/4028

usemtl material_862
vt 0.7806022 0.8735697
f 3196/829/3196 3182/999/3182 3192/866/3192

usemtl material_863
f 74/867/74 72/894/72 76/895/76

usemtl material_864
vt 0.9594684 0.1143551
f 4008/998/4008 4037/1000/4037 4009/992/4009

usemtl material_865
f 4009/992/4009 4037/1000/4037 4028/995/4028

usemtl material_866
vt 0.9527735 0.1151510
vt 0.9548744 0.1131690
f 4008/998/4008 4039/1001/4039 4038/1002/4038

usemtl material_867
f 4008/998/4008 4038/1002/4038 4037/1000/4037

usemtl material_868
vt 0.9654153 0.1144857
f 4037/1000/4037 4002/1003/4002 4028/995/4028

usemtl material_869
f 4028/995/4028 4002/1003/4002 3996/997/3996

usemtl material_870
vt 0.9659110 0.1194881
f 4037/1000/4037 4004/1004/4004 4002/1003/4002

usemtl material_871
f 3171/964/3171 3170/683/3170 3178/636/3178

usemtl material_872
vt 0.6014298 0.9804429
f 76/895/76 79/1005/79 78/962/78

usemtl material_873
vt 0.4589867 0.8998984
vt 0.4542261 0.8983219
f 3107/1006/3107 3074/898/3074 3084/1007/3084

usemtl material_874
vt 0.4465498 0.8868282
f 3061/965/3061 3060/1008/3060 3063/868/3063

usemtl material_875
vt 0.4394910 0.8960157
f 3060/1008/3060 3073/1009/3073 3063/868/3063

usemtl material_876
f 3063/868/3063 3073/1009/3073 3074/898/3074

usemtl material_877
f 3074/898/3074 3073/1009/3073 3084/1007/3084

usemtl material_878
vt 0.4479020 0.8983761
f 3073/1009/3073 3083/1010/3083 3084/1007/3084

usemtl material_879
f 3163/922/3163 3159/899/3159 3162/870/3162

usemtl material_880
vt 0.4446300 0.8388712
f 3075/963/3075 3062/1011/3062 3064/897/3064

usemtl material_881
vt 0.1935512 0.7559804
f 1751/926/1751 1711/1012/1711 1758/902/1758

usemtl material_882
f 1711/1012/1711 1745/927/1745 1758/902/1758

usemtl material_883
vt 0.2799181 0.7580529
f 1745/927/1745 1744/1013/1744 1746/928/1746

usemtl material_884
vt 0.1447316 0.7569487
f 2002/905/2002 1752/1014/1752 1750/925/1750

usemtl material_885
vt 0.5271031 0.7562997
f 1759/931/1759 1757/1015/1757 2168/906/2168

usemtl material_528
vt 0.5849264 0.7532589
f 2144/969/2144 2143/1016/2143 2150/938/2150

usemtl material_886
vt 0.6551403 0.7532687
f 2140/939/2140 2148/1017/2148 2157/907/2157

usemtl material_887
vt 0.0123866 0.7482201
f 1986/908/1986 1958/1018/1958 1942/940/1942

usemtl material_888
vt 0.1050766 0.7414110
f 1956/909/1956 1918/1019/1918 1965/910/1965

usemtl material_889
vt 0.1139011 0.7489529
f 1965/910/1965 1944/1020/1944 1967/878/1967

usemtl material_890
f 1967/878/1967 1944/1020/1944 1951/946/1951

usemtl material_891
vt 0.9234803 0.5704334
vt 0.9191825 0.5835972
f 3378/1021/3378 3368/1022/3368 3376/978/3376

usemtl material_892
f 3376/978/3376 3368/1022/3368 3370/979/3370

usemtl material_292
vt 0.7777509 0.1964465
f 2642/974/2642 2639/1023/2639 2641/886/2641

usemtl material_893
vt 0.2675632 0.3276137
vt 0.2313177 0.3178883
f 975/1024/975 973/953/973 983/1025/983

usemtl material_894
f 983/1025/983 973/953/973 974/956/974

usemtl material_178
vt 0.1351528 0.3322670
vt 0.1342962 0.3272007
f 1046/915/1046 1058/1026/1058 1059/1027/1059

usemtl material_895
vt 0.8480951 0.8677981
f 3229/793/3229 3226/1028/3226 3221/679/3221

usemtl material_896
f 3221/679/3221 3226/1028/3226 3222/892/3222

usemtl material_654
vt 0.1322733 0.9330788
f 2671/1029/2671 2672/917/2672 2669/859/2669
vt 0.1592030 0.9218447
f 2669/859/2669 2665/862/2665 2663/1030/2663

usemtl material_874
f 2663/1030/2663 2664/918/2664 2662/960/2662

usemtl material_654
f 68/959/68 69/961/69 70/920/70

usemtl material_897
vt 0.8115049 0.8768932
f 3212/856/3212 3209/1031/3209 3204/725/3204

usemtl material_898
vt 0.9589153 0.0743009
vt 0.9652323 0.0742049
f 4012/1032/4012 3995/996/3995 4023/1033/4023

usemtl material_899
vt 0.9663920 0.0831590
f 3995/996/3995 3999/1034/3999 4023/1033/4023

usemtl material_900
f 4011/994/4011 4010/993/4010 4012/1032/4012

usemtl material_901
f 4012/1032/4012 4010/993/4010 3995/996/3995

usemtl material_902
vt 0.9496651 0.0810103
f 4025/1035/4025 4007/991/4007 4011/994/4011

usemtl material_732
vt 0.5706157 0.9629933
vt 0.5879052 0.9740357
f 115/1036/115 116/1037/116 72/894/72

usemtl material_772
f 72/894/72 116/1037/116 76/895/76

usemtl material_903
vt 0.9695878 0.1142059
vt 0.9704840 0.0960268
f 3996/997/3996 4001/1038/4001 3998/1039/3998

usemtl material_904
f 3182/999/3182 3178/636/3178 3192/866/3192

usemtl material_905
f 3182/999/3182 3171/964/3171 3178/636/3178

usemtl material_906
vt 0.9536801 0.1238289
f 4039/1001/4039 4040/1040/4040 4038/1002/4038

usemtl material_907
f 4038/1002/4038 4040/1040/4040 4037/1000/4037

usemtl material_908
vt 0.9607435 0.1273472
f 4040/1040/4040 4041/1041/4041 4037/1000/4037

usemtl material_909
vt 0.9666649 0.1272663
f 4041/1041/4041 4006/1042/4006 4004/1004/4004

usemtl material_910
f 4037/1000/4037 4041/1041/4041 4004/1004/4004

usemtl material_911
vt 0.1953662 0.8549926
vt 0.1996617 0.8608478
vt 0.1950807 0.8587843
f 4236/1043/4236 4210/1044/4210 4115/1045/4115

usemtl material_880
vt 0.4373421 0.8379065
f 3075/963/3075 3079/1046/3079 3062/1011/3062

usemtl material_661
f 3064/897/3064 3062/1011/3062 3061/965/3061

usemtl material_912
vt 0.4400926 0.8984405
f 3073/1009/3073 3080/1047/3080 3083/1010/3083

usemtl material_913
vt 0.9088787 0.2586404
vt 0.8965743 0.2535677
f 3768/1048/3768 3765/1049/3765 3771/932/3771

usemtl material_914
vt 0.1670363 0.7453413
f 1751/926/1751 1668/1050/1668 1711/1012/1711

usemtl material_915
f 1756/903/1756 1757/1015/1757 1759/931/1759

usemtl material_187
vt 0.6587372 0.7447469
f 2148/1017/2148 2161/1051/2161 2184/841/2184

usemtl material_810
vt 0.8597436 0.2732912
f 3764/933/3764 3772/1052/3772 3774/936/3774

usemtl material_916
f 2143/1016/2143 2140/939/2140 2150/938/2150

usemtl material_485
vt 0.6503260 0.7466367
f 2140/939/2140 2136/1053/2136 2148/1017/2148

usemtl material_517
f 1965/910/1965 1918/1019/1918 1944/1020/1944

usemtl material_22
vt 0.1424420 0.3189276
vt 0.1467935 0.3144698
f 1053/1054/1053 1071/1055/1071 1061/950/1061

usemtl material_55
vt 0.7864079 0.2031777
f 2640/1056/2640 2641/886/2641 2639/1023/2639

usemtl material_248
vt 0.1487430 0.3205558
f 1061/950/1061 1071/1055/1071 982/1057/982

usemtl material_661
f 2671/1029/2671 2669/859/2669 2663/1030/2663

usemtl material_917
vt 0.1740992 0.9287945
f 2662/960/2662 2682/989/2682 2683/1058/2683

usemtl material_732
vt 0.5459537 0.9363113
f 68/959/68 67/1059/67 69/961/69

usemtl material_918
vt 0.9591358 0.0616101
vt 0.9632457 0.0674595
f 4015/1060/4015 4012/1032/4012 4019/1061/4019

usemtl material_919
vt 0.8187393 0.8791746
f 3212/856/3212 3216/1062/3216 3209/1031/3209

usemtl material_920
vt 0.9524739 0.0697911
f 4013/1063/4013 4012/1032/4012 4015/1060/4015

usemtl material_921
vt 0.9659175 0.0659131
f 4019/1061/4019 4023/1033/4023 4030/1064/4030

usemtl material_922
vt 0.5585762 0.9505050
vt 0.5624719 0.9570676
f 69/961/69 101/1065/101 117/1066/117

usemtl material_923
vt 0.1293263 0.8323365
vt 0.1341906 0.8346059
vt 0.1274816 0.8337830
f 4220/1067/4220 4221/1068/4221 4230/1069/4230

usemtl material_924
vt 0.9495607 0.0768084
f 4014/1070/4014 4011/994/4011 4013/1063/4013

usemtl material_925
vt 0.1273245 0.8361719
f 4230/1069/4230 4221/1068/4221 4279/1071/4279

usemtl material_926
f 4013/1063/4013 4011/994/4011 4012/1032/4012

usemtl material_927
f 3209/1031/3209 3205/990/3205 3204/725/3204

usemtl material_928
vt 0.8032360 0.8795345
f 3256/1072/3256 3196/829/3196 3205/990/3205

usemtl material_929
vt 0.7867849 0.8982405
vt 0.7905411 0.8954072
vt 0.7936979 0.8985952
f 3276/1073/3276 3278/1074/3278 3279/1075/3279

usemtl material_930
vt 0.7958081 0.8837154
f 3279/1075/3279 3278/1074/3278 3255/1076/3255

usemtl material_931
vt 0.7868868 0.8780749
f 3255/1076/3255 3254/1077/3254 3256/1072/3256

usemtl material_932
f 3256/1072/3256 3254/1077/3254 3196/829/3196

usemtl material_528
vt 0.7846482 0.8866696
f 3278/1074/3278 3277/1078/3277 3255/1076/3255

usemtl material_933
vt 0.7813000 0.8833574
f 3277/1078/3277 3253/1079/3253 3255/1076/3255

usemtl material_153
f 3255/1076/3255 3253/1079/3253 3254/1077/3254

usemtl material_934
vt 0.7815575 0.8959584
f 3276/1073/3276 3275/1080/3275 3278/1074/3278

usemtl material_935
f 3278/1074/3278 3275/1080/3275 3277/1078/3277

usemtl material_936
f 3277/1078/3277 3275/1080/3275 3253/1079/3253

usemtl material_937
vt 0.7794088 0.8782942
f 3253/1079/3253 3252/1081/3252 3254/1077/3254

usemtl material_934
vt 0.7729664 0.8989352
f 3276/1073/3276 3274/1082/3274 3275/1080/3275

usemtl material_360
vt 0.7704766 0.8850155
f 3253/1079/3253 3251/1083/3251 3252/1081/3252

usemtl material_938
vt 0.7660319 0.8763931
f 3252/1081/3252 3251/1083/3251 3244/1084/3244

usemtl material_939
f 3252/1081/3252 3244/1084/3244 3182/999/3182

usemtl material_509
f 3275/1080/3275 3274/1082/3274 3253/1079/3253

usemtl material_287
f 3253/1079/3253 3274/1082/3274 3251/1083/3251

usemtl material_940
f 3244/1084/3244 3171/964/3171 3182/999/3182

usemtl material_827
vt 0.5968889 0.9775066
vt 0.6082541 0.9783919
f 127/1085/127 80/1086/80 79/1005/79

usemtl material_941
vt 0.1748733 0.8491553
vt 0.1822006 0.8561410
vt 0.1797445 0.8578018
f 4242/1087/4242 4113/1088/4113 4280/1089/4280

usemtl material_942
vt 0.9614312 0.9242886
vt 0.9589381 0.9148574
vt 0.9543326 0.9203235
f 3889/1090/3889 3888/1091/3888 3887/1092/3887

usemtl material_943
vt 0.7544903 0.8794064
f 3244/1084/3244 3243/1093/3243 3171/964/3171

usemtl material_944
f 3171/964/3171 3243/1093/3243 3163/922/3163

usemtl material_945
vt 0.1841929 0.8612593
f 4113/1088/4113 4237/1094/4237 4280/1089/4280

usemtl material_946
vt 0.9535516 0.9062501
vt 0.9479414 0.9081286
vt 0.9483058 0.9197304
f 3886/1095/3886 3898/1096/3898 3896/1097/3896

usemtl material_947
f 3887/1092/3887 3886/1095/3886 3896/1097/3896

usemtl material_948
f 79/1005/79 80/1086/80 78/962/78
vt 0.6167175 0.9786565
f 80/1086/80 25/1098/25 78/962/78

usemtl material_949
vt 0.7394125 0.8833573
f 3163/922/3163 3164/1099/3164 3159/899/3159

usemtl material_874
vt 0.4281395 0.8437345
f 3062/1011/3062 3056/1100/3056 3061/965/3061

usemtl material_653
f 3061/965/3061 3056/1100/3056 3060/1008/3060

usemtl material_875
vt 0.4250885 0.8819171
f 3060/1008/3060 3058/1101/3058 3073/1009/3073

usemtl material_950
f 3765/1049/3765 3764/933/3764 3771/932/3771

usemtl material_951
f 1750/925/1750 1668/1050/1668 1751/926/1751

usemtl material_952
vt 0.2358063 0.7446191
f 1711/1012/1711 1670/1102/1670 1745/927/1745

usemtl material_953
vt 0.2655719 0.7443649
f 1745/927/1745 1670/1102/1670 1666/1103/1666

usemtl material_954
f 1745/927/1745 1666/1103/1666 1744/1013/1744

usemtl material_955
vt 0.3442095 0.7449748
f 1749/929/1749 1746/928/1746 1672/1104/1672

usemtl material_956
vt 0.3909737 0.7463861
f 1672/1104/1672 1673/1105/1673 1748/966/1748

usemtl material_957
f 1749/929/1749 1672/1104/1672 1748/966/1748

usemtl material_958
f 1748/966/1748 1673/1105/1673 1747/967/1747

usemtl material_959
vt 0.4124153 0.7452762
f 1747/967/1747 1673/1105/1673 1674/1106/1674

usemtl material_960
vt 0.4279734 0.7444839
f 1747/967/1747 1674/1106/1674 1671/1107/1671

usemtl material_961
f 1747/967/1747 1671/1107/1671 1753/924/1753

usemtl material_962
vt 0.4583683 0.7460448
f 1671/1107/1671 1678/1108/1678 1753/924/1753

usemtl material_963
f 1753/924/1753 1678/1108/1678 1754/968/1754

usemtl material_964
vt 0.4986583 0.7460405
f 1678/1108/1678 1679/1109/1679 1754/968/1754

usemtl material_965
f 1679/1109/1679 1755/930/1755 1754/968/1754

usemtl material_884
vt 0.1447362 0.7432523
f 1752/1014/1752 1682/1110/1682 1750/925/1750

usemtl material_966
vt 0.5271664 0.7489491
f 1756/903/1756 1712/1111/1712 1757/1015/1757

usemtl material_967
f 1757/1015/1757 1712/1111/1712 2168/906/2168

usemtl material_759
vt 0.5312500 0.7439398
vt 0.5472476 0.7414936
f 2139/1112/2139 2134/1113/2134 2142/935/2142

usemtl material_365
f 2142/935/2142 2134/1113/2134 2144/969/2144

usemtl material_760
vt 0.5916463 0.7406561
f 2144/969/2144 2134/1113/2134 2133/1114/2133

usemtl material_529
f 2144/969/2144 2133/1114/2133 2143/1016/2143

usemtl material_968
vt 0.0156870 0.7399782
f 1958/1018/1958 1914/1115/1914 1942/940/1942

usemtl material_66
vt 0.0290389 0.7407654
f 1942/940/1942 1913/1116/1913 1950/970/1950

usemtl material_84
vt 0.0330760 0.7413486
f 1950/970/1950 1913/1116/1913 1916/1117/1916

usemtl material_816
f 1950/970/1950 1916/1117/1916 1949/941/1949

usemtl material_969
vt 0.0424785 0.7415376
f 1916/1117/1916 1915/1118/1915 1948/942/1948

usemtl material_970
f 1949/941/1949 1916/1117/1916 1948/942/1948

usemtl material_971
vt 0.0475814 0.7419437
f 1948/942/1948 1915/1118/1915 1917/1119/1917

usemtl material_588
vt 0.0594412 0.7422490
f 1917/1119/1917 1922/1120/1922 1955/943/1955

usemtl material_816
f 1948/942/1948 1917/1119/1917 1955/943/1955

usemtl material_66
f 1955/943/1955 1922/1120/1922 1954/944/1954

usemtl material_972
vt 0.0776547 0.7404449
f 1922/1120/1922 1924/1121/1924 1954/944/1954

usemtl material_973
vt 0.0888597 0.7430848
f 1954/944/1954 1924/1121/1924 1923/1122/1923

usemtl material_974
f 1954/944/1954 1923/1122/1923 1957/945/1957

usemtl material_190
vt 0.0978923 0.7422724
f 1957/945/1957 1925/1123/1925 1956/909/1956

usemtl material_975
f 1956/909/1956 1925/1123/1925 1918/1019/1918

usemtl material_612
vt 0.1298850 0.7386802
f 1951/946/1951 1921/1124/1921 1953/947/1953

usemtl material_976
vt 0.7634358 0.7635035
vt 0.7825335 0.7634032
f 2367/971/2367 2365/1125/2365 2389/1126/2389

usemtl material_446
vt 0.7643675 0.6625156
vt 0.7789735 0.6620416
vt 0.7786483 0.6507757
f 2353/1127/2353 2377/1128/2377 2376/1129/2376

usemtl material_977
vt 0.9105776 0.5861945
f 3378/1021/3378 3374/1130/3374 3368/1022/3368

usemtl material_661
vt 0.5264487 0.9253577
f 66/1131/66 68/959/68 163/987/163

usemtl material_655
vt 0.5251968 0.9264221
f 164/1132/164 66/1131/66 163/987/163

usemtl material_978
vt 0.1189811 0.9417104
f 2677/988/2677 2672/917/2672 2676/1133/2676

usemtl material_979
f 2676/1133/2676 2672/917/2672 2671/1029/2671

usemtl material_980
vt 0.1512515 0.9414046
f 2660/1134/2660 2663/1030/2663 2662/960/2662

usemtl material_981
vt 0.1740896 0.9386875
f 2660/1134/2660 2662/960/2662 2658/1135/2658

usemtl material_982
f 2658/1135/2658 2662/960/2662 2683/1058/2683

usemtl material_983
f 3226/1028/3226 3218/958/3218 3222/892/3222

usemtl material_984
vt 0.8248458 0.8815179
f 3218/958/3218 3223/1136/3223 3212/856/3212

usemtl material_985
f 3212/856/3212 3223/1136/3223 3216/1062/3216

usemtl material_863
vt 0.5503930 0.9398035
f 67/1059/67 35/1137/35 69/961/69

usemtl material_986
vt 0.9660489 0.0558816
f 4019/1061/4019 4030/1064/4030 4029/1138/4029

usemtl material_662
f 69/961/69 35/1137/35 101/1065/101

usemtl material_987
vt 0.9519701 0.0626777
f 4016/1139/4016 4013/1063/4013 4015/1060/4015

usemtl material_988
vt 0.8062476 0.8858379
vt 0.8116653 0.8828518
f 3257/1140/3257 3256/1072/3256 3258/1141/3258

usemtl material_989
f 3258/1141/3258 3256/1072/3256 3205/990/3205
f 3258/1141/3258 3205/990/3205 3209/1031/3209

usemtl material_662
vt 0.5640064 0.9556572
f 39/1142/39 117/1066/117 101/1065/101

usemtl material_990
f 3257/1140/3257 3255/1076/3255 3256/1072/3256

usemtl material_991
vt 0.8037698 0.9006985
f 3280/1143/3280 3279/1075/3279 3257/1140/3257

usemtl material_992
f 3257/1140/3257 3279/1075/3279 3255/1076/3255

usemtl material_993
f 39/1142/39 115/1036/115 117/1066/117

usemtl material_770
vt 0.5640104 0.9515741
vt 0.5816078 0.9635279
f 12/1144/12 13/1145/13 39/1142/39

usemtl material_732
vt 0.5952029 0.9744323
f 39/1142/39 40/1146/40 115/1036/115

usemtl material_827
f 39/1142/39 13/1145/13 40/1146/40

usemtl material_662
f 40/1146/40 116/1037/116 115/1036/115

usemtl material_994
vt 0.6012291 0.9730836
f 40/1146/40 13/1145/13 14/1147/14

usemtl material_995
f 40/1146/40 127/1085/127 116/1037/116

usemtl material_996
vt 0.7606618 0.8991805
f 3274/1082/3274 3272/1148/3272 3251/1083/3251

usemtl material_405
vt 0.7588781 0.8871189
f 3251/1083/3251 3272/1148/3272 3250/1149/3250

usemtl material_58
f 3251/1083/3251 3250/1149/3250 3244/1084/3244

usemtl material_997
vt 0.7617415 0.9022815
f 3291/1150/3291 3272/1148/3272 3274/1082/3274

usemtl material_29
f 3250/1149/3250 3243/1093/3243 3244/1084/3244

usemtl material_998
vt 0.9610073 0.9094135
f 3884/1151/3884 3886/1095/3886 3887/1092/3887

usemtl material_999
f 3888/1091/3888 3884/1151/3884 3887/1092/3887

usemtl material_948
vt 0.6229924 0.9769611
f 25/1098/25 81/1152/81 78/962/78

usemtl material_1000
vt 0.6281731 0.9928077
f 78/962/78 81/1152/81 84/1153/84

usemtl material_682
f 3056/1100/3056 3058/1101/3058 3060/1008/3060

usemtl material_1001
vt 0.4285688 0.8985498
f 3080/1047/3080 3073/1009/3073 3078/1154/3078

usemtl material_874
f 3079/1046/3079 3056/1100/3056 3062/1011/3062

usemtl material_1002
vt 0.4245504 0.8918039
f 3058/1101/3058 3077/1155/3077 3073/1009/3073

usemtl material_1003
f 3073/1009/3073 3077/1155/3077 3078/1154/3078

usemtl material_655
vt 0.4237231 0.8386248
f 3079/1046/3079 3059/1156/3059 3056/1100/3056

usemtl material_1004
vt 0.8876160 0.2430053
f 3765/1049/3765 3757/1157/3757 3764/933/3764

usemtl material_1005
vt 0.5132510 0.7443682
f 1679/1109/1679 1680/1158/1680 1755/930/1755

usemtl material_139
vt 0.1493825 0.7435084
f 1682/1110/1682 1662/1159/1662 1750/925/1750

usemtl material_1006
f 1750/925/1750 1662/1159/1662 1668/1050/1668

usemtl material_1007
vt 0.3178356 0.7446104
f 1666/1103/1666 1667/1160/1667 1744/1013/1744

usemtl material_1008
f 1744/1013/1744 1667/1160/1667 1746/928/1746

usemtl material_1009
f 1746/928/1746 1667/1160/1667 1672/1104/1672

usemtl material_966
vt 0.5192481 0.7441241
f 1755/930/1755 1703/1161/1703 1756/903/1756

usemtl material_1010
f 1756/903/1756 1703/1161/1703 1712/1111/1712

usemtl material_809
f 2168/906/2168 1712/1111/1712 2139/1112/2139

usemtl material_695
f 2168/906/2168 2139/1112/2139 2142/935/2142

usemtl material_1011
vt 0.8611737 0.2635119
f 3764/933/3764 3760/1162/3760 3772/1052/3772

usemtl material_68
f 1942/940/1942 1914/1115/1914 1913/1116/1913

usemtl material_1012
vt 0.1189117 0.7387467
f 1944/1020/1944 1920/1163/1920 1951/946/1951

usemtl material_283
f 1951/946/1951 1920/1163/1920 1921/1124/1921

usemtl material_1013
vt 0.1337883 0.7355285
f 1953/947/1953 1934/1164/1934 1977/937/1977

usemtl material_528
f 2143/1016/2143 2133/1114/2133 2140/939/2140

usemtl material_670
vt 0.6447007 0.7414055
f 2140/939/2140 2133/1114/2133 2128/1165/2128

usemtl material_485
f 2140/939/2140 2128/1165/2128 2136/1053/2136

usemtl material_57
vt 0.6547611 0.7338740
f 2136/1053/2136 2135/1166/2135 2148/1017/2148

usemtl material_205
f 2148/1017/2148 2135/1166/2135 2161/1051/2161

usemtl material_1014
f 1957/945/1957 1923/1122/1923 1925/1123/1925

usemtl material_1015
vt 0.1185478 0.9490075
vt 0.1306227 0.9476314
vt 0.1283593 0.9502568
f 2655/1167/2655 2690/1168/2690 2649/1169/2649

usemtl material_1016
vt 0.1211910 0.9435639
f 2655/1167/2655 2680/1170/2680 2690/1168/2690

usemtl material_1017
vt 0.1723526 0.9471726
f 2649/1169/2649 2690/1168/2690 2657/1171/2657
vt 0.1705858 0.9497141
f 2649/1169/2649 2657/1171/2657 2650/1172/2650

usemtl material_1018
vt 0.1548360 0.9457868
f 2690/1168/2690 2692/1173/2692 2657/1171/2657

usemtl material_1019
f 3229/793/3229 3234/911/3234 3226/1028/3226

usemtl material_1020
vt 0.1647966 0.9436609
f 2657/1171/2657 2659/1174/2659 2658/1135/2658

usemtl material_1021
vt 0.1304197 0.9412887
f 2676/1133/2676 2671/1029/2671 2661/1175/2661

usemtl material_654
f 2671/1029/2671 2660/1134/2660 2661/1175/2661

usemtl material_1022
vt 0.8348340 0.8851423
f 3226/1028/3226 3227/1176/3227 3218/958/3218

usemtl material_1023
vt 0.9524137 0.0484763
vt 0.9622265 0.0513960
f 4017/1177/4017 4015/1060/4015 4018/1178/4018

usemtl material_1024
vt 0.9497088 0.0559644
f 4020/1179/4020 4016/1139/4016 4017/1177/4017

usemtl material_1025
f 4017/1177/4017 4016/1139/4016 4015/1060/4015

usemtl material_919
vt 0.8192730 0.8847832
f 3260/1180/3260 3258/1141/3258 3216/1062/3216

usemtl material_1026
vt 0.8140730 0.8875722
f 3260/1180/3260 3259/1181/3259 3258/1141/3258

usemtl material_1027
vt 0.8113236 0.9025867
f 3283/1182/3283 3257/1140/3257 3259/1181/3259

usemtl material_1028
f 3258/1141/3258 3209/1031/3209 3216/1062/3216

usemtl material_994
f 35/1137/35 12/1144/12 101/1065/101

usemtl material_1029
f 3283/1182/3283 3280/1143/3280 3257/1140/3257

usemtl material_1030
f 3259/1181/3259 3257/1140/3257 3258/1141/3258

usemtl material_662
f 101/1065/101 12/1144/12 39/1142/39

usemtl material_827
f 40/1146/40 80/1086/80 127/1085/127

usemtl material_863
f 40/1146/40 14/1147/14 80/1086/80

usemtl material_1031
vt 0.7550712 0.9035157
f 3291/1150/3291 3287/1183/3287 3272/1148/3272

usemtl material_1032
vt 0.7501168 0.8980761
f 3287/1183/3287 3282/1184/3282 3272/1148/3272

usemtl material_1033
vt 0.7467639 0.8911861
f 3272/1148/3272 3282/1184/3282 3246/1185/3246

usemtl material_405
f 3272/1148/3272 3246/1185/3246 3250/1149/3250

usemtl material_458
vt 0.7489216 0.8843529
f 3246/1185/3246 3245/1186/3245 3243/1093/3243

usemtl material_58
f 3250/1149/3250 3246/1185/3246 3243/1093/3243

usemtl material_770
f 80/1086/80 14/1147/14 25/1098/25

usemtl material_1034
f 3245/1186/3245 3163/922/3163 3243/1093/3243

usemtl material_1035
vt 0.7427554 0.8838912
f 3245/1186/3245 3186/1187/3186 3163/922/3163

usemtl material_1036
vt 0.9894345 0.9818466
vt 0.9842941 0.9726030
vt 0.9832655 0.9808955
f 3959/1188/3959 3957/1189/3957 3960/1190/3960

usemtl material_1037
f 3163/922/3163 3186/1187/3186 3164/1099/3164

usemtl material_1038
vt 0.9614312 0.9015292
vt 0.9542282 0.8964359
f 3885/1191/3885 3890/1192/3890 3886/1095/3886

usemtl material_1039
f 3884/1151/3884 3885/1191/3885 3886/1095/3886

usemtl material_1040
vt 0.9477857 0.8975194
f 3890/1192/3890 3899/1193/3899 3898/1096/3898

usemtl material_1041
f 3886/1095/3886 3890/1192/3890 3898/1096/3898

usemtl material_1042
vt 0.7305905 0.8895420
f 3159/899/3159 3185/1194/3185 3187/923/3187

usemtl material_1043
vt 0.6433327 0.9910751
vt 0.6416415 0.9931926
f 84/1153/84 83/1195/83 113/1196/113

usemtl material_682
vt 0.4250949 0.8561675
f 3056/1100/3056 3057/1197/3057 3058/1101/3058

usemtl material_661
f 3059/1156/3059 3057/1197/3057 3056/1100/3056

usemtl material_1044
vt 0.4208130 0.8941875
f 3077/1155/3077 3095/1198/3095 3078/1154/3078

usemtl material_661
vt 0.4229195 0.8829804
f 3093/1199/3093 3095/1198/3095 3077/1155/3077

usemtl material_1045
vt 0.4178469 0.8968045
f 3095/1198/3095 3096/1200/3096 3078/1154/3078

usemtl material_732
vt 0.4138325 0.8384882
vt 0.4138575 0.8511478
vt 0.4180872 0.8473566
f 3101/1201/3101 3099/1202/3099 3100/1203/3100

usemtl material_1046
vt 0.4182964 0.8387288
f 3102/1204/3102 3101/1201/3101 3100/1203/3100

usemtl material_661
vt 0.4175728 0.8870518
f 3100/1203/3100 3099/1202/3099 3097/1205/3097

usemtl material_1047
f 3100/1203/3100 3097/1205/3097 3095/1198/3095

usemtl material_1048
f 3097/1205/3097 3096/1200/3096 3095/1198/3095

usemtl material_1049
f 3757/1157/3757 3760/1162/3760 3764/933/3764

usemtl material_1050
vt 0.1914018 0.7428706
f 1668/1050/1668 1669/1206/1669 1711/1012/1711

usemtl material_1051
f 1711/1012/1711 1669/1206/1669 1670/1102/1670

usemtl material_641
f 1755/930/1755 1680/1158/1680 1703/1161/1703

usemtl material_1052
vt 0.5272633 0.7408065
f 1703/1161/1703 1681/1207/1681 1712/1111/1712

usemtl material_405
f 1712/1111/1712 1681/1207/1681 2139/1112/2139

usemtl material_759
vt 0.5324143 0.7380971
f 2139/1112/2139 2129/1208/2129 2134/1113/2134

usemtl material_1053
vt 0.0125148 0.7338439
f 1958/1018/1958 1937/1209/1937 1914/1115/1914

usemtl material_1054
vt 0.1136578 0.7375275
f 1918/1019/1918 1919/1210/1919 1944/1020/1944

usemtl material_763
f 1944/1020/1944 1919/1210/1919 1920/1163/1920

usemtl material_128
f 1921/1124/1921 1934/1164/1934 1953/947/1953

usemtl material_615
vt 0.9106937 0.5947459
f 3374/1130/3374 3366/1211/3366 3368/1022/3368

usemtl material_360
vt 0.7684218 0.1955590
vt 0.7786559 0.2012803
f 2639/1023/2639 2591/1212/2591 2638/1213/2638

usemtl material_335
vt 0.1487816 0.3074161
f 1071/1055/1071 997/1214/997 982/1057/982

usemtl material_1055
vt 0.5181227 0.9179490
vt 0.5205411 0.9193648
vt 0.5199167 0.9226299
f 160/1215/160 63/1216/63 126/1217/126

usemtl material_661
vt 0.1291121 0.9530169
vt 0.1682669 0.9548002
f 2648/1218/2648 2650/1172/2650 2651/1219/2651

usemtl material_1056
vt 0.1739467 0.9505812
f 2651/1219/2651 2650/1172/2650 2656/1220/2656

usemtl material_661
f 2690/1168/2690 2680/1170/2680 2692/1173/2692

usemtl material_654
f 2680/1170/2680 2659/1174/2659 2692/1173/2692

usemtl material_1017
f 2692/1173/2692 2659/1174/2659 2657/1171/2657

usemtl material_1057
vt 0.8506461 0.8881598
f 3234/911/3234 3235/1221/3235 3226/1028/3226

usemtl material_794
f 126/1217/126 66/1131/66 164/1132/164

usemtl material_1058
f 2655/1167/2655 2676/1133/2676 2680/1170/2680

usemtl material_874
f 126/1217/126 63/1216/63 66/1131/66

usemtl material_1059
f 2680/1170/2680 2676/1133/2676 2661/1175/2661

usemtl material_995
f 2680/1170/2680 2661/1175/2661 2659/1174/2659

usemtl material_654
f 2661/1175/2661 2660/1134/2660 2659/1174/2659

usemtl material_655
f 66/1131/66 67/1059/67 68/959/68

usemtl material_1060
vt 0.9493495 0.0463358
f 4024/1222/4024 4020/1179/4020 4017/1177/4017

usemtl material_1061
vt 0.9656530 0.0442230
f 4018/1178/4018 4029/1138/4029 4031/1223/4031

usemtl material_1028
f 3260/1180/3260 3216/1062/3216 3223/1136/3223

usemtl material_1062
vt 0.8239305 0.8895978
f 3261/1224/3261 3259/1181/3259 3260/1180/3260

usemtl material_863
vt 0.5515260 0.9342375
f 35/1137/35 11/1225/11 12/1144/12

usemtl material_1063
vt 0.7491672 0.9064106
f 3287/1183/3287 3288/1226/3288 3282/1184/3282

usemtl material_360
f 3246/1185/3246 3186/1187/3186 3245/1186/3245

usemtl material_1064
vt 0.9610285 0.8956131
f 3885/1191/3885 3891/1227/3891 3890/1192/3890

usemtl material_1065
f 3164/1099/3164 3185/1194/3185 3159/899/3159

usemtl material_1066
f 81/1152/81 83/1195/83 84/1153/84

usemtl material_1067
vt 0.6488311 0.9943921
f 113/1196/113 83/1195/83 96/1228/96

usemtl material_734
vt 0.4223790 0.8421963
f 3059/1156/3059 3094/1229/3094 3057/1197/3057

usemtl material_682
f 3094/1229/3094 3093/1199/3093 3057/1197/3057
f 3057/1197/3057 3093/1199/3093 3058/1101/3058
f 3058/1101/3058 3093/1199/3093 3077/1155/3077

usemtl material_1046
f 3059/1156/3059 3102/1204/3102 3094/1229/3094

usemtl material_1068
vt 0.6460447 0.9964431
f 113/1196/113 96/1228/96 124/1230/124

usemtl material_1069
vt 0.2226838 0.8861092
vt 0.2205129 0.8878868
vt 0.2130512 0.8820296
f 4247/1231/4247 4122/1232/4122 4119/1233/4119

usemtl material_1070
vt 0.2128347 0.8787779
f 4212/1234/4212 4247/1231/4247 4119/1233/4119

usemtl material_1071
vt 0.9182190 0.2460807
vt 0.9049659 0.2379175
f 3769/1235/3769 3762/1236/3762 3768/1048/3768

usemtl material_1072
vt 0.2244424 0.8894813
f 4247/1231/4247 4267/1237/4267 4122/1232/4122

usemtl material_1073
vt 0.6504900 0.9961731
f 124/1230/124 96/1228/96 142/1238/142

usemtl material_863
vt 0.4121747 0.8430126
f 3101/1201/3101 3103/1239/3103 3099/1202/3099

usemtl material_1074
vt 0.6084480 0.2916843
vt 0.6079230 0.3414730
vt 0.6060894 0.2996293
f 4286/1240/4286 4288/1241/4288 4289/1242/4289

usemtl material_1075
vt 0.4147793 0.8966756
f 3097/1205/3097 3099/1202/3099 3098/1243/3098

usemtl material_1076
vt 0.6054833 0.3457786
f 4289/1242/4289 4288/1241/4288 4290/1244/4290

usemtl material_1077
f 3097/1205/3097 3098/1243/3098 3096/1200/3096

usemtl material_1078
f 3768/1048/3768 3762/1236/3762 3765/1049/3765
f 3762/1236/3762 3757/1157/3757 3765/1049/3765

usemtl material_1079
vt 0.8514718 0.2617544
f 3760/1162/3760 3761/1245/3761 3772/1052/3772

usemtl material_670
vt 0.6246438 0.7278419
f 2133/1114/2133 2123/1246/2123 2128/1165/2128

usemtl material_485
vt 0.6492927 0.7287987
f 2128/1165/2128 2127/1247/2127 2136/1053/2136

usemtl material_534
f 2136/1053/2136 2127/1247/2127 2135/1166/2135

usemtl material_1080
vt 0.9360293 0.6120335
f 3368/1022/3368 3366/1211/3366 3364/1248/3364

usemtl material_1081
f 3368/1022/3368 3364/1248/3364 3370/979/3370

usemtl material_1082
vt 0.9556050 0.6185591
f 3370/979/3370 3369/1249/3369 3375/980/3375

usemtl material_770
vt 0.5354089 0.9133214
f 66/1131/66 65/1250/65 67/1059/67

usemtl material_731
vt 0.8437495 0.8923941
f 3226/1028/3226 3236/1251/3236 3227/1176/3227

usemtl material_1083
vt 0.9518856 0.0404490
f 4024/1222/4024 4017/1177/4017 4022/1252/4022

usemtl material_1084
vt 0.1012549 0.8384013
vt 0.1062059 0.8384534
vt 0.1013467 0.8415120
f 4196/1253/4196 4223/1254/4223 4272/1255/4272

usemtl material_1085
vt 0.9590321 0.0410085
f 4022/1252/4022 4017/1177/4017 4021/1256/4021

usemtl material_1086
f 4021/1256/4021 4017/1177/4017 4018/1178/4018

usemtl material_1087
f 4021/1256/4021 4018/1178/4018 4031/1223/4031

usemtl material_863
vt 0.5402862 0.9142169
f 67/1059/67 26/1257/26 35/1137/35

usemtl material_931
vt 0.8309680 0.8903484
f 3262/1258/3262 3261/1224/3261 3223/1136/3223

usemtl material_1088
f 3262/1258/3262 3223/1136/3223 3218/958/3218

usemtl material_1089
vt 0.8240538 0.8946883
f 3273/1259/3273 3259/1181/3259 3261/1224/3261

usemtl material_863
vt 0.5766353 0.9206365
f 12/1144/12 3/1260/3 13/1145/13
vt 0.6126916 0.9455287
f 13/1145/13 3/1260/3 2/1261/2

usemtl material_1090
vt 0.7379417 0.8973281
f 3288/1226/3288 3268/1262/3268 3282/1184/3282

usemtl material_809
f 3282/1184/3282 3268/1262/3268 3246/1185/3246

usemtl material_404
vt 0.7369466 0.8901753
f 3246/1185/3246 3194/1263/3194 3186/1187/3186

usemtl material_153
f 3194/1263/3194 3164/1099/3164 3186/1187/3186

usemtl material_399
f 3194/1263/3194 3185/1194/3185 3164/1099/3164

usemtl material_1091
vt 0.9612985 0.8871215
vt 0.9588128 0.8873326
f 3891/1227/3891 3897/1264/3897 3892/1265/3892

usemtl material_1092
vt 0.9539986 0.8776206
f 3892/1265/3892 3893/1266/3893 3890/1192/3890

usemtl material_1093
f 3891/1227/3891 3892/1265/3892 3890/1192/3890

usemtl material_1094
vt 0.9505050 0.8815105
f 3893/1266/3893 3895/1267/3895 3890/1192/3890

usemtl material_1095
f 3890/1192/3890 3895/1267/3895 3899/1193/3899

usemtl material_1096
vt 0.9465631 0.8879912
f 3899/1193/3899 3895/1267/3895 3904/1268/3904

usemtl material_1097
vt 0.6304607 0.9757251
f 81/1152/81 82/1269/82 83/1195/83

usemtl material_1098
vt 0.7254153 0.8934892
f 3185/1194/3185 3239/1270/3239 3187/923/3187

usemtl material_1099
vt 0.6554502 0.9823713
f 83/1195/83 86/1271/86 96/1228/96

usemtl material_1100
vt 0.6130211 0.2962332
vt 0.6116948 0.3310161
f 4286/1240/4286 4285/1272/4285 4283/1273/4283

usemtl material_1101
f 4286/1240/4286 4283/1273/4283 4288/1241/4288

usemtl material_1102
vt 0.6120651 0.3376492
f 4288/1241/4288 4283/1273/4283 4293/1274/4293

usemtl material_1049
vt 0.8572460 0.2525114
f 3757/1157/3757 3752/1275/3752 3760/1162/3760

usemtl material_1103
vt 0.1663707 0.7292935
f 1662/1159/1662 1651/1276/1651 1668/1050/1668

usemtl material_1104
f 1668/1050/1668 1651/1276/1651 1669/1206/1669

usemtl material_1105
vt 0.2356113 0.7334335
f 1669/1206/1669 1660/1277/1660 1670/1102/1670

usemtl material_1106
f 1670/1102/1670 1660/1277/1660 1666/1103/1666

usemtl material_1107
vt 0.2872722 0.7288494
f 1666/1103/1666 1648/1278/1648 1667/1160/1667

usemtl material_1108
vt 0.3238702 0.7296265
f 1667/1160/1667 1647/1279/1647 1672/1104/1672

usemtl material_1109
vt 0.3475491 0.7296618
f 1647/1279/1647 1656/1280/1656 1672/1104/1672

usemtl material_1110
f 1672/1104/1672 1656/1280/1656 1673/1105/1673

usemtl material_1111
vt 0.3800712 0.7301161
f 1673/1105/1673 1656/1280/1656 1653/1281/1653

usemtl material_1112
vt 0.4203469 0.7298428
f 1653/1281/1653 1654/1282/1654 1674/1106/1674

usemtl material_1113
f 1673/1105/1673 1653/1281/1653 1674/1106/1674

usemtl material_688
f 1654/1282/1654 1671/1107/1671 1674/1106/1674

usemtl material_1114
vt 0.4576768 0.7309480
f 1671/1107/1671 1655/1283/1655 1678/1108/1678

usemtl material_1115
f 1678/1108/1678 1655/1283/1655 1679/1109/1679

usemtl material_641
vt 0.5129761 0.7303919
f 1680/1158/1680 1658/1284/1658 1703/1161/1703

usemtl material_1116
vt 0.1444866 0.7301173
f 1682/1110/1682 1659/1285/1659 1662/1159/1662

usemtl material_1117
f 1934/1164/1934 1659/1285/1659 1682/1110/1682

usemtl material_695
vt 0.5303999 0.7297800
f 1681/1207/1681 2152/1286/2152 2139/1112/2139

usemtl material_1118
f 2139/1112/2139 2152/1286/2152 2129/1208/2129

usemtl material_365
vt 0.5456809 0.7283751
f 2129/1208/2129 2122/1287/2122 2134/1113/2134

usemtl material_760
vt 0.5863083 0.7276067
f 2134/1113/2134 2121/1288/2121 2133/1114/2133

usemtl material_672
f 2133/1114/2133 2121/1288/2121 2123/1246/2123

usemtl material_485
f 2128/1165/2128 2123/1246/2123 2127/1247/2127

usemtl material_1119
vt 0.0130495 0.7252490
f 1937/1209/1937 1895/1289/1895 1914/1115/1914

usemtl material_1120
vt 0.0168421 0.7246521
f 1895/1289/1895 1878/1290/1878 1914/1115/1914

usemtl material_87
f 1914/1115/1914 1878/1290/1878 1913/1116/1913

usemtl material_1121
vt 0.0330090 0.7239937
f 1913/1116/1913 1881/1291/1881 1916/1117/1916

usemtl material_970
vt 0.0424788 0.7269578
f 1881/1291/1881 1886/1292/1886 1915/1118/1915

usemtl material_1122
f 1916/1117/1916 1881/1291/1881 1915/1118/1915

usemtl material_1123
vt 0.0486124 0.7280599
f 1915/1118/1915 1886/1292/1886 1877/1293/1877

usemtl material_1
f 1915/1118/1915 1877/1293/1877 1917/1119/1917

usemtl material_1124
f 1917/1119/1917 1877/1293/1877 1922/1120/1922

usemtl material_406
vt 0.0593498 0.7255687
f 1922/1120/1922 1877/1293/1877 1876/1294/1876

usemtl material_528
vt 0.0668108 0.7263607
f 1876/1294/1876 1879/1295/1879 1922/1120/1922

usemtl material_1125
f 1922/1120/1922 1879/1295/1879 1924/1121/1924

usemtl material_1126
vt 0.0831836 0.7264597
f 1924/1121/1924 1880/1296/1880 1923/1122/1923

usemtl material_973
vt 0.0907368 0.7272243
vt 0.0978708 0.7254018
f 1923/1122/1923 1896/1297/1896 1874/1298/1874

usemtl material_1127
f 1923/1122/1923 1874/1298/1874 1925/1123/1925

usemtl material_1128
f 1925/1123/1925 1874/1298/1874 1918/1019/1918

usemtl material_1129
vt 0.1133952 0.7231129
f 1918/1019/1918 1882/1299/1882 1919/1210/1919

usemtl material_1130
vt 0.1301278 0.7258111
f 1920/1163/1920 1898/1300/1898 1921/1124/1921

usemtl material_1131
vt 0.2987885 0.2935199
vt 0.2997892 0.3082709
vt 0.2625999 0.2948896
f 1012/1301/1012 994/1302/994 1010/1303/1010

usemtl material_347
vt 0.1434636 0.3052487
vt 0.1426761 0.2953094
f 1067/1304/1067 1073/1305/1073 997/1214/997

usemtl material_1019
vt 0.9772904 0.6288198
f 3375/980/3375 3369/1249/3369 3371/1306/3371

usemtl material_1132
vt 0.9172405 0.3898631
vt 0.9437473 0.3736649
vt 0.9355635 0.3592757
f 2803/1307/2803 2802/1308/2802 2813/1309/2813

usemtl material_1133
f 63/1216/63 65/1250/65 66/1131/66

usemtl material_1134
f 3226/1028/3226 3235/1221/3235 3236/1251/3236

usemtl material_863
f 65/1250/65 26/1257/26 67/1059/67

usemtl material_1135
vt 0.9562466 0.0323030
vt 0.9589329 0.0294120
f 4026/1310/4026 4021/1256/4021 4032/1311/4032

usemtl material_1136
vt 0.9655885 0.0321118
f 4032/1311/4032 4021/1256/4021 4033/1312/4033

usemtl material_1137
f 4022/1252/4022 4021/1256/4021 4026/1310/4026

usemtl material_1138
f 4021/1256/4021 4031/1223/4031 4033/1312/4033

usemtl material_662
f 26/1257/26 11/1225/11 35/1137/35

usemtl material_1139
vt 0.8330918 0.8942993
f 3262/1258/3262 3263/1313/3263 3261/1224/3261

usemtl material_1140
f 3262/1258/3262 3218/958/3218 3227/1176/3227

usemtl material_863
f 13/1145/13 2/1261/2 14/1147/14
vt 0.6248061 0.9713725
f 14/1147/14 15/1314/15 25/1098/25

usemtl material_1141
f 15/1314/15 82/1269/82 81/1152/81

usemtl material_863
f 25/1098/25 15/1314/15 81/1152/81

usemtl material_25
f 3246/1185/3246 3268/1262/3268 3194/1263/3194

usemtl material_933
vt 0.7293888 0.8951892
f 3268/1262/3268 3248/1315/3248 3194/1263/3194

usemtl material_1142
vt 0.7401891 0.9112942
f 3288/1226/3288 3290/1316/3290 3268/1262/3268

usemtl material_1143
vt 0.9605547 0.8773789
f 3897/1264/3897 3894/1317/3894 3892/1265/3892

usemtl material_1144
vt 0.9465613 0.8782786
f 3895/1267/3895 3906/1318/3906 3904/1268/3904

usemtl material_662
vt 0.6455876 0.9762704
f 82/1269/82 85/1319/85 83/1195/83

usemtl material_1145
vt 0.9314886 0.2236006
vt 0.9199075 0.2210932
f 3770/1320/3770 3763/1321/3763 3769/1235/3769

usemtl material_1146
f 3769/1235/3769 3763/1321/3763 3762/1236/3762

usemtl material_1147
vt 0.6078743 0.2868441
vt 0.6163364 0.2896388
f 4292/1322/4292 4287/1323/4287 4286/1240/4286

usemtl material_1100
f 4286/1240/4286 4287/1323/4287 4285/1272/4285

usemtl material_1148
vt 0.6155868 0.3116613
f 4285/1272/4285 4281/1324/4281 4283/1273/4283

usemtl material_1149
vt 0.6130362 0.3339826
f 4283/1273/4283 4284/1325/4284 4293/1274/4293

usemtl material_1150
vt 0.6228834 0.3457342
f 4288/1241/4288 4293/1274/4293 4315/1326/4315

usemtl material_1151
vt 0.6271750 0.3490853
f 4288/1241/4288 4315/1326/4315 4296/1327/4296

usemtl material_1152
f 4288/1241/4288 4296/1327/4296 4290/1244/4290

usemtl material_1153
vt 0.2165611 0.9140936
f 4267/1237/4267 4134/1328/4134 4122/1232/4122

usemtl material_1154
f 1671/1107/1671 1654/1282/1654 1655/1283/1655

usemtl material_1155
vt 0.4883438 0.7300154
f 1655/1283/1655 1657/1329/1657 1679/1109/1679

usemtl material_1156
f 1657/1329/1657 1658/1284/1658 1679/1109/1679

usemtl material_1005
f 1679/1109/1679 1658/1284/1658 1680/1158/1680

usemtl material_767
vt 0.1495165 0.7279550
f 1659/1285/1659 1652/1330/1652 1662/1159/1662

usemtl material_1157
f 1662/1159/1662 1652/1330/1652 1651/1276/1651

usemtl material_1158
vt 0.1915664 0.7285965
f 1651/1276/1651 1650/1331/1650 1669/1206/1669

usemtl material_1159
f 1669/1206/1669 1650/1331/1650 1660/1277/1660

usemtl material_1160
f 1660/1277/1660 1648/1278/1648 1666/1103/1666

usemtl material_1161
f 1648/1278/1648 1647/1279/1647 1667/1160/1667

usemtl material_915
vt 0.5213373 0.7300841
f 1703/1161/1703 1658/1284/1658 1675/1332/1675

usemtl material_1162
vt 0.5273773 0.7303333
f 1675/1332/1675 1677/1333/1677 1681/1207/1681

usemtl material_1163
f 1703/1161/1703 1675/1332/1675 1681/1207/1681

usemtl material_557
f 1681/1207/1681 1677/1333/1677 2152/1286/2152

usemtl material_1164
f 3752/1275/3752 3761/1245/3761 3760/1162/3760

usemtl material_483
vt 0.5329291 0.7264465
f 2129/1208/2129 2120/1334/2120 2122/1287/2122

usemtl material_760
f 2134/1113/2134 2122/1287/2122 2121/1288/2121

usemtl material_75
vt 0.0293282 0.7269727
f 1878/1290/1878 1894/1335/1894 1913/1116/1913

usemtl material_130
f 1913/1116/1913 1894/1335/1894 1881/1291/1881

usemtl material_1165
f 1879/1295/1879 1880/1296/1880 1924/1121/1924

usemtl material_1166
f 1880/1296/1880 1896/1297/1896 1923/1122/1923

usemtl material_605
vt 0.1186550 0.7255364
f 1882/1299/1882 1897/1336/1897 1920/1163/1920

usemtl material_1167
f 1919/1210/1919 1882/1299/1882 1920/1163/1920

usemtl material_283
f 1920/1163/1920 1897/1336/1897 1898/1300/1898

usemtl material_362
vt 0.9034470 0.5968433
f 3374/1130/3374 3373/1337/3373 3366/1211/3366

usemtl material_172
vt 0.7561524 0.1949851
vt 0.7639157 0.1998081
f 2591/1212/2591 2589/1338/2589 2636/1339/2636

usemtl material_1168
vt 0.2515822 0.3031923
vt 0.2320666 0.3078820
vt 0.2342566 0.2923683
f 999/1340/999 998/1341/998 1013/1342/1013

usemtl material_1169
vt 0.1923802 0.2950456
f 1013/1342/1013 998/1341/998 1014/1343/1014

usemtl material_1080
f 3364/1248/3364 3369/1249/3369 3370/979/3370

usemtl material_1170
vt 0.9464152 0.2854171
vt 0.9477053 0.2800273
vt 0.9511801 0.2846879
f 3580/1344/3580 3581/1345/3581 3587/1346/3587

usemtl material_1171
vt 0.5310273 0.9094825
f 63/1216/63 62/1347/62 65/1250/65

usemtl material_1172
vt 0.9523462 0.0296276
f 4027/1348/4027 4022/1252/4022 4026/1310/4026

usemtl material_988
vt 0.8388056 0.8948861
f 3264/1349/3264 3263/1313/3263 3262/1258/3262

usemtl material_1173
vt 0.8261201 0.9089850
f 3289/1350/3289 3273/1259/3273 3263/1313/3263

usemtl material_995
vt 0.5447055 0.9138370
f 26/1257/26 10/1351/10 11/1225/11

usemtl material_1174
f 3273/1259/3273 3261/1224/3261 3263/1313/3263

usemtl material_863
f 14/1147/14 2/1261/2 15/1314/15

usemtl material_1175
vt 0.7333359 0.9120935
vt 0.7298200 0.8998127
f 3290/1316/3290 3293/1352/3293 3281/1353/3281

usemtl material_1176
f 3268/1262/3268 3290/1316/3290 3281/1353/3281

usemtl material_1177
f 3194/1263/3194 3248/1315/3248 3185/1194/3185

usemtl material_112
f 3248/1315/3248 3239/1270/3239 3185/1194/3185

usemtl material_1178
vt 0.9888392 0.9520403
vt 0.9850254 0.9511606
vt 0.9847326 0.9600888
f 3954/1354/3954 3951/1355/3951 3952/1356/3952

usemtl material_1179
f 3892/1265/3892 3894/1317/3894 3893/1266/3893

usemtl material_1056
vt 0.6191546 0.2967540
vt 0.6187521 0.3061623
f 4285/1272/4285 4291/1357/4291 4294/1358/4294

usemtl material_1170
f 4285/1272/4285 4294/1358/4294 4281/1324/4281

usemtl material_1101
vt 0.6178808 0.3304492
vt 0.6190872 0.3335556
f 4282/1359/4282 4297/1360/4297 4284/1325/4284

usemtl material_1074
f 4287/1323/4287 4291/1357/4291 4285/1272/4285

usemtl material_1147
vt 0.4186803 0.9049796
vt 0.4136450 0.9089890
vt 0.4183374 0.9098344
f 3600/1361/3600 3597/1362/3597 3589/1363/3589

usemtl material_1100
vt 0.6170139 0.3358024
f 4284/1325/4284 4313/1364/4313 4293/1274/4293

usemtl material_1180
vt 0.6253459 0.3383367
f 4293/1274/4293 4313/1364/4313 4314/1365/4314

usemtl material_1181
vt 0.2404235 0.7281184
f 1660/1277/1660 1650/1331/1650 1649/1366/1649

usemtl material_1182
f 1660/1277/1660 1649/1366/1649 1648/1278/1648

usemtl material_1183
f 2129/1208/2129 2152/1286/2152 2120/1334/2120

usemtl material_1184
vt 0.8464514 0.2548892
f 3752/1275/3752 3758/1367/3758 3761/1245/3761

usemtl material_517
vt 0.1058328 0.7243387
f 1874/1298/1874 1887/1368/1887 1918/1019/1918

usemtl material_534
vt 0.6540993 0.7151862
f 2127/1247/2127 2125/1369/2125 2135/1166/2135

usemtl material_141
f 1918/1019/1918 1887/1368/1887 1882/1299/1882

usemtl material_694
vt 0.1331012 0.7259040
f 1921/1124/1921 1909/1370/1909 1934/1164/1934

usemtl material_1185
f 1921/1124/1921 1898/1300/1898 1909/1370/1909

usemtl material_1170
vt 0.9521375 0.2881098
vt 0.9369853 0.2851927
f 3583/1371/3583 3575/1372/3575 3580/1344/3580

usemtl material_874
vt 0.5263885 0.8986837
vt 0.5282364 0.8983735
f 159/1373/159 61/1374/61 63/1216/63

usemtl material_1055
f 160/1215/160 159/1373/159 63/1216/63

usemtl material_874
f 63/1216/63 61/1374/61 62/1347/62

usemtl material_827
vt 0.5420021 0.9041764
f 65/1250/65 103/1375/103 26/1257/26

usemtl material_1186
vt 0.8389384 0.8989073
f 3264/1349/3264 3265/1376/3265 3263/1313/3263

usemtl material_863
f 11/1225/11 3/1260/3 12/1144/12
vt 0.6386800 0.9682541
f 15/1314/15 17/1377/17 82/1269/82

usemtl material_1187
f 3268/1262/3268 3281/1353/3281 3248/1315/3248

usemtl material_662
vt 0.6462412 0.9696162
f 17/1377/17 104/1378/104 82/1269/82

usemtl material_1188
vt 0.9814523 0.9522199
f 3952/1356/3952 3951/1355/3951 3946/1379/3946

usemtl material_7
vt 0.9358376 0.2219222
vt 0.9277458 0.2182449
f 3794/1380/3794 3767/1381/3767 3770/1320/3770

usemtl material_863
f 82/1269/82 104/1378/104 85/1319/85

usemtl material_1189
vt 0.2005102 0.8917701
vt 0.2000504 0.9001926
vt 0.1989780 0.8916982
f 4120/1382/4120 4204/1383/4204 4266/1384/4266

usemtl material_1190
vt 0.9573523 0.8696738
f 3894/1317/3894 3900/1385/3900 3893/1266/3893

usemtl material_1191
vt 0.9475059 0.8709430
f 3893/1266/3893 3903/1386/3903 3895/1267/3895

usemtl material_1192
f 3895/1267/3895 3903/1386/3903 3906/1318/3906

usemtl material_770
f 85/1319/85 86/1271/86 83/1195/83

usemtl material_1193
vt 0.4146188 0.9150848
f 3597/1362/3597 3592/1387/3592 3589/1363/3589

usemtl material_1194
f 4293/1274/4293 4314/1365/4314 4315/1326/4315

usemtl material_801
vt 0.1471972 0.7135906
f 1659/1285/1659 1605/1388/1605 1652/1330/1652

usemtl material_1195
vt 0.6481551 0.7158045
f 2123/1246/2123 2113/1389/2113 2127/1247/2127

usemtl material_1196
vt 0.0128150 0.7111589
f 1895/1289/1895 1888/1390/1888 1878/1290/1878

usemtl material_90
vt 0.0293054 0.7135095
f 1878/1290/1878 1865/1391/1865 1894/1335/1894

usemtl material_816
f 1894/1335/1894 1865/1391/1865 1881/1291/1881

usemtl material_187
vt 0.0472457 0.7157118
f 1886/1292/1886 1869/1392/1869 1877/1293/1877

usemtl material_1197
vt 0.0948444 0.7119983
f 1880/1296/1880 1843/1393/1843 1896/1297/1896

usemtl material_1198
f 1896/1297/1896 1843/1393/1843 1874/1298/1874

usemtl material_615
vt 0.9014183 0.6056564
f 3373/1337/3373 3361/1394/3361 3366/1211/3366

usemtl material_41
vt 0.7654567 0.1742476
vt 0.7637004 0.1201361
vt 0.7536155 0.1418663
f 2592/1395/2592 2598/1396/2598 2593/1397/2593

usemtl material_129
vt 0.7522578 0.1993461
f 2589/1338/2589 2573/1398/2573 2636/1339/2636

usemtl material_1170
vt 0.9389799 0.2784632
f 3580/1344/3580 3577/1399/3577 3581/1345/3581

usemtl material_871
vt 0.9801005 0.6386986
vt 0.9841183 0.6327525
f 3371/1306/3371 3372/1400/3372 3377/1401/3377

usemtl material_1026
vt 0.8435107 0.8986495
f 3264/1349/3264 3270/1402/3270 3265/1376/3265

usemtl material_1199
vt 0.8394400 0.8905227
f 3264/1349/3264 3269/1403/3269 3236/1251/3236

usemtl material_1200
vt 0.9687541 0.9492045
vt 0.9684574 0.9567966
f 3946/1379/3946 3948/1404/3948 3950/1405/3950

usemtl material_1201
vt 0.7256337 0.9042827
vt 0.7218071 0.8965563
f 3281/1353/3281 3286/1406/3286 3285/1407/3285

usemtl material_348
f 3281/1353/3281 3285/1407/3285 3248/1315/3248

usemtl material_1202
vt 0.9609212 0.8694350
f 3901/1408/3901 3900/1385/3900 3894/1317/3894

usemtl material_1203
f 3770/1320/3770 3767/1381/3767 3763/1321/3763

usemtl material_1204
vt 0.9537894 0.8624377
f 3900/1385/3900 3902/1409/3902 3893/1266/3893

usemtl material_1205
f 3893/1266/3893 3902/1409/3902 3903/1386/3903

usemtl material_1206
vt 0.6611062 0.9786562
f 96/1228/96 86/1271/86 102/1410/102

usemtl material_1207
f 96/1228/96 102/1410/102 142/1238/142

usemtl material_1208
vt 0.6271654 0.2869599
f 4292/1322/4292 4298/1411/4298 4287/1323/4287

usemtl material_1209
vt 0.9064462 0.2153724
f 3762/1236/3762 3750/1412/3750 3757/1157/3757

usemtl material_1210
vt 0.8830050 0.2244057
f 3757/1157/3757 3750/1412/3750 3749/1413/3749

usemtl material_1211
f 3757/1157/3757 3749/1413/3749 3752/1275/3752

usemtl material_1212
vt 0.1659440 0.7133666
f 1652/1330/1652 1605/1388/1605 1593/1414/1593

usemtl material_1213
f 1652/1330/1652 1593/1414/1593 1651/1276/1651

usemtl material_1214
vt 0.2047578 0.7149337
f 1650/1331/1650 1598/1415/1598 1649/1366/1649

usemtl material_1215
vt 0.3002721 0.7157477
f 1648/1278/1648 1600/1416/1600 1647/1279/1647

usemtl material_1052
vt 0.5269343 0.7200909
f 1675/1332/1675 1676/1417/1676 1677/1333/1677

usemtl material_365
vt 0.5288817 0.7180206
f 1676/1417/1676 1661/1418/1661 2152/1286/2152

usemtl material_1216
f 1677/1333/1677 1676/1417/1676 2152/1286/2152

usemtl material_1217
vt 0.8480434 0.2390317
f 3752/1275/3752 3748/1419/3748 3758/1367/3758

usemtl material_406
vt 0.5321608 0.7119170
f 1661/1418/1661 2114/1420/2114 2120/1334/2120

usemtl material_1118
f 2152/1286/2152 1661/1418/1661 2120/1334/2120

usemtl material_406
vt 0.5470630 0.7135785
f 2120/1334/2120 2115/1421/2115 2122/1287/2122

usemtl material_529
f 2122/1287/2122 2115/1421/2115 2121/1288/2121
vt 0.5842087 0.7186536
f 2121/1288/2121 2115/1421/2115 2117/1422/2117

usemtl material_528
f 2121/1288/2121 2117/1422/2117 2113/1389/2113

usemtl material_1195
f 2121/1288/2121 2113/1389/2113 2123/1246/2123
f 2127/1247/2127 2113/1389/2113 2125/1369/2125

usemtl material_57
vt 0.6587256 0.7268955
f 2125/1369/2125 2159/1423/2159 2135/1166/2135

usemtl material_1218
vt 0.0423589 0.7107912
f 1881/1291/1881 1846/1424/1846 1886/1292/1886

usemtl material_1219
f 1886/1292/1886 1846/1424/1846 1869/1392/1869

usemtl material_1220
vt 0.0540377 0.7113158
f 1869/1392/1869 1847/1425/1847 1877/1293/1877

usemtl material_353
f 1877/1293/1877 1847/1425/1847 1876/1294/1876

usemtl material_20
vt 0.0824858 0.7112582
f 1880/1296/1880 1859/1426/1859 1843/1393/1843

usemtl material_353
vt 0.1181151 0.7127542
f 1882/1299/1882 1856/1427/1856 1897/1336/1897

usemtl material_699
vt 0.1301805 0.7111266
f 1897/1336/1897 1856/1427/1856 1864/1428/1864

usemtl material_765
f 1897/1336/1897 1864/1428/1864 1898/1300/1898

usemtl material_1221
vt 0.7483481 0.6510397
vt 0.7388399 0.6513484
vt 0.7441647 0.6624411
f 2335/1429/2335 2322/1430/2322 2327/1431/2327

usemtl material_1222
vt 0.9237779 0.6185637
f 3366/1211/3366 3361/1394/3361 3362/1432/3362

usemtl material_1223
vt 0.1699718 0.2931035
vt 0.1484313 0.2973832
vt 0.1486247 0.2889333
f 1015/1433/1015 1007/1434/1007 1016/1435/1016

usemtl material_1222
f 3366/1211/3366 3362/1432/3362 3364/1248/3364

usemtl material_1224
f 3575/1372/3575 3577/1399/3577 3580/1344/3580

usemtl material_1225
vt 0.9700682 0.6399121
f 3369/1249/3369 3365/1436/3365 3371/1306/3371

usemtl material_1226
vt 0.9817172 0.9402562
f 3951/1355/3951 3947/1437/3947 3946/1379/3946

usemtl material_1227
vt 0.9606236 0.8609366
f 3901/1408/3901 3907/1438/3907 3900/1385/3900

usemtl material_1228
vt 0.9474971 0.8635565
f 3902/1409/3902 3905/1439/3905 3903/1386/3903

usemtl material_1229
f 3763/1321/3763 3750/1412/3750 3762/1236/3762

usemtl material_1074
vt 0.6349045 0.2904186
f 4287/1323/4287 4295/1440/4295 4291/1357/4291

usemtl material_1230
vt 0.6310455 0.3398800
f 4314/1365/4314 4320/1441/4320 4315/1326/4315

usemtl material_1231
f 1651/1276/1651 1593/1414/1593 1650/1331/1650

usemtl material_1232
f 1593/1414/1593 1598/1415/1598 1650/1331/1650

usemtl material_1233
vt 0.2477246 0.7158530
f 1598/1415/1598 1599/1442/1599 1649/1366/1649

usemtl material_1234
f 1649/1366/1649 1599/1442/1599 1648/1278/1648

usemtl material_1235
f 1648/1278/1648 1599/1442/1599 1600/1416/1600

usemtl material_1236
vt 0.3245740 0.7135937
f 1600/1416/1600 1592/1443/1592 1647/1279/1647

usemtl material_1237
vt 0.3480991 0.7146716
f 1647/1279/1647 1592/1443/1592 1596/1444/1596

usemtl material_1238
f 1647/1279/1647 1596/1444/1596 1656/1280/1656

usemtl material_1239
vt 0.3781417 0.7136826
f 1596/1444/1596 1597/1445/1597 1653/1281/1653

usemtl material_1240
f 1656/1280/1656 1596/1444/1596 1653/1281/1653

usemtl material_1241
vt 0.4105652 0.7150177
f 1653/1281/1653 1597/1445/1597 1595/1446/1595

usemtl material_1242
f 1653/1281/1653 1595/1446/1595 1654/1282/1654

usemtl material_1243
vt 0.4297122 0.7158391
f 1595/1446/1595 1601/1447/1601 1654/1282/1654

usemtl material_1244
f 1654/1282/1654 1601/1447/1601 1655/1283/1655

usemtl material_1245
vt 0.4621516 0.7157598
f 1655/1283/1655 1601/1447/1601 1602/1448/1602

usemtl material_1246
vt 0.4879290 0.7148408
f 1602/1448/1602 1603/1449/1603 1657/1329/1657

usemtl material_1247
f 1655/1283/1655 1602/1448/1602 1657/1329/1657

usemtl material_1248
f 1657/1329/1657 1603/1449/1603 1658/1284/1658

usemtl material_1249
vt 0.5132652 0.7165670
f 1658/1284/1658 1603/1449/1603 1604/1450/1604

usemtl material_1250
vt 0.5244027 0.7142263
f 1658/1284/1658 1604/1450/1604 1642/1451/1642

usemtl material_966
f 1658/1284/1658 1642/1451/1642 1675/1332/1675

usemtl material_1010
f 1675/1332/1675 1642/1451/1642 1676/1417/1676

usemtl material_1183
f 2120/1334/2120 2114/1420/2114 2115/1421/2115

usemtl material_1251
vt 0.8400815 0.2423660
f 3748/1419/3748 3751/1452/3751 3758/1367/3758

usemtl material_87
vt 0.0165827 0.7097938
f 1878/1290/1878 1854/1453/1854 1865/1391/1865

usemtl material_788
vt 0.1054217 0.7118368
f 1874/1298/1874 1851/1454/1851 1887/1368/1887

usemtl material_647
f 1887/1368/1887 1851/1454/1851 1882/1299/1882

usemtl material_1252
vt 0.1331023 0.7097048
f 1898/1300/1898 1889/1455/1889 1909/1370/1909

usemtl material_1253
vt 0.0334561 0.7105138
f 1881/1291/1881 1865/1391/1865 1853/1456/1853

usemtl material_1254
f 1881/1291/1881 1853/1456/1853 1846/1424/1846

usemtl material_529
vt 0.0616562 0.7103156
f 1876/1294/1876 1858/1457/1858 1879/1295/1879

usemtl material_20
f 1858/1457/1858 1859/1426/1859 1880/1296/1880

usemtl material_46
f 1879/1295/1879 1858/1457/1858 1880/1296/1880

usemtl material_489
vt 0.7500983 0.7391995
vt 0.7316973 0.7450264
vt 0.7478871 0.7456405
f 2331/1458/2331 2319/1459/2319 2338/1460/2338

usemtl material_128
vt 0.7520283 0.6328014
vt 0.7472584 0.6299673
vt 0.7352832 0.6308626
f 2336/1461/2336 2399/1462/2399 2345/1463/2345

usemtl material_1255
vt 0.7437023 0.6205456
vt 0.7532921 0.6179921
vt 0.7430548 0.6158783
f 2496/1464/2496 2495/1465/2495 2497/1466/2497

usemtl material_1256
f 3364/1248/3364 3365/1436/3365 3369/1249/3369

usemtl material_863
vt 0.5454108 0.8829201
f 62/1347/62 59/1467/59 65/1250/65

usemtl material_1257
f 3371/1306/3371 3365/1436/3365 3372/1400/3372

usemtl material_268
vt 0.9854884 0.6392848
vt 0.9810525 0.6449890
vt 0.9856251 0.6450535
f 3402/1468/3402 3400/1469/3400 3401/1470/3401

usemtl material_827
f 10/1351/10 3/1260/3 11/1225/11

usemtl material_863
vt 0.6429352 0.9458466
f 2/1261/2 5/1471/5 15/1314/15
vt 0.6507337 0.9547795
f 15/1314/15 16/1472/16 17/1377/17
vt 0.6511187 0.9610919
f 17/1377/17 105/1473/105 104/1378/104

usemtl material_1258
vt 0.9660780 0.9417197
f 3947/1437/3947 3949/1474/3949 3948/1404/3948

usemtl material_1259
vt 0.9342307 0.2124336
vt 0.9296114 0.2075481
vt 0.9234977 0.2123640
f 3801/1475/3801 3800/1476/3800 3759/1477/3759

usemtl material_31
f 3801/1475/3801 3759/1477/3759 3767/1381/3767

usemtl material_1260
f 3946/1379/3946 3947/1437/3947 3948/1404/3948

usemtl material_1261
f 3767/1381/3767 3759/1477/3759 3763/1321/3763

usemtl material_1262
f 3900/1385/3900 3907/1438/3907 3902/1409/3902

usemtl material_1263
vt 0.9478653 0.8558089
f 3902/1409/3902 3908/1478/3908 3905/1439/3905

usemtl material_1074
vt 0.6419295 0.3199528
f 4294/1358/4294 4303/1479/4303 4282/1359/4282

usemtl material_1147
vt 0.6363775 0.3373765
f 4282/1359/4282 4303/1479/4303 4302/1480/4302

usemtl material_1264
f 4282/1359/4282 4302/1480/4302 4297/1360/4297

usemtl material_682
vt 0.6410052 0.3068364
f 4291/1357/4291 4316/1481/4316 4294/1358/4294

usemtl material_1265
f 4294/1358/4294 4316/1481/4316 4303/1479/4303

usemtl material_1101
vt 0.4084812 0.9276220
f 3597/1362/3597 3601/1482/3601 3592/1387/3592

usemtl material_1266
vt 0.4093771 0.9328595
f 3592/1387/3592 3590/1483/3590 3589/1363/3589

usemtl material_1056
vt 0.6314400 0.2965200
f 4295/1440/4295 4299/1484/4299 4291/1357/4291

usemtl material_1147
vt 0.4183890 0.9199111
f 3589/1363/3589 3590/1483/3590 3591/1485/3591

usemtl material_682
vt 0.6384992 0.2856556
f 4298/1411/4298 4304/1486/4304 4295/1440/4295

usemtl material_1225
f 3749/1413/3749 3748/1419/3748 3752/1275/3752

usemtl material_1267
f 1676/1417/1676 1642/1451/1642 1661/1418/1661

usemtl material_529
vt 0.6401709 0.7119146
f 2117/1422/2117 2115/1421/2115 2112/1487/2112

usemtl material_528
f 2117/1422/2117 2112/1487/2112 2113/1389/2113

usemtl material_1268
f 1888/1390/1888 1854/1453/1854 1878/1290/1878

usemtl material_186
f 1847/1425/1847 1858/1457/1858 1876/1294/1876

usemtl material_1269
f 1874/1298/1874 1843/1393/1843 1851/1454/1851

usemtl material_1270
vt 0.1130149 0.7104304
f 1882/1299/1882 1851/1454/1851 1852/1488/1852

usemtl material_1271
f 1898/1300/1898 1864/1428/1864 1889/1455/1889

usemtl material_207
vt 0.7464451 0.1942735
f 2589/1338/2589 2588/1489/2588 2573/1398/2573

usemtl material_1080
vt 0.9120501 0.6240317
f 3361/1394/3361 3357/1490/3357 3362/1432/3362

usemtl material_592
vt 0.9384956 0.6372181
f 3362/1432/3362 3358/1491/3358 3364/1248/3364

usemtl material_559
vt 0.9649169 0.6507191
f 3364/1248/3364 3358/1491/3358 3359/1492/3359

usemtl material_1272
f 3364/1248/3364 3359/1492/3359 3365/1436/3365

usemtl material_827
vt 0.5304433 0.8832403
f 159/1373/159 161/1493/161 61/1374/61

usemtl material_682
vt 0.9185565 0.2797558
vt 0.9248227 0.2762729
f 3576/1494/3576 3579/1495/3579 3577/1399/3577
f 3575/1372/3575 3576/1494/3576 3577/1399/3577

usemtl material_662
f 61/1374/61 59/1467/59 62/1347/62

usemtl material_863
f 15/1314/15 5/1471/5 16/1472/16
f 17/1377/17 16/1472/16 105/1473/105

usemtl material_1162
vt 0.9428439 0.2033696
vt 0.9387314 0.1974025
f 3816/1496/3816 3814/1497/3814 3800/1476/3800

usemtl material_863
vt 0.6591440 0.9532416
f 104/1378/104 87/1498/87 85/1319/85

usemtl material_1273
vt 0.9600204 0.8514223
f 3907/1438/3907 3910/1499/3910 3902/1409/3902

usemtl material_1274
vt 0.9540250 0.8493714
f 3902/1409/3902 3909/1500/3909 3908/1478/3908

usemtl material_1275
f 3759/1477/3759 3750/1412/3750 3763/1321/3763

usemtl material_993
f 85/1319/85 87/1498/87 86/1271/86

usemtl material_1099
vt 0.6686634 0.9690802
f 87/1498/87 88/1501/88 86/1271/86

usemtl material_1056
vt 0.6414151 0.3006061
f 4299/1484/4299 4300/1502/4300 4291/1357/4291

usemtl material_1276
f 4291/1357/4291 4300/1502/4300 4316/1481/4316

usemtl material_1206
f 86/1271/86 88/1501/88 102/1410/102

usemtl material_1180
vt 0.6338788 0.3384635
f 4314/1365/4314 4321/1503/4321 4320/1441/4320

usemtl material_1277
vt 0.2755946 0.7108951
f 1599/1442/1599 1594/1504/1594 1600/1416/1600

usemtl material_1278
vt 0.3098297 0.7035418
f 1592/1443/1592 1600/1416/1600 1540/1505/1540

usemtl material_1279
vt 0.3982298 0.7088327
f 1597/1445/1597 1579/1506/1579 1595/1446/1595

usemtl material_1280
vt 0.4304857 0.7023298
f 1595/1446/1595 1556/1507/1556 1601/1447/1601

usemtl material_1281
vt 0.4999576 0.7028617
f 1603/1449/1603 1572/1508/1572 1604/1450/1604

usemtl material_1282
vt 0.5131235 0.7050498
f 1572/1508/1572 1573/1509/1573 1604/1450/1604

usemtl material_966
f 1604/1450/1604 1573/1509/1573 1642/1451/1642

usemtl material_1267
vt 0.5269218 0.7008718
f 1642/1451/1642 1641/1510/1641 1661/1418/1661

usemtl material_1
vt 0.0472657 0.6993760
f 1846/1424/1846 1826/1511/1826 1869/1392/1869

usemtl material_534
f 1869/1392/1869 1826/1511/1826 1847/1425/1847

usemtl material_363
vt 0.8964704 0.6085806
vt 0.8929337 0.6202106
f 3367/1512/3367 3356/1513/3356 3361/1394/3361

usemtl material_208
vt 0.7394148 0.1985898
f 2588/1489/2588 2572/1514/2572 2573/1398/2573

usemtl material_1283
vt 0.7453484 0.2134771
vt 0.7394421 0.2146599
vt 0.7478306 0.2156576
f 2576/1515/2576 2516/1516/2516 2515/1517/2515

usemtl material_1284
vt 0.9747446 0.6473835
f 3365/1436/3365 3359/1492/3359 3363/1518/3363

usemtl material_1285
f 3365/1436/3365 3363/1518/3363 3372/1400/3372

usemtl material_1286
vt 0.9113464 0.4168012
vt 0.9107743 0.4019226
vt 0.9000172 0.4002004
f 2775/1519/2775 2779/1520/2779 2778/1521/2778

usemtl material_279
vt 0.9244853 0.1962347
vt 0.9195366 0.2056047
f 3800/1476/3800 3799/1522/3799 3753/1523/3753

usemtl material_1287
f 3800/1476/3800 3753/1523/3753 3759/1477/3759

usemtl material_1288
vt 0.9799503 0.9301180
vt 0.9778517 0.9329649
f 3947/1437/3947 3963/1524/3963 3964/1525/3964

usemtl material_1289
f 3759/1477/3759 3753/1523/3753 3750/1412/3750

usemtl material_1290
f 3601/1482/3601 3590/1483/3590 3592/1387/3592

usemtl material_1291
vt 0.6420662 0.3435610
f 4320/1441/4320 4323/1526/4323 4315/1326/4315

usemtl material_1292
vt 0.8912910 0.2108002
f 3750/1412/3750 3747/1527/3747 3749/1413/3749

usemtl material_1293
vt 0.8476746 0.2267753
f 3749/1413/3749 3743/1528/3743 3748/1419/3748

usemtl material_1294
vt 0.2247290 0.6996572
f 1593/1414/1593 1546/1529/1546 1598/1415/1598

usemtl material_1295
f 1598/1415/1598 1546/1529/1546 1599/1442/1599

usemtl material_1296
vt 0.2467969 0.7006494
f 1599/1442/1599 1546/1529/1546 1545/1530/1545

usemtl material_1297
f 1594/1504/1594 1540/1505/1540 1600/1416/1600

usemtl material_1298
vt 0.3485655 0.7008319
f 1592/1443/1592 1552/1531/1552 1596/1444/1596

usemtl material_1299
vt 0.3779249 0.7016525
f 1596/1444/1596 1552/1531/1552 1553/1532/1553

usemtl material_1300
f 1596/1444/1596 1553/1532/1553 1597/1445/1597

usemtl material_1301
f 1597/1445/1597 1553/1532/1553 1579/1506/1579

usemtl material_1302
vt 0.4670406 0.7008114
f 1601/1447/1601 1558/1533/1558 1602/1448/1602

usemtl material_1303
f 1602/1448/1602 1558/1533/1558 1603/1449/1603

usemtl material_438
vt 0.1425228 0.7161270
vt 0.1451365 0.7008843
f 1708/1534/1708 1606/1535/1606 1605/1388/1605

usemtl material_884
vt 0.1497108 0.6988786
f 1606/1535/1606 1578/1536/1578 1605/1388/1605

usemtl material_1212
f 1578/1536/1578 1593/1414/1593 1605/1388/1605

usemtl material_1304
vt 0.5212842 0.6994058
f 1573/1509/1573 1640/1537/1640 1642/1451/1642

usemtl material_1162
vt 0.5282116 0.6996998
f 1641/1510/1641 1726/1538/1726 1661/1418/1661

usemtl material_1305
vt 0.5305780 0.7007326
f 1661/1418/1661 1726/1538/1726 2126/1539/2126

usemtl material_1306
vt 0.8364893 0.2304182
f 3748/1419/3748 3746/1540/3746 3751/1452/3751

usemtl material_406
f 1661/1418/1661 2126/1539/2126 2114/1420/2114
vt 0.5520219 0.7004380
f 2114/1420/2114 2106/1541/2106 2115/1421/2115

usemtl material_529
f 2115/1421/2115 2106/1541/2106 2112/1487/2112
vt 0.6406087 0.6995861
vt 0.6517135 0.6991864
f 2112/1487/2112 2107/1542/2107 2108/1543/2108
f 2112/1487/2112 2108/1543/2108 2113/1389/2113
f 2113/1389/2113 2108/1543/2108 2125/1369/2125

usemtl material_485
vt 0.6583508 0.7086741
f 2125/1369/2125 2108/1543/2108 2146/1544/2146

usemtl material_344
vt 0.0209938 0.6995201
vt 0.0290961 0.6982758
f 1839/1545/1839 1838/1546/1838 1865/1391/1865

usemtl material_149
f 1854/1453/1854 1839/1545/1839 1865/1391/1865

usemtl material_1307
f 1865/1391/1865 1838/1546/1838 1853/1456/1853

usemtl material_1308
vt 0.0331233 0.6979063
vt 0.0420469 0.6961985
f 1818/1547/1818 1817/1548/1817 1846/1424/1846

usemtl material_1254
f 1853/1456/1853 1818/1547/1818 1846/1424/1846

usemtl material_84
vt 0.0541202 0.6965466
f 1826/1511/1826 1824/1549/1824 1847/1425/1847

usemtl material_192
vt 0.0601396 0.6987736
f 1847/1425/1847 1823/1550/1823 1858/1457/1858

usemtl material_489
vt 0.0821990 0.6989255
f 1858/1457/1858 1823/1550/1823 1822/1551/1822

usemtl material_46
f 1822/1551/1822 1859/1426/1859 1858/1457/1858
f 1859/1426/1859 1822/1551/1822 1843/1393/1843

usemtl material_1197
vt 0.0904988 0.6991567
f 1822/1551/1822 1825/1552/1825 1843/1393/1843

usemtl material_1309
vt 0.0986946 0.6989537
f 1843/1393/1843 1825/1552/1825 1820/1553/1820

usemtl material_1310
vt 0.1052273 0.6992153
f 1820/1553/1820 1819/1554/1819 1851/1454/1851

usemtl material_1311
f 1843/1393/1843 1820/1553/1820 1851/1454/1851

usemtl material_1312
vt 0.1138874 0.6991810
f 1851/1454/1851 1819/1554/1819 1829/1555/1829

usemtl material_1313
f 1851/1454/1851 1829/1555/1829 1852/1488/1852

usemtl material_1314
vt 0.1188804 0.6991092
f 1852/1488/1852 1828/1556/1828 1856/1427/1856

usemtl material_1315
vt 0.1303800 0.6988013
f 1856/1427/1856 1828/1556/1828 1773/1557/1773

usemtl material_612
f 1856/1427/1856 1773/1557/1773 1864/1428/1864

usemtl material_182
vt 0.7385473 0.0933735
vt 0.7461026 0.1381803
vt 0.7499866 0.0631292
f 2600/1558/2600 2594/1559/2594 2595/1560/2595

usemtl material_360
vt 0.7375214 0.1944205
f 2588/1489/2588 2602/1561/2602 2572/1514/2572

usemtl material_770
vt 0.5326183 0.8780657
f 161/1493/161 60/1562/60 61/1374/61

usemtl material_827
f 60/1562/60 59/1467/59 61/1374/61
vt 0.5574870 0.8824375
f 9/1563/9 3/1260/3 10/1351/10

usemtl material_863
vt 0.6587397 0.9475017
f 16/1472/16 114/1564/114 105/1473/105

usemtl material_20
f 3814/1497/3814 3799/1522/3799 3800/1476/3800

usemtl material_1316
f 3910/1499/3910 3909/1500/3909 3902/1409/3902

usemtl material_1317
vt 0.9497724 0.8425574
f 3909/1500/3909 3912/1565/3912 3908/1478/3908

usemtl material_1318
vt 0.9837264 0.9167174
vt 0.9817026 0.9227350
vt 0.9860997 0.9299170
f 3968/1566/3968 3967/1567/3967 3966/1568/3966

usemtl material_275
vt 0.9161190 0.1969186
vt 0.9074895 0.1989210
f 3745/1569/3745 3744/1570/3744 3750/1412/3750

usemtl material_1319
f 3753/1523/3753 3745/1569/3745 3750/1412/3750

usemtl material_1180
vt 0.6433973 0.3410689
f 4321/1503/4321 4322/1571/4322 4320/1441/4320

usemtl material_1320
f 4320/1441/4320 4322/1571/4322 4323/1526/4323

usemtl material_1321
f 3749/1413/3749 3747/1527/3747 3743/1528/3743

usemtl material_1322
vt 0.4083030 0.6989802
f 1579/1506/1579 1555/1572/1555 1595/1446/1595

usemtl material_1323
f 1595/1446/1595 1555/1572/1555 1556/1507/1556

usemtl material_1324
f 1601/1447/1601 1556/1507/1556 1558/1533/1558

usemtl material_1325
f 1603/1449/1603 1558/1533/1558 1572/1508/1572

usemtl material_1326
vt 0.1660110 0.6980813
f 1578/1536/1578 1549/1573/1549 1593/1414/1593

usemtl material_1327
vt 0.1864153 0.6987057
f 1549/1573/1549 1548/1574/1548 1593/1414/1593

usemtl material_1328
f 1593/1414/1593 1548/1574/1548 1546/1529/1546

usemtl material_1329
f 1599/1442/1599 1545/1530/1545 1594/1504/1594

usemtl material_1330
vt 0.2765752 0.7001229
f 1545/1530/1545 1543/1575/1543 1594/1504/1594

usemtl material_1331
f 1543/1575/1543 1540/1505/1540 1594/1504/1594

usemtl material_1332
vt 0.3238730 0.6983306
f 1540/1505/1540 1542/1576/1542 1592/1443/1592

usemtl material_1333
f 1592/1443/1592 1542/1576/1542 1552/1531/1552

usemtl material_1334
f 3748/1419/3748 3743/1528/3743 3746/1540/3746

usemtl material_365
vt 0.5345888 0.6987894
f 2114/1420/2114 2110/1577/2110 2106/1541/2106

usemtl material_529
vt 0.6123428 0.6996251
f 2106/1541/2106 2105/1578/2105 2112/1487/2112

usemtl material_12
vt 0.6589181 0.6964309
f 2108/1543/2108 2147/1579/2147 2146/1544/2146

usemtl material_1335
vt 0.8329436 0.2298243
f 3746/1540/3746 3766/1580/3766 3751/1452/3751

usemtl material_1336
vt 0.0143659 0.6967453
f 1888/1390/1888 1840/1581/1840 1854/1453/1854

usemtl material_724
f 1838/1546/1838 1818/1547/1818 1853/1456/1853

usemtl material_39
f 1847/1425/1847 1824/1549/1824 1823/1550/1823

usemtl material_1337
f 1852/1488/1852 1829/1555/1829 1828/1556/1828

usemtl material_528
f 2112/1487/2112 2105/1578/2105 2107/1542/2107

usemtl material_1338
vt 0.0707939 0.8539008
vt 0.0675210 0.8724546
vt 0.0640589 0.8628240
f 4183/1582/4183 4180/1583/4180 4182/1584/4182

usemtl material_1339
vt 0.9692622 0.6591534
f 3359/1492/3359 3360/1585/3360 3363/1518/3363

usemtl material_827
f 65/1250/65 59/1467/59 103/1375/103
f 26/1257/26 9/1563/9 10/1351/10

usemtl material_863
vt 0.6357558 0.9018742
f 1/1586/1 2/1261/2 3/1260/3
vt 0.6636016 0.9296027
f 5/1471/5 18/1587/18 16/1472/16

usemtl material_1340
vt 0.9760177 0.9230132
f 3963/1524/3963 3965/1588/3965 3964/1525/3964

usemtl material_1267
vt 0.9369023 0.1887368
f 3814/1497/3814 3812/1589/3812 3799/1522/3799

usemtl material_402
f 3753/1523/3753 3799/1522/3799 3745/1569/3745

usemtl material_863
f 104/1378/104 114/1564/114 87/1498/87

usemtl material_1341
vt 0.9607692 0.8485736
f 3911/1590/3911 3909/1500/3909 3910/1499/3910

usemtl material_682
vt 0.6491055 0.3038154
f 4300/1502/4300 4308/1591/4308 4316/1481/4316

usemtl material_1170
vt 0.6548484 0.3334798
f 4303/1479/4303 4319/1592/4319 4302/1480/4302
vt 0.4078061 0.9400316
f 3601/1482/3601 3594/1593/3594 3590/1483/3590

usemtl material_1047
vt 0.6761512 0.9591630
f 87/1498/87 89/1594/89 88/1501/88

usemtl material_1342
f 3750/1412/3750 3744/1570/3744 3747/1527/3747

usemtl material_1170
vt 0.4165048 0.9311512
f 3590/1483/3590 3594/1593/3594 3593/1595/3593

usemtl material_653
vt 0.6506287 0.2856030
f 4304/1486/4304 4305/1596/4305 4295/1440/4295

usemtl material_1343
vt 0.6470460 0.3478050
f 4323/1526/4323 4325/1597/4325 4315/1326/4315

usemtl material_1344
vt 0.6560859 0.3490853
f 4315/1326/4315 4325/1597/4325 4324/1598/4324

usemtl material_1345
f 1553/1532/1553 1555/1572/1555 1579/1506/1579

usemtl material_1304
f 1640/1537/1640 1641/1510/1641 1642/1451/1642

usemtl material_365
f 2114/1420/2114 2126/1539/2126 2110/1577/2110

usemtl material_1346
f 1854/1453/1854 1840/1581/1840 1839/1545/1839

usemtl material_1347
f 1864/1428/1864 1773/1557/1773 1889/1455/1889

usemtl material_174
f 1846/1424/1846 1817/1548/1817 1826/1511/1826

usemtl material_770
vt 0.5302694 0.8751899
f 161/1493/161 162/1599/162 60/1562/60

usemtl material_682
vt 0.4380257 0.9210037
vt 0.4411725 0.9273385
vt 0.4467571 0.9171374
f 3483/1600/3483 3490/1601/3490 3484/1602/3484

usemtl material_874
vt 0.9181347 0.2748984
f 3576/1494/3576 3582/1603/3582 3579/1495/3579

usemtl material_1348
f 3967/1567/3967 3965/1588/3965 3963/1524/3963

usemtl material_1055
vt 0.9497089 0.2671552
vt 0.9595725 0.2677846
vt 0.9474907 0.2565973
f 4331/1604/4331 4332/1605/4332 4333/1606/4333

usemtl material_1224
vt 0.6520208 0.3363830
f 4302/1480/4302 4319/1592/4319 4330/1607/4330

usemtl material_682
vt 0.6501458 0.2987959
f 4307/1608/4307 4308/1591/4308 4300/1502/4300

usemtl material_1170
vt 0.4104511 0.9475908
f 3594/1593/3594 3595/1609/3595 3593/1595/3593

usemtl material_661
vt 0.6781496 0.9606018
f 88/1501/88 89/1594/89 143/1610/143
vt 0.6499718 0.2912588
f 4305/1596/4305 4306/1611/4306 4295/1440/4295

usemtl material_1349
vt 0.4172040 0.9442542
f 3593/1595/3593 3595/1609/3595 3596/1612/3596

usemtl material_1292
vt 0.8779071 0.1987719
f 3744/1570/3744 3741/1613/3741 3747/1527/3747

usemtl material_1350
f 3747/1527/3747 3741/1613/3741 3743/1528/3743

usemtl material_363
vt 0.9188159 0.6478469
f 3351/1614/3351 3357/1490/3357 3356/1513/3356

usemtl material_339
vt 0.7249785 0.2144293
f 2576/1515/2576 2526/1615/2526 2516/1516/2516

usemtl material_679
f 3357/1490/3357 3351/1614/3351 3358/1491/3358

usemtl material_1224
vt 0.4782525 0.9130259
vt 0.4784485 0.9173009
vt 0.4818602 0.9177159
f 3497/1616/3497 3481/1617/3481 3485/1618/3485

usemtl material_682
vt 0.4438037 0.9153097
f 3483/1600/3483 3484/1602/3484 3501/1619/3501

usemtl material_1265
vt 0.4367822 0.9146583
f 3495/1620/3495 3483/1600/3483 3501/1619/3501

usemtl material_1351
vt 0.9126534 0.2870052
vt 0.9109939 0.2798381
f 3586/1621/3586 3585/1622/3585 3576/1494/3576
vt 0.9161654 0.2855530
f 3578/1623/3578 3586/1621/3586 3576/1494/3576

usemtl material_1352
vt 0.9585728 0.6643061
f 3358/1491/3358 3352/1624/3352 3359/1492/3359

usemtl material_1353
vt 0.9514788 0.3954264
vt 0.9377409 0.4220852
vt 0.9639076 0.4177274
f 2796/1625/2796 2782/1626/2782 2788/1627/2788

usemtl material_1075
vt 0.9125232 0.2769181
f 3576/1494/3576 3585/1622/3585 3584/1628/3584

usemtl material_1354
f 3359/1492/3359 3352/1624/3352 3360/1585/3360

usemtl material_662
vt 0.5548683 0.8776540
f 26/1257/26 100/1629/100 9/1563/9

usemtl material_1355
vt 0.8915974 0.4149137
vt 0.8805943 0.4354074
vt 0.8955211 0.4327550
f 2774/1630/2774 2762/1631/2762 2768/1632/2768

usemtl material_863
vt 0.6531945 0.9229220
f 2/1261/2 4/1633/4 5/1471/5

usemtl material_185
vt 0.9202351 0.1833894
f 3799/1522/3799 3686/1634/3686 3745/1569/3745

usemtl material_1356
vt 0.7742705 0.3145325
vt 0.7703229 0.3017275
vt 0.7690010 0.3123136
f 3987/1635/3987 3984/1636/3984 3988/1637/3988

usemtl material_1357
vt 0.9602420 0.8338414
vt 0.9549803 0.8347715
f 3911/1590/3911 3914/1638/3914 3913/1639/3913

usemtl material_1358
f 3911/1590/3911 3913/1639/3913 3909/1500/3909

usemtl material_1359
f 3909/1500/3909 3913/1639/3913 3912/1565/3912

usemtl material_1360
vt 0.9786791 0.9114087
f 3968/1566/3968 3969/1640/3969 3967/1567/3967

usemtl material_874
vt 0.9595725 0.2537760
f 4332/1605/4332 4334/1641/4334 4333/1606/4333

usemtl material_661
vt 0.9548065 0.2393293
f 4334/1641/4334 4335/1642/4335 4333/1606/4333

usemtl material_993
vt 0.6755932 0.9465775
f 87/1498/87 90/1643/90 89/1594/89

usemtl material_1170
vt 0.4065985 0.9424835
f 3594/1593/3594 3602/1644/3602 3595/1609/3595

usemtl material_682
vt 0.6522151 0.2922922
f 4306/1611/4306 4317/1645/4317 4307/1608/4307

usemtl material_661
f 4305/1596/4305 4317/1645/4317 4306/1611/4306

usemtl material_1349
vt 0.4152431 0.9485862
f 3595/1609/3595 3598/1646/3598 3596/1612/3596

usemtl material_1361
vt 0.9020660 0.1884822
f 3744/1570/3744 3739/1647/3739 3741/1613/3741

usemtl material_1208
vt 0.4186803 0.9496951
f 3598/1646/3598 3599/1648/3599 3596/1612/3596

usemtl material_1170
vt 0.6472840 0.3385618
vt 0.6501257 0.3404706
f 4322/1571/4322 4328/1649/4328 4326/1650/4326

usemtl material_1362
f 4323/1526/4323 4322/1571/4322 4325/1597/4325

usemtl material_1363
f 4322/1571/4322 4326/1650/4326 4325/1597/4325

usemtl material_1364
vt 0.8534026 0.2067174
f 3741/1613/3741 3740/1651/3740 3743/1528/3743

usemtl material_139
vt 0.1478439 0.6849345
f 1606/1535/1606 1576/1652/1576 1578/1536/1578

usemtl material_1365
vt 0.3040840 0.6854358
f 1540/1505/1540 1541/1653/1541 1542/1576/1542

usemtl material_1366
vt 0.3538707 0.6847652
f 1542/1576/1542 1551/1654/1551 1552/1531/1552

usemtl material_1367
f 1552/1531/1552 1551/1654/1551 1553/1532/1553

usemtl material_1368
vt 0.4712930 0.6858981
f 1556/1507/1556 1557/1655/1557 1558/1533/1558

usemtl material_1369
vt 0.4985613 0.6860355
f 1572/1508/1572 1570/1656/1570 1573/1509/1573

usemtl material_1370
vt 0.5133422 0.6868562
f 1570/1656/1570 1574/1657/1574 1573/1509/1573

usemtl material_1010
f 1573/1509/1573 1574/1657/1574 1640/1537/1640

usemtl material_1304
vt 0.5248749 0.6865163
f 1640/1537/1640 1639/1658/1639 1641/1510/1641

usemtl material_1371
f 1641/1510/1641 1639/1658/1639 1726/1538/1726

usemtl material_1184
vt 0.8313742 0.2152073
f 3743/1528/3743 3742/1659/3742 3746/1540/3746

usemtl material_534
vt 0.6547319 0.6850288
f 2108/1543/2108 2124/1660/2124 2147/1579/2147

usemtl material_1372
f 3746/1540/3746 3742/1659/3742 3766/1580/3766

usemtl material_1118
vt 0.0217647 0.6827195
f 1839/1545/1839 1831/1661/1831 1838/1546/1838

usemtl material_1129
vt 0.0860608 0.6836820
f 1825/1552/1825 1783/1662/1783 1820/1553/1820

usemtl material_724
vt 0.0988376 0.6842946
f 1820/1553/1820 1782/1663/1782 1819/1554/1819

usemtl material_283
vt 0.1179730 0.6846831
f 1829/1555/1829 1772/1664/1772 1828/1556/1828

usemtl material_529
vt 0.5523323 0.6866241
f 2106/1541/2106 2104/1665/2104 2105/1578/2105
vt 0.6403484 0.6857158
f 2107/1542/2107 2102/1666/2102 2108/1543/2108
vt 0.6495638 0.6860151
f 2102/1666/2102 2109/1667/2109 2108/1543/2108

usemtl material_695
f 2109/1667/2109 2124/1660/2124 2108/1543/2108

usemtl material_344
vt 0.0535703 0.6833965
f 1826/1511/1826 1795/1668/1795 1824/1549/1824

usemtl material_760
vt 0.0670830 0.6835973
f 1823/1550/1823 1786/1669/1786 1822/1551/1822

usemtl material_67
vt 0.1137978 0.6839396
f 1819/1554/1819 1793/1670/1793 1829/1555/1829

usemtl material_338
vt 0.7320943 0.6216947
vt 0.7161180 0.6156736
vt 0.7143370 0.6209126
f 2564/1671/2564 2517/1672/2517 2565/1673/2565

usemtl material_176
vt 0.7195776 0.1943007
vt 0.7247881 0.1983835
f 2602/1561/2602 2611/1674/2611 2575/1675/2575

usemtl material_1373
f 3351/1614/3351 3352/1624/3352 3358/1491/3358

usemtl material_661
vt 0.4333546 0.9162228
vt 0.4401612 0.9074678
f 3489/1676/3489 3495/1620/3495 3504/1677/3504

usemtl material_1230
vt 0.4307621 0.9092212
f 3505/1678/3505 3489/1676/3489 3504/1677/3504

usemtl material_1374
vt 0.5288464 0.8676652
f 162/1599/162 64/1679/64 60/1562/60

usemtl material_682
f 3495/1620/3495 3501/1619/3501 3504/1677/3504

usemtl material_874
vt 0.4465070 0.9122865
f 3504/1677/3504 3501/1619/3501 3506/1680/3506

usemtl material_661
vt 0.9614312 0.9486789
vt 0.9543976 0.9533488
vt 0.9606597 0.9630159
f 3684/1681/3684 3683/1682/3683 3677/1683/3677

usemtl material_1375
vt 0.9614312 0.9823935
vt 0.9571803 0.9810643
vt 0.9543982 0.9872968
f 3680/1684/3680 3679/1685/3679 3681/1686/3681

usemtl material_1351
vt 0.9075279 0.2881098
f 3588/1687/3588 3585/1622/3585 3586/1621/3586

usemtl material_874
vt 0.4569111 0.9135016
f 3501/1619/3501 3484/1602/3484 3487/1688/3487

usemtl material_1376
vt 0.9658448 0.6668860
f 3352/1624/3352 3354/1689/3354 3360/1585/3360

usemtl material_662
vt 0.5548192 0.8660098
f 59/1467/59 58/1690/58 100/1629/100
f 59/1467/59 100/1629/100 103/1375/103

usemtl material_1377
vt 0.9756774 0.6694571
vt 0.9751219 0.6565126
vt 0.9714731 0.6693330
f 3395/1691/3395 3397/1692/3397 3394/1693/3394

usemtl material_863
vt 0.5807939 0.8743426
f 9/1563/9 6/1694/6 3/1260/3

usemtl material_1378
vt 0.7672903 0.2995901
f 3984/1636/3984 3990/1695/3990 3988/1637/3988

usemtl material_1379
vt 0.9323910 0.1785336
f 3810/1696/3810 3799/1522/3799 3812/1589/3812

usemtl material_1380
vt 0.9858406 0.9073849
f 3968/1566/3968 3970/1697/3970 3969/1640/3969

usemtl material_682
vt 0.6523752 0.3002603
f 4307/1608/4307 4309/1698/4309 4308/1591/4308

usemtl material_874
vt 0.6538489 0.3161263
f 4309/1698/4309 4310/1699/4310 4308/1591/4308

usemtl material_1265
vt 0.6583595 0.3280353
f 4319/1592/4319 4310/1699/4310 4312/1700/4312

usemtl material_682
f 4317/1645/4317 4309/1698/4309 4307/1608/4307

usemtl material_1381
vt 0.6621747 0.3303292
f 4319/1592/4319 4312/1700/4312 4311/1701/4311

usemtl material_682
vt 0.6549128 0.2882640
f 4318/1702/4318 4309/1698/4309 4317/1645/4317

usemtl material_654
vt 0.6822928 0.9590870
f 89/1594/89 112/1703/112 143/1610/143

usemtl material_661
f 4305/1596/4305 4318/1702/4318 4317/1645/4317

usemtl material_1382
vt 0.6549239 0.3453174
f 4325/1597/4325 4326/1650/4326 4327/1704/4327

usemtl material_1383
vt 0.0989777 0.0177845
vt 0.0989777 0.0066057
vt 0.0971190 0.0160341
f 4336/1705/4336 4337/1706/4337 4338/1707/4338

usemtl material_732
vt 0.6537184 0.2840447
f 4305/1596/4305 4329/1708/4329 4318/1702/4318

usemtl material_682
vt 0.2359636 0.8954303
vt 0.2370499 0.9002809
vt 0.2411541 0.8939841
f 3570/1709/3570 3558/1710/3558 3569/1711/3569

usemtl material_661
vt 0.2457829 0.8979863
vt 0.2479804 0.8946024
f 3558/1710/3558 3557/1712/3557 3564/1713/3564

usemtl material_682
f 3569/1711/3569 3558/1710/3558 3564/1713/3564

usemtl material_1384
vt 0.2352688 0.6836705
f 1548/1574/1548 1544/1714/1544 1546/1529/1546

usemtl material_1385
f 1546/1529/1546 1544/1714/1544 1545/1530/1545

usemtl material_1386
f 1545/1530/1545 1544/1714/1544 1543/1575/1543

usemtl material_1387
f 1544/1714/1544 1541/1653/1541 1543/1575/1543

usemtl material_1388
f 1543/1575/1543 1541/1653/1541 1540/1505/1540

usemtl material_1389
vt 0.3747873 0.6849254
vt 0.4260301 0.6846001
f 1559/1715/1559 1554/1716/1554 1553/1532/1553

usemtl material_1390
f 1553/1532/1553 1554/1716/1554 1555/1572/1555

usemtl material_1391
f 1555/1572/1555 1554/1716/1554 1556/1507/1556

usemtl material_1392
f 1556/1507/1556 1554/1716/1554 1557/1655/1557

usemtl material_1393
f 1557/1655/1557 1570/1656/1570 1558/1533/1558

usemtl material_1394
f 1558/1533/1558 1570/1656/1570 1572/1508/1572

usemtl material_1395
vt 0.1433923 0.6848592
f 1698/1717/1698 1576/1652/1576 1606/1535/1606

usemtl material_1396
vt 0.5213854 0.6794245
f 1640/1537/1640 1628/1718/1628 1639/1658/1639

usemtl material_1397
vt 0.5307634 0.6857867
f 1726/1538/1726 2131/1719/2131 2126/1539/2126

usemtl material_611
vt 0.5339991 0.6820073
f 2126/1539/2126 2111/1720/2111 2110/1577/2110

usemtl material_1398
vt 0.8281965 0.2162553
f 3742/1659/3742 3754/1721/3754 3766/1580/3766

usemtl material_1399
f 1840/1581/1840 1831/1661/1831 1839/1545/1839

usemtl material_57
vt 0.0296731 0.6827825
f 1831/1661/1831 1811/1722/1811 1838/1546/1838

usemtl material_141
f 1838/1546/1838 1811/1722/1811 1818/1547/1818

usemtl material_43
vt 0.1058879 0.6843737
f 1782/1663/1782 1792/1723/1792 1819/1554/1819

usemtl material_366
f 2110/1577/2110 2104/1665/2104 2106/1541/2106

usemtl material_528
vt 0.6093784 0.6856686
f 2105/1578/2105 2104/1665/2104 2103/1724/2103

usemtl material_453
f 2103/1724/2103 2102/1666/2102 2105/1578/2105

usemtl material_528
f 2105/1578/2105 2102/1666/2102 2107/1542/2107

usemtl material_647
vt 0.0339514 0.6827138
f 1818/1547/1818 1811/1722/1811 1804/1725/1804

usemtl material_851
vt 0.0419006 0.6830294
f 1804/1725/1804 1805/1726/1805 1817/1548/1817

usemtl material_1121
f 1818/1547/1818 1804/1725/1804 1817/1548/1817

usemtl material_697
vt 0.0473064 0.6829646
f 1817/1548/1817 1796/1727/1796 1826/1511/1826

usemtl material_392
vt 0.0603407 0.6832626
f 1824/1549/1824 1795/1668/1795 1788/1728/1788

usemtl material_49
f 1824/1549/1824 1788/1728/1788 1823/1550/1823

usemtl material_1220
f 1823/1550/1823 1788/1728/1788 1786/1669/1786

usemtl material_672
f 1786/1669/1786 1783/1662/1783 1822/1551/1822

usemtl material_444
f 1783/1662/1783 1782/1663/1782 1820/1553/1820

usemtl material_1312
f 1819/1554/1819 1792/1723/1792 1793/1670/1793

usemtl material_1400
vt 0.1253765 0.6836542
f 1828/1556/1828 1770/1729/1770 1773/1557/1773

usemtl material_653
vt 0.4543243 0.9094086
vt 0.4535477 0.9052212
f 3504/1677/3504 3503/1730/3503 3494/1731/3494
vt 0.4732897 0.9101980
f 3494/1731/3494 3503/1730/3503 3498/1732/3498

usemtl material_874
vt 0.4807447 0.9085532
f 3494/1731/3494 3498/1732/3498 3491/1733/3491

usemtl material_1375
f 3677/1683/3677 3679/1685/3679 3680/1684/3680

usemtl material_1401
vt 0.5418406 0.8572368
f 64/1679/64 57/1734/57 60/1562/60

usemtl material_1375
vt 0.9502788 0.9643738
f 3683/1682/3683 3682/1735/3682 3677/1683/3677

usemtl material_682
vt 0.9524035 0.9727796
f 3677/1683/3677 3682/1735/3682 3678/1736/3678
f 3677/1683/3677 3678/1736/3678 3679/1685/3679

usemtl material_874
f 3679/1685/3679 3678/1736/3678 3681/1686/3681

usemtl material_1402
vt 0.0573789 0.8698599
vt 0.0555151 0.8827573
vt 0.0539659 0.8779290
f 4181/1737/4181 4179/1738/4179 4193/1739/4193

usemtl material_874
vt 0.4763247 0.9127322
vt 0.4643494 0.9111758
f 3487/1688/3487 3488/1740/3488 3502/1741/3502
vt 0.9515036 0.9863256
f 3678/1736/3678 3685/1742/3685 3681/1686/3681

usemtl material_863
f 2/1261/2 1/1586/1 4/1633/4
f 5/1471/5 4/1633/4 18/1587/18

usemtl material_922
f 16/1472/16 18/1587/18 114/1564/114

usemtl material_35
vt 0.9124444 0.1849892
f 3686/1634/3686 3688/1743/3688 3745/1569/3745

usemtl material_483
f 3810/1696/3810 3686/1634/3686 3799/1522/3799

usemtl material_1403
vt 0.6686006 0.9344134
vt 0.6714866 0.9328699
f 107/1744/107 91/1745/91 87/1498/87

usemtl material_1404
f 3688/1743/3688 3739/1647/3739 3744/1570/3744

usemtl material_1405
f 3745/1569/3745 3688/1743/3688 3744/1570/3744

usemtl material_863
f 87/1498/87 91/1745/91 90/1643/90

usemtl material_1351
f 4310/1699/4310 4309/1698/4309 4311/1701/4311

usemtl material_1265
f 4310/1699/4310 4311/1701/4311 4312/1700/4312

usemtl material_1406
vt 0.6850860 0.9526324
f 89/1594/89 90/1643/90 99/1746/99

usemtl material_682
vt 0.3285316 0.8242009
vt 0.3344712 0.8585418
vt 0.3298551 0.8579715
f 3671/1747/3671 3674/1748/3674 3676/1749/3676

usemtl material_1407
f 89/1594/89 99/1746/99 112/1703/112

usemtl material_661
vt 0.3378253 0.8155488
vt 0.3373845 0.8240538
f 3671/1747/3671 3672/1750/3672 3673/1751/3673

usemtl material_682
f 3671/1747/3671 3673/1751/3673 3674/1748/3674

usemtl material_1408
vt 0.3378253 0.8592480
f 3674/1748/3674 3673/1751/3673 3675/1752/3675

usemtl material_1409
vt 0.6861245 0.9565207
f 112/1703/112 99/1746/99 132/1753/132

usemtl material_1351
vt 0.7587649 0.5860282
vt 0.7788161 0.5848577
vt 0.7600262 0.5889227
f 4343/1754/4343 4340/1755/4340 4342/1756/4342

usemtl material_1375
vt 0.2649942 0.8989216
f 3564/1713/3564 3557/1712/3557 3553/1757/3553

usemtl material_1170
vt 0.2677594 0.8942204
f 3564/1713/3564 3553/1757/3553 3563/1758/3563

usemtl material_1056
vt 0.7919232 0.5889227
f 4342/1756/4342 4340/1755/4340 4339/1759/4339

usemtl material_1170
vt 0.7950743 0.5860515
f 4339/1759/4339 4340/1755/4340 4341/1760/4341

usemtl material_1290
vt 0.2841925 0.8938008
f 3563/1758/3563 3553/1757/3553 3562/1761/3562
vt 0.2876328 0.8982971
f 3562/1761/3562 3553/1757/3553 3551/1762/3551

usemtl material_1410
vt 0.2913962 0.8976551
f 3562/1761/3562 3551/1762/3551 3550/1763/3550

usemtl material_1411
vt 0.1664897 0.6847178
f 1576/1652/1576 1550/1764/1550 1549/1573/1549

usemtl material_1412
f 1578/1536/1578 1576/1652/1576 1549/1573/1549

usemtl material_1413
vt 0.1856483 0.6852691
f 1550/1764/1550 1547/1765/1547 1549/1573/1549

usemtl material_1414
f 1549/1573/1549 1547/1765/1547 1548/1574/1548

usemtl material_1415
f 1547/1765/1547 1544/1714/1544 1548/1574/1548

usemtl material_1416
f 1541/1653/1541 1551/1654/1551 1542/1576/1542

usemtl material_1417
f 1551/1654/1551 1559/1715/1559 1553/1532/1553

usemtl material_1010
f 1574/1657/1574 1628/1718/1628 1640/1537/1640

usemtl material_1418
f 3740/1651/3740 3742/1659/3742 3743/1528/3743

usemtl material_1379
vt 0.5280597 0.6756141
f 1639/1658/1639 1725/1766/1725 1726/1538/1726

usemtl material_1163
f 1726/1538/1726 1725/1766/1725 2131/1719/2131

usemtl material_1419
vt 0.1350753 0.6858560
f 1606/1535/1606 1935/1767/1935 1698/1717/1698

usemtl material_611
f 2126/1539/2126 2131/1719/2131 2111/1720/2111

usemtl material_1420
vt 0.0142431 0.6825243
f 1840/1581/1840 1836/1768/1836 1831/1661/1831

usemtl material_1305
f 1828/1556/1828 1772/1664/1772 1770/1729/1770

usemtl material_725
f 2111/1720/2111 2104/1665/2104 2110/1577/2110

usemtl material_43
f 1817/1548/1817 1805/1726/1805 1796/1727/1796

usemtl material_236
f 1826/1511/1826 1796/1727/1796 1795/1668/1795

usemtl material_1421
vt 0.1316021 0.6844120
f 1773/1557/1773 1770/1729/1770 1769/1769/1769

usemtl material_1422
vt 0.5289295 0.8640245
vt 0.5336584 0.8599887
f 151/1770/151 106/1771/106 64/1679/64

usemtl material_1423
f 64/1679/64 106/1771/106 57/1734/57

usemtl material_827
f 60/1562/60 57/1734/57 59/1467/59

usemtl material_1424
vt 0.9902416 0.9041638
vt 0.9839346 0.8954774
f 3974/1772/3974 3973/1773/3973 3970/1697/3970

usemtl material_1425
vt 0.9798360 0.9034541
f 3970/1697/3970 3971/1774/3971 3969/1640/3969

usemtl material_1351
vt 0.2417056 0.9031780
f 3558/1710/3558 3556/1775/3556 3557/1712/3557

usemtl material_1170
f 3557/1712/3557 3556/1775/3556 3553/1757/3553

usemtl material_827
f 57/1734/57 58/1690/58 59/1467/59

usemtl material_1426
vt 0.9554334 0.6780469
f 3352/1624/3352 3327/1776/3327 3354/1689/3354

usemtl material_662
vt 0.5600758 0.8662677
f 58/1690/58 111/1777/111 100/1629/100

usemtl material_885
vt 0.9172791 0.1693963
f 3810/1696/3810 3689/1778/3689 3686/1634/3686

usemtl material_375
vt 0.9099257 0.1734364
f 3686/1634/3686 3687/1779/3687 3688/1743/3688

usemtl material_993
vt 0.6693254 0.9246501
f 114/1564/114 123/1780/123 107/1744/107

usemtl material_1427
vt 0.9824564 0.8820021
f 3976/1781/3976 3973/1773/3973 3974/1772/3974

usemtl material_1428
f 3970/1697/3970 3973/1773/3973 3971/1774/3971

usemtl material_1429
vt 0.9737795 0.8983244
f 3971/1774/3971 3972/1782/3972 3969/1640/3969

usemtl material_1430
vt 0.8968231 0.1743158
f 3739/1647/3739 3688/1743/3688 3735/1783/3735

usemtl material_1431
vt 0.6876116 0.9494044
f 99/1746/99 141/1784/141 132/1753/132

usemtl material_1017
vt 0.2379866 0.9079081
f 3558/1710/3558 3559/1785/3559 3556/1775/3556

usemtl material_1147
vt 0.2489445 0.9057311
f 3556/1775/3556 3554/1786/3554 3553/1757/3553
vt 0.2765277 0.9021731
f 3554/1786/3554 3552/1787/3552 3553/1757/3553

usemtl material_1290
f 3553/1757/3553 3552/1787/3552 3551/1762/3551

usemtl material_1102
vt 0.2866391 0.9046274
f 3552/1787/3552 3549/1788/3549 3551/1762/3551

usemtl material_1410
f 3551/1762/3551 3549/1788/3549 3550/1763/3550

usemtl material_1432
vt 0.8642766 0.1885365
f 3739/1647/3739 3736/1789/3736 3741/1613/3741

usemtl material_1411
vt 0.1666980 0.6697826
f 1576/1652/1576 1569/1790/1569 1550/1764/1550

usemtl material_1433
f 1550/1764/1550 1569/1790/1569 1547/1765/1547

usemtl material_1434
vt 0.2256374 0.6704372
f 1547/1765/1547 1567/1791/1567 1544/1714/1544

usemtl material_1435
vt 0.2717846 0.6704183
f 1544/1714/1544 1560/1792/1560 1541/1653/1541

usemtl material_1436
vt 0.5131070 0.6722378
f 1574/1657/1574 1575/1793/1575 1628/1718/1628

usemtl material_1437
vt 0.8325512 0.1995534
f 3740/1651/3740 3738/1794/3738 3742/1659/3742

usemtl material_438
vt 0.1453812 0.6684718
f 1698/1717/1698 1620/1795/1620 1576/1652/1576

usemtl material_1304
vt 0.5266686 0.6732440
f 1628/1718/1628 1637/1796/1637 1639/1658/1639
f 1639/1658/1639 1637/1796/1637 1725/1766/1725

usemtl material_1419
f 1935/1767/1935 1620/1795/1620 1698/1717/1698

usemtl material_696
vt 0.6526195 0.6726969
vt 0.6585460 0.6708249
f 2116/1797/2116 2151/1798/2151 2124/1660/2124

usemtl material_12
f 2124/1660/2124 2151/1798/2151 2147/1579/2147

usemtl material_1438
vt 0.1314270 0.6724432
vt 0.1341532 0.6644517
f 1769/1769/1769 1768/1799/1768 1870/1800/1870

usemtl material_1439
f 1769/1769/1769 1870/1800/1870 1935/1767/1935

usemtl material_76
f 2109/1667/2109 2116/1797/2116 2124/1660/2124

usemtl material_167
vt 0.0422517 0.6690081
f 1805/1726/1805 1801/1801/1801 1796/1727/1796

usemtl material_76
vt 0.0607619 0.6690343
f 1795/1668/1795 1787/1802/1787 1788/1728/1788

usemtl material_392
vt 0.0914720 0.6711141
f 1783/1662/1783 1781/1803/1781 1782/1663/1782

usemtl material_1440
vt 0.0988284 0.6693433
f 1781/1803/1781 1778/1804/1778 1782/1663/1782

usemtl material_1441
vt 0.8805621 0.6479677
vt 0.8853093 0.6509827
vt 0.8876722 0.6341314
f 3353/1805/3353 3331/1806/3331 3355/1807/3355

usemtl material_363
f 3355/1807/3355 3331/1806/3331 3351/1614/3351

usemtl material_1352
f 3351/1614/3351 3327/1776/3327 3352/1624/3352

usemtl material_1442
vt 0.5390091 0.8570784
f 106/1771/106 156/1808/156 57/1734/57

usemtl material_682
vt 0.8787175 0.8615108
vt 0.8792890 0.8509282
vt 0.8839961 0.8480691
f 3819/1809/3819 3823/1810/3823 3821/1811/3821

usemtl material_1408
vt 0.0191731 0.9507114
vt 0.0166997 0.9475757
vt 0.0141196 0.9489030
f 3450/1812/3450 3443/1813/3443 3444/1814/3444

usemtl material_1075
vt 0.0114318 0.9451655
vt 0.0104649 0.9482911
f 3444/1814/3444 3442/1815/3442 3449/1816/3449

usemtl material_1405
vt 0.9633381 0.6761671
f 3327/1776/3327 3329/1817/3329 3354/1689/3354

usemtl material_772
f 18/1587/18 123/1780/123 114/1564/114

usemtl material_1443
vt 0.9310281 0.1690897
f 3810/1696/3810 3809/1818/3809 3689/1778/3689

usemtl material_122
f 3686/1634/3686 3689/1778/3689 3687/1779/3687

usemtl material_1444
vt 0.7713116 0.2860885
vt 0.7667081 0.2884687
f 3981/1819/3981 3980/1820/3980 3984/1636/3984

usemtl material_1445
f 3984/1636/3984 3980/1820/3980 3990/1695/3990

usemtl material_1446
vt 0.9782556 0.8920003
f 3973/1773/3973 3975/1821/3975 3971/1774/3971

usemtl material_1447
f 3975/1821/3975 3972/1782/3972 3971/1774/3971

usemtl material_1170
vt 0.2778071 0.9160706
vt 0.2583481 0.9168818
vt 0.2776734 0.9199188
f 3566/1822/3566 3561/1823/3561 3529/1824/3529

usemtl material_1448
vt 0.6845891 0.9389350
f 90/1643/90 92/1825/92 99/1746/99
vt 0.6858116 0.9446782
f 92/1825/92 130/1826/130 99/1746/99

usemtl material_1147
vt 0.9440681 0.1509954
vt 0.9443192 0.1569575
vt 0.9391264 0.1601171
f 3434/1827/3434 3428/1828/3428 3437/1829/3437

usemtl material_1449
f 130/1826/130 141/1784/141 99/1746/99

usemtl material_1450
vt 0.2922877 0.9103279
f 3549/1788/3549 3543/1830/3543 3550/1763/3550

usemtl material_1451
f 3559/1785/3559 3554/1786/3554 3556/1775/3556

usemtl material_1100
vt 0.2690451 0.9043180
f 3554/1786/3554 3555/1831/3555 3552/1787/3552

usemtl material_1102
vt 0.2805217 0.9054213
f 3552/1787/3552 3560/1832/3560 3549/1788/3549

usemtl material_1452
f 3741/1613/3741 3736/1789/3736 3740/1651/3740

usemtl material_884
vt 0.1496903 0.6689337
f 1576/1652/1576 1620/1795/1620 1577/1833/1577

usemtl material_1453
f 1577/1833/1577 1569/1790/1569 1576/1652/1576

usemtl material_1454
vt 0.1805834 0.6677348
f 1569/1790/1569 1568/1834/1568 1547/1765/1547

usemtl material_1455
f 1547/1765/1547 1568/1834/1568 1567/1791/1567

usemtl material_1456
vt 0.3306628 0.6685901
f 1541/1653/1541 1561/1835/1561 1551/1654/1551

usemtl material_1457
vt 0.3729880 0.6690551
f 1551/1654/1551 1563/1836/1563 1559/1715/1559

usemtl material_1458
vt 0.3939007 0.6701778
f 1559/1715/1559 1564/1837/1564 1554/1716/1554

usemtl material_1459
vt 0.4346439 0.6695554
f 1564/1837/1564 1565/1838/1565 1554/1716/1554

usemtl material_1460
f 1554/1716/1554 1565/1838/1565 1557/1655/1557

usemtl material_1461
vt 0.4775182 0.6697714
f 1566/1839/1566 1570/1656/1570 1557/1655/1557

usemtl material_1462
vt 0.4993818 0.6704023
f 1570/1656/1570 1571/1840/1571 1574/1657/1574

usemtl material_1463
f 1574/1657/1574 1571/1840/1571 1575/1793/1575

usemtl material_1464
vt 0.5315371 0.6642632
f 1725/1766/1725 2118/1841/2118 2131/1719/2131

usemtl material_1124
f 2131/1719/2131 2118/1841/2118 2111/1720/2111

usemtl material_1465
vt 0.0175049 0.6681491
f 1836/1768/1836 1832/1842/1832 1831/1661/1831

usemtl material_1466
vt 0.0292711 0.6694316
f 1831/1661/1831 1832/1842/1832 1830/1843/1830

usemtl material_1195
f 1831/1661/1831 1830/1843/1830 1811/1722/1811

usemtl material_187
vt 0.0330719 0.6692800
f 1830/1843/1830 1803/1844/1803 1811/1722/1811

usemtl material_365
vt 0.1189321 0.6683263
f 1772/1664/1772 1771/1845/1771 1770/1729/1770

usemtl material_725
vt 0.5519603 0.6729555
f 2104/1665/2104 2111/1720/2111 2100/1846/2100

usemtl material_529
vt 0.5923322 0.6719168
f 2104/1665/2104 2100/1846/2100 2099/1847/2099

usemtl material_672
f 2104/1665/2104 2099/1847/2099 2103/1724/2103
f 2103/1724/2103 2099/1847/2099 2102/1666/2102
vt 0.6436837 0.6722186
f 2102/1666/2102 2101/1848/2101 2109/1667/2109
f 2109/1667/2109 2101/1848/2101 2116/1797/2116

usemtl material_724
f 1811/1722/1811 1803/1844/1803 1804/1725/1804

usemtl material_517
f 1804/1725/1804 1803/1844/1803 1801/1801/1801

usemtl material_1467
f 1804/1725/1804 1801/1801/1801 1805/1726/1805

usemtl material_697
vt 0.0474739 0.6695445
f 1801/1801/1801 1797/1849/1797 1796/1727/1796

usemtl material_283
vt 0.0538532 0.6688593
f 1796/1727/1796 1797/1849/1797 1794/1850/1794

usemtl material_765
f 1796/1727/1796 1794/1850/1794 1795/1668/1795

usemtl material_697
f 1795/1668/1795 1794/1850/1794 1787/1802/1787

usemtl material_205
vt 0.0756023 0.6691237
f 1786/1669/1786 1785/1851/1785 1783/1662/1783

usemtl material_528
vt 0.0848625 0.6695309
f 1783/1662/1783 1784/1852/1784 1781/1803/1781

usemtl material_1012
vt 0.1136876 0.6689171
f 1792/1723/1792 1775/1853/1775 1793/1670/1793

usemtl material_765
vt 0.1264864 0.6693107
f 1770/1729/1770 1767/1854/1767 1769/1769/1769

usemtl material_1468
vt 0.9126272 0.6635640
f 3331/1806/3331 3328/1855/3328 3351/1614/3351

usemtl material_1224
vt 0.0209108 0.9498710
vt 0.0194335 0.9450091
f 3446/1856/3446 3445/1857/3445 3443/1813/3443

usemtl material_863
f 6/1694/6 1/1586/1 3/1260/3

usemtl material_18
vt 0.9079015 0.1662626
f 3687/1779/3687 3691/1858/3691 3688/1743/3688

usemtl material_277
f 3688/1743/3688 3691/1858/3691 3735/1783/3735

usemtl material_1170
vt 0.9472899 0.1488822
vt 0.9504611 0.1513531
f 3435/1859/3435 3427/1860/3427 3434/1827/3434

usemtl material_1074
f 3434/1827/3434 3427/1860/3427 3428/1828/3428

usemtl material_1469
vt 0.9459568 0.1605870
vt 0.9401510 0.1631098
f 3428/1828/3428 3429/1861/3429 3430/1862/3430

usemtl material_1290
vt 0.2809893 0.9130949
vt 0.2841965 0.9133758
f 3546/1863/3546 3544/1864/3544 3549/1788/3549
f 3560/1832/3560 3546/1863/3546 3549/1788/3549

usemtl material_1072
f 3544/1864/3544 3543/1830/3543 3549/1788/3549

usemtl material_1470
f 3739/1647/3739 3735/1783/3735 3736/1789/3736

usemtl material_1471
f 3740/1651/3740 3736/1789/3736 3738/1794/3738

usemtl material_1472
f 1567/1791/1567 1560/1792/1560 1544/1714/1544

usemtl material_1473
f 1560/1792/1560 1561/1835/1561 1541/1653/1541

usemtl material_1474
vt 0.3542443 0.6669149
f 1551/1654/1551 1561/1835/1561 1562/1865/1562

usemtl material_1475
f 1551/1654/1551 1562/1865/1562 1563/1836/1563

usemtl material_1476
f 1559/1715/1559 1563/1836/1563 1564/1837/1564

usemtl material_1477
f 1565/1838/1565 1566/1839/1566 1557/1655/1557

usemtl material_1478
f 1566/1839/1566 1571/1840/1571 1570/1656/1570

usemtl material_1256
vt 0.8232310 0.1929274
f 3738/1794/3738 3737/1866/3737 3742/1659/3742

usemtl material_1479
f 3742/1659/3742 3737/1866/3737 3754/1721/3754

usemtl material_1480
vt 0.1057075 0.6674038
f 1778/1804/1778 1777/1867/1777 1792/1723/1792

usemtl material_366
f 1775/1853/1775 1771/1845/1771 1772/1664/1772

usemtl material_644
f 1771/1845/1771 1767/1854/1767 1770/1729/1770

usemtl material_672
f 2099/1847/2099 2101/1848/2101 2102/1666/2102

usemtl material_534
f 1788/1728/1788 1787/1802/1787 1786/1669/1786

usemtl material_205
f 1786/1669/1786 1787/1802/1787 1785/1851/1785

usemtl material_1481
f 1783/1662/1783 1785/1851/1785 1784/1852/1784

usemtl material_696
f 1777/1867/1777 1775/1853/1775 1792/1723/1792

usemtl material_1482
f 1767/1854/1767 1768/1799/1768 1769/1769/1769

usemtl material_58
vt 0.7093223 0.1936005
vt 0.7087640 0.1976503
f 2611/1674/2611 2612/1868/2612 2577/1869/2577

usemtl material_732
vt 0.5605745 0.8566079
f 57/1734/57 55/1870/55 58/1690/58

usemtl material_1483
vt 0.5696221 0.8480612
f 100/1629/100 34/1871/34 9/1563/9

usemtl material_1484
vt 0.9297712 0.1604943
vt 0.9195039 0.1640755
f 3807/1872/3807 3808/1873/3808 3809/1818/3809

usemtl material_1485
f 3809/1818/3809 3808/1873/3808 3689/1778/3689

usemtl material_1170
vt 0.2533706 0.9205161
vt 0.2553794 0.9280882
f 3528/1874/3528 3520/1875/3520 3529/1824/3529
vt 0.2743495 0.9283817
vt 0.2790807 0.9233909
f 3523/1876/3523 3542/1877/3542 3529/1824/3529
vt 0.2503361 0.9174834
vt 0.2502967 0.9262958
f 3565/1878/3565 3524/1879/3524 3528/1874/3528
vt 0.2379866 0.9134046
vt 0.2433718 0.9207317
vt 0.2447923 0.9138656
f 3539/1880/3539 3533/1881/3533 3540/1882/3540

usemtl material_1486
vt 0.0132992 0.6590595
f 1836/1768/1836 1850/1883/1850 1832/1842/1832

usemtl material_863
vt 0.5454649 0.8510616
f 156/1808/156 155/1884/155 57/1734/57

usemtl material_682
vt 0.0201406 0.9248540
f 3445/1857/3445 3438/1885/3438 3443/1813/3443

usemtl material_827
f 58/1690/58 55/1870/55 111/1777/111
vt 0.5804061 0.8413173
f 34/1871/34 7/1886/7 9/1563/9

usemtl material_863
f 9/1563/9 7/1886/7 6/1694/6
vt 0.6080158 0.8645692
f 6/1694/6 8/1887/8 1/1586/1

usemtl material_157
vt 0.9106713 0.1630369
f 3689/1778/3689 3690/1888/3690 3687/1779/3687

usemtl material_181
f 3687/1779/3687 3690/1888/3690 3691/1858/3691

usemtl material_1487
vt 0.9726853 0.8785569
f 3975/1821/3975 3978/1889/3978 3972/1782/3972

usemtl material_863
f 90/1643/90 91/1745/91 92/1825/92

usemtl material_1170
f 3528/1874/3528 3524/1879/3524 3520/1875/3520
f 3520/1875/3520 3523/1876/3523 3529/1824/3529
vt 0.2772836 0.9303955
f 3523/1876/3523 3521/1890/3521 3542/1877/3542
vt 0.9592736 0.1604193
f 3427/1860/3427 3426/1891/3426 3428/1828/3428

usemtl material_827
vt 0.6900262 0.9199218
f 92/1825/92 110/1892/110 130/1826/130

usemtl material_709
vt 0.2362907 0.9390519
f 3539/1880/3539 3526/1893/3526 3533/1881/3533

usemtl material_1101
vt 0.2811700 0.9256506
vt 0.2859783 0.9292700
f 3545/1894/3545 3534/1895/3534 3544/1864/3544

usemtl material_1469
f 3546/1863/3546 3545/1894/3545 3544/1864/3544

usemtl material_1488
f 3544/1864/3544 3534/1895/3534 3543/1830/3543

usemtl material_1489
vt 0.8768497 0.1707850
f 3735/1783/3735 3732/1896/3732 3736/1789/3736

usemtl material_1490
vt 0.4810354 0.6583282
f 1566/1839/1566 1586/1897/1586 1571/1840/1571

usemtl material_1491
vt 0.8369074 0.1835772
f 3736/1789/3736 3733/1898/3733 3738/1794/3738

usemtl material_1492
vt 0.2223577 0.6624557
f 1567/1791/1567 1568/1834/1568 1580/1899/1580

usemtl material_1493
vt 0.5126361 0.6589767
vt 0.5206420 0.6570030
f 1588/1900/1588 1636/1901/1636 1628/1718/1628

usemtl material_1494
f 1575/1793/1575 1588/1900/1588 1628/1718/1628

usemtl material_1010
f 1628/1718/1628 1636/1901/1636 1637/1796/1637

usemtl material_406
f 2111/1720/2111 2118/1841/2118 2100/1846/2100

usemtl material_528
vt 0.5553303 0.6597658
f 2100/1846/2100 2097/1902/2097 2099/1847/2099

usemtl material_697
vt 0.6543060 0.6608053
f 2116/1797/2116 2130/1903/2130 2151/1798/2151

usemtl material_450
vt 0.8276790 0.1866026
f 3738/1794/3738 3734/1904/3734 3737/1866/3737

usemtl material_440
vt 0.0181871 0.6583879
f 1832/1842/1832 1833/1905/1833 1830/1843/1830

usemtl material_82
vt 0.0913286 0.6598941
f 1784/1852/1784 1780/1906/1780 1781/1803/1781

usemtl material_1495
f 1780/1906/1780 1778/1804/1778 1781/1803/1781

usemtl material_1167
vt 0.0426824 0.6579181
f 1801/1801/1801 1800/1907/1800 1797/1849/1797

usemtl material_57
vt 0.0596973 0.6588029
f 1794/1850/1794 1791/1908/1791 1787/1802/1787

usemtl material_1496
vt 0.0683501 0.6582444
f 1787/1802/1787 1789/1909/1789 1785/1851/1785

usemtl material_363
vt 0.8778402 0.6610739
vt 0.8821388 0.6634383
f 3330/1910/3330 3325/1911/3325 3331/1806/3331

usemtl material_1441
f 3353/1805/3353 3330/1910/3330 3331/1806/3331

usemtl material_1497
f 3331/1806/3331 3325/1911/3325 3328/1855/3328
vt 0.9067168 0.6737290
f 3325/1911/3325 3322/1912/3322 3328/1855/3328

usemtl material_863
vt 0.5557436 0.8407540
f 155/1884/155 56/1913/56 57/1734/57

usemtl material_682
f 3443/1813/3443 3438/1885/3438 3442/1815/3442
vt 0.0128109 0.9277517
f 3442/1815/3442 3438/1885/3438 3440/1914/3440
vt 0.0088290 0.9436833
f 3442/1815/3442 3440/1914/3440 3447/1915/3447

usemtl material_732
f 57/1734/57 56/1913/56 55/1870/55

usemtl material_1498
vt 0.9531903 0.6906297
vt 0.9604663 0.6909881
f 3327/1776/3327 3320/1916/3320 3323/1917/3323

usemtl material_347
vt 0.9156556 0.1546960
f 3808/1873/3808 3797/1918/3797 3689/1778/3689
f 3689/1778/3689 3797/1918/3797 3690/1888/3690

usemtl material_1499
vt 0.3126305 0.9480733
vt 0.3109781 0.9456240
vt 0.3066168 0.9608740
f 3881/1919/3881 3880/1920/3880 3882/1921/3882

usemtl material_1500
vt 0.9800768 0.8809749
f 3973/1773/3973 3977/1922/3977 3975/1821/3975

usemtl material_1501
vt 0.7755576 0.2691040
vt 0.7706660 0.2732692
vt 0.7740929 0.2888197
f 3991/1923/3991 3989/1924/3989 3985/1925/3985

usemtl material_1502
f 3985/1925/3985 3989/1924/3989 3981/1819/3981

usemtl material_1503
vt 0.8977028 0.1567579
f 3691/1858/3691 3727/1926/3727 3735/1783/3735

usemtl material_1170
vt 0.9577423 0.1502237
vt 0.9668955 0.1541579
f 3436/1927/3436 3424/1928/3424 3427/1860/3427

usemtl material_1265
f 3427/1860/3427 3424/1928/3424 3426/1891/3426

usemtl material_1208
vt 0.2797027 0.9302964
f 3535/1929/3535 3545/1894/3545 3546/1863/3546

usemtl material_1504
f 3428/1828/3428 3426/1891/3426 3429/1861/3429

usemtl material_1505
vt 0.2932156 0.9247363
f 3543/1830/3543 3534/1895/3534 3536/1930/3536

usemtl material_202
f 3732/1896/3732 3733/1898/3733 3736/1789/3736

usemtl material_1476
vt 0.3805820 0.6582387
f 1563/1836/1563 1584/1931/1584 1564/1837/1564

usemtl material_1506
vt 0.4269225 0.6583429
f 1564/1837/1564 1584/1931/1584 1585/1932/1585

usemtl material_1507
f 1564/1837/1564 1585/1932/1585 1565/1838/1565

usemtl material_1508
f 1571/1840/1571 1586/1897/1586 1588/1900/1588

usemtl material_1509
f 1571/1840/1571 1588/1900/1588 1575/1793/1575

usemtl material_1421
vt 0.1653343 0.6567119
f 1577/1833/1577 1587/1933/1587 1569/1790/1569

usemtl material_1510
vt 0.1837550 0.6548337
f 1587/1933/1587 1589/1934/1589 1568/1834/1568

usemtl material_1511
f 1569/1790/1569 1587/1933/1587 1568/1834/1568

usemtl material_1512
f 1567/1791/1567 1580/1899/1580 1560/1792/1560

usemtl material_1513
vt 0.2754416 0.6577697
vt 0.3276612 0.6567054
f 1581/1935/1581 1582/1936/1582 1560/1792/1560

usemtl material_1514
f 1560/1792/1560 1582/1936/1582 1561/1835/1561

usemtl material_1371
vt 0.5261962 0.6560405
f 1636/1901/1636 1638/1937/1638 1637/1796/1637

usemtl material_895
f 3738/1794/3738 3733/1898/3733 3734/1904/3734

usemtl material_1379
f 1637/1796/1637 1638/1937/1638 1725/1766/1725

usemtl material_1515
vt 0.5300545 0.6553100
f 1725/1766/1725 1760/1938/1760 2118/1841/2118

usemtl material_529
f 2118/1841/2118 2097/1902/2097 2100/1846/2100

usemtl material_672
vt 0.5927050 0.6593942
f 2097/1902/2097 2095/1939/2095 2099/1847/2099

usemtl material_670
vt 0.6447807 0.6593507
f 2095/1939/2095 2094/1940/2094 2101/1848/2101
vt 0.6491631 0.6609355
f 2101/1848/2101 2094/1940/2094 2119/1941/2119

usemtl material_672
f 2101/1848/2101 2119/1941/2119 2116/1797/2116

usemtl material_485
f 2116/1797/2116 2119/1941/2119 2130/1903/2130

usemtl material_1516
f 1850/1883/1850 1833/1905/1833 1832/1842/1832

usemtl material_1496
vt 0.0295807 0.6564671
f 1833/1905/1833 1834/1942/1834 1830/1843/1830

usemtl material_187
vt 0.0337095 0.6588860
f 1834/1942/1834 1802/1943/1802 1803/1844/1803

usemtl material_697
f 1830/1843/1830 1834/1942/1834 1803/1844/1803

usemtl material_764
f 1802/1943/1802 1800/1907/1800 1801/1801/1801

usemtl material_916
vt 0.0823422 0.6566026
f 1785/1851/1785 1790/1944/1790 1784/1852/1784

usemtl material_1517
f 1784/1852/1784 1790/1944/1790 1780/1906/1780

usemtl material_1
vt 0.1132813 0.6581650
f 1775/1853/1775 1774/1945/1774 1771/1845/1771

usemtl material_485
vt 0.0477444 0.6572054
f 1800/1907/1800 1798/1946/1798 1797/1849/1797

usemtl material_1012
vt 0.0543755 0.6557532
f 1794/1850/1794 1799/1947/1799 1791/1908/1791

usemtl material_1518
f 3322/1912/3322 3320/1916/3320 3327/1776/3327

usemtl material_1519
vt 0.9593535 0.7004021
f 3320/1916/3320 3316/1948/3316 3323/1917/3323

usemtl material_47
vt 0.9075251 0.1544274
f 3797/1918/3797 3726/1949/3726 3690/1888/3690

usemtl material_171
f 3690/1888/3690 3726/1949/3726 3691/1858/3691

usemtl material_1520
f 3691/1858/3691 3726/1949/3726 3727/1926/3727

usemtl material_1521
vt 0.3062017 0.9395934
vt 0.3043570 0.9543359
f 3880/1920/3880 3870/1950/3870 3883/1951/3883

usemtl material_1408
vt 0.2645011 0.9379166
f 3520/1875/3520 3519/1952/3519 3523/1876/3523

usemtl material_1170
f 3523/1876/3523 3519/1952/3519 3521/1890/3521

usemtl material_1522
f 3735/1783/3735 3727/1926/3727 3732/1896/3732

usemtl material_1523
vt 0.2394274 0.9398041
f 3526/1893/3526 3525/1953/3525 3533/1881/3533

usemtl material_1074
vt 0.2443978 0.9274533
f 3533/1881/3533 3525/1953/3525 3541/1954/3541

usemtl material_1469
f 3545/1894/3545 3535/1929/3535 3534/1895/3534

usemtl material_1524
f 1568/1834/1568 1589/1934/1589 1580/1899/1580

usemtl material_1525
vt 0.3492427 0.6560413
f 1582/1936/1582 1583/1955/1583 1562/1865/1562

usemtl material_1526
f 1561/1835/1561 1582/1936/1582 1562/1865/1562

usemtl material_1527
f 1562/1865/1562 1583/1955/1583 1563/1836/1563

usemtl material_1528
f 1563/1836/1563 1583/1955/1583 1584/1931/1584

usemtl material_1529
f 1565/1838/1565 1585/1932/1585 1566/1839/1566

usemtl material_1530
f 1566/1839/1566 1585/1932/1585 1586/1897/1586

usemtl material_1531
vt 0.1433876 0.6530137
vt 0.1475326 0.6542744
f 1701/1956/1701 1591/1957/1591 1620/1795/1620

usemtl material_1532
f 1620/1795/1620 1591/1957/1591 1577/1833/1577

usemtl material_128
f 1577/1833/1577 1591/1957/1591 1587/1933/1587

usemtl material_1533
f 1580/1899/1580 1581/1935/1581 1560/1792/1560

usemtl material_1267
f 1638/1937/1638 1760/1938/1760 1725/1766/1725

usemtl material_697
f 1798/1946/1798 1799/1947/1799 1794/1850/1794

usemtl material_1305
f 1791/1908/1791 1789/1909/1789 1787/1802/1787

usemtl material_695
f 1789/1909/1789 1790/1944/1790 1785/1851/1785

usemtl material_1534
vt 0.0991304 0.6548122
f 1780/1906/1780 1779/1958/1779 1778/1804/1778

usemtl material_1121
vt 0.1062401 0.6558051
f 1778/1804/1778 1779/1958/1779 1776/1959/1776

usemtl material_187
f 1778/1804/1778 1776/1959/1776 1777/1867/1777

usemtl material_353
f 1777/1867/1777 1776/1959/1776 1775/1853/1775

usemtl material_888
f 1775/1853/1775 1776/1959/1776 1774/1945/1774

usemtl material_353
vt 0.1188450 0.6538668
f 1774/1945/1774 1766/1960/1766 1771/1845/1771

usemtl material_760
vt 0.1309925 0.6548259
f 1766/1960/1766 1764/1961/1764 1767/1854/1767

usemtl material_672
f 1771/1845/1771 1766/1960/1766 1767/1854/1767

usemtl material_1535
f 1767/1854/1767 1764/1961/1764 1768/1799/1768

usemtl material_1536
f 1768/1799/1768 1764/1961/1764 1870/1800/1870

usemtl material_1364
vt 0.9277376 0.6940489
f 3322/1912/3322 3318/1962/3318 3320/1916/3320

usemtl material_863
vt 0.5564323 0.8372125
f 155/1884/155 148/1963/148 56/1913/56

usemtl material_682
vt 0.0132732 0.9213620
f 3438/1885/3438 3439/1964/3439 3440/1914/3440

usemtl material_1537
vt 0.0621233 0.8993015
vt 0.0529964 0.9115722
vt 0.0551929 0.8975631
f 4176/1965/4176 4175/1966/4175 4177/1967/4177

usemtl material_1498
vt 0.9521692 0.7036845
f 3320/1916/3320 3313/1968/3313 3316/1948/3316

usemtl material_863
f 6/1694/6 7/1886/7 8/1887/8
vt 0.6694830 0.8988218
f 4/1633/4 21/1969/21 18/1587/18

usemtl material_772
vt 0.6750854 0.9092273
f 18/1587/18 21/1969/21 27/1970/27

usemtl material_732
f 18/1587/18 27/1970/27 123/1780/123

usemtl material_1538
vt 0.9295680 0.1513118
f 3807/1872/3807 3806/1971/3806 3797/1918/3797

usemtl material_885
f 3807/1872/3807 3797/1918/3797 3808/1873/3808

usemtl material_1539
vt 0.7675153 0.2713529
vt 0.7606877 0.2677846
vt 0.7642061 0.2781395
f 3982/1972/3982 3983/1973/3983 3979/1974/3979

usemtl material_1540
vt 0.3133090 0.9388087
f 3880/1920/3880 3875/1975/3875 3870/1950/3870

usemtl material_863
f 107/1744/107 27/1970/27 91/1745/91

usemtl material_1074
vt 0.2767733 0.9533579
f 3519/1952/3519 3511/1976/3511 3521/1890/3521

usemtl material_1147
vt 0.2784372 0.9402457
f 3521/1890/3521 3511/1976/3511 3522/1977/3522

usemtl material_655
vt 0.6894917 0.9137145
f 91/1745/91 93/1978/93 92/1825/92

usemtl material_1170
vt 0.2458705 0.9373016
vt 0.2481630 0.9506097
f 3530/1979/3530 3513/1980/3513 3524/1879/3524
f 3524/1879/3524 3513/1980/3513 3520/1875/3520

usemtl material_661
f 92/1825/92 93/1978/93 110/1892/110

usemtl material_1170
vt 0.9760805 0.1617035
f 3424/1928/3424 3425/1981/3425 3426/1891/3426

usemtl material_1541
vt 0.2291568 0.6548215
f 1589/1934/1589 1590/1982/1590 1580/1899/1580

usemtl material_1542
f 1580/1899/1580 1590/1982/1590 1581/1935/1581

usemtl material_1543
vt 0.3900888 0.6513220
f 1584/1931/1584 1607/1983/1607 1585/1932/1585

usemtl material_1162
vt 0.5269163 0.6532701
f 1638/1937/1638 1644/1984/1644 1760/1938/1760

usemtl material_529
vt 0.5349660 0.6527007
f 2118/1841/2118 2098/1985/2098 2097/1902/2097

usemtl material_682
vt 0.0209108 0.9100610
f 3438/1885/3438 3441/1986/3441 3439/1964/3439

usemtl material_661
vt 0.5665957 0.8252014
f 56/1913/56 43/1987/43 55/1870/55

usemtl material_654
vt 0.5713649 0.8384870
f 43/1987/43 41/1988/41 55/1870/55

usemtl material_732
f 55/1870/55 41/1988/41 34/1871/34
f 55/1870/55 34/1871/34 111/1777/111

usemtl material_863
vt 0.6544886 0.8672429
f 1/1586/1 19/1989/19 4/1633/4
vt 0.6619440 0.8778156
f 4/1633/4 19/1989/19 22/1990/22
f 22/1990/22 21/1969/21 4/1633/4

usemtl material_248
vt 0.9153290 0.1437666
vt 0.9079378 0.1455909
f 3790/1991/3790 3796/1992/3796 3726/1949/3726

usemtl material_47
f 3797/1918/3797 3790/1991/3790 3726/1949/3726

usemtl material_1263
vt 0.3070340 0.9308498
vt 0.3000458 0.9405766
f 3870/1950/3870 3862/1993/3862 3869/1994/3869

usemtl material_1047
f 27/1970/27 93/1978/93 91/1745/91

usemtl material_1544
vt 0.8713224 0.1624104
f 3727/1926/3727 3729/1995/3729 3732/1896/3732

usemtl material_1170
vt 0.9722893 0.1630572
f 3425/1981/3425 3433/1996/3433 3426/1891/3426

usemtl material_1147
vt 0.2808697 0.9473383
f 3535/1929/3535 3531/1997/3531 3534/1895/3534

usemtl material_1545
vt 0.2911238 0.9433381
f 3534/1895/3534 3532/1998/3532 3536/1930/3536

usemtl material_1546
vt 0.1507464 0.6420692
vt 0.1708315 0.6397775
f 1621/1999/1621 1614/2000/1614 1591/1957/1591

usemtl material_1547
f 1591/1957/1591 1614/2000/1614 1587/1933/1587

usemtl material_1548
vt 0.4570898 0.6435508
vt 0.4818245 0.6437765
f 1585/1932/1585 1617/2001/1617 1615/2002/1615

usemtl material_1549
f 1585/1932/1585 1615/2002/1615 1586/1897/1586

usemtl material_1550
vt 0.5044680 0.6422423
f 1586/1897/1586 1616/2003/1616 1588/1900/1588

usemtl material_1494
vt 0.5132809 0.6447344
f 1588/1900/1588 1619/2004/1619 1636/1901/1636

usemtl material_12
vt 0.6532919 0.6459829
vt 0.6584345 0.6511456
f 2130/1903/2130 2138/2005/2138 2160/2006/2160

usemtl material_453
vt 0.6486930 0.6428714
f 2094/1940/2094 2093/2007/2093 2119/1941/2119
f 2119/1941/2119 2093/2007/2093 2138/2005/2138

usemtl material_485
f 2119/1941/2119 2138/2005/2138 2130/1903/2130

usemtl material_1551
vt 0.0179769 0.6445646
f 1850/1883/1850 1835/2008/1835 1833/1905/1833

usemtl material_1187
f 1833/1905/1833 1835/2008/1835 1834/1942/1834

usemtl material_392
vt 0.0335359 0.6427029
f 1834/1942/1834 1806/2009/1806 1802/1943/1802

usemtl material_96
f 1802/1943/1802 1806/2009/1806 1800/1907/1800

usemtl material_1552
vt 0.0917945 0.6431875
f 1790/1944/1790 1807/2010/1807 1780/1906/1780

usemtl material_1553
f 1807/2010/1807 1779/1958/1779 1780/1906/1780

usemtl material_123
vt 0.1062493 0.6461255
f 1779/1958/1779 1809/2011/1809 1776/1959/1776
f 1776/1959/1776 1809/2011/1809 1774/1945/1774

usemtl material_1554
vt 0.8755582 0.6741384
f 3330/1910/3330 3326/2012/3326 3325/1911/3325

usemtl material_592
vt 0.8801669 0.6801654
f 3325/1911/3325 3319/2013/3319 3322/1912/3322

usemtl material_895
vt 0.9014865 0.6873277
f 3317/2014/3317 3318/1962/3318 3322/1912/3322

usemtl material_863
vt 0.6729628 0.8967795
f 21/1969/21 28/2015/28 27/1970/27

usemtl material_1555
vt 0.9299092 0.1451412
f 3806/1971/3806 3802/2016/3802 3797/1918/3797

usemtl material_1305
f 3797/1918/3797 3802/2016/3802 3790/1991/3790

usemtl material_1556
vt 0.3146177 0.9308885
f 3874/2017/3874 3862/1993/3862 3870/1950/3870

usemtl material_1557
f 3875/1975/3875 3874/2017/3874 3870/1950/3870

usemtl material_1074
vt 0.2684076 0.9532329
f 3519/1952/3519 3510/2018/3510 3511/1976/3511

usemtl material_1056
vt 0.2432540 0.9530738
f 3530/1979/3530 3514/2019/3514 3513/1980/3513

usemtl material_1558
vt 0.8700134 0.1502635
f 3727/1926/3727 3722/2020/3722 3729/1995/3729

usemtl material_1076
f 3525/1953/3525 3514/2019/3514 3530/1979/3530

usemtl material_1559
vt 0.1881157 0.9816245
vt 0.1820488 0.9889714
vt 0.1900307 0.9731314
f 4257/2021/4257 4241/2022/4241 4136/2023/4136

usemtl material_1560
f 3534/1895/3534 3531/1997/3531 3532/1998/3532

usemtl material_1561
f 3732/1896/3732 3729/1995/3729 3733/1898/3733

usemtl material_1562
vt 0.8339950 0.1666978
f 3733/1898/3733 3728/2024/3728 3734/1904/3734

usemtl material_1563
vt 0.2041035 0.6415637
f 1589/1934/1589 1613/2025/1613 1590/1982/1590

usemtl material_1564
vt 0.2371020 0.6435495
f 1590/1982/1590 1613/2025/1613 1609/2026/1609

usemtl material_1565
f 1590/1982/1590 1609/2026/1609 1581/1935/1581

usemtl material_1566
vt 0.3264300 0.6389759
f 1582/1936/1582 1611/2027/1611 1583/1955/1583

usemtl material_1567
vt 0.3714416 0.6417741
f 1583/1955/1583 1608/2028/1608 1584/1931/1584

usemtl material_1568
vt 0.4024105 0.6420044
f 1585/1932/1585 1618/2029/1618 1617/2001/1617

usemtl material_1569
f 1615/2002/1615 1616/2003/1616 1586/1897/1586

usemtl material_1570
f 1588/1900/1588 1616/2003/1616 1619/2004/1619

usemtl material_611
vt 0.5300859 0.6438797
f 1644/1984/1644 2162/2030/2162 1760/1938/1760

usemtl material_528
vt 0.5326220 0.6454942
f 1760/1938/1760 2162/2030/2162 2137/2031/2137
f 1760/1938/1760 2137/2031/2137 2098/1985/2098
vt 0.5768712 0.6473479
f 2097/1902/2097 2098/1985/2098 2096/2032/2096

usemtl material_644
vt 0.6265588 0.6443782
f 2095/1939/2095 2096/2032/2096 2092/2033/2092

usemtl material_1571
vt 0.8207042 0.1725657
f 3734/1904/3734 3731/2034/3731 3737/1866/3737

usemtl material_1572
vt 0.0131125 0.6388663
f 1850/1883/1850 1873/2035/1873 1835/2008/1835

usemtl material_440
vt 0.0298639 0.6427758
f 1835/2008/1835 1837/2036/1837 1834/1942/1834

usemtl material_1573
vt 0.1335976 0.6431710
f 1764/1961/1764 1762/2037/1762 1870/1800/1870

usemtl material_1574
vt 0.0431055 0.6417117
f 1806/2009/1806 1808/2038/1808 1800/1907/1800

usemtl material_760
vt 0.0477781 0.6385536
f 1808/2038/1808 1821/2039/1821 1798/1946/1798

usemtl material_647
f 1800/1907/1800 1808/2038/1808 1798/1946/1798

usemtl material_528
vt 0.0542001 0.6404739
vt 0.0599413 0.6392492
f 1816/2040/1816 1815/2041/1815 1791/1908/1791

usemtl material_344
f 1799/1947/1799 1816/2040/1816 1791/1908/1791

usemtl material_187
vt 0.0656385 0.6412641
f 1791/1908/1791 1815/2041/1815 1814/2042/1814

usemtl material_43
f 1791/1908/1791 1814/2042/1814 1789/1909/1789

usemtl material_365
vt 0.0757418 0.6403614
f 1789/1909/1789 1813/2043/1813 1790/1944/1790

usemtl material_1574
vt 0.1134038 0.6441573
f 1809/2011/1809 1810/2044/1810 1774/1945/1774

usemtl material_1195
vt 0.1275200 0.6425581
f 1766/1960/1766 1765/2045/1765 1764/1961/1764

usemtl material_440
vt 0.6895380 0.7388467
vt 0.6749679 0.7393387
vt 0.6797917 0.7451472
f 2292/2046/2292 2412/2047/2412 2371/2048/2371

usemtl material_1575
f 3325/1911/3325 3326/2012/3326 3319/2013/3319

usemtl material_1576
vt 0.7007511 0.2111759
vt 0.6852810 0.2074500
vt 0.6874782 0.2143886
f 2579/2049/2579 2583/2050/2583 2558/2051/2558

usemtl material_1170
vt 0.0158183 0.9118623
f 3441/1986/3441 3448/2052/3448 3439/1964/3439

usemtl material_1577
f 3320/1916/3320 3318/1962/3318 3313/1968/3313

usemtl material_1578
vt 0.9594239 0.7093021
f 3316/1948/3316 3313/1968/3313 3315/2053/3315

usemtl material_863
vt 0.5960388 0.8443218
f 7/1886/7 24/2054/24 8/1887/8

usemtl material_248
vt 0.9075766 0.1389143
f 3790/1991/3790 3718/2055/3718 3796/1992/3796

usemtl material_235
f 3796/1992/3796 3718/2055/3718 3726/1949/3726

usemtl material_1579
vt 0.8935844 0.1402225
f 3726/1949/3726 3718/2055/3718 3717/2056/3717

usemtl material_1580
f 3726/1949/3726 3717/2056/3717 3727/1926/3727

usemtl material_1056
f 3520/1875/3520 3513/1980/3513 3519/1952/3519

usemtl material_1170
vt 0.9795789 0.1575035
f 3431/2057/3431 3425/1981/3425 3424/1928/3424

usemtl material_651
vt 0.6955784 0.8986506
f 93/1978/93 94/2058/94 110/1892/110

usemtl material_710
vt 0.2382634 0.9531634
f 3526/1893/3526 3518/2059/3518 3525/1953/3525

usemtl material_1581
f 3729/1995/3729 3728/2024/3728 3733/1898/3733

usemtl material_1582
f 1587/1933/1587 1614/2000/1614 1589/1934/1589

usemtl material_1583
f 1589/1934/1589 1614/2000/1614 1613/2025/1613

usemtl material_1584
vt 0.2855888 0.6438858
f 1609/2026/1609 1610/2060/1610 1581/1935/1581

usemtl material_1585
f 1581/1935/1581 1610/2060/1610 1582/1936/1582

usemtl material_1586
vt 0.3387231 0.6415464
f 1611/2027/1611 1612/2061/1612 1583/1955/1583

usemtl material_1587
f 1583/1955/1583 1612/2061/1612 1608/2028/1608

usemtl material_1436
vt 0.5233918 0.6430164
f 1619/2004/1619 1645/2062/1645 1636/1901/1636

usemtl material_1033
vt 0.5273588 0.6419354
f 1645/2062/1645 1646/2063/1646 1644/1984/1644

usemtl material_1163
f 1636/1901/1636 1645/2062/1645 1644/1984/1644

usemtl material_810
f 3734/1904/3734 3728/2024/3728 3731/2034/3731

usemtl material_1305
f 1644/1984/1644 1646/2063/1646 2162/2030/2162

usemtl material_440
f 2092/2033/2092 2093/2007/2093 2094/1940/2094

usemtl material_49
f 1837/2036/1837 1806/2009/1806 1834/1942/1834

usemtl material_453
vt 0.0849929 0.6402423
f 1790/1944/1790 1813/2043/1813 1812/2064/1812

usemtl material_485
f 1790/1944/1790 1812/2064/1812 1807/2010/1807

usemtl material_1588
vt 0.0981688 0.6404324
f 1807/2010/1807 1827/2065/1827 1779/1958/1779

usemtl material_366
f 1798/1946/1798 1821/2039/1821 1799/1947/1799

usemtl material_1480
f 1814/2042/1814 1813/2043/1813 1789/1909/1789

usemtl material_654
vt 0.5647585 0.8233873
f 148/1963/148 147/2066/147 43/1987/43

usemtl material_732
f 148/1963/148 43/1987/43 56/1913/56

usemtl material_863
f 41/1988/41 7/1886/7 34/1871/34

usemtl material_1589
vt 0.9599278 0.7169191
f 3313/1968/3313 3297/2067/3297 3315/2053/3315

usemtl material_863
f 8/1887/8 19/1989/19 1/1586/1
vt 0.6665429 0.8865041
f 22/1990/22 32/2068/32 21/1969/21

usemtl material_1590
vt 0.9167399 0.1328126
vt 0.9098505 0.1317195
f 3791/2069/3791 3723/2070/3723 3790/1991/3790

usemtl material_1591
vt 0.9309184 0.1376096
f 3803/2071/3803 3790/1991/3790 3802/2016/3802

usemtl material_1592
vt 0.3153776 0.9240154
vt 0.3092236 0.9188753
f 3866/2072/3866 3850/2073/3850 3862/1993/3862

usemtl material_1593
f 3874/2017/3874 3866/2072/3866 3862/1993/3862

usemtl material_1594
vt 0.3033410 0.9192884
vt 0.3020926 0.9273744
f 3850/2073/3850 3851/2074/3851 3861/2075/3861

usemtl material_1595
f 3862/1993/3862 3850/2073/3850 3861/2075/3861

usemtl material_1596
f 93/1978/93 27/1970/27 94/2058/94

usemtl material_1597
f 3727/1926/3727 3717/2056/3717 3722/2020/3722

usemtl material_1170
f 3513/1980/3513 3510/2018/3510 3519/1952/3519

usemtl material_1076
f 3518/2059/3518 3514/2019/3514 3525/1953/3525
vt 0.9809480 0.1631098
f 3425/1981/3425 3432/2076/3432 3433/1996/3433

usemtl material_1194
vt 0.2863596 0.9638892
f 3531/1997/3531 3517/2077/3517 3532/1998/3532

usemtl material_1598
vt 0.2920387 0.9540294
f 3532/1998/3532 3517/2077/3517 3538/2078/3538

usemtl material_1599
f 3729/1995/3729 3722/2020/3722 3728/2024/3728

usemtl material_1600
f 1607/1983/1607 1608/2028/1608 1618/2029/1618

usemtl material_133
vt 0.1455329 0.6396319
f 1591/1957/1591 1625/2079/1625 1621/1999/1621

usemtl material_438
f 1701/1956/1701 1762/2037/1762 1625/2079/1625

usemtl material_187
vt 0.6580519 0.6379074
f 2160/2006/2160 2138/2005/2138 2165/2080/2165

usemtl material_453
vt 0.5603697 0.6422026
f 2137/2031/2137 2132/2081/2132 2098/1985/2098
f 2098/1985/2098 2132/2081/2132 2096/2032/2096

usemtl material_644
f 2132/2081/2132 2092/2033/2092 2096/2032/2096

usemtl material_1167
f 1779/1958/1779 1827/2065/1827 1809/2011/1809

usemtl material_605
vt 0.1198744 0.6341023
f 1810/2044/1810 1844/2082/1844 1766/1960/1766

usemtl material_485
f 1766/1960/1766 1844/2082/1844 1765/2045/1765

usemtl material_1601
vt 0.8737020 0.6872271
f 3326/2012/3326 3321/2083/3321 3319/2013/3319

usemtl material_253
vt 0.5204408 0.0123923
vt 0.5202761 0.0222796
vt 0.5162280 0.0199342
f 428/2084/428 415/2085/415 343/2086/343

usemtl material_1602
vt 0.9066937 0.7023821
f 3312/2087/3312 3313/1968/3313 3318/1962/3318

usemtl material_1522
vt 0.9283432 0.7151641
f 3298/2088/3298 3297/2067/3297 3313/1968/3313

usemtl material_772
vt 0.6257013 0.8478423
f 20/2089/20 19/1989/19 8/1887/8

usemtl material_863
f 32/2068/32 28/2015/28 21/1969/21

usemtl material_8
vt 0.9050409 0.1307650
f 3723/2070/3723 3703/2090/3703 3718/2055/3718

usemtl material_1603
vt 0.3160459 0.9197845
f 3866/2072/3866 3860/2091/3860 3850/2073/3850

usemtl material_1604
f 3718/2055/3718 3703/2090/3703 3717/2056/3717

usemtl material_827
vt 0.6902243 0.8943003
f 28/2015/28 29/2092/29 27/1970/27

usemtl material_1605
f 27/1970/27 29/2092/29 94/2058/94

usemtl material_1056
vt 0.2599172 0.9542650
f 3513/1980/3513 3514/2019/3514 3507/2093/3507

usemtl material_1170
f 3513/1980/3513 3507/2093/3507 3510/2018/3510

usemtl material_1076
f 3431/2057/3431 3432/2076/3432 3425/1981/3425

usemtl material_651
vt 0.6974907 0.9000809
f 94/2058/94 134/2094/134 110/1892/110

usemtl material_1606
vt 0.2355948 0.9606145
f 3526/1893/3526 3527/2095/3527 3518/2059/3518

usemtl material_1290
vt 0.2786081 0.9579407
f 3516/2096/3516 3517/2077/3517 3531/1997/3531

usemtl material_1607
vt 0.2290428 0.6354579
f 1613/2025/1613 1624/2097/1624 1609/2026/1609

usemtl material_1608
vt 0.2729606 0.6364417
f 1609/2026/1609 1624/2097/1624 1622/2098/1622

usemtl material_1609
f 1609/2026/1609 1622/2098/1622 1610/2060/1610

usemtl material_1610
f 1610/2060/1610 1622/2098/1622 1611/2027/1611

usemtl material_786
vt 0.1345995 0.6333110
f 1762/2037/1762 1761/2099/1761 1625/2079/1625

usemtl material_528
vt 0.5312535 0.6370691
f 2162/2030/2162 2145/2100/2145 2137/2031/2137

usemtl material_123
vt 0.1055172 0.6341928
f 1827/2065/1827 1845/2101/1845 1809/2011/1809

usemtl material_647
f 1845/2101/1845 1810/2044/1810 1809/2011/1809

usemtl material_968
vt 0.0181917 0.6307746
f 1873/2035/1873 1841/2102/1841 1835/2008/1835

usemtl material_366
vt 0.1306475 0.6317854
f 1765/2045/1765 1763/2103/1763 1764/1961/1764

usemtl material_1611
f 1764/1961/1764 1763/2103/1763 1762/2037/1762

usemtl material_1079
vt 0.8782013 0.6937120
f 3319/2013/3319 3314/2104/3314 3317/2014/3317
f 3317/2014/3317 3312/2087/3312 3318/1962/3318

usemtl material_655
vt 0.5776579 0.8254130
f 41/1988/41 43/1987/43 42/2105/42

usemtl material_863
f 41/1988/41 42/2105/42 7/1886/7

usemtl material_1430
vt 0.9589623 0.7293339
vt 0.9629260 0.7267594
f 3296/2106/3296 3324/2107/3324 3297/2067/3297

usemtl material_1612
vt 0.3174905 0.9122874
vt 0.3148298 0.9117377
f 3860/2091/3860 3859/2108/3859 3858/2109/3858

usemtl material_1613
vt 0.3047055 0.9052268
vt 0.3031314 0.9091894
f 3851/2074/3851 3846/2110/3846 3853/2111/3853

usemtl material_1614
vt 0.2749682 0.9594369
f 3507/2093/3507 3509/2112/3509 3510/2018/3510

usemtl material_1100
f 3510/2018/3510 3509/2112/3509 3511/1976/3511

usemtl material_1615
f 3509/2112/3509 3516/2096/3516 3511/1976/3511

usemtl material_1616
vt 0.2391215 0.9599194
f 3527/2095/3527 3515/2113/3515 3518/2059/3518

usemtl material_1170
vt 0.2451389 0.9572429
f 3515/2113/3515 3508/2114/3508 3514/2019/3514

usemtl material_1076
f 3518/2059/3518 3515/2113/3515 3514/2019/3514

usemtl material_1056
f 3514/2019/3514 3508/2114/3508 3507/2093/3507

usemtl material_1614
f 3507/2093/3507 3508/2114/3508 3509/2112/3509

usemtl material_1617
vt 0.8272211 0.1549650
f 3722/2020/3722 3725/2115/3725 3728/2024/3728

usemtl material_1618
vt 0.3391476 0.6294492
f 1612/2061/1612 1631/2116/1631 1608/2028/1608

usemtl material_1619
vt 0.3704344 0.6295187
f 1631/2116/1631 1630/2117/1630 1608/2028/1608

usemtl material_1620
f 1608/2028/1608 1630/2117/1630 1618/2029/1618

usemtl material_1621
vt 0.4576778 0.6278881
f 1617/2001/1617 1632/2118/1632 1615/2002/1615

usemtl material_1622
vt 0.4834892 0.6264861
f 1615/2002/1615 1632/2118/1632 1635/2119/1635

usemtl material_1623
f 1615/2002/1615 1635/2119/1635 1616/2003/1616

usemtl material_1624
vt 0.5124547 0.6304574
f 1635/2119/1635 1634/2120/1634 1616/2003/1616

usemtl material_1625
f 1616/2003/1616 1634/2120/1634 1619/2004/1619

usemtl material_542
vt 0.1461416 0.6308088
vt 0.1502699 0.6256755
f 1625/2079/1625 1627/2121/1627 1626/2122/1626

usemtl material_175
f 1625/2079/1625 1626/2122/1626 1621/1999/1621

usemtl material_1626
f 1621/1999/1621 1626/2122/1626 1614/2000/1614

usemtl material_1627
vt 0.1708691 0.6259518
f 1613/2025/1613 1614/2000/1614 1623/2123/1623

usemtl material_1628
f 1613/2025/1613 1623/2123/1623 1624/2097/1624

usemtl material_966
vt 0.5208064 0.6257371
f 1619/2004/1619 1663/2124/1663 1645/2062/1645

usemtl material_1267
vt 0.5270087 0.6324319
f 1645/2062/1645 1663/2124/1663 1686/2125/1686

usemtl material_1485
f 1645/2062/1645 1686/2125/1686 1646/2063/1646

usemtl material_365
f 1646/2063/1646 1686/2125/1686 2145/2100/2145

usemtl material_1195
f 1646/2063/1646 2145/2100/2145 2162/2030/2162

usemtl material_670
vt 0.5426101 0.6340684
f 2137/2031/2137 2145/2100/2145 2141/2126/2141

usemtl material_453
f 2137/2031/2137 2141/2126/2141 2132/2081/2132

usemtl material_86
vt 0.5619541 0.6315295
f 2132/2081/2132 2088/2127/2088 2092/2033/2092
vt 0.6161392 0.6340286
f 2092/2033/2092 2088/2127/2088 2090/2128/2090
f 2090/2128/2090 2093/2007/2093 2092/2033/2092

usemtl material_644
vt 0.6522278 0.6302514
f 2093/2007/2093 2149/2129/2149 2138/2005/2138

usemtl material_335
vt 0.0296180 0.6288772
f 1841/2102/1841 1842/2130/1842 1837/2036/1837

usemtl material_267
f 1842/2130/1842 1806/2009/1806 1837/2036/1837

usemtl material_647
vt 0.0920261 0.6272634
f 1807/2010/1807 1857/2131/1857 1827/2065/1827

usemtl material_1574
vt 0.0991462 0.6281036
f 1827/2065/1827 1863/2132/1863 1845/2101/1845

usemtl material_392
vt 0.1143357 0.6276082
f 1810/2044/1810 1860/2133/1860 1844/2082/1844

usemtl material_1562
f 3321/2083/3321 3314/2104/3314 3319/2013/3319

usemtl material_1629
f 3312/2087/3312 3298/2088/3298 3313/1968/3313

usemtl material_654
vt 0.5684531 0.8221037
f 147/2066/147 138/2134/138 43/1987/43

usemtl material_827
vt 0.5953022 0.8395201
f 7/1886/7 108/2135/108 24/2054/24

usemtl material_772
vt 0.6143661 0.8454815
f 24/2054/24 23/2136/23 8/1887/8

usemtl material_122
vt 0.9177061 0.1225724
vt 0.9129444 0.1161841
f 3787/2137/3787 3724/2138/3724 3723/2070/3723

usemtl material_662
vt 0.6670102 0.8802051
f 32/2068/32 31/2139/31 28/2015/28

usemtl material_161
vt 0.9079056 0.1184048
f 3723/2070/3723 3724/2138/3724 3700/2140/3700

usemtl material_1630
f 3723/2070/3723 3700/2140/3700 3703/2090/3703

usemtl material_1614
vt 0.2746505 0.9636114
f 3515/2113/3515 3512/2141/3512 3508/2114/3508
f 3508/2114/3508 3512/2141/3512 3509/2112/3509

usemtl material_1100
f 3509/2112/3509 3512/2141/3512 3516/2096/3516

usemtl material_1631
f 3516/2096/3516 3512/2141/3512 3517/2077/3517

usemtl material_1632
vt 0.2886340 0.9668485
f 3517/2077/3517 3537/2142/3537 3538/2078/3538

usemtl material_1633
vt 0.8635069 0.1356634
f 3717/2056/3717 3715/2143/3715 3722/2020/3722

usemtl material_1634
f 1626/2122/1626 1623/2123/1623 1614/2000/1614

usemtl material_1635
vt 0.2149274 0.6257274
f 1623/2123/1623 1643/2144/1643 1624/2097/1624

usemtl material_1636
vt 0.3114146 0.6282734
f 1624/2097/1624 1629/2145/1629 1622/2098/1622

usemtl material_1637
f 1622/2098/1622 1629/2145/1629 1611/2027/1611

usemtl material_1638
f 1611/2027/1611 1629/2145/1629 1612/2061/1612

usemtl material_1639
f 1612/2061/1612 1629/2145/1629 1631/2116/1631

usemtl material_1640
vt 0.4070592 0.6287567
f 1630/2117/1630 1633/2146/1633 1618/2029/1618

usemtl material_1641
f 1633/2146/1633 1632/2118/1632 1618/2029/1618

usemtl material_1642
f 1619/2004/1619 1634/2120/1634 1663/2124/1663

usemtl material_1643
f 3728/2024/3728 3725/2115/3725 3731/2034/3731

usemtl material_84
vt 0.6577591 0.6251641
f 2149/2129/2149 2169/2147/2169 2165/2080/2165

usemtl material_1644
vt 0.8196492 0.1613822
f 3731/2034/3731 3725/2115/3725 3730/2148/3730

usemtl material_440
f 2141/2126/2141 2088/2127/2088 2132/2081/2132

usemtl material_341
vt 0.6452562 0.6283732
f 2090/2128/2090 2091/2149/2091 2093/2007/2093

usemtl material_49
f 2093/2007/2093 2091/2149/2091 2149/2129/2149

usemtl material_1645
vt 0.0135515 0.6278048
f 1873/2035/1873 1903/2150/1903 1841/2102/1841

usemtl material_146
vt 0.0338639 0.6278055
f 1842/2130/1842 1849/2151/1849 1806/2009/1806

usemtl material_1574
vt 0.0432338 0.6247034
f 1806/2009/1806 1849/2151/1849 1848/2152/1848

usemtl material_1167
f 1806/2009/1806 1848/2152/1848 1808/2038/1808

usemtl material_444
f 1808/2038/1808 1848/2152/1848 1821/2039/1821

usemtl material_453
vt 0.0542929 0.6250676
f 1821/2039/1821 1855/2153/1855 1816/2040/1816

usemtl material_440
vt 0.0597505 0.6229143
f 1855/2153/1855 1868/2154/1868 1815/2041/1815
f 1816/2040/1816 1855/2153/1855 1815/2041/1815

usemtl material_88
vt 0.0649962 0.6240116
f 1815/2041/1815 1868/2154/1868 1861/2155/1861

usemtl material_763
f 1815/2041/1815 1861/2155/1861 1814/2042/1814

usemtl material_75
vt 0.0726692 0.6252809
f 1861/2155/1861 1862/2156/1862 1813/2043/1813

usemtl material_1054
f 1814/2042/1814 1861/2155/1861 1813/2043/1813

usemtl material_453
vt 0.0813235 0.6267670
f 1813/2043/1813 1862/2156/1862 1866/2157/1866
f 1813/2043/1813 1866/2157/1866 1812/2064/1812

usemtl material_46
f 1812/2064/1812 1866/2157/1866 1857/2131/1857

usemtl material_57
f 1812/2064/1812 1857/2131/1857 1807/2010/1807

usemtl material_724
f 1845/2101/1845 1860/2133/1860 1810/2044/1810

usemtl material_672
f 1844/2082/1844 1763/2103/1763 1765/2045/1765

usemtl material_794
f 43/1987/43 138/2134/138 42/2105/42

usemtl material_770
vt 0.5900394 0.8261437
f 42/2105/42 44/2158/44 7/1886/7

usemtl material_827
vt 0.5981928 0.8346967
f 44/2158/44 45/2159/45 7/1886/7

usemtl material_1646
vt 0.9666979 0.7413182
f 3296/2106/3296 3332/2160/3332 3324/2107/3324

usemtl material_993
f 108/2135/108 23/2136/23 24/2054/24

usemtl material_772
f 23/2136/23 20/2089/20 8/1887/8

usemtl material_662
f 22/1990/22 31/2139/31 32/2068/32

usemtl material_1647
vt 0.3107207 0.9043623
vt 0.3074590 0.8977121
f 3848/2161/3848 3845/2162/3845 3846/2110/3846

usemtl material_1648
vt 0.6823782 0.8799227
f 31/2139/31 30/2163/30 28/2015/28
f 28/2015/28 30/2163/30 29/2092/29

usemtl material_1649
vt 0.8770520 0.1203609
f 3717/2056/3717 3703/2090/3703 3698/2164/3698

usemtl material_1650
vt 0.2932156 0.9710366
vt 0.2923869 0.9664470
f 3537/2142/3537 3571/2165/3571 3568/2166/3568

usemtl material_1651
vt 0.2426423 0.9634029
f 3527/2095/3527 3547/2167/3547 3515/2113/3515

usemtl material_1170
f 3515/2113/3515 3547/2167/3547 3512/2141/3512

usemtl material_1349
vt 0.2630278 0.9657986
f 3512/2141/3512 3547/2167/3547 3548/2168/3548

usemtl material_1074
f 3512/2141/3512 3548/2168/3548 3537/2142/3537

usemtl material_1631
f 3512/2141/3512 3537/2142/3537 3517/2077/3517

usemtl material_1555
vt 0.1456939 0.6179146
f 1627/2121/1627 1665/2169/1665 1626/2122/1626

usemtl material_1652
f 1643/2144/1643 1629/2145/1629 1624/2097/1624

usemtl material_885
vt 0.5275247 0.6219909
f 1663/2124/1663 1690/2170/1690 1686/2125/1686

usemtl material_406
vt 0.5300743 0.6220504
f 1686/2125/1686 2188/2171/2188 2145/2100/2145

usemtl material_453
vt 0.5322798 0.6228923
f 2145/2100/2145 2188/2171/2188 2087/2172/2087

usemtl material_670
f 2145/2100/2145 2087/2172/2087 2141/2126/2141

usemtl material_86
vt 0.5959399 0.6239819
f 2088/2127/2088 2089/2173/2089 2090/2128/2090

usemtl material_341
f 2090/2128/2090 2089/2173/2089 2091/2149/2091

usemtl material_724
vt 0.1060075 0.6218334
f 1863/2132/1863 1872/2174/1872 1845/2101/1845

usemtl material_759
f 1845/2101/1845 1872/2174/1872 1860/2133/1860

usemtl material_57
vt 0.0475499 0.6223712
f 1848/2152/1848 1867/2175/1867 1821/2039/1821

usemtl material_528
f 1821/2039/1821 1867/2175/1867 1855/2153/1855

usemtl material_1653
vt 0.8790478 0.7114310
f 3314/2104/3314 3304/2176/3304 3312/2087/3312

usemtl material_1654
vt 0.8989961 0.7180485
f 3300/2177/3300 3298/2088/3298 3312/2087/3312

usemtl material_863
vt 0.5789683 0.8241487
f 42/2105/42 138/2134/138 150/2178/150

usemtl material_732
f 7/1886/7 45/2159/45 108/2135/108

usemtl material_1655
vt 0.9640268 0.7424991
f 3296/2106/3296 3307/2179/3307 3332/2160/3332

usemtl material_771
vt 0.6130162 0.8396502
f 108/2135/108 109/2180/109 23/2136/23

usemtl material_827
vt 0.6567372 0.8654841
f 22/1990/22 19/1989/19 97/2181/97
f 22/1990/22 97/2181/97 31/2139/31

usemtl material_1656
vt 0.6749055 0.8692033
f 31/2139/31 33/2182/33 30/2163/30

usemtl material_1657
f 3700/2140/3700 3698/2164/3698 3703/2090/3703

usemtl material_1658
vt 0.6911979 0.8917517
f 30/2163/30 118/2183/118 29/2092/29

usemtl material_1056
vt 0.7086828 0.9260634
vt 0.7111915 0.9216120
vt 0.7140981 0.9325857
f 2700/2184/2700 2712/2185/2712 2701/2186/2701

usemtl material_682
vt 0.7089429 0.9439763
f 2700/2184/2700 2701/2186/2701 2702/2187/2702

usemtl material_1265
vt 0.7087189 0.9639412
f 2702/2187/2702 2701/2186/2701 2703/2188/2703

usemtl material_1659
vt 0.6960467 0.8955793
f 118/2183/118 145/2189/145 94/2058/94

usemtl material_1660
f 29/2092/29 118/2183/118 94/2058/94

usemtl material_1661
f 3717/2056/3717 3698/2164/3698 3715/2143/3715

usemtl material_1662
f 94/2058/94 145/2189/145 134/2094/134

usemtl material_1663
vt 0.7021420 0.9642335
vt 0.7039785 0.9770866
vt 0.6996470 0.9748427
f 2742/2190/2742 2741/2191/2741 2743/2192/2743

usemtl material_1664
vt 0.8273352 0.1415795
f 3722/2020/3722 3719/2193/3719 3725/2115/3725

usemtl material_1665
vt 0.1705280 0.6172284
f 1623/2123/1623 1626/2122/1626 1688/2194/1688

usemtl material_1666
vt 0.2131973 0.6178873
vt 0.2790768 0.6203457
f 1643/2144/1643 1687/2195/1687 1664/2196/1664

usemtl material_1667
f 1643/2144/1643 1664/2196/1664 1629/2145/1629

usemtl material_1668
vt 0.3216117 0.6198573
f 1629/2145/1629 1664/2196/1664 1684/2197/1684

usemtl material_1669
f 1629/2145/1629 1684/2197/1684 1631/2116/1631

usemtl material_1670
vt 0.3541851 0.6215097
f 1684/2197/1684 1683/2198/1683 1631/2116/1631

usemtl material_1671
f 1631/2116/1631 1683/2198/1683 1630/2117/1630

usemtl material_1672
f 1630/2117/1630 1683/2198/1683 1633/2146/1633

usemtl material_1673
vt 0.4410260 0.6164504
f 1683/2198/1683 1685/2199/1685 1633/2146/1633

usemtl material_1674
f 1633/2146/1633 1685/2199/1685 1632/2118/1632

usemtl material_1675
vt 0.5120087 0.6179520
f 1635/2119/1635 1689/2200/1689 1634/2120/1634

usemtl material_558
f 1686/2125/1686 1690/2170/1690 2188/2171/2188

usemtl material_440
f 2087/2172/2087 2088/2127/2088 2141/2126/2141

usemtl material_192
vt 0.6516858 0.6178569
f 2091/2149/2091 2153/2201/2153 2149/2129/2149

usemtl material_1676
vt 0.0167137 0.6137500
f 1903/2150/1903 1885/2202/1885 1841/2102/1841

usemtl material_1677
vt 0.0221042 0.6150042
f 1841/2102/1841 1885/2202/1885 1871/2203/1871

usemtl material_22
f 1841/2102/1841 1871/2203/1871 1842/2130/1842

usemtl material_39
vt 0.0337029 0.6163489
f 1842/2130/1842 1875/2204/1875 1849/2151/1849

usemtl material_1515
vt 0.1314246 0.6222456
f 1844/2082/1844 1883/2205/1883 1763/2103/1763

usemtl material_1536
f 1763/2103/1763 1883/2205/1883 1761/2099/1761

usemtl material_1678
vt 0.8736002 0.7104472
f 3321/2083/3321 3310/2206/3310 3314/2104/3314

usemtl material_1679
vt 0.9260248 0.7323491
f 3294/2207/3294 3296/2106/3296 3297/2067/3297

usemtl material_863
vt 0.5898147 0.8246739
f 42/2105/42 150/2178/150 136/2208/136

usemtl material_770
f 42/2105/42 136/2208/136 44/2158/44

usemtl material_787
vt 0.9342157 0.7433031
f 3295/2209/3295 3307/2179/3307 3296/2106/3296

usemtl material_661
f 108/2135/108 45/2159/45 109/2180/109

usemtl material_1680
vt 0.9731052 0.7365723
vt 0.9770341 0.7465493
f 3384/2210/3384 3332/2160/3332 3389/2211/3389

usemtl material_1681
f 109/2180/109 20/2089/20 23/2136/23

usemtl material_863
vt 0.6382661 0.8540859
f 20/2089/20 98/2212/98 19/1989/19
f 19/1989/19 98/2212/98 97/2181/97

usemtl material_35
vt 0.9255835 0.1042860
vt 0.9196588 0.0968416
vt 0.9224980 0.1100709
f 3792/2213/3792 3710/2214/3710 3788/2215/3788

usemtl material_52
vt 0.9162667 0.1045552
f 3788/2215/3788 3710/2214/3710 3702/2216/3702

usemtl material_1682
vt 0.1398215 0.9834399
vt 0.1337490 0.9869690
vt 0.1372530 0.9824612
f 4145/2217/4145 4151/2218/4151 4253/2219/4253

usemtl material_1683
f 3724/2138/3724 3702/2216/3702 3700/2140/3700

usemtl material_1684
vt 0.4860936 0.6118999
f 1685/2199/1685 1692/2220/1692 1632/2118/1632

usemtl material_1685
f 1632/2118/1632 1692/2220/1692 1635/2119/1635

usemtl material_1686
vt 0.1510566 0.6106896
f 1665/2169/1665 1691/2221/1691 1626/2122/1626

usemtl material_1687
f 1626/2122/1626 1691/2221/1691 1688/2194/1688

usemtl material_1688
f 1623/2123/1623 1688/2194/1688 1643/2144/1643

usemtl material_1689
f 1643/2144/1643 1688/2194/1688 1687/2195/1687

usemtl material_1690
vt 0.5196713 0.6127405
f 1689/2200/1689 1705/2222/1705 1663/2124/1663

usemtl material_967
vt 0.5269080 0.6170072
f 1663/2124/1663 1705/2222/1705 1706/2223/1706

usemtl material_557
f 1663/2124/1663 1706/2223/1706 1690/2170/1690

usemtl material_440
vt 0.5607823 0.6154154
f 2087/2172/2087 2085/2224/2085 2088/2127/2088

usemtl material_86
f 2088/2127/2088 2085/2224/2085 2089/2173/2089

usemtl material_11
vt 0.6450408 0.6164733
f 2089/2173/2089 2158/2225/2158 2091/2149/2091

usemtl material_149
f 2091/2149/2091 2158/2225/2158 2153/2201/2153

usemtl material_123
f 2149/2129/2149 2153/2201/2153 2169/2147/2169

usemtl material_1691
vt 0.8195370 0.1444254
f 3725/2115/3725 3721/2226/3721 3730/2148/3730

usemtl material_1692
vt 0.8164498 0.1469970
f 3730/2148/3730 3721/2226/3721 3783/2227/3783

usemtl material_47
vt 0.0297020 0.6135007
f 1871/2203/1871 1884/2228/1884 1842/2130/1842

usemtl material_40
f 1842/2130/1842 1884/2228/1884 1875/2204/1875

usemtl material_365
vt 0.1208361 0.6123295
f 1860/2133/1860 1893/2229/1893 1844/2082/1844

usemtl material_405
f 1844/2082/1844 1893/2229/1893 1883/2205/1883

usemtl material_1573
vt 0.1357448 0.6140570
f 1883/2205/1883 1940/2230/1940 1761/2099/1761

usemtl material_1693
f 1849/2151/1849 1875/2204/1875 1848/2152/1848

usemtl material_1694
f 3314/2104/3314 3310/2206/3310 3304/2176/3304

usemtl material_1695
f 3304/2176/3304 3300/2177/3300 3312/2087/3312

usemtl material_1696
f 3294/2207/3294 3295/2209/3295 3296/2106/3296

usemtl material_734
vt 0.6025444 0.8251277
f 45/2159/45 44/2158/44 46/2231/46

usemtl material_126
vt 0.9707670 0.7531689
f 3307/2179/3307 3336/2232/3336 3332/2160/3332

usemtl material_655
vt 0.6185553 0.8364879
f 45/2159/45 48/2233/48 109/2180/109

usemtl material_732
vt 0.6242658 0.8408160
f 109/2180/109 120/2234/120 98/2212/98

usemtl material_1483
vt 0.6456051 0.8538949
f 98/2212/98 120/2234/120 128/2235/128

usemtl material_1697
vt 0.3066244 0.8753172
vt 0.3069644 0.8677078
vt 0.3015127 0.8665137
f 3838/2236/3838 3831/2237/3831 3824/2238/3824

usemtl material_1698
vt 0.3011028 0.8794301
f 3838/2236/3838 3824/2238/3824 3864/2239/3864

usemtl material_732
vt 0.6582384 0.8636604
f 97/2181/97 36/2240/36 31/2139/31

usemtl material_654
f 31/2139/31 36/2240/36 33/2182/33

usemtl material_1699
vt 0.6799323 0.8742782
f 33/2182/33 158/2241/158 30/2163/30

usemtl material_1700
vt 0.8796535 0.1030601
f 3700/2140/3700 3699/2242/3699 3698/2164/3698

usemtl material_1701
f 3722/2020/3722 3715/2143/3715 3719/2193/3719

usemtl material_1702
vt 0.1695788 0.6067303
f 1691/2221/1691 1694/2243/1694 1688/2194/1688

usemtl material_1703
vt 0.2066146 0.6060135
vt 0.2505926 0.6114184
f 1695/2244/1695 1696/2245/1696 1687/2195/1687

usemtl material_1704
f 1687/2195/1687 1696/2245/1696 1664/2196/1664

usemtl material_1705
vt 0.3222746 0.6080601
f 1664/2196/1664 1696/2245/1696 1697/2246/1697

usemtl material_1706
f 1664/2196/1664 1697/2246/1697 1684/2197/1684

usemtl material_1707
vt 0.3471628 0.6140934
f 1697/2246/1697 1693/2247/1693 1684/2197/1684

usemtl material_1708
f 1684/2197/1684 1693/2247/1693 1683/2198/1683

usemtl material_1709
f 1683/2198/1683 1693/2247/1693 1685/2199/1685

usemtl material_1710
f 1692/2220/1692 1689/2200/1689 1635/2119/1635

usemtl material_440
vt 0.5316393 0.6152802
f 2188/2171/2188 2083/2248/2083 2087/2172/2087

usemtl material_888
vt 0.6579291 0.6132126
f 2153/2201/2153 2178/2249/2178 2169/2147/2169

usemtl material_1711
f 3725/2115/3725 3719/2193/3719 3721/2226/3721

usemtl material_1129
vt 0.0434217 0.6098084
f 1875/2204/1875 1899/2250/1899 1848/2152/1848

usemtl material_108
vt 0.0738358 0.6089119
vt 0.0802532 0.6055653
f 1862/2156/1862 1901/2251/1901 1900/2252/1900

usemtl material_489
f 1862/2156/1862 1900/2252/1900 1866/2157/1866

usemtl material_20
vt 0.0861376 0.6107262
f 1900/2252/1900 1890/2253/1890 1866/2157/1866
f 1866/2157/1866 1890/2253/1890 1857/2131/1857

usemtl material_933
vt 0.0986863 0.6104594
f 1857/2131/1857 1890/2253/1890 1891/2254/1891

usemtl material_42
f 1857/2131/1857 1891/2254/1891 1863/2132/1863

usemtl material_1465
f 1863/2132/1863 1891/2254/1891 1872/2174/1872

usemtl material_732
f 136/2208/136 46/2231/46 44/2158/44

usemtl material_913
vt 0.9263121 0.7534648
f 3295/2209/3295 3306/2255/3306 3307/2179/3307

usemtl material_661
vt 0.6182301 0.8257681
f 46/2231/46 47/2256/47 45/2159/45

usemtl material_1712
vt 0.9468496 0.7565281
f 3307/2179/3307 3333/2257/3333 3336/2232/3336

usemtl material_655
f 45/2159/45 47/2256/47 48/2233/48

usemtl material_654
f 109/2180/109 48/2233/48 120/2234/120

usemtl material_732
vt 0.6454976 0.8516371
f 120/2234/120 129/2258/129 128/2235/128
vt 0.6543910 0.8607560
f 128/2235/128 129/2258/129 125/2259/125

usemtl material_402
vt 0.9269755 0.0876992
vt 0.9255403 0.0864770
f 3786/2260/3786 3756/2261/3756 3710/2214/3710

usemtl material_1713
vt 0.8950040 0.0934023
f 3702/2216/3702 3701/2262/3701 3700/2140/3700

usemtl material_1714
f 3700/2140/3700 3701/2262/3701 3699/2242/3699

usemtl material_827
vt 0.6747519 0.8662854
f 33/2182/33 157/2263/157 158/2241/158

usemtl material_1715
vt 0.7293448 0.9714814
vt 0.7365990 0.9758163
vt 0.7258858 0.9766771
f 2724/2264/2724 2726/2265/2726 2727/2266/2727

usemtl material_1716
vt 0.8278255 0.1278631
f 3715/2143/3715 3714/2267/3714 3719/2193/3719

usemtl material_1717
vt 0.4524318 0.6055266
f 1693/2247/1693 1699/2268/1699 1685/2199/1685

usemtl material_1718
f 1685/2199/1685 1699/2268/1699 1692/2220/1692

usemtl material_1719
vt 0.5113578 0.6061301
f 1692/2220/1692 1702/2269/1702 1689/2200/1689

usemtl material_1720
f 1689/2200/1689 1702/2269/1702 1705/2222/1705

usemtl material_383
vt 0.1461043 0.6041712
f 1665/2169/1665 1709/2270/1709 1691/2221/1691

usemtl material_1721
f 1688/2194/1688 1694/2243/1694 1695/2244/1695

usemtl material_1722
f 1688/2194/1688 1695/2244/1695 1687/2195/1687

usemtl material_1183
vt 0.5274169 0.6087992
f 1705/2222/1705 1707/2271/1707 1706/2223/1706

usemtl material_453
f 1706/2223/1706 1707/2271/1707 2083/2248/2083

usemtl material_86
f 2087/2172/2087 2083/2248/2083 2085/2224/2085

usemtl material_0
vt 0.6268317 0.6097994
f 2085/2224/2085 2164/2272/2164 2089/2173/2089

usemtl material_40
f 2089/2173/2089 2164/2272/2164 2158/2225/2158

usemtl material_141
vt 0.6542453 0.6083821
f 2153/2201/2153 2177/2273/2177 2178/2249/2178

usemtl material_513
vt 0.1063852 0.6069772
f 1891/2254/1891 1905/2274/1905 1872/2174/1872

usemtl material_353
vt 0.1145788 0.6058747
f 1860/2133/1860 1904/2275/1904 1893/2229/1893

usemtl material_485
vt 0.0483603 0.6075931
f 1899/2250/1899 1892/2276/1892 1867/2175/1867

usemtl material_647
f 1848/2152/1848 1899/2250/1899 1867/2175/1867

usemtl material_528
f 1867/2175/1867 1892/2276/1892 1855/2153/1855

usemtl material_453
f 1855/2153/1855 1892/2276/1892 1868/2154/1868

usemtl material_42
vt 0.0649216 0.6037279
f 1861/2155/1861 1902/2277/1902 1862/2156/1862

usemtl material_1027
f 1862/2156/1862 1902/2277/1902 1901/2251/1901

usemtl material_353
f 1872/2174/1872 1904/2275/1904 1860/2133/1860

usemtl material_1723
vt 0.9527618 0.7724222
f 3333/2257/3333 3340/2278/3340 3336/2232/3336

usemtl material_732
vt 0.6318063 0.8406360
f 48/2233/48 50/2279/50 120/2234/120

usemtl material_1724
vt 0.3182942 0.8285170
vt 0.3136132 0.8376493
vt 0.3208128 0.8395230
f 3878/2280/3878 3836/2281/3836 3867/2282/3867

usemtl material_734
f 50/2279/50 129/2258/129 120/2234/120

usemtl material_1483
vt 0.6484294 0.8508972
f 50/2279/50 52/2283/52 129/2258/129
vt 0.6546521 0.8573897
f 52/2283/52 38/2284/38 129/2258/129

usemtl material_734
f 38/2284/38 125/2259/125 129/2258/129

usemtl material_980
vt 0.6656572 0.8538337
f 38/2284/38 52/2283/52 37/2285/37

usemtl material_654
f 38/2284/38 37/2285/37 36/2240/36

usemtl material_874
f 36/2240/36 37/2285/37 33/2182/33

usemtl material_1725
vt 0.7289972 0.9180448
vt 0.7379974 0.9178227
vt 0.7373824 0.9243965
f 2708/2286/2708 2722/2287/2722 2707/2288/2707

usemtl material_1726
vt 0.8522161 0.1138754
f 3698/2164/3698 3692/2289/3692 3715/2143/3715

usemtl material_1727
vt 0.2452227 0.6053454
f 1695/2244/1695 1704/2290/1704 1696/2245/1696

usemtl material_1705
f 1696/2245/1696 1704/2290/1704 1697/2246/1697

usemtl material_1728
vt 0.3459580 0.6070084
f 1697/2246/1697 1700/2291/1700 1693/2247/1693

usemtl material_1729
f 1693/2247/1693 1700/2291/1700 1699/2268/1699

usemtl material_1730
vt 0.5267006 0.6039011
f 1702/2269/1702 1721/2292/1721 1705/2222/1705

usemtl material_1183
f 1705/2222/1705 1721/2292/1721 1707/2271/1707

usemtl material_267
vt 0.5323131 0.6054733
f 2083/2248/2083 2084/2293/2084 2085/2224/2085

usemtl material_364
vt 0.0336838 0.5992226
f 1884/2228/1884 1910/2294/1910 1875/2204/1875

usemtl material_108
vt 0.0598658 0.6033676
f 1892/2276/1892 1906/2295/1906 1868/2154/1868

usemtl material_149
f 1868/2154/1868 1906/2295/1906 1902/2277/1902

usemtl material_42
f 1868/2154/1868 1902/2277/1902 1861/2155/1861

usemtl material_605
f 1872/2174/1872 1905/2274/1905 1904/2275/1904

usemtl material_695
vt 0.1276485 0.6053526
f 1893/2229/1893 1907/2296/1907 1883/2205/1883

usemtl material_820
vt 0.1323084 0.6134213
f 1883/2205/1883 1907/2296/1907 1908/2297/1908

usemtl material_1731
vt 0.9043931 0.7376530
f 3300/2177/3300 3299/2298/3299 3298/2088/3298

usemtl material_1732
f 3306/2255/3306 3333/2257/3333 3307/2179/3307

usemtl material_661
vt 0.6131331 0.8240067
f 46/2231/46 131/2299/131 47/2256/47

usemtl material_1733
vt 0.9640605 0.7776278
vt 0.9776660 0.7648016
f 3336/2232/3336 3345/2300/3345 3346/2301/3346

usemtl material_1734
vt 0.3106051 0.8507365
vt 0.3161973 0.8515876
f 3836/2281/3836 3833/2302/3833 3837/2303/3837

usemtl material_797
vt 0.9844482 0.7731194
f 3346/2301/3346 3345/2300/3345 3350/2304/3350

usemtl material_772
vt 0.6465024 0.8354918
f 50/2279/50 51/2305/51 52/2283/52

usemtl material_1735
vt 0.8990286 0.0775488
f 3710/2214/3710 3756/2261/3756 3711/2306/3711

usemtl material_1736
f 3702/2216/3702 3710/2214/3710 3701/2262/3701

usemtl material_827
vt 0.6686001 0.8549274
f 153/2307/153 157/2263/157 33/2182/33

usemtl material_980
f 37/2285/37 153/2307/153 33/2182/33

usemtl material_661
vt 0.7500396 0.9181995
vt 0.7496875 0.9540224
vt 0.7355160 0.9644094
f 2709/2308/2709 2710/2309/2710 2706/2310/2706

usemtl material_1737
vt 0.2222915 0.5948403
f 1716/2311/1716 1704/2290/1704 1695/2244/1695

usemtl material_1738
vt 0.3218312 0.5966797
f 1704/2290/1704 1720/2312/1720 1697/2246/1697

usemtl material_1728
vt 0.3468897 0.5972607
f 1720/2312/1720 1719/2313/1719 1700/2291/1700

usemtl material_1739
f 1697/2246/1697 1720/2312/1720 1700/2291/1700

usemtl material_1740
vt 0.4126167 0.6026637
f 1700/2291/1700 1719/2313/1719 1718/2314/1718

usemtl material_1741
vt 0.4865814 0.5995336
f 1692/2220/1692 1710/2315/1710 1702/2269/1702

usemtl material_1686
vt 0.1514810 0.5923323
f 1709/2270/1709 1713/2316/1713 1691/2221/1691

usemtl material_528
vt 0.5309885 0.5998948
f 1721/2292/1721 2047/2317/2047 1707/2271/1707

usemtl material_440
f 1707/2271/1707 2047/2317/2047 2083/2248/2083
f 2083/2248/2083 2047/2317/2047 2084/2293/2084

usemtl material_1742
vt 0.6576829 0.6001656
f 2177/2273/2177 2197/2318/2197 2178/2249/2178

usemtl material_1743
f 3714/2267/3714 3721/2226/3721 3719/2193/3719

usemtl material_267
vt 0.5648448 0.6053312
f 2085/2224/2085 2084/2293/2084 2086/2319/2086

usemtl material_0
f 2085/2224/2085 2086/2319/2086 2164/2272/2164

usemtl material_66
vt 0.6464264 0.5979792
f 2164/2272/2164 2173/2320/2173 2158/2225/2158
vt 0.6520997 0.5998443
f 2173/2320/2173 2174/2321/2174 2153/2201/2153

usemtl material_149
f 2158/2225/2158 2173/2320/2173 2153/2201/2153

usemtl material_351
f 2153/2201/2153 2174/2321/2174 2177/2273/2177

usemtl material_1744
vt 0.8192279 0.1325861
f 3721/2226/3721 3720/2322/3720 3783/2227/3783

usemtl material_1745
vt 0.0150605 0.5994975
vt 0.0223409 0.5990226
f 1885/2202/1885 1927/2323/1927 1912/2324/1912

usemtl material_1677
f 1885/2202/1885 1912/2324/1912 1871/2203/1871

usemtl material_1746
vt 0.0301478 0.5988678
f 1871/2203/1871 1912/2324/1912 1911/2325/1911
f 1871/2203/1871 1911/2325/1911 1884/2228/1884

usemtl material_68
f 1884/2228/1884 1911/2325/1911 1910/2294/1910

usemtl material_347
vt 0.0866018 0.5976680
f 1900/2252/1900 1928/2326/1928 1890/2253/1890

usemtl material_1747
vt 0.0917143 0.5976428
f 1890/2253/1890 1928/2326/1928 1929/2327/1929

usemtl material_590
f 1890/2253/1890 1929/2327/1929 1891/2254/1891

usemtl material_1748
vt 0.1329165 0.6022349
f 1908/2297/1908 1930/2328/1930 1940/2230/1940

usemtl material_1254
f 1875/2204/1875 1910/2294/1910 1899/2250/1899

usemtl material_1749
vt 0.8793412 0.7259510
f 3302/2329/3302 3300/2177/3300 3304/2176/3304

usemtl material_661
vt 0.6225275 0.8242988
f 131/2299/131 140/2330/140 47/2256/47

usemtl material_1353
vt 0.9300585 0.4922000
vt 0.9131877 0.5068364
vt 0.9388584 0.5108361
f 2809/2331/2809 2953/2332/2953 2808/2333/2808

usemtl material_655
vt 0.6413816 0.8259684
f 47/2256/47 49/2334/49 48/2233/48

usemtl material_1750
f 3340/2278/3340 3345/2300/3345 3336/2232/3336

usemtl material_732
f 48/2233/48 49/2334/49 50/2279/50

usemtl material_993
f 50/2279/50 49/2334/49 51/2305/51

usemtl material_771
vt 0.6537953 0.8348721
f 52/2283/52 51/2305/51 53/2335/53

usemtl material_980
f 53/2335/53 37/2285/37 52/2283/52

usemtl material_661
vt 0.6649377 0.8496850
f 152/2336/152 153/2307/153 37/2285/37

usemtl material_1751
vt 0.8554462 0.0926496
f 3699/2242/3699 3693/2337/3693 3698/2164/3698

usemtl material_1752
vt 0.3930463 0.5940135
f 1719/2313/1719 1724/2338/1724 1718/2314/1718

usemtl material_1753
vt 0.4501839 0.5961435
f 1724/2338/1724 1717/2339/1717 1718/2314/1718

usemtl material_1754
f 1718/2314/1718 1717/2339/1717 1699/2268/1699

usemtl material_1755
f 1699/2268/1699 1717/2339/1717 1710/2315/1710

usemtl material_1756
vt 0.5115067 0.5910958
f 1702/2269/1702 1710/2315/1710 1722/2340/1722

usemtl material_1757
f 1702/2269/1702 1722/2340/1722 1721/2292/1721

usemtl material_509
vt 0.1463789 0.5946448
f 1709/2270/1709 1727/2341/1727 1713/2316/1713

usemtl material_1758
f 1691/2221/1691 1713/2316/1713 1694/2243/1694

usemtl material_1759
vt 0.1661474 0.5961949
f 1694/2243/1694 1713/2316/1713 1714/2342/1714

usemtl material_1760
vt 0.1965057 0.5918397
f 1694/2243/1694 1714/2342/1714 1715/2343/1715

usemtl material_1761
f 1694/2243/1694 1715/2343/1715 1695/2244/1695

usemtl material_1762
f 1715/2343/1715 1716/2311/1716 1695/2244/1695

usemtl material_406
vt 0.5266817 0.5975862
f 1721/2292/1721 1723/2344/1723 2047/2317/2047

usemtl material_40
f 2086/2319/2086 2173/2320/2173 2164/2272/2164

usemtl material_788
f 2177/2273/2177 2174/2321/2174 2197/2318/2197

usemtl material_1763
f 3714/2267/3714 3720/2322/3720 3721/2226/3721

usemtl material_344
vt 0.1214000 0.5929475
f 1904/2275/1904 1936/2345/1936 1893/2229/1893

usemtl material_528
f 1893/2229/1893 1936/2345/1936 1907/2296/1907

usemtl material_1764
vt 0.1357488 0.5945491
f 1930/2328/1930 1968/2346/1968 1940/2230/1940

usemtl material_1765
vt 0.0434599 0.5977244
f 1910/2294/1910 1926/2347/1926 1899/2250/1899

usemtl material_1187
vt 0.0483575 0.5984670
f 1926/2347/1926 1933/2348/1933 1892/2276/1892

usemtl material_351
f 1899/2250/1899 1926/2347/1926 1892/2276/1892

usemtl material_489
f 1892/2276/1892 1933/2348/1933 1906/2295/1906

usemtl material_1027
vt 0.0737695 0.5970773
f 1902/2277/1902 1932/2349/1932 1901/2251/1901

usemtl material_347
f 1901/2251/1901 1932/2349/1932 1900/2252/1900

usemtl material_1766
vt 0.0998207 0.5976509
f 1929/2327/1929 1931/2350/1931 1891/2254/1891

usemtl material_210
f 1907/2296/1907 1930/2328/1930 1908/2297/1908

usemtl material_1767
vt 0.8731413 0.7192089
f 3310/2206/3310 3311/2351/3311 3302/2329/3302

usemtl material_1768
vt 0.8896524 0.7408387
f 3300/2177/3300 3301/2352/3301 3299/2298/3299

usemtl material_1211
vt 0.9365047 0.7717905
f 3333/2257/3333 3338/2353/3338 3340/2278/3340

usemtl material_661
vt 0.6394737 0.8242718
f 47/2256/47 140/2330/140 121/2354/121

usemtl material_654
f 47/2256/47 121/2354/121 49/2334/49

usemtl material_980
vt 0.6590438 0.8411611
f 53/2335/53 133/2355/133 37/2285/37
f 133/2355/133 152/2336/152 37/2285/37

usemtl material_1617
vt 0.8673578 0.0818390
f 3701/2262/3701 3704/2356/3704 3699/2242/3699

usemtl material_1769
f 3698/2164/3698 3693/2337/3693 3692/2289/3692
vt 0.8360553 0.1087180
f 3692/2289/3692 3694/2357/3694 3715/2143/3715

usemtl material_1770
f 3715/2143/3715 3694/2357/3694 3714/2267/3714

usemtl material_1771
vt 0.4861977 0.5863401
f 1717/2339/1717 1728/2358/1728 1710/2315/1710

usemtl material_1772
f 1710/2315/1710 1728/2358/1728 1722/2340/1722

usemtl material_1773
f 1721/2292/1721 1722/2340/1722 1723/2344/1723

usemtl material_81
vt 0.5617092 0.5961669
f 2084/2293/2084 2183/2359/2183 2086/2319/2086

usemtl material_40
f 2086/2319/2086 2183/2359/2183 2173/2320/2173

usemtl material_87
vt 0.6523172 0.5906778
f 2173/2320/2173 2190/2360/2190 2174/2321/2174

usemtl material_1774
vt 0.8217570 0.1204568
f 3714/2267/3714 3716/2361/3716 3720/2322/3720

usemtl material_41
vt 0.0630603 0.5918411
f 1906/2295/1906 1938/2362/1938 1902/2277/1902

usemtl material_205
vt 0.1065199 0.5900224
f 1905/2274/1905 1939/2363/1939 1904/2275/1904

usemtl material_1775
vt 0.8755580 0.7342765
f 3311/2351/3311 3305/2364/3305 3302/2329/3302

usemtl material_1047
f 51/2305/51 49/2334/49 53/2335/53

usemtl material_1776
vt 0.7665672 0.9216112
vt 0.7713632 0.9376175
vt 0.7560630 0.9179099
f 2719/2365/2719 2716/2366/2716 2714/2367/2714

usemtl material_1777
f 3711/2306/3711 3701/2262/3701 3710/2214/3710

usemtl material_1555
vt 0.1480654 0.5837418
f 1727/2341/1727 1733/2368/1733 1713/2316/1713

usemtl material_1778
vt 0.1663508 0.5800431
f 1713/2316/1713 1732/2369/1732 1714/2342/1714

usemtl material_1779
f 1714/2342/1714 1732/2369/1732 1715/2343/1715

usemtl material_1780
vt 0.2124955 0.5789697
f 1716/2311/1716 1715/2343/1715 1736/2370/1736

usemtl material_1781
vt 0.3175126 0.5872014
f 1720/2312/1720 1716/2311/1716 1730/2371/1730

usemtl material_1782
vt 0.3488021 0.5848601
f 1719/2313/1719 1731/2372/1731 1724/2338/1724

usemtl material_1783
vt 0.4441372 0.5821031
f 1717/2339/1717 1724/2338/1724 1729/2373/1729

usemtl material_1784
vt 0.5270751 0.5864434
f 1722/2340/1722 1741/2374/1741 1723/2344/1723

usemtl material_529
vt 0.5308835 0.5898616
f 1741/2374/1741 2193/2375/2193 1723/2344/1723

usemtl material_528
f 1723/2344/1723 2193/2375/2193 2047/2317/2047

usemtl material_517
vt 0.7956137 0.5470984
vt 0.8048857 0.5539570
vt 0.8004064 0.5436600
f 3023/2376/3023 3014/2377/3014 2968/2378/2968

usemtl material_440
vt 0.5426747 0.5881553
f 2047/2317/2047 2193/2375/2193 2187/2379/2187

usemtl material_86
f 2047/2317/2047 2187/2379/2187 2183/2359/2183

usemtl material_1197
vt 0.6577103 0.5883823
f 2174/2321/2174 2190/2360/2190 2200/2380/2200

usemtl material_517
f 2174/2321/2174 2200/2380/2200 2197/2318/2197

usemtl material_1785
vt 0.0143796 0.5873940
vt 0.0180851 0.5820440
f 1966/2381/1966 1945/2382/1945 1927/2323/1927

usemtl material_1786
f 1927/2323/1927 1945/2382/1945 1912/2324/1912

usemtl material_127
vt 0.0303507 0.5826660
f 1912/2324/1912 1947/2383/1947 1911/2325/1911

usemtl material_207
f 1902/2277/1902 1938/2362/1938 1932/2349/1932

usemtl material_0
vt 0.0804729 0.5820082
f 1932/2349/1932 1946/2384/1946 1900/2252/1900
f 1900/2252/1900 1946/2384/1946 1928/2326/1928

usemtl material_69
vt 0.1156152 0.5869048
f 1939/2363/1939 1943/2385/1943 1904/2275/1904

usemtl material_1787
f 1904/2275/1904 1943/2385/1943 1936/2345/1936

usemtl material_485
vt 0.1314159 0.5885339
f 1936/2345/1936 1941/2386/1941 1907/2296/1907

usemtl material_759
f 1907/2296/1907 1941/2386/1941 1930/2328/1930

usemtl material_1788
f 1930/2328/1930 1941/2386/1941 1968/2346/1968

usemtl material_145
vt 0.5161981 0.0657163
vt 0.5095984 0.0756550
vt 0.5016640 0.0622609
f 286/2387/286 278/2388/278 295/2389/295

usemtl material_933
vt 0.5199074 0.0735646
vt 0.5156977 0.0736425
f 286/2387/286 369/2390/369 284/2391/284

usemtl material_1789
f 3299/2298/3299 3306/2255/3306 3295/2209/3295

usemtl material_1361
vt 0.9610630 0.7998334
f 3345/2300/3345 3379/2392/3379 3350/2304/3350

usemtl material_1790
vt 0.9337136 0.0785131
vt 0.9103280 0.0517012
vt 0.9021176 0.0645345
f 3780/2393/3780 3781/2394/3781 3776/2395/3776

usemtl material_1791
f 3780/2393/3780 3776/2395/3776 3756/2261/3756

usemtl material_732
vt 0.6553362 0.8325223
f 53/2335/53 146/2396/146 133/2355/133

usemtl material_1074
vt 0.7658556 0.9172939
vt 0.7746542 0.9181626
f 2735/2397/2735 2723/2398/2723 2719/2365/2719

usemtl material_1792
f 3756/2261/3756 3776/2395/3776 3711/2306/3711

usemtl material_1793
vt 0.2375948 0.5796114
f 1736/2370/1736 1737/2399/1737 1716/2311/1716

usemtl material_1794
vt 0.3152904 0.5799300
f 1716/2311/1716 1737/2399/1737 1738/2400/1738

usemtl material_1781
f 1716/2311/1716 1738/2400/1738 1730/2371/1730

usemtl material_1795
vt 0.3814116 0.5803450
f 1731/2372/1731 1735/2401/1735 1724/2338/1724

usemtl material_1796
vt 0.4592533 0.5808800
f 1729/2373/1729 1734/2402/1734 1717/2339/1717

usemtl material_1797
vt 0.5121073 0.5821263
f 1728/2358/1728 1740/2403/1740 1722/2340/1722

usemtl material_1798
vt 0.1437533 0.5772644
f 1727/2341/1727 1968/2346/1968 2067/2404/2067

usemtl material_41
vt 0.5862772 0.5875705
vt 0.6451843 0.5876078
f 2173/2320/2173 2191/2405/2191 2192/2406/2192

usemtl material_404
f 1912/2324/1912 1945/2382/1945 1947/2383/1947

usemtl material_1799
vt 0.0339806 0.5807310
f 1911/2325/1911 1947/2383/1947 1952/2407/1952

usemtl material_1800
vt 0.0915695 0.5827549
f 1928/2326/1928 1962/2408/1962 1929/2327/1929

usemtl material_590
vt 0.0993508 0.5807523
f 1931/2350/1931 1963/2409/1963 1939/2363/1939

usemtl material_609
f 1910/2294/1910 1952/2407/1952 1926/2347/1926

usemtl material_347
f 1906/2295/1906 1933/2348/1933 1938/2362/1938

usemtl material_1801
vt 0.8784499 0.7434338
f 3302/2329/3302 3305/2364/3305 3303/2410/3303

usemtl material_127
vt 0.5159201 0.0816000
f 369/2390/369 279/2411/279 284/2391/284

usemtl material_1802
vt 0.6481904 0.8216463
f 121/2354/121 122/2412/122 49/2334/49

usemtl material_1803
vt 0.6507357 0.8245695
f 49/2334/49 122/2412/122 54/2413/54

usemtl material_1804
f 49/2334/49 54/2413/54 53/2335/53

usemtl material_1614
vt 0.7769944 0.9401280
vt 0.7779027 0.9292485
vt 0.7774323 0.9635444
f 2721/2414/2721 2751/2415/2751 2730/2416/2730

usemtl material_1804
vt 0.6542483 0.8269172
f 54/2413/54 144/2417/144 53/2335/53

usemtl material_661
vt 0.7750961 0.9276801
f 2723/2398/2723 2751/2415/2751 2720/2418/2720

usemtl material_682
f 2720/2418/2720 2751/2415/2751 2721/2414/2721

usemtl material_734
f 53/2335/53 144/2417/144 146/2396/146

usemtl material_1805
f 3692/2289/3692 3693/2337/3693 3694/2357/3694

usemtl material_1806
f 1730/2371/1730 1738/2400/1738 1731/2372/1731

usemtl material_1807
vt 0.4864416 0.5791315
f 1734/2402/1734 1742/2419/1742 1728/2358/1728

usemtl material_1808
vt 0.8251885 0.1070212
f 3694/2357/3694 3697/2420/3697 3714/2267/3714

usemtl material_1574
vt 0.6521223 0.5791622
f 2190/2360/2190 2199/2421/2199 2200/2380/2200

usemtl material_1809
f 3714/2267/3714 3697/2420/3697 3716/2361/3716

usemtl material_1128
f 1962/2408/1962 1963/2409/1963 1929/2327/1929

usemtl material_1555
vt 0.1332054 0.5806058
f 1941/2386/1941 1975/2422/1975 1968/2346/1968

usemtl material_1810
vt 0.0433325 0.5779344
f 1952/2407/1952 1964/2423/1964 1926/2347/1926

usemtl material_1811
vt 0.0507103 0.5821373
f 1926/2347/1926 1964/2423/1964 1959/2424/1959

usemtl material_47
vt 0.0618046 0.5779634
f 1959/2424/1959 1961/2425/1961 1938/2362/1938

usemtl material_20
f 1933/2348/1933 1959/2424/1959 1938/2362/1938

usemtl material_248
vt 0.0734575 0.5792962
f 1938/2362/1938 1960/2426/1960 1932/2349/1932

usemtl material_974
f 1946/2384/1946 1962/2408/1962 1928/2326/1928

usemtl material_975
f 1929/2327/1929 1963/2409/1963 1931/2350/1931

usemtl material_1731
vt 0.8889354 0.7621301
f 3301/2352/3301 3308/2427/3308 3299/2298/3299

usemtl material_1812
vt 0.6526868 0.8240521
f 54/2413/54 122/2412/122 149/2428/149

usemtl material_682
vt 0.7803634 0.9271802
vt 0.7828162 0.9626067
f 2751/2415/2751 2759/2429/2759 2756/2430/2756

usemtl material_1614
f 2751/2415/2751 2756/2430/2756 2730/2416/2730

usemtl material_1813
vt 0.7790526 0.9753970
f 2730/2416/2730 2756/2430/2756 2750/2431/2750

usemtl material_1814
vt 0.7857807 0.9781362
vt 0.7743766 0.9777083
f 2750/2431/2750 2761/2432/2761 2733/2433/2733

usemtl material_1815
f 54/2413/54 149/2428/149 144/2417/144

usemtl material_1816
vt 0.7799218 0.9178891
f 2752/2434/2752 2759/2429/2759 2751/2415/2751

usemtl material_1817
f 2723/2398/2723 2752/2434/2752 2751/2415/2751

usemtl material_1818
vt 0.8696879 0.0679398
f 3701/2262/3701 3711/2306/3711 3709/2435/3709

usemtl material_1819
f 3701/2262/3701 3709/2435/3709 3704/2356/3704

usemtl material_1820
f 3699/2242/3699 3704/2356/3704 3693/2337/3693

usemtl material_1821
vt 0.1480171 0.5750383
vt 0.1518963 0.5616934
f 2238/2436/2238 2237/2437/2237 1733/2368/1733

usemtl material_1822
vt 0.1683708 0.5617692
vt 0.1946339 0.5775186
f 1732/2369/1732 2236/2438/2236 1739/2439/1739

usemtl material_1823
vt 0.5115928 0.5694545
vt 0.5262962 0.5737221
vt 0.5238647 0.5819296
f 2249/2440/2249 2244/2441/2244 1743/2442/1743

usemtl material_528
vt 0.5304995 0.5776843
f 2244/2441/2244 2205/2443/2205 1741/2374/1741

usemtl material_0
f 2193/2375/2193 2205/2443/2205 2187/2379/2187

usemtl material_644
vt 0.1216586 0.5705939
f 1943/2385/1943 1969/2444/1969 1936/2345/1936

usemtl material_528
f 1936/2345/1936 1969/2444/1969 1941/2386/1941

usemtl material_1824
vt 0.8189781 0.1142417
f 3697/2420/3697 3785/2445/3785 3716/2361/3716

usemtl material_176
f 1961/2425/1961 1960/2426/1960 1938/2362/1938

usemtl material_1825
f 3301/2352/3301 3303/2410/3303 3308/2427/3308

usemtl material_207
vt 0.5200067 0.0857946
vt 0.5159543 0.0895100
f 363/2446/363 275/2447/275 279/2411/279

usemtl material_1826
vt 0.9127619 0.7734115
f 3308/2427/3308 3334/2448/3334 3306/2255/3306

usemtl material_1827
f 3306/2255/3306 3334/2448/3334 3333/2257/3333

usemtl material_1828
f 3334/2448/3334 3338/2353/3338 3333/2257/3333

usemtl material_1829
vt 0.9388372 0.8040213
f 3345/2300/3345 3348/2449/3348 3379/2392/3379

usemtl material_1830
vt 0.7828689 0.9176029
vt 0.7845904 0.9431129
f 2760/2450/2760 2758/2451/2758 2759/2429/2759

usemtl material_1075
f 2759/2429/2759 2758/2451/2758 2756/2430/2756

usemtl material_1686
vt 0.1477728 0.5590683
f 2238/2436/2238 2241/2452/2241 2237/2437/2237

usemtl material_1831
vt 0.1968570 0.5621229
f 1739/2439/1739 2250/2453/2250 1736/2370/1736

usemtl material_1832
vt 0.2433639 0.5663062
f 1737/2399/1737 1736/2370/1736 2239/2454/2239

usemtl material_1833
f 1737/2399/1737 2239/2454/2239 1738/2400/1738

usemtl material_1834
vt 0.3214448 0.5653197
f 1738/2400/1738 2239/2454/2239 2240/2455/2240

usemtl material_1795
vt 0.3489885 0.5672731
vt 0.3969809 0.5649983
f 2009/2456/2009 2245/2457/2245 1735/2401/1735

usemtl material_51
vt 0.5820280 0.5763390
vt 0.6446725 0.5769331
f 2201/2458/2201 2202/2459/2202 2191/2405/2191

usemtl material_1835
f 2192/2406/2192 2202/2459/2202 2199/2421/2199

usemtl material_1836
vt 0.1070723 0.5685658
f 1963/2409/1963 1970/2460/1970 1939/2363/1939

usemtl material_1837
vt 0.8213524 0.1051323
f 3697/2420/3697 3784/2461/3784 3785/2445/3785

usemtl material_271
vt 0.0177147 0.5728927
f 1945/2382/1945 1972/2462/1972 1947/2383/1947

usemtl material_1799
vt 0.0304591 0.5656459
f 1947/2383/1947 1979/2463/1979 1952/2407/1952

usemtl material_590
vt 0.0862915 0.5672574
f 1946/2384/1946 1974/2464/1974 1962/2408/1962

usemtl material_84
vt 0.1157260 0.5707460
f 1970/2460/1970 1971/2465/1971 1943/2385/1943

usemtl material_49
f 1939/2363/1939 1970/2460/1970 1943/2385/1943

usemtl material_192
vt 0.1292107 0.5688021
f 1969/2444/1969 1973/2466/1973 1941/2386/1941

usemtl material_1195
f 1941/2386/1941 1973/2466/1973 1975/2422/1975

usemtl material_1838
vt 0.8741520 0.7453074
vt 0.8782542 0.7553606
f 3381/2467/3381 3339/2468/3339 3303/2410/3303

usemtl material_1839
vt 0.9300429 0.7944946
f 3340/2278/3340 3343/2469/3343 3345/2300/3345

usemtl material_1840
vt 0.8424662 0.0864515
f 3693/2337/3693 3695/2470/3695 3694/2357/3694

usemtl material_1841
vt 0.4760360 0.2681925
vt 0.5013651 0.2544059
vt 0.5008791 0.2726007
f 824/2471/824 798/2472/798 846/2473/846

usemtl material_1842
vt 0.8315816 0.0878777
f 3694/2357/3694 3696/2474/3696 3697/2420/3697

usemtl material_176
vt 0.5167347 0.2713221
vt 0.5204532 0.2720157
vt 0.5194395 0.2815919
f 865/2475/865 843/2476/843 866/2477/866

usemtl material_1843
vt 0.8265250 0.0966887
f 3697/2420/3697 3696/2474/3696 3706/2478/3706

usemtl material_1844
f 3697/2420/3697 3706/2478/3706 3784/2461/3784

usemtl material_975
vt 0.0924587 0.5659971
f 1974/2464/1974 1981/2479/1981 1962/2408/1962

usemtl material_1127
f 1962/2408/1962 1981/2479/1981 1963/2409/1963

usemtl material_1536
vt 0.1334929 0.5667436
vt 0.1365657 0.5734017
f 1975/2422/1975 1976/2480/1976 2253/2481/2253

usemtl material_1845
vt 0.8827882 0.7651125
f 3303/2410/3303 3309/2482/3309 3308/2427/3308

usemtl material_207
vt 0.5156779 0.0986797
f 275/2447/275 363/2446/363 261/2483/261

usemtl material_1846
vt 0.8885784 0.7765507
f 3308/2427/3308 3335/2484/3335 3334/2448/3334

usemtl material_1847
f 3338/2353/3338 3343/2469/3343 3340/2278/3340

usemtl material_1848
vt 0.5155159 0.2528881
vt 0.5158678 0.2645678
f 798/2472/798 807/2485/807 838/2486/838

usemtl material_58
vt 0.5188225 0.2601123
f 838/2486/838 842/2487/842 865/2475/865

usemtl material_181
f 865/2475/865 842/2487/842 843/2476/843

usemtl material_1849
vt 0.6452571 0.2713623
vt 0.6482902 0.2605478
vt 0.6488552 0.2794810
f 841/2488/841 847/2489/847 864/2490/864

usemtl material_1850
f 3695/2470/3695 3696/2474/3696 3694/2357/3694

usemtl material_59
vt 0.5378896 0.2687452
vt 0.5808769 0.2633911
vt 0.5718106 0.2810779
f 833/2491/833 818/2492/818 856/2493/856
vt 0.6057501 0.2679262
f 818/2492/818 845/2494/845 856/2493/856

usemtl material_62
vt 0.1162367 0.5608497
f 1971/2465/1971 2243/2495/2243 1969/2444/1969

usemtl material_1851
vt 0.9183688 0.7892237
f 3338/2353/3338 3341/2496/3341 3343/2469/3343

usemtl material_1852
f 3343/2469/3343 3348/2449/3348 3345/2300/3345

usemtl material_1818
vt 0.8864988 0.0470105
vt 0.8757962 0.0512313
f 3778/2497/3778 3755/2498/3755 3711/2306/3711

usemtl material_1853
vt 0.8456162 0.0624576
f 3709/2435/3709 3707/2499/3707 3704/2356/3704

usemtl material_1769
f 3693/2337/3693 3704/2356/3704 3695/2470/3695

usemtl material_1854
vt 0.1405535 0.2712708
vt 0.1567450 0.2541362
vt 0.1569542 0.2701241
f 836/2500/836 787/2501/787 830/2502/830

usemtl material_1855
f 807/2485/807 842/2487/842 838/2486/838

usemtl material_146
f 1970/2460/1970 2243/2495/2243 1971/2465/1971

usemtl material_1856
f 3711/2306/3711 3755/2498/3755 3709/2435/3709

usemtl material_1774
vt 0.8366858 0.0695794
f 3704/2356/3704 3705/2503/3705 3695/2470/3695

usemtl material_1857
f 3695/2470/3695 3705/2503/3705 3696/2474/3696

usemtl material_184
vt 0.5202549 0.2506914
vt 0.5234921 0.2591851
f 842/2487/842 788/2504/788 812/2505/812

usemtl material_173
f 833/2491/833 812/2505/812 818/2492/818

usemtl material_974
vt 0.0689315 0.2640300
vt 0.0756550 0.2664490
vt 0.0753666 0.2829947
f 802/2506/802 803/2507/803 852/2508/852

usemtl material_1858
vt 0.0643157 0.2777159
f 849/2509/849 802/2506/802 852/2508/852

usemtl material_1859
f 3308/2427/3308 3309/2482/3309 3335/2484/3335

usemtl material_1860
vt 0.1607530 0.2398865
vt 0.1777287 0.2544351
f 787/2501/787 750/2510/750 786/2511/786

usemtl material_1861
f 3704/2356/3704 3707/2499/3707 3705/2503/3705

usemtl material_1862
vt 0.5156021 0.2441422
vt 0.5196574 0.2401589
f 764/2512/764 768/2513/768 807/2485/807

usemtl material_1027
f 807/2485/807 768/2513/768 788/2504/788

usemtl material_996
vt 0.1362216 0.2690859
vt 0.1355523 0.2484652
vt 0.1362007 0.2575428
f 837/2514/837 778/2515/778 822/2516/822

usemtl material_107
vt 0.5744873 0.2498291
vt 0.6311530 0.2475642
f 818/2492/818 773/2517/773 769/2518/769

usemtl material_1254
vt 0.6382453 0.2659476
vt 0.6429107 0.2498600
f 819/2519/819 769/2518/769 770/2520/770

usemtl material_1863
vt 0.8312494 0.0795271
f 3696/2474/3696 3705/2503/3705 3708/2521/3708

usemtl material_1864
vt 0.0064737 0.1002988
vt 0.0056912 0.1104724
vt 0.0026306 0.0949523
f 500/2522/500 499/2523/499 548/2524/548

usemtl material_122
vt 0.5159659 0.1169479
vt 0.5196780 0.1212509
vt 0.5165647 0.1256365
f 227/2525/227 364/2526/364 263/2527/263

usemtl material_1865
vt 0.8544049 0.0514255
f 3709/2435/3709 3713/2528/3713 3707/2499/3707

usemtl material_260
vt 0.5157576 0.2349790
vt 0.5187145 0.2276406
f 743/2529/743 763/2530/763 764/2512/764

usemtl material_646
f 764/2512/764 763/2530/763 768/2513/768

usemtl material_267
vt 0.5198431 0.1329172
vt 0.5161570 0.1357045
f 364/2526/364 377/2531/377 232/2532/232

usemtl material_260
f 263/2527/263 364/2526/364 232/2532/232

usemtl material_1562
vt 0.9038504 0.8021564
f 3341/2496/3341 3342/2533/3342 3343/2469/3343

usemtl material_1866
vt 0.9155770 0.8279263
f 3348/2449/3348 3349/2534/3349 3379/2392/3379

usemtl material_950
vt 0.8656383 0.0240328
f 3781/2394/3781 3779/2535/3779 3778/2497/3778

usemtl material_1867
f 3755/2498/3755 3713/2528/3713 3709/2435/3709

usemtl material_1868
vt 0.4657628 0.2211869
vt 0.5019518 0.2218820
vt 0.4744911 0.2365819
f 700/2536/700 701/2537/701 758/2538/758

usemtl material_1869
vt 0.3074227 0.2237268
vt 0.3271319 0.2259730
vt 0.3128185 0.2376450
f 704/2539/704 754/2540/754 753/2541/753

usemtl material_1870
vt 0.3887854 0.2365013
vt 0.3501080 0.2230269
vt 0.4204291 0.2222877
f 757/2542/757 698/2543/698 699/2544/699

usemtl material_260
vt 0.5147822 0.2240540
f 724/2545/724 763/2530/763 743/2529/743

usemtl material_1799
vt 0.6186259 0.2339441
vt 0.6384769 0.2348638
f 769/2518/769 746/2546/746 738/2547/738

usemtl material_152
vt 0.0318833 0.2525439
vt 0.0384080 0.2619126
vt 0.0322709 0.2628397
f 780/2548/780 805/2549/805 809/2550/809

usemtl material_1372
vt 0.8933762 0.7913941
f 3337/2551/3337 3342/2533/3342 3341/2496/3341

usemtl material_86
vt 0.5196336 0.1507639
f 377/2531/377 407/2552/407 232/2532/232

usemtl material_528
vt 0.5155980 0.1460181
f 232/2532/232 407/2552/407 209/2553/209

usemtl material_1828
vt 0.9102132 0.8185562
f 3343/2469/3343 3347/2554/3347 3348/2449/3348

usemtl material_1057
vt 0.8766215 0.0127032
f 3781/2394/3781 3782/2555/3782 3779/2535/3779

usemtl material_1828
f 3778/2497/3778 3779/2535/3779 3755/2498/3755

usemtl material_1871
vt 0.4082541 0.2080929
vt 0.4630421 0.2064531
f 671/2556/671 670/2557/670 700/2536/700

usemtl material_1872
f 700/2536/700 670/2557/670 701/2537/701

usemtl material_1873
vt 0.2647480 0.2237065
vt 0.2680385 0.2112648
f 702/2558/702 666/2559/666 704/2539/704

usemtl material_1874
f 699/2544/699 671/2556/671 700/2536/700

usemtl material_1875
vt 0.1784011 0.2127690
vt 0.1708471 0.2248963
f 669/2560/669 702/2558/702 703/2561/703

usemtl material_1027
vt 0.5160802 0.2109356
vt 0.5200713 0.2194300
f 663/2562/663 717/2563/717 763/2530/763

usemtl material_86
f 663/2562/663 763/2530/763 724/2545/724

usemtl material_1876
vt 0.8425274 0.0554726
f 3707/2499/3707 3712/2564/3712 3705/2503/3705

usemtl material_1877
vt 0.8993536 0.8045167
f 3337/2551/3337 3344/2565/3344 3342/2533/3342

usemtl material_267
vt 0.5219970 0.1366621
f 377/2531/377 373/2566/373 407/2552/407

usemtl material_1878
f 3347/2554/3347 3349/2534/3349 3348/2449/3348

usemtl material_40
vt 0.5163992 0.1767133
vt 0.5167639 0.1537390
f 407/2552/407 300/2567/300 287/2568/287

usemtl material_58
vt 0.5149034 0.1741172
f 287/2568/287 300/2567/300 208/2569/208

usemtl material_1879
vt 0.4129269 0.1964522
vt 0.4473401 0.1799797
vt 0.4488086 0.1960397
f 443/2570/443 176/2571/176 444/2572/444

usemtl material_1601
vt 0.8584988 0.0308970
f 3779/2535/3779 3775/2573/3775 3755/2498/3755

usemtl material_440
vt 0.5151733 0.1884413
vt 0.5209040 0.2037470
f 451/2574/451 675/2575/675 663/2562/663

usemtl material_149
f 663/2562/663 675/2575/675 717/2563/717

usemtl material_1880
f 3755/2498/3755 3775/2573/3775 3713/2528/3713

usemtl material_1881
f 3713/2528/3713 3712/2564/3712 3707/2499/3707

usemtl material_1882
vt 0.8494347 0.0422228
f 3713/2528/3713 3777/2576/3777 3712/2564/3712

usemtl material_1858
vt 0.0374290 0.2359982
vt 0.0457251 0.2274671
vt 0.0535415 0.2363826
f 737/2577/737 706/2578/706 735/2579/735

usemtl material_1883
f 3775/2573/3775 3777/2576/3777 3713/2528/3713

usemtl material_59
vt 0.0933752 0.2206422
vt 0.1033957 0.2252213
vt 0.0948127 0.2362666
f 713/2580/713 723/2581/723 730/2582/730

usemtl material_1884
vt 0.0043873 0.1544201
vt 0.0021781 0.1657560
vt 0.0011151 0.1549636
f 559/2583/559 600/2584/600 637/2585/637

usemtl material_1555
vt 0.1218062 0.2074075
vt 0.1235373 0.1864514
vt 0.1310155 0.1970701
f 688/2586/688 686/2587/686 721/2588/721

usemtl material_84
vt 0.0187449 0.2097434
vt 0.0225695 0.2083184
vt 0.0227832 0.2241474
f 676/2589/676 680/2590/680 708/2591/708

usemtl material_101
vt 0.0873785 0.1680933
vt 0.0866659 0.1818119
vt 0.0804088 0.1820496
f 581/2592/581 614/2593/614 613/2594/613

usemtl material_90
vt 0.1033389 0.1672960
vt 0.1030893 0.1814059
vt 0.0937204 0.1815229
f 583/2595/583 612/2596/612 611/2597/611

usemtl material_1885
vt 0.0439004 0.1823221
vt 0.0517317 0.1822240
vt 0.0441761 0.1969470
f 608/2598/608 605/2599/605 651/2600/651

usemtl material_101
vt 0.0876866 0.1933912
f 613/2594/613 614/2593/614 645/2601/645

usemtl material_269
vt 0.0511148 0.1962947
f 651/2600/651 605/2599/605 650/2602/650

usemtl material_39
f 1193/4/1193 1216/6/1216 1219/71/1219

usemtl material_1787
f 1219/71/1219 1216/6/1216 1244/25/1244

usemtl material_1886
f 1160/47/1160 1184/46/1184 1182/60/1182

usemtl material_59
f 1428/67/1428 1427/69/1427 1418/65/1418

usemtl material_136
f 1204/63/1204 1205/64/1205 1261/156/1261

usemtl material_1887
f 1434/70/1434 1460/83/1460 1461/153/1461

usemtl material_694
f 1205/64/1205 1221/72/1221 1229/155/1229

usemtl material_445
f 1252/99/1252 1273/112/1273 1312/166/1312

usemtl material_1888
f 1169/136/1169 1176/62/1176 1195/146/1195

usemtl material_139
f 1195/146/1195 1204/63/1204 1086/244/1086

usemtl material_1889
vt 0.8672801 0.3062354
vt 0.8579505 0.3015177
vt 0.8488286 0.3095594
f 2983/2603/2983 3021/2604/3021 2926/2605/2926

usemtl material_1890
vt 0.8421478 0.3034121
f 3021/2604/3021 3039/2606/3039 2926/2605/2926

usemtl material_1891
vt 0.8329620 0.3137134
f 2926/2605/2926 3039/2606/3039 2958/2607/2958

usemtl material_1892
vt 0.8233663 0.3116159
f 2958/2607/2958 3039/2606/3039 3018/2608/3018

usemtl material_1395
f 1262/159/1262 1252/99/1252 1308/290/1308

usemtl material_1893
f 2958/2607/2958 3018/2608/3018 2989/408/2989

usemtl material_1764
f 1308/290/1308 1252/99/1252 1312/166/1312

usemtl material_1894
f 1484/158/1484 1481/162/1481 1501/213/1501

usemtl material_1895
f 3200/50/3200 3203/42/3203 3207/187/3207

usemtl material_158
f 1438/193/1438 1437/152/1437 1472/194/1472

usemtl material_1890
vt 0.8781005 0.3013211
f 3015/2609/3015 3021/2604/3021 2983/2603/2983

usemtl material_1555
f 1086/244/1086 1204/63/1204 892/196/892

usemtl material_1611
f 1238/203/1238 1262/159/1262 1308/290/1308

usemtl material_1896
vt 0.8071573 0.3202323
f 2989/408/2989 3018/2608/3018 3050/2610/3050

usemtl material_884
f 1308/290/1308 1312/166/1312 1307/352/1307

usemtl material_39
f 1338/209/1338 1292/126/1292 1333/227/1333

usemtl material_1287
f 1149/178/1149 1135/179/1135 1127/313/1127

usemtl material_24
f 1127/313/1127 1135/179/1135 1125/229/1125

usemtl material_1897
f 1146/133/1146 1147/176/1147 1142/310/1142

usemtl material_278
f 1122/315/1122 1138/182/1138 1139/183/1139

usemtl material_184
f 1116/231/1116 1148/185/1148 1114/319/1114

usemtl material_195
f 1134/232/1134 1151/186/1151 1108/233/1108

usemtl material_1555
f 1154/189/1154 1195/146/1195 908/245/908

usemtl material_1515
f 953/388/953 1154/189/1154 908/245/908

usemtl material_158
f 1458/243/1458 1438/193/1438 1472/194/1472

usemtl material_1821
f 908/245/908 1086/244/1086 893/252/893

usemtl material_1898
vt 0.8921660 0.3080257
f 3001/2611/3001 3015/2609/3015 2983/2603/2983

usemtl material_1899
f 884/261/884 885/267/885 873/260/873

usemtl material_214
vt 0.8705680 0.3092070
f 2925/2612/2925 2983/2603/2983 2926/2605/2926

usemtl material_1900
vt 0.8386148 0.3178704
f 2905/2613/2905 2926/2605/2926 2958/2607/2958

usemtl material_1901
vt 0.8194483 0.3240515
f 2905/2613/2905 2958/2607/2958 2900/2614/2900
f 2900/2614/2900 2958/2607/2958 2989/408/2989

usemtl material_935
f 1272/291/1272 1308/290/1308 1307/352/1307

usemtl material_1896
vt 0.7930102 0.3318928
f 2989/408/2989 3050/2610/3050 3022/2615/3022

usemtl material_884
f 1307/352/1307 1312/166/1312 1337/223/1337

usemtl material_1611
f 1307/352/1307 1337/223/1337 1328/402/1328

usemtl material_1012
f 1513/362/1513 1501/213/1501 1495/212/1495

usemtl material_39
f 1338/209/1338 1333/227/1333 1354/309/1354

usemtl material_1902
f 1114/319/1114 1134/232/1134 1112/311/1112

usemtl material_1903
f 1101/318/1101 1154/189/1154 953/388/953

usemtl material_1898
vt 0.8944333 0.3027363
f 3052/2616/3052 3015/2609/3015 3001/2611/3001

usemtl material_495
f 900/389/900 894/324/894 881/325/881

usemtl material_181
f 1065/397/1065 1066/249/1066 1056/392/1056

usemtl material_460
f 1056/392/1056 1066/249/1066 1062/330/1062

usemtl material_1904
f 878/333/878 877/332/877 879/334/879

usemtl material_1905
f 878/333/878 879/334/879 880/395/880

usemtl material_230
f 880/395/880 879/334/879 889/335/889

usemtl material_1906
f 3001/2611/3001 2983/2603/2983 2925/2612/2925

usemtl material_1907
vt 0.8682503 0.3142920
f 2925/2612/2925 2926/2605/2926 2833/2617/2833

usemtl material_1908
f 2926/2605/2926 2905/2613/2905 2833/2617/2833

usemtl material_1909
f 2900/2614/2900 2989/408/2989 2899/410/2899

usemtl material_1910
f 2989/408/2989 3022/2615/3022 2998/409/2998

usemtl material_1911
f 1328/402/1328 1337/223/1337 1366/308/1366

usemtl material_884
f 1328/402/1328 1366/308/1366 1347/450/1347

usemtl material_1912
f 1129/424/1129 1130/228/1130 1127/313/1127

usemtl material_335
f 1125/229/1125 1123/314/1123 1124/427/1124

usemtl material_195
f 1124/427/1124 1123/314/1123 1121/373/1121

usemtl material_207
f 1444/384/1444 1433/238/1433 1443/381/1443

usemtl material_768
f 3207/187/3207 3215/236/3215 3214/380/3214

usemtl material_1913
f 899/391/899 900/389/900 881/325/881

usemtl material_1914
f 895/393/895 874/328/874 898/394/898

usemtl material_1908
vt 0.8912043 0.3118405
f 3001/2611/3001 2925/2612/2925 2854/2618/2854

usemtl material_1915
f 2854/2618/2854 2925/2612/2925 2833/2617/2833

usemtl material_43
vt 0.8179456 0.3309070
f 2833/2617/2833 2905/2613/2905 2893/2619/2893
f 2905/2613/2905 2900/2614/2900 2893/2619/2893

usemtl material_696
f 2893/2619/2893 2900/2614/2900 2899/410/2899

usemtl material_1305
f 934/542/934 1101/318/1101 933/432/933

usemtl material_172
f 1466/430/1466 1444/384/1444 1443/381/1443

usemtl material_1337
f 3051/483/3051 3052/2616/3052 3001/2611/3001

usemtl material_1896
f 2975/484/2975 3051/483/3051 3001/2611/3001

usemtl material_1916
vt 0.8915696 0.3196530
f 2832/2620/2832 2854/2618/2854 2833/2617/2833

usemtl material_765
vt 0.8545597 0.3251468
f 2834/2621/2834 2833/2617/2833 2893/2619/2893

usemtl material_391
vt 0.7927065 0.3430644
f 2899/410/2899 2998/409/2998 2901/2622/2901

usemtl material_82
vt 0.7849220 0.3384063
f 2998/409/2998 3022/2615/3022 3055/2623/3055

usemtl material_1917
f 1401/452/1401 1366/308/1366 1376/413/1376

usemtl material_641
f 2487/472/2487 2486/525/2486 2464/524/2464

usemtl material_121
f 1442/385/1442 1439/321/1439 1451/539/1451

usemtl material_1918
f 918/486/918 900/389/900 915/487/915

usemtl material_1919
f 911/489/911 907/434/907 912/490/912

usemtl material_1920
f 913/544/913 905/437/905 904/438/904

usemtl material_1921
f 904/438/904 903/439/903 913/544/913

usemtl material_182
f 909/493/909 1049/435/1049 1064/492/1064

usemtl material_1915
f 2975/484/2975 3001/2611/3001 2854/2618/2854

usemtl material_1922
vt 0.8767031 0.3240861
f 2832/2620/2832 2833/2617/2833 2831/2624/2831

usemtl material_1923
f 2833/2617/2833 2834/2621/2834 2831/2624/2831

usemtl material_695
vt 0.8463367 0.3336167
f 2913/2625/2913 2834/2621/2834 2893/2619/2893

usemtl material_147
vt 0.8130177 0.3408195
vt 0.7971150 0.3468230
f 2892/2626/2892 2893/2619/2893 2890/2627/2890

usemtl material_696
f 2890/2627/2890 2893/2619/2893 2899/410/2899

usemtl material_1909
f 2890/2627/2890 2899/410/2899 2901/2622/2901

usemtl material_640
f 1347/450/1347 1401/452/1401 1390/553/1390

usemtl material_438
f 1401/452/1401 1376/413/1376 1405/618/1405

usemtl material_43
vt 0.7776312 0.3463916
f 2998/409/2998 3055/2623/3055 3048/2628/3048

usemtl material_1924
f 2462/661/2462 2484/521/2484 2459/523/2459

usemtl material_1925
f 1099/535/1099 1101/318/1101 934/542/934

usemtl material_1926
vt 0.9252030 0.3192673
f 2992/2629/2992 3035/485/3035 2975/484/2975

usemtl material_1927
f 920/610/920 910/488/910 911/489/911

usemtl material_1928
f 916/546/916 901/440/901 917/547/917

usemtl material_1929
vt 0.9082697 0.3188823
f 2838/2630/2838 2975/484/2975 2854/2618/2854
f 2838/2630/2838 2854/2618/2854 2832/2620/2832

usemtl material_809
vt 0.8298092 0.3406719
f 2907/2631/2907 2913/2625/2913 2893/2619/2893

usemtl material_1930
f 2907/2631/2907 2893/2619/2893 2892/2626/2892

usemtl material_147
vt 0.7823738 0.3560636
f 2901/2622/2901 2998/409/2998 2889/2632/2889

usemtl material_1798
f 1405/618/1405 1376/413/1376 1539/560/1539

usemtl material_43
vt 0.7698631 0.3577432
f 2998/409/2998 3048/2628/3048 3047/2633/3047

usemtl material_33
f 2483/522/2483 2485/469/2485 2458/593/2458

usemtl material_119
f 2456/599/2456 2476/600/2476 2457/601/2457

usemtl material_163
f 2471/595/2471 2473/476/2473 2472/531/2472

usemtl material_489
f 939/680/939 1099/535/1099 934/542/934

usemtl material_66
f 1465/606/1465 1451/539/1451 1456/431/1456

usemtl material_134
f 1040/607/1040 1466/430/1466 1504/605/1504

usemtl material_1931
f 925/627/925 920/610/920 912/490/912

usemtl material_1932
f 918/486/918 915/487/915 926/609/926

usemtl material_1933
f 923/629/923 912/490/912 921/611/921

usemtl material_1934
f 921/611/921 913/544/913 914/545/914

usemtl material_1935
f 928/632/928 916/546/916 917/547/917

usemtl material_1936
f 1041/540/1041 1043/543/1043 1042/608/1042

usemtl material_616
f 1042/608/1042 1043/543/1043 1052/482/1052

usemtl material_1908
vt 0.9184775 0.3204124
f 2992/2629/2992 2975/484/2975 2857/2634/2857
f 2857/2634/2857 2975/484/2975 2838/2630/2838

usemtl material_1937
vt 0.8616715 0.3338293
f 2831/2624/2831 2834/2621/2834 2840/2635/2840

usemtl material_1353
f 2834/2621/2834 2913/2625/2913 2840/2635/2840

usemtl material_1938
vt 0.8018257 0.3534419
f 2892/2626/2892 2890/2627/2890 2891/2636/2891

usemtl material_1939
f 2890/2627/2890 2901/2622/2901 2889/2632/2889

usemtl material_147
f 2889/2632/2889 2998/409/2998 2996/743/2996

usemtl material_82
f 2996/743/2996 2998/409/2998 3047/2633/3047

usemtl material_1940
f 2217/585/2217 2057/582/2057 2061/708/2061

usemtl material_459
f 1464/674/1464 1447/479/1447 1459/604/1459

usemtl material_173
f 1467/676/1467 1459/604/1459 1451/539/1451

usemtl material_66
f 1470/677/1470 1451/539/1451 1465/606/1465

usemtl material_592
f 3217/537/3217 3220/466/3220 3224/597/3224

usemtl material_1916
vt 0.9102756 0.3264551
f 2838/2630/2838 2832/2620/2832 2822/2637/2822

usemtl material_1941
f 2822/2637/2822 2832/2620/2832 2831/2624/2831

usemtl material_1942
vt 0.9047495 0.3316209
f 2822/2637/2822 2831/2624/2831 2823/2638/2823

usemtl material_1943
vt 0.8746165 0.3342342
f 2837/2639/2837 2831/2624/2831 2840/2635/2840

usemtl material_1944
vt 0.8204318 0.3494925
f 2921/2640/2921 2907/2631/2907 2892/2626/2892

usemtl material_1945
f 2921/2640/2921 2892/2626/2892 2891/2636/2891

usemtl material_1946
f 2068/691/2068 2222/690/2222 2217/585/2217

usemtl material_438
f 2068/691/2068 2217/585/2217 2061/708/2061

usemtl material_173
f 2458/593/2458 2460/520/2460 2449/711/2449

usemtl material_17
f 2449/711/2449 2460/520/2460 2452/663/2452

usemtl material_1947
f 2452/663/2452 2460/520/2460 2469/471/2469

usemtl material_152
f 2452/663/2452 2466/473/2466 2440/665/2440

usemtl material_75
f 2454/664/2454 2464/524/2464 2439/666/2439

usemtl material_491
f 2453/670/2453 2471/595/2471 2450/671/2450

usemtl material_820
vt 0.8083819 0.6280701
f 2446/673/2446 2492/603/2492 2475/2641/2475

usemtl material_1538
vt 0.5279664 0.3452957
f 1100/2642/1100 1099/535/1099 981/752/981

usemtl material_459
f 1469/624/1469 1457/536/1457 1464/674/1464

usemtl material_365
f 981/752/981 1099/535/1099 939/680/939

usemtl material_77
vt 0.9360948 0.3193173
f 3043/2643/3043 3035/485/3035 2992/2629/2992

usemtl material_1948
f 926/609/926 925/627/925 940/718/940

usemtl material_1949
vt 0.3355761 0.3619293
f 923/629/923 929/630/929 937/2644/937

usemtl material_1950
f 927/631/927 928/632/928 935/722/935

usemtl material_1951
vt 0.8543240 0.3613251
f 2840/2635/2840 2913/2625/2913 2967/2645/2967
vt 0.8429341 0.3551084
f 2967/2645/2967 2913/2625/2913 2977/2646/2977
f 2913/2625/2913 2907/2631/2907 2977/2646/2977

usemtl material_1132
f 2977/2646/2977 2907/2631/2907 2921/2640/2921

usemtl material_82
vt 0.7830517 0.3687361
f 2886/2647/2886 2890/2627/2890 2889/2632/2889

usemtl material_43
vt 0.7722056 0.3720534
f 2889/2632/2889 2996/743/2996 2888/2648/2888
f 2996/743/2996 3047/2633/3047 3042/744/3042

usemtl material_279
vt 0.8045032 0.6677810
f 2456/599/2456 2457/601/2457 2437/2649/2437

usemtl material_178
vt 0.8066345 0.6764840
f 2444/2650/2444 2456/599/2456 2437/2649/2437

usemtl material_51
f 2437/2649/2437 2457/601/2457 2451/669/2451

usemtl material_66
f 2447/672/2447 2463/602/2463 2446/673/2446

usemtl material_614
f 2442/712/2442 2438/667/2438 2461/528/2461

usemtl material_35
f 2444/2650/2444 2443/668/2443 2456/599/2456

usemtl material_66
vt 0.0102621 0.3535382
f 1483/2651/1483 1470/677/1470 1482/678/1482

usemtl material_1952
f 925/627/925 924/628/924 941/719/941

usemtl material_1953
f 923/629/923 937/2644/937 938/720/938

usemtl material_1954
f 929/630/929 936/721/936 937/2644/937

usemtl material_1955
f 943/790/943 935/722/935 930/634/930

usemtl material_540
f 930/634/930 931/682/931 942/723/942

usemtl material_148
f 931/682/931 1020/541/1020 942/723/942

usemtl material_1956
vt 0.9334841 0.3297160
f 2992/2629/2992 2857/2634/2857 2868/2652/2868

usemtl material_1916
f 2822/2637/2822 2857/2634/2857 2838/2630/2838

usemtl material_1943
vt 0.9018337 0.3383875
f 2824/2653/2824 2823/2638/2823 2831/2624/2831

usemtl material_1957
f 2831/2624/2831 2837/2639/2837 2824/2653/2824

usemtl material_1943
vt 0.8029735 0.3611388
f 2921/2640/2921 2891/2636/2891 2903/2654/2903

usemtl material_403
f 2891/2636/2891 2890/2627/2890 2886/2647/2886

usemtl material_1930
f 2903/2654/2903 2891/2636/2891 2886/2647/2886

usemtl material_43
f 2886/2647/2886 2889/2632/2889 2888/2648/2888

usemtl material_694
f 2061/708/2061 2010/707/2010 2019/880/2019

usemtl material_1958
vt 0.8015249 0.7627777
f 2403/2655/2403 2455/709/2455 2441/662/2441

usemtl material_107
vt 0.7983992 0.7391996
f 2449/711/2449 2452/663/2452 2400/2656/2400

usemtl material_196
vt 0.7998032 0.7300197
f 2400/2656/2400 2452/663/2452 2401/2657/2401

usemtl material_197
f 2401/2657/2401 2452/663/2452 2440/665/2440

usemtl material_460
f 1485/714/1485 1469/624/1469 1473/751/1473
f 1473/751/1473 1464/674/1464 1478/782/1478

usemtl material_172
f 1464/674/1464 1468/675/1468 1479/783/1479

usemtl material_51
f 1480/784/1480 1468/675/1468 1467/676/1467
f 1480/784/1480 1467/676/1467 1470/677/1470

usemtl material_149
vt 0.0135132 0.3448832
f 1487/2658/1487 1470/677/1470 1483/2651/1483

usemtl material_53
vt 0.0051200 0.3478495
f 1483/2651/1483 1482/678/1482 1499/2659/1499

usemtl material_616
f 1047/786/1047 1036/717/1036 1504/605/1504

usemtl material_1959
f 941/719/941 924/628/924 944/819/944

usemtl material_1960
f 944/819/944 924/628/924 938/720/938

usemtl material_1961
f 937/2644/937 936/721/936 950/788/950

usemtl material_1962
f 936/721/936 935/722/935 948/789/948

usemtl material_1963
f 943/790/943 930/634/930 947/791/947

usemtl material_1964
f 947/791/947 930/634/930 942/723/942

usemtl material_724
vt 0.9352917 0.3258238
f 3043/2643/3043 2992/2629/2992 2993/2660/2993

usemtl material_1956
f 2993/2660/2993 2992/2629/2992 2868/2652/2868

usemtl material_1965
vt 0.9305519 0.3344901
f 2868/2652/2868 2857/2634/2857 2816/2661/2816

usemtl material_147
f 2816/2661/2816 2857/2634/2857 2822/2637/2822

usemtl material_1966
f 3208/635/3208 3211/383/3211 3213/724/3213

usemtl material_653
f 2691/755/2691 2697/761/2697 2684/821/2684

usemtl material_874
f 2684/821/2684 2697/761/2697 2689/826/2689

usemtl material_653
f 2697/761/2697 2693/763/2693 2689/826/2689

usemtl material_1967
f 2689/826/2689 2693/763/2693 2688/827/2688

usemtl material_1968
f 2688/827/2688 2693/763/2693 2694/765/2694

usemtl material_1969
vt 0.1562591 0.8157269
vt 0.1630804 0.8125000
vt 0.1637918 0.8155000
f 4216/2662/4216 4269/2663/4269 4106/2664/4106

usemtl material_1970
vt 0.1674203 0.8148086
f 4106/2664/4106 4269/2663/4269 4263/2665/4263

usemtl material_1971
vt 0.1706468 0.8241237
f 4106/2664/4106 4263/2665/4263 4201/2666/4201

usemtl material_82
f 2888/2648/2888 2996/743/2996 2990/745/2990

usemtl material_1972
f 2040/741/2040 2061/708/2061 2019/880/2019

usemtl material_35
vt 0.7963019 0.7454194
f 2386/972/2386 2441/662/2441 2398/2667/2398

usemtl material_1973
vt 0.8895768 0.8152269
f 3233/781/3233 3230/623/3230 3242/2668/3242

usemtl material_181
f 2441/662/2441 2448/710/2448 2398/2667/2398

usemtl material_148
f 2398/2667/2398 2448/710/2448 2449/711/2449

usemtl material_453
vt 0.7938915 0.6624869
f 2437/2649/2437 2451/669/2451 2394/2669/2394

usemtl material_210
vt 0.7921929 0.6285452
f 2446/673/2446 2475/2641/2475 2436/2670/2436

usemtl material_41
f 1480/784/1480 1470/677/1470 1487/2658/1487

usemtl material_1894
vt 0.9483951 0.3284982
f 3044/2671/3044 3043/2643/3043 2994/982/2994

usemtl material_1974
f 944/819/944 938/720/938 951/850/951

usemtl material_1975
f 951/850/951 938/720/938 950/788/950

usemtl material_1976
f 950/788/950 938/720/938 937/2644/937

usemtl material_292
f 1035/785/1035 1037/715/1037 1036/717/1036

usemtl material_496
f 1035/785/1035 1036/717/1036 1034/854/1034

usemtl material_1977
f 1034/854/1034 1036/717/1036 1047/786/1047

usemtl material_1480
f 2994/982/2994 3043/2643/3043 2993/2660/2993

usemtl material_1938
vt 0.9206265 0.3376161
f 2816/2661/2816 2822/2637/2822 2817/2672/2817

usemtl material_1978
f 2817/2672/2817 2822/2637/2822 2823/2638/2823

usemtl material_1979
f 2824/2653/2824 2837/2639/2837 2839/984/2839

usemtl material_1980
vt 0.8689907 0.3592559
f 2839/984/2839 2837/2639/2837 2965/2673/2965
f 2837/2639/2837 2840/2635/2840 2965/2673/2965

usemtl material_733
f 2675/858/2675 2691/755/2691 2670/820/2670

usemtl material_661
f 2670/820/2670 2691/755/2691 2684/821/2684

usemtl material_682
f 2687/824/2687 2684/821/2684 2689/826/2689

usemtl material_1981
vt 0.1562421 0.8194395
f 4103/2674/4103 4216/2662/4216 4106/2664/4106

usemtl material_1982
vt 0.1672261 0.8226942
f 4103/2674/4103 4106/2664/4106 4102/2675/4102

usemtl material_898
f 4106/2664/4106 4201/2666/4201 4102/2675/4102

usemtl material_1132
vt 0.8297092 0.3676192
f 2972/2676/2972 2977/2646/2977 2921/2640/2921
f 2921/2640/2921 2903/2654/2903 2972/2676/2972

usemtl material_1983
vt 0.8168194 0.3750176
f 2972/2676/2972 2903/2654/2903 2974/2677/2974

usemtl material_1957
vt 0.7983109 0.3725361
vt 0.7877076 0.3762044
f 2938/2678/2938 2903/2654/2903 2902/2679/2902

usemtl material_809
f 2902/2679/2902 2903/2654/2903 2886/2647/2886

usemtl material_1310
vt 0.7722702 0.3856143
f 2886/2647/2886 2888/2648/2888 2881/2680/2881

usemtl material_643
f 2040/741/2040 2019/880/2019 2027/877/2027

usemtl material_12
vt 0.7549601 0.3920531
f 2990/745/2990 3042/744/3042 3011/2681/3011

usemtl material_61
f 1988/810/1988 2024/702/2024 2020/746/2020

usemtl material_1984
f 2403/2655/2403 2441/662/2441 2386/972/2386

usemtl material_179
f 2398/2667/2398 2449/711/2449 2400/2656/2400

usemtl material_87
f 2401/2657/2401 2440/665/2440 2384/948/2384

usemtl material_528
f 2384/948/2384 2440/665/2440 2388/813/2388

usemtl material_339
vt 0.7900222 0.6969891
f 2439/666/2439 2438/667/2438 2387/2682/2387

usemtl material_56
vt 0.7912141 0.6899311
f 2438/667/2438 2442/712/2442 2395/2683/2395

usemtl material_404
vt 0.7920180 0.6768636
f 2392/2684/2392 2444/2650/2444 2437/2649/2437

usemtl material_446
f 2394/2669/2394 2451/669/2451 2445/750/2445

usemtl material_105
vt 0.7922944 0.6499394
f 2393/2685/2393 2445/750/2445 2450/671/2450

usemtl material_40
vt 0.7921855 0.6450244
f 2393/2685/2393 2450/671/2450 2396/2686/2396

usemtl material_495
f 2450/671/2450 2447/672/2447 2396/2686/2396

usemtl material_81
f 2396/2686/2396 2447/672/2447 2446/673/2446

usemtl material_1195
vt 0.7914067 0.6319658
f 2397/2687/2397 2446/673/2446 2436/2670/2436

usemtl material_1538
vt 0.5274018 0.3279684
f 1222/2688/1222 1100/2642/1100 981/752/981

usemtl material_460
f 1486/814/1486 1473/751/1473 1478/782/1478

usemtl material_453
f 959/815/959 981/752/981 946/753/946

usemtl material_616
f 1047/786/1047 1485/714/1485 1048/855/1048

usemtl material_1985
f 963/954/963 949/787/949 948/789/948

usemtl material_235
f 1060/716/1060 1035/785/1035 1030/852/1030

usemtl material_179
f 952/792/952 1060/716/1060 1030/852/1030

usemtl material_567
f 1030/852/1030 1035/785/1035 1034/854/1034

usemtl material_1965
f 2994/982/2994 2993/2660/2993 2868/2652/2868

usemtl material_1986
vt 0.1510371 0.8185150
f 4215/2689/4215 4216/2662/4216 4103/2674/4103

usemtl material_1987
vt 0.1704554 0.8294905
f 4102/2675/4102 4201/2666/4201 4098/2690/4098

usemtl material_1132
f 2974/2677/2974 2903/2654/2903 2938/2678/2938

usemtl material_390
f 2388/813/2388 2439/666/2439 2387/2682/2387

usemtl material_68
f 2387/2682/2387 2438/667/2438 2395/2683/2395

usemtl material_207
vt 0.7866006 0.6833003
f 2442/712/2442 2443/668/2443 2381/2691/2381

usemtl material_8
f 2395/2683/2395 2442/712/2442 2381/2691/2381

usemtl material_176
f 2381/2691/2381 2443/668/2443 2444/2650/2444
f 2381/2691/2381 2444/2650/2444 2392/2684/2392

usemtl material_285
vt 0.7899594 0.6680343
f 2392/2684/2392 2437/2649/2437 2391/2692/2391

usemtl material_1027
f 2391/2692/2391 2437/2649/2437 2394/2669/2394

usemtl material_1988
f 2394/2669/2394 2445/750/2445 2393/2685/2393

usemtl material_446
f 2396/2686/2396 2446/673/2446 2397/2687/2397

usemtl material_460
f 1488/883/1488 1486/814/1486 1478/782/1478

usemtl material_207
f 1488/883/1488 1478/782/1478 1479/783/1479

usemtl material_405
f 1222/2688/1222 981/752/981 995/976/995

usemtl material_149
vt 0.0092986 0.3302434
f 1487/2658/1487 1483/2651/1483 1497/2693/1497

usemtl material_41
f 1497/2693/1497 1483/2651/1483 1499/2659/1499

usemtl material_528
f 995/976/995 981/752/981 959/815/959

usemtl material_616
f 1055/891/1055 1048/855/1048 1485/714/1485

usemtl material_1989
f 954/817/954 941/719/941 955/818/955

usemtl material_1990
f 955/818/955 944/819/944 956/849/956

usemtl material_1991
f 956/849/956 944/819/944 951/850/951

usemtl material_1992
vt 0.2588468 0.3408315
f 958/851/958 949/787/949 960/2694/960

usemtl material_1993
f 960/2694/960 949/787/949 963/954/963

usemtl material_704
f 963/954/963 948/789/948 961/955/961

usemtl material_1963
f 948/789/948 947/791/947 961/955/961

usemtl material_1952
f 961/955/961 947/791/947 962/957/962

usemtl material_1994
f 962/957/962 947/791/947 952/792/952

usemtl material_791
f 1030/852/1030 1034/854/1034 1033/890/1033

usemtl material_496
f 1033/890/1033 1034/854/1034 1048/855/1048

usemtl material_67
vt 0.9464316 0.3391024
f 2869/2695/2869 2994/982/2994 2868/2652/2868

usemtl material_1995
vt 0.9354698 0.3438241
f 2816/2661/2816 2817/2672/2817 2814/2696/2814

usemtl material_1980
f 2817/2672/2817 2823/2638/2823 2824/2653/2824

usemtl material_1951
f 2965/2673/2965 2840/2635/2840 2967/2645/2967

usemtl material_1996
vt 0.8421192 0.3774472
f 2959/2697/2959 2977/2646/2977 2972/2676/2972

usemtl material_851
vt 0.7639718 0.3913140
f 2888/2648/2888 2990/745/2990 2882/2698/2882

usemtl material_1997
f 2027/877/2027 2019/880/2019 2014/881/2014

usemtl material_1654
vt 0.7929538 0.7657520
f 2474/2699/2474 2403/2655/2403 2389/1126/2389

usemtl material_194
f 2389/1126/2389 2403/2655/2403 2386/972/2386

usemtl material_260
vt 0.7847193 0.7392915
f 2398/2667/2398 2400/2656/2400 2375/2700/2375

usemtl material_59
f 2375/2700/2375 2400/2656/2400 2401/2657/2401

usemtl material_16
vt 0.7880278 0.7300395
f 2375/2700/2375 2401/2657/2401 2385/2701/2385

usemtl material_514
f 2385/2701/2385 2401/2657/2401 2384/948/2384

usemtl material_51
vt 0.0284335 0.3314199
f 1479/783/1479 1480/784/1480 1493/2702/1493
f 1493/2702/1493 1480/784/1480 1487/2658/1487

usemtl material_281
f 2646/952/2646 2644/887/2644 2641/886/2641

usemtl material_1998
vt 0.4946522 0.3335735
f 959/815/959 957/816/957 965/2703/965

usemtl material_1999
f 965/2703/965 957/816/957 954/817/954

usemtl material_2000
f 965/2703/965 954/817/954 966/912/966

usemtl material_2001
f 966/912/966 954/817/954 955/818/955

usemtl material_2002
f 967/913/967 955/818/955 956/849/956

usemtl material_2003
vt 0.3324752 0.3340091
f 969/2704/969 956/849/956 958/851/958

usemtl material_2004
vt 0.2875604 0.3340490
f 969/2704/969 958/851/958 968/2705/968

usemtl material_2005
f 958/851/958 960/2694/960 968/2705/968

usemtl material_248
f 1031/889/1031 1030/852/1030 1032/914/1032

usemtl material_176
f 1032/914/1032 1030/852/1030 1033/890/1033

usemtl material_678
f 962/957/962 952/792/952 964/853/964

usemtl material_43
f 2869/2695/2869 2868/2652/2868 2816/2661/2816

usemtl material_1310
vt 0.9481032 0.3495889
f 2869/2695/2869 2816/2661/2816 2815/2706/2815

usemtl material_1485
f 2817/2672/2817 2824/2653/2824 2818/986/2818

usemtl material_2006
f 2673/916/2673 2674/857/2674 2669/859/2669

usemtl material_2007
vt 0.1408162 0.8198478
vt 0.1428150 0.8229507
f 4232/2707/4232 4215/2689/4215 4104/2708/4104

usemtl material_2008
f 4215/2689/4215 4103/2674/4103 4104/2708/4104

usemtl material_918
vt 0.1566488 0.8293450
f 4104/2708/4104 4103/2674/4103 4100/2709/4100

usemtl material_2009
f 4100/2709/4100 4103/2674/4103 4102/2675/4102

usemtl material_2010
f 4100/2709/4100 4102/2675/4102 4098/2690/4098

usemtl material_1996
f 2967/2645/2967 2977/2646/2977 2959/2697/2959

usemtl material_2011
vt 0.1803715 0.8357656
f 4098/2690/4098 4201/2666/4201 4150/2710/4150

usemtl material_1951
vt 0.7884414 0.3888947
f 2938/2678/2938 2902/2679/2902 2937/2711/2937

usemtl material_2012
f 2881/2680/2881 2888/2648/2888 2882/2698/2882

usemtl material_43
vt 0.7559714 0.4033126
f 2990/745/2990 3011/2681/3011 2985/2712/2985

usemtl material_2013
f 2389/1126/2389 2386/972/2386 2367/971/2367

usemtl material_791
f 2374/973/2374 2386/972/2386 2398/2667/2398

usemtl material_22
f 2374/973/2374 2398/2667/2398 2375/2700/2375

usemtl material_20
f 2391/2692/2391 2394/2669/2394 2377/1128/2377

usemtl material_81
vt 0.7806361 0.6455967
f 2393/2685/2393 2396/2686/2396 2382/2713/2382

usemtl material_207
vt 0.0669741 0.3303961
f 1494/2714/1494 1488/883/1488 1479/783/1479

usemtl material_173
f 1494/2714/1494 1479/783/1479 1493/2702/1493

usemtl material_53
vt 0.0048091 0.3343799
f 1497/2693/1497 1499/2659/1499 1510/2715/1510

usemtl material_453
f 995/976/995 959/815/959 978/977/978

usemtl material_2014
vt 0.4949228 0.3230903
f 978/977/978 959/815/959 977/2716/977

usemtl material_2015
f 977/2716/977 959/815/959 965/2703/965

usemtl material_2016
f 977/2716/977 965/2703/965 966/912/966

usemtl material_2017
vt 0.3581473 0.3270250
f 967/913/967 956/849/956 970/2717/970

usemtl material_2018
f 956/849/956 969/2704/969 970/2717/970

usemtl material_2019
f 968/2705/968 960/2694/960 975/1024/975

usemtl material_2020
f 960/2694/960 963/954/963 973/953/973

usemtl material_2021
f 3029/981/3029 3044/2671/3044 2994/982/2994

usemtl material_180
vt 0.1485773 0.3331202
f 971/2718/971 964/853/964 1031/889/1031

usemtl material_403
f 2815/2706/2815 2816/2661/2816 2814/2696/2814

usemtl material_1485
f 2818/986/2818 2824/2653/2824 2839/984/2839

usemtl material_2022
vt 0.1309539 0.8228666
vt 0.1254080 0.8222815
f 4105/2719/4105 4259/2720/4259 4232/2707/4232

usemtl material_2023
f 4105/2719/4105 4232/2707/4232 4104/2708/4104

usemtl material_2024
vt 0.1453176 0.8322235
f 4104/2708/4104 4100/2709/4100 4101/2721/4101

usemtl material_2025
vt 0.1613685 0.8355899
f 4101/2721/4101 4100/2709/4100 4097/2722/4097

usemtl material_2026
f 4100/2709/4100 4098/2690/4098 4097/2722/4097

usemtl material_2027
vt 0.1770652 0.8395848
f 4097/2722/4097 4098/2690/4098 4099/2723/4099

usemtl material_2028
f 4099/2723/4099 4098/2690/4098 4150/2710/4150

usemtl material_2029
vt 0.1844805 0.8421117
f 4099/2723/4099 4150/2710/4150 4109/2724/4109

usemtl material_695
vt 0.7779317 0.3946352
f 2902/2679/2902 2886/2647/2886 2885/2725/2885

usemtl material_1923
f 2885/2725/2885 2886/2647/2886 2881/2680/2881

usemtl material_2030
f 2882/2698/2882 2990/745/2990 2985/2712/2985

usemtl material_2031
f 2002/905/2002 2014/881/2014 1977/937/1977

usemtl material_561
vt 0.7755702 0.7297198
f 2369/2726/2369 2385/2701/2385 2384/948/2384

usemtl material_1590
f 2372/949/2372 2388/813/2388 2387/2682/2387

usemtl material_269
vt 0.7794064 0.6903269
f 2387/2682/2387 2395/2683/2395 2380/2727/2380

usemtl material_397
f 2395/2683/2395 2381/2691/2381 2380/2727/2380

usemtl material_176
vt 0.7789713 0.6771868
f 2381/2691/2381 2392/2684/2392 2378/2728/2378

usemtl material_177
vt 0.7790138 0.6685346
f 2378/2728/2378 2392/2684/2392 2379/2729/2379

usemtl material_360
f 2392/2684/2392 2391/2692/2391 2379/2729/2379

usemtl material_644
f 2394/2669/2394 2393/2685/2393 2377/1128/2377

usemtl material_99
f 2377/1128/2377 2393/2685/2393 2376/1129/2376
f 2376/1129/2376 2393/2685/2393 2382/2713/2382

usemtl material_446
vt 0.7806621 0.6327620
f 2396/2686/2396 2397/2687/2397 2383/2730/2383

usemtl material_528
f 2382/2713/2382 2396/2686/2396 2383/2730/2383

usemtl material_1195
f 2383/2730/2383 2397/2687/2397 2436/2670/2436

usemtl material_210
vt 0.7777432 0.6294828
f 2383/2730/2383 2436/2670/2436 2390/2731/2390

usemtl material_182
vt 0.1138945 0.3225464
f 1500/2732/1500 1492/884/1492 1488/883/1488

usemtl material_1305
f 1222/2688/1222 995/976/995 987/975/987

usemtl material_41
vt 0.0133726 0.3242888
f 1493/2702/1493 1487/2658/1487 1498/2733/1498

usemtl material_149
f 1498/2733/1498 1487/2658/1487 1497/2693/1497

usemtl material_2032
vt 0.4464180 0.3221862
f 977/2716/977 966/912/966 980/2734/980

usemtl material_2033
vt 0.4073667 0.3202838
f 980/2734/980 966/912/966 979/2735/979

usemtl material_2034
f 979/2735/979 966/912/966 967/913/967

usemtl material_2035
f 979/2735/979 967/913/967 970/2717/970

usemtl material_2036
vt 0.3349061 0.3248268
f 970/2717/970 969/2704/969 976/2736/976

usemtl material_2037
f 975/1024/975 960/2694/960 973/953/973

usemtl material_2038
vt 0.1706745 0.3281516
f 974/956/974 962/957/962 972/2737/972

usemtl material_2039
f 972/2737/972 962/957/962 971/2718/971

usemtl material_2040
f 971/2718/971 962/957/962 964/853/964

usemtl material_1977
f 1058/1026/1058 1046/915/1046 1055/891/1055

usemtl material_1965
vt 0.9544917 0.3463038
f 2870/2738/2870 2994/982/2994 2869/2695/2869

usemtl material_661
f 2663/1030/2663 2665/862/2665 2664/918/2664

usemtl material_2041
vt 0.1238058 0.8247793
f 4222/2739/4222 4259/2720/4259 4105/2719/4105

usemtl material_1996
vt 0.8835752 0.3726245
f 2964/2740/2964 2839/984/2839 2965/2673/2965

usemtl material_2042
f 4101/2721/4101 4105/2719/4105 4104/2708/4104

usemtl material_2043
vt 0.1379048 0.8331584
f 4105/2719/4105 4101/2721/4101 4219/2741/4219

usemtl material_2044
vt 0.1463384 0.8348160
vt 0.1564719 0.8365077
f 4256/2742/4256 4101/2721/4101 4235/2743/4235

usemtl material_2045
f 4101/2721/4101 4097/2722/4097 4235/2743/4235

usemtl material_2046
vt 0.1688825 0.8429242
f 4235/2743/4235 4097/2722/4097 4107/2744/4107

usemtl material_2047
f 4107/2744/4107 4097/2722/4097 4099/2723/4099

usemtl material_2048
vt 0.1763844 0.8461417
f 4107/2744/4107 4099/2723/4099 4108/2745/4108

usemtl material_2049
f 4108/2745/4108 4099/2723/4099 4109/2724/4109

usemtl material_2050
vt 0.1887513 0.8470154
f 4108/2745/4108 4109/2724/4109 4110/2746/4110

usemtl material_2051
vt 0.4634003 0.8990759
f 3105/921/3105 3074/898/3074 3106/2747/3106

usemtl material_852
vt 0.8319277 0.3874300
f 2960/2748/2960 2972/2676/2972 2974/2677/2974

usemtl material_2052
f 3107/1006/3107 3106/2747/3106 3074/898/3074

usemtl material_1983
vt 0.8176349 0.3912036
f 2974/2677/2974 2938/2678/2938 2961/2749/2961

usemtl material_1996
f 2961/2749/2961 2938/2678/2938 2937/2711/2937

usemtl material_557
f 2937/2711/2937 2902/2679/2902 2885/2725/2885

usemtl material_167
vt 0.7652993 0.4064918
f 2881/2680/2881 2882/2698/2882 2879/2750/2879

usemtl material_1117
f 1752/1014/1752 2002/905/2002 1977/937/1977

usemtl material_173
vt 0.7760561 0.7406314
f 2374/973/2374 2375/2700/2375 2366/2751/2366

usemtl material_2053
f 2375/2700/2375 2385/2701/2385 2369/2726/2369

usemtl material_444
vt 0.7738422 0.7249538
f 2369/2726/2369 2384/948/2384 2370/2752/2370

usemtl material_2054
f 2370/2752/2370 2384/948/2384 2372/949/2372

usemtl material_1590
vt 0.7783249 0.6975481
f 2372/949/2372 2387/2682/2387 2373/2753/2373

usemtl material_41
f 2373/2753/2373 2387/2682/2387 2380/2727/2380

usemtl material_58
f 2379/2729/2379 2391/2692/2391 2377/1128/2377

usemtl material_1538
vt 0.7797626 0.6179897
f 2390/2731/2390 2436/2670/2436 2584/2754/2584

usemtl material_148
vt 0.1299823 0.3214189
f 1509/2755/1509 1492/884/1492 1500/2732/1500

usemtl material_182
vt 0.0657652 0.3220181
f 1500/2732/1500 1488/883/1488 1507/2756/1507

usemtl material_207
f 1507/2756/1507 1488/883/1488 1494/2714/1494
f 1507/2756/1507 1494/2714/1494 1493/2702/1493

usemtl material_146
vt 0.0045350 0.3228092
f 1521/2757/1521 1497/2693/1497 1510/2715/1510

usemtl material_2018
f 969/2704/969 968/2705/968 975/1024/975

usemtl material_2055
f 976/2736/976 969/2704/969 975/1024/975

usemtl material_2056
f 972/2737/972 971/2718/971 982/1057/982

usemtl material_248
f 971/2718/971 1031/889/1031 1061/950/1061

usemtl material_1894
vt 0.9663597 0.3460067
f 3045/2758/3045 3029/981/3029 2986/983/2986

usemtl material_1900
f 2986/983/2986 2994/982/2994 2870/2738/2870

usemtl material_1978
f 2813/1309/2813 2814/2696/2814 2817/2672/2817

usemtl material_1980
f 2813/1309/2813 2817/2672/2817 2818/986/2818

usemtl material_2057
vt 0.1147840 0.8270800
vt 0.1111724 0.8247501
f 4228/2759/4228 4258/2760/4258 4259/2720/4259

usemtl material_2058
f 4228/2759/4228 4259/2720/4259 4222/2739/4222

usemtl material_2059
f 4222/2739/4222 4105/2719/4105 4220/1067/4220
f 4220/1067/4220 4105/2719/4105 4219/2741/4219

usemtl material_2060
f 4219/2741/4219 4101/2721/4101 4256/2742/4256

usemtl material_2061
vt 0.9710067 0.0862726
f 3995/996/3995 3996/997/3996 3997/2761/3997

usemtl material_2062
f 3999/1034/3999 3995/996/3995 3997/2761/3997

usemtl material_1996
vt 0.8580088 0.3840488
f 2965/2673/2965 2967/2645/2967 2942/2762/2942

usemtl material_852
vt 0.8683923 0.3809267
f 2949/2763/2949 2965/2673/2965 2942/2762/2942

usemtl material_2063
f 3996/997/3996 4002/1003/4002 4001/1038/4001

usemtl material_1033
f 2942/2762/2942 2967/2645/2967 2959/2697/2959

usemtl material_2064
f 4001/1038/4001 4002/1003/4002 4004/1004/4004

usemtl material_2065
f 4107/2744/4107 4108/2745/4108 4242/1087/4242

usemtl material_2066
vt 0.1800602 0.8505679
f 4242/1087/4242 4108/2745/4108 4111/2764/4111

usemtl material_2067
f 4111/2764/4111 4108/2745/4108 4110/2746/4110

usemtl material_852
f 2959/2697/2959 2972/2676/2972 2960/2748/2960

usemtl material_2068
vt 0.1907883 0.8518487
f 4111/2764/4111 4110/2746/4110 4112/2765/4112

usemtl material_1930
vt 0.7737814 0.4075857
f 2885/2725/2885 2881/2680/2881 2880/2766/2880

usemtl material_1898
vt 0.7594182 0.4062003
f 2882/2698/2882 2985/2712/2985 2911/2767/2911

usemtl material_605
f 2184/841/2184 2157/907/2157 2148/1017/2148

usemtl material_177
vt 0.7662468 0.7515253
f 2351/2768/2351 2367/971/2367 2374/973/2374

usemtl material_149
vt 0.7696047 0.6454520
f 2376/1129/2376 2382/2713/2382 2363/2769/2363

usemtl material_1267
vt 0.7722796 0.6180442
f 2491/2770/2491 2390/2731/2390 2584/2754/2584

usemtl material_172
vt 0.0297399 0.3197446
f 1507/2756/1507 1493/2702/1493 1508/2771/1508

usemtl material_41
f 1493/2702/1493 1498/2733/1498 1508/2771/1508

usemtl material_528
vt 0.5115941 0.3103864
f 987/975/987 978/977/978 984/2772/984

usemtl material_2069
f 984/2772/984 978/977/978 977/2716/977

usemtl material_2070
vt 0.4943340 0.3087090
f 986/2773/986 977/2716/977 980/2734/980

usemtl material_2071
vt 0.3388462 0.3172832
f 979/2735/979 970/2717/970 985/2774/985

usemtl material_2072
f 970/2717/970 976/2736/976 985/2774/985

usemtl material_2073
f 985/2774/985 976/2736/976 975/1024/975

usemtl material_2074
vt 0.2678643 0.3150188
f 988/2775/988 975/1024/975 983/1025/983

usemtl material_180
f 1061/950/1061 1032/914/1032 1053/1054/1053

usemtl material_176
f 1053/1054/1053 1032/914/1032 1046/915/1046

usemtl material_496
vt 0.1351235 0.3207607
f 1053/1054/1053 1046/915/1046 1054/2776/1054

usemtl material_52
f 1054/2776/1054 1046/915/1046 1059/1027/1059

usemtl material_180
f 982/1057/982 971/2718/971 1061/950/1061

usemtl material_67
f 2870/2738/2870 2869/2695/2869 2815/2706/2815

usemtl material_2075
vt 0.1194850 0.8312602
f 4228/2759/4228 4222/2739/4222 4229/2777/4229

usemtl material_2076
f 4222/2739/4222 4220/1067/4220 4230/1069/4230

usemtl material_2077
f 4229/2777/4229 4222/2739/4222 4230/1069/4230

usemtl material_2078
f 4012/1032/4012 4023/1033/4023 4019/1061/4019

usemtl material_2079
f 4221/1068/4221 4220/1067/4220 4219/2741/4219

usemtl material_2080
f 4014/1070/4014 4025/1035/4025 4011/994/4011

usemtl material_2081
vt 0.3806560 0.9268578
vt 0.3830465 0.9354675
vt 0.3864301 0.9240909
f 3928/2778/3928 3929/2779/3929 3927/2780/3927

usemtl material_2082
vt 0.9725837 0.0733641
f 4000/2781/4000 3999/1034/3999 3997/2761/3997

usemtl material_852
f 2964/2740/2964 2965/2673/2965 2949/2763/2949

usemtl material_2083
f 3997/2761/3997 3996/997/3996 3998/1039/3998

usemtl material_2084
f 3196/829/3196 3254/1077/3254 3182/999/3182

usemtl material_2085
f 3182/999/3182 3254/1077/3254 3252/1081/3252

usemtl material_2086
vt 0.9719659 0.1138226
f 3998/1039/3998 4001/1038/4001 4003/2782/4003

usemtl material_2087
vt 0.9725837 0.1285569
f 4001/1038/4001 4004/1004/4004 4005/2783/4005

usemtl material_2088
f 4005/2783/4005 4004/1004/4004 4006/1042/4006

usemtl material_2089
f 4242/1087/4242 4111/2764/4111 4113/1088/4113

usemtl material_2090
f 4113/1088/4113 4111/2764/4111 4112/2765/4112

usemtl material_2091
vt 0.1873113 0.8602003
f 4113/1088/4113 4112/2765/4112 4114/2784/4114

usemtl material_2092
f 4112/2765/4112 4236/1043/4236 4115/1045/4115

usemtl material_2093
f 4114/2784/4114 4112/2765/4112 4115/1045/4115

usemtl material_2094
f 2960/2748/2960 2974/2677/2974 2961/2749/2961

usemtl material_1951
vt 0.7848709 0.4123428
f 2936/2785/2936 2937/2711/2937 2885/2725/2885

usemtl material_765
f 2880/2766/2880 2881/2680/2881 2879/2750/2879

usemtl material_1956
vt 0.7491744 0.4150225
f 2985/2712/2985 3011/2681/3011 3013/2786/3013

usemtl material_81
vt 0.7654235 0.7355298
f 2366/2751/2366 2375/2700/2375 2350/2787/2350

usemtl material_89
f 2350/2787/2350 2375/2700/2375 2369/2726/2369

usemtl material_641
vt 0.7654939 0.7104163
f 2370/2752/2370 2372/949/2372 2355/2788/2355

usemtl material_2095
vt 0.7654632 0.6984950
f 2372/949/2372 2373/2753/2373 2356/2789/2356

usemtl material_641
f 2355/2788/2355 2372/949/2372 2356/2789/2356

usemtl material_149
f 2356/2789/2356 2373/2753/2373 2380/2727/2380

usemtl material_364
vt 0.7648965 0.6902874
f 2356/2789/2356 2380/2727/2380 2357/2790/2357

usemtl material_51
vt 0.7651668 0.6836221
f 2380/2727/2380 2381/2691/2381 2358/2791/2358

usemtl material_269
f 2357/2790/2357 2380/2727/2380 2358/2791/2358

usemtl material_176
f 2358/2791/2358 2381/2691/2381 2378/2728/2378

usemtl material_791
vt 0.7650293 0.6768942
f 2358/2791/2358 2378/2728/2378 2359/2792/2359

usemtl material_156
vt 0.7660988 0.6678259
f 2378/2728/2378 2379/2729/2379 2360/2793/2360

usemtl material_9
f 2359/2792/2359 2378/2728/2378 2360/2793/2360

usemtl material_66
f 2360/2793/2360 2379/2729/2379 2377/1128/2377

usemtl material_59
vt 0.7652719 0.6503286
f 2362/2794/2362 2376/1129/2376 2363/2769/2363

usemtl material_57
vt 0.7665803 0.6336745
f 2382/2713/2382 2383/2730/2383 2361/2795/2361

usemtl material_528
f 2363/2769/2363 2382/2713/2382 2361/2795/2361

usemtl material_1400
f 2361/2795/2361 2383/2730/2383 2390/2731/2390

usemtl material_60
vt 0.7626988 0.6304228
f 2361/2795/2361 2390/2731/2390 2368/2796/2368

usemtl material_182
vt 0.0908267 0.3121268
f 1516/2797/1516 1500/2732/1500 1507/2756/1507

usemtl material_149
vt 0.0081655 0.3168895
f 1498/2733/1498 1497/2693/1497 1515/2798/1515

usemtl material_88
f 1515/2798/1515 1497/2693/1497 1521/2757/1521

usemtl material_2096
vt 0.4505894 0.3090978
f 991/2799/991 980/2734/980 979/2735/979

usemtl material_2097
f 986/2773/986 984/2772/984 977/2716/977

usemtl material_2098
f 986/2773/986 980/2734/980 991/2799/991

usemtl material_2099
f 985/2774/985 975/1024/975 988/2775/988

usemtl material_2100
vt 0.1958330 0.3135438
f 983/1025/983 974/956/974 990/2800/990

usemtl material_823
f 974/956/974 972/2737/972 990/2800/990

usemtl material_2101
vt 0.1686460 0.3126001
f 990/2800/990 972/2737/972 989/2801/989

usemtl material_2102
f 989/2801/989 972/2737/972 982/1057/982

usemtl material_2030
vt 0.9623768 0.3569584
f 2871/2802/2871 2986/983/2986 2870/2738/2870

usemtl material_1517
vt 0.9504132 0.3645091
f 2801/2803/2801 2815/2706/2815 2814/2696/2814

usemtl material_2103
vt 0.1004829 0.8262811
f 4227/2804/4227 4258/2760/4258 4228/2759/4228

usemtl material_2104
vt 0.1172856 0.8359972
f 4228/2759/4228 4229/2777/4229 4226/2805/4226

usemtl material_2105
vt 0.1124297 0.8349154
f 4224/2806/4224 4228/2759/4228 4226/2805/4226

usemtl material_2106
vt 0.1210086 0.8361752
f 4226/2805/4226 4229/2777/4229 4231/2807/4231

usemtl material_2107
f 4231/2807/4231 4229/2777/4229 4230/1069/4230

usemtl material_2108
f 4231/2807/4231 4230/1069/4230 4279/1071/4279

usemtl material_852
f 2821/985/2821 2839/984/2839 2964/2740/2964

usemtl material_2109
vt 0.3810631 0.9186670
f 3926/2808/3926 3928/2778/3928 3927/2780/3927

usemtl material_863
f 72/894/72 69/961/69 117/1066/117

usemtl material_772
f 72/894/72 117/1066/117 115/1036/115

usemtl material_732
f 76/895/76 116/1037/116 127/1085/127

usemtl material_2110
f 4003/2782/4003 4001/1038/4001 4005/2783/4005

usemtl material_827
f 76/895/76 127/1085/127 79/1005/79

usemtl material_2111
vt 0.9829838 0.9897912
vt 0.9880971 0.9933943
f 3961/2809/3961 3962/2810/3962 3959/1188/3959

usemtl material_2112
f 4113/1088/4113 4114/2784/4114 4237/1094/4237

usemtl material_2113
vt 0.1923623 0.8682653
f 4114/2784/4114 4115/1045/4115 4116/2811/4116

usemtl material_2114
vt 0.2026993 0.8708012
f 4115/1045/4115 4210/1044/4210 4117/2812/4117

usemtl material_2115
f 4116/2811/4116 4115/1045/4115 4117/2812/4117

usemtl material_852
vt 0.8073756 0.4059137
f 2961/2749/2961 2937/2711/2937 2966/2813/2966

usemtl material_851
f 2879/2750/2879 2882/2698/2882 2911/2767/2911

usemtl material_1117
f 1682/1110/1682 1752/1014/1752 1977/937/1977

usemtl material_62
f 2353/1127/2353 2376/1129/2376 2362/2794/2362

usemtl material_122
vt 0.7641970 0.7452735
f 2351/2768/2351 2374/973/2374 2348/2814/2348

usemtl material_172
f 2374/973/2374 2366/2751/2366 2348/2814/2348

usemtl material_528
f 2360/2793/2360 2377/1128/2377 2353/1127/2353

usemtl material_148
vt 0.1302008 0.3105940
f 1518/2815/1518 1509/2755/1509 1500/2732/1500

usemtl material_182
vt 0.1150927 0.3071314
f 1518/2815/1518 1500/2732/1500 1519/2816/1519
f 1519/2816/1519 1500/2732/1500 1516/2797/1516

usemtl material_207
f 1516/2797/1516 1507/2756/1507 1508/2771/1508

usemtl material_66
vt 0.0126334 0.3102483
f 1508/2771/1508 1498/2733/1498 1520/2817/1520

usemtl material_149
f 1520/2817/1520 1498/2733/1498 1515/2798/1515

usemtl material_2116
f 2368/2796/2368 2390/2731/2390 2491/2770/2491

usemtl material_760
vt 0.5157378 0.3080820
f 996/2818/996 987/975/987 984/2772/984

usemtl material_2117
vt 0.3948232 0.3090058
f 991/2799/991 979/2735/979 992/2819/992

usemtl material_2118
f 992/2819/992 979/2735/979 985/2774/985

usemtl material_2119
vt 0.3365054 0.3105510
f 992/2819/992 985/2774/985 993/2820/993

usemtl material_2120
f 993/2820/993 985/2774/985 994/1302/994

usemtl material_2121
f 994/1302/994 985/2774/985 988/2775/988

usemtl material_2122
vt 0.1345465 0.3121726
f 1053/1054/1053 1054/2776/1054 1063/2821/1063

usemtl material_695
f 2801/2803/2801 2814/2696/2814 2813/1309/2813

usemtl material_1996
vt 0.9096597 0.3772897
f 2813/1309/2813 2818/986/2818 2820/2822/2820

usemtl material_2123
f 2660/1134/2660 2658/1135/2658 2659/1174/2659

usemtl material_661
f 2671/1029/2671 2663/1030/2663 2660/1134/2660

usemtl material_2124
vt 0.0916308 0.8273070
vt 0.1003301 0.8297653
f 4208/2823/4208 4227/2804/4227 4209/2824/4209

usemtl material_2125
f 4227/2804/4227 4228/2759/4228 4209/2824/4209

usemtl material_852
f 2818/986/2818 2821/985/2821 2820/2822/2820

usemtl material_2126
f 4209/2824/4209 4228/2759/4228 4224/2806/4224

usemtl material_2127
f 4015/1060/4015 4019/1061/4019 4018/1178/4018

usemtl material_2128
f 4018/1178/4018 4019/1061/4019 4029/1138/4029

usemtl material_2129
vt 0.1147666 0.8372622
f 4225/2825/4225 4224/2806/4224 4226/2805/4226

usemtl material_2130
f 4225/2825/4225 4226/2805/4226 4231/2807/4231

usemtl material_2131
vt 0.3812285 0.9088306
vt 0.3864564 0.9141219
f 3924/2826/3924 3926/2808/3926 3925/2827/3925

usemtl material_2132
f 3925/2827/3925 3926/2808/3926 3927/2780/3927

usemtl material_2133
f 3961/2809/3961 3959/1188/3959 3960/1190/3960

usemtl material_2134
vt 0.1888006 0.8679870
f 4114/2784/4114 4116/2811/4116 4238/2828/4238

usemtl material_2135
f 4237/1094/4237 4114/2784/4114 4238/2828/4238

usemtl material_2136
vt 0.2048754 0.8681667
f 4117/2812/4117 4210/1044/4210 4211/2829/4211

usemtl material_1996
f 2966/2813/2966 2937/2711/2937 2936/2785/2936

usemtl material_403
vt 0.7674691 0.4267051
f 2880/2766/2880 2879/2750/2879 2877/2830/2877

usemtl material_2137
f 1682/1110/1682 1977/937/1977 1934/1164/1934

usemtl material_2138
vt 0.7606833 0.7595703
f 2365/1125/2365 2367/971/2367 2352/2831/2352

usemtl material_1177
f 2352/2831/2352 2367/971/2367 2351/2768/2351

usemtl material_56
vt 0.7620025 0.7407650
f 2348/2814/2348 2366/2751/2366 2349/2832/2349

usemtl material_144
f 2349/2832/2349 2366/2751/2366 2350/2787/2350

usemtl material_1765
vt 0.7603300 0.7295246
f 2350/2787/2350 2369/2726/2369 2344/2833/2344

usemtl material_392
vt 0.7639090 0.7243332
f 2369/2726/2369 2370/2752/2370 2346/2834/2346

usemtl material_1166
f 2344/2833/2344 2369/2726/2369 2346/2834/2346

usemtl material_1250
f 2346/2834/2346 2370/2752/2370 2355/2788/2355

usemtl material_1925
vt 0.7651081 0.6183185
f 2368/2796/2368 2491/2770/2491 2493/2835/2493

usemtl material_172
vt 0.0348577 0.3058738
f 1523/2836/1523 1516/2797/1516 1508/2771/1508

usemtl material_127
f 1523/2836/1523 1508/2771/1508 1520/2817/1520

usemtl material_55
f 2640/1056/2640 2639/1023/2639 2638/1213/2638

usemtl material_77
vt 0.0041822 0.3086863
f 1536/2837/1536 1515/2798/1515 1521/2757/1521

usemtl material_2139
f 988/2775/988 983/1025/983 998/1341/998

usemtl material_2140
f 998/1341/998 983/1025/983 990/2800/990

usemtl material_2141
f 989/2801/989 982/1057/982 997/1214/997

usemtl material_2021
vt 0.9750219 0.3574244
f 3017/2838/3017 3045/2758/3045 2986/983/2986

usemtl material_2030
vt 0.9608248 0.3628056
f 2871/2802/2871 2870/2738/2870 2798/2839/2798

usemtl material_1552
f 2870/2738/2870 2815/2706/2815 2798/2839/2798

usemtl material_2142
vt 0.1186638 0.9541731
f 2652/2840/2652 2655/1167/2655 2649/1169/2649

usemtl material_2143
f 2652/2840/2652 2649/1169/2649 2648/1218/2648

usemtl material_661
f 2648/1218/2648 2649/1169/2649 2650/1172/2650

usemtl material_1451
f 2656/1220/2656 2650/1172/2650 2657/1171/2657

usemtl material_2144
f 2657/1171/2657 2658/1135/2658 2656/1220/2656

usemtl material_2145
vt 0.0813425 0.8276604
vt 0.0920969 0.8301213
f 4207/2841/4207 4208/2823/4208 4192/2842/4192

usemtl material_2146
f 4192/2842/4192 4208/2823/4208 4209/2824/4209

usemtl material_2147
f 4196/1253/4196 4209/2824/4209 4223/1254/4223

usemtl material_918
f 4209/2824/4209 4224/2806/4224 4223/1254/4223

usemtl material_2148
f 4223/1254/4223 4224/2806/4224 4225/2825/4225

usemtl material_2149
vt 0.3870550 0.9033982
f 3923/2843/3923 3924/2826/3924 3925/2827/3925

usemtl material_2094
vt 0.8950588 0.3870161
f 2821/985/2821 2964/2740/2964 2819/2844/2819
vt 0.8787540 0.3904051
f 2964/2740/2964 2949/2763/2949 2836/2845/2836

usemtl material_852
vt 0.8517854 0.3946496
f 2942/2762/2942 2959/2697/2959 2932/2846/2932
vt 0.8427182 0.4024100
f 2932/2846/2932 2959/2697/2959 2924/2847/2924

usemtl material_1033
f 2924/2847/2924 2959/2697/2959 2960/2748/2960

usemtl material_2150
f 2924/2847/2924 2960/2748/2960 2961/2749/2961

usemtl material_2151
vt 0.9902416 0.9712526
f 3957/1189/3957 3959/1188/3959 3958/2848/3958

usemtl material_2152
vt 0.1918099 0.8734830
f 4238/2828/4238 4116/2811/4116 4262/2849/4262

usemtl material_2153
vt 0.1962762 0.8750672
f 4262/2849/4262 4116/2811/4116 4118/2850/4118

usemtl material_2154
f 4118/2850/4118 4116/2811/4116 4117/2812/4117

usemtl material_2155
f 4117/2812/4117 4211/2829/4211 4212/1234/4212

usemtl material_2156
f 4117/2812/4117 4212/1234/4212 4119/1233/4119

usemtl material_2157
f 3094/1229/3094 3102/1204/3102 3100/1203/3100

usemtl material_682
f 3094/1229/3094 3100/1203/3100 3093/1199/3093

usemtl material_661
f 3100/1203/3100 3095/1198/3095 3093/1199/3093

usemtl material_1965
vt 0.7566241 0.4257087
f 2911/2767/2911 2985/2712/2985 2912/2851/2912

usemtl material_82
vt 0.7533056 0.4238451
f 2912/2851/2912 2985/2712/2985 2995/2852/2995

usemtl material_1965
f 2995/2852/2995 2985/2712/2985 3013/2786/3013

usemtl material_146
vt 0.7563663 0.6512952
f 2354/2853/2354 2353/1127/2353 2362/2794/2362

usemtl material_588
vt 0.7556831 0.6468135
f 2342/2854/2342 2362/2794/2362 2363/2769/2363

usemtl material_406
f 2342/2854/2342 2363/2769/2363 2361/2795/2361

usemtl material_182
vt 0.1300952 0.3007606
f 1531/2855/1531 1518/2815/1518 1519/2816/1519

usemtl material_121
vt 0.0956337 0.3043082
f 1519/2816/1519 1516/2797/1516 1524/2856/1524

usemtl material_207
f 1524/2856/1524 1516/2797/1516 1523/2836/1523

usemtl material_66
vt 0.0079239 0.2987867
f 1520/2817/1520 1515/2798/1515 1532/2857/1532

usemtl material_39
f 1532/2857/1532 1515/2798/1515 1536/2837/1536

usemtl material_76
vt 0.5158078 0.3002881
f 1001/2858/1001 996/2818/996 984/2772/984

usemtl material_759
vt 0.5105941 0.2996174
f 1001/2858/1001 984/2772/984 1000/2859/1000

usemtl material_2158
f 1000/2859/1000 984/2772/984 986/2773/986

usemtl material_2159
vt 0.4640795 0.2991725
f 986/2773/986 991/2799/991 1005/2860/1005

usemtl material_2160
vt 0.4297123 0.3020992
f 1005/2860/1005 991/2799/991 1004/2861/1004

usemtl material_2161
f 1004/2861/1004 991/2799/991 992/2819/992

usemtl material_2162
vt 0.3329180 0.3031312
f 992/2819/992 993/2820/993 1002/2862/1002

usemtl material_2163
f 1002/2862/1002 993/2820/993 994/1302/994

usemtl material_2164
f 994/1302/994 988/2775/988 999/1340/999

usemtl material_2165
f 999/1340/999 988/2775/988 998/1341/998

usemtl material_260
f 997/1214/997 1071/1055/1071 1067/1304/1067

usemtl material_253
f 1071/1055/1071 1053/1054/1053 1067/1304/1067

usemtl material_176
f 1067/1304/1067 1053/1054/1053 1063/2821/1063

usemtl material_177
vt 0.1347259 0.3045305
f 1067/1304/1067 1063/2821/1063 1072/2863/1072

usemtl material_2143
vt 0.1217655 0.9557927
f 2654/2864/2654 2652/2840/2652 2648/1218/2648

usemtl material_661
vt 0.1585249 0.9557927
f 2654/2864/2654 2648/1218/2648 2653/2865/2653
f 2653/2865/2653 2648/1218/2648 2651/1219/2651

usemtl material_2166
vt 0.4830665 0.9633420
vt 0.4894075 0.9659553
vt 0.4892609 0.9585009
f 3464/2866/3464 3499/2867/3499 3475/2868/3475

usemtl material_2167
vt 0.0834404 0.8304479
f 4207/2841/4207 4192/2842/4192 4188/2869/4188

usemtl material_2168
f 4192/2842/4192 4209/2824/4209 4196/1253/4196

usemtl material_2169
vt 0.3818191 0.8974664
f 3922/2870/3922 3924/2826/3924 3923/2843/3923

usemtl material_2170
f 3261/1224/3261 3260/1180/3260 3223/1136/3223

usemtl material_2171
vt 0.8193445 0.9056334
f 3283/1182/3283 3259/1181/3259 3284/2871/3284

usemtl material_2172
f 3284/2871/3284 3259/1181/3259 3273/1259/3273

usemtl material_1286
f 2819/2844/2819 2964/2740/2964 2836/2845/2836

usemtl material_2094
vt 0.8662026 0.3996518
f 2836/2845/2836 2949/2763/2949 2835/2872/2835
f 2949/2763/2949 2942/2762/2942 2835/2872/2835

usemtl material_852
f 2835/2872/2835 2942/2762/2942 2932/2846/2932

usemtl material_1033
vt 0.8223714 0.4043393
f 2924/2847/2924 2961/2749/2961 2957/2873/2957

usemtl material_2173
vt 0.9891532 0.9616705
f 3957/1189/3957 3958/2848/3958 3955/2874/3955

usemtl material_2174
vt 0.1960607 0.8815167
f 4262/2849/4262 4118/2850/4118 4261/2875/4261

usemtl material_852
f 2957/2873/2957 2961/2749/2961 2966/2813/2966

usemtl material_2175
f 4118/2850/4118 4117/2812/4117 4119/1233/4119

usemtl material_1943
f 2936/2785/2936 2885/2725/2885 2880/2766/2880

usemtl material_43
f 2879/2750/2879 2911/2767/2911 2912/2851/2912

usemtl material_1836
f 2350/2787/2350 2344/2833/2344 2331/1458/2331

usemtl material_192
vt 0.7498733 0.7250075
f 2344/2833/2344 2346/2834/2346 2329/2876/2329

usemtl material_485
vt 0.7540447 0.7151564
f 2346/2834/2346 2355/2788/2355 2339/2877/2339

usemtl material_152
vt 0.7492068 0.6687174
f 2359/2792/2359 2360/2793/2360 2328/2878/2328

usemtl material_759
f 2342/2854/2342 2361/2795/2361 2336/1461/2336

usemtl material_366
vt 0.7508413 0.6399589
f 2337/2879/2337 2342/2854/2342 2336/1461/2336

usemtl material_2176
f 2336/1461/2336 2361/2795/2361 2368/2796/2368

usemtl material_2177
vt 0.1112627 0.2973354
f 1531/2855/1531 1519/2816/1519 1533/2880/1533

usemtl material_207
vt 0.0134766 0.2978934
f 1523/2836/1523 1520/2817/1520 1534/2881/1534

usemtl material_15
vt 0.7716388 0.2005810
f 2637/2882/2637 2638/1213/2638 2591/1212/2591

usemtl material_2178
vt 0.4934273 0.2921442
f 1000/2859/1000 986/2773/986 1006/2883/1006

usemtl material_2179
f 1006/2883/1006 986/2773/986 1005/2860/1005

usemtl material_2180
vt 0.3897165 0.2929922
f 1009/2884/1009 1004/2861/1004 992/2819/992

usemtl material_2181
vt 0.3619604 0.2947967
f 1009/2884/1009 992/2819/992 1008/2885/1008

usemtl material_2182
f 992/2819/992 1002/2862/1002 1008/2885/1008

usemtl material_2183
f 994/1302/994 999/1340/999 1010/1303/1010

usemtl material_2184
vt 0.1827984 0.2987148
f 998/1341/998 990/2800/990 1003/2886/1003

usemtl material_2185
f 990/2800/990 989/2801/989 1003/2886/1003

usemtl material_2186
f 1003/2886/1003 989/2801/989 997/1214/997

usemtl material_2187
f 1003/2886/1003 997/1214/997 1007/1434/1007

usemtl material_851
vt 0.9722422 0.3678682
f 2986/983/2986 2871/2802/2871 2896/2887/2896

usemtl material_1310
f 2798/2839/2798 2815/2706/2815 2801/2803/2801

usemtl material_1957
f 2801/2803/2801 2813/1309/2813 2802/1308/2802

usemtl material_2188
vt 0.4345942 0.9608550
vt 0.4376018 0.9600739
vt 0.4360342 0.9557076
f 3469/2888/3469 3461/2889/3461 3459/2890/3459

usemtl material_739
vt 0.4732217 0.9621891
f 3459/2890/3459 3461/2889/3461 3460/2891/3460

usemtl material_661
vt 0.4541968 0.9585788
f 3459/2890/3459 3460/2891/3460 3455/2892/3455

usemtl material_682
vt 0.4771467 0.9587969
f 3455/2892/3455 3460/2891/3460 3456/2893/3456

usemtl material_2189
vt 0.0772306 0.8331003
f 4187/2894/4187 4207/2841/4207 4188/2869/4188

usemtl material_1983
f 2803/1307/2803 2813/1309/2813 2820/2822/2820

usemtl material_2190
vt 0.0908887 0.8426978
f 4188/2869/4188 4192/2842/4192 4189/2895/4189

usemtl material_2191
f 4189/2895/4189 4192/2842/4192 4196/1253/4196

usemtl material_2192
f 4189/2895/4189 4196/1253/4196 4272/1255/4272

usemtl material_2193
vt 0.3880999 0.8939151
f 3921/2896/3921 3922/2870/3922 3923/2843/3923

usemtl material_2094
f 2820/2822/2820 2821/985/2821 2819/2844/2819

usemtl material_2194
f 3957/1189/3957 3955/2874/3955 3952/1356/3952

usemtl material_2195
f 4118/2850/4118 4119/1233/4119 4120/1382/4120

usemtl material_2196
f 4261/2875/4261 4118/2850/4118 4120/1382/4120

usemtl material_2197
vt 0.2088317 0.8897023
f 4120/1382/4120 4119/1233/4119 4121/2897/4121

usemtl material_2198
f 4121/2897/4121 4119/1233/4119 4122/1232/4122

usemtl material_82
vt 0.7574234 0.4413884
f 2879/2750/2879 2912/2851/2912 2878/2898/2878

usemtl material_186
f 2159/1423/2159 2161/1051/2161 2135/1166/2135

usemtl material_976
vt 0.7515005 0.7633892
f 2347/2899/2347 2365/1125/2365 2352/2831/2352

usemtl material_117
vt 0.7505347 0.7586101
f 2330/2900/2330 2352/2831/2352 2351/2768/2351

usemtl material_2199
vt 0.7526733 0.7513422
f 2330/2900/2330 2351/2768/2351 2334/2901/2334

usemtl material_1746
f 2334/2901/2334 2351/2768/2351 2348/2814/2348

usemtl material_341
f 2349/2832/2349 2350/2787/2350 2331/1458/2331

usemtl material_57
f 2329/2876/2329 2346/2834/2346 2339/2877/2339

usemtl material_192
vt 0.7504046 0.6950862
f 2339/2877/2339 2355/2788/2355 2333/2902/2333

usemtl material_2095
f 2333/2902/2333 2355/2788/2355 2356/2789/2356

usemtl material_149
f 2333/2902/2333 2356/2789/2356 2357/2790/2357
vt 0.7510406 0.6839502
f 2357/2790/2357 2358/2791/2358 2332/2903/2332
f 2333/2902/2333 2357/2790/2357 2332/2903/2332

usemtl material_47
f 2332/2903/2332 2358/2791/2358 2359/2792/2359

usemtl material_40
vt 0.7515734 0.6775812
f 2332/2903/2332 2359/2792/2359 2343/2904/2343

usemtl material_68
f 2343/2904/2343 2359/2792/2359 2328/2878/2328

usemtl material_11
f 2328/2878/2328 2360/2793/2360 2353/1127/2353

usemtl material_2054
f 2328/2878/2328 2353/1127/2353 2327/1431/2327

usemtl material_10
f 2353/1127/2353 2354/2853/2354 2335/1429/2335

usemtl material_62
f 2354/2853/2354 2362/2794/2362 2342/2854/2342

usemtl material_460
f 1533/2880/1533 1519/2816/1519 1524/2856/1524
vt 0.0632636 0.2955822
f 1533/2880/1533 1524/2856/1524 1535/2905/1535

usemtl material_207
f 1535/2905/1535 1524/2856/1524 1523/2836/1523

usemtl material_383
vt 0.7543120 0.6211223
f 2494/2906/2494 2368/2796/2368 2493/2835/2493

usemtl material_1255
f 2494/2906/2494 2493/2835/2493 2495/1465/2495

usemtl material_366
vt 0.5106819 0.2866374
f 1001/2858/1001 1000/2859/1000 1017/2907/1017

usemtl material_2200
f 1017/2907/1017 1000/2859/1000 1006/2883/1006

usemtl material_2201
vt 0.4581263 0.2901555
f 1005/2860/1005 1004/2861/1004 1018/2908/1018

usemtl material_2202
f 1018/2908/1018 1004/2861/1004 1009/2884/1009

usemtl material_2037
vt 0.3280312 0.2925853
f 1008/2885/1008 1002/2862/1002 1011/2909/1011

usemtl material_2203
f 1011/2909/1011 1002/2862/1002 1012/1301/1012

usemtl material_2019
f 1002/2862/1002 994/1302/994 1012/1301/1012

usemtl material_348
f 1073/1305/1073 1067/1304/1067 1072/2863/1072

usemtl material_171
vt 0.1344533 0.2960946
f 1073/1305/1073 1072/2863/1072 1075/2910/1075

usemtl material_2204
f 1014/1343/1014 998/1341/998 1003/2886/1003

usemtl material_1898
vt 0.9785433 0.3721142
f 2988/2911/2988 3017/2838/3017 2986/983/2986

usemtl material_661
vt 0.4412784 0.9523098
f 3457/2912/3457 3459/2890/3459 3455/2892/3455

usemtl material_1056
vt 0.4498869 0.9544787
f 3457/2912/3457 3455/2892/3455 3451/2913/3451

usemtl material_682
vt 0.4747031 0.9566084
f 3451/2913/3451 3455/2892/3455 3452/2914/3452
f 3452/2914/3452 3455/2892/3455 3456/2893/3456

usemtl material_1351
f 3456/2893/3456 3460/2891/3460 3464/2866/3464

usemtl material_1265
vt 0.4824666 0.9492608
f 3456/2893/3456 3464/2866/3464 3467/2915/3467

usemtl material_2205
f 3467/2915/3467 3464/2866/3464 3475/2868/3475

usemtl material_2206
vt 0.0767659 0.8414121
f 4186/2916/4186 4188/2869/4188 4189/2895/4189

usemtl material_2207
vt 0.0927011 0.8450787
f 4271/2917/4271 4189/2895/4189 4272/1255/4272

usemtl material_2208
vt 0.3836890 0.8858149
f 3921/2896/3921 3920/2918/3920 3922/2870/3922

usemtl material_2209
f 3289/1350/3289 3284/2871/3284 3273/1259/3273

usemtl material_852
vt 0.8569303 0.4068542
f 2835/2872/2835 2932/2846/2932 2904/2919/2904
f 2904/2919/2904 2932/2846/2932 2924/2847/2924

usemtl material_1033
vt 0.8410640 0.4159391
f 2914/2920/2914 2924/2847/2924 2957/2873/2957

usemtl material_2210
f 3952/1356/3952 3955/2874/3955 3954/1354/3954

usemtl material_2211
f 4261/2875/4261 4120/1382/4120 4266/1384/4266

usemtl material_2212
vt 0.2031181 0.8958950
f 4120/1382/4120 4121/2897/4121 4123/2921/4123

usemtl material_2213
vt 0.2150897 0.9091075
f 4124/2922/4124 4122/1232/4122 4134/1328/4134

usemtl material_82
f 2877/2830/2877 2879/2750/2879 2878/2898/2878

usemtl material_40
f 2338/1460/2338 2349/2832/2349 2331/1458/2331

usemtl material_47
f 2338/1460/2338 2334/2901/2334 2348/2814/2348

usemtl material_207
f 2338/1460/2338 2348/2814/2348 2349/2832/2349

usemtl material_672
f 2327/1431/2327 2353/1127/2353 2335/1429/2335

usemtl material_2214
f 2399/1462/2399 2368/2796/2368 2494/2906/2494

usemtl material_207
f 1535/2905/1535 1523/2836/1523 1534/2881/1534

usemtl material_121
f 1534/2881/1534 1520/2817/1520 1532/2857/1532

usemtl material_208
f 2637/2882/2637 2591/1212/2591 2636/1339/2636

usemtl material_888
vt 0.7661782 0.0576544
vt 0.7751804 0.0526512
vt 0.7577192 0.0532693
f 2603/2923/2603 2631/2924/2631 2615/2925/2615

usemtl material_611
vt 0.5152726 0.2873142
f 1019/2926/1019 1001/2858/1001 1017/2907/1017

usemtl material_2215
f 1006/2883/1006 1005/2860/1005 1018/2908/1018

usemtl material_2216
f 1010/1303/1010 999/1340/999 1013/1342/1013

usemtl material_2217
f 1015/1433/1015 1003/2886/1003 1007/1434/1007

usemtl material_339
f 1007/1434/1007 997/1214/997 1073/1305/1073

usemtl material_2218
vt 0.9849924 0.3736017
f 3024/2927/3024 3017/2838/3017 2988/2911/2988

usemtl material_2219
f 2988/2911/2988 2986/983/2986 2896/2887/2896

usemtl material_2220
vt 0.9707348 0.3752992
f 2829/2928/2829 2896/2887/2896 2871/2802/2871

usemtl material_682
f 3587/1346/3587 3583/1371/3583 3580/1344/3580

usemtl material_1056
vt 0.4505704 0.9493399
f 3457/2912/3457 3451/2913/3451 3458/2929/3458

usemtl material_1408
vt 0.4679012 0.9509094
f 3458/2929/3458 3451/2913/3451 3453/2930/3453
f 3451/2913/3451 3452/2914/3452 3453/2930/3453

usemtl material_1056
vt 0.4743476 0.9508060
f 3453/2930/3453 3452/2914/3452 3454/2931/3454

usemtl material_2221
f 4027/1348/4027 4026/1310/4026 4032/1311/4032

usemtl material_2222
vt 0.3896702 0.8859893
f 3920/2918/3920 3921/2896/3921 3916/2932/3916

usemtl material_988
f 3269/1403/3269 3227/1176/3227 3236/1251/3236

usemtl material_2223
vt 0.8318555 0.9120935
f 3292/2933/3292 3289/1350/3289 3263/1313/3263

usemtl material_1199
f 3264/1349/3264 3262/1258/3262 3269/1403/3269

usemtl material_988
f 3262/1258/3262 3227/1176/3227 3269/1403/3269

usemtl material_2094
f 2803/1307/2803 2820/2822/2820 2819/2844/2819

usemtl material_1286
vt 0.8834866 0.4020598
f 2777/2934/2777 2819/2844/2819 2836/2845/2836
f 2777/2934/2777 2836/2845/2836 2835/2872/2835

usemtl material_852
vt 0.8209069 0.4224986
f 2957/2873/2957 2966/2813/2966 2955/2935/2955
f 2955/2935/2955 2966/2813/2966 2936/2785/2936

usemtl material_2224
f 4123/2921/4123 4121/2897/4121 4122/1232/4122

usemtl material_2225
f 4123/2921/4123 4122/1232/4122 4124/2922/4124

usemtl material_1149
f 4281/1324/4281 4282/1359/4282 4283/1273/4283

usemtl material_1101
f 4283/1273/4283 4282/1359/4282 4284/1325/4284

usemtl material_2226
vt 0.7477757 0.4333502
f 2995/2852/2995 3013/2786/3013 3019/2936/3019

usemtl material_2227
f 1659/1285/1659 1934/1164/1934 1909/1370/1909

usemtl material_2013
f 2347/2899/2347 2352/2831/2352 2330/2900/2330

usemtl material_2228
vt 0.7388583 0.7631580
f 2340/2937/2340 2347/2899/2347 2330/2900/2330

usemtl material_1166
vt 0.7414452 0.7296773
f 2331/1458/2331 2344/2833/2344 2326/2938/2326

usemtl material_41
vt 0.7412648 0.6774316
f 2332/2903/2332 2343/2904/2343 2324/2939/2324

usemtl material_158
f 2335/1429/2335 2354/2853/2354 2342/2854/2342

usemtl material_2229
f 2336/1461/2336 2368/2796/2368 2399/1462/2399

usemtl material_640
f 2399/1462/2399 2494/2906/2494 2496/1464/2496

usemtl material_148
vt 0.7503388 0.1835149
f 2589/1338/2589 2591/1212/2591 2590/2940/2590
f 2590/2940/2590 2591/1212/2591 2592/1395/2592

usemtl material_41
vt 0.7655528 0.0639675
vt 0.7583892 0.0732109
f 2598/1396/2598 2597/2941/2597 2596/2942/2596

usemtl material_2230
f 1014/1343/1014 1003/2886/1003 1015/1433/1015

usemtl material_157
f 1007/1434/1007 1073/1305/1073 1016/1435/1016

usemtl material_2231
f 2829/2928/2829 2871/2802/2871 2798/2839/2798

usemtl material_695
vt 0.9632850 0.3869209
vt 0.9582910 0.3914695
f 2794/2943/2794 2801/2803/2801 2795/2944/2795

usemtl material_809
f 2795/2944/2795 2801/2803/2801 2802/1308/2802

usemtl material_1056
vt 0.4769824 0.9413213
f 3468/2945/3468 3456/2893/3456 3467/2915/3467

usemtl material_2232
vt 0.4347345 0.9398943
f 3470/2946/3470 3469/2888/3469 3459/2890/3459

usemtl material_654
f 3470/2946/3470 3459/2890/3459 3457/2912/3457

usemtl material_2233
vt 0.4879204 0.9445484
f 3467/2915/3467 3475/2868/3475 3476/2947/3476

usemtl material_2234
vt 0.4902416 0.9398378
f 3476/2947/3476 3475/2868/3475 3500/2948/3500

usemtl material_2235
f 4187/2894/4187 4188/2869/4188 4186/2916/4186

usemtl material_2236
vt 0.0808091 0.8544880
f 4186/2916/4186 4189/2895/4189 4190/2949/4190

usemtl material_2237
vt 0.0883332 0.8490918
f 4189/2895/4189 4271/2917/4271 4270/2950/4270

usemtl material_2238
vt 0.9523464 0.0228540
f 4034/2951/4034 4027/1348/4027 4032/1311/4032

usemtl material_2239
vt 0.3880682 0.8736445
f 3919/2952/3919 3920/2918/3920 3916/2932/3916

usemtl material_2240
f 3292/2933/3292 3263/1313/3263 3265/1376/3265

usemtl material_1286
f 2778/1521/2778 2819/2844/2819 2777/2934/2777

usemtl material_1033
f 2914/2920/2914 2957/2873/2957 2955/2935/2955

usemtl material_2241
vt 0.9890808 0.9447213
f 3951/1355/3951 3954/1354/3954 3953/2953/3953

usemtl material_2242
f 4204/1383/4204 4120/1382/4120 4123/2921/4123

usemtl material_1147
f 4281/1324/4281 4294/1358/4294 4282/1359/4282

usemtl material_1996
vt 0.7939480 0.4290545
vt 0.7820138 0.4356719
f 2973/2954/2973 2936/2785/2936 2939/2955/2939

usemtl material_1943
f 2939/2955/2939 2936/2785/2936 2880/2766/2880

usemtl material_1941
vt 0.7758774 0.4423522
f 2898/2956/2898 2880/2766/2880 2877/2830/2877

usemtl material_2243
f 2344/2833/2344 2329/2876/2329 2326/2938/2326

usemtl material_532
vt 0.7403297 0.7134579
f 2329/2876/2329 2339/2877/2339 2321/2957/2321

usemtl material_2244
f 2321/2957/2321 2339/2877/2339 2333/2902/2333

usemtl material_61
vt 0.7392462 0.6999529
vt 0.7400347 0.6886267
f 2320/2958/2320 2333/2902/2333 2323/2959/2323

usemtl material_53
f 2333/2902/2333 2332/2903/2332 2323/2959/2323

usemtl material_152
f 2324/2939/2324 2343/2904/2343 2328/2878/2328

usemtl material_670
vt 0.7396688 0.6469594
f 2335/1429/2335 2342/2854/2342 2325/2960/2325

usemtl material_40
f 2590/2940/2590 2592/1395/2592 2593/1397/2593

usemtl material_41
f 2593/1397/2593 2598/1396/2598 2596/2942/2596

usemtl material_66
f 2595/1560/2595 2597/2941/2597 2603/2923/2603

usemtl material_2245
f 2496/1464/2496 2494/2906/2494 2495/1465/2495

usemtl material_2246
vt 0.4930393 0.2777055
f 1017/2907/1017 1006/2883/1006 1021/2961/1021

usemtl material_2247
f 1021/2961/1021 1006/2883/1006 1018/2908/1018

usemtl material_2248
vt 0.4569136 0.2775107
f 1021/2961/1021 1018/2908/1018 1028/2962/1028

usemtl material_2249
vt 0.4214563 0.2817842
f 1028/2962/1028 1018/2908/1018 1022/2963/1022

usemtl material_2250
f 1018/2908/1018 1009/2884/1009 1022/2963/1022

usemtl material_2251
vt 0.3568265 0.2791031
f 1022/2963/1022 1009/2884/1009 1023/2964/1023

usemtl material_2252
f 1023/2964/1023 1009/2884/1009 1008/2885/1008

usemtl material_2216
f 1023/2964/1023 1008/2885/1008 1011/2909/1011

usemtl material_2253
vt 0.3004531 0.2838556
f 1023/2964/1023 1011/2909/1011 1024/2965/1024

usemtl material_2254
f 1011/2909/1011 1012/1301/1012 1024/2965/1024

usemtl material_2255
f 1024/2965/1024 1012/1301/1012 1010/1303/1010

usemtl material_2253
vt 0.2666418 0.2813588
f 1024/2965/1024 1010/1303/1010 1025/2966/1025

usemtl material_2256
f 1010/1303/1010 1013/1342/1013 1025/2966/1025

usemtl material_2257
vt 0.2324389 0.2810482
f 1026/2967/1026 1013/1342/1013 1014/1343/1014

usemtl material_157
vt 0.1433887 0.2834647
f 1016/1435/1016 1073/1305/1073 1080/2968/1080

usemtl material_404
vt 0.1342462 0.2834854
f 1073/1305/1073 1075/2910/1075 1079/2969/1079

usemtl material_1517
f 2798/2839/2798 2801/2803/2801 2794/2943/2794

usemtl material_1408
vt 0.4405611 0.9394480
f 3471/2970/3471 3457/2912/3457 3458/2929/3458

usemtl material_682
vt 0.4541757 0.9378220
f 3458/2929/3458 3453/2930/3453 3462/2971/3462

usemtl material_2258
vt 0.0702974 0.8488743
f 4185/2972/4185 4187/2894/4187 4186/2916/4186

usemtl material_1276
vt 0.4747387 0.9412973
f 3453/2930/3453 3454/2931/3454 3463/2973/3463

usemtl material_2259
f 4190/2949/4190 4189/2895/4189 4270/2950/4270

usemtl material_2260
vt 0.9586998 0.0177845
f 4034/2951/4034 4032/1311/4032 4035/2974/4035

usemtl material_2261
vt 0.9661797 0.0187296
f 4032/1311/4032 4033/1312/4033 4036/2975/4036

usemtl material_2262
f 4035/2974/4035 4032/1311/4032 4036/2975/4036

usemtl material_2263
vt 0.3927340 0.8769243
vt 0.4055098 0.8905649
f 3915/2976/3915 3916/2932/3916 3917/2977/3917

usemtl material_2264
f 3270/1402/3270 3264/1349/3264 3236/1251/3236

usemtl material_2094
f 2803/1307/2803 2819/2844/2819 2779/1520/2779

usemtl material_1286
f 2779/1520/2779 2819/2844/2819 2778/1521/2778

usemtl material_2094
vt 0.8561710 0.4165668
f 2904/2919/2904 2924/2847/2924 2846/2978/2846

usemtl material_852
f 2846/2978/2846 2924/2847/2924 2914/2920/2914

usemtl material_1943
f 2939/2955/2939 2880/2766/2880 2898/2956/2898

usemtl material_1310
vt 0.7617155 0.4491826
f 2876/2979/2876 2877/2830/2877 2878/2898/2878

usemtl material_1312
vt 0.7525528 0.4471237
f 2912/2851/2912 2995/2852/2995 2978/2980/2978

usemtl material_1764
f 1605/1388/1605 1659/1285/1659 1708/1534/1708

usemtl material_2265
f 2978/2980/2978 2995/2852/2995 3019/2936/3019

usemtl material_1997
f 1708/1534/1708 1659/1285/1659 1909/1370/1909

usemtl material_605
vt 0.7379678 0.7388574
f 2308/2981/2308 2331/1458/2331 2326/2938/2326

usemtl material_66
vt 0.7381039 0.7240380
f 2307/2982/2307 2329/2876/2329 2321/2957/2321

usemtl material_8
f 2321/2957/2321 2333/2902/2333 2320/2958/2320

usemtl material_1799
f 2323/2959/2323 2332/2903/2332 2324/2939/2324

usemtl material_362
f 3361/1394/3361 3373/1337/3373 3367/1512/3367

usemtl material_98
vt 0.7374198 0.7513239
f 2330/2900/2330 2334/2901/2334 2318/2983/2318

usemtl material_1862
f 2318/2983/2318 2334/2901/2334 2338/1460/2338

usemtl material_1221
f 2322/1430/2322 2335/1429/2335 2325/2960/2325

usemtl material_885
f 2325/2960/2325 2342/2854/2342 2337/2879/2337

usemtl material_509
f 2345/1463/2345 2399/1462/2399 2496/1464/2496

usemtl material_148
f 2588/1489/2588 2589/1338/2589 2590/2940/2590

usemtl material_365
vt 0.5129935 0.2762262
f 1019/2926/1019 1017/2907/1017 1029/2984/1029

usemtl material_2266
f 1025/2966/1025 1013/1342/1013 1026/2967/1026

usemtl material_2267
vt 0.1838549 0.2812208
f 1027/2985/1027 1026/2967/1026 1014/1343/1014

usemtl material_2204
f 1014/1343/1014 1015/1433/1015 1027/2985/1027

usemtl material_2268
f 1027/2985/1027 1015/1433/1015 1016/1435/1016

usemtl material_207
f 1080/2968/1080 1073/1305/1073 1079/2969/1079

usemtl material_2269
vt 0.9748274 0.4126390
f 2829/2928/2829 2798/2839/2798 2790/2986/2790

usemtl material_765
f 2790/2986/2790 2798/2839/2798 2794/2943/2794

usemtl material_2270
vt 0.4836482 0.9304333
f 3467/2915/3467 3476/2947/3476 3479/2987/3479

usemtl material_653
f 3470/2946/3470 3457/2912/3457 3471/2970/3471

usemtl material_1075
f 3462/2971/3462 3453/2930/3453 3463/2973/3463

usemtl material_1996
vt 0.9298635 0.4039235
f 2802/1308/2802 2803/1307/2803 2785/2988/2785

usemtl material_2271
vt 0.0831747 0.8553836
f 4190/2949/4190 4270/2950/4270 4273/2989/4273

usemtl material_2272
vt 0.3780520 0.8628113
vt 0.3740706 0.8703824
vt 0.3817773 0.8693730
f 3934/2990/3934 3936/2991/3936 3932/2992/3932

usemtl material_2273
f 3919/2952/3919 3916/2932/3916 3915/2976/3915

usemtl material_2274
vt 0.4084572 0.8815317
f 3915/2976/3915 3917/2977/3917 3918/2993/3918

usemtl material_1139
vt 0.8444495 0.9041324
f 3265/1376/3265 3270/1402/3270 3271/2994/3271

usemtl material_1028
f 3372/1400/3372 3402/1468/3402 3377/1401/3377

usemtl material_2094
vt 0.8718802 0.4144685
f 2776/2995/2776 2835/2872/2835 2904/2919/2904

usemtl material_2275
f 3947/1437/3947 3951/1355/3951 3953/2953/3953

usemtl material_2276
vt 0.9878008 0.9374530
f 3947/1437/3947 3953/2953/3953 3956/2996/3956

usemtl material_2277
vt 0.2019611 0.9190056
f 4204/1383/4204 4123/2921/4123 4125/2997/4125

usemtl material_852
f 2955/2935/2955 2936/2785/2936 2973/2954/2973

usemtl material_2278
f 4125/2997/4125 4123/2921/4123 4124/2922/4124

usemtl material_1170
f 4295/1440/4295 4287/1323/4287 4298/1411/4298

usemtl material_1917
f 1708/1534/1708 1909/1370/1909 1889/1455/1889

usemtl material_1742
f 1856/1427/1856 1882/1299/1882 1852/1488/1852

usemtl material_111
vt 0.7354959 0.7588693
f 2340/2937/2340 2330/2900/2330 2317/2998/2317

usemtl material_2279
f 2317/2998/2317 2330/2900/2330 2318/2983/2318

usemtl material_1124
f 2319/1459/2319 2331/1458/2331 2308/2981/2308

usemtl material_485
f 2326/2938/2326 2329/2876/2329 2307/2982/2307

usemtl material_271
vt 0.7315007 0.6676160
f 2324/2939/2324 2328/2878/2328 2304/2999/2304

usemtl material_528
vt 0.7366013 0.6396782
f 2325/2960/2325 2337/2879/2337 2271/3000/2271

usemtl material_344
f 2271/3000/2271 2337/2879/2337 2336/1461/2336

usemtl material_697
vt 0.7318187 0.6335710
f 2271/3000/2271 2336/1461/2336 2270/3001/2270

usemtl material_1130
f 2270/3001/2270 2336/1461/2336 2345/1463/2345

usemtl material_108
f 2319/1459/2319 2318/2983/2318 2338/1460/2338

usemtl material_1686
f 2345/1463/2345 2496/1464/2496 2564/1671/2564

usemtl material_66
f 2593/1397/2593 2596/2942/2596 2595/1560/2595

usemtl material_94
f 2596/2942/2596 2597/2941/2597 2595/1560/2595

usemtl material_146
vt 0.7412282 0.0565991
f 2595/1560/2595 2603/2923/2603 2604/3002/2604

usemtl material_123
f 2604/3002/2604 2603/2923/2603 2615/2925/2615

usemtl material_2280
f 1029/2984/1029 1017/2907/1017 1021/2961/1021

usemtl material_2281
vt 0.4126264 0.2759147
f 1028/2962/1028 1022/2963/1022 1084/3003/1084

usemtl material_457
f 1084/3003/1084 1022/2963/1022 1023/2964/1023

usemtl material_894
vt 0.3128434 0.2777539
f 1023/2964/1023 1024/2965/1024 1085/3004/1085

usemtl material_2185
f 1085/3004/1085 1024/2965/1024 1025/2966/1025

usemtl material_2282
vt 0.1489834 0.2795635
f 1027/2985/1027 1016/1435/1016 1083/3005/1083

usemtl material_157
vt 0.1472603 0.2766548
f 1016/1435/1016 1080/2968/1080 1081/3006/1081

usemtl material_339
f 1083/3005/1083 1016/1435/1016 1081/3006/1081

usemtl material_851
vt 0.9785584 0.3838357
f 2988/2911/2988 2896/2887/2896 2828/3007/2828

usemtl material_2220
f 2828/3007/2828 2896/2887/2896 2829/2928/2829

usemtl material_1353
f 2795/2944/2795 2802/1308/2802 2796/1625/2796

usemtl material_682
vt 0.4781947 0.9297343
f 3480/3008/3480 3468/2945/3468 3467/2915/3467

usemtl material_2283
vt 0.4895305 0.9276408
f 3479/2987/3479 3476/2947/3476 3482/3009/3482

usemtl material_1351
vt 0.4479626 0.9310817
f 3471/2970/3471 3458/2929/3458 3472/3010/3472

usemtl material_682
f 3472/3010/3472 3458/2929/3458 3462/2971/3462

usemtl material_2284
f 4185/2972/4185 4186/2916/4186 4183/1582/4183

usemtl material_2285
vt 0.0741137 0.8638156
f 4183/1582/4183 4186/2916/4186 4191/3011/4191

usemtl material_2286
f 4191/3011/4191 4186/2916/4186 4190/2949/4190

usemtl material_1951
f 2796/1625/2796 2802/1308/2802 2785/2988/2785

usemtl material_2287
vt 0.3873732 0.8589738
f 3934/2990/3934 3932/2992/3932 3933/3012/3933

usemtl material_2288
vt 0.3926100 0.8644069
f 3932/2992/3932 3919/2952/3919 3931/3013/3931

usemtl material_1942
vt 0.9986060 0.6502236
vt 0.9862098 0.6510200
f 3421/3014/3421 3401/1470/3401 3416/3015/3416

usemtl material_932
f 3402/1468/3402 3372/1400/3372 3400/1469/3400

usemtl material_2289
f 2778/1521/2778 2777/2934/2777 2774/1630/2774

usemtl material_2094
f 2776/2995/2776 2777/2934/2777 2835/2872/2835
f 2776/2995/2776 2904/2919/2904 2846/2978/2846
vt 0.8371528 0.4307273
f 2914/2920/2914 2955/2935/2955 2917/3016/2917

usemtl material_2290
vt 0.1996155 0.9094036
f 4275/3017/4275 4204/1383/4204 4125/2997/4125

usemtl material_82
f 2878/2898/2878 2912/2851/2912 2978/2980/2978

usemtl material_2291
vt 0.7476766 0.4520862
f 2978/2980/2978 3019/2936/3019 3025/3018/3025

usemtl material_49
f 2146/1544/2146 2159/1423/2159 2125/1369/2125

usemtl material_192
f 2304/2999/2304 2328/2878/2328 2327/1431/2327

usemtl material_94
f 2590/2940/2590 2593/1397/2593 2594/1559/2594
f 2594/1559/2594 2593/1397/2593 2595/1560/2595

usemtl material_88
vt 0.7451940 0.0529801
f 2604/3002/2604 2615/2925/2615 2622/3019/2622

usemtl material_2292
vt 0.7302884 0.5931538
vt 0.7441049 0.5939091
vt 0.7438688 0.5541894
f 2499/3020/2499 2500/3021/2500 2501/3022/2501

usemtl material_157
vt 0.7518978 0.2095421
vt 0.7426961 0.2063646
f 2576/1515/2576 2574/3023/2574 2571/3024/2571

usemtl material_253
f 2571/3024/2571 2574/3023/2574 2573/1398/2573

usemtl material_724
vt 0.9878510 0.3914891
f 3024/2927/3024 2988/2911/2988 2984/3025/2984

usemtl material_1467
f 2984/3025/2984 2988/2911/2988 2828/3007/2828

usemtl material_654
vt 0.4339457 0.9240526
f 3478/3026/3478 3470/2946/3470 3471/2970/3471

usemtl material_682
f 3480/3008/3480 3467/2915/3467 3479/2987/3479
f 3490/1601/3490 3471/2970/3471 3472/3010/3472

usemtl material_2022
f 3482/3009/3482 3476/2947/3476 3500/2948/3500

usemtl material_1375
vt 0.4730834 0.9303272
f 3462/2971/3462 3463/2973/3463 3465/3027/3465
vt 0.4751654 0.9260103
f 3465/3027/3465 3463/2973/3463 3477/3028/3477

usemtl material_2293
vt 0.0780179 0.8627009
f 4190/2949/4190 4273/2989/4273 4274/3029/4274

usemtl material_2294
vt 0.3829311 0.8548197
f 3935/3030/3935 3934/2990/3934 3933/3012/3933

usemtl material_2295
f 3933/3012/3933 3932/2992/3932 3931/3013/3931

usemtl material_1190
vt 0.3971660 0.8689439
f 3919/2952/3919 3915/2976/3915 3930/3031/3930

usemtl material_2296
f 3931/3013/3931 3919/2952/3919 3930/3031/3930

usemtl material_2297
vt 0.9950114 0.6572449
f 3419/3032/3419 3421/3014/3421 3416/3015/3416

usemtl material_2298
f 3363/1518/3363 3400/1469/3400 3372/1400/3372

usemtl material_852
f 2785/2988/2785 2803/1307/2803 2779/1520/2779

usemtl material_1286
f 2774/1630/2774 2777/2934/2777 2776/2995/2776

usemtl material_2299
f 3963/1524/3963 3947/1437/3947 3956/2996/3956

usemtl material_2300
f 3963/1524/3963 3956/2996/3956 3966/1568/3966

usemtl material_852
vt 0.8182934 0.4380205
f 2956/3033/2956 2955/2935/2955 2973/2954/2973

usemtl material_1170
f 3593/1595/3593 3591/1485/3591 3590/1483/3590

usemtl material_1265
vt 0.6390305 0.2937562
f 4299/1484/4299 4295/1440/4295 4301/3034/4301

usemtl material_1996
vt 0.7867108 0.4500010
f 2940/3035/2940 2973/2954/2973 2939/2955/2939

usemtl material_813
vt 0.7235196 0.7274682
f 2308/2981/2308 2326/2938/2326 2300/3036/2300

usemtl material_1885
f 2300/3036/2300 2326/2938/2326 2307/2982/2307

usemtl material_53
vt 0.7266064 0.7101206
f 2299/3037/2299 2321/2957/2321 2320/2958/2320

usemtl material_10
vt 0.7288555 0.6873143
f 2320/2958/2320 2323/2959/2323 2302/3038/2302

usemtl material_1885
f 2302/3038/2302 2323/2959/2323 2324/2939/2324

usemtl material_87
vt 0.7288202 0.6774216
f 2302/3038/2302 2324/2939/2324 2303/3039/2303

usemtl material_364
f 2303/3039/2303 2324/2939/2324 2304/2999/2304

usemtl material_1305
vt 0.7290749 0.6621589
f 2304/2999/2304 2327/1431/2327 2305/3040/2305

usemtl material_760
f 2305/3040/2305 2327/1431/2327 2322/1430/2322

usemtl material_644
vt 0.7272383 0.6463857
f 2322/1430/2322 2325/2960/2325 2269/3041/2269

usemtl material_1124
f 2269/3041/2269 2325/2960/2325 2271/3000/2271

usemtl material_148
vt 0.7390743 0.1649255
f 2590/2940/2590 2594/1559/2594 2599/3042/2599

usemtl material_592
f 3357/1490/3357 3361/1394/3361 3356/1513/3356

usemtl material_1255
vt 0.7314185 0.6166867
f 2496/1464/2496 2497/1466/2497 2498/3043/2498

usemtl material_2301
f 2497/1466/2497 2500/3021/2500 2499/3020/2499

usemtl material_2302
f 2498/3043/2498 2497/1466/2497 2499/3020/2499

usemtl material_2303
vt 0.7306480 0.5667679
f 2502/3044/2502 2499/3020/2499 2501/3022/2501

usemtl material_2304
vt 0.7318017 0.5237945
f 2502/3044/2502 2501/3022/2501 2503/3045/2503

usemtl material_2305
vt 0.7426648 0.5055536
f 2503/3045/2503 2501/3022/2501 2504/3046/2504

usemtl material_2306
vt 0.7325871 0.4557929
f 2503/3045/2503 2504/3046/2504 2505/3047/2505

usemtl material_2307
vt 0.7459121 0.4442927
f 2505/3047/2505 2504/3046/2504 2506/3048/2506

usemtl material_2308
vt 0.7339937 0.4003949
vt 0.7449175 0.3959751
vt 0.7485309 0.3452060
f 2508/3049/2508 2507/3050/2507 2509/3051/2509

usemtl material_2309
vt 0.7343914 0.3473252
vt 0.7482773 0.3075756
f 2510/3052/2510 2509/3051/2509 2511/3053/2511

usemtl material_2310
vt 0.7351892 0.3014593
f 2510/3052/2510 2511/3053/2511 2512/3054/2512

usemtl material_173
f 2571/3024/2571 2573/1398/2573 2572/1514/2572

usemtl material_99
vt 0.9908420 0.3860228
f 3040/3055/3040 3024/2927/3024 2984/3025/2984

usemtl material_2311
vt 0.7486608 0.2540986
f 2511/3053/2511 2513/3056/2513 2512/3054/2512

usemtl material_2312
vt 0.7376529 0.2414525
f 2514/3057/2514 2513/3056/2513 2515/1517/2515

usemtl material_2313
f 2514/3057/2514 2515/1517/2515 2516/1516/2516

usemtl material_2314
vt 0.0639300 0.8576604
f 4213/3058/4213 4185/2972/4185 4182/1584/4182

usemtl material_682
vt 0.4581144 0.9281557
f 3472/3010/3472 3462/2971/3462 3466/3059/3466
f 3466/3059/3466 3462/2971/3462 3465/3027/3465

usemtl material_2315
f 4182/1584/4182 4185/2972/4185 4183/1582/4183

usemtl material_2316
vt 0.0773211 0.8618103
f 4191/3011/4191 4190/2949/4190 4260/3060/4260

usemtl material_2317
f 4260/3060/4260 4190/2949/4190 4274/3029/4274

usemtl material_2318
vt 0.0850969 0.8617545
vt 0.0902890 0.8630695
vt 0.0873573 0.8716531
f 4095/3061/4095 4096/3062/4096 4045/3063/4045

usemtl material_1746
vt 0.9802521 0.6576011
f 3416/3015/3416 3401/1470/3401 3398/3064/3398

usemtl material_2319
f 3398/3064/3398 3401/1470/3401 3400/1469/3400

usemtl material_2289
f 2775/1519/2775 2778/1521/2778 2774/1630/2774

usemtl material_1355
vt 0.8550990 0.4298421
f 2846/2978/2846 2914/2920/2914 2887/3065/2887

usemtl material_2094
f 2917/3016/2917 2955/2935/2955 2956/3033/2956

usemtl material_2320
f 3963/1524/3963 3966/1568/3966 3967/1567/3967

usemtl material_2321
vt 0.1984314 0.9196883
f 4276/3066/4276 4275/3017/4275 4125/2997/4125

usemtl material_852
f 2956/3033/2956 2973/2954/2973 2940/3035/2940

usemtl material_2322
vt 0.2099553 0.9296310
f 4125/2997/4125 4124/2922/4124 4126/3067/4126

usemtl material_1056
f 4300/1502/4300 4299/1484/4299 4301/3034/4301

usemtl material_2323
vt 0.7498140 0.4644241
f 2978/2980/2978 3025/3018/3025 3009/3068/3009

usemtl material_1997
f 1606/1535/1606 1708/1534/1708 1889/1455/1889

usemtl material_2324
vt 0.7279220 0.7650892
vt 0.7252343 0.7616328
f 2415/3069/2415 2340/2937/2340 2316/3070/2316

usemtl material_2325
f 2316/3070/2316 2340/2937/2340 2317/2998/2317

usemtl material_186
vt 0.7256943 0.7382291
f 2301/3071/2301 2308/2981/2308 2300/3036/2300

usemtl material_149
f 2307/2982/2307 2321/2957/2321 2299/3037/2299

usemtl material_644
vt 0.7271985 0.7004223
f 2299/3037/2299 2320/2958/2320 2298/3072/2298

usemtl material_88
f 2298/3072/2298 2320/2958/2320 2302/3038/2302

usemtl material_344
vt 0.7283295 0.6503498
f 2305/3040/2305 2322/1430/2322 2272/3073/2272

usemtl material_186
f 2272/3073/2272 2322/1430/2322 2269/3041/2269

usemtl material_672
f 2269/3041/2269 2271/3000/2271 2270/3001/2270

usemtl material_148
f 2588/1489/2588 2590/2940/2590 2602/1561/2602
f 2602/1561/2602 2590/2940/2590 2599/3042/2599

usemtl material_182
f 2599/3042/2599 2594/1559/2594 2600/1558/2600

usemtl material_58
vt 0.7396528 0.0635548
f 2600/1558/2600 2595/1560/2595 2601/3074/2601

usemtl material_40
f 2601/3074/2601 2595/1560/2595 2604/3002/2604

usemtl material_2326
f 2505/3047/2505 2506/3048/2506 2507/3050/2507

usemtl material_2327
f 2505/3047/2505 2507/3050/2507 2508/3049/2508

usemtl material_2328
f 2510/3052/2510 2508/3049/2508 2509/3051/2509

usemtl material_339
vt 0.7299960 0.2104425
f 2569/3075/2569 2576/1515/2576 2571/3024/2571

usemtl material_2311
f 2512/3054/2512 2513/3056/2513 2514/3057/2514

usemtl material_592
f 3358/1491/3358 3362/1432/3362 3357/1490/3357

usemtl material_1075
f 3478/3026/3478 3471/2970/3471 3483/1600/3483

usemtl material_682
f 3483/1600/3483 3471/2970/3471 3490/1601/3490

usemtl material_874
f 3468/2945/3468 3480/3008/3480 3481/1617/3481

usemtl material_682
f 3576/1494/3576 3575/1372/3575 3578/1623/3578

usemtl material_874
f 3490/1601/3490 3472/3010/3472 3484/1602/3484

usemtl material_1351
vt 0.4580623 0.9185880
f 3472/3010/3472 3466/3059/3466 3474/3076/3474

usemtl material_1090
vt 0.9912191 0.6653821
f 3410/3077/3410 3419/3032/3419 3416/3015/3416

usemtl material_558
f 3410/3077/3410 3416/3015/3416 3398/3064/3398

usemtl material_2329
f 3398/3064/3398 3400/1469/3400 3397/1692/3397

usemtl material_2330
f 3397/1692/3397 3400/1469/3400 3363/1518/3363

usemtl material_2094
f 2774/1630/2774 2776/2995/2776 2762/1631/2762

usemtl material_1286
f 2887/3065/2887 2914/2920/2914 2917/3016/2917

usemtl material_2331
vt 0.1990082 0.9228121
f 4276/3066/4276 4125/2997/4125 4240/3078/4240

usemtl material_2332
f 4296/1327/4296 4315/1326/4315 4324/1598/4324

usemtl material_1312
vt 0.7558516 0.4694636
f 2878/2898/2878 2978/2980/2978 2976/3079/2976

usemtl material_33
vt 0.7159446 0.7519222
f 2316/3070/2316 2317/2998/2317 2310/3080/2310

usemtl material_348
f 2310/3080/2310 2317/2998/2317 2318/2983/2318

usemtl material_2333
f 2310/3080/2310 2318/2983/2318 2319/1459/2319

usemtl material_2334
f 2319/1459/2319 2308/2981/2308 2301/3071/2301

usemtl material_192
f 2300/3036/2300 2307/2982/2307 2299/3037/2299

usemtl material_384
vt 0.7192859 0.6299533
f 2341/3081/2341 2345/1463/2345 2564/1671/2564

usemtl material_383
f 2564/1671/2564 2496/1464/2496 2498/3043/2498

usemtl material_2220
vt 0.9864257 0.3989531
f 2984/3025/2984 2828/3007/2828 2906/3082/2906

usemtl material_1208
f 3480/3008/3480 3479/2987/3479 3485/1618/3485
f 3481/1617/3481 3480/3008/3480 3485/1618/3485

usemtl material_2335
vt 0.4894220 0.9165922
f 3485/1618/3485 3479/2987/3479 3486/3083/3486

usemtl material_2336
f 3486/3083/3486 3479/2987/3479 3482/3009/3482

usemtl material_2337
vt 0.0580877 0.8652894
f 4214/3084/4214 4213/3058/4213 4182/1584/4182

usemtl material_682
vt 0.4743790 0.9187219
f 3466/3059/3466 3465/3027/3465 3473/3085/3473

usemtl material_1375
f 3473/3085/3473 3465/3027/3465 3477/3028/3477

usemtl material_2338
f 4180/1583/4180 4183/1582/4183 4191/3011/4191

usemtl material_2339
vt 0.0834014 0.8713478
f 4091/3086/4091 4095/3061/4095 4045/3063/4045

usemtl material_2340
f 3397/1692/3397 3363/1518/3363 3360/1585/3360

usemtl material_2094
f 2785/2988/2785 2779/1520/2779 2775/1519/2775

usemtl material_2341
vt 0.8713176 0.4356658
f 2762/1631/2762 2776/2995/2776 2763/3087/2763
f 2763/3087/2763 2776/2995/2776 2846/2978/2846

usemtl material_1355
f 2763/3087/2763 2846/2978/2846 2887/3065/2887

usemtl material_2342
vt 0.2560409 0.8185976
vt 0.2560409 0.8450204
vt 0.2551115 0.8348070
f 3668/3088/3668 3669/3089/3669 3670/3090/3670

usemtl material_682
f 4300/1502/4300 4301/3034/4301 4306/1611/4306

usemtl material_2343
f 4126/3067/4126 4124/2922/4124 4134/1328/4134

usemtl material_2067
vt 0.2125079 0.9414515
f 4126/3067/4126 4134/1328/4134 4130/3091/4130

usemtl material_682
f 4306/1611/4306 4301/3034/4301 4295/1440/4295

usemtl material_2344
f 2940/3035/2940 2939/2955/2939 2898/2956/2898

usemtl material_1930
vt 0.7803247 0.4848262
f 2898/2956/2898 2877/2830/2877 2875/3092/2875

usemtl material_765
f 2875/3092/2875 2877/2830/2877 2876/2979/2876

usemtl material_82
vt 0.7597183 0.4668497
f 2876/2979/2876 2878/2898/2878 2897/3093/2897
f 2897/3093/2897 2878/2898/2878 2976/3079/2976

usemtl material_147
f 2976/3079/2976 2978/2980/2978 3009/3068/3009

usemtl material_2345
vt 0.7153148 0.6345080
f 2269/3041/2269 2270/3001/2270 2264/3094/2264

usemtl material_2346
f 2514/3057/2514 2516/1516/2516 2526/1615/2526

usemtl material_20
vt 0.7282641 0.2065998
f 2569/3075/2569 2571/3024/2571 2570/3095/2570

usemtl material_661
f 3489/1676/3489 3478/3026/3478 3483/1600/3483

usemtl material_1351
f 3489/1676/3489 3483/1600/3483 3495/1620/3495

usemtl material_653
f 3484/1602/3484 3472/3010/3472 3474/3076/3474
f 3582/1603/3582 3576/1494/3576 3584/1628/3584
f 3466/3059/3466 3473/3085/3473 3474/3076/3474

usemtl material_2347
vt 0.0705688 0.8739707
f 4191/3011/4191 4260/3060/4260 4203/3096/4203

usemtl material_2348
f 4203/3096/4203 4260/3060/4260 4274/3029/4274

usemtl material_2349
vt 0.3892943 0.8419765
vt 0.3914241 0.8438659
f 3939/3097/3939 3935/3030/3935 3938/3098/3938

usemtl material_2350
f 3935/3030/3935 3933/3012/3933 3938/3098/3938

usemtl material_2351
vt 0.3995872 0.8496724
f 3938/3098/3938 3933/3012/3933 3937/3099/3937

usemtl material_2352
f 3933/3012/3933 3931/3013/3931 3937/3099/3937

usemtl material_2353
vt 0.3990146 0.8555710
f 3937/3099/3937 3931/3013/3931 3943/3100/3943

usemtl material_2150
vt 0.9868172 0.6708658
f 3409/3101/3409 3410/3077/3410 3398/3064/3398

usemtl material_1355
vt 0.9072150 0.4297792
f 2771/3102/2771 2775/1519/2775 2774/1630/2774

usemtl material_1286
vt 0.8487617 0.4458448
f 2887/3065/2887 2917/3016/2917 2910/3103/2910
vt 0.8347834 0.4492041
f 2910/3103/2910 2917/3016/2917 2935/3104/2935
f 2935/3104/2935 2917/3016/2917 2956/3033/2956

usemtl material_2341
vt 0.8075774 0.4545376
f 2956/3033/2956 2940/3035/2940 2963/3105/2963

usemtl material_2354
vt 0.1992586 0.9332668
f 4240/3078/4240 4125/2997/4125 4127/3106/4127

usemtl material_2355
f 4125/2997/4125 4126/3067/4126 4127/3106/4127

usemtl material_1408
f 4300/1502/4300 4306/1611/4306 4307/1608/4307

usemtl material_2356
vt 0.2066299 0.9507067
f 4126/3067/4126 4130/3091/4130 4128/3107/4128

usemtl material_2137
f 1606/1535/1606 1889/1455/1889 1935/1767/1935

usemtl material_1116
f 1935/1767/1935 1889/1455/1889 1773/1557/1773

usemtl material_10
vt 0.7144428 0.6679497
f 2303/3039/2303 2304/2999/2304 2280/3108/2280

usemtl material_1397
vt 0.7139946 0.7451163
f 2309/3109/2309 2319/1459/2319 2301/3071/2301

usemtl material_648
vt 0.7133478 0.7292253
f 2301/3071/2301 2300/3036/2300 2288/3110/2288

usemtl material_88
vt 0.7141942 0.6929836
f 2298/3072/2298 2302/3038/2302 2284/3111/2284

usemtl material_11
vt 0.7140788 0.6802123
f 2282/3112/2282 2302/3038/2302 2303/3039/2303

usemtl material_405
vt 0.7148526 0.6630678
f 2304/2999/2304 2305/3040/2305 2277/3113/2277

usemtl material_2357
f 2277/3113/2277 2305/3040/2305 2272/3073/2272

usemtl material_353
vt 0.7149677 0.6508481
f 2277/3113/2277 2272/3073/2272 2278/3114/2278

usemtl material_2358
f 2270/3001/2270 2345/1463/2345 2341/3081/2341

usemtl material_248
vt 0.7242205 0.1904514
f 2608/3115/2608 2602/1561/2602 2599/3042/2599

usemtl material_40
vt 0.7268825 0.0615076
f 2601/3074/2601 2604/3002/2604 2606/3116/2606

usemtl material_146
vt 0.7268002 0.0530102
f 2606/3116/2606 2604/3002/2604 2617/3117/2617

usemtl material_2359
f 2564/1671/2564 2498/3043/2498 2517/1672/2517

usemtl material_360
f 2575/1675/2575 2572/1514/2572 2602/1561/2602

usemtl material_1
f 2604/3002/2604 2622/3019/2622 2617/3117/2617

usemtl material_2360
f 2517/1672/2517 2498/3043/2498 2499/3020/2499

usemtl material_2361
vt 0.7173747 0.5230041
f 2520/3118/2520 2502/3044/2502 2503/3045/2503

usemtl material_2362
vt 0.7192073 0.4364085
f 2518/3119/2518 2505/3047/2505 2508/3049/2508

usemtl material_2363
vt 0.7202317 0.3816702
f 2519/3120/2519 2508/3049/2508 2510/3052/2510

usemtl material_2364
vt 0.7210245 0.3463206
f 2510/3052/2510 2512/3054/2512 2522/3121/2522

usemtl material_390
f 2526/1615/2526 2576/1515/2576 2569/3075/2569

usemtl material_58
f 2570/3095/2570 2571/3024/2571 2572/1514/2572

usemtl material_648
vt 0.9972651 0.4051387
f 3040/3055/3040 2984/3025/2984 3028/3122/3028

usemtl material_2269
f 2790/2986/2790 2828/3007/2828 2829/2928/2829

usemtl material_809
f 2794/2943/2794 2795/2944/2795 2788/1627/2788

usemtl material_695
f 2790/2986/2790 2794/2943/2794 2788/1627/2788

usemtl material_1265
f 3497/1616/3497 3485/1618/3485 3491/1733/3491

usemtl material_2365
f 3491/1733/3491 3485/1618/3485 3486/3083/3486

usemtl material_1353
f 2795/2944/2795 2796/1625/2796 2788/1627/2788

usemtl material_2366
f 4181/1737/4181 4214/3084/4214 4182/1584/4182

usemtl material_653
f 3484/1602/3484 3474/3076/3474 3487/1688/3487

usemtl material_1951
f 2796/1625/2796 2785/2988/2785 2782/1626/2782

usemtl material_2367
f 4180/1583/4180 4191/3011/4191 4203/3096/4203

usemtl material_2368
vt 0.0843024 0.8800064
f 4091/3086/4091 4045/3063/4045 4042/3123/4042

usemtl material_2369
vt 0.0872404 0.8790398
f 4042/3123/4042 4045/3063/4045 4043/3124/4043

usemtl material_2329
f 3394/1693/3394 3397/1692/3397 3360/1585/3360

usemtl material_458
f 3395/1691/3395 3398/3064/3398 3397/1692/3397

usemtl material_662
f 100/1629/100 26/1257/26 103/1375/103

usemtl material_1355
f 2771/3102/2771 2774/1630/2774 2768/1632/2768

usemtl material_2289
vt 0.8628179 0.4434592
f 2763/3087/2763 2887/3065/2887 2865/3125/2865

usemtl material_2370
f 2865/3125/2865 2887/3065/2887 2910/3103/2910

usemtl material_2371
vt 0.7755576 0.3028375
f 3984/1636/3984 3987/1635/3987 3986/3126/3986

usemtl material_2372
vt 0.1944122 0.9380924
f 4240/3078/4240 4127/3106/4127 4200/3127/4200

usemtl material_2373
f 1935/1767/1935 1773/1557/1773 1769/1769/1769

usemtl material_366
vt 0.7136649 0.7051193
f 2299/3037/2299 2298/3072/2298 2287/3128/2287

usemtl material_440
f 2284/3111/2284 2302/3038/2302 2282/3112/2282

usemtl material_2374
vt 0.7126372 0.7618744
f 2415/3069/2415 2316/3070/2316 2313/3129/2313

usemtl material_287
vt 0.7135789 0.7395365
f 2309/3109/2309 2301/3071/2301 2290/3130/2290

usemtl material_344
f 2290/3130/2290 2301/3071/2301 2288/3110/2288

usemtl material_287
vt 0.7148123 0.6466246
f 2263/3131/2263 2269/3041/2269 2264/3094/2264

usemtl material_2176
f 2264/3094/2264 2270/3001/2270 2341/3081/2341

usemtl material_83
f 2341/3081/2341 2564/1671/2564 2565/1673/2565

usemtl material_248
f 2611/1674/2611 2602/1561/2602 2608/3115/2608

usemtl material_179
vt 0.7264128 0.1507156
f 2608/3115/2608 2599/3042/2599 2607/3132/2607

usemtl material_176
vt 0.7266171 0.1006814
f 2607/3132/2607 2599/3042/2599 2605/3133/2605
f 2599/3042/2599 2600/1558/2600 2605/3133/2605

usemtl material_148
f 2605/3133/2605 2600/1558/2600 2601/3074/2601
f 2605/3133/2605 2601/3074/2601 2606/3116/2606

usemtl material_2375
vt 0.7152186 0.5929858
f 2523/3134/2523 2499/3020/2499 2502/3044/2502

usemtl material_2376
vt 0.7153881 0.5674132
f 2502/3044/2502 2520/3118/2520 2521/3135/2521

usemtl material_2377
f 2520/3118/2520 2503/3045/2503 2505/3047/2505

usemtl material_2378
f 2520/3118/2520 2505/3047/2505 2518/3119/2518

usemtl material_2379
f 2518/3119/2518 2508/3049/2508 2519/3120/2519

usemtl material_2380
f 2519/3120/2519 2510/3052/2510 2522/3121/2522

usemtl material_2381
vt 0.7219045 0.3002611
f 2522/3121/2522 2512/3054/2512 2525/3136/2525

usemtl material_2311
vt 0.7237014 0.2418103
f 2512/3054/2512 2514/3057/2514 2524/3137/2524

usemtl material_207
f 2570/3095/2570 2572/1514/2572 2575/1675/2575

usemtl material_1926
vt 0.9935186 0.4137203
f 3028/3122/3028 2984/3025/2984 2969/3138/2969

usemtl material_1467
f 2969/3138/2969 2984/3025/2984 2906/3082/2906

usemtl material_2382
vt 0.5348513 0.3521320
vt 0.5446921 0.3551829
vt 0.5576060 0.3542308
f 3659/3139/3659 3662/3140/3662 3655/3141/3655

usemtl material_874
f 3498/1732/3498 3497/1616/3497 3491/1733/3491

usemtl material_2365
vt 0.4861893 0.9029471
f 3491/1733/3491 3486/3083/3486 3492/3142/3492

usemtl material_2383
vt 0.4902416 0.9035544
f 3492/3142/3492 3486/3083/3486 3496/3143/3496

usemtl material_2337
vt 0.0516245 0.8743826
f 4202/3144/4202 4214/3084/4214 4181/1737/4181

usemtl material_874
f 3506/1680/3506 3501/1619/3501 3487/1688/3487

usemtl material_653
f 3487/1688/3487 3474/3076/3474 3473/3085/3473

usemtl material_980
f 3487/1688/3487 3473/3085/3473 3488/1740/3488

usemtl material_2384
f 4180/1583/4180 4181/1737/4181 4182/1584/4182

usemtl material_2385
vt 0.3941176 0.8335997
f 3939/3097/3939 3938/3098/3938 3941/3145/3941

usemtl material_2386
vt 0.3996322 0.8396236
f 3938/3098/3938 3937/3099/3937 3940/3146/3940

usemtl material_2387
vt 0.0802430 0.8752019
f 4090/3147/4090 4091/3086/4091 4042/3123/4042

usemtl material_2333
f 3409/3101/3409 3398/3064/3398 3395/1691/3395

usemtl material_852
f 2782/1626/2782 2785/2988/2785 2775/1519/2775

usemtl material_2094
f 2935/3104/2935 2956/3033/2956 2963/3105/2963

usemtl material_2388
f 4127/3106/4127 4126/3067/4126 4128/3107/4128

usemtl material_661
vt 0.7523234 0.5882505
f 4344/3148/4344 4343/1754/4343 4342/1756/4342

usemtl material_96
f 1783/1662/1783 1825/1552/1825 1822/1551/1822

usemtl material_204
f 2300/3036/2300 2299/3037/2299 2288/3110/2288

usemtl material_485
f 2288/3110/2288 2299/3037/2299 2287/3128/2287

usemtl material_644
f 2287/3128/2287 2298/3072/2298 2284/3111/2284

usemtl material_146
f 2282/3112/2282 2303/3039/2303 2280/3108/2280

usemtl material_2389
vt 0.7143043 0.7653791
f 2435/3149/2435 2415/3069/2415 2313/3129/2313

usemtl material_155
f 2313/3129/2313 2316/3070/2316 2310/3080/2310

usemtl material_406
f 2310/3080/2310 2319/1459/2319 2309/3109/2309

usemtl material_344
f 2280/3108/2280 2304/2999/2304 2277/3113/2277

usemtl material_343
f 2278/3114/2278 2272/3073/2272 2263/3131/2263

usemtl material_1124
f 2272/3073/2272 2269/3041/2269 2263/3131/2263

usemtl material_768
f 3351/1614/3351 3356/1513/3356 3355/1807/3355

usemtl material_46
vt 0.7216627 0.2088901
f 2569/3075/2569 2570/3095/2570 2568/3150/2568

usemtl material_2390
f 2517/1672/2517 2499/3020/2499 2523/3134/2523

usemtl material_2391
f 2523/3134/2523 2502/3044/2502 2521/3135/2521

usemtl material_2392
f 2525/3136/2525 2512/3054/2512 2524/3137/2524

usemtl material_2393
f 2524/3137/2524 2514/3057/2514 2526/1615/2526

usemtl material_1590
f 2526/1615/2526 2569/3075/2569 2568/3150/2568

usemtl material_2220
vt 0.9904531 0.4348209
f 2906/3082/2906 2828/3007/2828 2827/3151/2827

usemtl material_2012
f 2827/3151/2827 2828/3007/2828 2790/2986/2790

usemtl material_2394
vt 0.5363691 0.3487207
f 3653/3152/3653 3659/3139/3659 3655/3141/3655

usemtl material_1606
vt 0.5686365 0.3530405
f 3653/3152/3653 3655/3141/3655 3651/3153/3651

usemtl material_682
vt 0.4648323 0.9031188
f 3493/3154/3493 3494/1731/3494 3491/1733/3491

usemtl material_1056
f 3493/3154/3493 3491/1733/3491 3492/3142/3492

usemtl material_2395
f 4202/3144/4202 4181/1737/4181 4193/1739/4193

usemtl material_2396
f 4179/1738/4179 4181/1737/4181 4180/1583/4180

usemtl material_2397
f 3941/3145/3941 3938/3098/3938 3940/3146/3940

usemtl material_2398
vt 0.4054011 0.8410707
f 3940/3146/3940 3937/3099/3937 3942/3155/3942

usemtl material_2399
vt 0.0789474 0.8843634
f 4080/3156/4080 4090/3147/4090 4042/3123/4042

usemtl material_1089
f 3394/1693/3394 3360/1585/3360 3354/1689/3354

usemtl material_1355
vt 0.9180869 0.4321379
f 2772/3157/2772 2775/1519/2775 2771/3102/2771

usemtl material_1403
f 107/1744/107 87/1498/87 114/1564/114

usemtl material_2400
vt 0.1950833 0.9486791
f 4200/3127/4200 4127/3106/4127 4129/3158/4129

usemtl material_2401
f 4129/3158/4129 4127/3106/4127 4128/3107/4128

usemtl material_2402
vt 0.2110378 0.9504562
f 4128/3107/4128 4130/3091/4130 4131/3159/4131

usemtl material_2403
vt 0.7878097 0.4671727
f 2963/3105/2963 2940/3035/2940 2919/3160/2919

usemtl material_2404
vt 0.2141000 0.9510650
f 4131/3159/4131 4130/3091/4130 4218/3161/4218

usemtl material_1132
f 2940/3035/2940 2898/2956/2898 2919/3160/2919

usemtl material_1943
f 2919/3160/2919 2898/2956/2898 2875/3092/2875

usemtl material_2405
f 1772/1664/1772 1829/1555/1829 1793/1670/1793

usemtl material_347
f 2568/3150/2568 2570/3095/2570 2575/1675/2575

usemtl material_2406
vt 0.5573307 0.3489184
f 3653/3152/3653 3651/3153/3651 3650/3162/3650

usemtl material_1056
vt 0.5894689 0.3530011
f 3650/3162/3650 3651/3153/3651 3647/3163/3647

usemtl material_2407
vt 0.0645503 0.8889178
f 4179/1738/4179 4180/1583/4180 4178/3164/4178

usemtl material_2408
f 4178/3164/4178 4180/1583/4180 4203/3096/4203

usemtl material_2409
vt 0.0676366 0.8826856
f 4178/3164/4178 4203/3096/4203 4078/3165/4078

usemtl material_2341
f 2782/1626/2782 2775/1519/2775 2772/3157/2772
vt 0.8722718 0.4473600
f 2762/1631/2762 2763/3087/2763 2764/3166/2764

usemtl material_1355
f 2763/3087/2763 2865/3125/2865 2764/3166/2764

usemtl material_2094
vt 0.8099616 0.4718521
f 2935/3104/2935 2963/3105/2963 2962/3167/2962

usemtl material_82
vt 0.7728149 0.4915749
f 2874/3168/2874 2876/2979/2876 2897/3093/2897

usemtl material_1220
vt 0.7010888 0.7244030
f 2286/3169/2286 2288/3110/2288 2287/3128/2287

usemtl material_528
vt 0.7016428 0.7043474
f 2285/3170/2285 2287/3128/2287 2284/3111/2284

usemtl material_485
vt 0.7017737 0.6671790
f 2280/3108/2280 2277/3113/2277 2279/3171/2279

usemtl material_88
vt 0.7016528 0.6502675
f 2278/3114/2278 2263/3131/2263 2273/3172/2273

usemtl material_1305
vt 0.7009320 0.6461111
f 2263/3131/2263 2264/3094/2264 2265/3173/2265

usemtl material_210
vt 0.7043733 0.6297234
f 2264/3094/2264 2341/3081/2341 2364/3174/2364

usemtl material_262
f 2364/3174/2364 2341/3081/2341 2565/1673/2565

usemtl material_179
vt 0.7160628 0.1699481
f 2609/3175/2609 2608/3115/2608 2607/3132/2607

usemtl material_148
vt 0.7155427 0.1078756
f 2607/3132/2607 2605/3133/2605 2610/3176/2610

usemtl material_2410
vt 0.7034956 0.6153468
f 2537/3177/2537 2517/1672/2517 2523/3134/2523

usemtl material_2411
vt 0.7093596 0.2141533
f 2531/3178/2531 2526/1615/2526 2568/3150/2568

usemtl material_1606
vt 0.5364048 0.3417325
vt 0.5474069 0.3447176
f 3654/3179/3654 3653/3152/3653 3652/3180/3652

usemtl material_2412
f 3653/3152/3653 3650/3162/3650 3652/3180/3652

usemtl material_1170
vt 0.5700740 0.3477213
f 3652/3180/3652 3650/3162/3650 3649/3181/3649

usemtl material_1614
f 3649/3181/3649 3650/3162/3650 3647/3163/3647

usemtl material_1074
vt 0.5787661 0.3465372
f 3649/3181/3649 3647/3163/3647 3648/3182/3648

usemtl material_2413
vt 0.5903938 0.3466899
f 3648/3182/3648 3647/3163/3647 3644/3183/3644

usemtl material_2414
vt 0.5937757 0.3527300
f 3647/3163/3647 3646/3184/3646 3644/3183/3644

usemtl material_1353
vt 0.9612085 0.4298365
f 2787/3185/2787 2788/1627/2788 2782/1626/2782

usemtl material_2415
vt 0.4046878 0.8267276
f 3941/3145/3941 3940/3146/3940 3945/3186/3945

usemtl material_2416
vt 0.0669744 0.8869956
vt 0.0713748 0.8940263
f 4077/3187/4077 4078/3165/4078 4074/3188/4074

usemtl material_2417
vt 0.0828932 0.8922059
f 4080/3156/4080 4042/3123/4042 4089/3189/4089

usemtl material_2418
vt 0.0837561 0.8931985
f 4042/3123/4042 4043/3124/4043 4044/3190/4044

usemtl material_2419
vt 0.9845324 0.6843183
vt 0.9864037 0.6727599
vt 0.9826296 0.6846693
f 3418/3191/3418 3423/3192/3423 3406/3193/3406

usemtl material_1267
f 3406/3193/3406 3409/3101/3409 3395/1691/3395

usemtl material_489
vt 0.9723599 0.6788064
f 3406/3193/3406 3395/1691/3395 3393/3194/3393

usemtl material_124
f 3393/3194/3393 3395/1691/3395 3394/1693/3394

usemtl material_408
f 3394/1693/3394 3354/1689/3354 3329/1817/3329

usemtl material_1996
vt 0.9383458 0.4346609
f 2781/3195/2781 2782/1626/2782 2772/3157/2772

usemtl material_2289
vt 0.8942428 0.4435052
f 2771/3102/2771 2768/1632/2768 2767/3196/2767

usemtl material_1355
f 2768/1632/2768 2762/1631/2762 2767/3196/2767

usemtl material_1286
vt 0.8509417 0.4629283
f 2916/3197/2916 2910/3103/2910 2935/3104/2935

usemtl material_2420
vt 0.1826202 0.9602782
vt 0.1882834 0.9552318
f 4246/3198/4246 4200/3127/4200 4135/3199/4135

usemtl material_2421
f 3984/1636/3984 3986/3126/3986 3985/1925/3985

usemtl material_2422
f 4135/3199/4135 4200/3127/4200 4129/3158/4129

usemtl material_2423
f 2962/3167/2962 2963/3105/2963 2919/3160/2919

usemtl material_2424
vt 0.2052666 0.9586284
f 4132/3200/4132 4131/3159/4131 4218/3161/4218

usemtl material_765
f 2875/3092/2875 2876/2979/2876 2874/3168/2874

usemtl material_82
vt 0.7658105 0.4900808
f 2915/3201/2915 2897/3093/2897 2976/3079/2976

usemtl material_1965
vt 0.7563016 0.4897293
f 2976/3079/2976 3009/3068/3009 3006/3202/3006

usemtl material_2425
f 1620/1795/1620 1935/1767/1935 1870/1800/1870

usemtl material_174
vt 0.7021435 0.7406231
vt 0.7017695 0.7300230
f 2291/3203/2291 2290/3130/2290 2289/3204/2289

usemtl material_788
f 2289/3204/2289 2288/3110/2288 2286/3169/2286

usemtl material_2426
f 2286/3169/2286 2287/3128/2287 2285/3170/2285

usemtl material_267
vt 0.6997575 0.6923400
f 2285/3170/2285 2284/3111/2284 2283/3205/2283

usemtl material_1862
f 2284/3111/2284 2282/3112/2282 2283/3205/2283

usemtl material_66
vt 0.7003723 0.6774811
f 2283/3205/2283 2282/3112/2282 2281/3206/2281

usemtl material_75
f 2282/3112/2282 2280/3108/2280 2281/3206/2281

usemtl material_10
f 2281/3206/2281 2280/3108/2280 2279/3171/2279

usemtl material_2427
vt 0.7002011 0.7626854
f 2312/3207/2312 2435/3149/2435 2313/3129/2313

usemtl material_1837
f 2312/3207/2312 2313/3129/2313 2310/3080/2310

usemtl material_2428
vt 0.6995035 0.7520612
f 2312/3207/2312 2310/3080/2310 2311/3208/2311

usemtl material_406
vt 0.6949204 0.7448823
f 2310/3080/2310 2309/3109/2309 2306/3209/2306

usemtl material_69
f 2309/3109/2309 2290/3130/2290 2291/3203/2291

usemtl material_205
f 2306/3209/2306 2309/3109/2309 2291/3203/2291

usemtl material_764
f 2290/3130/2290 2288/3110/2288 2289/3204/2289

usemtl material_1397
vt 0.7005733 0.6622842
f 2279/3171/2279 2277/3113/2277 2275/3210/2275

usemtl material_344
f 2277/3113/2277 2278/3114/2278 2273/3172/2273

usemtl material_1464
f 2275/3210/2275 2277/3113/2277 2273/3172/2273

usemtl material_611
f 2273/3172/2273 2263/3131/2263 2265/3173/2265

usemtl material_1195
vt 0.7008935 0.6333069
f 2265/3173/2265 2264/3094/2264 2266/3211/2266

usemtl material_383
vt 0.7021335 0.6216236
f 2364/3174/2364 2565/1673/2565 2566/3212/2566

usemtl material_248
f 2611/1674/2611 2608/3115/2608 2612/1868/2612

usemtl material_179
f 2612/1868/2612 2608/3115/2608 2609/3175/2609

usemtl material_58
f 2609/3175/2609 2607/3132/2607 2610/3176/2610

usemtl material_148
f 2610/3176/2610 2605/3133/2605 2606/3116/2606

usemtl material_58
vt 0.7147685 0.0600989
f 2610/3176/2610 2606/3116/2606 2614/3213/2614

usemtl material_149
f 2614/3213/2614 2606/3116/2606 2617/3117/2617

usemtl material_646
f 2577/1869/2577 2575/1675/2575 2611/1674/2611

usemtl material_2429
vt 0.7013626 0.5929361
f 2537/3177/2537 2523/3134/2523 2538/3214/2538

usemtl material_2430
vt 0.7019902 0.5668226
f 2538/3214/2538 2523/3134/2523 2536/3215/2536

usemtl material_2431
f 2536/3215/2536 2523/3134/2523 2521/3135/2521

usemtl material_2432
f 2521/3135/2521 2520/3118/2520 2536/3215/2536

usemtl material_2433
vt 0.7031112 0.5327122
f 2536/3215/2536 2520/3118/2520 2535/3216/2535

usemtl material_2434
vt 0.7043830 0.4737946
f 2535/3216/2535 2520/3118/2520 2534/3217/2534

usemtl material_2435
f 2520/3118/2520 2518/3119/2518 2534/3217/2534

usemtl material_2436
vt 0.7044477 0.4192794
f 2518/3119/2518 2519/3120/2519 2532/3218/2532

usemtl material_2437
vt 0.7061052 0.3688579
f 2519/3120/2519 2522/3121/2522 2533/3219/2533

usemtl material_2438
vt 0.7064816 0.3440086
f 2533/3219/2533 2522/3121/2522 2528/3220/2528

usemtl material_2439
vt 0.7065553 0.2947463
f 2522/3121/2522 2525/3136/2525 2527/3221/2527

usemtl material_2440
f 2525/3136/2525 2524/3137/2524 2527/3221/2527

usemtl material_2441
vt 0.7083198 0.2627382
f 2527/3221/2527 2524/3137/2524 2529/3222/2529

usemtl material_2281
vt 0.7077562 0.2318920
f 2529/3222/2529 2524/3137/2524 2530/3223/2530

usemtl material_2442
f 2524/3137/2524 2526/1615/2526 2530/3223/2530

usemtl material_2443
f 2530/3223/2530 2526/1615/2526 2531/3178/2531

usemtl material_0
f 2568/3150/2568 2575/1675/2575 2577/1869/2577

usemtl material_440
vt 0.7101487 0.2059987
f 2578/3224/2578 2568/3150/2568 2577/1869/2577

usemtl material_2444
vt 0.9922322 0.4296615
f 2969/3138/2969 2906/3082/2906 2943/3225/2943

usemtl material_2445
f 2943/3225/2943 2906/3082/2906 2827/3151/2827

usemtl material_2446
f 3327/1776/3327 3351/1614/3351 3328/1855/3328

usemtl material_732
vt 0.5373356 0.3347646
vt 0.5410696 0.3369504
f 3638/3226/3638 3654/3179/3654 3640/3227/3640

usemtl material_682
vt 0.5459893 0.3425844
f 3654/3179/3654 3652/3180/3652 3656/3228/3656
f 3640/3227/3640 3654/3179/3654 3656/3228/3656

usemtl material_1614
f 3652/3180/3652 3649/3181/3649 3656/3228/3656

usemtl material_1074
f 3656/3228/3656 3649/3181/3649 3648/3182/3648

usemtl material_1614
vt 0.5699043 0.3428308
f 3665/3229/3665 3656/3228/3656 3648/3182/3648

usemtl material_2447
vt 0.5944285 0.3404974
f 3644/3183/3644 3646/3184/3646 3637/3230/3637

usemtl material_2258
vt 0.0519402 0.8846932
f 4194/3231/4194 4202/3144/4202 4193/1739/4193

usemtl material_1208
vt 0.5516408 0.3358697
vt 0.5498545 0.3396680
vt 0.5625476 0.3381472
f 3660/3232/3660 3663/3233/3663 3664/3234/3664

usemtl material_874
vt 0.8819594 0.8836382
vt 0.8870818 0.8686730
f 3822/3235/3822 3819/1809/3819 3818/3236/3818

usemtl material_682
vt 0.8870818 0.8503407
f 3818/3236/3818 3819/1809/3819 3820/3237/3820

usemtl material_1351
f 3820/3237/3820 3819/1809/3819 3821/1811/3821

usemtl material_1208
vt 0.5555699 0.3345917
f 3660/3232/3660 3664/3234/3664 3639/3238/3639

usemtl material_682
vt 0.5659470 0.3359698
f 3639/3238/3639 3664/3234/3664 3643/3239/3643
vt 0.5615789 0.3324748
f 3620/3240/3620 3639/3238/3639 3643/3239/3643
vt 0.5780223 0.3380844
f 3664/3234/3664 3658/3241/3658 3643/3239/3643

usemtl material_1351
vt 0.5781440 0.3335681
f 3620/3240/3620 3643/3239/3643 3621/3242/3621
f 3643/3239/3643 3658/3241/3658 3621/3242/3621

usemtl material_1375
f 3447/1915/3447 3449/1816/3449 3442/1815/3442

usemtl material_2448
vt 0.4084572 0.8310187
f 3945/3186/3945 3940/3146/3940 3944/3243/3944

usemtl material_2449
f 3944/3243/3944 3940/3146/3940 3942/3155/3942

usemtl material_1951
f 2787/3185/2787 2782/1626/2782 2781/3195/2781

usemtl material_2450
f 4178/3164/4178 4078/3165/4078 4077/3187/4077

usemtl material_938
vt 0.9668010 0.6831838
f 3393/3194/3393 3394/1693/3394 3392/3244/3392

usemtl material_408
f 3392/3244/3392 3394/1693/3394 3329/1817/3329

usemtl material_1355
vt 0.9066030 0.4483840
f 2772/3157/2772 2771/3102/2771 2769/3245/2769
f 2769/3245/2769 2771/3102/2771 2767/3196/2767

usemtl material_1286
vt 0.8671033 0.4603926
f 2764/3166/2764 2865/3125/2865 2909/3246/2909

usemtl material_2370
f 2865/3125/2865 2910/3103/2910 2909/3246/2909

usemtl material_2094
vt 0.8196450 0.4803054
f 2954/3247/2954 2935/3104/2935 2962/3167/2962

usemtl material_2451
f 3981/1819/3981 3984/1636/3984 3985/1925/3985

usemtl material_2452
vt 0.7132900 0.7728658
vt 0.7346655 0.7728658
vt 0.7266204 0.7677845
f 3992/3248/3992 3993/3249/3993 3994/3250/3994

usemtl material_1076
vt 0.2701378 0.9119178
vt 0.2779137 0.9063140
f 3574/3251/3574 3566/1822/3566 3567/3252/3567

usemtl material_2453
f 4128/3107/4128 4131/3159/4131 4132/3200/4132

usemtl material_1101
f 3555/1831/3555 3567/3252/3567 3552/1787/3552

usemtl material_1102
f 3552/1787/3552 3567/3252/3567 3560/1832/3560

usemtl material_936
vt 0.7922390 0.4871452
f 2918/3253/2918 2919/3160/2919 2875/3092/2875

usemtl material_1552
f 2874/3168/2874 2897/3093/2897 2915/3201/2915

usemtl material_82
vt 0.7657024 0.4991953
f 2915/3201/2915 2976/3079/2976 2971/3254/2971

usemtl material_1742
f 1792/1723/1792 1782/1663/1782 1778/1804/1778

usemtl material_353
f 1775/1853/1775 1772/1664/1772 1793/1670/1793

usemtl material_2333
f 2311/3208/2311 2310/3080/2310 2306/3209/2306

usemtl material_759
f 2266/3211/2266 2264/3094/2264 2364/3174/2364

usemtl material_179
vt 0.7080006 0.1743684
f 2612/1868/2612 2609/3175/2609 2613/3255/2613
f 2613/3255/2613 2609/3175/2609 2610/3176/2610

usemtl material_1315
f 2565/1673/2565 2517/1672/2517 2537/3177/2537

usemtl material_2359
f 2566/3212/2566 2565/1673/2565 2537/3177/2537

usemtl material_89
vt 0.7115744 0.0522832
f 2614/3213/2614 2617/3117/2617 2627/3256/2627

usemtl material_2454
f 2534/3217/2534 2518/3119/2518 2532/3218/2532

usemtl material_2455
f 2532/3218/2532 2519/3120/2519 2533/3219/2533

usemtl material_2456
f 2528/3220/2528 2522/3121/2522 2527/3221/2527

usemtl material_2411
f 2531/3178/2531 2568/3150/2568 2579/2049/2579

usemtl material_490
f 2579/2049/2579 2568/3150/2568 2578/3224/2578

usemtl material_214
vt 0.9995353 0.4218538
f 3032/3257/3032 3028/3122/3028 2969/3138/2969

usemtl material_2413
vt 0.5827545 0.3437988
f 3645/3258/3645 3648/3182/3648 3644/3183/3644

usemtl material_1074
vt 0.5866021 0.3380740
f 3645/3258/3645 3644/3183/3644 3634/3259/3634

usemtl material_2457
f 3634/3259/3634 3644/3183/3644 3637/3230/3637

usemtl material_1180
vt 0.5448874 0.3358499
f 3640/3227/3640 3656/3228/3656 3642/3260/3642

usemtl material_1170
f 3642/3260/3642 3656/3228/3656 3663/3233/3663
f 3656/3228/3656 3665/3229/3665 3663/3233/3663

usemtl material_1614
vt 0.5794993 0.3420020
f 3666/3261/3666 3665/3229/3665 3648/3182/3648

usemtl material_1076
vt 0.5819610 0.3389741
f 3648/3182/3648 3645/3258/3645 3667/3262/3667

usemtl material_1614
f 3666/3261/3666 3648/3182/3648 3667/3262/3667

usemtl material_1208
f 3642/3260/3642 3663/3233/3663 3660/3232/3660
vt 0.5511805 0.3326716
f 3642/3260/3642 3660/3232/3660 3657/3263/3657

usemtl material_2458
f 4194/3231/4194 4193/1739/4193 4179/1738/4179

usemtl material_874
f 3657/3263/3657 3660/3232/3660 3639/3238/3639

usemtl material_2459
f 4177/1967/4177 4179/1738/4179 4178/3164/4178

usemtl material_2460
vt 0.0760293 0.8930073
vt 0.0791306 0.8961297
f 4076/3264/4076 4080/3156/4080 4079/3265/4079

usemtl material_2461
f 4080/3156/4080 4089/3189/4089 4079/3265/4079

usemtl material_489
vt 0.9713389 0.6866094
f 3391/3266/3391 3406/3193/3406 3393/3194/3393

usemtl material_1355
vt 0.9195076 0.4474163
f 2773/3267/2773 2772/3157/2772 2769/3245/2769
vt 0.8881792 0.4546430
f 2766/3268/2766 2767/3196/2767 2762/1631/2762

usemtl material_852
vt 0.8792923 0.4601480
f 2762/1631/2762 2764/3166/2764 2765/3269/2765

usemtl material_2094
f 2766/3268/2766 2762/1631/2762 2765/3269/2765

usemtl material_2150
vt 0.8402092 0.4705923
f 2941/3270/2941 2935/3104/2935 2954/3247/2954

usemtl material_1170
f 3565/1878/3565 3528/1874/3528 3561/1823/3561
f 3528/1874/3528 3529/1824/3529 3561/1823/3561

usemtl material_2462
vt 0.1977903 0.9614010
f 4129/3158/4129 4128/3107/4128 4133/3271/4133

usemtl material_1170
vt 0.2512771 0.9146953
f 3540/1882/3540 3565/1878/3565 3572/3272/3572
f 3565/1878/3565 3540/1882/3540 3533/1881/3533
f 3572/3272/3572 3565/1878/3565 3561/1823/3561
vt 0.2452133 0.9093484
f 3573/3273/3573 3540/1882/3540 3572/3272/3572
f 3554/1786/3554 3572/3272/3572 3561/1823/3561
f 3554/1786/3554 3561/1823/3561 3574/3251/3574

usemtl material_1980
f 2962/3167/2962 2919/3160/2919 2918/3253/2918

usemtl material_1170
f 3539/1880/3539 3540/1882/3540 3573/3273/3573

usemtl material_1614
f 3573/3273/3573 3572/3272/3572 3554/1786/3554

usemtl material_1074
f 3554/1786/3554 3574/3251/3574 3555/1831/3555

usemtl material_1264
f 3574/3251/3574 3567/3252/3567 3555/1831/3555

usemtl material_1147
f 3437/1829/3437 3428/1828/3428 3430/1862/3430

usemtl material_2463
f 3559/1785/3559 3539/1880/3539 3573/3273/3573

usemtl material_2464
f 3559/1785/3559 3573/3273/3573 3554/1786/3554

usemtl material_43
f 3006/3202/3006 2971/3254/2971 2976/3079/2976

usemtl material_148
vt 0.7094796 0.1062726
f 2613/3255/2613 2610/3176/2610 2616/3274/2616

usemtl material_58
f 2616/3274/2616 2610/3176/2610 2614/3213/2614

usemtl material_1375
vt 0.5420403 0.3271469
f 3638/3226/3638 3640/3227/3640 3635/3275/3635

usemtl material_1170
f 3640/3227/3640 3642/3260/3642 3635/3275/3635

usemtl material_1349
vt 0.5830740 0.3384158
f 3633/3276/3633 3645/3258/3645 3634/3259/3634

usemtl material_1265
vt 0.5469525 0.3286039
f 3642/3260/3642 3657/3263/3657 3641/3277/3641

usemtl material_2465
vt 0.0522001 0.8940544
f 4194/3231/4194 4179/1738/4179 4195/3278/4195

usemtl material_1265
vt 0.5538998 0.3282369
f 3641/3277/3641 3657/3263/3657 3618/3279/3618

usemtl material_1408
f 3442/1815/3442 3444/1814/3444 3443/1813/3443

usemtl material_2466
f 4195/3278/4195 4179/1738/4179 4177/1967/4177

usemtl material_682
f 3618/3279/3618 3657/3263/3657 3639/3238/3639
f 3618/3279/3618 3639/3238/3639 3620/3240/3620
vt 0.5583232 0.3226666
f 3618/3279/3618 3620/3240/3620 3615/3280/3615
vt 0.5768632 0.3196511
f 3615/3280/3615 3620/3240/3620 3616/3281/3616

usemtl material_874
f 3616/3281/3616 3620/3240/3620 3621/3242/3621

usemtl material_409
f 3391/3266/3391 3393/3194/3393 3392/3244/3392

usemtl material_662
f 34/1871/34 100/1629/100 111/1777/111

usemtl material_1983
vt 0.9398061 0.4468350
f 2781/3195/2781 2772/3157/2772 2780/3282/2780

usemtl material_2341
f 2780/3282/2780 2772/3157/2772 2773/3267/2773

usemtl material_2094
f 2765/3269/2765 2764/3166/2764 2909/3246/2909

usemtl material_1286
f 2916/3197/2916 2909/3246/2909 2910/3103/2910

usemtl material_2094
f 2916/3197/2916 2935/3104/2935 2941/3270/2941

usemtl material_2467
f 3979/1974/3979 3980/1820/3980 3981/1819/3981

usemtl material_1170
f 3565/1878/3565 3533/1881/3533 3541/1954/3541
f 3524/1879/3524 3565/1878/3565 3541/1954/3541

usemtl material_2468
vt 0.1968739 0.9679052
f 4133/3271/4133 4128/3107/4128 4197/3283/4197

usemtl material_2469
f 4197/3283/4197 4128/3107/4128 4132/3200/4132

usemtl material_2470
vt 0.6914228 0.7585101
f 2312/3207/2312 2311/3208/2311 2314/3284/2314

usemtl material_2243
f 2291/3203/2291 2289/3204/2289 2292/2046/2292

usemtl material_2471
vt 0.6917292 0.7295915
f 2292/2046/2292 2289/3204/2289 2293/3285/2293

usemtl material_847
f 2293/3285/2293 2289/3204/2289 2286/3169/2286

usemtl material_2245
vt 0.6929985 0.6291884
f 2434/3286/2434 2364/3174/2364 2566/3212/2566

usemtl material_58
vt 0.7008337 0.0629509
f 2616/3274/2616 2614/3213/2614 2618/3287/2618

usemtl material_1315
vt 0.6876373 0.6192113
f 2566/3212/2566 2537/3177/2537 2563/3288/2563

usemtl material_2472
vt 0.6921223 0.6102509
f 2540/3289/2540 2537/3177/2537 2538/3214/2538

usemtl material_2473
vt 0.6943412 0.3695647
f 2532/3218/2532 2533/3219/2533 2542/3290/2542

usemtl material_1118
vt 0.9730181 0.4448390
f 2790/2986/2790 2788/1627/2788 2789/3291/2789

usemtl material_2474
vt 0.9662565 0.4431294
f 2789/3291/2789 2788/1627/2788 2786/3292/2786

usemtl material_2475
f 2786/3292/2786 2788/1627/2788 2787/3185/2787

usemtl material_734
vt 0.5378994 0.3250161
f 3638/3226/3638 3635/3275/3635 3623/3293/3623

usemtl material_2476
vt 0.5953987 0.3289112
f 3634/3259/3634 3637/3230/3637 3632/3294/3632

usemtl material_1170
f 3635/3275/3635 3642/3260/3642 3641/3277/3641

usemtl material_2477
f 4177/1967/4177 4178/3164/4178 4176/1965/4176

usemtl material_1353
f 2787/3185/2787 2781/3195/2781 2786/3292/2786

usemtl material_2478
vt 0.0656353 0.9002727
f 4178/3164/4178 4077/3187/4077 4073/3295/4073

usemtl material_2479
f 4073/3295/4073 4077/3187/4077 4074/3188/4074

usemtl material_2480
vt 0.0778564 0.9034126
f 4079/3265/4079 4089/3189/4089 4075/3296/4075

usemtl material_1683
f 3323/1917/3323 3329/1817/3329 3327/1776/3327

usemtl material_2481
vt 0.0829311 0.9030972
f 4075/3296/4075 4089/3189/4089 4087/3297/4087

usemtl material_2482
vt 0.9824160 0.6944837
f 3418/3191/3418 3406/3193/3406 3407/3298/3407

usemtl material_2483
f 3407/3298/3407 3406/3193/3406 3391/3266/3391

usemtl material_2484
f 3392/3244/3392 3329/1817/3329 3323/1917/3323

usemtl material_1355
f 2769/3245/2769 2767/3196/2767 2766/3268/2766

usemtl material_2485
f 4135/3199/4135 4129/3158/4129 4133/3271/4133

usemtl material_1466
vt 0.6889046 0.7505822
f 2315/3299/2315 2311/3208/2311 2306/3209/2306

usemtl material_146
f 2306/3209/2306 2291/3203/2291 2292/2046/2292

usemtl material_2345
vt 0.6891143 0.7236831
f 2293/3285/2293 2286/3169/2286 2295/3300/2295

usemtl material_2426
f 2295/3300/2295 2286/3169/2286 2285/3170/2285

usemtl material_588
vt 0.6904225 0.6964381
f 2295/3300/2295 2285/3170/2285 2294/3301/2294

usemtl material_267
f 2294/3301/2294 2285/3170/2285 2283/3205/2283

usemtl material_152
vt 0.6901374 0.6689572
f 2281/3206/2281 2279/3171/2279 2297/3302/2297

usemtl material_341
vt 0.6902540 0.6613528
f 2297/3302/2297 2279/3171/2279 2276/3303/2276

usemtl material_611
f 2276/3303/2276 2279/3171/2279 2275/3210/2275

usemtl material_186
vt 0.6906040 0.6509499
f 2275/3210/2275 2273/3172/2273 2274/3304/2274

usemtl material_725
vt 0.6907275 0.6460063
f 2273/3172/2273 2265/3173/2265 2268/3305/2268

usemtl material_146
f 2274/3304/2274 2273/3172/2273 2268/3305/2268

usemtl material_699
vt 0.6909369 0.6323808
f 2266/3211/2266 2364/3174/2364 2267/3306/2267

usemtl material_1903
f 2267/3306/2267 2364/3174/2364 2434/3286/2434

usemtl material_1686
f 2434/3286/2434 2566/3212/2566 2563/3288/2563

usemtl material_58
vt 0.6983461 0.1320103
f 2613/3255/2613 2616/3274/2616 2619/3307/2619

usemtl material_520
vt 0.7015268 0.0555453
f 2624/3308/2624 2614/3213/2614 2627/3256/2627

usemtl material_1315
vt 0.6892654 0.6151764
f 2563/3288/2563 2537/3177/2537 2541/3309/2541

usemtl material_287
f 2541/3309/2541 2537/3177/2537 2540/3289/2540

usemtl material_2486
vt 0.6901953 0.5579777
f 2538/3214/2538 2536/3215/2536 2544/3310/2544

usemtl material_2487
f 2536/3215/2536 2535/3216/2535 2544/3310/2544

usemtl material_2488
vt 0.6904223 0.5222003
vt 0.6919990 0.4685384
f 2543/3311/2543 2534/3217/2534 2545/3312/2545

usemtl material_2489
f 2545/3312/2545 2534/3217/2534 2532/3218/2532

usemtl material_2490
vt 0.6929526 0.4310224
f 2546/3313/2546 2532/3218/2532 2542/3290/2542

usemtl material_2095
vt 0.6981360 0.2063877
f 2579/2049/2579 2578/3224/2578 2580/3314/2580

usemtl material_108
vt 0.6984166 0.1977590
f 2580/3314/2580 2578/3224/2578 2581/3315/2581

usemtl material_25
f 2581/3315/2581 2578/3224/2578 2577/1869/2577

usemtl material_214
vt 0.9993677 0.4382036
f 3032/3257/3032 2969/3138/2969 3008/3316/3008

usemtl material_2491
vt 0.6957147 0.2904148
vt 0.6959155 0.2556200
f 2547/3317/2547 2527/3221/2527 2539/3318/2539

usemtl material_2492
f 2539/3318/2539 2527/3221/2527 2529/3222/2529

usemtl material_2493
f 2529/3222/2529 2530/3223/2530 2539/3318/2539

usemtl material_2219
f 3008/3316/3008 2969/3138/2969 2943/3225/2943

usemtl material_2012
vt 0.9847417 0.4581060
f 2827/3151/2827 2790/2986/2790 2797/3319/2797

usemtl material_2494
f 3322/1912/3322 3327/1776/3327 3328/1855/3328

usemtl material_682
vt 0.5842193 0.3224300
f 3631/3320/3631 3633/3276/3633 3634/3259/3634

usemtl material_1375
vt 0.5454530 0.3173652
f 3623/3293/3623 3635/3275/3635 3624/3321/3624

usemtl material_682
vt 0.5423775 0.3113326
f 3622/3322/3622 3623/3293/3623 3624/3321/3624

usemtl material_1056
f 3635/3275/3635 3641/3277/3641 3624/3321/3624

usemtl material_1375
vt 0.5793246 0.3186406
f 3616/3281/3616 3621/3242/3621 3636/3323/3636

usemtl material_1353
f 2786/3292/2786 2781/3195/2781 2780/3282/2780

usemtl material_2495
f 4176/1965/4176 4178/3164/4178 4073/3295/4073

usemtl material_2496
f 4074/3188/4074 4076/3264/4076 4075/3296/4075

usemtl material_2497
f 4076/3264/4076 4079/3265/4079 4075/3296/4075

usemtl material_1183
vt 0.9720616 0.6985458
f 3407/3298/3407 3391/3266/3391 3404/3324/3404

usemtl material_2498
vt 0.9654035 0.6938644
f 3391/3266/3391 3392/3244/3392 3390/3325/3390

usemtl material_2329
f 3390/3325/3390 3392/3244/3392 3323/1917/3323

usemtl material_1996
vt 0.9323614 0.4570597
f 2780/3282/2780 2773/3267/2773 2783/3326/2783

usemtl material_852
vt 0.9241413 0.4636348
f 2773/3267/2773 2769/3245/2769 2784/3327/2784

usemtl material_2499
f 3979/1974/3979 3981/1819/3981 3982/1972/3982

usemtl material_2500
f 3982/1972/3982 3981/1819/3981 3989/1924/3989

usemtl material_2501
vt 0.1824287 0.9644951
f 4246/3198/4246 4135/3199/4135 4137/3328/4137

usemtl material_2502
f 4137/3328/4137 4135/3199/4135 4136/2023/4136

usemtl material_2503
f 4135/3199/4135 4133/3271/4133 4136/2023/4136

usemtl material_1170
f 3530/1979/3530 3524/1879/3524 3541/1954/3541

usemtl material_2504
f 4136/2023/4136 4133/3271/4133 4197/3283/4197

usemtl material_43
vt 0.7749027 0.5055091
f 2874/3168/2874 2915/3201/2915 2873/3329/2873

usemtl material_1956
vt 0.7644082 0.5077676
f 2971/3254/2971 3006/3202/3006 3010/3330/3010

usemtl material_2505
f 1701/1956/1701 1620/1795/1620 1870/1800/1870

usemtl material_672
f 2099/1847/2099 2095/1939/2095 2101/1848/2101

usemtl material_2506
f 1803/1844/1803 1802/1943/1802 1801/1801/1801

usemtl material_283
f 1794/1850/1794 1797/1849/1797 1798/1946/1798

usemtl material_2507
f 2314/3284/2314 2311/3208/2311 2315/3299/2315

usemtl material_22
vt 0.6875894 0.6796812
f 2294/3301/2294 2283/3205/2283 2296/3331/2296

usemtl material_51
f 2283/3205/2283 2281/3206/2281 2296/3331/2296

usemtl material_32
f 2296/3331/2296 2281/3206/2281 2297/3302/2297

usemtl material_670
f 2276/3303/2276 2275/3210/2275 2274/3304/2274

usemtl material_1124
f 2268/3305/2268 2265/3173/2265 2267/3306/2267

usemtl material_760
f 2267/3306/2267 2265/3173/2265 2266/3211/2266

usemtl material_179
vt 0.6986216 0.1731353
f 2612/1868/2612 2613/3255/2613 2620/3332/2620
vt 0.6964099 0.1933680
f 2623/3333/2623 2612/1868/2612 2620/3332/2620

usemtl material_148
f 2620/3332/2620 2613/3255/2613 2619/3307/2619

usemtl material_58
vt 0.7005191 0.0946246
f 2616/3274/2616 2621/3334/2621 2619/3307/2619
f 2621/3334/2621 2616/3274/2616 2618/3287/2618

usemtl material_25
f 2618/3287/2618 2614/3213/2614 2624/3308/2624

usemtl material_2508
vt 0.6887308 0.5935590
f 2549/3335/2549 2538/3214/2538 2544/3310/2544

usemtl material_2509
f 2544/3310/2544 2535/3216/2535 2543/3311/2543

usemtl material_2510
f 2535/3216/2535 2534/3217/2534 2543/3311/2543

usemtl material_41
f 2581/3315/2581 2577/1869/2577 2612/1868/2612

usemtl material_58
f 2581/3315/2581 2612/1868/2612 2623/3333/2623

usemtl material_2511
f 2540/3289/2540 2538/3214/2538 2549/3335/2549

usemtl material_2512
f 2545/3312/2545 2532/3218/2532 2546/3313/2546

usemtl material_2513
f 2542/3290/2542 2533/3219/2533 2528/3220/2528

usemtl material_2514
vt 0.6952968 0.3357571
f 2542/3290/2542 2528/3220/2528 2548/3336/2548

usemtl material_2515
f 2528/3220/2528 2527/3221/2527 2548/3336/2548

usemtl material_2516
f 2548/3336/2548 2527/3221/2527 2547/3317/2547

usemtl material_2517
f 2530/3223/2530 2531/3178/2531 2539/3318/2539

usemtl material_2518
vt 0.6972262 0.2141946
f 2539/3318/2539 2531/3178/2531 2550/3337/2550

usemtl material_2519
f 2550/3337/2550 2531/3178/2531 2579/2049/2579

usemtl material_2520
f 3634/3259/3634 3632/3294/3632 3631/3320/3631

usemtl material_1208
vt 0.5823125 0.3156807
f 3629/3338/3629 3633/3276/3633 3631/3320/3631

usemtl material_1265
f 3624/3321/3624 3641/3277/3641 3618/3279/3618

usemtl material_1056
vt 0.5491030 0.3113228
f 3624/3321/3624 3618/3279/3618 3619/3339/3619

usemtl material_682
vt 0.5542623 0.3054392
f 3618/3279/3618 3615/3280/3615 3610/3340/3610

usemtl material_1056
f 3619/3339/3619 3618/3279/3618 3610/3340/3610

usemtl material_2521
vt 0.0635211 0.9090713
f 4176/1965/4176 4073/3295/4073 4174/3341/4174

usemtl material_2522
vt 0.0689266 0.9083068
f 4073/3295/4073 4074/3188/4074 4069/3342/4069

usemtl material_2523
vt 0.0747565 0.9055682
f 4069/3342/4069 4074/3188/4074 4071/3343/4071

usemtl material_2524
f 4071/3343/4071 4074/3188/4074 4075/3296/4075

usemtl material_2525
vt 0.0655637 0.9080679
f 4174/3341/4174 4073/3295/4073 4072/3344/4072

usemtl material_2526
f 4072/3344/4072 4073/3295/4073 4069/3342/4069

usemtl material_185
vt 0.9683141 0.7031825
f 3404/3324/3404 3391/3266/3391 3388/3345/3388

usemtl material_458
f 3388/3345/3388 3391/3266/3391 3390/3325/3390

usemtl material_1355
vt 0.8985076 0.4653925
f 2770/3346/2770 2769/3245/2769 2766/3268/2766
vt 0.8681465 0.4753194
f 2922/3347/2922 2909/3246/2909 2916/3197/2916

usemtl material_2341
vt 0.8524429 0.4794335
f 2922/3347/2922 2916/3197/2916 2934/3348/2934

usemtl material_2527
f 3875/1975/3875 3880/1920/3880 3881/1919/3881

usemtl material_2528
vt 0.1756028 0.9664443
f 4245/3349/4245 4246/3198/4246 4137/3328/4137

usemtl material_2529
vt 0.6880948 0.7630397
f 2402/3350/2402 2312/3207/2312 2314/3284/2314

usemtl material_141
vt 0.6968408 0.0507218
f 2624/3308/2624 2627/3256/2627 2633/3351/2633

usemtl material_2530
vt 0.6824313 0.6019777
f 2551/3352/2551 2540/3289/2540 2549/3335/2549

usemtl material_2531
vt 0.9941566 0.4485776
f 3008/3316/3008 2943/3225/2943 2970/3353/2970

usemtl material_2532
f 2797/3319/2797 2790/2986/2790 2789/3291/2789

usemtl material_886
vt 0.9769350 0.4594810
f 2797/3319/2797 2789/3291/2789 2799/3354/2799

usemtl material_2533
vt 0.5391281 0.3068612
f 3613/3355/3613 3623/3293/3623 3622/3322/3622

usemtl material_2520
vt 0.5898468 0.3092534
f 3631/3320/3631 3632/3294/3632 3628/3356/3628

usemtl material_2534
vt 0.5961896 0.3126419
f 3628/3356/3628 3632/3294/3632 3630/3357/3630

usemtl material_2535
vt 0.0512752 0.9069993
f 4195/3278/4195 4177/1967/4177 4206/3358/4206

usemtl material_1375
vt 0.5792967 0.3126982
f 3615/3280/3615 3616/3281/3616 3614/3359/3614
f 3616/3281/3616 3636/3323/3636 3614/3359/3614

usemtl material_2536
f 4175/1966/4175 4176/1965/4176 4174/3341/4174

usemtl material_2537
vt 0.0777872 0.9095265
f 4071/3343/4071 4075/3296/4075 4070/3360/4070

usemtl material_2538
vt 0.9819071 0.7027556
f 3408/3361/3408 3407/3298/3407 3404/3324/3404

usemtl material_2329
vt 0.9645296 0.7065510
f 3388/3345/3388 3390/3325/3390 3382/3362/3382

usemtl material_2539
f 3390/3325/3390 3323/1917/3323 3382/3362/3382

usemtl material_2540
f 3382/3362/3382 3323/1917/3323 3316/1948/3316

usemtl material_852
f 2784/3327/2784 2769/3245/2769 2770/3346/2770

usemtl material_2094
f 2770/3346/2770 2766/3268/2766 2765/3269/2765
f 2765/3269/2765 2909/3246/2909 2922/3347/2922

usemtl material_852
f 2916/3197/2916 2941/3270/2941 2934/3348/2934

usemtl material_993
f 27/1970/27 107/1744/107 123/1780/123

usemtl material_1996
vt 0.8085599 0.5079480
f 2923/3363/2923 2954/3247/2954 2962/3167/2962

usemtl material_1074
f 3530/1979/3530 3541/1954/3541 3525/1953/3525

usemtl material_1957
f 2923/3363/2923 2962/3167/2962 2918/3253/2918

usemtl material_43
f 2873/3329/2873 2915/3201/2915 2971/3254/2971

usemtl material_1896
f 2160/2006/2160 2151/1798/2151 2130/1903/2130

usemtl material_2541
vt 0.6753690 0.7575002
f 2407/3364/2407 2314/3284/2314 2315/3299/2315

usemtl material_20
f 2371/2048/2371 2306/3209/2306 2292/2046/2292

usemtl material_817
vt 0.6790297 0.7298248
f 2292/2046/2292 2293/3285/2293 2404/3365/2404

usemtl material_517
f 2404/3365/2404 2293/3285/2293 2295/3300/2295

usemtl material_84
vt 0.6784050 0.7019578
f 2405/3366/2405 2295/3300/2295 2294/3301/2294

usemtl material_61
vt 0.6791114 0.6767942
f 2410/3367/2410 2296/3331/2296 2297/3302/2297

usemtl material_267
vt 0.6781000 0.6681432
f 2297/3302/2297 2276/3303/2276 2413/3368/2413

usemtl material_99
vt 0.6786550 0.6505253
f 2411/3369/2411 2276/3303/2276 2274/3304/2274

usemtl material_1124
vt 0.6782293 0.6446109
f 2268/3305/2268 2267/3306/2267 2408/3370/2408

usemtl material_1466
f 2315/3299/2315 2306/3209/2306 2371/2048/2371

usemtl material_210
vt 0.6797795 0.6291622
f 2267/3306/2267 2434/3286/2434 2432/3371/2432

usemtl material_179
vt 0.6872728 0.1789636
f 2630/3372/2630 2623/3333/2623 2620/3332/2620

usemtl material_58
vt 0.6879392 0.1604275
f 2628/3373/2628 2620/3332/2620 2619/3307/2619

usemtl material_148
vt 0.6885787 0.0624365
f 2621/3334/2621 2618/3287/2618 2625/3374/2625

usemtl material_58
f 2625/3374/2625 2618/3287/2618 2624/3308/2624

usemtl material_66
vt 0.6859379 0.0559659
f 2625/3374/2625 2624/3308/2624 2632/3375/2632

usemtl material_611
f 2541/3309/2541 2540/3289/2540 2551/3352/2551

usemtl material_2542
vt 0.6769025 0.5336820
f 2560/3376/2560 2544/3310/2544 2543/3311/2543

usemtl material_2488
vt 0.6842082 0.4733888
f 2543/3311/2543 2545/3312/2545 2552/3377/2552

usemtl material_2543
f 2552/3377/2552 2545/3312/2545 2546/3313/2546

usemtl material_2544
vt 0.6799051 0.4174504
f 2555/3378/2555 2546/3313/2546 2542/3290/2542

usemtl material_2545
vt 0.6872287 0.2932708
f 2553/3379/2553 2547/3317/2547 2539/3318/2539

usemtl material_2546
f 2558/2051/2558 2550/3337/2550 2579/2049/2579

usemtl material_2547
f 2970/3353/2970 2943/3225/2943 2827/3151/2827

usemtl material_1170
f 3629/3338/3629 3631/3320/3631 3628/3356/3628

usemtl material_1147
f 3622/3322/3622 3624/3321/3624 3619/3339/3619

usemtl material_682
vt 0.5650683 0.3049537
f 3610/3340/3610 3615/3280/3615 3609/3380/3609

usemtl material_1075
f 3609/3380/3609 3615/3280/3615 3614/3359/3614

usemtl material_2548
f 4206/3358/4206 4177/1967/4177 4175/1966/4175

usemtl material_2549
vt 0.9642680 0.4628060
f 2791/3381/2791 2786/3292/2786 2780/3282/2780

usemtl material_2550
vt 0.0736958 0.9152132
f 4069/3342/4069 4071/3343/4071 4066/3382/4066

usemtl material_2551
f 4066/3382/4066 4071/3343/4071 4070/3360/4070

usemtl material_2552
vt 0.0829175 0.9118331
f 4085/3383/4085 4075/3296/4075 4087/3297/4087

usemtl material_2553
f 4070/3360/4070 4075/3296/4075 4085/3383/4085

usemtl material_852
f 2783/3326/2783 2773/3267/2773 2784/3327/2784

usemtl material_2341
vt 0.8823633 0.4770360
f 2931/3384/2931 2765/3269/2765 2922/3347/2922

usemtl material_2554
vt 0.1695713 0.9720207
vt 0.1726851 0.9734031
f 4244/3385/4244 4245/3349/4245 4139/3386/4139

usemtl material_2555
f 4139/3386/4139 4245/3349/4245 4137/3328/4137

usemtl material_2556
f 4257/2021/4257 4136/2023/4136 4197/3283/4197

usemtl material_529
f 2118/1841/2118 1760/1938/1760 2098/1985/2098

usemtl material_39
f 2412/2047/2412 2292/2046/2292 2404/3365/2404

usemtl material_353
vt 0.6767274 0.7237449
f 2404/3365/2404 2295/3300/2295 2406/3387/2406

usemtl material_1
f 2406/3387/2406 2295/3300/2295 2405/3366/2405

usemtl material_1835
f 2410/3367/2410 2297/3302/2297 2413/3368/2413

usemtl material_607
f 2402/3350/2402 2314/3284/2314 2407/3364/2407

usemtl material_489
vt 0.6783220 0.6618162
f 2413/3368/2413 2276/3303/2276 2414/3388/2414

usemtl material_446
f 2414/3388/2414 2276/3303/2276 2411/3369/2411

usemtl material_99
f 2411/3369/2411 2274/3304/2274 2268/3305/2268

usemtl material_446
f 2411/3369/2411 2268/3305/2268 2408/3370/2408

usemtl material_2557
f 2432/3371/2432 2434/3286/2434 2563/3288/2563

usemtl material_253
vt 0.5203981 0.0005081
vt 0.5333571 0.0103941
f 435/3389/435 427/3390/427 428/2084/428

usemtl material_148
f 2630/3372/2630 2620/3332/2620 2628/3373/2628

usemtl material_58
vt 0.6869150 0.0970842
f 2619/3307/2619 2621/3334/2621 2626/3391/2626

usemtl material_148
f 2626/3391/2626 2621/3334/2621 2625/3374/2625

usemtl material_611
vt 0.6759560 0.6142180
f 2559/3392/2559 2541/3309/2541 2551/3352/2551

usemtl material_2558
f 2552/3377/2552 2546/3313/2546 2555/3378/2555

usemtl material_2559
vt 0.6803535 0.3789980
f 2555/3378/2555 2542/3290/2542 2556/3393/2556

usemtl material_2560
vt 0.6806757 0.3375071
f 2556/3393/2556 2542/3290/2542 2557/3394/2557

usemtl material_2561
f 2542/3290/2542 2548/3336/2548 2557/3394/2557

usemtl material_2562
f 2557/3394/2557 2548/3336/2548 2547/3317/2547

usemtl material_2516
f 2557/3394/2557 2547/3317/2547 2553/3379/2553

usemtl material_2563
vt 0.6823652 0.2553891
f 2553/3379/2553 2539/3318/2539 2554/3395/2554

usemtl material_2564
f 2554/3395/2554 2539/3318/2539 2558/2051/2558

usemtl material_2565
f 2539/3318/2539 2550/3337/2550 2558/2051/2558

usemtl material_489
f 2579/2049/2579 2580/3314/2580 2583/2050/2583

usemtl material_1467
vt 0.9903699 0.4517775
f 2894/3396/2894 2827/3151/2827 2797/3319/2797

usemtl material_2566
vt 0.0513387 0.9255092
f 4175/1966/4175 4174/3341/4174 4172/3397/4172

usemtl material_2567
vt 0.0664000 0.9174016
f 4174/3341/4174 4072/3344/4072 4065/3398/4065

usemtl material_2568
f 4072/3344/4072 4069/3342/4069 4065/3398/4065

usemtl material_2569
f 4065/3398/4065 4069/3342/4069 4066/3382/4066

usemtl material_2570
vt 0.0784338 0.9169675
f 4066/3382/4066 4070/3360/4070 4067/3399/4067

usemtl material_2553
f 4067/3399/4067 4070/3360/4070 4085/3383/4085

usemtl material_2571
vt 0.9819474 0.7101141
f 3412/3400/3412 3408/3361/3408 3404/3324/3404

usemtl material_2572
vt 0.9794889 0.7115474
f 3412/3400/3412 3404/3324/3404 3403/3401/3403

usemtl material_108
f 3403/3401/3403 3404/3324/3404 3388/3345/3388

usemtl material_988
f 3382/3362/3382 3316/1948/3316 3315/2053/3315

usemtl material_852
vt 0.9097018 0.4809756
f 2784/3327/2784 2770/3346/2770 2810/3402/2810
f 2770/3346/2770 2765/3269/2765 2931/3384/2931

usemtl material_1983
vt 0.8624868 0.4932620
f 2945/3403/2945 2922/3347/2922 2934/3348/2934

usemtl material_1996
vt 0.8394035 0.5060414
f 2934/3348/2934 2941/3270/2941 2947/3404/2947

usemtl material_1033
vt 0.8282929 0.5022596
f 2941/3270/2941 2954/3247/2954 2948/3405/2948

usemtl material_2573
vt 0.2950743 0.9296081
vt 0.2983471 0.9370685
f 3873/3406/3873 3871/3407/3871 3861/2075/3861

usemtl material_2574
f 3869/1994/3869 3861/2075/3861 3871/3407/3871

usemtl material_2575
f 3861/2075/3861 3869/1994/3869 3862/1993/3862

usemtl material_2576
vt 0.1733792 0.9939499
f 4137/3328/4137 4136/2023/4136 4138/3408/4138

usemtl material_2577
f 4139/3386/4139 4137/3328/4137 4138/3408/4138

usemtl material_759
vt 0.8027672 0.5199097
f 2923/3363/2923 2918/3253/2918 2883/3409/2883

usemtl material_765
vt 0.7923504 0.5204092
f 2864/3410/2864 2875/3092/2875 2874/3168/2874

usemtl material_2578
f 1607/1983/1607 1618/2029/1618 1585/1932/1585

usemtl material_1371
f 1638/1937/1638 1636/1901/1636 1644/1984/1644

usemtl material_2137
f 1701/1956/1701 1870/1800/1870 1762/2037/1762

usemtl material_670
f 2097/1902/2097 2096/2032/2096 2095/1939/2095

usemtl material_644
f 2095/1939/2095 2092/2033/2092 2094/1940/2094

usemtl material_517
f 1766/1960/1766 1774/1945/1774 1810/2044/1810

usemtl material_1855
f 2407/3364/2407 2315/3299/2315 2371/2048/2371

usemtl material_648
vt 0.6758519 0.6870235
f 2405/3366/2405 2294/3301/2294 2409/3411/2409

usemtl material_179
f 2409/3411/2409 2294/3301/2294 2296/3331/2296

usemtl material_75
f 2409/3411/2409 2296/3331/2296 2410/3367/2410

usemtl material_2579
vt 0.6757300 0.6185443
f 2432/3371/2432 2563/3288/2563 2567/3412/2567

usemtl material_148
vt 0.6858144 0.1348644
f 2628/3373/2628 2619/3307/2619 2629/3413/2629
f 2629/3413/2629 2619/3307/2619 2626/3391/2626

usemtl material_2359
f 2567/3412/2567 2563/3288/2563 2541/3309/2541

usemtl material_1397
f 2567/3412/2567 2541/3309/2541 2559/3392/2559

usemtl material_2580
vt 0.6760202 0.5913497
f 2549/3335/2549 2544/3310/2544 2562/3414/2562

usemtl material_2581
f 2562/3414/2562 2544/3310/2544 2560/3376/2560

usemtl material_2582
vt 0.6774455 0.4745618
f 2543/3311/2543 2552/3377/2552 2561/3415/2561

usemtl material_86
vt 0.6848593 0.1982247
f 2583/2050/2583 2580/3314/2580 2582/3416/2582

usemtl material_1027
f 2580/3314/2580 2581/3315/2581 2582/3416/2582

usemtl material_41
f 2582/3416/2582 2581/3315/2581 2623/3333/2623

usemtl material_149
vt 0.5164946 0.0129530
f 345/3417/345 435/3389/435 428/2084/428

usemtl material_69
f 2632/3375/2632 2624/3308/2624 2633/3351/2633

usemtl material_2583
f 2551/3352/2551 2549/3335/2549 2562/3414/2562

usemtl material_2584
f 3322/1912/3322 3319/2013/3319 3317/2014/3317

usemtl material_2547
f 2970/3353/2970 2827/3151/2827 2894/3396/2894

usemtl material_1170
vt 0.5844946 0.3003355
f 3629/3338/3629 3628/3356/3628 3627/3418/3627

usemtl material_2585
vt 0.5454794 0.3021998
f 3613/3355/3613 3622/3322/3622 3612/3419/3612

usemtl material_1147
f 3622/3322/3622 3619/3339/3619 3612/3419/3612

usemtl material_1224
vt 0.5819203 0.2991639
f 3605/3420/3605 3629/3338/3629 3627/3418/3627

usemtl material_735
vt 0.5935229 0.2917512
f 3628/3356/3628 3630/3357/3630 3626/3421/3626

usemtl material_1056
f 3612/3419/3612 3619/3339/3619 3610/3340/3610

usemtl material_1075
vt 0.5793368 0.3036208
f 3604/3422/3604 3609/3380/3609 3614/3359/3614

usemtl material_2586
vt 0.0653973 0.9252618
f 4174/3341/4174 4065/3398/4065 4173/3423/4173

usemtl material_2587
vt 0.0837594 0.9196025
f 4067/3399/4067 4085/3383/4085 4082/3424/4082

usemtl material_347
vt 0.9686234 0.7136121
f 3403/3401/3403 3388/3345/3388 3387/3425/3387

usemtl material_2484
f 3387/3425/3387 3388/3345/3388 3382/3362/3382

usemtl material_852
vt 0.8995622 0.4902416
f 2944/3426/2944 2770/3346/2770 2931/3384/2931

usemtl material_1996
f 2947/3404/2947 2941/3270/2941 2948/3405/2948

usemtl material_2588
vt 0.2967697 0.9221454
f 3872/3427/3872 3873/3406/3873 3861/2075/3861

usemtl material_2589
vt 0.1660189 0.9807750
f 4140/3428/4140 4244/3385/4244 4139/3386/4139

usemtl material_759
f 2918/3253/2918 2875/3092/2875 2883/3409/2883

usemtl material_1517
f 2883/3409/2883 2875/3092/2875 2864/3410/2864

usemtl material_1311
f 2864/3410/2864 2874/3168/2874 2873/3329/2873

usemtl material_2590
f 1584/1931/1584 1608/2028/1608 1607/1983/1607

usemtl material_1532
f 1625/2079/1625 1591/1957/1591 1701/1956/1701

usemtl material_2591
vt 0.6761065 0.7629573
f 2416/3429/2416 2402/3350/2402 2407/3364/2407

usemtl material_699
vt 0.6715347 0.6305522
f 2408/3370/2408 2267/3306/2267 2417/3430/2417

usemtl material_612
f 2417/3430/2417 2267/3306/2267 2432/3371/2432

usemtl material_84
vt 0.6831762 0.0508243
f 2632/3375/2632 2633/3351/2633 2634/3431/2634

usemtl material_2592
f 2560/3376/2560 2543/3311/2543 2561/3415/2561

usemtl material_2558
f 2561/3415/2561 2552/3377/2552 2555/3378/2555

usemtl material_2593
vt 0.3896763 0.0151516
vt 0.4301262 0.0092631
vt 0.4219490 0.0172920
f 336/3432/336 433/3433/433 334/3434/334

usemtl material_2594
vt 0.4644975 0.0154154
f 334/3434/334 433/3433/433 335/3435/335

usemtl material_2595
vt 0.5018157 0.0105707
vt 0.5022171 0.0156793
f 335/3435/335 431/3436/431 333/3437/333

usemtl material_2596
vt 0.5081593 0.0126338
f 333/3437/333 431/3436/431 344/3438/344

usemtl material_2597
vt 0.9995353 0.4534687
f 3034/3439/3034 3008/3316/3008 2970/3353/2970

usemtl material_2474
f 2789/3291/2789 2786/3292/2786 2791/3381/2791

usemtl material_1351
vt 0.5480167 0.2971294
f 3607/3440/3607 3612/3419/3612 3610/3340/3610

usemtl material_653
f 3607/3440/3607 3610/3340/3610 3609/3380/3609
vt 0.5654326 0.3019098
f 3607/3440/3607 3609/3380/3609 3606/3441/3606

usemtl material_2598
vt 0.0478625 0.9268023
f 4206/3358/4206 4175/1966/4175 4198/3442/4198

usemtl material_874
f 3609/3380/3609 3604/3422/3604 3606/3441/3606

usemtl material_2599
f 4172/3397/4172 4174/3341/4174 4173/3423/4173

usemtl material_2600
vt 0.0679552 0.9247617
vt 0.0741547 0.9250797
f 4053/3443/4053 4065/3398/4065 4047/3444/4047

usemtl material_2601
f 4047/3444/4047 4065/3398/4065 4066/3382/4066

usemtl material_2602
f 4047/3444/4047 4066/3382/4066 4067/3399/4067

usemtl material_2603
f 4173/3423/4173 4065/3398/4065 4053/3443/4053

usemtl material_943
vt 0.9653445 0.7172803
f 3387/3425/3387 3382/3362/3382 3386/3445/3386

usemtl material_931
f 3386/3445/3386 3382/3362/3382 3315/2053/3315

usemtl material_2604
f 3386/3445/3386 3315/2053/3315 3297/2067/3297

usemtl material_1983
vt 0.8813415 0.5001475
f 2950/3446/2950 2931/3384/2931 2922/3347/2922

usemtl material_2344
f 2945/3403/2945 2934/3348/2934 2947/3404/2947

usemtl material_2193
vt 0.2984569 0.9130693
f 3868/3447/3868 3872/3427/3872 3851/2074/3851

usemtl material_2605
f 3872/3427/3872 3861/2075/3861 3851/2074/3851

usemtl material_2606
vt 0.1641965 0.9764857
f 4243/3448/4243 4244/3385/4244 4140/3428/4140

usemtl material_1951
f 2948/3405/2948 2954/3247/2954 2923/3363/2923

usemtl material_2556
vt 0.1750512 0.9974710
f 4138/3408/4138 4136/2023/4136 4147/3449/4147

usemtl material_2607
f 4147/3449/4147 4136/2023/4136 4241/2022/4241

usemtl material_167
vt 0.7843966 0.5217984
f 2864/3410/2864 2873/3329/2873 2872/3450/2872

usemtl material_2608
f 1610/2060/1610 1611/2027/1611 1582/1936/1582

usemtl material_1965
vt 0.7711267 0.5190946
f 3007/3451/3007 2971/3254/2971 3010/3330/3010

usemtl material_485
f 1821/2039/1821 1816/2040/1816 1799/1947/1799

usemtl material_648
vt 0.6633343 0.6985925
f 2423/3452/2423 2405/3366/2405 2409/3411/2409

usemtl material_670
vt 0.6651665 0.6450219
f 2411/3369/2411 2408/3370/2408 2433/3453/2433

usemtl material_2405
vt 0.1372998 0.0124053
vt 0.1488445 0.0061250
vt 0.1551553 0.0266078
f 346/3454/346 342/3455/342 329/3456/329

usemtl material_2609
vt 0.1581718 0.0134887
f 329/3456/329 342/3455/342 340/3457/340

usemtl material_482
vt 0.5072089 0.0258351
f 333/3437/333 344/3438/344 326/3458/326

usemtl material_267
f 344/3438/344 345/3417/345 343/2086/343

usemtl material_40
f 345/3417/345 428/2084/428 343/2086/343

usemtl material_2610
vt 0.5396362 0.2908256
vt 0.5433441 0.2935108
f 3617/3459/3617 3613/3355/3613 3611/3460/3611

usemtl material_2611
f 3613/3355/3613 3612/3419/3612 3607/3440/3607
f 3611/3460/3611 3613/3355/3613 3607/3440/3607

usemtl material_1290
f 3627/3418/3627 3628/3356/3628 3626/3421/3626

usemtl material_1055
vt 0.5755916 0.2963440
f 3607/3440/3607 3606/3441/3606 3603/3461/3603

usemtl material_682
f 3603/3461/3603 3606/3441/3606 3604/3422/3604
f 3603/3461/3603 3604/3422/3604 3605/3420/3605

usemtl material_1937
vt 0.9596930 0.4798245
f 2791/3381/2791 2780/3282/2780 2793/3462/2793

usemtl material_2612
f 2793/3462/2793 2780/3282/2780 2783/3326/2783

usemtl material_2613
vt 0.0801587 0.9253682
f 4047/3444/4047 4067/3399/4067 4051/3463/4051

usemtl material_2614
f 4051/3463/4051 4067/3399/4067 4082/3424/4082

usemtl material_2615
vt 0.9827082 0.7177618
f 3405/3464/3405 3412/3400/3412 3403/3401/3403

usemtl material_915
f 3403/3401/3403 3387/3425/3387 3405/3464/3405

usemtl material_482
vt 0.9689429 0.7221082
f 3405/3464/3405 3387/3425/3387 3385/3465/3385

usemtl material_1996
f 2810/3402/2810 2770/3346/2770 2944/3426/2944

usemtl material_1983
f 2950/3446/2950 2922/3347/2922 2945/3403/2945

usemtl material_1162
f 3803/2071/3803 3791/2069/3791 3790/1991/3790

usemtl material_339
f 3790/1991/3790 3723/2070/3723 3718/2055/3718

usemtl material_2616
vt 0.1606214 0.9784797
vt 0.1596557 0.9825088
f 4248/3466/4248 4243/3448/4243 4142/3467/4142

usemtl material_2617
f 4142/3467/4142 4243/3448/4243 4140/3428/4140

usemtl material_1956
vt 0.7838513 0.5277678
f 2979/3468/2979 2971/3254/2971 3007/3451/3007

usemtl material_2618
vt 0.6641629 0.7626261
f 2425/3469/2425 2416/3429/2416 2407/3364/2407

usemtl material_2507
vt 0.6645333 0.7521102
f 2407/3364/2407 2371/2048/2371 2418/3470/2418

usemtl material_47
vt 0.6628962 0.7452192
f 2418/3470/2418 2371/2048/2371 2419/3471/2419

usemtl material_446
f 2419/3471/2419 2371/2048/2371 2412/2047/2412

usemtl material_130
vt 0.6608325 0.7295353
f 2412/2047/2412 2404/3365/2404 2421/3472/2421

usemtl material_2619
vt 0.6642142 0.7396301
f 2422/3473/2422 2412/2047/2412 2421/3472/2421

usemtl material_84
vt 0.6642305 0.7234921
f 2421/3472/2421 2404/3365/2404 2420/3474/2420

usemtl material_446
f 2420/3474/2420 2404/3365/2404 2406/3387/2406

usemtl material_69
f 2420/3474/2420 2406/3387/2406 2405/3366/2405

usemtl material_42
vt 0.6616111 0.7088918
f 2424/3475/2424 2405/3366/2405 2423/3452/2423

usemtl material_440
vt 0.6631764 0.6857339
f 2423/3452/2423 2409/3411/2409 2427/3476/2427

usemtl material_89
f 2409/3411/2409 2410/3367/2410 2427/3476/2427

usemtl material_519
vt 0.6629870 0.6752267
f 2427/3476/2427 2410/3367/2410 2426/3477/2426

usemtl material_1858
f 2426/3477/2426 2410/3367/2410 2413/3368/2413

usemtl material_529
vt 0.6638513 0.6607519
f 2413/3368/2413 2414/3388/2414 2428/3478/2428

usemtl material_341
f 2428/3478/2428 2414/3388/2414 2411/3369/2411

usemtl material_1886
vt 0.6649602 0.6496851
f 2430/3479/2430 2411/3369/2411 2433/3453/2433

usemtl material_366
vt 0.6635970 0.6324074
f 2429/3480/2429 2408/3370/2408 2417/3430/2417

usemtl material_253
f 415/2085/415 428/2084/428 427/3390/427

usemtl material_179
vt 0.5398028 0.0242639
f 415/2085/415 427/3390/427 408/3481/408

usemtl material_1913
vt 0.5500602 0.0100351
f 427/3390/427 423/3482/423 408/3481/408

usemtl material_148
vt 0.5730299 0.0130382
f 408/3481/408 423/3482/423 422/3483/422
vt 0.6047345 0.0286973
vt 0.6071066 0.0129477
vt 0.6383793 0.0122604
f 409/3484/409 425/3485/425 424/3486/424

usemtl material_1124
vt 0.6627260 0.6127707
f 2567/3412/2567 2559/3392/2559 2585/3487/2585
vt 0.6620637 0.6166396
f 2586/3488/2586 2567/3412/2567 2585/3487/2585

usemtl material_1314
vt 0.1372536 0.0270634
f 332/3489/332 346/3454/346 329/3456/329

usemtl material_1590
f 326/3458/326 344/3438/344 343/2086/343

usemtl material_2620
vt 0.3711551 0.0300726
vt 0.3518732 0.0144541
f 324/3490/324 337/3491/337 336/3432/336

usemtl material_2621
vt 0.4163887 0.0304668
f 336/3432/336 334/3434/334 320/3492/320

usemtl material_2622
vt 0.4676608 0.0294505
f 334/3434/334 335/3435/335 321/3493/321

usemtl material_2623
f 335/3435/335 333/3437/333 321/3493/321

usemtl material_2624
vt 0.5019283 0.0292469
f 321/3493/321 333/3437/333 322/3494/322

usemtl material_490
f 322/3494/322 333/3437/333 326/3458/326

usemtl material_2597
vt 0.9932663 0.4667959
f 3002/3495/3002 3034/3439/3034 2970/3353/2970

usemtl material_1118
vt 0.9676551 0.4809093
f 2789/3291/2789 2791/3381/2791 2792/3496/2792

usemtl material_1351
vt 0.5763521 0.2931913
f 3611/3460/3611 3607/3440/3607 3608/3497/3608
f 3607/3440/3607 3603/3461/3603 3608/3497/3608

usemtl material_682
f 3608/3497/3608 3603/3461/3603 3605/3420/3605
f 3608/3497/3608 3605/3420/3605 3627/3418/3627

usemtl material_1074
f 3608/3497/3608 3627/3418/3627 3626/3421/3626

usemtl material_2625
vt 0.5961896 0.2881098
f 3626/3421/3626 3630/3357/3630 3661/3498/3661

usemtl material_2626
f 4198/3442/4198 4175/1966/4175 4172/3397/4172

usemtl material_2627
vt 0.0690517 0.9307950
f 4049/3499/4049 4173/3423/4173 4053/3443/4053

usemtl material_2628
vt 0.0675798 0.9373230
f 4171/3500/4171 4173/3423/4173 4049/3499/4049

usemtl material_2629
f 4049/3499/4049 4053/3443/4053 4047/3444/4047

usemtl material_2630
vt 0.0861491 0.9276343
f 4081/3501/4081 4051/3463/4051 4082/3424/4082

usemtl material_2631
vt 0.0825411 0.9297345
f 4068/3502/4068 4051/3463/4051 4081/3501/4081

usemtl material_375
f 3387/3425/3387 3386/3445/3386 3385/3465/3385

usemtl material_2122
f 3385/3465/3385 3386/3445/3386 3324/2107/3324

usemtl material_2632
f 3324/2107/3324 3386/3445/3386 3297/2067/3297

usemtl material_1996
f 2809/2331/2809 2784/3327/2784 2810/3402/2810

usemtl material_108
f 3791/2069/3791 3787/2137/3787 3723/2070/3723

usemtl material_2633
f 3868/3447/3868 3851/2074/3851 3853/2111/3853

usemtl material_2634
vt 0.1537573 0.9812402
f 4249/3503/4249 4248/3466/4248 4142/3467/4142

usemtl material_2635
f 3860/2091/3860 3858/2109/3858 3850/2073/3850

usemtl material_2636
f 3846/2110/3846 3851/2074/3851 3850/2073/3850

usemtl material_2637
f 4140/3428/4140 4139/3386/4139 4138/3408/4138

usemtl material_1896
f 2872/3450/2872 2873/3329/2873 2979/3468/2979

usemtl material_2638
f 1618/2029/1618 1632/2118/1632 1617/2001/1617

usemtl material_1956
f 2873/3329/2873 2971/3254/2971 2979/3468/2979

usemtl material_22
f 1835/2008/1835 1841/2102/1841 1837/2036/1837

usemtl material_1573
f 1763/2103/1763 1761/2099/1761 1762/2037/1762

usemtl material_2639
f 2425/3469/2425 2407/3364/2407 2418/3470/2418

usemtl material_186
f 2419/3471/2419 2412/2047/2412 2422/3473/2422

usemtl material_604
f 2420/3474/2420 2405/3366/2405 2424/3475/2424

usemtl material_514
vt 0.6618934 0.6675068
f 2426/3477/2426 2413/3368/2413 2431/3504/2431

usemtl material_89
f 2431/3504/2431 2413/3368/2413 2428/3478/2428

usemtl material_195
f 2428/3478/2428 2411/3369/2411 2430/3479/2430

usemtl material_1397
f 2433/3453/2433 2408/3370/2408 2429/3480/2429

usemtl material_1185
vt 0.6603160 0.6267542
f 2417/3430/2417 2432/3371/2432 2587/3505/2587

usemtl material_384
f 2587/3505/2587 2432/3371/2432 2567/3412/2567

usemtl material_1315
f 2587/3505/2587 2567/3412/2567 2586/3488/2586

usemtl material_182
f 408/3481/408 422/3483/422 409/3484/409
f 422/3483/422 425/3485/425 409/3484/409
vt 0.6381732 0.0288187
f 409/3484/409 424/3486/424 410/3506/410

usemtl material_173
vt 0.6440515 0.0154833
f 410/3506/410 424/3486/424 426/3507/426

usemtl material_888
vt 0.6723842 0.0503049
f 2632/3375/2632 2634/3431/2634 2635/3508/2635

usemtl material_2640
vt 0.1930229 0.0280405
f 329/3456/329 340/3457/340 328/3509/328

usemtl material_2641
vt 0.2107320 0.0142615
f 340/3457/340 338/3510/338 328/3509/328

usemtl material_2642
vt 0.2646828 0.0151856
vt 0.2335335 0.0287827
f 338/3510/338 339/3511/339 330/3512/330

usemtl material_2643
f 328/3509/328 338/3510/338 330/3512/330

usemtl material_2644
vt 0.2763417 0.0280108
f 330/3512/330 339/3511/339 331/3513/331

usemtl material_2645
vt 0.3168187 0.0139520
vt 0.3215222 0.0285020
f 339/3511/339 341/3514/341 323/3515/323

usemtl material_2380
f 331/3513/331 339/3511/339 323/3515/323

usemtl material_2646
f 341/3514/341 337/3491/337 323/3515/323

usemtl material_2647
f 323/3515/323 337/3491/337 324/3490/324

usemtl material_2648
f 324/3490/324 336/3432/336 320/3492/320

usemtl material_2649
f 320/3492/320 334/3434/334 321/3493/321

usemtl material_347
vt 0.5162405 0.0296766
f 326/3458/326 343/2086/343 327/3516/327

usemtl material_253
f 327/3516/327 343/2086/343 415/2085/415

usemtl material_1440
vt 0.9985245 0.4654968
f 3054/3517/3054 3034/3439/3034 3002/3495/3002

usemtl material_1467
vt 0.9886692 0.4698222
f 2970/3353/2970 2894/3396/2894 2895/3518/2895

usemtl material_851
f 3002/3495/3002 2970/3353/2970 2895/3518/2895

usemtl material_2220
f 2895/3518/2895 2894/3396/2894 2797/3319/2797

usemtl material_1496
f 2799/3354/2799 2789/3291/2789 2792/3496/2792

usemtl material_2650
f 3611/3460/3611 3608/3497/3608 3617/3459/3617

usemtl material_2651
vt 0.5765143 0.2912035
f 3617/3459/3617 3608/3497/3608 3625/3519/3625

usemtl material_2452
f 3625/3519/3625 3608/3497/3608 3626/3421/3626

usemtl material_2652
f 4172/3397/4172 4173/3423/4173 4171/3500/4171

usemtl material_2653
vt 0.0698807 0.9376355
f 4171/3500/4171 4049/3499/4049 4170/3520/4170

usemtl material_2654
vt 0.0727693 0.9350768
f 4170/3520/4170 4049/3499/4049 4046/3521/4046

usemtl material_2655
f 4049/3499/4049 4047/3444/4047 4046/3521/4046

usemtl material_2656
vt 0.0805379 0.9357253
f 4046/3521/4046 4047/3444/4047 4048/3522/4048

usemtl material_2657
f 4048/3522/4048 4047/3444/4047 4051/3463/4051

usemtl material_2658
f 4048/3522/4048 4051/3463/4051 4068/3502/4068

usemtl material_1951
vt 0.9537069 0.4933440
f 2804/3523/2804 2784/3327/2784 2809/2331/2809

usemtl material_2659
vt 0.0882591 0.9342434
f 4068/3502/4068 4081/3501/4081 4083/3524/4083

usemtl material_1379
vt 0.9846042 0.7243111
vt 0.9705510 0.7279371
f 3411/3525/3411 3405/3464/3405 3383/3526/3383

usemtl material_2054
f 3383/3526/3383 3405/3464/3405 3385/3465/3385

usemtl material_375
f 3385/3465/3385 3324/2107/3324 3383/3526/3383

usemtl material_2344
vt 0.8710860 0.5147383
f 2950/3446/2950 2945/3403/2945 2951/3527/2951

usemtl material_405
vt 0.9326833 0.1275318
f 3804/3528/3804 3787/2137/3787 3791/2069/3791

usemtl material_2660
vt 0.2996258 0.9009963
f 3863/3529/3863 3868/3447/3868 3853/2111/3853

usemtl material_2661
f 3803/2071/3803 3804/3528/3804 3791/2069/3791

usemtl material_2662
f 3858/2109/3858 3848/2161/3848 3850/2073/3850

usemtl material_2663
vt 0.1615841 0.9945256
f 4142/3467/4142 4140/3428/4140 4141/3530/4141

usemtl material_2664
f 4141/3530/4141 4140/3428/4140 4138/3408/4138

usemtl material_2665
f 3568/2166/3568 3538/2078/3538 3537/2142/3537

usemtl material_343
f 2138/2005/2138 2149/2129/2149 2165/2080/2165

usemtl material_2579
vt 0.1205527 0.0228726
vt 0.1229295 0.0145103
vt 0.1244883 0.0269985
f 626/3531/626 652/3532/652 635/3533/635

usemtl material_122
vt 0.5201343 0.0308247
f 327/3516/327 415/2085/415 406/3534/406

usemtl material_2666
f 3312/2087/3312 3317/2014/3317 3314/2104/3314

usemtl material_2667
f 2792/3496/2792 2791/3381/2791 2793/3462/2793

usemtl material_1614
vt 0.9027302 0.8975312
vt 0.9027358 0.8933396
vt 0.8812506 0.8968499
f 3111/3535/3111 3108/3536/3108 3110/3537/3110

usemtl material_1351
vt 0.8652092 0.8927845
f 3108/3536/3108 3109/3538/3109 3110/3537/3110

usemtl material_2270
vt 0.8484224 0.8971506
f 3110/3537/3110 3109/3538/3109 3112/3539/3112

usemtl material_2668
vt 0.8499398 0.8934708
f 3109/3538/3109 3113/3540/3113 3112/3539/3112

usemtl material_2669
vt 0.0537598 0.9341389
f 4198/3442/4198 4172/3397/4172 4199/3541/4199

usemtl material_2670
vt 0.0625656 0.9442222
f 4172/3397/4172 4171/3500/4171 4169/3542/4169

usemtl material_2671
vt 0.0731372 0.9412414
f 4055/3543/4055 4170/3520/4170 4046/3521/4046

usemtl material_2672
vt 0.0850874 0.9381738
f 4048/3522/4048 4068/3502/4068 4052/3544/4052

usemtl material_2673
f 4052/3544/4052 4068/3502/4068 4083/3524/4083

usemtl material_2674
f 3383/3526/3383 3324/2107/3324 3332/2160/3332

usemtl material_528
f 3411/3525/3411 3383/3526/3383 3384/2210/3384

usemtl material_2116
vt 0.9864457 0.7313473
f 3413/3545/3413 3411/3525/3411 3384/2210/3384

usemtl material_1983
vt 0.8937442 0.5062007
f 2944/3426/2944 2931/3384/2931 2952/3546/2952

usemtl material_2675
vt 0.3046863 0.8947318
f 3844/3547/3844 3863/3529/3863 3846/2110/3846

usemtl material_2612
vt 0.8499647 0.5192155
f 2946/3548/2946 2945/3403/2945 2947/3404/2947

usemtl material_2676
vt 0.3186670 0.9037777
f 3856/3549/3856 3848/2161/3848 3858/2109/3858

usemtl material_2677
f 3863/3529/3863 3853/2111/3853 3846/2110/3846

usemtl material_2678
f 3859/2108/3859 3856/3549/3856 3858/2109/3858

usemtl material_2679
vt 0.1472415 0.9848773
vt 0.1455491 0.9819184
f 4143/3550/4143 4250/3551/4250 4249/3503/4249

usemtl material_2680
f 3850/2073/3850 3848/2161/3848 3846/2110/3846

usemtl material_2681
f 4143/3550/4143 4249/3503/4249 4142/3467/4142

usemtl material_2225
f 4143/3550/4143 4142/3467/4142 4141/3530/4141

usemtl material_2682
vt 0.1719019 0.9994919
f 4141/3530/4141 4138/3408/4138 4146/3552/4146

usemtl material_2683
f 4146/3552/4146 4138/3408/4138 4147/3449/4147

usemtl material_2475
vt 0.8210295 0.5237973
f 2948/3405/2948 2923/3363/2923 2930/3553/2930

usemtl material_1313
vt 0.7783338 0.5295365
f 2979/3468/2979 3007/3451/3007 3026/3554/3026

usemtl material_801
f 1761/2099/1761 1627/2121/1627 1625/2079/1625

usemtl material_42
f 1857/2131/1857 1863/2132/1863 1827/2065/1827

usemtl material_2684
vt 0.0037460 0.0182036
vt 0.0131877 0.0177701
vt 0.0079051 0.0343947
f 634/3555/634 629/3556/629 597/3557/597

usemtl material_267
vt 0.0193550 0.0196204
vt 0.0243736 0.0182046
vt 0.0237728 0.0307585
f 630/3558/630 633/3559/633 599/3560/599

usemtl material_271
vt 0.0333689 0.0220388
f 599/3560/599 633/3559/633 632/3561/632

usemtl material_2685
vt 0.0388431 0.0184932
vt 0.0339622 0.0320833
f 632/3561/632 625/3562/625 593/3563/593

usemtl material_42
vt 0.0519050 0.0216461
f 593/3563/593 625/3562/625 624/3564/624

usemtl material_1346
vt 0.0611975 0.0200438
vt 0.0727383 0.0206229
vt 0.0686688 0.0329087
f 621/3565/621 622/3566/622 596/3567/596

usemtl material_2686
vt 0.1043821 0.0343399
vt 0.1051570 0.0201749
vt 0.1093306 0.0203014
f 595/3568/595 628/3569/628 627/3570/627

usemtl material_179
f 415/2085/415 408/3481/408 406/3534/406

usemtl material_148
vt 0.5315675 0.0391587
f 406/3534/406 408/3481/408 394/3571/394
vt 0.5497302 0.0390165
f 394/3571/394 408/3481/408 395/3572/395

usemtl material_182
f 395/3572/395 408/3481/408 409/3484/409

usemtl material_68
vt 0.6445000 0.0385262
f 410/3506/410 426/3507/426 403/3573/403

usemtl material_10
vt 0.6476546 0.0305286
f 403/3573/403 426/3507/426 429/3574/429

usemtl material_2405
vt 0.1401221 0.0418149
f 332/3489/332 329/3456/329 309/3575/309

usemtl material_2687
vt 0.1567812 0.0431919
f 309/3575/309 329/3456/329 310/3576/310

usemtl material_2688
f 310/3576/310 329/3456/329 328/3509/328

usemtl material_2689
vt 0.2555256 0.0384148
f 330/3512/330 331/3513/331 318/3577/318

usemtl material_2690
vt 0.3106346 0.0370790
f 318/3577/318 331/3513/331 319/3578/319

usemtl material_2691
f 319/3578/319 331/3513/331 323/3515/323

usemtl material_2692
vt 0.3821703 0.0451201
f 305/3579/305 324/3490/324 320/3492/320

usemtl material_47
vt 0.5159881 0.0367646
f 326/3458/326 327/3516/327 325/3580/325

usemtl material_347
vt 0.5091531 0.0364971
f 316/3581/316 326/3458/326 325/3580/325

usemtl material_58
f 325/3580/325 327/3516/327 406/3534/406

usemtl material_2220
vt 0.9854961 0.4796578
f 2895/3518/2895 2797/3319/2797 2845/3582/2845

usemtl material_2269
vt 0.9771072 0.4861717
f 2797/3319/2797 2799/3354/2799 2800/3583/2800

usemtl material_2220
f 2845/3582/2845 2797/3319/2797 2800/3583/2800

usemtl material_1170
vt 0.8902368 0.9063555
f 3118/3584/3118 3111/3535/3111 3110/3537/3110

usemtl material_682
vt 0.8631237 0.9049714
f 3118/3584/3118 3110/3537/3110 3114/3585/3114

usemtl material_2625
f 3114/3585/3114 3110/3537/3110 3112/3539/3112

usemtl material_2693
vt 0.8484174 0.9076520
f 3112/3539/3112 3115/3586/3115 3114/3585/3114

usemtl material_2694
f 3294/2207/3294 3297/2067/3297 3298/2088/3298

usemtl material_2344
f 2793/3462/2793 2783/3326/2783 2784/3327/2784

usemtl material_1545
f 4172/3397/4172 4169/3542/4169 4199/3541/4199

usemtl material_1943
f 2793/3462/2793 2784/3327/2784 2804/3523/2804

usemtl material_2695
f 4169/3542/4169 4171/3500/4171 4170/3520/4170

usemtl material_2696
vt 0.0722583 0.9451147
f 4170/3520/4170 4055/3543/4055 4168/3587/4168

usemtl material_2697
vt 0.0831899 0.9422371
f 4046/3521/4046 4048/3522/4048 4050/3588/4050

usemtl material_2698
f 4050/3588/4050 4048/3522/4048 4052/3544/4052

usemtl material_2699
vt 0.0762385 0.9465777
f 4055/3543/4055 4064/3589/4064 4168/3587/4168

usemtl material_2700
vt 0.0826811 0.9499346
f 4055/3543/4055 4046/3521/4046 4054/3590/4054

usemtl material_2701
f 4064/3589/4064 4055/3543/4055 4054/3590/4054

usemtl material_2702
f 4054/3590/4054 4046/3521/4046 4050/3588/4050

usemtl material_2703
vt 0.0781143 0.9513871
f 4168/3587/4168 4064/3589/4064 4063/3591/4063

usemtl material_2704
vt 0.0915343 0.9407856
f 4052/3544/4052 4083/3524/4083 4084/3592/4084

usemtl material_2705
vt 0.0885541 0.9441707
f 4052/3544/4052 4084/3592/4084 4059/3593/4059

usemtl material_279
f 3384/2210/3384 3383/3526/3383 3332/2160/3332

usemtl material_1996
f 2953/2332/2953 2810/3402/2810 2944/3426/2944

usemtl material_2344
f 2952/3546/2952 2931/3384/2931 2950/3446/2950

usemtl material_2706
vt 0.9353430 0.1179920
f 3805/3594/3805 3788/2215/3788 3787/2137/3787

usemtl material_791
f 3787/2137/3787 3788/2215/3788 3724/2138/3724

usemtl material_2707
vt 0.3005697 0.8894330
f 3865/3595/3865 3863/3529/3863 3844/3547/3844

usemtl material_2708
f 3805/3594/3805 3787/2137/3787 3804/3528/3804

usemtl material_2709
vt 0.3210967 0.8980930
vt 0.3191923 0.8959522
f 3857/3596/3857 3855/3597/3855 3856/3549/3856

usemtl material_2710
f 3856/3549/3856 3855/3597/3855 3848/2161/3848

usemtl material_2711
vt 0.3125782 0.8856960
f 3848/2161/3848 3855/3597/3855 3847/3598/3847

usemtl material_2712
f 3845/2162/3845 3844/3547/3844 3846/2110/3846

usemtl material_2713
f 4145/2217/4145 4250/3551/4250 4143/3550/4143

usemtl material_877
vt 0.1500432 0.9956630
f 4143/3550/4143 4141/3530/4141 4144/3599/4144

usemtl material_2714
vt 0.1627408 0.9974648
f 4144/3599/4144 4141/3530/4141 4149/3600/4149

usemtl material_2715
f 4149/3600/4149 4141/3530/4141 4146/3552/4146

usemtl material_1353
f 2947/3404/2947 2948/3405/2948 2930/3553/2930

usemtl material_1147
vt 0.7072095 0.9238538
f 2712/2185/2712 2700/2184/2700 2734/3601/2734

usemtl material_1170
f 2734/3601/2734 2700/2184/2700 2702/2187/2702

usemtl material_2716
vt 0.6984200 0.9172975
vt 0.7028022 0.9179801
vt 0.6991929 0.9258261
f 2749/3602/2749 2747/3603/2747 2748/3604/2748

usemtl material_1170
vt 0.6997123 0.9484653
f 2746/3605/2746 2742/2190/2742 2743/2192/2743

usemtl material_2717
f 1634/2120/1634 1689/2200/1689 1663/2124/1663

usemtl material_139
f 1665/2169/1665 1627/2121/1627 1761/2099/1761

usemtl material_2718
vt 0.0951844 0.0208558
f 631/3606/631 628/3569/628 595/3568/595

usemtl material_58
vt 0.0187906 0.0360717
f 629/3556/629 630/3558/630 598/3607/598

usemtl material_646
f 597/3557/597 629/3556/629 598/3607/598

usemtl material_40
f 598/3607/598 630/3558/630 599/3560/599

usemtl material_11
vt 0.0890390 0.0226161
vt 0.0940287 0.0355501
f 620/3608/620 631/3606/631 594/3609/594

usemtl material_2719
vt 0.1089908 0.0353540
f 595/3568/595 627/3570/627 592/3610/592

usemtl material_611
f 592/3610/592 627/3570/627 626/3531/626

usemtl material_1255
vt 0.1337485 0.0272047
vt 0.1346454 0.0385883
f 635/3533/635 430/3611/430 314/3612/314

usemtl material_2054
f 430/3611/430 332/3489/332 314/3612/314

usemtl material_725
f 314/3612/314 332/3489/332 309/3575/309

usemtl material_2720
f 318/3577/318 328/3509/328 330/3512/330

usemtl material_2721
vt 0.3401444 0.0443110
f 319/3578/319 323/3515/323 307/3613/307

usemtl material_2722
f 307/3613/307 323/3515/323 324/3490/324

usemtl material_94
vt 0.5200647 0.0420992
f 325/3580/325 406/3534/406 397/3614/397

usemtl material_2723
vt 0.4224696 0.0454684
f 305/3579/305 320/3492/320 306/3615/306

usemtl material_2724
vt 0.4564749 0.0456859
f 320/3492/320 321/3493/321 303/3616/303

usemtl material_1965
vt 0.5013682 0.0457903
f 304/3617/304 322/3494/322 326/3458/326

usemtl material_2725
f 304/3617/304 326/3458/326 316/3581/316

usemtl material_1311
f 2800/3583/2800 2799/3354/2799 2792/3496/2792

usemtl material_792
vt 0.9029317 0.9093084
f 3120/3618/3120 3111/3535/3111 3118/3584/3118

usemtl material_2726
vt 0.8496592 0.9177065
f 3114/3585/3114 3115/3586/3115 3116/3619/3116

usemtl material_1265
vt 0.8601829 0.9156621
f 3118/3584/3118 3114/3585/3114 3117/3620/3117

usemtl material_682
vt 0.8839872 0.9176828
f 3119/3621/3119 3118/3584/3118 3117/3620/3117

usemtl material_1631
f 3117/3620/3117 3114/3585/3114 3116/3619/3116

usemtl material_2727
f 4169/3542/4169 4170/3520/4170 4168/3587/4168

usemtl material_2728
vt 0.0771837 0.9540869
f 4168/3587/4168 4063/3591/4063 4166/3622/4166

usemtl material_2729
vt 0.0886250 0.9560657
f 4054/3590/4054 4050/3588/4050 4056/3623/4056

usemtl material_2730
f 4050/3588/4050 4052/3544/4052 4059/3593/4059

usemtl material_2731
f 4063/3591/4063 4064/3589/4064 4054/3590/4054

usemtl material_2732
vt 0.0962623 0.9500940
f 4059/3593/4059 4084/3592/4084 4086/3624/4086

usemtl material_2733
vt 0.0908375 0.9502113
f 4059/3593/4059 4086/3624/4086 4057/3625/4057

usemtl material_2734
vt 0.9902437 0.7411621
f 3414/3626/3414 3413/3545/3413 3389/2211/3389

usemtl material_145
f 3413/3545/3413 3384/2210/3384 3389/2211/3389

usemtl material_528
vt 0.9380596 0.1099031
f 3811/3627/3811 3792/2213/3792 3788/2215/3788

usemtl material_2735
f 3805/3594/3805 3811/3627/3811 3788/2215/3788

usemtl material_2736
f 2951/3527/2951 2945/3403/2945 2946/3548/2946

usemtl material_2737
f 3864/2239/3864 3865/3595/3865 3844/3547/3844

usemtl material_2738
vt 0.3055971 0.8838125
f 3841/3628/3841 3864/2239/3864 3844/3547/3844

usemtl material_29
f 3724/2138/3724 3788/2215/3788 3702/2216/3702

usemtl material_2739
vt 0.1328126 0.9838229
f 4252/3629/4252 4253/2219/4253 4151/2218/4151

usemtl material_2740
vt 0.3192247 0.8908018
f 3855/3597/3855 3854/3630/3854 3847/3598/3847

usemtl material_2741
f 3848/2161/3848 3847/3598/3847 3845/2162/3845

usemtl material_2742
f 4145/2217/4145 4143/3550/4143 4144/3599/4144

usemtl material_1149
vt 0.7090625 0.9181017
f 2713/3631/2713 2712/2185/2712 2734/3601/2734

usemtl material_2743
vt 0.7119603 0.9726155
vt 0.7049578 0.9730517
f 2703/2188/2703 2728/3632/2728 2740/3633/2740

usemtl material_2335
vt 0.7127046 0.9775988
f 2740/3633/2740 2728/3632/2728 2731/3634/2731

usemtl material_2743
vt 0.7048336 0.9225177
f 2747/3603/2747 2713/3631/2713 2744/3635/2744

usemtl material_1149
f 2744/3635/2744 2713/3631/2713 2734/3601/2734

usemtl material_1148
f 2734/3601/2734 2702/2187/2702 2744/3635/2744

usemtl material_2413
f 2744/3635/2744 2702/2187/2702 2740/3633/2740

usemtl material_2744
f 2740/3633/2740 2702/2187/2702 2703/2188/2703

usemtl material_2745
f 2740/3633/2740 2731/3634/2731 2741/2191/2741

usemtl material_2746
vt 0.7021305 0.9259882
f 2747/3603/2747 2744/3635/2744 2745/3636/2745

usemtl material_1614
f 2745/3636/2745 2744/3635/2744 2742/2190/2742

usemtl material_1631
f 2744/3635/2744 2740/3633/2740 2742/2190/2742

usemtl material_2747
f 2742/2190/2742 2740/3633/2740 2741/2191/2741

usemtl material_2413
f 2747/3603/2747 2745/3636/2745 2748/3604/2748

usemtl material_1408
f 2748/3604/2748 2745/3636/2745 2746/3605/2746

usemtl material_1170
f 2745/3636/2745 2742/2190/2742 2746/3605/2746

usemtl material_1118
vt 0.8210058 0.5337996
f 2930/3553/2930 2923/3363/2923 2884/3637/2884

usemtl material_1517
f 2884/3637/2884 2923/3363/2923 2883/3409/2883

usemtl material_1311
vt 0.8110736 0.5371824
f 2861/3638/2861 2883/3409/2883 2864/3410/2864

usemtl material_1480
vt 0.7965507 0.5336645
f 2863/3639/2863 2864/3410/2864 2872/3450/2872

usemtl material_1467
f 2863/3639/2863 2872/3450/2872 2979/3468/2979

usemtl material_1573
f 1665/2169/1665 1761/2099/1761 1940/2230/1940

usemtl material_2618
vt 0.0033011 0.0405813
f 619/3640/619 634/3555/634 597/3557/597

usemtl material_2748
f 599/3560/599 632/3561/632 593/3563/593

usemtl material_1858
vt 0.0587903 0.0355129
f 593/3563/593 624/3564/624 587/3641/587

usemtl material_267
f 587/3641/587 624/3564/624 621/3565/621

usemtl material_2749
f 587/3641/587 621/3565/621 596/3567/596
vt 0.0785449 0.0361897
f 596/3567/596 622/3566/622 588/3642/588

usemtl material_1746
vt 0.0821582 0.0211883
f 622/3566/622 623/3643/623 588/3642/588

usemtl material_48
f 588/3642/588 623/3643/623 620/3608/620

usemtl material_358
vt 0.0884131 0.0357812
f 588/3642/588 620/3608/620 589/3644/589

usemtl material_61
f 589/3644/589 620/3608/620 594/3609/594

usemtl material_62
f 594/3609/594 631/3606/631 595/3568/595

usemtl material_672
vt 0.1202103 0.0377846
f 592/3610/592 626/3531/626 591/3645/591

usemtl material_820
f 591/3645/591 626/3531/626 635/3533/635

usemtl material_935
vt 0.1242661 0.0400026
f 618/3646/618 635/3533/635 314/3612/314

usemtl material_40
f 406/3534/406 394/3571/394 397/3614/397

usemtl material_148
vt 0.6382617 0.0416912
f 395/3572/395 409/3484/409 398/3647/398

usemtl material_646
f 409/3484/409 410/3506/410 398/3647/398

usemtl material_933
f 398/3647/398 410/3506/410 403/3573/403

usemtl material_90
vt 0.6476099 0.0472256
f 403/3573/403 429/3574/429 412/3648/412

usemtl material_2750
vt 0.2083486 0.0439935
f 311/3649/311 310/3576/310 328/3509/328

usemtl material_2751
f 328/3509/328 318/3577/318 311/3649/311

usemtl material_2752
vt 0.2947844 0.0462554
f 318/3577/318 319/3578/319 308/3650/308

usemtl material_2753
f 307/3613/307 324/3490/324 305/3579/305

usemtl material_2754
f 306/3615/306 320/3492/320 303/3616/303

usemtl material_2755
f 303/3616/303 321/3493/321 304/3617/304

usemtl material_2756
f 304/3617/304 321/3493/321 322/3494/322

usemtl material_267
vt 0.5159999 0.0444521
f 316/3581/316 325/3580/325 312/3651/312

usemtl material_108
vt 0.5091935 0.0527390
f 301/3652/301 316/3581/316 312/3651/312

usemtl material_149
f 312/3651/312 325/3580/325 397/3614/397

usemtl material_1440
vt 0.9945239 0.4821835
f 3046/3653/3046 3054/3517/3054 3002/3495/3002

usemtl material_1467
vt 0.9869253 0.4876035
f 3002/3495/3002 2895/3518/2895 2991/3654/2991
f 2991/3654/2991 2895/3518/2895 2845/3582/2845

usemtl material_2757
vt 0.9031866 0.9213346
f 3121/3655/3121 3120/3618/3120 3118/3584/3118

usemtl material_2758
vt 0.8985023 0.9255208
f 3121/3655/3121 3118/3584/3118 3122/3656/3122

usemtl material_682
f 3122/3656/3122 3118/3584/3118 3119/3621/3119

usemtl material_2759
vt 0.0585239 0.9420142
f 4268/3657/4268 4199/3541/4199 4169/3542/4169

usemtl material_2760
vt 0.0663761 0.9529207
f 4268/3657/4268 4169/3542/4169 4167/3658/4167

usemtl material_2761
f 4169/3542/4169 4168/3587/4168 4167/3658/4167

usemtl material_2762
f 4167/3658/4167 4168/3587/4168 4166/3622/4166

usemtl material_2763
vt 0.0699079 0.9600420
f 4167/3658/4167 4166/3622/4166 4165/3659/4165

usemtl material_2764
f 4056/3623/4056 4050/3588/4050 4057/3625/4057

usemtl material_2765
f 4057/3625/4057 4050/3588/4050 4059/3593/4059

usemtl material_2766
vt 0.0812659 0.9579886
f 4061/3660/4061 4166/3622/4166 4063/3591/4063

usemtl material_2767
f 4061/3660/4061 4063/3591/4063 4054/3590/4054

usemtl material_2768
vt 0.0935268 0.9550630
f 4057/3625/4057 4086/3624/4086 4058/3661/4058

usemtl material_120
f 3389/2211/3389 3332/2160/3332 3336/2232/3336

usemtl material_351
vt 0.9809518 0.7561855
f 3414/3626/3414 3389/2211/3389 3396/3662/3396

usemtl material_164
f 3396/3662/3396 3389/2211/3389 3336/2232/3336

usemtl material_128
vt 0.9942847 0.7507774
vt 0.9853772 0.7548373
f 3417/3663/3417 3414/3626/3414 3415/3664/3415

usemtl material_2172
f 3415/3664/3415 3414/3626/3414 3396/3662/3396

usemtl material_1951
f 2953/2332/2953 2944/3426/2944 2952/3546/2952

usemtl material_772
f 20/2089/20 109/2180/109 98/2212/98
f 97/2181/97 98/2212/98 128/2235/128

usemtl material_771
f 97/2181/97 128/2235/128 125/2259/125

usemtl material_1176
vt 0.9424366 0.0997167
vt 0.9338036 0.0949004
f 3817/3665/3817 3813/3666/3813 3811/3627/3811

usemtl material_695
f 3811/3627/3811 3813/3666/3813 3792/2213/3792

usemtl material_348
vt 0.9303742 0.0931714
f 3813/3666/3813 3793/3667/3793 3792/2213/3792

usemtl material_124
f 3792/2213/3792 3793/3667/3793 3710/2214/3710

usemtl material_732
f 36/2240/36 97/2181/97 125/2259/125

usemtl material_2769
f 3838/2236/3838 3864/2239/3864 3841/3628/3841

usemtl material_2770
vt 0.1263672 0.9878702
vt 0.1265508 0.9845371
f 4153/3668/4153 4255/3669/4255 4252/3629/4252

usemtl material_2771
f 4153/3668/4153 4252/3629/4252 4151/2218/4151

usemtl material_2772
vt 0.3194714 0.8837460
f 3854/3630/3854 3852/3670/3852 3847/3598/3847

usemtl material_2773
vt 0.3087349 0.8820471
f 3840/3671/3840 3841/3628/3841 3844/3547/3844

usemtl material_2774
f 3847/3598/3847 3840/3671/3840 3845/2162/3845

usemtl material_2775
f 3845/2162/3845 3840/3671/3840 3844/3547/3844

usemtl material_2776
vt 0.1408238 0.9964392
f 4151/2218/4151 4145/2217/4145 4148/3672/4148

usemtl material_2777
f 4148/3672/4148 4145/2217/4145 4144/3599/4144

usemtl material_1069
vt 0.1486354 0.9977933
f 4148/3672/4148 4144/3599/4144 4254/3673/4254

usemtl material_2778
f 4254/3673/4254 4144/3599/4144 4149/3600/4149

usemtl material_1170
vt 0.7233092 0.9171748
vt 0.7210395 0.9211251
f 2713/3631/2713 2739/3674/2739 2711/3675/2711

usemtl material_682
vt 0.7267822 0.9367748
f 2711/3675/2711 2705/3676/2705 2701/2186/2701
vt 0.7255809 0.9649158
f 2705/3676/2705 2704/3677/2704 2701/2186/2701

usemtl material_1614
f 2701/2186/2701 2704/3677/2704 2703/2188/2703

usemtl material_1100
f 2703/2188/2703 2704/3677/2704 2724/2264/2724

usemtl material_2166
f 2724/2264/2724 2727/2266/2727 2728/3632/2728

usemtl material_2626
f 2728/3632/2728 2727/2266/2727 2731/3634/2731

usemtl material_2667
vt 0.8366554 0.5336444
f 2946/3548/2946 2947/3404/2947 2929/3678/2929

usemtl material_1148
f 2713/3631/2713 2711/3675/2711 2712/2185/2712

usemtl material_1056
f 2712/2185/2712 2711/3675/2711 2701/2186/2701

usemtl material_2779
f 2728/3632/2728 2703/2188/2703 2724/2264/2724

usemtl material_695
f 2929/3678/2929 2947/3404/2947 2930/3553/2930

usemtl material_1311
f 2884/3637/2884 2883/3409/2883 2861/3638/2861

usemtl material_2231
f 2861/3638/2861 2864/3410/2864 2863/3639/2863

usemtl material_2780
vt 0.7863889 0.5381946
f 3012/3679/3012 2979/3468/2979 3026/3554/3026

usemtl material_2781
f 1940/2230/1940 1883/2205/1883 1908/2297/1908

usemtl material_2782
vt 0.1361200 0.0468824
f 313/3680/313 314/3612/314 309/3575/309

usemtl material_2783
f 311/3649/311 318/3577/318 308/3650/308

usemtl material_2784
f 308/3650/308 319/3578/319 307/3613/307

usemtl material_2725
f 304/3617/304 316/3581/316 301/3652/301

usemtl material_1313
f 3046/3653/3046 3002/3495/3002 2991/3654/2991

usemtl material_1820
f 3294/2207/3294 3298/2088/3298 3299/2298/3299

usemtl material_167
vt 0.9699834 0.4985108
f 2800/3583/2800 2792/3496/2792 2806/3681/2806

usemtl material_682
vt 0.8831937 0.9410798
f 3123/3682/3123 3122/3656/3122 3119/3621/3119

usemtl material_874
f 3123/3682/3123 3119/3621/3119 3117/3620/3117

usemtl material_2785
vt 0.8509161 0.9306421
f 3117/3620/3117 3116/3619/3116 3134/3683/3134

usemtl material_1066
vt 0.8601994 0.9354357
f 3124/3684/3124 3117/3620/3117 3134/3683/3134

usemtl material_2786
vt 0.8482925 0.9328914
f 3116/3619/3116 3142/3685/3142 3134/3683/3134

usemtl material_2787
vt 0.0828317 0.9663716
f 4166/3622/4166 4061/3660/4061 4163/3686/4163

usemtl material_2788
f 4165/3659/4165 4166/3622/4166 4163/3686/4163

usemtl material_2789
vt 0.0865031 0.9632633
f 4061/3660/4061 4054/3590/4054 4060/3687/4060

usemtl material_2790
f 4060/3687/4060 4054/3590/4054 4056/3623/4056

usemtl material_2791
f 4056/3623/4056 4057/3625/4057 4058/3661/4058

usemtl material_1951
f 2809/2331/2809 2810/3402/2810 2953/2332/2953

usemtl material_2792
vt 0.0845757 0.9648910
f 4061/3660/4061 4062/3688/4062 4163/3686/4163

usemtl material_2793
f 4062/3688/4062 4061/3660/4061 4060/3687/4060

usemtl material_2794
vt 0.0982021 0.9625518
f 4058/3661/4058 4086/3624/4086 4088/3689/4088

usemtl material_2795
vt 0.1021582 0.9586146
f 4088/3689/4088 4086/3624/4086 4092/3690/4092

usemtl material_2796
f 3396/3662/3396 3336/2232/3336 3346/2301/3346

usemtl material_2557
vt 0.9986060 0.7619018
f 3422/3691/3422 3417/3663/3417 3415/3664/3415

usemtl material_2797
vt 0.3007935 0.8510052
vt 0.2888767 0.8378330
vt 0.2906094 0.8516229
f 3825/3692/3825 3829/3693/3829 3827/3694/3827

usemtl material_2279
vt 0.9928485 0.7643290
f 3420/3695/3420 3415/3664/3415 3396/3662/3396

usemtl material_568
vt 0.9881889 0.7679818
f 3420/3695/3420 3396/3662/3396 3399/3696/3399

usemtl material_2798
f 3396/3662/3396 3346/2301/3346 3399/3696/3399

usemtl material_2799
vt 0.1085084 0.9717155
vt 0.1102449 0.9670293
f 4093/3697/4093 4092/3690/4092 4094/3698/4094

usemtl material_2800
vt 0.2904548 0.8665568
f 3825/3692/3825 3827/3694/3827 3826/3699/3826

usemtl material_2801
vt 0.3060130 0.8517867
f 3830/3700/3830 3825/3692/3825 3824/2238/3824

usemtl material_2802
f 3824/2238/3824 3825/3692/3825 3826/3699/3826

usemtl material_171
vt 0.9428439 0.0867825
vt 0.9386562 0.0823418
f 3815/3701/3815 3798/3702/3798 3793/3667/3793

usemtl material_2507
vt 0.2857807 0.8671145
f 3826/3699/3826 3827/3694/3827 3828/3703/3828

usemtl material_35
f 3793/3667/3793 3798/3702/3798 3786/2260/3786

usemtl material_408
f 3710/2214/3710 3793/3667/3793 3786/2260/3786

usemtl material_732
f 38/2284/38 36/2240/36 125/2259/125

usemtl material_2803
vt 0.1196545 0.9875559
vt 0.1185856 0.9845505
f 4155/3704/4155 4264/3705/4264 4255/3669/4255

usemtl material_2804
f 4155/3704/4155 4255/3669/4255 4153/3668/4153

usemtl material_2805
vt 0.3202478 0.8748348
vt 0.3128952 0.8772595
f 3852/3670/3852 3849/3706/3849 3839/3707/3839

usemtl material_2806
f 3852/3670/3852 3839/3707/3839 3847/3598/3847

usemtl material_2807
f 3840/3671/3840 3838/2236/3838 3841/3628/3841

usemtl material_2808
f 3847/3598/3847 3839/3707/3839 3840/3671/3840

usemtl material_2809
vt 0.1305871 0.9958846
f 4153/3668/4153 4151/2218/4151 4152/3708/4152

usemtl material_2810
f 4152/3708/4152 4151/2218/4151 4148/3672/4148

usemtl material_2811
vt 0.1356819 0.9970456
f 4152/3708/4152 4148/3672/4148 4217/3709/4217

usemtl material_2812
vt 0.7332709 0.9781362
f 2726/2265/2726 2755/3710/2755 2727/2266/2727

usemtl material_661
f 2739/3674/2739 2708/2286/2708 2711/3675/2711
f 2708/2286/2708 2705/3676/2705 2711/3675/2711

usemtl material_724
f 2968/2378/2968 2863/3639/2863 2979/3468/2979

usemtl material_2813
f 1690/2170/1690 1706/2223/1706 2083/2248/2083

usemtl material_453
f 1690/2170/1690 2083/2248/2083 2188/2171/2188

usemtl material_75
vt 0.0224888 0.0433135
f 598/3607/598 599/3560/599 570/3711/570

usemtl material_609
f 570/3711/570 599/3560/599 593/3563/593

usemtl material_1885
vt 0.0393371 0.0463536
f 567/3712/567 593/3563/593 587/3641/587

usemtl material_1221
vt 0.1044964 0.0491837
f 563/3713/563 595/3568/595 592/3610/592

usemtl material_193
f 591/3645/591 635/3533/635 618/3646/618

usemtl material_482
vt 0.1319102 0.0497226
f 347/3714/347 314/3612/314 313/3680/313

usemtl material_58
vt 0.5436886 0.0556852
vt 0.6386997 0.0514438
f 379/3715/379 395/3572/395 384/3716/384
f 395/3572/395 398/3647/398 384/3716/384

usemtl material_1027
vt 0.6433325 0.0583482
f 398/3647/398 403/3573/403 383/3717/383

usemtl material_2814
f 383/3717/383 403/3573/403 412/3648/412

usemtl material_2815
vt 0.1962102 0.0564460
f 310/3576/310 311/3649/311 297/3718/297

usemtl material_2816
f 297/3718/297 311/3649/311 308/3650/308

usemtl material_149
vt 0.5162748 0.0583636
f 302/3719/302 312/3651/312 397/3614/397

usemtl material_1898
f 295/2389/295 304/3617/304 301/3652/301

usemtl material_452
vt 0.9811267 0.4902654
f 2843/3720/2843 2845/3582/2845 2800/3583/2800

usemtl material_2667
f 2792/3496/2792 2793/3462/2793 2804/3523/2804

usemtl material_1353
f 2804/3523/2804 2809/2331/2809 2808/2333/2808

usemtl material_2817
vt 0.9038104 0.9353784
f 3136/3721/3136 3121/3655/3121 3122/3656/3122

usemtl material_1265
f 3123/3682/3123 3117/3620/3117 3124/3684/3124

usemtl material_2777
vt 0.0739157 0.9656333
f 4164/3722/4164 4165/3659/4165 4163/3686/4163

usemtl material_2818
vt 0.3125044 0.8226626
vt 0.3071782 0.8248566
vt 0.3073392 0.8352351
f 3876/3723/3876 3877/3724/3877 3834/3725/3834

usemtl material_2819
f 3878/2280/3878 3876/3723/3876 3836/2281/3836

usemtl material_2820
f 3836/2281/3836 3876/3723/3876 3834/3725/3834

usemtl material_2821
vt 0.3210967 0.8288547
f 3867/2282/3867 3879/3726/3879 3878/2280/3878

usemtl material_2822
vt 0.0910592 0.9719193
f 4163/3686/4163 4062/3688/4062 4234/3727/4234

usemtl material_2823
f 4088/3689/4088 4092/3690/4092 4093/3697/4093

usemtl material_2824
f 3399/3696/3399 3346/2301/3346 3350/2304/3350

usemtl material_117
f 3798/3702/3798 3780/2393/3780 3786/2260/3786

usemtl material_442
f 3786/2260/3786 3780/2393/3780 3756/2261/3756

usemtl material_2825
f 3830/3700/3830 3824/2238/3824 3831/2237/3831

usemtl material_2826
vt 0.1105529 0.9856166
vt 0.1072959 0.9824238
f 4157/3728/4157 4265/3729/4265 4264/3705/4264

usemtl material_2827
vt 0.3202761 0.8618713
vt 0.3134839 0.8652726
f 3849/3706/3849 3842/3730/3842 3835/3731/3835

usemtl material_2828
f 3831/2237/3831 3838/2236/3838 3835/3731/3835

usemtl material_2829
vt 0.3099352 0.8616845
f 3832/3732/3832 3831/2237/3831 3835/3731/3835

usemtl material_2830
f 4157/3728/4157 4264/3705/4264 4155/3704/4155

usemtl material_2831
f 3849/3706/3849 3835/3731/3835 3839/3707/3839

usemtl material_2832
f 3839/3707/3839 3835/3731/3835 3838/2236/3838

usemtl material_2833
f 3839/3707/3839 3838/2236/3838 3840/3671/3840

usemtl material_2834
vt 0.1258874 0.9973178
f 4155/3704/4155 4153/3668/4153 4154/3733/4154

usemtl material_2835
f 4154/3733/4154 4153/3668/4153 4152/3708/4152

usemtl material_1170
f 2705/3676/2705 2706/2310/2706 2704/3677/2704

usemtl material_1147
f 2704/3677/2704 2706/2310/2706 2724/2264/2724

usemtl material_2836
vt 0.7381794 0.9777117
f 2726/2265/2726 2754/3734/2754 2755/3710/2755

usemtl material_661
f 2708/2286/2708 2707/2288/2707 2705/3676/2705

usemtl material_682
f 2707/2288/2707 2706/2310/2706 2705/3676/2705

usemtl material_2837
f 1699/2268/1699 1710/2315/1710 1692/2220/1692

usemtl material_2021
f 3012/3679/3012 2968/2378/2968 2979/3468/2979

usemtl material_127
vt 0.0111147 0.0471870
f 569/3735/569 597/3557/597 598/3607/598

usemtl material_2838
vt 0.0681386 0.0494870
f 587/3641/587 596/3567/596 566/3736/566

usemtl material_442
vt 0.0785109 0.0493383
f 562/3737/562 588/3642/588 589/3644/589

usemtl material_358
vt 0.0882285 0.0485691
f 562/3737/562 589/3644/589 560/3738/560

usemtl material_1747
f 589/3644/589 594/3609/594 560/3738/560

usemtl material_192
vt 0.0940013 0.0494261
f 560/3738/560 594/3609/594 561/3739/561

usemtl material_89
f 561/3739/561 594/3609/594 595/3568/595

usemtl material_90
f 561/3739/561 595/3568/595 563/3713/563

usemtl material_339
vt 0.1088412 0.0495250
f 563/3713/563 592/3610/592 564/3740/564

usemtl material_588
f 564/3740/564 592/3610/592 591/3645/591

usemtl material_670
vt 0.1203764 0.0509524
f 564/3740/564 591/3645/591 557/3741/557

usemtl material_1482
f 557/3741/557 591/3645/591 618/3646/618

usemtl material_1255
f 347/3714/347 618/3646/618 314/3612/314

usemtl material_40
vt 0.5203233 0.0525627
f 397/3614/397 394/3571/394 387/3742/387

usemtl material_0
f 387/3742/387 394/3571/394 379/3715/379
f 379/3715/379 394/3571/394 395/3572/395

usemtl material_58
f 384/3716/384 398/3647/398 383/3717/383

usemtl material_1121
vt 0.9913214 0.4911261
f 3046/3653/3046 2991/3654/2991 3053/3743/3053

usemtl material_2839
vt 0.1550022 0.0569012
f 296/3744/296 309/3575/309 310/3576/310

usemtl material_2840
f 310/3576/310 297/3718/297 296/3744/296

usemtl material_2841
vt 0.2664883 0.0587233
f 297/3718/297 308/3650/308 290/3745/290

usemtl material_2842
vt 0.2966373 0.0595596
f 291/3746/291 308/3650/308 307/3613/307

usemtl material_2843
vt 0.3344016 0.0598855
f 291/3746/291 307/3613/307 292/3747/292

usemtl material_2844
f 292/3747/292 307/3613/307 305/3579/305

usemtl material_2845
vt 0.3811482 0.0602876
f 292/3747/292 305/3579/305 293/3748/293

usemtl material_2846
vt 0.4234038 0.0602019
f 293/3748/293 305/3579/305 294/3749/294

usemtl material_2847
f 305/3579/305 306/3615/306 294/3749/294

usemtl material_2848
f 306/3615/306 303/3616/303 294/3749/294

usemtl material_2849
vt 0.4705828 0.0618520
f 294/3749/294 303/3616/303 288/3750/288

usemtl material_2850
f 288/3750/288 303/3616/303 304/3617/304

usemtl material_86
f 301/3652/301 312/3651/312 302/3719/302

usemtl material_149
f 302/3719/302 397/3614/397 387/3742/387

usemtl material_2851
f 295/2389/295 288/3750/288 304/3617/304

usemtl material_1926
f 2991/3654/2991 2845/3582/2845 2843/3720/2843

usemtl material_2532
vt 0.9577015 0.5019277
f 2806/3681/2806 2792/3496/2792 2805/3751/2805

usemtl material_695
f 2805/3751/2805 2792/3496/2792 2804/3523/2804

usemtl material_1100
vt 0.9033247 0.9470782
f 3125/3752/3125 3136/3721/3136 3122/3656/3122

usemtl material_1101
f 3125/3752/3125 3122/3656/3122 3123/3682/3123

usemtl material_2452
vt 0.8516274 0.9412437
f 3124/3684/3124 3134/3683/3134 3135/3753/3135

usemtl material_2852
f 3135/3753/3135 3134/3683/3134 3142/3685/3142

usemtl material_2853
vt 0.8482620 0.9417588
f 3135/3753/3135 3142/3685/3142 3141/3754/3141

usemtl material_2854
vt 0.0954543 0.9810809
f 4163/3686/4163 4234/3727/4234 4160/3755/4160

usemtl material_2528
f 3837/2303/3837 3867/2282/3867 3836/2281/3836

usemtl material_1971
f 3836/2281/3836 3834/3725/3834 3833/2302/3833

usemtl material_2855
vt 0.3206775 0.8511187
f 3843/3756/3843 3867/2282/3867 3837/2303/3837

usemtl material_2856
vt 0.0983844 0.9791867
f 4160/3755/4160 4234/3727/4234 4233/3757/4233

usemtl material_2857
f 3833/2302/3833 3834/3725/3834 3830/3700/3830

usemtl material_2858
f 3842/3730/3842 3843/3756/3843 3837/2303/3837

usemtl material_2859
f 3842/3730/3842 3837/2303/3837 3835/3731/3835

usemtl material_2860
f 3835/3731/3835 3837/2303/3837 3833/2302/3833

usemtl material_2861
f 3835/3731/3835 3833/2302/3833 3832/3732/3832

usemtl material_2570
f 3832/3732/3832 3833/2302/3833 3830/3700/3830

usemtl material_2862
f 4233/3757/4233 4265/3729/4265 4157/3728/4157

usemtl material_1353
vt 0.8946297 0.5373122
f 2920/3758/2920 2952/3546/2952 2950/3446/2950

usemtl material_2863
f 3832/3732/3832 3830/3700/3830 3831/2237/3831

usemtl material_2864
vt 0.1191379 0.9966510
f 4157/3728/4157 4155/3704/4155 4156/3759/4156

usemtl material_2865
f 4156/3759/4156 4155/3704/4155 4154/3733/4154

usemtl material_2866
vt 0.7542546 0.9781504
vt 0.7475952 0.9779422
vt 0.7502261 0.9766573
f 2753/3760/2753 2738/3761/2738 2737/3762/2737

usemtl material_2867
f 4154/3733/4154 4152/3708/4152 4217/3709/4217

usemtl material_2868
f 2738/3761/2738 2754/3734/2754 2726/2265/2726

usemtl material_661
f 2707/2288/2707 2709/2308/2709 2706/2310/2706

usemtl material_2869
vt 0.8537932 0.5399914
f 2927/3763/2927 2946/3548/2946 2929/3678/2929

usemtl material_1496
f 2929/3678/2929 2930/3553/2930 2884/3637/2884

usemtl material_141
vt 0.8138956 0.5484782
f 2862/3764/2862 2863/3639/2863 2968/2378/2968

usemtl material_2870
f 1700/2291/1700 1718/2314/1718 1699/2268/1699

usemtl material_788
f 2968/2378/2968 3012/3679/3012 3023/2376/3023

usemtl material_2871
f 1709/2270/1709 1665/2169/1665 1940/2230/1940

usemtl material_2872
vt 0.0040590 0.0490333
f 619/3640/619 597/3557/597 571/3765/571

usemtl material_2873
f 571/3765/571 597/3557/597 569/3735/569

usemtl material_2874
vt 0.0328528 0.0486126
f 570/3711/570 593/3563/593 565/3766/565

usemtl material_723
f 565/3766/565 593/3563/593 567/3712/567

usemtl material_187
vt 0.0577321 0.0493488
f 567/3712/567 587/3641/587 568/3767/568

usemtl material_2875
f 568/3767/568 587/3641/587 566/3736/566

usemtl material_2876
f 566/3736/566 596/3567/596 588/3642/588

usemtl material_2877
f 566/3736/566 588/3642/588 562/3737/562

usemtl material_1747
f 569/3735/569 598/3607/598 570/3711/570

usemtl material_1555
vt 0.1240175 0.0554496
f 557/3741/557 618/3646/618 590/3768/590

usemtl material_2878
f 590/3768/590 618/3646/618 347/3714/347

usemtl material_646
vt 0.5870241 0.0575843
f 382/3769/382 379/3715/379 384/3716/384

usemtl material_121
vt 0.6355076 0.0572830
f 382/3769/382 384/3716/384 381/3770/381

usemtl material_87
vt 0.6478923 0.0565668
f 383/3717/383 412/3648/412 414/3771/414

usemtl material_2095
vt 0.1341843 0.0567676
f 299/3772/299 347/3714/347 313/3680/313

usemtl material_2879
vt 0.1399600 0.0578758
f 299/3772/299 313/3680/313 298/3773/298

usemtl material_2880
f 298/3773/298 313/3680/313 309/3575/309

usemtl material_1310
f 298/3773/298 309/3575/309 296/3744/296

usemtl material_2881
f 290/3745/290 308/3650/308 291/3746/291

usemtl material_1027
vt 0.5205750 0.0594669
f 302/3719/302 387/3742/387 378/3774/378

usemtl material_1467
f 2843/3720/2843 2800/3583/2800 2806/3681/2806

usemtl material_2474
f 2804/3523/2804 2808/2333/2808 2805/3751/2805

usemtl material_1265
vt 0.8605564 0.9600261
f 3127/3775/3127 3123/3682/3123 3124/3684/3124

usemtl material_1056
vt 0.8554360 0.9622629
f 3124/3684/3124 3135/3753/3135 3137/3776/3137

usemtl material_2882
vt 0.8496370 0.9495468
f 3137/3776/3137 3135/3753/3135 3138/3777/3138

usemtl material_2883
f 3138/3777/3138 3135/3753/3135 3141/3754/3141

usemtl material_682
vt 0.8943237 0.9601732
f 3126/3778/3126 3123/3682/3123 3127/3775/3127

usemtl material_1170
f 3127/3775/3127 3124/3684/3124 3137/3776/3137

usemtl material_2884
vt 0.0723373 0.9668644
f 4277/3779/4277 4165/3659/4165 4164/3722/4164

usemtl material_2885
vt 0.0786559 0.9776724
f 4277/3779/4277 4164/3722/4164 4239/3780/4239

usemtl material_2886
vt 0.0801863 0.9775761
f 4239/3780/4239 4164/3722/4164 4162/3781/4162

usemtl material_2887
f 4164/3722/4164 4163/3686/4163 4162/3781/4162

usemtl material_2888
f 4162/3781/4162 4163/3686/4163 4160/3755/4160

usemtl material_2889
f 4160/3755/4160 4233/3757/4233 4157/3728/4157

usemtl material_2067
vt 0.0982858 0.9950441
f 4160/3755/4160 4157/3728/4157 4159/3782/4159

usemtl material_2404
vt 0.1131108 0.9962271
f 4159/3782/4159 4157/3728/4157 4158/3783/4158

usemtl material_2612
f 2920/3758/2920 2950/3446/2950 2951/3527/2951

usemtl material_2864
f 4158/3783/4158 4157/3728/4157 4156/3759/4156

usemtl material_1170
vt 0.7522970 0.9650582
f 2710/2309/2710 2718/3784/2718 2706/2310/2706

usemtl material_1290
vt 0.7495397 0.9724967
f 2706/2310/2706 2718/3784/2718 2725/3785/2725

usemtl material_2890
f 2725/3785/2725 2737/3762/2737 2738/3761/2738

usemtl material_1100
f 2706/2310/2706 2725/3785/2725 2724/2264/2724

usemtl material_2891
f 2724/2264/2724 2725/3785/2725 2726/2265/2726

usemtl material_793
f 2726/2265/2726 2725/3785/2725 2738/3761/2738

usemtl material_2892
f 2951/3527/2951 2946/3548/2946 2927/3763/2927

usemtl material_1725
f 2722/2287/2722 2709/2308/2709 2707/2288/2707

usemtl material_886
vt 0.8451872 0.5481741
f 2853/3786/2853 2929/3678/2929 2884/3637/2884

usemtl material_2220
vt 0.8268290 0.5442547
f 2860/3787/2860 2884/3637/2884 2861/3638/2861

usemtl material_847
f 2862/3764/2862 2861/3638/2861 2863/3639/2863

usemtl material_2893
f 1704/2290/1704 1716/2311/1716 1720/2312/1720

usemtl material_1573
f 1727/2341/1727 1709/2270/1709 1968/2346/1968

usemtl material_1531
f 1709/2270/1709 1940/2230/1940 1968/2346/1968

usemtl material_590
f 1891/2254/1891 1931/2350/1931 1905/2274/1905

usemtl material_1693
vt 0.0237977 0.0595486
f 533/3788/533 570/3711/570 565/3766/565

usemtl material_141
vt 0.0379220 0.0606259
f 565/3766/565 567/3712/567 531/3789/531

usemtl material_1695
f 3304/2176/3304 3310/2206/3310 3302/2329/3302

usemtl material_915
f 590/3768/590 347/3714/347 299/3772/299

usemtl material_58
f 378/3774/378 387/3742/387 379/3715/379

usemtl material_933
vt 0.6387219 0.0661673
f 381/3770/381 384/3716/384 375/3790/375

usemtl material_1027
f 375/3790/375 384/3716/384 383/3717/383

usemtl material_20
vt 0.1356300 0.0669960
f 285/3791/285 299/3772/299 298/3773/298

usemtl material_2894
vt 0.2231354 0.0628601
f 289/3792/289 297/3718/297 290/3745/290

usemtl material_1027
f 286/2387/286 302/3719/302 378/3774/378

usemtl material_1121
vt 0.9870582 0.5018538
f 3053/3743/3053 2991/3654/2991 3049/3793/3049

usemtl material_2895
vt 0.3806993 0.0721849
f 281/3794/281 293/3748/293 294/3749/294

usemtl material_267
f 295/2389/295 301/3652/301 286/2387/286

usemtl material_86
f 286/2387/286 301/3652/301 302/3719/302

usemtl material_1467
vt 0.9741762 0.5073005
f 2991/3654/2991 2843/3720/2843 2844/3795/2844

usemtl material_605
vt 0.9625912 0.5134223
f 2806/3681/2806 2805/3751/2805 2807/3796/2807

usemtl material_1731
f 3294/2207/3294 3299/2298/3299 3295/2209/3295

usemtl material_2896
vt 0.9032645 0.9574354
f 3125/3752/3125 3126/3778/3126 3129/3797/3129

usemtl material_1149
f 3126/3778/3126 3125/3752/3125 3123/3682/3123

usemtl material_1451
vt 0.8509447 0.9576141
f 3137/3776/3137 3138/3777/3138 3139/3798/3139

usemtl material_1353
vt 0.9172469 0.5278785
f 2808/2333/2808 2953/2332/2953 2830/3799/2830

usemtl material_2897
vt 0.8491663 0.9631314
f 3139/3798/3139 3138/3777/3138 3143/3800/3143

usemtl material_2898
vt 0.0870386 0.9906270
f 4162/3781/4162 4160/3755/4160 4161/3801/4161

usemtl material_2899
vt 0.1140833 0.9985799
f 4278/3802/4278 4158/3783/4158 4156/3759/4156

usemtl material_2900
vt 0.7616609 0.9650639
f 2714/2367/2714 2715/3803/2715 2710/2309/2710

usemtl material_1074
f 2710/2309/2710 2715/3803/2715 2718/3784/2718

usemtl material_1290
f 2718/3784/2718 2715/3803/2715 2725/3785/2725

usemtl material_2901
vt 0.7593367 0.9762087
f 2732/3804/2732 2753/3760/2753 2737/3762/2737

usemtl material_2902
f 2709/2308/2709 2714/2367/2714 2710/2309/2710

usemtl material_2903
f 2725/3785/2725 2732/3804/2732 2737/3762/2737

usemtl material_2240
f 2853/3786/2853 2884/3637/2884 2860/3787/2860

usemtl material_2904
vt 0.0031148 0.0638007
vt 0.0067923 0.0641710
f 584/3805/584 571/3765/571 534/3806/534

usemtl material_2873
f 571/3765/571 569/3735/569 534/3806/534

usemtl material_42
vt 0.0191353 0.0636278
f 569/3735/569 570/3711/570 535/3807/535

usemtl material_24
f 534/3806/534 569/3735/569 535/3807/535

usemtl material_96
f 535/3807/535 570/3711/570 533/3788/533

usemtl material_2021
vt 0.0559369 0.0607554
f 531/3789/531 567/3712/567 538/3808/538

usemtl material_1165
f 567/3712/567 568/3767/568 538/3808/538

usemtl material_2905
f 538/3808/538 568/3767/568 566/3736/566

usemtl material_975
vt 0.0721851 0.0620730
f 566/3736/566 562/3737/562 537/3809/537

usemtl material_561
vt 0.0795151 0.0626141
f 537/3809/537 562/3737/562 536/3810/536

usemtl material_190
f 562/3737/562 560/3738/560 536/3810/536

usemtl material_192
vt 0.0928521 0.0637622
f 560/3738/560 561/3739/561 530/3811/530

usemtl material_61
vt 0.0877630 0.0686269
f 515/3812/515 560/3738/560 530/3811/530

usemtl material_529
f 530/3811/530 561/3739/561 563/3713/563

usemtl material_94
vt 0.1040727 0.0638779
f 530/3811/530 563/3713/563 528/3813/528

usemtl material_180
vt 0.1088648 0.0650980
f 563/3713/563 564/3740/564 527/3814/527

usemtl material_495
f 527/3814/527 564/3740/564 557/3741/557

usemtl material_2906
f 3301/2352/3301 3300/2177/3300 3302/2329/3302

usemtl material_58
vt 0.5437751 0.0736174
f 378/3774/378 379/3715/379 366/3815/366
vt 0.5897183 0.0675683
f 366/3815/366 379/3715/379 374/3816/374
f 374/3816/374 379/3715/379 382/3769/382

usemtl material_94
f 374/3816/374 382/3769/382 381/3770/381

usemtl material_58
f 374/3816/374 381/3770/381 375/3790/375

usemtl material_87
vt 0.6476089 0.0679879
f 383/3717/383 414/3771/414 405/3817/405

usemtl material_588
vt 0.1387537 0.0737616
f 285/3791/285 298/3773/298 273/3818/273

usemtl material_1908
vt 0.1550657 0.0716524
f 273/3818/273 298/3773/298 277/3819/277

usemtl material_2907
f 298/3773/298 296/3744/296 277/3819/277

usemtl material_2908
vt 0.2064733 0.0748441
f 277/3819/277 296/3744/296 267/3820/267

usemtl material_2909
f 267/3820/267 296/3744/296 297/3718/297

usemtl material_2910
f 297/3718/297 289/3792/289 267/3820/267

usemtl material_2911
vt 0.2694153 0.0737792
f 289/3792/289 290/3745/290 268/3821/268

usemtl material_2912
f 290/3745/290 291/3746/291 268/3821/268

usemtl material_2913
vt 0.2951547 0.0758747
f 268/3821/268 291/3746/291 264/3822/264

usemtl material_2914
vt 0.3331159 0.0710233
f 264/3822/264 291/3746/291 280/3823/280

usemtl material_2915
f 280/3823/280 291/3746/291 292/3747/292

usemtl material_2916
f 292/3747/292 293/3748/293 280/3823/280

usemtl material_2917
f 280/3823/280 293/3748/293 281/3794/281

usemtl material_1027
f 286/2387/286 378/3774/378 369/2390/369

usemtl material_2918
vt 0.4608453 0.0755632
f 294/3749/294 288/3750/288 271/3824/271

usemtl material_1742
vt 0.9786742 0.5067636
f 3049/3793/3049 2991/3654/2991 3004/3825/3004

usemtl material_2021
f 3004/3825/3004 2991/3654/2991 2844/3795/2844

usemtl material_452
f 2843/3720/2843 2806/3681/2806 2844/3795/2844

usemtl material_724
f 2844/3795/2844 2806/3681/2806 2807/3796/2807

usemtl material_2919
vt 0.9365757 0.5239617
f 2805/3751/2805 2808/2333/2808 2811/3826/2811

usemtl material_1353
f 2953/2332/2953 2952/3546/2952 2830/3799/2830

usemtl material_2920
f 4239/3780/4239 4162/3781/4162 4161/3801/4161

usemtl material_2475
f 2830/3799/2830 2952/3546/2952 2920/3758/2920

usemtl material_2921
f 4161/3801/4161 4160/3755/4160 4159/3782/4159

usemtl material_2234
vt 0.0993668 0.9978068
f 4159/3782/4159 4158/3783/4158 4205/3827/4205

usemtl material_2922
f 4205/3827/4205 4158/3783/4158 4278/3802/4278

usemtl material_2923
vt 0.8754197 0.5389618
f 2920/3758/2920 2951/3527/2951 2928/3828/2928

usemtl material_2900
f 2716/2366/2716 2715/3803/2715 2714/2367/2714

usemtl material_2924
f 2714/2367/2714 2735/2397/2735 2719/2365/2719

usemtl material_1615
vt 0.7685972 0.9727217
f 2715/3803/2715 2729/3829/2729 2725/3785/2725

usemtl material_2925
f 2725/3785/2725 2729/3829/2729 2732/3804/2732

usemtl material_1173
f 2927/3763/2927 2929/3678/2929 2853/3786/2853

usemtl material_2926
vt 0.8333298 0.5517731
f 2859/3830/2859 2860/3787/2860 2861/3638/2861

usemtl material_2927
f 2859/3830/2859 2861/3638/2861 2862/3764/2862

usemtl material_1806
f 1720/2312/1720 1730/2371/1730 1731/2372/1731

usemtl material_2928
f 1720/2312/1720 1731/2372/1731 1719/2313/1719

usemtl material_86
f 2047/2317/2047 2183/2359/2183 2084/2293/2084

usemtl material_610
f 1931/2350/1931 1939/2363/1939 1905/2274/1905

usemtl material_2929
vt 0.0325169 0.0622584
f 533/3788/533 565/3766/565 532/3831/532

usemtl material_1128
f 532/3831/532 565/3766/565 531/3789/531

usemtl material_191
f 536/3810/536 560/3738/560 515/3812/515

usemtl material_129
f 528/3813/528 563/3713/563 527/3814/527

usemtl material_529
vt 0.1211764 0.0652433
f 527/3814/527 557/3741/557 529/3832/529

usemtl material_2359
f 529/3832/529 557/3741/557 590/3768/590

usemtl material_1250
vt 0.1318363 0.0681668
f 590/3768/590 299/3772/299 317/3833/317

usemtl material_490
f 317/3833/317 299/3772/299 285/3791/285

usemtl material_2930
f 289/3792/289 268/3821/268 267/3820/267

usemtl material_2931
vt 0.4245219 0.0763528
f 281/3794/281 294/3749/294 270/3834/270

usemtl material_2846
f 270/3834/270 294/3749/294 271/3824/271

usemtl material_145
f 278/2388/278 286/2387/286 284/2391/284

usemtl material_724
vt 0.9643683 0.5220935
f 2844/3795/2844 2807/3796/2807 2842/3835/2842

usemtl material_485
f 2807/3796/2807 2805/3751/2805 2811/3826/2811

usemtl material_2932
vt 0.9037116 0.9761313
f 3133/3836/3133 3129/3797/3129 3126/3778/3126

usemtl material_682
vt 0.9004182 0.9771143
vt 0.8829494 0.9733149
f 3132/3837/3132 3126/3778/3126 3128/3838/3128

usemtl material_1265
f 3128/3838/3128 3126/3778/3126 3127/3775/3127

usemtl material_1614
vt 0.8600246 0.9799582
f 3128/3838/3128 3127/3775/3127 3130/3839/3130

usemtl material_1074
f 3130/3839/3130 3127/3775/3127 3137/3776/3137

usemtl material_2933
vt 0.0901032 0.9969859
f 4161/3801/4161 4159/3782/4159 4184/3840/4184

usemtl material_1170
vt 0.7721599 0.9643676
f 2715/3803/2715 2716/2366/2716 2717/3841/2717

usemtl material_682
f 2719/2365/2719 2720/2418/2720 2716/2366/2716

usemtl material_1290
f 2715/3803/2715 2717/3841/2717 2729/3829/2729

usemtl material_2934
f 2729/3829/2729 2733/2433/2733 2732/3804/2732

usemtl material_2892
f 2928/3828/2928 2951/3527/2951 2927/3763/2927

usemtl material_517
vt 0.8171028 0.5555889
f 2862/3764/2862 2968/2378/2968 2987/3842/2987

usemtl material_2935
f 1724/2338/1724 1735/2401/1735 1729/2373/1729

usemtl material_2936
f 1717/2339/1717 1734/2402/1734 1728/2358/1728

usemtl material_1773
f 1722/2340/1722 1743/2442/1743 1741/2374/1741

usemtl material_788
f 2987/3842/2987 2968/2378/2968 3014/2377/3014

usemtl material_884
f 1733/2368/1733 1727/2341/1727 2067/2404/2067

usemtl material_66
f 2183/2359/2183 2191/2405/2191 2173/2320/2173

usemtl material_1858
f 1911/2325/1911 1952/2407/1952 1910/2294/1910

usemtl material_2937
f 538/3808/538 566/3736/566 537/3809/537

usemtl material_2938
f 3301/2352/3301 3302/2329/3302 3303/2410/3303

usemtl material_58
vt 0.5292955 0.0766355
f 369/2390/369 378/3774/378 359/3843/359
f 359/3843/359 378/3774/378 366/3815/366

usemtl material_148
vt 0.6064488 0.0761793
f 374/3816/374 375/3790/375 367/3844/367

usemtl material_58
vt 0.6383119 0.0760826
f 367/3844/367 375/3790/375 368/3845/368

usemtl material_1027
f 368/3845/368 375/3790/375 383/3717/383

usemtl material_490
vt 0.1351235 0.0802141
f 276/3846/276 317/3833/317 285/3791/285

usemtl material_2939
vt 0.1561736 0.0840711
f 273/3818/273 277/3819/277 262/3847/262

usemtl material_2940
vt 0.1909304 0.0770884
f 277/3819/277 267/3820/267 266/3848/266

usemtl material_2941
vt 0.3286775 0.0792305
f 265/3849/265 264/3822/264 280/3823/280

usemtl material_2942
f 280/3823/280 281/3794/281 265/3849/265

usemtl material_2943
vt 0.3824901 0.0774662
f 269/3850/269 281/3794/281 270/3834/270

usemtl material_888
vt 0.6461526 0.0766715
vt 0.6527255 0.0766474
f 380/3851/380 405/3817/405 727/3852/727

usemtl material_2944
vt 0.5018567 0.0764793
f 271/3824/271 288/3750/288 272/3853/272

usemtl material_2945
f 272/3853/272 288/3750/288 295/2389/295

usemtl material_1862
f 272/3853/272 295/2389/295 278/2388/278

usemtl material_145
f 278/2388/278 284/2391/284 279/2411/279

usemtl material_605
vt 0.9431675 0.5271170
f 2807/3796/2807 2811/3826/2811 2812/3854/2812

usemtl material_2474
f 2811/3826/2811 2808/2333/2808 2830/3799/2830

usemtl material_2946
f 3132/3837/3132 3133/3836/3133 3126/3778/3126

usemtl material_663
vt 0.8503003 0.9787395
f 3137/3776/3137 3139/3798/3139 3140/3855/3140

usemtl material_2947
f 3140/3855/3140 3139/3798/3139 3143/3800/3143

usemtl material_2948
vt 0.8480483 0.9794688
f 3140/3855/3140 3143/3800/3143 3155/3856/3155

usemtl material_1170
vt 0.8960724 0.9794631
f 3131/3857/3131 3132/3837/3132 3128/3838/3128

usemtl material_1614
f 3131/3857/3131 3128/3838/3128 3130/3839/3130

usemtl material_2949
f 3130/3839/3130 3137/3776/3137 3140/3855/3140

usemtl material_1147
vt 0.8997282 0.9828202
f 3132/3837/3132 3131/3857/3131 3144/3858/3144

usemtl material_1074
vt 0.8785427 0.9849072
f 3144/3858/3144 3131/3857/3131 3147/3859/3147

usemtl material_1614
f 3131/3857/3131 3130/3839/3130 3147/3859/3147

usemtl material_2950
f 4184/3840/4184 4159/3782/4159 4205/3827/4205

usemtl material_682
f 2720/2418/2720 2721/2414/2721 2716/2366/2716

usemtl material_1170
f 2716/2366/2716 2721/2414/2721 2717/3841/2717

usemtl material_1147
f 2717/3841/2717 2721/2414/2721 2730/2416/2730

usemtl material_2744
vt 0.7753234 0.9744474
f 2717/3841/2717 2730/2416/2730 2736/3860/2736
f 2717/3841/2717 2736/3860/2736 2729/3829/2729

usemtl material_2951
f 2750/2431/2750 2733/2433/2733 2736/3860/2736

usemtl material_661
f 2719/2365/2719 2723/2398/2723 2720/2418/2720

usemtl material_1002
f 2729/3829/2729 2736/3860/2736 2733/2433/2733

usemtl material_2952
f 2859/3830/2859 2853/3786/2853 2860/3787/2860

usemtl material_2953
vt 0.8250837 0.5545701
f 2866/3861/2866 2859/3830/2859 2862/3764/2862

usemtl material_2954
f 2866/3861/2866 2862/3764/2862 2987/3842/2987

usemtl material_1535
f 1713/2316/1713 1733/2368/1733 1732/2369/1732

usemtl material_2955
f 1732/2369/1732 1739/2439/1739 1715/2343/1715

usemtl material_2956
f 1715/2343/1715 1739/2439/1739 1736/2370/1736

usemtl material_2957
f 1728/2358/1728 1742/2419/1742 1740/2403/1740

usemtl material_2958
f 1740/2403/1740 1743/2442/1743 1722/2340/1722

usemtl material_2959
vt 0.8160673 0.5606064
f 3027/3862/3027 2987/3842/2987 3014/2377/3014

usemtl material_58
f 2183/2359/2183 2187/2379/2187 2191/2405/2191

usemtl material_75
f 2173/2320/2173 2192/2406/2192 2190/2360/2190

usemtl material_1481
f 1933/2348/1933 1926/2347/1926 1959/2424/1959

usemtl material_604
vt 0.0232051 0.0750542
f 509/3863/509 535/3807/535 533/3788/533

usemtl material_2960
vt 0.0569487 0.0719877
f 510/3864/510 538/3808/538 537/3809/537

usemtl material_2961
vt 0.1233729 0.0824821
f 529/3832/529 590/3768/590 558/3865/558

usemtl material_2962
f 558/3865/558 590/3768/590 317/3833/317

usemtl material_966
vt 0.1320188 0.0809662
f 558/3865/558 317/3833/317 315/3866/315

usemtl material_482
f 317/3833/317 276/3846/276 315/3866/315

usemtl material_148
f 367/3844/367 366/3815/366 374/3816/374

usemtl material_66
f 368/3845/368 383/3717/383 380/3851/380

usemtl material_2814
f 380/3851/380 383/3717/383 405/3817/405

usemtl material_588
f 276/3846/276 285/3791/285 273/3818/273

usemtl material_2963
f 262/3847/262 277/3819/277 266/3848/266

usemtl material_2964
f 269/3850/269 265/3849/265 281/3794/281

usemtl material_647
vt 0.6478007 0.0888018
f 380/3851/380 727/3852/727 399/3867/399

usemtl material_2965
vt 0.5016003 0.0883396
vt 0.4836244 0.0900000
f 272/3853/272 257/3868/257 256/3869/256

usemtl material_20
vt 0.5074344 0.0889258
f 272/3853/272 278/2388/278 274/3870/274

usemtl material_1965
f 257/3868/257 272/3853/272 274/3870/274

usemtl material_267
f 278/2388/278 279/2411/279 275/2447/275

usemtl material_2966
f 3306/2255/3306 3299/2298/3299 3308/2427/3308

usemtl material_724
vt 0.9476228 0.5325729
f 2807/3796/2807 2812/3854/2812 2825/3871/2825

usemtl material_2967
f 3133/3836/3133 3132/3837/3132 3144/3858/3144

usemtl material_2968
vt 0.9034755 0.9863759
f 3145/3872/3145 3133/3836/3133 3144/3858/3144

usemtl material_1170
vt 0.8534995 0.9849567
f 3147/3859/3147 3130/3839/3130 3149/3873/3149

usemtl material_2949
f 3130/3839/3130 3140/3855/3140 3149/3873/3149

usemtl material_663
vt 0.8514867 0.9878030
f 3149/3873/3149 3140/3855/3140 3150/3874/3150

usemtl material_2969
vt 0.8488688 0.9886392
f 3140/3855/3140 3155/3856/3155 3154/3875/3154

usemtl material_2970
f 3150/3874/3150 3140/3855/3140 3154/3875/3154

usemtl material_2971
vt 0.0882712 0.9994919
f 4161/3801/4161 4184/3840/4184 4251/3876/4251

usemtl material_2972
f 4251/3876/4251 4184/3840/4184 4205/3827/4205

usemtl material_2973
f 2730/2416/2730 2750/2431/2750 2736/3860/2736

usemtl material_2974
vt 0.8694544 0.5473812
f 2858/3877/2858 2928/3828/2928 2927/3763/2927

usemtl material_2975
f 2858/3877/2858 2927/3763/2927 2853/3786/2853

usemtl material_2976
f 1731/2372/1731 1738/2400/1738 2009/2456/2009

usemtl material_2977
f 1731/2372/1731 2009/2456/2009 1735/2401/1735

usemtl material_2978
f 1740/2403/1740 2249/2440/2249 1743/2442/1743

usemtl material_557
f 1743/2442/1743 2244/2441/2244 1741/2374/1741

usemtl material_1536
f 2067/2404/2067 2238/2436/2238 1733/2368/1733

usemtl material_440
f 1741/2374/1741 2205/2443/2205 2193/2375/2193

usemtl material_764
vt 0.6580636 0.5750534
f 2199/2421/2199 2255/3878/2255 2200/2380/2200

usemtl material_2979
f 2253/2481/2253 2067/2404/2067 1968/2346/1968

usemtl material_58
f 2187/2379/2187 2201/2458/2201 2191/2405/2191

usemtl material_604
f 2192/2406/2192 2199/2421/2199 2190/2360/2190

usemtl material_58
f 1932/2349/1932 1960/2426/1960 1946/2384/1946

usemtl material_111
vt 0.0061122 0.0740388
f 512/3879/512 584/3805/584 534/3806/534

usemtl material_1799
vt 0.0185845 0.0790191
f 534/3806/534 535/3807/535 503/3880/503

usemtl material_516
f 512/3879/512 534/3806/534 503/3880/503

usemtl material_1765
f 503/3880/503 535/3807/535 509/3863/509

usemtl material_1166
vt 0.0317195 0.0770438
f 533/3788/533 532/3831/532 506/3881/506

usemtl material_610
f 509/3863/509 533/3788/533 506/3881/506

usemtl material_1346
f 506/3881/506 532/3831/532 531/3789/531

usemtl material_453
vt 0.0374835 0.0789571
f 506/3881/506 531/3789/531 493/3882/493

usemtl material_2980
f 531/3789/531 538/3808/538 510/3864/510

usemtl material_2981
f 493/3882/493 531/3789/531 510/3864/510

usemtl material_42
vt 0.0732034 0.0769493
f 510/3864/510 537/3809/537 495/3883/495

usemtl material_2982
vt 0.0796252 0.0786743
f 537/3809/537 536/3810/536 496/3884/496

usemtl material_2983
f 495/3883/495 537/3809/537 496/3884/496

usemtl material_2984
f 496/3884/496 536/3810/536 515/3812/515

usemtl material_81
vt 0.0931780 0.0792828
f 505/3885/505 530/3811/530 528/3813/528

usemtl material_397
vt 0.1036078 0.0792589
f 505/3885/505 528/3813/528 507/3886/507

usemtl material_406
vt 0.1208424 0.0810015
f 527/3814/527 529/3832/529 463/3887/463

usemtl material_2985
f 3303/2410/3303 3305/2364/3305 3381/2467/3381

usemtl material_173
vt 0.1078024 0.0796622
f 508/3888/508 528/3813/528 527/3814/527

usemtl material_2579
f 463/3887/463 529/3832/529 558/3865/558

usemtl material_207
f 363/2446/363 369/2390/369 359/3843/359

usemtl material_2986
vt 0.1391291 0.0919272
f 255/3889/255 273/3818/273 262/3847/262

usemtl material_2987
vt 0.1886142 0.0890592
f 262/3847/262 266/3848/266 259/3890/259

usemtl material_2988
f 266/3848/266 267/3820/267 259/3890/259

usemtl material_2989
vt 0.2558664 0.0899167
f 259/3890/259 267/3820/267 250/3891/250

usemtl material_2990
f 267/3820/267 268/3821/268 250/3891/250

usemtl material_2991
f 250/3891/250 268/3821/268 264/3822/264

usemtl material_2992
vt 0.3019162 0.0906851
f 249/3892/249 264/3822/264 265/3849/265

usemtl material_2993
vt 0.3235558 0.0903525
vt 0.3563201 0.0899613
f 252/3893/252 265/3849/265 258/3894/258

usemtl material_2994
f 258/3894/258 265/3849/265 269/3850/269

usemtl material_2995
vt 0.3726994 0.0915979
f 258/3894/258 269/3850/269 253/3895/253

usemtl material_2996
vt 0.4240862 0.0911071
f 253/3895/253 269/3850/269 254/3896/254

usemtl material_2997
f 254/3896/254 269/3850/269 270/3834/270

usemtl material_207
f 279/2411/279 369/2390/369 363/2446/363

usemtl material_2998
f 270/3834/270 271/3824/271 254/3896/254

usemtl material_2999
f 254/3896/254 271/3824/271 256/3869/256

usemtl material_3000
f 256/3869/256 271/3824/271 272/3853/272

usemtl material_2333
f 274/3870/274 278/2388/278 275/2447/275

usemtl material_141
vt 0.6528810 0.0937487
f 399/3867/399 727/3852/727 725/3897/725

usemtl material_888
vt 0.9696826 0.5208963
f 3003/3898/3003 3004/3825/3004 2844/3795/2844

usemtl material_2220
f 3003/3898/3003 2844/3795/2844 2842/3835/2842

usemtl material_695
vt 0.9129036 0.5381899
f 2826/3899/2826 2811/3826/2811 2830/3799/2830

usemtl material_2474
f 2830/3799/2830 2920/3758/2920 2826/3899/2826

usemtl material_1170
vt 0.8958731 0.9871155
f 3145/3872/3145 3144/3858/3144 3146/3900/3146

usemtl material_1076
f 3144/3858/3144 3147/3859/3147 3146/3900/3146

usemtl material_1408
vt 0.8780325 0.9878752
f 3146/3900/3146 3147/3859/3147 3148/3901/3148

usemtl material_3001
f 3148/3901/3148 3147/3859/3147 3150/3874/3150
f 3150/3874/3150 3147/3859/3147 3149/3873/3149

usemtl material_1076
vt 0.7843918 0.9745453
f 2758/2451/2758 2757/3902/2757 2756/2430/2756

usemtl material_1194
f 2756/2430/2756 2757/3902/2757 2750/2431/2750

usemtl material_2747
f 2750/2431/2750 2757/3902/2757 2761/2432/2761

usemtl material_3002
f 2752/2434/2752 2760/2450/2760 2759/2429/2759

usemtl material_2869
f 2920/3758/2920 2928/3828/2928 2858/3877/2858

usemtl material_2927
vt 0.8505769 0.5602880
f 2853/3786/2853 2859/3830/2859 2852/3903/2852

usemtl material_1534
vt 0.8395561 0.5612232
vt 0.8310166 0.5621259
f 2867/3904/2867 2866/3861/2866 2981/3905/2981

usemtl material_2954
f 2981/3905/2981 2866/3861/2866 2987/3842/2987

usemtl material_3003
vt 0.4462039 0.5675436
vt 0.4674008 0.5657798
f 1734/2402/1734 2246/3906/2246 2247/3907/2247

usemtl material_3004
vt 0.4868354 0.5653119
f 2247/3907/2247 2248/3908/2248 1742/2419/1742

usemtl material_3005
f 1734/2402/1734 2247/3907/2247 1742/2419/1742

usemtl material_3006
f 1740/2403/1740 2248/3908/2248 2249/2440/2249

usemtl material_3007
f 2237/2437/2237 2236/2438/2236 1733/2368/1733

usemtl material_3008
f 1733/2368/1733 2236/2438/2236 1732/2369/1732

usemtl material_1806
f 1738/2400/1738 2240/2455/2240 2009/2456/2009

usemtl material_3009
f 1735/2401/1735 2245/2457/2245 1729/2373/1729

usemtl material_3010
f 2245/2457/2245 2246/3906/2246 1729/2373/1729

usemtl material_3011
f 2246/3906/2246 1734/2402/1734 1729/2373/1729

usemtl material_3012
f 1742/2419/1742 2248/3908/2248 1740/2403/1740

usemtl material_58
vt 0.5452557 0.5768279
f 2187/2379/2187 2205/2443/2205 2203/3909/2203
f 2187/2379/2187 2203/3909/2203 2201/2458/2201

usemtl material_75
f 2191/2405/2191 2202/2459/2202 2192/2406/2192

usemtl material_1013
f 1975/2422/1975 2253/2481/2253 1968/2346/1968

usemtl material_267
f 515/3812/515 530/3811/530 505/3885/505

usemtl material_101
f 507/3886/507 528/3813/528 508/3888/508

usemtl material_253
vt 0.1145919 0.0826691
f 508/3888/508 527/3814/527 460/3910/460

usemtl material_57
f 460/3910/460 527/3814/527 463/3887/463

usemtl material_1250
vt 0.1338919 0.0959291
f 558/3865/558 315/3866/315 260/3911/260

usemtl material_148
vt 0.5569240 0.0873493
f 359/3843/359 366/3815/366 354/3912/354
f 366/3815/366 367/3844/367 354/3912/354
vt 0.6387873 0.0848635
f 354/3912/354 367/3844/367 358/3913/358

usemtl material_40
f 367/3844/367 368/3845/368 358/3913/358

usemtl material_149
vt 0.6428497 0.0905082
f 368/3845/368 380/3851/380 357/3914/357

usemtl material_40
f 358/3913/358 368/3845/368 357/3914/357

usemtl material_149
f 357/3914/357 380/3851/380 399/3867/399

usemtl material_588
f 276/3846/276 273/3818/273 255/3889/255

usemtl material_3013
f 250/3891/250 264/3822/264 249/3892/249

usemtl material_3014
f 249/3892/249 265/3849/265 252/3893/252

usemtl material_452
vt 0.9552125 0.5319175
f 2807/3796/2807 2825/3871/2825 2841/3915/2841
f 2842/3835/2842 2807/3796/2807 2841/3915/2841

usemtl material_2532
f 2812/3854/2812 2811/3826/2811 2826/3899/2826

usemtl material_661
vt 0.9038104 0.9919125
f 3151/3916/3151 3145/3872/3145 3146/3900/3146

usemtl material_1351
vt 0.8803948 0.9923781
f 3146/3900/3146 3148/3901/3148 3152/3917/3152
vt 0.8515522 0.9914321
f 3152/3917/3152 3148/3901/3148 3153/3918/3153

usemtl material_1407
f 3153/3918/3153 3148/3901/3148 3150/3874/3150

usemtl material_3015
f 3153/3918/3153 3150/3874/3150 3154/3875/3154

usemtl material_1496
vt 0.8953816 0.5496578
f 2847/3919/2847 2826/3899/2826 2920/3758/2920

usemtl material_661
f 3151/3916/3151 3146/3900/3146 3152/3917/3152

usemtl material_2974
f 2920/3758/2920 2858/3877/2858 2847/3919/2847

usemtl material_2172
vt 0.8666766 0.5568717
f 2847/3919/2847 2858/3877/2858 2851/3920/2851

usemtl material_3016
f 2851/3920/2851 2858/3877/2858 2853/3786/2853

usemtl material_3017
f 2852/3903/2852 2859/3830/2859 2867/3904/2867

usemtl material_3018
f 2867/3904/2867 2859/3830/2859 2866/3861/2866

usemtl material_3019
f 2236/2438/2236 2250/2453/2250 1739/2439/1739

usemtl material_3020
vt 0.2185622 0.5617170
f 2250/2453/2250 2251/3921/2251 1736/2370/1736

usemtl material_3021
f 1736/2370/1736 2251/3921/2251 2239/2454/2239

usemtl material_3022
vt 0.5260525 0.5607445
f 2249/2440/2249 2258/3922/2258 2244/2441/2244

usemtl material_558
vt 0.5272239 0.5675528
f 2244/2441/2244 2258/3922/2258 2262/3923/2262

usemtl material_3023
f 2981/3905/2981 2987/3842/2987 3027/3862/3027

usemtl material_640
f 2067/2404/2067 2241/2452/2241 2238/2436/2238

usemtl material_453
f 2205/2443/2205 2244/2441/2244 2262/3923/2262

usemtl material_646
vt 0.5311161 0.5682130
f 2252/3924/2252 2203/3909/2203 2205/2443/2205

usemtl material_1254
vt 0.6551476 0.5666711
f 2199/2421/2199 2259/3925/2259 2255/3878/2255

usemtl material_3024
f 1969/2444/1969 1943/2385/1943 1971/2465/1971

usemtl material_1835
f 1972/2462/1972 1979/2463/1979 1947/2383/1947

usemtl material_1496
vt 0.0487736 0.5669906
f 1964/2423/1964 1980/3926/1980 1959/2424/1959

usemtl material_3025
vt 0.0094460 0.0831000
f 501/3927/501 512/3879/512 503/3880/503

usemtl material_519
vt 0.0604437 0.0789731
f 494/3928/494 510/3864/510 495/3883/495

usemtl material_3026
vt 0.0874060 0.0840046
f 496/3884/496 515/3812/515 489/3929/489

usemtl material_152
f 489/3929/489 515/3812/515 505/3885/505

usemtl material_207
vt 0.5206048 0.0951560
f 349/3930/349 363/2446/363 359/3843/359

usemtl material_176
vt 0.5374069 0.0948043
f 350/3931/350 359/3843/359 354/3912/354

usemtl material_40
vt 0.6347125 0.0941121
f 353/3932/353 354/3912/354 358/3913/358

usemtl material_2095
f 315/3866/315 276/3846/276 260/3911/260

usemtl material_58
f 349/3930/349 359/3843/359 350/3931/350

usemtl material_588
f 260/3911/260 276/3846/276 255/3889/255

usemtl material_3027
vt 0.1553395 0.0954701
f 255/3889/255 262/3847/262 246/3933/246

usemtl material_3028
f 246/3933/246 262/3847/262 259/3890/259

usemtl material_3029
vt 0.2149814 0.0969628
f 246/3933/246 259/3890/259 247/3934/247

usemtl material_3030
f 259/3890/259 250/3891/250 247/3934/247

usemtl material_3031
vt 0.2858297 0.0975116
f 250/3891/250 249/3892/249 248/3935/248

usemtl material_3032
vt 0.2617472 0.1070262
f 247/3934/247 250/3891/250 233/3936/233

usemtl material_3033
vt 0.3251606 0.1067296
f 249/3892/249 252/3893/252 235/3937/235

usemtl material_3034
vt 0.3620740 0.1010553
f 252/3893/252 258/3894/258 251/3938/251

usemtl material_3035
f 251/3938/251 258/3894/258 253/3895/253

usemtl material_3036
vt 0.4237994 0.1057516
vt 0.4566055 0.1061009
f 237/3939/237 254/3896/254 239/3940/239

usemtl material_3037
f 239/3940/239 254/3896/254 256/3869/256

usemtl material_3038
vt 0.4755747 0.1055274
f 239/3940/239 256/3869/256 240/3941/240

usemtl material_3039
vt 0.5016273 0.1061189
f 241/3942/241 256/3869/256 257/3868/257

usemtl material_1862
f 274/3870/274 275/2447/275 261/2483/261

usemtl material_3040
f 240/3941/240 256/3869/256 241/3942/241

usemtl material_2269
f 2812/3854/2812 2826/3899/2826 2825/3871/2825

usemtl material_886
f 2825/3871/2825 2826/3899/2826 2847/3919/2847

usemtl material_1818
f 3711/2306/3711 3776/2395/3776 3778/2497/3778

usemtl material_3041
f 2851/3920/2851 2853/3786/2853 2852/3903/2852

usemtl material_3042
vt 0.3380549 0.2716700
vt 0.3104493 0.2702016
vt 0.3392812 0.2599448
f 840/3943/840 839/3944/839 825/3945/825

usemtl material_3043
vt 0.3860348 0.2688109
f 840/3943/840 825/3945/825 826/3946/826

usemtl material_3044
vt 0.4287199 0.2589823
vt 0.4353010 0.2708349
f 826/3946/826 816/3947/816 827/3948/827

usemtl material_3045
vt 0.4565347 0.2688229
f 816/3947/816 823/3949/823 827/3948/827

usemtl material_3046
f 846/2473/846 798/2472/798 838/2486/838

usemtl material_3047
vt 0.2072409 0.2682718
vt 0.2341471 0.2637231
vt 0.2322352 0.2724023
f 831/3950/831 832/3951/832 854/3952/854

usemtl material_3048
f 854/3952/854 832/3951/832 839/3944/839

usemtl material_1054
vt 0.8326119 0.5683123
f 2981/3905/2981 3027/3862/3027 3036/3953/3036

usemtl material_3049
f 2241/2452/2241 2067/2404/2067 2253/2481/2253

usemtl material_646
vt 0.5483231 0.5646169
f 2252/3924/2252 2256/3954/2256 2203/3909/2203

usemtl material_207
f 2203/3909/2203 2256/3954/2256 2201/2458/2201

usemtl material_3050
vt 0.6352481 0.2819070
f 855/3955/855 845/2494/845 819/2519/819

usemtl material_3051
vt 0.6427972 0.2840447
f 855/3955/855 819/2519/819 858/3956/858

usemtl material_3052
f 858/3956/858 819/2519/819 841/2488/841

usemtl material_884
vt 0.1370595 0.5563325
f 2261/3957/2261 2253/2481/2253 1976/2480/1976

usemtl material_3053
f 856/2493/856 845/2494/845 855/3955/855

usemtl material_3054
vt 0.0350908 0.5574580
f 1952/2407/1952 2008/3958/2008 1964/2423/1964

usemtl material_489
vt 0.0599996 0.5642636
f 1980/3926/1980 1982/3959/1982 1959/2424/1959

usemtl material_495
f 1959/2424/1959 1982/3959/1982 1961/2425/1961

usemtl material_122
vt 0.0755063 0.5613868
f 1961/2425/1961 1983/3960/1983 1960/2426/1960

usemtl material_207
f 1960/2426/1960 1983/3960/1983 1946/2384/1946

usemtl material_646
f 1946/2384/1946 1983/3960/1983 1974/2464/1974

usemtl material_3055
vt 0.1002372 0.5649445
f 1963/2409/1963 1981/2479/1981 1984/3961/1984

usemtl material_61
f 1963/2409/1963 1984/3961/1984 1970/2460/1970

usemtl material_759
f 1973/2466/1973 1976/2480/1976 1975/2422/1975

usemtl material_3056
vt 0.0043814 0.0845030
f 504/3962/504 512/3879/512 501/3927/501

usemtl material_515
vt 0.0231039 0.0909876
f 503/3880/503 509/3863/509 481/3963/481

usemtl material_974
f 481/3963/481 509/3863/509 506/3881/506

usemtl material_1766
vt 0.0323450 0.0950353
f 481/3963/481 506/3881/506 478/3964/478

usemtl material_1054
vt 0.0472522 0.0869754
f 493/3882/493 510/3864/510 492/3965/492

usemtl material_1123
f 510/3864/510 494/3928/494 492/3965/492

usemtl material_3025
vt 0.0595802 0.0982063
f 492/3965/492 494/3928/494 473/3966/473

usemtl material_397
vt 0.1037006 0.0914018
f 505/3885/505 507/3886/507 465/3967/465

usemtl material_3057
f 3309/2482/3309 3303/2410/3303 3339/2468/3339

usemtl material_1027
vt 0.0930863 0.0974132
f 466/3968/466 505/3885/505 465/3967/465

usemtl material_61
vt 0.1085263 0.0973846
f 507/3886/507 508/3888/508 457/3969/457

usemtl material_196
f 465/3967/465 507/3886/507 457/3969/457

usemtl material_3058
vt 0.1232124 0.0969098
f 558/3865/558 260/3911/260 453/3970/453

usemtl material_148
f 350/3931/350 354/3912/354 353/3932/353

usemtl material_40
f 353/3932/353 358/3913/358 357/3914/357

usemtl material_11
vt 0.6470004 0.0992655
f 357/3914/357 399/3867/399 386/3971/386

usemtl material_207
f 261/2483/261 363/2446/363 349/3930/349

usemtl material_89
f 386/3971/386 399/3867/399 725/3897/725

usemtl material_3059
vt 0.1832344 0.1075049
f 231/3972/231 246/3933/246 247/3934/247

usemtl material_3060
f 233/3936/233 250/3891/250 248/3935/248

usemtl material_3061
vt 0.2925119 0.1063714
f 234/3973/234 248/3935/248 249/3892/249

usemtl material_3062
f 234/3973/234 249/3892/249 235/3937/235

usemtl material_3063
f 252/3893/252 251/3938/251 235/3937/235

usemtl material_2845
vt 0.3902741 0.1072366
f 253/3895/253 254/3896/254 236/3974/236

usemtl material_3064
f 254/3896/254 237/3939/237 236/3974/236

usemtl material_1910
vt 0.5091171 0.1068169
f 257/3868/257 274/3870/274 244/3975/244

usemtl material_20
f 244/3975/244 274/3870/274 261/2483/261

usemtl material_89
vt 0.6477581 0.1111012
f 386/3971/386 725/3897/725 396/3976/396

usemtl material_888
vt 0.6523304 0.1151095
f 396/3976/396 725/3897/725 690/3977/690

usemtl material_3065
f 241/3942/241 257/3868/257 244/3975/244

usemtl material_3066
vt 0.9568654 0.5372493
f 3000/3978/3000 3003/3898/3003 2842/3835/2842

usemtl material_1495
f 3000/3978/3000 2842/3835/2842 2841/3915/2841

usemtl material_2926
vt 0.9467655 0.5395291
f 2841/3915/2841 2825/3871/2825 2850/3979/2850

usemtl material_1851
f 3341/2496/3341 3338/2353/3338 3334/2448/3334

usemtl material_3067
vt 0.8796962 0.5640563
f 2849/3980/2849 2851/3920/2851 2852/3903/2852

usemtl material_1125
vt 0.8541932 0.5658649
f 2852/3903/2852 2867/3904/2867 2855/3981/2855
f 2855/3981/2855 2867/3904/2867 2981/3905/2981

usemtl material_3068
vt 0.4370475 0.2523062
vt 0.4760696 0.2523817
f 792/3982/792 793/3983/793 823/3949/823

usemtl material_3069
f 823/3949/823 793/3983/793 824/2471/824

usemtl material_3070
f 824/2471/824 793/3983/793 798/2472/798

usemtl material_3071
vt 0.1854684 0.2692995
f 830/2502/830 786/2511/786 829/3984/829

usemtl material_3072
vt 0.3083944 0.2542412
f 832/3951/832 791/3985/791 839/3944/839

usemtl material_3073
f 839/3944/839 791/3985/791 825/3945/825

usemtl material_3074
f 816/3947/816 792/3982/792 823/3949/823

usemtl material_3075
vt 0.8440109 0.5720853
f 3016/3986/3016 2981/3905/2981 3036/3953/3036

usemtl material_646
f 843/2476/843 842/2487/842 812/2505/812

usemtl material_182
f 843/2476/843 812/2505/812 833/2491/833

usemtl material_3076
f 2261/3957/2261 2241/2452/2241 2253/2481/2253

usemtl material_1268
vt 0.8245445 0.0915664
f 3706/2478/3706 3789/3987/3789 3784/2461/3784

usemtl material_3077
vt 0.0183600 0.5593341
f 1972/2462/1972 2242/3988/2242 1979/2463/1979

usemtl material_364
f 1979/2463/1979 2008/3958/2008 1952/2407/1952

usemtl material_1811
vt 0.0436793 0.5587279
f 2008/3958/2008 2235/3989/2235 1964/2423/1964

usemtl material_3078
f 1964/2423/1964 2235/3989/2235 1980/3926/1980

usemtl material_122
f 1961/2425/1961 1982/3959/1982 1983/3960/1983

usemtl material_590
f 478/3964/478 506/3881/506 493/3882/493

usemtl material_149
vt 0.0373960 0.0978558
f 476/3990/476 493/3882/493 492/3965/492

usemtl material_3079
vt 0.0677144 0.0970840
f 473/3966/473 494/3928/494 472/3991/472

usemtl material_184
vt 0.0781187 0.0979083
f 494/3928/494 495/3883/495 470/3992/470

usemtl material_845
f 472/3991/472 494/3928/494 470/3992/470

usemtl material_3080
f 470/3992/470 495/3883/495 496/3884/496

usemtl material_696
vt 0.1200406 0.0945435
f 456/3993/456 460/3910/460 463/3887/463

usemtl material_271
vt 0.0191022 0.0980403
f 501/3927/501 503/3880/503 482/3994/482

usemtl material_515
f 482/3994/482 503/3880/503 481/3963/481

usemtl material_25
f 489/3929/489 505/3885/505 466/3968/466

usemtl material_267
f 508/3888/508 460/3910/460 457/3969/457

usemtl material_192
f 457/3969/457 460/3910/460 456/3993/456

usemtl material_210
f 456/3993/456 463/3887/463 558/3865/558

usemtl material_2357
f 456/3993/456 558/3865/558 453/3970/453

usemtl material_641
vt 0.1333638 0.1089962
f 453/3970/453 260/3911/260 243/3995/243

usemtl material_94
vt 0.6351458 0.1070202
f 350/3931/350 353/3932/353 352/3996/352

usemtl material_40
vt 0.6423162 0.1094380
f 353/3932/353 357/3914/357 356/3997/356

usemtl material_94
f 352/3996/352 353/3932/353 356/3997/356

usemtl material_40
f 356/3997/356 357/3914/357 386/3971/386

usemtl material_46
vt 0.1369668 0.1076422
f 238/3998/238 260/3911/260 255/3889/255

usemtl material_933
vt 0.5199644 0.1085572
f 261/2483/261 349/3930/349 348/3999/348

usemtl material_3081
f 255/3889/255 246/3933/246 238/3998/238

usemtl material_3082
vt 0.1557986 0.1108038
f 238/3998/238 246/3933/246 230/4000/230

usemtl material_3083
f 230/4000/230 246/3933/246 231/3972/231

usemtl material_3084
f 231/3972/231 247/3934/247 233/3936/233

usemtl material_3085
f 233/3936/233 248/3935/248 234/3973/234

usemtl material_3086
f 251/3938/251 253/3895/253 236/3974/236

usemtl material_440
vt 0.5156250 0.1078591
f 244/3975/244 261/2483/261 245/4001/245

usemtl material_0
f 245/4001/245 261/2483/261 348/3999/348

usemtl material_3062
vt 0.3059048 0.1180233
f 234/3973/234 235/3937/235 228/4002/228

usemtl material_3087
f 235/3937/235 251/3938/251 236/3974/236

usemtl material_3088
vt 0.5007747 0.1212146
f 222/4003/222 241/3942/241 244/3975/244

usemtl material_3089
f 3000/3978/3000 2841/3915/2841 2850/3979/2850

usemtl material_2926
vt 0.9090237 0.5599560
f 2850/3979/2850 2825/3871/2825 2848/4004/2848

usemtl material_1847
f 3776/2395/3776 3781/2394/3781 3778/2497/3778

usemtl material_3090
f 2849/3980/2849 2847/3919/2847 2851/3920/2851

usemtl material_3091
f 2849/3980/2849 2852/3903/2852 2855/3981/2855

usemtl material_3092
vt 0.3410732 0.2529680
f 791/3985/791 795/4005/795 825/3945/825

usemtl material_3093
vt 0.3614235 0.2496218
f 794/4006/794 792/3982/792 816/3947/816

usemtl material_1270
vt 0.8513427 0.5685987
f 2999/4007/2999 2855/3981/2855 2981/3905/2981

usemtl material_3094
f 2999/4007/2999 2981/3905/2981 3016/3986/3016

usemtl material_3095
vt 0.1401547 0.2546435
f 799/4008/799 787/2501/787 836/2500/836

usemtl material_3096
f 830/2502/830 787/2501/787 786/2511/786

usemtl material_3097
vt 0.2086650 0.2529045
f 786/2511/786 790/4009/790 829/3984/829

usemtl material_3098
f 829/3984/829 790/4009/790 831/3950/831

usemtl material_3099
f 831/3950/831 790/4009/790 832/3951/832

usemtl material_3100
f 832/3951/832 790/4009/790 791/3985/791

usemtl material_3101
f 795/4005/795 794/4006/794 825/3945/825

usemtl material_3102
f 825/3945/825 794/4006/794 826/3946/826

usemtl material_3103
f 826/3946/826 794/4006/794 816/3947/816

usemtl material_1315
f 822/2516/822 799/4008/799 836/2500/836

usemtl material_1686
f 837/2514/837 822/2516/822 836/2500/836

usemtl material_107
f 845/2494/845 818/2492/818 819/2519/819

usemtl material_3075
f 819/2519/819 770/2520/770 841/2488/841

usemtl material_1126
f 770/2520/770 847/2489/847 841/2488/841

usemtl material_1027
vt 0.0069453 0.2782106
vt 0.0116417 0.2656529
vt 0.0192344 0.2840447
f 848/4010/848 814/4011/814 857/4012/857

usemtl material_0
vt 0.0192247 0.2641593
f 814/4011/814 800/4013/800 857/4012/857

usemtl material_61
vt 0.0236857 0.2757320
f 857/4012/857 800/4013/800 835/4014/835

usemtl material_271
vt 0.0819478 0.2654573
vt 0.0814685 0.2813585
f 803/2507/803 804/4015/804 853/4016/853

usemtl material_515
vt 0.0887799 0.2645152
f 853/4016/853 804/4015/804 810/4017/810

usemtl material_350
vt 0.0892037 0.2798801
f 853/4016/853 810/4017/810 861/4018/861

usemtl material_24
vt 0.0962474 0.2830383
f 861/4018/861 810/4017/810 862/4019/862

usemtl material_347
vt 0.1225447 0.5515234
f 2243/2495/2243 2257/4020/2257 1969/2444/1969

usemtl material_0
f 1969/2444/1969 2257/4020/2257 1973/2466/1973

usemtl material_446
vt 0.1186493 0.2817968
vt 0.1107930 0.2650453
vt 0.1227593 0.2793658
f 860/4021/860 817/4022/817 859/4023/859

usemtl material_885
vt 0.0489543 0.5513211
f 1980/3926/1980 2235/3989/2235 2254/4024/2254

usemtl material_641
f 1980/3926/1980 2254/4024/2254 1982/3959/1982

usemtl material_152
f 803/2507/803 853/4016/853 852/2508/852

usemtl material_75
f 478/3964/478 493/3882/493 476/3990/476

usemtl material_32
f 476/3990/476 492/3965/492 473/3966/473

usemtl material_3104
f 548/2524/548 504/3962/504 500/2522/500

usemtl material_3056
f 504/3962/504 501/3927/501 500/2522/500

usemtl material_3025
f 500/2522/500 501/3927/501 482/3994/482

usemtl material_3105
f 496/3884/496 489/3929/489 470/3992/470

usemtl material_4
vt 0.0873088 0.0990978
f 470/3992/470 489/3929/489 468/4025/468

usemtl material_107
f 468/4025/468 489/3929/489 466/3968/466

usemtl material_58
f 348/3999/348 349/3930/349 350/3931/350

usemtl material_148
vt 0.5428666 0.1086595
f 348/3999/348 350/3931/350 351/4026/351
f 351/4026/351 350/3931/350 352/3996/352

usemtl material_11
f 356/3997/356 386/3971/386 396/3976/396

usemtl material_490
f 243/3995/243 260/3911/260 238/3998/238

usemtl material_3106
vt 0.1822247 0.1228020
f 230/4000/230 231/3972/231 218/4027/218

usemtl material_3107
vt 0.2129284 0.1227911
f 218/4027/218 231/3972/231 217/4028/217

usemtl material_3108
f 217/4028/217 231/3972/231 233/3936/233

usemtl material_3109
vt 0.2622979 0.1168597
f 217/4028/217 233/3936/233 229/4029/229

usemtl material_3110
f 229/4029/229 233/3936/233 234/3973/234

usemtl material_3111
f 229/4029/229 234/3973/234 228/4002/228

usemtl material_3112
vt 0.3596105 0.1209182
f 228/4002/228 235/3937/235 213/4030/213

usemtl material_3113
f 235/3937/235 236/3974/236 213/4030/213

usemtl material_3114
vt 0.3837258 0.1213446
f 213/4030/213 236/3974/236 214/4031/214

usemtl material_3115
f 214/4031/214 236/3974/236 237/3939/237

usemtl material_3116
vt 0.4237185 0.1229888
f 214/4031/214 237/3939/237 215/4032/215

usemtl material_3117
vt 0.4483374 0.1214090
f 215/4032/215 237/3939/237 216/4033/216

usemtl material_3118
f 216/4033/216 237/3939/237 239/3940/239

usemtl material_58
f 227/2525/227 245/4001/245 348/3999/348

usemtl material_3119
vt 0.4843621 0.1225717
f 239/3940/239 240/3941/240 221/4034/221

usemtl material_3120
f 216/4033/216 239/3940/239 221/4034/221

usemtl material_3121
f 240/3941/240 241/3942/241 221/4034/221

usemtl material_3122
f 221/4034/221 241/3942/241 222/4003/222

usemtl material_3123
vt 0.5079457 0.1233396
f 222/4003/222 244/3975/244 225/4035/225

usemtl material_20
f 225/4035/225 244/3975/244 245/4001/245

usemtl material_253
f 225/4035/225 245/4001/245 227/2525/227

usemtl material_3089
vt 0.9398286 0.5463724
f 3000/3978/3000 2850/3979/2850 2933/4036/2933

usemtl material_2220
f 2825/3871/2825 2847/3919/2847 2848/4004/2848

usemtl material_3124
f 2848/4004/2848 2847/3919/2847 2849/3980/2849

usemtl material_2953
vt 0.8796742 0.5669644
f 2856/4037/2856 2849/3980/2849 2855/3981/2855

usemtl material_3125
vt 0.4285840 0.2385443
f 794/4006/794 759/4038/759 792/3982/792

usemtl material_3126
f 759/4038/759 758/2538/758 792/3982/792

usemtl material_3127
f 792/3982/792 758/2538/758 793/3983/793

usemtl material_3128
vt 0.5007057 0.2377736
f 793/3983/793 758/2538/758 748/4039/748

usemtl material_3129
f 798/2472/798 748/4039/748 764/2512/764

usemtl material_842
vt 0.2076645 0.2386438
f 786/2511/786 750/2510/750 756/4040/756

usemtl material_3130
f 786/2511/786 756/4040/756 790/4009/790

usemtl material_3131
vt 0.2607927 0.2471805
f 756/4040/756 789/4041/789 790/4009/790

usemtl material_3132
f 789/4041/789 753/2541/753 791/3985/791

usemtl material_3133
vt 0.3404028 0.2377285
f 791/3985/791 753/2541/753 755/4042/755

usemtl material_3134
f 791/3985/791 755/4042/755 795/4005/795

usemtl material_3135
f 795/4005/795 755/4042/755 794/4006/794

usemtl material_3136
f 793/3983/793 748/4039/748 798/2472/798

usemtl material_3137
f 798/2472/798 764/2512/764 807/2485/807

usemtl material_2116
f 822/2516/822 778/2515/778 799/4008/799

usemtl material_3131
f 790/4009/790 789/4041/789 791/3985/791

usemtl material_58
f 842/2487/842 807/2485/807 788/2504/788

usemtl material_3138
vt 0.6483566 0.2478880
f 770/2520/770 806/4043/806 847/2489/847

usemtl material_3139
vt 0.1245738 0.2537316
f 778/2515/778 837/2514/837 820/4044/820

usemtl material_51
vt 0.5311009 0.2500278
f 788/2504/788 772/4045/772 812/2505/812

usemtl material_41
f 812/2505/812 772/4045/772 773/2517/773

usemtl material_51
f 812/2505/812 773/2517/773 818/2492/818

usemtl material_1799
f 818/2492/818 769/2518/769 819/2519/819

usemtl material_2871
vt 0.1251773 0.2686015
f 820/4044/820 837/2514/837 863/4046/863

usemtl material_3140
f 3696/2474/3696 3708/2521/3708 3706/2478/3706

usemtl material_3141
f 3706/2478/3706 3708/2521/3708 3789/3987/3789

usemtl material_22
vt 0.0497979 0.2671602
vt 0.0590520 0.2617703
vt 0.0489331 0.2813733
f 821/4047/821 801/4048/801 844/4049/844

usemtl material_58
f 844/4049/844 801/4048/801 849/2509/849

usemtl material_87
vt 0.0971776 0.2646551
f 810/4017/810 815/4050/815 862/4019/862

usemtl material_146
vt 0.1050615 0.2748235
f 862/4019/862 815/4050/815 851/4051/851

usemtl material_699
vt 0.1221718 0.2627334
f 817/4022/817 811/4052/811 859/4023/859

usemtl material_1925
f 859/4023/859 811/4052/811 863/4046/863

usemtl material_102
vt 0.0323268 0.2765965
f 835/4014/835 809/2550/809 850/4053/850

usemtl material_341
vt 0.0373672 0.2689986
f 834/4054/834 805/2549/805 844/4049/844

usemtl material_22
f 844/4049/844 805/2549/805 821/4047/821

usemtl material_515
vt 0.0228624 0.1089278
f 482/3994/482 481/3963/481 480/4055/480

usemtl material_2685
f 480/4055/480 481/3963/481 478/3964/478

usemtl material_397
vt 0.1032018 0.1089321
f 466/3968/466 465/3967/465 464/4056/464

usemtl material_196
f 464/4056/464 465/3967/465 457/3969/457

usemtl material_1496
vt 0.1201348 0.1087577
f 457/3969/457 456/3993/456 455/4057/455

usemtl material_1515
f 455/4057/455 456/3993/456 453/3970/453

usemtl material_3142
vt 0.0009701 0.1075385
f 603/4058/603 548/2524/548 499/2523/499

usemtl material_152
vt 0.1081324 0.1127340
f 464/4056/464 457/3969/457 459/4059/459

usemtl material_2538
vt 0.1230962 0.1101852
f 455/4057/455 453/3970/453 454/4060/454

usemtl material_1538
f 453/3970/453 243/3995/243 454/4060/454

usemtl material_40
vt 0.6087855 0.1132944
f 351/4026/351 352/3996/352 355/4061/355

usemtl material_483
vt 0.1344170 0.1199777
f 242/4062/242 243/3995/243 238/3998/238

usemtl material_3143
f 3337/2551/3337 3334/2448/3334 3335/2484/3335

usemtl material_406
vt 0.1390617 0.1234376
f 242/4062/242 238/3998/238 220/4063/220

usemtl material_3144
f 220/4063/220 238/3998/238 230/4000/230

usemtl material_646
f 227/2525/227 348/3999/348 364/2526/364

usemtl material_3145
vt 0.1556201 0.1231706
f 220/4063/220 230/4000/230 219/4064/219

usemtl material_3146
f 219/4064/219 230/4000/230 218/4027/218

usemtl material_3147
vt 0.3052694 0.1229810
f 217/4028/217 229/4029/229 212/4065/212

usemtl material_2543
f 229/4029/229 228/4002/228 212/4065/212

usemtl material_3148
f 212/4065/212 228/4002/228 213/4030/213

usemtl material_335
vt 0.5130803 0.1259860
f 225/4035/225 227/2525/227 226/4066/226

usemtl material_888
vt 0.6481076 0.1263022
f 396/3976/396 690/3977/690 411/4067/411

usemtl material_47
f 226/4066/226 227/2525/227 263/2527/263

usemtl material_3149
vt 0.4862856 0.1358096
f 221/4034/221 222/4003/222 200/4068/200

usemtl material_3150
vt 0.5008374 0.1337491
f 200/4068/200 222/4003/222 201/4069/201

usemtl material_3151
f 201/4069/201 222/4003/222 225/4035/225

usemtl material_3066
vt 0.9373829 0.5521556
f 3000/3978/3000 2933/4036/2933 3005/4070/3005

usemtl material_1553
vt 0.9260627 0.5545155
f 2933/4036/2933 2850/3979/2850 2908/4071/2908
f 2850/3979/2850 2848/4004/2848 2908/4071/2908

usemtl material_3152
vt 0.8706775 0.5707946
f 2997/4072/2997 2856/4037/2856 2855/3981/2855

usemtl material_3153
f 2997/4072/2997 2855/3981/2855 2999/4007/2999

usemtl material_3154
f 756/4040/756 753/2541/753 789/4041/789

usemtl material_3155
f 794/4006/794 755/4042/755 757/2542/757

usemtl material_3156
f 794/4006/794 757/2542/757 759/4038/759

usemtl material_3157
vt 0.5124022 0.2354598
f 764/2512/764 748/4039/748 742/4073/742

usemtl material_20
f 764/2512/764 742/4073/742 743/2529/743

usemtl material_3158
vt 0.8547530 0.5748502
f 3031/4074/3031 2999/4007/2999 3016/3986/3016

usemtl material_3159
vt 0.1382673 0.2398812
f 749/4075/749 750/2510/750 787/2501/787

usemtl material_3160
f 799/4008/799 749/4075/749 787/2501/787

usemtl material_1255
f 778/2515/778 749/4075/749 799/4008/799

usemtl material_61
vt 0.0961360 0.2526815
f 810/4017/810 784/4076/784 815/4050/815

usemtl material_2661
f 811/4052/811 820/4044/820 863/4046/863

usemtl material_3161
vt 0.0041137 0.2648627
f 848/4010/848 828/4077/828 814/4011/814

usemtl material_532
vt 0.0228433 0.2564722
f 800/4013/800 781/4078/781 835/4014/835

usemtl material_1885
f 850/4053/850 809/2550/809 834/4054/834

usemtl material_974
f 849/2509/849 801/4048/801 802/2506/802

usemtl material_491
vt 0.1044433 0.2614150
f 815/4050/815 813/4079/813 851/4051/851

usemtl material_99
f 851/4051/851 813/4079/813 817/4022/817

usemtl material_3162
vt 0.0322919 0.1106046
f 479/4080/479 480/4055/480 478/3964/478

usemtl material_486
vt 0.0382936 0.1120272
f 478/3964/478 476/3990/476 475/4081/475

usemtl material_3163
f 479/4080/479 478/3964/478 475/4081/475

usemtl material_347
f 475/4081/475 476/3990/476 473/3966/473

usemtl material_698
vt 0.0702917 0.1122938
f 471/4082/471 472/3991/472 470/3992/470

usemtl material_3164
f 499/2523/499 500/2522/500 482/3994/482

usemtl material_24
vt 0.0180334 0.1190479
f 499/2523/499 482/3994/482 498/4083/498

usemtl material_61
f 498/4083/498 482/3994/482 480/4055/480

usemtl material_1254
f 473/3966/473 472/3991/472 471/4082/471

usemtl material_58
vt 0.0838015 0.1121664
f 471/4082/471 470/3992/470 469/4084/469

usemtl material_48
f 470/3992/470 468/4025/468 469/4084/469

usemtl material_127
vt 0.0930188 0.1128883
f 469/4084/469 468/4025/468 467/4085/467

usemtl material_1027
f 467/4085/467 468/4025/468 466/3968/466

usemtl material_1747
f 467/4085/467 466/3968/466 464/4056/464

usemtl material_0
vt 0.1136786 0.1146029
f 459/4059/459 457/3969/457 458/4086/458

usemtl material_49
f 458/4086/458 457/3969/457 455/4057/455

usemtl material_1515
vt 0.1339622 0.1263022
f 454/4060/454 243/3995/243 224/4087/224

usemtl material_1176
vt 0.1228264 0.1260598
f 454/4060/454 224/4087/224 539/4088/539

usemtl material_58
f 364/2526/364 348/3999/348 351/4026/351
vt 0.5581030 0.1237991
f 351/4026/351 355/4061/355 360/4089/360

usemtl material_483
f 224/4087/224 243/3995/243 242/4062/242

usemtl material_148
vt 0.5249569 0.1243502
f 364/2526/364 351/4026/351 365/4090/365

usemtl material_179
f 365/4090/365 351/4026/351 360/4089/360

usemtl material_58
vt 0.6127291 0.1236670
f 360/4089/360 355/4061/355 361/4091/361

usemtl material_149
vt 0.6384993 0.1234182
f 355/4061/355 352/3996/352 362/4092/362

usemtl material_58
f 361/4091/361 355/4061/355 362/4092/362

usemtl material_94
f 352/3996/352 356/3997/356 362/4092/362

usemtl material_66
vt 0.6440084 0.1252715
f 362/4092/362 356/3997/356 376/4093/376

usemtl material_149
f 376/4093/376 356/3997/356 396/3976/396

usemtl material_888
f 376/4093/376 396/3976/396 411/4067/411

usemtl material_406
f 224/4087/224 242/4062/242 220/4063/220

usemtl material_3165
f 3334/2448/3334 3337/2551/3337 3341/2496/3341

usemtl material_3166
vt 0.1550995 0.1374640
f 220/4063/220 219/4064/219 198/4094/198

usemtl material_3167
vt 0.1711124 0.1374928
f 198/4094/198 219/4064/219 197/4095/197

usemtl material_3071
f 197/4095/197 219/4064/219 218/4027/218

usemtl material_3168
vt 0.2210767 0.1368191
f 196/4096/196 218/4027/218 217/4028/217

usemtl material_3169
vt 0.2660520 0.1358067
f 205/4097/205 217/4028/217 212/4065/212

usemtl material_3170
vt 0.3687020 0.1365807
f 202/4098/202 212/4065/212 213/4030/213

usemtl material_3171
f 197/4095/197 218/4027/218 196/4096/196

usemtl material_3172
f 196/4096/196 217/4028/217 205/4097/205

usemtl material_3173
vt 0.3126009 0.1361650
f 205/4097/205 212/4065/212 195/4099/195

usemtl material_3174
f 195/4099/195 212/4065/212 202/4098/202

usemtl material_3175
f 202/4098/202 213/4030/213 214/4031/214

usemtl material_3176
f 202/4098/202 214/4031/214 215/4032/215

usemtl material_3177
vt 0.4486417 0.1353323
f 202/4098/202 215/4032/215 203/4100/203

usemtl material_3178
f 215/4032/215 216/4033/216 203/4100/203

usemtl material_3179
f 216/4033/216 221/4034/221 203/4100/203

usemtl material_3180
vt 0.5127599 0.1368223
f 201/4069/201 225/4035/225 211/4101/211

usemtl material_390
f 211/4101/211 225/4035/225 226/4066/226

usemtl material_108
f 226/4066/226 263/2527/263 232/2532/232
f 211/4101/211 226/4066/226 232/2532/232

usemtl material_847
vt 0.9517217 0.5479981
f 3033/4102/3033 3000/3978/3000 3005/4070/3005

usemtl material_3181
f 203/4100/203 221/4034/221 200/4068/200

usemtl material_2926
f 3005/4070/3005 2933/4036/2933 2908/4071/2908

usemtl material_3182
f 2848/4004/2848 2849/3980/2849 2856/4037/2856

usemtl material_3183
vt 0.5092355 0.2127743
f 748/4039/748 701/2537/701 658/4103/658

usemtl material_3157
f 748/4039/748 658/4103/658 742/4073/742

usemtl material_20
f 742/4073/742 658/4103/658 724/2545/724

usemtl material_3184
f 702/2558/702 704/2539/704 753/2541/753

usemtl material_3185
f 754/2540/754 698/2543/698 757/2542/757

usemtl material_3186
f 757/2542/757 699/2544/699 759/4038/759

usemtl material_3187
f 699/2544/699 700/2536/700 758/2538/758

usemtl material_20
f 742/4073/742 724/2545/724 743/2529/743

usemtl material_1121
vt 0.8705215 0.5757114
f 2997/4072/2997 2999/4007/2999 3030/4104/3030

usemtl material_3188
vt 0.1564298 0.2246693
f 750/2510/750 749/4075/749 705/4105/705

usemtl material_3189
f 705/4105/705 703/2561/703 750/2510/750

usemtl material_3190
f 703/2561/703 756/4040/756 750/2510/750

usemtl material_3191
f 756/4040/756 703/2561/703 702/2558/702

usemtl material_3192
f 756/4040/756 702/2558/702 753/2541/753

usemtl material_3193
f 753/2541/753 754/2540/754 755/4042/755

usemtl material_3194
f 754/2540/754 757/2542/757 755/4042/755

usemtl material_3195
f 759/4038/759 699/2544/699 758/2538/758

usemtl material_3196
f 758/2538/758 701/2537/701 748/4039/748

usemtl material_3197
f 3030/4104/3030 2999/4007/2999 3031/4074/3031

usemtl material_2245
vt 0.1352124 0.2336152
f 726/4106/726 749/4075/749 778/2515/778

usemtl material_8
vt 0.5789554 0.2344995
f 769/2518/769 745/4107/745 746/2546/746

usemtl material_1254
f 769/2518/769 738/2547/738 770/2520/770

usemtl material_3198
vt 0.6479635 0.2361614
f 770/2520/770 771/4108/771 806/4043/806

usemtl material_172
vt 0.5325922 0.2358634
f 768/2513/768 747/4109/747 772/4045/772

usemtl material_68
f 788/2504/788 768/2513/768 772/4045/772

usemtl material_121
f 772/4045/772 747/4109/747 773/2517/773

usemtl material_173
f 773/2517/773 747/4109/747 745/4107/745

usemtl material_107
f 773/2517/773 745/4107/745 769/2518/769

usemtl material_3199
vt 0.1249016 0.2383482
f 796/4110/796 778/2515/778 820/4044/820

usemtl material_3200
vt 0.0075288 0.2526448
f 828/4077/828 779/4111/779 814/4011/814

usemtl material_171
f 814/4011/814 779/4111/779 800/4013/800

usemtl material_515
vt 0.0738535 0.2538989
f 802/2506/802 777/4112/777 803/2507/803

usemtl material_24
vt 0.0871665 0.2474065
f 777/4112/777 767/4113/767 804/4015/804

usemtl material_92
f 804/4015/804 767/4113/767 810/4017/810

usemtl material_364
f 815/4050/815 784/4076/784 813/4079/813

usemtl material_62
vt 0.1099235 0.2492416
f 813/4079/813 782/4114/782 817/4022/817

usemtl material_1218
f 835/4014/835 781/4078/781 809/2550/809

usemtl material_10
f 809/2550/809 805/2549/805 834/4054/834

usemtl material_347
vt 0.0486181 0.2538133
f 805/2549/805 775/4115/775 821/4047/821

usemtl material_604
vt 0.0563587 0.2509617
f 775/4115/775 776/4116/776 801/4048/801

usemtl material_347
f 821/4047/821 775/4115/775 801/4048/801

usemtl material_207
f 777/4112/777 804/4015/804 803/2507/803

usemtl material_670
vt 0.1179889 0.2502284
f 817/4022/817 783/4117/783 811/4052/811

usemtl material_145
vt 0.0582826 0.1159124
f 475/4081/475 473/3966/473 474/4118/474

usemtl material_25
f 474/4118/474 473/3966/473 471/4082/471

usemtl material_3201
vt 0.0020790 0.1228254
f 603/4058/603 499/2523/499 540/4119/540

usemtl material_2557
f 455/4057/455 454/4060/454 539/4088/539

usemtl material_179
f 377/2531/377 364/2526/364 365/4090/365

usemtl material_405
vt 0.1344305 0.1372907
f 223/4120/223 224/4087/224 220/4063/220

usemtl material_604
vt 0.6481423 0.1403261
f 376/4093/376 411/4067/411 413/4121/413

usemtl material_236
vt 0.1390546 0.1387511
f 223/4120/223 220/4063/220 199/4122/199

usemtl material_1130
f 199/4122/199 220/4063/220 198/4094/198

usemtl material_141
vt 0.9410354 0.5560768
f 3041/4123/3041 3033/4102/3033 3005/4070/3005

usemtl material_3202
f 196/4096/196 205/4097/205 195/4099/195

usemtl material_3203
vt 0.3623935 0.1418705
f 195/4099/195 202/4098/202 194/4124/194

usemtl material_3204
vt 0.4524292 0.1418419
f 203/4100/203 200/4068/200 193/4125/193

usemtl material_2813
f 209/2553/209 211/4101/211 232/2532/232

usemtl material_3205
vt 0.1761946 0.1520735
f 187/4126/187 197/4095/197 196/4096/196

usemtl material_2510
vt 0.2898552 0.1495962
f 196/4096/196 195/4099/195 189/4127/189

usemtl material_3206
vt 0.3178580 0.1515381
f 189/4127/189 195/4099/195 182/4128/182

usemtl material_3207
f 195/4099/195 194/4124/194 182/4128/182

usemtl material_3208
vt 0.4150590 0.1509488
f 194/4124/194 202/4098/202 183/4129/183

usemtl material_3209
f 202/4098/202 203/4100/203 183/4129/183

usemtl material_3210
f 183/4129/183 203/4100/203 193/4125/193

usemtl material_3180
vt 0.5086778 0.1508821
f 201/4069/201 211/4101/211 206/4130/206

usemtl material_3211
vt 0.5004173 0.1529840
f 186/4131/186 201/4069/201 206/4130/206

usemtl material_489
f 206/4130/206 211/4101/211 209/2553/209

usemtl material_3212
vt 0.4296694 0.1521965
f 183/4129/183 193/4125/193 184/4132/184

usemtl material_3213
vt 0.4712719 0.1517932
f 185/4133/185 193/4125/193 200/4068/200

usemtl material_3214
f 185/4133/185 200/4068/200 186/4131/186

usemtl material_3215
f 186/4131/186 200/4068/200 201/4069/201

usemtl material_452
vt 0.9121803 0.5646926
f 3005/4070/3005 2908/4071/2908 2980/4134/2980

usemtl material_3216
f 2908/4071/2908 2848/4004/2848 2980/4134/2980

usemtl material_3217
vt 0.8905135 0.5700227
f 2980/4134/2980 2848/4004/2848 2982/4135/2982

usemtl material_2953
f 2982/4135/2982 2848/4004/2848 2856/4037/2856

usemtl material_3152
f 2982/4135/2982 2856/4037/2856 2997/4072/2997

usemtl material_3218
vt 0.3340924 0.2080627
f 704/2539/704 668/4136/668 698/2543/698

usemtl material_3219
f 698/2543/698 671/2556/671 699/2544/699

usemtl material_3220
vt 0.5008338 0.2067478
f 701/2537/701 657/4137/657 658/4103/658

usemtl material_20
vt 0.5126841 0.2102172
f 658/4103/658 656/4138/656 724/2545/724
f 724/2545/724 656/4138/656 663/2562/663

usemtl material_3221
f 754/2540/754 704/2539/704 698/2543/698

usemtl material_587
vt 0.1401441 0.2236159
f 749/4075/749 716/4139/716 705/4105/705

usemtl material_1397
f 726/4106/726 716/4139/716 749/4075/749

usemtl material_3222
vt 0.6487100 0.2192506
vt 0.6438624 0.2302932
f 760/4140/760 771/4108/771 744/4141/744
vt 0.6447595 0.2186794
f 714/4142/714 760/4140/760 744/4141/744

usemtl material_68
vt 0.5218021 0.2321576
f 768/2513/768 763/2530/763 736/4143/736

usemtl material_1532
f 796/4110/796 726/4106/726 778/2515/778

usemtl material_172
f 768/2513/768 736/4143/736 747/4109/747

usemtl material_3075
f 738/2547/738 744/4141/744 770/2520/770

usemtl material_3223
f 770/2520/770 744/4141/744 771/4108/771

usemtl material_207
vt 0.0189408 0.2443604
f 779/4111/779 765/4144/765 800/4013/800

usemtl material_107
f 800/4013/800 765/4144/765 781/4078/781

usemtl material_136
vt 0.1219174 0.2462094
f 797/4145/797 796/4110/796 820/4044/820

usemtl material_741
vt 0.8323163 0.0664816
f 3708/2521/3708 3705/2503/3705 3795/4146/3795

usemtl material_3055
f 781/4078/781 780/2548/780 809/2550/809

usemtl material_495
vt 0.0372501 0.2494750
f 780/2548/780 774/4147/774 805/2549/805

usemtl material_20
f 805/2549/805 774/4147/774 775/4115/775

usemtl material_3224
f 776/4116/776 777/4112/777 802/2506/802

usemtl material_3225
f 801/4048/801 776/4116/776 802/2506/802

usemtl material_92
f 810/4017/810 767/4113/767 784/4076/784

usemtl material_109
vt 0.1040973 0.2499645
f 784/4076/784 785/4148/785 813/4079/813

usemtl material_3226
f 813/4079/813 785/4148/785 782/4114/782

usemtl material_341
f 817/4022/817 782/4114/782 783/4117/783

usemtl material_1195
f 783/4117/783 797/4145/797 811/4052/811

usemtl material_2538
f 811/4052/811 797/4145/797 820/4044/820

usemtl material_3227
vt 0.0074063 0.1256449
f 540/4119/540 499/2523/499 502/4149/502

usemtl material_184
f 502/4149/502 499/2523/499 498/4083/498

usemtl material_61
vt 0.0223124 0.1254919
f 498/4083/498 480/4055/480 486/4150/486

usemtl material_190
f 486/4150/486 480/4055/480 479/4080/479

usemtl material_949
vt 0.0321858 0.1254753
f 486/4150/486 479/4080/479 487/4151/487

usemtl material_604
vt 0.0370623 0.1257704
f 479/4080/479 475/4081/475 491/4152/491

usemtl material_845
f 487/4151/487 479/4080/479 491/4152/491

usemtl material_46
vt 0.0483001 0.1253795
f 491/4152/491 475/4081/475 490/4153/490

usemtl material_440
f 475/4081/475 474/4118/474 490/4153/490

usemtl material_86
vt 0.0704423 0.1259391
f 474/4118/474 471/4082/471 484/4154/484

usemtl material_1855
f 484/4154/484 471/4082/471 469/4084/469

usemtl material_2814
vt 0.0802788 0.1272920
f 484/4154/484 469/4084/469 485/4155/485

usemtl material_127
vt 0.0873131 0.1259139
f 477/4156/477 469/4084/469 467/4085/467

usemtl material_520
vt 0.0932627 0.1269745
f 477/4156/477 467/4085/467 488/4157/488

usemtl material_149
vt 0.1031581 0.1267757
f 488/4157/488 467/4085/467 483/4158/483

usemtl material_269
f 467/4085/467 464/4056/464 483/4158/483

usemtl material_614
f 483/4158/483 464/4056/464 459/4059/459

usemtl material_534
vt 0.1192223 0.1266475
f 458/4086/458 455/4057/455 461/4159/461

usemtl material_820
f 461/4159/461 455/4057/455 539/4088/539

usemtl material_1799
f 485/4155/485 469/4084/469 477/4156/477

usemtl material_94
vt 0.1078639 0.1281298
f 483/4158/483 459/4059/459 462/4160/462

usemtl material_0
f 462/4160/462 459/4059/459 458/4086/458

usemtl material_267
f 373/2566/373 377/2531/377 365/4090/365

usemtl material_1255
vt 0.1311140 0.1472812
f 282/4161/282 224/4087/224 223/4120/223

usemtl material_1903
f 539/4088/539 224/4087/224 282/4161/282

usemtl material_0
vt 0.5590023 0.1376396
f 365/4090/365 360/4089/360 371/4162/371
f 373/2566/373 365/4090/365 371/4162/371

usemtl material_58
vt 0.6126630 0.1372069
f 371/4162/371 360/4089/360 370/4163/370
f 370/4163/370 360/4089/360 361/4091/361

usemtl material_646
f 370/4163/370 361/4091/361 362/4092/362

usemtl material_933
vt 0.6384752 0.1370129
f 370/4163/370 362/4092/362 372/4164/372

usemtl material_66
f 372/4164/372 362/4092/362 376/4093/376

usemtl material_89
vt 0.6447325 0.1401427
f 372/4164/372 376/4093/376 388/4165/388

usemtl material_84
f 388/4165/388 376/4093/376 413/4121/413

usemtl material_1515
vt 0.1368111 0.1524516
f 191/4166/191 223/4120/223 199/4122/199

usemtl material_2357
f 282/4161/282 223/4120/223 191/4166/191

usemtl material_1400
f 191/4166/191 199/4122/199 198/4094/198

usemtl material_3228
vt 0.1557943 0.1518781
f 191/4166/191 198/4094/198 188/4167/188

usemtl material_3229
f 188/4167/188 198/4094/198 187/4126/187

usemtl material_3230
f 187/4126/187 198/4094/198 197/4095/197

usemtl material_3231
f 187/4126/187 196/4096/196 189/4127/189

usemtl material_96
vt 0.6475371 0.1586133
f 388/4165/388 413/4121/413 420/4168/420

usemtl material_3232
f 3343/2469/3343 3342/2533/3342 3347/2554/3347

usemtl material_3233
f 182/4128/182 194/4124/194 183/4129/183

usemtl material_3234
f 184/4132/184 193/4125/193 185/4133/185

usemtl material_483
vt 0.5130342 0.1569905
f 206/4130/206 209/2553/209 207/4169/207

usemtl material_453
f 207/4169/207 209/2553/209 287/2568/287

usemtl material_267
f 287/2568/287 209/2553/209 407/2552/407

usemtl material_3235
vt 0.2586973 0.1540102
f 187/4126/187 189/4127/189 181/4170/181

usemtl material_3236
f 181/4170/181 189/4127/189 182/4128/182

usemtl material_42
vt 0.9261904 0.5652630
f 3041/4123/3041 3005/4070/3005 3020/4171/3020

usemtl material_3237
vt 0.2517133 0.1643929
f 187/4126/187 181/4170/181 169/4172/169

usemtl material_3238
vt 0.3153361 0.1638976
f 169/4172/169 181/4170/181 170/4173/170

usemtl material_3239
f 181/4170/181 182/4128/182 170/4173/170

usemtl material_3240
vt 0.4150867 0.1641486
vt 0.4427282 0.1632072
f 175/4174/175 184/4132/184 177/4175/177

usemtl material_3241
f 177/4175/177 184/4132/184 185/4133/185

usemtl material_3242
vt 0.4694775 0.1640925
f 177/4175/177 185/4133/185 178/4176/178

usemtl material_3243
vt 0.5001241 0.1650766
vt 0.5087637 0.1632448
f 180/4177/180 186/4131/186 204/4178/204

usemtl material_3244
f 186/4131/186 206/4130/206 204/4178/204

usemtl material_46
f 204/4178/204 206/4130/206 207/4169/207

usemtl material_130
f 3020/4171/3020 3005/4070/3005 2980/4134/2980

usemtl material_3245
vt 0.3485907 0.1633092
f 170/4173/170 182/4128/182 174/4179/174

usemtl material_3246
f 174/4179/174 182/4128/182 183/4129/183

usemtl material_3247
f 174/4179/174 183/4129/183 175/4174/175

usemtl material_3248
f 175/4174/175 183/4129/183 184/4132/184

usemtl material_3249
f 178/4176/178 185/4133/185 186/4131/186

usemtl material_3250
f 178/4176/178 186/4131/186 180/4177/180

usemtl material_1590
f 204/4178/204 207/4169/207 208/2569/208

usemtl material_260
f 208/2569/208 207/4169/207 287/2568/287

usemtl material_3251
vt 0.5118213 0.1800433
f 180/4177/180 204/4178/204 210/4180/210

usemtl material_3252
vt 0.9275567 0.8389227
f 3380/4181/3380 3379/2392/3379 3349/2534/3349

usemtl material_1590
f 210/4180/210 204/4178/204 208/2569/208

usemtl material_3253
vt 0.5006892 0.1801651
f 180/4177/180 210/4180/210 179/4182/179

usemtl material_3254
vt 0.5006039 0.1943295
f 440/4183/440 179/4182/179 210/4180/210

usemtl material_3255
vt 0.5083178 0.1970437
f 440/4183/440 210/4180/210 448/4184/448

usemtl material_46
f 448/4184/448 210/4180/210 451/2574/451

usemtl material_3256
vt 0.4637575 0.1949180
f 670/2557/670 439/4185/439 657/4137/657

usemtl material_3257
f 439/4185/439 440/4183/440 657/4137/657

usemtl material_3258
f 657/4137/657 440/4183/440 448/4184/448

usemtl material_3259
vt 0.3065104 0.2098655
vt 0.3148669 0.1970719
f 667/4186/667 441/4187/441 668/4136/668

usemtl material_3260
vt 0.3455709 0.1971580
f 441/4187/441 442/4188/442 668/4136/668

usemtl material_3261
f 671/2556/671 442/4188/442 443/2570/443

usemtl material_20
f 448/4184/448 451/2574/451 656/4138/656

usemtl material_46
f 656/4138/656 451/2574/451 663/2562/663

usemtl material_3262
vt 0.1787378 0.1981075
vt 0.2295303 0.2109393
f 669/2560/669 445/4189/445 665/4190/665

usemtl material_3263
vt 0.2749847 0.1970453
f 665/4190/665 446/4191/446 666/2559/666

usemtl material_3264
f 666/2559/666 446/4191/446 667/4186/667

usemtl material_3265
f 667/4186/667 446/4191/446 441/4187/441

usemtl material_3266
f 668/4136/668 442/4188/442 671/2556/671

usemtl material_3267
f 443/2570/443 444/2572/444 671/2556/671

usemtl material_3268
f 671/2556/671 444/2572/444 670/2557/670

usemtl material_3269
f 444/2572/444 439/4185/439 670/2557/670

usemtl material_3270
f 657/4137/657 448/4184/448 658/4103/658

usemtl material_20
f 658/4103/658 448/4184/448 656/4138/656

usemtl material_1440
vt 0.8946311 0.5747762
f 3037/4192/3037 2982/4135/2982 3030/4104/3030

usemtl material_3271
f 698/2543/698 668/4136/668 671/2556/671

usemtl material_3272
f 670/2557/670 657/4137/657 701/2537/701

usemtl material_1440
f 3030/4104/3030 2982/4135/2982 2997/4072/2997

usemtl material_1124
vt 0.1358143 0.2129613
vt 0.1396965 0.2097631
f 683/4193/683 682/4194/682 716/4139/716

usemtl material_1873
f 666/2559/666 667/4186/667 704/2539/704

usemtl material_3273
f 704/2539/704 667/4186/667 668/4136/668

usemtl material_3158
vt 0.6447164 0.2047237
f 672/4195/672 760/4140/760 714/4142/714

usemtl material_1010
vt 0.1321672 0.2265912
vt 0.1320895 0.2120371
f 683/4193/683 766/4196/766 731/4197/731

usemtl material_3274
vt 0.1554244 0.2110202
f 716/4139/716 682/4194/682 659/4198/659

usemtl material_1552
f 716/4139/716 659/4198/659 705/4105/705

usemtl material_3275
f 705/4105/705 659/4198/659 703/2561/703

usemtl material_3276
f 659/4198/659 669/2560/669 703/2561/703

usemtl material_3277
f 669/2560/669 665/4190/665 702/2558/702

usemtl material_3278
f 702/2558/702 665/4190/665 666/2559/666

usemtl material_1010
f 766/4196/766 683/4193/683 726/4106/726

usemtl material_1464
f 726/4106/726 683/4193/683 716/4139/716

usemtl material_41
vt 0.5331086 0.2203118
f 717/2563/717 712/4199/712 736/4143/736

usemtl material_51
vt 0.5776005 0.2195323
f 712/4199/712 711/4200/711 745/4107/745

usemtl material_68
vt 0.6198437 0.2203479
f 711/4200/711 709/4201/709 745/4107/745

usemtl material_107
f 746/2546/746 709/4201/709 738/2547/738

usemtl material_364
vt 0.6398513 0.2191790
f 738/2547/738 709/4201/709 710/4202/710

usemtl material_3075
f 710/4202/710 714/4142/714 744/4141/744

usemtl material_51
f 736/4143/736 763/2530/763 717/2563/717

usemtl material_15
f 745/4107/745 709/4201/709 746/2546/746

usemtl material_764
f 738/2547/738 710/4202/710 744/4141/744

usemtl material_3139
f 796/4110/796 766/4196/766 726/4106/726

usemtl material_3279
vt 0.1241837 0.2230310
f 762/4203/762 766/4196/766 796/4110/796

usemtl material_207
f 736/4143/736 712/4199/712 747/4109/747
f 747/4109/747 712/4199/712 745/4107/745

usemtl material_53
vt 0.1038676 0.2363349
vt 0.1094238 0.2349981
f 751/4204/751 752/4205/752 782/4114/782

usemtl material_672
vt 0.1208009 0.2353190
f 782/4114/782 752/4205/752 739/4206/739

usemtl material_3280
vt 0.0025044 0.2535001
vt 0.0030920 0.2383692
f 808/4207/808 761/4208/761 779/4111/779

usemtl material_207
vt 0.0088306 0.2375056
f 779/4111/779 728/4209/728 765/4144/765

usemtl material_609
vt 0.0224433 0.2380189
f 765/4144/765 741/4210/741 781/4078/781

usemtl material_190
vt 0.0325902 0.2386066
f 781/4078/781 740/4211/740 780/2548/780

usemtl material_1799
f 780/2548/780 740/4211/740 774/4147/774

usemtl material_3281
f 775/4115/775 735/2579/735 776/4116/776

usemtl material_3282
vt 0.0688475 0.2367268
f 776/4116/776 734/4212/734 777/4112/777

usemtl material_8
vt 0.0757289 0.2364241
f 777/4112/777 734/4212/734 729/4213/729

usemtl material_185
vt 0.0815743 0.2359076
f 729/4213/729 732/4214/732 777/4112/777

usemtl material_404
f 777/4112/777 732/4214/732 767/4113/767

usemtl material_51
f 767/4113/767 730/2582/730 784/4076/784

usemtl material_144
f 784/4076/784 730/2582/730 751/4204/751

usemtl material_1902
f 784/4076/784 751/4204/751 785/4148/785

usemtl material_491
f 785/4148/785 751/4204/751 782/4114/782

usemtl material_57
f 782/4114/782 739/4206/739 783/4117/783

usemtl material_253
vt 0.0614765 0.1298646
f 490/4153/490 474/4118/474 497/4215/497

usemtl material_267
f 497/4215/497 474/4118/474 484/4154/484

usemtl material_341
f 462/4160/462 458/4086/458 461/4159/461

usemtl material_3283
vt 0.0027704 0.1370893
f 541/4216/541 540/4119/540 502/4149/502

usemtl material_260
vt 0.0181708 0.1375787
f 502/4149/502 498/4083/498 511/4217/511

usemtl material_40
f 511/4217/511 498/4083/498 486/4150/486

usemtl material_2878
vt 0.1224756 0.1526997
f 539/4088/539 282/4161/282 573/4218/573

usemtl material_0
vt 0.5368636 0.1514961
f 373/2566/373 371/4162/371 385/4219/385

usemtl material_646
vt 0.6116705 0.1517339
f 371/4162/371 370/4163/370 389/4220/389

usemtl material_41
vt 0.6361038 0.1511958
f 370/4163/370 372/4164/372 390/4221/390
vt 0.6424233 0.1512794
f 390/4221/390 372/4164/372 393/4222/393

usemtl material_87
f 372/4164/372 388/4165/388 393/4222/393

usemtl material_0
vt 0.5209062 0.1571828
f 407/2552/407 373/2566/373 392/4223/392

usemtl material_81
f 392/4223/392 373/2566/373 385/4219/385

usemtl material_58
vt 0.5812032 0.1519981
f 385/4219/385 371/4162/371 391/4224/391
f 391/4224/391 371/4162/371 389/4220/389

usemtl material_121
f 389/4220/389 370/4163/370 390/4221/390

usemtl material_39
f 393/4222/393 388/4165/388 420/4168/420

usemtl material_1255
vt 0.1343367 0.1665197
f 283/4225/283 282/4161/282 191/4166/191

usemtl material_3284
vt 0.1377570 0.1660840
f 190/4226/190 191/4166/191 188/4167/188

usemtl material_1397
f 283/4225/283 191/4166/191 190/4226/190

usemtl material_3285
vt 0.1569697 0.1656113
f 190/4226/190 188/4167/188 168/4227/168

usemtl material_3286
f 188/4167/188 187/4126/187 168/4227/168

usemtl material_3287
vt 0.1871639 0.1651889
f 168/4227/168 187/4126/187 166/4228/166

usemtl material_3288
f 166/4228/166 187/4126/187 169/4172/169

usemtl material_267
f 300/2567/300 407/2552/407 392/4223/392

usemtl material_3289
vt 0.2623112 0.1799388
f 167/4229/167 169/4172/169 170/4173/170

usemtl material_3290
vt 0.3603826 0.1800213
f 172/4230/172 174/4179/174 175/4174/175

usemtl material_3291
f 176/2571/176 177/4175/177 178/4176/178

usemtl material_58
vt 0.5210075 0.1797477
f 300/2567/300 392/4223/392 421/4231/421

usemtl material_816
vt 0.9097040 0.5717335
f 3020/4171/3020 2980/4134/2980 3038/4232/3038

usemtl material_1397
vt 0.1370709 0.1818875
f 283/4225/283 190/4226/190 192/4233/192

usemtl material_3292
f 192/4233/192 190/4226/190 168/4227/168

usemtl material_3293
vt 0.1558225 0.1816201
vt 0.1847159 0.1811407
f 173/4234/173 168/4227/168 165/4235/165

usemtl material_3294
f 168/4227/168 166/4228/166 165/4235/165

usemtl material_3237
f 166/4228/166 169/4172/169 167/4229/167

usemtl material_3295
vt 0.3162819 0.1801333
f 167/4229/167 170/4173/170 171/4236/171

usemtl material_3296
f 170/4173/170 174/4179/174 172/4230/172

usemtl material_3297
f 176/2571/176 175/4174/175 177/4175/177

usemtl material_3298
f 179/4182/179 178/4176/178 180/4177/180

usemtl material_3299
f 192/4233/192 168/4227/168 173/4234/173

usemtl material_3300
f 165/4235/165 166/4228/166 167/4229/167

usemtl material_3301
f 171/4236/171 170/4173/170 172/4230/172

usemtl material_3302
f 172/4230/172 175/4174/175 176/2571/176

usemtl material_3303
f 176/2571/176 178/4176/178 179/4182/179

usemtl material_108
f 210/4180/210 208/2569/208 300/2567/300

usemtl material_2410
vt 0.1364481 0.1967745
f 449/4237/449 192/4233/192 173/4234/173

usemtl material_3304
f 441/4187/441 171/4236/171 172/4230/172

usemtl material_20
f 210/4180/210 300/2567/300 451/2574/451

usemtl material_260
f 451/2574/451 300/2567/300 421/4231/421

usemtl material_1742
f 2980/4134/2980 2982/4135/2982 3037/4192/3037

usemtl material_77
f 3038/4232/3038 2980/4134/2980 3037/4192/3037

usemtl material_3305
vt 0.1566370 0.1963350
f 449/4237/449 173/4234/173 447/4238/447

usemtl material_3306
f 447/4238/447 173/4234/173 445/4189/445

usemtl material_3307
f 445/4189/445 173/4234/173 165/4235/165

usemtl material_3308
f 172/4230/172 176/2571/176 443/2570/443

usemtl material_3309
f 176/2571/176 179/4182/179 439/4185/439

usemtl material_11
vt 0.5206711 0.1953425
f 451/2574/451 421/4231/421 450/4239/450

usemtl material_3310
f 165/4235/165 167/4229/167 445/4189/445

usemtl material_3311
f 445/4189/445 167/4229/167 446/4191/446

usemtl material_3312
f 446/4191/446 167/4229/167 171/4236/171

usemtl material_3313
f 446/4191/446 171/4236/171 441/4187/441

usemtl material_3314
f 441/4187/441 172/4230/172 442/4188/442

usemtl material_3315
f 442/4188/442 172/4230/172 443/2570/443

usemtl material_3316
f 444/2572/444 176/2571/176 439/4185/439

usemtl material_3317
f 439/4185/439 179/4182/179 440/4183/440

usemtl material_1836
f 675/2575/675 451/2574/451 450/4239/450

usemtl material_3318
f 447/4238/447 445/4189/445 659/4198/659

usemtl material_3319
f 682/4194/682 449/4237/449 659/4198/659

usemtl material_3320
f 659/4198/659 449/4237/449 447/4238/447

usemtl material_3321
f 659/4198/659 445/4189/445 669/2560/669

usemtl material_3084
f 445/4189/445 446/4191/446 665/4190/665

usemtl material_1250
f 731/4197/731 449/4237/449 683/4193/683

usemtl material_3322
f 683/4193/683 449/4237/449 682/4194/682

usemtl material_2954
vt 0.6481122 0.1936153
f 672/4195/672 689/4240/689 760/4140/760

usemtl material_94
vt 0.5367147 0.2060708
f 675/2575/675 674/4241/674 712/4199/712

usemtl material_68
vt 0.5753137 0.2061909
vt 0.6196634 0.2064394
f 673/4242/673 664/4243/664 709/4201/709

usemtl material_817
vt 0.6391132 0.2073178
f 710/4202/710 684/4244/684 672/4195/672

usemtl material_1254
f 710/4202/710 672/4195/672 714/4142/714

usemtl material_646
f 712/4199/712 674/4241/674 711/4200/711

usemtl material_207
f 674/4241/674 673/4242/673 711/4200/711

usemtl material_51
f 711/4200/711 673/4242/673 709/4201/709

usemtl material_9
f 709/4201/709 664/4243/664 684/4244/684

usemtl material_3323
f 731/4197/731 766/4196/766 762/4203/762

usemtl material_41
f 717/2563/717 675/2575/675 712/4199/712

usemtl material_107
f 709/4201/709 684/4244/684 710/4202/710

usemtl material_1438
f 739/4206/739 762/4203/762 796/4110/796

usemtl material_41
vt 0.0186635 0.2302532
f 728/4209/728 720/4245/720 765/4144/765

usemtl material_269
f 765/4144/765 720/4245/720 741/4210/741

usemtl material_92
vt 0.0876639 0.2270309
f 732/4214/732 715/4246/715 767/4113/767

usemtl material_8
f 767/4113/767 715/4246/715 730/2582/730

usemtl material_3324
f 761/4208/761 728/4209/728 779/4111/779

usemtl material_765
f 783/4117/783 739/4206/739 797/4145/797

usemtl material_445
f 739/4206/739 796/4110/796 797/4145/797

usemtl material_3325
f 781/4078/781 741/4210/741 740/4211/740

usemtl material_1835
f 740/4211/740 737/2577/737 774/4147/774

usemtl material_58
f 774/4147/774 737/2577/737 735/2579/735
f 774/4147/774 735/2579/735 775/4115/775

usemtl material_3326
f 776/4116/776 735/2579/735 734/4212/734

usemtl material_3327
vt 0.0066786 0.1402948
f 541/4216/541 502/4149/502 519/4247/519

usemtl material_1746
f 519/4247/519 502/4149/502 511/4217/511

usemtl material_99
vt 0.0221640 0.1420307
f 511/4217/511 486/4150/486 523/4248/523

usemtl material_102
f 523/4248/523 486/4150/486 487/4151/487

usemtl material_3328
vt 0.0311247 0.1404703
f 523/4248/523 487/4151/487 524/4249/524

usemtl material_520
vt 0.0367832 0.1403160
f 487/4151/487 491/4152/491 520/4250/520

usemtl material_271
f 524/4249/524 487/4151/487 520/4250/520

usemtl material_1590
f 520/4250/520 491/4152/491 490/4153/490

usemtl material_88
vt 0.0467966 0.1400219
f 520/4250/520 490/4153/490 521/4251/521

usemtl material_146
vt 0.0592572 0.1424310
f 521/4251/521 490/4153/490 522/4252/522

usemtl material_335
f 522/4252/522 490/4153/490 497/4215/497

usemtl material_149
vt 0.0699878 0.1392820
f 517/4253/517 484/4154/484 485/4155/485

usemtl material_721
vt 0.0867622 0.1417035
f 485/4155/485 477/4156/477 518/4254/518

usemtl material_1835
f 518/4254/518 477/4156/477 488/4157/488

usemtl material_10
vt 0.1029929 0.1432682
f 488/4157/488 483/4158/483 514/4255/514

usemtl material_158
f 514/4255/514 483/4158/483 462/4160/462

usemtl material_644
vt 0.1088136 0.1404252
f 462/4160/462 461/4159/461 513/4256/513

usemtl material_76
vt 0.1200802 0.1433219
f 513/4256/513 461/4159/461 516/4257/516

usemtl material_50
f 516/4257/516 461/4159/461 539/4088/539

usemtl material_347
f 497/4215/497 484/4154/484 517/4253/517

usemtl material_1254
vt 0.0799076 0.1423301
f 517/4253/517 485/4155/485 525/4258/525

usemtl material_3329
f 485/4155/485 518/4254/518 525/4258/525

usemtl material_1027
vt 0.0927835 0.1424859
f 518/4254/518 488/4157/488 526/4259/526

usemtl material_88
f 488/4157/488 514/4255/514 526/4259/526

usemtl material_146
f 514/4255/514 462/4160/462 513/4256/513

usemtl material_1555
f 516/4257/516 539/4088/539 573/4218/573

usemtl material_1877
f 3342/2533/3342 3344/2565/3344 3347/2554/3347

usemtl material_2245
vt 0.1233893 0.1655661
f 636/4260/636 282/4161/282 283/4225/283

usemtl material_2878
f 573/4218/573 282/4161/282 636/4260/636

usemtl material_40
vt 0.5738610 0.1651633
f 385/4219/385 391/4224/391 401/4261/401

usemtl material_94
vt 0.6170731 0.1653945
f 391/4224/391 389/4220/389 400/4262/400

usemtl material_121
f 400/4262/400 389/4220/389 390/4221/390

usemtl material_179
vt 0.5236021 0.1660820
f 392/4223/392 385/4219/385 402/4263/402

usemtl material_0
f 402/4263/402 385/4219/385 401/4261/401

usemtl material_149
f 401/4261/401 391/4224/391 400/4262/400

usemtl material_41
vt 0.6415034 0.1666915
f 400/4262/400 390/4221/390 404/4264/404
f 390/4221/390 393/4222/393 404/4264/404

usemtl material_75
f 404/4264/404 393/4222/393 420/4168/420

usemtl material_96
vt 0.6477967 0.1772817
f 404/4264/404 420/4168/420 434/4265/434

usemtl material_253
vt 0.5347286 0.1794019
f 402/4263/402 401/4261/401 416/4266/416

usemtl material_94
vt 0.5999435 0.1795105
f 401/4261/401 400/4262/400 417/4267/417

usemtl material_1464
vt 0.1318925 0.1815449
f 452/4268/452 283/4225/283 192/4233/192

usemtl material_2357
f 636/4260/636 283/4225/283 452/4268/452

usemtl material_179
f 392/4223/392 402/4263/402 421/4231/421

usemtl material_121
vt 0.6250153 0.1794386
f 417/4267/417 400/4262/400 418/4269/418
f 400/4262/400 404/4264/404 418/4269/418
vt 0.6399235 0.1788130
f 418/4269/418 404/4264/404 419/4270/419

usemtl material_51
vt 0.6434162 0.1842902
f 419/4270/419 404/4264/404 432/4271/432

usemtl material_39
f 432/4271/432 404/4264/404 434/4265/434

usemtl material_173
vt 0.6380394 0.1928872
f 418/4269/418 419/4270/419 436/4272/436

usemtl material_1397
f 452/4268/452 192/4233/192 449/4237/449

usemtl material_121
vt 0.6034451 0.1928097
f 438/4273/438 418/4269/418 436/4272/436

usemtl material_51
f 436/4272/436 419/4270/419 432/4271/432

usemtl material_1440
f 432/4271/432 434/4265/434 689/4240/689

usemtl material_1903
f 721/2588/721 452/4268/452 449/4237/449

usemtl material_66
vt 0.5432091 0.1920125
f 421/4231/421 437/4274/437 450/4239/450

usemtl material_2814
f 675/2575/675 450/4239/450 437/4274/437

usemtl material_646
f 437/4274/437 438/4273/438 673/4242/673

usemtl material_42
f 436/4272/436 432/4271/432 672/4195/672

usemtl material_3153
f 432/4271/432 689/4240/689 672/4195/672

usemtl material_2357
f 721/2588/721 449/4237/449 731/4197/731

usemtl material_646
f 675/2575/675 437/4274/437 674/4241/674
f 674/4241/674 437/4274/437 673/4242/673

usemtl material_173
f 673/4242/673 438/4273/438 664/4243/664
f 664/4243/664 438/4273/438 436/4272/436

usemtl material_1538
f 721/2588/721 731/4197/731 688/2586/688

usemtl material_68
f 664/4243/664 436/4272/436 684/4244/684

usemtl material_42
f 684/4244/684 436/4272/436 672/4195/672

usemtl material_996
f 688/2586/688 731/4197/731 762/4203/762

usemtl material_2557
vt 0.1208130 0.2208008
f 688/2586/688 762/4203/762 692/4275/692

usemtl material_518
vt 0.0791708 0.2219279
f 732/4214/732 697/4276/697 715/4246/715

usemtl material_41
f 715/4246/715 713/2580/713 730/2582/730

usemtl material_144
vt 0.1092403 0.2215025
f 723/2581/723 693/4277/693 752/4205/752

usemtl material_933
vt 0.0105529 0.2233350
f 728/4209/728 707/4278/707 720/4245/720

usemtl material_1858
f 720/4245/720 708/2591/708 741/4210/741

usemtl material_2685
vt 0.0319298 0.2258884
f 708/2591/708 718/4279/718 740/4211/740

usemtl material_25
vt 0.0371801 0.2237371
f 718/4279/718 694/4280/694 737/2577/737

usemtl material_604
f 737/2577/737 694/4280/694 706/2578/706

usemtl material_532
vt 0.0567072 0.2214888
f 706/2578/706 696/4281/696 735/2579/735

usemtl material_195
vt 0.0686355 0.2223250
f 696/4281/696 695/4282/695 734/4212/734

usemtl material_269
f 735/2579/735 696/4281/696 734/4212/734

usemtl material_101
f 734/4212/734 695/4282/695 729/4213/729

usemtl material_3330
f 729/4213/729 695/4282/695 697/4276/697

usemtl material_2243
f 729/4213/729 697/4276/697 732/4214/732

usemtl material_91
f 751/4204/751 723/2581/723 752/4205/752

usemtl material_493
f 692/4275/692 762/4203/762 739/4206/739

usemtl material_3331
vt 0.0035846 0.2234746
f 761/4208/761 719/4283/719 728/4209/728

usemtl material_3332
f 719/4283/719 707/4278/707 728/4209/728

usemtl material_3333
f 741/4210/741 708/2591/708 740/4211/740

usemtl material_561
f 740/4211/740 718/4279/718 737/2577/737

usemtl material_3334
f 730/2582/730 723/2581/723 751/4204/751

usemtl material_485
f 752/4205/752 693/4277/693 739/4206/739

usemtl material_157
f 522/4252/522 497/4215/497 517/4253/517

usemtl material_3335
f 559/2583/559 541/4216/541 519/4247/519

usemtl material_347
vt 0.0110351 0.1551222
f 546/4284/546 519/4247/519 511/4217/511

usemtl material_40
vt 0.0180971 0.1542305
f 547/4285/547 511/4217/511 523/4248/523

usemtl material_721
vt 0.0310529 0.1543746
f 523/4248/523 524/4249/524 551/4286/551

usemtl material_3336
vt 0.0440775 0.1547443
f 520/4250/520 521/4251/521 554/4287/554

usemtl material_1219
vt 0.0516597 0.1552207
f 554/4287/554 521/4251/521 553/4288/553

usemtl material_62
f 553/4288/553 521/4251/521 522/4252/522

usemtl material_816
vt 0.0665007 0.1559528
f 522/4252/522 517/4253/517 550/4289/550

usemtl material_3337
vt 0.0771736 0.1550433
f 550/4289/550 517/4253/517 542/4290/542

usemtl material_2749
f 542/4290/542 517/4253/517 525/4258/525

usemtl material_3337
f 542/4290/542 525/4258/525 518/4254/518

usemtl material_87
vt 0.0939747 0.1545528
f 526/4259/526 514/4255/514 543/4291/543

usemtl material_1195
vt 0.1079821 0.1537403
f 545/4292/545 513/4256/513 516/4257/516

usemtl material_3338
f 637/2585/637 541/4216/541 559/2583/559

usemtl material_590
f 559/2583/559 519/4247/519 546/4284/546

usemtl material_20
f 546/4284/546 511/4217/511 547/4285/547

usemtl material_3339
f 518/4254/518 526/4259/526 543/4291/543

usemtl material_146
f 514/4255/514 513/4256/513 545/4292/545

usemtl material_996
f 636/4260/636 452/4268/452 686/2587/686

usemtl material_58
f 401/4261/401 417/4267/417 416/4266/416

usemtl material_179
f 421/4231/421 402/4263/402 416/4266/416

usemtl material_148
f 421/4231/421 416/4266/416 437/4274/437

usemtl material_121
f 417/4267/417 418/4269/418 438/4273/438

usemtl material_1538
f 452/4268/452 721/2588/721 686/2587/686

usemtl material_148
f 416/4266/416 417/4267/417 437/4274/437

usemtl material_646
f 437/4274/437 417/4267/417 438/4273/438

usemtl material_3340
vt 0.0023175 0.2088324
vt 0.0042103 0.2114477
f 719/4283/719 691/4293/691 687/4294/687

usemtl material_3341
f 719/4283/719 687/4294/687 707/4278/707

usemtl material_172
vt 0.0684075 0.2090642
f 696/4281/696 685/4295/685 695/4282/695

usemtl material_397
vt 0.0773876 0.2064382
f 695/4282/695 685/4295/685 660/4296/660

usemtl material_3105
f 695/4282/695 660/4296/660 697/4276/697

usemtl material_269
vt 0.0873261 0.2076867
vt 0.0940764 0.2077202
f 715/4246/715 661/4297/661 662/4298/662

usemtl material_51
vt 0.1028433 0.2114894
vt 0.1080107 0.2067464
f 681/4299/681 653/4300/653 693/4277/693

usemtl material_66
f 707/4278/707 676/2589/676 720/4245/720

usemtl material_39
f 720/4245/720 676/2589/676 708/2591/708

usemtl material_1858
vt 0.0314980 0.2109790
f 708/2591/708 679/4301/679 718/4279/718

usemtl material_2243
vt 0.0436880 0.2100705
f 694/4280/694 678/4302/678 706/2578/706

usemtl material_721
vt 0.0512050 0.2106981
f 706/2578/706 678/4302/678 677/4303/677

usemtl material_3342
f 697/4276/697 660/4296/660 661/4297/661

usemtl material_3343
f 697/4276/697 661/4297/661 715/4246/715

usemtl material_2814
f 715/4246/715 662/4298/662 713/2580/713

usemtl material_364
f 718/4279/718 679/4301/679 694/4280/694

usemtl material_397
f 706/2578/706 677/4303/677 696/4281/696

usemtl material_91
f 723/2581/723 681/4299/681 693/4277/693

usemtl material_491
f 723/2581/723 713/2580/713 681/4299/681

usemtl material_759
f 693/4277/693 692/4275/692 739/4206/739

usemtl material_3344
vt 0.0222740 0.1556945
f 552/4304/552 523/4248/523 551/4286/551

usemtl material_267
vt 0.0366093 0.1553116
f 524/4249/524 520/4250/520 555/4305/555

usemtl material_75
f 551/4286/551 524/4249/524 555/4305/555
f 555/4305/555 520/4250/520 554/4287/554

usemtl material_204
vt 0.1025443 0.1558645
f 543/4291/543 514/4255/514 544/4306/544

usemtl material_158
f 547/4285/547 523/4248/523 552/4304/552

usemtl material_204
f 553/4288/553 522/4252/522 550/4289/550

usemtl material_609
vt 0.0869587 0.1553381
f 542/4290/542 518/4254/518 549/4307/549

usemtl material_974
f 549/4307/549 518/4254/518 543/4291/543

usemtl material_648
f 544/4306/544 514/4255/514 545/4292/545

usemtl material_3345
vt 0.1195864 0.1620046
f 545/4292/545 516/4257/516 556/4308/556

usemtl material_3346
f 556/4308/556 516/4257/516 573/4218/573

usemtl material_604
vt 0.0931015 0.1658752
f 549/4307/549 543/4291/543 580/4309/580

usemtl material_590
vt 0.0079533 0.1656339
f 559/2583/559 546/4284/546 572/4310/572

usemtl material_1855
f 572/4310/572 546/4284/546 547/4285/547

usemtl material_2333
vt 0.0182289 0.1665832
f 572/4310/572 547/4285/547 574/4311/574

usemtl material_11
f 574/4311/574 547/4285/547 552/4304/552

usemtl material_1885
vt 0.0310742 0.1673843
f 552/4304/552 551/4286/551 577/4312/577

usemtl material_75
vt 0.0368643 0.1674714
f 576/4313/576 555/4305/555 554/4287/554

usemtl material_8
vt 0.0504690 0.1671773
f 554/4287/554 553/4288/553 578/4314/578

usemtl material_204
f 578/4314/578 553/4288/553 550/4289/550

usemtl material_3347
vt 0.0664306 0.1680404
f 579/4315/579 550/4289/550 542/4290/542

usemtl material_3348
f 542/4290/542 549/4307/549 581/2592/581

usemtl material_204
f 581/2592/581 549/4307/549 580/4309/580

usemtl material_648
f 543/4291/543 544/4306/544 583/2595/583

usemtl material_62
vt 0.1085322 0.1669563
f 544/4306/544 545/4292/545 586/4316/586

usemtl material_485
f 586/4316/586 545/4292/545 556/4308/556

usemtl material_3349
f 600/2584/600 559/2583/559 572/4310/572

usemtl material_816
vt 0.0218789 0.1680898
f 574/4311/574 552/4304/552 575/4317/575

usemtl material_1219
f 575/4317/575 552/4304/552 577/4312/577

usemtl material_87
f 577/4312/577 551/4286/551 555/4305/555

usemtl material_86
f 577/4312/577 555/4305/555 576/4313/576

usemtl material_3337
vt 0.0442524 0.1677911
f 576/4313/576 554/4287/554 585/4318/585

usemtl material_198
f 585/4318/585 554/4287/554 578/4314/578

usemtl material_3342
f 578/4314/578 550/4289/550 579/4315/579

usemtl material_3350
vt 0.0750214 0.1675354
f 579/4315/579 542/4290/542 582/4319/582

usemtl material_89
f 580/4309/580 543/4291/543 583/2595/583

usemtl material_158
f 583/2595/583 544/4306/544 586/4316/586

usemtl material_1555
f 556/4308/556 573/4218/573 636/4260/636

usemtl material_491
f 582/4319/582 542/4290/542 581/2592/581

usemtl material_3351
vt 0.0039594 0.1812987
f 600/2584/600 572/4310/572 616/4320/616

usemtl material_2333
vt 0.0117113 0.1820025
f 601/4321/601 572/4310/572 574/4311/574

usemtl material_453
vt 0.0188965 0.1815976
f 601/4321/601 574/4311/574 602/4322/602

usemtl material_84
f 602/4322/602 574/4311/574 575/4317/575

usemtl material_1885
vt 0.0696600 0.1826787
f 605/2599/605 579/4315/579 606/4323/606

usemtl material_3352
f 613/2594/613 582/4319/582 581/2592/581

usemtl material_2814
f 581/2592/581 580/4309/580 611/2597/611

usemtl material_149
f 611/2597/611 580/4309/580 583/2595/583

usemtl material_40
vt 0.1074619 0.1839546
f 583/2595/583 586/4316/586 617/4324/617

usemtl material_128
vt 0.1209042 0.1808863
f 609/4325/609 556/4308/556 636/4260/636

usemtl material_3353
vt 0.0004647 0.1824976
f 722/4326/722 600/2584/600 616/4320/616

usemtl material_3354
f 616/4320/616 572/4310/572 601/4321/601

usemtl material_1254
f 606/4323/606 579/4315/579 582/4319/582

usemtl material_1886
f 583/2595/583 617/4324/617 612/2596/612

usemtl material_267
vt 0.1110759 0.1815991
f 617/4324/617 586/4316/586 610/4327/610

usemtl material_509
f 609/4325/609 636/4260/636 686/2587/686

usemtl material_3355
vt 0.0041120 0.1971971
f 722/4326/722 616/4320/616 639/4328/639

usemtl material_3356
f 639/4328/639 616/4320/616 601/4321/601

usemtl material_3357
vt 0.0110599 0.1951844
f 639/4328/639 601/4321/601 640/4329/640

usemtl material_344
vt 0.0185872 0.1968344
f 601/4321/601 602/4322/602 641/4330/641

usemtl material_2506
vt 0.0220731 0.1957361
f 641/4330/641 602/4322/602 642/4331/642

usemtl material_1198
vt 0.0666892 0.1963237
f 605/2599/605 606/4323/606 649/4332/649

usemtl material_2749
vt 0.0785321 0.1959087
f 606/4323/606 613/2594/613 648/4333/648

usemtl material_3225
f 648/4333/648 613/2594/613 645/2601/645

usemtl material_87
vt 0.0939416 0.1959900
f 645/2601/645 611/2597/611 646/4334/646

usemtl material_66
vt 0.1033388 0.1956414
f 646/4334/646 611/2597/611 647/4335/647

usemtl material_10
f 612/2596/612 617/4324/617 647/4335/647

usemtl material_3358
vt 0.0010158 0.1987214
f 733/4336/733 722/4326/722 639/4328/639

usemtl material_86
f 640/4329/640 601/4321/601 641/4330/641

usemtl material_3359
f 649/4332/649 606/4323/606 648/4333/648

usemtl material_11
vt 0.1193730 0.1956729
f 617/4324/617 610/4327/610 638/4337/638

usemtl material_2734
f 638/4337/638 609/4325/609 686/2587/686

usemtl material_3357
vt 0.0112353 0.2071045
f 639/4328/639 640/4329/640 654/4338/654

usemtl material_86
f 654/4338/654 640/4329/640 641/4330/641

usemtl material_3360
f 641/4330/641 642/4331/642 680/2590/680

usemtl material_3361
f 649/4332/649 648/4333/648 660/4296/660

usemtl material_3362
f 648/4333/648 645/2601/645 661/4297/661

usemtl material_204
f 661/4297/661 645/2601/645 646/4334/646

usemtl material_66
f 662/4298/662 646/4334/646 647/4335/647

usemtl material_40
f 647/4335/647 617/4324/617 653/4300/653

usemtl material_446
f 653/4300/653 617/4324/617 638/4337/638

usemtl material_3363
f 691/4293/691 733/4336/733 639/4328/639

usemtl material_99
f 681/4299/681 647/4335/647 653/4300/653

usemtl material_2734
f 638/4337/638 686/2587/686 688/2586/688

usemtl material_3364
f 691/4293/691 639/4328/639 687/4294/687

usemtl material_3365
f 687/4294/687 639/4328/639 654/4338/654

usemtl material_343
f 654/4338/654 641/4330/641 676/2589/676

usemtl material_1787
f 676/2589/676 641/4330/641 680/2590/680

usemtl material_3366
f 680/2590/680 642/4331/642 679/4301/679

usemtl material_3367
vt 0.0313618 0.1967539
f 642/4331/642 643/4339/643 679/4301/679

usemtl material_648
vt 0.0368662 0.2035969
f 679/4301/679 643/4339/643 644/4340/644

usemtl material_130
f 644/4340/644 651/2600/651 678/4302/678

usemtl material_614
f 651/2600/651 650/2602/650 677/4303/677

usemtl material_1858
f 678/4302/678 651/2600/651 677/4303/677

usemtl material_3105
f 677/4303/677 650/2602/650 649/4332/649

usemtl material_3368
f 677/4303/677 649/4332/649 685/4295/685

usemtl material_2905
f 685/4295/685 649/4332/649 660/4296/660

usemtl material_3369
f 660/4296/660 648/4333/648 661/4297/661

usemtl material_75
f 661/4297/661 646/4334/646 662/4298/662

usemtl material_195
f 662/4298/662 647/4335/647 681/4299/681

usemtl material_186
vt 0.1156090 0.2070705
f 653/4300/653 638/4337/638 655/4341/655

usemtl material_697
f 655/4341/655 638/4337/638 688/2586/688

usemtl material_3370
f 687/4294/687 654/4338/654 707/4278/707

usemtl material_25
f 707/4278/707 654/4338/654 676/2589/676

usemtl material_646
f 696/4281/696 677/4303/677 685/4295/685

usemtl material_51
f 713/2580/713 662/4298/662 681/4299/681

usemtl material_0
f 693/4277/693 653/4300/653 655/4341/655

usemtl material_49
f 693/4277/693 655/4341/655 692/4275/692

usemtl material_76
f 692/4275/692 655/4341/655 688/2586/688

usemtl material_648
f 708/2591/708 680/2590/680 679/4301/679

usemtl material_66
f 679/4301/679 644/4340/644 694/4280/694

usemtl material_86
f 694/4280/694 644/4340/644 678/4302/678

usemtl material_1535
f 586/4316/586 556/4308/556 609/4325/609

usemtl material_3371
vt 0.0315216 0.1823824
f 575/4317/575 577/4312/577 604/4342/604

usemtl material_888
f 604/4342/604 577/4312/577 576/4313/576

usemtl material_96
vt 0.0373591 0.1824749
f 607/4343/607 576/4313/576 585/4318/585

usemtl material_269
f 585/4318/585 578/4314/578 605/2599/605

usemtl material_1129
f 607/4343/607 585/4318/585 608/2598/608

usemtl material_3372
f 608/2598/608 585/4318/585 605/2599/605

usemtl material_1858
f 605/2599/605 578/4314/578 579/4315/579

usemtl material_485
f 610/4327/610 586/4316/586 609/4325/609

usemtl material_39
vt 0.0236601 0.1829913
f 602/4322/602 575/4317/575 615/4344/615

usemtl material_1693
f 615/4344/615 575/4317/575 604/4342/604

usemtl material_343
f 604/4342/604 576/4313/576 607/4343/607

usemtl material_207
f 606/4323/606 582/4319/582 613/2594/613

usemtl material_158
f 614/2593/614 581/2592/581 611/2597/611

usemtl material_3373
f 642/4331/642 602/4322/602 615/4344/615

usemtl material_817
f 615/4344/615 604/4342/604 643/4339/643

usemtl material_42
f 614/2593/614 611/2597/611 645/2601/645

usemtl material_10
f 647/4335/647 611/2597/611 612/2596/612

usemtl material_697
f 638/4337/638 610/4327/610 609/4325/609

usemtl material_2749
f 642/4331/642 615/4344/615 643/4339/643

usemtl material_205
f 604/4342/604 607/4343/607 644/4340/644

usemtl material_1574
f 643/4339/643 604/4342/604 644/4340/644

usemtl material_49
f 644/4340/644 607/4343/607 608/2598/608

usemtl material_1574
f 644/4340/644 608/2598/608 651/2600/651

usemtl material_3368
f 649/4332/649 650/2602/650 605/2599/605
# 7318 faces, 4344 coords texture

# End of File
