####
#
# OBJ File Generated by Meshlab
#
####
# Object bluecup.obj
#
# Vertices: 4122
# Faces: 7322
#
####
mtllib ./bluecup.obj.mtl

vn 0.0000712 -0.0001116 -1.0000000
v -0.0006820 0.0051593 -0.0899851 0.133333 0.149020 0.149020
vn 0.0001700 -0.0000819 -1.0000000
v 0.0172684 0.0039788 -0.0899903 0.133333 0.149020 0.152941
vn 0.0000015 0.0000540 -1.0000000
v 0.0067028 -0.0060722 -0.0899863 0.141176 0.152941 0.152941
vn -0.0000058 0.0000251 -1.0000000
v -0.0154818 -0.0111815 -0.0899893 0.129412 0.149020 0.152941
vn -0.0001922 0.0003260 -1.0000000
v -0.0191801 0.0053881 -0.0899923 0.137255 0.152941 0.156863
vn 0.0003897 0.0001393 -1.0000000
v -0.0276943 0.0017041 -0.0899930 0.141176 0.160784 0.164706
vn -0.0000070 -0.0022503 -0.9999975
v -0.0265723 0.0183091 -0.0899693 0.145098 0.164706 0.172549
vn -0.0000583 0.0001443 -1.0000000
v -0.0078023 0.0177786 -0.0899907 0.137255 0.149020 0.152941
vn 0.0018584 -0.0015736 -0.9999971
v -0.0216042 0.0232102 -0.0899832 0.141176 0.164706 0.168627
vn -0.0005313 0.0006175 -0.9999997
v -0.0021279 0.0305169 -0.0899867 0.133333 0.156863 0.156863
vn 0.0003914 0.0003767 -0.9999999
v 0.0124738 0.0194649 -0.0899893 0.133333 0.149020 0.152941
vn -0.0004437 -0.0025525 -0.9999967
v 0.0150486 0.0296314 -0.0899802 0.137255 0.160784 0.164706
vn -0.0007262 0.0010413 -0.9999992
v 0.0269030 0.0189588 -0.0899759 0.133333 0.156863 0.164706
vn 0.0017864 0.0001538 -0.9999984
v 0.0281497 0.0092106 -0.0899837 0.133333 0.152941 0.156863
vn 0.2523243 0.1366615 -0.9579437
v 0.0307619 0.0174005 -0.0899834 0.078431 0.101961 0.117647
vn 0.1522431 0.0495074 -0.9871023
v 0.0329829 0.0118247 -0.0899657 0.078431 0.109804 0.137255
vn 0.3049281 -0.0800163 -0.9490080
v 0.0335303 -0.0064133 -0.0899744 0.062745 0.105882 0.129412
vn 0.1820007 0.1421436 -0.9729702
v 0.0280980 0.0218170 -0.0899792 0.074510 0.109804 0.137255
vn 0.1067061 0.0888860 -0.9903096
v 0.0253312 0.0250246 -0.0899523 0.078431 0.109804 0.129412
vn 0.0484842 0.1702911 -0.9842003
v 0.0114434 0.0337975 -0.0899925 0.125490 0.133333 0.145098
vn 0.1586177 0.2744360 -0.9484331
v 0.0168013 0.0316528 -0.0899961 0.066667 0.121569 0.145098
vn 0.2364761 0.2811285 -0.9300784
v 0.0220542 0.0283281 -0.0899820 0.082353 0.121569 0.137255
vn 0.0189659 0.2841628 -0.9585884
v 0.0018244 0.0355596 -0.0899909 0.078431 0.090196 0.113725
vn -0.0951013 0.3414255 -0.9350852
v -0.0068239 0.0345047 -0.0899717 0.101961 0.117647 0.125490
vn -0.0789655 0.1678364 -0.9826472
v -0.0127514 0.0323494 -0.0899885 0.094118 0.109804 0.125490
vn 0.0550868 -0.0212604 -0.9982553
v 0.0310008 -0.0119682 -0.0899694 0.125490 0.149020 0.160784
vn 0.0016895 -0.0002979 -0.9999986
v 0.0263246 -0.0080717 -0.0899843 0.133333 0.152941 0.156863
vn 0.0003339 -0.0007678 -0.9999996
v 0.0110170 -0.0202486 -0.0899894 0.133333 0.149020 0.152941
vn 0.0000973 0.0001410 -1.0000000
v -0.0072243 -0.0177837 -0.0899898 0.129412 0.145098 0.149020
vn 0.0001503 -0.0009433 -0.9999996
v -0.0041915 -0.0254008 -0.0899898 0.129412 0.145098 0.152941
vn -0.0050185 -0.0035979 -0.9999809
v -0.0257892 -0.0136121 -0.0899856 0.137255 0.156863 0.164706
vn 0.0018344 -0.0004001 -0.9999983
v -0.0293010 0.0134498 -0.0899662 0.141176 0.164706 0.172549
vn -0.0002540 -0.0007565 -0.9999997
v -0.0132139 0.0295361 -0.0899821 0.133333 0.152941 0.160784
vn -0.1055230 0.1534285 -0.9825093
v -0.0187231 0.0287761 -0.0899807 0.145098 0.160784 0.164706
vn -0.1095462 0.1011294 -0.9888238
v -0.0248360 0.0232369 -0.0900009 0.074510 0.098039 0.133333
vn -0.1308475 0.0948532 -0.9868545
v -0.0279754 0.0192848 -0.0899757 0.133333 0.152941 0.168627
vn -0.2108806 0.0995142 -0.9724332
v -0.0308221 0.0144821 -0.0899811 0.074510 0.105882 0.133333
vn -0.1465216 0.0463591 -0.9881206
v -0.0320576 0.0107616 -0.0899781 0.098039 0.125490 0.149020
vn -0.2828761 0.0078216 -0.9591246
v -0.0336243 0.0013448 -0.0900056 0.105882 0.141176 0.156863
vn -0.2251919 -0.0977304 -0.9694006
v -0.0309308 -0.0115027 -0.0899594 0.070588 0.117647 0.133333
vn -0.0621597 -0.0434319 -0.9971208
v -0.0273276 -0.0171145 -0.0899424 0.129412 0.156863 0.164706
vn -0.0823936 -0.0850822 -0.9929614
v -0.0220224 -0.0231077 -0.0899585 0.129412 0.152941 0.160784
vn -0.0045905 -0.0069102 -0.9999656
v -0.0177654 -0.0232143 -0.0899920 0.133333 0.152941 0.156863
vn -0.1102521 -0.2305390 -0.9667970
v -0.0148946 -0.0282490 -0.0899416 0.094118 0.117647 0.137255
vn -0.0582461 -0.2164675 -0.9745508
v -0.0063385 -0.0311846 -0.0899801 0.078431 0.101961 0.121569
vn 0.0334216 -0.0945409 -0.9949598
v 0.0109907 -0.0303137 -0.0899758 0.082353 0.101961 0.125490
vn 0.0315351 -0.1594759 -0.9866981
v 0.0076326 -0.0313427 -0.0899820 0.117647 0.137255 0.145098
vn 0.0435329 -0.0685940 -0.9966944
v 0.0173588 -0.0273599 -0.0899617 0.129412 0.145098 0.156863
vn 0.0220980 -0.0245250 -0.9994550
v 0.0224707 -0.0224487 -0.0899915 0.141176 0.156863 0.164706
vn 0.0707951 -0.0473682 -0.9963655
v 0.0292384 -0.0156049 -0.0899655 0.101961 0.129412 0.156863
vn -0.1656379 -0.0489714 -0.9849700
v -0.0328214 -0.0059061 -0.0899946 0.082353 0.117647 0.141176
vn -0.3797855 0.0600206 -0.9231254
v -0.0333980 0.0063290 -0.0899685 0.082353 0.109804 0.133333
vn 0.0981248 -0.0822868 -0.9917663
v 0.0259918 -0.0200381 -0.0899477 0.113725 0.133333 0.149020
vn 0.2930873 0.0403900 -0.9552322
v 0.0341696 0.0065411 -0.0900129 0.074510 0.101961 0.133333
vn 0.3274752 -0.0371070 -0.9441309
v 0.0343375 -0.0014800 -0.0899756 0.090196 0.113725 0.137255
vn 0.1977266 -0.2253417 -0.9540049
v 0.0226330 -0.0241908 -0.0898993 0.082353 0.113725 0.141176
vn -0.0073170 -0.2897861 -0.9570635
v 0.0006346 -0.0322443 -0.0899004 0.070588 0.129412 0.152941
vn 0.1108520 -0.0527535 -0.9924359
v 0.0310434 -0.0135401 -0.0899034 0.074510 0.117647 0.141176
vn -0.0688104 0.2861879 -0.9556996
v -0.0039342 0.0350741 -0.0899570 0.098039 0.125490 0.137255
vn 0.0931081 0.3746274 -0.9224886
v 0.0082350 0.0348112 -0.0899463 0.098039 0.117647 0.129412
vn -0.1612779 -0.1340475 -0.9777632
v -0.0270498 -0.0186983 -0.0898520 0.090196 0.121569 0.141176
vn -0.1621693 -0.1035167 -0.9813182
v -0.0299269 -0.0143891 -0.0898539 0.098039 0.121569 0.141176
vn 0.2763236 0.1253546 -0.9528544
v 0.0317504 0.0154705 -0.0899540 0.066667 0.090196 0.113725
vn -0.1467797 -0.3666998 -0.9186876
v -0.0117906 -0.0300685 -0.0898743 0.086275 0.121569 0.145098
vn -0.2322804 -0.3207564 -0.9182381
v -0.0203845 -0.0253483 -0.0898510 0.074510 0.101961 0.129412
vn 0.1845123 -0.0800802 -0.9795624
v 0.0329727 -0.0091137 -0.0898639 0.062745 0.101961 0.160784
vn 0.2336431 0.3965341 -0.8877903
v 0.0193873 0.0303235 -0.0899542 0.074510 0.109804 0.125490
vn 0.0607236 -0.1307025 -0.9895603
v 0.0136141 -0.0301725 -0.0898322 0.090196 0.105882 0.129412
vn 0.0639062 -0.1226218 -0.9903939
v 0.0169341 -0.0285464 -0.0898456 0.090196 0.125490 0.145098
vn -0.1629379 -0.0216948 -0.9863978
v -0.0333799 -0.0044534 -0.0899402 0.090196 0.121569 0.145098
vn 0.1296510 -0.0966865 -0.9868345
v 0.0294704 -0.0166472 -0.0898376 0.090196 0.121569 0.145098
vn 0.0586964 -0.1900304 -0.9800221
v 0.0100443 -0.0311548 -0.0898762 0.086275 0.117647 0.133333
vn 0.0790436 0.1897475 -0.9786460
v 0.0142903 0.0331732 -0.0899117 0.070588 0.113725 0.149020
vn -0.1819916 0.1068744 -0.9774747
v -0.0295606 0.0175881 -0.0898907 0.066667 0.101961 0.125490
vn -0.1332635 0.1537709 -0.9790788
v -0.0210788 0.0274687 -0.0898679 0.078431 0.109804 0.129412
vn -0.3444277 -0.3404917 -0.8748915
v -0.0237762 -0.0224281 -0.0897879 0.098039 0.133333 0.152941
vn 0.2396775 0.1342638 -0.9615238
v 0.0297993 0.0198357 -0.0898938 0.066667 0.098039 0.121569
vn 0.1634927 -0.1436510 -0.9760300
v 0.0259834 -0.0212365 -0.0897828 0.090196 0.125490 0.149020
vn 0.1722935 -0.1447502 -0.9743523
v 0.0281301 -0.0186129 -0.0897814 0.090196 0.113725 0.133333
vn -0.2262730 -0.4027602 -0.8868962
v -0.0165977 -0.0278672 -0.0898038 0.066667 0.098039 0.117647
vn -0.2452787 -0.0918560 -0.9650912
v -0.0323952 -0.0088375 -0.0898448 0.086275 0.129412 0.152941
vn -0.1992046 0.1558760 -0.9674814
v -0.0259190 0.0226740 -0.0898720 0.094118 0.109804 0.145098
vn -0.1403766 0.4457833 -0.8840654
v -0.0089462 0.0339457 -0.0899272 0.090196 0.105882 0.125490
vn -0.1006307 0.2792567 -0.9549289
v -0.0117560 0.0330328 -0.0899070 0.086275 0.105882 0.121569
vn 0.2093140 0.1933551 -0.9585413
v 0.0254709 0.0256171 -0.0898220 0.070588 0.101961 0.117647
vn -0.1364712 0.2253454 -0.9646736
v -0.0160522 0.0308710 -0.0898716 0.074510 0.117647 0.129412
vn 0.0274567 -0.2717585 -0.9619738
v 0.0065647 -0.0320646 -0.0898131 0.082353 0.117647 0.141176
vn -0.0406019 -0.2881189 -0.9567336
v -0.0047769 -0.0320233 -0.0897992 0.074510 0.109804 0.137255
vn 0.2958848 0.2560770 -0.9202591
v 0.0278150 0.0228554 -0.0897764 0.074510 0.109804 0.129412
vn -0.1893248 0.1961436 -0.9621246
v -0.0243502 0.0244367 -0.0898519 0.105882 0.125490 0.137255
vn 0.1699214 -0.2322498 -0.9576988
v 0.0199817 -0.0267213 -0.0897561 0.094118 0.137255 0.160784
vn 0.2840199 0.0787338 -0.9555804
v 0.0334953 0.0114960 -0.0898432 0.074510 0.105882 0.133333
vn 0.3047176 0.1101130 -0.9460562
v 0.0328142 0.0139582 -0.0897872 0.070588 0.129412 0.164706
vn -0.2842515 0.0983442 -0.9536926
v -0.0318393 0.0130474 -0.0898274 0.098039 0.141176 0.152941
vn -0.2965686 0.0878435 -0.9509630
v -0.0326734 0.0104835 -0.0898169 0.094118 0.160784 0.184314
vn -0.1567687 0.2845283 -0.9457628
v -0.0135516 0.0323817 -0.0898461 0.109804 0.129412 0.149020
vn -0.0585617 0.3557037 -0.9327623
v -0.0032077 0.0356038 -0.0898044 0.098039 0.113725 0.121569
vn -0.2645577 0.1913179 -0.9452019
v -0.0281102 0.0201195 -0.0897690 0.098039 0.156863 0.192157
vn 0.1021497 0.3560326 -0.9288737
v 0.0118723 0.0340313 -0.0898655 0.094118 0.141176 0.152941
vn -0.2029912 0.2990791 -0.9323875
v -0.0189062 0.0291959 -0.0898062 0.098039 0.117647 0.137255
vn 0.4149937 0.0089860 -0.9097800
v 0.0347631 0.0046436 -0.0897613 0.074510 0.098039 0.125490
vn 0.0666813 0.4321886 -0.8993145
v 0.0068361 0.0354498 -0.0897471 0.090196 0.121569 0.145098
vn 0.4253574 -0.0719598 -0.9021601
v 0.0341513 -0.0049579 -0.0898025 0.074510 0.160784 0.211765
vn 0.4292652 -0.0024171 -0.9031753
v 0.0348163 0.0000300 -0.0897521 0.105882 0.137255 0.160784
vn 0.4228514 0.0868843 -0.9020243
v 0.0341391 0.0088392 -0.0898058 0.082353 0.125490 0.152941
vn -0.4405301 -0.0230869 -0.8974410
v -0.0340528 -0.0000257 -0.0897600 0.105882 0.145098 0.160784
vn -0.1199832 -0.4738919 -0.8723707
v -0.0091801 -0.0314315 -0.0894842 0.062745 0.105882 0.137255
vn -0.0141836 0.4651735 -0.8851060
v 0.0009650 0.0361193 -0.0896830 0.098039 0.176471 0.211765
vn 0.0045230 -0.4603911 -0.8877047
v 0.0008610 -0.0326963 -0.0896648 0.078431 0.125490 0.156863
vn -0.4321821 0.2014942 -0.8789874
v -0.0304527 0.0164008 -0.0897229 0.078431 0.113725 0.141176
vn -0.4511615 -0.2079672 -0.8678727
v -0.0317275 -0.0108219 -0.0897084 0.078431 0.121569 0.145098
vn -0.4940401 0.0324481 -0.8688334
v -0.0338740 0.0046915 -0.0897617 0.101961 0.137255 0.152941
vn 0.4434430 0.2214876 -0.8685054
v 0.0315027 0.0167681 -0.0897664 0.082353 0.109804 0.129412
vn -0.1191922 0.5237064 -0.8435193
v -0.0048332 0.0356370 -0.0895053 0.098039 0.176471 0.235294
vn -0.4836817 0.1138158 -0.8678122
v -0.0333429 0.0082095 -0.0897526 0.090196 0.125490 0.145098
vn -0.2276939 -0.4812270 -0.8465081
v -0.0154637 -0.0290770 -0.0893738 0.043137 0.109804 0.156863
vn 0.3409888 -0.3709459 -0.8637858
v 0.0230726 -0.0243233 -0.0896689 0.086275 0.117647 0.145098
vn 0.4915985 -0.2067229 -0.8459295
v 0.0322450 -0.0116206 -0.0896741 0.070588 0.129412 0.168627
vn -0.3720975 -0.4272165 -0.8240325
v -0.0216718 -0.0249432 -0.0894938 0.082353 0.113725 0.149020
vn 0.5750649 0.2633205 -0.7745726
v 0.0306698 0.0189012 -0.0895416 0.094118 0.156863 0.211765
vn 0.3067256 0.5135575 -0.8013602
v 0.0171388 0.0320109 -0.0896375 0.070588 0.090196 0.125490
vn 0.3736858 0.5801870 -0.7237003
v 0.0202131 0.0305088 -0.0893704 0.117647 0.215686 0.301961
vn -0.5041228 -0.3369483 -0.7951894
v -0.0291591 -0.0163882 -0.0894936 0.086275 0.129412 0.149020
vn -0.2121401 -0.5792770 -0.7870417
v -0.0116640 -0.0307805 -0.0893844 0.062745 0.117647 0.145098
vn -0.3453258 -0.5180804 -0.7825235
v -0.0202225 -0.0262954 -0.0892959 0.050980 0.109804 0.141176
vn -0.3336120 -0.5304774 -0.7792925
v -0.0180197 -0.0278644 -0.0891969 0.050980 0.105882 0.149020
vn -0.4693212 -0.4268301 -0.7730160
v -0.0265264 -0.0200520 -0.0894301 0.078431 0.113725 0.145098
vn 0.1559740 0.6338723 -0.7575474
v 0.0093916 0.0350748 -0.0894875 0.101961 0.172549 0.215686
vn 0.3900258 0.5220791 -0.7584942
v 0.0214799 0.0294491 -0.0895176 0.098039 0.160784 0.211765
vn -0.1979089 0.6219627 -0.7576243
v -0.0095616 0.0343219 -0.0894573 0.094118 0.129412 0.149020
vn 0.4460155 0.5223978 -0.7267537
v 0.0229096 0.0284035 -0.0894028 0.129412 0.207843 0.247059
vn -0.5069093 -0.4863194 -0.7117139
v -0.0245509 -0.0223284 -0.0893042 0.078431 0.129412 0.160784
vn 0.2754857 -0.1712883 0.9459218
v -0.0054874 -0.0080399 0.0780576 0.039216 0.035294 0.023529
vn 0.1130016 -0.0793793 0.9904189
v -0.0072915 -0.0113665 0.0780189 0.054902 0.047059 0.039216
vn -0.0288253 0.1154396 0.9928962
v -0.0034623 -0.0107556 0.0780518 0.050980 0.039216 0.027451
vn 0.0089206 -0.0013681 0.9999593
v 0.0010992 -0.0040252 0.0780305 0.058824 0.047059 0.031373
vn -0.0703195 0.1678161 0.9833072
v 0.0025196 -0.0089996 0.0781069 0.047059 0.035294 0.023529
vn 0.2520985 -0.2104795 0.9445342
v -0.0029990 -0.0049567 0.0780719 0.039216 0.031373 0.019608
vn 0.1591997 -0.1501025 0.9757688
v 0.0007793 -0.0005709 0.0780922 0.039216 0.031373 0.019608
vn -0.0023384 0.0218659 0.9997582
v 0.0081954 -0.0052268 0.0780025 0.054902 0.047059 0.027451
vn 0.0006842 -0.0004074 0.9999998
v 0.0147310 0.0054697 0.0779654 0.043137 0.035294 0.023529
vn 0.0153973 -0.0158311 0.9997562
v 0.0098110 0.0073400 0.0779784 0.047059 0.039216 0.027451
vn 0.0110572 -0.0053451 0.9999246
v 0.0071120 0.0014986 0.0779572 0.047059 0.039216 0.027451
vn 0.0211999 -0.0162304 0.9996436
v 0.0146887 0.0126407 0.0780038 0.031373 0.023529 0.015686
vn 0.0016857 -0.0146860 0.9998907
v 0.0181847 0.0189594 0.0780088 0.019608 0.019608 0.007843
vn -0.0479330 -0.0101863 0.9987986
v 0.0299400 0.0056832 0.0780537 0.019608 0.015686 0.007843
vn -0.0137131 -0.0066346 0.9998840
v 0.0256914 0.0081569 0.0779623 0.019608 0.015686 0.007843
vn -0.0404756 0.0078169 0.9991500
v 0.0297009 0.0000525 0.0780265 0.023529 0.015686 0.007843
vn -0.0085216 0.0038153 0.9999564
v 0.0261426 0.0008487 0.0779599 0.031373 0.023529 0.015686
vn -0.0118115 0.0359630 0.9992833
v 0.0263120 -0.0062871 0.0780255 0.035294 0.031373 0.019608
vn -0.0469496 -0.0243179 0.9986013
v 0.0276056 0.0134265 0.0780801 0.015686 0.011765 0.007843
vn -0.0197175 -0.0255579 0.9994789
v 0.0216306 0.0193816 0.0780463 0.011765 0.011765 0.007843
vn -0.0013928 0.0170775 0.9998533
v 0.0149407 -0.0034512 0.0780137 0.047059 0.039216 0.027451
vn 0.3633371 -0.3282276 0.8719248
v 0.0029503 0.0019518 0.0780595 0.039216 0.035294 0.027451
vn 0.2768700 -0.2165128 0.9361972
v 0.0047058 0.0040051 0.0780755 0.039216 0.031373 0.019608
vn 0.2840975 -0.2406963 0.9280915
v 0.0082180 0.0083864 0.0780453 0.035294 0.031373 0.019608
vn 0.4073353 -0.3240530 0.8538545
v 0.0063447 0.0063005 0.0780657 0.043137 0.035294 0.023529
vn 0.2678733 -0.0880526 0.9594221
v 0.0150262 0.0180704 0.0780736 0.027451 0.023529 0.011765
vn 0.2718310 -0.2243527 0.9358279
v 0.0110665 0.0116368 0.0780868 0.035294 0.027451 0.019608
vn 0.2242701 -0.1194558 0.9671780
v 0.0134480 0.0149945 0.0781297 0.027451 0.023529 0.015686
vn 0.1376589 0.0568057 0.9888494
v 0.0154438 0.0200200 0.0780551 0.019608 0.015686 0.011765
vn 0.2190415 0.3537046 0.9093481
v 0.0129054 0.0213866 0.0780935 0.015686 0.011765 0.011765
vn 0.0047779 0.2281169 0.9736221
v 0.0230144 -0.0082124 0.0781418 0.039216 0.031373 0.019608
vn -0.0025233 0.1879810 0.9821694
v 0.0147434 -0.0080606 0.0781555 0.043137 0.031373 0.019608
vn -0.0310232 0.1706291 0.9848469
v 0.0057688 -0.0081007 0.0781011 0.050980 0.043137 0.027451
vn -0.0664006 0.1140318 0.9912557
v 0.0287246 -0.0079237 0.0781512 0.031373 0.027451 0.015686
vn -0.0086617 0.2834160 0.9589580
v 0.0279250 -0.0085828 0.0781957 0.031373 0.023529 0.015686
vn -0.0419114 -0.0482558 0.9979553
v 0.0232664 0.0212849 0.0781627 0.011765 0.007843 0.003922
vn -0.1297091 -0.0812863 0.9882146
v 0.0285827 0.0175592 0.0782600 0.011765 0.007843 0.007843
vn -0.0271255 -0.0603187 0.9978106
v 0.0179108 0.0254921 0.0782015 0.015686 0.011765 0.007843
vn 0.1027620 0.1962578 0.9751528
v 0.0115226 0.0226263 0.0780646 0.023529 0.015686 0.011765
vn -0.0224380 -0.0653717 0.9976087
v 0.0131735 0.0277071 0.0782356 0.019608 0.011765 0.007843
vn 0.1795153 0.3319984 0.9260407
v 0.0091224 0.0236607 0.0780020 0.019608 0.015686 0.011765
vn 0.1892817 0.2994542 0.9351469
v 0.0077198 0.0245645 0.0780058 0.019608 0.015686 0.007843
vn 0.0099438 -0.0212064 0.9997257
v 0.0030204 0.0266368 0.0779663 0.015686 0.015686 0.007843
vn 0.1051906 0.2881697 0.9517843
v 0.0059933 0.0256236 0.0779958 0.019608 0.015686 0.011765
vn -0.0572215 0.2083058 0.9763885
v -0.0007480 -0.0106810 0.0781167 0.054902 0.043137 0.031373
vn -0.1226508 0.0057433 0.9924333
v 0.0331892 -0.0001559 0.0782342 0.023529 0.015686 0.011765
vn -0.1141977 0.0752643 0.9906030
v 0.0319355 -0.0061774 0.0783134 0.023529 0.019608 0.015686
vn -0.1467897 -0.0302997 0.9887035
v 0.0331326 0.0070642 0.0782921 0.015686 0.011765 0.007843
vn -0.1426270 -0.0611737 0.9878843
v 0.0312341 0.0122779 0.0782865 0.015686 0.011765 0.007843
vn 0.3536603 -0.2528725 0.9005442
v -0.0011826 -0.0026376 0.0780919 0.039216 0.031373 0.023529
vn -0.0856620 -0.1220243 0.9888236
v 0.0228540 0.0247132 0.0783657 0.011765 0.007843 0.003922
vn -0.1121119 -0.0971849 0.9889318
v 0.0255273 0.0221217 0.0783371 0.007843 0.007843 0.003922
vn -0.1490629 -0.1192490 0.9816110
v 0.0274443 0.0200020 0.0783508 0.011765 0.007843 0.003922
vn -0.0165547 -0.1439646 0.9894444
v 0.0037263 0.0308124 0.0783150 0.015686 0.011765 0.007843
vn -0.1749171 -0.0791444 0.9813971
v 0.0303731 0.0151167 0.0783655 0.011765 0.007843 0.003922
vn 0.0030337 -0.1520966 0.9883610
v -0.0049682 0.0309842 0.0783319 0.027451 0.023529 0.015686
vn 0.0182176 0.0612455 0.9979565
v -0.0020124 0.0286743 0.0781600 0.023529 0.015686 0.011765
vn -0.0221800 -0.0960772 0.9951268
v -0.0082126 0.0295801 0.0781807 0.031373 0.023529 0.011765
vn -0.1167573 0.1755928 0.9775147
v -0.0087527 0.0283060 0.0780929 0.035294 0.027451 0.015686
vn -0.0049984 0.2858336 0.9582663
v -0.0043440 0.0281847 0.0781328 0.023529 0.019608 0.011765
vn -0.0433053 -0.1427509 0.9888108
v 0.0138506 0.0288953 0.0783634 0.011765 0.011765 0.007843
vn -0.0695132 -0.1419416 0.9874313
v 0.0180718 0.0274206 0.0783809 0.015686 0.011765 0.007843
vn 0.1065618 0.3526749 0.9296586
v 0.0040232 0.0260889 0.0779575 0.019608 0.015686 0.011765
vn 0.1455652 0.3389890 0.9294608
v 0.0017148 0.0267920 0.0780026 0.019608 0.015686 0.011765
vn 0.1416769 0.3208995 0.9364567
v 0.0002053 0.0274652 0.0780954 0.019608 0.015686 0.007843
vn -0.0217536 -0.0956377 0.9951785
v -0.0114974 0.0282021 0.0778135 0.039216 0.027451 0.019608
vn -0.2286797 0.0418593 0.9726014
v -0.0097714 0.0278643 0.0779805 0.035294 0.027451 0.019608
vn -0.0044116 -0.2359690 0.9717506
v -0.0096652 0.0310655 0.0783579 0.031373 0.027451 0.015686
vn -0.2570083 0.0305165 0.9659273
v 0.0342517 -0.0016425 0.0784280 0.023529 0.015686 0.011765
vn 0.3228063 -0.2640819 0.9088767
v -0.0044582 -0.0064665 0.0780364 0.039216 0.031373 0.023529
vn -0.3386048 0.1121267 0.9342240
v 0.0340352 -0.0057480 0.0786022 0.019608 0.011765 0.007843
vn -0.1654948 -0.1108515 0.9799610
v -0.0100918 0.0264475 0.0777775 0.047059 0.039216 0.027451
vn 0.0098310 -0.0236552 0.9996719
v -0.0138155 0.0262998 0.0777898 0.035294 0.027451 0.015686
vn 0.0602286 -0.1175986 0.9912332
v -0.0179294 0.0273503 0.0779265 0.039216 0.027451 0.015686
vn -0.0563041 -0.1822328 0.9816421
v -0.0087596 0.0256036 0.0777794 0.113725 0.098039 0.070588
vn 0.0227710 -0.0419661 0.9988595
v -0.0190665 0.0244461 0.0777861 0.035294 0.031373 0.019608
vn 0.0131136 -0.0183819 0.9997451
v -0.0242209 0.0181731 0.0777051 0.043137 0.035294 0.023529
vn -0.0210028 0.0165496 0.9996424
v -0.0002746 0.0063578 0.0779135 0.050980 0.043137 0.027451
vn -0.0074203 0.0037762 0.9999654
v -0.0020585 0.0156007 0.0778483 0.047059 0.039216 0.023529
vn -0.0241480 0.0152275 0.9995924
v -0.0050241 0.0012288 0.0778955 0.066667 0.058824 0.039216
vn -0.0052819 0.0014954 0.9999849
v -0.0184564 0.0127963 0.0777272 0.058824 0.047059 0.031373
vn -0.0084677 0.0030102 0.9999596
v -0.0155826 0.0051215 0.0777635 0.062745 0.050980 0.031373
vn -0.0089361 0.0041534 0.9999515
v -0.0101894 0.0107895 0.0777989 0.062745 0.050980 0.039216
vn -0.0031670 0.0016074 0.9999937
v -0.0223531 0.0004146 0.0777334 0.058824 0.050980 0.035294
vn -0.0094364 -0.0007050 0.9999553
v -0.0163796 -0.0009438 0.0777800 0.058824 0.050980 0.031373
vn -0.0586763 0.0112058 0.9982142
v -0.0143569 -0.0148948 0.0777395 0.054902 0.043137 0.027451
vn 0.0297920 0.0160439 0.9994274
v -0.0273506 -0.0166748 0.0777962 0.043137 0.031373 0.019608
vn 0.0209912 0.0107870 0.9997215
v -0.0231182 -0.0225865 0.0777736 0.043137 0.035294 0.023529
vn 0.0093428 0.0167359 0.9998163
v -0.0166260 -0.0266908 0.0777309 0.050980 0.039216 0.027451
vn 0.0249091 0.0150797 0.9995760
v -0.0290638 -0.0124553 0.0777674 0.047059 0.039216 0.023529
vn 0.0015192 0.0025210 0.9999957
v -0.0221416 -0.0115110 0.0777576 0.054902 0.043137 0.031373
vn -0.0438472 0.0235043 0.9987617
v -0.0127500 -0.0115393 0.0777587 0.058824 0.047059 0.031373
vn -0.0943179 0.0496759 0.9943020
v -0.0105373 -0.0089682 0.0778053 0.050980 0.043137 0.031373
vn -0.0353482 0.0158721 0.9992490
v -0.0082562 -0.0036801 0.0778720 0.054902 0.043137 0.027451
vn -0.0073071 0.0003575 0.9999733
v -0.0071481 0.0208977 0.0777772 0.070588 0.058824 0.047059
vn -0.2081526 -0.4561915 0.8651947
v 0.0063512 0.0231722 0.0779088 0.035294 0.031373 0.023529
vn -0.0193938 0.0122689 0.9997367
v 0.0054435 0.0149465 0.0778738 0.035294 0.027451 0.019608
vn -0.0268537 0.0212923 0.9994126
v 0.0087461 0.0168595 0.0779323 0.035294 0.031373 0.019608
vn 0.0259713 -0.0081903 0.9996292
v -0.0281252 0.0127601 0.0776867 0.058824 0.050980 0.031373
vn 0.0068288 0.0029253 0.9999724
v -0.0298936 0.0039012 0.0777141 0.054902 0.047059 0.031373
vn -0.0110062 -0.0291392 0.9995148
v -0.0065274 0.0251595 0.0777760 0.141176 0.121569 0.090196
vn -0.0637328 -0.4197635 0.9053931
v -0.0018688 0.0254416 0.0778691 0.066667 0.054902 0.043137
vn -0.0292379 -0.4165267 0.9086532
v -0.0057660 0.0256850 0.0778202 0.105882 0.086275 0.070588
vn -0.0424937 -0.0144988 0.9989915
v -0.0144543 -0.0205008 0.0777507 0.050980 0.039216 0.027451
vn -0.2409152 -0.3522611 0.9043628
v -0.0131363 -0.0213513 0.0777672 0.047059 0.035294 0.019608
vn 0.0850442 -0.0175837 0.9962221
v -0.0322459 0.0049238 0.0777442 0.062745 0.054902 0.035294
vn 0.0480993 0.0087552 0.9988042
v -0.0321920 -0.0046985 0.0777929 0.054902 0.043137 0.027451
vn -0.3292741 -0.3221050 0.8875962
v 0.0094471 0.0210210 0.0778947 0.031373 0.023529 0.015686
vn -0.4486902 -0.2522199 0.8573577
v 0.0108161 0.0194739 0.0778976 0.027451 0.023529 0.011765
vn -0.0086559 -0.0601540 0.9981516
v -0.0093834 -0.0227338 0.0777203 0.054902 0.043137 0.031373
vn -0.0660103 -0.4778380 0.8759643
v -0.0122554 -0.0216043 0.0777570 0.050980 0.043137 0.031373
vn 0.0950932 0.1654437 0.9816240
v -0.0201770 -0.0279961 0.0778130 0.047059 0.035294 0.023529
vn 0.0081373 0.0312312 0.9994791
v -0.0111747 -0.0299855 0.0777321 0.039216 0.035294 0.019608
vn -0.0033797 -0.0071939 0.9999684
v -0.0039413 -0.0260735 0.0777308 0.054902 0.043137 0.031373
vn -0.0054812 0.0473096 0.9988653
v 0.0025046 -0.0318563 0.0777658 0.039216 0.027451 0.019608
vn 0.0001886 -0.0739881 0.9972591
v -0.0029182 -0.0221064 0.0778285 0.054902 0.043137 0.031373
vn -0.0026006 0.0078533 0.9999658
v 0.0032018 -0.0294107 0.0777243 0.050980 0.039216 0.027451
vn -0.0040390 -0.0284382 0.9995874
v 0.0060983 -0.0239746 0.0777710 0.054902 0.039216 0.027451
vn -0.0081935 0.0028732 0.9999624
v 0.0153265 -0.0263271 0.0778027 0.047059 0.039216 0.023529
vn 0.0027807 -0.0316350 0.9994956
v 0.0145955 -0.0225729 0.0778444 0.047059 0.039216 0.027451
vn -0.0416580 -0.0105161 0.9990766
v 0.0232834 -0.0212657 0.0778684 0.035294 0.031373 0.015686
vn 0.0902726 -0.3414115 0.9355688
v 0.0208606 -0.0186816 0.0779057 0.023529 0.019608 0.015686
vn -0.0402486 0.0405285 0.9983674
v 0.0205759 -0.0259892 0.0778619 0.043137 0.031373 0.019608
vn -0.0252124 0.0540381 0.9982206
v 0.0141177 -0.0292453 0.0778339 0.047059 0.035294 0.023529
vn 0.1027043 -0.0722010 0.9920881
v -0.0276547 0.0169066 0.0777610 0.066667 0.054902 0.039216
vn 0.1192929 -0.0580194 0.9911625
v -0.0288651 0.0145202 0.0777504 0.070588 0.062745 0.039216
vn 0.0679345 -0.0779278 0.9946418
v -0.0226360 0.0226036 0.0778172 0.039216 0.031373 0.019608
vn 0.0920761 -0.0829148 0.9922940
v -0.0259530 0.0191210 0.0777929 0.050980 0.043137 0.027451
vn -0.0345443 0.0293858 0.9989711
v -0.0015724 0.0012998 0.0780185 0.043137 0.035294 0.023529
vn -0.0428091 0.0289156 0.9986647
v -0.0037498 -0.0010242 0.0780076 0.043137 0.035294 0.027451
vn -0.0249884 0.0260078 0.9993494
v 0.0000650 0.0037000 0.0779912 0.043137 0.035294 0.027451
vn -0.0336031 0.0266398 0.9990802
v 0.0025486 0.0067853 0.0779987 0.031373 0.023529 0.015686
vn -0.0318889 0.0260262 0.9991525
v 0.0047482 0.0091293 0.0780032 0.031373 0.023529 0.015686
vn -0.0404371 0.0288386 0.9987658
v 0.0070078 0.0118021 0.0780261 0.031373 0.023529 0.015686
vn -0.0424788 0.0321787 0.9985791
v 0.0091349 0.0139794 0.0780417 0.027451 0.023529 0.015686
vn -0.0857847 0.0423916 0.9954115
v 0.0106070 0.0160800 0.0780470 0.023529 0.019608 0.015686
vn 0.0344709 -0.4223669 0.9057693
v 0.0011524 -0.0215373 0.0778691 0.047059 0.039216 0.023529
vn 0.0465699 -0.3391056 0.9395949
v 0.0113466 -0.0208450 0.0779612 0.043137 0.035294 0.027451
vn 0.0734906 -0.2872626 0.9550285
v 0.0141462 -0.0203939 0.0779616 0.039216 0.031373 0.019608
vn 0.0974520 -0.3904332 0.9154589
v 0.0168345 -0.0195253 0.0779759 0.035294 0.027451 0.023529
vn 0.0854506 0.1605226 0.9833264
v -0.0172231 -0.0295320 0.0778623 0.039216 0.031373 0.019608
vn 0.0749589 0.1697689 0.9826290
v -0.0145804 -0.0310195 0.0778581 0.043137 0.031373 0.019608
vn -0.0350100 0.1250368 0.9915343
v 0.0099400 -0.0322887 0.0779104 0.035294 0.031373 0.015686
vn 0.1619561 0.0569315 0.9851543
v -0.0321057 -0.0119236 0.0778926 0.047059 0.039216 0.023529
vn 0.1177760 0.0964662 0.9883437
v -0.0262380 -0.0229599 0.0779106 0.043137 0.035294 0.019608
vn 0.1685530 0.1751738 0.9700022
v -0.0243218 -0.0253409 0.0778604 0.043137 0.031373 0.019608
vn 0.0675082 0.0346291 0.9971176
v -0.0303034 -0.0173340 0.0779799 0.043137 0.039216 0.027451
vn 0.2513496 0.1671411 0.9533558
v -0.0279152 -0.0211364 0.0779392 0.047059 0.035294 0.023529
vn 0.0716270 0.0691232 0.9950335
v -0.0214960 -0.0268073 0.0778359 0.039216 0.027451 0.015686
vn 0.0096305 0.1139545 0.9934394
v -0.0046593 -0.0331188 0.0778805 0.039216 0.027451 0.019608
vn 0.0343100 0.1342086 0.9903590
v -0.0113026 -0.0319247 0.0778452 0.043137 0.031373 0.023529
vn -0.0110318 0.1217856 0.9924952
v 0.0017080 -0.0329936 0.0778465 0.039216 0.031373 0.019608
vn -0.1843554 0.0313736 0.9823588
v 0.0256700 -0.0221862 0.0780364 0.031373 0.023529 0.015686
vn 0.0355382 -0.2406496 0.9699612
v 0.0241232 -0.0176408 0.0781033 0.027451 0.023529 0.015686
vn -0.1734896 -0.1841576 0.9674644
v 0.0261651 -0.0173130 0.0781768 0.023529 0.015686 0.007843
vn 0.1359270 -0.0654418 0.9885552
v -0.0306437 0.0117330 0.0778276 0.078431 0.066667 0.047059
vn -0.0558783 0.0418761 0.9975591
v -0.0053992 -0.0033832 0.0780196 0.043137 0.035294 0.023529
vn -0.1206473 0.0500479 0.9914331
v -0.0089460 -0.0080889 0.0779677 0.047059 0.035294 0.027451
vn -0.0651778 0.0331704 0.9973223
v -0.0076943 -0.0064729 0.0780016 0.043137 0.035294 0.019608
vn 0.1514115 0.0112841 0.9884064
v -0.0335754 -0.0036220 0.0778838 0.047059 0.039216 0.023529
vn -0.0425680 0.0885535 0.9951615
v 0.0167609 -0.0305468 0.0780394 0.039216 0.031373 0.019608
vn -0.0632658 0.0693782 0.9955823
v 0.0219534 -0.0277362 0.0780656 0.035294 0.027451 0.019608
vn -0.2643581 0.2217235 0.9385913
v 0.0244924 -0.0256494 0.0781352 0.031373 0.023529 0.015686
vn -0.0933085 0.0581004 0.9939406
v -0.0115293 -0.0112821 0.0778454 0.050980 0.039216 0.031373
vn -0.0943630 0.0540428 0.9940700
v -0.0125302 -0.0125189 0.0778328 0.054902 0.043137 0.027451
vn -0.0452340 0.1011148 0.9938459
v 0.0139506 -0.0317188 0.0780779 0.039216 0.027451 0.015686
vn -0.1455804 0.0561929 0.9877493
v -0.0135700 -0.0143982 0.0778298 0.050980 0.043137 0.031373
vn -0.4427589 -0.1943293 0.8753289
v -0.0139145 -0.0203236 0.0778077 0.050980 0.043137 0.027451
vn -0.5013294 -0.0097377 0.8652018
v -0.0141506 -0.0176591 0.0778179 0.047059 0.039216 0.027451
vn 0.0086878 -0.5643290 0.8255043
v -0.0059585 -0.0217440 0.0778931 0.050980 0.043137 0.027451
vn 0.1345207 -0.0193499 0.9907219
v -0.0343335 0.0035976 0.0779872 0.070588 0.058824 0.043137
vn -0.2921810 0.1537922 0.9439165
v 0.0257095 -0.0236966 0.0781416 0.027451 0.019608 0.011765
vn 0.1322094 -0.0426787 0.9903026
v -0.0329118 0.0088323 0.0779750 0.070588 0.062745 0.050980
vn -0.0311780 -0.5276916 0.8488637
v -0.0094556 -0.0217437 0.0778524 0.047059 0.035294 0.023529
vn 0.0469291 -0.2531683 0.9662833
v -0.0133675 0.0302769 0.0781568 0.031373 0.027451 0.015686
vn -0.0100322 0.1805989 0.9835057
v -0.0002255 -0.0346336 0.0780861 0.035294 0.035294 0.015686
vn 0.1309001 0.2028340 0.9704245
v -0.0231577 -0.0267437 0.0780089 0.047059 0.031373 0.023529
vn 0.2066852 -0.2117992 0.9552080
v -0.0228521 0.0246877 0.0780912 0.039216 0.031373 0.019608
vn 0.2537825 -0.2210877 0.9416553
v -0.0251450 0.0222970 0.0780601 0.047059 0.035294 0.023529
vn 0.1762430 -0.2406332 0.9544811
v -0.0201611 0.0270487 0.0781016 0.031373 0.031373 0.015686
vn 0.0203434 0.1585985 0.9871336
v -0.0058932 -0.0339810 0.0780422 0.039216 0.035294 0.019608
vn 0.1597290 0.0312389 0.9866666
v -0.0334846 -0.0092539 0.0780287 0.047059 0.043137 0.023529
vn 0.1352810 -0.2957707 0.9456314
v -0.0173297 0.0288555 0.0781378 0.035294 0.027451 0.015686
vn 0.1665936 -0.0433229 0.9850734
v -0.0340827 0.0059004 0.0780978 0.078431 0.070588 0.050980
vn 0.4196710 -0.2785155 0.8638897
v -0.0066241 -0.0094802 0.0780935 0.031373 0.023529 0.015686
vn -0.1417830 -0.3138583 0.9388241
v 0.0168807 0.0292022 0.0786102 0.011765 0.007843 0.000000
vn -0.1935334 -0.3432355 0.9190943
v 0.0194937 0.0277645 0.0786002 0.015686 0.015686 0.003922
vn -0.2180119 0.1649287 0.9619093
v 0.0325604 -0.0094337 0.0788201 0.015686 0.011765 0.003922
vn -0.0170052 -0.2850040 0.9583755
v 0.0018032 0.0324117 0.0786067 0.019608 0.015686 0.003922
vn -0.0747420 -0.2823267 0.9564022
v 0.0125887 0.0303282 0.0785753 0.019608 0.015686 0.011765
vn -0.0603885 -0.2847907 0.9566857
v 0.0074234 0.0316685 0.0785996 0.019608 0.015686 0.007843
vn -0.0671484 0.3462200 0.9357472
v 0.0047483 -0.0336205 0.0780415 0.039216 0.031373 0.019608
vn -0.3140321 -0.3024088 0.8999627
v 0.0257467 0.0233524 0.0785415 0.011765 0.007843 0.003922
vn -0.1728099 0.1301753 0.9763151
v 0.0317548 -0.0107511 0.0789180 0.015686 0.011765 0.003922
vn 0.1904063 0.0264165 0.9813499
v -0.0341533 -0.0056257 0.0780499 0.047059 0.047059 0.023529
vn -0.2505930 -0.3525636 0.9016109
v 0.0231145 0.0256646 0.0785623 0.011765 0.007843 0.003922
vn -0.4461875 -0.1390524 0.8840708
v 0.0340513 0.0087753 0.0785885 0.015686 0.011765 0.007843
vn -0.4318033 -0.1894312 0.8818513
v 0.0329182 0.0116826 0.0786177 0.015686 0.007843 0.003922
vn -0.1386884 0.2689374 0.9531202
v 0.0008948 -0.0100783 0.0781556 0.058824 0.047059 0.035294
vn -0.4526878 -0.0680894 0.8890656
v 0.0345811 0.0063494 0.0785917 0.015686 0.011765 0.007843
vn -0.1905201 0.1104360 0.9754517
v -0.0102052 -0.0096867 0.0779515 0.039216 0.035294 0.023529
vn -0.1029188 0.0455175 0.9936478
v -0.0060166 -0.0121486 0.0782287 0.070588 0.058824 0.047059
vn 0.0825491 -0.2087618 0.9744763
v -0.0084892 -0.0124638 0.0779510 0.054902 0.050980 0.039216
vn -0.0442511 -0.1533394 0.9871823
v -0.0071503 -0.0132501 0.0779593 0.039216 0.031373 0.023529
vn 0.3624316 -0.3814285 0.8503857
v -0.0107668 -0.0133130 0.0779126 0.043137 0.035294 0.027451
vn 0.2086590 -0.4408415 0.8729950
v -0.0099948 -0.0128626 0.0779421 0.035294 0.035294 0.027451
vn -0.0009342 -0.2306502 0.9730363
v -0.0018729 -0.0136765 0.0779450 0.039216 0.031373 0.023529
vn -0.0054481 0.0304297 0.9995221
v -0.0058716 -0.0176453 0.0778563 0.039216 0.035294 0.023529
vn -0.0018278 0.0496949 0.9987628
v 0.0001960 -0.0176677 0.0778310 0.043137 0.035294 0.023529
vn 0.0505661 -0.3475705 0.9362894
v 0.0010145 -0.0132245 0.0779504 0.039216 0.039216 0.027451
vn -0.0112463 -0.0172315 0.9997883
v 0.0080238 -0.0148373 0.0779575 0.050980 0.043137 0.027451
vn 0.0929664 0.0238301 0.9953841
v -0.0111905 -0.0181616 0.0777969 0.039216 0.035294 0.027451
vn -0.0257984 0.0624782 0.9977129
v 0.0063109 -0.0170108 0.0779460 0.043137 0.035294 0.027451
vn -0.0477654 0.1661752 0.9849387
v 0.0144653 -0.0158442 0.0780698 0.047059 0.039216 0.027451
vn -0.0112193 -0.0472326 0.9988210
v 0.0142589 -0.0128843 0.0780903 0.043137 0.035294 0.023529
vn -0.0032973 -0.0356727 0.9993581
v 0.0217946 -0.0127057 0.0781235 0.035294 0.027451 0.019608
vn -0.0323704 0.1493229 0.9882585
v 0.0207227 -0.0151460 0.0781492 0.039216 0.035294 0.019608
vn -0.0507168 0.1616818 0.9855388
v 0.0244599 -0.0144345 0.0781222 0.035294 0.027451 0.019608
vn -0.0357982 -0.2112597 0.9767742
v 0.0257249 -0.0115527 0.0782155 0.035294 0.031373 0.023529
vn -0.0902669 0.0210817 0.9956945
v 0.0268818 -0.0130849 0.0782293 0.027451 0.019608 0.011765
vn 0.0018118 -0.2489236 0.9685214
v 0.0098348 -0.0115615 0.0780903 0.047059 0.039216 0.027451
vn 0.0626252 -0.2614742 0.9631767
v 0.0046162 -0.0123274 0.0780630 0.043137 0.035294 0.023529
vn -0.0099870 -0.2169555 0.9761304
v 0.0138732 -0.0114925 0.0782113 0.039216 0.031373 0.019608
vn -0.1373548 -0.0942525 0.9860275
v 0.0283909 -0.0117260 0.0783929 0.023529 0.015686 0.011765
vn -0.0920382 0.3458522 0.9337641
v 0.0037217 -0.0183147 0.0779700 0.043137 0.035294 0.023529
vn -0.0586188 0.4086477 0.9108078
v 0.0019097 -0.0188250 0.0779723 0.058824 0.050980 0.035294
vn -0.0380417 0.3092659 0.9502144
v -0.0067394 -0.0190117 0.0779634 0.047059 0.039216 0.027451
vn 0.1500688 0.4898146 0.8588138
v -0.0111342 -0.0195713 0.0779520 0.050980 0.039216 0.031373
vn -0.1080867 0.1397267 0.9842732
v 0.0277960 -0.0147109 0.0784509 0.019608 0.011765 0.007843
vn 0.5620626 0.2266540 0.7954330
v -0.0119315 -0.0189545 0.0779470 0.047059 0.039216 0.027451
vn -0.0816717 0.3795860 0.9215445
v 0.0059367 -0.0178953 0.0780430 0.043137 0.035294 0.023529
vn -0.0696867 0.3534295 0.9328619
v 0.0090996 -0.0174667 0.0780669 0.039216 0.035294 0.023529
vn -0.0706759 0.2811871 0.9570469
v 0.0127619 -0.0164881 0.0781050 0.043137 0.035294 0.023529
vn -0.1255496 -0.3775500 0.9174384
v -0.0054030 -0.0128815 0.0782014 0.047059 0.039216 0.027451
vn 0.0336124 -0.5964190 0.8019692
v -0.0012854 -0.0130104 0.0782869 0.039216 0.031373 0.023529
vn -0.2253389 0.0771959 0.9712174
v 0.0299968 -0.0134450 0.0787743 0.011765 0.007843 0.003922
vn 0.5783575 -0.2445813 0.7782562
v -0.0113384 -0.0139615 0.0779861 0.054902 0.043137 0.027451
vn 0.5978673 -0.0634912 0.7990768
v -0.0118883 -0.0173579 0.0779869 0.047059 0.043137 0.035294
vn 0.0507551 -0.3574638 0.9325468
v 0.0064139 -0.0116219 0.0781606 0.043137 0.039216 0.023529
vn 0.2675296 -0.2033430 0.9418490
v -0.0269160 0.0196933 0.0780220 0.054902 0.047059 0.031373
vn 0.3195271 -0.1967362 0.9269290
v -0.0284822 0.0174796 0.0779722 0.058824 0.047059 0.031373
vn 0.2511333 -0.1307893 0.9590757
v -0.0311257 0.0128144 0.0780466 0.082353 0.070588 0.050980
vn 0.0469481 0.2056771 0.9774932
v -0.0108324 -0.0326604 0.0779750 0.047059 0.039216 0.027451
vn -0.1301692 -0.3820206 0.9149406
v 0.0043154 0.0238809 0.0778694 0.035294 0.027451 0.015686
vn 0.0221466 -0.3151064 0.9487979
v -0.0048697 0.0323705 0.0786325 0.023529 0.019608 0.011765
vn 0.0439475 -0.3914890 0.9191328
v -0.0101039 0.0319505 0.0786425 0.027451 0.019608 0.011765
vn -0.1381963 -0.0233136 0.9901304
v 0.0300001 -0.0116120 0.0787486 0.019608 0.015686 0.011765
vn -0.0168665 -0.1562941 0.9875665
v 0.0291648 -0.0107116 0.0787114 0.035294 0.027451 0.019608
vn 0.0500997 0.2341278 0.9709142
v 0.0297767 -0.0096534 0.0786856 0.027451 0.023529 0.015686
vn -0.3930192 -0.2785710 0.8763185
v 0.0282907 0.0203918 0.0786089 0.011765 0.011765 0.003922
vn -0.2647700 0.1285193 0.9557090
v 0.0301033 -0.0153977 0.0789868 0.019608 0.015686 0.011765
vn -0.3314187 -0.4836048 0.8101161
v 0.0080827 0.0222532 0.0779558 0.031373 0.027451 0.019608
vn -0.4085309 -0.2251477 0.8845400
v 0.0300688 0.0173455 0.0785500 0.011765 0.003922 0.003922
vn -0.4292442 -0.2057045 0.8794516
v 0.0312655 0.0149710 0.0785902 0.015686 0.011765 0.007843
vn 0.2195709 0.0092925 0.9755523
v -0.0346507 -0.0000566 0.0780918 0.062745 0.050980 0.035294
vn -0.2122867 0.1067177 0.9713628
v 0.0292334 -0.0171946 0.0790824 0.015686 0.011765 0.007843
vn -0.1212984 0.0112005 0.9925529
v 0.0275792 -0.0165204 0.0788021 0.023529 0.015686 0.007843
vn -0.3697320 0.0264307 0.9287625
v 0.0281800 -0.0192062 0.0788617 0.019608 0.015686 0.007843
vn 0.0251842 0.4069368 0.9131091
v 0.0266599 -0.0150194 0.0785497 0.031373 0.027451 0.015686
vn 0.1078149 0.3582874 0.9273652
v -0.0018408 0.0277931 0.0783712 0.019608 0.015686 0.011765
vn 0.2119913 0.0855886 0.9735165
v -0.0316945 -0.0143541 0.0780167 0.050980 0.043137 0.027451
vn -0.1628116 0.5201972 0.8383838
v -0.0005359 -0.0113436 0.0783637 0.090196 0.078431 0.058824
vn -0.3906866 0.0309816 0.9200023
v 0.0274937 -0.0201919 0.0785206 0.023529 0.019608 0.011765
vn 0.1914937 0.1633413 0.9678067
v -0.0268961 -0.0228782 0.0780220 0.039216 0.031373 0.019608
vn 0.2866074 0.2406078 0.9273425
v -0.0252259 -0.0252947 0.0781363 0.047059 0.031373 0.019608
vn -0.4028910 0.1550905 0.9020122
v 0.0300210 -0.0186053 0.0794951 0.015686 0.015686 0.007843
vn -0.0733310 0.4944320 0.8661175
v 0.0201924 -0.0161319 0.0783961 0.054902 0.047059 0.031373
vn -0.2725929 0.0580578 0.9603762
v 0.0114436 0.0172904 0.0782077 0.023529 0.019608 0.011765
vn -0.0962929 0.4977791 0.8619418
v 0.0239147 -0.0154265 0.0784333 0.039216 0.031373 0.019608
vn -0.5201222 -0.1622747 0.8385344
v 0.0113967 0.0186723 0.0781202 0.023529 0.019608 0.007843
vn 0.1336719 -0.4651139 0.8751005
v -0.0135932 0.0313534 0.0785726 0.027451 0.027451 0.011765
vn 0.1244076 0.0280942 0.9918334
v 0.0282215 -0.0099949 0.0790664 0.039216 0.031373 0.023529
vn -0.0273112 -0.5274355 0.8491560
v 0.0257493 -0.0165687 0.0784183 0.027451 0.023529 0.011765
vn -0.1478715 0.2643146 0.9530330
v 0.0182543 -0.0299476 0.0781049 0.043137 0.031373 0.023529
vn 0.1283484 0.2740182 0.9531216
v -0.0149717 -0.0315364 0.0780584 0.047059 0.039216 0.027451
vn -0.3697878 0.1724986 0.9129630
v 0.0317966 -0.0144216 0.0794489 0.015686 0.015686 0.007843
vn -0.4030841 0.1856577 0.8961331
v 0.0338616 -0.0101458 0.0793602 0.015686 0.011765 0.003922
vn -0.0642248 0.4552684 0.8880349
v 0.0061882 -0.0086895 0.0783246 0.050980 0.039216 0.027451
vn 0.1479860 0.3002730 0.9423037
v -0.0183818 -0.0297778 0.0781226 0.043137 0.039216 0.027451
vn 0.1626529 0.3016697 0.9394358
v -0.0203964 -0.0285152 0.0780177 0.043137 0.035294 0.019608
vn -0.4947593 -0.0350219 0.8683241
v 0.0350455 0.0035802 0.0787365 0.019608 0.015686 0.007843
vn -0.4801237 0.0145989 0.8770793
v 0.0351857 -0.0001593 0.0787605 0.023529 0.019608 0.011765
vn 0.0064153 -0.4962993 0.8681278
v 0.0237121 -0.0108509 0.0784505 0.043137 0.035294 0.023529
vn 0.0207290 -0.5924340 0.8053522
v 0.0102748 -0.0108623 0.0784274 0.047059 0.039216 0.027451
vn -0.4703066 0.0714309 0.8796076
v 0.0347432 -0.0031934 0.0786912 0.019608 0.015686 0.007843
vn -0.4737323 0.1825063 0.8615505
v 0.0344611 -0.0076247 0.0792041 0.015686 0.011765 0.003922
vn -0.1071379 -0.3128587 0.9437377
v 0.0023241 0.0244551 0.0778448 0.039216 0.031373 0.019608
vn -0.1042570 -0.4689611 0.8770438
v 0.0000201 0.0251438 0.0778559 0.047059 0.039216 0.031373
vn 0.0017430 -0.4349111 0.9004717
v -0.0000971 0.0340384 0.0792142 0.023529 0.019608 0.011765
vn 0.0078490 0.5241532 0.8515879
v 0.0142428 -0.0087431 0.0784006 0.047059 0.039216 0.023529
vn 0.0082824 0.6091845 0.7929853
v 0.0228641 -0.0089923 0.0784837 0.039216 0.027451 0.019608
vn 0.0319678 0.6433079 0.7649398
v 0.0266841 -0.0091222 0.0785601 0.043137 0.031373 0.023529
vn -0.0726241 0.5313494 0.8440341
v 0.0155840 -0.0167504 0.0785193 0.054902 0.047059 0.035294
vn -0.0581202 -0.4464778 0.8929052
v 0.0051890 0.0338688 0.0793376 0.019608 0.015686 0.007843
vn -0.5202162 0.1842615 0.8339202
v 0.0288095 -0.0213102 0.0793932 0.027451 0.023529 0.015686
vn -0.2433669 0.4963753 0.8332972
v 0.0018968 -0.0104126 0.0784870 0.066667 0.054902 0.039216
vn -0.1428769 0.5642304 0.8131607
v 0.0043847 -0.0093017 0.0784868 0.054902 0.047059 0.031373
vn -0.1262799 -0.4278443 0.8949875
v 0.0125192 0.0320627 0.0792776 0.015686 0.011765 0.003922
vn -0.1185498 -0.5387173 0.8341041
v 0.0093844 0.0344341 0.0800229 0.019608 0.011765 0.011765
vn 0.0111999 0.1113002 0.9937238
v 0.0261651 -0.0097647 0.0792873 0.098039 0.078431 0.054902
vn -0.1981491 -0.4589921 0.8660619
v 0.0162435 0.0306948 0.0791849 0.015686 0.007843 0.003922
vn 0.0381813 -0.6087843 0.7924165
v 0.0042693 -0.0210591 0.0780107 0.050980 0.043137 0.027451
vn 0.3225481 -0.3920982 0.8615230
v -0.0228441 0.0263895 0.0786298 0.043137 0.031373 0.019608
vn 0.5083046 -0.4857400 0.7111140
v 0.0002210 -0.0003423 0.0783282 0.035294 0.031373 0.023529
vn 0.5330483 -0.5277358 0.6613278
v 0.0015470 0.0008225 0.0782937 0.039216 0.035294 0.027451
vn -0.5097544 0.2499048 0.8232242
v 0.0271774 -0.0233056 0.0787375 0.027451 0.019608 0.011765
vn -0.1411361 -0.0846397 0.9863654
v -0.0049703 -0.0125191 0.0784796 0.058824 0.050980 0.035294
vn 0.3420106 0.2062382 0.9167849
v -0.0288847 -0.0200112 0.0780478 0.039216 0.031373 0.019608
vn 0.1338410 -0.5193996 0.8439850
v 0.0234879 -0.0168729 0.0785101 0.039216 0.031373 0.019608
vn 0.1944402 -0.5707555 0.7977664
v 0.0216228 -0.0177992 0.0783922 0.027451 0.023529 0.015686
vn 0.0481346 -0.4793841 0.8762842
v -0.0059349 0.0338945 0.0793748 0.023529 0.023529 0.015686
vn 0.3096434 -0.4760101 0.8231254
v -0.0200661 0.0284216 0.0786180 0.035294 0.027451 0.015686
vn -0.1316885 0.5264550 0.8399425
v 0.0115350 -0.0174772 0.0784211 0.050980 0.043137 0.031373
vn 0.3354782 -0.3158775 0.8875110
v -0.0248011 0.0242596 0.0786467 0.035294 0.027451 0.015686
vn 0.4678388 -0.4123079 0.7817475
v -0.0080420 -0.0108629 0.0784581 0.043137 0.035294 0.027451
vn -0.3250773 -0.1955014 0.9252589
v -0.0088365 0.0268055 0.0787020 0.047059 0.035294 0.027451
vn -0.0691092 0.2455093 0.9669277
v -0.0078001 0.0272108 0.0788088 0.035294 0.027451 0.015686
vn 0.0110751 0.2848111 0.9585198
v -0.0026291 0.0270846 0.0788596 0.054902 0.047059 0.035294
vn -0.0432781 -0.5260127 0.8493749
v -0.0070172 0.0264164 0.0787730 0.180392 0.149020 0.117647
vn -0.0602356 -0.5070789 0.8597923
v -0.0032041 0.0263272 0.0787971 0.121569 0.101961 0.082353
vn 0.0616195 0.1708057 0.9833761
v 0.0004407 0.0261788 0.0790235 0.066667 0.058824 0.043137
vn -0.1693330 -0.6186916 0.7671682
v 0.0004422 0.0256990 0.0788286 0.058824 0.050980 0.043137
vn 0.0037750 -0.0227473 0.9997342
v 0.0019451 0.0256196 0.0790666 0.066667 0.058824 0.043137
vn 0.1136490 -0.6293520 0.7687652
v 0.0060079 -0.0111334 0.0784638 0.047059 0.039216 0.027451
vn 0.1997766 -0.5057622 0.8392222
v 0.0035512 -0.0119017 0.0784296 0.047059 0.039216 0.031373
vn 0.0876406 -0.5495969 0.8308203
v 0.0014243 -0.0120606 0.0788614 0.050980 0.047059 0.031373
vn -0.0079257 -0.3202284 0.9473072
v 0.0000728 -0.0121470 0.0790189 0.058824 0.047059 0.035294
vn -0.1425677 0.2138195 0.9664139
v 0.0008402 -0.0115731 0.0790519 0.070588 0.054902 0.039216
vn -0.1459176 0.3008135 0.9424539
v -0.0020438 -0.0121705 0.0787641 0.070588 0.058824 0.039216
vn -0.0604308 -0.4871221 0.8712406
v -0.0025806 -0.0126472 0.0786613 0.050980 0.043137 0.031373
vn -0.1287146 0.0194875 0.9914902
v 0.0020863 -0.0112754 0.0793368 0.086275 0.074510 0.058824
vn 0.0608344 0.6861368 0.7249245
v 0.0267682 -0.0094625 0.0789986 0.074510 0.062745 0.043137
vn 0.2640423 -0.5197549 0.8124879
v -0.0178795 0.0297937 0.0787077 0.031373 0.027451 0.019608
vn 0.0137768 0.2099805 0.9776086
v 0.0260586 -0.0157142 0.0790264 0.043137 0.035294 0.023529
vn -0.0142768 -0.4541982 0.8907863
v 0.0256608 -0.0160316 0.0789213 0.035294 0.027451 0.019608
vn -0.0832887 0.5138929 0.8538016
v 0.0235146 -0.0159708 0.0788492 0.062745 0.054902 0.039216
vn 0.0550156 0.1419140 0.9883490
v 0.0222140 -0.0165049 0.0790169 0.058824 0.050980 0.039216
vn 0.1385361 -0.2158623 0.9665461
v 0.0211785 -0.0170095 0.0791296 0.062745 0.054902 0.039216
vn 0.0435425 -0.0497787 0.9978107
v 0.0188152 -0.0174096 0.0792355 0.082353 0.070588 0.050980
vn 0.1500486 -0.5752683 0.8040845
v 0.0196191 -0.0180137 0.0788488 0.039216 0.035294 0.023529
vn -0.0468019 0.4356712 0.8988883
v 0.0167353 -0.0173597 0.0791545 0.070588 0.058824 0.047059
vn 0.0640774 -0.1788378 0.9817898
v 0.0164972 -0.0179714 0.0792558 0.098039 0.086275 0.062745
vn -0.0689116 0.3604851 0.9302160
v 0.0146414 -0.0177434 0.0792549 0.086275 0.078431 0.058824
vn -0.0822374 0.3424116 0.9359441
v 0.0107899 -0.0187602 0.0792435 0.109804 0.094118 0.070588
vn -0.0437876 -0.0907610 0.9949096
v 0.0100309 -0.0192042 0.0792734 0.098039 0.078431 0.062745
vn 0.0690688 -0.4223986 0.9037749
v 0.0118866 -0.0192743 0.0792318 0.082353 0.070588 0.050980
vn -0.0860562 0.5348915 0.8405269
v 0.0093165 -0.0185084 0.0788714 0.062745 0.054902 0.039216
vn -0.2720254 -0.5710261 0.7745523
v -0.0095077 0.0263333 0.0778956 0.047059 0.035294 0.035294
vn -0.1504295 -0.5972399 0.7878296
v -0.0085441 0.0260403 0.0780264 0.113725 0.098039 0.074510
vn 0.3928765 -0.2760535 0.8771787
v -0.0285167 0.0197413 0.0787093 0.058824 0.050980 0.035294
vn 0.3795109 -0.2838474 0.8805692
v -0.0268443 0.0219125 0.0786720 0.050980 0.047059 0.023529
vn -0.0620745 0.2775425 0.9587059
v 0.0057412 -0.0193924 0.0791945 0.086275 0.074510 0.054902
vn 0.0262202 -0.4870421 0.8729849
v 0.0084575 -0.0197588 0.0790994 0.062745 0.050980 0.035294
vn -0.0554221 0.0390561 0.9976989
v 0.0035631 -0.0199246 0.0791657 0.109804 0.094118 0.070588
vn 0.5958354 -0.3140912 0.7391393
v 0.0135524 0.0163329 0.0783834 0.054902 0.047059 0.035294
vn 0.5932824 -0.3789633 0.7102132
v 0.0124024 0.0142506 0.0784041 0.031373 0.023529 0.019608
vn -0.5014917 0.2456276 0.8295621
v 0.0325347 -0.0155871 0.0801158 0.015686 0.015686 0.007843
vn 0.3318031 0.5057077 0.7963457
v 0.0114531 0.0218949 0.0784572 0.035294 0.027451 0.019608
vn -0.5625070 0.2725243 0.7805872
v 0.0311514 -0.0187870 0.0801554 0.019608 0.015686 0.011765
vn -0.1040323 0.4857239 0.8678996
v 0.0047703 -0.0348257 0.0787186 0.043137 0.035294 0.023529
vn -0.1182696 0.5350110 0.8365260
v 0.0083877 -0.0334409 0.0784412 0.035294 0.027451 0.015686
vn 0.3411579 -0.5407143 0.7689210
v -0.0090752 -0.0119737 0.0783790 0.066667 0.054902 0.043137
vn -0.1955544 -0.5508695 0.8113577
v 0.0137416 0.0332840 0.0801826 0.015686 0.011765 0.007843
vn 0.5880050 0.1674902 0.7913263
v 0.0147597 0.0196204 0.0783902 0.027451 0.023529 0.019608
vn 0.4044715 0.6357318 0.6574557
v 0.0138452 0.0204544 0.0784394 0.035294 0.031373 0.023529
vn -0.5187625 0.4191152 0.7451363
v 0.0258342 -0.0255686 0.0788234 0.035294 0.031373 0.023529
vn 0.1347236 -0.5905971 0.7956410
v 0.0168378 -0.0185407 0.0788812 0.047059 0.039216 0.023529
vn -0.0235576 0.6059554 0.7951497
v -0.0047680 -0.0195398 0.0784329 0.047059 0.039216 0.027451
vn -0.0031430 0.3354667 0.9420469
v 0.0002497 -0.0200376 0.0789314 0.098039 0.086275 0.062745
vn 0.0238658 -0.5326602 0.8459927
v 0.0017717 -0.0205534 0.0788644 0.066667 0.050980 0.039216
vn 0.0350191 -0.4190654 0.9072805
v -0.0002714 -0.0207086 0.0789586 0.066667 0.054902 0.039216
vn -0.0028887 -0.0654531 0.9978515
v -0.0068364 -0.0207054 0.0790477 0.098039 0.086275 0.062745
vn -0.0330132 0.5041907 0.8629612
v -0.0072599 -0.0203080 0.0789004 0.094118 0.078431 0.058824
vn -0.0005833 -0.1651716 0.9862647
v -0.0120522 -0.0206697 0.0789688 0.062745 0.050980 0.035294
vn -0.0107188 -0.6444037 0.7646104
v -0.0080713 -0.0211189 0.0788544 0.058824 0.050980 0.035294
vn 0.1499132 0.5119153 0.8458540
v -0.0113811 -0.0202738 0.0787857 0.070588 0.062745 0.047059
vn 0.4595663 0.1747553 0.8707809
v -0.0124375 -0.0192473 0.0788806 0.070588 0.058824 0.047059
vn -0.1954979 -0.0241844 0.9804059
v -0.0130803 -0.0193364 0.0790117 0.101961 0.078431 0.058824
vn 0.5975658 -0.0829109 0.7975217
v -0.0123809 -0.0169548 0.0788577 0.137255 0.113725 0.086275
vn -0.6148713 -0.2629922 0.7434840
v -0.0134038 -0.0200960 0.0787899 0.047059 0.039216 0.031373
vn -0.3181561 -0.5652495 0.7610977
v -0.0126991 -0.0209325 0.0788143 0.039216 0.031373 0.027451
vn -0.2507814 0.0016833 0.9680423
v -0.0130065 -0.0161500 0.0790796 0.101961 0.086275 0.062745
vn 0.0511286 -0.0317312 0.9981879
v -0.0123953 -0.0146193 0.0791879 0.105882 0.090196 0.066667
vn -0.5974454 -0.0009689 0.8019090
v -0.0134731 -0.0170017 0.0788191 0.062745 0.050980 0.035294
vn -0.5090103 0.1185373 0.8525594
v -0.0131532 -0.0150498 0.0788177 0.078431 0.066667 0.050980
vn 0.4134043 -0.2724421 0.8688338
v -0.0121105 -0.0133410 0.0792492 0.082353 0.070588 0.050980
vn 0.4607686 -0.2492102 0.8518137
v -0.0312534 0.0149251 0.0787239 0.066667 0.054902 0.035294
vn 0.0539759 -0.6379898 0.7681509
v 0.0096932 -0.0202235 0.0786319 0.043137 0.039216 0.027451
vn 0.1305668 -0.6081458 0.7830141
v 0.0134192 -0.0198139 0.0784436 0.035294 0.027451 0.019608
vn 0.2083878 0.5790485 0.7882115
v 0.0029021 0.0256769 0.0788409 0.070588 0.058824 0.047059
vn -0.0671832 -0.1641292 0.9841484
v 0.0033796 0.0250315 0.0790180 0.066667 0.054902 0.043137
vn 0.1508146 0.4441779 0.8831540
v 0.0049875 0.0248227 0.0789269 0.062745 0.050980 0.039216
vn -0.0804219 -0.3463166 0.9346642
v 0.0053679 0.0242759 0.0790092 0.066667 0.058824 0.043137
vn 0.2413880 0.3477013 0.9059999
v 0.0063659 0.0244021 0.0788419 0.027451 0.019608 0.011765
vn -0.2225751 -0.4917650 0.8418002
v 0.0067327 0.0235971 0.0787722 0.062745 0.054902 0.039216
vn 0.1382351 0.2257265 0.9643332
v 0.0078021 0.0234498 0.0788590 0.070588 0.058824 0.043137
vn -0.3657618 -0.5211530 0.7711147
v 0.0083778 0.0227424 0.0787803 0.054902 0.047059 0.039216
vn -0.1533233 -0.1444816 0.9775566
v 0.0092276 0.0223930 0.0789323 0.066667 0.054902 0.043137
vn 0.2705272 0.4928337 0.8270007
v 0.0100195 0.0223144 0.0788177 0.066667 0.058824 0.043137
vn -0.3316683 -0.1720988 0.9275657
v 0.0116719 0.0202080 0.0792213 0.039216 0.035294 0.027451
vn 0.0382052 0.3028176 0.9522825
v 0.0118703 0.0205182 0.0792415 0.043137 0.035294 0.027451
vn 0.1908134 0.4560927 0.8692352
v 0.0133371 0.0200649 0.0793823 0.039216 0.035294 0.027451
vn -0.2562365 -0.0660992 0.9643515
v 0.0124727 0.0184143 0.0792928 0.058824 0.050980 0.039216
vn 0.4982258 0.1799109 0.8481764
v 0.0141412 0.0193776 0.0794872 0.043137 0.035294 0.027451
vn 0.3922551 -0.2183587 0.8935633
v 0.0131425 0.0169500 0.0793727 0.098039 0.082353 0.062745
vn -0.0467888 0.0475709 0.9977715
v 0.0119462 0.0166179 0.0793325 0.094118 0.078431 0.058824
vn -0.1695773 0.1688926 0.9709371
v 0.0106009 0.0145539 0.0793770 0.086275 0.070588 0.054902
vn 0.0190137 0.0133385 0.9997303
v 0.0105137 0.0135376 0.0795476 0.133333 0.113725 0.086275
vn -0.2378385 0.2165800 0.9468506
v 0.0095841 0.0133143 0.0793652 0.078431 0.066667 0.047059
vn -0.2197234 0.2045847 0.9538693
v 0.0080161 0.0113337 0.0794422 0.137255 0.113725 0.086275
vn 0.0355138 -0.0103542 0.9993156
v 0.0080481 0.0104169 0.0796447 0.164706 0.141176 0.105882
vn -0.2307983 0.2395249 0.9430588
v 0.0065677 0.0098381 0.0794337 0.090196 0.074510 0.054902
vn 0.5096116 -0.3125966 0.8016105
v 0.0113512 0.0137569 0.0793644 0.105882 0.086275 0.062745
vn 0.5173955 -0.3891082 0.7621658
v 0.0101518 0.0119305 0.0793553 0.074510 0.062745 0.043137
vn 0.5606418 -0.3210804 0.7632746
v 0.0123999 0.0154558 0.0793011 0.109804 0.090196 0.066667
vn -0.0172374 0.0452910 0.9988251
v 0.0054324 0.0077115 0.0797071 0.156863 0.129412 0.098039
vn 0.5132661 -0.3991046 0.7597852
v 0.0061326 0.0072303 0.0794302 0.117647 0.098039 0.066667
vn 0.2062675 -0.1557181 0.9660257
v 0.0037712 0.0051294 0.0797191 0.141176 0.117647 0.090196
vn 0.0508401 -0.0789519 0.9955812
v 0.0004041 0.0017898 0.0797945 0.090196 0.070588 0.058824
vn 0.3473885 -0.4380949 0.8290923
v 0.0008392 0.0011111 0.0796965 0.070588 0.054902 0.047059
vn 0.4135724 -0.4601344 0.7856426
v 0.0002213 0.0004987 0.0795952 0.062745 0.050980 0.039216
vn 0.4632391 -0.4145952 0.7832754
v -0.0005311 -0.0003219 0.0795668 0.094118 0.078431 0.058824
vn 0.1415961 -0.1395589 0.9800377
v -0.0021625 -0.0013864 0.0796358 0.101961 0.086275 0.062745
vn 0.5047538 -0.4049396 0.7623960
v -0.0015463 -0.0017918 0.0794761 0.101961 0.086275 0.062745
vn -0.0231160 -0.0077287 0.9997029
v -0.0047362 -0.0047649 0.0795840 0.129412 0.105882 0.082353
vn -0.2592138 0.1887494 0.9471969
v -0.0053849 -0.0047832 0.0794101 0.082353 0.066667 0.050980
vn -0.2403252 0.1648531 0.9565915
v -0.0065499 -0.0061646 0.0793695 0.090196 0.078431 0.058824
vn -0.2219892 0.1459970 0.9640569
v -0.0079599 -0.0080239 0.0793340 0.086275 0.074510 0.054902
vn -0.0262804 -0.0193779 0.9994668
v -0.0079638 -0.0088038 0.0794505 0.121569 0.101961 0.078431
vn -0.1807580 0.0973292 0.9787000
v -0.0096516 -0.0102327 0.0792809 0.074510 0.062745 0.047059
vn 0.2727393 -0.4273013 0.8619900
v -0.0106188 -0.0117669 0.0792520 0.082353 0.066667 0.047059
vn 0.2999957 -0.3667077 0.8806407
v -0.0091177 -0.0109225 0.0792724 0.074510 0.062745 0.047059
vn 0.4330786 -0.3616457 0.8256243
v -0.0076726 -0.0093556 0.0792923 0.101961 0.086275 0.062745
vn 0.4470624 -0.3389068 0.8278149
v -0.0066330 -0.0079913 0.0793816 0.117647 0.098039 0.074510
vn 0.4774385 -0.3970203 0.7838542
v -0.0058178 -0.0068718 0.0793837 0.117647 0.098039 0.078431
vn 0.4943236 -0.4289519 0.7560717
v -0.0042872 -0.0051028 0.0794139 0.113725 0.094118 0.070588
vn 0.4716607 -0.3844402 0.7935628
v -0.0031970 -0.0037575 0.0794490 0.121569 0.098039 0.078431
vn 0.5136400 -0.4534855 0.7283714
v -0.0024760 -0.0029181 0.0794262 0.098039 0.078431 0.058824
vn -0.2618348 0.2355590 0.9359244
v 0.0027646 0.0055272 0.0795149 0.086275 0.070588 0.054902
vn -0.2635237 0.2409730 0.9340703
v 0.0039595 0.0070281 0.0794679 0.098039 0.082353 0.058824
vn -0.2669621 0.2599632 0.9279819
v 0.0051967 0.0083662 0.0794559 0.070588 0.058824 0.043137
vn 0.4945941 -0.4132731 0.7645796
v 0.0089674 0.0106521 0.0794277 0.101961 0.086275 0.062745
vn 0.5048924 -0.4288690 0.7491028
v 0.0078835 0.0093948 0.0794466 0.121569 0.101961 0.074510
vn 0.5386875 -0.4261683 0.7267712
v 0.0050359 0.0058997 0.0794700 0.117647 0.098039 0.070588
vn -0.3203431 0.2705603 0.9078422
v 0.0019266 0.0045040 0.0795228 0.082353 0.066667 0.050980
vn -0.2684892 0.2438828 0.9318985
v 0.0012661 0.0037581 0.0795277 0.082353 0.070588 0.050980
vn 0.5843638 -0.4613829 0.6675663
v 0.0037300 0.0040826 0.0794003 0.109804 0.090196 0.066667
vn 0.5639703 -0.4268627 0.7069128
v 0.0028915 0.0031591 0.0794724 0.094118 0.082353 0.058824
vn 0.5329731 -0.4446533 0.7198772
v 0.0021824 0.0022632 0.0795037 0.117647 0.094118 0.070588
vn 0.5295327 -0.5032200 0.6829090
v 0.0015262 0.0016071 0.0795692 0.149020 0.121569 0.082353
vn 0.6207420 -0.2902063 0.7283266
v 0.0139030 0.0182368 0.0793201 0.082353 0.066667 0.050980
vn 0.4741334 -0.5548835 0.6835948
v -0.0107810 -0.0124450 0.0789142 0.098039 0.078431 0.058824
vn -0.0112149 0.6094762 0.7927251
v 0.0089725 -0.0093639 0.0791409 0.062745 0.050980 0.039216
vn 0.6690716 -0.2847326 0.6864915
v -0.0118500 -0.0137724 0.0789423 0.117647 0.094118 0.074510
vn -0.2367924 -0.7239897 0.6478953
v 0.0028699 0.0248568 0.0787281 0.050980 0.047059 0.035294
vn 0.6703661 -0.2204035 0.7085419
v 0.0146336 0.0182300 0.0783720 0.031373 0.023529 0.019608
vn 0.6127318 -0.4457789 0.6525649
v -0.0054784 -0.0073868 0.0783016 0.050980 0.043137 0.031373
vn 0.0060252 0.7009684 0.7131669
v 0.0183585 -0.0091263 0.0786359 0.043137 0.035294 0.023529
vn 0.5874527 -0.5010073 0.6355243
v -0.0025971 -0.0038861 0.0783349 0.039216 0.035294 0.023529
vn 0.0632241 -0.3522172 0.9337804
v 0.0055971 -0.0104168 0.0793793 0.129412 0.105882 0.082353
vn -0.1499244 0.4024958 0.9030614
v 0.0040697 -0.0103364 0.0793327 0.109804 0.094118 0.070588
vn -0.0523733 0.4153695 0.9081439
v 0.0063634 -0.0098714 0.0793592 0.074510 0.058824 0.043137
vn -0.0025904 0.0136918 0.9999030
v 0.0117374 -0.0097568 0.0793384 0.129412 0.109804 0.082353
vn 0.0022457 0.6096872 0.7926390
v 0.0176649 -0.0096576 0.0793235 0.121569 0.105882 0.078431
vn 0.0173800 0.3235992 0.9460347
v 0.0229678 -0.0096625 0.0793509 0.078431 0.066667 0.050980
vn 0.0015514 -0.4810305 0.8767025
v 0.0197611 -0.0100705 0.0792745 0.133333 0.113725 0.086275
vn 0.0364911 -0.6198626 0.7838615
v 0.0108942 -0.0101212 0.0791725 0.133333 0.113725 0.082353
vn 0.6013879 -0.5001338 0.6230561
v -0.0034985 -0.0049117 0.0783940 0.043137 0.039216 0.027451
vn 0.6428031 -0.4604574 0.6121954
v -0.0064680 -0.0086073 0.0784999 0.047059 0.039216 0.027451
vn 0.6186131 -0.5447676 0.5661680
v -0.0041664 -0.0057242 0.0783790 0.043137 0.035294 0.019608
vn 0.6213610 -0.4836378 0.6164454
v 0.0035019 0.0029587 0.0782607 0.039216 0.035294 0.023529
vn -0.5606261 -0.4829324 0.6726624
v 0.0108609 0.0203407 0.0787766 0.027451 0.023529 0.019608
vn 0.3282446 0.6097392 0.7214387
v 0.0122796 0.0210350 0.0786538 0.050980 0.047059 0.035294
vn 0.5834923 -0.5186041 0.6249692
v 0.0092824 0.0101129 0.0783610 0.039216 0.035294 0.023529
vn 0.5885301 -0.5017790 0.6339165
v 0.0103328 0.0112847 0.0783634 0.031373 0.027451 0.019608
vn 0.6054274 -0.5089520 0.6119033
v 0.0079569 0.0086460 0.0783655 0.039216 0.031373 0.023529
vn 0.6432604 -0.5262068 0.5561677
v 0.0070143 0.0075146 0.0784128 0.043137 0.035294 0.027451
vn 0.6585893 -0.4437892 0.6077099
v 0.0113623 0.0128067 0.0784982 0.027451 0.023529 0.019608
vn 0.6412594 -0.4895655 0.5908571
v 0.0050334 0.0050644 0.0783799 0.047059 0.039216 0.027451
vn 0.6271662 -0.5045916 0.5933380
v 0.0042000 0.0039576 0.0783839 0.043137 0.039216 0.023529
vn -0.0779434 -0.7859521 0.6133549
v -0.0031638 0.0260497 0.0783446 0.082353 0.070588 0.054902
vn 0.6699538 -0.5006973 0.5481460
v -0.0007105 -0.0013354 0.0784952 0.043137 0.035294 0.023529
vn 0.7046105 -0.3610816 0.6108553
v -0.0014748 -0.0024502 0.0784315 0.043137 0.035294 0.023529
vn 0.5730448 -0.6186193 0.5375220
v 0.0024141 0.0016868 0.0782777 0.039216 0.035294 0.027451
vn 0.1488213 0.1807597 0.9722028
v 0.0283836 0.0319436 0.0898614 0.537255 0.537255 0.517647
vn -0.1012729 -0.1284246 0.9865348
v 0.0267687 0.0327135 0.0898531 0.560784 0.560784 0.545098
vn 0.0599222 0.0555534 0.9966560
v 0.0302843 0.0300551 0.0899046 0.509804 0.513725 0.494118
vn 0.1733897 0.2253740 0.9587193
v 0.0246999 0.0351629 0.0898177 0.533333 0.529412 0.509804
vn 0.0933790 0.1683067 0.9813018
v 0.0217475 0.0368320 0.0898948 0.549020 0.549020 0.529412
vn -0.0480657 -0.1036271 0.9934542
v 0.0228391 0.0356281 0.0899099 0.549020 0.545098 0.525490
vn -0.1070879 -0.2095383 0.9719187
v 0.0193050 0.0372008 0.0898212 0.549020 0.556863 0.537255
vn 0.0809143 0.1323661 0.9878928
v 0.0182379 0.0385735 0.0899308 0.568627 0.568627 0.549020
vn -0.0516854 -0.1258455 0.9907026
v 0.0155850 0.0393301 0.0899449 0.560784 0.564706 0.545098
vn 0.1092535 0.2477470 0.9626449
v 0.0158951 0.0399258 0.0898817 0.576471 0.576471 0.556863
vn 0.0677230 0.2021207 0.9770163
v 0.0118644 0.0413260 0.0899330 0.596078 0.596078 0.572549
vn -0.0406530 -0.1589517 0.9864491
v 0.0109367 0.0411445 0.0899331 0.603922 0.611765 0.592157
vn -0.0201796 -0.1767149 0.9840552
v 0.0062728 0.0420883 0.0899667 0.596078 0.600000 0.584314
vn 0.0386461 0.1953848 0.9799650
v 0.0062304 0.0426197 0.0899885 0.600000 0.600000 0.580392
vn 0.0034034 -0.2836131 0.9589328
v -0.0012949 0.0422198 0.0898776 0.627451 0.635294 0.619608
vn -0.0448591 0.2149650 0.9755910
v -0.0071954 0.0426721 0.0899600 0.674510 0.674510 0.658824
vn -0.0104863 0.0872420 0.9961320
v -0.0099191 0.0418576 0.0899776 0.717647 0.713725 0.698039
vn 0.0192620 0.3575289 0.9337034
v 0.0037867 0.0433068 0.0898886 0.615686 0.619608 0.600000
vn -0.0481886 0.4869061 0.8721240
v -0.0054149 0.0435193 0.0897408 0.635294 0.631373 0.615686
vn -0.3318918 -0.3128582 0.8899256
v 0.0297376 0.0288770 0.0894978 0.403922 0.407843 0.388235
vn -0.0597109 -0.4637013 0.8839772
v 0.0062651 0.0411179 0.0896326 0.509804 0.521569 0.501961
vn -0.2317078 -0.4226281 0.8761832
v 0.0201591 0.0356754 0.0894892 0.349020 0.349020 0.333333
vn -0.2557485 -0.4066607 0.8770518
v 0.0229844 0.0341490 0.0894746 0.372549 0.376471 0.364706
vn -0.0756638 -0.0546386 0.9956353
v 0.0328361 0.0268539 0.0898749 0.576471 0.572549 0.560784
vn -0.3685192 -0.2754455 0.8878757
v 0.0324475 0.0255536 0.0895191 0.396078 0.400000 0.388235
vn -0.0781940 -0.0466663 0.9958454
v 0.0354382 0.0233629 0.0899070 0.556863 0.560784 0.541176
vn -0.3934162 -0.2404952 0.8873476
v 0.0348359 0.0222425 0.0895451 0.325490 0.325490 0.309804
vn -0.0964175 -0.0512988 0.9940182
v 0.0371420 0.0203271 0.0899272 0.572549 0.572549 0.556863
vn -0.4237376 -0.2270809 0.8768584
v 0.0365309 0.0190121 0.0895142 0.372549 0.376471 0.356863
vn -0.4153200 -0.1942459 0.8886945
v 0.0377848 0.0167666 0.0895450 0.396078 0.396078 0.376471
vn -0.3037704 -0.3690754 0.8783547
v 0.0270047 0.0313646 0.0895080 0.458824 0.458824 0.443137
vn 0.0591086 -0.4695199 0.8809412
v -0.0071403 0.0411216 0.0896355 0.631373 0.639216 0.635294
vn 0.0647219 -0.2397340 0.9686788
v -0.0101931 0.0412287 0.0898695 0.784314 0.788235 0.772549
vn 0.0309662 -0.0862714 0.9957903
v -0.0142581 0.0403545 0.0899479 0.741176 0.745098 0.733333
vn -0.1182998 0.3408279 0.9326530
v -0.0131486 0.0414764 0.0898861 0.729412 0.725490 0.705882
vn -0.1427459 0.3077939 0.9406841
v -0.0166916 0.0400355 0.0898673 0.623529 0.623529 0.603922
vn 0.0364215 -0.0745671 0.9965507
v -0.0183386 0.0387007 0.0899446 0.627451 0.631373 0.611765
vn -0.1406485 0.2513705 0.9576173
v -0.0194899 0.0384778 0.0899125 0.600000 0.600000 0.576471
vn 0.0769026 -0.1244705 0.9892387
v -0.0226541 0.0358780 0.0898949 0.556863 0.552941 0.533333
vn -0.1639235 0.2435732 0.9559295
v -0.0235327 0.0362219 0.0898538 0.513725 0.517647 0.498039
vn 0.0776279 -0.0847449 0.9933742
v -0.0260414 0.0335761 0.0899133 0.533333 0.525490 0.505882
vn -0.0840640 0.0810877 0.9931556
v -0.0315989 0.0289909 0.0899505 0.537255 0.533333 0.509804
vn 0.1714677 -0.1540700 0.9730680
v -0.0313380 0.0282106 0.0898687 0.572549 0.564706 0.537255
vn 0.1413607 -0.0989939 0.9849961
v -0.0346538 0.0241707 0.0898880 0.674510 0.678431 0.631373
vn -0.2344691 0.1602299 0.9588278
v -0.0355591 0.0245411 0.0898810 0.611765 0.607843 0.568627
vn -0.0555735 0.0186202 0.9982809
v -0.0374087 0.0205724 0.0899428 0.694118 0.690196 0.666667
vn 0.2627044 -0.1492821 0.9532583
v -0.0362339 0.0211693 0.0898200 0.756863 0.756863 0.721569
vn 0.0724222 -0.0372614 0.9966778
v -0.0384610 0.0179426 0.0899128 0.733333 0.725490 0.686275
vn 0.0983928 -0.2647043 0.9592969
v -0.0169587 0.0389324 0.0898828 0.674510 0.674510 0.658824
vn -0.2702042 0.2952850 0.9164041
v -0.0302832 0.0309976 0.0897900 0.541176 0.541176 0.509804
vn -0.3618191 0.1837807 0.9139539
v -0.0379081 0.0209432 0.0897844 0.631373 0.631373 0.607843
vn -0.2901714 0.1231942 0.9490120
v -0.0402281 0.0158724 0.0898369 0.666667 0.658824 0.619608
vn 0.1308055 -0.0427703 0.9904851
v -0.0397414 0.0146443 0.0899129 0.705882 0.705882 0.670588
vn -0.2128532 0.0805106 0.9737616
v -0.0410531 0.0129674 0.0899201 0.682353 0.670588 0.635294
vn 0.1152614 -0.0390795 0.9925662
v -0.0411536 0.0109782 0.0899128 0.717647 0.705882 0.674510
vn -0.3169194 0.1044299 0.9426858
v -0.0421019 0.0107131 0.0898412 0.670588 0.662745 0.627451
vn -0.1191919 0.0327701 0.9923304
v -0.0423225 0.0082409 0.0899881 0.678431 0.670588 0.643137
vn 0.2630720 -0.0378248 0.9640345
v -0.0413174 0.0074389 0.0897063 0.815686 0.811765 0.776471
vn 0.2511482 -0.0317126 0.9674290
v -0.0421743 0.0056321 0.0899100 0.780392 0.772549 0.741176
vn 0.0077654 0.0003240 0.9999698
v -0.0427921 0.0033401 0.0899713 0.705882 0.705882 0.678431
vn 0.3589767 0.0060312 0.9333270
v -0.0419338 -0.0008115 0.0896546 0.780392 0.776471 0.749020
vn -0.4783240 0.0501639 0.8767496
v -0.0434362 0.0055117 0.0897770 0.694118 0.686275 0.658824
vn -0.2779394 0.0088866 0.9605575
v -0.0433787 0.0003297 0.0899447 0.752941 0.749020 0.721569
vn 0.0123385 0.0069951 0.9998994
v -0.0427288 -0.0048690 0.0899988 0.705882 0.701961 0.678431
vn -0.4331230 -0.0492322 0.8999893
v -0.0432475 -0.0052384 0.0898869 0.694118 0.694118 0.670588
vn -0.3422651 -0.0694953 0.9370299
v -0.0424931 -0.0086527 0.0899287 0.635294 0.635294 0.611765
vn 0.0774118 0.0194498 0.9968095
v -0.0420109 -0.0089355 0.0899916 0.650980 0.647059 0.623529
vn -0.1046014 -0.0446178 0.9935129
v -0.0416137 -0.0113290 0.0900156 0.631373 0.631373 0.607843
vn -0.3168368 0.2565773 0.9131169
v -0.0328752 0.0282071 0.0898203 0.552941 0.549020 0.517647
vn 0.3735400 0.0371784 0.9268687
v -0.0414572 -0.0061992 0.0896627 0.749020 0.745098 0.721569
vn 0.1435495 -0.4565259 0.8780533
v -0.0128236 0.0397073 0.0895884 0.662745 0.662745 0.650980
vn 0.2959215 -0.1312715 0.9461492
v -0.0377998 0.0168458 0.0895605 0.796078 0.792157 0.752941
vn 0.3061512 -0.1174595 0.9447088
v -0.0393826 0.0133558 0.0896334 0.792157 0.788235 0.745098
vn 0.3215939 -0.0807513 0.9434282
v -0.0404524 0.0099721 0.0895876 0.796078 0.784314 0.749020
vn 0.2508185 -0.3296673 0.9101701
v -0.0250793 0.0330548 0.0895522 0.537255 0.537255 0.517647
vn 0.2786923 -0.4339333 0.8567569
v -0.0223196 0.0350312 0.0895730 0.560784 0.560784 0.549020
vn 0.2481810 -0.4325354 0.8667868
v -0.0193287 0.0367507 0.0895454 0.529412 0.529412 0.513725
vn 0.2120214 -0.4605305 0.8619505
v -0.0171456 0.0379643 0.0895634 0.603922 0.611765 0.603922
vn 0.4533004 -0.0206119 0.8911194
v -0.0416883 0.0030042 0.0896020 0.780392 0.784314 0.749020
vn -0.2114842 -0.4376373 0.8739268
v 0.0169715 0.0375424 0.0895134 0.325490 0.321569 0.309804
vn -0.1638956 -0.4451137 0.8803477
v 0.0123492 0.0395078 0.0895427 0.466667 0.466667 0.454902
vn -0.1036942 -0.4694780 0.8768341
v 0.0091438 0.0404819 0.0895654 0.407843 0.407843 0.392157
vn -0.0016760 -0.4909260 0.8711997
v -0.0009030 0.0415026 0.0895915 0.529412 0.545098 0.521569
vn 0.0943037 0.3578164 0.9290180
v 0.0102411 0.0427577 0.0895569 0.619608 0.619608 0.600000
vn -0.0132171 0.5747210 0.8182427
v -0.0008039 0.0440236 0.0895739 0.654902 0.650980 0.631373
vn -0.1064131 0.4437117 0.8898293
v -0.0084092 0.0433579 0.0894941 0.611765 0.596078 0.588235
vn 0.2964945 -0.2353011 0.9255941
v -0.0328140 0.0251321 0.0895360 0.694118 0.686275 0.643137
vn 0.2523030 -0.2431733 0.9365949
v -0.0302816 0.0281141 0.0895590 0.596078 0.596078 0.568627
vn 0.3602302 -0.2033954 0.9104199
v -0.0355326 0.0211666 0.0895338 0.749020 0.741176 0.705882
vn 0.2877549 -0.3118168 0.9055206
v -0.0280258 0.0303825 0.0895640 0.549020 0.552941 0.533333
vn 0.2004048 0.3393736 0.9190558
v 0.0221648 0.0378142 0.0894418 0.407843 0.400000 0.372549
vn 0.1831729 0.3545507 0.9169196
v 0.0190645 0.0393489 0.0894693 0.525490 0.525490 0.498039
vn 0.1409708 0.3739903 0.9166562
v 0.0136522 0.0416562 0.0895314 0.556863 0.556863 0.529412
vn 0.0737629 0.4135524 0.9074875
v 0.0061138 0.0437644 0.0894950 0.517647 0.501961 0.482353
vn 0.2328117 0.3504366 0.9071896
v 0.0241012 0.0365958 0.0894119 0.356863 0.341176 0.317647
vn -0.2616035 0.3308249 0.9067076
v -0.0264235 0.0349818 0.0894838 0.556863 0.545098 0.498039
vn 0.2848884 0.3118579 0.9064123
v 0.0294899 0.0322584 0.0894146 0.384314 0.380392 0.364706
vn 0.2711901 0.3269497 0.9052955
v 0.0268543 0.0345290 0.0894025 0.360784 0.356863 0.337255
vn 0.1788562 0.3862245 0.9048984
v 0.0165949 0.0406275 0.0894439 0.505882 0.501961 0.482353
vn -0.6111095 -0.0238459 0.7911869
v -0.0440325 -0.0005457 0.0896096 0.600000 0.600000 0.572549
vn 0.3296244 0.3299655 0.8845737
v 0.0320306 0.0297916 0.0893748 0.333333 0.337255 0.317647
vn -0.5087528 0.1307495 0.8509261
v -0.0429711 0.0102515 0.0894185 0.650980 0.643137 0.607843
vn -0.5024379 0.1777452 0.8461459
v -0.0416330 0.0146940 0.0893220 0.568627 0.564706 0.529412
vn 0.2534652 0.2215275 0.9416374
v 0.0324581 0.0282508 0.0897980 0.505882 0.509804 0.486275
vn -0.2419005 0.4086612 0.8800456
v -0.0222422 0.0380139 0.0893940 0.513725 0.509804 0.470588
vn -0.2874883 0.4181720 0.8616744
v -0.0247108 0.0364744 0.0893382 0.396078 0.466667 0.501961
vn -0.4870585 -0.1295839 0.8637025
v -0.0428890 -0.0102587 0.0894832 0.603922 0.603922 0.580392
vn -0.3779698 0.3428986 0.8599764
v -0.0327536 0.0294307 0.0893958 0.521569 0.513725 0.478431
vn -0.4553065 0.2146325 0.8640769
v -0.0403133 0.0177860 0.0893254 0.627451 0.615686 0.584314
vn -0.4431864 0.2613307 0.8574918
v -0.0377159 0.0228434 0.0893108 0.572549 0.560784 0.537255
vn 0.3540300 0.2826760 0.8914915
v 0.0346535 0.0268476 0.0893845 0.376471 0.376471 0.360784
vn -0.2380322 0.4547805 0.8582048
v -0.0195810 0.0396912 0.0892487 0.521569 0.537255 0.533333
vn -0.2129864 0.4825156 0.8495973
v -0.0165777 0.0408933 0.0894173 0.666667 0.654902 0.635294
vn -0.1386105 0.5142466 0.8463674
v -0.0114646 0.0427620 0.0893807 0.670588 0.662745 0.647059
vn -0.3897656 0.3039686 0.8693020
v -0.0358509 0.0256239 0.0893715 0.576471 0.556863 0.517647
vn -0.4297217 0.3313990 0.8399488
v -0.0341914 0.0280641 0.0891912 0.486275 0.470588 0.439216
vn -0.3552322 0.4027366 0.8435718
v -0.0298453 0.0323767 0.0893160 0.337255 0.450980 0.505882
vn -0.5571752 0.1097098 0.8231158
v -0.0436997 0.0073185 0.0893579 0.635294 0.631373 0.600000
vn -0.5730391 -0.0973630 0.8137240
v -0.0437161 -0.0073621 0.0893082 0.513725 0.513725 0.494118
vn -0.1973407 0.5534246 0.8091835
v -0.0137441 0.0420957 0.0893173 0.682353 0.674510 0.658824
vn -0.6556247 0.0290308 0.7545286
v -0.0445830 0.0010517 0.0890768 0.588235 0.572549 0.552941
vn 0.0241527 0.6750557 0.7373713
v 0.0006491 0.0445246 0.0890677 0.505882 0.501961 0.478431
vn -0.0641667 0.6712019 0.7384921
v -0.0052225 0.0443696 0.0889951 0.572549 0.564706 0.556863
vn -0.6958300 -0.0628675 0.7154498
v -0.0443949 -0.0050329 0.0888629 0.533333 0.521569 0.501961
vn -0.7449548 0.2379128 0.6232494
v -0.0426914 0.0132241 0.0886180 0.494118 0.482353 0.458824
vn -0.0796604 -0.9119694 0.4024501
v 0.0025552 0.0386565 0.0839620 0.176471 0.176471 0.160784
vn -0.0050344 -0.9238680 0.3826783
v -0.0001849 0.0389691 0.0842182 0.188235 0.188235 0.172549
vn 0.0072699 -0.8383933 0.5450173
v -0.0004065 0.0382907 0.0828480 0.113725 0.113725 0.105882
vn -0.0915068 -0.8422661 0.5312385
v 0.0043617 0.0379538 0.0829069 0.074510 0.070588 0.074510
vn -0.1593334 -0.8915150 0.4240447
v 0.0065785 0.0380496 0.0836481 0.192157 0.192157 0.180392
vn -0.1776846 -0.9260533 0.3329469
v 0.0066196 0.0388099 0.0856565 0.152941 0.152941 0.141176
vn -0.0862403 -0.9441003 0.3181781
v 0.0030438 0.0395587 0.0864987 0.156863 0.156863 0.141176
vn 0.0058127 -0.9576443 0.2878952
v -0.0004072 0.0399640 0.0870709 0.172549 0.176471 0.164706
vn -0.1575580 -0.9062060 0.3923854
v 0.0066445 0.0397013 0.0883173 0.227451 0.227451 0.203922
vn -0.0747160 -0.9123900 0.4024451
v 0.0033444 0.0400622 0.0882925 0.207843 0.211765 0.192157
vn 0.0028101 -0.9098476 0.4149332
v -0.0004183 0.0402826 0.0883835 0.243137 0.247059 0.231373
vn -0.2330334 -0.8589283 0.4560019
v 0.0110053 0.0366343 0.0828357 0.074510 0.066667 0.066667
vn -0.2468551 -0.8747781 0.4169244
v 0.0094809 0.0389186 0.0881622 0.188235 0.188235 0.172549
vn -0.1712752 -0.8259560 0.5370862
v 0.0083840 0.0371416 0.0826669 0.086275 0.086275 0.082353
vn -0.2947597 -0.8527563 0.4311886
v 0.0126738 0.0361669 0.0828782 0.200000 0.200000 0.180392
vn -0.3115800 -0.8597226 0.4047160
v 0.0117127 0.0382036 0.0881971 0.192157 0.188235 0.176471
vn -0.3474311 -0.8397208 0.4173257
v 0.0139911 0.0372994 0.0882060 0.180392 0.176471 0.164706
vn -0.3596979 -0.8444780 0.3968306
v 0.0149874 0.0352384 0.0828728 0.184314 0.180392 0.164706
vn -0.4065051 -0.8316925 0.3782080
v 0.0169085 0.0343401 0.0827939 0.105882 0.101961 0.094118
vn -0.0634012 -0.7561638 0.6513037
v 0.0040328 0.0403530 0.0888566 0.254902 0.254902 0.239216
vn -0.1531129 -0.7184219 0.6785473
v 0.0077406 0.0397835 0.0888171 0.231373 0.235294 0.219608
vn -0.2180293 -0.6989562 0.6811194
v 0.0104370 0.0390214 0.0887584 0.207843 0.203922 0.184314
vn -0.2697893 -0.6861126 0.6756207
v 0.0126383 0.0381792 0.0887146 0.211765 0.207843 0.192157
vn -0.0051194 -0.7216350 0.6922548
v -0.0004670 0.0407009 0.0889864 0.317647 0.317647 0.298039
vn -0.2796858 -0.7067412 0.6498406
v 0.0146648 0.0343260 0.0812920 0.023529 0.019608 0.019608
vn -0.2855288 -0.6476955 0.7063738
v 0.0154342 0.0371313 0.0887849 0.203922 0.200000 0.188235
vn -0.3615758 -0.6915054 0.6253666
v 0.0170984 0.0332977 0.0813352 0.031373 0.027451 0.023529
vn -0.1956321 -0.7025308 0.6842358
v 0.0111517 0.0353407 0.0811206 0.019608 0.015686 0.011765
vn -0.0981981 -0.7124619 0.6948059
v 0.0058529 0.0364846 0.0812392 0.019608 0.015686 0.011765
vn 0.0860379 -0.9092966 0.4071577
v -0.0030547 0.0386423 0.0839414 0.203922 0.200000 0.192157
vn 0.0878290 -0.9427606 0.3216964
v -0.0032659 0.0394564 0.0862028 0.180392 0.180392 0.168627
vn -0.4644574 -0.7995938 0.3806957
v 0.0181719 0.0336753 0.0827889 0.078431 0.070588 0.070588
vn -0.3860586 -0.8110279 0.4395369
v 0.0158485 0.0364316 0.0881583 0.152941 0.149020 0.133333
vn -0.4515691 -0.8048983 0.3849989
v 0.0174313 0.0355338 0.0879807 0.137255 0.133333 0.121569
vn -0.3605730 -0.6420317 0.6765962
v 0.0178442 0.0357973 0.0886738 0.188235 0.184314 0.168627
vn 0.0666961 -0.9035986 0.4231563
v -0.0031219 0.0401055 0.0883231 0.250980 0.254902 0.239216
vn 0.1468916 -0.9279228 0.3426108
v -0.0067443 0.0394231 0.0872142 0.219608 0.219608 0.203922
vn 0.1250345 -0.9099365 0.3954518
v -0.0066042 0.0398588 0.0883356 0.345098 0.349020 0.329412
vn 0.1313320 -0.8813454 0.4538528
v -0.0059969 0.0381132 0.0834874 0.305882 0.313725 0.290196
vn 0.0560764 -0.7356056 0.6750851
v -0.0047140 0.0403674 0.0888677 0.368627 0.368627 0.349020
vn 0.1473147 -0.7419933 0.6540217
v -0.0079823 0.0398545 0.0887587 0.427451 0.427451 0.403922
vn 0.0044479 -0.6914945 0.7223681
v -0.0003147 0.0368377 0.0810965 0.027451 0.023529 0.019608
vn 0.1175703 -0.7893816 0.6025395
v -0.0065128 0.0370062 0.0819383 0.054902 0.047059 0.039216
vn 0.2062483 -0.8615065 0.4639701
v -0.0098333 0.0372376 0.0832530 0.200000 0.200000 0.188235
vn 0.2128584 -0.8858951 0.4121665
v -0.0101651 0.0390671 0.0882158 0.278431 0.278431 0.262745
vn 0.1982117 -0.7353041 0.6481050
v -0.0111843 0.0391283 0.0887621 0.388235 0.384314 0.352941
vn 0.2783007 -0.8962410 0.3453996
v -0.0121201 0.0377453 0.0860358 0.211765 0.211765 0.200000
vn 0.2801537 -0.8383796 0.4675829
v -0.0124655 0.0364464 0.0831733 0.274510 0.278431 0.258824
vn 0.1685899 -0.7156920 0.6777629
v -0.0098199 0.0358072 0.0812274 0.031373 0.023529 0.023529
vn 0.2185672 -0.7142417 0.6648964
v -0.0122196 0.0350422 0.0811074 0.035294 0.027451 0.027451
vn 0.0890909 -0.6847502 0.7233118
v -0.0062773 0.0363001 0.0810971 0.031373 0.027451 0.019608
vn 0.2850565 -0.8537918 0.4356402
v -0.0134215 0.0381094 0.0882270 0.313725 0.313725 0.301961
vn 0.2552312 -0.6960320 0.6711159
v -0.0142296 0.0383009 0.0889109 0.388235 0.380392 0.380392
vn 0.3581904 -0.8588879 0.3660755
v -0.0147548 0.0362279 0.0846945 0.215686 0.215686 0.200000
vn 0.3209931 -0.7917792 0.5196626
v -0.0154482 0.0374447 0.0884005 0.317647 0.317647 0.301961
vn 0.3460188 -0.8083199 0.4763299
v -0.0148099 0.0353787 0.0829191 0.180392 0.176471 0.168627
vn 0.2946166 -0.7220623 0.6259611
v -0.0143956 0.0343923 0.0812554 0.058824 0.047059 0.039216
vn 0.4247098 -0.8206521 0.3822981
v -0.0175671 0.0346838 0.0840956 0.227451 0.227451 0.211765
vn 0.4323852 -0.8188017 0.3776333
v -0.0181122 0.0360829 0.0881701 0.270588 0.270588 0.254902
vn 0.3525405 -0.6843382 0.6382762
v -0.0171287 0.0368930 0.0887416 0.364706 0.364706 0.349020
vn 0.4378230 -0.7782230 0.4502000
v -0.0187544 0.0335393 0.0830753 0.149020 0.145098 0.133333
vn 0.3583609 -0.6878004 0.6312750
v -0.0178197 0.0325905 0.0810324 0.035294 0.031373 0.023529
vn -0.0538972 -0.5768857 0.8150448
v 0.0040559 0.0353556 0.0801792 0.015686 0.011765 0.003922
vn 0.3956812 -0.6866524 0.6098729
v -0.0194188 0.0356516 0.0887552 0.352941 0.352941 0.329412
vn 0.4335540 -0.7110165 0.5536124
v -0.0213884 0.0344184 0.0886277 0.356863 0.356863 0.329412
vn 0.4964471 -0.7916659 0.3560977
v -0.0207665 0.0334237 0.0854850 0.211765 0.207843 0.192157
vn 0.4863754 -0.7518768 0.4451070
v -0.0208642 0.0321166 0.0828444 0.125490 0.121569 0.113725
vn 0.4420888 -0.6791441 0.5859358
v -0.0209688 0.0308954 0.0811785 0.047059 0.039216 0.031373
vn 0.2467993 -0.6128513 0.7506686
v -0.0144919 0.0329648 0.0799972 0.031373 0.027451 0.015686
vn 0.1039398 -0.5619535 0.8206124
v -0.0092218 0.0341618 0.0798254 0.031373 0.027451 0.019608
vn 0.1571093 -0.6011711 0.7835241
v -0.0120147 0.0336741 0.0799076 0.027451 0.023529 0.015686
vn 0.0659487 -0.5727910 0.8170442
v -0.0059736 0.0350817 0.0801206 0.027451 0.019608 0.011765
vn 0.0024869 -0.5480269 0.8364570
v -0.0000769 0.0351950 0.0798856 0.015686 0.011765 0.007843
vn 0.3928561 -0.5988826 0.6978565
v -0.0208389 0.0300253 0.0802889 0.043137 0.039216 0.027451
vn 0.4724528 -0.6428202 0.6029682
v -0.0236415 0.0290223 0.0812393 0.054902 0.047059 0.039216
vn -0.2833242 -0.5588478 0.7793694
v 0.0167960 0.0321159 0.0802375 0.019608 0.015686 0.011765
vn 0.4604561 -0.6697432 0.5826013
v -0.0234468 0.0330553 0.0886529 0.364706 0.364706 0.341176
vn 0.5271006 -0.7426535 0.4130747
v -0.0233133 0.0308231 0.0836358 0.266667 0.266667 0.247059
vn 0.4185538 -0.5700608 0.7069961
v -0.0236585 0.0277132 0.0800938 0.043137 0.035294 0.023529
vn -0.4629347 -0.7841161 0.4133442
v 0.0187999 0.0347149 0.0880195 0.125490 0.125490 0.113725
vn -0.3512620 -0.6203032 0.7013124
v 0.0205395 0.0342802 0.0886758 0.172549 0.168627 0.156863
vn -0.4544275 -0.7929553 0.4058541
v 0.0200192 0.0339518 0.0879286 0.129412 0.125490 0.117647
vn -0.4151645 -0.6598182 0.6263214
v 0.0221813 0.0331045 0.0884666 0.176471 0.172549 0.152941
vn -0.4908085 -0.8187988 0.2977847
v 0.0214550 0.0330051 0.0873896 0.113725 0.113725 0.105882
vn -0.4234158 -0.6446731 0.6364869
v 0.0216358 0.0302025 0.0810806 0.023529 0.019608 0.019608
vn -0.4864200 -0.7760447 0.4014353
v 0.0205586 0.0321797 0.0827824 0.113725 0.113725 0.101961
vn -0.5138452 -0.7601361 0.3976888
v 0.0227344 0.0308215 0.0828084 0.156863 0.152941 0.141176
vn -0.3306540 -0.5412583 0.7731153
v 0.0200704 0.0299853 0.0800996 0.015686 0.011765 0.007843
vn -0.5100430 -0.6103114 0.6061156
v 0.0252052 0.0276400 0.0810251 0.023529 0.019608 0.019608
vn -0.5461407 -0.6528644 0.5248795
v 0.0254087 0.0285391 0.0824073 0.086275 0.082353 0.078431
vn -0.5499383 -0.7239117 0.4165572
v 0.0250650 0.0291578 0.0828220 0.137255 0.141176 0.125490
vn -0.3853014 -0.5513029 0.7400054
v 0.0233367 0.0280209 0.0802411 0.015686 0.011765 0.011765
vn -0.5014019 -0.7268490 0.4693470
v 0.0231276 0.0321428 0.0880023 0.129412 0.125490 0.117647
vn -0.4169524 -0.5588941 0.7167902
v 0.0256277 0.0310671 0.0887290 0.176471 0.176471 0.164706
vn -0.5168769 -0.7389766 0.4321481
v 0.0244953 0.0311352 0.0879443 0.117647 0.117647 0.109804
vn -0.5696770 -0.7851635 0.2428714
v 0.0254696 0.0303129 0.0874874 0.113725 0.109804 0.101961
vn -0.5541559 -0.7116022 0.4318953
v 0.0264432 0.0297816 0.0880386 0.156863 0.156863 0.141176
vn -0.4650704 -0.5148154 0.7201908
v 0.0257289 0.0261516 0.0801842 0.011765 0.011765 0.007843
vn -0.5170662 -0.5726052 0.6362122
v 0.0280642 0.0289872 0.0886947 0.184314 0.184314 0.172549
vn -0.6297398 -0.7084507 0.3186308
v 0.0277982 0.0284953 0.0874362 0.105882 0.101961 0.094118
vn -0.6298974 -0.6452620 0.4322804
v 0.0272046 0.0273523 0.0828673 0.145098 0.145098 0.133333
vn -0.6361676 -0.5819473 0.5065848
v 0.0278403 0.0257202 0.0819052 0.066667 0.062745 0.054902
vn -0.6268271 -0.5597206 0.5420338
v 0.0278818 0.0250307 0.0810307 0.015686 0.011765 0.011765
vn -0.5471441 -0.4616815 0.6982002
v 0.0278777 0.0240811 0.0802691 0.011765 0.007843 0.003922
vn -0.5929396 -0.4960228 0.6343374
v 0.0292094 0.0277278 0.0886678 0.168627 0.164706 0.152941
vn -0.5527880 -0.4340518 0.7113540
v 0.0309393 0.0258397 0.0887597 0.164706 0.160784 0.156863
vn -0.6209226 -0.4357944 0.6515661
v 0.0320761 0.0239388 0.0885749 0.145098 0.145098 0.133333
vn -0.6190688 -0.3736827 0.6907352
v 0.0338281 0.0215084 0.0886005 0.145098 0.145098 0.133333
vn -0.6090240 -0.3198723 0.7257903
v 0.0361044 0.0176199 0.0887147 0.172549 0.168627 0.160784
vn -0.6321231 -0.2771409 0.7236114
v 0.0378096 0.0141434 0.0887689 0.200000 0.200000 0.184314
vn -0.6060485 -0.3752905 0.7013289
v 0.0305488 0.0204230 0.0802729 0.015686 0.015686 0.011765
vn -0.4193180 -0.1302407 0.8984486
v 0.0403723 0.0108480 0.0895553 0.525490 0.525490 0.517647
vn -0.6402779 -0.3220601 0.6973676
v 0.0331529 0.0159775 0.0803908 0.011765 0.011765 0.011765
vn -0.6635774 -0.2604040 0.7013236
v 0.0349162 0.0116151 0.0802157 0.015686 0.015686 0.011765
vn -0.7054830 -0.4685167 0.5317761
v 0.0306965 0.0214051 0.0810128 0.015686 0.015686 0.011765
vn -0.7202340 -0.3939534 0.5710199
v 0.0328111 0.0177062 0.0809975 0.015686 0.011765 0.015686
vn -0.7075118 -0.5525610 0.4405716
v 0.0298286 0.0263242 0.0880162 0.137255 0.137255 0.121569
vn -0.7149692 -0.5357754 0.4491815
v 0.0310104 0.0247205 0.0879384 0.117647 0.117647 0.105882
vn -0.7469903 -0.5320513 0.3986564
v 0.0326406 0.0222034 0.0878195 0.105882 0.101961 0.098039
vn -0.7118666 -0.5736157 0.4052297
v 0.0287956 0.0255177 0.0828123 0.125490 0.125490 0.113725
vn -0.7008173 -0.5387815 0.4675144
v 0.0299697 0.0238425 0.0826483 0.109804 0.105882 0.098039
vn -0.7098706 -0.5170789 0.4782398
v 0.0303878 0.0225259 0.0818873 0.050980 0.043137 0.039216
vn -0.7722774 -0.5470268 0.3230318
v 0.0315545 0.0237154 0.0874452 0.094118 0.090196 0.086275
vn -0.7168006 -0.6285172 0.3019325
v 0.0284418 0.0277822 0.0872891 0.109804 0.105882 0.101961
vn -0.7638628 -0.5215150 0.3801785
v 0.0311787 0.0223143 0.0827650 0.141176 0.145098 0.125490
vn -0.7835150 0.4859383 0.3872573
v 0.0341881 -0.0213036 0.0876896 0.188235 0.188235 0.180392
vn -0.8047864 0.4686909 0.3642084
v 0.0332593 -0.0206986 0.0846128 0.156863 0.160784 0.149020
vn -0.7457416 0.5322237 0.4007587
v 0.0327655 -0.0237084 0.0880646 0.219608 0.223529 0.200000
vn -0.7512715 0.5104283 0.4183947
v 0.0305833 -0.0235672 0.0829159 0.250980 0.258824 0.239216
vn -0.7670992 0.5572585 0.3178391
v 0.0306404 -0.0250648 0.0854976 0.156863 0.160784 0.145098
vn -0.7510586 0.4565966 0.4768967
v 0.0323355 -0.0205245 0.0824671 0.101961 0.101961 0.094118
vn -0.7563199 0.5508136 0.3529653
v 0.0294265 -0.0258514 0.0837710 0.188235 0.192157 0.180392
vn -0.7111196 0.5554419 0.4310374
v 0.0306656 -0.0266049 0.0883110 0.235294 0.239216 0.219608
vn -0.7078539 0.5864394 0.3937407
v 0.0293643 -0.0281991 0.0882299 0.247059 0.250980 0.231373
vn -0.6902220 0.6522017 0.3134114
v 0.0279737 -0.0283973 0.0849002 0.156863 0.156863 0.145098
vn -0.6332496 0.6423035 0.4317884
v 0.0268918 -0.0283771 0.0828113 0.309804 0.313725 0.301961
vn -0.7088976 0.5432194 0.4498633
v 0.0284643 -0.0259515 0.0821857 0.098039 0.094118 0.090196
vn -0.8094849 0.4709697 0.3506021
v 0.0341148 -0.0197170 0.0853868 0.149020 0.149020 0.137255
vn -0.7771785 0.4412557 0.4486503
v 0.0342811 -0.0176996 0.0829423 0.235294 0.235294 0.219608
vn -0.7962282 0.4614850 0.3912190
v 0.0356943 -0.0187011 0.0875982 0.184314 0.184314 0.172549
vn -0.8266439 0.3841316 0.4112212
v 0.0369929 -0.0167053 0.0880219 0.223529 0.227451 0.215686
vn -0.8655931 0.3622811 0.3456891
v 0.0366864 -0.0151169 0.0851535 0.152941 0.156863 0.141176
vn -0.6636069 0.3960563 0.6346380
v 0.0352828 -0.0204222 0.0887302 0.278431 0.278431 0.262745
vn -0.6606486 0.3714189 0.6523737
v 0.0365057 -0.0184623 0.0887858 0.278431 0.282353 0.262745
vn -0.6299858 0.4245762 0.6502714
v 0.0339550 -0.0226091 0.0887164 0.290196 0.290196 0.270588
vn -0.6029658 0.4571127 0.6538197
v 0.0323963 -0.0247872 0.0887213 0.278431 0.278431 0.262745
vn -0.8268976 0.3409151 0.4472329
v 0.0358306 -0.0144993 0.0827509 0.235294 0.239216 0.223529
vn -0.7167925 0.4464410 0.5356296
v 0.0304924 -0.0220806 0.0813307 0.098039 0.090196 0.078431
vn -0.6967643 0.4465950 0.5613132
v 0.0289631 -0.0236530 0.0805430 0.043137 0.039216 0.031373
vn -0.6357066 0.5138008 0.5760954
v 0.0273277 -0.0257421 0.0802791 0.047059 0.039216 0.035294
vn -0.6777898 0.3139176 0.6648735
v 0.0373699 -0.0169539 0.0888079 0.301961 0.305882 0.286275
vn -0.6147339 0.5961080 0.5164857
v 0.0267829 -0.0274800 0.0817477 0.070588 0.066667 0.070588
vn -0.7640063 0.3262112 0.5566694
v 0.0354241 -0.0143652 0.0820172 0.062745 0.050980 0.050980
vn -0.5655962 0.4735663 0.6751562
v 0.0299093 -0.0281493 0.0888859 0.278431 0.278431 0.262745
vn -0.5733870 0.4561374 0.6805632
v 0.0313396 -0.0262069 0.0887729 0.278431 0.282353 0.266667
vn -0.6715617 0.6709067 0.3144667
v 0.0282731 -0.0291352 0.0875514 0.219608 0.219608 0.200000
vn -0.5693974 0.5554440 0.6060269
v 0.0284556 -0.0296278 0.0887682 0.286275 0.286275 0.270588
vn -0.5751964 0.6590825 0.4845197
v 0.0270453 -0.0308980 0.0887482 0.274510 0.274510 0.258824
vn -0.6585504 0.3533248 0.6644343
v 0.0330858 -0.0174492 0.0811827 0.043137 0.035294 0.031373
vn -0.6484681 0.3448810 0.6786356
v 0.0300204 -0.0215179 0.0803476 0.027451 0.023529 0.019608
vn -0.6767671 0.3881738 0.6255459
v 0.0319896 -0.0194535 0.0813029 0.031373 0.031373 0.023529
vn -0.5761198 0.6156854 0.5376035
v 0.0246695 -0.0283183 0.0802241 0.050980 0.043137 0.035294
vn -0.5345290 0.6585309 0.5297319
v 0.0244104 -0.0295438 0.0817445 0.117647 0.109804 0.101961
vn -0.6077620 0.6893073 0.3943107
v 0.0249709 -0.0323379 0.0882249 0.247059 0.243137 0.227451
vn -0.6057393 0.7272217 0.3228445
v 0.0241622 -0.0318831 0.0857150 0.160784 0.164706 0.149020
vn -0.5453614 0.6407022 0.5404459
v 0.0260525 -0.0287364 0.0823011 0.149020 0.145098 0.129412
vn -0.5630256 0.7204457 0.4049200
v 0.0238218 -0.0306496 0.0825316 0.282353 0.290196 0.270588
vn -0.8710813 0.2853521 0.3997395
v 0.0382257 -0.0132707 0.0880323 0.211765 0.215686 0.203922
vn -0.7114238 0.2578292 0.6537586
v 0.0381852 -0.0145337 0.0887176 0.270588 0.266667 0.258824
vn -0.6946100 0.2166988 0.6859728
v 0.0390335 -0.0120770 0.0887109 0.274510 0.266667 0.250980
vn -0.8960674 0.2772890 0.3466612
v 0.0371243 -0.0132782 0.0848366 0.152941 0.152941 0.141176
vn -0.8641185 0.2179658 0.4536411
v 0.0375044 -0.0093383 0.0827514 0.207843 0.207843 0.196078
vn -0.9145448 0.2320721 0.3312860
v 0.0381656 -0.0096246 0.0846385 0.149020 0.149020 0.137255
vn -0.8724557 0.2345305 0.4287383
v 0.0390962 -0.0102641 0.0880033 0.196078 0.192157 0.184314
vn -0.6393087 0.2898026 0.7122492
v 0.0347054 -0.0141612 0.0810714 0.031373 0.027451 0.019608
vn -0.7171497 0.2035902 0.6665189
v 0.0361289 -0.0096626 0.0808711 0.023529 0.019608 0.011765
vn -0.6953986 0.1512865 0.7025191
v 0.0399764 -0.0090421 0.0888022 0.384314 0.380392 0.372549
vn -0.6162428 0.3413194 0.7097507
v 0.0283471 -0.0231528 0.0796147 0.035294 0.031373 0.023529
vn -0.5574725 0.5913289 0.5827132
v 0.0260643 -0.0320015 0.0889296 0.278431 0.278431 0.258824
vn -0.9417157 0.1409222 0.3054712
v 0.0393320 -0.0063666 0.0860185 0.168627 0.168627 0.156863
vn -0.8939816 0.1460122 0.4236477
v 0.0398143 -0.0070500 0.0880041 0.215686 0.215686 0.207843
vn -0.8950250 0.1370187 0.4244481
v 0.0382714 -0.0059037 0.0829652 0.274510 0.278431 0.254902
vn -0.7979772 0.1042694 0.5935995
v 0.0373250 -0.0050998 0.0811776 0.043137 0.035294 0.031373
vn -0.7271746 0.1465273 0.6706317
v 0.0366403 -0.0065111 0.0806232 0.039216 0.027451 0.023529
vn -0.7008107 0.0658507 0.7103013
v 0.0406024 -0.0057089 0.0889063 0.384314 0.388235 0.380392
vn -0.5139631 0.5231160 0.6798468
v 0.0238916 -0.0274261 0.0787842 0.043137 0.035294 0.031373
vn -0.8966859 0.0688743 0.4372765
v 0.0385259 -0.0029839 0.0828186 0.266667 0.270588 0.247059
vn -0.9499686 0.0685613 0.3047279
v 0.0394811 -0.0027346 0.0853806 0.149020 0.149020 0.137255
vn -0.9102628 0.0520984 0.4107400
v 0.0402481 -0.0030529 0.0881802 0.286275 0.290196 0.274510
vn -0.9451961 -0.0271000 0.3253767
v 0.0394173 -0.0001272 0.0847838 0.156863 0.156863 0.145098
vn -0.7939569 0.0044157 0.6079581
v 0.0374145 -0.0001528 0.0807561 0.027451 0.023529 0.019608
vn -0.9007379 -0.0214164 0.4338347
v 0.0386454 -0.0001039 0.0828564 0.207843 0.207843 0.192157
vn -0.7650971 -0.0426778 0.6424991
v 0.0406837 0.0006270 0.0886653 0.349020 0.356863 0.341176
vn -0.9425567 -0.0029287 0.3340335
v 0.0402273 -0.0001862 0.0876747 0.219608 0.219608 0.211765
vn -0.5701698 0.2079631 0.7947690
v 0.0348952 -0.0104936 0.0800750 0.023529 0.019608 0.011765
vn -0.6649409 0.0758392 0.7430357
v 0.0362593 -0.0028896 0.0797988 0.019608 0.019608 0.011765
vn -0.9085001 -0.0873199 0.4086599
v 0.0384384 0.0032888 0.0829147 0.211765 0.215686 0.200000
vn -0.8002481 -0.0523564 0.5973790
v 0.0372429 0.0023785 0.0806938 0.027451 0.023529 0.019608
vn -0.5820854 0.1416894 0.8006877
v 0.0353704 -0.0063834 0.0795278 0.015686 0.015686 0.007843
vn -0.6576149 0.0175873 0.7531490
v 0.0361816 -0.0001193 0.0795064 0.015686 0.011765 0.007843
vn -0.9503207 -0.0954822 0.2962666
v 0.0394620 0.0024560 0.0856675 0.156863 0.156863 0.141176
vn -0.9115779 -0.0914329 0.4008313
v 0.0400920 0.0027270 0.0880451 0.223529 0.239216 0.211765
vn -0.8394606 -0.1394626 0.5252201
v 0.0370633 0.0062206 0.0810473 0.031373 0.027451 0.023529
vn -0.7503452 -0.1330762 0.6475127
v 0.0400999 0.0062890 0.0886481 0.294118 0.290196 0.278431
vn -0.9209039 -0.1714492 0.3500588
v 0.0395541 0.0062671 0.0875692 0.172549 0.168627 0.160784
vn -0.9080648 -0.1641304 0.3853305
v 0.0381204 0.0062872 0.0830648 0.200000 0.200000 0.180392
vn -0.7319921 -0.0977332 0.6742669
v 0.0365148 0.0055808 0.0801880 0.023529 0.019608 0.015686
vn -0.9326726 -0.2119688 0.2918752
v 0.0387677 0.0074092 0.0856544 0.129412 0.129412 0.113725
vn -0.6685441 -0.0485194 0.7420880
v 0.0360765 0.0030134 0.0795257 0.019608 0.015686 0.007843
vn -0.4067269 0.1669307 0.8981689
v 0.0385228 -0.0167518 0.0895618 0.603922 0.603922 0.584314
vn -0.3879201 0.2158044 0.8960728
v 0.0373301 -0.0190575 0.0895148 0.564706 0.560784 0.545098
vn -0.3572558 0.2323086 0.9046553
v 0.0349949 -0.0230082 0.0895139 0.529412 0.533333 0.513725
vn -0.4130552 0.1194218 0.9028422
v 0.0404359 -0.0114754 0.0895260 0.564706 0.564706 0.556863
vn -0.4328517 0.0547545 0.8998007
v 0.0413506 -0.0074628 0.0895836 0.596078 0.596078 0.576471
vn -0.3274896 0.2653379 0.9068332
v 0.0323548 -0.0266470 0.0895491 0.501961 0.501961 0.482353
vn -0.7331064 -0.1740879 0.6574560
v 0.0361632 0.0080021 0.0802695 0.015686 0.011765 0.007843
vn -0.4366514 0.0088561 0.8995872
v 0.0419909 -0.0010901 0.0896339 0.627451 0.627451 0.607843
vn -0.8355814 -0.2143995 0.5058029
v 0.0365302 0.0089753 0.0811228 0.039216 0.031373 0.027451
vn -0.8874409 -0.2701071 0.3734849
v 0.0369882 0.0102451 0.0826817 0.117647 0.113725 0.105882
vn -0.3239690 0.2966348 0.8983607
v 0.0293146 -0.0301406 0.0895228 0.450980 0.450980 0.431373
vn -0.4760551 -0.0569719 0.8775681
v 0.0414120 0.0059188 0.0896218 0.541176 0.545098 0.525490
vn -0.7798360 -0.2888258 0.5553698
v 0.0355964 0.0117846 0.0810189 0.023529 0.019608 0.019608
vn -0.6966835 -0.1589061 0.6995577
v 0.0395547 0.0088296 0.0886498 0.254902 0.254902 0.239216
vn -0.8805721 -0.2187626 0.4203996
v 0.0394026 0.0073627 0.0879980 0.160784 0.160784 0.152941
vn -0.8663642 -0.2393225 0.4383354
v 0.0389351 0.0091920 0.0879355 0.156863 0.156863 0.145098
vn -0.6289164 -0.2203982 0.7455796
v 0.0391282 0.0109544 0.0887946 0.247059 0.247059 0.231373
vn -0.9143814 -0.3001660 0.2716748
v 0.0382431 0.0101417 0.0865473 0.121569 0.121569 0.109804
vn -0.8612967 -0.3513702 0.3670247
v 0.0359476 0.0130840 0.0825834 0.090196 0.086275 0.082353
vn -0.8931702 -0.3637413 0.2644602
v 0.0372574 0.0127568 0.0864150 0.109804 0.109804 0.098039
vn -0.8365349 -0.3124713 0.4500789
v 0.0381268 0.0115360 0.0879035 0.156863 0.156863 0.145098
vn -0.8173656 -0.3507199 0.4570656
v 0.0374105 0.0134226 0.0879737 0.149020 0.149020 0.137255
vn -0.7459731 -0.3465501 0.5687066
v 0.0341627 0.0150349 0.0809807 0.019608 0.015686 0.015686
vn -0.8386815 -0.4114456 0.3568277
v 0.0346734 0.0160367 0.0826808 0.129412 0.125490 0.113725
vn -0.8018927 -0.3901232 0.4525175
v 0.0364553 0.0154764 0.0879397 0.117647 0.113725 0.105882
vn -0.7696115 -0.4241762 0.4772555
v 0.0329580 0.0183682 0.0818491 0.058824 0.054902 0.047059
vn -0.8189647 -0.4443430 0.3631200
v 0.0332511 0.0187786 0.0826588 0.105882 0.101961 0.090196
vn -0.7856192 -0.4259257 0.4487647
v 0.0353974 0.0173370 0.0878208 0.109804 0.109804 0.101961
vn -0.7778478 -0.4326429 0.4558213
v 0.0346986 0.0186413 0.0878559 0.109804 0.109804 0.098039
vn -0.7883720 -0.4782758 0.3869392
v 0.0322057 0.0207216 0.0827696 0.129412 0.129412 0.113725
vn -0.7973140 -0.4279132 0.4256533
v 0.0339216 0.0199227 0.0877565 0.098039 0.098039 0.090196
vn -0.7931373 -0.5101672 0.3326601
v 0.0329508 0.0216028 0.0874449 0.101961 0.101961 0.090196
vn 0.4925213 -0.6679764 0.5578803
v 0.0265301 -0.0358707 0.0888740 0.470588 0.466667 0.447059
vn 0.5465881 -0.7448179 0.3827374
v 0.0268178 -0.0359704 0.0882690 0.498039 0.486275 0.474510
vn 0.5073486 -0.5959632 0.6224350
v 0.0285267 -0.0345742 0.0885533 0.466667 0.462745 0.443137
vn 0.5165368 -0.7094387 0.4794649
v 0.0253776 -0.0370695 0.0881945 0.490196 0.486275 0.470588
vn 0.4303774 -0.5904315 0.6827634
v 0.0249063 -0.0367341 0.0891591 0.498039 0.490196 0.470588
vn 0.4672828 -0.6688268 0.5782020
v 0.0241166 -0.0377617 0.0886688 0.509804 0.501961 0.490196
vn 0.3732320 -0.6614367 0.6505378
v 0.0225561 -0.0383536 0.0891570 0.525490 0.517647 0.498039
vn 0.4330018 -0.8024650 0.4105601
v 0.0224877 -0.0387461 0.0884620 0.556863 0.552941 0.537255
vn 0.3971323 -0.7797090 0.4840867
v 0.0207744 -0.0395769 0.0886456 0.549020 0.541176 0.525490
vn 0.3537158 -0.6932856 0.6278856
v 0.0199504 -0.0397552 0.0890206 0.572549 0.568627 0.552941
vn 0.3712921 -0.7643979 0.5271036
v 0.0183417 -0.0408282 0.0886242 0.564706 0.556863 0.549020
vn 0.2966177 -0.6638207 0.6865568
v 0.0171838 -0.0409280 0.0892884 0.584314 0.576471 0.560784
vn 0.2905842 -0.7543427 0.5886664
v 0.0159186 -0.0418693 0.0887067 0.501961 0.498039 0.490196
vn 0.1700237 -0.5843968 0.7934560
v 0.0131053 -0.0426639 0.0890224 0.443137 0.450980 0.435294
vn 0.4190399 -0.5129046 0.7492225
v 0.0277720 -0.0344189 0.0892817 0.541176 0.545098 0.517647
vn 0.1838773 -0.3492793 0.9187998
v 0.0198472 -0.0388388 0.0897766 0.650980 0.650980 0.631373
vn 0.5064504 -0.5660481 0.6504595
v 0.0295234 -0.0336721 0.0885679 0.431373 0.423529 0.411765
vn 0.5011266 -0.5360841 0.6793276
v 0.0309849 -0.0323220 0.0886034 0.423529 0.411765 0.400000
vn 0.1970516 -0.2916082 0.9360210
v 0.0233889 -0.0367831 0.0897696 0.650980 0.647059 0.619608
vn 0.4151347 -0.3896435 0.8220956
v 0.0318661 -0.0303389 0.0895078 0.584314 0.584314 0.560784
vn 0.2592714 -0.2976186 0.9188044
v 0.0283446 -0.0330732 0.0897378 0.600000 0.596078 0.572549
vn 0.1420890 -0.3134815 0.9389037
v 0.0168023 -0.0402417 0.0898160 0.647059 0.654902 0.627451
vn 0.0951156 -0.2676345 0.9588143
v 0.0140868 -0.0412787 0.0898515 0.619608 0.623529 0.600000
vn 0.0486174 -0.1406030 0.9888716
v 0.0110666 -0.0419458 0.0898784 0.588235 0.596078 0.568627
vn 0.1630220 -0.4989369 0.8511673
v 0.0113522 -0.0428269 0.0893122 0.572549 0.556863 0.545098
vn 0.2608776 -0.1943841 0.9455991
v 0.0342202 -0.0267469 0.0897739 0.580392 0.580392 0.556863
vn 0.0695058 -0.3062328 0.9494159
v 0.0086828 -0.0426021 0.0898680 0.564706 0.568627 0.541176
vn -0.0108463 0.0170840 0.9997953
v 0.0283385 -0.0325766 0.0898087 0.556863 0.556863 0.537255
vn -0.0279029 0.0695473 0.9971884
v 0.0179253 -0.0393280 0.0898432 0.611765 0.619608 0.592157
vn 0.1200213 -0.5329650 0.8375818
v 0.0072630 -0.0436454 0.0894076 0.603922 0.603922 0.580392
vn -0.0547933 0.0891728 0.9945079
v 0.0233145 -0.0362827 0.0898059 0.623529 0.627451 0.603922
vn 0.0438596 -0.3196615 0.9465162
v 0.0061129 -0.0434462 0.0896958 0.603922 0.603922 0.576471
vn -0.0125840 0.0411348 0.9990744
v 0.0063882 -0.0426273 0.0898877 0.572549 0.572549 0.541176
vn -0.0041001 -0.2113611 0.9773995
v 0.0003457 -0.0435617 0.0898762 0.572549 0.572549 0.545098
vn -0.0510238 0.0444222 0.9977090
v 0.0349324 -0.0250771 0.0897944 0.592157 0.592157 0.568627
vn 0.2987498 -0.1852044 0.9361879
v 0.0370249 -0.0227273 0.0897386 0.619608 0.623529 0.603922
vn -0.0342339 0.0139470 0.9993166
v 0.0375292 -0.0209113 0.0898029 0.635294 0.639216 0.615686
vn 0.3397911 -0.1839328 0.9223399
v 0.0387479 -0.0196575 0.0897402 0.670588 0.674510 0.654902
vn -0.0314467 0.0102314 0.9994531
v 0.0389355 -0.0182992 0.0898221 0.686275 0.686275 0.662745
vn 0.3458475 -0.1367382 0.9282737
v 0.0401799 -0.0165856 0.0897534 0.729412 0.733333 0.709804
vn -0.0719818 0.0266087 0.9970509
v 0.0402239 -0.0149325 0.0898263 0.713725 0.713725 0.694118
vn 0.3651676 -0.1287649 0.9219937
v 0.0416034 -0.0127839 0.0897683 0.772549 0.772549 0.752941
vn -0.0960728 0.0143862 0.9952704
v 0.0415521 -0.0113029 0.0898230 0.725490 0.741176 0.717647
vn 0.0151427 -0.0126725 0.9998050
v 0.0420758 -0.0094047 0.0898566 0.760784 0.764706 0.741176
vn 0.0033087 0.2282822 0.9735894
v -0.0004487 -0.0429251 0.0898078 0.560784 0.568627 0.537255
vn -0.0592504 0.1987289 0.9782619
v 0.0124016 -0.0412159 0.0898175 0.623529 0.623529 0.600000
vn 0.3133570 -0.0828941 0.9460106
v 0.0428079 -0.0096038 0.0896380 0.764706 0.768627 0.756863
vn 0.0910951 -0.0204210 0.9956328
v 0.0428065 -0.0061478 0.0898963 0.705882 0.713725 0.694118
vn -0.0437302 -0.1699810 0.9844766
v -0.0081958 -0.0426443 0.0898322 0.572549 0.568627 0.541176
vn -0.0485877 -0.5121163 0.8575408
v -0.0052300 -0.0436972 0.0896615 0.560784 0.560784 0.533333
vn -0.1062139 0.2282972 0.9677805
v 0.0164812 -0.0390435 0.0896027 0.603922 0.607843 0.580392
vn -0.1463959 0.2724159 0.9509774
v 0.0201622 -0.0370876 0.0895416 0.611765 0.611765 0.584314
vn 0.2705530 -0.0128203 0.9626198
v 0.0434349 -0.0052501 0.0897373 0.756863 0.768627 0.749020
vn 0.1118942 0.0130087 0.9936350
v 0.0428328 0.0036540 0.0899073 0.682353 0.694118 0.674510
vn 0.4229218 0.0176811 0.9059936
v 0.0434441 0.0015397 0.0897867 0.701961 0.705882 0.690196
vn -0.0530125 -0.0033427 0.9985883
v 0.0419697 0.0084667 0.0899044 0.658824 0.670588 0.643137
vn 0.3756814 0.0736145 0.9238206
v 0.0426463 0.0080866 0.0898021 0.650980 0.658824 0.639216
vn 0.3198325 0.1032159 0.9418353
v 0.0415337 0.0119242 0.0898336 0.623529 0.623529 0.603922
vn -0.0690528 -0.0335287 0.9970495
v 0.0411038 0.0118783 0.0898850 0.654902 0.654902 0.635294
vn -0.0579041 -0.0331538 0.9977715
v 0.0384874 0.0179592 0.0899206 0.584314 0.588235 0.568627
vn -0.1047376 -0.0489728 0.9932934
v 0.0397545 0.0147733 0.0899201 0.615686 0.615686 0.600000
vn 0.3051709 0.1183183 0.9449188
v 0.0402165 0.0155043 0.0898367 0.603922 0.603922 0.580392
vn 0.2588284 0.1385483 0.9559354
v 0.0375950 0.0207617 0.0898559 0.560784 0.560784 0.541176
vn 0.2555976 0.1786920 0.9501258
v 0.0357396 0.0240075 0.0898345 0.482353 0.478431 0.462745
vn -0.1715848 0.2248796 0.9591600
v 0.0259951 -0.0331185 0.0895193 0.545098 0.549020 0.525490
vn -0.0768879 0.2762650 0.9580010
v 0.0110783 -0.0408273 0.0895619 0.588235 0.592157 0.556863
vn -0.1736907 0.2503303 0.9524528
v 0.0231558 -0.0352581 0.0895076 0.588235 0.592157 0.564706
vn -0.0368326 0.3208041 0.9464292
v 0.0057842 -0.0419863 0.0896469 0.568627 0.568627 0.537255
vn -0.0157730 0.3615302 0.9322270
v 0.0000455 -0.0424262 0.0896196 0.592157 0.592157 0.564706
vn 0.0250054 0.2050586 0.9784303
v -0.0064131 -0.0420433 0.0896682 0.588235 0.592157 0.560784
vn 0.0318857 0.1638913 0.9859630
v -0.0102449 -0.0418442 0.0898255 0.596078 0.596078 0.564706
vn -0.0351328 -0.1293780 0.9909728
v -0.0125809 -0.0414672 0.0898317 0.580392 0.576471 0.545098
vn 0.0738773 0.2778881 0.9577685
v -0.0120156 -0.0406427 0.0895499 0.592157 0.592157 0.556863
vn 0.1330437 0.2953553 0.9460786
v -0.0159615 -0.0391544 0.0895939 0.603922 0.603922 0.568627
vn 0.0403976 0.0985541 0.9943114
v -0.0165364 -0.0396772 0.0898415 0.603922 0.603922 0.576471
vn 0.1378974 0.2883209 0.9475523
v -0.0189453 -0.0377995 0.0895817 0.603922 0.607843 0.576471
vn 0.0512291 0.0912981 0.9945050
v -0.0197529 -0.0381931 0.0898188 0.611765 0.611765 0.580392
vn -0.1108789 -0.3100320 0.9442383
v -0.0148580 -0.0408223 0.0898117 0.584314 0.584314 0.552941
vn -0.1512747 -0.2885826 0.9454291
v -0.0190811 -0.0388147 0.0897907 0.615686 0.611765 0.580392
vn -0.0819065 -0.1441775 0.9861563
v -0.0229984 -0.0366008 0.0898313 0.611765 0.615686 0.588235
vn 0.1356147 0.2162765 0.9668677
v -0.0223612 -0.0357748 0.0895660 0.619608 0.619608 0.588235
vn -0.0702065 -0.1126403 0.9911525
v -0.0251379 -0.0351227 0.0898736 0.631373 0.635294 0.603922
vn 0.1902385 0.2431666 0.9511464
v -0.0261953 -0.0331361 0.0895782 0.647059 0.650980 0.623529
vn 0.0851466 0.1094875 0.9903346
v -0.0280476 -0.0326540 0.0898350 0.623529 0.619608 0.592157
vn 0.2513421 0.2569341 0.9331732
v -0.0283801 -0.0310959 0.0894955 0.588235 0.592157 0.568627
vn -0.2196106 -0.2408073 0.9454010
v -0.0292667 -0.0321044 0.0898065 0.623529 0.623529 0.592157
vn 0.0660812 0.0574984 0.9961563
v -0.0317989 -0.0291011 0.0898542 0.619608 0.619608 0.588235
vn -0.2612199 -0.2243365 0.9388489
v -0.0323752 -0.0289743 0.0898131 0.603922 0.607843 0.576471
vn -0.2862208 -0.2027092 0.9364756
v -0.0355590 -0.0248078 0.0898253 0.611765 0.607843 0.580392
vn -0.1195300 -0.0827666 0.9893747
v -0.0365425 -0.0229297 0.0898792 0.588235 0.588235 0.564706
vn 0.2254611 0.2225949 0.9484824
v -0.0307372 -0.0289486 0.0895700 0.619608 0.619608 0.596078
vn 0.2868791 0.2169746 0.9330716
v -0.0323476 -0.0269834 0.0895304 0.639216 0.639216 0.619608
vn 0.2706254 0.1820120 0.9453219
v -0.0351143 -0.0234240 0.0895756 0.643137 0.647059 0.615686
vn 0.1219571 0.0595454 0.9907477
v -0.0372808 -0.0209354 0.0898998 0.600000 0.603922 0.572549
vn -0.3064340 -0.1565582 0.9389291
v -0.0387677 -0.0190081 0.0898447 0.615686 0.607843 0.584314
vn 0.1017341 0.0373823 0.9941091
v -0.0392433 -0.0169422 0.0899152 0.611765 0.611765 0.588235
vn -0.3155731 -0.1365077 0.9390311
v -0.0404809 -0.0153701 0.0898607 0.631373 0.631373 0.600000
vn -0.0737564 -0.0342527 0.9966879
v -0.0409324 -0.0131541 0.0899571 0.631373 0.631373 0.603922
vn 0.2926005 0.1049792 0.9504548
v -0.0396966 -0.0132755 0.0895989 0.658824 0.658824 0.631373
vn 0.3694080 0.0608346 0.9272739
v -0.0408649 -0.0095075 0.0895977 0.701961 0.698039 0.670588
vn 0.3344996 0.1299346 0.9333954
v -0.0386915 -0.0162685 0.0896237 0.658824 0.658824 0.635294
vn 0.3407635 0.1641970 0.9256995
v -0.0373229 -0.0192381 0.0896103 0.662745 0.670588 0.631373
vn 0.4447380 0.0470810 0.8944225
v 0.0435400 0.0057267 0.0894944 0.666667 0.670588 0.650980
vn 0.5407111 0.3013976 0.7853605
v 0.0378466 0.0222008 0.0893989 0.419608 0.407843 0.392157
vn 0.5148047 0.0059966 0.8572866
v 0.0439752 -0.0017082 0.0894989 0.745098 0.745098 0.733333
vn -0.1120230 -0.4851441 0.8672290
v -0.0077426 -0.0436078 0.0894105 0.560784 0.556863 0.525490
vn 0.5430211 0.2747689 0.7934924
v 0.0392629 0.0193910 0.0894042 0.443137 0.443137 0.419608
vn 0.4535737 0.2116752 0.8657162
v 0.0404327 0.0171212 0.0893748 0.447059 0.443137 0.423529
vn -0.4452782 -0.1595869 0.8810558
v -0.0421196 -0.0133287 0.0893553 0.541176 0.537255 0.513725
vn -0.2586290 -0.5717968 0.7785625
v -0.0165557 -0.0409344 0.0893761 0.545098 0.541176 0.505882
vn 0.0159394 -0.5070313 0.8617802
v 0.0004997 -0.0439914 0.0896445 0.607843 0.611765 0.580392
vn -0.1422521 -0.4969260 0.8560543
v -0.0110029 -0.0429706 0.0892465 0.462745 0.454902 0.431373
vn -0.3301811 -0.4406478 0.8347515
v -0.0270060 -0.0350956 0.0892670 0.517647 0.505882 0.470588
vn 0.4219502 0.2949703 0.8572926
v 0.0361685 0.0250894 0.0892846 0.329412 0.321569 0.313725
vn -0.4389232 -0.2611383 0.8597403
v -0.0370350 -0.0240175 0.0893243 0.474510 0.474510 0.450980
vn -0.2585001 -0.5061824 0.8227740
v -0.0211071 -0.0389729 0.0891504 0.486275 0.478431 0.435294
vn 0.5002889 0.1342984 0.8553800
v 0.0429712 0.0099852 0.0893238 0.580392 0.584314 0.564706
vn -0.4667201 -0.2010597 0.8612475
v -0.0410623 -0.0157067 0.0894670 0.556863 0.556863 0.525490
vn -0.4768381 -0.2398373 0.8456379
v -0.0395079 -0.0192012 0.0893704 0.580392 0.580392 0.549020
vn -0.4368313 -0.3421881 0.8319169
v -0.0350244 -0.0272121 0.0891983 0.439216 0.431373 0.400000
vn -0.3000882 -0.4707291 0.8296754
v -0.0244119 -0.0369892 0.0891625 0.486275 0.474510 0.439216
vn -0.2710837 -0.5712811 0.7746945
v -0.0198261 -0.0393095 0.0893113 0.600000 0.596078 0.560784
vn -0.4629948 -0.4305651 0.7747577
v -0.0324017 -0.0299596 0.0893791 0.537255 0.537255 0.494118
vn 0.4963918 0.1710970 0.8510706
v 0.0422482 0.0127495 0.0892509 0.572549 0.568627 0.552941
vn 0.4960811 -0.2286971 0.8376164
v 0.0402124 -0.0179895 0.0893654 0.705882 0.709804 0.694118
vn -0.4390887 -0.4947373 0.7499574
v -0.0294218 -0.0329537 0.0893338 0.505882 0.501961 0.462745
vn 0.4700083 -0.3235668 0.8212166
v 0.0365860 -0.0248846 0.0891714 0.501961 0.501961 0.474510
vn 0.4729972 -0.2952059 0.8301368
v 0.0376055 -0.0231843 0.0892484 0.584314 0.580392 0.549020
vn 0.4901823 -0.3783407 0.7852259
v 0.0345983 -0.0275439 0.0892266 0.501961 0.490196 0.470588
vn 0.5976176 -0.2028146 0.7757058
v 0.0426617 -0.0124036 0.0890524 0.635294 0.631373 0.615686
vn 0.0557798 -0.6460519 0.7612526
v 0.0026272 -0.0445207 0.0890393 0.360784 0.360784 0.329412
vn -0.2371451 -0.6655302 0.7076946
v -0.0153884 -0.0419716 0.0887977 0.403922 0.392157 0.349020
vn 0.6966954 0.0412097 0.7161825
v 0.0445005 -0.0010662 0.0889509 0.654902 0.639216 0.619608
vn -0.0739977 -0.7152531 0.6949370
v -0.0058670 -0.0444202 0.0888495 0.368627 0.352941 0.317647
vn -0.5037706 -0.5166492 0.6923069
v -0.0313283 -0.0317442 0.0888524 0.447059 0.435294 0.400000
vn -0.5371874 -0.4792259 0.6940981
v -0.0328008 -0.0302590 0.0888635 0.427451 0.419608 0.376471
vn -0.5672846 -0.4933010 0.6594257
v -0.0340552 -0.0290187 0.0886606 0.415686 0.407843 0.364706
vn 0.6346504 0.3814848 0.6720776
v 0.0377479 0.0233436 0.0888434 0.262745 0.254902 0.243137
vn -0.2286471 -0.6997233 0.6768366
v -0.0135351 -0.0426637 0.0887083 0.388235 0.376471 0.333333
vn -0.3400392 -0.6606724 0.6692424
v -0.0184777 -0.0406512 0.0886848 0.427451 0.415686 0.368627
vn -0.3180416 -0.6732309 0.6675401
v -0.0199829 -0.0399110 0.0886300 0.435294 0.419608 0.376471
vn 0.6586115 0.3411691 0.6706971
v 0.0398880 0.0195726 0.0886979 0.313725 0.305882 0.294118
vn 0.6760212 0.3493485 0.6488074
v 0.0389775 0.0215844 0.0885418 0.247059 0.239216 0.231373
vn 0.6082199 -0.4408972 0.6600593
v 0.0355384 -0.0268051 0.0888539 0.498039 0.490196 0.470588
vn 0.5571262 -0.5125387 0.6533870
v 0.0324148 -0.0308493 0.0886396 0.423529 0.419608 0.407843
vn 0.5789628 -0.4990848 0.6447608
v 0.0337358 -0.0293983 0.0885570 0.439216 0.435294 0.423529
vn -0.4284246 -0.6230546 0.6544122
v -0.0261672 -0.0361833 0.0887806 0.478431 0.466667 0.427451
vn -0.3892565 -0.6524352 0.6502367
v -0.0225682 -0.0383702 0.0888805 0.470588 0.458824 0.431373
vn -0.3221954 -0.6930324 0.6449003
v -0.0169326 -0.0413546 0.0887363 0.423529 0.411765 0.372549
vn -0.5026002 -0.5814878 0.6397383
v -0.0290149 -0.0340253 0.0886795 0.439216 0.431373 0.380392
vn -0.5191886 -0.5698099 0.6369928
v -0.0304336 -0.0328208 0.0886280 0.439216 0.431373 0.380392
vn 0.9895332 0.1228421 -0.0757224
v 0.0433438 0.0064575 0.0218171 0.011765 0.188235 0.431373
vn 0.9944091 0.0595010 -0.0872367
v 0.0426553 0.0035945 0.0097521 0.011765 0.207843 0.450980
vn 0.9811692 0.1727920 -0.0863130
v 0.0419662 0.0087441 0.0088918 0.007843 0.164706 0.403922
vn 0.9793672 0.1869975 -0.0766277
v 0.0430355 0.0089939 0.0217161 0.011765 0.164706 0.400000
vn 0.9940507 0.0590497 -0.0915224
v 0.0419987 0.0036400 0.0023787 0.011765 0.211765 0.454902
vn 0.9810318 0.1711775 -0.0909669
v 0.0407194 0.0089463 -0.0042781 0.011765 0.172549 0.403922
vn 0.9935142 0.0682804 -0.0909248
v 0.0414401 0.0035589 -0.0036561 0.011765 0.219608 0.458824
vn 0.9940537 0.0616179 -0.0897804
v 0.0405342 0.0034465 -0.0136935 0.011765 0.219608 0.450980
vn 0.9935676 0.0772201 -0.0828280
v 0.0435999 0.0036524 0.0204385 0.007843 0.200000 0.447059
vn 0.9894197 0.1120714 -0.0921338
v 0.0402597 0.0045672 -0.0154785 0.011765 0.215686 0.450980
vn 0.9935766 0.0912442 -0.0669335
v 0.0442670 0.0036381 0.0296981 0.011765 0.200000 0.447059
vn 0.9902267 0.1279207 -0.0555646
v 0.0442452 0.0077953 0.0384340 0.007843 0.180392 0.419608
vn 0.9937432 0.0960778 -0.0569506
v 0.0446980 0.0040333 0.0370003 0.011765 0.203922 0.450980
vn 0.9811348 0.1829982 -0.0623389
v 0.0434284 0.0090662 0.0276122 0.007843 0.164706 0.403922
vn 0.9842551 0.1703426 -0.0471743
v 0.0442281 0.0088260 0.0402286 0.007843 0.172549 0.411765
vn 0.9810033 0.1905992 -0.0361176
v 0.0444668 0.0090315 0.0467968 0.011765 0.180392 0.419608
vn 0.9926249 0.1129396 -0.0440514
v 0.0449493 0.0048443 0.0440324 0.011765 0.215686 0.454902
vn 0.9930531 0.1170364 -0.0121703
v 0.0451848 0.0056116 0.0536379 0.015686 0.219608 0.486275
vn 0.9973264 0.0648703 -0.0336437
v 0.0452353 0.0023746 0.0461947 0.015686 0.227451 0.478431
vn 0.9981940 -0.0088930 -0.0594100
v 0.0448514 -0.0000564 0.0361835 0.019608 0.231373 0.478431
vn 0.9973859 -0.0136055 -0.0709678
v 0.0444198 -0.0001011 0.0296019 0.015686 0.227451 0.474510
vn 0.9989302 0.0037466 -0.0460909
v 0.0452379 0.0001897 0.0433863 0.019608 0.243137 0.486275
vn 0.9941436 0.0490615 -0.0962889
v 0.0394774 0.0035219 -0.0245781 0.011765 0.227451 0.458824
vn 0.9889193 0.1143518 -0.0946695
v 0.0389768 0.0056418 -0.0279569 0.007843 0.215686 0.447059
vn 0.9952528 0.0326703 -0.0916764
v 0.0381288 0.0036204 -0.0383249 0.007843 0.235294 0.466667
vn 0.9801443 0.1746529 -0.0938803
v 0.0400921 0.0087743 -0.0111318 0.011765 0.176471 0.411765
vn 0.9902703 0.1115630 -0.0831778
v 0.0370603 0.0054277 -0.0494574 0.007843 0.239216 0.462745
vn 0.9918917 0.1035581 -0.0736654
v 0.0362033 0.0057519 -0.0597844 0.007843 0.262745 0.478431
vn 0.9803987 0.1796063 -0.0809943
v 0.0366572 0.0082299 -0.0489180 0.011765 0.231373 0.454902
vn 0.9906607 0.1033450 -0.0889457
v 0.0380435 0.0053007 -0.0382869 0.007843 0.227451 0.454902
vn 0.9804559 0.1747974 -0.0902897
v 0.0377364 0.0078966 -0.0371784 0.007843 0.211765 0.435294
vn 0.9806134 0.1732734 -0.0915090
v 0.0391182 0.0079609 -0.0228048 0.007843 0.196078 0.427451
vn 0.9794043 0.1883649 -0.0727039
v 0.0358895 0.0086061 -0.0585869 0.003922 0.243137 0.462745
vn 0.9948103 0.0956624 -0.0346570
v 0.0356370 0.0057231 -0.0677569 0.003922 0.250980 0.470588
vn 0.9825563 0.1797862 -0.0475404
v 0.0353814 0.0081923 -0.0664842 0.007843 0.262745 0.478431
vn 0.9962711 0.0310540 -0.0804958
v 0.0368590 0.0033897 -0.0533682 0.011765 0.262745 0.486275
vn 0.9965209 0.0347438 -0.0757572
v 0.0365053 0.0032199 -0.0580890 0.011765 0.270588 0.494118
vn 0.9983283 0.0357603 -0.0454073
v 0.0358222 0.0033763 -0.0670563 0.007843 0.258824 0.482353
vn 0.9831631 0.1825443 -0.0082426
v 0.0352755 0.0083643 -0.0711959 0.011765 0.294118 0.521569
vn 0.9981078 0.0613839 -0.0036056
v 0.0453762 0.0032298 0.0550598 0.341176 0.341176 0.349020
vn 0.9995946 -0.0098102 -0.0267282
v 0.0453835 0.0000482 0.0476518 0.011765 0.250980 0.505882
vn 0.9999996 0.0008415 0.0003332
v 0.0455308 -0.0001049 0.0564740 0.431373 0.427451 0.423529
vn 0.9946074 -0.0336145 -0.0981131
v 0.0388512 -0.0002470 -0.0318460 0.011765 0.262745 0.490196
vn 0.9945924 -0.0412210 -0.0953249
v 0.0380568 -0.0002278 -0.0394236 0.011765 0.254902 0.482353
vn 0.9961078 -0.0465688 -0.0748384
v 0.0364202 -0.0000927 -0.0593465 0.015686 0.274510 0.501961
vn 0.9979038 -0.0398275 -0.0510073
v 0.0358802 -0.0000412 -0.0664450 0.023529 0.301961 0.529412
vn 0.9955892 -0.0486506 -0.0802207
v 0.0368711 -0.0001388 -0.0533139 0.019608 0.262745 0.490196
vn 0.9958322 -0.0304444 -0.0859731
v 0.0435510 -0.0005040 0.0187989 0.007843 0.227451 0.470588
vn 0.9953312 -0.0290502 -0.0920431
v 0.0427013 -0.0006350 0.0094775 0.023529 0.235294 0.478431
vn 0.9958507 0.0072494 -0.0907135
v 0.0422851 0.0021540 0.0055661 0.019608 0.227451 0.470588
vn 0.9952160 -0.0314052 -0.0925139
v 0.0421902 -0.0005225 0.0042905 0.023529 0.239216 0.478431
vn 0.9952450 -0.0358409 -0.0905699
v 0.0413687 -0.0005409 -0.0051900 0.015686 0.243137 0.478431
vn 0.9950625 -0.0333848 -0.0934671
v 0.0405918 -0.0004078 -0.0136878 0.011765 0.243137 0.474510
vn 0.9945034 -0.0351143 -0.0986412
v 0.0398876 -0.0002500 -0.0210934 0.015686 0.250980 0.478431
vn 0.9945487 -0.0414011 -0.0957021
v 0.0394083 -0.0003752 -0.0257462 0.015686 0.254902 0.482353
vn 0.9995201 0.0288704 0.0112297
v 0.0357009 0.0032131 -0.0787864 0.023529 0.372549 0.615686
vn 0.9958736 0.0894527 0.0153005
v 0.0355479 0.0059326 -0.0790846 0.015686 0.329412 0.568627
vn 0.9839438 0.1773732 0.0198362
v 0.0352734 0.0082529 -0.0795763 0.003922 0.274510 0.509804
vn 0.9990714 -0.0398063 -0.0164907
v 0.0357811 0.0000368 -0.0704073 0.015686 0.349020 0.588235
vn 0.9987939 -0.0478753 -0.0109018
v 0.0357347 0.0000189 -0.0754265 0.039216 0.443137 0.666667
vn 0.9983892 -0.0551626 0.0132700
v 0.0357119 0.0000047 -0.0796244 0.015686 0.384314 0.615686
vn 0.9873835 0.0823158 0.1352703
v 0.0451763 0.0048607 0.0632701 0.368627 0.368627 0.349020
vn 0.9907693 0.0143007 0.1348020
v 0.0454238 0.0000390 0.0632423 0.470588 0.470588 0.450980
vn 0.9951972 0.0975377 0.0083051
v 0.0451703 0.0054629 0.0596761 0.321569 0.321569 0.309804
vn 0.9824976 0.1861867 -0.0057475
v 0.0446919 0.0086350 0.0537799 0.011765 0.203922 0.454902
vn 0.9997783 0.0209634 -0.0019872
v 0.0358208 0.0029574 -0.0818556 0.023529 0.431373 0.682353
vn 0.9954900 0.0947644 -0.0044169
v 0.0356403 0.0060740 -0.0819353 0.019608 0.364706 0.615686
vn 0.9796008 0.2008876 -0.0051512
v 0.0352872 0.0086923 -0.0819807 0.015686 0.325490 0.572549
vn 0.9981140 0.0205707 -0.0578381
v 0.0356692 0.0028262 -0.0855267 0.003922 0.356863 0.603922
vn 0.9938514 0.0909184 -0.0631933
v 0.0354593 0.0060071 -0.0860048 0.007843 0.337255 0.580392
vn 0.9815133 0.1796308 -0.0660640
v 0.0351947 0.0081683 -0.0859412 0.007843 0.321569 0.556863
vn 0.9541187 0.0195090 -0.2987926
v 0.0354232 0.0030066 -0.0887127 0.031373 0.188235 0.309804
vn 0.9495543 0.0948083 -0.2989280
v 0.0352595 0.0058136 -0.0887098 0.039216 0.184314 0.294118
vn 0.9960417 -0.0647969 -0.0608471
v 0.0356152 0.0001042 -0.0858293 0.003922 0.392157 0.631373
vn 0.9562227 -0.0632007 -0.2857339
v 0.0353791 0.0000917 -0.0887305 0.035294 0.243137 0.392157
vn 0.9314421 0.1697074 -0.3218927
v 0.0348922 0.0084364 -0.0887767 0.031373 0.192157 0.333333
vn 0.9979215 -0.0641007 -0.0066219
v 0.0357774 0.0000535 -0.0818331 0.035294 0.494118 0.725490
vn 0.9958753 -0.0747381 -0.0514456
v 0.0448942 -0.0036168 0.0407629 0.011765 0.247059 0.498039
vn 0.9789261 0.1823035 0.0920285
v 0.0445981 0.0087002 0.0631643 0.282353 0.282353 0.266667
vn 0.9527492 0.1288079 0.2750955
v 0.0450062 0.0058702 0.0636717 0.521569 0.513725 0.498039
vn 0.9613088 0.2604297 -0.0897877
v 0.0367196 0.0111902 -0.0412877 0.007843 0.200000 0.427451
vn 0.9617997 0.2608843 -0.0829503
v 0.0361456 0.0108220 -0.0486235 0.007843 0.219608 0.443137
vn 0.9621026 0.2632613 -0.0710783
v 0.0356756 0.0105560 -0.0551529 0.007843 0.227451 0.450980
vn 0.9660939 0.2452369 -0.0807556
v 0.0416983 0.0105527 0.0107027 0.007843 0.149020 0.384314
vn 0.9537449 0.2878079 -0.0868170
v 0.0404595 0.0127369 0.0023598 0.007843 0.149020 0.380392
vn 0.9551122 0.2820659 -0.0905515
v 0.0399239 0.0123219 -0.0047287 0.007843 0.152941 0.384314
vn 0.9547114 0.2820499 -0.0947317
v 0.0392476 0.0122588 -0.0120429 0.007843 0.160784 0.392157
vn 0.9566950 0.2761005 -0.0922136
v 0.0385962 0.0119926 -0.0191290 0.007843 0.164706 0.400000
vn 0.9597548 0.2654995 -0.0915465
v 0.0379109 0.0116927 -0.0272533 0.007843 0.176471 0.403922
vn 0.9591551 0.2675635 -0.0918224
v 0.0372088 0.0116718 -0.0348177 0.007843 0.188235 0.415686
vn 0.9622011 0.2683342 -0.0465378
v 0.0347283 0.0109679 -0.0662464 0.007843 0.250980 0.470588
vn 0.9727687 0.2315930 -0.0092609
v 0.0442420 0.0107081 0.0533969 0.011765 0.184314 0.427451
vn 0.9671288 0.2478366 -0.0569114
v 0.0436348 0.0097813 0.0340916 0.007843 0.164706 0.396078
vn 0.9621615 0.2655934 -0.0608721
v 0.0344468 0.0111326 -0.0861745 0.003922 0.309804 0.545098
vn 0.9190060 0.2453892 -0.3085648
v 0.0342900 0.0110070 -0.0888162 0.027451 0.160784 0.286275
vn 0.9688697 0.2375494 0.0697259
v 0.0440859 0.0110181 0.0631245 0.258824 0.258824 0.243137
vn 0.9659892 0.2557710 -0.0380270
v 0.0434139 0.0132558 0.0466757 0.007843 0.156863 0.388235
vn 0.9587046 0.2754394 -0.0708426
v 0.0422850 0.0126132 0.0244383 0.007843 0.145098 0.376471
vn 0.9436259 0.3285725 -0.0401280
v 0.0431025 0.0143825 0.0466903 0.011765 0.149020 0.380392
vn 0.9578731 0.2815877 -0.0564584
v 0.0427202 0.0134351 0.0351429 0.007843 0.145098 0.372549
vn 0.9639892 0.2658455 -0.0071445
v 0.0345670 0.0112437 -0.0704745 0.007843 0.266667 0.494118
vn 0.9660870 0.2581750 -0.0046414
v 0.0346394 0.0109284 -0.0755006 0.011765 0.294118 0.517647
vn 0.9659452 0.2583560 0.0142169
v 0.0346444 0.0108593 -0.0798158 0.007843 0.274510 0.501961
vn 0.9510948 0.3087866 -0.0083377
v 0.0433225 0.0142837 0.0543771 0.035294 0.145098 0.313725
vn 0.9538223 0.3003071 0.0062169
v 0.0433318 0.0142541 0.0584860 0.219608 0.219608 0.203922
vn 0.9474100 0.3107030 -0.0766682
v 0.0408259 0.0138161 0.0108996 0.007843 0.141176 0.368627
vn 0.9435944 0.3213710 -0.0796892
v 0.0412823 0.0141290 0.0178008 0.003922 0.137255 0.364706
vn 0.9329476 0.3598459 -0.0109463
v 0.0336800 0.0144338 -0.0814736 0.019608 0.305882 0.541176
vn 0.9424340 0.3283794 -0.0631285
v 0.0419203 0.0144271 0.0270998 0.007843 0.137255 0.368627
vn 0.9332454 0.3551239 -0.0542218
v 0.0335875 0.0141674 -0.0852807 0.007843 0.298039 0.529412
vn 0.9132997 0.2880684 -0.2879240
v 0.0336264 0.0131044 -0.0888179 0.031373 0.160784 0.254902
vn 0.9386971 0.3446371 -0.0085507
v 0.0336925 0.0142591 -0.0735361 0.003922 0.258824 0.482353
vn 0.9373646 0.3462797 -0.0379209
v 0.0335443 0.0146142 -0.0668158 0.003922 0.227451 0.443137
vn 0.9410847 0.3381698 -0.0008611
v 0.0336893 0.0141037 -0.0768300 0.003922 0.250980 0.482353
vn 0.9334261 0.3513919 -0.0723842
v 0.0340032 0.0149556 -0.0592237 0.007843 0.239216 0.454902
vn 0.9417583 0.3259034 -0.0829355
v 0.0354236 0.0141075 -0.0441917 0.007843 0.207843 0.431373
vn 0.9244277 0.3738921 -0.0750869
v 0.0342085 0.0157482 -0.0526348 0.007843 0.227451 0.447059
vn 0.9268172 0.2701653 0.2608077
v 0.0433415 0.0136578 0.0636933 0.458824 0.458824 0.454902
vn 0.9232690 0.3210095 0.2110150
v 0.0429910 0.0148687 0.0634819 0.231373 0.227451 0.215686
vn 0.8794582 0.3663377 -0.3038913
v 0.0329738 0.0150164 -0.0888455 0.043137 0.133333 0.211765
vn 0.9336168 0.2021912 0.2957674
v 0.0442688 0.0099612 0.0636817 0.643137 0.643137 0.631373
vn 0.9242246 0.3736309 -0.0787966
v 0.0346828 0.0162636 -0.0441587 0.007843 0.211765 0.435294
vn 0.9155520 0.3926564 -0.0870949
v 0.0350318 0.0166626 -0.0383595 0.007843 0.196078 0.423529
vn 0.9278141 0.3623285 -0.0887639
v 0.0361803 0.0170480 -0.0257802 0.007843 0.176471 0.400000
vn 0.8976313 0.4307107 -0.0935219
v 0.0368352 0.0182252 -0.0136565 0.007843 0.156863 0.388235
vn 0.9286948 0.3582623 -0.0957811
v 0.0356867 0.0168920 -0.0311495 0.003922 0.184314 0.411765
vn 0.9338945 0.3454548 -0.0922066
v 0.0379598 0.0162881 -0.0096889 0.007843 0.152941 0.384314
vn 0.9037893 0.4195061 -0.0847321
v 0.0385109 0.0183036 0.0039026 0.007843 0.141176 0.368627
vn 0.9064423 0.4155052 -0.0756153
v 0.0390972 0.0184863 0.0113843 0.007843 0.137255 0.368627
vn 0.9121914 0.4010735 -0.0839464
v 0.0378102 0.0180242 -0.0048529 0.007843 0.149020 0.376471
vn 0.8983540 0.4282026 -0.0979932
v 0.0370765 0.0183216 -0.0111298 0.007843 0.156863 0.384314
vn 0.9034031 0.4220632 -0.0756669
v 0.0393183 0.0190208 0.0175966 0.007843 0.133333 0.364706
vn 0.9251787 0.3759032 -0.0523553
v 0.0422237 0.0154110 0.0385894 0.007843 0.137255 0.364706
vn 0.9217510 0.3802412 -0.0761042
v 0.0399707 0.0183319 0.0217935 0.007843 0.133333 0.356863
vn 0.9006116 0.4300635 -0.0628020
v 0.0398384 0.0194372 0.0259907 0.007843 0.133333 0.356863
vn 0.8957295 0.3613544 0.2590206
v 0.0421406 0.0171491 0.0636482 0.349020 0.349020 0.337255
vn 0.9236087 0.3831187 -0.0129283
v 0.0420773 0.0174271 0.0543880 0.031373 0.121569 0.290196
vn 0.8944622 0.4374046 -0.0928156
v 0.0358254 0.0175666 -0.0271606 0.007843 0.180392 0.407843
vn 0.9059644 0.4216835 -0.0375704
v 0.0327895 0.0163540 -0.0670675 0.003922 0.235294 0.450980
vn 0.8990360 0.4365926 -0.0334839
v 0.0411713 0.0191989 0.0495632 0.007843 0.145098 0.368627
vn 0.9175354 0.3946719 -0.0486104
v 0.0403422 0.0191395 0.0330754 0.003922 0.129412 0.349020
vn 0.8978132 0.4380773 -0.0449410
v 0.0408135 0.0194217 0.0443125 0.003922 0.137255 0.356863
vn 0.8810456 0.4648832 -0.0874199
v 0.0363942 0.0181944 -0.0182942 0.007843 0.164706 0.396078
vn 0.8991448 0.4375952 -0.0070091
v 0.0412557 0.0193727 0.0554877 0.141176 0.129412 0.117647
vn 0.8984509 0.4274875 -0.1002020
v 0.0325264 0.0160924 -0.0884531 0.027451 0.192157 0.317647
vn 0.8824592 0.4668479 -0.0576084
v 0.0320530 0.0179555 -0.0664987 0.007843 0.258824 0.478431
vn 0.8694115 0.4940670 -0.0046421
v 0.0312616 0.0192339 -0.0690088 0.011765 0.250980 0.466667
vn 0.8984241 0.4390627 -0.0076151
v 0.0325724 0.0167591 -0.0733705 0.015686 0.247059 0.470588
vn 0.8646221 0.5023678 -0.0074443
v 0.0310346 0.0196768 -0.0725387 0.011765 0.243137 0.470588
vn 0.9018421 0.4318485 0.0137059
v 0.0331194 0.0154489 -0.0789852 0.003922 0.266667 0.498039
vn 0.8756019 0.4077882 0.2589018
v 0.0413310 0.0190046 0.0636918 0.313725 0.317647 0.305882
vn 0.8735853 0.4801897 -0.0791615
v 0.0333840 0.0185460 -0.0467527 0.007843 0.235294 0.450980
vn 0.8724879 0.4824848 -0.0772875
v 0.0329536 0.0183834 -0.0520696 0.007843 0.243137 0.458824
vn 0.8728272 0.4834413 -0.0667622
v 0.0325138 0.0183903 -0.0574386 0.007843 0.254902 0.466667
vn 0.8544787 0.5194348 -0.0073208
v 0.0309345 0.0200230 -0.0818221 0.023529 0.301961 0.529412
vn 0.8572298 0.5129678 -0.0449578
v 0.0308240 0.0199584 -0.0854632 0.007843 0.286275 0.517647
vn 0.8564770 0.5160167 0.0131935
v 0.0308899 0.0199135 -0.0788280 0.007843 0.274510 0.501961
vn 0.8678700 0.4887082 -0.0892521
v 0.0340249 0.0189920 -0.0367039 0.007843 0.211765 0.439216
vn 0.8569136 0.4188377 -0.3004565
v 0.0317658 0.0175253 -0.0888255 0.047059 0.145098 0.215686
vn 0.8605534 0.4866225 -0.1504871
v 0.0307089 0.0197069 -0.0887347 0.039216 0.200000 0.313725
vn 0.9888730 -0.0631438 0.1346964
v 0.0452981 -0.0036191 0.0631172 0.407843 0.407843 0.388235
vn 0.8422962 0.5340594 -0.0729222
v 0.0370641 0.0237316 0.0210239 0.007843 0.149020 0.376471
vn 0.8424956 0.5329899 -0.0782488
v 0.0367007 0.0232233 0.0137346 0.007843 0.152941 0.380392
vn 0.8596654 0.5036328 -0.0856122
v 0.0367712 0.0208066 0.0005043 0.007843 0.152941 0.384314
vn 0.8550442 0.4654662 0.2285619
v 0.0402601 0.0210597 0.0636452 0.309804 0.309804 0.298039
vn 0.8646125 0.5024110 0.0053311
v 0.0312184 0.0192258 -0.0756334 0.015686 0.274510 0.501961
vn 0.8451052 0.5321934 -0.0506690
v 0.0377260 0.0237588 0.0302934 0.003922 0.141176 0.368627
vn 0.8699008 0.4919638 -0.0352725
v 0.0388320 0.0233411 0.0480349 0.003922 0.145098 0.364706
vn 0.8695456 0.4937655 -0.0092771
v 0.0394492 0.0226600 0.0550514 0.117647 0.117647 0.117647
vn 0.8439954 0.5343409 -0.0463855
v 0.0382637 0.0238727 0.0421078 0.007843 0.141176 0.368627
vn 0.8571997 0.5106714 -0.0665093
v 0.0315283 0.0194825 -0.0622409 0.007843 0.266667 0.482353
vn 0.8544021 0.5118882 -0.0892612
v 0.0339801 0.0199892 -0.0314524 0.007843 0.207843 0.435294
vn 0.8368006 0.5473583 -0.0127886
v 0.0380983 0.0249423 0.0541042 0.015686 0.129412 0.329412
vn 0.8370942 0.5463313 -0.0282044
v 0.0380594 0.0248691 0.0508580 0.007843 0.149020 0.376471
vn 0.8479828 0.4945822 0.1905615
v 0.0389807 0.0233020 0.0635762 0.254902 0.254902 0.243137
vn 0.8475637 0.5233218 -0.0881478
v 0.0349511 0.0225334 -0.0074639 0.007843 0.180392 0.411765
vn 0.8182767 0.5736852 -0.0361754
v 0.0297862 0.0216817 -0.0667807 0.003922 0.254902 0.470588
vn 0.8462402 0.5255871 -0.0873829
v 0.0345009 0.0215272 -0.0170549 0.015686 0.192157 0.419608
vn 0.8444689 0.5291217 -0.0830814
v 0.0308776 0.0235262 -0.0399941 0.007843 0.266667 0.478431
vn 0.8484029 0.5222605 -0.0863517
v 0.0321309 0.0239204 -0.0261168 0.003922 0.239216 0.462745
vn 0.8431286 0.5339927 -0.0631342
v 0.0301072 0.0220399 -0.0597903 0.007843 0.282353 0.494118
vn 0.8470635 0.5263963 -0.0734187
v 0.0302602 0.0230312 -0.0501551 0.007843 0.274510 0.494118
vn 0.8419325 0.5340766 -0.0768888
v 0.0305094 0.0232047 -0.0458705 0.007843 0.274510 0.490196
vn 0.8460428 0.5263717 -0.0845252
v 0.0341758 0.0247541 -0.0011621 0.007843 0.184314 0.419608
vn 0.8151180 0.5410310 0.2070465
v 0.0378049 0.0252855 0.0636194 0.290196 0.286275 0.278431
vn 0.8360341 0.5486097 -0.0086247
v 0.0301975 0.0210160 -0.0723414 0.007843 0.247059 0.474510
vn 0.8158723 0.5781646 -0.0088397
v 0.0297243 0.0216538 -0.0746737 0.011765 0.278431 0.505882
vn 0.8401406 0.5340744 -0.0944897
v 0.0335636 0.0242215 -0.0103388 0.007843 0.196078 0.427451
vn 0.8282089 0.5556039 -0.0733112
v 0.0328989 0.0237417 -0.0191795 0.011765 0.219608 0.443137
vn 0.8317968 0.5492477 -0.0802566
v 0.0325676 0.0244421 -0.0173615 0.007843 0.223529 0.447059
vn 0.8205085 0.5659449 -0.0804505
v 0.0346758 0.0249915 0.0055217 0.007843 0.176471 0.407843
vn 0.8064525 0.5886473 -0.0559354
v 0.0291563 0.0219539 -0.0888252 0.015686 0.239216 0.443137
vn 0.8087809 0.5812517 -0.0895540
v 0.0312189 0.0238070 -0.0350895 0.007843 0.258824 0.474510
vn 0.8100645 0.5836890 -0.0557021
v 0.0350537 0.0272867 0.0283523 0.007843 0.160784 0.392157
vn 0.8084851 0.5839506 -0.0731676
v 0.0349887 0.0266073 0.0210418 0.011765 0.176471 0.407843
vn 0.8143246 0.5789250 -0.0414899
v 0.0350737 0.0278197 0.0350763 0.007843 0.164706 0.392157
vn 0.8060060 0.5865389 -0.0795393
v 0.0346336 0.0263511 0.0159345 0.003922 0.168627 0.400000
vn 0.8094597 0.5852059 -0.0480539
v 0.0371132 0.0253352 0.0409636 0.007843 0.149020 0.376471
vn 0.8094869 0.5854820 -0.0440668
v 0.0352018 0.0282630 0.0436972 0.007843 0.160784 0.392157
vn 0.8057441 0.5922434 0.0049327
v 0.0290495 0.0224795 -0.0789984 0.003922 0.266667 0.498039
vn 0.8024341 0.5953507 -0.0407062
v 0.0286702 0.0228489 -0.0858670 0.007843 0.294118 0.521569
vn 0.7968621 0.6019884 -0.0511942
v 0.0278478 0.0236862 -0.0888228 0.047059 0.176471 0.298039
vn 0.8016361 0.5977390 -0.0093715
v 0.0288876 0.0227618 -0.0816731 0.019608 0.313725 0.549020
vn 0.8013642 0.5981045 -0.0092929
v 0.0368854 0.0266279 0.0552262 0.156863 0.149020 0.141176
vn 0.7987850 0.5989023 0.0570834
v 0.0363387 0.0272752 0.0635797 0.282353 0.301961 0.274510
vn 0.7932878 0.6087357 -0.0116385
v 0.0349891 0.0290986 0.0554206 0.192157 0.184314 0.172549
vn 0.7936575 0.6083462 0.0047605
v 0.0346798 0.0294431 0.0631829 0.176471 0.176471 0.152941
vn 0.7871360 0.6167485 -0.0061991
v 0.0281372 0.0236836 -0.0742472 0.015686 0.286275 0.513725
vn 0.7809283 0.6235166 -0.0371238
v 0.0284779 0.0233360 -0.0664847 0.011765 0.294118 0.509804
vn 0.9975655 -0.0679248 -0.0157912
v 0.0453696 -0.0036097 0.0549365 0.450980 0.470588 0.513725
vn 0.9970357 -0.0720733 -0.0269306
v 0.0452399 -0.0032346 0.0502556 0.015686 0.290196 0.549020
vn 0.9930743 -0.1134146 -0.0306681
v 0.0449046 -0.0054307 0.0444318 0.019608 0.286275 0.537255
vn 0.9943448 -0.0791241 -0.0708361
v 0.0442743 -0.0027410 0.0300753 0.015686 0.231373 0.482353
vn 0.9860337 -0.1505782 -0.0711594
v 0.0438569 -0.0062875 0.0288346 0.019608 0.333333 0.568627
vn 0.9848195 -0.1517275 -0.0843179
v 0.0433335 -0.0061289 0.0218754 0.019608 0.368627 0.592157
vn 0.9859431 -0.1539552 -0.0649149
v 0.0442773 -0.0061740 0.0348036 0.027451 0.313725 0.560784
vn 0.9885259 -0.1402798 -0.0560186
v 0.0446661 -0.0060490 0.0407165 0.011765 0.309804 0.552941
vn 0.9849492 -0.1507463 -0.0845613
v 0.0427183 -0.0059834 0.0146978 0.023529 0.352941 0.580392
vn 0.9852496 -0.1466549 -0.0881800
v 0.0421796 -0.0059280 0.0083835 0.031373 0.372549 0.592157
vn 0.9832032 -0.1562876 -0.0942635
v 0.0415661 -0.0059900 0.0018469 0.035294 0.372549 0.592157
vn 0.9912677 -0.0950200 -0.0914303
v 0.0403857 -0.0043936 -0.0124144 0.019608 0.301961 0.533333
vn 0.9902692 -0.0975912 -0.0992113
v 0.0386659 -0.0025591 -0.0316823 0.019608 0.258824 0.490196
vn 0.9902461 -0.1028040 -0.0940430
v 0.0376678 -0.0028443 -0.0409646 0.015686 0.262745 0.494118
vn 0.9786783 -0.1809402 -0.0972082
v 0.0387033 -0.0058007 -0.0278679 0.035294 0.356863 0.580392
vn 0.9799629 -0.1724984 -0.0995848
v 0.0392005 -0.0058875 -0.0225742 0.031373 0.349020 0.576471
vn 0.9817135 -0.1628556 -0.0985728
v 0.0399208 -0.0058188 -0.0158216 0.027451 0.364706 0.584314
vn 0.9836383 -0.1546911 -0.0923384
v 0.0407334 -0.0059329 -0.0066402 0.027451 0.364706 0.580392
vn 0.9948016 -0.1006599 -0.0154062
v 0.0354865 -0.0032583 -0.0717466 0.027451 0.333333 0.576471
vn 0.9935457 -0.1026319 -0.0483096
v 0.0356542 -0.0026930 -0.0662694 0.023529 0.352941 0.584314
vn 0.9918972 -0.1269435 0.0050458
v 0.0451840 -0.0055808 0.0585387 0.447059 0.447059 0.439216
vn 0.9912087 -0.1073178 -0.0773837
v 0.0366257 -0.0025342 -0.0533786 0.015686 0.274510 0.505882
vn 0.9785344 -0.1891323 -0.0818503
v 0.0364821 -0.0055920 -0.0504779 0.023529 0.364706 0.592157
vn 0.9777787 -0.1957637 -0.0750023
v 0.0359182 -0.0055649 -0.0585173 0.031373 0.364706 0.600000
vn 0.9771085 -0.1871772 -0.1011123
v 0.0378300 -0.0058241 -0.0360928 0.027451 0.356863 0.580392
vn 0.9777491 -0.1877037 -0.0936705
v 0.0371094 -0.0056831 -0.0434963 0.031373 0.360784 0.584314
vn 0.9932622 -0.1158355 -0.0035073
v 0.0353313 -0.0034533 -0.0794328 0.023529 0.462745 0.678431
vn 0.9832948 -0.1814827 -0.0139767
v 0.0351886 -0.0056520 -0.0744046 0.031373 0.423529 0.635294
vn 0.9923807 -0.1202871 -0.0266757
v 0.0450562 -0.0051129 0.0497971 0.015686 0.321569 0.568627
vn 0.9906649 -0.1345050 -0.0221686
v 0.0451607 -0.0056194 0.0544538 0.490196 0.588235 0.635294
vn 0.9660888 -0.1236186 0.2266955
v 0.0450514 -0.0059849 0.0634892 0.658824 0.654902 0.643137
vn 0.9418000 -0.1232922 -0.3127489
v 0.0349516 -0.0034670 -0.0887872 0.031373 0.219608 0.290196
vn 0.9895154 -0.1287193 -0.0655027
v 0.0352097 -0.0032942 -0.0861422 0.015686 0.482353 0.686275
vn 0.9817415 -0.1890504 -0.0210637
v 0.0351312 -0.0052543 -0.0820265 0.062745 0.592157 0.764706
vn 0.9813638 -0.1918735 -0.0104674
v 0.0350590 -0.0055585 -0.0799312 0.047059 0.341176 0.596078
vn 0.9805908 -0.1898738 -0.0488844
v 0.0353286 -0.0054985 -0.0660647 0.035294 0.427451 0.647059
vn 0.9824831 -0.1860178 -0.0111564
v 0.0352348 -0.0054783 -0.0710364 0.043137 0.470588 0.682353
vn 0.9594147 -0.1991156 -0.1996909
v 0.0346595 -0.0056133 -0.0884521 0.047059 0.564706 0.725490
vn 0.9761093 -0.2078762 -0.0632316
v 0.0348726 -0.0055510 -0.0859691 0.027451 0.525490 0.701961
vn 0.9084123 -0.0108916 0.4179336
v 0.0452395 -0.0004526 0.0639896 0.827451 0.827451 0.815686
vn 0.9806765 -0.1911879 -0.0414811
v 0.0445031 -0.0078089 0.0436718 0.035294 0.384314 0.619608
vn 0.9809356 -0.1936863 -0.0158403
v 0.0446580 -0.0085573 0.0544782 0.623529 0.631373 0.647059
vn 0.9785841 -0.1833671 0.0935398
v 0.0446920 -0.0083155 0.0631595 0.498039 0.494118 0.482353
vn 0.8217745 0.2936734 -0.4883059
v 0.0328142 0.0139582 -0.0897872 0.109804 0.160784 0.203922
vn 0.9730124 -0.2186304 -0.0738083
v 0.0432296 -0.0086607 0.0271094 0.027451 0.333333 0.576471
vn 0.9751372 -0.2014005 -0.0924400
v 0.0417451 -0.0069032 0.0058683 0.031373 0.407843 0.619608
vn 0.9740538 -0.2086411 -0.0876822
v 0.0416359 -0.0085054 0.0080558 0.035294 0.321569 0.556863
vn 0.9690858 -0.2274873 -0.0955117
v 0.0401942 -0.0084180 -0.0065918 0.023529 0.333333 0.564706
vn 0.9613342 -0.2458930 0.1239888
v 0.0440204 -0.0114960 0.0630484 0.474510 0.470588 0.447059
vn 0.9659630 -0.2397587 -0.0971149
v 0.0395468 -0.0079976 -0.0143202 0.039216 0.352941 0.584314
vn 0.9588560 -0.2717303 -0.0822066
v 0.0414103 -0.0116756 0.0142276 0.015686 0.227451 0.466667
vn 0.9542574 -0.2849173 -0.0906367
v 0.0406799 -0.0119091 0.0062038 0.015686 0.227451 0.454902
vn 0.9588835 -0.2711602 -0.0837535
v 0.0419707 -0.0116534 0.0205152 0.019608 0.231373 0.470588
vn 0.9515371 -0.2898266 -0.1028487
v 0.0402511 -0.0117725 0.0017653 0.011765 0.227451 0.454902
vn 0.9585349 -0.2824767 -0.0376542
v 0.0435491 -0.0124493 0.0461866 0.015686 0.266667 0.513725
vn 0.9620198 -0.2721879 -0.0207773
v 0.0437994 -0.0122636 0.0534382 0.011765 0.294118 0.549020
vn 0.9550856 -0.2913015 -0.0543596
v 0.0433374 -0.0124325 0.0418541 0.015686 0.258824 0.501961
vn 0.9592115 -0.2734757 -0.0715848
v 0.0425346 -0.0120762 0.0287210 0.011765 0.231373 0.478431
vn 0.9584300 -0.2778738 -0.0647928
v 0.0428907 -0.0123322 0.0347373 0.015686 0.239216 0.486275
vn 0.9639485 -0.2464249 -0.1003895
v 0.0389149 -0.0070403 -0.0224770 0.039216 0.388235 0.607843
vn 0.9613631 -0.2551978 -0.1032243
v 0.0380103 -0.0096523 -0.0247449 0.011765 0.254902 0.478431
vn 0.9603043 -0.2600560 -0.1009283
v 0.0373687 -0.0081550 -0.0344578 0.023529 0.301961 0.525490
vn 0.9443376 -0.3139739 -0.0982188
v 0.0389341 -0.0121876 -0.0097723 0.015686 0.227451 0.450980
vn 0.9410368 -0.3223734 -0.1025922
v 0.0379530 -0.0120013 -0.0193542 0.015686 0.231373 0.450980
vn 0.9487508 -0.2984253 -0.1039921
v 0.0397858 -0.0118390 -0.0020541 0.015686 0.231373 0.458824
vn 0.9381437 -0.3309861 -0.1016598
v 0.0362365 -0.0118879 -0.0357063 0.007843 0.235294 0.454902
vn 0.9376748 -0.3337125 -0.0969638
v 0.0355506 -0.0118270 -0.0421332 0.011765 0.235294 0.450980
vn 0.9597762 -0.2644522 -0.0943117
v 0.0365558 -0.0077900 -0.0432629 0.019608 0.313725 0.541176
vn 0.9317155 -0.3532206 -0.0845073
v 0.0347155 -0.0116799 -0.0512643 0.007843 0.243137 0.458824
vn 0.9600712 -0.2691392 -0.0763379
v 0.0356739 -0.0080960 -0.0522626 0.019608 0.282353 0.505882
vn 0.9380668 -0.3310411 -0.1021889
v 0.0369771 -0.0120359 -0.0281718 0.015686 0.235294 0.454902
vn 0.9615459 -0.2744019 -0.0115364
v 0.0344184 -0.0086351 -0.0746495 0.019608 0.329412 0.568627
vn 0.9582658 -0.2841845 -0.0310774
v 0.0343082 -0.0083827 -0.0811773 0.054902 0.439216 0.678431
vn 0.9579104 -0.2834322 -0.0455404
v 0.0345606 -0.0083330 -0.0662652 0.015686 0.313725 0.533333
vn 0.9530319 -0.2934948 -0.0747737
v 0.0347769 -0.0097444 -0.0577002 0.011765 0.262745 0.478431
vn 0.9596057 -0.2812679 -0.0067397
v 0.0344738 -0.0083696 -0.0702447 0.019608 0.341176 0.576471
vn 0.8643733 0.0588136 -0.4993994
v 0.0347631 0.0046436 -0.0897613 0.094118 0.156863 0.219608
vn 0.9153620 -0.2897042 -0.2796139
v 0.0339208 -0.0082610 -0.0887186 0.031373 0.321569 0.533333
vn 0.9551461 -0.2899972 -0.0599795
v 0.0341571 -0.0082298 -0.0857797 0.015686 0.423529 0.643137
vn 0.9346393 -0.1960318 0.2966833
v 0.0444069 -0.0092319 0.0637367 0.741176 0.741176 0.729412
vn 0.8807881 -0.2250859 -0.4165916
v 0.0342153 -0.0067716 -0.0890242 0.047059 0.286275 0.439216
vn 0.8235122 0.2326714 -0.5173894
v 0.0334953 0.0114960 -0.0898432 0.082353 0.145098 0.200000
vn 0.9495314 -0.3136613 -0.0025845
v 0.0432498 -0.0141627 0.0578713 0.329412 0.333333 0.313725
vn 0.9309409 -0.3088671 0.1948082
v 0.0431832 -0.0142800 0.0633698 0.482353 0.486275 0.458824
vn 0.8730609 -0.0614146 -0.4837281
v 0.0348163 0.0000300 -0.0897521 0.082353 0.168627 0.235294
vn 0.9265939 -0.3756563 -0.0174978
v 0.0335173 -0.0115140 -0.0747292 0.015686 0.290196 0.521569
vn 0.9255264 -0.3707437 -0.0771362
v 0.0341859 -0.0117746 -0.0570062 0.011765 0.247059 0.462745
vn 0.9317445 -0.3604263 -0.0441047
v 0.0334690 -0.0116631 -0.0663756 0.015686 0.258824 0.478431
vn 0.9334936 -0.3585450 -0.0059415
v 0.0334355 -0.0115785 -0.0698429 0.019608 0.258824 0.486275
vn 0.9286683 -0.3674918 -0.0502490
v 0.0332490 -0.0112945 -0.0839007 0.015686 0.333333 0.580392
vn 0.9289417 -0.3686243 -0.0344032
v 0.0333535 -0.0113458 -0.0799803 0.015686 0.254902 0.494118
vn 0.9364260 -0.3422533 -0.0772590
v 0.0415217 -0.0148248 0.0276351 0.015686 0.203922 0.439216
vn 0.9367503 -0.3401590 -0.0824062
v 0.0408474 -0.0140382 0.0170079 0.015686 0.211765 0.443137
vn 0.9284708 -0.3596919 -0.0925405
v 0.0398375 -0.0141305 0.0059648 0.015686 0.215686 0.439216
vn 0.9011083 -0.3467070 -0.2603807
v 0.0328504 -0.0112734 -0.0887396 0.035294 0.231373 0.376471
vn 0.9326377 -0.3600350 -0.0237028
v 0.0422932 -0.0167540 0.0548127 0.333333 0.321569 0.349020
vn 0.9361969 -0.3495173 -0.0370542
v 0.0425855 -0.0155734 0.0519147 0.011765 0.223529 0.474510
vn 0.9336926 -0.3558548 -0.0398176
v 0.0425867 -0.0150844 0.0461596 0.011765 0.227451 0.462745
vn 0.9242639 -0.3693212 -0.0966340
v 0.0386325 -0.0140490 -0.0054644 0.011765 0.219608 0.439216
vn 0.9336413 -0.3531732 -0.0598549
v 0.0423908 -0.0144171 0.0384446 0.015686 0.215686 0.450980
vn 0.8608485 -0.1594882 -0.4832220
v 0.0341513 -0.0049579 -0.0898025 0.086275 0.196078 0.262745
vn 0.8241072 0.1610628 -0.5430526
v 0.0341391 0.0088392 -0.0898058 0.082353 0.145098 0.203922
vn 0.9129995 -0.3548787 0.2012288
v 0.0421877 -0.0169911 0.0635095 0.521569 0.521569 0.490196
vn 0.9220720 -0.3808131 -0.0690263
v 0.0409040 -0.0167282 0.0292043 0.019608 0.200000 0.431373
vn 0.9179937 -0.3879825 -0.0822018
v 0.0395897 -0.0168154 0.0147967 0.011765 0.203922 0.427451
vn 0.9105063 -0.4043282 -0.0865850
v 0.0396984 -0.0176129 0.0197021 0.015686 0.200000 0.427451
vn 0.9233719 -0.3807141 -0.0494087
v 0.0415170 -0.0175615 0.0441475 0.011765 0.200000 0.431373
vn 0.9178358 -0.3925052 -0.0593064
v 0.0411438 -0.0174735 0.0379864 0.015686 0.203922 0.431373
vn 0.9048958 -0.4234454 -0.0430995
v 0.0409804 -0.0194526 0.0506551 0.015686 0.200000 0.435294
vn 0.9684590 -0.0813569 0.2355169
v 0.0446256 -0.0047342 0.0647171 0.176471 0.172549 0.172549
vn 0.9138446 -0.2491963 0.3206075
v 0.0434455 -0.0126386 0.0640187 0.839216 0.831373 0.831373
vn 0.7957039 0.3947214 -0.4594022
v 0.0306698 0.0189012 -0.0895416 0.074510 0.149020 0.207843
vn 0.8946678 -0.4364384 -0.0953472
v 0.0383879 -0.0177910 0.0064904 0.015686 0.207843 0.427451
vn 0.9057642 -0.4128152 -0.0957857
v 0.0342985 -0.0146389 -0.0423175 0.011765 0.227451 0.443137
vn 0.9028935 -0.4223681 -0.0799282
v 0.0340923 -0.0126874 -0.0527779 0.011765 0.239216 0.454902
vn 0.9047776 -0.4144019 -0.0982264
v 0.0354017 -0.0143234 -0.0334697 0.011765 0.227451 0.439216
vn 0.9085642 -0.4051796 -0.1016892
v 0.0364396 -0.0146273 -0.0229069 0.011765 0.223529 0.435294
vn 0.9134679 -0.3933716 -0.1040922
v 0.0376576 -0.0140956 -0.0141284 0.015686 0.223529 0.439216
vn 0.8882014 -0.4481337 -0.1013634
v 0.0368794 -0.0174666 -0.0082597 0.011765 0.211765 0.431373
vn 0.8897533 -0.4453150 -0.1001681
v 0.0376921 -0.0175045 -0.0008734 0.011765 0.211765 0.427451
vn 0.8765616 -0.4694327 -0.1061728
v 0.0357902 -0.0177195 -0.0161506 0.011765 0.219608 0.431373
vn 0.8729503 -0.4768069 -0.1030198
v 0.0349583 -0.0175139 -0.0241325 0.015686 0.219608 0.431373
vn 0.9016157 -0.4318176 -0.0249520
v 0.0410325 -0.0197069 0.0541078 0.043137 0.200000 0.384314
vn 0.9051486 -0.4250935 0.0012392
v 0.0412656 -0.0192162 0.0603544 0.258824 0.262745 0.243137
vn 0.8909255 -0.4164267 0.1812197
v 0.0412361 -0.0192725 0.0634317 0.478431 0.482353 0.454902
vn 0.8945695 -0.4439791 -0.0512645
v 0.0406698 -0.0194939 0.0440627 0.011765 0.200000 0.427451
vn 0.8904724 -0.4501714 -0.0663666
v 0.0397275 -0.0195831 0.0303475 0.011765 0.184314 0.407843
vn 0.8882694 -0.4591833 -0.0113222
v 0.0322778 -0.0141849 -0.0700304 0.011765 0.247059 0.470588
vn 0.8854610 -0.4622340 -0.0479435
v 0.0322903 -0.0143411 -0.0658853 0.011765 0.247059 0.462745
vn 0.8887093 -0.4544891 -0.0602949
v 0.0319307 -0.0138978 -0.0856808 0.000000 0.305882 0.545098
vn 0.8620269 -0.4306301 -0.2673337
v 0.0316980 -0.0139171 -0.0887455 0.027451 0.203922 0.388235
vn 0.9033331 -0.4287479 -0.0128306
v 0.0330396 -0.0124980 -0.0742531 0.011765 0.262745 0.494118
vn 0.8948300 -0.4396476 -0.0773907
v 0.0330327 -0.0143946 -0.0563823 0.015686 0.239216 0.450980
vn 0.8801616 -0.4653938 -0.0934028
v 0.0329172 -0.0156391 -0.0510530 0.015686 0.231373 0.443137
vn 0.8885657 -0.4573633 -0.0356368
v 0.0321371 -0.0138514 -0.0820453 0.019608 0.333333 0.584314
vn 0.8836070 -0.4677523 -0.0211308
v 0.0322029 -0.0142538 -0.0749483 0.019608 0.282353 0.505882
vn 0.8724291 -0.4794332 -0.0949283
v 0.0331795 -0.0165558 -0.0443446 0.011765 0.227451 0.439216
vn 0.8681605 -0.4864930 -0.0980913
v 0.0337212 -0.0171497 -0.0366456 0.015686 0.223529 0.431373
vn 0.8611057 -0.4976049 -0.1043371
v 0.0343136 -0.0175662 -0.0291504 0.011765 0.219608 0.427451
vn 0.8853366 -0.4609136 -0.0611381
v 0.0400895 -0.0198458 0.0386043 0.015686 0.192157 0.415686
vn 0.8802365 -0.4670216 -0.0841102
v 0.0389827 -0.0194166 0.0214674 0.011765 0.192157 0.419608
vn 0.9006685 0.0455397 0.4321139
v 0.0449362 0.0011310 0.0644096 0.349020 0.349020 0.341176
vn 0.9583862 -0.1651828 0.2328318
v 0.0441484 -0.0082901 0.0646597 0.137255 0.133333 0.121569
vn 0.9787083 -0.1685578 0.1171261
v 0.0440523 -0.0083689 0.0669782 0.337255 0.329412 0.309804
vn 0.9893867 -0.0740578 0.1250177
v 0.0444981 -0.0044866 0.0673772 0.423529 0.419608 0.396078
vn 0.9894586 0.0052427 0.1447212
v 0.0446406 0.0000779 0.0674574 0.403922 0.392157 0.376471
vn 0.9817999 -0.0012972 0.1899142
v 0.0447708 0.0005372 0.0648538 0.062745 0.062745 0.058824
vn 0.9881735 0.0714475 0.1356776
v 0.0444806 0.0042118 0.0674341 0.345098 0.333333 0.321569
vn 0.9570904 0.0947080 0.2738768
v 0.0445524 0.0052303 0.0646270 0.098039 0.094118 0.086275
vn 0.9650016 0.1710710 0.1987630
v 0.0438502 0.0090168 0.0675876 0.262745 0.254902 0.243137
vn 0.9504882 0.1646578 0.2635528
v 0.0441465 0.0080088 0.0645832 0.121569 0.121569 0.113725
vn 0.9412433 0.2206146 0.2557153
v 0.0436221 0.0106037 0.0646031 0.152941 0.149020 0.141176
vn 0.9703364 0.2343229 0.0594975
v 0.0433730 0.0113106 0.0671783 0.207843 0.203922 0.192157
vn 0.9482251 0.3139901 0.0477442
v 0.0425767 0.0142733 0.0658393 0.098039 0.094118 0.086275
vn 0.9369999 0.2679846 0.2240880
v 0.0428777 0.0131393 0.0678607 0.164706 0.160784 0.152941
vn 0.9191124 0.2707571 0.2862217
v 0.0428755 0.0136846 0.0645425 0.192157 0.196078 0.188235
vn 0.9944647 0.0908010 0.0528700
v 0.0442469 0.0047429 0.0683347 0.074510 0.074510 0.066667
vn 0.9108973 0.3388225 0.2355113
v 0.0421028 0.0154477 0.0679381 0.086275 0.086275 0.082353
vn 0.8949137 0.3429389 0.2855215
v 0.0420536 0.0159486 0.0645934 0.188235 0.192157 0.188235
vn 0.9144616 0.3998071 0.0625657
v 0.0408264 0.0187990 0.0649848 0.058824 0.058824 0.054902
vn 0.8983649 0.3587744 0.2534196
v 0.0414085 0.0172548 0.0679200 0.082353 0.078431 0.074510
vn 0.9940695 -0.0930037 0.0563592
v 0.0442991 -0.0048118 0.0682756 0.101961 0.098039 0.090196
vn 0.9976429 0.0020095 0.0685910
v 0.0444534 -0.0001201 0.0682304 0.105882 0.101961 0.094118
vn 0.9947621 0.0911424 -0.0462753
v 0.0443762 0.0049773 0.0699114 0.129412 0.125490 0.109804
vn 0.9984865 0.0051917 -0.0547522
v 0.0445965 -0.0000971 0.0695656 0.145098 0.141176 0.121569
vn 0.9794002 0.1541546 0.1304286
v 0.0438894 0.0073149 0.0682018 0.062745 0.058824 0.050980
vn 0.9815339 0.1780867 -0.0698310
v 0.0438941 0.0084102 0.0697000 0.113725 0.113725 0.101961
vn 0.9986547 0.0518480 0.0008850
v 0.0444322 0.0035251 0.0742723 0.341176 0.333333 0.309804
vn 0.9866574 0.0221090 0.1613022
v 0.0446994 -0.0003219 0.0882835 0.643137 0.647059 0.631373
vn 0.9999787 0.0055747 -0.0034148
v 0.0445866 0.0001064 0.0758315 0.341176 0.341176 0.317647
vn 0.9896868 0.0590222 0.1305237
v 0.0445296 0.0032842 0.0881297 0.580392 0.584314 0.572549
vn 0.9945962 0.1037874 -0.0025668
v 0.0442883 0.0056520 0.0774526 0.294118 0.290196 0.266667
vn 0.9752320 0.1184893 0.1867697
v 0.0443252 0.0057196 0.0882113 0.490196 0.486275 0.474510
vn 0.9846976 0.1742510 -0.0027018
v 0.0438857 0.0086674 0.0760751 0.250980 0.250980 0.223529
vn 0.9836493 0.1753760 0.0409571
v 0.0439425 0.0084285 0.0875718 0.443137 0.439216 0.419608
vn 0.9977236 -0.0558039 -0.0378609
v 0.0444806 -0.0035902 0.0698016 0.145098 0.137255 0.121569
vn 0.9865960 -0.0587354 0.1522452
v 0.0446035 -0.0032753 0.0882801 0.635294 0.635294 0.627451
vn 0.9983366 -0.0575072 -0.0041291
v 0.0444674 -0.0034633 0.0772986 0.345098 0.345098 0.321569
vn 0.9702677 0.2420325 -0.0009467
v 0.0432855 0.0113185 0.0717276 0.294118 0.294118 0.278431
vn 0.9671094 0.2542669 0.0069214
v 0.0432971 0.0114641 0.0846292 0.176471 0.176471 0.160784
vn 0.9640338 0.2595986 -0.0569855
v 0.0431916 0.0117426 0.0701723 0.160784 0.156863 0.145098
vn 0.9697011 0.2254390 0.0941122
v 0.0431839 0.0109170 0.0684344 0.058824 0.054902 0.050980
vn 0.9466846 0.2319672 0.2235610
v 0.0433331 0.0110665 0.0882280 0.384314 0.384314 0.372549
vn 0.9930323 -0.1142479 -0.0288819
v 0.0442936 -0.0056813 0.0698244 0.156863 0.152941 0.133333
vn 0.9933448 -0.1147258 -0.0102028
v 0.0443107 -0.0056284 0.0826620 0.372549 0.372549 0.349020
vn 0.9814839 -0.1269490 0.1434344
v 0.0443805 -0.0058868 0.0883405 0.631373 0.631373 0.615686
vn 0.9148064 0.1857079 0.3586670
v 0.0437013 0.0092648 0.0885463 0.411765 0.403922 0.396078
vn 0.9481084 0.3179474 0.0000156
v 0.0424676 0.0142115 0.0765955 0.180392 0.176471 0.156863
vn 0.9472203 0.3136177 -0.0664660
v 0.0424426 0.0142239 0.0703044 0.160784 0.152941 0.141176
vn 0.9460930 0.2881517 0.1479072
v 0.0425364 0.0131248 0.0685605 0.054902 0.054902 0.050980
vn 0.9848282 -0.1598874 0.0674504
v 0.0438792 -0.0079548 0.0681348 0.086275 0.082353 0.074510
vn 0.9822887 -0.1821151 -0.0440807
v 0.0438869 -0.0086654 0.0697928 0.160784 0.149020 0.133333
vn 0.9845978 -0.1748032 -0.0033287
v 0.0438731 -0.0086320 0.0794019 0.298039 0.301961 0.282353
vn 0.9819145 -0.1823121 0.0510524
v 0.0439916 -0.0084876 0.0877630 0.623529 0.623529 0.615686
vn 0.9443061 0.3288413 0.0122262
v 0.0424771 0.0140834 0.0854432 0.152941 0.156863 0.141176
vn 0.9274804 0.3057657 0.2151451
v 0.0426059 0.0135640 0.0881389 0.396078 0.396078 0.384314
vn 0.9326853 0.3313604 0.1424729
v 0.0419034 0.0150599 0.0686127 0.058824 0.054902 0.054902
vn 0.9229485 0.3744018 -0.0893830
v 0.0413515 0.0172070 0.0701945 0.117647 0.113725 0.105882
vn 0.9165554 0.3687116 0.1548485
v 0.0413970 0.0167399 0.0881291 0.329412 0.325490 0.313725
vn 0.9171183 0.3984722 0.0106692
v 0.0409471 0.0180131 0.0846871 0.113725 0.113725 0.105882
vn 0.9684339 -0.2492706 0.0002517
v 0.0432349 -0.0115998 0.0766550 0.356863 0.356863 0.337255
vn 0.9691785 -0.2449979 -0.0258671
v 0.0433029 -0.0113662 0.0701499 0.180392 0.172549 0.156863
vn 0.9640066 -0.2606533 0.0524510
v 0.0433239 -0.0114342 0.0875610 0.686275 0.682353 0.674510
vn 0.9673461 -0.2465996 0.0585685
v 0.0431252 -0.0116992 0.0682665 0.074510 0.070588 0.062745
vn 0.9650254 -0.2332268 0.1197138
v 0.0434348 -0.0110792 0.0673735 0.400000 0.388235 0.368627
vn 0.9440634 -0.2367063 0.2295962
v 0.0435192 -0.0113130 0.0646227 0.388235 0.388235 0.380392
vn 0.9349545 -0.3195543 0.1540948
v 0.0426950 -0.0139711 0.0650125 0.101961 0.098039 0.090196
vn 0.9131389 0.3724383 -0.1657318
v 0.0412988 0.0167578 0.0689770 0.058824 0.058824 0.054902
vn 0.9127234 0.3674994 0.1785502
v 0.0412015 0.0168167 0.0685499 0.050980 0.047059 0.047059
vn 0.8721843 0.0674428 0.4845060
v 0.0442977 0.0040345 0.0888185 0.533333 0.537255 0.525490
vn 0.9115659 0.4049510 -0.0711505
v 0.0406435 0.0188963 0.0703872 0.121569 0.117647 0.109804
vn 0.9042781 0.4037301 0.1388636
v 0.0403892 0.0187759 0.0686074 0.050980 0.047059 0.047059
vn 0.8701231 0.4341319 0.2332711
v 0.0402913 0.0198848 0.0678185 0.133333 0.129412 0.125490
vn 0.9023666 -0.1960430 0.3837990
v 0.0436584 -0.0096436 0.0886435 0.560784 0.556863 0.545098
vn 0.8886216 0.4335166 0.1497169
v 0.0402709 0.0193524 0.0879439 0.258824 0.258824 0.247059
vn 0.9253454 -0.0209885 0.3785439
v 0.0445005 -0.0010662 0.0889509 0.631373 0.623529 0.611765
vn 0.8911090 0.4445404 -0.0911517
v 0.0399528 0.0203399 0.0701429 0.086275 0.086275 0.078431
vn 0.8917326 0.4524992 0.0075816
v 0.0396890 0.0208251 0.0750276 0.129412 0.125490 0.109804
vn 0.8900381 0.4557353 0.0117260
v 0.0396528 0.0206938 0.0850737 0.086275 0.082353 0.074510
vn 0.8342370 0.4246651 0.3517219
v 0.0405760 0.0195010 0.0645558 0.235294 0.239216 0.239216
vn 0.8670938 -0.1026977 0.4874439
v 0.0442952 -0.0055096 0.0887853 0.560784 0.552941 0.541176
vn 0.8538373 0.3175539 0.4124578
v 0.0420624 0.0147957 0.0885484 0.337255 0.341176 0.325490
vn 0.8406193 0.2674585 0.4709834
v 0.0428470 0.0122283 0.0887774 0.396078 0.396078 0.376471
vn 0.9488141 -0.3151340 0.0210328
v 0.0424934 -0.0138545 0.0684387 0.074510 0.070588 0.062745
vn 0.8782806 0.4557404 0.1446507
v 0.0397084 0.0201711 0.0685624 0.043137 0.039216 0.039216
vn 0.8512409 0.4634521 0.2461731
v 0.0395291 0.0214106 0.0646103 0.282353 0.286275 0.282353
vn 0.8395654 0.4786846 0.2568874
v 0.0385102 0.0232998 0.0645967 0.321569 0.333333 0.333333
vn 0.9488106 -0.3156869 -0.0100058
v 0.0425369 -0.0139516 0.0711796 0.541176 0.537255 0.521569
vn 0.9280411 -0.3161594 0.1969341
v 0.0426496 -0.0135454 0.0882388 0.662745 0.658824 0.650980
vn 0.8346898 0.3775045 0.4009779
v 0.0407919 0.0179560 0.0885244 0.282353 0.274510 0.266667
vn 0.8828107 0.4664602 0.0553189
v 0.0384724 0.0228111 0.0879273 0.200000 0.200000 0.192157
vn 0.8767095 0.4809822 0.0060579
v 0.0385734 0.0229141 0.0731598 0.109804 0.101961 0.094118
vn 0.8667722 0.4902073 -0.0916666
v 0.0388089 0.0225547 0.0702669 0.121569 0.117647 0.109804
vn 0.8703420 0.4826688 -0.0976507
v 0.0386929 0.0222079 0.0689083 0.043137 0.043137 0.043137
vn 0.8488007 0.4747682 0.2326642
v 0.0386452 0.0223062 0.0684067 0.039216 0.035294 0.035294
vn 0.9288551 -0.3696167 0.0247348
v 0.0413965 -0.0168897 0.0682931 0.086275 0.082353 0.074510
vn 0.9278150 -0.3729686 -0.0073361
v 0.0413861 -0.0171169 0.0715014 0.407843 0.403922 0.396078
vn 0.9274712 -0.3738640 0.0047839
v 0.0414381 -0.0168194 0.0798881 0.254902 0.254902 0.239216
vn 0.9223359 -0.3518401 0.1597032
v 0.0419716 -0.0153018 0.0882826 0.639216 0.635294 0.619608
vn 0.9146082 -0.3713337 0.1600097
v 0.0414338 -0.0167525 0.0881808 0.564706 0.568627 0.560784
vn 0.9064118 -0.3541679 0.2301799
v 0.0416843 -0.0168508 0.0647549 0.145098 0.129412 0.137255
vn 0.8566747 0.5135087 0.0491660
v 0.0378189 0.0243043 0.0655421 0.054902 0.050980 0.047059
vn 0.8536730 0.4769702 0.2091456
v 0.0390156 0.0222166 0.0678064 0.086275 0.086275 0.082353
vn 0.7899109 0.3037329 0.5327169
v 0.0414156 0.0161566 0.0887413 0.333333 0.329412 0.317647
vn 0.8697367 0.4492918 0.2041935
v 0.0389775 0.0215844 0.0885418 0.239216 0.239216 0.227451
vn 0.8507305 0.5110407 -0.1228621
v 0.0375596 0.0245950 0.0702466 0.109804 0.105882 0.098039
vn 0.8556679 0.5118970 0.0761182
v 0.0368647 0.0252092 0.0686423 0.039216 0.035294 0.035294
vn 0.8337290 0.5103090 0.2109041
v 0.0373421 0.0249405 0.0678311 0.086275 0.086275 0.078431
vn 0.7822305 0.5244545 0.3362484
v 0.0372523 0.0253227 0.0646097 0.294118 0.298039 0.294118
vn 0.8988814 -0.4374247 0.0259203
v 0.0402105 -0.0196211 0.0684088 0.074510 0.070588 0.062745
vn 0.9045179 -0.4260734 -0.0175751
v 0.0404558 -0.0191976 0.0702864 0.152941 0.145098 0.137255
vn 0.8991803 -0.4261658 0.0992851
v 0.0402977 -0.0193620 0.0881314 0.509804 0.517647 0.501961
vn 0.9041557 -0.4271335 0.0077162
v 0.0403044 -0.0194184 0.0796319 0.243137 0.243137 0.227451
vn 0.9042345 -0.4270119 0.0045716
v 0.0403367 -0.0194825 0.0744675 0.262745 0.262745 0.243137
vn 0.8772901 -0.4267327 0.2196845
v 0.0404637 -0.0196980 0.0647695 0.121569 0.117647 0.113725
vn 0.8392588 0.4124787 0.3542683
v 0.0398880 0.0195726 0.0886979 0.282353 0.274510 0.262745
vn 0.8117173 0.1964771 0.5500108
v 0.0429712 0.0099852 0.0893238 0.615686 0.611765 0.588235
vn 0.7688165 0.2979563 0.5658122
v 0.0422482 0.0127495 0.0892509 0.537255 0.509804 0.521569
vn 0.8743440 -0.4852795 0.0051433
v 0.0389330 -0.0222264 0.0753095 0.254902 0.254902 0.235294
vn 0.8712760 -0.4871724 0.0595095
v 0.0387962 -0.0223296 0.0875416 0.513725 0.517647 0.505882
vn 0.8737262 -0.4863987 0.0043426
v 0.0389132 -0.0220955 0.0822059 0.235294 0.239216 0.223529
vn 0.8125907 -0.3941842 0.4293195
v 0.0401980 -0.0193298 0.0886516 0.486275 0.474510 0.462745
vn 0.8737018 -0.4860408 -0.0202403
v 0.0388529 -0.0223253 0.0704884 0.247059 0.243137 0.231373
vn 0.8677642 -0.4965460 0.0206747
v 0.0387370 -0.0223818 0.0682460 0.078431 0.074510 0.066667
vn 0.8416322 -0.4909336 0.2250323
v 0.0389615 -0.0224755 0.0647174 0.196078 0.200000 0.192157
vn 0.8663231 -0.2629462 0.4246689
v 0.0426617 -0.0124036 0.0890524 0.635294 0.627451 0.615686
vn 0.8656194 -0.4977835 -0.0539879
v 0.0392217 -0.0221118 0.0443154 0.007843 0.192157 0.415686
vn 0.8722953 -0.4886372 -0.0182926
v 0.0398286 -0.0219813 0.0546594 0.325490 0.321569 0.356863
vn 0.8575979 -0.4768597 0.1926931
v 0.0398402 -0.0219033 0.0635294 0.580392 0.580392 0.556863
vn 0.8097938 -0.3127853 0.4963864
v 0.0417650 -0.0153812 0.0887971 0.584314 0.580392 0.564706
vn 0.8639098 -0.4969704 -0.0817327
v 0.0323153 -0.0156893 -0.0565508 0.011765 0.231373 0.443137
vn 0.8307549 -0.2773319 -0.4826318
v 0.0329727 -0.0091137 -0.0898639 0.062745 0.121569 0.172549
vn 0.8291786 -0.3372376 -0.4457957
v 0.0322450 -0.0116206 -0.0896741 0.066667 0.172549 0.258824
vn 0.8467315 -0.5302283 -0.0436311
v 0.0302901 -0.0169891 -0.0836448 0.011765 0.270588 0.509804
vn 0.8086925 -0.4315512 0.3997249
v 0.0391961 -0.0213117 0.0886176 0.478431 0.474510 0.458824
vn 0.8505254 -0.5186843 -0.0870242
v 0.0372869 -0.0220092 0.0192929 0.015686 0.192157 0.411765
vn 0.8571519 -0.5056828 -0.0978553
v 0.0373754 -0.0195096 0.0061439 0.015686 0.203922 0.423529
vn 0.8543621 -0.5148793 -0.0704612
v 0.0381137 -0.0223271 0.0296538 0.015686 0.184314 0.407843
vn 0.8481141 -0.5203874 -0.0994963
v 0.0355355 -0.0206391 -0.0034399 0.011765 0.207843 0.423529
vn 0.8453326 -0.5242820 -0.1026704
v 0.0351226 -0.0200982 -0.0100363 0.015686 0.211765 0.427451
vn 0.8370929 -0.5439705 -0.0580653
v 0.0372949 -0.0244041 0.0365907 0.011765 0.188235 0.407843
vn 0.8534126 -0.5201350 -0.0338606
v 0.0303852 -0.0170554 -0.0792438 0.007843 0.250980 0.474510
vn 0.8168150 -0.5765131 -0.0211195
v 0.0295454 -0.0187241 -0.0747364 0.011765 0.231373 0.450980
vn 0.8136976 -0.5199379 -0.2599246
v 0.0300208 -0.0168599 -0.0887196 0.019608 0.223529 0.396078
vn 0.8387580 -0.5422441 -0.0495632
v 0.0380188 -0.0243512 0.0462602 0.007843 0.192157 0.415686
vn 0.8362765 -0.5478780 -0.0217141
v 0.0382832 -0.0246005 0.0543846 0.239216 0.290196 0.372549
vn 0.8450138 -0.5010166 0.1869066
v 0.0389636 -0.0234160 0.0634738 0.392157 0.396078 0.376471
vn 0.8315093 -0.5478157 0.0921420
v 0.0382327 -0.0246851 0.0631375 0.298039 0.301961 0.278431
vn 0.8251189 -0.5627477 -0.0499391
v 0.0297587 -0.0186149 -0.0653911 0.007843 0.231373 0.447059
vn 0.8286246 -0.5596031 -0.0150212
v 0.0297033 -0.0185444 -0.0700132 0.011765 0.223529 0.439216
vn 0.8166623 -0.5719523 -0.0770285
v 0.0299774 -0.0189742 -0.0602045 0.007843 0.231373 0.443137
vn 0.8183484 -0.5675717 -0.0903789
v 0.0305717 -0.0192985 -0.0522060 0.011765 0.231373 0.439216
vn 0.8323469 -0.5542263 0.0056612
v 0.0371989 -0.0251191 0.0745317 0.266667 0.266667 0.243137
vn 0.8377323 -0.5453598 -0.0280580
v 0.0372825 -0.0249746 0.0704508 0.180392 0.172549 0.160784
vn 0.8308672 -0.5564697 -0.0010488
v 0.0370505 -0.0251381 0.0684762 0.070588 0.070588 0.062745
vn 0.8304890 -0.5570089 0.0053865
v 0.0370351 -0.0252016 0.0816834 0.250980 0.254902 0.235294
vn 0.8052024 -0.5315803 0.2628145
v 0.0371556 -0.0250118 0.0882744 0.474510 0.474510 0.462745
vn 0.7954005 -0.4546170 0.4008260
v 0.0384064 -0.0226847 0.0886666 0.447059 0.443137 0.423529
vn 0.8264833 -0.5539014 -0.1005916
v 0.0355906 -0.0219833 0.0039424 0.015686 0.203922 0.419608
vn 0.8307008 -0.5487983 -0.0935778
v 0.0365207 -0.0228074 0.0169311 0.019608 0.196078 0.415686
vn 0.8023107 -0.5877187 -0.1043280
v 0.0335069 -0.0223763 -0.0110692 0.015686 0.215686 0.427451
vn 0.8321322 -0.5437711 -0.1089447
v 0.0334758 -0.0212252 -0.0170657 0.011765 0.215686 0.423529
vn 0.8086411 -0.5798485 -0.0993747
v 0.0340619 -0.0223885 -0.0064768 0.015686 0.211765 0.427451
vn 0.8090723 -0.5444301 0.2213550
v 0.0375447 -0.0247463 0.0647737 0.141176 0.141176 0.133333
vn 0.8128097 -0.5749783 -0.0934899
v 0.0311333 -0.0195602 -0.0458280 0.011765 0.223529 0.439216
vn 0.8115622 -0.5760567 -0.0975989
v 0.0314436 -0.0199739 -0.0404105 0.011765 0.219608 0.431373
vn 0.8239218 -0.5595725 -0.0896184
v 0.0325374 -0.0193782 -0.0343809 0.011765 0.219608 0.431373
vn 0.8064263 -0.5900601 -0.0388037
v 0.0292993 -0.0186471 -0.0807165 0.007843 0.215686 0.443137
vn 0.8194585 -0.5679919 -0.0766351
v 0.0364323 -0.0248135 0.0287036 0.011765 0.188235 0.407843
vn 0.7731626 0.3676264 -0.5167886
v 0.0315027 0.0167681 -0.0897664 0.101961 0.145098 0.172549
vn 0.7916241 -0.5915144 -0.1531079
v 0.0289044 -0.0185945 -0.0882595 0.000000 0.266667 0.494118
vn 0.8013680 -0.5883476 -0.1079649
v 0.0325682 -0.0216109 -0.0218673 0.015686 0.223529 0.435294
vn 0.7962392 -0.5972154 -0.0966283
v 0.0309451 -0.0216414 -0.0343338 0.011765 0.231373 0.443137
vn 0.7401160 -0.4106365 -0.5325467
v 0.0306205 -0.0152162 -0.0894548 0.043137 0.129412 0.219608
vn 0.8017644 -0.5904463 -0.0924507
v 0.0351197 -0.0252296 0.0193594 0.011765 0.192157 0.411765
vn 0.7892234 -0.6055760 -0.1020015
v 0.0341032 -0.0249084 0.0086958 0.011765 0.203922 0.415686
vn 0.7933517 -0.6067129 -0.0499261
v 0.0358113 -0.0273593 0.0451476 0.007843 0.200000 0.423529
vn 0.7653421 -0.6393448 -0.0740932
v 0.0342756 -0.0279078 0.0301737 0.011765 0.200000 0.423529
vn 0.7580036 -0.6457660 -0.0917439
v 0.0338086 -0.0274789 0.0230909 0.015686 0.200000 0.419608
vn 0.7893566 -0.6136927 -0.0172462
v 0.0348985 -0.0282876 0.0705576 0.211765 0.207843 0.196078
vn 0.7852745 -0.6191060 -0.0071957
v 0.0345772 -0.0285590 0.0684181 0.078431 0.074510 0.066667
vn 0.7813283 -0.6208359 0.0639450
v 0.0346328 -0.0285012 0.0875766 0.529412 0.537255 0.521569
vn 0.7835674 -0.5479603 0.2928512
v 0.0377795 -0.0251110 0.0638208 0.686275 0.682353 0.670588
vn 0.7799869 -0.6172071 -0.1033239
v 0.0335334 -0.0244860 0.0023015 0.015686 0.207843 0.419608
vn 0.7954758 -0.6057981 -0.0150642
v 0.0360228 -0.0277018 0.0546944 0.349020 0.352941 0.400000
vn 0.7714409 -0.6099411 0.1812479
v 0.0358413 -0.0278899 0.0634438 0.533333 0.533333 0.513725
vn 0.7864021 -0.6066942 0.1161633
v 0.0347509 -0.0284875 0.0651443 0.086275 0.086275 0.078431
vn 0.7763492 -0.6302983 0.0024689
v 0.0344178 -0.0287319 0.0823946 0.325490 0.329412 0.309804
vn 0.7536058 -0.6500660 -0.0974292
v 0.0330607 -0.0265479 0.0110373 0.011765 0.207843 0.423529
vn 0.7811726 -0.6228820 -0.0422785
v 0.0283836 -0.0203443 -0.0659600 0.011765 0.231373 0.447059
vn 0.7689419 -0.6389491 -0.0217366
v 0.0282666 -0.0202976 -0.0741550 0.011765 0.215686 0.431373
vn 0.7641860 -0.6446502 -0.0211164
v 0.0350919 -0.0288769 0.0542984 0.290196 0.380392 0.474510
vn 0.7779210 -0.5804673 0.2406174
v 0.0354683 -0.0276210 0.0646644 0.090196 0.086275 0.082353
vn 0.7494825 -0.6474756 0.1380270
v 0.0341955 -0.0298648 0.0634008 0.439216 0.427451 0.407843
vn 0.7724154 -0.6282915 -0.0928671
v 0.0292033 -0.0224278 -0.0428501 0.011765 0.243137 0.454902
vn 0.7624961 -0.6396065 -0.0974856
v 0.0316496 -0.0218673 -0.0272524 0.015686 0.227451 0.439216
vn 0.7521881 -0.6511834 -0.1008627
v 0.0292587 -0.0245925 -0.0291722 0.011765 0.235294 0.443137
vn 0.7513266 -0.6511002 -0.1075962
v 0.0300719 -0.0253206 -0.0183487 0.019608 0.235294 0.443137
vn 0.7644925 -0.6364713 -0.1022530
v 0.0319563 -0.0242801 -0.0110511 0.019608 0.227451 0.439216
vn 0.7745952 -0.6262820 -0.0881657
v 0.0275213 -0.0230967 -0.0528179 0.019608 0.247059 0.458824
vn 0.7486960 -0.6586002 -0.0754990
v 0.0272758 -0.0222587 -0.0609637 0.007843 0.239216 0.450980
vn 0.7783725 -0.6213833 -0.0895494
v 0.0278505 -0.0231477 -0.0496135 0.015686 0.250980 0.462745
vn 0.7493038 -0.6612687 -0.0356052
v 0.0267473 -0.0223064 -0.0666859 0.007843 0.219608 0.427451
vn 0.7533230 -0.6494987 -0.1032274
v 0.0296090 -0.0268241 -0.0123439 0.015686 0.223529 0.435294
vn 0.7577311 -0.6443356 -0.1033207
v 0.0305683 -0.0277148 0.0005115 0.011765 0.219608 0.423529
vn 0.7637048 -0.5642822 0.3135932
v 0.0358372 -0.0267260 0.0884803 0.454902 0.458824 0.439216
vn 0.7313793 -0.5714681 -0.3721675
v 0.0280220 -0.0193926 -0.0890429 0.050980 0.101961 0.168627
vn 0.7461969 -0.6635361 -0.0539465
v 0.0339543 -0.0294107 0.0424704 0.011765 0.207843 0.431373
vn 0.7669348 -0.6404032 -0.0411679
v 0.0280733 -0.0201916 -0.0801826 0.007843 0.223529 0.443137
vn 0.7573634 -0.6506973 -0.0547145
v 0.0256616 -0.0226184 -0.0866574 0.003922 0.254902 0.482353
vn 0.7252268 -0.6297149 -0.2783979
v 0.0263187 -0.0216538 -0.0888246 0.031373 0.117647 0.223529
vn 0.7409740 -0.6707726 -0.0319627
v 0.0260898 -0.0227913 -0.0757747 0.011765 0.227451 0.439216
vn 0.7516991 -0.6582415 -0.0408253
v 0.0255894 -0.0230797 -0.0799443 0.007843 0.223529 0.439216
vn 0.7319257 -0.4838470 -0.4797675
v 0.0294704 -0.0166472 -0.0898376 0.082353 0.117647 0.149020
vn 0.7471811 -0.6565831 -0.1030492
v 0.0278848 -0.0244168 -0.0398427 0.011765 0.235294 0.443137
vn 0.7589002 -0.6510795 -0.0128890
v 0.0335897 -0.0298404 0.0703135 0.152941 0.149020 0.137255
vn 0.7591795 -0.6508760 -0.0026126
v 0.0318597 -0.0317525 0.0683375 0.082353 0.078431 0.070588
vn 0.7547913 -0.6348336 0.1651556
v 0.0337358 -0.0293983 0.0885570 0.486275 0.490196 0.474510
vn 0.7444033 -0.6486872 0.1583307
v 0.0318750 -0.0318601 0.0648140 0.149020 0.145098 0.137255
vn 0.7228093 -0.6568288 0.2147624
v 0.0320945 -0.0320161 0.0638923 0.619608 0.619608 0.607843
vn 0.7525304 -0.6585492 -0.0032955
v 0.0319566 -0.0317060 0.0702133 0.305882 0.301961 0.290196
vn 0.7157444 -0.5284020 -0.4566192
v 0.0281301 -0.0186129 -0.0897814 0.074510 0.133333 0.192157
vn 0.7448224 -0.6671996 0.0091860
v 0.0318684 -0.0317160 0.0736470 0.478431 0.478431 0.462745
vn 0.7502555 -0.6611443 0.0021942
v 0.0314983 -0.0320359 0.0821769 0.494118 0.494118 0.478431
vn 0.7366379 -0.6699065 0.0926822
v 0.0319939 -0.0315541 0.0876083 0.494118 0.494118 0.470588
vn 0.7402323 -0.6718862 -0.0250033
v 0.0321194 -0.0321659 0.0546583 0.505882 0.498039 0.501961
vn 0.7351397 -0.6750581 0.0621789
v 0.0321454 -0.0321287 0.0630608 0.486275 0.490196 0.470588
vn 0.7321485 -0.6796453 -0.0451757
v 0.0318764 -0.0322049 0.0517062 0.015686 0.250980 0.494118
vn 0.6666802 -0.6354569 -0.3895283
v 0.0249336 -0.0231441 -0.0888283 0.039216 0.125490 0.207843
vn 0.7261397 -0.6794327 -0.1053199
v 0.0282673 -0.0271415 -0.0190579 0.007843 0.215686 0.423529
vn 0.7236155 -0.6823596 -0.1037599
v 0.0266688 -0.0267796 -0.0328514 0.011765 0.219608 0.427451
vn 0.7289218 -0.6775922 -0.0976827
v 0.0307054 -0.0281205 0.0043706 0.011765 0.215686 0.431373
vn 0.7323586 -0.6740030 -0.0968028
v 0.0299922 -0.0298979 0.0111480 0.007843 0.200000 0.415686
vn 0.7315851 -0.6752526 -0.0939001
v 0.0302604 -0.0304457 0.0171327 0.011765 0.200000 0.411765
vn 0.7247290 -0.6823437 -0.0957862
v 0.0328929 -0.0278646 0.0190696 0.015686 0.207843 0.427451
vn 0.7249106 -0.6831868 -0.0880936
v 0.0309467 -0.0310066 0.0267407 0.011765 0.200000 0.411765
vn 0.7232899 -0.6871458 -0.0684275
v 0.0313079 -0.0312496 0.0321090 0.011765 0.215686 0.431373
vn 0.7169602 -0.6949528 -0.0548522
v 0.0298581 -0.0336693 0.0428841 0.007843 0.203922 0.427451
vn 0.7161250 -0.6954104 -0.0597448
v 0.0296717 -0.0334243 0.0378537 0.011765 0.200000 0.419608
vn 0.7254006 -0.6880001 -0.0212096
v 0.0248605 -0.0241301 -0.0743693 0.015686 0.223529 0.435294
vn 0.7245772 -0.6879989 -0.0405642
v 0.0247517 -0.0244495 -0.0659852 0.019608 0.231373 0.447059
vn 0.7147151 -0.6952261 -0.0764407
v 0.0250445 -0.0246167 -0.0603458 0.011765 0.239216 0.447059
vn 0.7260162 -0.6686475 0.1606585
v 0.0324148 -0.0308493 0.0886396 0.454902 0.454902 0.439216
vn 0.7969714 0.1203957 0.5918967
v 0.0435400 0.0057267 0.0894944 0.682353 0.682353 0.666667
vn 0.6568989 -0.5751143 -0.4875730
v 0.0259834 -0.0212365 -0.0897828 0.105882 0.137255 0.168627
vn 0.6729864 -0.3449224 -0.6543072
v 0.0310434 -0.0135401 -0.0899034 0.062745 0.121569 0.164706
vn 0.7031154 -0.6872075 0.1826872
v 0.0309849 -0.0323220 0.0886034 0.470588 0.462745 0.450980
vn 0.7303947 -0.3225901 0.6020458
v 0.0402124 -0.0179895 0.0893654 0.600000 0.588235 0.572549
vn 0.7511528 -0.0601672 0.6573808
v 0.0439752 -0.0017082 0.0894989 0.800000 0.803922 0.788235
vn 0.7487575 -0.1474595 0.6462336
v 0.0428079 -0.0096038 0.0896380 0.725490 0.729412 0.713725
vn 0.7282916 -0.0970516 0.6783600
v 0.0434349 -0.0052501 0.0897373 0.749020 0.756863 0.737255
vn 0.7155238 -0.4694080 0.5173798
v 0.0365860 -0.0248846 0.0891714 0.482353 0.474510 0.458824
vn 0.6868228 -0.5900237 0.4244367
v 0.0355384 -0.0268051 0.0888539 0.482353 0.474510 0.454902
vn 0.6948357 -0.4393804 0.5693403
v 0.0376055 -0.0231843 0.0892484 0.474510 0.462745 0.450980
vn 0.6123385 -0.5965580 -0.5188066
v 0.0230726 -0.0243233 -0.0896689 0.050980 0.094118 0.113725
vn 0.6656474 -0.5182413 0.5369725
v 0.0345983 -0.0275439 0.0892266 0.458824 0.462745 0.447059
vn 0.7119403 0.3115507 0.6293467
v 0.0404327 0.0171212 0.0893748 0.490196 0.486275 0.466667
vn -0.5780154 0.8117225 -0.0836960
v -0.0241944 0.0357570 0.0156038 0.007843 0.180392 0.392157
vn -0.5181596 0.8510635 -0.0848614
v -0.0203931 0.0374310 0.0093091 0.011765 0.188235 0.407843
vn -0.5723212 0.8152861 -0.0880744
v -0.0236190 0.0352278 0.0075431 0.007843 0.184314 0.396078
vn -0.5122086 0.8550233 -0.0811022
v -0.0221768 0.0371379 0.0171088 0.011765 0.184314 0.396078
vn -0.5803488 0.8106421 -0.0778119
v -0.0248409 0.0361978 0.0248341 0.007843 0.172549 0.384314
vn -0.5161883 0.8535812 -0.0703477
v -0.0222779 0.0379208 0.0263062 0.011765 0.176471 0.388235
vn -0.5740535 0.8160806 -0.0668955
v -0.0249905 0.0365119 0.0296979 0.003922 0.168627 0.380392
vn -0.5099601 0.8580993 -0.0600527
v -0.0228207 0.0382448 0.0351930 0.011765 0.172549 0.380392
vn -0.5740526 0.8166393 -0.0596985
v -0.0254204 0.0367895 0.0370039 0.011765 0.168627 0.380392
vn -0.5068960 0.8601070 -0.0572056
v -0.0234958 0.0384461 0.0441829 0.007843 0.176471 0.388235
vn -0.5682375 0.8214276 -0.0486080
v -0.0256042 0.0373512 0.0464430 0.007843 0.172549 0.384314
vn -0.4596931 0.8865620 -0.0518674
v -0.0204576 0.0402295 0.0442742 0.011765 0.184314 0.400000
vn -0.4430241 0.8946340 -0.0579628
v -0.0200319 0.0399008 0.0358429 0.011765 0.184314 0.396078
vn -0.4544746 0.8878550 -0.0718776
v -0.0199466 0.0392440 0.0256380 0.007843 0.184314 0.400000
vn -0.4560235 0.8896505 -0.0237635
v -0.0203536 0.0407412 0.0540375 0.027451 0.196078 0.411765
vn -0.5084641 0.8609499 -0.0151510
v -0.0241124 0.0385949 0.0546057 0.294118 0.301961 0.337255
vn -0.4778196 0.8741199 -0.0871946
v -0.0194825 0.0376667 0.0060544 0.011765 0.196078 0.411765
vn -0.4776441 0.8741472 -0.0878807
v -0.0193075 0.0367434 -0.0039871 0.011765 0.200000 0.415686
vn -0.5682658 0.8180843 -0.0883860
v -0.0225873 0.0346704 -0.0045720 0.007843 0.188235 0.400000
vn -0.5008394 0.8603387 -0.0947489
v -0.0195871 0.0356880 -0.0126433 0.011765 0.203922 0.415686
vn -0.4542305 0.8873505 -0.0792703
v -0.0192813 0.0386100 0.0147615 0.015686 0.188235 0.407843
vn -0.5734682 0.8190757 -0.0157872
v -0.0260178 0.0374431 0.0545197 0.070588 0.184314 0.349020
vn -0.5835947 0.8069364 -0.0909444
v -0.0219822 0.0331317 -0.0210847 0.011765 0.203922 0.411765
vn -0.4846310 0.8631356 0.1418793
v -0.0218624 0.0398754 0.0635969 0.462745 0.450980 0.431373
vn -0.5107869 0.8474516 0.1446466
v -0.0233378 0.0390009 0.0636274 0.498039 0.498039 0.478431
vn -0.5420175 0.8272732 0.1477705
v -0.0251467 0.0379102 0.0635563 0.313725 0.309804 0.290196
vn -0.4230446 0.9013835 -0.0924176
v -0.0171747 0.0369198 -0.0127429 0.007843 0.215686 0.427451
vn -0.4351192 0.8961776 -0.0868160
v -0.0172026 0.0358732 -0.0225217 0.011765 0.223529 0.435294
vn -0.4444256 0.8916941 -0.0858342
v -0.0165915 0.0351990 -0.0328050 0.011765 0.227451 0.439216
vn -0.5150315 0.8525226 -0.0891510
v -0.0196202 0.0347107 -0.0215692 0.007843 0.211765 0.419608
vn -0.5268365 0.8452701 -0.0892293
v -0.0195000 0.0339695 -0.0293293 0.011765 0.219608 0.427451
vn -0.5185398 0.8504788 -0.0883306
v -0.0188958 0.0337177 -0.0355432 0.011765 0.219608 0.427451
vn -0.4389016 0.8945031 -0.0850279
v -0.0165022 0.0339836 -0.0451432 0.015686 0.235294 0.447059
vn -0.4096106 0.9077676 -0.0904278
v -0.0168561 0.0382227 -0.0009469 0.015686 0.215686 0.431373
vn -0.4087125 0.9085966 -0.0860598
v -0.0169109 0.0390353 0.0074416 0.007843 0.211765 0.427451
vn -0.4707167 0.8785544 -0.0810425
v -0.0177799 0.0331254 -0.0474393 0.011765 0.231373 0.439216
vn -0.4158201 0.9065032 -0.0731139
v -0.0130294 0.0350961 -0.0517177 0.011765 0.254902 0.466667
vn -0.5432724 0.8353472 -0.0839662
v -0.0187564 0.0325811 -0.0472449 0.007843 0.227451 0.431373
vn -0.6599327 0.7460020 -0.0892744
v -0.0232636 0.0305623 -0.0361788 0.007843 0.207843 0.415686
vn -0.5717941 0.8160603 -0.0842449
v -0.0207471 0.0313735 -0.0450230 0.007843 0.219608 0.423529
vn -0.5459387 0.8348168 -0.0709352
v -0.0180698 0.0324491 -0.0532931 0.007843 0.239216 0.443137
vn -0.4954305 0.8662193 -0.0649060
v -0.0170443 0.0325413 -0.0598083 0.007843 0.247059 0.450980
vn -0.6085737 0.7908856 -0.0643274
v -0.0214205 0.0295584 -0.0611325 0.011765 0.231373 0.435294
vn -0.6077625 0.7925156 -0.0504368
v -0.0209979 0.0294330 -0.0669251 0.003922 0.207843 0.411765
vn -0.4975084 0.8663507 -0.0438397
v -0.0168446 0.0321567 -0.0669744 0.007843 0.219608 0.427451
vn -0.4285658 0.9014442 -0.0610712
v -0.0139236 0.0341809 -0.0585599 0.011765 0.254902 0.466667
vn -0.3764441 0.9252608 -0.0467166
v -0.0124205 0.0343943 -0.0663351 0.019608 0.274510 0.494118
vn -0.6196958 0.7802364 -0.0849021
v -0.0227712 0.0302625 -0.0424861 0.007843 0.215686 0.419608
vn -0.6221631 0.7793147 -0.0747120
v -0.0223650 0.0297332 -0.0503548 0.007843 0.219608 0.423529
vn -0.5109270 0.8592777 -0.0244027
v -0.0171567 0.0318040 -0.0719261 0.011765 0.211765 0.419608
vn -0.6183628 0.7854177 -0.0273233
v -0.0210626 0.0291231 -0.0719567 0.015686 0.215686 0.431373
vn -0.3816547 0.9239938 -0.0239817
v -0.0125141 0.0341902 -0.0714298 0.019608 0.274510 0.498039
vn -0.5869558 0.8083625 0.0450877
v -0.0262631 0.0371698 0.0629845 0.250980 0.250980 0.227451
vn -0.5141259 0.8573706 -0.0242973
v -0.0171044 0.0317598 -0.0761875 0.003922 0.227451 0.439216
vn -0.6169092 0.7867399 -0.0215242
v -0.0211026 0.0289759 -0.0768921 0.011765 0.243137 0.458824
vn -0.5616245 0.8268697 -0.0294029
v -0.0193838 0.0300766 -0.0794089 0.007843 0.254902 0.466667
vn -0.6326137 0.7733229 -0.0420909
v -0.0213024 0.0285194 -0.0861193 0.007843 0.274510 0.494118
vn -0.5092621 0.8601597 -0.0278815
v -0.0167285 0.0317583 -0.0809917 0.015686 0.305882 0.521569
vn -0.4384748 0.8981872 -0.0316186
v -0.0139684 0.0333051 -0.0790555 0.011765 0.266667 0.482353
vn -0.3816530 0.9239942 -0.0239943
v -0.0126601 0.0340486 -0.0760347 0.019608 0.247059 0.466667
vn -0.5757452 0.8170618 -0.0304554
v -0.0198605 0.0296119 -0.0857339 0.003922 0.270588 0.490196
vn -0.5116097 0.8586468 -0.0313241
v -0.0168426 0.0315744 -0.0864120 0.007843 0.282353 0.501961
vn -0.4985777 0.7853429 -0.3669563
v -0.0181445 0.0305731 -0.0888300 0.039216 0.160784 0.231373
vn -0.4893088 0.8074027 -0.3296632
v -0.0167200 0.0315185 -0.0886963 0.039216 0.164706 0.243137
vn -0.4349564 0.8717024 -0.2257165
v -0.0143562 0.0328348 -0.0885225 0.031373 0.196078 0.333333
vn -0.5460217 0.7831020 -0.2976772
v -0.0191542 0.0299373 -0.0886974 0.027451 0.152941 0.239216
vn -0.3558420 0.9310125 -0.0811924
v -0.0124413 0.0359888 -0.0444162 0.015686 0.254902 0.470588
vn -0.4216963 0.9025301 -0.0872459
v -0.0138516 0.0362848 -0.0348524 0.015686 0.247059 0.458824
vn -0.3588171 0.9289953 -0.0906539
v -0.0127938 0.0364953 -0.0378190 0.011765 0.250980 0.462745
vn -0.3412433 0.9362898 -0.0831527
v -0.0127675 0.0373530 -0.0287715 0.015686 0.254902 0.466667
vn -0.3395441 0.9367364 -0.0850571
v -0.0130000 0.0379261 -0.0206394 0.015686 0.247059 0.462745
vn -0.3707801 0.9277150 -0.0432093
v -0.0117985 0.0340887 -0.0867567 0.011765 0.301961 0.521569
vn -0.4377489 0.8990899 0.0036284
v -0.0194539 0.0411821 0.0595933 0.321569 0.317647 0.290196
vn -0.4342015 0.8895786 0.1418414
v -0.0195042 0.0411504 0.0635763 0.490196 0.486275 0.466667
vn -0.3851616 0.8748801 -0.2936589
v -0.0125558 0.0336268 -0.0886956 0.050980 0.156863 0.231373
vn -0.3953841 0.9159864 -0.0681207
v -0.0188431 0.0397639 0.0261224 0.011765 0.188235 0.403922
vn -0.4236330 0.9055516 -0.0226146
v -0.0187025 0.0415005 0.0544446 0.384314 0.376471 0.407843
vn -0.3681731 0.9284410 -0.0494563
v -0.0167654 0.0419892 0.0454517 0.011765 0.203922 0.427451
vn -0.3854149 0.9224340 -0.0238945
v -0.0173708 0.0421352 0.0542082 0.050980 0.211765 0.407843
vn -0.3968180 0.9158311 -0.0615547
v -0.0187406 0.0404076 0.0353080 0.011765 0.192157 0.407843
vn -0.3607997 0.9305117 -0.0630214
v -0.0162099 0.0415636 0.0356053 0.019608 0.200000 0.423529
vn -0.3372330 0.9391680 -0.0650952
v -0.0149140 0.0414788 0.0267702 0.019608 0.215686 0.439216
vn -0.3336500 0.9396154 -0.0761623
v -0.0145819 0.0410982 0.0202606 0.019608 0.223529 0.447059
vn -0.3486334 0.9342324 -0.0752633
v -0.0146896 0.0404955 0.0132094 0.011765 0.223529 0.450980
vn -0.3435910 0.9351422 -0.0863385
v -0.0144501 0.0399828 0.0064415 0.015686 0.239216 0.458824
vn -0.3517253 0.9319404 -0.0881844
v -0.0139938 0.0392876 -0.0024307 0.015686 0.243137 0.462745
vn -0.3972304 0.9133489 -0.0894530
v -0.0137787 0.0381193 -0.0151822 0.019608 0.243137 0.458824
vn -0.3390982 0.9363542 -0.0908472
v -0.0135936 0.0389946 -0.0072109 0.015686 0.239216 0.458824
vn -0.3538727 0.9333073 -0.0609237
v -0.0120461 0.0349663 -0.0594391 0.011765 0.266667 0.478431
vn -0.3322676 0.9403719 -0.0727941
v -0.0116330 0.0356863 -0.0518885 0.011765 0.262745 0.474510
vn -0.3520370 0.9357349 -0.0216833
v -0.0119060 0.0341526 -0.0802316 0.019608 0.254902 0.478431
vn -0.3682823 0.9159123 0.1596020
v -0.0170651 0.0422222 0.0636416 0.513725 0.505882 0.490196
vn -0.2811859 0.9138372 -0.2929780
v -0.0090213 0.0349390 -0.0887574 0.023529 0.176471 0.254902
vn -0.6438324 0.7591862 -0.0954793
v -0.0255128 0.0314628 -0.0128963 0.011765 0.192157 0.407843
vn -0.6437100 0.7597834 -0.0914696
v -0.0244362 0.0310364 -0.0229534 0.007843 0.207843 0.411765
vn -0.5749553 0.7414830 -0.3458748
v -0.0205659 0.0288591 -0.0888171 0.031373 0.156863 0.250980
vn -0.3159256 0.9485883 -0.0192725
v -0.0152968 0.0428813 0.0545318 0.517647 0.525490 0.537255
vn -0.2987327 0.9425375 0.1496057
v -0.0142322 0.0432702 0.0635747 0.529412 0.529412 0.505882
vn -0.2951320 0.9551933 -0.0224241
v -0.0087863 0.0351823 -0.0850252 0.011765 0.298039 0.517647
vn -0.3290338 0.8479421 -0.4156092
v -0.0111184 0.0341108 -0.0889844 0.058824 0.149020 0.211765
vn -0.6526731 0.7521306 -0.0911994
v -0.0265377 0.0317426 -0.0030979 0.007843 0.184314 0.396078
vn -0.6473052 0.7568939 -0.0900426
v -0.0272372 0.0321708 0.0052004 0.007843 0.180392 0.396078
vn -0.6509111 0.7546272 -0.0827811
v -0.0276688 0.0324457 0.0111610 0.003922 0.176471 0.388235
vn -0.6435292 0.7630340 -0.0604107
v -0.0283968 0.0342910 0.0355106 0.007843 0.168627 0.380392
vn -0.6474437 0.7580567 -0.0785282
v -0.0284066 0.0335049 0.0268383 0.007843 0.172549 0.388235
vn -0.6538058 0.7521877 -0.0821686
v -0.0280544 0.0329008 0.0190452 0.007843 0.172549 0.388235
vn -0.6439786 0.7630077 -0.0557761
v -0.0284325 0.0345581 0.0399573 0.003922 0.168627 0.380392
vn -0.6437746 0.7636490 -0.0489330
v -0.0285371 0.0349857 0.0467733 0.007843 0.172549 0.388235
vn -0.6388473 0.7690632 -0.0203972
v -0.0282944 0.0356039 0.0545634 0.172549 0.243137 0.345098
vn -0.6266495 0.7043526 -0.3334636
v -0.0222166 0.0275147 -0.0887675 0.035294 0.180392 0.266667
vn -0.2604686 0.9641910 -0.0499191
v -0.0120043 0.0435360 0.0445026 0.019608 0.243137 0.478431
vn -0.3083318 0.9493698 -0.0602362
v -0.0134833 0.0423238 0.0336888 0.015686 0.231373 0.458824
vn -0.2666533 0.9617128 -0.0632806
v -0.0119449 0.0427806 0.0328638 0.015686 0.243137 0.470588
vn -0.2588316 0.9634985 -0.0683877
v -0.0121678 0.0422477 0.0261192 0.019608 0.247059 0.474510
vn -0.2671768 0.9596188 -0.0880250
v -0.0116140 0.0405684 0.0030453 0.019608 0.262745 0.482353
vn -0.2576530 0.9631792 -0.0768174
v -0.0115441 0.0414247 0.0130856 0.019608 0.266667 0.490196
vn -0.2789488 0.9573413 -0.0754014
v -0.0130002 0.0415043 0.0197156 0.019608 0.239216 0.462745
vn -0.2854007 0.9573164 -0.0457358
v -0.0089490 0.0354998 -0.0665920 0.015686 0.286275 0.505882
vn -0.2776888 0.9584212 -0.0657101
v -0.0092178 0.0360044 -0.0570929 0.015686 0.298039 0.509804
vn -0.2890251 0.9572590 -0.0109435
v -0.0091085 0.0350786 -0.0796606 0.019608 0.282353 0.505882
vn -0.2881566 0.9571441 -0.0289989
v -0.0096940 0.0351094 -0.0712828 0.019608 0.317647 0.541176
vn -0.2475885 0.9682803 -0.0336644
v -0.0119523 0.0437411 0.0496782 0.019608 0.258824 0.505882
vn -0.2473753 0.9687392 -0.0187090
v -0.0120342 0.0438787 0.0546088 0.458824 0.513725 0.568627
vn -0.2651477 0.9609187 -0.0795743
v -0.0081178 0.0373297 -0.0434379 0.015686 0.309804 0.521569
vn -0.1778621 0.9816808 -0.0683222
v -0.0052908 0.0374325 -0.0520949 0.015686 0.298039 0.509804
vn -0.1794107 0.9818119 -0.0621068
v -0.0051761 0.0370677 -0.0579743 0.023529 0.301961 0.517647
vn -0.2705725 0.9590484 -0.0837666
v -0.0115192 0.0384707 -0.0192982 0.023529 0.266667 0.482353
vn -0.2426827 0.9664687 -0.0839251
v -0.0094158 0.0392240 -0.0172862 0.023529 0.317647 0.533333
vn -0.2429826 0.9657658 -0.0908616
v -0.0096854 0.0400047 -0.0077638 0.015686 0.317647 0.525490
vn -0.2542366 0.9640746 -0.0769671
v -0.0091271 0.0386056 -0.0258299 0.023529 0.317647 0.525490
vn -0.1681102 0.9823299 -0.0822619
v -0.0058011 0.0387288 -0.0343625 0.023529 0.290196 0.498039
vn -0.1656446 0.9832043 -0.0766237
v -0.0060652 0.0392419 -0.0276423 0.015686 0.294118 0.505882
vn -0.1707325 0.9824811 -0.0747093
v -0.0054467 0.0379818 -0.0440566 0.015686 0.286275 0.501961
vn -0.1977896 0.9796801 -0.0332602
v -0.0055577 0.0360331 -0.0859578 0.011765 0.317647 0.533333
vn -0.2271143 0.9268581 -0.2989202
v -0.0060507 0.0357629 -0.0888091 0.039216 0.180392 0.243137
vn -0.2728646 0.9616457 -0.0279744
v -0.0070326 0.0357848 -0.0730385 0.019608 0.298039 0.521569
vn -0.1890405 0.9813671 -0.0343857
v -0.0051190 0.0364574 -0.0697300 0.015686 0.305882 0.525490
vn -0.1799121 0.9821631 -0.0546564
v -0.0050621 0.0366932 -0.0640101 0.019608 0.309804 0.525490
vn -0.2106318 0.9774578 -0.0145144
v -0.0055867 0.0360672 -0.0782116 0.019608 0.356863 0.580392
vn -0.2008439 0.9796027 -0.0063521
v -0.0056122 0.0360824 -0.0823598 0.019608 0.333333 0.556863
vn -0.1623164 0.9836701 -0.0777593
v -0.0060138 0.0397988 -0.0196378 0.019608 0.290196 0.505882
vn -0.2234291 0.9710866 -0.0840859
v -0.0080486 0.0415505 0.0044022 0.027451 0.305882 0.517647
vn -0.1544534 0.9840759 -0.0879710
v -0.0063641 0.0415264 -0.0001258 0.019608 0.286275 0.501961
vn -0.1562830 0.9836890 -0.0890599
v -0.0059587 0.0407385 -0.0091617 0.019608 0.294118 0.505882
vn -0.1557654 0.9847846 -0.0770492
v -0.0066482 0.0427264 0.0148323 0.019608 0.278431 0.498039
vn -0.1545103 0.9855594 -0.0692768
v -0.0067404 0.0434955 0.0254824 0.007843 0.262745 0.494118
vn -0.1555039 0.9845561 -0.0804225
v -0.0067030 0.0422355 0.0090516 0.015686 0.282353 0.501961
vn -0.2291973 0.9654282 0.1241656
v -0.0113254 0.0440296 0.0634693 0.498039 0.490196 0.474510
vn -0.1534531 0.9863926 -0.0590071
v -0.0067307 0.0438245 0.0310079 0.015686 0.262745 0.490196
vn -0.1505725 0.9868872 -0.0581527
v -0.0069592 0.0443548 0.0403485 0.015686 0.254902 0.486275
vn -0.1847619 0.9827817 -0.0018173
v -0.0090562 0.0445592 0.0597084 0.458824 0.454902 0.435294
vn -0.1437571 0.9886413 -0.0438456
v -0.0069593 0.0445898 0.0446720 0.031373 0.266667 0.501961
vn -0.1775022 0.9839311 -0.0193045
v -0.0084041 0.0446136 0.0543063 0.015686 0.286275 0.505882
vn -0.1781825 0.9695687 0.1678912
v -0.0088087 0.0445708 0.0636343 0.498039 0.486275 0.470588
vn -0.1083843 0.9411651 -0.3200954
v -0.0026226 0.0363201 -0.0889114 0.050980 0.172549 0.207843
vn -0.6504867 0.7595069 0.0040390
v -0.0292912 0.0347907 0.0595958 0.266667 0.266667 0.243137
vn -0.6124839 0.7767847 0.1465237
v -0.0277548 0.0359935 0.0635646 0.309804 0.305882 0.282353
vn -0.1167044 0.9930355 -0.0161449
v -0.0058502 0.0450205 0.0544443 0.329412 0.380392 0.443137
vn -0.1257497 0.9919704 -0.0134810
v -0.0034782 0.0363822 -0.0784316 0.015686 0.337255 0.552941
vn -0.1017219 0.9916071 0.0798002
v -0.0055981 0.0450895 0.0631044 0.309804 0.309804 0.290196
vn -0.6484408 0.7503509 0.1284448
v -0.0295620 0.0344988 0.0635100 0.329412 0.325490 0.301961
vn -0.6620942 0.7489979 -0.0251672
v -0.0298861 0.0342213 0.0540257 0.015686 0.168627 0.380392
vn -0.1087827 0.9937795 -0.0238468
v -0.0025022 0.0364343 -0.0859638 0.011765 0.309804 0.521569
vn -0.1125830 0.9936228 -0.0062235
v -0.0026763 0.0364812 -0.0806554 0.023529 0.313725 0.533333
vn -0.7093719 0.7023487 -0.0591439
v -0.0315553 0.0316003 0.0369719 0.007843 0.176471 0.396078
vn -0.7049651 0.7073597 -0.0516379
v -0.0317040 0.0320601 0.0443381 0.003922 0.180392 0.403922
vn -0.7114276 0.6989838 -0.0727492
v -0.0313256 0.0310915 0.0287464 0.007843 0.176471 0.396078
vn -0.6677639 0.7439667 -0.0245948
v -0.0238521 0.0264477 -0.0804378 0.019608 0.266667 0.490196
vn -0.6726850 0.7392635 -0.0313764
v -0.0235169 0.0269774 -0.0703293 0.011765 0.239216 0.458824
vn -0.7267476 0.6866844 -0.0173905
v -0.0254547 0.0251147 -0.0762510 0.007843 0.247059 0.470588
vn -0.7224853 0.6909194 -0.0254055
v -0.0252073 0.0252285 -0.0800293 0.019608 0.258824 0.482353
vn -0.7165383 0.6962981 -0.0417344
v -0.0250365 0.0251379 -0.0858772 0.003922 0.294118 0.517647
vn -0.6462876 0.6900568 -0.3257823
v -0.0236429 0.0262062 -0.0887147 0.019608 0.176471 0.305882
vn -0.6756268 0.6631612 -0.3220960
v -0.0248704 0.0250651 -0.0886877 0.015686 0.207843 0.333333
vn -0.6724452 0.7380370 -0.0558463
v -0.0233576 0.0273656 -0.0667666 0.007843 0.223529 0.427451
vn -0.6851295 0.7250007 -0.0705099
v -0.0242621 0.0276933 -0.0535701 0.011765 0.223529 0.427451
vn -0.6935735 0.7156773 -0.0822301
v -0.0255972 0.0273447 -0.0448828 0.007843 0.215686 0.423529
vn -0.7122451 0.6966149 -0.0862243
v -0.0306832 0.0305004 0.0189178 0.007843 0.184314 0.400000
vn -0.7168596 0.6926034 -0.0800804
v -0.0302381 0.0301480 0.0119774 0.007843 0.180392 0.403922
vn -0.7122954 0.6964958 -0.0867693
v -0.0300925 0.0297306 0.0072193 0.007843 0.184314 0.403922
vn -0.6983452 0.7095470 -0.0941120
v -0.0279740 0.0301544 -0.0046751 0.011765 0.188235 0.403922
vn -0.6966827 0.7106290 -0.0981817
v -0.0276100 0.0292191 -0.0148364 0.003922 0.196078 0.407843
vn -0.6964775 0.7105324 -0.1003135
v -0.0271536 0.0287656 -0.0210504 0.011765 0.203922 0.407843
vn -0.7006648 0.7082313 -0.0864714
v -0.0268896 0.0282250 -0.0271570 0.011765 0.207843 0.411765
vn -0.7158160 0.6980668 -0.0176149
v -0.0320785 0.0322444 0.0547098 0.341176 0.349020 0.372549
vn -0.7092381 0.6955376 0.1149301
v -0.0321773 0.0321228 0.0634450 0.305882 0.301961 0.274510
vn -0.7023701 0.7065343 -0.0865200
v -0.0266700 0.0273764 -0.0362907 0.007843 0.207843 0.415686
vn -0.7320611 0.6782582 -0.0636590
v -0.0257900 0.0252689 -0.0640330 0.015686 0.235294 0.447059
vn -0.7274357 0.6856446 -0.0269965
v -0.0253010 0.0253195 -0.0704049 0.019608 0.254902 0.478431
vn -0.7451389 0.6629837 -0.0722544
v -0.0270390 0.0249650 -0.0533845 0.011765 0.227451 0.435294
vn -0.7478208 0.6579826 -0.0884471
v -0.0278146 0.0253916 -0.0423512 0.011765 0.215686 0.427451
vn -0.7521439 0.6513762 -0.0999437
v -0.0309071 0.0275320 -0.0023859 0.011765 0.200000 0.423529
vn -0.7610520 0.6416546 -0.0952858
v -0.0302787 0.0265699 -0.0143537 0.007843 0.207843 0.423529
vn -0.7635099 0.6389090 -0.0940641
v -0.0298743 0.0256428 -0.0231953 0.011765 0.219608 0.431373
vn -0.7515510 0.6527758 -0.0951579
v -0.0306061 0.0273514 -0.0057839 0.011765 0.200000 0.419608
vn -0.7632758 0.6404673 -0.0849220
v -0.0294382 0.0253032 -0.0294166 0.011765 0.219608 0.431373
vn -0.4064447 0.7383858 -0.5381348
v -0.0151147 0.0320944 -0.0892129 0.058824 0.152941 0.227451
vn -0.4975443 0.8506245 0.1699636
v -0.0225543 0.0390042 0.0650382 0.121569 0.113725 0.109804
vn -0.4364950 0.8823271 0.1759859
v -0.0195932 0.0406148 0.0650762 0.188235 0.184314 0.176471
vn -0.5001882 0.8655014 0.0268174
v -0.0225759 0.0387223 0.0690729 0.098039 0.094118 0.086275
vn -0.4386256 0.8976199 0.0434305
v -0.0195713 0.0403616 0.0685219 0.062745 0.058824 0.050980
vn -0.4375140 0.8992021 0.0041400
v -0.0196291 0.0402888 0.0718109 0.305882 0.301961 0.278431
vn -0.5005259 0.8657205 0.0013928
v -0.0227448 0.0386617 0.0749153 0.223529 0.223529 0.200000
vn -0.4416424 0.8951962 0.0597984
v -0.0193281 0.0403623 0.0875529 0.490196 0.490196 0.462745
vn -0.5010864 0.8622640 0.0735753
v -0.0225403 0.0387122 0.0873570 0.364706 0.360784 0.341176
vn -0.5582812 0.8292729 0.0250730
v -0.0251212 0.0371485 0.0688418 0.078431 0.074510 0.070588
vn -0.5551307 0.8144467 0.1688389
v -0.0251370 0.0373925 0.0650506 0.125490 0.125490 0.117647
vn -0.3714862 0.9277565 0.0355798
v -0.0170275 0.0414633 0.0690142 0.086275 0.082353 0.070588
vn -0.3878205 0.9203315 0.0508450
v -0.0169126 0.0414908 0.0874375 0.615686 0.603922 0.576471
vn -0.5627579 0.8265184 0.0130715
v -0.0249991 0.0371927 0.0839789 0.211765 0.211765 0.192157
vn -0.5659159 0.7904392 0.2344035
v -0.0255642 0.0366683 0.0881436 0.415686 0.411765 0.392157
vn -0.6158628 0.7878523 0.0012961
v -0.0279327 0.0351533 0.0739079 0.231373 0.231373 0.207843
vn -0.6104615 0.7918400 0.0180603
v -0.0275739 0.0353814 0.0687889 0.078431 0.074510 0.066667
vn -0.3698032 0.9082561 0.1957461
v -0.0172070 0.0416904 0.0649718 0.176471 0.168627 0.160784
vn -0.3588440 0.9312642 0.0630719
v -0.0157730 0.0419063 0.0878208 0.694118 0.694118 0.686275
vn -0.3060134 0.9514048 0.0344215
v -0.0140981 0.0425065 0.0689608 0.094118 0.090196 0.082353
vn -0.3285357 0.9444875 -0.0028013
v -0.0139082 0.0426033 0.0775779 0.345098 0.341176 0.317647
vn -0.3276169 0.9435846 0.0481165
v -0.0139069 0.0426235 0.0876282 0.698039 0.701961 0.694118
vn -0.3013765 0.9343707 0.1900623
v -0.0141781 0.0427852 0.0650750 0.090196 0.082353 0.078431
vn -0.6212292 0.7835107 0.0136163
v -0.0276174 0.0352927 0.0829004 0.203922 0.203922 0.184314
vn -0.6234904 0.7759821 0.0954544
v -0.0275886 0.0352021 0.0875602 0.349020 0.349020 0.317647
vn -0.6090243 0.7768559 0.1599513
v -0.0277618 0.0354375 0.0650860 0.117647 0.113725 0.105882
vn -0.4072082 0.8516035 0.3300802
v -0.0191940 0.0402943 0.0886428 0.501961 0.486275 0.478431
vn -0.3684951 0.8496893 0.3771465
v -0.0168769 0.0413462 0.0887179 0.513725 0.501961 0.486275
vn -0.4369103 0.7967907 0.4174135
v -0.0212253 0.0391837 0.0888288 0.478431 0.462745 0.450980
vn -0.2588646 0.9659054 -0.0039958
v -0.0113038 0.0434096 0.0779987 0.376471 0.372549 0.352941
vn -0.2620144 0.9625692 0.0693475
v -0.0114023 0.0433969 0.0876518 0.639216 0.635294 0.615686
vn -0.3349054 0.8706378 0.3603168
v -0.0153254 0.0419777 0.0886775 0.607843 0.603922 0.596078
vn -0.2446048 0.9691415 0.0305488
v -0.0114239 0.0432730 0.0687851 0.070588 0.070588 0.062745
vn -0.2327474 0.9543420 0.1872431
v -0.0116755 0.0435003 0.0649934 0.101961 0.098039 0.086275
vn -0.2894983 0.8977776 0.3319431
v -0.0133532 0.0427055 0.0886296 0.596078 0.592157 0.584314
vn -0.4741160 0.7770945 0.4139303
v -0.0226066 0.0384191 0.0887660 0.470588 0.458824 0.443137
vn -0.5324845 0.7484324 0.3953595
v -0.0245890 0.0371958 0.0886421 0.431373 0.419608 0.400000
vn -0.6568661 0.7540020 0.0028163
v -0.0294592 0.0338527 0.0737088 0.243137 0.243137 0.219608
vn -0.6536396 0.7563913 0.0250486
v -0.0298066 0.0335555 0.0682728 0.062745 0.058824 0.054902
vn -0.6485665 0.7478485 0.1417188
v -0.0297151 0.0338327 0.0651535 0.105882 0.101961 0.094118
vn -0.7053285 0.6951713 0.1387396
v -0.0319357 0.0318210 0.0650642 0.105882 0.101961 0.090196
vn -0.6756397 0.7370967 0.0141227
v -0.0304738 0.0328320 0.0829674 0.200000 0.200000 0.176471
vn -0.6689916 0.7375894 0.0917178
v -0.0304339 0.0327664 0.0876053 0.360784 0.360784 0.325490
vn -0.7084795 0.7057197 0.0040732
v -0.0318289 0.0317219 0.0739358 0.254902 0.250980 0.227451
vn -0.7127188 0.7012478 0.0168399
v -0.0318685 0.0316793 0.0689635 0.078431 0.074510 0.066667
vn -0.1880873 0.9821144 -0.0086331
v -0.0090030 0.0439333 0.0766298 0.427451 0.423529 0.400000
vn -0.1859735 0.9824940 -0.0109283
v -0.0088185 0.0438970 0.0715309 0.552941 0.556863 0.541176
vn -0.1819157 0.9828259 0.0309825
v -0.0084554 0.0439373 0.0684881 0.062745 0.058824 0.058824
vn -0.1724194 0.9656201 0.1945492
v -0.0086691 0.0441374 0.0649656 0.109804 0.109804 0.098039
vn -0.2074264 0.9757184 0.0703420
v -0.0089018 0.0440103 0.0876667 0.686275 0.698039 0.694118
vn -0.7274146 0.6833045 0.0629518
v -0.0330583 0.0302176 0.0873991 0.352941 0.352941 0.313725
vn -0.7279699 0.6854594 0.0143233
v -0.0322334 0.0311931 0.0786413 0.247059 0.247059 0.223529
vn -0.5583549 0.7173195 0.4167643
v -0.0270051 0.0354151 0.0886317 0.427451 0.411765 0.396078
vn -0.2134104 0.8995961 0.3810287
v -0.0103853 0.0434915 0.0887594 0.611765 0.611765 0.592157
vn -0.1719504 0.9504991 0.2588137
v -0.0075522 0.0442122 0.0883904 0.615686 0.611765 0.611765
vn -0.6057202 0.7028384 0.3729895
v -0.0291218 0.0336643 0.0885992 0.423529 0.415686 0.392157
vn -0.0997277 0.9949550 -0.0109118
v -0.0049544 0.0444924 0.0697479 0.152941 0.149020 0.133333
vn -0.1334856 0.9910178 -0.0080841
v -0.0057394 0.0444215 0.0764391 0.309804 0.309804 0.282353
vn -0.1021260 0.9947678 -0.0027192
v -0.0050999 0.0444653 0.0720353 0.325490 0.321569 0.298039
vn -0.1204552 0.9920682 0.0359346
v -0.0058846 0.0444834 0.0876374 0.635294 0.643137 0.639216
vn -0.0870673 0.9956325 0.0336924
v -0.0048771 0.0444613 0.0683319 0.078431 0.074510 0.074510
vn -0.2426119 0.9354333 0.2571071
v -0.0127586 0.0435732 0.0639247 0.760784 0.764706 0.745098
vn -0.0975254 0.9927710 0.0699605
v -0.0051909 0.0445282 0.0673620 0.286275 0.282353 0.262745
vn -0.6320340 0.6737360 0.3829005
v -0.0307697 0.0322372 0.0885986 0.447059 0.435294 0.415686
vn -0.6479535 0.6529701 0.3921561
v -0.0321995 0.0308338 0.0886237 0.462745 0.458824 0.427451
vn -0.6949834 0.6321368 0.3426386
v -0.0332214 0.0298565 0.0884951 0.443137 0.439216 0.411765
vn -0.0908311 0.9786335 0.1844620
v -0.0052033 0.0446170 0.0650229 0.113725 0.113725 0.109804
vn -0.0879139 0.9928846 -0.0803202
v -0.0045609 0.0399768 -0.0192449 0.015686 0.258824 0.474510
vn -0.0829121 0.9927685 -0.0868129
v -0.0021213 0.0413049 -0.0066698 0.019608 0.231373 0.447059
vn -0.0986878 0.9949731 -0.0170101
v 0.0009351 0.0368485 -0.0781279 0.019608 0.282353 0.501961
vn -0.0905134 0.9951286 -0.0390702
v -0.0018143 0.0368923 -0.0666887 0.015686 0.254902 0.470588
vn -0.0920243 0.9940320 -0.0585829
v -0.0029228 0.0370544 -0.0616578 0.019608 0.282353 0.498039
vn -0.0799583 0.9936034 -0.0797433
v 0.0000753 0.0391937 -0.0343019 0.015686 0.227451 0.439216
vn -0.0905737 0.9932866 -0.0719606
v 0.0002348 0.0386996 -0.0412994 0.019608 0.223529 0.431373
vn -0.0882446 0.9938473 -0.0669374
v 0.0002171 0.0379686 -0.0514274 0.007843 0.239216 0.447059
vn -0.0777690 0.9940097 -0.0767902
v -0.0001427 0.0395862 -0.0293749 0.011765 0.223529 0.435294
vn -0.0712985 0.9949511 -0.0706324
v 0.0000938 0.0399223 -0.0247120 0.015686 0.219608 0.427451
vn -0.0525494 0.9970202 -0.0564731
v -0.0007914 0.0447190 0.0368961 0.007843 0.184314 0.403922
vn -0.0780787 0.9945942 -0.0684560
v -0.0000997 0.0442206 0.0281789 0.003922 0.184314 0.400000
vn -0.0781896 0.9935356 -0.0823017
v -0.0000877 0.0424783 0.0053203 0.011765 0.207843 0.423529
vn -0.0746776 0.9936128 -0.0845983
v 0.0000018 0.0419839 -0.0003100 0.015686 0.211765 0.427451
vn -0.0835208 0.9926361 -0.0877375
v 0.0000408 0.0414433 -0.0071615 0.015686 0.203922 0.415686
vn -0.0714690 0.9948435 -0.0719638
v 0.0000592 0.0434923 0.0186625 0.011765 0.192157 0.407843
vn -0.0699624 0.9947969 -0.0740571
v 0.0000769 0.0431787 0.0142189 0.011765 0.192157 0.407843
vn -0.0759295 0.9942313 -0.0757550
v -0.0044011 0.0429200 0.0149742 0.011765 0.235294 0.454902
vn -0.0883372 0.9959031 -0.0193307
v 0.0009842 0.0367685 -0.0846754 0.015686 0.294118 0.513725
vn -0.0796745 0.9921135 -0.0967614
v 0.0008536 0.0366416 -0.0885384 0.027451 0.266667 0.443137
vn -0.0805476 0.9958689 -0.0419219
v -0.0035809 0.0449257 0.0457823 0.019608 0.223529 0.450980
vn -0.0748984 0.9970170 -0.0186372
v 0.0000276 0.0454684 0.0537873 0.039216 0.200000 0.415686
vn -0.0769617 0.9963551 -0.0367913
v 0.0000033 0.0452709 0.0476321 0.035294 0.207843 0.431373
vn -0.0680608 0.9965610 -0.0472660
v -0.0000135 0.0449367 0.0404913 0.015686 0.184314 0.403922
vn -0.0517799 0.9986568 0.0018618
v -0.0009188 0.0454200 0.0585473 0.333333 0.333333 0.313725
vn -0.0750197 0.9933237 -0.0876366
v 0.0001315 0.0406340 -0.0157478 0.007843 0.211765 0.423529
vn -0.0815491 0.9959829 -0.0369837
v 0.0006692 0.0370924 -0.0667187 0.015686 0.243137 0.454902
vn -0.0794456 0.9949477 -0.0613807
v 0.0007019 0.0374926 -0.0592472 0.007843 0.243137 0.450980
vn -0.0580370 0.9837272 0.1700369
v -0.0035871 0.0446731 0.0883558 0.498039 0.494118 0.474510
vn -0.1169327 0.9595951 0.2559377
v -0.0059547 0.0449105 0.0639551 0.690196 0.694118 0.678431
vn -0.0535612 0.9985614 -0.0025382
v -0.0001310 0.0448544 0.0849954 0.250980 0.247059 0.231373
vn -0.0510972 0.9986887 -0.0031702
v -0.0001211 0.0447258 0.0723603 0.325490 0.321569 0.294118
vn -0.0448195 0.9987993 -0.0197798
v -0.0000657 0.0447344 0.0701952 0.196078 0.196078 0.184314
vn -0.0574056 0.9959272 0.0695254
v 0.0000893 0.0454237 0.0631986 0.352941 0.352941 0.329412
vn -0.0377279 0.9990339 0.0225349
v -0.0000469 0.0446436 0.0683364 0.082353 0.078431 0.078431
vn -0.0129579 0.9982504 -0.0576920
v 0.0003336 0.0448506 0.0389212 0.011765 0.184314 0.403922
vn -0.1182463 0.9634390 0.2404226
v -0.0052225 0.0443696 0.0889951 0.596078 0.607843 0.584314
vn -0.0388644 0.9984172 0.0406535
v -0.0003761 0.0447975 0.0883706 0.450980 0.458824 0.443137
vn -0.0383839 0.9713099 0.2346994
v 0.0002966 0.0448611 0.0649259 0.270588 0.270588 0.262745
vn -0.0402200 0.9971856 0.0632714
v 0.0000429 0.0447599 0.0670957 0.235294 0.231373 0.211765
vn -0.0777017 0.8950556 -0.4391334
v 0.0003704 0.0364609 -0.0891541 0.066667 0.188235 0.262745
vn -0.0485485 0.9556370 0.2905186
v -0.0000524 0.0453076 0.0639936 0.623529 0.627451 0.615686
vn -0.7749650 0.6259914 -0.0869723
v -0.0322634 0.0273122 0.0071742 0.011765 0.203922 0.431373
vn -0.7483270 0.6581222 -0.0829567
v -0.0314260 0.0294452 0.0174538 0.007843 0.184314 0.407843
vn -0.7658644 0.6376132 -0.0830742
v -0.0330449 0.0276889 0.0177557 0.007843 0.207843 0.431373
vn -0.7653649 0.6389838 -0.0769182
v -0.0333747 0.0285220 0.0269554 0.011765 0.207843 0.431373
vn -0.7447529 0.6440870 -0.1746283
v -0.0271914 0.0224764 -0.0884989 0.019608 0.235294 0.400000
vn -0.7583376 0.6518447 0.0047453
v -0.0339983 0.0292968 0.0744354 0.345098 0.337255 0.309804
vn -0.7792373 0.6266971 0.0063277
v -0.0352803 0.0276811 0.0805356 0.356863 0.352941 0.329412
vn -0.7835397 0.6164370 0.0779171
v -0.0352865 0.0275858 0.0875627 0.447059 0.439216 0.396078
vn -0.7755787 0.6308428 0.0226976
v -0.0345077 0.0286738 0.0682504 0.066667 0.062745 0.054902
vn -0.7627416 0.6463766 -0.0205575
v -0.0337230 0.0303335 0.0542844 0.070588 0.239216 0.427451
vn -0.7734550 0.6321414 -0.0465263
v -0.0346786 0.0287540 0.0455801 0.007843 0.231373 0.462745
vn -0.7621706 0.6445668 -0.0602476
v -0.0332742 0.0297341 0.0382918 0.007843 0.200000 0.423529
vn -0.7666049 0.6248068 0.1480997
v -0.0347789 0.0286400 0.0650229 0.149020 0.141176 0.133333
vn -0.7699279 0.6266368 0.1205712
v -0.0351476 0.0287117 0.0636456 0.611765 0.611765 0.600000
vn -0.8137625 0.5801743 -0.0344722
v -0.0288102 0.0206994 -0.0861417 0.015686 0.372549 0.592157
vn -0.7854231 0.6128417 -0.0868079
v -0.0296259 0.0244215 -0.0341113 0.011765 0.227451 0.439216
vn -0.7887418 0.6146425 -0.0100532
v -0.0351536 0.0279085 0.0707022 0.321569 0.317647 0.298039
vn -0.7808141 0.6223501 -0.0548624
v -0.0276306 0.0227687 -0.0664411 0.019608 0.254902 0.474510
vn -0.8223739 0.5685624 -0.0209310
v -0.0288089 0.0210113 -0.0712316 0.023529 0.313725 0.541176
vn -0.8263531 0.5630100 -0.0126605
v -0.0288700 0.0208894 -0.0761338 0.015686 0.301961 0.541176
vn -0.8203768 0.5716584 -0.0137335
v -0.0287625 0.0209383 -0.0796377 0.011765 0.309804 0.549020
vn -0.7835088 0.6184455 -0.0603258
v -0.0350253 0.0272156 0.0344051 0.011765 0.227451 0.454902
vn -0.8163950 0.5724322 -0.0762935
v -0.0358934 0.0252752 0.0261683 0.015686 0.262745 0.490196
vn -0.8189114 0.5673785 -0.0864051
v -0.0354737 0.0245134 0.0171709 0.019608 0.266667 0.490196
vn -0.7960853 0.5990105 -0.0862247
v -0.0338745 0.0259258 0.0127374 0.007843 0.231373 0.450980
vn -0.7838785 0.6205859 -0.0201922
v -0.0352775 0.0284339 0.0541074 0.007843 0.258824 0.490196
vn -0.7429894 0.5703635 -0.3502176
v -0.0282825 0.0210774 -0.0888044 0.031373 0.172549 0.262745
vn -0.8199978 0.5655105 -0.0883265
v -0.0306932 0.0217486 -0.0423991 0.015686 0.270588 0.486275
vn -0.8275146 0.5554465 -0.0818457
v -0.0305051 0.0213073 -0.0474084 0.011765 0.274510 0.490196
vn -0.8288710 0.5545272 -0.0739770
v -0.0300921 0.0211737 -0.0525535 0.015686 0.274510 0.494118
vn -0.8334154 0.5482904 -0.0692567
v -0.0298251 0.0206503 -0.0602490 0.015686 0.286275 0.501961
vn -0.8336954 0.5494711 -0.0550785
v -0.0292864 0.0205985 -0.0667802 0.015686 0.282353 0.505882
vn -0.7377685 0.6125419 0.2837077
v -0.0345795 0.0282820 0.0883350 0.447059 0.439216 0.411765
vn -0.8133233 0.5802863 0.0421077
v -0.0373656 0.0258610 0.0630585 0.439216 0.443137 0.411765
vn -0.8281759 0.5599746 -0.0235199
v -0.0372087 0.0259139 0.0546335 0.521569 0.533333 0.541176
vn -0.8273566 0.5606019 -0.0347370
v -0.0369951 0.0258939 0.0481368 0.015686 0.298039 0.525490
vn -0.8254920 0.5613524 -0.0587075
v -0.0366120 0.0254176 0.0372839 0.015686 0.282353 0.509804
vn -0.8281878 0.5580041 -0.0523098
v -0.0369509 0.0256664 0.0444692 0.015686 0.286275 0.517647
vn -0.6672991 0.5835580 -0.4627874
v -0.0269892 0.0224834 -0.0889505 0.043137 0.156863 0.247059
vn -0.6458837 0.5707196 -0.5070635
v -0.0258147 0.0237316 -0.0890007 0.031373 0.152941 0.250980
vn -0.8060328 0.5846279 -0.0923116
v -0.0326005 0.0245405 -0.0068367 0.011765 0.235294 0.458824
vn -0.8060186 0.5838848 -0.0970185
v -0.0328247 0.0259389 0.0033362 0.011765 0.215686 0.439216
vn -0.8323840 0.5462875 -0.0933105
v -0.0355822 0.0238243 0.0140257 0.011765 0.270588 0.494118
vn -0.8220661 0.5630516 -0.0847368
v -0.0318315 0.0217572 -0.0311776 0.015686 0.278431 0.494118
vn -0.8353976 0.5417989 -0.0925463
v -0.0328085 0.0218322 -0.0217197 0.019608 0.270588 0.486275
vn -0.8334811 0.5442936 -0.0951515
v -0.0336651 0.0222896 -0.0116129 0.019608 0.270588 0.494118
vn -0.8412806 0.5325240 -0.0930867
v -0.0344783 0.0221960 -0.0047927 0.015686 0.262745 0.482353
vn -0.8391030 0.5355937 -0.0951084
v -0.0351027 0.0225636 0.0028883 0.019608 0.270588 0.490196
vn -0.8263935 0.5630225 -0.0089139
v -0.0370952 0.0253151 0.0719704 0.458824 0.450980 0.427451
vn -0.8298193 0.5579789 0.0077185
v -0.0373136 0.0249500 0.0821096 0.423529 0.423529 0.400000
vn -0.8239098 0.5608195 0.0815741
v -0.0370432 0.0251962 0.0874339 0.568627 0.549020 0.513725
vn -0.8260500 0.5630708 0.0243444
v -0.0369902 0.0253142 0.0681063 0.054902 0.054902 0.047059
vn -0.8128617 0.5598775 0.1606018
v -0.0372095 0.0253647 0.0650531 0.133333 0.129412 0.117647
vn -0.7951902 0.4991909 -0.3442107
v -0.0296291 0.0191698 -0.0887840 0.035294 0.168627 0.270588
vn -0.7442186 0.5520837 0.3759553
v -0.0357634 0.0266975 0.0886027 0.450980 0.435294 0.407843
vn -0.8340091 0.5347702 0.1358301
v -0.0379589 0.0249443 0.0636290 0.470588 0.470588 0.450980
vn -0.3535243 0.7470370 -0.5629888
v -0.0135516 0.0323817 -0.0898461 0.086275 0.117647 0.141176
vn -0.1608697 0.8621525 -0.4804312
v -0.0048332 0.0356370 -0.0895053 0.109804 0.184314 0.239216
vn -0.2614557 0.7985708 -0.5421491
v -0.0095616 0.0343219 -0.0894573 0.125490 0.203922 0.258824
vn -0.8526227 0.5149750 -0.0885175
v -0.0326394 0.0207279 -0.0298160 0.015686 0.274510 0.490196
vn -0.8690284 0.4944176 -0.0184610
v -0.0394648 0.0223475 0.0578046 0.380392 0.380392 0.352941
vn -0.7722306 0.5070423 0.3828420
v -0.0371653 0.0246908 0.0885898 0.470588 0.458824 0.427451
vn -0.8631070 0.4975795 0.0863766
v -0.0385897 0.0227457 0.0874556 0.466667 0.462745 0.427451
vn -0.7916790 0.4652823 0.3959252
v -0.0382525 0.0229412 0.0886416 0.478431 0.482353 0.454902
vn -0.8653366 0.5008454 0.0186122
v -0.0385449 0.0228108 0.0684204 0.058824 0.050980 0.043137
vn -0.8645862 0.5020767 -0.0202437
v -0.0385335 0.0229736 0.0709702 0.450980 0.450980 0.427451
vn -0.8694060 0.4940982 -0.0003124
v -0.0389346 0.0223459 0.0751859 0.325490 0.325490 0.298039
vn -0.8588337 0.5071629 -0.0720456
v -0.0378265 0.0222569 0.0272411 0.015686 0.243137 0.470588
vn -0.8658085 0.4988596 -0.0389213
v -0.0389781 0.0224598 0.0465824 0.015686 0.247059 0.474510
vn -0.8611810 0.5052313 -0.0557543
v -0.0385545 0.0221586 0.0370086 0.015686 0.247059 0.474510
vn -0.8661998 0.4986291 -0.0326658
v -0.0389376 0.0228408 0.0527029 0.007843 0.247059 0.490196
vn -0.8651998 0.4931041 -0.0909821
v -0.0372626 0.0209046 0.0136550 0.011765 0.235294 0.450980
vn -0.8579370 0.4875241 0.1620629
v -0.0389713 0.0225115 0.0650154 0.113725 0.109804 0.101961
vn -0.8663054 0.4919258 -0.0867412
v -0.0319157 0.0192449 -0.0450753 0.011765 0.266667 0.482353
vn -0.8741337 0.4798687 -0.0749424
v -0.0316697 0.0183366 -0.0527251 0.015686 0.262745 0.478431
vn -0.8805849 0.4703311 -0.0579555
v -0.0308806 0.0177772 -0.0666609 0.027451 0.313725 0.533333
vn -0.8815192 0.4670459 -0.0692244
v -0.0313205 0.0178136 -0.0611101 0.015686 0.274510 0.490196
vn -0.8891165 0.4573294 -0.0179370
v -0.0310847 0.0168766 -0.0860213 0.015686 0.400000 0.615686
vn -0.8230745 0.4699979 -0.3188265
v -0.0305964 0.0175867 -0.0887202 0.031373 0.184314 0.294118
vn -0.8724205 0.4788871 -0.0977222
v -0.0352963 0.0196393 -0.0109813 0.011765 0.243137 0.462745
vn -0.8747346 0.4749569 -0.0962056
v -0.0363492 0.0196161 -0.0010028 0.019608 0.239216 0.458824
vn -0.8829165 0.4594102 -0.0969573
v -0.0385237 0.0172829 0.0069808 0.007843 0.211765 0.427451
vn -0.9063658 0.4133691 -0.0873327
v -0.0389553 0.0178861 0.0139178 0.011765 0.215686 0.431373
vn -0.9014955 0.4248035 -0.0827528
v -0.0391221 0.0186373 0.0197332 0.011765 0.223529 0.443137
vn -0.8909227 0.4456642 -0.0874086
v -0.0340862 0.0176252 -0.0329694 0.015686 0.227451 0.439216
vn -0.8978803 0.4306781 -0.0912555
v -0.0337254 0.0169722 -0.0398571 0.011765 0.223529 0.435294
vn -0.9016740 0.4248280 -0.0806542
v -0.0330601 0.0161096 -0.0506158 0.011765 0.227451 0.439216
vn -0.8731257 0.4791420 -0.0898576
v -0.0340389 0.0195788 -0.0223800 0.011765 0.247059 0.462745
vn -0.8960648 0.4354897 -0.0861193
v -0.0393440 0.0191542 0.0245214 0.011765 0.223529 0.443137
vn -0.8768619 0.4802797 -0.0210854
v -0.0305376 0.0180109 -0.0715109 0.039216 0.329412 0.552941
vn -0.8907623 0.4543902 -0.0084917
v -0.0312059 0.0167072 -0.0778274 0.039216 0.372549 0.596078
vn -0.8737520 0.4695329 0.1268712
v -0.0399543 0.0215256 0.0635726 0.466667 0.466667 0.450980
vn -0.9026641 0.4248582 -0.0685058
v -0.0396949 0.0191613 0.0285095 0.015686 0.219608 0.439216
vn -0.9014289 0.4292887 -0.0560100
v -0.0400145 0.0194212 0.0350518 0.015686 0.227451 0.450980
vn -0.9026248 0.4271648 -0.0529033
v -0.0402292 0.0195506 0.0402560 0.015686 0.231373 0.454902
vn -0.9043334 0.4244546 -0.0449400
v -0.0405328 0.0195848 0.0454390 0.007843 0.227451 0.454902
vn -0.9018199 0.4308585 -0.0328909
v -0.0408042 0.0195507 0.0532247 0.007843 0.231373 0.466667
vn -0.4635270 0.6666705 -0.5836893
v -0.0189062 0.0291959 -0.0898062 0.086275 0.094118 0.113725
vn -0.8898767 0.4561136 0.0089404
v -0.0400110 0.0202232 0.0822501 0.400000 0.396078 0.368627
vn -0.8932943 0.4287265 0.1349776
v -0.0403179 0.0194691 0.0876636 0.525490 0.521569 0.482353
vn -0.8992806 0.4372668 -0.0095989
v -0.0403517 0.0196386 0.0726683 0.431373 0.431373 0.403922
vn -0.8971536 0.4412557 0.0202227
v -0.0403440 0.0194733 0.0684041 0.062745 0.058824 0.050980
vn -0.8863575 0.4311308 0.1688092
v -0.0404142 0.0197775 0.0649889 0.200000 0.192157 0.180392
vn -0.8989635 0.4169187 0.1343259
v -0.0408734 0.0196948 0.0636635 0.486275 0.486275 0.478431
vn -0.9209452 0.3830331 -0.0717323
v -0.0325493 0.0152791 -0.0619195 0.007843 0.243137 0.454902
vn -0.9196962 0.3889965 -0.0532985
v -0.0322757 0.0149554 -0.0669483 0.011765 0.227451 0.435294
vn -0.9044301 0.4263922 -0.0140005
v -0.0408221 0.0197612 0.0572799 0.317647 0.317647 0.301961
vn -0.9111078 0.4011445 -0.0946875
v -0.0371925 0.0166772 -0.0076862 0.011765 0.211765 0.427451
vn -0.8858435 0.4512508 -0.1079541
v -0.0381341 0.0170060 0.0027335 0.015686 0.215686 0.427451
vn -0.8871257 0.4521356 -0.0926364
v -0.0376548 0.0167450 -0.0027636 0.015686 0.215686 0.423529
vn -0.9014805 0.4207395 -0.1015445
v -0.0362109 0.0169098 -0.0150818 0.011765 0.219608 0.431373
vn -0.9006591 0.4252264 -0.0894185
v -0.0353103 0.0170078 -0.0230309 0.011765 0.223529 0.435294
vn -0.9158769 0.4010403 -0.0183366
v -0.0320100 0.0151386 -0.0718670 0.027451 0.250980 0.482353
vn -0.8613444 0.4055297 -0.3059928
v -0.0312722 0.0162803 -0.0886978 0.031373 0.203922 0.329412
vn -0.8103308 0.4301991 0.3978604
v -0.0393589 0.0209548 0.0885952 0.498039 0.505882 0.486275
vn -0.5029138 0.6599047 0.5582147
v -0.0247108 0.0364744 0.0893382 0.458824 0.458824 0.435294
vn -0.9152985 0.4027248 0.0064303
v -0.0409318 0.0183460 0.0811914 0.411765 0.411765 0.380392
vn -0.5250964 0.6168532 -0.5863155
v -0.0210788 0.0274687 -0.0898679 0.082353 0.101961 0.129412
vn -0.5824074 0.5724891 -0.5771117
v -0.0243502 0.0244367 -0.0898519 0.101961 0.141176 0.164706
vn -0.9248096 0.3804224 -0.0024586
v -0.0325327 0.0137643 -0.0783891 0.035294 0.349020 0.572549
vn -0.8638546 0.3798339 -0.3308799
v -0.0319814 0.0146764 -0.0887518 0.027451 0.184314 0.290196
vn -0.9184651 0.3952134 -0.0151076
v -0.0330448 0.0124587 -0.0847222 0.011765 0.317647 0.545098
vn -0.9139654 0.3964272 0.0866765
v -0.0412222 0.0174914 0.0876347 0.501961 0.490196 0.450980
vn -0.8175048 0.4051119 0.4093534
v -0.0403543 0.0189116 0.0886621 0.486275 0.482353 0.454902
vn -0.9225965 0.3856450 -0.0096769
v -0.0412110 0.0176662 0.0718111 0.411765 0.407843 0.388235
vn -0.9229942 0.3843438 0.0190173
v -0.0413177 0.0173094 0.0684372 0.066667 0.062745 0.058824
vn -0.9158083 0.3917783 -0.0883464
v -0.0358138 0.0140126 -0.0312072 0.007843 0.211765 0.419608
vn -0.9155941 0.3907647 -0.0948178
v -0.0365542 0.0143663 -0.0218908 0.015686 0.211765 0.419608
vn -0.9167639 0.3851676 -0.1057822
v -0.0373293 0.0147625 -0.0132835 0.011765 0.207843 0.415686
vn -0.4160495 0.6672237 -0.6178312
v -0.0160522 0.0308710 -0.0898716 0.078431 0.113725 0.160784
vn -0.9173052 0.3727871 0.1399319
v -0.0415817 0.0170711 0.0650693 0.164706 0.160784 0.149020
vn -0.6697431 0.5552369 0.4931087
v -0.0341914 0.0280641 0.0891912 0.478431 0.474510 0.447059
vn -0.9278240 0.3723062 -0.0230405
v -0.0420034 0.0168738 0.0559483 0.294118 0.286275 0.278431
vn -0.8478785 0.3564344 0.3925004
v -0.0413615 0.0167883 0.0886242 0.498039 0.498039 0.470588
vn -0.8958001 0.3627211 -0.2568574
v -0.0327578 0.0127886 -0.0887100 0.023529 0.192157 0.290196
vn -0.5086330 0.6153148 0.6022295
v -0.0279908 0.0343322 0.0889613 0.403922 0.396078 0.380392
vn -0.9236486 0.3684109 0.1055785
v -0.0424072 0.0160032 0.0634544 0.333333 0.333333 0.309804
vn -0.9310308 0.3646996 -0.0132642
v -0.0431301 0.0141057 0.0581442 0.282353 0.286275 0.270588
vn -0.9243836 0.3520942 0.1467812
v -0.0431499 0.0140234 0.0636533 0.501961 0.501961 0.490196
vn -0.9238951 0.3711869 -0.0929418
v -0.0353347 0.0131273 -0.0394090 0.007843 0.215686 0.423529
vn -0.9326548 0.3494155 -0.0897994
v -0.0342193 0.0139663 -0.0473199 0.011765 0.219608 0.431373
vn -0.9352731 0.3461287 -0.0738873
v -0.0332387 0.0149578 -0.0541502 0.007843 0.231373 0.439216
vn -0.9349956 0.3517573 -0.0452780
v -0.0416858 0.0166730 0.0461415 0.023529 0.207843 0.427451
vn -0.9343355 0.3543671 -0.0379626
v -0.0430242 0.0139510 0.0533048 0.007843 0.203922 0.427451
vn -0.9288576 0.3704338 -0.0015594
v -0.0426020 0.0142266 0.0753309 0.282353 0.282353 0.258824
vn -0.9295771 0.3657102 0.0462885
v -0.0425142 0.0141976 0.0875878 0.501961 0.509804 0.470588
vn -0.9334255 0.3521011 -0.0688601
v -0.0411945 0.0152235 0.0287025 0.007843 0.196078 0.407843
vn -0.9320680 0.3538094 -0.0778983
v -0.0402962 0.0152970 0.0183952 0.011765 0.200000 0.415686
vn -0.9340692 0.3529602 -0.0541662
v -0.0415557 0.0154417 0.0356421 0.015686 0.203922 0.419608
vn -0.9355938 0.3426652 -0.0851169
v -0.0400933 0.0146589 0.0134351 0.011765 0.200000 0.411765
vn -0.9322864 0.3612519 0.0184142
v -0.0425346 0.0141622 0.0685953 0.066667 0.066667 0.058824
vn -0.9234007 0.3530789 0.1505538
v -0.0429736 0.0134577 0.0650063 0.109804 0.105882 0.094118
vn -0.6054191 0.5307124 -0.5931374
v -0.0259190 0.0226740 -0.0898720 0.070588 0.105882 0.129412
vn -0.8563738 0.3282144 0.3986217
v -0.0421119 0.0149062 0.0885995 0.517647 0.509804 0.478431
vn -0.9355521 0.3531254 0.0066821
v -0.0330424 0.0123949 -0.0773847 0.015686 0.274510 0.494118
vn -0.9387029 0.3445038 -0.0124142
v -0.0332288 0.0117885 -0.0723877 0.027451 0.227451 0.447059
vn -0.9404084 0.3358778 -0.0530868
v -0.0333866 0.0118690 -0.0666748 0.019608 0.235294 0.450980
vn -0.9397688 0.3382664 -0.0490972
v -0.0433407 0.0120797 0.0461722 0.003922 0.196078 0.407843
vn -0.9410650 0.3303528 -0.0725521
v -0.0340202 0.0117635 -0.0585156 0.015686 0.227451 0.435294
vn -0.9398978 0.3295633 -0.0893317
v -0.0349434 0.0115272 -0.0486107 0.007843 0.215686 0.427451
vn -0.3617430 0.7531798 0.5494199
v -0.0195810 0.0396912 0.0892487 0.505882 0.501961 0.482353
vn -0.6490765 0.4661994 -0.6011306
v -0.0281102 0.0201195 -0.0897690 0.109804 0.145098 0.168627
vn -0.3142045 0.7358643 0.5998160
v -0.0165777 0.0408933 0.0894173 0.725490 0.725490 0.698039
vn -0.5376393 0.6026839 0.5896747
v -0.0298453 0.0323767 0.0893160 0.576471 0.596078 0.545098
vn -0.2718099 0.7845637 0.5572963
v -0.0137441 0.0420957 0.0893173 0.713725 0.701961 0.690196
vn -0.2761004 0.6998073 -0.6588158
v -0.0117560 0.0330328 -0.0899070 0.062745 0.082353 0.105882
vn -0.1581888 0.8279854 0.5379745
v -0.0084092 0.0433579 0.0894941 0.654902 0.666667 0.635294
vn -0.2267945 0.8007430 0.5544140
v -0.0114646 0.0427620 0.0893807 0.631373 0.623529 0.615686
vn -0.5934168 0.5536469 0.5842358
v -0.0327536 0.0294307 0.0893958 0.560784 0.556863 0.521569
vn -0.7290419 0.3748683 -0.5726880
v -0.0304527 0.0164008 -0.0897229 0.125490 0.200000 0.250980
vn -0.6779203 0.4101126 -0.6101078
v -0.0295606 0.0175881 -0.0898907 0.090196 0.164706 0.203922
vn -0.4716444 0.6061789 0.6403894
v -0.0264235 0.0349818 0.0894838 0.603922 0.596078 0.568627
vn -0.0881585 0.8043972 -0.5875146
v -0.0032077 0.0356038 -0.0898044 0.078431 0.160784 0.180392
vn -0.0849536 0.7941762 -0.6017202
v 0.0009650 0.0361193 -0.0896830 0.101961 0.176471 0.215686
vn -0.7582802 0.3150206 -0.5707654
v -0.0318393 0.0130474 -0.0898274 0.109804 0.149020 0.176471
vn -0.6645998 0.4641085 0.5855857
v -0.0358509 0.0256239 0.0893715 0.482353 0.470588 0.439216
vn -0.3981797 0.6448635 0.6523833
v -0.0222422 0.0380139 0.0893940 0.584314 0.580392 0.549020
vn -0.6802878 0.4062579 0.6100518
v -0.0377159 0.0228434 0.0893108 0.549020 0.549020 0.525490
vn -0.7114336 0.3312626 0.6197800
v -0.0403133 0.0177860 0.0893254 0.560784 0.564706 0.529412
vn -0.7526081 0.2849437 0.5936230
v -0.0416330 0.0146940 0.0893220 0.588235 0.596078 0.556863
vn -0.7642593 0.2697613 0.5857787
v -0.0426914 0.0132241 0.0886180 0.521569 0.509804 0.478431
vn -0.3334679 -0.9394737 -0.0786664
v -0.0152959 -0.0411193 0.0276094 0.109804 0.313725 0.474510
vn -0.4629382 -0.8812367 -0.0954468
v -0.0202955 -0.0383227 0.0214791 0.027451 0.250980 0.450980
vn -0.3351541 -0.9362202 -0.1056577
v -0.0152137 -0.0403929 0.0197369 0.078431 0.286275 0.466667
vn -0.4632939 -0.8834160 -0.0702491
v -0.0204410 -0.0390189 0.0293883 0.039216 0.258824 0.462745
vn -0.4600208 -0.8835751 -0.0876131
v -0.0203473 -0.0386853 0.0253410 0.019608 0.235294 0.462745
vn -0.3400293 -0.9382895 -0.0631903
v -0.0154090 -0.0414621 0.0331823 0.078431 0.317647 0.486275
vn -0.4593061 -0.8863161 -0.0590063
v -0.0203040 -0.0396751 0.0387439 0.011765 0.203922 0.431373
vn -0.4643325 -0.8839011 -0.0558059
v -0.0205224 -0.0393242 0.0343217 0.019608 0.223529 0.447059
vn -0.3653518 -0.9288556 -0.0612000
v -0.0156317 -0.0417806 0.0397799 0.015686 0.203922 0.431373
vn -0.3716246 -0.9265623 -0.0581163
v -0.0167129 -0.0417268 0.0450381 0.011765 0.203922 0.431373
vn -0.4539414 -0.8891711 -0.0575492
v -0.0202147 -0.0401707 0.0447533 0.011765 0.207843 0.435294
vn -0.4539820 -0.8895263 -0.0514135
v -0.0201507 -0.0405006 0.0503752 0.007843 0.207843 0.439216
vn -0.3771466 -0.9244828 -0.0556054
v -0.0166872 -0.0420427 0.0513024 0.011765 0.184314 0.423529
vn -0.4461851 -0.8941365 -0.0379327
v -0.0199465 -0.0408803 0.0545654 0.392157 0.380392 0.364706
vn -0.3756206 -0.9259259 -0.0396289
v -0.0168523 -0.0421911 0.0543746 0.360784 0.345098 0.352941
vn -0.3101272 -0.9499301 -0.0381313
v -0.0142422 -0.0431918 0.0544167 0.333333 0.333333 0.376471
vn -0.3199393 -0.9459924 -0.0523202
v -0.0143628 -0.0428371 0.0493374 0.015686 0.196078 0.423529
vn -0.3016809 -0.9512323 -0.0643882
v -0.0137216 -0.0426835 0.0434034 0.015686 0.203922 0.431373
vn -0.3187293 -0.9478398 -0.0033815
v -0.0144381 -0.0432139 0.0589383 0.349020 0.341176 0.254902
vn -0.4386057 -0.8986644 0.0052290
v -0.0198459 -0.0409974 0.0595728 0.360784 0.352941 0.270588
vn -0.3738205 -0.9137276 0.1592486
v -0.0169109 -0.0421674 0.0635872 0.411765 0.403922 0.368627
vn -0.4616694 -0.8801203 -0.1106785
v -0.0203010 -0.0375695 0.0152442 0.019608 0.207843 0.423529
vn -0.3422242 -0.9321734 -0.1180483
v -0.0153613 -0.0394498 0.0130627 0.031373 0.203922 0.419608
vn -0.4318663 -0.8955077 -0.1075059
v -0.0194787 -0.0367090 0.0056338 0.011765 0.184314 0.396078
vn -0.3405075 -0.9343356 -0.1052215
v -0.0148813 -0.0390381 0.0081054 0.019608 0.192157 0.403922
vn -0.3459639 -0.9328945 -0.1000849
v -0.0146196 -0.0381420 -0.0012068 0.007843 0.184314 0.392157
vn -0.3652408 -0.9254622 -0.1005925
v -0.0143348 -0.0353384 -0.0277370 0.007843 0.180392 0.384314
vn -0.4417164 -0.8912186 -0.1030341
v -0.0159898 -0.0342052 -0.0311013 0.007843 0.176471 0.380392
vn -0.3869472 -0.9163201 -0.1030985
v -0.0146050 -0.0340954 -0.0377176 0.007843 0.180392 0.388235
vn -0.4516679 -0.8864214 -0.1012580
v -0.0171506 -0.0346787 -0.0216050 0.007843 0.184314 0.384314
vn -0.3595203 -0.9274535 -0.1028356
v -0.0144022 -0.0362119 -0.0194003 0.015686 0.188235 0.392157
vn -0.4672505 -0.8777726 -0.1057935
v -0.0182980 -0.0350073 -0.0142390 0.007843 0.180392 0.384314
vn -0.3539168 -0.9295101 -0.1037017
v -0.0144731 -0.0369886 -0.0122113 0.007843 0.184314 0.392157
vn -0.4242631 -0.8998410 -0.1014250
v -0.0177160 -0.0360595 -0.0074664 0.007843 0.180392 0.388235
vn -0.4803831 -0.8708425 -0.1042381
v -0.0189872 -0.0353875 -0.0078381 0.007843 0.172549 0.380392
vn -0.4883071 -0.8661562 -0.1064412
v -0.0198282 -0.0355849 -0.0024425 0.007843 0.180392 0.388235
vn -0.2968619 -0.9494752 -0.1018326
v -0.0110081 -0.0352075 -0.0385919 0.003922 0.188235 0.396078
vn -0.2774413 -0.9551938 -0.1031076
v -0.0109245 -0.0361105 -0.0308938 0.007843 0.192157 0.400000
vn -0.2766146 -0.9557256 -0.1003649
v -0.0116806 -0.0369399 -0.0205457 0.007843 0.192157 0.403922
vn -0.2697386 -0.9573464 -0.1035813
v -0.0115643 -0.0381339 -0.0099611 0.007843 0.196078 0.403922
vn -0.2580527 -0.9609489 -0.0999299
v -0.0109261 -0.0393956 0.0003504 0.011765 0.200000 0.411765
vn -0.2655787 -0.9576107 -0.1115789
v -0.0114661 -0.0403900 0.0113973 0.023529 0.203922 0.415686
vn -0.3958435 -0.9131873 -0.0969375
v -0.0142795 -0.0334557 -0.0450395 0.007843 0.180392 0.384314
vn -0.3230675 -0.9412196 -0.0986565
v -0.0135166 -0.0335440 -0.0468680 0.007843 0.176471 0.380392
vn -0.2602476 -0.9585622 -0.1158866
v -0.0122488 -0.0409362 0.0173086 0.023529 0.231373 0.447059
vn -0.3997064 -0.9111907 -0.0998314
v -0.0140570 -0.0327201 -0.0525980 0.007843 0.180392 0.384314
vn -0.3101287 -0.9462015 -0.0923197
v -0.0115520 -0.0330244 -0.0581822 0.007843 0.184314 0.388235
vn -0.4022193 -0.9112016 -0.0890583
v -0.0138451 -0.0319672 -0.0602344 0.007843 0.180392 0.388235
vn -0.3558841 -0.9320354 -0.0682392
v -0.0121203 -0.0320930 -0.0665335 0.007843 0.172549 0.376471
vn -0.2250068 -0.9690079 -0.1019594
v -0.0087606 -0.0349911 -0.0470897 0.007843 0.192157 0.396078
vn -0.2371232 -0.9659269 -0.1037197
v -0.0091045 -0.0359282 -0.0370185 0.003922 0.192157 0.403922
vn -0.2522759 -0.9658776 -0.0586294
v -0.0088692 -0.0330513 -0.0669214 0.007843 0.176471 0.372549
vn -0.2344751 -0.9678772 -0.0907481
v -0.0084181 -0.0340267 -0.0571538 0.007843 0.192157 0.403922
vn -0.2675692 -0.9611143 -0.0683085
v -0.0126141 -0.0422682 0.0330880 0.011765 0.215686 0.439216
vn -0.2717794 -0.9604358 -0.0608197
v -0.0115516 -0.0434578 0.0453957 0.011765 0.203922 0.431373
vn -0.2555891 -0.9662479 -0.0322391
v -0.0117238 -0.0438754 0.0542432 0.278431 0.317647 0.392157
vn -0.2510643 -0.9636509 -0.0913435
v -0.0119620 -0.0417145 0.0239250 0.066667 0.282353 0.466667
vn -0.2321308 -0.9674882 -0.1004085
v -0.0086733 -0.0344782 -0.0520074 0.007843 0.200000 0.403922
vn -0.2532787 -0.9641343 -0.0793412
v -0.0110220 -0.0424079 0.0291370 0.078431 0.286275 0.466667
vn -0.1882728 -0.9795460 -0.0710143
v -0.0085849 -0.0434612 0.0346535 0.015686 0.227451 0.450980
vn -0.1777041 -0.9799234 -0.0903958
v -0.0084726 -0.0430146 0.0286091 0.074510 0.286275 0.478431
vn -0.4366416 -0.8984767 -0.0456492
v -0.0159500 -0.0301686 -0.0680715 0.007843 0.168627 0.368627
vn -0.3156028 -0.9483916 -0.0307957
v -0.0112211 -0.0321447 -0.0719553 0.007843 0.172549 0.372549
vn -0.2534852 -0.9670886 -0.0220220
v -0.0085305 -0.0329264 -0.0733276 0.003922 0.176471 0.368627
vn -0.3920727 -0.9193969 -0.0314387
v -0.0127411 -0.0316477 -0.0703126 0.007843 0.180392 0.388235
vn -0.3301843 -0.9429287 -0.0431723
v -0.0115969 -0.0317776 -0.0805530 0.003922 0.164706 0.360784
vn -0.4049332 -0.9139084 -0.0282965
v -0.0137404 -0.0311011 -0.0766644 0.003922 0.168627 0.364706
vn -0.4115937 -0.9101900 -0.0463120
v -0.0138056 -0.0308856 -0.0811065 0.007843 0.188235 0.392157
vn -0.4082232 -0.9102611 -0.0691271
v -0.0137255 -0.0306301 -0.0857738 0.007843 0.192157 0.396078
vn -0.3394880 -0.9374727 -0.0767655
v -0.0117602 -0.0313647 -0.0866611 0.007843 0.192157 0.396078
vn -0.3721636 -0.8621661 -0.3437496
v -0.0129472 -0.0306568 -0.0888014 0.023529 0.094118 0.149020
vn -0.2945015 -0.8928706 -0.3406625
v -0.0112796 -0.0313138 -0.0888118 0.027451 0.090196 0.145098
vn -0.2732083 -0.9253941 -0.2626843
v -0.0095897 -0.0318682 -0.0885051 0.019608 0.109804 0.200000
vn -0.2544808 -0.9638405 -0.0790636
v -0.0085700 -0.0323895 -0.0862400 0.007843 0.196078 0.403922
vn -0.2545621 -0.9658930 -0.0474215
v -0.0084737 -0.0327096 -0.0814725 0.007843 0.207843 0.419608
vn -0.2594678 -0.9654080 -0.0257672
v -0.0084766 -0.0328914 -0.0764047 0.003922 0.168627 0.360784
vn -0.3980835 -0.8492597 -0.3468249
v -0.0146733 -0.0298796 -0.0888106 0.019608 0.074510 0.141176
vn -0.2340294 -0.9670907 -0.0998289
v -0.0084869 -0.0375581 -0.0228289 0.007843 0.200000 0.411765
vn -0.2226843 -0.9694663 -0.1026973
v -0.0083420 -0.0388229 -0.0112040 0.011765 0.207843 0.419608
vn -0.1901320 -0.9767799 -0.0987468
v -0.0080103 -0.0405688 0.0048500 0.007843 0.211765 0.419608
vn -0.1822404 -0.9815188 -0.0583899
v -0.0087663 -0.0442156 0.0455646 0.007843 0.219608 0.447059
vn -0.1831687 -0.9765422 -0.1132020
v -0.0085250 -0.0414314 0.0136087 0.015686 0.207843 0.423529
vn -0.1739418 -0.9792039 -0.1044216
v -0.0085095 -0.0420738 0.0190494 0.019608 0.239216 0.454902
vn -0.1726568 -0.9804325 -0.0945616
v -0.0085667 -0.0426005 0.0247511 0.023529 0.243137 0.466667
vn -0.2302570 -0.8867962 -0.4007171
v -0.0085930 -0.0320796 -0.0888743 0.023529 0.090196 0.149020
vn -0.1880837 -0.9816064 -0.0327623
v -0.0091105 -0.0445192 0.0539272 0.015686 0.219608 0.439216
vn -0.2468437 -0.9689887 0.0113615
v -0.0116097 -0.0439894 0.0606810 0.356863 0.345098 0.262745
vn -0.1866387 -0.9824180 -0.0045650
v -0.0090266 -0.0446011 0.0584809 0.372549 0.368627 0.305882
vn -0.1624795 -0.9817094 -0.0992322
v -0.0055291 -0.0330269 -0.0867824 0.003922 0.200000 0.407843
vn -0.2261713 -0.9728715 -0.0486593
v -0.0067795 -0.0330661 -0.0816882 0.007843 0.207843 0.419608
vn -0.1654724 -0.9844233 -0.0594110
v -0.0053722 -0.0333831 -0.0824188 0.007843 0.203922 0.419608
vn -0.1505047 -0.9879747 -0.0354164
v -0.0049765 -0.0336585 -0.0775753 0.007843 0.184314 0.380392
vn -0.3004965 -0.9403152 0.1597165
v -0.0141168 -0.0432437 0.0635721 0.392157 0.380392 0.337255
vn -0.1450288 -0.9876212 -0.0597576
v -0.0042881 -0.0340740 -0.0665025 0.011765 0.188235 0.396078
vn -0.1757926 -0.9841437 -0.0236251
v -0.0045740 -0.0338317 -0.0724854 0.003922 0.172549 0.372549
vn -0.1474194 -0.9838330 -0.1016865
v -0.0060959 -0.0385016 -0.0187574 0.007843 0.211765 0.423529
vn -0.1348334 -0.9860266 -0.0978341
v -0.0061368 -0.0392668 -0.0112268 0.007843 0.215686 0.431373
vn -0.1499616 -0.9831428 -0.1046032
v -0.0059015 -0.0378272 -0.0257684 0.011765 0.211765 0.419608
vn -0.1466724 -0.9835725 -0.1052256
v -0.0059666 -0.0369308 -0.0337017 0.007843 0.207843 0.419608
vn -0.1318046 -0.9864160 -0.0980357
v -0.0051366 -0.0355925 -0.0481892 0.007843 0.207843 0.411765
vn -0.1511506 -0.9836836 -0.0975715
v -0.0057342 -0.0361603 -0.0415662 0.007843 0.207843 0.419608
vn -0.1988003 -0.9749961 -0.0993028
v -0.0074715 -0.0358298 -0.0411887 0.007843 0.200000 0.411765
vn -0.1280011 -0.9876959 -0.0898479
v -0.0044794 -0.0348869 -0.0561468 0.007843 0.203922 0.415686
vn -0.1517864 -0.8963572 -0.4165389
v -0.0054182 -0.0327436 -0.0888681 0.019608 0.078431 0.137255
vn -0.1780830 -0.9823737 0.0568206
v -0.0088255 -0.0445954 0.0630480 0.329412 0.329412 0.274510
vn -0.2080708 -0.9618224 0.1777761
v -0.0093051 -0.0444401 0.0637510 0.584314 0.576471 0.568627
vn -0.1089823 -0.9890680 -0.0993346
v -0.0061390 -0.0400791 -0.0029938 0.011765 0.215686 0.427451
vn -0.1013677 -0.9889629 -0.1080603
v -0.0055992 -0.0417900 0.0138129 0.023529 0.223529 0.439216
vn -0.0828640 -0.9914285 -0.1010104
v -0.0039491 -0.0426738 0.0201334 0.019608 0.227451 0.447059
vn -0.4201304 -0.8941998 0.1545872
v -0.0192852 -0.0411491 0.0636131 0.466667 0.458824 0.415686
vn -0.4738008 -0.8773904 -0.0754910
v -0.0169867 -0.0289696 -0.0863345 0.007843 0.192157 0.396078
vn -0.4558422 -0.8852641 -0.0922789
v -0.0164585 -0.0307916 -0.0588361 0.007843 0.188235 0.396078
vn -0.4467610 -0.8247570 -0.3466707
v -0.0168231 -0.0287826 -0.0888566 0.035294 0.086275 0.141176
vn -0.4725855 -0.8763223 -0.0933930
v -0.0179312 -0.0307402 -0.0525145 0.007843 0.180392 0.388235
vn -0.4713037 -0.8768473 -0.0949299
v -0.0169665 -0.0317826 -0.0472555 0.007843 0.180392 0.380392
vn -0.4792660 -0.8713586 -0.1050634
v -0.0174762 -0.0327263 -0.0367854 0.007843 0.180392 0.384314
vn -0.4940764 -0.8636053 -0.1003717
v -0.0182399 -0.0334465 -0.0273795 0.007843 0.176471 0.380392
vn -0.5280074 -0.8440362 -0.0938680
v -0.0192365 -0.0294337 -0.0578644 0.007843 0.196078 0.403922
vn -0.5139076 -0.8553813 -0.0649763
v -0.0183078 -0.0290621 -0.0666436 0.007843 0.184314 0.392157
vn -0.4409527 -0.8971071 -0.0275612
v -0.0165996 -0.0298352 -0.0693997 0.003922 0.172549 0.372549
vn -0.4661572 -0.8842398 -0.0285919
v -0.0163403 -0.0297642 -0.0763447 0.003922 0.164706 0.360784
vn -0.5253076 -0.8500113 -0.0391493
v -0.0185773 -0.0284107 -0.0809385 0.011765 0.180392 0.388235
vn -0.4973766 -0.8605744 -0.1096730
v -0.0205203 -0.0361227 0.0052671 0.011765 0.184314 0.392157
vn -0.4988453 -0.8589926 -0.1152612
v -0.0208944 -0.0365748 0.0102579 0.019608 0.196078 0.403922
vn -0.5209399 -0.8530757 -0.0297245
v -0.0184118 -0.0288075 -0.0709484 0.007843 0.188235 0.392157
vn -0.5027427 -0.8578782 -0.1062772
v -0.0189140 -0.0338024 -0.0207099 0.007843 0.176471 0.384314
vn -0.5326690 -0.8415337 -0.0899152
v -0.0197128 -0.0301576 -0.0484300 0.007843 0.188235 0.392157
vn -0.5238953 -0.8458204 -0.1006057
v -0.0198135 -0.0311097 -0.0388762 0.007843 0.180392 0.384314
vn -0.5436276 -0.8362748 -0.0715092
v -0.0188868 -0.0279051 -0.0859187 0.007843 0.196078 0.400000
vn -0.5049806 -0.8631178 -0.0047258
v -0.0227358 -0.0393673 0.0581859 0.376471 0.372549 0.298039
vn -0.4846944 -0.8643155 0.1342761
v -0.0214051 -0.0400354 0.0635683 0.490196 0.478431 0.447059
vn -0.5315211 -0.7961628 -0.2891541
v -0.0192027 -0.0273867 -0.0887508 0.031373 0.094118 0.137255
vn -0.5165972 -0.8544303 -0.0554640
v -0.0227012 -0.0387435 0.0452639 0.015686 0.223529 0.454902
vn -0.5163839 -0.8543924 -0.0579763
v -0.0259253 -0.0371136 0.0515013 0.007843 0.250980 0.494118
vn -0.5128821 -0.8575019 -0.0405298
v -0.0258339 -0.0374431 0.0548663 0.450980 0.443137 0.396078
vn -0.5186453 -0.8482718 -0.1069666
v -0.0226646 -0.0321379 -0.0158863 0.007843 0.176471 0.384314
vn -0.5426121 -0.8333994 -0.1049646
v -0.0221540 -0.0339578 -0.0038098 0.011765 0.184314 0.392157
vn -0.5403619 -0.8335547 -0.1148727
v -0.0245296 -0.0336192 0.0058191 0.011765 0.192157 0.403922
vn -0.5248411 -0.8451748 -0.1011013
v -0.0223679 -0.0310827 -0.0257359 0.011765 0.184314 0.392157
vn -0.5312531 -0.8431699 -0.0826722
v -0.0239626 -0.0365054 0.0254989 0.031373 0.247059 0.470588
vn -0.5476465 -0.8309849 -0.0977105
v -0.0247593 -0.0354268 0.0201008 0.027451 0.235294 0.462745
vn -0.5288192 -0.8416069 -0.1097642
v -0.0249766 -0.0344534 0.0133678 0.011765 0.192157 0.411765
vn -0.5578327 -0.8280289 -0.0564873
v -0.0254765 -0.0365117 0.0388598 0.019608 0.243137 0.474510
vn -0.5344613 -0.8431293 -0.0590266
v -0.0260493 -0.0366816 0.0456893 0.019608 0.247059 0.482353
vn -0.5656044 -0.8220533 -0.0657278
v -0.0255585 -0.0358279 0.0293991 0.050980 0.290196 0.482353
vn -0.5754895 -0.8159346 -0.0553412
v -0.0257417 -0.0360590 0.0343502 0.015686 0.243137 0.470588
vn -0.5530188 -0.8288152 -0.0850626
v -0.0259998 -0.0350386 0.0241829 0.054902 0.278431 0.474510
vn -0.5697554 -0.8159431 -0.0980594
v -0.0262271 -0.0344814 0.0208670 0.023529 0.215686 0.427451
vn -0.5056826 -0.8495165 0.1503565
v -0.0253546 -0.0377245 0.0635366 0.588235 0.588235 0.568627
vn -0.5207740 -0.8536939 0.0011108
v -0.0258804 -0.0374481 0.0588961 0.427451 0.427451 0.380392
vn -0.5773973 -0.8105612 -0.0979954
v -0.0213645 -0.0299149 -0.0402919 0.003922 0.188235 0.396078
vn -0.5516819 -0.8279322 -0.1008724
v -0.0234709 -0.0324622 -0.0088834 0.007843 0.180392 0.388235
vn -0.5680632 -0.8159631 -0.1072772
v -0.0243956 -0.0326192 -0.0021221 0.011765 0.188235 0.400000
vn -0.5719554 -0.8198493 -0.0267249
v -0.0217550 -0.0264296 -0.0735033 0.003922 0.180392 0.388235
vn -0.5744053 -0.8171906 -0.0475189
v -0.0203920 -0.0275746 -0.0675199 0.007843 0.180392 0.380392
vn -0.5805188 -0.8092923 -0.0896880
v -0.0214601 -0.0272979 -0.0623788 0.007843 0.203922 0.411765
vn -0.5973706 -0.7957317 -0.0997970
v -0.0222918 -0.0291641 -0.0406911 0.007843 0.200000 0.403922
vn -0.5824237 -0.8077587 -0.0911507
v -0.0221228 -0.0282953 -0.0495525 0.007843 0.196078 0.403922
vn -0.5872902 -0.8080953 -0.0455223
v -0.0225383 -0.0254681 -0.0824875 0.011765 0.207843 0.411765
vn -0.5889993 -0.8062524 -0.0551095
v -0.0221240 -0.0263492 -0.0669356 0.007843 0.188235 0.396078
vn -0.5959138 -0.7993559 -0.0769221
v -0.0225584 -0.0251953 -0.0861234 0.000000 0.196078 0.400000
vn -0.5993500 -0.7947981 -0.0952655
v -0.0209482 -0.0261139 -0.0885897 0.019608 0.101961 0.180392
vn -0.5989578 -0.7983156 -0.0627834
v -0.0267314 -0.0356544 0.0398776 0.015686 0.243137 0.478431
vn -0.6030353 -0.7952387 -0.0628005
v -0.0263574 -0.0352528 0.0297591 0.058824 0.301961 0.482353
vn -0.1135245 -0.9926136 -0.0427835
v -0.0062322 -0.0449285 0.0541112 0.109804 0.239216 0.396078
vn -0.1018076 -0.9947985 -0.0033358
v -0.0057506 -0.0450521 0.0582492 0.321569 0.317647 0.270588
vn -0.1011626 -0.9935378 -0.0514664
v -0.0054526 -0.0448673 0.0519825 0.007843 0.211765 0.447059
vn -0.0900117 -0.9943271 -0.0566698
v -0.0048701 -0.0446521 0.0459822 0.007843 0.207843 0.435294
vn -0.0918227 -0.9924049 -0.0818606
v -0.0050028 -0.0436738 0.0317340 0.039216 0.250980 0.462745
vn -0.0880257 -0.9915115 -0.0956889
v -0.0044329 -0.0431166 0.0253440 0.509804 0.533333 0.537255
vn -0.0722692 -0.9962609 -0.0473433
v -0.0034814 -0.0341061 -0.0671525 0.007843 0.176471 0.384314
vn -0.0885772 -0.9723679 -0.2159970
v -0.0024403 -0.0331916 -0.0884170 0.007843 0.145098 0.301961
vn -0.1001406 -0.9917636 0.0798554
v -0.0056028 -0.0450342 0.0631850 0.282353 0.274510 0.235294
vn -0.0732682 -0.9918165 -0.1045548
v -0.0025587 -0.0370653 -0.0352301 0.007843 0.203922 0.415686
vn 0.0039912 -0.9948723 -0.1010603
v 0.0000476 -0.0386428 -0.0218083 0.007843 0.200000 0.411765
vn -0.0707803 -0.9922122 -0.1024945
v -0.0027799 -0.0380726 -0.0257872 0.007843 0.203922 0.411765
vn 0.0036961 -0.9944266 -0.1053663
v -0.0000019 -0.0380425 -0.0277875 0.007843 0.203922 0.411765
vn -0.0717970 -0.9926522 -0.0974006
v -0.0030906 -0.0391650 -0.0148035 0.011765 0.207843 0.423529
vn 0.0007910 -0.9951364 -0.0985033
v -0.0000106 -0.0392543 -0.0158027 0.007843 0.196078 0.407843
vn -0.0640669 -0.9932972 -0.0962091
v -0.0008495 -0.0401549 -0.0056804 0.011765 0.200000 0.411765
vn 0.0042506 -0.9950375 -0.0994098
v 0.0000488 -0.0405101 -0.0025456 0.007843 0.196078 0.403922
vn -0.0708879 -0.9923702 -0.1008778
v -0.0035355 -0.0409923 0.0040010 0.011765 0.207843 0.419608
vn 0.0007816 -0.9957286 -0.0923254
v 0.0000663 -0.0357084 -0.0506022 0.007843 0.211765 0.415686
vn -0.0013976 -0.9966230 -0.0821020
v -0.0000548 -0.0349987 -0.0584393 0.011765 0.211765 0.419608
vn -0.0007520 -0.9949519 -0.1003506
v 0.0000076 -0.0363163 -0.0440261 0.007843 0.211765 0.423529
vn 0.0012696 -0.9947820 -0.1020157
v 0.0001237 -0.0370897 -0.0365845 0.007843 0.203922 0.411765
vn -0.0758274 -0.9913785 -0.1068588
v -0.0031635 -0.0419796 0.0135642 0.015686 0.215686 0.431373
vn 0.0077096 -0.9942571 -0.1067401
v -0.0000220 -0.0426460 0.0176407 0.011765 0.203922 0.415686
vn 0.0048819 -0.9946480 -0.1032065
v 0.0000935 -0.0420637 0.0123370 0.015686 0.196078 0.407843
vn 0.0053756 -0.9947119 -0.1025638
v 0.0001447 -0.0413534 0.0053595 0.007843 0.188235 0.400000
vn -0.0749877 -0.9943658 -0.0749241
v -0.0030204 -0.0440211 0.0342305 0.011765 0.207843 0.427451
vn -0.0052360 -0.9994787 -0.0318569
v 0.0000459 -0.0454198 0.0534924 0.011765 0.192157 0.411765
vn -0.0111923 -0.9985570 -0.0525230
v 0.0001114 -0.0338005 -0.0825864 0.007843 0.207843 0.419608
vn -0.0149193 -0.9973570 -0.0711093
v 0.0003880 -0.0335951 -0.0860804 0.003922 0.207843 0.415686
vn 0.0039252 -0.9985411 -0.0538551
v 0.0002201 -0.0343580 -0.0666747 0.011765 0.196078 0.403922
vn -0.0037021 -0.9993457 -0.0359805
v 0.0001317 -0.0341123 -0.0755093 0.015686 0.192157 0.392157
vn -0.0120448 -0.9670979 -0.2541193
v 0.0001705 -0.0333658 -0.0885643 0.011765 0.137255 0.274510
vn 0.0030939 -0.9954540 -0.0951931
v 0.0000282 -0.0434836 0.0258369 0.039216 0.247059 0.447059
vn 0.0065058 -0.9949213 -0.1004454
v 0.0000350 -0.0431818 0.0229681 0.007843 0.207843 0.427451
vn 0.0052931 -0.9970907 -0.0760402
v 0.0000093 -0.0442998 0.0351792 0.007843 0.192157 0.407843
vn -0.0005824 -0.9980312 -0.0627171
v -0.0000136 -0.0448965 0.0442383 0.007843 0.192157 0.411765
vn 0.0039011 -0.9963588 -0.0851702
v -0.0000117 -0.0437868 0.0295662 0.015686 0.207843 0.431373
vn -0.0014558 -0.9999896 0.0043357
v 0.0000474 -0.0454265 0.0572390 0.329412 0.286275 0.247059
vn -0.0048052 -0.9970880 0.0761092
v -0.0001565 -0.0453402 0.0630917 0.254902 0.250980 0.219608
vn -0.0840000 -0.9779214 0.1913476
v -0.0052569 -0.0449456 0.0639968 0.619608 0.615686 0.600000
vn -0.6151798 -0.7805467 -0.1109088
v -0.0224223 -0.0249302 -0.0887446 0.011765 0.160784 0.294118
vn -0.0525191 -0.8344680 -0.5485480
v -0.0003633 -0.0330847 -0.0891855 0.027451 0.086275 0.129412
vn 0.0521007 -0.9617667 -0.2688688
v 0.0032011 -0.0332541 -0.0885959 0.015686 0.129412 0.254902
vn -0.0036322 -0.9801854 0.1980492
v -0.0000697 -0.0452115 0.0639918 0.619608 0.619608 0.603922
vn -0.0968644 -0.9839262 0.1500219
v -0.0054495 -0.0446709 0.0650521 0.082353 0.082353 0.066667
vn 0.0700249 -0.9923013 -0.1021502
v 0.0028222 -0.0365937 -0.0400129 0.011765 0.211765 0.427451
vn 0.0840563 -0.9915183 -0.0991259
v 0.0040245 -0.0359190 -0.0454853 0.007843 0.219608 0.431373
vn 0.0925584 -0.9919583 -0.0863230
v 0.0037445 -0.0348414 -0.0572370 0.011765 0.223529 0.435294
vn 0.0652860 -0.9958866 -0.0628313
v 0.0038370 -0.0334263 -0.0859558 0.003922 0.207843 0.423529
vn 0.0686999 -0.9926293 -0.0998371
v 0.0031669 -0.0404595 -0.0011797 0.007843 0.184314 0.392157
vn 0.0765505 -0.9920970 -0.0994162
v 0.0033508 -0.0391185 -0.0150084 0.015686 0.196078 0.407843
vn 0.1372144 -0.9858359 -0.0964361
v 0.0061286 -0.0398954 -0.0047280 0.011765 0.184314 0.392157
vn 0.1361372 -0.9852112 -0.1040462
v 0.0063145 -0.0406308 0.0029641 0.007843 0.184314 0.396078
vn 0.1461108 -0.9842620 -0.0993979
v 0.0061318 -0.0392844 -0.0109326 0.011765 0.196078 0.403922
vn 0.1562598 -0.9825372 -0.1010132
v 0.0060754 -0.0384324 -0.0192001 0.011765 0.207843 0.415686
vn 0.2510008 -0.9627622 -0.1004370
v 0.0059946 -0.0377498 -0.0261656 0.007843 0.207843 0.415686
vn 0.0764375 -0.9916561 -0.1038052
v 0.0033371 -0.0380143 -0.0257701 0.011765 0.207843 0.411765
vn 0.0764091 -0.9916158 -0.1042108
v 0.0041841 -0.0372765 -0.0319354 0.003922 0.211765 0.415686
vn 0.1476509 -0.9838246 -0.1014321
v 0.0060517 -0.0369474 -0.0336822 0.011765 0.215686 0.423529
vn 0.2613184 -0.9598437 -0.1020435
v 0.0059151 -0.0364086 -0.0391019 0.011765 0.219608 0.435294
vn 0.1424222 -0.9857591 -0.0894145
v 0.0067557 -0.0430511 0.0266797 0.011765 0.227451 0.466667
vn 0.1222745 -0.9868824 -0.1054137
v 0.0063679 -0.0426429 0.0224234 0.023529 0.207843 0.431373
vn 0.1298527 -0.9862503 -0.1022181
v 0.0066385 -0.0420561 0.0171909 0.011765 0.192157 0.403922
vn 0.1282355 -0.9865263 -0.1015947
v 0.0062392 -0.0413187 0.0092895 0.007843 0.180392 0.392157
vn 0.0795618 -0.9934273 -0.0822935
v 0.0035774 -0.0435883 0.0301054 0.031373 0.235294 0.443137
vn 0.0874800 -0.9953976 -0.0391291
v 0.0045176 -0.0336124 -0.0806959 0.003922 0.180392 0.392157
vn 0.1291035 -0.9905325 -0.0466658
v 0.0041988 -0.0340673 -0.0670403 0.007843 0.196078 0.403922
vn 0.0968035 -0.9948820 -0.0289633
v 0.0042313 -0.0339102 -0.0734210 0.011765 0.188235 0.400000
vn 0.1120652 -0.9932163 -0.0310295
v 0.0059088 -0.0450507 0.0541214 0.050980 0.176471 0.349020
vn 0.0873754 -0.9934577 -0.0735350
v 0.0033528 -0.0441209 0.0364328 0.007843 0.188235 0.407843
vn 0.1028052 -0.9929591 -0.0588503
v 0.0058215 -0.0446766 0.0472791 0.007843 0.188235 0.415686
vn 0.1213469 -0.9898909 -0.0734232
v 0.0064248 -0.0442397 0.0420286 0.007843 0.192157 0.411765
vn 0.1288274 -0.9888111 -0.0752070
v 0.0064308 -0.0434159 0.0312284 0.015686 0.207843 0.435294
vn 0.1157663 -0.9864988 0.1158379
v 0.0058162 -0.0450195 0.0634544 0.360784 0.341176 0.309804
vn 0.1094038 -0.9939917 0.0033541
v 0.0058742 -0.0450753 0.0578721 0.356863 0.254902 0.219608
vn 0.1475513 -0.9864821 -0.0712862
v 0.0061022 -0.0332393 -0.0861894 0.007843 0.219608 0.435294
vn 0.1675282 -0.9218369 -0.3495012
v 0.0065637 -0.0328794 -0.0887681 0.027451 0.090196 0.156863
vn 0.1587579 -0.9819426 -0.1028816
v 0.0058780 -0.0358416 -0.0443512 0.007843 0.223529 0.435294
vn 0.1641590 -0.9818756 -0.0947216
v 0.0057724 -0.0350642 -0.0523483 0.011765 0.223529 0.439216
vn 0.1721267 -0.9817252 -0.0811664
v 0.0056988 -0.0344102 -0.0594678 0.007843 0.227451 0.439216
vn 0.0742487 -0.9734693 0.2164365
v 0.0049961 -0.0449860 0.0640576 0.607843 0.607843 0.596078
vn 0.1729879 -0.9845311 -0.0278154
v 0.0059564 -0.0336414 -0.0751588 0.023529 0.223529 0.435294
vn -0.1842530 -0.9670913 0.1754576
v -0.0086414 -0.0442194 0.0649108 0.078431 0.078431 0.070588
vn -0.1877848 -0.9813702 0.0406152
v -0.0085419 -0.0440133 0.0682981 0.058824 0.058824 0.054902
vn -0.0943595 -0.9948113 0.0380381
v -0.0051797 -0.0444891 0.0683897 0.066667 0.062745 0.058824
vn -0.1886653 -0.9820228 0.0060637
v -0.0086760 -0.0439387 0.0712508 0.443137 0.443137 0.396078
vn -0.0957267 -0.9953991 0.0041300
v -0.0050465 -0.0444536 0.0716228 0.384314 0.384314 0.352941
vn -0.2640749 -0.9636809 0.0397967
v -0.0111906 -0.0433771 0.0681253 0.066667 0.066667 0.058824
vn -0.2657577 -0.9640399 0.0002397
v -0.0114017 -0.0432757 0.0716861 0.419608 0.411765 0.341176
vn -0.2549024 -0.9492973 0.1840094
v -0.0114099 -0.0435357 0.0649203 0.098039 0.098039 0.090196
vn -0.1843138 -0.9828386 -0.0075381
v -0.0088886 -0.0439325 0.0775973 0.250980 0.250980 0.200000
vn -0.1895585 -0.9817226 -0.0169794
v -0.0088302 -0.0440260 0.0849935 0.211765 0.211765 0.172549
vn -0.2755271 -0.9377714 0.2113518
v -0.0112928 -0.0434678 0.0882361 0.384314 0.376471 0.345098
vn -0.1774912 -0.9821003 0.0630544
v -0.0083691 -0.0441746 0.0877341 0.352941 0.352941 0.321569
vn -0.0919350 -0.9957091 -0.0105490
v -0.0047206 -0.0445228 0.0815591 0.203922 0.203922 0.180392
vn -0.3310345 -0.9435785 -0.0087112
v -0.0142190 -0.0424983 0.0778454 0.325490 0.321569 0.200000
vn -0.3301572 -0.9439258 0.0005895
v -0.0141905 -0.0424083 0.0716173 0.411765 0.407843 0.329412
vn -0.3295712 -0.9374396 0.1122048
v -0.0141928 -0.0425605 0.0882150 0.427451 0.419608 0.380392
vn -0.3264426 -0.9443517 0.0404360
v -0.0142900 -0.0424210 0.0681929 0.082353 0.078431 0.070588
vn -0.3205236 -0.9293277 0.1833434
v -0.0144702 -0.0425837 0.0652109 0.082353 0.082353 0.070588
vn -0.3491777 -0.8886653 0.2972355
v -0.0159823 -0.0421298 0.0648157 0.200000 0.200000 0.192157
vn -0.0660388 -0.9854772 0.1564402
v -0.0044334 -0.0446569 0.0883746 0.352941 0.352941 0.325490
vn -0.3961544 -0.9181728 0.0045271
v -0.0176805 -0.0410382 0.0721866 0.427451 0.419608 0.309804
vn -0.3996360 -0.9166360 -0.0083418
v -0.0175543 -0.0411368 0.0759506 0.427451 0.419608 0.243137
vn -0.3825375 -0.9173999 0.1097387
v -0.0162016 -0.0417895 0.0882355 0.415686 0.411765 0.376471
vn -0.3953117 -0.9174170 0.0455506
v -0.0180993 -0.0409631 0.0681511 0.074510 0.070588 0.062745
vn -0.3873493 -0.9060249 0.1705271
v -0.0182130 -0.0411265 0.0651817 0.098039 0.094118 0.086275
vn -0.2365761 -0.8825970 0.4062688
v -0.0103125 -0.0436447 0.0887076 0.384314 0.372549 0.337255
vn -0.1299331 -0.9704195 0.2034783
v -0.0058670 -0.0444202 0.0888495 0.443137 0.431373 0.400000
vn -0.0046179 -0.9999787 -0.0046122
v 0.0000242 -0.0447484 0.0772102 0.168627 0.168627 0.152941
vn -0.0105664 -0.9696841 0.2441334
v -0.0001101 -0.0448376 0.0883838 0.337255 0.333333 0.309804
vn -0.0021581 -0.9998375 0.0179027
v 0.0001082 -0.0447232 0.0695656 0.094118 0.094118 0.086275
vn -0.4386158 -0.8977744 0.0402158
v -0.0196456 -0.0402068 0.0874738 0.427451 0.419608 0.356863
vn -0.4532306 -0.8913776 -0.0052995
v -0.0204282 -0.0397960 0.0776860 0.403922 0.388235 0.207843
vn -0.4496456 -0.8931756 0.0074997
v -0.0203200 -0.0397963 0.0723333 0.427451 0.419608 0.301961
vn -0.4636902 -0.8848141 0.0457757
v -0.0209057 -0.0396101 0.0683823 0.070588 0.066667 0.054902
vn 0.0014371 -0.9886792 0.1500381
v 0.0000985 -0.0449168 0.0651237 0.074510 0.074510 0.062745
vn -0.4681027 -0.8679947 0.1657263
v -0.0210821 -0.0397916 0.0650295 0.086275 0.086275 0.074510
vn -0.4691726 -0.8617762 0.1929223
v -0.0216022 -0.0391868 0.0882080 0.447059 0.439216 0.400000
vn -0.5033548 -0.8640741 -0.0031597
v -0.0234881 -0.0381114 0.0758552 0.411765 0.388235 0.231373
vn -0.4964957 -0.8680216 0.0055248
v -0.0232900 -0.0381940 0.0722077 0.439216 0.435294 0.317647
vn -0.4330738 -0.8962725 0.0956184
v -0.0184777 -0.0406512 0.0886848 0.470588 0.454902 0.411765
vn -0.4424726 -0.8824084 0.1599171
v -0.0199829 -0.0399110 0.0886300 0.458824 0.447059 0.403922
vn -0.2908787 -0.9246627 0.2457409
v -0.0135351 -0.0426637 0.0887083 0.419608 0.411765 0.368627
vn -0.5083556 -0.8603883 0.0361468
v -0.0252304 -0.0371122 0.0682015 0.098039 0.094118 0.082353
vn -0.5163837 -0.8286261 0.2161632
v -0.0236000 -0.0380068 0.0883085 0.431373 0.427451 0.388235
vn 0.0598445 -0.9982075 0.0006315
v 0.0037074 -0.0445775 0.0714513 0.388235 0.380392 0.352941
vn 0.1029772 -0.9939434 0.0383697
v 0.0053335 -0.0444940 0.0681215 0.078431 0.074510 0.070588
vn 0.0742892 -0.9972064 -0.0077859
v 0.0039033 -0.0445925 0.0821912 0.156863 0.156863 0.141176
vn 0.0784937 -0.9804778 0.1802835
v 0.0040204 -0.0446855 0.0883400 0.337255 0.337255 0.313725
vn -0.5197833 -0.8542682 0.0071591
v -0.0256044 -0.0368005 0.0720501 0.435294 0.427451 0.309804
vn -0.3499076 -0.9107282 0.2194060
v -0.0153884 -0.0419716 0.0887977 0.443137 0.435294 0.392157
vn -0.4047216 -0.8951877 0.1866530
v -0.0169326 -0.0413546 0.0887363 0.454902 0.443137 0.411765
vn -0.5259069 -0.8281721 0.1937861
v -0.0251505 -0.0370527 0.0881992 0.454902 0.447059 0.407843
vn -0.5083947 -0.8479543 0.1500283
v -0.0257078 -0.0370103 0.0650746 0.152941 0.149020 0.137255
vn 0.0556839 -0.9818464 0.1813205
v 0.0044143 -0.0447708 0.0648706 0.098039 0.098039 0.090196
vn 0.1237768 -0.9923080 0.0020421
v 0.0058251 -0.0443972 0.0719496 0.239216 0.235294 0.215686
vn 0.1229982 -0.9923667 -0.0089310
v 0.0061762 -0.0443578 0.0825362 0.152941 0.152941 0.145098
vn 0.1245622 -0.9447356 0.3032474
v 0.0065587 -0.0444016 0.0884394 0.360784 0.364706 0.345098
vn 0.1295644 -0.9774368 0.1668248
v 0.0059086 -0.0446421 0.0648712 0.098039 0.094118 0.086275
vn 0.1788085 -0.9820774 -0.0595948
v 0.0089270 -0.0442125 0.0466103 0.011765 0.203922 0.427451
vn 0.1862909 -0.9792058 -0.0803221
v 0.0085912 -0.0434229 0.0356964 0.015686 0.211765 0.431373
vn 0.1626126 -0.9852865 -0.0526083
v 0.0061929 -0.0447659 0.0500640 0.007843 0.196078 0.419608
vn 0.1870071 -0.9819857 -0.0270638
v 0.0090381 -0.0445594 0.0543338 0.376471 0.294118 0.345098
vn 0.0895396 -0.8429840 -0.5304344
v 0.0052447 -0.0328912 -0.0891545 0.027451 0.094118 0.133333
vn -0.5640344 -0.8146263 0.1350900
v -0.0260815 -0.0364018 0.0882373 0.490196 0.482353 0.439216
vn 0.1893870 -0.9811389 0.0387174
v 0.0088019 -0.0440409 0.0876171 0.380392 0.376471 0.352941
vn 0.1812294 -0.9834239 -0.0057761
v 0.0090948 -0.0439321 0.0800964 0.184314 0.184314 0.168627
vn 0.1936940 -0.9807192 0.0259344
v 0.0088315 -0.0439097 0.0686581 0.066667 0.066667 0.058824
vn 0.1823925 -0.9831821 0.0092676
v 0.0091772 -0.0445357 0.0593528 0.380392 0.286275 0.239216
vn 0.1977172 -0.9641150 0.1771728
v 0.0092065 -0.0444559 0.0637013 0.564706 0.564706 0.545098
vn 0.1955983 -0.9774566 -0.0794987
v 0.0084751 -0.0430928 0.0316394 0.027451 0.219608 0.447059
vn 0.1898973 -0.9767524 -0.0994679
v 0.0090582 -0.0418614 0.0195792 0.011765 0.203922 0.419608
vn 0.1991996 -0.9744305 -0.1039458
v 0.0095963 -0.0404933 0.0075201 0.007843 0.203922 0.415686
vn 0.2054462 -0.9733449 -0.1019398
v 0.0086458 -0.0394886 -0.0036358 0.007843 0.203922 0.411765
vn 0.1999246 -0.9598553 0.1967435
v 0.0088485 -0.0441485 0.0647846 0.094118 0.090196 0.086275
vn -0.2365841 -0.8035168 -0.5462497
v -0.0091801 -0.0314315 -0.0894842 0.054902 0.117647 0.156863
vn 0.2424843 -0.9689664 -0.0480158
v 0.0092015 -0.0330865 -0.0665494 0.007843 0.227451 0.443137
vn 0.2105263 -0.9771796 -0.0282618
v 0.0077159 -0.0331873 -0.0770191 0.023529 0.207843 0.419608
vn 0.2470844 -0.9687043 -0.0236937
v 0.0092683 -0.0328995 -0.0758655 0.015686 0.211765 0.423529
vn 0.2450232 -0.9689823 -0.0322031
v 0.0088940 -0.0328261 -0.0808802 0.007843 0.200000 0.423529
vn 0.2444343 -0.9680626 -0.0557366
v 0.0090640 -0.0325964 -0.0860552 0.007843 0.227451 0.447059
vn 0.2415847 -0.9672738 -0.0775770
v 0.0089373 -0.0335169 -0.0617665 0.011765 0.247059 0.458824
vn 0.2433034 -0.9656188 -0.0915634
v 0.0090237 -0.0341225 -0.0546811 0.011765 0.239216 0.450980
vn 0.2422510 -0.9650844 -0.0996323
v 0.0093127 -0.0350290 -0.0449989 0.007843 0.239216 0.447059
vn 0.2362705 -0.9659724 -0.1052319
v 0.0092974 -0.0359293 -0.0366853 0.011765 0.235294 0.450980
vn 0.2280588 -0.9685044 -0.0999423
v 0.0090636 -0.0375304 -0.0214758 0.007843 0.219608 0.431373
vn 0.2213939 -0.9699297 -0.1011000
v 0.0091408 -0.0386549 -0.0108341 0.007843 0.215686 0.431373
vn 0.2274130 -0.8918118 -0.3910946
v 0.0097371 -0.0322070 -0.0888499 0.035294 0.101961 0.172549
vn 0.2491295 -0.9654313 -0.0766614
v 0.0121198 -0.0431672 0.0418832 0.011765 0.203922 0.431373
vn 0.2307767 -0.9690707 -0.0874303
v 0.0112360 -0.0420854 0.0266601 0.090196 0.235294 0.450980
vn 0.2379444 -0.9679878 -0.0798889
v 0.0117442 -0.0425154 0.0335026 0.047059 0.207843 0.439216
vn 0.2415018 -0.9649755 -0.1024656
v 0.0117149 -0.0402383 0.0094433 0.011765 0.215686 0.431373
vn 0.2486056 -0.9626452 -0.1072825
v 0.0114935 -0.0392249 -0.0004908 0.011765 0.223529 0.439216
vn 0.2691726 -0.9576200 -0.1025194
v 0.0116642 -0.0382990 -0.0084016 0.011765 0.235294 0.443137
vn 0.2343367 -0.9672264 -0.0977715
v 0.0116768 -0.0412803 0.0190665 0.011765 0.215686 0.435294
vn 0.2785589 -0.9551010 -0.1009314
v 0.0113261 -0.0361099 -0.0301502 0.011765 0.247059 0.462745
vn 0.2730977 -0.9565473 -0.1021521
v 0.0114704 -0.0371246 -0.0195459 0.007843 0.239216 0.450980
vn 0.2383071 -0.9711393 0.0099093
v 0.0115634 -0.0440411 0.0592627 0.384314 0.282353 0.239216
vn 0.2423742 -0.9670967 0.0773226
v 0.0113814 -0.0439893 0.0631698 0.309804 0.286275 0.250980
vn 0.2535505 -0.9672194 -0.0141052
v 0.0116256 -0.0433079 0.0708772 0.223529 0.215686 0.203922
vn 0.2477682 -0.9423819 0.2247827
v 0.0118120 -0.0433572 0.0882170 0.400000 0.400000 0.384314
vn 0.2048309 -0.8979478 0.3895307
v 0.0103155 -0.0436199 0.0886479 0.419608 0.411765 0.388235
vn 0.2537563 -0.9657034 -0.0549976
v 0.0124283 -0.0434406 0.0470723 0.007843 0.203922 0.431373
vn 0.2397415 -0.9704469 -0.0275112
v 0.0118563 -0.0439129 0.0541699 0.400000 0.309804 0.349020
vn 0.2578446 -0.9660456 0.0164975
v 0.0110499 -0.0433888 0.0683650 0.054902 0.050980 0.050980
vn 0.3116974 -0.9466912 -0.0813661
v 0.0144724 -0.0414404 0.0288591 0.070588 0.219608 0.454902
vn 0.3020773 -0.9499664 -0.0794557
v 0.0140195 -0.0421573 0.0366967 0.050980 0.203922 0.439216
vn 0.2587970 -0.9454818 0.1977079
v 0.0113462 -0.0435207 0.0647947 0.113725 0.109804 0.105882
vn 0.3274792 -0.9400324 -0.0953755
v 0.0146046 -0.0405092 0.0195780 0.015686 0.235294 0.458824
vn 0.3259671 -0.9401414 -0.0993969
v 0.0146429 -0.0399737 0.0148406 0.019608 0.239216 0.462745
vn 0.3213494 -0.9411005 -0.1051872
v 0.0144789 -0.0391037 0.0062315 0.019608 0.247059 0.462745
vn 0.3097000 -0.9505233 -0.0243198
v 0.0141961 -0.0432964 0.0543097 0.384314 0.341176 0.388235
vn 0.3182964 -0.9479697 0.0063970
v 0.0144985 -0.0432274 0.0584889 0.333333 0.309804 0.274510
vn 0.0423422 -0.9182544 0.3937208
v 0.0026272 -0.0445207 0.0890393 0.423529 0.419608 0.396078
vn 0.2936186 -0.9224284 -0.2508267
v 0.0110130 -0.0318780 -0.0885401 0.015686 0.129412 0.235294
vn 0.2937345 -0.9503482 -0.1027542
v 0.0113084 -0.0347602 -0.0420939 0.007843 0.247059 0.458824
vn 0.3064140 -0.9484917 -0.0804612
v 0.0118027 -0.0328422 -0.0600548 0.015686 0.254902 0.466667
vn 0.3002122 -0.9491494 -0.0948053
v 0.0115279 -0.0336041 -0.0526300 0.011765 0.250980 0.462745
vn 0.3132327 -0.9475898 -0.0629196
v 0.0142725 -0.0427809 0.0452099 0.019608 0.211765 0.435294
vn 0.3191858 -0.9472381 -0.0293312
v 0.0139936 -0.0425920 0.0700508 0.145098 0.141176 0.121569
vn 0.3372184 -0.9413861 0.0087159
v 0.0142342 -0.0426254 0.0871829 0.427451 0.435294 0.419608
vn 0.3098970 -0.9494417 -0.0502438
v 0.0119245 -0.0322920 -0.0663566 0.011765 0.250980 0.462745
vn 0.3120891 -0.9497329 -0.0246535
v 0.0112825 -0.0322834 -0.0756749 0.015686 0.235294 0.450980
vn 0.3129310 -0.9485453 -0.0483332
v 0.0118923 -0.0317469 -0.0862387 0.007843 0.231373 0.458824
vn 0.3181971 -0.9475440 -0.0301805
v 0.0119847 -0.0319032 -0.0805518 0.011765 0.203922 0.419608
vn 0.2751162 -0.9397275 0.2030351
v 0.0131412 -0.0434776 0.0635883 0.407843 0.403922 0.380392
vn 0.3215119 -0.9306539 0.1746811
v 0.0146683 -0.0430435 0.0633971 0.372549 0.372549 0.356863
vn 0.3309886 -0.9436253 0.0042375
v 0.0144517 -0.0423476 0.0684431 0.062745 0.066667 0.058824
vn 0.3405232 -0.9340481 -0.1076949
v 0.0149870 -0.0379578 -0.0020801 0.011765 0.250980 0.462745
vn 0.3601958 -0.9277110 -0.0980368
v 0.0143403 -0.0356891 -0.0245086 0.011765 0.250980 0.462745
vn 0.3503316 -0.9308557 -0.1038049
v 0.0142982 -0.0363329 -0.0186438 0.019608 0.254902 0.466667
vn 0.2956851 -0.9494610 -0.1053294
v 0.0132458 -0.0372485 -0.0132602 0.019608 0.254902 0.466667
vn 0.3362453 -0.9358360 -0.1055937
v 0.0145968 -0.0371278 -0.0107116 0.019608 0.254902 0.462745
vn 0.3177373 -0.9301592 0.1839756
v 0.0140132 -0.0426808 0.0882691 0.443137 0.439216 0.439216
vn 0.3284901 -0.9223998 0.2031575
v 0.0149174 -0.0424101 0.0648378 0.082353 0.082353 0.074510
vn 0.3619251 -0.9270412 -0.0980049
v 0.0142029 -0.0337452 -0.0426430 0.015686 0.247059 0.458824
vn 0.3784925 -0.9205305 -0.0967836
v 0.0143616 -0.0327088 -0.0518513 0.007843 0.247059 0.458824
vn 0.3895999 -0.9155998 -0.0994440
v 0.0148217 -0.0330220 -0.0473723 0.011765 0.243137 0.454902
vn 0.3824416 -0.9204773 -0.0803742
v 0.0140858 -0.0320721 -0.0594600 0.011765 0.243137 0.450980
vn 0.3920403 -0.9187245 -0.0474325
v 0.0141680 -0.0314842 -0.0665450 0.007843 0.239216 0.450980
vn 0.3907175 -0.9201487 -0.0258100
v 0.0141429 -0.0312843 -0.0751698 0.019608 0.250980 0.470588
vn 0.3636500 -0.9259683 -0.1016927
v 0.0141029 -0.0345055 -0.0359607 0.011765 0.247059 0.454902
vn 0.3696615 -0.9235712 -0.1018163
v 0.0144258 -0.0351180 -0.0294022 0.011765 0.250980 0.458824
vn 0.3042567 -0.8873982 -0.3463413
v 0.0126348 -0.0312945 -0.0888319 0.019608 0.113725 0.203922
vn 0.3970518 -0.9167672 -0.0434482
v 0.0142329 -0.0309274 -0.0858913 0.003922 0.235294 0.454902
vn 0.3707881 -0.8722169 -0.3189886
v 0.0144211 -0.0306583 -0.0888027 0.027451 0.098039 0.176471
vn 0.4056256 -0.9136285 -0.0274023
v 0.0144114 -0.0310455 -0.0791443 0.011765 0.231373 0.450980
vn 0.3614762 -0.9291580 -0.0774625
v 0.0165002 -0.0416820 0.0413509 0.023529 0.219608 0.450980
vn 0.3615137 -0.9293288 -0.0752052
v 0.0159559 -0.0413863 0.0357123 0.058824 0.211765 0.443137
vn 0.3751996 -0.9250861 -0.0586608
v 0.0171060 -0.0417415 0.0453727 0.019608 0.219608 0.447059
vn 0.3773161 -0.9253616 -0.0365867
v 0.0172804 -0.0420320 0.0524541 0.019608 0.219608 0.466667
vn 0.3562380 -0.9343811 -0.0051390
v 0.0146847 -0.0423785 0.0758718 0.250980 0.254902 0.231373
vn 0.3993588 -0.9162908 0.0303955
v 0.0173777 -0.0413494 0.0873787 0.631373 0.623529 0.603922
vn 0.3803678 -0.9245665 -0.0222965
v 0.0174264 -0.0412852 0.0703735 0.180392 0.172549 0.160784
vn 0.3884198 -0.9214229 0.0104849
v 0.0180356 -0.0409390 0.0683969 0.066667 0.062745 0.058824
vn 0.3795310 -0.9025881 0.2032019
v 0.0180589 -0.0411876 0.0647935 0.125490 0.121569 0.113725
vn 0.3934847 -0.9138250 -0.1004671
v 0.0173483 -0.0383392 0.0095299 0.015686 0.219608 0.435294
vn 0.3876904 -0.9154587 -0.1078499
v 0.0166539 -0.0364596 -0.0089335 0.015686 0.235294 0.450980
vn 0.4443766 -0.8894175 -0.1070796
v 0.0185303 -0.0357128 -0.0085794 0.011765 0.215686 0.427451
vn 0.4336763 -0.8953131 -0.1016825
v 0.0174902 -0.0347688 -0.0198813 0.011765 0.223529 0.431373
vn 0.3893451 -0.9150958 -0.1049294
v 0.0165861 -0.0375434 0.0000764 0.011765 0.231373 0.443137
vn 0.4392552 -0.8923230 -0.1039928
v 0.0172351 -0.0331770 -0.0355523 0.011765 0.235294 0.447059
vn 0.3871558 -0.9220123 0.0019319
v 0.0173772 -0.0420899 0.0578351 0.282353 0.278431 0.266667
vn 0.3842780 -0.9197847 -0.0795392
v 0.0169191 -0.0404672 0.0290301 0.015686 0.223529 0.454902
vn 0.3733354 -0.9093708 0.1834814
v 0.0175294 -0.0419204 0.0634735 0.380392 0.376471 0.360784
vn 0.3913849 -0.9154546 -0.0935990
v 0.0173849 -0.0391904 0.0181875 0.015686 0.227451 0.447059
vn 0.4440171 -0.8921517 -0.0831520
v 0.0198557 -0.0391613 0.0284906 0.019608 0.207843 0.431373
vn 0.4478858 -0.8892681 -0.0927397
v 0.0197673 -0.0383047 0.0197402 0.011765 0.200000 0.419608
vn 0.4498174 -0.8897561 -0.0774494
v 0.0203082 -0.0399732 0.0403547 0.019608 0.219608 0.447059
vn 0.3731055 -0.9238502 0.0854001
v 0.0159186 -0.0418693 0.0887067 0.490196 0.486275 0.482353
vn 0.4446541 -0.8953922 -0.0235720
v 0.0203313 -0.0407828 0.0540006 0.027451 0.215686 0.439216
vn 0.4440139 -0.8946925 -0.0487545
v 0.0201785 -0.0405249 0.0475914 0.011765 0.231373 0.462745
vn 0.3161650 -0.9459649 -0.0720427
v 0.0204099 -0.0401680 0.0431078 0.015686 0.219608 0.450980
vn 0.4580122 -0.8827377 -0.1048765
v 0.0190906 -0.0366708 0.0021324 0.011765 0.211765 0.423529
vn 0.4690489 -0.8771785 -0.1027174
v 0.0196456 -0.0371810 0.0088095 0.011765 0.207843 0.415686
vn 0.3943043 -0.9188681 0.0143346
v 0.0190762 -0.0412692 0.0630898 0.298039 0.305882 0.282353
vn 0.4291712 -0.8909344 0.1484855
v 0.0201292 -0.0408156 0.0633202 0.360784 0.368627 0.345098
vn 0.4390497 -0.8982862 -0.0178165
v 0.0198937 -0.0401994 0.0703068 0.188235 0.184314 0.164706
vn 0.4480325 -0.8939182 0.0133130
v 0.0202187 -0.0399635 0.0684013 0.066667 0.062745 0.058824
vn 0.4287662 -0.8875459 0.1685876
v 0.0200168 -0.0402777 0.0651074 0.074510 0.070588 0.066667
vn 0.4463525 -0.8941507 0.0355526
v 0.0196977 -0.0402639 0.0872166 0.690196 0.686275 0.674510
vn 0.4471378 -0.8890850 -0.0979573
v 0.0169527 -0.0324859 -0.0426762 0.007843 0.231373 0.439216
vn 0.4249499 -0.9029045 0.0646626
v 0.0183417 -0.0408282 0.0886242 0.549020 0.545098 0.541176
vn 0.4605007 -0.8838290 -0.0823739
v 0.0170372 -0.0306934 -0.0590793 0.011765 0.239216 0.447059
vn 0.4601937 -0.8826221 -0.0959176
v 0.0175303 -0.0312901 -0.0507741 0.007843 0.235294 0.439216
vn 0.2161439 -0.7419705 -0.6346350
v 0.0110185 -0.0313416 -0.0894753 0.082353 0.137255 0.172549
vn 0.4816151 -0.8707920 -0.0988335
v 0.0187041 -0.0329773 -0.0307716 0.015686 0.227451 0.431373
vn 0.4726901 -0.8807683 -0.0284835
v 0.0168429 -0.0299609 -0.0746360 0.011765 0.235294 0.450980
vn 0.4808967 -0.8763457 -0.0275086
v 0.0168663 -0.0297669 -0.0796716 0.007843 0.215686 0.435294
vn 0.4746598 -0.8787105 -0.0506557
v 0.0175729 -0.0297799 -0.0663105 0.011765 0.239216 0.450980
vn 0.4899350 -0.8705841 -0.0452434
v 0.0173813 -0.0292774 -0.0863036 0.000000 0.231373 0.454902
vn 0.4743137 -0.8334647 -0.2834841
v 0.0172267 -0.0292035 -0.0886867 0.035294 0.109804 0.188235
vn 0.0165915 -0.7871683 -0.6165151
v 0.0008610 -0.0326963 -0.0896648 0.086275 0.133333 0.168627
vn 0.4894241 -0.8651338 -0.1095789
v 0.0199960 -0.0336687 -0.0179470 0.015686 0.215686 0.423529
vn -0.2925237 -0.7821190 -0.5501998
v -0.0116640 -0.0307805 -0.0893844 0.039216 0.098039 0.141176
vn 0.2480198 -0.8898388 0.3829792
v 0.0131053 -0.0426639 0.0890224 0.474510 0.470588 0.450980
vn 0.4992445 -0.8664611 -0.0003882
v 0.0228752 -0.0386155 0.0783244 0.396078 0.400000 0.372549
vn 0.4921878 -0.8698395 0.0336225
v 0.0229870 -0.0385373 0.0875161 0.603922 0.600000 0.592157
vn 0.4548543 -0.8872840 0.0763850
v 0.0207744 -0.0395769 0.0886456 0.560784 0.556863 0.545098
vn 0.4634911 -0.8847293 0.0492964
v 0.0224877 -0.0387461 0.0884620 0.596078 0.596078 0.584314
vn 0.5027027 -0.8644547 0.0028379
v 0.0225146 -0.0395852 0.0579436 0.333333 0.345098 0.333333
vn 0.5092589 -0.8546688 -0.1009782
v 0.0195978 -0.0317646 -0.0364995 0.007843 0.223529 0.427451
vn 0.5396134 -0.8370499 -0.0903598
v 0.0198660 -0.0300370 -0.0504042 0.015686 0.227451 0.435294
vn 0.5568501 -0.8262562 -0.0849634
v 0.0200553 -0.0290632 -0.0582885 0.007843 0.227451 0.435294
vn 0.5298893 -0.8425050 -0.0969674
v 0.0198034 -0.0308010 -0.0438082 0.007843 0.227451 0.435294
vn 0.5027009 -0.8642108 -0.0207721
v 0.0228447 -0.0385821 0.0701423 0.152941 0.152941 0.137255
vn 0.4987422 -0.8621922 0.0887751
v 0.0226692 -0.0388255 0.0657029 0.078431 0.074510 0.062745
vn 0.5577714 -0.8286536 -0.0471638
v 0.0199139 -0.0284310 -0.0664084 0.011765 0.227451 0.435294
vn 0.5224708 -0.8521680 -0.0288805
v 0.0193451 -0.0285699 -0.0730451 0.007843 0.211765 0.423529
vn 0.5614153 -0.8269390 -0.0313803
v 0.0197822 -0.0280654 -0.0792282 0.007843 0.227451 0.443137
vn 0.5640772 -0.8245384 -0.0441970
v 0.0195499 -0.0279995 -0.0857731 0.007843 0.231373 0.454902
vn 0.4975410 -0.8505465 0.1703633
v 0.0228799 -0.0392934 0.0635477 0.470588 0.470588 0.454902
vn 0.5156932 -0.8566016 0.0171539
v 0.0235901 -0.0380750 0.0684994 0.066667 0.062745 0.054902
vn 0.4822004 -0.8468251 0.2244330
v 0.0225074 -0.0390647 0.0647083 0.105882 0.105882 0.098039
vn 0.5087343 -0.8603894 -0.0303261
v 0.0225908 -0.0394806 0.0537076 0.019608 0.254902 0.494118
vn 0.5092847 -0.8586631 -0.0576792
v 0.0215885 -0.0395342 0.0439133 0.015686 0.227451 0.454902
vn 0.5029075 -0.8592467 -0.0936973
v 0.0221607 -0.0369657 0.0199818 0.007843 0.196078 0.407843
vn 0.5108396 -0.8556207 -0.0834037
v 0.0242479 -0.0367079 0.0292506 0.011765 0.196078 0.411765
vn 0.5630552 -0.8209982 -0.0945030
v 0.0248262 -0.0356509 0.0225229 0.007843 0.188235 0.400000
vn 0.5574301 -0.8239446 -0.1019167
v 0.0240533 -0.0350644 0.0132973 0.007843 0.188235 0.400000
vn 0.5565345 -0.8240840 -0.1056164
v 0.0234449 -0.0345891 0.0064662 0.007843 0.196078 0.403922
vn 0.5045270 -0.8573774 -0.1017678
v 0.0214264 -0.0345884 -0.0037678 0.011765 0.207843 0.415686
vn 0.5513195 -0.8283294 -0.0995855
v 0.0228374 -0.0340470 -0.0013210 0.011765 0.200000 0.407843
vn 0.5454288 -0.8312494 -0.1073868
v 0.0222280 -0.0331097 -0.0122754 0.011765 0.207843 0.411765
vn 0.5416330 -0.8338856 -0.1061534
v 0.0217447 -0.0324549 -0.0193389 0.015686 0.211765 0.415686
vn 0.5607275 -0.8222388 -0.0975092
v 0.0223206 -0.0313557 -0.0254937 0.007843 0.211765 0.411765
vn 0.5591531 -0.8263792 -0.0666724
v 0.0254942 -0.0367066 0.0382843 0.015686 0.215686 0.435294
vn 0.5734900 -0.8176113 -0.0511961
v 0.0259558 -0.0370283 0.0464668 0.019608 0.223529 0.450980
vn 0.5727986 -0.8193837 -0.0226320
v 0.0259316 -0.0374471 0.0539331 0.133333 0.286275 0.474510
vn 0.5488366 -0.8328072 -0.0721841
v 0.0253724 -0.0363149 0.0322375 0.007843 0.203922 0.419608
vn 0.5587925 -0.8154843 -0.1507858
v 0.0195264 -0.0278032 -0.0884752 0.011765 0.207843 0.411765
vn 0.5047351 -0.8592240 0.0835267
v 0.0241166 -0.0377617 0.0886688 0.521569 0.513725 0.501961
vn 0.5550868 -0.8316392 0.0159686
v 0.0253776 -0.0370695 0.0881945 0.505882 0.509804 0.486275
vn 0.5615298 -0.8274555 -0.0013579
v 0.0254515 -0.0369983 0.0775241 0.439216 0.439216 0.419608
vn 0.5588118 -0.8291040 -0.0177735
v 0.0257150 -0.0368078 0.0700728 0.152941 0.149020 0.133333
vn 0.5713187 -0.8206066 0.0141286
v 0.0260094 -0.0365527 0.0685317 0.066667 0.066667 0.058824
vn 0.5629649 -0.8121422 0.1532830
v 0.0258693 -0.0374483 0.0634079 0.470588 0.466667 0.450980
vn 0.4891189 -0.7881927 -0.3735170
v 0.0184182 -0.0284250 -0.0888805 0.031373 0.105882 0.184314
vn 0.5635861 -0.8052540 0.1842195
v 0.0259132 -0.0368815 0.0647865 0.133333 0.133333 0.121569
vn 0.5619189 -0.8207080 -0.1033703
v 0.0218661 -0.0307277 -0.0328096 0.011765 0.215686 0.423529
vn 0.3706934 -0.7287014 -0.5758305
v 0.0153980 -0.0298357 -0.0893683 0.039216 0.098039 0.152941
vn 0.1463587 -0.7534171 -0.6410474
v 0.0065647 -0.0320646 -0.0898131 0.074510 0.125490 0.164706
vn 0.2147950 -0.8187789 0.5324136
v 0.0113522 -0.0428269 0.0893122 0.498039 0.494118 0.474510
vn -0.2581387 -0.8009076 0.5402885
v -0.0110029 -0.0429706 0.0892465 0.407843 0.396078 0.360784
vn -0.4644141 -0.7594278 -0.4556193
v -0.0180197 -0.0278644 -0.0891969 0.031373 0.086275 0.133333
vn 0.6075974 -0.7870610 -0.1065858
v 0.0236939 -0.0297053 -0.0306812 0.015686 0.215686 0.419608
vn 0.5957453 -0.7968206 -0.1008193
v 0.0238889 -0.0308625 -0.0197916 0.007843 0.207843 0.411765
vn 0.5797352 -0.7550894 -0.3061816
v 0.0206350 -0.0269288 -0.0888207 0.023529 0.105882 0.180392
vn -0.1113530 -0.7444732 -0.6583009
v -0.0047769 -0.0320233 -0.0897992 0.070588 0.113725 0.133333
vn -0.4640450 -0.8094886 0.3597091
v -0.0225682 -0.0383702 0.0888805 0.470588 0.458824 0.423529
vn 0.2782590 -0.7394681 -0.6129919
v 0.0136141 -0.0301725 -0.0898322 0.078431 0.125490 0.149020
vn 0.6031572 -0.7908866 -0.1034390
v 0.0246754 -0.0314775 -0.0109073 0.007843 0.196078 0.403922
vn 0.6264697 -0.7728295 -0.1013435
v 0.0265581 -0.0316275 0.0018499 0.011765 0.192157 0.400000
vn 0.6351144 -0.7655759 -0.1025826
v 0.0274032 -0.0322344 0.0110902 0.011765 0.184314 0.396078
vn 0.6109244 -0.7850080 -0.1026352
v 0.0229191 -0.0290440 -0.0397547 0.007843 0.215686 0.419608
vn 0.6030182 -0.7926285 -0.0900507
v 0.0218838 -0.0284924 -0.0508330 0.007843 0.223529 0.431373
vn 0.6217233 -0.7831520 -0.0115415
v 0.0286272 -0.0346635 0.0703653 0.184314 0.172549 0.160784
vn 0.6402115 -0.7667912 0.0464814
v 0.0286341 -0.0346513 0.0873421 0.486275 0.486275 0.466667
vn 0.6352294 -0.7723005 0.0059647
v 0.0289898 -0.0343103 0.0684804 0.070588 0.070588 0.062745
vn 0.6317347 -0.7745419 -0.0315609
v 0.0224331 -0.0262349 -0.0748928 0.015686 0.231373 0.443137
vn 0.6153973 -0.7857959 -0.0617347
v 0.0278576 -0.0351180 0.0407403 0.007843 0.211765 0.435294
vn 0.6494860 -0.7562826 -0.0787697
v 0.0287835 -0.0335572 0.0308242 0.015686 0.196078 0.407843
vn 0.6442840 -0.7594792 -0.0899422
v 0.0286149 -0.0334247 0.0283701 0.015686 0.192157 0.403922
vn 0.6432312 -0.7596909 -0.0955162
v 0.0280540 -0.0329274 0.0211314 0.007843 0.184314 0.396078
vn 0.6512023 -0.7576137 -0.0442401
v 0.0224995 -0.0256944 -0.0859549 0.007843 0.239216 0.462745
vn 0.6070686 -0.7446309 -0.2774754
v 0.0221294 -0.0257860 -0.0887093 0.019608 0.121569 0.235294
vn 0.6374622 -0.7696723 -0.0353076
v 0.0224067 -0.0260015 -0.0796104 0.011765 0.223529 0.439216
vn 0.6365918 -0.7567708 0.1484888
v 0.0289593 -0.0345065 0.0649237 0.098039 0.094118 0.090196
vn 0.6503578 -0.7526355 -0.1028329
v 0.0260124 -0.0293174 -0.0190273 0.011765 0.203922 0.407843
vn 0.6586681 -0.7454249 -0.1024603
v 0.0267627 -0.0298644 -0.0106946 0.011765 0.200000 0.407843
vn 0.6558424 -0.7484095 -0.0987632
v 0.0255924 -0.0287196 -0.0265836 0.011765 0.207843 0.411765
vn 0.6374090 -0.7693936 -0.0417531
v 0.0224079 -0.0265042 -0.0662084 0.015686 0.231373 0.443137
vn 0.6517807 -0.7540388 -0.0812867
v 0.0231978 -0.0263693 -0.0601691 0.011765 0.227451 0.439216
vn 0.6580031 -0.7474937 -0.0910226
v 0.0239605 -0.0268298 -0.0512368 0.015686 0.223529 0.435294
vn 0.6284758 -0.7722728 -0.0928059
v 0.0240140 -0.0273923 -0.0460945 0.011765 0.223529 0.427451
vn 0.6066479 -0.7926515 0.0606786
v 0.0268178 -0.0359704 0.0882690 0.517647 0.513725 0.498039
vn 0.6258662 -0.7797664 -0.0160010
v 0.0287573 -0.0352236 0.0543617 0.505882 0.498039 0.509804
vn 0.6338963 -0.7616431 0.1344443
v 0.0287640 -0.0351893 0.0634400 0.447059 0.450980 0.427451
vn 0.6325588 -0.7727634 -0.0520201
v 0.0298581 -0.0336693 0.0428841 0.003922 0.203922 0.423529
vn 0.6358550 -0.7690589 -0.0650920
v 0.0296717 -0.0334243 0.0378537 0.007843 0.196078 0.415686
vn 0.6585465 -0.7521395 -0.0245494
v 0.0295800 -0.0345445 0.0539334 0.011765 0.223529 0.454902
vn 0.4171976 -0.7171062 -0.5583053
v 0.0169341 -0.0285464 -0.0898456 0.090196 0.113725 0.125490
vn 0.0959303 -0.8106866 0.5775679
v 0.0072630 -0.0436454 0.0894076 0.556863 0.552941 0.533333
vn 0.6684729 -0.7374894 -0.0961944
v 0.0246791 -0.0274087 -0.0412448 0.011765 0.211765 0.415686
vn 0.6662486 -0.7372360 -0.1122315
v 0.0253488 -0.0276304 -0.0353777 0.011765 0.211765 0.419608
vn 0.6435814 -0.7580989 0.1053044
v 0.0285267 -0.0345742 0.0885533 0.494118 0.494118 0.478431
vn -0.3645089 -0.7437891 -0.5602777
v -0.0154637 -0.0290770 -0.0893738 0.023529 0.090196 0.152941
vn -0.4397791 -0.7979735 0.4121078
v -0.0211071 -0.0389729 0.0891504 0.470588 0.458824 0.415686
vn 0.6614681 -0.7499540 -0.0053801
v 0.0296442 -0.0337921 0.0704506 0.180392 0.176471 0.160784
vn 0.6727628 -0.7325057 -0.1040467
v 0.0280136 -0.0304588 0.0025825 0.011765 0.196078 0.403922
vn 0.6750291 -0.7377897 0.0014702
v 0.0314983 -0.0320359 0.0821769 0.501961 0.501961 0.486275
vn 0.6762961 -0.7355325 0.0401957
v 0.0319939 -0.0315541 0.0876083 0.513725 0.517647 0.490196
vn 0.6693457 -0.7356188 0.1041218
v 0.0295234 -0.0336721 0.0885679 0.462745 0.462745 0.447059
vn 0.6620699 -0.7487847 -0.0313839
v 0.0248605 -0.0241301 -0.0743693 0.015686 0.219608 0.431373
vn 0.6608105 -0.7495382 -0.0390127
v 0.0247517 -0.0244495 -0.0659852 0.011765 0.235294 0.447059
vn 0.6750385 -0.7367967 -0.0381282
v 0.0238823 -0.0246653 -0.0804386 0.007843 0.203922 0.419608
vn 0.6824419 -0.7263784 -0.0815325
v 0.0250445 -0.0246167 -0.0603458 0.007843 0.231373 0.439216
vn 0.6463193 -0.7074565 -0.2859662
v 0.0233232 -0.0247093 -0.0888568 0.023529 0.117647 0.196078
vn 0.6682416 -0.7439397 -0.0026561
v 0.0319566 -0.0317060 0.0702133 0.133333 0.129412 0.117647
vn 0.6672702 -0.7447811 0.0071804
v 0.0318597 -0.0317525 0.0683375 0.074510 0.070588 0.062745
vn 0.6707237 -0.7346766 -0.1018826
v 0.0299922 -0.0298979 0.0111480 0.007843 0.200000 0.411765
vn 0.6618545 -0.7434322 -0.0962144
v 0.0302604 -0.0304457 0.0171327 0.007843 0.192157 0.407843
vn 0.6823747 -0.7250492 -0.0931046
v 0.0309467 -0.0310066 0.0267407 0.007843 0.196078 0.407843
vn 0.6936183 -0.7162939 -0.0762676
v 0.0313079 -0.0312496 0.0321090 0.003922 0.203922 0.419608
vn 0.6671343 -0.7285891 0.1552089
v 0.0318750 -0.0318601 0.0648140 0.121569 0.121569 0.109804
vn 0.6782384 -0.7348226 0.0053415
v 0.0318684 -0.0317160 0.0736470 0.517647 0.517647 0.501961
vn 0.6751339 -0.7343180 0.0705073
v 0.0321454 -0.0321287 0.0630608 0.407843 0.403922 0.392157
vn 0.5025369 -0.6914800 -0.5189530
v 0.0199817 -0.0267213 -0.0897561 0.058824 0.125490 0.180392
vn 0.1639094 -0.6995656 -0.6955154
v 0.0100443 -0.0311548 -0.0898762 0.074510 0.109804 0.129412
vn 0.6830456 -0.7219174 -0.1108333
v 0.0266688 -0.0267796 -0.0328514 0.007843 0.219608 0.423529
vn 0.6864158 -0.7269542 -0.0192612
v 0.0321194 -0.0321659 0.0546583 0.564706 0.537255 0.549020
vn 0.6926302 -0.7200558 -0.0422281
v 0.0318764 -0.0322049 0.0517062 0.003922 0.250980 0.494118
vn 0.6867976 -0.7254701 -0.0447465
v 0.0255894 -0.0230797 -0.0799443 0.007843 0.215686 0.431373
vn 0.6919779 -0.7204008 -0.0467904
v 0.0256616 -0.0226184 -0.0866574 0.000000 0.243137 0.470588
vn 0.6918380 -0.7093838 -0.1346656
v 0.0249336 -0.0231441 -0.0888283 0.031373 0.121569 0.219608
vn 0.6919127 -0.7147250 -0.1021032
v 0.0282673 -0.0271415 -0.0190579 0.011765 0.215686 0.419608
vn 0.6924155 -0.7144140 -0.1008635
v 0.0293282 -0.0274326 -0.0099102 0.007843 0.211765 0.419608
vn 0.6828018 -0.7234345 -0.1020989
v 0.0296090 -0.0268241 -0.0123439 0.003922 0.219608 0.431373
vn 0.6889843 -0.7177181 -0.1009023
v 0.0305683 -0.0277148 0.0005115 0.007843 0.211765 0.423529
vn 0.6919540 -0.7137800 -0.1082484
v 0.0307054 -0.0281205 0.0043706 0.007843 0.207843 0.419608
vn 0.7004370 -0.7062642 -0.1028543
v 0.0278848 -0.0244168 -0.0398427 0.003922 0.227451 0.439216
vn 0.7024934 -0.7064763 -0.0859909
v 0.0275213 -0.0230967 -0.0528179 0.007843 0.239216 0.450980
vn 0.7033910 -0.7052521 -0.0886608
v 0.0278505 -0.0231477 -0.0496135 0.007843 0.239216 0.447059
vn 0.6723214 -0.7308260 0.1178023
v 0.0309849 -0.0323220 0.0886034 0.466667 0.462745 0.447059
vn 0.6631747 -0.7189120 0.2082421
v 0.0320945 -0.0320161 0.0638923 0.733333 0.737255 0.721569
vn 0.5763994 -0.6530338 -0.4912338
v 0.0230726 -0.0243233 -0.0896689 0.062745 0.129412 0.188235
vn 0.0779519 -0.7800643 0.6208245
v 0.0061129 -0.0434462 0.0896958 0.615686 0.619608 0.592157
vn -0.5089138 -0.8028378 0.3105773
v -0.0261672 -0.0361833 0.0887806 0.501961 0.490196 0.450980
vn -0.0230227 -0.7911764 0.6111547
v 0.0004997 -0.0439914 0.0896445 0.529412 0.529412 0.501961
vn -0.4836441 -0.7681307 0.4195994
v -0.0244119 -0.0369892 0.0891625 0.478431 0.466667 0.431373
vn -0.1573333 -0.7721432 0.6156632
v -0.0077426 -0.0436078 0.0894105 0.423529 0.411765 0.376471
vn -0.4809220 -0.7078347 -0.5173820
v -0.0202225 -0.0262954 -0.0892959 0.023529 0.125490 0.223529
vn -0.9920474 -0.0995157 -0.0770626
v -0.0432943 -0.0050469 0.0268586 0.011765 0.200000 0.419608
vn -0.9968163 -0.0057799 -0.0795240
v -0.0433942 0.0000437 0.0231476 0.023529 0.227451 0.450980
vn -0.9918603 -0.0906497 -0.0894198
v -0.0424113 -0.0027407 0.0140954 0.027451 0.219608 0.443137
vn -0.9955585 -0.0131885 -0.0932173
v -0.0425773 -0.0000574 0.0134222 0.027451 0.223529 0.447059
vn -0.9953670 -0.0081811 -0.0958000
v -0.0421252 -0.0001064 0.0090636 0.031373 0.223529 0.447059
vn -0.9972731 0.0024296 -0.0737604
v -0.0441951 0.0001047 0.0343440 0.027451 0.231373 0.454902
vn -0.9980837 0.0027857 -0.0618156
v -0.0449797 0.0001496 0.0456872 0.015686 0.243137 0.474510
vn -0.9974396 0.0051868 -0.0713265
v -0.0444438 0.0001713 0.0375703 0.027451 0.235294 0.458824
vn -0.9934446 -0.0944254 -0.0644342
v -0.0445569 -0.0049961 0.0445108 0.023529 0.211765 0.435294
vn -0.9966341 -0.0751073 -0.0328555
v -0.0452632 -0.0028490 0.0539180 0.019608 0.250980 0.486275
vn -0.9992563 -0.0028946 -0.0384503
v -0.0454176 -0.0001537 0.0531177 0.019608 0.262745 0.505882
vn -0.9945464 -0.0768224 -0.0705397
v -0.0441954 -0.0034798 0.0375110 0.019608 0.215686 0.439216
vn -0.9927892 -0.1158965 -0.0306211
v -0.0450273 -0.0055560 0.0541116 0.011765 0.192157 0.396078
vn -0.9790000 -0.1914815 -0.0699570
v -0.0434404 -0.0085927 0.0351773 0.015686 0.180392 0.388235
vn -0.9801975 -0.1891539 -0.0585973
v -0.0442636 -0.0085282 0.0464408 0.015686 0.188235 0.403922
vn -0.9786245 -0.1909645 -0.0763326
v -0.0430203 -0.0083718 0.0286729 0.015686 0.176471 0.392157
vn -0.9810504 -0.1921272 -0.0250450
v -0.0445557 -0.0087598 0.0534824 0.015686 0.196078 0.419608
vn -0.9926893 -0.1205951 -0.0049767
v -0.0451121 -0.0054775 0.0588842 0.356863 0.352941 0.333333
vn -0.9977694 -0.0667509 -0.0007946
v -0.0453173 -0.0030727 0.0597283 0.486275 0.482353 0.458824
vn -0.9999589 0.0080734 -0.0041338
v -0.0454715 0.0001210 0.0583391 0.403922 0.400000 0.384314
vn -0.9904976 -0.1075852 -0.0856729
v -0.0425119 -0.0051165 0.0179172 0.015686 0.200000 0.423529
vn -0.9858137 -0.1373619 -0.0964527
v -0.0407282 -0.0065753 0.0003782 0.019608 0.203922 0.419608
vn -0.9910859 -0.0945380 -0.0938695
v -0.0408019 -0.0034188 -0.0023010 0.023529 0.223529 0.443137
vn -0.9837072 -0.1511681 -0.0973053
v -0.0397936 -0.0064377 -0.0095885 0.023529 0.207843 0.423529
vn -0.9909817 -0.0923603 -0.0970821
v -0.0400309 -0.0030430 -0.0108519 0.023529 0.223529 0.443137
vn -0.9840845 -0.1459451 -0.1013789
v -0.0389985 -0.0055882 -0.0188345 0.023529 0.223529 0.435294
vn -0.9916930 -0.0886180 -0.0932302
v -0.0414619 -0.0029922 0.0041082 0.031373 0.223529 0.443137
vn -0.9846181 -0.1471325 -0.0942298
v -0.0413329 -0.0070885 0.0071957 0.019608 0.188235 0.403922
vn -0.9777265 -0.1906169 -0.0878424
v -0.0419971 -0.0080736 0.0159808 0.019608 0.176471 0.396078
vn -0.9775401 -0.1931814 -0.0842404
v -0.0426235 -0.0083048 0.0238498 0.015686 0.184314 0.400000
vn -0.9953336 -0.0075024 -0.0962022
v -0.0405367 -0.0000971 -0.0082600 0.031373 0.231373 0.447059
vn -0.9951069 -0.0064651 -0.0985926
v -0.0398554 -0.0001003 -0.0148873 0.031373 0.231373 0.447059
vn -0.9954842 -0.0127972 -0.0940613
v -0.0392473 -0.0000333 -0.0210634 0.031373 0.235294 0.454902
vn -0.9915574 -0.0839323 -0.0988403
v -0.0387310 -0.0053254 -0.0216275 0.027451 0.227451 0.443137
vn -0.9772033 -0.1883014 -0.0980628
v -0.0378661 -0.0057092 -0.0297391 0.019608 0.227451 0.439216
vn -0.9955307 -0.0046649 -0.0943235
v -0.0414362 -0.0000038 0.0013581 0.027451 0.227451 0.447059
vn -0.9902220 -0.1010036 -0.0962221
v -0.0382862 -0.0024944 -0.0295856 0.015686 0.223529 0.435294
vn -0.9802167 -0.1714814 -0.0988405
v -0.0370510 -0.0057924 -0.0378330 0.011765 0.231373 0.447059
vn -0.9905456 -0.0988228 -0.0951496
v -0.0373029 -0.0021978 -0.0394086 0.015686 0.223529 0.439216
vn -0.9800651 -0.1748222 -0.0943913
v -0.0363555 -0.0054767 -0.0459163 0.015686 0.231373 0.450980
vn -0.9957893 -0.0279393 -0.0873104
v -0.0367919 0.0000186 -0.0471241 0.015686 0.239216 0.458824
vn -0.9791319 -0.1829794 -0.0884261
v -0.0358999 -0.0054283 -0.0506712 0.015686 0.235294 0.450980
vn -0.9951442 -0.0179377 -0.0967791
v -0.0375740 -0.0001732 -0.0384504 0.015686 0.231373 0.450980
vn -0.9953726 -0.0109124 -0.0954691
v -0.0384771 -0.0000906 -0.0297037 0.019608 0.235294 0.450980
vn -0.9900492 -0.1149172 -0.0812197
v -0.0355406 -0.0024998 -0.0594484 0.015686 0.239216 0.458824
vn -0.9963995 0.0025887 -0.0847432
v -0.0365658 0.0003581 -0.0497726 0.019608 0.239216 0.458824
vn -0.9964180 -0.0257076 -0.0805629
v -0.0358729 0.0003184 -0.0587027 0.015686 0.247059 0.466667
vn -0.9979234 -0.0243718 -0.0596233
v -0.0351975 0.0004198 -0.0667452 0.019608 0.254902 0.478431
vn -0.9916303 -0.1146687 -0.0593340
v -0.0349200 -0.0030404 -0.0664891 0.031373 0.294118 0.521569
vn -0.9993625 -0.0214744 -0.0285227
v -0.0350300 0.0006842 -0.0712869 0.035294 0.298039 0.525490
vn -0.9903770 -0.1357916 -0.0267236
v -0.0346251 -0.0038722 -0.0723642 0.027451 0.282353 0.521569
vn -0.9745401 -0.2084403 -0.0826096
v -0.0351015 -0.0053934 -0.0597941 0.011765 0.247059 0.466667
vn -0.9758091 -0.2127556 -0.0503172
v -0.0345564 -0.0052130 -0.0671595 0.015686 0.254902 0.486275
vn -0.9991134 -0.0411393 -0.0089481
v -0.0348473 0.0005175 -0.0800308 0.023529 0.247059 0.490196
vn -0.9852736 -0.1708511 -0.0067772
v -0.0343831 -0.0046965 -0.0801651 0.035294 0.298039 0.549020
vn -0.9852870 -0.1688853 -0.0262196
v -0.0343952 -0.0046196 -0.0852175 0.019608 0.360784 0.584314
vn -0.9989001 -0.0427311 -0.0193083
v -0.0348511 0.0005060 -0.0855820 0.011765 0.305882 0.533333
vn -0.9758042 -0.0424384 -0.2144884
v -0.0347240 -0.0000497 -0.0885589 0.023529 0.180392 0.313725
vn -0.9307691 -0.1651985 -0.3261568
v -0.0341472 -0.0046719 -0.0888086 0.043137 0.152941 0.243137
vn -0.9809241 -0.0649671 0.1832136
v -0.0452718 -0.0033395 0.0636247 0.529412 0.517647 0.490196
vn -0.9746699 0.0408942 -0.2198778
v -0.0347273 0.0030313 -0.0885169 0.011765 0.188235 0.341176
vn -0.9993362 0.0348981 -0.0104552
v -0.0348719 0.0023911 -0.0846347 0.011765 0.286275 0.513725
vn -0.9795032 -0.2013778 -0.0045252
v -0.0444970 -0.0090417 0.0542673 0.156863 0.243137 0.356863
vn -0.9701164 -0.2220007 -0.0979275
v -0.0409673 -0.0078133 0.0049318 0.015686 0.188235 0.400000
vn -0.9702568 -0.2219081 -0.0967402
v -0.0395117 -0.0078974 -0.0095014 0.019608 0.196078 0.411765
vn -0.9602423 -0.2606958 -0.0998621
v -0.0364886 -0.0088941 -0.0363964 0.015686 0.215686 0.431373
vn -0.9547246 -0.2813835 -0.0965621
v -0.0355719 -0.0091916 -0.0441096 0.015686 0.223529 0.439216
vn -0.9586353 -0.2681573 -0.0954460
v -0.0370029 -0.0093379 -0.0300703 0.011765 0.203922 0.415686
vn -0.9612399 -0.2562906 -0.1016515
v -0.0380871 -0.0088415 -0.0209052 0.015686 0.203922 0.415686
vn -0.9548474 -0.2822588 -0.0927168
v -0.0348527 -0.0090515 -0.0515687 0.015686 0.235294 0.450980
vn -0.9727175 -0.2310736 -0.0206320
v -0.0343138 -0.0053617 -0.0731561 0.027451 0.305882 0.537255
vn -0.9824635 -0.1812614 0.0437007
v -0.0445823 -0.0088419 0.0630484 0.294118 0.294118 0.274510
vn -0.9755979 -0.1354849 0.1727794
v -0.0450034 -0.0059924 0.0635945 0.431373 0.415686 0.396078
vn -0.9123275 -0.2280777 -0.3400577
v -0.0335264 -0.0073852 -0.0888388 0.047059 0.105882 0.164706
vn -0.9573701 -0.2701739 -0.1022186
v -0.0387459 -0.0094249 -0.0134046 0.019608 0.188235 0.403922
vn -0.9515353 -0.2917460 -0.0972880
v -0.0388972 -0.0108308 -0.0078182 0.019608 0.180392 0.396078
vn -0.9564518 -0.2770571 -0.0918665
v -0.0412185 -0.0106882 0.0152820 0.019608 0.168627 0.384314
vn -0.9545910 -0.2865428 -0.0815430
v -0.0415196 -0.0129192 0.0254774 0.019608 0.168627 0.380392
vn -0.9594474 -0.2722703 -0.0730036
v -0.0423221 -0.0116907 0.0311077 0.011765 0.164706 0.372549
vn -0.9545339 -0.2824110 -0.0954412
v -0.0404512 -0.0112988 0.0092582 0.011765 0.168627 0.380392
vn -0.9521486 -0.2902167 -0.0958512
v -0.0397331 -0.0115140 0.0028215 0.011765 0.172549 0.388235
vn -0.9611742 -0.2688548 -0.0621394
v -0.0434120 -0.0115194 0.0457255 0.011765 0.172549 0.384314
vn -0.9962924 0.0086993 0.0855909
v -0.0454397 -0.0000246 0.0631694 0.396078 0.388235 0.368627
vn -0.9564074 -0.2914580 -0.0183619
v -0.0333104 -0.0089551 -0.0846421 0.011765 0.305882 0.533333
vn -0.9535915 -0.2725978 -0.1278816
v -0.0333139 -0.0083733 -0.0884913 0.031373 0.141176 0.211765
vn -0.9671438 -0.2528208 -0.0267297
v -0.0438529 -0.0116787 0.0547665 0.309804 0.274510 0.290196
vn -0.9605822 -0.2215524 0.1679181
v -0.0443256 -0.0099949 0.0635699 0.325490 0.329412 0.305882
vn -0.9573521 -0.2889032 -0.0034471
v -0.0332703 -0.0090384 -0.0793700 0.027451 0.301961 0.545098
vn -0.9559687 -0.2926746 -0.0215720
v -0.0333735 -0.0088589 -0.0724400 0.031373 0.247059 0.482353
vn -0.9990847 0.0424106 -0.0055904
v -0.0348269 0.0027084 -0.0802400 0.019608 0.231373 0.470588
vn -0.9532357 -0.2966743 -0.0576719
v -0.0333588 -0.0094537 -0.0668934 0.019608 0.250980 0.478431
vn -0.9491179 -0.3097141 -0.0570305
v -0.0426438 -0.0145851 0.0475489 0.015686 0.168627 0.376471
vn -0.9504287 -0.3085392 -0.0385877
v -0.0431051 -0.0143881 0.0545801 0.298039 0.250980 0.274510
vn -0.9504104 -0.2985973 -0.0869479
v -0.0338661 -0.0100697 -0.0584010 0.019608 0.239216 0.458824
vn -0.9531111 -0.3025646 -0.0058352
v -0.0431497 -0.0144594 0.0572259 0.219608 0.219608 0.200000
vn -0.9390259 -0.3128844 0.1425966
v -0.0431660 -0.0142340 0.0634725 0.262745 0.278431 0.239216
vn -0.9485185 -0.3101404 -0.0642309
v -0.0421134 -0.0142844 0.0391215 0.015686 0.164706 0.376471
vn -0.9440066 -0.3233946 -0.0653270
v -0.0415914 -0.0152057 0.0355706 0.015686 0.168627 0.376471
vn -0.9263465 -0.3655227 -0.0909687
v -0.0401426 -0.0156873 0.0200335 0.011765 0.168627 0.380392
vn -0.9267190 -0.3638591 -0.0938008
v -0.0396517 -0.0155197 0.0147210 0.011765 0.168627 0.384314
vn -0.9274733 -0.3611615 -0.0967250
v -0.0382635 -0.0150729 0.0000375 0.011765 0.184314 0.396078
vn -0.9357309 -0.3369515 -0.1042658
v -0.0372522 -0.0136624 -0.0140438 0.011765 0.192157 0.403922
vn -0.9428732 -0.3172964 -0.1015535
v -0.0370445 -0.0116816 -0.0220745 0.011765 0.200000 0.411765
vn -0.9342780 -0.3432038 -0.0966224
v -0.0360865 -0.0138376 -0.0239884 0.019608 0.207843 0.423529
vn -0.9238687 -0.3755504 -0.0736784
v -0.0408272 -0.0163513 0.0308356 0.019608 0.164706 0.376471
vn -0.9412327 -0.3237575 -0.0962403
v -0.0356977 -0.0122860 -0.0336730 0.011765 0.211765 0.427451
vn -0.9429088 -0.3204157 -0.0908675
v -0.0328481 -0.0113197 -0.0658738 0.023529 0.254902 0.482353
vn -0.9260319 -0.3653457 -0.0948019
v -0.0334477 -0.0143374 -0.0484515 0.011765 0.223529 0.443137
vn -0.9047626 -0.4133873 -0.1025460
v -0.0338444 -0.0150995 -0.0413790 0.011765 0.219608 0.431373
vn -0.8921942 -0.3338162 -0.3042308
v -0.0326662 -0.0103096 -0.0886876 0.035294 0.086275 0.164706
vn -0.9136155 -0.3967916 -0.0886748
v -0.0325803 -0.0136911 -0.0591259 0.011765 0.235294 0.450980
vn -0.9060274 -0.4116654 -0.0982140
v -0.0331206 -0.0143700 -0.0513837 0.011765 0.227451 0.443137
vn -0.9151043 -0.3989681 -0.0583839
v -0.0319792 -0.0133766 -0.0672895 0.015686 0.211765 0.431373
vn -0.9390038 -0.3433856 -0.0189280
v -0.0323466 -0.0118156 -0.0731558 0.019608 0.231373 0.458824
vn -0.9225820 -0.3806717 -0.0627023
v -0.0414086 -0.0161745 0.0384422 0.015686 0.168627 0.376471
vn -0.9222859 -0.3812687 -0.0634268
v -0.0418986 -0.0163674 0.0459972 0.019608 0.172549 0.384314
vn -0.9285330 -0.3703479 -0.0258626
v -0.0324469 -0.0113528 -0.0847884 0.007843 0.278431 0.509804
vn -0.8969828 -0.4308742 -0.0988397
v -0.0342532 -0.0155816 -0.0359143 0.011765 0.211765 0.423529
vn -0.8933896 -0.4396234 -0.0926617
v -0.0345953 -0.0159788 -0.0308826 0.011765 0.211765 0.419608
vn -0.8907654 -0.4428037 -0.1022837
v -0.0353169 -0.0164386 -0.0215477 0.011765 0.207843 0.419608
vn -0.8991752 -0.4251434 -0.1036200
v -0.0362346 -0.0167305 -0.0127215 0.015686 0.200000 0.415686
vn -0.8904821 -0.4422719 -0.1069457
v -0.0355871 -0.0166977 -0.0182853 0.015686 0.207843 0.419608
vn -0.9226221 -0.3834206 -0.0419198
v -0.0420354 -0.0171404 0.0539800 0.015686 0.152941 0.360784
vn -0.9298474 -0.3679366 -0.0025666
v -0.0425958 -0.0159238 0.0576185 0.207843 0.207843 0.196078
vn -0.9046912 -0.4147542 -0.0975340
v -0.0382667 -0.0166142 0.0060342 0.015686 0.184314 0.400000
vn -0.9031367 -0.4281242 -0.0324613
v -0.0316128 -0.0138931 -0.0701590 0.015686 0.223529 0.447059
vn -0.9092011 -0.4159443 -0.0185402
v -0.0314591 -0.0139300 -0.0775524 0.019608 0.227451 0.450980
vn -0.8962011 -0.4433483 -0.0163051
v -0.0312663 -0.0141424 -0.0822831 0.015686 0.254902 0.486275
vn -0.9006167 -0.4346079 -0.0023831
v -0.0410714 -0.0195984 0.0579655 0.200000 0.203922 0.184314
vn -0.8915126 -0.4508389 -0.0441538
v -0.0311513 -0.0141751 -0.0860576 0.011765 0.254902 0.478431
vn -0.8494492 -0.3977398 -0.3467554
v -0.0312789 -0.0135285 -0.0887737 0.047059 0.125490 0.188235
vn -0.9184129 -0.3666110 0.1487083
v -0.0424225 -0.0160632 0.0635131 0.411765 0.407843 0.392157
vn -0.9102655 -0.3834255 0.1562104
v -0.0416341 -0.0180636 0.0635135 0.403922 0.400000 0.384314
vn -0.8916050 -0.4423717 -0.0966840
v -0.0372680 -0.0177187 0.0019170 0.011765 0.192157 0.403922
vn -0.8988968 -0.4360362 -0.0430931
v -0.0409918 -0.0195359 0.0545705 0.231373 0.219608 0.282353
vn -0.8951834 -0.4413266 -0.0622701
v -0.0400178 -0.0203361 0.0459376 0.015686 0.184314 0.400000
vn -0.8539176 -0.5162818 -0.0654064
v -0.0378520 -0.0230345 0.0349818 0.011765 0.196078 0.411765
vn -0.8952631 -0.4391063 -0.0754305
v -0.0392787 -0.0194184 0.0298776 0.015686 0.180392 0.392157
vn -0.8542381 -0.5141718 -0.0768421
v -0.0375064 -0.0228239 0.0292367 0.011765 0.188235 0.407843
vn -0.8933576 -0.4447804 -0.0638952
v -0.0390747 -0.0211010 0.0385522 0.015686 0.184314 0.400000
vn -0.8872759 -0.4515081 -0.0942440
v -0.0377953 -0.0202385 0.0186196 0.011765 0.188235 0.403922
vn -0.8861786 -0.4383423 0.1501453
v -0.0408239 -0.0198959 0.0634818 0.396078 0.400000 0.376471
vn -0.8507419 -0.5220181 -0.0611174
v -0.0383410 -0.0235424 0.0455013 0.011765 0.196078 0.423529
vn -0.8794616 -0.4743641 -0.0390638
v -0.0393428 -0.0226161 0.0540228 0.054902 0.168627 0.360784
vn -0.8469785 -0.5277331 -0.0642287
v -0.0379012 -0.0234371 0.0392261 0.015686 0.200000 0.415686
vn -0.8244209 -0.4468460 -0.3473599
v -0.0306358 -0.0147636 -0.0888151 0.039216 0.098039 0.156863
vn -0.8691455 -0.4851941 -0.0957747
v -0.0364547 -0.0187432 -0.0007106 0.011765 0.196078 0.411765
vn -0.8624585 -0.4956977 -0.1022211
v -0.0362929 -0.0208838 0.0087838 0.011765 0.200000 0.415686
vn -0.8428215 -0.5298930 -0.0941558
v -0.0365210 -0.0228922 0.0198550 0.015686 0.200000 0.419608
vn -0.8302582 -0.3510197 -0.4329625
v -0.0319415 -0.0119295 -0.0888195 0.050980 0.109804 0.180392
vn -0.8750929 -0.4814659 -0.0490219
v -0.0304419 -0.0162766 -0.0675788 0.023529 0.203922 0.415686
vn -0.8672403 -0.4973246 -0.0237190
v -0.0299701 -0.0166127 -0.0779241 0.019608 0.207843 0.423529
vn -0.8512867 -0.5236042 -0.0339064
v -0.0298588 -0.0165544 -0.0845576 0.007843 0.227451 0.447059
vn -0.8724918 -0.4804704 -0.0889175
v -0.0310900 -0.0164389 -0.0592059 0.011765 0.227451 0.443137
vn -0.8725389 -0.4885353 -0.0030101
v -0.0396400 -0.0221932 0.0571518 0.219608 0.219608 0.196078
vn -0.8429603 -0.5370379 -0.0317528
v -0.0385038 -0.0241622 0.0543571 0.305882 0.274510 0.317647
vn -0.8559763 -0.5069574 -0.1014834
v -0.0353280 -0.0191581 -0.0086255 0.011765 0.207843 0.423529
vn -0.8193629 -0.5657235 -0.0927440
v -0.0295628 -0.0199483 -0.0549497 0.007843 0.231373 0.447059
vn -0.8648499 -0.4955879 -0.0801708
v -0.0293764 -0.0184154 -0.0654608 0.011765 0.223529 0.443137
vn -0.8256565 -0.5575501 -0.0861932
v -0.0293150 -0.0195775 -0.0595604 0.007843 0.231373 0.443137
vn -0.8207307 -0.5690376 -0.0509628
v -0.0285697 -0.0195668 -0.0670732 0.015686 0.192157 0.403922
vn -0.8545586 -0.5103834 -0.0961171
v -0.0320598 -0.0178466 -0.0429757 0.011765 0.227451 0.439216
vn -0.8610855 -0.4835962 0.1570556
v -0.0396240 -0.0220958 0.0635159 0.400000 0.388235 0.368627
vn -0.8121321 -0.5826077 -0.0317780
v -0.0281435 -0.0198458 -0.0757822 0.015686 0.200000 0.407843
vn -0.8378789 -0.5436063 -0.0495088
v -0.0286307 -0.0183728 -0.0850947 0.007843 0.219608 0.431373
vn -0.8053466 -0.4971452 -0.3228985
v -0.0297647 -0.0162397 -0.0888419 0.035294 0.086275 0.137255
vn -0.7885579 -0.5388936 -0.2962604
v -0.0287395 -0.0178331 -0.0887168 0.035294 0.094118 0.156863
vn -0.8147795 -0.5708379 -0.1013831
v -0.0337100 -0.0223952 -0.0055584 0.015686 0.223529 0.435294
vn -0.8368766 -0.5377268 -0.1024081
v -0.0352207 -0.0230605 0.0105568 0.011765 0.207843 0.423529
vn -0.8160862 -0.5684831 -0.1040686
v -0.0342343 -0.0231348 0.0027297 0.015686 0.215686 0.431373
vn -0.8356881 -0.5491710 0.0060618
v -0.0381100 -0.0248102 0.0598715 0.247059 0.243137 0.215686
vn -0.8256224 -0.5385423 0.1682851
v -0.0380262 -0.0248288 0.0635936 0.450980 0.443137 0.415686
vn -0.8441148 -0.5259113 -0.1043435
v -0.0335370 -0.0192764 -0.0220720 0.015686 0.223529 0.435294
vn -0.8115605 -0.5761415 -0.0971108
v -0.0316623 -0.0218084 -0.0240999 0.015686 0.239216 0.450980
vn -0.8088124 -0.5785053 -0.1056132
v -0.0327309 -0.0223680 -0.0133956 0.011765 0.227451 0.443137
vn -0.8447919 -0.5268673 -0.0934742
v -0.0321037 -0.0194590 -0.0341217 0.007843 0.227451 0.435294
vn -0.8155930 -0.5703739 -0.0973738
v -0.0301472 -0.0211480 -0.0418486 0.007843 0.231373 0.447059
vn -0.7932674 -0.6015515 -0.0941422
v -0.0303905 -0.0220686 -0.0345633 0.011765 0.235294 0.447059
vn -0.7952426 -0.6033732 -0.0594140
v -0.0277954 -0.0196915 -0.0850006 0.007843 0.211765 0.423529
vn -0.7505141 -0.5727426 -0.3296885
v -0.0277559 -0.0192361 -0.0887275 0.035294 0.086275 0.141176
vn -0.8057795 -0.5838536 -0.0991690
v -0.0347185 -0.0237816 0.0104980 0.011765 0.207843 0.427451
vn -0.7973522 -0.5961444 -0.0940287
v -0.0348639 -0.0251178 0.0196966 0.011765 0.207843 0.431373
vn -0.8057980 -0.5871490 -0.0771085
v -0.0357815 -0.0251437 0.0284114 0.015686 0.200000 0.423529
vn -0.8055421 -0.5888389 -0.0661128
v -0.0358584 -0.0258672 0.0356317 0.011765 0.207843 0.431373
vn -0.7960370 -0.5999260 -0.0800870
v -0.0339663 -0.0276202 0.0287065 0.011765 0.211765 0.435294
vn -0.7486029 -0.6589602 -0.0732470
v -0.0329213 -0.0293200 0.0311060 0.015686 0.219608 0.447059
vn -0.7486479 -0.6602529 -0.0599370
v -0.0336174 -0.0298169 0.0437774 0.015686 0.231373 0.466667
vn -0.8046863 -0.5907993 -0.0586186
v -0.0359962 -0.0268776 0.0463659 0.015686 0.215686 0.447059
vn -0.8010579 -0.5980647 -0.0249957
v -0.0363104 -0.0272315 0.0551152 0.298039 0.278431 0.247059
vn -0.7461340 -0.6590858 -0.0942876
v -0.0320999 -0.0288117 0.0200960 0.011765 0.219608 0.443137
vn -0.7428138 -0.6638940 -0.0864433
v -0.0324274 -0.0290964 0.0250690 0.011765 0.223529 0.447059
vn -0.7456195 -0.6582366 -0.1038085
v -0.0316523 -0.0282888 0.0133792 0.011765 0.219608 0.439216
vn -0.7770123 -0.6199633 -0.1090745
v -0.0325698 -0.0260003 0.0070903 0.015686 0.227451 0.443137
vn -0.7719082 -0.6351677 -0.0268282
v -0.0344706 -0.0296085 0.0545091 0.407843 0.376471 0.388235
vn -0.7922354 -0.6090082 0.0383681
v -0.0359954 -0.0276289 0.0630469 0.274510 0.270588 0.235294
vn -0.7612193 -0.6417690 -0.0931549
v -0.0293215 -0.0219689 -0.0432364 0.007843 0.235294 0.450980
vn -0.7604291 -0.6424149 -0.0951350
v -0.0298382 -0.0241542 -0.0238359 0.011765 0.235294 0.450980
vn -0.7530726 -0.6489640 -0.1082939
v -0.0303006 -0.0249382 -0.0158860 0.011765 0.235294 0.450980
vn -0.7406084 -0.6640308 -0.1027734
v -0.0299848 -0.0263171 -0.0096601 0.011765 0.231373 0.447059
vn -0.7348617 -0.6698630 -0.1061219
v -0.0302352 -0.0273147 -0.0016745 0.011765 0.227451 0.439216
vn -0.7606660 -0.6426864 -0.0913314
v -0.0278165 -0.0220252 -0.0551502 0.007843 0.235294 0.450980
vn -0.7615747 -0.6432407 -0.0790270
v -0.0273033 -0.0216696 -0.0621874 0.011765 0.231373 0.443137
vn -0.7629927 -0.6448058 -0.0454714
v -0.0264331 -0.0221524 -0.0672308 0.007843 0.192157 0.400000
vn -0.7533246 -0.6567716 -0.0339583
v -0.0262988 -0.0220598 -0.0748988 0.015686 0.200000 0.403922
vn -0.7671695 -0.6194418 0.1665616
v -0.0353521 -0.0284021 0.0636726 0.482353 0.466667 0.431373
vn -0.7262444 -0.6785635 -0.1100942
v -0.0303714 -0.0279029 0.0029863 0.011765 0.223529 0.439216
vn -0.7375472 -0.6752760 0.0051490
v -0.0334501 -0.0308009 0.0596325 0.364706 0.356863 0.298039
vn -0.8654280 -0.0667547 -0.4965666
v -0.0344226 -0.0005686 -0.0892427 0.043137 0.176471 0.250980
vn -0.7212917 -0.6751124 0.1547953
v -0.0330585 -0.0311364 0.0635460 0.560784 0.556863 0.521569
vn -0.6941357 -0.7142578 -0.0895070
v -0.0249863 -0.0251465 -0.0563081 0.011765 0.219608 0.435294
vn -0.6929411 -0.7171337 -0.0745107
v -0.0245907 -0.0246343 -0.0636540 0.011765 0.223529 0.439216
vn -0.7022011 -0.7055385 -0.0955463
v -0.0268624 -0.0265435 -0.0309047 0.011765 0.215686 0.427451
vn -0.7331386 -0.6740159 -0.0906117
v -0.0267628 -0.0251344 -0.0411838 0.011765 0.223529 0.439216
vn -0.6993625 -0.7082817 -0.0960694
v -0.0271423 -0.0272421 -0.0233375 0.011765 0.219608 0.431373
vn -0.6930027 -0.7128919 -0.1073893
v -0.0275015 -0.0279520 -0.0160181 0.011765 0.219608 0.435294
vn -0.6981468 -0.7107313 -0.0863256
v -0.0255179 -0.0253256 -0.0504394 0.011765 0.223529 0.435294
vn -0.6950305 -0.7176471 -0.0437648
v -0.0244499 -0.0244353 -0.0673537 0.007843 0.188235 0.396078
vn -0.7294549 -0.6822110 -0.0498373
v -0.0246781 -0.0236260 -0.0787142 0.011765 0.200000 0.407843
vn -0.6849023 -0.7278492 -0.0338277
v -0.0239781 -0.0245648 -0.0757842 0.007843 0.188235 0.388235
vn -0.7351885 -0.6735604 -0.0762518
v -0.0260346 -0.0215135 -0.0865541 0.003922 0.211765 0.419608
vn -0.7031657 -0.6536404 -0.2798433
v -0.0255035 -0.0218245 -0.0886415 0.031373 0.094118 0.152941
vn -0.7213059 -0.6919897 -0.0294644
v -0.0336091 -0.0305779 0.0545728 0.400000 0.411765 0.427451
vn -0.9315609 -0.3198100 0.1729624
v -0.0427133 -0.0142616 0.0649190 0.105882 0.105882 0.094118
vn -0.9102412 -0.3753309 0.1748934
v -0.0416694 -0.0168794 0.0649027 0.094118 0.094118 0.082353
vn -0.9452951 -0.3249259 0.0289894
v -0.0425803 -0.0140017 0.0680159 0.066667 0.062745 0.058824
vn -0.9200665 -0.3908743 0.0263614
v -0.0413243 -0.0172129 0.0682428 0.066667 0.066667 0.058824
vn -0.9450482 -0.3268875 -0.0053509
v -0.0425926 -0.0140440 0.0709807 0.372549 0.368627 0.341176
vn -0.9212255 -0.3890288 -0.0005478
v -0.0415033 -0.0168290 0.0760156 0.196078 0.196078 0.168627
vn -0.9444991 -0.3285134 0.0006205
v -0.0426456 -0.0139995 0.0788728 0.223529 0.223529 0.196078
vn -0.9131395 -0.3749797 0.1598952
v -0.0420603 -0.0153010 0.0882264 0.360784 0.356863 0.333333
vn -0.9230831 -0.3227394 0.2091817
v -0.0426408 -0.0138529 0.0881492 0.313725 0.313725 0.290196
vn -0.9113663 -0.3785655 0.1615535
v -0.0415424 -0.0166504 0.0880999 0.305882 0.305882 0.278431
vn -0.8963261 -0.4433937 0.0012379
v -0.0402096 -0.0197342 0.0771745 0.184314 0.188235 0.156863
vn -0.8932720 -0.4486029 0.0286462
v -0.0402387 -0.0195737 0.0681709 0.066667 0.066667 0.058824
vn -0.8968875 -0.4321123 0.0941903
v -0.0402837 -0.0193746 0.0881530 0.325490 0.325490 0.298039
vn -0.9658690 -0.2581450 0.0214076
v -0.0433628 -0.0113871 0.0679955 0.117647 0.117647 0.105882
vn -0.9672590 -0.2537588 -0.0040628
v -0.0434205 -0.0112488 0.0711897 0.447059 0.447059 0.427451
vn -0.9639975 -0.2659106 -0.0005558
v -0.0433806 -0.0114986 0.0855459 0.196078 0.200000 0.176471
vn -0.9548535 -0.2560819 0.1505882
v -0.0434520 -0.0112961 0.0881560 0.349020 0.352941 0.333333
vn -0.8636802 -0.5039260 -0.0107293
v -0.0383151 -0.0232024 0.0714137 0.294118 0.286275 0.239216
vn -0.8682322 -0.4961516 0.0025460
v -0.0382531 -0.0232901 0.0853639 0.176471 0.176471 0.149020
vn -0.8348160 -0.4314745 0.3419239
v -0.0393396 -0.0212606 0.0884524 0.317647 0.313725 0.282353
vn -0.8818235 -0.4375325 0.1759335
v -0.0403909 -0.0197198 0.0650419 0.082353 0.082353 0.074510
vn -0.8637319 -0.5035846 0.0192317
v -0.0384470 -0.0228217 0.0682771 0.054902 0.050980 0.043137
vn -0.8504409 -0.4881813 0.1960340
v -0.0389588 -0.0224134 0.0648399 0.101961 0.101961 0.098039
vn -0.8217939 -0.4867986 0.2961116
v -0.0379889 -0.0237150 0.0884130 0.313725 0.309804 0.282353
vn -0.9819112 -0.1893207 -0.0028474
v -0.0440461 -0.0087240 0.0789624 0.352941 0.345098 0.329412
vn -0.9801607 -0.1907367 0.0538952
v -0.0440833 -0.0086265 0.0876069 0.447059 0.447059 0.427451
vn -0.9822323 -0.1866984 0.0190647
v -0.0439858 -0.0087956 0.0682391 0.074510 0.070588 0.066667
vn -0.9835325 -0.1806919 -0.0037690
v -0.0439989 -0.0087028 0.0716233 0.380392 0.380392 0.356863
vn -0.9523930 -0.2485485 0.1765539
v -0.0434663 -0.0115077 0.0649285 0.101961 0.098039 0.090196
vn -0.9679012 -0.1806842 0.1747016
v -0.0440990 -0.0088471 0.0648850 0.117647 0.109804 0.101961
vn -0.8311474 -0.5558149 0.0162427
v -0.0370712 -0.0250618 0.0681973 0.047059 0.047059 0.039216
vn -0.8315203 -0.5554432 -0.0075383
v -0.0373477 -0.0247528 0.0716890 0.317647 0.309804 0.227451
vn -0.8277328 -0.5469971 0.1251104
v -0.0372478 -0.0249233 0.0882154 0.349020 0.349020 0.317647
vn -0.8113057 -0.5562496 0.1799155
v -0.0372756 -0.0250743 0.0650776 0.090196 0.090196 0.078431
vn -0.9941307 -0.1080699 -0.0050174
v -0.0444862 -0.0056700 0.0781953 0.298039 0.298039 0.270588
vn -0.9961650 -0.0873786 -0.0045097
v -0.0445610 -0.0046901 0.0702333 0.176471 0.168627 0.149020
vn -0.9953337 -0.0936528 0.0232365
v -0.0445127 -0.0049789 0.0681409 0.074510 0.070588 0.066667
vn -0.9929076 -0.1158175 0.0268503
v -0.0445116 -0.0055708 0.0877075 0.458824 0.462745 0.443137
vn -0.9605050 -0.1547040 0.2312940
v -0.0442737 -0.0072465 0.0882686 0.407843 0.407843 0.396078
vn -0.8171198 -0.3791400 0.4342442
v -0.0406775 -0.0183386 0.0886137 0.341176 0.333333 0.309804
vn -0.9767697 -0.1013766 0.1887955
v -0.0446891 -0.0050088 0.0649142 0.101961 0.098039 0.086275
vn -0.7902460 -0.6126578 0.0127120
v -0.0350065 -0.0279766 0.0681885 0.054902 0.050980 0.043137
vn -0.7914916 -0.6111757 -0.0023018
v -0.0351946 -0.0277672 0.0749594 0.360784 0.352941 0.196078
vn -0.7775986 -0.5947213 0.2040760
v -0.0350813 -0.0279270 0.0882232 0.407843 0.407843 0.368627
vn -0.7700934 -0.6125917 0.1780105
v -0.0349303 -0.0282432 0.0649636 0.101961 0.101961 0.090196
vn -0.8039036 -0.3907659 0.4483761
v -0.0399420 -0.0199064 0.0885507 0.325490 0.313725 0.290196
vn -0.9789424 -0.0641281 0.1938027
v -0.0447069 -0.0035432 0.0883041 0.541176 0.537255 0.517647
vn -0.9978878 -0.0647398 -0.0053552
v -0.0446814 -0.0032542 0.0814379 0.388235 0.384314 0.360784
vn -0.9989994 -0.0447071 0.0012795
v -0.0445943 -0.0035411 0.0725242 0.376471 0.372549 0.345098
vn -0.9999872 0.0002507 -0.0050423
v -0.0447534 -0.0000891 0.0718455 0.505882 0.498039 0.470588
vn -0.9996918 0.0057409 0.0241545
v -0.0447504 0.0000972 0.0682523 0.070588 0.062745 0.062745
vn -0.9819764 0.0037904 0.1889658
v -0.0449095 0.0000266 0.0650748 0.105882 0.101961 0.090196
vn -0.8465241 -0.2810064 0.4521421
v -0.0429216 -0.0125598 0.0887155 0.396078 0.392157 0.372549
vn -0.9763329 -0.0145662 0.2157821
v -0.0448848 0.0000438 0.0883654 0.552941 0.549020 0.521569
vn -0.9999786 -0.0000073 -0.0065518
v -0.0448506 -0.0000545 0.0813329 0.466667 0.458824 0.431373
vn -0.8801525 -0.1976551 0.4315833
v -0.0435920 -0.0100581 0.0886806 0.392157 0.388235 0.368627
vn -0.8283888 -0.3098821 0.4666317
v -0.0421163 -0.0147797 0.0887352 0.349020 0.349020 0.325490
vn -0.7394014 -0.6732628 -0.0016772
v -0.0329292 -0.0305012 0.0760179 0.376471 0.368627 0.203922
vn -0.7402897 -0.6570944 0.1421205
v -0.0336123 -0.0296824 0.0882220 0.427451 0.423529 0.384314
vn -0.7374733 -0.6753685 -0.0032510
v -0.0328488 -0.0305606 0.0717774 0.411765 0.407843 0.301961
vn -0.7297667 -0.6835040 0.0162096
v -0.0325049 -0.0309279 0.0681796 0.066667 0.062745 0.054902
vn -0.7107060 -0.6845219 0.1622552
v -0.0323346 -0.0312654 0.0649805 0.113725 0.109804 0.101961
vn -0.7904720 -0.3376181 0.5110461
v -0.0413875 -0.0163335 0.0888256 0.345098 0.345098 0.313725
vn -0.6789722 -0.7275768 -0.0981267
v -0.0260417 -0.0261874 -0.0388274 0.011765 0.211765 0.423529
vn -0.7150784 -0.6990435 0.0010570
v -0.0323032 -0.0311070 0.0843189 0.325490 0.325490 0.223529
vn -0.7133865 -0.6805033 0.1673170
v -0.0325771 -0.0308674 0.0881592 0.431373 0.427451 0.388235
vn -0.7160736 -0.6935970 -0.0784971
v -0.0225584 -0.0251953 -0.0861234 0.007843 0.203922 0.411765
vn -0.6926767 -0.7196453 -0.0480602
v -0.0225383 -0.0254681 -0.0824875 0.011765 0.211765 0.419608
vn -0.6675597 -0.6628007 -0.3392039
v -0.0237680 -0.0235490 -0.0888123 0.035294 0.082353 0.125490
vn -0.6242887 -0.6685660 -0.4040830
v -0.0224223 -0.0249302 -0.0887446 0.031373 0.090196 0.149020
vn -0.6752544 -0.7299561 -0.1058099
v -0.0271095 -0.0294019 -0.0084011 0.011765 0.207843 0.419608
vn -0.6711336 -0.7332518 -0.1091858
v -0.0275444 -0.0303174 0.0007377 0.007843 0.207843 0.423529
vn -0.6736569 -0.7306334 -0.1111812
v -0.0283532 -0.0312096 0.0110786 0.019608 0.211765 0.427451
vn -0.9513835 -0.1145959 0.2858971
v -0.0443949 -0.0050329 0.0888629 0.533333 0.525490 0.501961
vn -0.6683728 -0.7438263 0.0006731
v -0.0299986 -0.0334389 0.0757200 0.435294 0.431373 0.309804
vn -0.6801570 -0.7329282 0.0142428
v -0.0300698 -0.0333050 0.0685314 0.066667 0.058824 0.050980
vn -0.6734566 -0.7317127 -0.1051324
v -0.0280930 -0.0321431 0.0160510 0.023529 0.227451 0.443137
vn -0.6817089 -0.7260507 -0.0901298
v -0.0286577 -0.0323411 0.0211328 0.035294 0.254902 0.466667
vn -0.6808910 -0.7284121 -0.0761803
v -0.0297537 -0.0320579 0.0281396 0.015686 0.231373 0.458824
vn -0.7435020 -0.6198114 0.2510752
v -0.0340552 -0.0290187 0.0886606 0.474510 0.458824 0.415686
vn -0.7405277 -0.4640915 0.4860431
v -0.0371885 -0.0247455 0.0887248 0.337255 0.329412 0.298039
vn -0.7234915 -0.5205370 0.4534329
v -0.0362603 -0.0262048 0.0887070 0.349020 0.349020 0.313725
vn -0.7836941 -0.6170009 -0.0716481
v -0.0360368 -0.0266760 0.0882941 0.380392 0.368627 0.333333
vn -0.6672059 -0.7438775 -0.0385046
v -0.0304388 -0.0336815 0.0549738 0.478431 0.450980 0.403922
vn -0.6767620 -0.7361916 0.0038957
v -0.0306068 -0.0335906 0.0593464 0.450980 0.450980 0.380392
vn -0.6701082 -0.7399870 -0.0580897
v -0.0307912 -0.0330581 0.0515982 0.011765 0.262745 0.501961
vn -0.6670302 -0.7426906 -0.0590042
v -0.0304349 -0.0327310 0.0422708 0.015686 0.247059 0.482353
vn -0.6724517 -0.7373606 -0.0640939
v -0.0299113 -0.0324871 0.0340413 0.015686 0.243137 0.474510
vn -0.6597129 -0.7491134 0.0600676
v -0.0300972 -0.0332793 0.0877622 0.431373 0.427451 0.384314
vn -0.6709887 -0.7414119 0.0090907
v -0.0301129 -0.0332463 0.0813609 0.407843 0.403922 0.305882
vn -0.6492792 -0.7473940 0.1408506
v -0.0292072 -0.0342561 0.0649612 0.121569 0.117647 0.109804
vn -0.6434976 -0.7545148 0.1289122
v -0.0293093 -0.0346418 0.0635090 0.541176 0.541176 0.501961
vn -0.6656770 -0.7424895 -0.0747239
v -0.0259998 -0.0350386 0.0241829 0.074510 0.305882 0.486275
vn -0.6614641 -0.7441607 -0.0932209
v -0.0262271 -0.0344814 0.0208670 0.043137 0.270588 0.466667
vn -0.6620858 -0.7464211 -0.0670665
v -0.0263574 -0.0352528 0.0297591 0.050980 0.290196 0.482353
vn -0.6489132 -0.7545632 -0.0977049
v -0.0246082 -0.0286824 -0.0297525 0.007843 0.196078 0.407843
vn -0.6563253 -0.7478419 -0.0998485
v -0.0231413 -0.0309543 -0.0215276 0.011765 0.188235 0.396078
vn -0.6464618 -0.7571055 -0.0942260
v -0.0240914 -0.0277885 -0.0397138 0.007843 0.203922 0.415686
vn -0.6714874 -0.7244969 0.1555927
v -0.0304336 -0.0328208 0.0886280 0.466667 0.466667 0.419608
vn -0.6482347 -0.7529101 -0.1136588
v -0.0249766 -0.0344534 0.0133678 0.019608 0.196078 0.407843
vn -0.6416202 -0.7583540 -0.1149903
v -0.0245296 -0.0336192 0.0058191 0.007843 0.192157 0.403922
vn -0.6479551 -0.7541881 -0.1065573
v -0.0243956 -0.0326192 -0.0021221 0.003922 0.184314 0.392157
vn -0.6452838 -0.7566826 -0.1050723
v -0.0226646 -0.0321379 -0.0158863 0.007843 0.184314 0.392157
vn -0.7251504 -0.6789310 -0.1149329
v -0.0234709 -0.0324622 -0.0088834 0.007843 0.180392 0.392157
vn -0.6435623 -0.7592791 -0.0965551
v -0.0223679 -0.0310827 -0.0257359 0.003922 0.184314 0.392157
vn -0.6359203 -0.7661413 -0.0929134
v -0.0222918 -0.0291641 -0.0406911 0.007843 0.196078 0.400000
vn -0.6401122 -0.7632555 -0.0877349
v -0.0221228 -0.0282953 -0.0495525 0.007843 0.200000 0.407843
vn -0.6381579 -0.7698886 -0.0051000
v -0.0291486 -0.0348478 0.0582344 0.447059 0.443137 0.384314
vn -0.6447223 -0.7620412 -0.0602197
v -0.0267314 -0.0356544 0.0398776 0.015686 0.247059 0.482353
vn -0.6394607 -0.7669353 -0.0538538
v -0.0279325 -0.0354104 0.0506917 0.011765 0.270588 0.509804
vn -0.6436530 -0.7635670 -0.0517338
v -0.0260493 -0.0366816 0.0456893 0.019608 0.243137 0.486275
vn -0.6269295 -0.7788778 0.0175731
v -0.0286747 -0.0344953 0.0689941 0.094118 0.086275 0.070588
vn -0.5965255 -0.7764687 0.2031101
v -0.0278078 -0.0351060 0.0882443 0.454902 0.450980 0.396078
vn -0.6092075 -0.7930076 0.0022855
v -0.0280769 -0.0349836 0.0764490 0.427451 0.423529 0.321569
vn -0.6337669 -0.7717265 -0.0527053
v -0.0259253 -0.0371136 0.0515013 0.011765 0.254902 0.498039
vn -0.6294876 -0.7761326 -0.0369260
v -0.0258339 -0.0374431 0.0548663 0.466667 0.454902 0.400000
vn -0.6275694 -0.7742100 -0.0821923
v -0.0214601 -0.0272979 -0.0623788 0.003922 0.207843 0.415686
vn -0.6298767 -0.7751685 -0.0486738
v -0.0221240 -0.0263492 -0.0669356 0.003922 0.180392 0.388235
vn -0.6262782 -0.7791469 -0.0265678
v -0.0217550 -0.0264296 -0.0735033 0.007843 0.180392 0.384314
vn -0.6204811 -0.7841984 0.0060153
v -0.0258804 -0.0374481 0.0588961 0.466667 0.466667 0.427451
vn -0.7294737 -0.3857605 0.5648513
v -0.0385328 -0.0225665 0.0886206 0.325490 0.325490 0.298039
vn -0.6058596 -0.7825913 0.1431259
v -0.0257078 -0.0370103 0.0650746 0.113725 0.109804 0.098039
vn -0.6212444 -0.7623286 0.1814128
v -0.0290149 -0.0340253 0.0886795 0.478431 0.474510 0.427451
vn -0.6115084 -0.7835014 0.1103767
v -0.0253546 -0.0377245 0.0635366 0.458824 0.454902 0.407843
vn -0.6906130 -0.6443545 0.3284219
v -0.0328008 -0.0302590 0.0888635 0.447059 0.439216 0.400000
vn -0.5961582 -0.7967438 0.0989688
v -0.0260815 -0.0364018 0.0882373 0.478431 0.478431 0.435294
vn -0.5981423 -0.8013899 -0.0000326
v -0.0256044 -0.0368005 0.0720501 0.439216 0.427451 0.325490
vn -0.5988579 -0.7999160 0.0387763
v -0.0252304 -0.0371122 0.0682015 0.074510 0.070588 0.058824
vn -0.6527250 -0.5576854 -0.5127739
v -0.0265264 -0.0200520 -0.0894301 0.050980 0.117647 0.160784
vn -0.9672362 0.0073863 0.2537710
v -0.0453107 -0.0000497 0.0639167 0.764706 0.764706 0.749020
vn -0.9968401 0.0571122 -0.0552084
v -0.0350836 0.0034171 -0.0667533 0.011765 0.223529 0.439216
vn -0.9979003 0.0609054 -0.0220338
v -0.0348757 0.0040013 -0.0723179 0.023529 0.223529 0.447059
vn -0.9950987 0.0602025 -0.0784502
v -0.0358373 0.0025630 -0.0578834 0.011765 0.247059 0.462745
vn -0.9940727 0.0628318 -0.0887230
v -0.0366487 0.0039526 -0.0466894 0.019608 0.235294 0.454902
vn -0.9888710 0.1197236 -0.0883202
v -0.0371850 0.0055403 -0.0389745 0.023529 0.231373 0.447059
vn -0.9873334 0.1357465 -0.0821317
v -0.0363154 0.0058896 -0.0488042 0.019608 0.227451 0.443137
vn -0.9879258 0.1212116 -0.0964900
v -0.0415159 0.0061503 0.0065326 0.027451 0.227451 0.447059
vn -0.9873915 0.1255208 -0.0964502
v -0.0406635 0.0061072 -0.0019332 0.023529 0.227451 0.447059
vn -0.9872817 0.1258956 -0.0970825
v -0.0398004 0.0057405 -0.0115278 0.027451 0.235294 0.454902
vn -0.9928698 0.0716528 -0.0952656
v -0.0391093 0.0031469 -0.0205373 0.039216 0.250980 0.470588
vn -0.9930305 0.0718433 -0.0934296
v -0.0383909 0.0021564 -0.0291269 0.019608 0.243137 0.458824
vn -0.9940162 0.0600533 -0.0912441
v -0.0374101 0.0024913 -0.0386811 0.023529 0.235294 0.454902
vn -0.9876686 0.1258951 -0.0930650
v -0.0377828 0.0054535 -0.0326909 0.019608 0.231373 0.447059
vn -0.9868165 0.1298012 -0.0966696
v -0.0386447 0.0056996 -0.0230761 0.027451 0.231373 0.450980
vn -0.9857288 0.1361437 -0.0990136
v -0.0392260 0.0058815 -0.0170547 0.027451 0.231373 0.450980
vn -0.9934024 0.0689607 -0.0916303
v -0.0422804 0.0035283 0.0124977 0.027451 0.250980 0.474510
vn -0.9980925 0.0609793 -0.0096371
v -0.0445792 0.0037558 0.0717545 0.552941 0.545098 0.525490
vn -0.9979664 0.0591227 0.0238252
v -0.0445832 0.0031974 0.0683005 0.070588 0.066667 0.062745
vn -0.9955015 0.0944907 -0.0069594
v -0.0446170 0.0044199 0.0841419 0.439216 0.431373 0.403922
vn -0.9955045 0.0946120 -0.0044084
v -0.0445754 0.0046896 0.0776367 0.443137 0.443137 0.415686
vn -0.9948613 0.0923393 0.0415282
v -0.0446499 0.0045977 0.0878111 0.541176 0.533333 0.509804
vn -0.9896348 0.1177126 -0.0822609
v -0.0426275 0.0060149 0.0190859 0.031373 0.239216 0.462745
vn -0.9879866 0.1290061 -0.0850879
v -0.0420368 0.0062622 0.0123656 0.031373 0.235294 0.458824
vn -0.9943385 0.0711107 -0.0789573
v -0.0432547 0.0030315 0.0238332 0.027451 0.258824 0.482353
vn -0.9906276 0.1224079 -0.0606083
v -0.0445791 0.0058769 0.0459498 0.027451 0.239216 0.462745
vn -0.9907000 0.1179541 -0.0678261
v -0.0437785 0.0058491 0.0344800 0.023529 0.235294 0.458824
vn -0.9963712 0.0784208 -0.0330872
v -0.0451724 0.0039525 0.0539340 0.019608 0.250980 0.478431
vn -0.9914958 0.1091159 -0.0709212
v -0.0432835 0.0059284 0.0271955 0.023529 0.235294 0.462745
vn -0.9920198 0.0694064 0.1052589
v -0.0452432 0.0034450 0.0631837 0.403922 0.400000 0.380392
vn -0.9927723 0.1199778 -0.0029209
v -0.0451120 0.0053563 0.0583142 0.325490 0.325490 0.309804
vn -0.9800360 0.1062447 0.1680523
v -0.0446236 0.0054422 0.0649756 0.152941 0.152941 0.141176
vn -0.9885299 0.1486908 -0.0264515
v -0.0345286 0.0064600 -0.0864780 0.007843 0.290196 0.517647
vn -0.9885818 0.1504110 -0.0090909
v -0.0345445 0.0065162 -0.0804860 0.015686 0.231373 0.462745
vn -0.9874399 0.1481968 -0.0547735
v -0.0348580 0.0065521 -0.0664920 0.015686 0.243137 0.454902
vn -0.9871343 0.1582935 -0.0225626
v -0.0346676 0.0066053 -0.0723269 0.019608 0.211765 0.431373
vn -0.9860947 0.1460595 -0.0792717
v -0.0357783 0.0060547 -0.0551246 0.015686 0.231373 0.447059
vn -0.9934369 0.1128816 0.0184611
v -0.0443945 0.0057264 0.0686597 0.082353 0.082353 0.074510
vn -0.9911867 0.1294781 -0.0280084
v -0.0450332 0.0056054 0.0543677 0.168627 0.309804 0.439216
vn -0.7938688 -0.2567737 -0.5512165
v -0.0323952 -0.0088375 -0.0898448 0.078431 0.117647 0.133333
vn -0.7598662 -0.3077491 -0.5726202
v -0.0317275 -0.0108219 -0.0897084 0.094118 0.152941 0.211765
vn -0.9823824 0.1202547 0.1430516
v -0.0450399 0.0056185 0.0634616 0.337255 0.345098 0.321569
vn -0.9289302 0.1461491 -0.3401898
v -0.0343318 0.0068204 -0.0887558 0.015686 0.149020 0.262745
vn -0.9210781 0.1095211 0.3736581
v -0.0445012 0.0052821 0.0886789 0.552941 0.549020 0.521569
vn -0.8536100 0.0390555 -0.5194464
v -0.0344419 0.0031453 -0.0891549 0.019608 0.137255 0.227451
vn -0.6911333 -0.4518208 -0.5640858
v -0.0291591 -0.0163882 -0.0894936 0.074510 0.133333 0.176471
vn -0.9834259 0.1812799 -0.0033277
v -0.0440090 0.0087785 0.0751413 0.345098 0.345098 0.317647
vn -0.9821878 0.1878724 -0.0033270
v -0.0440049 0.0088343 0.0825746 0.325490 0.325490 0.301961
vn -0.9798526 0.1920329 0.0548851
v -0.0440372 0.0088858 0.0875535 0.509804 0.501961 0.474510
vn -0.9822561 0.1737041 -0.0707094
v -0.0429251 0.0085449 0.0274790 0.027451 0.227451 0.450980
vn -0.9813802 0.1802322 -0.0664019
v -0.0436448 0.0085140 0.0389783 0.019608 0.223529 0.443137
vn -0.9797387 0.1928624 -0.0540029
v -0.0441840 0.0085770 0.0470909 0.019608 0.231373 0.450980
vn -0.9800586 0.1964273 -0.0300258
v -0.0445270 0.0085544 0.0539889 0.015686 0.211765 0.423529
vn -0.9828294 0.1838046 0.0161954
v -0.0439377 0.0087668 0.0684494 0.074510 0.070588 0.062745
vn -0.9783131 0.1863596 -0.0904076
v -0.0415464 0.0082110 0.0105989 0.023529 0.215686 0.435294
vn -0.9676011 0.1874489 0.1691478
v -0.0440809 0.0087957 0.0650079 0.149020 0.149020 0.137255
vn -0.9795988 0.2009180 -0.0042740
v -0.0444933 0.0089574 0.0585638 0.309804 0.313725 0.290196
vn -0.9709560 0.1874977 0.1486244
v -0.0444860 0.0089520 0.0636012 0.396078 0.392157 0.380392
vn -0.9800003 0.1762412 -0.0924042
v -0.0379300 0.0071127 -0.0276725 0.019608 0.223529 0.439216
vn -0.9754700 0.1976726 -0.0968704
v -0.0401921 0.0083642 -0.0026114 0.019608 0.219608 0.435294
vn -0.9708208 0.2188978 -0.0979324
v -0.0384292 0.0088922 -0.0193166 0.023529 0.219608 0.435294
vn -0.9716983 0.2188984 -0.0888025
v -0.0372041 0.0088888 -0.0323199 0.011765 0.223529 0.435294
vn -0.9696934 0.2271568 -0.0899701
v -0.0364236 0.0091035 -0.0405409 0.015686 0.219608 0.435294
vn -0.9689727 0.2327455 -0.0831955
v -0.0357820 0.0084242 -0.0488591 0.015686 0.223529 0.439216
vn -0.9649525 0.2524831 -0.0715465
v -0.0349448 0.0084462 -0.0590176 0.011765 0.231373 0.443137
vn -0.9656241 0.2321296 -0.1169869
v -0.0340194 0.0085720 -0.0883234 0.023529 0.243137 0.443137
vn -0.9633387 0.2615289 -0.0598437
v -0.0427493 0.0120071 0.0360387 0.015686 0.200000 0.411765
vn -0.9619775 0.2649599 -0.0662994
v -0.0422977 0.0120987 0.0292043 0.019608 0.203922 0.419608
vn -0.9617891 0.2616821 -0.0805255
v -0.0420193 0.0118582 0.0247491 0.019608 0.203922 0.419608
vn -0.9628412 0.2564277 -0.0847450
v -0.0413968 0.0115277 0.0168206 0.015686 0.200000 0.415686
vn -0.9616166 0.2575355 -0.0947055
v -0.0408952 0.0113111 0.0106163 0.011765 0.200000 0.415686
vn -0.8654892 -0.1596125 0.4748183
v -0.0437161 -0.0073621 0.0893082 0.549020 0.549020 0.537255
vn -0.7785788 -0.2822465 0.5604926
v -0.0421196 -0.0133287 0.0893553 0.458824 0.450980 0.427451
vn -0.9612736 0.2581834 -0.0964075
v -0.0389661 0.0106185 -0.0098758 0.019608 0.207843 0.423529
vn -0.9572442 0.2714442 -0.1000077
v -0.0400094 0.0112017 0.0019944 0.019608 0.207843 0.419608
vn -0.8002717 -0.1450716 -0.5818243
v -0.0333799 -0.0044534 -0.0899402 0.101961 0.160784 0.200000
vn -0.9276420 0.0314806 0.3721416
v -0.0445830 0.0010517 0.0890768 0.635294 0.619608 0.607843
vn -0.9668218 0.2509972 -0.0474994
v -0.0345069 0.0080043 -0.0669764 0.011765 0.207843 0.419608
vn -0.9022977 0.2135023 0.3745340
v -0.0437838 0.0094162 0.0886292 0.501961 0.501961 0.474510
vn -0.9699011 0.2378222 -0.0522715
v -0.0433407 0.0120797 0.0461722 0.007843 0.200000 0.415686
vn -0.9643655 0.2633529 -0.0253872
v -0.0438479 0.0115165 0.0547616 0.266667 0.278431 0.321569
vn -0.9596056 0.2399698 0.1468732
v -0.0440300 0.0109958 0.0635934 0.411765 0.411765 0.392157
vn -0.9680940 0.2504921 -0.0069158
v -0.0433823 0.0114852 0.0735663 0.321569 0.317647 0.294118
vn -0.9694600 0.2444649 0.0196054
v -0.0433889 0.0112497 0.0682519 0.070588 0.066667 0.058824
vn -0.9631965 0.2687928 0.0016932
v -0.0433371 0.0115805 0.0851979 0.313725 0.313725 0.286275
vn -0.9689942 0.2469935 -0.0066693
v -0.0339442 0.0091555 -0.0799593 0.011765 0.235294 0.462745
vn -0.9651804 0.2606052 -0.0226247
v -0.0342329 0.0084159 -0.0719007 0.023529 0.219608 0.439216
vn -0.6957387 -0.5405493 0.4730265
v -0.0350244 -0.0272121 0.0891983 0.411765 0.403922 0.372549
vn -0.9546271 0.2542685 0.1550315
v -0.0429736 0.0134577 0.0650063 0.180392 0.176471 0.164706
vn -0.6368603 -0.5994051 -0.4848944
v -0.0245509 -0.0223284 -0.0893042 0.035294 0.117647 0.156863
vn -0.9092792 0.2635149 -0.3221354
v -0.0334215 0.0106343 -0.0887406 0.050980 0.152941 0.235294
vn -0.9644685 0.2637397 -0.0155502
v -0.0330448 0.0124587 -0.0847222 0.015686 0.313725 0.545098
vn -0.9547054 0.2828787 -0.0922902
v -0.0373622 0.0115814 -0.0227547 0.015686 0.215686 0.427451
vn -0.9541834 0.2860577 -0.0877786
v -0.0360768 0.0121955 -0.0346231 0.011765 0.211765 0.427451
vn -0.9367435 0.2615890 0.2325574
v -0.0433723 0.0114083 0.0881705 0.458824 0.454902 0.427451
vn -0.9588492 0.2701288 -0.0873997
v -0.0349434 0.0115272 -0.0486107 0.007843 0.219608 0.427451
vn -0.9539019 0.2859419 -0.0911510
v -0.0353347 0.0131273 -0.0394090 0.015686 0.215686 0.431373
vn -0.9630924 0.2691677 -0.0013431
v -0.0330424 0.0123949 -0.0773847 0.027451 0.282353 0.505882
vn -0.9595731 0.2809290 -0.0172705
v -0.0332288 0.0117885 -0.0723877 0.023529 0.239216 0.458824
vn -0.9600351 0.2797464 -0.0086343
v -0.0431301 0.0141057 0.0581442 0.278431 0.282353 0.266667
vn -0.9555349 0.2756844 0.1046481
v -0.0431499 0.0140234 0.0636533 0.407843 0.407843 0.388235
vn -0.9527557 0.3017912 -0.0343318
v -0.0430242 0.0139510 0.0533048 0.031373 0.207843 0.411765
vn -0.9607689 0.2773399 -0.0024129
v -0.0426020 0.0142266 0.0753309 0.282353 0.282353 0.258824
vn -0.9572365 0.2791032 -0.0761568
v -0.0340202 0.0117635 -0.0585156 0.011765 0.231373 0.443137
vn -0.9580829 0.2818814 -0.0511881
v -0.0333866 0.0118690 -0.0666748 0.011765 0.227451 0.435294
vn -0.9601045 0.2789099 0.0202153
v -0.0425346 0.0141622 0.0685953 0.098039 0.094118 0.086275
vn -0.7033691 -0.3582225 -0.6139614
v -0.0299269 -0.0143891 -0.0898539 0.086275 0.105882 0.129412
vn -0.8897842 0.2804223 -0.3600659
v -0.0327578 0.0127886 -0.0887100 0.050980 0.188235 0.294118
vn -0.9490414 0.3002384 -0.0957989
v -0.0373293 0.0147625 -0.0132835 0.011765 0.211765 0.419608
vn -0.9456770 0.3107695 -0.0954845
v -0.0391755 0.0124280 -0.0022887 0.027451 0.211765 0.423529
vn -0.9479111 0.3042200 -0.0944185
v -0.0365542 0.0143663 -0.0218908 0.019608 0.211765 0.423529
vn -0.9496056 0.3011135 -0.0870629
v -0.0358138 0.0140126 -0.0312072 0.011765 0.211765 0.427451
vn -0.9474162 0.3098735 0.0798802
v -0.0425142 0.0141976 0.0875878 0.498039 0.494118 0.466667
vn -0.9473302 0.3072849 -0.0902305
v -0.0400933 0.0146589 0.0134351 0.011765 0.196078 0.407843
vn -0.9459447 0.3135535 -0.0829031
v -0.0402962 0.0152970 0.0183952 0.011765 0.200000 0.411765
vn -0.9433035 0.3153675 -0.1035473
v -0.0385237 0.0172829 0.0069808 0.015686 0.215686 0.431373
vn -0.9424592 0.3184605 -0.1017528
v -0.0381341 0.0170060 0.0027335 0.011765 0.211765 0.427451
vn -0.9422354 0.3216102 -0.0935919
v -0.0376548 0.0167450 -0.0027636 0.015686 0.207843 0.419608
vn -0.7991686 -0.0190770 -0.6008042
v -0.0340528 -0.0000257 -0.0897600 0.113725 0.192157 0.223529
vn -0.9437808 0.3231804 -0.0695148
v -0.0411945 0.0152235 0.0287025 0.007843 0.200000 0.415686
vn -0.9449217 0.3221044 -0.0580665
v -0.0415557 0.0154417 0.0356421 0.015686 0.207843 0.419608
vn -0.8110420 0.0830615 -0.5790612
v -0.0338740 0.0046915 -0.0897617 0.109804 0.188235 0.239216
vn -0.6641722 -0.6383399 0.3890983
v -0.0313283 -0.0317442 0.0888524 0.443137 0.435294 0.392157
vn -0.9326337 0.3038193 0.1946492
v -0.0426914 0.0132241 0.0886180 0.517647 0.505882 0.478431
vn -0.9349610 0.3237345 0.1450658
v -0.0421119 0.0149062 0.0885995 0.498039 0.490196 0.458824
vn -0.5900418 -0.7509813 0.2964420
v -0.0261672 -0.0361833 0.0887806 0.458824 0.439216 0.400000
vn -0.8076280 0.1841767 -0.5601928
v -0.0333429 0.0082095 -0.0897526 0.117647 0.196078 0.254902
vn -0.5467751 -0.6654169 -0.5081902
v -0.0216718 -0.0249432 -0.0894938 0.062745 0.125490 0.152941
vn -0.6703871 -0.3837199 0.6350908
v -0.0370350 -0.0240175 0.0893243 0.513725 0.517647 0.490196
vn -0.7570719 -0.1912363 0.6247166
v -0.0428890 -0.0102587 0.0894832 0.600000 0.600000 0.576471
vn -0.5957901 -0.4397518 -0.6720511
v -0.0270498 -0.0186983 -0.0898520 0.078431 0.125490 0.137255
vn -0.8101245 0.2404306 0.5346883
v -0.0429711 0.0102515 0.0894185 0.580392 0.572549 0.545098
vn -0.7824593 0.2329119 -0.5775028
v -0.0326734 0.0104835 -0.0898169 0.105882 0.164706 0.219608
vn -0.5661753 -0.7019071 -0.4321712
v -0.0209482 -0.0261139 -0.0885897 0.031373 0.098039 0.145098
vn -0.5721330 -0.7133869 -0.4046518
v -0.0202225 -0.0262954 -0.0892959 0.027451 0.090196 0.149020
vn -0.5649172 -0.7248476 -0.3942900
v -0.0192027 -0.0273867 -0.0887508 0.031373 0.094118 0.149020
vn -0.5664745 -0.6896304 0.4511282
v -0.0270060 -0.0350956 0.0892670 0.525490 0.525490 0.490196
vn -0.8176885 0.1472885 0.5564994
v -0.0436997 0.0073185 0.0893579 0.541176 0.545098 0.501961
vn -0.6966056 -0.2983275 0.6524886
v -0.0410623 -0.0157067 0.0894670 0.501961 0.498039 0.470588
vn -0.7755944 0.2499478 -0.5796374
v -0.0318393 0.0130474 -0.0898274 0.090196 0.164706 0.207843
vn -0.6717446 -0.3387102 0.6588131
v -0.0395079 -0.0192012 0.0893704 0.482353 0.486275 0.454902
vn 0.9086379 -0.1811458 0.3762493
v -0.0385331 0.0070222 0.0844296 0.450980 0.447059 0.411765
vn 0.8683156 -0.0957150 0.4866895
v -0.0380005 0.0045803 0.0826135 0.196078 0.180392 0.164706
vn 0.8673368 -0.1763434 0.4654352
v -0.0377937 0.0072399 0.0829020 0.321569 0.313725 0.286275
vn 0.9056358 -0.0734485 0.4176472
v -0.0386056 0.0028120 0.0834767 0.447059 0.450980 0.415686
vn 0.9067711 -0.2134106 0.3636237
v -0.0394222 0.0071113 0.0866892 0.521569 0.509804 0.450980
vn 0.9301990 -0.0772393 0.3588369
v -0.0401666 0.0031809 0.0876736 0.501961 0.501961 0.450980
vn 0.9063184 -0.0420501 0.4204981
v -0.0401028 0.0062291 0.0882321 0.596078 0.584314 0.533333
vn 0.7943140 -0.0088893 0.6074424
v -0.0408666 0.0000577 0.0887620 0.670588 0.654902 0.619608
vn 0.9264327 -0.0010704 0.3764591
v -0.0403671 -0.0001973 0.0876532 0.513725 0.505882 0.462745
vn 0.9094006 -0.0252727 0.4151528
v -0.0388352 -0.0000706 0.0835298 0.376471 0.380392 0.345098
vn 0.9053545 0.0586435 0.4205879
v -0.0387341 -0.0027727 0.0834799 0.392157 0.396078 0.356863
vn 0.7692938 -0.1259221 0.6263630
v -0.0404177 0.0067675 0.0888764 0.713725 0.701961 0.670588
vn 0.9083347 0.0577203 0.4142422
v -0.0404463 -0.0034855 0.0883153 0.549020 0.549020 0.505882
vn 0.8618622 0.0060936 0.5071058
v -0.0381225 -0.0008971 0.0821934 0.160784 0.145098 0.137255
vn 0.9218185 0.1104057 0.3715661
v -0.0388034 -0.0056578 0.0843189 0.317647 0.313725 0.286275
vn 0.8428020 0.1101884 0.5268238
v -0.0402993 -0.0065476 0.0886385 0.513725 0.521569 0.490196
vn 0.8656044 0.1044220 0.4897194
v -0.0380148 -0.0059987 0.0826781 0.227451 0.211765 0.200000
vn 0.6988128 0.0826817 0.7105100
v -0.0407171 -0.0061804 0.0890652 0.584314 0.580392 0.556863
vn 0.8559880 0.1671845 0.4892178
v -0.0377531 -0.0084523 0.0828271 0.262745 0.250980 0.227451
vn 0.9024400 0.2015916 0.3807398
v -0.0380451 -0.0088492 0.0836224 0.266667 0.262745 0.239216
vn 0.9029810 0.1862302 0.3872256
v -0.0396726 -0.0091894 0.0882084 0.372549 0.364706 0.333333
vn 0.8065200 0.1891598 0.5601287
v -0.0398744 -0.0097330 0.0888382 0.376471 0.376471 0.356863
vn 0.8073086 -0.0075565 0.5900813
v -0.0370972 -0.0005150 0.0805297 0.098039 0.082353 0.062745
vn 0.8120458 -0.0711588 0.5792392
v -0.0369993 0.0014744 0.0806915 0.098039 0.082353 0.062745
vn 0.8046643 -0.1003623 0.5851862
v -0.0367160 0.0055168 0.0808174 0.098039 0.082353 0.062745
vn 0.7940561 -0.1927132 0.5764863
v -0.0365233 0.0076250 0.0809841 0.086275 0.074510 0.058824
vn 0.7825217 0.1095604 0.6129081
v -0.0366172 -0.0058951 0.0806033 0.094118 0.086275 0.058824
vn 0.8601395 -0.2599013 0.4388750
v -0.0372330 0.0097210 0.0830888 0.317647 0.305882 0.278431
vn 0.8424788 0.2496940 0.4773704
v -0.0367670 -0.0119622 0.0827433 0.258824 0.254902 0.227451
vn 0.8801154 0.2495855 0.4038614
v -0.0393441 -0.0104433 0.0882278 0.352941 0.345098 0.321569
vn 0.8907151 0.2925629 0.3478989
v -0.0379057 -0.0124607 0.0859669 0.215686 0.215686 0.188235
vn 0.8704686 0.2571650 0.4197031
v -0.0390924 -0.0123783 0.0888032 0.474510 0.470588 0.450980
vn 0.8905478 0.2802774 0.3582867
v -0.0379400 -0.0136647 0.0871831 0.254902 0.254902 0.223529
vn 0.8408033 0.2354643 0.4874489
v -0.0360856 -0.0146034 0.0828620 0.250980 0.250980 0.219608
vn 0.9132757 0.2168574 0.3448193
v -0.0370081 -0.0149511 0.0855239 0.203922 0.203922 0.180392
vn 0.8735846 0.3001450 0.3830968
v -0.0383226 -0.0145918 0.0887820 0.431373 0.423529 0.396078
vn 0.7676153 0.1941447 0.6107984
v -0.0360643 -0.0094045 0.0807501 0.078431 0.070588 0.050980
vn 0.6942827 -0.1111754 0.7110638
v -0.0351062 0.0053449 0.0787985 0.078431 0.066667 0.047059
vn 0.7236031 -0.0718173 0.6864699
v -0.0354427 0.0030788 0.0788790 0.070588 0.058824 0.039216
vn 0.6891025 0.0055996 0.7246423
v -0.0356215 -0.0002103 0.0788104 0.062745 0.050980 0.035294
vn 0.6856783 0.0967525 0.7214460
v -0.0349291 -0.0058545 0.0786924 0.050980 0.043137 0.023529
vn 0.6946892 0.1438813 0.7047731
v -0.0344666 -0.0087555 0.0787481 0.047059 0.039216 0.027451
vn 0.6362076 0.1200897 0.7621144
v -0.0408649 -0.0095075 0.0895977 0.647059 0.647059 0.619608
vn 0.7564953 0.2373936 0.6093925
v -0.0343201 -0.0147079 0.0807437 0.070588 0.058824 0.047059
vn 0.7370742 0.2381530 0.6324594
v -0.0346999 -0.0116629 0.0800103 0.054902 0.047059 0.035294
vn 0.7713926 -0.2623118 0.5797810
v -0.0359727 0.0099254 0.0812308 0.090196 0.078431 0.058824
vn 0.6749841 -0.1901361 0.7129129
v -0.0348212 0.0074841 0.0789782 0.070588 0.058824 0.039216
vn 0.8771916 -0.2586877 0.4044943
v -0.0394670 0.0084427 0.0880449 0.549020 0.537255 0.490196
vn 0.7572299 -0.2113187 0.6180189
v -0.0396310 0.0094381 0.0888302 0.627451 0.615686 0.576471
vn 0.8918896 -0.2745110 0.3594115
v -0.0384754 0.0105103 0.0869109 0.521569 0.509804 0.462745
vn 0.8277660 -0.3239495 0.4581051
v -0.0364247 0.0121626 0.0830984 0.325490 0.317647 0.286275
vn 0.8667527 -0.3373566 0.3673288
v -0.0377001 0.0131685 0.0872267 0.556863 0.549020 0.513725
vn 0.7819516 -0.2395153 0.5754861
v -0.0389788 0.0113962 0.0887265 0.611765 0.600000 0.556863
vn 0.7490456 -0.3029207 0.5892110
v -0.0382513 0.0135234 0.0887549 0.615686 0.603922 0.564706
vn 0.8261025 -0.3536240 0.4387536
v -0.0356242 0.0140524 0.0831320 0.352941 0.349020 0.313725
vn 0.8211511 -0.3911435 0.4155932
v -0.0368537 0.0160561 0.0881757 0.596078 0.584314 0.545098
vn 0.7436508 -0.3394738 0.5759696
v -0.0341092 0.0149050 0.0812982 0.105882 0.090196 0.066667
vn 0.8419020 -0.3595035 0.4024405
v -0.0374044 0.0147294 0.0881644 0.588235 0.580392 0.541176
vn 0.6914359 -0.3309118 0.6421944
v -0.0371656 0.0163116 0.0888949 0.631373 0.627451 0.588235
vn 0.7861566 -0.3786909 0.4884170
v -0.0343937 0.0157666 0.0823628 0.168627 0.160784 0.129412
vn 0.8385809 -0.4021271 0.3675267
v -0.0349256 0.0164068 0.0839952 0.427451 0.427451 0.388235
vn 0.7937996 -0.4190198 0.4408000
v -0.0337172 0.0180421 0.0830744 0.207843 0.200000 0.184314
vn 0.6834624 -0.2852667 0.6719390
v -0.0339921 0.0126908 0.0800931 0.070588 0.058824 0.043137
vn 0.6151642 -0.2329796 0.7531889
v -0.0340117 0.0091024 0.0787310 0.062745 0.054902 0.039216
vn 0.8051166 -0.4084284 0.4300855
v -0.0352880 0.0191119 0.0881826 0.564706 0.549020 0.501961
vn 0.8036446 -0.4090988 0.4321963
v -0.0361027 0.0174386 0.0881720 0.560784 0.552941 0.509804
vn 0.7755499 -0.4603336 0.4319899
v -0.0342974 0.0212329 0.0883748 0.443137 0.439216 0.419608
vn 0.8179324 -0.4504948 0.3578285
v -0.0337426 0.0202533 0.0858626 0.329412 0.325490 0.294118
vn 0.6915020 -0.3473188 0.6333993
v -0.0358423 0.0189438 0.0888746 0.584314 0.560784 0.517647
vn 0.6467245 -0.4234123 0.6344048
v -0.0343645 0.0216606 0.0888408 0.552941 0.537255 0.509804
vn 0.7101722 -0.3972269 0.5812627
v -0.0321375 0.0186538 0.0812878 0.086275 0.070588 0.054902
vn 0.7570683 -0.4940629 0.4274921
v -0.0318522 0.0214756 0.0832866 0.301961 0.294118 0.274510
vn 0.6850652 -0.4409581 0.5798634
v -0.0304532 0.0214061 0.0811762 0.058824 0.050980 0.039216
vn 0.7773011 -0.5197116 0.3545461
v -0.0326097 0.0217601 0.0853299 0.329412 0.329412 0.294118
vn 0.6219422 -0.2311286 0.7481761
v -0.0393826 0.0133558 0.0896334 0.796078 0.792157 0.752941
vn 0.6370049 -0.3256995 0.6986735
v -0.0323849 0.0158768 0.0799824 0.066667 0.054902 0.035294
vn 0.6139108 -0.3466190 0.7092029
v -0.0311227 0.0181034 0.0799356 0.058824 0.047059 0.031373
vn 0.6503874 -0.5260281 0.5479878
v -0.0284741 0.0243496 0.0813186 0.070588 0.062745 0.043137
vn 0.6302067 -0.0670098 0.7735304
v -0.0343335 0.0035976 0.0779872 0.074510 0.066667 0.047059
vn 0.6999239 -0.4874647 0.5220007
v -0.0332103 0.0229092 0.0885606 0.466667 0.454902 0.415686
vn 0.7379119 -0.5713695 0.3591977
v -0.0316540 0.0240530 0.0869569 0.337255 0.329412 0.294118
vn 0.6309109 -0.5061878 0.5879841
v -0.0320525 0.0248458 0.0888167 0.494118 0.486275 0.435294
vn 0.7212986 -0.5781318 0.3814343
v -0.0298385 0.0243772 0.0835953 0.380392 0.380392 0.349020
vn 0.5776025 -0.4038127 0.7094440
v -0.0290836 0.0216881 0.0800278 0.054902 0.047059 0.031373
vn 0.5768498 -0.2798903 0.7674020
v -0.0377998 0.0168458 0.0895605 0.760784 0.752941 0.717647
vn 0.5827320 -0.3279241 0.7435652
v -0.0355326 0.0211666 0.0895338 0.682353 0.674510 0.654902
vn 0.5935407 -0.1401938 0.7924994
v -0.0340827 0.0059004 0.0780978 0.078431 0.062745 0.047059
vn 0.6756753 -0.6207139 0.3977149
v -0.0280533 0.0262839 0.0832692 0.239216 0.239216 0.215686
vn 0.5729569 -0.2872019 0.7676168
v -0.0312534 0.0149251 0.0787239 0.062745 0.050980 0.035294
vn 0.5411158 -0.4282164 0.7237572
v -0.0328140 0.0251321 0.0895360 0.713725 0.705882 0.654902
vn 0.6883050 -0.6116310 0.3900561
v -0.0300201 0.0267408 0.0882398 0.329412 0.325490 0.294118
vn 0.6223273 -0.5422993 0.5644645
v -0.0310171 0.0259548 0.0887318 0.454902 0.435294 0.388235
vn 0.5743406 -0.5398185 0.6154095
v -0.0298394 0.0273563 0.0888053 0.439216 0.423529 0.392157
vn 0.6197642 -0.1295325 0.7740244
v -0.0413174 0.0074389 0.0897063 0.807843 0.803922 0.764706
vn 0.5980979 -0.1857735 0.7795942
v -0.0404524 0.0099721 0.0895876 0.780392 0.772549 0.737255
vn 0.6215842 -0.0530399 0.7815496
v -0.0416883 0.0030042 0.0896020 0.760784 0.756863 0.729412
vn 0.6293159 0.0263536 0.7767026
v -0.0419338 -0.0008115 0.0896546 0.788235 0.784314 0.752941
vn 0.5253984 -0.4630380 0.7138295
v -0.0268040 0.0247385 0.0801146 0.043137 0.035294 0.023529
vn 0.5465307 -0.3487739 0.7613547
v -0.0285167 0.0197413 0.0787093 0.054902 0.043137 0.031373
vn 0.6251901 0.0753668 0.7768251
v -0.0414572 -0.0061992 0.0896627 0.733333 0.733333 0.701961
vn 0.5960379 0.0095772 0.8028992
v -0.0346507 -0.0000566 0.0780918 0.054902 0.047059 0.031373
vn 0.6223243 0.0774736 0.7789162
v -0.0341533 -0.0056257 0.0780499 0.047059 0.043137 0.031373
vn 0.5869561 -0.5820615 0.5627495
v -0.0264696 0.0264433 0.0811581 0.058824 0.050980 0.039216
vn 0.6286753 -0.6679875 0.3981962
v -0.0262841 0.0281293 0.0832960 0.231373 0.227451 0.211765
vn 0.5911275 -0.5802557 0.5602425
v -0.0284212 0.0287966 0.0887772 0.392157 0.380392 0.352941
vn 0.4932166 -0.4609472 0.7377433
v -0.0302816 0.0281141 0.0895590 0.603922 0.600000 0.572549
vn 0.5621993 -0.6188475 0.5485980
v -0.0268324 0.0302643 0.0886990 0.352941 0.352941 0.321569
vn 0.5584615 -0.6481827 0.5176677
v -0.0236415 0.0290223 0.0812393 0.050980 0.043137 0.031373
vn 0.6217142 0.1128513 0.7750717
v -0.0334846 -0.0092539 0.0780287 0.058824 0.047059 0.027451
vn 0.5175267 -0.2125010 0.8288603
v -0.0329118 0.0088323 0.0779750 0.074510 0.062745 0.047059
vn 0.5024405 -0.2373465 0.8313966
v -0.0311257 0.0128144 0.0780466 0.070588 0.058824 0.047059
vn 0.4974888 -0.3940779 0.7727920
v -0.0268443 0.0219125 0.0786720 0.043137 0.039216 0.023529
vn 0.4936691 -0.5381013 0.6831821
v -0.0236585 0.0277132 0.0800938 0.039216 0.035294 0.019608
vn 0.4783204 -0.4930746 0.7266960
v -0.0280258 0.0303825 0.0895640 0.560784 0.560784 0.533333
vn 0.5957617 -0.7092136 0.3769406
v -0.0233133 0.0308231 0.0836358 0.278431 0.278431 0.258824
vn 0.5516919 -0.6367615 0.5386750
v -0.0256840 0.0311734 0.0886014 0.309804 0.305882 0.282353
vn 0.5155160 -0.6288126 0.5820979
v -0.0248542 0.0319633 0.0887037 0.321569 0.317647 0.301961
vn 0.4761373 -0.4784385 0.7378278
v -0.0228441 0.0263895 0.0786298 0.039216 0.035294 0.019608
vn 0.4704441 -0.4166781 0.7778571
v -0.0248011 0.0242596 0.0786467 0.039216 0.031373 0.019608
vn 0.4278484 -0.5082300 0.7474276
v -0.0250793 0.0330548 0.0895522 0.498039 0.498039 0.478431
vn 0.5388355 -0.6706991 0.5097244
v -0.0234468 0.0330553 0.0886529 0.305882 0.305882 0.286275
vn -0.1407615 0.8967773 0.4194958
v 0.0038453 -0.0392526 0.0840029 0.141176 0.145098 0.133333
vn -0.1975693 0.8270072 0.5263320
v 0.0085931 -0.0375980 0.0826864 0.184314 0.168627 0.156863
vn -0.1177251 0.8355807 0.5366057
v 0.0030941 -0.0386437 0.0825516 0.235294 0.231373 0.211765
vn -0.2335461 0.8767226 0.4204924
v 0.0097861 -0.0380589 0.0841296 0.152941 0.156863 0.145098
vn -0.1916570 0.9022231 0.3863433
v 0.0072631 -0.0393231 0.0856070 0.149020 0.149020 0.133333
vn -0.1222884 0.9243481 0.3614225
v 0.0035329 -0.0399781 0.0856187 0.145098 0.149020 0.137255
vn -0.2394013 0.8702871 0.4304503
v 0.0105461 -0.0394071 0.0878559 0.219608 0.215686 0.203922
vn -0.1662816 0.8885633 0.4275578
v 0.0072677 -0.0402499 0.0880259 0.219608 0.223529 0.207843
vn -0.0899830 0.9042100 0.4175013
v 0.0030551 -0.0410116 0.0882607 0.254902 0.258824 0.239216
vn -0.2490949 0.8725454 0.4202573
v 0.0112640 -0.0375370 0.0839488 0.168627 0.168627 0.156863
vn -0.3490425 0.8552462 0.3830447
v 0.0153421 -0.0368350 0.0850256 0.152941 0.156863 0.141176
vn -0.2967589 0.8124583 0.5018424
v 0.0144456 -0.0361453 0.0829837 0.227451 0.223529 0.211765
vn -0.2878819 0.8542935 0.4327894
v 0.0141230 -0.0384129 0.0881128 0.274510 0.274510 0.254902
vn -0.0105279 0.9262426 0.3767807
v -0.0000281 -0.0401509 0.0851103 0.141176 0.149020 0.137255
vn -0.0144749 0.8266160 0.5625802
v 0.0001814 -0.0388033 0.0822937 0.200000 0.192157 0.168627
vn -0.0839528 0.7684675 0.6343578
v 0.0035729 -0.0412900 0.0888544 0.341176 0.341176 0.321569
vn -0.1524637 0.7404717 0.6545658
v 0.0082453 -0.0405800 0.0888765 0.364706 0.364706 0.345098
vn -0.2097783 0.7129694 0.6690798
v 0.0110829 -0.0398620 0.0888906 0.313725 0.309804 0.298039
vn -0.0003434 0.9063969 0.4224270
v -0.0002550 -0.0412647 0.0883532 0.270588 0.278431 0.258824
vn 0.0150847 0.7507979 0.6603597
v -0.0003815 -0.0416468 0.0890096 0.360784 0.356863 0.337255
vn -0.3741418 0.8470311 0.3775662
v 0.0161346 -0.0374507 0.0875220 0.235294 0.235294 0.219608
vn -0.3161215 0.7146103 0.6240188
v 0.0164536 -0.0379738 0.0888085 0.341176 0.341176 0.317647
vn -0.2353654 0.7011099 0.6730885
v 0.0138851 -0.0390289 0.0889367 0.317647 0.313725 0.298039
vn -0.3812920 0.7828703 0.4916610
v 0.0175151 -0.0344287 0.0825506 0.243137 0.247059 0.227451
vn -0.1971773 0.7398887 0.6431841
v 0.0114047 -0.0354687 0.0809217 0.066667 0.054902 0.043137
vn -0.2714538 0.7532364 0.5991225
v 0.0143198 -0.0348400 0.0812157 0.066667 0.058824 0.050980
vn -0.1635238 0.7477076 0.6435786
v 0.0068557 -0.0367377 0.0810615 0.054902 0.047059 0.039216
vn -0.3490897 0.7170579 0.6032946
v 0.0175382 -0.0328003 0.0802476 0.058824 0.050980 0.039216
vn -0.4308603 0.8176744 0.3817956
v 0.0183163 -0.0351094 0.0846339 0.160784 0.164706 0.152941
vn -0.4414402 0.7595070 0.4777862
v 0.0205014 -0.0329526 0.0826162 0.219608 0.215686 0.203922
vn -0.3633480 0.6799361 0.6369186
v 0.0186538 -0.0368282 0.0888226 0.333333 0.337255 0.313725
vn -0.4273708 0.7532977 0.4998968
v 0.0212623 -0.0350726 0.0882880 0.290196 0.286275 0.270588
vn -0.5009874 0.7891293 0.3553682
v 0.0213980 -0.0335537 0.0849522 0.160784 0.160784 0.149020
vn -0.5145041 0.7808275 0.3543925
v 0.0218963 -0.0345086 0.0879252 0.258824 0.258824 0.239216
vn -0.3996567 0.7010031 0.5906515
v 0.0197554 -0.0317068 0.0804545 0.054902 0.047059 0.035294
vn -0.3412731 0.6460301 0.6827722
v 0.0205306 -0.0359236 0.0889035 0.352941 0.345098 0.329412
vn -0.5028303 0.7322810 0.4592671
v 0.0220233 -0.0320532 0.0827500 0.239216 0.235294 0.215686
vn -0.2150279 0.7115667 0.6689065
v 0.0135182 -0.0341183 0.0800578 0.050980 0.039216 0.031373
vn -0.3916575 0.5468004 0.7400093
v 0.0231558 -0.0352581 0.0895076 0.545098 0.549020 0.521569
vn -0.4707815 0.6063212 0.6408896
v 0.0237250 -0.0336740 0.0887526 0.298039 0.301961 0.282353
vn -0.1077593 0.7313061 0.6734830
v 0.0033996 -0.0369734 0.0806176 0.054902 0.047059 0.035294
vn -0.4602028 0.6991932 0.5471218
v 0.0212148 -0.0318952 0.0818863 0.086275 0.078431 0.066667
vn -0.4966347 0.7041262 0.5075040
v 0.0238218 -0.0306496 0.0825316 0.164706 0.156863 0.149020
vn -0.4558074 0.6946269 0.5565367
v 0.0220778 -0.0300994 0.0801731 0.043137 0.035294 0.023529
vn -0.4919924 0.7019076 0.5150430
v 0.0244104 -0.0295438 0.0817445 0.105882 0.098039 0.086275
vn -0.4831575 0.6675859 0.5664697
v 0.0246695 -0.0283183 0.0802241 0.050980 0.043137 0.035294
vn -0.2556703 0.6083955 0.7513239
v 0.0164128 -0.0317951 0.0787000 0.039216 0.031373 0.027451
vn -0.3729117 0.5804546 0.7238849
v 0.0217775 -0.0289899 0.0787244 0.039216 0.035294 0.027451
vn -0.3271319 0.6094389 0.7221974
v 0.0188687 -0.0305153 0.0787314 0.039216 0.031373 0.023529
vn -0.5524412 0.7639635 0.3334194
v 0.0241622 -0.0318831 0.0857150 0.160784 0.164706 0.152941
vn -0.5426629 0.7170182 0.4374950
v 0.0249709 -0.0323379 0.0882249 0.258824 0.258824 0.243137
vn -0.3940430 0.4919425 0.7763523
v 0.0260643 -0.0320015 0.0889296 0.341176 0.345098 0.317647
vn -0.1598241 0.6741220 0.7211213
v 0.0064419 -0.0354334 0.0796109 0.039216 0.031373 0.019608
vn -0.0190124 0.7581245 0.6518326
v 0.0001190 -0.0382687 0.0817097 0.078431 0.070588 0.062745
vn 0.0071004 0.7478511 0.6638285
v -0.0005363 -0.0373399 0.0805554 0.058824 0.047059 0.039216
vn -0.1579295 0.6663795 0.7286952
v 0.0097352 -0.0345568 0.0796337 0.043137 0.035294 0.027451
vn -0.1432032 0.6048444 0.7833621
v 0.0122344 -0.0329199 0.0785600 0.039216 0.031373 0.019608
vn -0.4163132 0.5125484 0.7509844
v 0.0238916 -0.0274261 0.0787842 0.035294 0.027451 0.019608
vn -0.1269820 0.6728337 0.7288145
v 0.0047703 -0.0348257 0.0787186 0.035294 0.027451 0.019608
vn -0.0076211 0.6270733 0.7789231
v -0.0004087 -0.0353662 0.0785389 0.035294 0.027451 0.015686
vn 0.1019471 0.9112242 0.3990955
v -0.0040258 -0.0409276 0.0882379 0.266667 0.270588 0.250980
vn 0.1079309 0.9167322 0.3846467
v -0.0034859 -0.0398533 0.0850270 0.156863 0.156863 0.145098
vn 0.0973581 0.8420137 0.5305982
v -0.0034152 -0.0386402 0.0825293 0.235294 0.235294 0.211765
vn 0.0883380 0.7580572 0.6461777
v -0.0047824 -0.0411778 0.0888729 0.372549 0.376471 0.352941
vn -0.1435484 0.6146749 0.7756086
v 0.0083877 -0.0334409 0.0784412 0.035294 0.035294 0.019608
vn 0.1705275 0.8886120 0.4257806
v -0.0080747 -0.0402991 0.0882181 0.282353 0.278431 0.258824
vn 0.1657563 0.7235944 0.6700268
v -0.0086147 -0.0406143 0.0889129 0.352941 0.356863 0.329412
vn 0.1640078 0.8467322 0.5061087
v -0.0075132 -0.0380723 0.0826612 0.262745 0.258824 0.231373
vn 0.1215377 0.7554905 0.6437877
v -0.0061978 -0.0369126 0.0808044 0.062745 0.050980 0.039216
vn 0.1806750 0.9058527 0.3831285
v -0.0090574 -0.0389663 0.0852500 0.176471 0.176471 0.156863
vn 0.0986104 0.6392875 0.7626189
v -0.0054999 -0.0349808 0.0786679 0.043137 0.035294 0.023529
vn 0.1730323 0.7570339 0.6300472
v -0.0090222 -0.0363260 0.0807585 0.066667 0.054902 0.039216
vn 0.2115617 0.8115766 0.5445964
v -0.0105589 -0.0374931 0.0828838 0.223529 0.215686 0.192157
vn -0.2366664 0.5735247 0.7842566
v 0.0164812 -0.0390435 0.0896027 0.572549 0.568627 0.537255
vn -0.1607939 0.5759344 0.8015267
v 0.0110783 -0.0408273 0.0895619 0.576471 0.580392 0.545098
vn -0.0927742 0.6176327 0.7809755
v 0.0057842 -0.0419863 0.0896469 0.568627 0.568627 0.537255
vn -0.0022548 0.6231427 0.7821050
v 0.0000455 -0.0424262 0.0896196 0.572549 0.572549 0.541176
vn -0.1729910 0.5560011 0.8129803
v 0.0139506 -0.0317188 0.0780779 0.039216 0.031373 0.019608
vn -0.2828088 0.5357147 0.7956312
v 0.0182543 -0.0299476 0.0781049 0.035294 0.027451 0.019608
vn -0.2940468 0.5352262 0.7918772
v 0.0201622 -0.0370876 0.0895416 0.580392 0.584314 0.556863
vn 0.0882982 0.5934029 0.8000478
v -0.0064131 -0.0420433 0.0896682 0.584314 0.584314 0.556863
vn 0.1804278 0.7219476 0.6680102
v -0.0115574 -0.0397188 0.0888191 0.333333 0.329412 0.301961
vn 0.2269036 0.7751080 0.5896798
v -0.0140940 -0.0362889 0.0826612 0.243137 0.231373 0.203922
vn 0.1399140 0.5999297 0.7877237
v -0.0087531 -0.0342970 0.0787001 0.043137 0.031373 0.023529
vn -0.0211493 0.5294570 0.8480731
v -0.0002255 -0.0346336 0.0780861 0.035294 0.031373 0.019608
vn -0.3863513 0.4628255 0.7978253
v 0.0259951 -0.0331185 0.0895193 0.501961 0.509804 0.486275
vn -0.2260056 0.5041171 0.8335392
v 0.0167609 -0.0305468 0.0780394 0.039216 0.027451 0.027451
vn 0.1452073 0.5804752 0.8012262
v -0.0120156 -0.0406427 0.0895499 0.509804 0.509804 0.478431
vn -0.0985827 0.5169163 0.8503405
v 0.0099400 -0.0322887 0.0779104 0.043137 0.031373 0.019608
vn -0.3439420 0.4657583 0.8153363
v 0.0219534 -0.0277362 0.0780656 0.043137 0.035294 0.023529
vn 0.1041798 0.5519585 0.8273382
v -0.0058932 -0.0339810 0.0780422 0.043137 0.039216 0.023529
vn -0.4131491 0.4669098 0.7818588
v 0.0270453 -0.0308980 0.0887482 0.301961 0.301961 0.278431
vn -0.4214430 0.4688790 0.7762334
v 0.0293146 -0.0301406 0.0895228 0.458824 0.466667 0.443137
vn 0.1322711 0.5370912 0.8330891
v -0.0108324 -0.0326604 0.0779750 0.043137 0.035294 0.019608
vn -0.3736272 0.4270853 0.8234082
v 0.0244924 -0.0256494 0.0781352 0.035294 0.027451 0.019608
vn 0.6387957 0.5239291 0.5634166
v -0.0318142 -0.0262215 0.0887903 0.356863 0.352941 0.321569
vn 0.6740322 0.6119161 0.4138109
v -0.0302360 -0.0278741 0.0884421 0.364706 0.364706 0.329412
vn 0.7226518 0.6034880 0.3370114
v -0.0303258 -0.0261721 0.0850882 0.188235 0.188235 0.164706
vn 0.7495825 0.5373657 0.3864765
v -0.0330759 -0.0242945 0.0882345 0.352941 0.352941 0.321569
vn 0.7711649 0.5307748 0.3515436
v -0.0323211 -0.0234400 0.0848135 0.192157 0.192157 0.168627
vn 0.6576433 0.6685376 0.3472216
v -0.0279933 -0.0284809 0.0845686 0.196078 0.196078 0.176471
vn 0.6695536 0.5698414 0.4764228
v -0.0292200 -0.0260936 0.0828371 0.227451 0.227451 0.200000
vn 0.7097597 0.5050618 0.4910742
v -0.0312835 -0.0234944 0.0828988 0.227451 0.227451 0.207843
vn 0.6093448 0.6376896 0.4712227
v -0.0281152 -0.0300288 0.0884508 0.352941 0.349020 0.313725
vn 0.6129842 0.6229851 0.4859423
v -0.0272812 -0.0280317 0.0827189 0.243137 0.243137 0.215686
vn 0.8087084 0.4880734 0.3282912
v -0.0339727 -0.0222110 0.0870981 0.235294 0.235294 0.211765
vn 0.6696587 0.4292725 0.6060382
v -0.0342175 -0.0230699 0.0888689 0.400000 0.396078 0.372549
vn 0.8202472 0.4525791 0.3498098
v -0.0341968 -0.0204341 0.0849416 0.188235 0.192157 0.168627
vn 0.7050725 0.3833396 0.5965934
v -0.0351284 -0.0215679 0.0888702 0.392157 0.392157 0.372549
vn 0.7453127 0.4435220 0.4977924
v -0.0328284 -0.0209262 0.0827086 0.235294 0.231373 0.203922
vn 0.8189759 0.4187330 0.3923535
v -0.0358600 -0.0196445 0.0883285 0.356863 0.345098 0.317647
vn 0.7636760 0.4067963 0.5013140
v -0.0340451 -0.0185589 0.0826294 0.250980 0.247059 0.215686
vn 0.7912884 0.3735460 0.4840725
v -0.0349625 -0.0169381 0.0827347 0.227451 0.227451 0.203922
vn 0.8463299 0.4052002 0.3457435
v -0.0353473 -0.0180471 0.0848261 0.192157 0.192157 0.168627
vn 0.7572634 0.3491547 0.5519450
v -0.0368048 -0.0181080 0.0887720 0.380392 0.380392 0.345098
vn 0.6138598 0.4599101 0.6416065
v -0.0332919 -0.0246656 0.0889521 0.372549 0.368627 0.341176
vn 0.6855473 0.3455304 0.6408072
v -0.0362030 -0.0197172 0.0889461 0.392157 0.396078 0.368627
vn 0.8756112 0.3620515 0.3197245
v -0.0370081 -0.0149511 0.0855239 0.203922 0.207843 0.180392
vn 0.8108665 0.3651063 0.4573762
v -0.0360856 -0.0146034 0.0828620 0.227451 0.227451 0.203922
vn 0.8536621 0.3410429 0.3936379
v -0.0374982 -0.0160448 0.0882968 0.349020 0.345098 0.313725
vn 0.6864871 0.3085310 0.6584407
v -0.0376874 -0.0166059 0.0889755 0.486275 0.478431 0.439216
vn 0.5479375 0.4875605 0.6797422
v -0.0305444 -0.0280589 0.0890011 0.466667 0.466667 0.415686
vn 0.5387899 0.5144942 0.6670842
v -0.0289931 -0.0296269 0.0890081 0.498039 0.498039 0.450980
vn 0.5701457 0.6803489 0.4604989
v -0.0260229 -0.0293556 0.0829431 0.227451 0.227451 0.203922
vn 0.7324454 0.2785181 0.6212499
v -0.0383226 -0.0145918 0.0887820 0.423529 0.415686 0.392157
vn 0.8913555 0.3170305 0.3240016
v -0.0379400 -0.0136647 0.0871831 0.274510 0.278431 0.250980
vn 0.5824353 0.7394497 0.3376142
v -0.0253839 -0.0310342 0.0851857 0.188235 0.188235 0.164706
vn 0.6344799 0.4581428 0.6225275
v -0.0289213 -0.0237777 0.0804803 0.058824 0.050980 0.035294
vn 0.5778060 0.7217705 0.3810350
v -0.0254132 -0.0322644 0.0883133 0.380392 0.376471 0.345098
vn 0.4976013 0.6019409 0.6245480
v -0.0271050 -0.0311527 0.0888251 0.388235 0.388235 0.352941
vn 0.4913402 0.5953786 0.6356958
v -0.0260970 -0.0320493 0.0888897 0.431373 0.431373 0.392157
vn 0.4270594 0.5661587 0.7050423
v -0.0247567 -0.0332435 0.0889600 0.419608 0.419608 0.388235
vn 0.4993707 0.7190212 0.4833606
v -0.0227924 -0.0317565 0.0828637 0.243137 0.239216 0.215686
vn 0.5909225 0.5422688 0.5972899
v -0.0268933 -0.0262973 0.0805221 0.058824 0.050980 0.035294
vn 0.5232265 0.6128832 0.5921218
v -0.0252969 -0.0279575 0.0806059 0.070588 0.058824 0.043137
vn 0.6447563 0.4300961 0.6319072
v -0.0296357 -0.0226515 0.0804762 0.050980 0.039216 0.027451
vn 0.6615714 0.4195688 0.6215184
v -0.0313264 -0.0204736 0.0806360 0.054902 0.047059 0.035294
vn 0.7043918 0.3506145 0.6171724
v -0.0330760 -0.0174379 0.0807255 0.058824 0.050980 0.035294
vn 0.5111283 0.7862564 0.3472015
v -0.0224021 -0.0331345 0.0851123 0.184314 0.184314 0.164706
vn 0.4683186 0.6842638 0.5589819
v -0.0236437 -0.0337750 0.0887333 0.376471 0.372549 0.341176
vn 0.5024108 0.6720208 0.5440326
v -0.0240728 -0.0306152 0.0826362 0.278431 0.274510 0.250980
vn 0.5492454 0.5258180 0.6494960
v -0.0252259 -0.0252947 0.0781363 0.043137 0.031373 0.019608
vn 0.4605137 0.5135685 0.7239990
v -0.0283801 -0.0310959 0.0894955 0.580392 0.576471 0.560784
vn 0.4418081 0.7464932 0.4975475
v -0.0198763 -0.0335253 0.0827181 0.223529 0.219608 0.200000
vn 0.7137026 0.2967012 0.6345054
v -0.0343201 -0.0147079 0.0807437 0.066667 0.054902 0.043137
vn 0.6408331 0.3222216 0.6967827
v -0.0314090 -0.0171637 0.0787789 0.043137 0.031373 0.023529
vn 0.6501412 0.2618632 0.7132630
v -0.0323299 -0.0147113 0.0786244 0.043137 0.031373 0.019608
vn 0.6129684 0.4349574 0.6596074
v -0.0268961 -0.0228782 0.0780220 0.043137 0.035294 0.019608
vn 0.6219432 0.4063458 0.6693801
v -0.0288847 -0.0200112 0.0780478 0.043137 0.031373 0.019608
vn 0.4426863 0.6697492 0.5962088
v -0.0218232 -0.0309530 0.0811878 0.070588 0.058824 0.054902
vn 0.4202470 0.6101719 0.6716269
v -0.0227842 -0.0283553 0.0790295 0.043137 0.035294 0.019608
vn 0.4367656 0.8308718 0.3448014
v -0.0183438 -0.0354225 0.0849247 0.168627 0.172549 0.152941
vn 0.4692811 0.7908301 0.3928906
v -0.0210987 -0.0350894 0.0881312 0.313725 0.313725 0.286275
vn 0.4062780 0.6371840 0.6549312
v -0.0224601 -0.0346716 0.0888617 0.368627 0.364706 0.345098
vn 0.3810233 0.6506762 0.6568422
v -0.0211147 -0.0356110 0.0889760 0.396078 0.392157 0.376471
vn 0.3850436 0.7742572 0.5022621
v -0.0175234 -0.0348148 0.0826971 0.223529 0.223529 0.196078
vn 0.3556184 0.6634923 0.6582656
v -0.0190993 -0.0366753 0.0889004 0.368627 0.364706 0.333333
vn 0.4055044 0.8228724 0.3980542
v -0.0183937 -0.0366471 0.0882674 0.301961 0.301961 0.274510
vn 0.3934800 0.6666708 0.6330273
v -0.0200779 -0.0313294 0.0803978 0.058824 0.047059 0.035294
vn 0.3360931 0.6918800 0.6390175
v -0.0170310 -0.0334379 0.0807804 0.070588 0.058824 0.047059
vn 0.3720937 0.8515845 0.3692562
v -0.0161334 -0.0361260 0.0840649 0.172549 0.172549 0.152941
vn 0.3169792 0.6980267 0.6420927
v -0.0164276 -0.0378966 0.0888388 0.368627 0.364706 0.341176
vn 0.3637653 0.8435131 0.3951713
v -0.0151028 -0.0379720 0.0879302 0.286275 0.286275 0.258824
vn 0.2616362 0.6964791 0.6681792
v -0.0136944 -0.0391881 0.0889542 0.447059 0.447059 0.419608
vn 0.3046199 0.8021401 0.5135933
v -0.0140940 -0.0362889 0.0826612 0.219608 0.215686 0.188235
vn 0.3267236 0.6215611 0.7119786
v -0.0170663 -0.0314400 0.0788141 0.043137 0.035294 0.023529
vn 0.2943216 0.8784699 0.3763848
v -0.0127549 -0.0376507 0.0845437 0.168627 0.168627 0.152941
vn 0.2853445 0.8614103 0.4201795
v -0.0128302 -0.0391057 0.0883542 0.329412 0.329412 0.298039
vn 0.4090050 0.5539983 0.7251213
v -0.0231577 -0.0267437 0.0780089 0.039216 0.035294 0.019608
vn 0.3571415 0.6060037 0.7107810
v -0.0183818 -0.0297778 0.0781226 0.047059 0.039216 0.023529
vn 0.2666447 0.7020926 0.6602776
v -0.0142280 -0.0345517 0.0807205 0.086275 0.074510 0.054902
vn 0.2482721 0.8768370 0.4117254
v -0.0105589 -0.0374931 0.0828838 0.196078 0.196078 0.176471
vn 0.3463209 0.5980620 0.7227612
v -0.0203964 -0.0285152 0.0780177 0.039216 0.031373 0.019608
vn 0.2500218 0.7757357 0.5794163
v -0.0115574 -0.0397188 0.0888191 0.411765 0.407843 0.384314
vn 0.2527822 0.8923692 0.3738696
v -0.0090574 -0.0389663 0.0852500 0.176471 0.176471 0.156863
vn 0.2618333 0.6522034 0.7113888
v -0.0149717 -0.0315364 0.0780584 0.039216 0.031373 0.023529
vn 0.2227616 0.7013351 0.6771310
v -0.0090222 -0.0363260 0.0807585 0.070588 0.062745 0.050980
vn 0.3852097 0.4857079 0.7846664
v -0.0261953 -0.0331361 0.0895782 0.596078 0.596078 0.568627
vn 0.3202489 0.5336993 0.7826914
v -0.0223612 -0.0357748 0.0895660 0.623529 0.623529 0.596078
vn 0.2740871 0.5317599 0.8013163
v -0.0189453 -0.0377995 0.0895817 0.576471 0.576471 0.545098
vn 0.2279600 0.6746267 0.7020777
v -0.0103949 -0.0350308 0.0798900 0.047059 0.039216 0.031373
vn 0.4895498 0.4070805 0.7711204
v -0.0323476 -0.0269834 0.0895304 0.568627 0.564706 0.533333
vn 0.5222778 0.3266642 0.7877287
v -0.0351143 -0.0234240 0.0895756 0.588235 0.588235 0.560784
vn 0.5879936 0.3076666 0.7480674
v -0.0303034 -0.0173340 0.0779799 0.043137 0.035294 0.023529
vn 0.4390206 0.4175521 0.7955572
v -0.0307372 -0.0289486 0.0895700 0.549020 0.549020 0.521569
vn 0.2125400 0.6595821 0.7209565
v -0.0087531 -0.0342970 0.0787001 0.047059 0.047059 0.039216
vn 0.5874642 0.2876550 0.7563997
v -0.0373229 -0.0192381 0.0896103 0.658824 0.658824 0.635294
vn 0.7057894 0.2404171 0.6663790
v -0.0346999 -0.0116629 0.0800103 0.058824 0.050980 0.035294
vn 0.6648477 0.2285313 0.7111618
v -0.0333185 -0.0120656 0.0786939 0.047059 0.035294 0.019608
vn 0.6694654 0.2205953 0.7093334
v -0.0344666 -0.0087555 0.0787481 0.050980 0.043137 0.027451
vn 0.2380152 0.5661941 0.7891598
v -0.0159615 -0.0391544 0.0895939 0.560784 0.556863 0.529412
vn 0.1989837 0.5592195 0.8047851
v -0.0120156 -0.0406427 0.0895499 0.568627 0.568627 0.537255
vn 0.6006054 0.2371135 0.7635774
v -0.0316945 -0.0143541 0.0780167 0.062745 0.062745 0.050980
vn 0.5985523 0.2528231 0.7601419
v -0.0386915 -0.0162685 0.0896237 0.662745 0.658824 0.631373
vn 0.6483824 0.2092836 0.7319841
v -0.0396966 -0.0132755 0.0895989 0.647059 0.650980 0.623529
vn 0.6603275 0.1978776 0.7244391
v -0.0390924 -0.0123783 0.0888032 0.407843 0.407843 0.376471
vn 0.6409372 0.2123810 0.7376272
v -0.0334846 -0.0092539 0.0780287 0.050980 0.043137 0.027451
vn 0.6317637 0.1929397 0.7507656
v -0.0398744 -0.0097330 0.0888382 0.435294 0.431373 0.403922
vn 0.6243919 0.1938394 0.7566777
v -0.0408649 -0.0095075 0.0895977 0.654902 0.650980 0.627451
vn 0.1717796 0.5731714 0.8012281
v -0.0108324 -0.0326604 0.0779750 0.043137 0.031373 0.019608
vn -0.7177735 0.5425949 0.4363394
v -0.0022811 -0.0004539 0.0791136 0.062745 0.054902 0.035294
vn -0.6380792 0.5304610 0.5580917
v -0.0021044 0.0004135 0.0782473 0.050980 0.043137 0.035294
vn -0.6235895 0.5107555 0.5918319
v -0.0027153 -0.0004736 0.0783697 0.047059 0.039216 0.027451
vn -0.5928249 0.4699478 0.6539937
v -0.0015836 0.0001867 0.0794279 0.070588 0.054902 0.039216
vn -0.6659781 0.5571709 0.4960180
v -0.0015724 0.0012998 0.0780185 0.043137 0.035294 0.027451
vn -0.5309051 0.3867109 0.7540521
v -0.0008171 0.0010215 0.0795377 0.050980 0.043137 0.031373
vn -0.5282736 0.3967964 0.7506528
v -0.0026394 -0.0012362 0.0794683 0.125490 0.101961 0.074510
vn -0.6127149 0.4954708 0.6157022
v -0.0034035 -0.0013169 0.0783880 0.043137 0.035294 0.027451
vn -0.5046576 0.3584138 0.7854046
v -0.0036137 -0.0024389 0.0794290 0.090196 0.070588 0.050980
vn -0.6724676 0.5100443 0.5363228
v -0.0041777 -0.0020838 0.0782329 0.043137 0.035294 0.023529
vn -0.6617179 0.4872810 0.5698130
v -0.0007741 0.0020001 0.0782518 0.039216 0.035294 0.027451
vn -0.5636311 0.3776780 0.7346287
v -0.0002796 0.0016760 0.0795887 0.066667 0.054902 0.043137
vn -0.6413210 0.5519829 0.5329375
v -0.0047620 -0.0032474 0.0785324 0.043137 0.035294 0.027451
vn -0.5939267 0.4643069 0.6570163
v -0.0047540 -0.0038392 0.0793316 0.094118 0.078431 0.054902
vn -0.7082585 0.5005424 0.4978224
v -0.0000729 0.0030017 0.0783472 0.043137 0.035294 0.027451
vn -0.5704215 0.4464858 0.6893981
v 0.0003228 0.0027706 0.0795241 0.070588 0.050980 0.043137
vn -0.6576439 0.5854220 0.4741158
v 0.0012661 0.0037581 0.0795277 0.066667 0.054902 0.039216
vn -0.5955746 0.4858869 0.6396912
v 0.0009341 0.0042769 0.0782414 0.031373 0.023529 0.015686
vn -0.6890297 0.5860969 0.4262963
v 0.0019266 0.0045040 0.0795228 0.082353 0.070588 0.050980
vn -0.6228077 0.4998703 0.6018642
v 0.0019929 0.0054661 0.0783387 0.035294 0.031373 0.023529
vn -0.6992298 0.5649583 0.4380638
v 0.0027646 0.0055272 0.0795149 0.101961 0.082353 0.058824
vn -0.6264632 0.4994482 0.5984108
v 0.0025753 0.0062242 0.0783397 0.035294 0.031373 0.023529
vn -0.6780507 0.5918846 0.4357979
v 0.0039595 0.0070281 0.0794679 0.082353 0.070588 0.047059
vn -0.6187320 0.5515847 0.5593971
v 0.0038942 0.0077579 0.0783543 0.027451 0.023529 0.019608
vn -0.6500744 0.5834290 0.4868407
v 0.0051967 0.0083662 0.0794559 0.090196 0.074510 0.050980
vn -0.6308054 0.5645934 0.5322770
v 0.0047482 0.0091293 0.0780032 0.031373 0.027451 0.019608
vn -0.6282485 0.6069567 0.4867314
v 0.0065677 0.0098381 0.0794337 0.098039 0.078431 0.054902
vn -0.5836767 0.5331598 0.6124232
v 0.0062537 0.0103745 0.0783340 0.027451 0.019608 0.015686
vn -0.5813891 0.5209013 0.6250189
v 0.0071481 0.0112298 0.0784493 0.031373 0.023529 0.019608
vn -0.6507055 0.5770347 0.4935719
v 0.0080161 0.0113337 0.0794422 0.129412 0.109804 0.082353
vn -0.5953403 0.5213680 0.6113471
v 0.0078549 0.0119673 0.0785112 0.027451 0.023529 0.015686
vn -0.6790803 0.5444445 0.4923720
v 0.0095841 0.0133143 0.0793652 0.090196 0.074510 0.050980
vn -0.6160819 0.5400440 0.5734070
v 0.0085924 0.0128733 0.0784392 0.027451 0.023529 0.015686
vn -0.6524264 0.5258752 0.5457061
v 0.0091349 0.0139794 0.0780417 0.035294 0.027451 0.023529
vn -0.6968053 0.5378418 0.4745404
v 0.0106009 0.0145539 0.0793770 0.109804 0.090196 0.070588
vn -0.6695063 0.4666620 0.5779170
v 0.0105094 0.0152443 0.0784423 0.027451 0.019608 0.019608
vn -0.7713276 0.3574048 0.5266076
v 0.0119462 0.0166179 0.0793325 0.094118 0.078431 0.058824
vn -0.6508390 0.4741284 0.5929679
v -0.0053992 -0.0033832 0.0780196 0.047059 0.031373 0.031373
vn -0.5417011 0.4488255 0.7107149
v 0.0000650 0.0037000 0.0779912 0.035294 0.027451 0.023529
vn -0.7659344 0.2484095 0.5929902
v 0.0114436 0.0172904 0.0782077 0.023529 0.019608 0.015686
vn -0.6753153 0.4627216 0.5743152
v -0.0055135 -0.0040529 0.0783470 0.039216 0.031373 0.023529
vn -0.6928451 0.5377628 0.4803923
v -0.0053849 -0.0047832 0.0794101 0.109804 0.090196 0.066667
vn -0.6631569 0.5182382 0.5400482
v -0.0063999 -0.0051573 0.0783280 0.039216 0.035294 0.023529
vn -0.6952187 0.5547655 0.4570626
v -0.0065499 -0.0061646 0.0793695 0.098039 0.082353 0.062745
vn -0.6957870 0.5347310 0.4795240
v -0.0076943 -0.0064729 0.0780016 0.039216 0.031373 0.019608
vn -0.7018753 0.5279921 0.4781166
v -0.0079599 -0.0080239 0.0793340 0.105882 0.086275 0.066667
vn -0.6965328 0.5290280 0.4847385
v -0.0089460 -0.0080889 0.0779677 0.043137 0.035294 0.023529
vn -0.6805845 0.5148300 0.5213010
v -0.0096516 -0.0102327 0.0792809 0.086275 0.074510 0.058824
vn -0.6821362 0.5298274 0.5039576
v -0.0102052 -0.0096867 0.0779515 0.047059 0.039216 0.027451
vn -0.6165539 0.4566653 0.6413409
v -0.0107407 -0.0113726 0.0789874 0.062745 0.050980 0.039216
vn -0.6747361 0.5351341 0.5082939
v -0.0115293 -0.0112821 0.0778454 0.039216 0.031373 0.023529
vn -0.7192383 0.5173576 0.4637212
v -0.0125302 -0.0125189 0.0778328 0.043137 0.027451 0.023529
vn -0.7158729 0.4170453 0.5599994
v -0.0124276 -0.0133302 0.0789143 0.054902 0.047059 0.031373
vn -0.8283068 0.2811577 0.4846219
v -0.0135700 -0.0143982 0.0778298 0.043137 0.035294 0.027451
vn -0.5190711 0.4087504 0.7506586
v -0.0037498 -0.0010242 0.0780076 0.043137 0.035294 0.023529
vn -0.6523184 0.3850115 0.6528758
v 0.0106070 0.0160800 0.0780470 0.027451 0.023529 0.015686
vn -0.5180234 0.4328359 0.7377703
v 0.0025486 0.0067853 0.0779987 0.031373 0.023529 0.019608
vn -0.5108729 0.4418652 0.7374036
v 0.0070078 0.0118021 0.0780261 0.031373 0.027451 0.019608
vn -0.8340779 0.2129436 0.5088902
v -0.0131532 -0.0150498 0.0788177 0.058824 0.043137 0.031373
vn -0.7844251 0.1334487 0.6056969
v 0.0124727 0.0184143 0.0792928 0.047059 0.039216 0.031373
vn -0.6364378 0.4621270 0.6175643
v -0.0121105 -0.0133410 0.0792492 0.125490 0.101961 0.066667
vn -0.5126753 0.3786848 0.7705595
v -0.0106188 -0.0117669 0.0792520 0.090196 0.074510 0.054902
vn -0.8644227 0.1460918 0.4810724
v -0.0141506 -0.0176591 0.0778179 0.043137 0.039216 0.031373
vn -0.8605067 0.1413946 0.4894240
v -0.0134731 -0.0170017 0.0788191 0.062745 0.050980 0.035294
vn -0.2761802 0.1813889 0.9438340
v -0.0021625 -0.0013864 0.0796358 0.121569 0.098039 0.074510
vn -0.3060384 0.2226391 0.9256200
v 0.0004041 0.0017898 0.0797945 0.094118 0.078431 0.062745
vn -0.7347259 0.0180158 0.6781248
v 0.0113967 0.0186723 0.0781202 0.027451 0.023529 0.019608
vn 0.3783882 0.9221183 -0.0807482
v 0.0151552 0.0388447 -0.0064520 0.011765 0.223529 0.450980
vn 0.4398523 0.8942121 -0.0831551
v 0.0180915 0.0365593 -0.0164088 0.011765 0.223529 0.439216
vn 0.4124894 0.9070356 -0.0844921
v 0.0154403 0.0370142 -0.0246872 0.011765 0.239216 0.454902
vn 0.3632858 0.8150094 0.4514234
v 0.0179027 0.0406655 0.0886695 0.400000 0.392157 0.364706
vn 0.4425496 0.8826134 0.1585669
v 0.0197471 0.0399950 0.0879915 0.349020 0.341176 0.317647
vn 0.3954358 0.8967783 0.1985426
v 0.0168868 0.0413299 0.0880135 0.388235 0.384314 0.352941
vn 0.3753039 0.7602462 0.5302572
v 0.0191562 0.0399590 0.0888345 0.388235 0.380392 0.360784
vn 0.4184369 0.7953235 0.4386013
v 0.0207396 0.0392619 0.0886536 0.376471 0.372549 0.345098
vn 0.4865389 0.8706013 0.0730298
v 0.0219695 0.0388219 0.0876268 0.282353 0.278431 0.254902
vn 0.4322794 0.8032079 0.4098678
v 0.0219859 0.0386369 0.0886660 0.368627 0.360784 0.337255
vn 0.5345682 0.8380521 0.1091132
v 0.0237305 0.0377439 0.0880288 0.333333 0.325490 0.298039
vn 0.5016975 0.7609082 0.4114830
v 0.0238517 0.0375273 0.0886159 0.333333 0.325490 0.301961
vn 0.5692523 0.8210250 0.0432422
v 0.0256399 0.0365085 0.0873678 0.203922 0.203922 0.176471
vn 0.5922809 0.7866508 0.1743098
v 0.0264430 0.0359034 0.0880054 0.294118 0.290196 0.270588
vn 0.4341356 0.9008338 0.0049893
v 0.0191592 0.0403114 0.0817662 0.266667 0.262745 0.235294
vn 0.5026149 0.8645046 0.0031632
v 0.0225534 0.0386017 0.0741872 0.274510 0.266667 0.235294
vn 0.4721970 0.8806055 -0.0395494
v 0.0210722 0.0394135 0.0702912 0.105882 0.105882 0.094118
vn 0.4394395 0.8982637 0.0039091
v 0.0195835 0.0401771 0.0740746 0.301961 0.298039 0.266667
vn 0.4812123 0.8765604 0.0087518
v 0.0218825 0.0388951 0.0811760 0.250980 0.247059 0.219608
vn 0.5732538 0.8193666 0.0043176
v 0.0256592 0.0366309 0.0749630 0.231373 0.227451 0.200000
vn 0.5314349 0.8453559 -0.0543181
v 0.0241620 0.0375882 0.0701494 0.101961 0.098039 0.090196
vn 0.3955707 0.9182475 -0.0185837
v 0.0175474 0.0411142 0.0710399 0.392157 0.396078 0.376471
vn 0.3780441 0.9257873 0.0007409
v 0.0165847 0.0414502 0.0817396 0.325490 0.317647 0.286275
vn 0.4256271 0.8881184 0.1734569
v 0.0193859 0.0401331 0.0685750 0.050980 0.047059 0.047059
vn 0.4791451 0.8639314 0.1550567
v 0.0210818 0.0392552 0.0686229 0.047059 0.047059 0.043137
vn 0.3752426 0.9233489 -0.0813627
v 0.0166290 0.0414415 0.0695340 0.113725 0.109804 0.098039
vn 0.5935203 0.8032304 -0.0505425
v 0.0263661 0.0361034 0.0702395 0.105882 0.105882 0.098039
vn 0.3436671 0.9375404 0.0539542
v 0.0142299 0.0424096 0.0874378 0.301961 0.298039 0.266667
vn 0.3385431 0.9409476 0.0025183
v 0.0146047 0.0422389 0.0740147 0.376471 0.376471 0.341176
vn 0.3295328 0.9441339 -0.0044075
v 0.0130650 0.0427602 0.0827005 0.254902 0.250980 0.227451
vn 0.3259261 0.9444353 -0.0425926
v 0.0136516 0.0425869 0.0699556 0.113725 0.109804 0.101961
vn 0.2761389 0.9611177 0.0002696
v 0.0119955 0.0430993 0.0747904 0.286275 0.282353 0.254902
vn 0.2707598 0.9599293 0.0722832
v 0.0113639 0.0433428 0.0875788 0.321569 0.317647 0.294118
vn 0.3071987 0.9298666 0.2024280
v 0.0128747 0.0427824 0.0883954 0.388235 0.380392 0.352941
vn 0.3588052 0.8344119 0.4183487
v 0.0157807 0.0416424 0.0886899 0.458824 0.450980 0.427451
vn 0.3428573 0.9298546 0.1334894
v 0.0154143 0.0417858 0.0685928 0.054902 0.050980 0.047059
vn 0.3778005 0.9077829 0.1822007
v 0.0168081 0.0412110 0.0685872 0.058824 0.050980 0.050980
vn 0.3295657 0.9340025 0.1379343
v 0.0139394 0.0423422 0.0685072 0.066667 0.062745 0.062745
vn 0.2623378 0.9647446 -0.0211396
v 0.0112621 0.0433257 0.0702511 0.117647 0.113725 0.101961
vn 0.2729016 0.9572775 0.0956268
v 0.0117137 0.0430888 0.0684215 0.058824 0.054902 0.054902
vn 0.5659043 0.8112859 0.1468591
v 0.0255359 0.0365128 0.0685734 0.050980 0.047059 0.047059
vn 0.5223806 0.8399804 0.1468045
v 0.0239302 0.0375339 0.0685986 0.054902 0.050980 0.050980
vn 0.5075979 0.8375995 0.2019199
v 0.0225651 0.0383272 0.0685804 0.054902 0.050980 0.050980
vn 0.2230290 0.9748006 -0.0046717
v 0.0093325 0.0437873 0.0695750 0.098039 0.094118 0.086275
vn 0.2137774 0.9762692 0.0346063
v 0.0092767 0.0438004 0.0681728 0.164706 0.160784 0.152941
vn 0.2119161 0.9755814 0.0577284
v 0.0088822 0.0439582 0.0876641 0.352941 0.352941 0.317647
vn 0.1973250 0.9803362 0.0019226
v 0.0086870 0.0439004 0.0736729 0.270588 0.270588 0.243137
vn 0.1628119 0.9496911 0.2675427
v 0.0080569 0.0440507 0.0884691 0.396078 0.396078 0.372549
vn 0.2177207 0.8768316 0.4286772
v 0.0096847 0.0435830 0.0888046 0.470588 0.462745 0.439216
vn 0.1387813 0.9902613 -0.0110611
v 0.0065244 0.0443249 0.0700298 0.121569 0.121569 0.105882
vn 0.1326553 0.9901087 0.0456889
v 0.0060327 0.0444368 0.0876035 0.305882 0.305882 0.286275
vn 0.1192136 0.9928375 0.0078623
v 0.0056225 0.0443881 0.0720792 0.235294 0.235294 0.215686
vn 0.1251538 0.9104151 0.3943106
v 0.0058648 0.0443358 0.0888470 0.462745 0.462745 0.435294
vn 0.0964435 0.9941373 0.0488843
v 0.0051483 0.0444207 0.0682693 0.082353 0.078431 0.078431
vn 0.3085755 0.8110170 0.4970238
v 0.0145379 0.0420653 0.0887896 0.439216 0.423529 0.407843
vn 0.6407836 0.7676601 0.0097115
v 0.0286526 0.0342015 0.0828229 0.152941 0.152941 0.137255
vn 0.6346467 0.7727902 0.0043605
v 0.0285234 0.0344399 0.0749402 0.184314 0.180392 0.160784
vn 0.6389579 0.7655609 -0.0751630
v 0.0284420 0.0344772 0.0701433 0.086275 0.082353 0.078431
vn 0.6130511 0.7742628 0.1571165
v 0.0267885 0.0355275 0.0685613 0.043137 0.043137 0.043137
vn 0.6633415 0.7434942 0.0848198
v 0.0298064 0.0331480 0.0874998 0.168627 0.168627 0.152941
vn 0.3007606 0.9331317 0.1969982
v 0.0137107 0.0427201 0.0677629 0.243137 0.235294 0.215686
vn 0.2275803 0.9524357 0.2026656
v 0.0109379 0.0436300 0.0648478 0.494118 0.490196 0.482353
vn 0.3064346 0.9263874 0.2188705
v 0.0141427 0.0427336 0.0648607 0.490196 0.490196 0.482353
vn 0.3954079 0.9106320 0.1200080
v 0.0178999 0.0411379 0.0674893 0.211765 0.203922 0.188235
vn 0.3958341 0.8915558 0.2200992
v 0.0182169 0.0411495 0.0648700 0.478431 0.482353 0.474510
vn 0.4629692 0.8627335 0.2033477
v 0.0207287 0.0399168 0.0648634 0.447059 0.450980 0.447059
vn 0.4479892 0.8664221 0.2204962
v 0.0206793 0.0397622 0.0679969 0.172549 0.168627 0.156863
vn 0.4929506 0.8261147 0.2730095
v 0.0225082 0.0387349 0.0680329 0.113725 0.109804 0.105882
vn 0.5083367 0.8317125 0.2232670
v 0.0234792 0.0383660 0.0647282 0.494118 0.498039 0.498039
vn 0.3524050 0.8795050 0.3198150
v 0.0166553 0.0415190 0.0681910 0.113725 0.101961 0.101961
vn 0.3770860 0.8551165 0.3557836
v 0.0186685 0.0406077 0.0683022 0.066667 0.062745 0.062745
vn 0.5304414 0.8211096 0.2107390
v 0.0242181 0.0377038 0.0678691 0.164706 0.160784 0.149020
vn 0.5818869 0.8055912 0.1114918
v 0.0262474 0.0365055 0.0650077 0.203922 0.207843 0.203922
vn 0.5763186 0.7838694 0.2310967
v 0.0261301 0.0364134 0.0679398 0.129412 0.125490 0.121569
vn 0.1638125 0.9592565 0.2302007
v 0.0071907 0.0443857 0.0648160 0.752941 0.752941 0.745098
vn 0.5628071 0.7718433 0.2958145
v 0.0263449 0.0365299 0.0645967 0.466667 0.470588 0.474510
vn 0.6073788 0.7563275 0.2430224
v 0.0276453 0.0352458 0.0678880 0.149020 0.145098 0.133333
vn 0.6342114 0.7447650 0.2076078
v 0.0293431 0.0338834 0.0677371 0.125490 0.121569 0.113725
vn 0.6249986 0.7452823 0.2322307
v 0.0288986 0.0344241 0.0647536 0.262745 0.266667 0.262745
vn 0.0991225 0.9905137 0.0951695
v 0.0052226 0.0445118 0.0675974 0.247059 0.243137 0.223529
vn 0.0794229 0.9968366 0.0029790
v 0.0043473 0.0446168 0.0856010 0.168627 0.168627 0.156863
vn 0.6978499 0.7162323 0.0041133
v 0.0316289 0.0317050 0.0745181 0.160784 0.160784 0.141176
vn 0.6962610 0.7136019 -0.0774137
v 0.0316262 0.0316773 0.0702696 0.090196 0.086275 0.078431
vn 0.6979130 0.7160958 0.0111534
v 0.0315332 0.0316366 0.0813517 0.133333 0.129412 0.113725
vn 0.6734198 0.6973053 0.2455016
v 0.0315550 0.0320827 0.0647651 0.298039 0.301961 0.305882
vn 0.6791604 0.6862786 0.2603133
v 0.0315546 0.0319168 0.0678712 0.129412 0.125490 0.117647
vn 0.6335686 0.7686884 -0.0878009
v 0.0281792 0.0344602 0.0689762 0.043137 0.039216 0.043137
vn 0.6359358 0.7152924 0.2897282
v 0.0291574 0.0336800 0.0684081 0.047059 0.047059 0.043137
vn 0.6210061 0.6841350 0.3825060
v 0.0296661 0.0330681 0.0884568 0.286275 0.282353 0.266667
vn 0.5831961 0.6936593 0.4227518
v 0.0277108 0.0346978 0.0885755 0.290196 0.286275 0.270588
vn 0.5052993 0.6830301 0.5273922
v 0.0254328 0.0362582 0.0888408 0.337255 0.329412 0.313725
vn 0.7080377 0.7015187 0.0809580
v 0.0320358 0.0310665 0.0872485 0.109804 0.105882 0.098039
vn 0.6568233 0.7424808 0.1315497
v 0.0299760 0.0328236 0.0686655 0.043137 0.043137 0.039216
vn 0.6824918 0.7089269 0.1778417
v 0.0311230 0.0317960 0.0685826 0.043137 0.043137 0.039216
vn 0.6395423 0.6652769 0.3852174
v 0.0308854 0.0319257 0.0884566 0.258824 0.258824 0.243137
vn 0.2591257 0.8211092 0.5085604
v 0.0124393 0.0427683 0.0888425 0.439216 0.427451 0.407843
vn 0.4604136 0.8686006 0.1831731
v 0.0205081 0.0405842 0.0635914 0.305882 0.305882 0.286275
vn 0.3920880 0.8986818 0.1965659
v 0.0181655 0.0417402 0.0636061 0.360784 0.356863 0.337255
vn 0.2996794 0.9146759 0.2712199
v 0.0144519 0.0430577 0.0638762 0.419608 0.419608 0.396078
vn 0.4038749 0.9148082 -0.0033189
v 0.0180279 0.0418407 0.0578736 0.266667 0.266667 0.247059
vn 0.4765827 0.8789379 -0.0183625
v 0.0207836 0.0404355 0.0552587 0.270588 0.258824 0.258824
vn 0.4557906 0.8895729 -0.0302491
v 0.0199676 0.0408116 0.0536818 0.011765 0.211765 0.458824
vn 0.4925799 0.8466066 0.2015499
v 0.0230948 0.0391087 0.0636630 0.250980 0.250980 0.231373
vn 0.5079219 0.8612275 -0.0173961
v 0.0242683 0.0383982 0.0540422 0.019608 0.200000 0.435294
vn 0.3881438 0.9212544 -0.0251950
v 0.0172499 0.0421140 0.0543035 0.019608 0.219608 0.447059
vn 0.4558007 0.8889396 -0.0450794
v 0.0202272 0.0403688 0.0449619 0.007843 0.188235 0.419608
vn 0.3826724 0.9226773 -0.0472079
v 0.0164993 0.0419989 0.0433990 0.011765 0.200000 0.431373
vn 0.5473237 0.8359104 -0.0411183
v 0.0249170 0.0377680 0.0461082 0.007843 0.188235 0.415686
vn 0.5594844 0.8287131 -0.0145589
v 0.0255129 0.0376468 0.0543915 0.023529 0.192157 0.415686
vn 0.5382391 0.8173782 0.2054064
v 0.0252174 0.0378253 0.0636158 0.239216 0.231373 0.227451
vn 0.3119200 0.9472010 0.0742709
v 0.0146499 0.0431093 0.0631645 0.352941 0.352941 0.325490
vn 0.3039133 0.9524713 -0.0208591
v 0.0144366 0.0431950 0.0546460 0.411765 0.411765 0.439216
vn 0.4543667 0.8895488 -0.0474741
v 0.0202437 0.0399675 0.0389043 0.007843 0.184314 0.411765
vn 0.3566183 0.9327532 -0.0528669
v 0.0160081 0.0419132 0.0381929 0.011765 0.196078 0.423529
vn 0.4457659 0.8939239 -0.0468281
v 0.0199853 0.0398991 0.0347233 0.007843 0.184314 0.403922
vn 0.3319451 0.9415680 -0.0571164
v 0.0157668 0.0413599 0.0265291 0.011765 0.196078 0.423529
vn 0.5396872 0.8404047 -0.0495752
v 0.0243163 0.0374114 0.0318924 0.011765 0.172549 0.400000
vn 0.4520150 0.8899149 -0.0611060
v 0.0197237 0.0393872 0.0233864 0.007843 0.180392 0.411765
vn 0.4856773 0.8716774 -0.0655454
v 0.0223037 0.0378814 0.0221455 0.011765 0.180392 0.403922
vn 0.5392774 0.8410529 -0.0425423
v 0.0244216 0.0376535 0.0387420 0.011765 0.180392 0.403922
vn 0.4132555 0.9081252 -0.0672954
v 0.0185070 0.0399046 0.0225237 0.011765 0.184314 0.411765
vn 0.4263114 0.9032130 -0.0496478
v 0.0185607 0.0402329 0.0282308 0.011765 0.184314 0.411765
vn 0.5388583 0.8391629 -0.0737390
v 0.0239091 0.0367069 0.0185791 0.007843 0.176471 0.403922
vn 0.4424168 0.8933284 -0.0789417
v 0.0188670 0.0388804 0.0124797 0.011765 0.196078 0.419608
vn 0.5526288 0.8297002 -0.0787340
v 0.0237377 0.0362580 0.0123575 0.007843 0.184314 0.411765
vn 0.5595653 0.8244032 -0.0851240
v 0.0231122 0.0359017 0.0043665 0.007843 0.192157 0.415686
vn 0.4341299 0.8968245 -0.0850710
v 0.0182849 0.0385673 0.0059852 0.007843 0.196078 0.423529
vn 0.4383403 0.8948209 -0.0845772
v 0.0182188 0.0378456 -0.0016079 0.007843 0.207843 0.431373
vn 0.4690034 0.8792260 -0.0836512
v 0.0210138 0.0359567 -0.0064820 0.007843 0.207843 0.431373
vn 0.4021685 0.9109141 -0.0921742
v 0.0164742 0.0378238 -0.0108743 0.011765 0.219608 0.439216
vn 0.3448684 0.9355847 -0.0758096
v 0.0161059 0.0403651 0.0150187 0.007843 0.196078 0.423529
vn 0.3319375 0.9399081 -0.0799402
v 0.0154720 0.0401418 0.0093565 0.011765 0.207843 0.435294
vn 0.3622783 0.9284778 -0.0817530
v 0.0154945 0.0392676 0.0000769 0.011765 0.215686 0.439216
vn 0.3236882 0.9435027 -0.0709132
v 0.0155505 0.0411107 0.0219049 0.007843 0.200000 0.423529
vn 0.5065200 0.8583121 -0.0820846
v 0.0213972 0.0348120 -0.0166520 0.007843 0.219608 0.435294
vn 0.4742333 0.8762983 -0.0848770
v 0.0200985 0.0343402 -0.0288688 0.007843 0.239216 0.450980
vn 0.3814512 0.9205558 -0.0840956
v 0.0140742 0.0365337 -0.0363471 0.007843 0.258824 0.470588
vn 0.4243592 0.9023366 -0.0755514
v 0.0170616 0.0344279 -0.0436496 0.007843 0.262745 0.470588
vn 0.3798803 0.9219789 -0.0751395
v 0.0136536 0.0360764 -0.0432506 0.011765 0.270588 0.482353
vn 0.4963016 0.8639544 -0.0852498
v 0.0196898 0.0337551 -0.0375317 0.007843 0.250980 0.466667
vn 0.4934768 0.8663119 -0.0773586
v 0.0194385 0.0333614 -0.0431229 0.007843 0.262745 0.474510
vn 0.4314982 0.8982055 -0.0838823
v 0.0178161 0.0352171 -0.0314046 0.007843 0.243137 0.454902
vn 0.3316616 0.9394325 -0.0864131
v 0.0139779 0.0373584 -0.0280381 0.011765 0.247059 0.462745
vn 0.4019425 0.9131035 -0.0684427
v 0.0141822 0.0351586 -0.0518324 0.007843 0.278431 0.494118
vn 0.4579202 0.8869708 -0.0599318
v 0.0178611 0.0329423 -0.0593803 0.007843 0.294118 0.501961
vn 0.3965687 0.9158767 -0.0624753
v 0.0145993 0.0344715 -0.0585923 0.007843 0.294118 0.501961
vn 0.4956051 0.8659075 -0.0676741
v 0.0190681 0.0329820 -0.0504570 0.011765 0.274510 0.486275
vn 0.4337397 0.9003312 -0.0356880
v 0.0167688 0.0330569 -0.0663212 0.015686 0.313725 0.529412
vn 0.5095229 0.8596775 -0.0366216
v 0.0182509 0.0322696 -0.0663624 0.007843 0.301961 0.525490
vn 0.5069667 0.8619381 -0.0069040
v 0.0185875 0.0319970 -0.0707217 0.027451 0.400000 0.631373
vn 0.4329575 0.9013917 -0.0064028
v 0.0163675 0.0331402 -0.0732773 0.019608 0.372549 0.603922
vn 0.4450810 0.8954365 0.0098206
v 0.0165778 0.0330085 -0.0791839 0.019608 0.352941 0.588235
vn 0.3749834 0.9269907 0.0087003
v 0.0142353 0.0340930 -0.0794534 0.015686 0.349020 0.576471
vn 0.3322631 0.9425455 -0.0347758
v 0.0125766 0.0348751 -0.0662374 0.011765 0.317647 0.537255
vn 0.3736827 0.9275178 -0.0084830
v 0.0134429 0.0344175 -0.0737776 0.015686 0.364706 0.600000
vn 0.5321483 0.8466440 0.0034798
v 0.0197831 0.0312667 -0.0780281 0.031373 0.415686 0.635294
vn 0.3098929 0.9481832 -0.0701068
v 0.0126299 0.0358568 -0.0511609 0.007843 0.286275 0.494118
vn 0.3193947 0.9459736 -0.0558669
v 0.0123960 0.0352390 -0.0606069 0.007843 0.301961 0.505882
vn 0.3106890 0.9467506 -0.0844732
v 0.0138704 0.0378694 -0.0224517 0.007843 0.243137 0.458824
vn 0.2980615 0.9508103 -0.0843748
v 0.0143376 0.0389714 -0.0084039 0.011765 0.227451 0.450980
vn 0.3746269 0.9271729 0.0022805
v 0.0143933 0.0340870 -0.0820923 0.039216 0.396078 0.627451
vn 0.4626275 0.8865501 -0.0021732
v 0.0173493 0.0326984 -0.0821780 0.027451 0.380392 0.619608
vn 0.4367521 0.8988011 -0.0374733
v 0.0160164 0.0332926 -0.0857799 0.015686 0.396078 0.615686
vn 0.3434595 0.9381714 -0.0432430
v 0.0135378 0.0343400 -0.0860999 0.011765 0.403922 0.619608
vn 0.3858864 0.8752955 -0.2914612
v 0.0151363 0.0335017 -0.0888388 0.031373 0.200000 0.345098
vn 0.4357050 0.8538413 -0.2848091
v 0.0167653 0.0327130 -0.0888462 0.039216 0.192157 0.290196
vn 0.5438812 0.8384744 -0.0339698
v 0.0200569 0.0310546 -0.0859673 0.011765 0.360784 0.584314
vn 0.4639552 0.8404053 -0.2801155
v 0.0182446 0.0319013 -0.0888895 0.027451 0.192157 0.282353
vn 0.5542396 0.8138748 -0.1744313
v 0.0204079 0.0306841 -0.0885888 0.047059 0.184314 0.290196
vn 0.5500788 0.8351099 -0.0022068
v 0.0201459 0.0311028 -0.0815437 0.027451 0.411765 0.635294
vn 0.5573313 0.8259673 -0.0846165
v 0.0227393 0.0350097 -0.0061918 0.011765 0.207843 0.431373
vn 0.5699148 0.8167917 -0.0897130
v 0.0230915 0.0356366 0.0018511 0.007843 0.196078 0.419608
vn 0.5326802 0.8439419 -0.0633552
v 0.0190434 0.0322599 -0.0592939 0.007843 0.294118 0.498039
vn 0.3043811 0.9515849 -0.0428753
v 0.0144458 0.0428581 0.0455982 0.011765 0.207843 0.439216
vn 0.3042778 0.9519570 -0.0345366
v 0.0143770 0.0430921 0.0519336 0.011765 0.223529 0.474510
vn 0.5481742 0.8318996 -0.0863023
v 0.0209876 0.0336906 -0.0300760 0.007843 0.235294 0.450980
vn 0.5623261 0.8225494 -0.0848642
v 0.0220857 0.0337826 -0.0226214 0.011765 0.227451 0.447059
vn 0.3014405 0.9533519 -0.0159290
v 0.0124498 0.0348220 -0.0714531 0.023529 0.309804 0.545098
vn 0.2993612 0.9541392 0.0011660
v 0.0123932 0.0347360 -0.0791344 0.023529 0.349020 0.580392
vn 0.2988136 0.9527593 -0.0544080
v 0.0155460 0.0417224 0.0317108 0.007843 0.196078 0.423529
vn 0.2745156 0.9583300 -0.0790247
v 0.0129341 0.0364807 -0.0412764 0.015686 0.270588 0.486275
vn 0.2844063 0.9115648 -0.2969221
v 0.0113941 0.0348623 -0.0888456 0.031373 0.184314 0.298039
vn 0.2812126 0.9557931 -0.0859013
v 0.0135325 0.0368537 -0.0348998 0.007843 0.262745 0.474510
vn 0.2961473 0.9551411 -0.0015512
v 0.0121316 0.0348524 -0.0825812 0.015686 0.364706 0.600000
vn 0.6032251 0.7969650 -0.0310858
v 0.0222093 0.0296492 -0.0661368 0.011765 0.305882 0.525490
vn 0.5599843 0.8255847 -0.0694805
v 0.0221888 0.0311114 -0.0471991 0.007843 0.270588 0.478431
vn 0.6175392 0.7838547 -0.0649399
v 0.0226697 0.0297620 -0.0597341 0.007843 0.298039 0.505882
vn 0.5699784 0.8174859 -0.0827135
v 0.0224844 0.0319121 -0.0367951 0.007843 0.250980 0.462745
vn 0.6103287 0.7889715 -0.0708726
v 0.0235054 0.0299826 -0.0505474 0.007843 0.278431 0.490196
vn 0.6239260 0.7776256 -0.0775559
v 0.0240346 0.0300885 -0.0444237 0.007843 0.270588 0.478431
vn 0.5798486 0.8102118 -0.0856306
v 0.0222559 0.0343821 -0.0151918 0.007843 0.219608 0.435294
vn 0.2602371 0.9620081 -0.0825661
v 0.0132069 0.0403717 0.0046739 0.007843 0.223529 0.447059
vn 0.5971695 0.7992412 -0.0678391
v 0.0244723 0.0364452 0.0203496 0.007843 0.176471 0.403922
vn 0.2646687 0.9637360 -0.0341093
v 0.0100804 0.0354033 -0.0861162 0.011765 0.352941 0.576471
vn 0.2659640 0.9623471 -0.0561358
v 0.0132574 0.0426706 0.0370073 0.011765 0.207843 0.435294
vn 0.6056368 0.7957271 -0.0047445
v 0.0222918 0.0295455 -0.0734058 0.019608 0.317647 0.556863
vn 0.6007832 0.7949273 -0.0845589
v 0.0251665 0.0307993 -0.0287587 0.007843 0.243137 0.458824
vn 0.5858921 0.7865363 0.1951693
v 0.0270609 0.0365231 0.0635904 0.223529 0.227451 0.211765
vn 0.6372017 0.7706927 0.0026099
v 0.0230944 0.0288727 -0.0792369 0.015686 0.317647 0.560784
vn 0.6311789 0.7745367 -0.0413063
v 0.0285623 0.0344716 0.0360792 0.007843 0.172549 0.396078
vn 0.6297093 0.7758486 -0.0390527
v 0.0286007 0.0350344 0.0468629 0.011765 0.184314 0.415686
vn 0.6268719 0.7779750 -0.0422678
v 0.0285187 0.0346559 0.0393604 0.007843 0.176471 0.400000
vn 0.6350679 0.7700422 -0.0610227
v 0.0285637 0.0339171 0.0277379 0.007843 0.172549 0.400000
vn 0.6279761 0.7780548 -0.0166331
v 0.0288204 0.0351995 0.0551290 0.243137 0.243137 0.282353
vn 0.2488074 0.9678668 -0.0364514
v 0.0093747 0.0357539 -0.0666270 0.007843 0.262745 0.482353
vn 0.2500434 0.9662656 -0.0617189
v 0.0107759 0.0358125 -0.0585454 0.007843 0.290196 0.498039
vn 0.2483263 0.9686042 -0.0118338
v 0.0090493 0.0357361 -0.0708990 0.023529 0.317647 0.549020
vn 0.2193722 0.9345459 -0.2801782
v 0.0085324 0.0356674 -0.0888025 0.035294 0.145098 0.235294
vn 0.2470949 0.9689898 -0.0016847
v 0.0089137 0.0357661 -0.0826141 0.019608 0.329412 0.560784
vn 0.2364521 0.9686546 -0.0761499
v 0.0106242 0.0420539 0.0171918 0.007843 0.207843 0.431373
vn 0.2462964 0.9669502 -0.0659189
v 0.0119817 0.0422369 0.0242350 0.011765 0.207843 0.439216
vn 0.2463935 0.9682480 -0.0422610
v 0.0117167 0.0436435 0.0466121 0.007843 0.207843 0.443137
vn 0.2357143 0.9716580 -0.0178779
v 0.0120804 0.0438040 0.0544677 0.172549 0.294118 0.454902
vn 0.2323803 0.9709700 -0.0567154
v 0.0104282 0.0430804 0.0316808 0.011765 0.200000 0.423529
vn 0.2547900 0.9669937 -0.0023121
v 0.0086515 0.0357770 -0.0783058 0.011765 0.313725 0.545098
vn 0.1748824 0.9845326 -0.0105732
v 0.0061936 0.0364686 -0.0738082 0.027451 0.286275 0.509804
vn 0.1733172 0.9848382 -0.0074149
v 0.0065434 0.0362972 -0.0791693 0.019608 0.282353 0.505882
vn 0.2257067 0.9590144 0.1713126
v 0.0108911 0.0441211 0.0635484 0.431373 0.431373 0.415686
vn 0.6419517 0.7667141 -0.0068918
v 0.0232164 0.0287905 -0.0815712 0.019608 0.364706 0.596078
vn 0.6453305 0.7633651 -0.0286749
v 0.0233004 0.0286138 -0.0854098 0.007843 0.329412 0.556863
vn 0.6046290 0.7636822 -0.2263032
v 0.0225484 0.0290470 -0.0887823 0.066667 0.192157 0.254902
vn 0.6100152 0.7884235 -0.0791823
v 0.0252817 0.0316974 -0.0189176 0.011765 0.223529 0.443137
vn 0.6555425 0.7509257 -0.0798411
v 0.0277218 0.0302347 -0.0144489 0.007843 0.223529 0.443137
vn 0.6793930 0.7290435 -0.0831912
v 0.0270902 0.0294704 -0.0271728 0.011765 0.243137 0.458824
vn 0.6531076 0.7529579 -0.0806532
v 0.0283398 0.0304416 -0.0071413 0.007843 0.207843 0.435294
vn 0.6503924 0.7544053 -0.0886700
v 0.0257207 0.0298078 -0.0340302 0.007843 0.250980 0.462745
vn 0.2206033 0.9720975 -0.0797535
v 0.0095613 0.0415744 0.0081921 0.007843 0.211765 0.431373
vn 0.2337051 0.9687339 -0.0832859
v 0.0109494 0.0399191 -0.0071498 0.007843 0.231373 0.454902
vn 0.2011011 0.9760824 -0.0825935
v 0.0080539 0.0412926 0.0007911 0.007843 0.215686 0.427451
vn 0.2016018 0.9760790 -0.0814041
v 0.0083549 0.0394863 -0.0190802 0.007843 0.235294 0.450980
vn 0.2292779 0.9698243 -0.0829007
v 0.0109348 0.0393031 -0.0145308 0.011765 0.247059 0.466667
vn 0.2241403 0.9712143 -0.0806470
v 0.0090531 0.0388700 -0.0245658 0.007843 0.243137 0.454902
vn 0.2404372 0.9672576 -0.0812583
v 0.0093032 0.0380107 -0.0337848 0.007843 0.258824 0.466667
vn 0.1900322 0.9786487 -0.0783233
v 0.0067008 0.0390833 -0.0288545 0.007843 0.235294 0.447059
vn 0.1549736 0.9849287 -0.0768037
v 0.0061349 0.0387903 -0.0337084 0.007843 0.235294 0.439216
vn 0.2333868 0.9695999 -0.0735306
v 0.0067288 0.0376860 -0.0457918 0.007843 0.250980 0.458824
vn 0.2392803 0.9686813 -0.0663435
v 0.0106821 0.0363465 -0.0509297 0.011765 0.282353 0.494118
vn 0.1687205 0.9839382 -0.0583023
v 0.0058817 0.0370075 -0.0590646 0.011765 0.258824 0.466667
vn 0.1602744 0.9842089 -0.0751335
v 0.0060670 0.0385135 -0.0377311 0.007843 0.235294 0.447059
vn 0.1366144 0.9877101 -0.0759300
v 0.0060215 0.0395192 -0.0244198 0.011765 0.227451 0.439216
vn 0.1703538 0.9847219 -0.0360902
v 0.0057546 0.0366059 -0.0668417 0.007843 0.231373 0.443137
vn 0.1865990 0.9822653 -0.0183218
v 0.0059892 0.0364844 -0.0694712 0.007843 0.262745 0.482353
vn 0.2098092 0.9756969 -0.0632130
v 0.0083632 0.0432366 0.0262449 0.007843 0.188235 0.407843
vn 0.2115666 0.9764724 -0.0417284
v 0.0098388 0.0440795 0.0463507 0.007843 0.203922 0.431373
vn 0.1645942 0.9861355 -0.0211074
v 0.0066356 0.0362640 -0.0848691 0.003922 0.309804 0.533333
vn 0.1698615 0.9732531 -0.1546789
v 0.0065004 0.0361478 -0.0885076 0.031373 0.188235 0.294118
vn 0.1493945 0.9862934 -0.0700470
v 0.0058895 0.0378235 -0.0465081 0.007843 0.239216 0.450980
vn 0.1535755 0.9861510 -0.0626160
v 0.0058871 0.0373776 -0.0534047 0.007843 0.254902 0.466667
vn 0.1443222 0.9879627 -0.0556863
v 0.0067949 0.0442688 0.0385876 0.007843 0.188235 0.407843
vn 0.1395128 0.9891053 -0.0469776
v 0.0069820 0.0445448 0.0441462 0.007843 0.192157 0.415686
vn 0.1896039 0.9817318 -0.0159078
v 0.0088712 0.0444998 0.0540829 0.023529 0.227451 0.462745
vn 0.1522550 0.9879146 -0.0290410
v 0.0075436 0.0446757 0.0512547 0.015686 0.203922 0.443137
vn 0.1788453 0.9815479 0.0676618
v 0.0083364 0.0446715 0.0630315 0.423529 0.423529 0.396078
vn 0.1455182 0.9864548 -0.0757058
v 0.0069097 0.0427596 0.0158949 0.007843 0.196078 0.411765
vn 0.1363883 0.9874492 -0.0796383
v 0.0063491 0.0421140 0.0071188 0.007843 0.203922 0.419608
vn 0.2466736 0.9658269 -0.0795651
v 0.0062361 0.0399406 -0.0184647 0.007843 0.223529 0.435294
vn 0.1291010 0.9877921 -0.0871762
v 0.0061135 0.0404341 -0.0129648 0.007843 0.211765 0.423529
vn 0.1325331 0.9876529 -0.0835273
v 0.0062152 0.0414075 -0.0017216 0.007843 0.203922 0.415686
vn 0.6316990 0.7712187 -0.0786015
v 0.0273181 0.0340269 0.0188840 0.011765 0.180392 0.411765
vn 0.6354609 0.7676591 -0.0829995
v 0.0282076 0.0319779 0.0061326 0.007843 0.192157 0.415686
vn 0.6937293 0.7154421 -0.0829595
v 0.0292853 0.0303772 -0.0001436 0.007843 0.200000 0.427451
vn 0.6951815 0.7143109 -0.0805140
v 0.0302656 0.0311254 0.0148162 0.007843 0.180392 0.407843
vn 0.6978123 0.7115110 -0.0825235
v 0.0297449 0.0306767 0.0061642 0.007843 0.188235 0.419608
vn 0.6476938 0.7618848 0.0049299
v 0.0299084 0.0342978 0.0597835 0.207843 0.207843 0.196078
vn 0.6159410 0.7566432 0.2193350
v 0.0287256 0.0352159 0.0636641 0.309804 0.317647 0.309804
vn 0.6413155 0.7358441 0.2173658
v 0.0300015 0.0341137 0.0636421 0.313725 0.317647 0.305882
vn 0.3013645 0.8461366 -0.4395820
v 0.0132253 0.0340915 -0.0891905 0.113725 0.215686 0.290196
vn 0.1408216 0.9877347 -0.0674495
v 0.0071497 0.0434216 0.0254908 0.007843 0.192157 0.403922
vn 0.6619435 0.7495515 -0.0018410
v 0.0234970 0.0285459 -0.0728929 0.007843 0.305882 0.537255
vn 0.6530136 0.7108899 -0.2611682
v 0.0239943 0.0278046 -0.0888118 0.047059 0.184314 0.247059
vn 0.6686263 0.7430246 -0.0292113
v 0.0235100 0.0285290 -0.0660952 0.015686 0.298039 0.521569
vn 0.7018527 0.7080481 -0.0779155
v 0.0308012 0.0311712 0.0197856 0.007843 0.176471 0.403922
vn 0.1223025 0.9924901 -0.0023797
v 0.0058459 0.0450725 0.0606279 0.341176 0.345098 0.321569
vn 0.1244778 0.9919504 -0.0232321
v 0.0057596 0.0450081 0.0544320 0.035294 0.192157 0.384314
vn 0.7055756 0.7071214 -0.0462850
v 0.0314822 0.0318521 0.0357351 0.007843 0.168627 0.396078
vn 0.7025277 0.7114198 -0.0183524
v 0.0320380 0.0323681 0.0548355 0.172549 0.200000 0.337255
vn 0.7008328 0.7121236 -0.0413931
v 0.0316889 0.0322005 0.0445964 0.007843 0.172549 0.403922
vn 0.7071450 0.7045373 -0.0597771
v 0.0312453 0.0315317 0.0279500 0.007843 0.168627 0.396078
vn 0.7059559 0.7017515 0.0957657
v 0.0322149 0.0321985 0.0633237 0.215686 0.219608 0.203922
vn 0.5350642 0.7779462 -0.3294028
v 0.0202131 0.0305088 -0.0893704 0.094118 0.196078 0.286275
vn 0.0931291 0.9955165 -0.0165500
v 0.0034333 0.0367622 -0.0726410 0.011765 0.262745 0.486275
vn 0.7145599 0.6956854 -0.0736626
v 0.0267680 0.0268788 -0.0518371 0.007843 0.290196 0.501961
vn 0.7185036 0.6925763 -0.0639582
v 0.0264457 0.0261600 -0.0612420 0.007843 0.298039 0.513725
vn 0.7129837 0.6968104 -0.0781642
v 0.0269977 0.0273744 -0.0441874 0.007843 0.274510 0.486275
vn 0.7257697 0.6874847 -0.0249628
v 0.0263453 0.0258583 -0.0666121 0.003922 0.262745 0.482353
vn 0.7141614 0.6942359 -0.0894993
v 0.0273471 0.0279533 -0.0366271 0.007843 0.254902 0.470588
vn 0.7308716 0.6825145 -0.0008184
v 0.0263409 0.0258979 -0.0729551 0.011765 0.286275 0.517647
vn 0.7295738 0.6838981 0.0023585
v 0.0262391 0.0259484 -0.0787036 0.007843 0.290196 0.525490
vn 0.6765450 0.6875635 -0.2637108
v 0.0252665 0.0266274 -0.0887776 0.019608 0.184314 0.282353
vn 0.7312451 0.6820850 -0.0063824
v 0.0263441 0.0258934 -0.0815311 0.011765 0.337255 0.568627
vn 0.7225083 0.6865391 -0.0815227
v 0.0292817 0.0294947 -0.0076899 0.007843 0.211765 0.439216
vn 0.7260458 0.6829441 -0.0802802
v 0.0281558 0.0294903 -0.0173104 0.011765 0.231373 0.447059
vn 0.0864399 0.9940290 0.0665913
v 0.0048899 0.0451590 0.0630097 0.337255 0.337255 0.313725
vn 0.1175500 0.9525456 0.2807827
v 0.0059689 0.0449341 0.0640777 0.741176 0.741176 0.725490
vn 0.0968376 0.9952351 -0.0113821
v 0.0046084 0.0364977 -0.0803292 0.027451 0.274510 0.498039
vn 0.0955232 0.9948040 -0.0352194
v 0.0031613 0.0369073 -0.0663455 0.015686 0.239216 0.450980
vn 0.0920200 0.9941804 -0.0560166
v 0.0007019 0.0374926 -0.0592472 0.011765 0.247059 0.454902
vn 0.0997664 0.9305164 -0.3524003
v 0.0048986 0.0363010 -0.0889656 0.039216 0.141176 0.207843
vn 0.0879586 0.9958040 -0.0252540
v 0.0039367 0.0365134 -0.0856879 0.007843 0.301961 0.521569
vn 0.0807826 0.9965408 -0.0195124
v 0.0009842 0.0367685 -0.0846754 0.007843 0.290196 0.505882
vn 0.0834029 0.9963517 -0.0180902
v 0.0009351 0.0368485 -0.0781279 0.015686 0.270588 0.490196
vn 0.0793227 0.9962289 -0.0351563
v 0.0006692 0.0370924 -0.0667187 0.015686 0.227451 0.439216
vn 0.0820061 0.9964411 -0.0194973
v 0.0029164 0.0452804 0.0540612 0.023529 0.196078 0.423529
vn 0.0907365 0.9951408 -0.0382330
v 0.0046263 0.0448518 0.0466320 0.007843 0.184314 0.411765
vn 0.0656129 0.9697483 0.2351239
v 0.0045619 0.0446694 0.0648458 0.686275 0.682353 0.682353
vn 0.0823128 0.9928874 -0.0860189
v 0.0037343 0.0412361 -0.0064606 0.011765 0.200000 0.415686
vn 0.0743035 0.9947104 -0.0709244
v 0.0000592 0.0434923 0.0186625 0.003922 0.184314 0.400000
vn 0.0840575 0.9940811 -0.0688259
v 0.0051101 0.0435972 0.0254258 0.007843 0.184314 0.396078
vn 0.0775039 0.9941857 -0.0747536
v 0.0000769 0.0431787 0.0142189 0.011765 0.192157 0.407843
vn 0.0827283 0.9943068 -0.0671571
v -0.0000997 0.0442206 0.0281789 0.011765 0.180392 0.400000
vn 0.0881897 0.9943179 -0.0596204
v 0.0046293 0.0442627 0.0351655 0.007843 0.180392 0.396078
vn 0.0844710 0.9951044 -0.0513018
v 0.0003336 0.0448506 0.0389212 0.011765 0.184314 0.403922
vn 0.0777772 0.9937317 -0.0802996
v 0.0028796 0.0423635 0.0065336 0.011765 0.196078 0.407843
vn 0.0726499 0.9938450 -0.0836317
v -0.0000877 0.0424783 0.0053203 0.011765 0.196078 0.415686
vn 0.0663979 0.9944246 -0.0819206
v 0.0000018 0.0419839 -0.0003100 0.019608 0.196078 0.411765
vn 0.0721196 0.9936589 -0.0862601
v 0.0000408 0.0414433 -0.0071615 0.011765 0.200000 0.415686
vn 0.0792612 0.9959987 -0.0412827
v 0.0000033 0.0452709 0.0476321 0.027451 0.200000 0.423529
vn 0.0722912 0.9965468 -0.0408475
v -0.0000135 0.0449367 0.0404913 0.015686 0.184314 0.403922
vn 0.0604821 0.9976653 -0.0317174
v 0.0038209 0.0445738 0.0694941 0.109804 0.105882 0.098039
vn 0.0666329 0.9977545 -0.0067844
v 0.0038163 0.0445705 0.0750990 0.200000 0.200000 0.180392
vn 0.0847128 0.9945046 -0.0615171
v 0.0002171 0.0379686 -0.0514274 0.003922 0.235294 0.443137
vn 0.2188658 0.9730843 -0.0721447
v 0.0003444 0.0383781 -0.0451364 0.007843 0.223529 0.431373
vn 0.0808157 0.9938071 -0.0762643
v 0.0002348 0.0386996 -0.0412994 0.011765 0.223529 0.427451
vn 0.0732054 0.9943113 -0.0773699
v 0.0031351 0.0392254 -0.0311667 0.007843 0.211765 0.423529
vn 0.0694786 0.9947782 -0.0747616
v -0.0001427 0.0395862 -0.0293749 0.011765 0.211765 0.423529
vn 0.0712317 0.9944498 -0.0774316
v 0.0000938 0.0399223 -0.0247120 0.011765 0.211765 0.419608
vn 0.0721743 0.9938029 -0.0845386
v 0.0001315 0.0406340 -0.0157478 0.007843 0.203922 0.415686
vn 0.0721790 0.9946524 -0.0738710
v 0.0000753 0.0391937 -0.0343019 0.015686 0.215686 0.423529
vn 0.0605265 0.9789237 -0.1950512
v 0.0008536 0.0366416 -0.0885384 0.039216 0.235294 0.458824
vn 0.0587869 0.9857740 0.1574606
v 0.0038280 0.0446023 0.0883325 0.396078 0.400000 0.380392
vn 0.0657025 0.9977072 -0.0162365
v 0.0000276 0.0454684 0.0537873 0.031373 0.200000 0.419608
vn 0.0513054 0.9986680 0.0054802
v -0.0001310 0.0448544 0.0849954 0.247059 0.247059 0.223529
vn 0.0422313 0.9991069 -0.0013959
v -0.0001211 0.0447258 0.0723603 0.309804 0.305882 0.278431
vn 0.0379875 0.9991099 -0.0183411
v -0.0000657 0.0447344 0.0701952 0.145098 0.141176 0.129412
vn 0.0574891 0.9947491 0.0846718
v 0.0000893 0.0454237 0.0631986 0.337255 0.341176 0.313725
vn 0.0076041 0.9643689 0.2644519
v -0.0003761 0.0447975 0.0883706 0.462745 0.462745 0.447059
vn 0.0366027 0.9991279 0.0200920
v -0.0000469 0.0446436 0.0683364 0.090196 0.086275 0.082353
vn 0.0416429 0.9964659 0.0729484
v 0.0000429 0.0447599 0.0670957 0.243137 0.235294 0.219608
vn 0.0490662 0.9676099 0.2476361
v 0.0002966 0.0448611 0.0649259 0.686275 0.690196 0.682353
vn 0.5519421 0.7450570 -0.3744995
v 0.0214799 0.0294491 -0.0895176 0.082353 0.180392 0.258824
vn 0.0556234 0.9591861 0.2772512
v -0.0000524 0.0453076 0.0639936 0.556863 0.564706 0.545098
vn 0.7143838 0.6802267 0.1641570
v 0.0320760 0.0308230 0.0685793 0.043137 0.039216 0.039216
vn 0.6705816 0.6658949 0.3269622
v 0.0321103 0.0321420 0.0639126 0.400000 0.407843 0.400000
vn 0.7339291 0.6790932 0.0134311
v 0.0341714 0.0288734 0.0795338 0.105882 0.101961 0.090196
vn 0.7695958 0.6337913 0.0776594
v 0.0348865 0.0279282 0.0873274 0.101961 0.105882 0.094118
vn 0.7658556 0.6429896 0.0054395
v 0.0347860 0.0283064 0.0744932 0.160784 0.156863 0.141176
vn 0.7445871 0.6639147 -0.0693358
v 0.0342534 0.0288810 0.0703868 0.098039 0.094118 0.090196
vn 0.7241883 0.6311235 -0.2779108
v 0.0265869 0.0252128 -0.0888293 0.047059 0.152941 0.219608
vn 0.7550672 0.6449746 -0.1178194
v 0.0345676 0.0282460 0.0690314 0.043137 0.043137 0.039216
vn 0.7285718 0.6726802 0.1291684
v 0.0331349 0.0296736 0.0686446 0.039216 0.035294 0.035294
vn 0.7455281 0.6472741 0.1588205
v 0.0344082 0.0283679 0.0685210 0.043137 0.043137 0.043137
vn 0.7467387 0.6645616 -0.0271860
v 0.0340260 0.0301431 0.0539627 0.007843 0.180392 0.419608
vn 0.7411492 0.6699960 -0.0424642
v 0.0352018 0.0282630 0.0436972 0.011765 0.164706 0.396078
vn 0.7415730 0.6691862 -0.0475324
v 0.0334891 0.0296508 0.0364725 0.007843 0.168627 0.392157
vn 0.7447662 0.6646723 -0.0594482
v 0.0350537 0.0272867 0.0283523 0.003922 0.156863 0.388235
vn 0.7349074 0.6761261 -0.0525807
v 0.0350737 0.0278197 0.0350763 0.007843 0.160784 0.388235
vn 0.7451966 0.6624453 -0.0764734
v 0.0349887 0.0266073 0.0210418 0.003922 0.168627 0.396078
vn 0.7454160 0.6614748 -0.0824988
v 0.0292672 0.0270874 -0.0267753 0.007843 0.250980 0.470588
vn 0.7446851 0.6616439 -0.0875876
v 0.0312189 0.0238070 -0.0350895 0.011765 0.262745 0.478431
vn 0.7454883 0.6609552 -0.0859382
v 0.0308776 0.0235262 -0.0399941 0.015686 0.270588 0.482353
vn 0.7475145 0.6599559 -0.0753680
v 0.0305094 0.0232047 -0.0458705 0.007843 0.274510 0.490196
vn 0.7528906 0.6541987 -0.0719702
v 0.0302602 0.0230312 -0.0501551 0.007843 0.274510 0.494118
vn 0.7475750 0.6593392 -0.0800214
v 0.0321309 0.0239204 -0.0261168 0.007843 0.247059 0.466667
vn 0.7495737 0.6568457 -0.0818111
v 0.0325676 0.0244421 -0.0173615 0.007843 0.223529 0.443137
vn 0.7511863 0.6546479 -0.0845894
v 0.0313798 0.0265764 -0.0113832 0.007843 0.227451 0.447059
vn 0.7469016 0.6597314 -0.0830212
v 0.0335636 0.0242215 -0.0103388 0.007843 0.211765 0.439216
vn 0.7442043 0.6626467 -0.0840203
v 0.0321718 0.0267600 -0.0024605 0.007843 0.203922 0.435294
vn 0.7454411 0.6613836 -0.0830018
v 0.0346336 0.0263511 0.0159345 0.007843 0.168627 0.400000
vn 0.7515013 0.6545087 -0.0828509
v 0.0338747 0.0260200 0.0062058 0.007843 0.184314 0.415686
vn 0.7338905 0.6737390 -0.0864905
v 0.0341758 0.0247541 -0.0011621 0.007843 0.188235 0.423529
vn 0.7099720 0.6581965 0.2504338
v 0.0327262 0.0306458 0.0679041 0.137255 0.137255 0.129412
vn 0.7412054 0.6382012 0.2081195
v 0.0343302 0.0288765 0.0678398 0.137255 0.137255 0.129412
vn 0.7408396 0.6329439 0.2248081
v 0.0343583 0.0289935 0.0648261 0.368627 0.376471 0.372549
vn 0.7466024 0.6651743 -0.0113148
v 0.0349891 0.0290986 0.0554206 0.192157 0.184314 0.160784
vn 0.7511266 0.6512834 0.1078832
v 0.0346798 0.0294431 0.0631829 0.176471 0.176471 0.160784
vn 0.7334613 0.6538869 0.1856515
v 0.0339789 0.0288972 0.0879562 0.168627 0.168627 0.156863
vn 0.6608128 0.6399591 0.3921465
v 0.0325520 0.0302456 0.0884596 0.188235 0.188235 0.180392
vn 0.7598040 0.6451829 -0.0802299
v 0.0346758 0.0249915 0.0055217 0.003922 0.176471 0.407843
vn 0.7569916 0.6496914 -0.0697483
v 0.0301072 0.0220399 -0.0597903 0.192157 0.384314 0.509804
vn 0.7620924 0.6466559 -0.0324270
v 0.0284779 0.0233360 -0.0664847 0.003922 0.266667 0.482353
vn 0.5905068 0.6949040 -0.4103782
v 0.0229096 0.0284035 -0.0894028 0.105882 0.200000 0.262745
vn 0.7743427 0.6327405 -0.0057472
v 0.0281372 0.0236836 -0.0742472 0.023529 0.298039 0.525490
vn 0.7768261 0.6296902 0.0056108
v 0.0290495 0.0224795 -0.0789984 0.007843 0.278431 0.509804
vn 0.7761600 0.6305285 -0.0030996
v 0.0288876 0.0227618 -0.0816731 0.015686 0.313725 0.549020
vn 0.7717993 0.6350614 -0.0319830
v 0.0286702 0.0228489 -0.0858670 0.007843 0.298039 0.525490
vn 0.7340285 0.5950963 -0.3272042
v 0.0278478 0.0236862 -0.0888228 0.039216 0.156863 0.211765
vn 0.7868810 0.6115373 -0.0827064
v 0.0358431 0.0269414 0.0701376 0.090196 0.086275 0.082353
vn 0.2251482 0.8494529 -0.4772193
v 0.0093916 0.0350748 -0.0894875 0.086275 0.180392 0.254902
vn 0.7809337 0.5892827 0.2070955
v 0.0357553 0.0272580 0.0648042 0.149020 0.152941 0.145098
vn 0.7769255 0.5990328 0.1937692
v 0.0358224 0.0269931 0.0678814 0.152941 0.149020 0.145098
vn 0.7298140 0.6174254 0.2935257
v 0.0346339 0.0293062 0.0639083 0.333333 0.329412 0.317647
vn 0.6625451 0.5999644 0.4484158
v 0.0321233 0.0315914 0.0645850 0.494118 0.501961 0.505882
vn 0.3963638 0.7689872 -0.5015522
v 0.0171388 0.0320109 -0.0896375 0.090196 0.184314 0.243137
vn 0.8006853 0.5944723 0.0742013
v 0.0368647 0.0252092 0.0686423 0.039216 0.035294 0.039216
vn 0.8255152 0.5641875 0.0147362
v 0.0372437 0.0248887 0.0840212 0.082353 0.078431 0.074510
vn 0.7761350 0.5760186 0.2565484
v 0.0362724 0.0260533 0.0881348 0.188235 0.188235 0.180392
vn 0.8219425 0.5695328 0.0065572
v 0.0371224 0.0252189 0.0728621 0.172549 0.168627 0.145098
vn 0.7060148 0.5795773 0.4069807
v 0.0348566 0.0276219 0.0885230 0.207843 0.203922 0.192157
vn 0.1582800 0.8372130 -0.5234710
v 0.0068361 0.0354498 -0.0897471 0.094118 0.133333 0.164706
vn 0.8182084 0.5736358 -0.0384321
v 0.0375596 0.0245950 0.0702466 0.098039 0.098039 0.090196
vn 0.7515349 0.5619337 0.3455806
v 0.0363387 0.0272752 0.0635797 0.337255 0.337255 0.329412
vn 0.3324539 0.7805147 -0.5294065
v 0.0142903 0.0331732 -0.0899117 0.078431 0.109804 0.133333
vn 0.0491400 0.9124282 -0.4062760
v 0.0003704 0.0364609 -0.0891541 0.066667 0.188235 0.258824
vn 0.8065742 0.5884262 0.0565051
v 0.0378189 0.0243043 0.0655421 0.058824 0.054902 0.050980
vn 0.8011755 0.5908333 0.0950472
v 0.0373421 0.0249405 0.0678311 0.125490 0.121569 0.117647
vn 0.7837763 0.5854412 0.2072520
v 0.0372523 0.0253227 0.0646097 0.266667 0.270588 0.270588
vn 0.8234623 0.5233852 0.2190385
v 0.0384724 0.0228111 0.0879273 0.192157 0.192157 0.184314
vn 0.8462951 0.5326324 0.0093423
v 0.0385734 0.0229141 0.0731598 0.113725 0.109804 0.105882
vn 0.6339427 0.6010666 -0.4866576
v 0.0254709 0.0256171 -0.0898220 0.098039 0.149020 0.180392
vn 0.6401433 0.5727013 0.5120838
v 0.0335869 0.0289250 0.0887132 0.286275 0.282353 0.266667
vn 0.2470983 0.7968793 -0.5512948
v 0.0118723 0.0340313 -0.0898655 0.101961 0.125490 0.149020
vn 0.3453136 0.7582870 0.5529552
v 0.0165949 0.0406275 0.0894439 0.498039 0.505882 0.474510
vn 0.0328449 0.9396511 0.3405539
v 0.0006491 0.0445246 0.0890677 0.509804 0.505882 0.490196
vn 0.7579430 0.5322905 0.3770798
v 0.0369270 0.0249654 0.0884610 0.188235 0.188235 0.180392
vn 0.6872559 0.5253406 -0.5016938
v 0.0278150 0.0228554 -0.0897764 0.101961 0.145098 0.172549
vn 0.0544565 0.8553430 -0.5151920
v 0.0009650 0.0361193 -0.0896830 0.098039 0.188235 0.239216
vn 0.7021934 0.4885713 -0.5179020
v 0.0291563 0.0219539 -0.0888252 0.043137 0.141176 0.219608
vn 0.1405813 0.7747224 0.6164756
v 0.0061138 0.0437644 0.0894950 0.482353 0.482353 0.450980
vn -0.0291248 0.9155120 0.4012350
v -0.0052225 0.0443696 0.0889951 0.619608 0.615686 0.600000
vn 0.7849871 0.4900306 0.3790321
v 0.0377479 0.0233436 0.0888434 0.274510 0.262745 0.254902
vn 0.7970895 0.4987293 0.3404664
v 0.0389775 0.0215844 0.0885418 0.243137 0.239216 0.231373
vn 0.7138143 0.4760768 -0.5136342
v 0.0297993 0.0198357 -0.0898938 0.094118 0.137255 0.164706
vn 0.7170105 0.4753212 -0.5098684
v 0.0307089 0.0197069 -0.0887347 0.035294 0.227451 0.380392
vn 0.7168722 0.4756900 -0.5097188
v 0.0306698 0.0189012 -0.0895416 0.086275 0.149020 0.196078
vn 0.5277964 0.5993229 0.6018664
v 0.0288360 0.0335819 0.0886969 0.294118 0.286275 0.274510
vn 0.5553052 0.5692332 0.6063083
v 0.0316148 0.0309363 0.0887269 0.294118 0.286275 0.266667
vn 0.6713685 0.5139928 0.5339248
v 0.0361685 0.0250894 0.0892846 0.290196 0.294118 0.270588
vn 0.3908035 0.6728047 0.6281770
v 0.0221648 0.0378142 0.0894418 0.423529 0.415686 0.392157
vn 0.3383535 0.6687159 0.6620696
v 0.0190645 0.0393489 0.0894693 0.415686 0.407843 0.392157
vn 0.4304231 0.6395275 0.6369777
v 0.0241012 0.0365958 0.0894119 0.345098 0.337255 0.317647
vn 0.5405779 0.5822752 0.6072323
v 0.0294899 0.0322584 0.0894146 0.341176 0.337255 0.325490
vn 0.4890017 0.5955123 0.6373715
v 0.0268543 0.0345290 0.0894025 0.392157 0.392157 0.376471
vn 0.5649825 0.5489077 0.6160318
v 0.0320306 0.0297916 0.0893748 0.274510 0.266667 0.254902
vn 0.6132939 0.5046778 0.6075945
v 0.0346535 0.0268476 0.0893845 0.356863 0.360784 0.341176
vn 0.2514724 0.6861054 0.6826574
v 0.0136522 0.0416562 0.0895314 0.509804 0.509804 0.486275
vn 0.1978395 0.7221965 0.6627910
v 0.0102411 0.0427577 0.0895569 0.521569 0.517647 0.501961
vn 0.4143518 0.0260923 0.9097427
v -0.0041777 -0.0020838 0.0782329 0.047059 0.031373 0.027451
vn 0.4143518 0.0260923 0.9097427
v -0.0037498 -0.0010242 0.0780076 0.050980 0.031373 0.031373
vn 0.4143518 0.0260923 0.9097427
v -0.0047620 -0.0032474 0.0785324 0.050980 0.031373 0.027451
# 4122 vertices, 0 vertices normals


usemtl material_0
vt 0.4695078 0.1057244
vt 0.4682099 0.1097962
vt 0.4574881 0.1071141
f 1213/1/1213 1195/2/1195 1197/3/1197

usemtl material_1
vt 0.4394246 0.1060781
vt 0.4400036 0.0938955
f 1197/3/1197 1151/4/1151 1198/5/1198

usemtl material_2
f 1195/2/1195 1151/4/1151 1197/3/1197

usemtl material_3
vt 0.4435344 0.1156899
f 1195/2/1195 1173/6/1173 1151/4/1151

usemtl material_4
vt 0.4170318 0.1183749
f 1173/6/1173 1152/7/1152 1151/4/1151

usemtl material_5
vt 0.4107080 0.1083533
f 1151/4/1151 1152/7/1152 1150/8/1150

usemtl material_6
vt 0.3896576 0.1110169
f 1150/8/1150 1152/7/1152 1146/9/1146

usemtl material_7
vt 0.4717358 0.1247880
vt 0.4700996 0.1311280
f 1484/10/1484 1382/11/1382 1213/1/1213

usemtl material_8
f 1213/1/1213 1382/11/1382 1195/2/1195

usemtl material_9
vt 0.4678198 0.1290919
f 1195/2/1195 1196/12/1196 1173/6/1173

usemtl material_10
vt 0.4475560 0.1290880
f 1196/12/1196 1175/13/1175 1173/6/1173

usemtl material_11
vt 0.4212424 0.1277463
f 1173/6/1173 1174/14/1174 1152/7/1152

usemtl material_12
vt 0.3869998 0.1272338
f 1146/9/1146 1152/7/1152 1153/15/1153

usemtl material_13
f 1382/11/1382 1196/12/1196 1195/2/1195

usemtl material_14
f 1173/6/1173 1175/13/1175 1174/14/1174

usemtl material_15
vt 0.4085297 0.1268348
f 1174/14/1174 1155/16/1155 1152/7/1152

usemtl material_16
f 1152/7/1152 1155/16/1155 1153/15/1153

usemtl material_17
vt 0.4671971 0.1437047
f 1382/11/1382 1294/17/1294 1196/12/1196

usemtl material_18
vt 0.4287886 0.1410347
f 1175/13/1175 1344/18/1344 1174/14/1174

usemtl material_19
vt 0.4723222 0.1485656
f 1382/11/1382 1484/10/1484 1452/19/1452

usemtl material_20
f 1196/12/1196 1294/17/1294 1175/13/1175

usemtl material_21
vt 0.4427347 0.1429121
f 1175/13/1175 1343/20/1343 1344/18/1344

usemtl material_22
f 1294/17/1294 1343/20/1343 1175/13/1175

usemtl material_23
vt 0.4004378 0.1417661
f 1174/14/1174 1344/18/1344 1211/21/1211

usemtl material_24
f 1174/14/1174 1211/21/1211 1155/16/1155

usemtl material_25
vt 0.4681647 0.1532598
f 1382/11/1382 1373/22/1373 1294/17/1294

usemtl material_26
f 1382/11/1382 1452/19/1452 1373/22/1373

usemtl material_27
vt 0.4533642 0.1511251
f 1373/22/1373 1363/23/1363 1294/17/1294

usemtl material_28
f 1294/17/1294 1363/23/1363 1343/20/1343

usemtl material_29
vt 0.4411525 0.1508982
f 1343/20/1343 1372/24/1372 1344/18/1344

usemtl material_30
vt 0.4272870 0.1484935
vt 0.4112567 0.1492846
f 1344/18/1344 1371/25/1371 1345/26/1345

usemtl material_31
f 1344/18/1344 1345/26/1345 1211/21/1211

usemtl material_32
vt 0.4001225 0.1514615
f 1211/21/1211 1345/26/1345 1350/27/1350

usemtl material_33
f 1363/23/1363 1372/24/1372 1343/20/1343

usemtl material_34
f 1344/18/1344 1372/24/1372 1371/25/1371

usemtl material_35
vt 0.4670115 0.1626640
f 1373/22/1373 1385/28/1385 1363/23/1363

usemtl material_9
vt 0.4697898 0.0890465
vt 0.4681389 0.0942235
vt 0.4681513 0.0847043
f 1254/29/1254 1212/30/1212 1229/31/1229

usemtl material_36
vt 0.4389576 0.0854232
f 1229/31/1229 1212/30/1212 1225/32/1225

usemtl material_37
f 1225/32/1225 1212/30/1212 1198/5/1198

usemtl material_38
vt 0.4191632 0.0917648
f 1198/5/1198 1149/33/1149 1225/32/1225

usemtl material_39
vt 0.3941016 0.0960197
vt 0.3995203 0.0920587
f 1149/33/1149 1145/34/1145 1148/35/1148

usemtl material_40
f 1254/29/1254 1213/1/1213 1212/30/1212

usemtl material_41
vt 0.4727840 0.0967599
f 1254/29/1254 1493/36/1493 1213/1/1213

usemtl material_42
f 1213/1/1213 1197/3/1197 1212/30/1212

usemtl material_43
f 1212/30/1212 1197/3/1197 1198/5/1198

usemtl material_44
vt 0.4727542 0.1081617
f 1493/36/1493 1491/37/1491 1213/1/1213

usemtl material_45
f 1198/5/1198 1151/4/1151 1149/33/1149

usemtl material_46
f 1151/4/1151 1150/8/1150 1149/33/1149

usemtl material_47
f 1149/33/1149 1146/9/1146 1145/34/1145

usemtl material_48
f 1149/33/1149 1150/8/1150 1146/9/1146

usemtl material_49
vt 0.5469574 0.1152755
vt 0.5447305 0.1183494
vt 0.5451348 0.1083909
f 1552/38/1552 1513/39/1513 1515/40/1515

usemtl material_50
vt 0.5121805 0.1075544
f 1515/40/1515 1513/39/1513 1514/41/1514

usemtl material_51
vt 0.4812740 0.1124817
vt 0.4731455 0.1272219
f 1490/42/1490 1489/43/1489 1491/37/1491

usemtl material_52
f 1491/37/1491 1484/10/1484 1213/1/1213

usemtl material_53
f 1489/43/1489 1484/10/1484 1491/37/1491

usemtl material_54
vt 0.5067855 0.1300822
vt 0.5022700 0.1159437
f 1513/39/1513 1512/44/1512 1510/45/1510

usemtl material_55
vt 0.4875797 0.1302598
vt 0.4890160 0.1095726
f 1510/45/1510 1507/46/1507 1506/47/1506

usemtl material_56
vt 0.4810546 0.1293317
f 1490/42/1490 1488/48/1488 1489/43/1489

usemtl material_57
vt 0.3677780 0.1119962
f 1146/9/1146 1153/15/1153 1144/49/1144

usemtl material_12
vt 0.3673025 0.1268954
f 1144/49/1144 1153/15/1153 1154/50/1154

usemtl material_58
vt 0.5471083 0.1362603
vt 0.5449687 0.1331365
f 1558/51/1558 1511/52/1511 1513/39/1513

usemtl material_59
f 1552/38/1552 1558/51/1558 1513/39/1513

usemtl material_60
f 1510/45/1510 1512/44/1512 1507/46/1507

usemtl material_61
f 1511/52/1511 1512/44/1512 1513/39/1513

usemtl material_62
f 1489/43/1489 1452/19/1452 1484/10/1484

usemtl material_63
vt 0.5447007 0.1452307
f 1558/51/1558 1519/53/1519 1511/52/1511

usemtl material_64
f 1519/53/1519 1512/44/1512 1511/52/1511

usemtl material_65
vt 0.5109963 0.1448298
vt 0.4880215 0.1445301
f 1512/44/1512 1520/54/1520 1518/55/1518

usemtl material_66
f 1512/44/1512 1518/55/1518 1507/46/1507

usemtl material_67
vt 0.4804596 0.1478972
f 1488/48/1488 1487/56/1487 1452/19/1452

usemtl material_68
f 1488/48/1488 1452/19/1452 1489/43/1489

usemtl material_69
f 1155/16/1155 1211/21/1211 1153/15/1153

usemtl material_70
vt 0.3685339 0.1374673
f 1153/15/1153 1211/21/1211 1346/57/1346

usemtl material_71
f 1153/15/1153 1346/57/1346 1154/50/1154

usemtl material_72
f 1519/53/1519 1520/54/1520 1512/44/1512

usemtl material_73
vt 0.3824298 0.1515366
f 1211/21/1211 1349/58/1349 1346/57/1346

usemtl material_74
vt 0.5460842 0.1545299
f 1558/51/1558 1563/59/1563 1519/53/1519

usemtl material_75
vt 0.5493301 0.1391535
f 1558/51/1558 1731/60/1731 1563/59/1563

usemtl material_76
vt 0.5272593 0.1542944
f 1519/53/1519 1527/61/1527 1520/54/1520

usemtl material_77
vt 0.4879178 0.1530892
f 1527/61/1527 1526/62/1526 1520/54/1520

usemtl material_78
f 1520/54/1520 1526/62/1526 1518/55/1518

usemtl material_79
f 1211/21/1211 1350/27/1350 1349/58/1349

usemtl material_74
vt 0.5446421 0.1559541
f 1563/59/1563 1528/63/1528 1519/53/1519

usemtl material_80
f 1528/63/1528 1527/61/1527 1519/53/1519

usemtl material_81
vt 0.4718651 0.1631032
f 1452/19/1452 1485/64/1485 1373/22/1373

usemtl material_82
vt 0.4087984 0.1587812
f 1371/25/1371 1383/65/1383 1345/26/1345

usemtl material_83
f 1345/26/1345 1383/65/1383 1350/27/1350

usemtl material_84
vt 0.4409942 0.1627569
f 1372/24/1372 1384/66/1384 1371/25/1371

usemtl material_85
f 1371/25/1371 1384/66/1384 1383/65/1383

usemtl material_86
vt 0.4687126 0.1665324
f 1373/22/1373 1485/64/1485 1422/67/1422

usemtl material_87
f 1373/22/1373 1422/67/1422 1385/28/1385

usemtl material_88
f 1385/28/1385 1384/66/1384 1363/23/1363

usemtl material_89
f 1363/23/1363 1384/66/1384 1372/24/1372

usemtl material_90
vt 0.4664299 0.1756594
f 1422/67/1422 1391/68/1391 1385/28/1385

usemtl material_91
f 1385/28/1385 1391/68/1391 1384/66/1384

usemtl material_92
vt 0.4700063 0.0737265
f 1251/69/1251 1254/29/1254 1229/31/1229

usemtl material_93
vt 0.4729204 0.0731421
f 1251/69/1251 1498/70/1498 1254/29/1254

usemtl material_94
vt 0.4543694 0.0711183
f 1251/69/1251 1229/31/1229 1238/71/1238

usemtl material_95
vt 0.4420516 0.0707522
f 1238/71/1238 1229/31/1229 1237/72/1237

usemtl material_96
f 1229/31/1229 1225/32/1225 1237/72/1237

usemtl material_97
vt 0.4729851 0.0860133
f 1254/29/1254 1498/70/1498 1494/73/1494

usemtl material_98
vt 0.4189623 0.0744164
f 1237/72/1237 1225/32/1225 1230/74/1230

usemtl material_99
vt 0.3811537 0.0876094
f 1148/35/1148 1226/75/1226 1230/74/1230

usemtl material_100
f 1225/32/1225 1149/33/1149 1230/74/1230

usemtl material_101
f 1149/33/1149 1148/35/1148 1230/74/1230

usemtl material_102
vt 0.5456908 0.0861796
vt 0.5434129 0.0971666
vt 0.5346514 0.0841660
f 1525/76/1525 1517/77/1517 1522/78/1522

usemtl material_103
vt 0.5081890 0.0949861
vt 0.4950514 0.0834529
f 1522/78/1522 1516/79/1516 1521/80/1521

usemtl material_104
vt 0.4886239 0.0954004
f 1516/79/1516 1509/81/1509 1521/80/1521

usemtl material_105
vt 0.4903120 0.0815332
f 1521/80/1521 1509/81/1509 1523/82/1523

usemtl material_106
vt 0.4808810 0.0831521
vt 0.4820199 0.0927322
f 1495/83/1495 1492/84/1492 1494/73/1494

usemtl material_107
vt 0.5464785 0.0937425
f 1525/76/1525 1529/85/1529 1517/77/1517

usemtl material_108
f 1517/77/1517 1516/79/1516 1522/78/1522

usemtl material_109
f 1492/84/1492 1493/36/1493 1494/73/1494

usemtl material_110
f 1494/73/1494 1493/36/1493 1254/29/1254

usemtl material_111
vt 0.3617173 0.0899979
f 1148/35/1148 1147/86/1147 1226/75/1226

usemtl material_112
vt 0.5495461 0.0903504
f 1529/85/1529 1599/87/1599 1552/38/1552

usemtl material_100
f 1148/35/1148 1145/34/1145 1147/86/1147

usemtl material_113
vt 0.5498065 0.1081069
f 1552/38/1552 1599/87/1599 1726/88/1726

usemtl material_114
vt 0.4839194 0.0996768
f 1506/47/1506 1508/89/1508 1509/81/1509

usemtl material_115
f 1552/38/1552 1515/40/1515 1529/85/1529

usemtl material_116
f 1529/85/1529 1515/40/1515 1517/77/1517

usemtl material_117
f 1515/40/1515 1514/41/1514 1517/77/1517

usemtl material_118
f 1517/77/1517 1514/41/1514 1516/79/1516

usemtl material_119
f 1516/79/1516 1514/41/1514 1506/47/1506

usemtl material_120
f 1516/79/1516 1506/47/1506 1509/81/1509

usemtl material_121
vt 0.4841376 0.1103219
f 1508/89/1508 1499/90/1499 1492/84/1492

usemtl material_122
f 1492/84/1492 1491/37/1491 1493/36/1493

usemtl material_123
f 1506/47/1506 1499/90/1499 1508/89/1508

usemtl material_124
f 1499/90/1499 1490/42/1490 1492/84/1492

usemtl material_125
f 1492/84/1492 1490/42/1490 1491/37/1491

usemtl material_39
vt 0.3442323 0.0999939
f 1147/86/1147 1145/34/1145 1134/91/1134

usemtl material_126
f 1510/45/1510 1506/47/1506 1514/41/1514

usemtl material_127
f 1146/9/1146 1144/49/1144 1145/34/1145

usemtl material_128
f 1145/34/1145 1144/49/1144 1134/91/1134

usemtl material_129
f 1514/41/1514 1513/39/1513 1510/45/1510

usemtl material_130
vt 0.3399937 0.1111805
f 1134/91/1134 1144/49/1144 1142/92/1142

usemtl material_131
vt 0.8669339 0.3592082
vt 0.8902925 0.3684129
vt 0.8891314 0.3642972
f 1085/93/1085 1087/94/1087 1115/95/1115

usemtl material_132
f 1726/88/1726 1558/51/1558 1552/38/1552

usemtl material_133
vt 0.8796211 0.3661717
f 1085/93/1085 1037/96/1037 1087/94/1087

usemtl material_134
vt 0.4834696 0.1302145
f 1506/47/1506 1505/97/1505 1499/90/1499

usemtl material_135
f 1499/90/1499 1505/97/1505 1490/42/1490

usemtl material_136
f 1144/49/1144 1154/50/1154 1142/92/1142

usemtl material_137
f 1506/47/1506 1507/46/1507 1505/97/1505

usemtl material_138
f 1505/97/1505 1488/48/1488 1490/42/1490

usemtl material_139
vt 0.3348325 0.1276579
f 1154/50/1154 1181/98/1181 1142/92/1142

usemtl material_140
vt 0.9004720 0.3761879
f 1087/94/1087 1037/96/1037 1035/99/1035

usemtl material_141
f 1507/46/1507 1518/55/1518 1505/97/1505

usemtl material_142
vt 0.4832344 0.1493843
f 1518/55/1518 1504/100/1504 1505/97/1505

usemtl material_143
f 1504/100/1504 1487/56/1487 1488/48/1488

usemtl material_144
f 1505/97/1505 1504/100/1504 1488/48/1488

usemtl material_145
f 1154/50/1154 1346/57/1346 1181/98/1181

usemtl material_146
vt 0.3436576 0.1504233
f 1346/57/1346 1348/101/1348 1181/98/1181

usemtl material_147
vt 0.3645474 0.1515594
f 1349/58/1349 1347/102/1347 1346/57/1346

usemtl material_148
f 1346/57/1346 1347/102/1347 1348/101/1348

usemtl material_149
vt 0.5501133 0.1540569
f 1731/60/1731 1733/103/1733 1563/59/1563

usemtl material_150
f 1526/62/1526 1504/100/1504 1518/55/1518

usemtl material_151
vt 0.5426492 0.1666172
f 1528/63/1528 1536/104/1536 1527/61/1527

usemtl material_152
vt 0.5170118 0.1663324
f 1527/61/1527 1535/105/1535 1526/62/1526

usemtl material_153
vt 0.5452643 0.1716107
f 1733/103/1733 1556/106/1556 1563/59/1563

usemtl material_154
f 1563/59/1563 1556/106/1556 1528/63/1528

usemtl material_155
f 1536/104/1536 1535/105/1535 1527/61/1527

usemtl material_55
vt 0.4875735 0.1653665
f 1526/62/1526 1535/105/1535 1534/107/1534

usemtl material_156
vt 0.4825478 0.1623260
f 1534/107/1534 1533/108/1533 1526/62/1526

usemtl material_157
f 1526/62/1526 1533/108/1533 1504/100/1504

usemtl material_158
f 1504/100/1504 1533/108/1533 1487/56/1487

usemtl material_159
vt 0.4789156 0.1637414
f 1487/56/1487 1486/109/1486 1452/19/1452

usemtl material_160
f 1452/19/1452 1486/109/1486 1485/64/1485

usemtl material_161
vt 0.5492780 0.1723253
f 1733/103/1733 1732/110/1732 1556/106/1556

usemtl material_162
f 1528/63/1528 1556/106/1556 1536/104/1536

usemtl material_163
f 1533/108/1533 1486/109/1486 1487/56/1487

usemtl material_164
f 1350/27/1350 1383/65/1383 1349/58/1349

usemtl material_165
vt 0.3591370 0.1611023
f 1347/102/1347 1349/58/1349 1387/111/1387

usemtl material_166
vt 0.4798990 0.1750870
f 1533/108/1533 1547/112/1547 1486/109/1486

usemtl material_167
vt 0.4029388 0.1775144
f 1383/65/1383 1399/113/1399 1349/58/1349

usemtl material_168
vt 0.5417780 0.1789332
f 1556/106/1556 1545/114/1545 1536/104/1536

usemtl material_49
f 1536/104/1536 1545/114/1545 1535/105/1535

usemtl material_169
vt 0.5083331 0.1784210
f 1545/114/1545 1543/115/1543 1535/105/1535

usemtl material_170
f 1535/105/1535 1543/115/1543 1534/107/1534

usemtl material_171
vt 0.4884206 0.1766767
f 1534/107/1534 1543/115/1543 1544/116/1544

usemtl material_172
vt 0.4714815 0.1756119
f 1547/112/1547 1548/117/1548 1486/109/1486

usemtl material_173
f 1486/109/1486 1548/117/1548 1485/64/1485

usemtl material_174
f 1485/64/1485 1548/117/1548 1422/67/1422

usemtl material_175
vt 0.4158927 0.1778992
f 1384/66/1384 1397/118/1397 1383/65/1383

usemtl material_176
f 1383/65/1383 1397/118/1397 1399/113/1399

usemtl material_177
vt 0.4375722 0.1777894
f 1391/68/1391 1398/119/1398 1384/66/1384

usemtl material_178
f 1384/66/1384 1398/119/1398 1397/118/1397

usemtl material_179
vt 0.4693773 0.1807956
f 1548/117/1548 1453/120/1453 1422/67/1422

usemtl material_180
f 1422/67/1422 1453/120/1453 1391/68/1391

usemtl material_181
vt 0.4671440 0.1873395
vt 0.4506687 0.1861725
f 1391/68/1391 1426/121/1426 1425/122/1425

usemtl material_182
f 1391/68/1391 1425/122/1425 1398/119/1398

usemtl material_183
f 1453/120/1453 1426/121/1426 1391/68/1391

usemtl material_184
vt 0.4732187 0.0633436
f 1501/123/1501 1498/70/1498 1251/69/1251

usemtl material_185
vt 0.4694245 0.0686420
f 1252/124/1252 1251/69/1251 1238/71/1238

usemtl material_186
vt 0.4190524 0.0697638
f 1237/72/1237 1230/74/1230 1232/125/1232

usemtl material_187
vt 0.4769371 0.0705763
f 1495/83/1495 1494/73/1494 1496/126/1496

usemtl material_188
vt 0.4830572 0.0754772
f 1497/127/1497 1495/83/1495 1496/126/1496

usemtl material_189
vt 0.3843844 0.0726229
f 1232/125/1232 1230/74/1230 1233/128/1233

usemtl material_190
vt 0.5475326 0.0810825
vt 0.5456285 0.0754812
f 1565/129/1565 1525/76/1525 1538/130/1538

usemtl material_191
vt 0.5373729 0.0730127
f 1525/76/1525 1522/78/1522 1537/131/1537

usemtl material_94
f 1538/130/1538 1525/76/1525 1537/131/1537

usemtl material_192
vt 0.5102066 0.0716344
f 1537/131/1537 1522/78/1522 1530/132/1530

usemtl material_193
vt 0.4908981 0.0709502
f 1531/133/1531 1521/80/1521 1523/82/1523

usemtl material_194
f 1496/126/1496 1494/73/1494 1498/70/1498

usemtl material_195
f 1522/78/1522 1521/80/1521 1530/132/1530

usemtl material_196
f 1230/74/1230 1226/75/1226 1233/128/1233

usemtl material_189
vt 0.3522390 0.0750659
f 1233/128/1233 1226/75/1226 1231/134/1231

usemtl material_197
f 1231/134/1231 1226/75/1226 1147/86/1147

usemtl material_198
f 1565/129/1565 1599/87/1599 1525/76/1525

usemtl material_199
vt 0.4848649 0.0846356
f 1524/135/1524 1492/84/1492 1497/127/1497

usemtl material_200
f 1497/127/1497 1492/84/1492 1495/83/1495

usemtl material_197
vt 0.3440177 0.0897883
f 1147/86/1147 1137/136/1137 1231/134/1231

usemtl material_201
f 1599/87/1599 1529/85/1529 1525/76/1525

usemtl material_202
f 1523/82/1523 1509/81/1509 1524/135/1524

usemtl material_203
f 1509/81/1509 1508/89/1508 1524/135/1524

usemtl material_204
f 1524/135/1524 1508/89/1508 1492/84/1492

usemtl material_205
vt 0.8532518 0.3549433
vt 0.8586498 0.3597225
f 1099/137/1099 1039/138/1039 1085/93/1085

usemtl material_100
f 1147/86/1147 1134/91/1134 1137/136/1137

usemtl material_206
vt 0.8724335 0.3655898
f 1039/138/1039 1036/139/1036 1085/93/1085

usemtl material_207
f 1085/93/1085 1036/139/1036 1037/96/1037

usemtl material_208
vt 0.3077709 0.1105312
f 1134/91/1134 1142/92/1142 1135/140/1135

usemtl material_209
vt 0.2950478 0.1159749
f 1142/92/1142 1183/141/1183 1135/140/1135

usemtl material_210
vt 0.3067144 0.1274661
f 1181/98/1181 1182/142/1182 1142/92/1142

usemtl material_211
f 1142/92/1142 1182/142/1182 1183/141/1183

usemtl material_212
f 1037/96/1037 1036/139/1036 1035/99/1035

usemtl material_213
vt 0.9024751 0.3802066
f 1036/139/1036 1030/143/1030 1035/99/1035

usemtl material_214
vt 0.3220544 0.1493523
f 1181/98/1181 1348/101/1348 1351/144/1351

usemtl material_215
vt 0.9131178 0.3851942
f 1035/99/1035 1030/143/1030 1029/145/1029

usemtl material_216
f 1347/102/1347 1387/111/1387 1348/101/1348

usemtl material_217
f 1348/101/1348 1387/111/1387 1351/144/1351

usemtl material_218
f 1534/107/1534 1544/116/1544 1533/108/1533

usemtl material_219
vt 0.5465361 0.1836991
f 1732/110/1732 1608/146/1608 1556/106/1556

usemtl material_220
vt 0.4826118 0.1779453
f 1544/116/1544 1546/147/1546 1533/108/1533

usemtl material_221
f 1533/108/1533 1546/147/1546 1547/112/1547

usemtl material_222
vt 0.3816364 0.1766530
f 1399/113/1399 1401/148/1401 1349/58/1349

usemtl material_223
vt 0.3636195 0.1752068
f 1401/148/1401 1400/149/1400 1349/58/1349

usemtl material_147
f 1349/58/1349 1400/149/1400 1387/111/1387

usemtl material_224
vt 0.5436846 0.1880756
f 1608/146/1608 1571/150/1571 1556/106/1556

usemtl material_225
f 1556/106/1556 1571/150/1571 1545/114/1545

usemtl material_90
f 1545/114/1545 1571/150/1571 1543/115/1543

usemtl material_112
vt 0.4913318 0.1878033
f 1543/115/1543 1571/150/1571 1570/151/1570

usemtl material_226
f 1543/115/1543 1570/151/1570 1544/116/1544

usemtl material_227
vt 0.4829328 0.1871555
f 1544/116/1544 1570/151/1570 1566/152/1566

usemtl material_228
f 1544/116/1544 1566/152/1566 1546/147/1546

usemtl material_229
f 1546/147/1546 1566/152/1566 1547/112/1547

usemtl material_230
vt 0.4724256 0.1869609
f 1547/112/1547 1566/152/1566 1549/153/1549

usemtl material_231
f 1547/112/1547 1549/153/1549 1548/117/1548

usemtl material_232
f 1548/117/1548 1549/153/1549 1453/120/1453

usemtl material_233
vt 0.4326911 0.1916387
f 1398/119/1398 1439/154/1439 1397/118/1397

usemtl material_234
vt 0.4155233 0.1890536
f 1439/154/1439 1440/155/1440 1397/118/1397

usemtl material_235
vt 0.3924952 0.1857175
f 1440/155/1440 1442/156/1442 1397/118/1397

usemtl material_236
f 1397/118/1397 1442/156/1442 1399/113/1399

usemtl material_237
vt 0.4713861 0.1993116
f 1453/120/1453 1583/157/1583 1426/121/1426

usemtl material_238
vt 0.4412579 0.1968216
f 1425/122/1425 1438/158/1438 1398/119/1398

usemtl material_239
f 1398/119/1398 1438/158/1438 1439/154/1439

usemtl material_240
vt 0.4673102 0.1989272
f 1426/121/1426 1445/159/1445 1425/122/1425

usemtl material_241
f 1445/159/1445 1438/158/1438 1425/122/1425

usemtl material_242
vt 0.4700154 0.0588840
f 1252/124/1252 1238/71/1238 1269/160/1269

usemtl material_243
vt 0.4421977 0.0572484
f 1269/160/1269 1238/71/1238 1270/161/1270

usemtl material_244
f 1270/161/1270 1238/71/1238 1237/72/1237

usemtl material_245
f 1501/123/1501 1251/69/1251 1252/124/1252

usemtl material_246
vt 0.4834212 0.0655648
f 1500/162/1500 1497/127/1497 1496/126/1496

usemtl material_247
f 1496/126/1496 1498/70/1498 1501/123/1501

usemtl material_248
vt 0.3602483 0.0677350
vt 0.3947597 0.0645614
f 1232/125/1232 1242/163/1242 1266/164/1266

usemtl material_249
vt 0.5469783 0.0700032
vt 0.5495373 0.0783159
f 1564/165/1564 1600/166/1600 1538/130/1538

usemtl material_250
vt 0.4857051 0.0668404
vt 0.4854202 0.0751964
f 1500/162/1500 1539/167/1539 1532/168/1532

usemtl material_251
f 1232/125/1232 1233/128/1233 1242/163/1242

usemtl material_252
f 1523/82/1523 1532/168/1532 1531/133/1531

usemtl material_253
f 1532/168/1532 1497/127/1497 1500/162/1500

usemtl material_254
f 1532/168/1532 1524/135/1524 1497/127/1497

usemtl material_251
f 1233/128/1233 1231/134/1231 1242/163/1242

usemtl material_255
f 1600/166/1600 1599/87/1599 1565/129/1565

usemtl material_256
vt 0.8439678 0.3536099
vt 0.8456432 0.3584978
f 1106/169/1106 1040/170/1040 1099/137/1099

usemtl material_257
vt 0.8567284 0.3619527
f 1040/170/1040 1038/171/1038 1039/138/1039

usemtl material_258
f 1099/137/1099 1040/170/1040 1039/138/1039

usemtl material_259
vt 0.3053419 0.0896624
vt 0.3108207 0.0823598
f 1137/136/1137 1136/172/1136 1217/173/1217

usemtl material_100
f 1137/136/1137 1134/91/1134 1136/172/1136

usemtl material_260
f 1039/138/1039 1038/171/1038 1036/139/1036

usemtl material_261
f 1134/91/1134 1135/140/1135 1136/172/1136

usemtl material_262
vt 0.2854881 0.1097572
f 1135/140/1135 1138/174/1138 1136/172/1136

usemtl material_263
vt 0.8859963 0.3762442
f 1038/171/1038 958/175/958 1036/139/1036

usemtl material_6
f 1135/140/1135 1183/141/1183 1138/174/1138

usemtl material_264
vt 0.2910363 0.1266221
f 1183/141/1183 1182/142/1182 1184/176/1184

usemtl material_265
f 1036/139/1036 958/175/958 1030/143/1030

usemtl material_266
vt 0.2832316 0.1484563
f 1182/142/1182 1353/177/1353 1184/176/1184

usemtl material_267
vt 0.3030065 0.1486639
f 1181/98/1181 1352/178/1352 1182/142/1182

usemtl material_268
f 1182/142/1182 1352/178/1352 1353/177/1353

usemtl material_269
vt 0.9116563 0.3880080
f 1030/143/1030 958/175/958 1026/179/1026

usemtl material_270
f 1351/144/1351 1352/178/1352 1181/98/1181

usemtl material_271
vt 0.2953012 0.1524822
f 1351/144/1351 1388/180/1388 1352/178/1352

usemtl material_272
f 1030/143/1030 1026/179/1026 1029/145/1029

usemtl material_273
vt 0.3017483 0.1591749
f 1351/144/1351 1389/181/1389 1388/180/1388

usemtl material_274
vt 0.3389702 0.1729550
f 1387/111/1387 1395/182/1395 1351/144/1351

usemtl material_275
vt 0.9215462 0.3946726
f 1029/145/1029 1026/179/1026 1024/183/1024

usemtl material_276
f 1387/111/1387 1400/149/1400 1395/182/1395

usemtl material_277
vt 0.9219468 0.3889465
f 1029/145/1029 1024/183/1024 1112/184/1112

usemtl material_278
vt 0.3600063 0.1867135
f 1400/149/1400 1401/148/1401 1434/185/1434

usemtl material_279
f 1401/148/1401 1442/156/1442 1434/185/1434

usemtl material_280
vt 0.5452784 0.1964626
f 1608/146/1608 1612/186/1612 1571/150/1571

usemtl material_281
f 1399/113/1399 1442/156/1442 1401/148/1401

usemtl material_282
vt 0.5436353 0.1957839
f 1612/186/1612 1581/187/1581 1571/150/1571

usemtl material_283
f 1581/187/1581 1570/151/1570 1571/150/1571

usemtl material_284
f 1549/153/1549 1583/157/1583 1453/120/1453

usemtl material_285
vt 0.4092115 0.1995063
f 1440/155/1440 1449/188/1449 1442/156/1442

usemtl material_286
f 1583/157/1583 1445/159/1445 1426/121/1426

usemtl material_287
vt 0.4455710 0.0488534
vt 0.4277683 0.0491344
f 1277/189/1277 1270/161/1270 1273/190/1273

usemtl material_242
vt 0.4702557 0.0507608
f 1284/191/1284 1269/160/1269 1277/189/1277

usemtl material_288
f 1277/189/1277 1269/160/1269 1270/161/1270

usemtl material_289
vt 0.4732701 0.0477076
f 1269/160/1269 1562/192/1562 1501/123/1501

usemtl material_248
vt 0.4119907 0.0476186
f 1273/190/1273 1232/125/1232 1275/193/1275

usemtl material_290
vt 0.4834580 0.0576710
vt 0.4745653 0.0507555
f 1503/194/1503 1500/162/1500 1502/195/1502

usemtl material_291
f 1232/125/1232 1266/164/1266 1275/193/1275

usemtl material_292
vt 0.5477861 0.0638556
vt 0.5458512 0.0615430
f 1586/196/1586 1564/165/1564 1541/197/1541

usemtl material_293
vt 0.5353697 0.0556617
f 1541/197/1541 1537/131/1537 1542/198/1542

usemtl material_294
vt 0.4907744 0.0579433
f 1542/198/1542 1537/131/1537 1540/199/1540

usemtl material_295
f 1540/199/1540 1537/131/1537 1530/132/1530

usemtl material_296
f 1540/199/1540 1530/132/1530 1531/133/1531

usemtl material_297
f 1500/162/1500 1496/126/1496 1502/195/1502

usemtl material_298
f 1502/195/1502 1496/126/1496 1501/123/1501

usemtl material_299
vt 0.5504926 0.0587275
f 1586/196/1586 1739/200/1739 1564/165/1564

usemtl material_300
f 1564/165/1564 1538/130/1538 1541/197/1541

usemtl material_301
f 1541/197/1541 1538/130/1538 1537/131/1537

usemtl material_202
f 1531/133/1531 1539/167/1539 1540/199/1540

usemtl material_302
vt 0.4856491 0.0590643
f 1500/162/1500 1551/201/1551 1539/167/1539

usemtl material_303
vt 0.3568689 0.0460421
f 1266/164/1266 1242/163/1242 1268/202/1268

usemtl material_304
vt 0.8286363 0.3544976
vt 0.8333011 0.3583185
f 1106/169/1106 1090/203/1090 1044/204/1044

usemtl material_305
vt 0.3322387 0.0680966
f 1242/163/1242 1231/134/1231 1240/205/1240

usemtl material_306
f 1106/169/1106 1044/204/1044 1040/170/1040

usemtl material_307
f 1231/134/1231 1217/173/1217 1240/205/1240

usemtl material_308
vt 0.8452877 0.3603427
f 1041/206/1041 1038/171/1038 1040/170/1040

usemtl material_309
vt 0.8639030 0.3682337
f 1038/171/1038 962/207/962 958/175/958

usemtl material_310
vt 0.2672066 0.1095989
f 1138/174/1138 1183/141/1183 1140/208/1140

usemtl material_311
vt 0.2623351 0.1259757
f 1183/141/1183 1185/209/1185 1140/208/1140

usemtl material_312
f 1183/141/1183 1184/176/1184 1185/209/1185

usemtl material_313
f 1184/176/1184 1353/177/1353 1185/209/1185

usemtl material_314
vt 0.9048344 0.3883056
f 958/175/958 955/210/955 1026/179/1026

usemtl material_315
f 1352/178/1352 1388/180/1388 1353/177/1353

usemtl material_316
vt 0.9169291 0.3928695
f 1026/179/1026 955/210/955 1025/211/1025

usemtl material_317
vt 0.3200099 0.1726585
f 1351/144/1351 1393/212/1393 1389/181/1389

usemtl material_318
f 1026/179/1026 1025/211/1025 1024/183/1024

usemtl material_319
f 1395/182/1395 1393/212/1393 1351/144/1351

usemtl material_320
vt 0.3280756 0.1828315
f 1395/182/1395 1435/213/1435 1393/212/1393

usemtl material_321
f 1400/149/1400 1434/185/1434 1435/213/1435

usemtl material_322
f 1400/149/1400 1435/213/1435 1395/182/1395

usemtl material_149
vt 0.9364774 0.4067022
f 1024/183/1024 1107/214/1107 1112/184/1112

usemtl material_323
vt 0.5473092 0.2089036
f 1608/146/1608 1730/215/1730 1612/186/1612

usemtl material_324
vt 0.3644645 0.1949495
f 1442/156/1442 1446/216/1446 1434/185/1434

usemtl material_325
vt 0.4822034 0.2003226
f 1570/151/1570 1578/217/1578 1566/152/1566

usemtl material_326
vt 0.5431709 0.2020901
f 1612/186/1612 1582/218/1582 1581/187/1581

usemtl material_327
vt 0.5177507 0.2013774
f 1581/187/1581 1582/218/1582 1580/219/1580

usemtl material_328
f 1581/187/1581 1580/219/1580 1570/151/1570

usemtl material_329
vt 0.4920162 0.2015883
f 1570/151/1570 1580/219/1580 1579/220/1579

usemtl material_330
f 1570/151/1570 1579/220/1579 1578/217/1578

usemtl material_331
f 1578/217/1578 1583/157/1583 1566/152/1566

usemtl material_332
f 1566/152/1566 1583/157/1583 1549/153/1549

usemtl material_333
vt 0.3907331 0.1988032
f 1449/188/1449 1450/221/1450 1442/156/1442

usemtl material_334
f 1442/156/1442 1450/221/1450 1446/216/1446

usemtl material_335
f 1439/154/1439 1449/188/1449 1440/155/1440

usemtl material_336
vt 0.4711264 0.2118886
f 1583/157/1583 1597/222/1597 1445/159/1445

usemtl material_337
vt 0.4284934 0.2082099
f 1438/158/1438 1451/223/1451 1439/154/1439

usemtl material_338
f 1439/154/1439 1451/223/1451 1449/188/1449

usemtl material_339
vt 0.4668552 0.2088212
vt 0.4576194 0.2081832
f 1445/159/1445 1467/224/1467 1466/225/1466

usemtl material_340
f 1445/159/1445 1466/225/1466 1438/158/1438

usemtl material_341
vt 0.4388275 0.2095345
f 1466/225/1466 1465/226/1465 1438/158/1438

usemtl material_342
f 1438/158/1438 1465/226/1465 1451/223/1451

usemtl material_343
vt 0.4702492 0.0414241
f 1298/227/1298 1284/191/1284 1277/189/1277

usemtl material_344
vt 0.4914753 0.0504670
f 1553/228/1553 1542/198/1542 1540/199/1540

usemtl material_345
vt 0.4869594 0.0594722
f 1540/199/1540 1550/229/1550 1553/228/1553

usemtl material_346
vt 0.4832932 0.0460203
f 1555/230/1555 1503/194/1503 1502/195/1502

usemtl material_347
vt 0.5471951 0.0560347
vt 0.5455166 0.0498558
f 1572/231/1572 1541/197/1541 1557/232/1557

usemtl material_348
f 1557/232/1557 1541/197/1541 1542/198/1542

usemtl material_349
vt 0.4859251 0.0503578
f 1503/194/1503 1554/233/1554 1551/201/1551

usemtl material_350
f 1502/195/1502 1501/123/1501 1562/192/1562

usemtl material_351
vt 0.3781799 0.0479022
f 1275/193/1275 1266/164/1266 1274/234/1274

usemtl material_352
f 1572/231/1572 1586/196/1586 1541/197/1541

usemtl material_353
f 1572/231/1572 1739/200/1739 1586/196/1586

usemtl material_354
f 1551/201/1551 1500/162/1500 1503/194/1503

usemtl material_351
f 1266/164/1266 1268/202/1268 1274/234/1274

usemtl material_303
vt 0.3442198 0.0504113
f 1268/202/1268 1242/163/1242 1267/235/1267

usemtl material_355
f 1550/229/1550 1539/167/1539 1551/201/1551

usemtl material_356
f 1267/235/1267 1242/163/1242 1240/205/1240

usemtl material_357
vt 0.3114080 0.0688054
vt 0.2855938 0.0726454
f 1239/236/1239 1217/173/1217 1218/237/1218

usemtl material_307
f 1240/205/1240 1217/173/1217 1239/236/1239

usemtl material_358
vt 0.8475717 0.3651321
f 1041/206/1041 853/238/853 1038/171/1038

usemtl material_359
vt 0.2654745 0.0877038
f 1136/172/1136 1139/239/1139 1218/237/1218

usemtl material_360
f 1217/173/1217 1136/172/1136 1218/237/1218

usemtl material_361
f 1038/171/1038 853/238/853 962/207/962

usemtl material_362
f 1136/172/1136 1138/174/1138 1139/239/1139

usemtl material_363
vt 0.8610973 0.3744758
vt 0.8789523 0.3803812
f 962/207/962 945/240/945 934/241/934

usemtl material_333
vt 0.2367494 0.1092487
f 1140/208/1140 1141/242/1141 1139/239/1139

usemtl material_364
vt 0.2313610 0.1045690
f 1139/239/1139 1141/242/1141 1143/243/1143

usemtl material_365
vt 0.2365566 0.1247863
f 1140/208/1140 1186/244/1186 1141/242/1141

usemtl material_366
f 1185/209/1185 1186/244/1186 1140/208/1140

usemtl material_367
vt 0.8983115 0.3896301
f 934/241/934 926/245/926 958/175/958

usemtl material_368
vt 0.2401109 0.1409963
f 1186/244/1186 1185/209/1185 1354/246/1354

usemtl material_49
f 958/175/958 926/245/926 955/210/955

usemtl material_369
vt 0.2575038 0.1476604
f 1353/177/1353 1360/247/1360 1185/209/1185

usemtl material_370
f 1185/209/1185 1360/247/1360 1354/246/1354

usemtl material_371
f 1353/177/1353 1388/180/1388 1360/247/1360

usemtl material_372
vt 0.2573642 0.1579040
f 1388/180/1388 1389/181/1389 1390/248/1390

usemtl material_373
f 1388/180/1388 1390/248/1390 1360/247/1360

usemtl material_374
vt 0.2823184 0.1722547
f 1389/181/1389 1396/249/1396 1390/248/1390

usemtl material_375
vt 0.2957577 0.1730537
f 1389/181/1389 1393/212/1393 1394/250/1394

usemtl material_376
f 1389/181/1389 1394/250/1394 1396/249/1396

usemtl material_377
vt 0.9162215 0.3978682
vt 0.9268017 0.4031833
f 1025/211/1025 954/251/954 1023/252/1023

usemtl material_378
f 1025/211/1025 1023/252/1023 1024/183/1024

usemtl material_379
vt 0.2946958 0.1825324
f 1394/250/1394 1393/212/1393 1436/253/1436

usemtl material_380
vt 0.9318678 0.4054668
f 1024/183/1024 1023/252/1023 1022/254/1022

usemtl material_381
f 1024/183/1024 1022/254/1022 1107/214/1107

usemtl material_382
vt 0.5444112 0.2138260
f 1612/186/1612 1604/255/1604 1582/218/1582

usemtl material_383
f 1612/186/1612 1730/215/1730 1604/255/1604

usemtl material_384
vt 0.5427814 0.2137089
vt 0.5167144 0.2129364
f 1594/256/1594 1595/257/1595 1580/219/1580

usemtl material_385
f 1582/218/1582 1594/256/1594 1580/219/1580

usemtl material_386
f 1580/219/1580 1595/257/1595 1579/220/1579

usemtl material_200
vt 0.4880847 0.2107456
vt 0.4822804 0.2125069
f 1579/220/1579 1593/258/1593 1592/259/1592

usemtl material_387
f 1579/220/1579 1592/259/1592 1578/217/1578

usemtl material_331
f 1578/217/1578 1592/259/1592 1583/157/1583

usemtl material_388
f 1604/255/1604 1594/256/1594 1582/218/1582

usemtl material_389
vt 0.5008726 0.2125057
f 1595/257/1595 1596/260/1596 1579/220/1579

usemtl material_390
f 1579/220/1579 1596/260/1596 1593/258/1593

usemtl material_391
f 1583/157/1583 1592/259/1592 1597/222/1597

usemtl material_392
vt 0.4087186 0.2079037
f 1468/261/1468 1450/221/1450 1449/188/1449

usemtl material_393
f 1597/222/1597 1467/224/1467 1445/159/1445

usemtl material_394
f 1451/223/1451 1468/261/1468 1449/188/1449

usemtl material_395
vt 0.4668803 0.2207887
f 1467/224/1467 1611/262/1611 1466/225/1466

usemtl material_396
vt 0.4735520 0.0388430
f 1568/263/1568 1562/192/1562 1284/191/1284

usemtl material_397
f 1298/227/1298 1568/263/1568 1284/191/1284

usemtl material_387
vt 0.4443583 0.0337903
f 1298/227/1298 1277/189/1277 1302/264/1302

usemtl material_398
vt 0.4232229 0.0300514
f 1302/264/1302 1277/189/1277 1301/265/1301

usemtl material_399
f 1277/189/1277 1273/190/1273 1301/265/1301

usemtl material_400
vt 0.5367897 0.0434936
f 1557/232/1557 1542/198/1542 1561/266/1561

usemtl material_401
f 1542/198/1542 1553/228/1553 1561/266/1561

usemtl material_202
vt 0.5058877 0.0420733
f 1561/266/1561 1553/228/1553 1560/267/1560

usemtl material_402
vt 0.4908217 0.0439044
f 1560/267/1560 1553/228/1553 1559/268/1559

usemtl material_403
vt 0.5480083 0.0484383
f 1598/269/1598 1572/231/1572 1557/232/1557

usemtl material_404
f 1559/268/1559 1553/228/1553 1554/233/1554

usemtl material_405
f 1555/230/1555 1554/233/1554 1503/194/1503

usemtl material_406
vt 0.4858808 0.0439650
f 1555/230/1555 1567/270/1567 1554/233/1554

usemtl material_407
f 1598/269/1598 1739/200/1739 1572/231/1572

usemtl material_408
f 1550/229/1550 1551/201/1551 1554/233/1554

usemtl material_290
f 1553/228/1553 1550/229/1550 1554/233/1554

usemtl material_409
vt 0.8204546 0.3558880
f 1090/203/1090 1089/271/1089 1044/204/1044

usemtl material_356
vt 0.3315245 0.0469455
f 1267/235/1267 1240/205/1240 1265/272/1265

usemtl material_410
f 1265/272/1265 1240/205/1240 1239/236/1239

usemtl material_411
vt 0.8349894 0.3613073
f 1044/204/1044 1043/273/1043 1040/170/1040

usemtl material_412
f 1040/170/1040 1043/273/1043 1041/206/1041

usemtl material_413
f 1043/273/1043 853/238/853 1041/206/1041

usemtl material_414
vt 0.2641187 0.0737452
f 1218/237/1218 1139/239/1139 1219/274/1219

usemtl material_415
vt 0.2446693 0.0878126
f 1139/239/1139 1159/275/1159 1219/274/1219

usemtl material_416
vt 0.8527055 0.3727940
f 853/238/853 964/276/964 962/207/962

usemtl material_417
f 962/207/962 964/276/964 945/240/945

usemtl material_418
f 1159/275/1159 1139/239/1139 1143/243/1143

usemtl material_419
vt 0.2091519 0.0901453
f 1159/275/1159 1143/243/1143 1165/277/1165

usemtl material_420
vt 0.2036266 0.1080751
f 1141/242/1141 1156/278/1156 1143/243/1143

usemtl material_421
vt 0.2140372 0.1235828
f 1141/242/1141 1187/279/1187 1156/278/1156

usemtl material_422
f 1141/242/1141 1186/244/1186 1187/279/1187

usemtl material_368
f 1186/244/1186 1354/246/1354 1187/279/1187

usemtl material_423
vt 0.1998516 0.1237401
f 1187/279/1187 1354/246/1354 1188/280/1188

usemtl material_424
vt 0.2296361 0.1465161
f 1354/246/1354 1359/281/1359 1188/280/1188

usemtl material_425
vt 0.8893908 0.3885877
vt 0.9008054 0.3966578
f 926/245/926 930/282/930 922/283/922

usemtl material_426
f 1354/246/1354 1360/247/1360 1359/281/1359

usemtl material_427
vt 0.9078006 0.3972199
f 926/245/926 918/284/918 955/210/955

usemtl material_428
vt 0.2339334 0.1556416
f 1360/247/1360 1390/248/1390 1392/285/1392

usemtl material_429
f 1360/247/1360 1392/285/1392 1359/281/1359

usemtl material_430
f 955/210/955 918/284/918 954/251/954

usemtl material_431
vt 0.2707085 0.1723833
f 1396/249/1396 1407/286/1407 1390/248/1390

usemtl material_432
f 1394/250/1394 1436/253/1436 1396/249/1396

usemtl material_433
f 1393/212/1393 1435/213/1435 1436/253/1436

usemtl material_434
vt 0.3209828 0.1946055
f 1435/213/1435 1447/287/1447 1436/253/1436

usemtl material_334
vt 0.3356817 0.1983346
f 1434/185/1434 1448/288/1448 1435/213/1435

usemtl material_435
f 1435/213/1435 1448/288/1448 1447/287/1447

usemtl material_436
f 1434/185/1434 1446/216/1446 1448/288/1448

usemtl material_437
vt 0.3674837 0.2074816
f 1450/221/1450 1469/289/1469 1446/216/1446

usemtl material_438
f 1446/216/1446 1469/289/1469 1448/288/1448

usemtl material_439
vt 0.3922599 0.2092677
f 1450/221/1450 1468/261/1468 1482/290/1482

usemtl material_440
f 1450/221/1450 1482/290/1482 1469/289/1469

usemtl material_441
f 1597/222/1597 1611/262/1611 1467/224/1467

usemtl material_439
vt 0.4090952 0.2198923
f 1451/223/1451 1609/291/1609 1468/261/1468

usemtl material_442
vt 0.4706783 0.2247154
f 1611/262/1611 1597/222/1597 1607/292/1607

usemtl material_443
vt 0.4402023 0.2198900
f 1611/262/1611 1610/293/1610 1466/225/1466

usemtl material_444
f 1466/225/1466 1610/293/1610 1465/226/1465

usemtl material_445
f 1465/226/1465 1610/293/1610 1609/291/1609

usemtl material_446
f 1465/226/1465 1609/291/1609 1451/223/1451

usemtl material_447
vt 0.4735651 0.0300801
f 1569/294/1569 1568/263/1568 1298/227/1298

usemtl material_448
vt 0.4701806 0.0309787
f 1308/295/1308 1298/227/1298 1302/264/1302

usemtl material_449
f 1273/190/1273 1275/193/1275 1301/265/1301

usemtl material_450
vt 0.5457724 0.0338415
f 1557/232/1557 1561/266/1561 1573/296/1573

usemtl material_451
f 1555/230/1555 1502/195/1502 1568/263/1568

usemtl material_452
vt 0.5476053 0.0393316
f 1598/269/1598 1557/232/1557 1587/297/1587

usemtl material_453
vt 0.8204750 0.3517506
vt 0.8133127 0.3521590
f 1124/298/1124 1125/299/1125 1089/271/1089

usemtl material_405
vt 0.4834217 0.0351709
f 1585/300/1585 1567/270/1567 1555/230/1555

usemtl material_454
f 1502/195/1502 1562/192/1562 1568/263/1568

usemtl material_455
f 1275/193/1275 1274/234/1274 1268/202/1268

usemtl material_349
f 1559/268/1559 1554/233/1554 1567/270/1567

usemtl material_456
f 1089/271/1089 1090/203/1090 1124/298/1124

usemtl material_457
f 1268/202/1268 1267/235/1267 1265/272/1265

usemtl material_458
vt 0.8145230 0.3610569
vt 0.8239559 0.3616283
f 1045/301/1045 1042/302/1042 1044/204/1044

usemtl material_459
f 1089/271/1089 1045/301/1045 1044/204/1044

usemtl material_460
vt 0.3127640 0.0487908
f 1265/272/1265 1239/236/1239 1262/303/1262

usemtl material_461
f 1042/302/1042 1043/273/1043 1044/204/1044

usemtl material_357
vt 0.2901085 0.0488724
vt 0.2489254 0.0562187
f 1261/304/1261 1218/237/1218 1260/305/1260

usemtl material_189
f 1218/237/1218 1219/274/1219 1260/305/1260

usemtl material_462
vt 0.8457745 0.3710296
f 853/238/853 967/306/967 964/276/964

usemtl material_415
vt 0.2419177 0.0733598
vt 0.2203523 0.0737970
f 1220/307/1220 1159/275/1159 1221/308/1221

usemtl material_463
f 1159/275/1159 1165/277/1165 1221/308/1221

usemtl material_464
vt 0.8568301 0.3770365
f 964/276/964 965/309/965 945/240/945

usemtl material_465
vt 0.1934028 0.0992013
f 1143/243/1143 1157/310/1157 1165/277/1165

usemtl material_466
f 1143/243/1143 1156/278/1156 1157/310/1157

usemtl material_467
f 1187/279/1187 1188/280/1188 1156/278/1156

usemtl material_468
vt 0.2090615 0.1463444
f 1359/281/1359 1358/311/1358 1188/280/1188

usemtl material_469
vt 0.2092090 0.1511606
f 1358/311/1358 1359/281/1359 1402/312/1402

usemtl material_470
f 1359/281/1359 1392/285/1392 1402/312/1402

usemtl material_471
vt 0.9099277 0.4040771
f 922/283/922 915/313/915 918/284/918

usemtl material_472
vt 0.9161771 0.4053985
f 918/284/918 911/314/911 954/251/954

usemtl material_431
vt 0.2472347 0.1733453
f 1390/248/1390 1407/286/1407 1405/315/1405

usemtl material_473
f 1396/249/1396 1436/253/1436 1407/286/1407

usemtl material_474
vt 0.2600112 0.1816555
f 1407/286/1407 1436/253/1436 1441/316/1441

usemtl material_432
f 1407/286/1407 1441/316/1441 1405/315/1405

usemtl material_475
vt 0.9307396 0.4127092
f 954/251/954 951/317/951 1023/252/1023

usemtl material_476
vt 0.9360248 0.4127564
f 1022/254/1022 1023/252/1023 1021/318/1021

usemtl material_316
vt 0.9401385 0.4151027
f 1022/254/1022 1021/318/1021 1020/319/1020

usemtl material_477
f 1022/254/1022 1020/319/1020 1107/214/1107

usemtl material_440
vt 0.3407086 0.2064518
f 1469/289/1469 1483/320/1483 1448/288/1448

usemtl material_478
vt 0.5440875 0.2229006
f 1604/255/1604 1730/215/1730 1617/321/1617

usemtl material_479
vt 0.5243496 0.2255743
vt 0.5031771 0.2251951
f 1595/257/1595 1603/322/1603 1601/323/1601

usemtl material_480
f 1595/257/1595 1601/323/1601 1596/260/1596

usemtl material_481
vt 0.4883843 0.2251266
vt 0.4814948 0.2252837
f 1593/258/1593 1605/324/1605 1606/325/1606

usemtl material_482
f 1593/258/1593 1606/325/1606 1592/259/1592

usemtl material_483
vt 0.5407044 0.2272294
f 1617/321/1617 1602/326/1602 1594/256/1594

usemtl material_484
f 1604/255/1604 1617/321/1617 1594/256/1594

usemtl material_485
f 1594/256/1594 1602/326/1602 1603/322/1603

usemtl material_486
f 1594/256/1594 1603/322/1603 1595/257/1595

usemtl material_487
f 1601/323/1601 1605/324/1605 1596/260/1596

usemtl material_488
f 1596/260/1596 1605/324/1605 1593/258/1593

usemtl material_489
f 1468/261/1468 1609/291/1609 1482/290/1482

usemtl material_490
vt 0.4415491 0.0231019
f 1302/264/1302 1301/265/1301 1306/327/1306

usemtl material_491
f 1569/294/1569 1298/227/1298 1308/295/1308

usemtl material_492
vt 0.5002968 0.0321680
f 1573/296/1573 1561/266/1561 1574/328/1574

usemtl material_493
f 1574/328/1574 1561/266/1561 1560/267/1560

usemtl material_401
f 1574/328/1574 1560/267/1560 1559/268/1559
vt 0.4913353 0.0337036
f 1574/328/1574 1559/268/1559 1575/329/1575

usemtl material_494
vt 0.4870438 0.0346298
f 1559/268/1559 1576/330/1576 1575/329/1575

usemtl material_346
vt 0.4765536 0.0251400
f 1585/300/1585 1555/230/1555 1584/331/1584

usemtl material_495
f 1555/230/1555 1568/263/1568 1584/331/1584

usemtl material_496
f 1584/331/1584 1568/263/1568 1569/294/1569

usemtl material_497
f 1559/268/1559 1567/270/1567 1576/330/1576

usemtl material_498
vt 0.4854861 0.0341495
f 1576/330/1576 1567/270/1567 1577/332/1577

usemtl material_355
f 1577/332/1577 1567/270/1567 1585/300/1585

usemtl material_499
vt 0.8104103 0.3575482
f 1089/271/1089 1086/333/1086 1045/301/1045

usemtl material_500
vt 0.8267633 0.3664640
f 1042/302/1042 646/334/646 1043/273/1043

usemtl material_86
f 1043/273/1043 646/334/646 853/238/853

usemtl material_42
vt 0.8346865 0.3714294
f 853/238/853 646/334/646 851/335/851

usemtl material_501
f 853/238/853 851/335/851 967/306/967

usemtl material_502
vt 0.8428277 0.3759237
vt 0.8507733 0.3763230
f 967/306/967 971/336/971 966/337/966

usemtl material_503
vt 0.1956142 0.0743533
f 1221/308/1221 1165/277/1165 1222/338/1222

usemtl material_504
vt 0.1616785 0.1065672
f 1156/278/1156 1158/339/1158 1157/310/1157

usemtl material_505
vt 0.8652556 0.4013829
vt 0.8747809 0.4054332
vt 0.8702215 0.3910522
f 938/340/938 933/341/933 942/342/942

usemtl material_506
vt 0.1812624 0.1227485
f 1156/278/1156 1176/343/1176 1158/339/1158

usemtl material_507
f 1156/278/1156 1188/280/1188 1176/343/1176

usemtl material_508
vt 0.8825706 0.4098479
vt 0.8769245 0.3977050
f 933/341/933 928/344/928 931/345/931

usemtl material_509
vt 0.1815737 0.1321529
f 1188/280/1188 1355/346/1355 1176/343/1176

usemtl material_510
vt 0.1929352 0.1456088
f 1188/280/1188 1357/347/1357 1355/346/1355

usemtl material_511
f 1188/280/1188 1358/311/1358 1357/347/1357

usemtl material_512
f 1358/311/1358 1402/312/1402 1357/347/1357

usemtl material_513
vt 0.2019558 0.1619064
f 1392/285/1392 1403/348/1403 1402/312/1402

usemtl material_514
vt 0.2180832 0.1720451
f 1392/285/1392 1406/349/1406 1403/348/1403

usemtl material_515
f 1392/285/1392 1390/248/1390 1405/315/1405

usemtl material_516
f 1405/315/1405 1406/349/1406 1392/285/1392

usemtl material_517
vt 0.9229423 0.4121704
f 911/314/911 910/350/910 954/251/954

usemtl material_518
f 954/251/954 910/350/910 951/317/951

usemtl material_519
vt 0.2956895 0.1984350
f 1447/287/1447 1455/351/1455 1436/253/1436

usemtl material_520
f 1023/252/1023 951/317/951 1021/318/1021

usemtl material_439
f 1448/288/1448 1483/320/1483 1447/287/1447

usemtl material_521
f 1447/287/1447 1483/320/1483 1455/351/1455

usemtl material_522
vt 0.9430354 0.4216287
f 1020/319/1020 1021/318/1021 1019/352/1019

usemtl material_523
vt 0.9505938 0.4233209
f 1020/319/1020 1110/353/1110 1107/214/1107

usemtl material_524
vt 0.5463918 0.2328925
f 1730/215/1730 1736/354/1736 1617/321/1617

usemtl material_525
vt 0.3649063 0.2200664
f 1482/290/1482 1620/355/1620 1469/289/1469

usemtl material_526
vt 0.5441692 0.2293814
f 1617/321/1617 1736/354/1736 1640/356/1640

usemtl material_527
f 1592/259/1592 1606/325/1606 1597/222/1597

usemtl material_528
f 1597/222/1597 1606/325/1606 1607/292/1607

usemtl material_529
vt 0.3854435 0.2302558
f 1609/291/1609 1623/357/1623 1482/290/1482

usemtl material_530
f 1617/321/1617 1640/356/1640 1602/326/1602

usemtl material_531
vt 0.4146113 0.2303887
f 1610/293/1610 1627/358/1627 1609/291/1609

usemtl material_532
vt 0.4665535 0.2278055
f 1607/292/1607 1629/359/1629 1611/262/1611

usemtl material_533
vt 0.4390372 0.2320169
f 1611/262/1611 1629/359/1629 1628/360/1628

usemtl material_534
f 1611/262/1611 1628/360/1628 1610/293/1610

usemtl material_535
f 1610/293/1610 1628/360/1628 1627/358/1627

usemtl material_536
vt 0.4654016 0.2336468
f 1629/359/1629 1630/361/1630 1628/360/1628

usemtl material_537
vt 0.4703760 0.0216388
f 1569/294/1569 1308/295/1308 1318/362/1318

usemtl material_538
f 1318/362/1318 1308/295/1308 1306/327/1306

usemtl material_539
f 1308/295/1308 1302/264/1302 1306/327/1306

usemtl material_220
vt 0.4913805 0.0238488
f 1574/328/1574 1575/329/1575 1588/363/1588

usemtl material_540
vt 0.4836720 0.0220237
f 1590/364/1590 1585/300/1585 1584/331/1584

usemtl material_541
vt 0.4053381 0.0270553
vt 0.4317670 0.0232316
f 1301/265/1301 1303/365/1303 1307/366/1307

usemtl material_542
vt 0.6929500 0.0264066
vt 0.7000450 0.0102124
vt 0.7010289 0.0704978
f 4078/367/4078 4090/368/4090 4091/369/4091

usemtl material_543
vt 0.6973812 0.0063075
vt 0.7040230 0.0073751
f 4103/370/4103 4104/371/4104 4090/368/4090

usemtl material_544
vt 0.8067010 0.3552772
f 1120/372/1120 1086/333/1086 1125/299/1125

usemtl material_460
vt 0.3416903 0.0257963
f 1268/202/1268 1265/272/1265 1295/373/1295

usemtl material_545
vt 0.8153400 0.3635125
f 644/374/644 1042/302/1042 1045/301/1045

usemtl material_357
vt 0.2635597 0.0492609
f 1261/304/1261 1260/305/1260 1263/375/1263

usemtl material_196
f 1219/274/1219 1220/307/1220 1260/305/1260

usemtl material_414
vt 0.2367856 0.0474776
f 1260/305/1260 1220/307/1220 1258/376/1258

usemtl material_546
f 1220/307/1220 1221/308/1221 1258/376/1258

usemtl material_192
vt 0.8364140 0.3756845
f 851/335/851 972/377/972 971/336/971

usemtl material_547
vt 0.1653103 0.0891803
f 1165/277/1165 1164/378/1164 1222/338/1222

usemtl material_548
vt 0.1618742 0.0997428
f 1165/277/1165 1163/379/1163 1164/378/1164

usemtl material_549
f 1165/277/1165 1157/310/1157 1163/379/1163

usemtl material_504
f 1157/310/1157 1158/339/1158 1163/379/1163

usemtl material_550
vt 0.1580946 0.1220966
vt 0.1156390 0.1062435
f 1158/339/1158 1177/380/1177 1169/381/1169
f 1176/343/1176 1177/380/1177 1158/339/1158

usemtl material_551
vt 0.1531589 0.1326478
f 1176/343/1176 1355/346/1355 1356/382/1356

usemtl material_552
f 1176/343/1176 1356/382/1356 1177/380/1177

usemtl material_553
vt 0.1678043 0.1451558
f 1355/346/1355 1367/383/1367 1356/382/1356

usemtl material_505
vt 0.8860180 0.4203023
vt 0.8905745 0.4143463
f 928/344/928 924/384/924 923/385/923

usemtl material_554
f 1355/346/1355 1357/347/1357 1367/383/1367

usemtl material_555
vt 0.1724886 0.1550443
f 1357/347/1357 1404/386/1404 1367/383/1367

usemtl material_556
f 1357/347/1357 1402/312/1402 1404/386/1404

usemtl material_557
f 1402/312/1402 1403/348/1403 1404/386/1404

usemtl material_558
vt 0.2336338 0.1814550
f 1441/316/1441 1460/387/1460 1405/315/1405

usemtl material_559
f 1405/315/1405 1460/387/1460 1406/349/1406

usemtl material_190
vt 0.9297401 0.4186661
f 910/350/910 892/388/892 951/317/951

usemtl material_560
vt 0.2733662 0.1969180
f 1455/351/1455 1462/389/1462 1436/253/1436

usemtl material_561
f 1436/253/1436 1462/389/1462 1441/316/1441

usemtl material_562
vt 0.9369226 0.4205003
f 1021/318/1021 951/317/951 952/390/952

usemtl material_563
vt 0.2942708 0.2063496
vt 0.2648308 0.2114956
f 1619/391/1619 1621/392/1621 1455/351/1455

usemtl material_564
vt 0.3336255 0.2183532
f 1483/320/1483 1618/393/1618 1455/351/1455

usemtl material_529
f 1483/320/1483 1469/289/1469 1618/393/1618

usemtl material_565
vt 0.9483412 0.4257141
f 1020/319/1020 1019/352/1019 1018/394/1018

usemtl material_566
f 1020/319/1020 1018/394/1018 1110/353/1110

usemtl material_525
f 1469/289/1469 1620/355/1620 1618/393/1618

usemtl material_567
f 1482/290/1482 1623/357/1623 1620/355/1620

usemtl material_568
vt 0.5427150 0.2401768
f 1640/356/1640 1736/354/1736 1639/395/1639

usemtl material_530
f 1640/356/1640 1639/395/1639 1602/326/1602

usemtl material_569
vt 0.5224353 0.2403749
f 1602/326/1602 1639/395/1639 1638/396/1638

usemtl material_384
f 1602/326/1602 1638/396/1638 1603/322/1603

usemtl material_570
f 1603/322/1603 1638/396/1638 1601/323/1601

usemtl material_571
vt 0.5004856 0.2388846
vt 0.4879817 0.2377059
f 1635/397/1635 1636/398/1636 1605/324/1605

usemtl material_572
f 1601/323/1601 1635/397/1635 1605/324/1605

usemtl material_573
vt 0.4818875 0.2385375
f 1605/324/1605 1636/398/1636 1637/399/1637

usemtl material_574
f 1605/324/1605 1637/399/1637 1606/325/1606

usemtl material_575
vt 0.4705892 0.2356075
f 1637/399/1637 1646/400/1646 1606/325/1606

usemtl material_576
f 1606/325/1606 1646/400/1646 1607/292/1607

usemtl material_577
f 1609/291/1609 1627/358/1627 1623/357/1623

usemtl material_578
f 1638/396/1638 1635/397/1635 1601/323/1601

usemtl material_462
vt 0.4674383 0.2361715
f 1646/400/1646 1665/401/1665 1607/292/1607

usemtl material_579
f 1665/401/1665 1629/359/1629 1607/292/1607

usemtl material_580
f 1629/359/1629 1665/401/1665 1630/361/1630

usemtl material_581
vt 0.4703436 0.0116217
f 1338/402/1338 1318/362/1318 1306/327/1306

usemtl material_582
vt 0.4449688 0.0147583
f 1338/402/1338 1306/327/1306 1337/403/1337

usemtl material_583
vt 0.6926954 0.0719665
f 4080/404/4080 4078/367/4078 4091/369/4091

usemtl material_584
vt 0.6952066 0.0825890
f 4080/404/4080 4091/369/4091 4083/405/4083

usemtl material_585
vt 0.4736944 0.0203059
f 1584/331/1584 1569/294/1569 1591/406/1591

usemtl material_586
vt 0.3697195 0.0266424
vt 0.4018568 0.0196155
f 1303/365/1303 1300/407/1300 1331/408/1331

usemtl material_587
vt 0.6918621 0.0082794
f 4103/370/4103 4090/368/4090 4097/409/4097

usemtl material_588
vt 0.6880171 0.0097747
f 4097/409/4097 4090/368/4090 4079/410/4079

usemtl material_589
f 4079/410/4079 4090/368/4090 4078/367/4078

usemtl material_590
vt 0.4863570 0.0201095
f 1588/363/1588 1576/330/1576 1589/411/1589

usemtl material_355
f 1589/411/1589 1577/332/1577 1585/300/1585

usemtl material_591
f 1589/411/1589 1585/300/1585 1590/364/1590

usemtl material_592
vt 0.7998872 0.3600081
vt 0.8027935 0.3638609
f 1086/333/1086 1096/412/1096 1046/413/1046

usemtl material_593
f 1589/411/1589 1576/330/1576 1577/332/1577

usemtl material_594
f 1086/333/1086 1046/413/1046 1045/301/1045

usemtl material_595
vt 0.3196201 0.0272970
f 1295/373/1295 1262/303/1262 1296/414/1296

usemtl material_596
f 644/374/644 646/334/646 1042/302/1042

usemtl material_357
vt 0.2796151 0.0369458
f 1261/304/1261 1263/375/1263 1297/415/1297

usemtl material_597
vt 0.2444792 0.0473540
f 1297/415/1297 1263/375/1263 1264/416/1264
f 1263/375/1263 1260/305/1260 1264/416/1264

usemtl material_196
f 1264/416/1264 1260/305/1260 1258/376/1258

usemtl material_598
vt 0.8292863 0.3764671
f 851/335/851 975/417/975 972/377/972

usemtl material_99
vt 0.1999433 0.0515582
f 1258/376/1258 1221/308/1221 1257/418/1257

usemtl material_599
f 1221/308/1221 1222/338/1222 1257/418/1257

usemtl material_600
vt 0.1725520 0.0737895
f 1222/338/1222 1223/419/1223 1257/418/1257

usemtl material_601
f 1222/338/1222 1164/378/1164 1223/419/1223

usemtl material_602
vt 0.1527974 0.0752120
f 1223/419/1223 1164/378/1164 1214/420/1214

usemtl material_603
vt 0.1294319 0.0867950
f 1164/378/1164 1163/379/1163 1162/421/1162

usemtl material_604
vt 0.1277086 0.0982791
f 1163/379/1163 1160/422/1160 1162/421/1162

usemtl material_605
f 1163/379/1163 1169/381/1169 1160/422/1160

usemtl material_606
f 1163/379/1163 1158/339/1158 1169/381/1169

usemtl material_552
vt 0.1155825 0.1206011
f 1177/380/1177 1180/423/1180 1169/381/1169

usemtl material_509
f 1177/380/1177 1356/382/1356 1180/423/1180

usemtl material_607
vt 0.1451579 0.1440634
f 1356/382/1356 1367/383/1367 1368/424/1368

usemtl material_555
f 1367/383/1367 1404/386/1404 1368/424/1368

usemtl material_369
vt 0.1455882 0.1529467
f 1368/424/1368 1404/386/1404 1410/425/1410

usemtl material_608
vt 0.1911698 0.1717061
f 1403/348/1403 1413/426/1413 1404/386/1404

usemtl material_609
f 1406/349/1406 1413/426/1413 1403/348/1403

usemtl material_561
vt 0.2509058 0.1964610
f 1441/316/1441 1461/427/1461 1460/387/1460

usemtl material_560
f 1462/389/1462 1461/427/1461 1441/316/1441

usemtl material_610
f 951/317/951 892/388/892 952/390/952

usemtl material_611
f 1455/351/1455 1621/392/1621 1462/389/1462

usemtl material_612
f 1455/351/1455 1618/393/1618 1619/391/1619

usemtl material_567
vt 0.3615431 0.2318779
f 1620/355/1620 1651/428/1651 1618/393/1618

usemtl material_613
vt 0.9552585 0.4293147
f 1018/394/1018 1109/429/1109 1110/353/1110

usemtl material_525
f 1623/357/1623 1651/428/1651 1620/355/1620

usemtl material_614
vt 0.5459449 0.2411562
f 1736/354/1736 1734/430/1734 1639/395/1639

usemtl material_615
vt 0.4107248 0.2451310
f 1627/358/1627 1628/360/1628 1659/431/1659

usemtl material_616
vt 0.4659324 0.2498030
f 1646/400/1646 1668/432/1668 1665/401/1665

usemtl material_617
f 1665/401/1665 1668/432/1668 1630/361/1630

usemtl material_618
vt 0.4395010 0.2474739
f 1630/361/1630 1667/433/1667 1628/360/1628

usemtl material_619
f 1338/402/1338 1591/406/1591 1318/362/1318

usemtl material_620
vt 0.6869435 0.1107651
vt 0.6857769 0.1054304
vt 0.6933205 0.1059450
f 4084/434/4084 4072/435/4072 4089/436/4089

usemtl material_621
f 1337/403/1337 1306/327/1306 1307/366/1307

usemtl material_622
vt 0.6807216 0.0656522
f 4029/437/4029 4078/367/4078 4080/404/4080

usemtl material_623
vt 0.6862812 0.0927919
vt 0.6967920 0.1019531
f 4073/438/4073 4087/439/4087 4072/435/4072

usemtl material_451
f 4072/435/4072 4087/439/4087 4089/436/4089

usemtl material_624
vt 0.4100741 0.0054752
f 1307/366/1307 1303/365/1303 1332/440/1332
f 1303/365/1303 1331/408/1331 1332/440/1332

usemtl material_406
vt 0.6862884 0.0832766
vt 0.6925251 0.0892873
f 4070/441/4070 4083/405/4083 4077/442/4077

usemtl material_625
vt 0.3839861 0.0069261
f 1331/408/1331 1300/407/1300 1329/443/1329

usemtl material_626
vt 0.6901134 0.0042685
f 4110/444/4110 4103/370/4103 4097/409/4097

usemtl material_627
vt 0.8044015 0.3660040
f 642/445/642 644/374/644 1045/301/1045

usemtl material_628
vt 0.8186477 0.3681568
f 644/374/644 645/446/645 646/334/646

usemtl material_629
vt 0.8224477 0.3730138
f 645/446/645 850/447/850 646/334/646

usemtl material_630
vt 0.2226725 0.0471785
f 1276/448/1276 1258/376/1258 1257/418/1257

usemtl material_631
f 646/334/646 850/447/850 851/335/851

usemtl material_632
f 851/335/851 850/447/850 975/417/975

usemtl material_401
vt 0.8382594 0.3822855
vt 0.8360606 0.3981134
vt 0.8447624 0.3979468
f 970/449/970 969/450/969 960/451/960

usemtl material_633
vt 0.1303718 0.0760684
f 1214/420/1214 1162/421/1162 1215/452/1215

usemtl material_634
vt 0.8474724 0.4048979
vt 0.8495471 0.4090781
vt 0.8552707 0.4067057
f 959/453/959 957/454/957 944/455/944

usemtl material_635
vt 0.8562100 0.4110444
f 944/455/944 957/454/957 948/456/948

usemtl material_636
vt 0.0961137 0.0960422
f 1160/422/1160 1161/457/1161 1162/421/1162

usemtl material_637
f 1161/457/1161 1160/422/1160 1169/381/1169

usemtl material_638
vt 0.8623856 0.4167863
vt 0.8655803 0.4116859
f 948/456/948 950/458/950 939/459/939

usemtl material_639
vt 0.1011764 0.1065203
f 1169/381/1169 1170/460/1170 1161/457/1161

usemtl material_640
vt 0.0971082 0.1198915
f 1170/460/1170 1169/381/1169 1178/461/1178

usemtl material_641
vt 0.8707069 0.4204800
f 939/459/939 950/458/950 941/462/941

usemtl material_635
vt 0.8725089 0.4143111
f 939/459/939 941/462/941 932/463/932

usemtl material_642
f 1180/423/1180 1178/461/1178 1169/381/1169

usemtl material_641
vt 0.8782836 0.4233231
f 932/463/932 941/462/941 937/464/937

usemtl material_643
vt 0.1151745 0.1303906
f 1356/382/1356 1364/465/1364 1180/423/1180

usemtl material_644
f 1180/423/1180 1364/465/1364 1178/461/1178

usemtl material_645
vt 0.1237737 0.1431689
f 1356/382/1356 1365/466/1365 1364/465/1364

usemtl material_646
f 1356/382/1356 1368/424/1368 1365/466/1365

usemtl material_647
f 1368/424/1368 1410/425/1410 1365/466/1365

usemtl material_648
vt 0.1681752 0.1706142
f 1413/426/1413 1408/467/1408 1404/386/1404

usemtl material_450
vt 0.9128537 0.4240202
vt 0.9124517 0.4351882
vt 0.9181628 0.4276137
f 912/468/912 888/469/888 883/470/883

usemtl material_649
vt 0.2067631 0.1833813
f 1406/349/1406 1459/471/1459 1413/426/1413

usemtl material_650
f 1460/387/1460 1459/471/1459 1406/349/1406

usemtl material_651
vt 0.2267846 0.1973974
f 1460/387/1460 1463/472/1463 1459/471/1459

usemtl material_652
f 1461/427/1461 1463/472/1463 1460/387/1460

usemtl material_653
vt 0.9337992 0.4240480
f 892/388/892 885/473/885 952/390/952

usemtl material_654
vt 0.2870039 0.2179928
f 1619/391/1619 1641/474/1641 1621/392/1621

usemtl material_256
vt 0.9474782 0.4347383
f 1021/318/1021 952/390/952 953/475/953

usemtl material_655
f 1021/318/1021 953/475/953 1019/352/1019

usemtl material_656
vt 0.3262900 0.2221297
f 1618/393/1618 1642/476/1642 1619/391/1619

usemtl material_612
f 1642/476/1642 1641/474/1641 1619/391/1619

usemtl material_562
vt 0.9540932 0.4370533
f 1018/394/1018 1019/352/1019 1017/477/1017

usemtl material_657
f 1618/393/1618 1651/428/1651 1642/476/1642

usemtl material_201
vt 0.5432137 0.2490720
f 1734/430/1734 1688/478/1688 1639/395/1639

usemtl material_658
vt 0.4712487 0.2547053
f 1637/399/1637 1669/479/1669 1646/400/1646

usemtl material_659
vt 0.4699022 0.2500400
f 1669/479/1669 1675/480/1675 1646/400/1646

usemtl material_601
f 1627/358/1627 1659/431/1659 1623/357/1623

usemtl material_660
f 1628/360/1628 1667/433/1667 1659/431/1659

usemtl material_661
vt 0.6787879 0.1096972
f 4074/481/4074 4072/435/4072 4084/434/4084

usemtl material_662
vt 0.6789083 0.1055715
f 4074/481/4074 4056/482/4056 4072/435/4072

usemtl material_663
vt 0.4691997 0.0005471
f 1340/483/1340 1338/402/1338 1337/403/1337

usemtl material_664
vt 0.6809401 0.0132914
f 4079/410/4079 4078/367/4078 4028/484/4028

usemtl material_665
vt 0.3636602 0.0089596
f 1329/443/1329 1300/407/1300 1327/485/1327

usemtl material_666
vt 0.7930598 0.3637110
f 1096/412/1096 727/486/727 1046/413/1046

usemtl material_459
f 1046/413/1046 642/445/642 1045/301/1045

usemtl material_546
vt 0.2742126 0.0180769
f 1296/414/1296 1297/415/1297 1317/487/1317

usemtl material_667
vt 0.8071360 0.3702598
f 642/445/642 643/488/643 644/374/644

usemtl material_546
vt 0.2552519 0.0280001
f 1297/415/1297 1264/416/1264 1309/489/1309

usemtl material_668
f 644/374/644 643/488/643 645/446/645

usemtl material_599
vt 0.1957138 0.0491578
f 1257/418/1257 1271/490/1271 1276/448/1276

usemtl material_669
vt 0.1835779 0.0516846
f 1271/490/1271 1257/418/1257 1259/491/1259

usemtl material_670
vt 0.1438575 0.0624098
f 1214/420/1214 1215/452/1215 1249/492/1249

usemtl material_635
vt 0.8391678 0.4047371
f 963/493/963 957/454/957 959/453/959

usemtl material_603
vt 0.1104100 0.0765818
f 1215/452/1215 1162/421/1162 1216/494/1216

usemtl material_604
vt 0.0998800 0.0844237
f 1162/421/1162 1166/495/1166 1216/494/1216

usemtl material_671
vt 0.0737034 0.1050801
f 1161/457/1161 1170/460/1170 1171/496/1171

usemtl material_672
f 1170/460/1170 1178/461/1178 1171/496/1171

usemtl material_673
vt 0.8597178 0.4206538
f 950/458/950 413/497/413 941/462/941

usemtl material_674
vt 0.0753562 0.1190576
f 1178/461/1178 1179/498/1179 1171/496/1171

usemtl material_675
vt 0.0756702 0.1299224
f 1178/461/1178 1362/499/1362 1179/498/1179

usemtl material_645
f 1364/465/1364 1362/499/1362 1178/461/1178

usemtl material_676
vt 0.0991624 0.1423446
f 1364/465/1364 1366/500/1366 1362/499/1362

usemtl material_677
f 1364/465/1364 1365/466/1365 1366/500/1366

usemtl material_638
vt 0.8866529 0.4313195
vt 0.8888280 0.4255376
f 937/464/937 940/501/940 925/502/925

usemtl material_678
vt 0.1179901 0.1535616
f 1365/466/1365 1412/503/1412 1366/500/1366

usemtl material_638
vt 0.8971808 0.4311510
f 940/501/940 917/504/917 925/502/925

usemtl material_270
f 1365/466/1365 1410/425/1410 1412/503/1412

usemtl material_679
vt 0.1485079 0.1700137
f 1410/425/1410 1404/386/1404 1409/505/1409

usemtl material_680
f 1404/386/1404 1408/467/1408 1409/505/1409

usemtl material_681
vt 0.1745544 0.1815076
f 1413/426/1413 1458/506/1458 1408/467/1408

usemtl material_682
f 1459/471/1459 1458/506/1458 1413/426/1413

usemtl material_683
vt 0.2024547 0.1961767
f 1463/472/1463 1464/507/1464 1459/471/1459

usemtl material_684
vt 0.2448765 0.2086903
f 1461/427/1461 1622/508/1622 1463/472/1463
f 1461/427/1461 1462/389/1462 1622/508/1622

usemtl material_42
vt 0.9389473 0.4314224
f 885/473/885 884/509/884 952/390/952

usemtl material_611
f 1462/389/1462 1621/392/1621 1622/508/1622

usemtl material_685
f 952/390/952 884/509/884 953/475/953

usemtl material_686
f 1019/352/1019 953/475/953 1017/477/1017

usemtl material_183
vt 0.9588755 0.4418203
f 1018/394/1018 1017/477/1017 1008/510/1008

usemtl material_687
f 1018/394/1018 1008/510/1008 1109/429/1109

usemtl material_688
vt 0.3331015 0.2339524
f 1651/428/1651 1657/511/1657 1642/476/1642

usemtl material_689
vt 0.9621689 0.4405549
f 1008/510/1008 1111/512/1111 1109/429/1109

usemtl material_690
vt 0.9609478 0.4353201
f 1109/429/1109 1111/512/1111 1126/513/1126

usemtl material_201
vt 0.5444958 0.2501123
f 1734/430/1734 1735/514/1735 1688/478/1688

usemtl material_691
vt 0.4879172 0.2544180
f 1635/397/1635 1662/515/1662 1636/398/1636

usemtl material_187
f 1636/398/1636 1662/515/1662 1637/399/1637

usemtl material_692
vt 0.4812942 0.2558188
f 1637/399/1637 1662/515/1662 1663/516/1663

usemtl material_693
f 1646/400/1646 1675/480/1675 1668/432/1668

usemtl material_694
f 1623/357/1623 1659/431/1659 1651/428/1651

usemtl material_695
vt 0.3653189 0.2473426
f 1659/431/1659 1660/517/1660 1651/428/1651

usemtl material_696
f 1630/361/1630 1668/432/1668 1667/433/1667

usemtl material_697
vt 0.4381146 0.2534372
f 1667/433/1667 1674/518/1674 1659/431/1659

usemtl material_698
vt 0.6786070 0.1127141
f 4074/481/4074 4084/434/4084 4058/519/4058

usemtl material_699
vt 0.4455845 0.0021735
f 1340/483/1340 1337/403/1337 1339/520/1339

usemtl material_700
f 1337/403/1337 1307/366/1307 1339/520/1339

usemtl material_701
f 1339/520/1339 1307/366/1307 1332/440/1332

usemtl material_702
f 4029/437/4029 4080/404/4080 4070/441/4070

usemtl material_194
vt 0.6789069 0.0932261
f 4055/521/4055 4073/438/4073 4072/435/4072

usemtl material_703
vt 0.6815169 0.0083119
f 4081/522/4081 4110/444/4110 4079/410/4079

usemtl material_704
vt 0.6828966 0.0038293
f 4081/522/4081 4117/523/4117 4110/444/4110

usemtl material_497
vt 0.6807704 0.0880232
f 4070/441/4070 4077/442/4077 4032/524/4032

usemtl material_498
vt 0.6801996 0.0901610
f 4032/524/4032 4077/442/4077 4034/525/4034

usemtl material_705
f 4034/525/4034 4077/442/4077 4073/438/4073

usemtl material_546
vt 0.3415316 0.0115138
f 1327/485/1327 1295/373/1295 1328/526/1328

usemtl material_630
vt 0.3260012 0.0119782
f 1328/526/1328 1295/373/1295 1330/527/1330

usemtl material_706
vt 0.2944984 0.0176843
f 1296/414/1296 1317/487/1317 1324/528/1324

usemtl material_707
f 1317/487/1317 1297/415/1297 1309/489/1309

usemtl material_630
f 1264/416/1264 1258/376/1258 1309/489/1309

usemtl material_708
vt 0.2261245 0.0315716
f 1309/489/1309 1258/376/1258 1311/529/1311

usemtl material_706
f 1258/376/1258 1276/448/1276 1311/529/1311

usemtl material_709
vt 0.8084320 0.3766344
f 643/488/643 849/530/849 645/446/645

usemtl material_710
f 645/446/645 849/530/849 850/447/850

usemtl material_574
vt 0.8180550 0.3786625
vt 0.8226619 0.3779269
f 850/447/850 979/531/979 978/532/978

usemtl material_711
vt 0.1615838 0.0519219
f 1259/491/1259 1256/533/1256 1271/490/1271

usemtl material_712
f 1256/533/1256 1259/491/1259 1223/419/1223

usemtl material_713
f 1256/533/1256 1223/419/1223 1249/492/1249

usemtl material_714
vt 0.1439132 0.0531690
f 1256/533/1256 1249/492/1249 1255/534/1255

usemtl material_715
vt 0.1180720 0.0546898
f 1250/535/1250 1249/492/1249 1216/494/1216

usemtl material_633
f 1249/492/1249 1215/452/1215 1216/494/1216

usemtl material_716
vt 0.8389221 0.4086981
f 963/493/963 855/536/855 957/454/957

usemtl material_717
vt 0.0764868 0.0737932
f 1216/494/1216 1166/495/1166 1224/537/1224

usemtl material_718
vt 0.0756917 0.0853982
f 1166/495/1166 1168/538/1168 1224/537/1224

usemtl material_719
vt 0.0613407 0.0844256
f 1168/538/1168 1172/539/1172 1224/537/1224

usemtl material_720
vt 0.0353543 0.0737023
vt 0.0359773 0.0844499
vt 0.0287868 0.0826187
f 1236/540/1236 1191/541/1191 1201/542/1201

usemtl material_721
vt 0.0373564 0.0938416
f 1172/539/1172 1190/543/1190 1191/541/1191

usemtl material_722
vt 0.0288092 0.0931367
f 1191/541/1191 1200/544/1200 1201/542/1201

usemtl material_723
vt 0.0169217 0.0844072
f 1201/542/1201 1200/544/1200 1204/545/1204

usemtl material_673
vt 0.8453490 0.4177299
vt 0.8520625 0.4189585
f 957/454/957 329/546/329 332/547/332

usemtl material_719
vt 0.0716943 0.0954424
f 1168/538/1168 1167/548/1167 1172/539/1172

usemtl material_724
f 1172/539/1172 1167/548/1167 1190/543/1190

usemtl material_722
f 1191/541/1191 1190/543/1190 1200/544/1200

usemtl material_725
vt 0.0166327 0.0930686
f 1200/544/1200 1203/549/1203 1204/545/1204

usemtl material_726
vt 0.0085077 0.0935840
f 1203/549/1203 1206/550/1206 1204/545/1204

usemtl material_727
vt 0.0084252 0.0830081
f 1204/545/1204 1206/550/1206 1209/551/1209

usemtl material_728
f 1161/457/1161 1167/548/1167 1168/538/1168

usemtl material_729
f 332/547/332 413/497/413 948/456/948

usemtl material_730
vt 0.0381113 0.1047951
f 1167/548/1167 1189/552/1189 1190/543/1190

usemtl material_731
vt 0.0288804 0.1055846
f 1200/544/1200 1190/543/1190 1199/553/1199

usemtl material_732
vt 0.0178887 0.1057938
f 1200/544/1200 1202/554/1202 1203/549/1203

usemtl material_733
f 1161/457/1161 1171/496/1171 1167/548/1167

usemtl material_734
f 1190/543/1190 1189/552/1189 1199/553/1199

usemtl material_735
f 1200/544/1200 1199/553/1199 1202/554/1202

usemtl material_736
vt 0.0083499 0.1047902
f 1202/554/1202 1205/555/1205 1203/549/1203

usemtl material_737
f 1203/549/1203 1205/555/1205 1206/550/1206

usemtl material_738
f 1167/548/1167 1171/496/1171 1189/552/1189

usemtl material_739
vt 0.0632773 0.1183574
f 1179/498/1179 1192/556/1192 1171/496/1171

usemtl material_740
vt 0.0480582 0.1179481
f 1171/496/1171 1193/557/1193 1189/552/1189

usemtl material_741
vt 0.0287594 0.1171682
f 1189/552/1189 1210/558/1210 1199/553/1199

usemtl material_742
f 1199/553/1199 1210/558/1210 1202/554/1202

usemtl material_743
vt 0.0167983 0.1166052
f 1202/554/1202 1207/559/1207 1205/555/1205

usemtl material_744
vt 0.0045641 0.1166974
vt 0.0047882 0.0980140
f 1205/555/1205 1427/560/1427 1419/561/1419

usemtl material_729
vt 0.8696149 0.4248843
f 413/497/413 414/562/414 941/462/941

usemtl material_745
f 1192/556/1192 1193/557/1193 1171/496/1171

usemtl material_746
vt 0.0353823 0.1175928
f 1189/552/1189 1193/557/1193 1194/563/1194

usemtl material_747
f 1194/563/1194 1210/558/1210 1189/552/1189

usemtl material_748
f 1202/554/1202 1210/558/1210 1207/559/1207

usemtl material_749
vt 0.0080847 0.1164155
f 1205/555/1205 1208/564/1208 1427/560/1427

usemtl material_750
f 1207/559/1207 1208/564/1208 1205/555/1205

usemtl material_676
vt 0.0589282 0.1316113
f 1179/498/1179 1362/499/1362 1361/565/1361

usemtl material_751
f 1179/498/1179 1361/565/1361 1192/556/1192

usemtl material_752
f 1192/556/1192 1361/565/1361 1193/557/1193

usemtl material_753
vt 0.0277319 0.1384746
f 1210/558/1210 1376/566/1376 1207/559/1207

usemtl material_729
vt 0.8771702 0.4303253
f 414/562/414 417/567/417 937/464/937

usemtl material_754
vt 0.0356733 0.1315546
f 1193/557/1193 1361/565/1361 1369/568/1369

usemtl material_755
f 1193/557/1193 1369/568/1369 1194/563/1194

usemtl material_756
f 1194/563/1194 1369/568/1369 1210/558/1210

usemtl material_757
f 1210/558/1210 1369/568/1369 1376/566/1376

usemtl material_758
vt 0.0155775 0.1302065
f 1376/566/1376 1375/569/1375 1207/559/1207

usemtl material_759
vt 0.0076182 0.1307278
f 1207/559/1207 1375/569/1375 1374/570/1374

usemtl material_760
f 1207/559/1207 1374/570/1374 1208/564/1208

usemtl material_761
vt 0.0760341 0.1414618
f 1366/500/1366 1378/571/1378 1362/499/1362

usemtl material_762
vt 0.0506467 0.1410087
f 1361/565/1361 1370/572/1370 1369/568/1369

usemtl material_763
vt 0.0339830 0.1399974
f 1369/568/1369 1377/573/1377 1376/566/1376

usemtl material_764
vt 0.0158904 0.1393074
vt 0.0084475 0.1393834
f 1375/569/1375 1381/574/1381 1380/575/1380

usemtl material_765
f 1375/569/1375 1380/575/1380 1374/570/1374

usemtl material_766
vt 0.0608706 0.1407545
f 1378/571/1378 1379/576/1379 1362/499/1362

usemtl material_767
f 1362/499/1362 1379/576/1379 1361/565/1361

usemtl material_768
f 1361/565/1361 1379/576/1379 1370/572/1370

usemtl material_769
f 1370/572/1370 1377/573/1377 1369/568/1369

usemtl material_770
f 1376/566/1376 1381/574/1381 1375/569/1375

usemtl material_771
f 937/464/937 417/567/417 940/501/940

usemtl material_772
f 1366/500/1366 1412/503/1412 1378/571/1378

usemtl material_773
vt 0.0750746 0.1533938
f 1412/503/1412 1416/577/1416 1378/571/1378

usemtl material_771
vt 0.8890125 0.4365105
f 940/501/940 418/578/418 917/504/917

usemtl material_774
vt 0.1011193 0.1600971
f 1412/503/1412 1417/579/1417 1416/577/1416

usemtl material_729
vt 0.8978093 0.4377331
f 917/504/917 418/578/418 936/580/936

usemtl material_674
vt 0.1205670 0.1688043
f 1410/425/1410 1411/581/1411 1412/503/1412

usemtl material_775
f 1412/503/1412 1411/581/1411 1417/579/1417

usemtl material_776
f 1410/425/1410 1409/505/1409 1411/581/1411

usemtl material_638
vt 0.9087583 0.4418236
f 917/504/917 936/580/936 916/582/916

usemtl material_777
f 1408/467/1408 1458/506/1458 1409/505/1409

usemtl material_682
vt 0.1474287 0.1824426
f 1458/506/1458 1456/583/1456 1409/505/1409

usemtl material_778
f 1459/471/1459 1464/507/1464 1458/506/1458

usemtl material_779
vt 0.9447267 0.4395089
f 884/509/884 886/584/886 953/475/953

usemtl material_780
vt 0.3007267 0.2323802
f 1642/476/1642 1658/585/1658 1641/474/1641

usemtl material_781
f 1642/476/1642 1657/511/1657 1658/585/1658

usemtl material_688
vt 0.3438799 0.2453414
f 1651/428/1651 1661/586/1661 1657/511/1657

usemtl material_782
vt 0.5458264 0.2549493
f 1735/514/1735 1738/587/1738 1688/478/1688

usemtl material_783
vt 0.5402197 0.2577550
f 1688/478/1688 1664/588/1664 1639/395/1639

usemtl material_784
f 1639/395/1639 1664/588/1664 1638/396/1638

usemtl material_785
vt 0.5242474 0.2584640
f 1664/588/1664 1670/589/1670 1638/396/1638

usemtl material_786
f 1638/396/1638 1670/589/1670 1635/397/1635

usemtl material_787
f 1635/397/1635 1670/589/1670 1662/515/1662

usemtl material_203
f 1663/516/1663 1669/479/1669 1637/399/1637

usemtl material_788
vt 0.4655586 0.2602090
f 1675/480/1675 1676/590/1676 1668/432/1668

usemtl material_789
vt 0.4022068 0.2556582
f 1674/518/1674 1690/591/1690 1659/431/1659

usemtl material_790
f 1668/432/1668 1676/590/1676 1667/433/1667

usemtl material_791
f 1667/433/1667 1676/590/1676 1674/518/1674

usemtl material_792
vt 0.6760220 0.1499550
vt 0.6802943 0.1440158
vt 0.6827474 0.1913283
f 4035/592/4035 4057/593/4057 4036/594/4036

usemtl material_793
f 4055/521/4055 4072/435/4072 4056/482/4056

usemtl material_794
vt 0.6778412 0.0451688
f 4027/595/4027 4028/484/4028 4029/437/4029

usemtl material_795
vt 0.6785834 0.0824721
f 4029/437/4029 4070/441/4070 4030/596/4030

usemtl material_290
f 4030/596/4030 4070/441/4070 4032/524/4032

usemtl material_796
f 4055/521/4055 4034/525/4034 4073/438/4073

usemtl material_797
vt 0.7866515 0.3708260
f 727/486/727 720/597/720 1046/413/1046

usemtl material_798
vt 0.6854249 0.3035734
vt 0.6881706 0.3457549
vt 0.6842594 0.3429057
f 4051/598/4051 4061/599/4061 4052/600/4052

usemtl material_799
vt 0.7912108 0.3713601
f 1046/413/1046 640/601/640 642/445/642

usemtl material_800
vt 0.1824103 0.0374077
f 1311/529/1311 1276/448/1276 1305/602/1305

usemtl material_692
vt 0.8134572 0.3800502
f 849/530/849 981/603/981 979/531/979

usemtl material_801
f 849/530/849 979/531/979 850/447/850

usemtl material_802
f 1276/448/1276 1271/490/1271 1305/602/1305

usemtl material_803
vt 0.1664814 0.0415345
f 1305/602/1305 1271/490/1271 1291/604/1291

usemtl material_713
f 1271/490/1271 1256/533/1256 1291/604/1291

usemtl material_804
vt 0.8291709 0.4054866
vt 0.8257596 0.4087749
f 973/605/973 854/606/854 855/536/855

usemtl material_805
f 973/605/973 855/536/855 963/493/963

usemtl material_806
vt 0.0979810 0.0574942
f 1250/535/1250 1216/494/1216 1248/607/1248

usemtl material_807
f 1216/494/1216 1224/537/1224 1248/607/1248

usemtl material_808
vt 0.0636101 0.0724341
vt 0.0483655 0.0735811
vt 0.0543685 0.0596772
f 1234/608/1234 1235/609/1235 1245/610/1245

usemtl material_809
vt 0.0304493 0.0588631
f 1236/540/1236 1201/542/1201 1241/611/1241

usemtl material_810
vt 0.0162915 0.0722194
f 1241/611/1241 1201/542/1201 1227/612/1227

usemtl material_811
f 1201/542/1201 1204/545/1204 1227/612/1227

usemtl material_812
f 1227/612/1227 1204/545/1204 1209/551/1209

usemtl material_813
vt 0.0083598 0.0724742
f 1227/612/1227 1209/551/1209 1228/613/1228

usemtl material_673
f 855/536/855 329/546/329 957/454/957

usemtl material_814
vt 0.0047365 0.0808212
f 1209/551/1209 1419/561/1419 1444/614/1444

usemtl material_815
vt 0.8725584 0.4302369
f 332/547/332 201/615/201 413/497/413

usemtl material_729
f 413/497/413 201/615/201 414/562/414
f 414/562/414 201/615/201 417/567/417

usemtl material_816
vt 0.0065303 0.1441843
f 1380/575/1380 1423/616/1423 1374/570/1374

usemtl material_817
vt 0.0039733 0.1369990
f 1374/570/1374 1423/616/1423 1443/617/1443

usemtl material_673
vt 0.8832456 0.4361316
f 417/567/417 203/618/203 940/501/940

usemtl material_818
f 940/501/940 203/618/203 418/578/418

usemtl material_819
f 1378/571/1378 1416/577/1416 1379/576/1379

usemtl material_820
vt 0.0629352 0.1529908
f 1379/576/1379 1416/577/1416 1418/619/1418

usemtl material_821
f 1379/576/1379 1418/619/1418 1370/572/1370

usemtl material_822
vt 0.0495556 0.1533727
f 1370/572/1370 1418/619/1418 1414/620/1414

usemtl material_823
f 1370/572/1370 1414/620/1414 1377/573/1377

usemtl material_824
vt 0.0299199 0.1515120
f 1377/573/1377 1414/620/1414 1415/621/1415

usemtl material_825
f 1377/573/1377 1415/621/1415 1376/566/1376

usemtl material_826
vt 0.0161354 0.1503747
f 1415/621/1415 1421/622/1421 1376/566/1376

usemtl material_827
f 1376/566/1376 1421/622/1421 1381/574/1381

usemtl material_828
vt 0.0073031 0.1502761
f 1381/574/1381 1420/623/1420 1380/575/1380

usemtl material_829
f 1380/575/1380 1420/623/1420 1423/616/1423

usemtl material_830
f 1421/622/1421 1420/623/1420 1381/574/1381

usemtl material_818
vt 0.8954540 0.4418323
f 418/578/418 409/624/409 936/580/936

usemtl material_831
vt 0.1029633 0.1688128
f 1411/581/1411 1429/625/1429 1417/579/1417

usemtl material_832
vt 0.1157427 0.1732428
f 1411/581/1411 1457/626/1457 1429/625/1429

usemtl material_833
f 1411/581/1411 1409/505/1409 1457/626/1457

usemtl material_681
f 1456/583/1456 1457/626/1457 1409/505/1409

usemtl material_834
vt 0.9170631 0.4517052
vt 0.9108838 0.4378878
f 916/582/916 900/627/900 894/628/894

usemtl material_835
vt 0.1870961 0.1962842
vt 0.1642823 0.1939754
f 1458/506/1458 1481/629/1481 1480/630/1480

usemtl material_683
f 1458/506/1458 1464/507/1464 1481/629/1481

usemtl material_836
vt 0.2231048 0.2140586
f 1463/472/1463 1644/631/1644 1464/507/1464
f 1463/472/1463 1622/508/1622 1644/631/1644

usemtl material_611
vt 0.2551420 0.2197647
f 1621/392/1621 1645/632/1645 1622/508/1622
f 1621/392/1621 1641/474/1641 1645/632/1645

usemtl material_837
vt 0.2813061 0.2305090
f 1641/474/1641 1658/585/1658 1666/633/1666

usemtl material_838
f 1651/428/1651 1660/517/1660 1661/586/1661

usemtl material_839
vt 0.5431544 0.2630483
f 1738/587/1738 1700/634/1700 1688/478/1688

usemtl material_840
f 1688/478/1688 1700/634/1700 1664/588/1664

usemtl material_193
f 1669/479/1669 1676/590/1676 1675/480/1675

usemtl material_602
f 1659/431/1659 1690/591/1690 1660/517/1660

usemtl material_841
vt 0.4869663 0.2627017
f 1662/515/1662 1698/635/1698 1663/516/1663

usemtl material_842
vt 0.4386280 0.2714010
f 1676/590/1676 1708/636/1708 1674/518/1674

usemtl material_843
vt 0.4295888 0.2715892
f 1708/636/1708 1710/637/1710 1674/518/1674

usemtl material_844
vt 0.6715916 0.0932074
f 4054/638/4054 4055/521/4055 4056/482/4056

usemtl material_584
vt 0.6768380 0.0108517
vt 0.6679705 0.0139850
f 4059/639/4059 4028/484/4028 3775/640/3775

usemtl material_401
f 3775/640/3775 4028/484/4028 4027/595/4027

usemtl material_354
vt 0.6745747 0.0897740
f 4055/521/4055 4033/641/4033 4034/525/4034

usemtl material_845
vt 0.7814928 0.3698425
f 727/486/727 717/642/717 720/597/720

usemtl material_846
f 720/597/720 640/601/640 1046/413/1046

usemtl material_847
vt 0.6874042 0.3727830
f 4052/600/4052 4061/599/4061 4053/643/4053

usemtl material_848
vt 0.7947080 0.3749931
f 640/601/640 641/644/641 642/445/642

usemtl material_849
f 642/445/642 641/644/641 643/488/643

usemtl material_850
f 641/644/641 849/530/849 643/488/643

usemtl material_851
vt 0.8179368 0.3999839
f 981/603/981 977/645/977 979/531/979

usemtl material_852
vt 0.1358936 0.0427209
f 1291/604/1291 1256/533/1256 1285/646/1285
f 1256/533/1256 1255/534/1255 1285/646/1285

usemtl material_853
f 1255/534/1255 1250/535/1250 1285/646/1285

usemtl material_854
vt 0.1196824 0.0428302
f 1285/646/1285 1250/535/1250 1286/647/1286

usemtl material_855
vt 0.8189567 0.4033280
vt 0.8207855 0.4066603
f 976/648/976 857/649/857 973/605/973

usemtl material_856
vt 0.8368068 0.4177258
f 854/606/854 330/650/330 855/536/855

usemtl material_857
vt 0.0747831 0.0581994
f 1248/607/1248 1224/537/1224 1246/651/1246

usemtl material_718
f 1246/651/1246 1234/608/1234 1245/610/1245

usemtl material_858
vt 0.0444099 0.0602081
f 1245/610/1245 1235/609/1235 1247/652/1247

usemtl material_808
f 1247/652/1247 1235/609/1235 1236/540/1236

usemtl material_859
f 1247/652/1247 1236/540/1236 1241/611/1241

usemtl material_860
f 1246/651/1246 1224/537/1224 1234/608/1234

usemtl material_861
vt 0.0190363 0.0596635
vt 0.0083705 0.0636570
f 1243/653/1243 1227/612/1227 1244/654/1244

usemtl material_862
f 1241/611/1241 1227/612/1227 1243/653/1243

usemtl material_863
f 1227/612/1227 1228/613/1228 1244/654/1244

usemtl material_864
vt 0.0047189 0.0696878
f 1244/654/1244 1228/613/1228 1424/655/1424

usemtl material_673
vt 0.8488437 0.4231502
f 329/546/329 180/656/180 332/547/332

usemtl material_815
vt 0.8676549 0.4321207
f 180/656/180 178/657/178 201/615/201

usemtl material_673
f 332/547/332 180/656/180 201/615/201

usemtl material_865
vt 0.0031907 0.1544629
f 1423/616/1423 1420/623/1420 1614/658/1614

usemtl material_866
f 1423/616/1423 1614/658/1614 1443/617/1443

usemtl material_867
vt 0.0489335 0.1654828
f 1414/620/1414 1428/659/1428 1415/621/1415

usemtl material_868
vt 0.0213702 0.1634274
f 1415/621/1415 1432/660/1432 1421/622/1421

usemtl material_869
vt 0.0742802 0.1676413
vt 0.0637204 0.1667238
f 1416/577/1416 1430/661/1430 1431/662/1431

usemtl material_870
f 1416/577/1416 1431/662/1431 1418/619/1418

usemtl material_871
f 1418/619/1418 1431/662/1431 1428/659/1428

usemtl material_872
f 1418/619/1418 1428/659/1428 1414/620/1414

usemtl material_873
vt 0.0331314 0.1641634
f 1428/659/1428 1433/663/1433 1415/621/1415

usemtl material_874
f 1416/577/1416 1417/579/1417 1430/661/1430

usemtl material_875
f 1417/579/1417 1429/625/1429 1430/661/1430

usemtl material_876
f 1429/625/1429 1457/626/1457 1430/661/1430

usemtl material_771
vt 0.9103352 0.4527910
f 936/580/936 409/624/409 489/664/489

usemtl material_681
vt 0.1204926 0.1864994
f 1457/626/1457 1456/583/1456 1476/665/1476

usemtl material_634
f 916/582/916 489/664/489 900/627/900

usemtl material_778
f 1458/506/1458 1480/630/1480 1456/583/1456
vt 0.1408565 0.1909224
f 1456/583/1456 1480/630/1480 1479/666/1479

usemtl material_836
f 1464/507/1464 1644/631/1644 1481/629/1481

usemtl material_877
vt 0.2411368 0.2196238
f 1645/632/1645 1643/667/1643 1622/508/1622

usemtl material_878
f 1622/508/1622 1643/667/1643 1644/631/1644

usemtl material_879
f 1641/474/1641 1666/633/1666 1645/632/1645

usemtl material_72
vt 0.9570367 0.4497609
f 953/475/953 886/584/886 956/668/956

usemtl material_880
f 953/475/953 956/668/956 1017/477/1017

usemtl material_881
vt 0.3073878 0.2408546
f 1657/511/1657 1671/669/1671 1658/585/1658
f 1657/511/1657 1661/586/1661 1671/669/1671

usemtl material_882
vt 0.9687694 0.4555166
f 1008/510/1008 1002/670/1002 1111/512/1111

usemtl material_703
f 1670/589/1670 1698/635/1698 1662/515/1662

usemtl material_883
vt 0.4697550 0.2727952
f 1663/516/1663 1701/671/1701 1669/479/1669

usemtl material_884
vt 0.6684471 0.1068648
vt 0.6672670 0.1099799
f 4075/672/4075 4074/481/4074 4026/673/4026

usemtl material_185
f 4026/673/4026 4074/481/4074 4058/519/4058

usemtl material_885
vt 0.6674030 0.1123759
f 4026/673/4026 4058/519/4058 3962/674/3962

usemtl material_886
vt 0.6669838 0.1465394
f 3959/675/3959 4057/593/4057 4035/592/4035

usemtl material_622
vt 0.6665204 0.0659400
vt 0.6668378 0.0832466
f 3765/676/3765 4029/437/4029 3766/677/3766

usemtl material_795
f 3766/677/3766 4029/437/4029 4030/596/4030

usemtl material_887
f 4075/672/4075 4056/482/4056 4074/481/4074

usemtl material_888
vt 0.6667779 0.1877431
vt 0.6761535 0.2204905
f 3960/678/3960 4036/594/4036 4037/679/4037

usemtl material_44
vt 0.6759239 0.0076003
vt 0.6708001 0.0088860
vt 0.6706349 0.0041478
f 4093/680/4093 4060/681/4060 4116/682/4116

usemtl material_889
vt 0.6787729 0.3778840
f 4052/600/4052 4053/643/4053 4050/683/4050

usemtl material_890
vt 0.6869481 0.4099231
f 4050/683/4050 4053/643/4053 4049/684/4049

usemtl material_891
vt 0.2463249 0.0195743
vt 0.2248718 0.0174876
f 1321/685/1321 1311/529/1311 1323/686/1323

usemtl material_892
vt 0.2194244 0.0208108
f 1323/686/1323 1311/529/1311 1322/687/1322

usemtl material_710
vt 0.7993464 0.3800430
f 641/644/641 848/688/848 849/530/849

usemtl material_344
vt 0.8053496 0.3818473
vt 0.8076560 0.3826681
f 849/530/849 860/689/860 982/690/982

usemtl material_548
vt 0.1982862 0.0193681
f 1311/529/1311 1305/602/1305 1313/691/1313

usemtl material_833
vt 0.1033259 0.0422736
f 1286/647/1286 1250/535/1250 1287/692/1287

usemtl material_893
vt 0.0757317 0.0433333
f 1250/535/1250 1279/693/1279 1287/692/1287

usemtl material_804
f 857/649/857 854/606/854 973/605/973

usemtl material_894
vt 0.0740104 0.0504935
f 1279/693/1279 1248/607/1248 1272/694/1272

usemtl material_895
f 1248/607/1248 1246/651/1246 1272/694/1272

usemtl material_896
vt 0.0548781 0.0486309
f 1272/694/1272 1245/610/1245 1281/695/1281

usemtl material_550
f 1245/610/1245 1247/652/1247 1281/695/1281

usemtl material_897
vt 0.0379343 0.0542886
f 1281/695/1281 1247/652/1247 1283/696/1283

usemtl material_717
f 1272/694/1272 1246/651/1246 1245/610/1245

usemtl material_859
f 1283/696/1283 1247/652/1247 1241/611/1241

usemtl material_898
vt 0.0095107 0.0509177
vt 0.0083520 0.0555800
f 1278/697/1278 1243/653/1243 1253/698/1253

usemtl material_899
f 1243/653/1243 1244/654/1244 1253/698/1253

usemtl material_900
vt 0.0050798 0.0592928
f 1253/698/1253 1244/654/1244 1386/699/1386

usemtl material_901
f 1244/654/1244 1424/655/1424 1386/699/1386

usemtl material_902
vt 0.8823687 0.4442741
f 201/615/201 178/657/178 179/700/179

usemtl material_641
f 201/615/201 179/700/179 203/618/203

usemtl material_818
vt 0.8920341 0.4460615
f 418/578/418 320/701/320 409/624/409

usemtl material_903
f 1433/663/1433 1432/660/1432 1415/621/1415

usemtl material_904
f 1421/622/1421 1432/660/1432 1420/623/1420

usemtl material_905
vt 0.0067983 0.1630577
f 1432/660/1432 1437/702/1437 1420/623/1420

usemtl material_906
f 1420/623/1420 1437/702/1437 1614/658/1614

usemtl material_644
vt 0.0502159 0.1699564
f 1431/662/1431 1474/703/1474 1428/659/1428

usemtl material_907
f 1474/703/1474 1433/663/1433 1428/659/1428

usemtl material_876
vt 0.0753304 0.1796428
f 1457/626/1457 1471/704/1471 1430/661/1430

usemtl material_908
vt 0.1044110 0.1805664
f 1475/705/1475 1471/704/1471 1457/626/1457

usemtl material_909
f 1476/665/1476 1475/705/1475 1457/626/1457

usemtl material_910
f 1456/583/1456 1479/666/1479 1476/665/1476

usemtl material_835
vt 0.1706329 0.2047850
f 1480/630/1480 1649/706/1649 1479/666/1479

usemtl material_911
f 1481/629/1481 1649/706/1649 1480/630/1480

usemtl material_778
vt 0.2083050 0.2159497
vt 0.1701431 0.2159660
f 1654/707/1654 1655/708/1655 1481/629/1481

usemtl material_911
f 1644/631/1644 1654/707/1654 1481/629/1481

usemtl material_836
f 1644/631/1644 1643/667/1643 1654/707/1654

usemtl material_912
vt 0.9504306 0.4484420
f 886/584/886 887/709/887 956/668/956

usemtl material_654
f 1658/585/1658 1671/669/1671 1666/633/1666

usemtl material_563
vt 0.3314803 0.2477431
f 1661/586/1661 1717/710/1717 1671/669/1671

usemtl material_913
vt 0.9683707 0.4453328
f 1002/670/1002 1128/711/1128 1111/512/1111

usemtl material_914
vt 0.3702917 0.2658256
f 1690/591/1690 1719/712/1719 1660/517/1660

usemtl material_40
vt 0.9719647 0.4526838
f 1128/711/1128 1002/670/1002 1127/713/1127

usemtl material_915
vt 0.5432565 0.2711139
vt 0.5399777 0.2743112
f 1700/634/1700 1725/714/1725 1707/715/1707

usemtl material_617
f 1700/634/1700 1707/715/1707 1664/588/1664

usemtl material_916
vt 0.5231960 0.2765180
f 1707/715/1707 1706/716/1706 1664/588/1664

usemtl material_917
f 1670/589/1670 1664/588/1664 1706/716/1706

usemtl material_918
f 1670/589/1670 1706/716/1706 1698/635/1698

usemtl material_919
vt 0.4969926 0.2735389
vt 0.4864170 0.2728562
f 1705/717/1705 1703/718/1703 1698/635/1698

usemtl material_229
vt 0.4806156 0.2730033
f 1698/635/1698 1703/718/1703 1699/719/1699

usemtl material_134
f 1698/635/1698 1699/719/1699 1663/516/1663
f 1699/719/1699 1701/671/1701 1663/516/1663

usemtl material_920
f 1674/518/1674 1710/637/1710 1690/591/1690

usemtl material_921
vt 0.4667862 0.2725159
vt 0.4641927 0.2725632
f 1702/720/1702 1709/721/1709 1676/590/1676

usemtl material_922
f 3959/675/3959 4035/592/4035 3960/678/3960

usemtl material_150
vt 0.6660256 0.0380873
f 4027/595/4027 3765/676/3765 3767/722/3767

usemtl material_923
vt 0.6663202 0.0935115
vt 0.6661326 0.1061512
f 3769/723/3769 4054/638/4054 3768/724/3768

usemtl material_924
f 3768/724/3768 4056/482/4056 4075/672/4075

usemtl material_888
vt 0.6671324 0.2234306
f 3960/678/3960 4037/679/4037 3958/725/3958

usemtl material_925
vt 0.6672478 0.0076516
f 4060/681/4060 4109/726/4109 4116/682/4116

usemtl material_926
f 4054/638/4054 4033/641/4033 4055/521/4055

usemtl material_354
vt 0.6697753 0.0901546
f 4054/638/4054 4025/727/4025 4033/641/4033

usemtl material_927
vt 0.6672633 0.2547930
f 4037/679/4037 3961/728/3961 3958/725/3958

usemtl material_928
vt 0.6669569 0.2877228
vt 0.6857330 0.2828994
vt 0.6658047 0.3077738
f 3955/729/3955 4040/730/4040 3945/731/3945
f 3945/731/3945 4040/730/4040 4051/598/4051

usemtl material_503
f 4051/598/4051 4052/600/4052 3945/731/3945

usemtl material_548
vt 0.6771780 0.4139414
f 4050/683/4050 4049/684/4049 4048/732/4048

usemtl material_715
vt 0.6841149 0.4382786
f 4048/732/4048 4049/684/4049 4047/733/4047

usemtl material_929
f 1323/686/1323 1322/687/1322 1313/691/1313
vt 0.1560315 0.0196033
f 1312/734/1312 1305/602/1305 1291/604/1291

usemtl material_930
f 1312/734/1312 1291/604/1291 1285/646/1285

usemtl material_931
vt 0.0384113 0.0342625
f 1290/735/1290 1281/695/1281 1283/696/1283

usemtl material_932
vt 0.0294087 0.0339942
f 1283/696/1283 1241/611/1241 1288/736/1288

usemtl material_933
vt 0.0083433 0.0444354
f 1278/697/1278 1253/698/1253 1292/737/1292

usemtl material_739
f 1241/611/1241 1243/653/1243 1288/736/1288

usemtl material_934
f 1243/653/1243 1278/697/1278 1288/736/1288

usemtl material_935
vt 0.0050236 0.0467391
f 1253/698/1253 1386/699/1386 1652/738/1652

usemtl material_673
vt 0.8336264 0.4228691
f 181/739/181 180/656/180 329/546/329

usemtl material_936
f 330/650/330 181/739/181 329/546/329

usemtl material_815
f 203/618/203 179/700/179 320/701/320

usemtl material_818
vt 0.8950682 0.4507715
f 320/701/320 326/740/326 409/624/409

usemtl material_937
vt 0.0265308 0.1749112
f 1433/663/1433 1477/741/1477 1432/660/1432

usemtl material_938
vt 0.0156059 0.1747123
f 1477/741/1477 1472/742/1472 1432/660/1432

usemtl material_939
f 1432/660/1432 1472/742/1472 1437/702/1437

usemtl material_940
vt 0.0064048 0.1745713
f 1472/742/1472 1473/743/1473 1437/702/1437

usemtl material_941
vt 0.0035969 0.1650870
f 1437/702/1437 1473/743/1473 1615/744/1615

usemtl material_818
vt 0.9059128 0.4547811
f 409/624/409 408/745/408 489/664/489

usemtl material_942
vt 0.0627369 0.1782381
f 1430/661/1430 1471/704/1471 1470/746/1470

usemtl material_648
f 1430/661/1430 1470/746/1470 1431/662/1431

usemtl material_943
f 1431/662/1431 1470/746/1470 1474/703/1474

usemtl material_944
vt 0.0478393 0.1776308
f 1474/703/1474 1470/746/1470 1478/747/1478

usemtl material_945
f 1474/703/1474 1478/747/1478 1477/741/1477

usemtl material_946
f 1474/703/1474 1477/741/1477 1433/663/1433

usemtl material_947
vt 0.1036357 0.1865305
f 1475/705/1475 1613/748/1613 1471/704/1471

usemtl material_948
f 1476/665/1476 1613/748/1613 1475/705/1475

usemtl material_635
vt 0.9184498 0.4620502
f 489/664/489 491/749/491 900/627/900

usemtl material_683
vt 0.1520359 0.2074571
f 1649/706/1649 1648/750/1648 1479/666/1479

usemtl material_835
f 1481/629/1481 1655/708/1655 1649/706/1649

usemtl material_910
vt 0.1917362 0.2172636
f 1654/707/1654 1678/751/1678 1655/708/1655

usemtl material_949
vt 0.2405791 0.2295112
vt 0.2178859 0.2350864
f 1681/752/1681 1680/753/1680 1643/667/1643

usemtl material_950
f 1645/632/1645 1666/633/1666 1681/752/1681

usemtl material_951
f 1645/632/1645 1681/752/1681 1643/667/1643

usemtl material_952
vt 0.2748032 0.2475545
f 1666/633/1666 1671/669/1671 1687/754/1687

usemtl material_953
vt 0.3539670 0.2646456
f 1718/755/1718 1717/710/1717 1661/586/1661

usemtl material_881
f 1660/517/1660 1718/755/1718 1661/586/1661

usemtl material_914
vt 0.3871877 0.2781399
f 1721/756/1721 1719/712/1719 1690/591/1690

usemtl material_42
f 1706/716/1706 1705/717/1705 1698/635/1698

usemtl material_954
f 1669/479/1669 1701/671/1701 1676/590/1676

usemtl material_329
f 1676/590/1676 1701/671/1701 1702/720/1702

usemtl material_955
f 1676/590/1676 1709/721/1709 1708/636/1708

usemtl material_956
f 4026/673/4026 3768/724/3768 4075/672/4075

usemtl material_883
vt 0.6655837 0.0902417
f 3769/723/3769 3777/757/3777 4054/638/4054

usemtl material_957
vt 0.6635281 0.0091202
f 4109/726/4109 4060/681/4060 3778/758/3778

usemtl material_502
f 3778/758/3778 4060/681/4060 3775/640/3775

usemtl material_958
f 3777/757/3777 4025/727/4025 4054/638/4054

usemtl material_355
f 3766/677/3766 4033/641/4033 4025/727/4025

usemtl material_959
vt 0.6845233 0.2533280
f 4038/759/4038 4040/730/4040 3961/728/3961

usemtl material_960
f 3961/728/3961 4040/730/4040 3955/729/3955

usemtl material_961
vt 0.7789419 0.3768271
f 619/760/619 640/601/640 720/597/720

usemtl material_464
vt 0.7924970 0.3815663
f 641/644/641 847/761/847 848/688/848

usemtl material_692
vt 0.7962207 0.3844970
vt 0.8000075 0.3852084
f 848/688/848 859/762/859 864/763/864

usemtl material_962
vt 0.1709463 0.0188170
f 1313/691/1313 1312/734/1312 1326/764/1326

usemtl material_963
vt 0.8065081 0.4025815
vt 0.8055002 0.4069092
vt 0.8117092 0.4010026
f 866/765/866 863/766/863 980/767/980

usemtl material_203
f 980/767/980 863/766/863 976/648/976

usemtl material_964
vt 0.1381774 0.0205147
f 1312/734/1312 1285/646/1285 1316/768/1316

usemtl material_965
vt 0.1251754 0.0209680
f 1316/768/1316 1285/646/1285 1315/769/1315

usemtl material_966
vt 0.0959559 0.0247924
f 1315/769/1315 1286/647/1286 1314/770/1314

usemtl material_964
f 1286/647/1286 1287/692/1287 1314/770/1314

usemtl material_967
vt 0.8091091 0.4093313
f 856/771/856 854/606/854 857/649/857

usemtl material_968
vt 0.0886536 0.0367364
f 1287/692/1287 1279/693/1279 1304/772/1304

usemtl material_893
vt 0.0680826 0.0373067
f 1279/693/1279 1272/694/1272 1280/773/1280

usemtl material_636
f 1280/773/1280 1272/694/1272 1281/695/1281

usemtl material_969
vt 0.0573880 0.0353435
f 1280/773/1280 1281/695/1281 1282/774/1282

usemtl material_970
vt 0.0480436 0.0373048
f 1282/774/1282 1281/695/1281 1299/775/1299

usemtl material_971
f 1290/735/1290 1283/696/1283 1288/736/1288

usemtl material_944
f 1281/695/1281 1290/735/1290 1299/775/1299

usemtl material_972
vt 0.0184796 0.0340274
f 1289/776/1289 1278/697/1278 1292/737/1292

usemtl material_973
f 1292/737/1292 1253/698/1253 1652/738/1652

usemtl material_974
vt 0.8254890 0.4220913
f 187/777/187 181/739/181 330/650/330
vt 0.8267119 0.4190642
f 386/778/386 187/777/187 330/650/330

usemtl material_815
vt 0.8493310 0.4359414
f 180/656/180 146/779/146 178/657/178

usemtl material_638
vt 0.8838431 0.4581708
f 179/700/179 166/780/166 320/701/320

usemtl material_975
vt 0.9012213 0.4608649
f 326/740/326 368/781/368 408/745/408

usemtl material_976
vt 0.0037988 0.1810203
f 1473/743/1473 1656/782/1656 1615/744/1615

usemtl material_771
f 408/745/408 491/749/491 489/664/489

usemtl material_910
vt 0.1161317 0.2037924
f 1479/666/1479 1634/783/1634 1476/665/1476

usemtl material_977
f 1476/665/1476 1634/783/1634 1613/748/1613

usemtl material_910
vt 0.1355856 0.2051994
f 1479/666/1479 1647/784/1647 1634/783/1634

usemtl material_778
f 1479/666/1479 1648/750/1648 1647/784/1647
f 1649/706/1649 1655/708/1655 1648/750/1648

usemtl material_978
vt 0.9222479 0.4580455
vt 0.9287813 0.4669082
vt 0.9270622 0.4561430
f 902/785/902 889/786/889 872/787/872

usemtl material_949
f 1643/667/1643 1680/753/1680 1654/707/1654

usemtl material_979
f 1654/707/1654 1680/753/1680 1678/751/1678

usemtl material_980
vt 0.9541995 0.4542941
f 887/709/887 896/788/896 956/668/956

usemtl material_981
vt 0.2357691 0.2429957
f 1666/633/1666 1686/789/1686 1681/752/1681

usemtl material_982
f 1666/633/1666 1687/754/1687 1686/789/1686

usemtl material_878
vt 0.2864662 0.2497036
f 1671/669/1671 1714/790/1714 1687/754/1687

usemtl material_983
vt 0.9731070 0.4731717
f 1008/510/1008 1017/477/1017 1010/791/1010

usemtl material_654
vt 0.3247512 0.2619752
f 1716/792/1716 1671/669/1671 1717/710/1717

usemtl material_881
f 1718/755/1718 1716/792/1716 1717/710/1717

usemtl material_654
f 1660/517/1660 1719/712/1719 1718/755/1718

usemtl material_614
vt 0.9757604 0.4604589
f 1127/713/1127 1002/670/1002 1000/793/1000

usemtl material_984
vt 0.5430244 0.2795405
f 1725/714/1725 1729/794/1729 1707/715/1707

usemtl material_420
vt 0.4024422 0.2795405
f 1710/637/1710 1720/795/1720 1690/591/1690

usemtl material_985
f 1690/591/1690 1720/795/1720 1721/756/1721

usemtl material_986
vt 0.0897041 0.2807038
vt 0.1173212 0.2952273
vt 0.1152546 0.2811234
f 2778/796/2778 2752/797/2752 2782/798/2782

usemtl material_987
vt 0.6541250 0.0324081
f 3739/799/3739 3767/722/3767 3765/676/3765

usemtl material_988
f 3778/758/3778 4116/682/4116 4109/726/4109

usemtl material_989
f 717/642/717 619/760/619 720/597/720

usemtl material_990
vt 0.7819185 0.3810186
f 619/760/619 636/800/636 640/601/640

usemtl material_991
f 640/601/640 636/800/636 641/644/641

usemtl material_548
vt 0.6665273 0.3987623
f 4050/683/4050 4048/732/4048 3974/801/3974

usemtl material_501
f 641/644/641 636/800/636 847/761/847

usemtl material_807
vt 0.6840073 0.4736739
vt 0.6710510 0.4760654
f 4047/733/4047 4046/802/4046 4041/803/4041

usemtl material_992
vt 0.6820109 0.5099401
f 4046/802/4046 4042/804/4042 4041/803/4041

usemtl material_993
f 1287/692/1287 1304/772/1304 1314/770/1314

usemtl material_728
vt 0.0747596 0.0257007
f 1304/772/1304 1279/693/1279 1310/805/1310

usemtl material_994
f 1310/805/1310 1279/693/1279 1280/773/1280

usemtl material_995
vt 0.0086160 0.0346953
f 1289/776/1289 1292/737/1292 1293/806/1293

usemtl material_996
vt 0.0058999 0.0375260
f 1293/806/1293 1292/737/1292 1454/807/1454

usemtl material_997
f 1292/737/1292 1652/738/1652 1454/807/1454

usemtl material_998
vt 0.8194821 0.4202023
f 854/606/854 385/808/385 386/778/386

usemtl material_729
vt 0.8637294 0.4440952
f 178/657/178 146/779/146 148/809/148
f 320/701/320 166/780/166 326/740/326

usemtl material_818
vt 0.8959333 0.4586026
f 326/740/326 379/810/379 368/781/368

usemtl material_673
vt 0.9070115 0.4628059
f 368/781/368 383/811/383 408/745/408

usemtl material_999
vt 0.0476408 0.1985696
f 1470/746/1470 1625/812/1625 1478/747/1478

usemtl material_1000
vt 0.0343683 0.1901147
f 1478/747/1478 1624/813/1624 1477/741/1477

usemtl material_1001
vt 0.0211478 0.1891199
f 1477/741/1477 1624/813/1624 1616/814/1616

usemtl material_1002
f 1477/741/1477 1616/814/1616 1472/742/1472

usemtl material_1003
f 1472/742/1472 1616/814/1616 1473/743/1473

usemtl material_1004
vt 0.0059037 0.1880818
f 1473/743/1473 1626/815/1626 1656/782/1656

usemtl material_771
vt 0.9164941 0.4668077
f 408/745/408 398/816/398 491/749/491

usemtl material_680
f 1478/747/1478 1625/812/1625 1624/813/1624

usemtl material_854
vt 0.0759656 0.1999036
f 1613/748/1613 1631/817/1631 1471/704/1471

usemtl material_1005
vt 0.0917495 0.2019261
f 1613/748/1613 1634/783/1634 1633/818/1633

usemtl material_1006
vt 0.9255828 0.4695503
f 491/749/491 901/819/901 902/785/902

usemtl material_663
vt 0.9462933 0.4468818
vt 0.9444005 0.4621209
vt 0.9542760 0.4582343
f 869/820/869 871/821/871 874/822/874

usemtl material_1007
vt 0.3066170 0.2591766
f 1715/823/1715 1714/790/1714 1671/669/1671

usemtl material_1008
f 1671/669/1671 1716/792/1716 1715/823/1715

usemtl material_983
vt 0.9748033 0.4736786
f 1008/510/1008 1010/791/1010 1003/824/1003

usemtl material_1009
f 1008/510/1008 1003/824/1003 1002/670/1002

usemtl material_1010
vt 0.1873544 0.2976300
vt 0.2002036 0.2849481
vt 0.1839024 0.2836157
f 2733/825/2733 2774/826/2774 2775/827/2775

usemtl material_1011
vt 0.0570282 0.2802945
vt 0.0668423 0.2927430
vt 0.0675772 0.2799937
f 2777/828/2777 2760/829/2760 2770/830/2770

usemtl material_1012
vt 0.0728907 0.2961698
vt 0.0733455 0.2804284
f 2770/830/2770 2730/831/2730 2771/832/2771

usemtl material_1013
vt 0.0838078 0.2967954
vt 0.0841690 0.2807088
f 2771/832/2771 2739/833/2739 2776/834/2776

usemtl material_1014
f 2771/832/2771 2730/831/2730 2739/833/2739

usemtl material_1015
vt 0.0871173 0.2805097
f 2776/834/2776 2739/833/2739 2796/835/2796

usemtl material_1016
vt 0.0884918 0.2991880
f 2796/835/2796 2749/836/2749 2778/796/2778

usemtl material_1017
vt 0.1242511 0.2821534
f 2782/798/2782 2752/797/2752 2783/837/2783

usemtl material_1018
vt 0.6585433 0.1112523
vt 0.6581262 0.1267816
f 3949/838/3949 3962/674/3962 3947/839/3947

usemtl material_658
vt 0.6572857 0.0942197
vt 0.6572224 0.0912463
f 3761/840/3761 3771/841/3771 3769/723/3769

usemtl material_707
vt 0.6540854 0.1787357
f 3884/842/3884 3960/678/3960 3958/725/3958

usemtl material_1019
vt 0.6547663 0.2089034
vt 0.6552773 0.2220916
f 3885/843/3885 3958/725/3958 3883/844/3883

usemtl material_231
vt 0.6583971 0.0092533
vt 0.6596117 0.0042811
f 3778/758/3778 3772/845/3772 4114/846/4114

usemtl material_1020
f 3772/845/3772 3778/758/3778 3775/640/3775

usemtl material_1021
vt 0.6586162 0.0132108
f 3772/845/3772 3775/640/3775 3743/847/3743

usemtl material_1022
vt 0.6608388 0.0900465
f 3769/723/3769 3776/848/3776 3777/757/3777

usemtl material_1023
vt 0.7713778 0.3761962
f 717/642/717 713/849/713 619/760/619

usemtl material_419
vt 0.6654215 0.3427185
vt 0.6648886 0.3682185
f 3946/850/3946 4050/683/4050 3944/851/3944

usemtl material_1024
vt 0.7851148 0.3858520
f 636/800/636 846/852/846 847/761/847

usemtl material_897
vt 0.0579686 0.0289860
vt 0.0509193 0.0258347
f 1319/853/1319 1282/774/1282 1320/854/1320

usemtl material_992
f 1310/805/1310 1280/773/1280 1319/853/1319

usemtl material_944
f 1282/774/1282 1299/775/1299 1320/854/1320

usemtl material_1025
f 1320/854/1320 1299/775/1299 1290/735/1290

usemtl material_1026
vt 0.6897932 0.7272027
vt 0.6915851 0.7311640
vt 0.6876778 0.7324945
f 4106/855/4106 4107/856/4107 4105/857/4105

usemtl material_974
f 386/778/386 385/808/385 187/777/187

usemtl material_673
vt 0.8271255 0.4338287
f 151/858/151 146/779/146 180/656/180
f 181/739/181 151/858/151 180/656/180

usemtl material_638
f 178/657/178 148/809/148 166/780/166
f 178/657/178 166/780/166 179/700/179

usemtl material_1027
vt 0.8847055 0.4619570
vt 0.8900177 0.4569536
f 166/780/166 167/859/167 381/860/381

usemtl material_638
f 166/780/166 381/860/381 326/740/326
vt 0.8925486 0.4607185
f 381/860/381 380/861/380 326/740/326

usemtl material_902
f 326/740/326 380/861/380 379/810/379

usemtl material_1028
f 1616/814/1616 1626/815/1626 1473/743/1473

usemtl material_673
vt 0.9114920 0.4683900
f 383/811/383 388/862/388 398/816/398

usemtl material_807
f 1471/704/1471 1631/817/1631 1470/746/1470

usemtl material_806
vt 0.0619539 0.1986963
f 1470/746/1470 1631/817/1631 1632/863/1632

usemtl material_1029
f 1470/746/1470 1632/863/1632 1625/812/1625

usemtl material_1030
f 1613/748/1613 1633/818/1633 1631/817/1631

usemtl material_641
vt 0.9231644 0.4749874
f 398/816/398 427/864/427 491/749/491

usemtl material_635
f 491/749/491 427/864/427 901/819/901

usemtl material_910
vt 0.1438255 0.2200406
f 1648/750/1648 1677/865/1677 1647/784/1647

usemtl material_948
f 1647/784/1647 1677/865/1677 1634/783/1634
f 1648/750/1648 1655/708/1655 1677/865/1677

usemtl material_1031
vt 0.1850073 0.2312164
f 1680/753/1680 1679/866/1679 1678/751/1678

usemtl material_980
vt 0.9593649 0.4622964
f 896/788/896 895/867/895 956/668/956

usemtl material_1023
vt 0.9658021 0.4663665
f 956/668/956 895/867/895 961/868/961

usemtl material_1032
f 956/668/956 961/868/961 1017/477/1017

usemtl material_1033
vt 0.2167640 0.2998592
vt 0.2476248 0.2878718
vt 0.2293965 0.2873266
f 2735/869/2735 2772/870/2772 2773/871/2773

usemtl material_1034
vt 0.1947854 0.2981839
f 2733/825/2733 2734/872/2734 2774/826/2774

usemtl material_1035
vt 0.9793552 0.4773801
f 1002/670/1002 997/873/997 1000/793/1000

usemtl material_1010
vt 0.1661353 0.2935231
f 2751/874/2751 2733/825/2733 2775/827/2775

usemtl material_568
vt 0.9791853 0.4681557
f 997/873/997 999/875/999 1000/793/1000

usemtl material_1036
vt 0.0112254 0.2928647
vt 0.0150171 0.2982402
vt 0.0141788 0.2795405
f 2764/876/2764 2729/877/2729 2763/878/2763

usemtl material_915
vt 0.0111074 0.2847165
f 2795/879/2795 2764/876/2764 2763/878/2763

usemtl material_1037
vt 0.0308492 0.2823392
f 2763/878/2763 2729/877/2729 2762/880/2762

usemtl material_1038
f 2777/828/2777 2762/880/2762 2760/829/2760

usemtl material_584
f 2770/830/2770 2760/829/2760 2730/831/2730

usemtl material_1039
vt 0.1508374 0.2929672
f 2783/837/2783 2752/797/2752 2750/881/2750

usemtl material_1040
vt 0.6554279 0.0081575
f 3772/845/3772 4108/882/4108 4114/846/4114

usemtl material_708
vt 0.6564316 0.2556446
f 3886/883/3886 3955/729/3955 3945/731/3945

usemtl material_1041
vt 0.7711561 0.3813878
f 713/849/713 617/884/617 619/760/619

usemtl material_853
vt 0.6638226 0.4376371
f 3975/885/3975 3974/801/3974 4048/732/4048

usemtl material_1042
vt 0.6817458 0.5297846
vt 0.6647635 0.5158285
f 4042/804/4042 4043/886/4043 3969/887/3969

usemtl material_856
vt 0.7997188 0.4167511
vt 0.8117085 0.4122957
f 856/771/856 845/888/845 852/889/852

usemtl material_1043
f 1310/805/1310 1319/853/1319 1320/854/1320

usemtl material_1044
vt 0.0378828 0.0215932
f 1320/854/1320 1290/735/1290 1333/890/1333

usemtl material_971
f 1333/890/1333 1290/735/1290 1288/736/1288

usemtl material_871
vt 0.0298249 0.0203061
f 1333/890/1333 1288/736/1288 1336/891/1336

usemtl material_645
f 1288/736/1288 1289/776/1289 1336/891/1336

usemtl material_1045
vt 0.0171938 0.0195947
f 1336/891/1336 1289/776/1289 1334/892/1334

usemtl material_1046
vt 0.0082965 0.0237302
f 1334/892/1334 1289/776/1289 1325/893/1325

usemtl material_1047
f 1289/776/1289 1293/806/1293 1325/893/1325

usemtl material_1048
vt 0.6814767 0.7269183
f 4100/894/4100 4106/855/4106 4105/857/4105

usemtl material_1049
vt 0.8175161 0.4250890
f 385/808/385 169/895/169 187/777/187

usemtl material_974
f 187/777/187 151/858/151 181/739/181

usemtl material_673
vt 0.8948029 0.4649799
f 379/810/379 356/896/356 368/781/368

usemtl material_1050
vt 0.0296149 0.1975070
f 1624/813/1624 1650/897/1650 1616/814/1616

usemtl material_1051
vt 0.0069076 0.1964334
f 1616/814/1616 1650/897/1650 1653/898/1653

usemtl material_831
f 1616/814/1616 1653/898/1653 1626/815/1626

usemtl material_604
f 1624/813/1624 1625/812/1625 1650/897/1650

usemtl material_650
vt 0.0490253 0.2068447
f 1632/863/1632 1673/899/1673 1625/812/1625

usemtl material_909
vt 0.1131804 0.2232674
f 1634/783/1634 1682/900/1682 1633/818/1633
f 1655/708/1655 1679/866/1679 1677/865/1677

usemtl material_977
f 1678/751/1678 1679/866/1679 1655/708/1655

usemtl material_835
vt 0.2150289 0.2451456
f 1686/789/1686 1712/901/1712 1680/753/1680

usemtl material_1052
vt 0.2803650 0.2825550
vt 0.3119525 0.2878491
vt 0.3194689 0.2859138
f 2790/902/2790 2788/903/2788 2789/904/2789

usemtl material_1053
vt 0.2734082 0.2971827
f 2790/902/2790 2761/905/2761 2788/903/2788
vt 0.2685870 0.2823864
f 2791/906/2791 2761/905/2761 2790/902/2790

usemtl material_1054
f 2791/906/2791 2772/870/2772 2761/905/2761

usemtl material_1055
f 1017/477/1017 961/868/961 1010/791/1010

usemtl material_1056
f 2774/826/2774 2735/869/2735 2773/871/2773

usemtl material_1057
f 1002/670/1002 1003/824/1003 997/873/997

usemtl material_1058
vt 0.9815096 0.4734055
f 997/873/997 985/907/985 999/875/999

usemtl material_1059
vt 0.0670972 0.2982211
f 2762/880/2762 2729/877/2729 2728/908/2728

usemtl material_1060
f 2762/880/2762 2728/908/2728 2760/829/2760

usemtl material_849
f 2739/833/2739 2749/836/2749 2796/835/2796

usemtl material_1061
f 2778/796/2778 2749/836/2749 2752/797/2752

usemtl material_1062
vt 0.6487799 0.0046282
f 4115/909/4115 4114/846/4114 4108/882/4108

usemtl material_1022
vt 0.6538602 0.0841280
f 3741/910/3741 3766/677/3766 3776/848/3776

usemtl material_802
vt 0.6593312 0.3428217
f 3945/731/3945 3946/850/3946 3943/911/3943

usemtl material_1063
vt 0.7669889 0.3865125
f 617/884/617 618/912/618 619/760/619

usemtl material_1064
f 618/912/618 636/800/636 619/760/619

usemtl material_891
vt 0.6624990 0.3965030
f 3944/851/3944 3974/801/3974 3908/913/3908

usemtl material_480
vt 0.7800319 0.3885558
f 636/800/636 840/914/840 846/852/846

usemtl material_1065
vt 0.7955403 0.4068946
vt 0.7945613 0.4116381
vt 0.8012549 0.4051706
f 861/915/861 843/916/843 862/917/862

usemtl material_1066
vt 0.7969431 0.4142597
f 843/916/843 844/918/844 863/766/863

usemtl material_1067
f 862/917/862 843/916/843 863/766/863

usemtl material_1068
vt 0.6815020 0.5535480
vt 0.6812592 0.5708496
vt 0.6650497 0.5464664
f 4044/919/4044 4045/920/4045 3967/921/3967

usemtl material_856
f 844/918/844 845/888/845 856/771/856

usemtl material_634
f 863/766/863 844/918/844 856/771/856

usemtl material_1068
vt 0.0755651 0.0171904
f 1314/770/1314 1310/805/1310 1342/922/1342

usemtl material_1069
f 1310/805/1310 1320/854/1320 1342/922/1342

usemtl material_1070
vt 0.0521662 0.0154771
f 1342/922/1342 1320/854/1320 1341/923/1341

usemtl material_859
f 1341/923/1341 1320/854/1320 1333/890/1333

usemtl material_1071
vt 0.0082525 0.0150173
f 1334/892/1334 1325/893/1325 1335/924/1335

usemtl material_975
vt 0.8099982 0.4222726
f 845/888/845 382/925/382 852/889/852

usemtl material_1072
vt 0.6767205 0.7311219
f 4100/894/4100 4105/857/4105 4098/926/4098

usemtl material_974
f 382/925/382 169/895/169 385/808/385
f 169/895/169 151/858/151 187/777/187

usemtl material_729
vt 0.8387827 0.4473213
f 146/779/146 147/927/147 148/809/148

usemtl material_1073
vt 0.8865364 0.4677618
vt 0.8895022 0.4633527
f 381/860/381 464/928/464 404/929/404

usemtl material_1074
f 381/860/381 404/929/404 380/861/380

usemtl material_638
f 380/861/380 356/896/356 379/810/379

usemtl material_673
vt 0.9027115 0.4709693
f 368/781/368 356/896/356 361/930/361
f 368/781/368 361/930/361 383/811/383
f 383/811/383 361/930/361 388/862/388
vt 0.9163164 0.4750979
f 388/862/388 390/931/390 398/816/398

usemtl material_1075
vt 0.0018423 0.1979275
vt 0.0020763 0.1882511
f 1626/815/1626 1704/932/1704 1696/933/1696

usemtl material_1076
vt 0.0042363 0.2009032
f 1653/898/1653 1689/934/1689 1626/815/1626

usemtl material_729
f 398/816/398 390/931/390 427/864/427

usemtl material_1030
vt 0.0738153 0.2087010
f 1631/817/1631 1633/818/1633 1672/935/1672

usemtl material_1077
f 1672/935/1672 1673/899/1673 1631/817/1631
f 1631/817/1631 1673/899/1673 1632/863/1632

usemtl material_634
vt 0.9281404 0.4788291
f 427/864/427 919/936/919 901/819/901

usemtl material_947
f 1634/783/1634 1677/865/1677 1682/900/1682

usemtl material_1078
vt 0.1229515 0.2235888
f 1677/865/1677 1684/937/1684 1682/900/1682

usemtl material_1079
vt 0.9310694 0.4758819
f 901/819/901 919/936/919 890/938/890

usemtl material_909
vt 0.1523662 0.2305989
f 1679/866/1679 1697/939/1697 1677/865/1677

usemtl material_1080
f 1680/753/1680 1712/901/1712 1679/866/1679

usemtl material_1081
vt 0.1729092 0.2434301
f 1712/901/1712 1713/940/1713 1679/866/1679

usemtl material_1082
vt 0.3396901 0.2923417
f 2788/903/2788 2787/941/2787 2789/904/2789

usemtl material_1083
vt 0.9628612 0.4700944
f 895/867/895 898/942/898 961/868/961

usemtl material_1084
vt 0.3136893 0.3023059
f 2788/903/2788 2761/905/2761 2741/943/2741

usemtl material_530
vt 0.0112801 0.2983836
f 2764/876/2764 2757/944/2757 2729/877/2729

usemtl material_1085
f 2760/829/2760 2728/908/2728 2730/831/2730

usemtl material_1086
vt 0.1396621 0.3134032
f 2752/797/2752 2699/945/2699 2750/881/2750

usemtl material_852
vt 0.1571569 0.3031631
f 2699/945/2699 2732/946/2732 2750/881/2750

usemtl material_1087
vt 0.1159796 0.2995148
f 2749/836/2749 2748/947/2748 2752/797/2752

usemtl material_1088
vt 0.6470666 0.1116900
vt 0.6452528 0.1073064
vt 0.6534504 0.1112836
f 3881/948/3881 3759/949/3759 3948/950/3948

usemtl material_1089
vt 0.6553288 0.1064071
f 3948/950/3948 3759/949/3759 3762/951/3762

usemtl material_1090
vt 0.6505827 0.0089696
f 3773/952/3773 4115/909/4115 4108/882/4108

usemtl material_1091
vt 0.7616316 0.3829241
f 714/953/714 617/884/617 713/849/713

usemtl material_1041
vt 0.7713276 0.3879517
f 618/912/618 647/954/647 636/800/636

usemtl material_1092
f 647/954/647 840/914/840 636/800/636

usemtl material_402
vt 0.7891190 0.4099348
f 861/915/861 842/955/842 843/916/843

usemtl material_1093
vt 0.6667922 0.6973471
vt 0.6798827 0.6870812
vt 0.6789563 0.6978467
f 3973/956/3973 4066/957/4066 4067/958/4067

usemtl material_1094
vt 0.6748716 0.7266237
f 4069/959/4069 4100/894/4100 4098/926/4098

usemtl material_974
vt 0.8101875 0.4257567
f 382/925/382 185/960/185 169/895/169

usemtl material_1095
vt 0.8769564 0.4644091
f 148/809/148 150/961/150 166/780/166

usemtl material_1096
vt 0.8972299 0.4722717
f 356/896/356 352/962/352 361/930/361

usemtl material_815
vt 0.9079335 0.4741411
f 361/930/361 389/963/389 388/862/388
f 389/963/389 390/931/390 388/862/388

usemtl material_853
vt 0.0308578 0.2055377
f 1625/812/1625 1691/964/1691 1650/897/1650

usemtl material_1097
f 1650/897/1650 1691/964/1691 1653/898/1653

usemtl material_1098
vt 0.0107201 0.2175426
f 1691/964/1691 1692/965/1692 1653/898/1653

usemtl material_1099
vt 0.0044192 0.2123051
f 1653/898/1653 1692/965/1692 1693/966/1693

usemtl material_1100
f 1653/898/1653 1693/966/1693 1689/934/1689

usemtl material_1077
f 1625/812/1625 1673/899/1673 1691/964/1691

usemtl material_777
vt 0.0885454 0.2188958
f 1633/818/1633 1683/967/1683 1672/935/1672

usemtl material_1027
vt 0.9268126 0.4843764
f 427/864/427 438/968/438 919/936/919

usemtl material_947
f 1682/900/1682 1683/967/1683 1633/818/1633

usemtl material_1101
f 1677/865/1677 1697/939/1697 1684/937/1684

usemtl material_1102
vt 0.9354154 0.4849247
f 919/936/919 891/969/891 890/938/890

usemtl material_1080
f 1679/866/1679 1713/940/1713 1697/939/1697

usemtl material_1103
vt 0.9426612 0.4712889
vt 0.9467083 0.4856778
vt 0.9511780 0.4778817
f 873/970/873 877/971/877 876/972/876

usemtl material_1104
f 2788/903/2788 2741/943/2741 2787/941/2787

usemtl material_596
vt 0.9728729 0.4844923
f 961/868/961 1047/973/1047 1010/791/1010

usemtl material_1105
vt 0.2472534 0.3019607
f 2772/870/2772 2735/869/2735 2725/974/2725
f 2734/872/2734 2735/869/2735 2774/826/2774

usemtl material_1106
f 2750/881/2750 2732/946/2732 2751/874/2751

usemtl material_1107
f 2751/874/2751 2732/946/2732 2733/825/2733

usemtl material_1108
vt 0.0121740 0.3074292
f 2757/944/2757 2747/975/2747 2729/877/2729

usemtl material_1109
f 2748/947/2748 2699/945/2699 2752/797/2752

usemtl material_802
vt 0.6407117 0.3176645
vt 0.6533567 0.2913465
f 3808/976/3808 3942/977/3942 3943/911/3943

usemtl material_1110
vt 0.7762345 0.3948877
vt 0.7822815 0.3935618
f 840/914/840 838/978/838 841/979/841

usemtl material_777
vt 0.6613897 0.4260353
vt 0.6612636 0.4774747
f 3906/980/3906 3975/885/3975 3907/981/3907

usemtl material_896
f 3907/981/3907 4041/803/4041 3969/887/3969

usemtl material_1111
vt 0.7853270 0.3924065
f 865/982/865 841/979/841 842/955/842

usemtl material_1112
vt 0.6654652 0.5774289
f 3967/921/3967 4045/920/4045 3965/983/3965

usemtl material_1069
vt 0.6766190 0.6367927
vt 0.6752406 0.6680154
vt 0.6666203 0.6372882
f 4063/984/4063 4065/985/4065 3968/986/3968

usemtl material_1113
vt 0.6666076 0.6628683
f 3968/986/3968 4065/985/4065 3970/987/3970

usemtl material_1114
vt 0.6663998 0.6859983
f 4065/985/4065 4066/957/4066 3971/988/3971

usemtl material_1115
vt 0.6688971 0.7266197
vt 0.6783771 0.7147053
f 4031/989/4031 4068/990/4068 4069/959/4069

usemtl material_1116
f 3971/988/3971 4066/957/4066 3973/956/3973

usemtl material_1117
f 4067/958/4067 4068/990/4068 3973/956/3973

usemtl material_673
f 146/779/146 151/858/151 147/927/147

usemtl material_1095
vt 0.8581555 0.4554229
f 148/809/148 149/991/149 150/961/150

usemtl material_1118
f 166/780/166 150/961/150 167/859/167

usemtl material_1119
vt 0.8850134 0.4672261
f 167/859/167 424/992/424 381/860/381

usemtl material_1120
vt 0.8868957 0.4703807
f 464/928/464 432/993/432 404/929/404

usemtl material_1121
f 404/929/404 432/993/432 380/861/380

usemtl material_1119
vt 0.8920082 0.4745471
f 380/861/380 351/994/351 356/896/356

usemtl material_1122
f 356/896/356 351/994/351 352/962/352

usemtl material_1096
vt 0.9025580 0.4756718
f 361/930/361 391/995/391 389/963/389

usemtl material_1123
vt 0.0011435 0.2116136
f 1704/932/1704 1689/934/1689 1727/996/1727

usemtl material_1124
vt 0.0308488 0.2208676
f 1695/997/1695 1692/965/1692 1691/964/1691

usemtl material_1125
vt 0.0711150 0.2188278
f 1672/935/1672 1683/967/1683 1685/998/1685

usemtl material_1126
f 1672/935/1672 1685/998/1685 1673/899/1673
vt 0.0435213 0.2197314
f 1673/899/1673 1694/999/1694 1691/964/1691

usemtl material_451
vt 0.9396979 0.4778693
vt 0.9424602 0.4866639
f 878/1000/878 893/1001/893 877/971/877

usemtl material_1127
vt 0.3390324 0.3049906
f 2741/943/2741 2740/1002/2740 2787/941/2787

usemtl material_1128
vt 0.9660059 0.4770151
f 898/942/898 899/1003/899 961/868/961

usemtl material_1129
vt 0.2753397 0.3048720
f 2761/905/2761 2724/1004/2724 2741/943/2741

usemtl material_1130
vt 0.8920361 0.7389897
vt 0.8846046 0.7411744
vt 0.8799819 0.7342928
f 3509/1005/3509 3508/1006/3508 3502/1007/3502

usemtl material_1033
f 2725/974/2725 2761/905/2761 2772/870/2772

usemtl material_1131
f 2725/974/2725 2724/1004/2724 2761/905/2761

usemtl material_1105
vt 0.2120179 0.3166282
f 2734/872/2734 2690/1008/2690 2735/869/2735

usemtl material_1132
vt 0.9839948 0.4842733
f 997/873/997 983/1009/983 985/907/985

usemtl material_1133
vt 0.9858648 0.4822115
f 983/1009/983 984/1010/984 985/907/985

usemtl material_1134
vt 0.0451438 0.3143662
f 2729/877/2729 2705/1011/2705 2728/908/2728

usemtl material_1135
vt 0.0679868 0.3130143
f 2728/908/2728 2705/1011/2705 2706/1012/2706

usemtl material_1136
vt 0.0727176 0.3114365
f 2706/1012/2706 2707/1013/2707 2730/831/2730

usemtl material_121
f 2728/908/2728 2706/1012/2706 2730/831/2730

usemtl material_1137
f 2730/831/2730 2707/1013/2707 2739/833/2739

usemtl material_658
vt 0.0841956 0.3125464
f 2707/1013/2707 2710/1014/2710 2739/833/2739

usemtl material_1138
vt 0.6416802 0.1486981
vt 0.6540439 0.1455389
f 3792/1015/3792 3881/948/3881 3887/1016/3887

usemtl material_1139
vt 0.6422366 0.0141834
vt 0.6427900 0.0647517
f 3696/1017/3696 3739/799/3739 3703/1018/3703

usemtl material_1140
vt 0.6538302 0.0645596
f 3703/1018/3703 3739/799/3739 3740/1019/3740

usemtl material_120
f 3703/1018/3703 3740/1019/3740 3741/910/3741

usemtl material_1141
vt 0.6420771 0.0079582
f 3773/952/3773 3774/1020/3774 4115/909/4115

usemtl material_1142
vt 0.7709442 0.3947302
f 647/954/647 835/1021/835 840/914/840

usemtl material_1143
f 840/914/840 835/1021/835 838/978/838

usemtl material_252
vt 0.7741734 0.3991837
f 838/978/838 837/1022/837 841/979/841

usemtl material_574
vt 0.7821424 0.4149231
f 841/979/841 832/1023/832 842/955/842

usemtl material_893
vt 0.6573792 0.5052372
f 3907/981/3907 3969/887/3969 3909/1024/3909

usemtl material_1144
vt 0.7875562 0.4198914
f 843/916/843 830/1025/830 844/918/844

usemtl material_804
vt 0.7923322 0.4213692
f 844/918/844 830/1025/830 839/1026/839

usemtl material_998
f 844/918/844 839/1026/839 845/888/845

usemtl material_1145
vt 0.6662025 0.6155453
f 3966/1027/3966 4063/984/4063 3968/986/3968

usemtl material_1146
f 3970/987/3970 4065/985/4065 3971/988/3971

usemtl material_1147
f 3973/956/3973 4068/990/4068 4031/989/4031

usemtl material_1148
vt 0.6657216 0.7312097
f 4031/989/4031 4098/926/4098 4092/1028/4092

usemtl material_974
vt 0.8000508 0.4270176
f 845/888/845 325/1029/325 382/925/382

usemtl material_1149
vt 0.8029438 0.4294484
f 325/1029/325 184/1030/184 382/925/382
f 382/925/382 184/1030/184 185/960/185

usemtl material_974
vt 0.8027736 0.4382147
f 185/960/185 168/1031/168 169/895/169

usemtl material_1119
vt 0.9041998 0.4790375
f 466/1032/466 389/963/389 391/995/391
vt 0.9046361 0.4808677
f 466/1032/466 467/1033/467 389/963/389

usemtl material_1150
vt 0.9066709 0.4814434
f 389/963/389 467/1033/467 405/1034/405

usemtl material_1096
vt 0.9091192 0.4808996
f 389/963/389 405/1034/405 287/1035/287

usemtl material_729
f 389/963/389 287/1035/287 390/931/390
vt 0.9183653 0.4792990
f 390/931/390 287/1035/287 395/1036/395

usemtl material_638
vt 0.9220809 0.4888989
f 395/1036/395 287/1035/287 285/1037/285

usemtl material_1151
f 1689/934/1689 1693/966/1693 1727/996/1727

usemtl material_1150
vt 0.9262681 0.4907515
f 395/1036/395 285/1037/285 304/1038/304

usemtl material_638
f 395/1036/395 304/1038/304 438/968/438

usemtl material_1152
f 1673/899/1673 1685/998/1685 1694/999/1694

usemtl material_1077
f 1691/964/1691 1694/999/1694 1695/997/1695

usemtl material_947
vt 0.0896637 0.2321590
f 1682/900/1682 1724/1039/1724 1683/967/1683

usemtl material_1153
vt 0.9320948 0.4921157
f 438/968/438 498/1040/498 891/969/891

usemtl material_1030
vt 0.4330588 0.2894509
vt 0.4371133 0.3114303
vt 0.4427375 0.2909442
f 2794/1041/2794 2745/1042/2745 2793/1043/2793

usemtl material_1082
vt 0.3889156 0.3061047
vt 0.4067307 0.3087825
vt 0.4032210 0.2907590
f 2756/1044/2756 2755/1045/2755 2792/1046/2792

usemtl material_1154
vt 0.3814847 0.2992871
f 2781/1047/2781 2756/1044/2756 2792/1046/2792

usemtl material_1155
vt 0.8809032 0.7386691
f 3508/1006/3508 3468/1048/3468 3502/1007/3502

usemtl material_1156
vt 0.9817597 0.5005015
f 1010/791/1010 1047/973/1047 1013/1049/1013

usemtl material_1157
f 2735/869/2735 2690/1008/2690 2725/974/2725

usemtl material_1034
f 2733/825/2733 2690/1008/2690 2734/872/2734

usemtl material_1158
vt 0.1826250 0.3150880
f 2732/946/2732 2701/1050/2701 2733/825/2733

usemtl material_1159
vt 0.0124175 0.3148479
f 2747/975/2747 2704/1051/2704 2729/877/2729

usemtl material_1160
f 2704/1051/2704 2705/1011/2705 2729/877/2729

usemtl material_1161
vt 0.1643573 0.3149011
f 2699/945/2699 2698/1052/2698 2732/946/2732

usemtl material_348
vt 0.0885775 0.3140091
f 2739/833/2739 2710/1014/2710 2708/1053/2708

usemtl material_1083
f 2739/833/2739 2708/1053/2708 2749/836/2749

usemtl material_1162
f 2749/836/2749 2708/1053/2708 2748/947/2748

usemtl material_1163
vt 0.1171500 0.3140041
f 2748/947/2748 2708/1053/2708 2700/1054/2700

usemtl material_1164
f 2748/947/2748 2700/1054/2700 2699/945/2699

usemtl material_250
vt 0.6457705 0.0839476
vt 0.6479785 0.0907942
vt 0.6430620 0.0908804
f 3710/1055/3710 3742/1056/3742 3724/1057/3724

usemtl material_406
vt 0.6447582 0.0936704
f 3757/1058/3757 3724/1057/3724 3742/1056/3742

usemtl material_708
vt 0.6420853 0.2854611
f 3886/883/3886 3942/977/3942 3876/1059/3876

usemtl material_1165
vt 0.7573766 0.3906749
f 714/953/714 620/1060/620 617/884/617

usemtl material_692
f 841/979/841 837/1022/837 832/1023/832

usemtl material_1166
vt 0.7844262 0.4153498
f 842/955/842 832/1023/832 831/1061/831

usemtl material_964
vt 0.6528509 0.5473439
f 3909/1024/3909 3969/887/3969 3873/1062/3873

usemtl material_1167
f 843/916/843 831/1061/831 830/1025/830

usemtl material_1168
vt 0.6630789 0.7264483
f 3973/956/3973 4031/989/4031 3972/1063/3972

usemtl material_1149
f 184/1030/184 168/1031/168 185/960/185

usemtl material_1169
vt 0.8881315 0.4807639
f 432/993/432 415/1064/415 380/861/380

usemtl material_1170
f 380/861/380 415/1064/415 351/994/351

usemtl material_1171
vt 0.0039599 0.2204662
f 1692/965/1692 1711/1065/1711 1693/966/1693

usemtl material_1005
f 1683/967/1683 1724/1039/1724 1685/998/1685

usemtl material_910
vt 0.0726230 0.2308054
f 1724/1039/1724 1723/1066/1723 1685/998/1685

usemtl material_1027
f 438/968/438 304/1038/304 498/1040/498

usemtl material_1081
f 2792/1046/2792 2755/1045/2755 2794/1041/2794

usemtl material_835
f 2794/1041/2794 2755/1045/2755 2745/1042/2745

usemtl material_1172
vt 0.9413185 0.4979668
f 891/969/891 903/1067/903 893/1001/893

usemtl material_202
vt 0.9475777 0.4979230
vt 0.9466007 0.4900065
f 893/1001/893 904/1068/904 907/1069/907

usemtl material_1173
vt 0.3620328 0.3063435
f 2787/941/2787 2740/1002/2740 2742/1070/2742

usemtl material_1174
vt 0.3139445 0.3129969
f 2724/1004/2724 2723/1071/2723 2741/943/2741

usemtl material_1175
vt 0.9836558 0.5007262
f 1003/824/1003 1010/791/1010 1001/1072/1001

usemtl material_1176
f 1003/824/1003 1001/1072/1001 997/873/997

usemtl material_1177
f 2733/825/2733 2701/1050/2701 2690/1008/2690

usemtl material_1178
vt 0.9854085 0.4930486
f 987/1073/987 983/1009/983 997/873/997

usemtl material_1179
f 997/873/997 1001/1072/1001 987/1073/987

usemtl material_1180
f 2698/1052/2698 2701/1050/2701 2732/946/2732

usemtl material_1181
vt 0.9888628 0.4900193
f 983/1009/983 987/1073/987 986/1074/986
f 983/1009/983 986/1074/986 984/1010/984

usemtl material_1182
vt 0.6450341 0.1056086
vt 0.6376995 0.0941195
f 3757/1058/3757 3756/1075/3756 3755/1076/3755

usemtl material_1183
vt 0.6380613 0.0049248
f 4113/1077/4113 4115/909/4115 3774/1020/3774

usemtl material_1184
vt 0.7523200 0.3903863
f 711/1078/711 620/1060/620 714/953/714

usemtl material_880
f 620/1060/620 618/912/618 617/884/617

usemtl material_1185
vt 0.7584254 0.3991979
f 618/912/618 639/1079/639 647/954/647

usemtl material_1186
vt 0.7699842 0.4004097
f 835/1021/835 836/1080/836 838/978/838

usemtl material_492
f 838/978/838 836/1080/836 837/1022/837

usemtl material_1166
f 837/1022/837 836/1080/836 832/1023/832

usemtl material_974
f 168/1031/168 151/858/151 169/895/169

usemtl material_1187
vt 0.8785405 0.4784888
f 150/961/150 163/1081/163 167/859/167

usemtl material_1119
vt 0.8984418 0.4828506
f 351/994/351 350/1082/350 352/962/352

usemtl material_1150
f 352/962/352 350/1082/350 361/930/361
f 361/930/361 350/1082/350 391/995/391

usemtl material_638
vt 0.9081463 0.4887027
f 405/1034/405 286/1083/286 287/1035/287

usemtl material_1095
vt 0.9172217 0.4964498
f 287/1035/287 253/1084/253 285/1037/285

usemtl material_1188
f 1693/966/1693 1711/1065/1711 1727/996/1727

usemtl material_835
vt 0.0474060 0.2273865
f 1685/998/1685 1722/1085/1722 1694/999/1694

usemtl material_778
f 1694/999/1694 1722/1085/1722 1695/997/1695
f 1685/998/1685 1723/1066/1723 1722/1085/1722

usemtl material_1119
vt 0.9305729 0.4979312
f 304/1038/304 295/1086/295 498/1040/498

usemtl material_1005
vt 0.4651492 0.3039132
f 2793/1043/2793 2745/1042/2745 2768/1087/2768

usemtl material_1080
vt 0.4642761 0.3141495
f 2745/1042/2745 2744/1088/2744 2768/1087/2768

usemtl material_1189
f 2781/1047/2781 2742/1070/2742 2756/1044/2756

usemtl material_1190
f 2741/943/2741 2723/1071/2723 2740/1002/2740

usemtl material_1084
vt 0.3409735 0.3157532
f 2723/1071/2723 2718/1089/2718 2740/1002/2740

usemtl material_1155
vt 0.8726819 0.7368540
f 3468/1048/3468 3456/1090/3456 3502/1007/3502

usemtl material_1105
vt 0.2607126 0.3212557
f 2692/1091/2692 2724/1004/2724 2725/974/2725
vt 0.2399777 0.3192304
f 2725/974/2725 2691/1092/2691 2692/1091/2692

usemtl material_1157
f 2690/1008/2690 2691/1092/2691 2725/974/2725

usemtl material_1191
f 1010/791/1010 1013/1049/1013 1001/1072/1001

usemtl material_1177
vt 0.1915622 0.3200724
f 2689/1093/2689 2690/1008/2690 2701/1050/2701

usemtl material_1192
vt 0.0728035 0.3231304
f 2707/1013/2707 2684/1094/2684 2710/1014/2710

usemtl material_1012
vt 0.0813677 0.3279305
f 2710/1014/2710 2684/1094/2684 2678/1095/2678

usemtl material_464
vt 0.0844207 0.3289882
f 2710/1014/2710 2685/1096/2685 2708/1053/2708

usemtl material_1193
vt 0.1177187 0.3296907
f 2700/1054/2700 2686/1097/2686 2699/945/2699

usemtl material_1194
vt 0.1471042 0.3337367
f 2699/945/2699 2687/1098/2687 2698/1052/2698

usemtl material_438
vt 0.6402871 0.1819379
vt 0.6373242 0.1501772
f 3792/1015/3792 3791/1099/3791 3787/1100/3787

usemtl material_1195
vt 0.7490084 0.3995048
f 620/1060/620 621/1101/621 618/912/618

usemtl material_714
vt 0.6403244 0.3600879
vt 0.6406292 0.3926246
f 3855/1102/3855 3908/913/3908 3854/1103/3854

usemtl material_584
vt 0.7752419 0.4207171
f 832/1023/832 828/1104/828 831/1061/831

usemtl material_804
vt 0.7850299 0.4267018
f 830/1025/830 833/1105/833 839/1026/839

usemtl material_809
vt 0.6548491 0.6627135
vt 0.6534476 0.6882718
f 3952/1106/3952 3970/987/3970 3882/1107/3882

usemtl material_1196
f 3970/987/3970 3971/988/3971 3882/1107/3882

usemtl material_998
vt 0.7915815 0.4326067
f 839/1026/839 833/1105/833 328/1108/328

usemtl material_974
f 839/1026/839 328/1108/328 325/1029/325
vt 0.7937066 0.4348472
f 328/1108/328 183/1109/183 325/1029/325

usemtl material_1149
f 325/1029/325 183/1109/183 184/1030/184

usemtl material_673
vt 0.8059423 0.4463521
f 151/858/151 152/1110/152 147/927/147

usemtl material_1170
vt 0.8579918 0.4999558
f 149/991/149 153/1111/153 150/961/150

usemtl material_1197
vt 0.8911331 0.4899067
f 351/994/351 348/1112/348 350/1082/350

usemtl material_1187
vt 0.9006746 0.4861991
f 350/1082/350 401/1113/401 391/995/391

usemtl material_1073
vt 0.9021855 0.4884757
f 466/1032/466 468/1114/468 467/1033/467

usemtl material_1198
vt 0.0004105 0.2287529
f 1711/1065/1711 1737/1115/1737 1727/996/1727

usemtl material_1199
vt 0.5245381 0.3005335
vt 0.5258350 0.3099883
vt 0.5448912 0.2998233
f 2784/1116/2784 2767/1117/2767 2785/1118/2785

usemtl material_1200
vt 0.5423602 0.3175179
f 2767/1117/2767 2736/1119/2736 2785/1118/2785

usemtl material_1201
vt 0.5512564 0.3127541
vt 0.5514046 0.3036801
f 2785/1118/2785 2769/1120/2769 2786/1121/2786

usemtl material_1150
f 285/1037/285 295/1086/295 304/1038/304

usemtl material_1153
vt 0.9361832 0.5017451
f 498/1040/498 295/1086/295 927/1122/927

usemtl material_1202
vt 0.4214198 0.3117434
f 2755/1045/2755 2746/1123/2746 2745/1042/2745

usemtl material_1189
vt 0.4018410 0.3181946
f 2756/1044/2756 2726/1124/2726 2755/1045/2755

usemtl material_1203
vt 0.3741956 0.3156371
f 2742/1070/2742 2717/1125/2717 2756/1044/2756

usemtl material_1204
vt 0.9520690 0.5000526
f 904/1068/904 908/1126/908 907/1069/907

usemtl material_1173
f 2718/1089/2718 2717/1125/2717 2742/1070/2742

usemtl material_1205
f 2740/1002/2740 2718/1089/2718 2742/1070/2742

usemtl material_654
f 2698/1052/2698 2689/1093/2689 2701/1050/2701

usemtl material_1206
vt 0.9893776 0.4974947
f 987/1073/987 988/1127/988 986/1074/986

usemtl material_151
vt 0.0109600 0.3207407
vt 0.0145186 0.3263280
f 2703/1128/2703 2669/1129/2669 2704/1051/2704

usemtl material_1207
f 2704/1051/2704 2669/1129/2669 2705/1011/2705

usemtl material_1208
vt 0.0677672 0.3268026
f 2705/1011/2705 2677/1130/2677 2706/1012/2706

usemtl material_1166
f 2706/1012/2706 2677/1130/2677 2707/1013/2707

usemtl material_401
f 2678/1095/2678 2685/1096/2685 2710/1014/2710

usemtl material_1209
vt 0.0881299 0.3281499
f 2708/1053/2708 2685/1096/2685 2683/1131/2683

usemtl material_1210
vt 0.1049924 0.3300768
f 2708/1053/2708 2672/1132/2672 2700/1054/2700

usemtl material_1211
f 2672/1132/2672 2686/1097/2686 2700/1054/2700

usemtl material_1212
vt 0.6327792 0.1116765
f 3786/1133/3786 3792/1015/3792 3787/1100/3787

usemtl material_1213
vt 0.6358818 0.0091928
f 3695/1134/3695 4113/1077/4113 3774/1020/3774

usemtl material_599
vt 0.6397963 0.2390556
vt 0.6402716 0.2925997
f 3800/1135/3800 3876/1059/3876 3806/1136/3806

usemtl material_708
f 3806/1136/3806 3876/1059/3876 3808/976/3808

usemtl material_1214
vt 0.7538052 0.3971499
f 621/1101/621 622/1137/622 618/912/618

usemtl material_1215
f 618/912/618 622/1137/622 639/1079/639

usemtl material_102
vt 0.7611184 0.4051330
f 639/1079/639 824/1138/824 647/954/647

usemtl material_170
f 647/954/647 824/1138/824 835/1021/835

usemtl material_777
vt 0.6528265 0.4440867
vt 0.6541970 0.4838892
vt 0.6413020 0.4590594
f 3905/1139/3905 3880/1140/3880 3860/1141/3860

usemtl material_1216
f 836/1080/836 828/1104/828 832/1023/832

usemtl material_404
f 828/1104/828 830/1025/830 831/1061/831

usemtl material_1217
vt 0.6518180 0.5721578
vt 0.6503407 0.6094379
f 3872/1142/3872 3965/983/3965 3870/1143/3870

usemtl material_1218
vt 0.6578586 0.7266525
vt 0.6542154 0.7293382
f 3953/1144/3953 4092/1028/4092 4064/1145/4064

usemtl material_974
f 168/1031/168 152/1110/152 151/858/151

usemtl material_1219
vt 0.9023602 0.4939092
f 468/1114/468 469/1146/469 467/1033/467

usemtl material_1220
vt 0.9051754 0.4899139
f 467/1033/467 469/1146/469 441/1147/441

usemtl material_1118
f 467/1033/467 441/1147/441 405/1034/405

usemtl material_1119
f 405/1034/405 441/1147/441 286/1083/286

usemtl material_1095
f 287/1035/287 286/1083/286 253/1084/253

usemtl material_1221
vt 0.5075480 0.3049544
f 2765/1148/2765 2767/1117/2767 2784/1116/2784

usemtl material_1222
f 2736/1119/2736 2769/1120/2769 2785/1118/2785

usemtl material_948
vt 0.4825481 0.3178234
vt 0.4821788 0.3052095
f 2768/1087/2768 2743/1149/2743 2766/1150/2766

usemtl material_1223
f 2755/1045/2755 2726/1124/2726 2746/1123/2746

usemtl material_952
f 2756/1044/2756 2717/1125/2717 2726/1124/2726

usemtl material_1224
vt 0.3581141 0.3230960
f 2718/1089/2718 2697/1151/2697 2717/1125/2717

usemtl material_1084
vt 0.2843643 0.3233396
vt 0.3176967 0.3251176
f 2694/1152/2694 2695/1153/2695 2723/1071/2723

usemtl material_1174
f 2724/1004/2724 2694/1152/2694 2723/1071/2723

usemtl material_1225
vt 0.8699402 0.7311250
f 3502/1007/3502 3456/1090/3456 3455/1154/3455

usemtl material_1174
f 2692/1091/2692 2694/1152/2694 2724/1004/2724

usemtl material_686
vt 0.9777359 0.5001605
f 1047/973/1047 1049/1155/1049 1013/1049/1013

usemtl material_1033
vt 0.2194548 0.3288456
f 2689/1093/2689 2688/1156/2688 2690/1008/2690

usemtl material_1226
vt 0.9895312 0.5063100
f 1001/1072/1001 989/1157/989 987/1073/987

usemtl material_1227
f 987/1073/987 989/1157/989 988/1127/988

usemtl material_1136
f 2677/1130/2677 2684/1094/2684 2707/1013/2707

usemtl material_1228
vt 0.0116125 0.3285373
f 2703/1128/2703 2671/1158/2671 2669/1129/2669

usemtl material_915
vt 0.0426992 0.3268073
f 2669/1129/2669 2668/1159/2668 2705/1011/2705

usemtl material_1229
f 2668/1159/2668 2677/1130/2677 2705/1011/2705

usemtl material_1230
f 2686/1097/2686 2687/1098/2687 2699/945/2699

usemtl material_1231
vt 0.7464627 0.3960259
f 711/1078/711 707/1160/707 621/1101/621

usemtl material_1232
f 711/1078/711 621/1101/621 620/1060/620

usemtl material_1111
vt 0.7654670 0.4039266
vt 0.7618516 0.4103811
f 834/1161/834 825/1162/825 836/1080/836

usemtl material_492
f 825/1162/825 828/1104/828 836/1080/836

usemtl material_1233
vt 0.7771004 0.4283184
f 828/1104/828 826/1163/826 830/1025/830

usemtl material_805
f 830/1025/830 826/1163/826 833/1105/833

usemtl material_1149
f 183/1109/183 168/1031/168 184/1030/184

usemtl material_1234
vt 0.8834523 0.4813142
vt 0.8812267 0.4929560
f 597/1164/597 598/1165/598 432/993/432

usemtl material_1235
f 432/993/432 598/1165/598 415/1064/415

usemtl material_1197
vt 0.8964497 0.4970142
f 348/1112/348 349/1166/349 350/1082/350

usemtl material_1170
f 350/1082/350 349/1166/349 401/1113/401

usemtl material_1119
vt 0.9335539 0.5101650
f 285/1037/285 294/1167/294 295/1086/295

usemtl material_910
f 2766/1150/2766 2743/1149/2743 2765/1148/2765

usemtl material_979
vt 0.5088710 0.3179727
f 2743/1149/2743 2731/1168/2731 2765/1148/2765

usemtl material_778
vt 0.5231711 0.3179324
f 2731/1168/2731 2738/1169/2738 2765/1148/2765

usemtl material_836
f 2765/1148/2765 2738/1169/2738 2767/1117/2767

usemtl material_1236
vt 0.5506495 0.3192047
f 2736/1119/2736 2737/1170/2737 2769/1120/2769

usemtl material_910
f 2768/1087/2768 2744/1088/2744 2743/1149/2743

usemtl material_1197
vt 0.8798338 0.7915755
vt 0.8707370 0.7886115
vt 0.8768643 0.7858605
f 3511/1171/3511 3506/1172/3506 3474/1173/3474

usemtl material_835
vt 0.4355468 0.3221315
f 2746/1123/2746 2727/1174/2727 2745/1042/2745

usemtl material_1237
f 2726/1124/2726 2727/1174/2727 2746/1123/2746

usemtl material_1203
vt 0.3804163 0.3244229
f 2697/1151/2697 2711/1175/2711 2717/1125/2717

usemtl material_1238
vt 0.3392321 0.3264712
f 2696/1176/2696 2697/1151/2697 2718/1089/2718

usemtl material_1205
f 2723/1071/2723 2695/1153/2695 2718/1089/2718

usemtl material_1173
f 2695/1153/2695 2696/1176/2696 2718/1089/2718

usemtl material_1105
f 2690/1008/2690 2688/1156/2688 2691/1092/2691

usemtl material_1239
vt 0.9926352 0.5063146
f 988/1127/988 989/1157/989 990/1177/990

usemtl material_560
f 2698/1052/2698 2687/1098/2687 2689/1093/2689

usemtl material_849
f 2683/1131/2683 2672/1132/2672 2708/1053/2708

usemtl material_1240
vt 0.6394650 0.2115461
vt 0.6250574 0.2111471
f 3791/1099/3791 3803/1178/3803 3796/1179/3796

usemtl material_1241
vt 0.6292169 0.0091454
vt 0.6309107 0.0049974
f 3695/1134/3695 3693/1180/3693 4111/1181/4111

usemtl material_1242
vt 0.6547780 0.6352434
vt 0.6495435 0.6354464
f 3870/1143/3870 3954/1182/3954 3868/1183/3868

usemtl material_1243
vt 0.6501247 0.6648287
f 3868/1183/3868 3952/1106/3952 3879/1184/3879

usemtl material_771
vt 0.8034800 0.4586993
f 152/1110/152 145/1185/145 147/927/147

usemtl material_1219
vt 0.9025465 0.4982963
f 469/1146/469 470/1186/470 441/1147/441

usemtl material_1220
vt 0.9058337 0.4978174
f 470/1186/470 442/1187/442 441/1147/441

usemtl material_1119
f 441/1147/441 442/1187/442 286/1083/286

usemtl material_635
vt 0.9078711 0.5017596
f 286/1083/286 442/1187/442 254/1188/254

usemtl material_1027
f 286/1083/286 254/1188/254 253/1084/253

usemtl material_1187
vt 0.9272799 0.5127232
f 253/1084/253 255/1189/255 285/1037/285
f 285/1037/285 255/1189/255 294/1167/294

usemtl material_1244
f 2738/1169/2738 2736/1119/2736 2767/1117/2767

usemtl material_1245
vt 0.5540968 0.3125801
f 2769/1120/2769 2737/1170/2737 2797/1190/2797

usemtl material_778
f 2745/1042/2745 2727/1174/2727 2744/1088/2744

usemtl material_1246
vt 0.8694045 0.7837481
f 3506/1172/3506 3464/1191/3464 3474/1173/3474

usemtl material_1247
vt 0.8771760 0.7705637
vt 0.8659186 0.7665448
vt 0.8746927 0.7656847
f 3461/1192/3461 3458/1193/3458 3459/1194/3459

usemtl material_1248
vt 0.8683103 0.7627537
f 3459/1194/3459 3458/1193/3458 3453/1195/3453

usemtl material_1084
vt 0.2916504 0.3297049
f 2692/1091/2692 2693/1196/2693 2694/1152/2694

usemtl material_1191
vt 0.9818817 0.5174929
f 1049/1155/1049 1034/1197/1034 1013/1049/1013

usemtl material_1249
vt 0.6315902 0.0936154
vt 0.6269789 0.0910541
vt 0.6323490 0.0910534
f 3751/1198/3751 3708/1199/3708 3726/1200/3726

usemtl material_1250
vt 0.6406135 0.4290184
vt 0.6377493 0.4349370
f 3854/1103/3854 3874/1201/3874 3818/1202/3818

usemtl material_1244
f 3874/1201/3874 3860/1141/3860 3818/1202/3818

usemtl material_1251
vt 0.7556028 0.4092357
f 639/1079/639 822/1203/822 824/1138/824

usemtl material_1216
f 824/1138/824 825/1162/825 834/1161/834

usemtl material_584
vt 0.7693072 0.4263430
f 825/1162/825 827/1204/827 828/1104/828

usemtl material_1013
f 828/1104/828 827/1204/827 826/1163/826

usemtl material_998
vt 0.7766486 0.4351935
f 833/1105/833 829/1205/829 328/1108/328

usemtl material_974
vt 0.7865270 0.4503332
f 183/1109/183 170/1206/170 168/1031/168

usemtl material_1220
vt 0.8985722 0.5002658
f 349/1166/349 399/1207/399 401/1113/401

usemtl material_1252
f 468/1114/468 399/1207/399 469/1146/469

usemtl material_1253
vt 0.5508494 0.3267864
f 2736/1119/2736 2719/1208/2719 2737/1170/2737

usemtl material_910
vt 0.5217785 0.3313636
f 2731/1168/2731 2681/1209/2681 2738/1169/2738

usemtl material_1254
vt 0.4580770 0.3306180
f 2744/1088/2744 2727/1174/2727 2675/1210/2675

usemtl material_1202
vt 0.4137494 0.3332787
f 2711/1175/2711 2676/1211/2676 2717/1125/2717

usemtl material_1127
f 2694/1152/2694 2693/1196/2693 2695/1153/2695

usemtl material_1174
vt 0.2531141 0.3394389
f 2691/1092/2691 2646/1212/2646 2692/1091/2692

usemtl material_1255
vt 0.2733828 0.3412533
f 2646/1212/2646 2645/1213/2645 2692/1091/2692

usemtl material_1256
vt 0.9885227 0.5210532
f 1001/1072/1001 998/1214/998 989/1157/989

usemtl material_304
vt 0.9940807 0.5162631
f 989/1157/989 991/1215/991 990/1177/990

usemtl material_1257
vt 0.0672669 0.3405367
f 2668/1159/2668 2649/1216/2649 2677/1130/2677

usemtl material_1258
vt 0.0730998 0.3389195
f 2677/1130/2677 2650/1217/2650 2684/1094/2684

usemtl material_1259
f 2650/1217/2650 2678/1095/2678 2684/1094/2684

usemtl material_1260
vt 0.0888199 0.3407731
f 2683/1131/2683 2685/1096/2685 2648/1218/2648

usemtl material_1261
vt 0.1359939 0.3404130
f 2686/1097/2686 2643/1219/2643 2687/1098/2687

usemtl material_1262
vt 0.1494601 0.3391466
f 2643/1219/2643 2644/1220/2644 2687/1098/2687

usemtl material_1263
vt 0.6225018 0.1518980
vt 0.6241924 0.1868237
f 3785/1221/3785 3791/1099/3791 3789/1222/3789

usemtl material_1264
vt 0.6315715 0.0681945
vt 0.6266195 0.0842167
vt 0.6212831 0.0689029
f 3699/1223/3699 3700/1224/3700 3701/1225/3701

usemtl material_1265
vt 0.6249326 0.0092288
f 3693/1180/3693 3691/1226/3691 4111/1181/4111

usemtl material_1266
vt 0.7450855 0.4084232
f 621/1101/621 623/1227/623 622/1137/622

usemtl material_1267
vt 0.7506108 0.4076376
f 623/1227/623 638/1228/638 622/1137/622

usemtl material_668
f 622/1137/622 638/1228/638 639/1079/639

usemtl material_1268
f 639/1079/639 638/1228/638 822/1203/822

usemtl material_1269
vt 0.6354548 0.4844270
f 3818/1202/3818 3860/1141/3860 3819/1229/3819

usemtl material_188
vt 0.7566210 0.4129380
f 822/1203/822 823/1230/823 824/1138/824

usemtl material_1216
f 824/1138/824 823/1230/823 825/1162/825

usemtl material_1270
vt 0.6355649 0.5195296
vt 0.6457087 0.5164768
vt 0.6356925 0.5422066
f 3823/1231/3823 3871/1232/3871 3824/1233/3824

usemtl material_964
vt 0.6465180 0.5586412
f 3871/1232/3871 3869/1234/3869 3824/1233/3824

usemtl material_1271
vt 0.6410655 0.6835908
f 3868/1183/3868 3879/1184/3879 3839/1235/3839

usemtl material_1272
vt 0.6423767 0.6976930
vt 0.6539525 0.6976397
vt 0.6423816 0.7154264
f 3853/1236/3853 3902/1237/3902 3850/1238/3850

usemtl material_1273
vt 0.6439621 0.7259399
vt 0.6488138 0.7299117
vt 0.6437844 0.7292601
f 3852/1239/3852 4023/1240/4023 3963/1241/3963

usemtl material_804
f 826/1163/826 829/1205/829 833/1105/833

usemtl material_975
vt 0.7824198 0.4416577
f 829/1205/829 319/1242/319 328/1108/328

usemtl material_974
f 328/1108/328 319/1242/319 183/1109/183

usemtl material_1220
vt 0.9038246 0.5051190
f 470/1186/470 472/1243/472 442/1187/442

usemtl material_1274
vt 0.5541355 0.3285370
f 2797/1190/2797 2737/1170/2737 2779/1244/2779

usemtl material_806
vt 0.5415232 0.3325526
f 2738/1169/2738 2682/1245/2682 2736/1119/2736

usemtl material_1275
f 2736/1119/2736 2682/1245/2682 2719/1208/2719

usemtl material_1276
vt 0.5496790 0.3324310
f 2682/1245/2682 2702/1246/2702 2719/1208/2719

usemtl material_910
vt 0.4828764 0.3306251
f 2744/1088/2744 2679/1247/2679 2743/1149/2743
f 2743/1149/2743 2679/1247/2679 2731/1168/2731

usemtl material_1081
vt 0.4339306 0.3323550
f 2727/1174/2727 2674/1248/2674 2675/1210/2675
f 2676/1211/2676 2674/1248/2674 2727/1174/2727

usemtl material_1154
f 2726/1124/2726 2676/1211/2676 2727/1174/2727

usemtl material_1203
vt 0.3347561 0.3348627
f 2696/1176/2696 2665/1249/2665 2697/1151/2697
f 2695/1153/2695 2665/1249/2665 2696/1176/2696

usemtl material_1277
vt 0.3059603 0.3427789
f 2693/1196/2693 2630/1250/2630 2695/1153/2695

usemtl material_1255
f 2692/1091/2692 2645/1213/2645 2693/1196/2693

usemtl material_1132
vt 0.8614957 0.7330053
vt 0.8596364 0.7284712
f 3455/1154/3455 3452/1251/3452 3496/1252/3496

usemtl material_1177
f 2691/1092/2691 2688/1156/2688 2646/1212/2646

usemtl material_1278
f 1013/1049/1013 998/1214/998 1001/1072/1001

usemtl material_953
vt 0.1934912 0.3403412
vt 0.2199521 0.3399026
f 2638/1253/2638 2639/1254/2639 2688/1156/2688

usemtl material_881
f 2689/1093/2689 2638/1253/2638 2688/1156/2688

usemtl material_1279
vt 0.9933009 0.5210850
f 989/1157/989 992/1255/992 991/1215/991

usemtl material_1280
vt 0.0110548 0.3363392
vt 0.0154684 0.3415278
f 2670/1256/2670 2652/1257/2652 2669/1129/2669

usemtl material_1281
f 2671/1158/2671 2670/1256/2670 2669/1129/2669

usemtl material_1282
f 2669/1129/2669 2652/1257/2652 2668/1159/2668

usemtl material_1283
f 2668/1159/2668 2652/1257/2652 2649/1216/2649

usemtl material_1284
f 2677/1130/2677 2649/1216/2649 2650/1217/2650

usemtl material_591
vt 0.0831772 0.3402312
f 2650/1217/2650 2651/1258/2651 2678/1095/2678

usemtl material_1285
f 2678/1095/2678 2651/1258/2651 2685/1096/2685

usemtl material_1286
vt 0.1577432 0.3393440
f 2644/1220/2644 2640/1259/2640 2687/1098/2687

usemtl material_1287
f 2683/1131/2683 2648/1218/2648 2672/1132/2672

usemtl material_1288
vt 0.1167821 0.3401031
f 2672/1132/2672 2648/1218/2648 2642/1260/2642

usemtl material_1289
f 2672/1132/2672 2642/1260/2642 2686/1097/2686

usemtl material_1290
f 2686/1097/2686 2642/1260/2642 2643/1219/2643

usemtl material_346
vt 0.6251864 0.0938716
vt 0.6210889 0.0913869
f 3750/1261/3750 3707/1262/3707 3708/1199/3708

usemtl material_1291
vt 0.6201318 0.0049097
f 4112/1263/4112 4111/1181/4111 3691/1226/3691

usemtl material_1292
vt 0.7383441 0.4057085
vt 0.7398386 0.4104271
f 708/1264/708 624/1265/624 707/1160/707

usemtl material_913
f 707/1160/707 624/1265/624 621/1101/621

usemtl material_1293
f 621/1101/621 624/1265/624 623/1227/623

usemtl material_134
vt 0.7629182 0.4327085
f 825/1162/825 773/1266/773 827/1204/827

usemtl material_1294
vt 0.6369308 0.6077984
f 3856/1267/3856 3870/1143/3870 3868/1183/3868

usemtl material_1295
vt 0.6350963 0.6365383
vt 0.6365640 0.6541712
f 3832/1268/3832 3868/1183/3868 3833/1269/3833

usemtl material_974
vt 0.7818182 0.4470065
f 194/1270/194 170/1206/170 183/1109/183

usemtl material_975
f 319/1242/319 194/1270/194 183/1109/183

usemtl material_974
f 168/1031/168 170/1206/170 152/1110/152

usemtl material_1296
vt 0.8697321 0.5069134
vt 0.8805536 0.4801669
f 163/1081/163 164/1271/164 423/1272/423

usemtl material_1297
vt 0.8764552 0.4960288
vt 0.8779970 0.4996271
f 590/1273/590 596/1274/596 597/1164/597

usemtl material_1219
f 423/1272/423 590/1273/590 597/1164/597

usemtl material_1298
vt 0.8918146 0.5198237
f 348/1112/348 346/1275/346 349/1166/349

usemtl material_1027
f 442/1187/442 472/1243/472 254/1188/254

usemtl material_1298
vt 0.9226252 0.5320622
f 253/1084/253 251/1276/251 255/1189/255

usemtl material_910
f 2679/1247/2679 2681/1209/2681 2731/1168/2731

usemtl material_1269
f 2738/1169/2738 2681/1209/2681 2682/1245/2682

usemtl material_1299
f 2744/1088/2744 2675/1210/2675 2679/1247/2679

usemtl material_1246
vt 0.8580369 0.7854411
f 3506/1172/3506 3495/1277/3495 3464/1191/3464

usemtl material_1300
vt 0.8595579 0.7817711
vt 0.8615433 0.7727267
f 3464/1191/3464 3465/1278/3465 3451/1279/3451

usemtl material_1154
vt 0.3913781 0.3349807
f 2711/1175/2711 2673/1280/2673 2676/1211/2676

usemtl material_1223
f 2697/1151/2697 2673/1280/2673 2711/1175/2711

usemtl material_1301
vt 0.3737607 0.3397783
f 2665/1249/2665 2658/1281/2658 2697/1151/2697

usemtl material_952
f 2630/1250/2630 2665/1249/2665 2695/1153/2695

usemtl material_1054
f 2639/1254/2639 2646/1212/2646 2688/1156/2688

usemtl material_1302
f 989/1157/989 998/1214/998 992/1255/992

usemtl material_450
f 2651/1258/2651 2648/1218/2648 2685/1096/2685

usemtl material_1303
vt 0.6184977 0.0927100
f 3750/1261/3750 3754/1282/3754 3707/1262/3707

usemtl material_1304
vt 0.6195977 0.0085046
f 3691/1226/3691 3690/1283/3690 4112/1263/4112

usemtl material_802
vt 0.6251356 0.2735021
vt 0.6240074 0.3174663
f 3801/1284/3801 3806/1136/3806 3807/1285/3807

usemtl material_547
vt 0.6398875 0.3499153
vt 0.6231577 0.3436953
f 3807/1285/3807 3809/1286/3809 3810/1287/3810

usemtl material_1023
vt 0.7415571 0.4171818
f 623/1227/623 696/1288/696 638/1228/638

usemtl material_1305
vt 0.6346814 0.3939015
vt 0.6264223 0.4341592
f 3812/1289/3812 3818/1202/3818 3685/1290/3685

usemtl material_1125
f 3685/1290/3685 3818/1202/3818 3819/1229/3819

usemtl material_1306
vt 0.7530183 0.4162840
f 822/1203/822 821/1291/821 823/1230/823

usemtl material_659
f 823/1230/823 773/1266/773 825/1162/825

usemtl material_993
vt 0.6355581 0.5719507
f 3824/1233/3824 3869/1234/3869 3830/1292/3830

usemtl material_591
f 827/1204/827 773/1266/773 826/1163/826

usemtl material_635
vt 0.7642185 0.4393581
f 826/1163/826 768/1293/768 829/1205/829

usemtl material_1298
f 150/961/150 153/1111/153 163/1081/163
vt 0.8799126 0.5158576
f 415/1064/415 355/1294/355 351/994/351

usemtl material_1197
f 351/994/351 355/1294/355 348/1112/348

usemtl material_1307
vt 0.9012219 0.5071128
f 469/1146/469 471/1295/471 470/1186/470

usemtl material_1252
f 470/1186/470 471/1295/471 472/1243/472

usemtl material_1197
vt 0.9118288 0.5293207
f 254/1188/254 252/1296/252 253/1084/253

usemtl material_1308
f 253/1084/253 252/1296/252 251/1276/251

usemtl material_1309
vt 0.5508327 0.3375697
f 2702/1246/2702 2709/1297/2709 2719/1208/2719

usemtl material_1310
f 2719/1208/2719 2709/1297/2709 2779/1244/2779

usemtl material_1152
vt 0.5029953 0.3334288
f 2679/1247/2679 2680/1298/2680 2681/1209/2681

usemtl material_1079
f 3495/1277/3495 3465/1278/3465 3464/1191/3464

usemtl material_1311
vt 0.4099911 0.3465628
f 2673/1280/2673 2653/1299/2653 2676/1211/2676

usemtl material_1237
f 2658/1281/2658 2673/1280/2673 2697/1151/2697

usemtl material_952
f 2693/1196/2693 2645/1213/2645 2630/1250/2630

usemtl material_1312
vt 0.9887273 0.5316011
f 1013/1049/1013 1034/1197/1034 1011/1300/1011

usemtl material_1313
f 1013/1049/1013 1011/1300/1011 998/1214/998

usemtl material_1314
vt 0.9971942 0.5304297
f 992/1255/992 993/1301/993 991/1215/991

usemtl material_413
vt 0.0111504 0.3475496
f 2670/1256/2670 2654/1302/2654 2652/1257/2652

usemtl material_1233
vt 0.0731125 0.3486872
f 2650/1217/2650 2626/1303/2626 2651/1258/2651

usemtl material_502
vt 0.0841158 0.3489941
f 2651/1258/2651 2627/1304/2627 2648/1218/2648

usemtl material_379
f 2643/1219/2643 2640/1259/2640 2644/1220/2644

usemtl material_1315
vt 0.0883546 0.3521055
f 2648/1218/2648 2627/1304/2627 2636/1305/2636

usemtl material_1316
vt 0.0895103 0.3453732
f 2648/1218/2648 2636/1305/2636 2647/1306/2647

usemtl material_1317
f 2648/1218/2648 2647/1306/2647 2642/1260/2642

usemtl material_1318
vt 0.6159416 0.1122856
vt 0.6238009 0.1121565
vt 0.6157106 0.1352475
f 3781/1307/3781 3780/1308/3780 3783/1309/3783

usemtl material_1319
vt 0.6120244 0.1933616
f 3790/1310/3790 3789/1222/3789 3796/1179/3796

usemtl material_1240
vt 0.6246386 0.2279530
vt 0.6211999 0.2770591
vt 0.6206443 0.2541277
f 3798/1311/3798 3804/1312/3804 3805/1313/3805

usemtl material_1320
vt 0.7481942 0.4172970
f 638/1228/638 776/1314/776 822/1203/822

usemtl material_122
f 822/1203/822 776/1314/776 821/1291/821

usemtl material_1066
f 773/1266/773 768/1293/768 826/1163/826

usemtl material_1321
vt 0.6364780 0.7272643
f 3852/1239/3852 3963/1241/3963 3851/1315/3851

usemtl material_1095
vt 0.8347226 0.4885817
f 145/1185/145 141/1316/141 147/927/147

usemtl material_1322
vt 0.8710958 0.5096374
f 164/1271/164 422/1317/422 423/1272/423

usemtl material_1323
vt 0.8721898 0.5202808
f 597/1164/597 595/1318/595 598/1165/598

usemtl material_1298
vt 0.8839261 0.5164459
f 355/1294/355 347/1319/347 348/1112/348

usemtl material_1324
vt 0.8989689 0.5143209
f 469/1146/469 473/1320/473 471/1295/471

usemtl material_1170
vt 0.9024829 0.5156174
f 472/1243/472 499/1321/499 254/1188/254

usemtl material_1197
vt 0.9060664 0.5171532
f 499/1321/499 272/1322/272 254/1188/254

usemtl material_1200
vt 0.5429747 0.3426974
f 2681/1209/2681 2662/1323/2662 2682/1245/2682

usemtl material_1325
f 2682/1245/2682 2662/1323/2662 2702/1246/2702

usemtl material_1326
vt 0.5501623 0.3432701
f 2702/1246/2702 2662/1323/2662 2663/1324/2663

usemtl material_1327
f 2702/1246/2702 2663/1324/2663 2709/1297/2709

usemtl material_1005
vt 0.4823979 0.3415993
f 2675/1210/2675 2661/1325/2661 2679/1247/2679

usemtl material_977
vt 0.4602286 0.3446351
f 2674/1248/2674 2655/1326/2655 2675/1210/2675

usemtl material_1299
vt 0.4348355 0.3431510
f 2676/1211/2676 2656/1327/2656 2674/1248/2674

usemtl material_977
f 2656/1327/2656 2655/1326/2655 2674/1248/2674

usemtl material_54
vt 0.8551911 0.7322025
f 3452/1251/3452 3447/1328/3447 3496/1252/3496

usemtl material_1328
vt 0.9861650 0.5389798
f 1034/1197/1034 1033/1329/1033 1011/1300/1011

usemtl material_611
vt 0.2507424 0.3497220
f 2639/1254/2639 2628/1330/2628 2646/1212/2646

usemtl material_1329
vt 0.9951579 0.5372346
f 992/1255/992 998/1214/998 994/1331/994

usemtl material_1330
f 994/1331/994 993/1301/993 992/1255/992

usemtl material_401
f 2649/1216/2649 2626/1303/2626 2650/1217/2650

usemtl material_1331
vt 0.1425578 0.3536801
f 2642/1260/2642 2621/1332/2621 2643/1219/2643

usemtl material_379
f 2643/1219/2643 2621/1332/2621 2640/1259/2640

usemtl material_1332
vt 0.6115415 0.0122571
vt 0.6195152 0.0375710
vt 0.6108912 0.0378842
f 3689/1333/3689 3698/1334/3698 3706/1335/3706

usemtl material_1333
vt 0.6157376 0.0961550
vt 0.6117445 0.0933691
f 3747/1336/3747 3753/1337/3753 3754/1282/3754

usemtl material_1334
vt 0.6152022 0.0094070
f 3690/1283/3690 3687/1338/3687 4112/1263/4112

usemtl material_802
f 3804/1312/3804 3801/1284/3801 3807/1285/3807

usemtl material_173
f 638/1228/638 696/1288/696 776/1314/776

usemtl material_1110
vt 0.7492866 0.4204825
f 776/1314/776 775/1339/775 821/1291/821

usemtl material_795
f 823/1230/823 775/1339/775 773/1266/773

usemtl material_641
vt 0.7676861 0.4432521
f 768/1293/768 817/1340/817 829/1205/829

usemtl material_1335
vt 0.7712952 0.4480394
vt 0.7760063 0.4484049
f 433/1341/433 318/1342/318 319/1242/319

usemtl material_818
f 829/1205/829 433/1341/433 319/1242/319

usemtl material_673
f 170/1206/170 145/1185/145 152/1110/152

usemtl material_1119
vt 0.8162524 0.4790356
f 145/1185/145 144/1343/144 141/1316/141
f 147/927/147 141/1316/141 149/991/149

usemtl material_1298
f 149/991/149 141/1316/141 153/1111/153

usemtl material_1322
f 153/1111/153 164/1271/164 163/1081/163

usemtl material_1336
f 597/1164/597 596/1274/596 595/1318/595

usemtl material_1337
f 349/1166/349 346/1275/346 399/1207/399

usemtl material_1252
vt 0.9003688 0.5159829
f 474/1344/474 499/1321/499 472/1243/472

usemtl material_1338
f 471/1295/471 474/1344/474 472/1243/472

usemtl material_1197
f 254/1188/254 272/1322/272 252/1296/252

usemtl material_1296
vt 0.9355164 0.5330377
f 255/1189/255 293/1345/293 294/1167/294

usemtl material_1339
vt 0.5543340 0.3430854
f 2709/1297/2709 2753/1346/2753 2779/1244/2779

usemtl material_1296
vt 0.9355454 0.5267587
f 294/1167/294 293/1345/293 406/1347/406

usemtl material_1254
f 2679/1247/2679 2661/1325/2661 2680/1298/2680

usemtl material_1125
vt 0.5076702 0.3451226
f 2680/1298/2680 2661/1325/2661 2659/1348/2659

usemtl material_1077
f 2680/1298/2680 2659/1348/2659 2681/1209/2681

usemtl material_1340
vt 0.5229280 0.3450029
f 2681/1209/2681 2660/1349/2660 2662/1323/2662

usemtl material_1341
f 2655/1326/2655 2661/1325/2661 2675/1210/2675

usemtl material_1342
f 2653/1299/2653 2656/1327/2656 2676/1211/2676

usemtl material_1343
vt 0.8540741 0.7721368
vt 0.8530326 0.7604377
f 3444/1350/3444 3440/1351/3440 3451/1279/3451

usemtl material_1080
vt 0.3882245 0.3459982
f 2658/1281/2658 2633/1352/2633 2673/1280/2673

usemtl material_1299
f 2673/1280/2673 2633/1352/2633 2653/1299/2653

usemtl material_911
vt 0.3403952 0.3461506
f 2665/1249/2665 2631/1353/2631 2658/1281/2658

usemtl material_836
f 2665/1249/2665 2630/1250/2630 2631/1353/2631

usemtl material_683
vt 0.2794497 0.3521133
f 2645/1213/2645 2632/1354/2632 2630/1250/2630

usemtl material_1344
vt 0.8471612 0.7257270
f 3447/1328/3447 3490/1355/3490 3496/1252/3496

usemtl material_878
f 2646/1212/2646 2628/1330/2628 2645/1213/2645

usemtl material_1345
vt 0.2245022 0.3502237
f 2638/1253/2638 2637/1356/2637 2639/1254/2639

usemtl material_1346
vt 0.1715586 0.3578169
f 2640/1259/2640 2620/1357/2620 2638/1253/2638

usemtl material_1347
vt 0.1917126 0.3531924
f 2638/1253/2638 2620/1357/2620 2635/1358/2635

usemtl material_1348
vt 0.0149932 0.3520136
f 2654/1302/2654 2624/1359/2624 2652/1257/2652

usemtl material_1349
vt 0.0670690 0.3515296
f 2624/1359/2624 2625/1360/2625 2652/1257/2652

usemtl material_1350
f 2652/1257/2652 2625/1360/2625 2649/1216/2649

usemtl material_1085
f 2649/1216/2649 2625/1360/2625 2626/1303/2626

usemtl material_404
f 2626/1303/2626 2627/1304/2627 2651/1258/2651

usemtl material_1351
vt 0.1052635 0.3529459
f 2647/1306/2647 2634/1361/2634 2642/1260/2642

usemtl material_1352
vt 0.1213612 0.3532895
f 2642/1260/2642 2634/1361/2634 2622/1362/2622

usemtl material_1353
f 2642/1260/2642 2622/1362/2622 2621/1332/2621

usemtl material_1354
vt 0.6125103 0.0915129
f 3754/1282/3754 3753/1337/3753 3720/1363/3720

usemtl material_1355
vt 0.6116595 0.2611788
f 3805/1313/3805 3804/1312/3804 3799/1364/3799

usemtl material_1356
vt 0.6114839 0.0055618
f 4095/1365/4095 4112/1263/4112 3687/1338/3687

usemtl material_1055
vt 0.7317470 0.4133326
vt 0.7331899 0.4174300
f 715/1366/715 626/1367/626 708/1264/708

usemtl material_1357
f 708/1264/708 626/1367/626 624/1265/624

usemtl material_530
vt 0.7345667 0.4195660
f 625/1368/625 696/1288/696 623/1227/623

usemtl material_1358
f 624/1265/624 625/1368/625 623/1227/623

usemtl material_591
vt 0.7598015 0.4361607
f 773/1266/773 760/1369/760 768/1293/768

usemtl material_673
f 817/1340/817 433/1341/433 829/1205/829

usemtl material_1246
f 348/1112/348 347/1319/347 346/1275/346

usemtl material_1219
vt 0.8955601 0.5172592
f 346/1275/346 425/1370/425 399/1207/399

usemtl material_1322
vt 0.9290984 0.5406210
f 255/1189/255 256/1371/256 293/1345/293

usemtl material_853
f 2659/1348/2659 2660/1349/2660 2681/1209/2681

usemtl material_1153
vt 0.8512479 0.7802552
f 3495/1277/3495 3463/1372/3463 3465/1278/3465

usemtl material_1359
vt 0.8477477 0.7307949
f 3447/1328/3447 3438/1373/3438 3490/1355/3490

usemtl material_683
f 2628/1330/2628 2632/1354/2632 2645/1213/2645

usemtl material_1360
vt 0.9914281 0.5387061
f 1011/1300/1011 1004/1374/1004 998/1214/998

usemtl material_1361
f 2635/1358/2635 2637/1356/2637 2638/1253/2638

usemtl material_1362
f 998/1214/998 1004/1374/1004 994/1331/994

usemtl material_1331
vt 0.1546101 0.3559854
f 2621/1332/2621 2619/1375/2619 2640/1259/2640

usemtl material_1363
f 2619/1375/2619 2620/1357/2620 2640/1259/2640

usemtl material_1364
f 2636/1305/2636 2634/1361/2634 2647/1306/2647

usemtl material_54
vt 0.6040566 0.1113840
vt 0.6167367 0.1067752
f 3781/1307/3781 3782/1376/3782 3748/1377/3748

usemtl material_891
vt 0.6149268 0.3677730
vt 0.6243048 0.3743677
f 3816/1378/3816 3810/1287/3810 3811/1379/3811

usemtl material_1365
vt 0.7414914 0.4245127
f 696/1288/696 767/1380/767 776/1314/776

usemtl material_1366
f 767/1380/767 775/1339/775 776/1314/776

usemtl material_583
vt 0.7446731 0.4249650
f 775/1339/775 774/1381/774 773/1266/773

usemtl material_1367
vt 0.6327758 0.6082161
vt 0.6193827 0.5779114
f 3830/1292/3830 3828/1382/3828 3827/1383/3827

usemtl material_975
f 318/1342/318 194/1270/194 319/1242/319

usemtl material_1368
f 471/1295/471 473/1320/473 474/1344/474

usemtl material_1153
vt 0.8531001 0.7850487
f 3495/1277/3495 3503/1384/3503 3463/1372/3463

usemtl material_1341
vt 0.4241834 0.3557734
f 2653/1299/2653 2609/1385/2609 2656/1327/2656

usemtl material_1080
f 2631/1353/2631 2633/1352/2633 2658/1281/2658

usemtl material_948
vt 0.2859056 0.3589030
f 2632/1354/2632 2600/1386/2600 2630/1250/2630

usemtl material_681
vt 0.3069082 0.3509653
f 2630/1250/2630 2600/1386/2600 2629/1387/2629

usemtl material_652
f 2639/1254/2639 2637/1356/2637 2628/1330/2628

usemtl material_1369
vt 0.2201238 0.3624629
f 2635/1358/2635 2580/1388/2580 2637/1356/2637

usemtl material_134
vt 0.0729944 0.3643854
f 2625/1360/2625 2599/1389/2599 2626/1303/2626

usemtl material_1370
vt 0.9992474 0.5448990
f 994/1331/994 995/1390/995 993/1301/993

usemtl material_430
vt 0.0109167 0.3583686
vt 0.0156347 0.3658960
f 2641/1391/2641 2592/1392/2592 2624/1359/2624

usemtl material_1371
f 2654/1302/2654 2641/1391/2641 2624/1359/2624

usemtl material_1372
vt 0.1032987 0.3652940
vt 0.1157765 0.3665348
f 2634/1361/2634 2584/1393/2584 2583/1394/2583

usemtl material_1373
f 2634/1361/2634 2583/1394/2583 2622/1362/2622

usemtl material_1374
vt 0.6079778 0.0095993
f 3718/1395/3718 4095/1365/4095 3689/1333/3689

usemtl material_1375
f 626/1367/626 625/1368/625 624/1265/624

usemtl material_120
f 767/1380/767 774/1381/774 775/1339/775

usemtl material_1376
vt 0.7399975 0.4307067
f 774/1381/774 758/1396/758 773/1266/773

usemtl material_203
vt 0.7552325 0.4413966
vt 0.7589768 0.4462105
f 759/1397/759 766/1398/766 768/1293/768

usemtl material_401
f 760/1369/760 759/1397/759 768/1293/768

usemtl material_635
f 768/1293/768 766/1398/766 817/1340/817

usemtl material_974
vt 0.7735065 0.4590899
f 318/1342/318 193/1399/193 194/1270/194

usemtl material_856
f 194/1270/194 193/1399/193 170/1206/170

usemtl material_815
vt 0.7757771 0.4631360
vt 0.7869306 0.4761404
f 172/1400/172 171/1401/171 170/1206/170

usemtl material_729
f 171/1401/171 145/1185/145 170/1206/170

usemtl material_1377
vt 0.7979252 0.4667614
vt 0.8026763 0.4707280
f 161/1402/161 158/1403/158 145/1185/145

usemtl material_638
f 145/1185/145 158/1403/158 144/1343/144

usemtl material_1378
vt 0.8744928 0.5273039
f 598/1165/598 416/1404/416 415/1064/415

usemtl material_1220
f 415/1064/415 416/1404/416 355/1294/355

usemtl material_1379
vt 0.8979110 0.5220957
f 473/1320/473 475/1405/475 474/1344/474

usemtl material_1380
vt 0.4829085 0.3571122
f 2655/1326/2655 2611/1406/2611 2661/1325/2661

usemtl material_854
f 2661/1325/2661 2611/1406/2611 2659/1348/2659

usemtl material_1381
vt 0.4378866 0.3573555
f 2609/1385/2609 2608/1407/2608 2656/1327/2656

usemtl material_1380
f 2656/1327/2656 2608/1407/2608 2655/1326/2655

usemtl material_1382
vt 0.8409784 0.7717215
f 3463/1372/3463 3454/1408/3454 3444/1350/3444

usemtl material_1383
vt 0.8429904 0.7657236
f 3454/1408/3454 3442/1409/3442 3444/1350/3444

usemtl material_909
vt 0.4096721 0.3588340
f 2633/1352/2633 2607/1410/2607 2653/1299/2653

usemtl material_1384
vt 0.3692150 0.3589859
f 2631/1353/2631 2614/1411/2614 2633/1352/2633

usemtl material_778
f 2630/1250/2630 2629/1387/2629 2631/1353/2631

usemtl material_1385
vt 0.2344763 0.3618716
f 2580/1388/2580 2581/1412/2581 2637/1356/2637

usemtl material_1386
vt 0.1921148 0.3637451
f 2577/1413/2577 2580/1388/2580 2635/1358/2635

usemtl material_1387
vt 0.0502643 0.3636414
f 2592/1392/2592 2623/1414/2623 2624/1359/2624

usemtl material_1388
f 2624/1359/2624 2623/1414/2623 2625/1360/2625

usemtl material_1022
vt 0.0839867 0.3626441
f 2599/1389/2599 2606/1415/2606 2626/1303/2626

usemtl material_346
f 2626/1303/2626 2606/1415/2606 2627/1304/2627

usemtl material_1389
f 2627/1304/2627 2606/1415/2606 2636/1305/2636

usemtl material_1390
vt 0.0886020 0.3644238
f 2636/1305/2636 2606/1415/2606 2598/1416/2598

usemtl material_1391
f 2636/1305/2636 2584/1393/2584 2634/1361/2634

usemtl material_1392
vt 0.6039647 0.0092116
vt 0.6017790 0.0050635
f 3718/1395/3718 3738/1417/3738 4118/1418/4118

usemtl material_1393
f 3718/1395/3718 4118/1418/4118 4095/1365/4095

usemtl material_1394
vt 0.6078891 0.0916182
f 3753/1337/3753 3719/1419/3719 3720/1363/3720

usemtl material_1395
vt 0.7253782 0.4231983
f 715/1366/715 709/1420/709 626/1367/626

usemtl material_188
f 758/1396/758 759/1397/759 760/1369/760

usemtl material_641
vt 0.7614222 0.4519358
f 766/1398/766 495/1421/495 817/1340/817

usemtl material_1396
vt 0.6259486 0.7271942
vt 0.6334004 0.7308196
vt 0.6240410 0.7322534
f 3848/1422/3848 4076/1423/4076 4085/1424/4085

usemtl material_673
f 817/1340/817 495/1421/495 433/1341/433
f 193/1399/193 172/1400/172 170/1206/170

usemtl material_729
vt 0.7915674 0.4731779
f 171/1401/171 162/1425/162 145/1185/145

usemtl material_771
f 162/1425/162 161/1402/161 145/1185/145

usemtl material_638
vt 0.7982526 0.4701306
f 161/1402/161 496/1426/496 158/1403/158

usemtl material_1073
vt 0.8916835 0.5266032
f 346/1275/346 365/1427/365 425/1370/425

usemtl material_1246
vt 0.9055533 0.5278063
f 272/1322/272 271/1428/271 252/1296/252

usemtl material_1308
f 255/1189/255 251/1276/251 256/1371/256

usemtl material_1029
vt 0.5091588 0.3573099
vt 0.5212070 0.3561248
f 2612/1429/2612 2618/1430/2618 2660/1349/2660
f 2659/1348/2659 2612/1429/2612 2660/1349/2660

usemtl material_1397
vt 0.5415541 0.3569356
f 2660/1349/2660 2618/1430/2618 2616/1431/2616

usemtl material_1398
f 2660/1349/2660 2616/1431/2616 2662/1323/2662

usemtl material_1399
vt 0.5503246 0.3559592
f 2662/1323/2662 2616/1431/2616 2617/1432/2617

usemtl material_1400
f 2662/1323/2662 2617/1432/2617 2663/1324/2663

usemtl material_1401
vt 0.5522988 0.3510400
f 2663/1324/2663 2617/1432/2617 2712/1433/2712

usemtl material_1402
vt 0.8437876 0.7836277
f 3503/1384/3503 3494/1434/3494 3463/1372/3463

usemtl material_1403
vt 0.4611967 0.3579237
f 2608/1407/2608 2610/1435/2610 2655/1326/2655

usemtl material_1101
vt 0.3892353 0.3598160
f 2633/1352/2633 2613/1436/2613 2607/1410/2607

usemtl material_1404
vt 0.8425905 0.7565770
f 3442/1409/3442 3428/1437/3428 3440/1351/3440

usemtl material_1101
vt 0.3363633 0.3604038
vt 0.3542636 0.3597620
f 2602/1438/2602 2601/1439/2601 2631/1353/2631

usemtl material_947
f 2601/1439/2601 2614/1411/2614 2631/1353/2631

usemtl material_1078
vt 0.3121803 0.3598294
f 2604/1440/2604 2602/1438/2602 2629/1387/2629

usemtl material_1405
f 2629/1387/2629 2602/1438/2602 2631/1353/2631

usemtl material_1078
f 2600/1386/2600 2604/1440/2604 2629/1387/2629

usemtl material_1406
vt 0.2605894 0.3618490
f 2582/1441/2582 2600/1386/2600 2632/1354/2632

usemtl material_1407
f 2581/1412/2581 2582/1441/2582 2628/1330/2628

usemtl material_1408
f 2628/1330/2628 2582/1441/2582 2632/1354/2632

usemtl material_559
f 2637/1356/2637 2581/1412/2581 2628/1330/2628

usemtl material_1409
vt 0.9933219 0.5547482
f 1011/1300/1011 1005/1442/1005 1004/1374/1004

usemtl material_562
f 1004/1374/1004 1005/1442/1005 994/1331/994

usemtl material_1410
f 2620/1357/2620 2577/1413/2577 2635/1358/2635

usemtl material_1266
vt 0.9995895 0.5615222
f 1005/1442/1005 996/1443/996 994/1331/994

usemtl material_1411
f 994/1331/994 996/1443/996 995/1390/995

usemtl material_1412
vt 0.1685408 0.3661110
f 2619/1375/2619 2578/1444/2578 2620/1357/2620

usemtl material_1413
vt 0.1429859 0.3657138
f 2583/1394/2583 2590/1445/2590 2621/1332/2621

usemtl material_1414
f 2622/1362/2622 2583/1394/2583 2621/1332/2621

usemtl material_1415
f 2621/1332/2621 2590/1445/2590 2619/1375/2619

usemtl material_1416
f 2636/1305/2636 2598/1416/2598 2584/1393/2584

usemtl material_1417
vt 0.5993368 0.0342379
vt 0.6047704 0.0695434
f 3713/1446/3713 3706/1335/3706 3712/1447/3712

usemtl material_983
vt 0.7244040 0.4308729
f 709/1420/709 627/1448/627 626/1367/626

usemtl material_1418
f 626/1367/626 627/1448/627 625/1368/625

usemtl material_1419
vt 0.6148813 0.3941578
vt 0.6125793 0.4021297
f 3816/1378/3816 3684/1449/3684 3843/1450/3843

usemtl material_1420
f 767/1380/767 758/1396/758 774/1381/774

usemtl material_1421
vt 0.7502765 0.4481628
f 759/1397/759 756/1451/756 766/1398/766

usemtl material_975
vt 0.7684335 0.4611664
f 322/1452/322 193/1399/193 318/1342/318

usemtl material_1027
vt 0.8017778 0.4721403
f 496/1426/496 588/1453/588 158/1403/158

usemtl material_1095
vt 0.8089922 0.4800791
f 158/1403/158 160/1454/160 144/1343/144

usemtl material_1298
vt 0.8248987 0.5029147
f 144/1343/144 142/1455/142 141/1316/141

usemtl material_1422
vt 0.8682098 0.5291559
f 590/1273/590 585/1456/585 596/1274/596

usemtl material_1234
vt 0.8723833 0.5237547
f 598/1165/598 599/1457/599 416/1404/416

usemtl material_1378
vt 0.8989300 0.5337481
f 474/1344/474 478/1458/478 499/1321/499

usemtl material_1121
f 499/1321/499 478/1458/478 272/1322/272

usemtl material_1423
vt 0.5542059 0.3582745
f 2617/1432/2617 2722/1459/2722 2712/1433/2712

usemtl material_1380
f 2655/1326/2655 2610/1435/2610 2611/1406/2611

usemtl material_908
f 2611/1406/2611 2612/1429/2612 2659/1348/2659

usemtl material_947
f 2653/1299/2653 2607/1410/2607 2609/1385/2609

usemtl material_1101
f 2633/1352/2633 2614/1411/2614 2613/1436/2613

usemtl material_1424
f 1011/1300/1011 1033/1329/1033 1005/1442/1005

usemtl material_1425
f 2620/1357/2620 2578/1444/2578 2577/1413/2577

usemtl material_1426
vt 0.0098187 0.3703843
vt 0.0123079 0.3668476
f 2641/1391/2641 2667/1460/2667 2605/1461/2605

usemtl material_1427
f 2641/1391/2641 2605/1461/2605 2592/1392/2592

usemtl material_152
vt 0.0680839 0.3664969
f 2592/1392/2592 2591/1462/2591 2623/1414/2623

usemtl material_1428
f 2623/1414/2623 2591/1462/2591 2625/1360/2625

usemtl material_1429
f 2625/1360/2625 2591/1462/2591 2599/1389/2599

usemtl material_1346
f 2619/1375/2619 2590/1445/2590 2578/1444/2578

usemtl material_1430
vt 0.7304301 0.4320796
f 625/1368/625 697/1463/697 696/1288/696

usemtl material_1431
f 758/1396/758 756/1451/756 759/1397/759

usemtl material_936
vt 0.7636666 0.4584792
f 495/1421/495 430/1464/430 433/1341/433

usemtl material_818
f 430/1464/430 322/1452/322 433/1341/433

usemtl material_1027
vt 0.7951027 0.4718527
f 161/1402/161 497/1465/497 496/1426/496

usemtl material_1432
vt 0.7981811 0.4742582
vt 0.8004862 0.4758279
f 536/1466/536 583/1467/583 588/1453/588

usemtl material_1074
f 536/1466/536 588/1453/588 496/1426/496

usemtl material_1170
vt 0.8056260 0.4780318
f 588/1453/588 487/1468/487 158/1403/158
f 158/1403/158 487/1468/487 160/1454/160

usemtl material_1433
vt 0.8964803 0.5367982
f 475/1405/475 476/1469/476 474/1344/474

usemtl material_1432
vt 0.9028388 0.5294255
f 478/1458/478 521/1470/521 272/1322/272

usemtl material_1197
f 272/1322/272 521/1470/521 271/1428/271

usemtl material_1220
vt 0.9037537 0.5382944
f 270/1471/270 252/1296/252 271/1428/271

usemtl material_1298
vt 0.9355713 0.5448615
f 256/1371/256 298/1472/298 293/1345/293

usemtl material_1077
vt 0.5253803 0.3665495
f 2618/1430/2618 2596/1473/2596 2616/1431/2616

usemtl material_1434
vt 0.5503935 0.3635673
f 2616/1431/2616 2615/1474/2615 2617/1432/2617

usemtl material_1298
vt 0.8378005 0.7801057
f 3494/1434/3494 3473/1475/3473 3463/1372/3463

usemtl material_1406
f 2607/1410/2607 2608/1407/2608 2609/1385/2609

usemtl material_1435
vt 0.3199033 0.3653092
f 2604/1440/2604 2603/1476/2603 2602/1438/2602

usemtl material_1436
f 2600/1386/2600 2603/1476/2603 2604/1440/2604

usemtl material_1437
vt 0.9916495 0.5641032
f 1033/1329/1033 1028/1477/1028 1005/1442/1005

usemtl material_1438
vt 0.1986943 0.3769696
f 2577/1413/2577 2561/1478/2561 2580/1388/2580

usemtl material_123
vt 0.0732778 0.3788837
f 2591/1462/2591 2576/1479/2576 2599/1389/2599

usemtl material_1315
vt 0.0880291 0.3707719
f 2606/1415/2606 2597/1480/2597 2598/1416/2598

usemtl material_1439
f 2598/1416/2598 2597/1480/2597 2584/1393/2584

usemtl material_1440
vt 0.1373991 0.3734822
f 2583/1394/2583 2574/1481/2574 2590/1445/2590

usemtl material_1441
vt 0.5963069 0.0665796
f 3713/1446/3713 3712/1447/3712 3715/1482/3715

usemtl material_1442
vt 0.5971733 0.0091439
f 3738/1417/3738 3779/1483/3779 4118/1418/4118

usemtl material_292
vt 0.7352598 0.4337857
f 697/1463/697 764/1484/764 696/1288/696

usemtl material_957
f 696/1288/696 764/1484/764 767/1380/767

usemtl material_1443
vt 0.7348115 0.4381648
f 764/1484/764 757/1485/757 758/1396/758

usemtl material_1389
f 767/1380/767 764/1484/764 758/1396/758

usemtl material_1444
vt 0.6164962 0.5151630
vt 0.6162895 0.5431777
vt 0.6145117 0.5093620
f 3820/1486/3820 3822/1487/3822 3866/1488/3866

usemtl material_1014
vt 0.7525963 0.4568540
f 756/1451/756 769/1489/769 766/1398/766

usemtl material_1445
vt 0.6141748 0.5753257
f 3822/1487/3822 3827/1383/3827 3840/1490/3840

usemtl material_1446
vt 0.6204238 0.7163382
vt 0.6139745 0.7275218
f 3847/1491/3847 3848/1422/3848 3865/1492/3865

usemtl material_1447
vt 0.6199699 0.7288406
f 3865/1492/3865 3848/1422/3848 3950/1493/3950

usemtl material_1448
vt 0.8026846 0.4797633
f 536/1466/536 537/1494/537 583/1467/583

usemtl material_1449
f 583/1467/583 537/1494/537 588/1453/588

usemtl material_1450
f 537/1494/537 487/1468/487 588/1453/588

usemtl material_1079
vt 0.8096196 0.4847721
f 487/1468/487 488/1495/488 160/1454/160

usemtl material_1119
vt 0.8151345 0.4927560
f 160/1454/160 159/1496/159 144/1343/144

usemtl material_1073
vt 0.8931558 0.5322648
f 365/1427/365 445/1497/445 425/1370/425

usemtl material_1234
vt 0.8968234 0.5400718
f 476/1469/476 477/1498/477 474/1344/474

usemtl material_1451
f 474/1344/474 477/1498/477 478/1458/478

usemtl material_1452
vt 0.9325470 0.5599866
f 256/1371/256 275/1499/275 298/1472/298

usemtl material_853
vt 0.5425342 0.3668996
f 2596/1473/2596 2595/1500/2595 2616/1431/2616

usemtl material_1453
f 2616/1431/2616 2595/1500/2595 2615/1474/2615

usemtl material_1454
vt 0.4401609 0.3694820
f 2607/1410/2607 2589/1501/2589 2608/1407/2608
f 2601/1439/2601 2613/1436/2613 2614/1411/2614

usemtl material_1406
vt 0.2809367 0.3738096
f 2564/1502/2564 2603/1476/2603 2600/1386/2600

usemtl material_908
f 2600/1386/2600 2582/1441/2582 2564/1502/2564

usemtl material_1455
vt 0.8392512 0.7291876
vt 0.8295622 0.7243583
f 3439/1503/3439 3491/1504/3491 3490/1355/3490

usemtl material_1456
vt 0.1781122 0.3753186
f 2578/1444/2578 2562/1505/2562 2577/1413/2577

usemtl material_1457
f 2562/1505/2562 2561/1478/2561 2577/1413/2577

usemtl material_1458
vt 0.1529368 0.3744278
f 2590/1445/2590 2560/1506/2560 2578/1444/2578

usemtl material_1459
f 2560/1506/2560 2562/1505/2562 2578/1444/2578

usemtl material_1460
vt 0.0125100 0.3762729
f 2667/1460/2667 2572/1507/2572 2605/1461/2605

usemtl material_579
f 2605/1461/2605 2572/1507/2572 2592/1392/2592

usemtl material_1092
vt 0.0655909 0.3765905
f 2572/1507/2572 2571/1508/2571 2592/1392/2592

usemtl material_1461
f 2592/1392/2592 2571/1508/2571 2591/1462/2591

usemtl material_1462
vt 0.0841604 0.3777871
f 2606/1415/2606 2579/1509/2579 2597/1480/2597

usemtl material_1463
vt 0.1161971 0.3761572
f 2583/1394/2583 2575/1510/2575 2574/1481/2574

usemtl material_435
f 2574/1481/2574 2560/1506/2560 2590/1445/2590

usemtl material_1464
vt 0.7238150 0.4347645
f 627/1448/627 628/1511/628 625/1368/625

usemtl material_105
f 757/1485/757 756/1451/756 758/1396/758

usemtl material_1013
vt 0.7471783 0.4532648
f 756/1451/756 753/1512/753 769/1489/769

usemtl material_641
f 766/1398/766 769/1489/769 495/1421/495

usemtl material_673
vt 0.7537615 0.4651549
f 495/1421/495 431/1513/431 430/1464/430

usemtl material_1382
vt 0.7960566 0.4754382
vt 0.7988281 0.4800702
f 534/1514/534 535/1515/535 536/1466/536

usemtl material_1465
f 536/1466/536 535/1515/535 537/1494/537

usemtl material_1466
vt 0.8055958 0.4841468
f 537/1494/537 547/1516/547 487/1468/487

usemtl material_1467
f 547/1516/547 488/1495/488 487/1468/487

usemtl material_1337
vt 0.8556823 0.5256717
f 153/1111/153 140/1517/140 164/1271/164

usemtl material_1468
vt 0.8606489 0.5379760
f 164/1271/164 165/1518/165 422/1317/422

usemtl material_1469
f 595/1318/595 599/1457/599 598/1165/598

usemtl material_1368
f 445/1497/445 476/1469/476 475/1405/475

usemtl material_1298
f 521/1470/521 270/1471/270 271/1428/271

usemtl material_1470
vt 0.4822586 0.3668343
f 2610/1435/2610 2593/1519/2593 2611/1406/2611

usemtl material_1454
f 2611/1406/2611 2593/1519/2593 2612/1429/2612

usemtl material_1471
vt 0.5106115 0.3695745
f 2593/1519/2593 2594/1520/2594 2612/1429/2612

usemtl material_1472
f 2608/1407/2608 2589/1501/2589 2610/1435/2610

usemtl material_1454
vt 0.4629317 0.3677698
f 2589/1501/2589 2588/1521/2588 2610/1435/2610
f 2610/1435/2610 2588/1521/2588 2593/1519/2593
vt 0.4078691 0.3712548
f 2607/1410/2607 2587/1522/2587 2589/1501/2589
vt 0.3713425 0.3722060
f 2613/1436/2613 2567/1523/2567 2607/1410/2607
f 2567/1523/2567 2587/1522/2587 2607/1410/2607
f 2601/1439/2601 2567/1523/2567 2613/1436/2613

usemtl material_832
vt 0.3390009 0.3723308
f 2568/1524/2568 2567/1523/2567 2601/1439/2601

usemtl material_1078
f 2603/1476/2603 2568/1524/2568 2602/1438/2602

usemtl material_1454
f 2602/1438/2602 2568/1524/2568 2601/1439/2601

usemtl material_909
vt 0.3050289 0.3724314
f 2564/1502/2564 2565/1525/2565 2603/1476/2603

usemtl material_1473
vt 0.2507581 0.3736869
f 2581/1412/2581 2563/1526/2563 2582/1441/2582

usemtl material_1369
vt 0.2215989 0.3746228
f 2580/1388/2580 2566/1527/2566 2581/1412/2581

usemtl material_1474
vt 0.9937121 0.5725293
f 1005/1442/1005 1028/1477/1028 1006/1528/1006

usemtl material_459
vt 0.9985324 0.5717708
f 1006/1528/1006 1007/1529/1007 996/1443/996

usemtl material_1475
f 1005/1442/1005 1006/1528/1006 996/1443/996

usemtl material_1476
f 2571/1508/2571 2576/1479/2576 2591/1462/2591

usemtl material_290
f 2599/1389/2599 2576/1479/2576 2579/1509/2579

usemtl material_1192
f 2599/1389/2599 2579/1509/2579 2606/1415/2606

usemtl material_1477
vt 0.0892870 0.3781136
vt 0.1009885 0.3774381
f 2570/1530/2570 2569/1531/2569 2597/1480/2597

usemtl material_1478
f 2597/1480/2597 2569/1531/2569 2584/1393/2584

usemtl material_1479
f 2569/1531/2569 2575/1510/2575 2584/1393/2584

usemtl material_1480
f 2584/1393/2584 2575/1510/2575 2583/1394/2583

usemtl material_1481
vt 0.5932661 0.1073570
vt 0.6034283 0.1071018
f 3782/1376/3782 3745/1532/3745 3746/1533/3746

usemtl material_400
vt 0.6020629 0.0953183
vt 0.5880509 0.0938533
vt 0.5958474 0.0926301
f 3744/1534/3744 3728/1535/3728 3723/1536/3723

usemtl material_1482
f 628/1511/628 697/1463/697 625/1368/625

usemtl material_1483
vt 0.7302148 0.4410055
f 697/1463/697 763/1537/763 764/1484/764

usemtl material_158
f 764/1484/764 763/1537/763 757/1485/757

usemtl material_1074
vt 0.7889349 0.4777765
vt 0.7920979 0.4763331
f 162/1425/162 490/1538/490 605/1539/605

usemtl material_1102
vt 0.7933496 0.4790337
vt 0.7939231 0.4801899
f 533/1540/533 532/1541/532 534/1514/534

usemtl material_1484
f 534/1514/534 532/1541/532 535/1515/535

usemtl material_1368
vt 0.8022822 0.4839213
f 535/1515/535 538/1542/538 537/1494/537

usemtl material_1485
vt 0.8085914 0.4900181
f 547/1516/547 545/1543/545 488/1495/488

usemtl material_1119
f 488/1495/488 159/1496/159 160/1454/160

usemtl material_1486
vt 0.8120803 0.4904035
f 488/1495/488 610/1544/610 159/1496/159

usemtl material_1220
vt 0.8371630 0.5202225
f 141/1316/141 142/1455/142 143/1545/143

usemtl material_1337
f 141/1316/141 140/1517/140 153/1111/153

usemtl material_1220
vt 0.8760160 0.5298358
f 355/1294/355 353/1546/353 347/1319/347

usemtl material_1337
vt 0.8824660 0.5405725
f 347/1319/347 343/1547/343 346/1275/346

usemtl material_559
f 2594/1520/2594 2596/1473/2596 2612/1429/2612

usemtl material_649
f 2612/1429/2612 2596/1473/2596 2618/1430/2618

usemtl material_1487
vt 0.5494730 0.3705164
f 2595/1500/2595 2586/1548/2586 2615/1474/2615

usemtl material_1298
vt 0.8312151 0.7846289
f 3494/1434/3494 3505/1549/3505 3473/1475/3473

usemtl material_1219
vt 0.8291731 0.7738397
vt 0.8337030 0.7666518
f 3454/1408/3454 3472/1550/3472 3441/1551/3441

usemtl material_1101
f 2603/1476/2603 2565/1525/2565 2568/1524/2568

usemtl material_1488
vt 0.8301832 0.7287542
f 3439/1503/3439 3434/1552/3434 3491/1504/3491

usemtl material_682
f 2563/1526/2563 2564/1502/2564 2582/1441/2582

usemtl material_558
f 2581/1412/2581 2566/1527/2566 2563/1526/2563

usemtl material_1489
f 2580/1388/2580 2561/1478/2561 2566/1527/2566

usemtl material_797
vt 0.0086057 0.3776069
f 2667/1460/2667 2714/1553/2714 2572/1507/2572

usemtl material_1490
vt 0.7180910 0.4345740
f 709/1420/709 700/1554/700 627/1448/627

usemtl material_1491
vt 0.6094160 0.6054698
vt 0.6080562 0.5746419
f 3840/1490/3840 3889/1555/3889 3920/1556/3920

usemtl material_673
f 769/1489/769 431/1513/431 495/1421/495
vt 0.7572906 0.4904280
f 322/1452/322 186/1557/186 193/1399/193

usemtl material_815
vt 0.7816021 0.4827558
f 172/1400/172 173/1558/173 171/1401/171

usemtl material_1300
f 490/1538/490 533/1540/533 605/1539/605

usemtl material_1027
vt 0.7926933 0.4830846
vt 0.7973311 0.4849249
f 532/1541/532 604/1559/604 402/1560/402

usemtl material_1492
vt 0.8057389 0.4913266
f 538/1542/538 539/1561/539 537/1494/537

usemtl material_1493
vt 0.8081666 0.4931110
f 537/1494/537 539/1561/539 540/1562/540

usemtl material_1323
f 537/1494/537 540/1562/540 547/1516/547
f 547/1516/547 540/1562/540 545/1543/545

usemtl material_1121
f 545/1543/545 610/1544/610 488/1495/488

usemtl material_1486
vt 0.8150281 0.4959319
f 610/1544/610 607/1563/607 159/1496/159

usemtl material_1197
f 144/1343/144 159/1496/159 142/1455/142

usemtl material_1337
f 141/1316/141 143/1545/143 140/1517/140
f 140/1517/140 165/1518/165 164/1271/164

usemtl material_1220
f 416/1404/416 353/1546/353 355/1294/355

usemtl material_1337
f 353/1546/353 343/1547/343 347/1319/347

usemtl material_1073
vt 0.8861520 0.5495268
f 346/1275/346 343/1547/343 345/1564/345

usemtl material_1220
f 346/1275/346 345/1564/345 365/1427/365

usemtl material_1219
vt 0.8996500 0.5429043
f 478/1458/478 520/1565/520 521/1470/521

usemtl material_1246
f 521/1470/521 520/1565/520 270/1471/270

usemtl material_1494
vt 0.9062522 0.5612244
f 252/1296/252 270/1471/270 250/1566/250

usemtl material_1495
vt 0.5527398 0.3699152
f 2586/1548/2586 2657/1567/2657 2615/1474/2615

usemtl material_1152
vt 0.2904811 0.3853055
f 2545/1568/2545 2565/1525/2565 2564/1502/2564

usemtl material_1496
vt 0.8403437 0.7333524
vt 0.8288056 0.7336642
f 3429/1569/3429 3423/1570/3423 3434/1552/3434

usemtl material_1057
vt 0.9945533 0.5875819
f 1006/1528/1006 1009/1571/1009 1007/1529/1007

usemtl material_1497
vt 0.1837004 0.3885872
f 2562/1505/2562 2542/1572/2542 2561/1478/2561

usemtl material_1498
vt 0.0842426 0.3882074
vt 0.0876917 0.3870311
f 2579/1509/2579 2546/1573/2546 2541/1574/2541

usemtl material_1499
f 2579/1509/2579 2541/1574/2541 2597/1480/2597

usemtl material_1500
f 2597/1480/2597 2541/1574/2541 2570/1530/2570

usemtl material_1501
vt 0.1157232 0.3876555
f 2569/1531/2569 2534/1575/2534 2575/1510/2575

usemtl material_714
vt 0.1387852 0.3877505
f 2531/1576/2531 2560/1506/2560 2574/1481/2574

usemtl material_840
vt 0.7237052 0.4429595
f 628/1511/628 698/1577/698 697/1463/697

usemtl material_1499
f 697/1463/697 698/1577/698 763/1537/763

usemtl material_1502
vt 0.7302084 0.4457642
f 763/1537/763 754/1578/754 757/1485/757

usemtl material_505
f 757/1485/757 754/1578/754 756/1451/756

usemtl material_1167
vt 0.7429692 0.4618351
f 753/1512/753 755/1579/755 769/1489/769

usemtl material_673
vt 0.7592309 0.4766103
f 430/1464/430 323/1580/323 322/1452/322

usemtl material_638
f 171/1401/171 173/1558/173 490/1538/490

usemtl material_1503
vt 0.7866552 0.4826145
f 531/1581/531 532/1541/532 533/1540/533

usemtl material_1073
f 490/1538/490 531/1581/531 533/1540/533

usemtl material_1422
vt 0.8872901 0.3319387
vt 0.8811942 0.3357702
vt 0.8797697 0.3310727
f 3653/1582/3653 3652/1583/3652 3651/1584/3651

usemtl material_1504
vt 0.8118004 0.4966705
f 545/1543/545 546/1585/546 610/1544/610

usemtl material_1300
f 546/1585/546 607/1563/607 610/1544/610

usemtl material_1422
f 478/1458/478 477/1498/477 520/1565/520

usemtl material_1505
vt 0.5503380 0.3758177
f 2586/1548/2586 2559/1586/2559 2657/1567/2657

usemtl material_1406
vt 0.4827906 0.3784123
f 2588/1521/2588 2548/1587/2548 2593/1519/2593

usemtl material_1506
f 2593/1519/2593 2548/1587/2548 2594/1520/2594

usemtl material_650
vt 0.5111556 0.3780849
f 2594/1520/2594 2548/1587/2548 2550/1588/2550

usemtl material_652
f 2594/1520/2594 2550/1588/2550 2596/1473/2596

usemtl material_1507
vt 0.5263076 0.3795385
f 2596/1473/2596 2551/1589/2551 2595/1500/2595

usemtl material_1454
vt 0.4463860 0.3799350
f 2589/1501/2589 2554/1590/2554 2588/1521/2588
vt 0.4681204 0.3798084
f 2554/1590/2554 2553/1591/2553 2588/1521/2588

usemtl material_1470
f 2587/1522/2587 2554/1590/2554 2589/1501/2589
vt 0.3912600 0.3801807
f 2567/1523/2567 2556/1592/2556 2587/1522/2587

usemtl material_1508
vt 0.3448321 0.3822335
f 2568/1524/2568 2557/1593/2557 2567/1523/2567

usemtl material_684
vt 0.2200368 0.3853787
f 2566/1527/2566 2543/1594/2543 2563/1526/2563

usemtl material_1509
f 2561/1478/2561 2543/1594/2543 2566/1527/2566

usemtl material_1510
vt 0.1715071 0.3883969
f 2560/1506/2560 2532/1595/2532 2562/1505/2562

usemtl material_1511
vt 0.0112357 0.3824939
f 2714/1553/2714 2573/1596/2573 2572/1507/2572

usemtl material_1512
vt 0.0144170 0.3888683
f 2573/1596/2573 2537/1597/2537 2572/1507/2572

usemtl material_1496
vt 0.0374271 0.3874364
f 2572/1507/2572 2538/1598/2538 2571/1508/2571

usemtl material_795
vt 0.0724275 0.3881844
f 2571/1508/2571 2539/1599/2539 2576/1479/2576

usemtl material_404
f 2576/1479/2576 2546/1573/2546 2579/1509/2579

usemtl material_1513
vt 0.1007314 0.3871580
f 2570/1530/2570 2540/1600/2540 2569/1531/2569

usemtl material_1514
f 2540/1600/2540 2534/1575/2534 2569/1531/2569

usemtl material_1515
f 2534/1575/2534 2531/1576/2531 2574/1481/2574

usemtl material_1516
f 2575/1510/2575 2534/1575/2534 2574/1481/2574

usemtl material_187
f 754/1578/754 753/1512/753 756/1451/756

usemtl material_1367
vt 0.6148016 0.6136403
vt 0.6059926 0.6383430
f 3889/1555/3889 3841/1601/3841 3888/1602/3888

usemtl material_673
f 193/1399/193 186/1557/186 172/1400/172

usemtl material_1246
f 531/1581/531 490/1538/490 173/1558/173

usemtl material_1517
vt 0.7856478 0.4852803
f 531/1581/531 530/1603/530 532/1541/532

usemtl material_1300
f 532/1541/532 530/1603/530 604/1559/604

usemtl material_1027
vt 0.7949524 0.4860176
vt 0.7994349 0.4963059
vt 0.8032404 0.4910716
f 241/1604/241 230/1605/230 268/1606/268

usemtl material_634
vt 0.8833852 0.3383672
vt 0.8755451 0.3378386
f 3672/1607/3672 3650/1608/3650 3652/1583/3652

usemtl material_1518
vt 0.8075879 0.4965574
f 539/1561/539 541/1609/541 540/1562/540

usemtl material_1519
vt 0.8132023 0.5059905
f 545/1543/545 540/1562/540 543/1610/543

usemtl material_1323
f 545/1543/545 543/1610/543 546/1585/546
vt 0.8137104 0.5024812
f 543/1610/543 574/1611/574 546/1585/546

usemtl material_1520
f 546/1585/546 574/1611/574 607/1563/607

usemtl material_1197
vt 0.8169599 0.5011223
f 607/1563/607 606/1612/606 159/1496/159

usemtl material_1298
vt 0.8205803 0.5069320
f 159/1496/159 156/1613/156 142/1455/142

usemtl material_1337
vt 0.8627138 0.5373847
f 165/1518/165 410/1614/410 422/1317/422

usemtl material_1521
vt 0.8669619 0.5387961
vt 0.8675185 0.5421143
f 594/1615/594 592/1616/592 595/1318/595

usemtl material_1469
f 595/1318/595 592/1616/592 599/1457/599

usemtl material_1522
vt 0.8903005 0.5405870
f 345/1564/345 364/1617/364 365/1427/365

usemtl material_1504
vt 0.8966550 0.5463461
f 477/1498/477 485/1618/485 520/1565/520

usemtl material_1337
f 252/1296/252 250/1566/250 251/1276/251

usemtl material_1523
vt 0.5545977 0.3735829
f 2559/1586/2559 2780/1619/2780 2657/1567/2657

usemtl material_654
f 2550/1588/2550 2551/1589/2551 2596/1473/2596

usemtl material_715
vt 0.5419050 0.3787432
f 2551/1589/2551 2552/1620/2552 2595/1500/2595

usemtl material_1524
f 2595/1500/2595 2552/1620/2552 2586/1548/2586

usemtl material_1525
f 2586/1548/2586 2552/1620/2552 2559/1586/2559

usemtl material_1298
vt 0.8257610 0.7809637
f 3505/1549/3505 3481/1621/3481 3473/1475/3473

usemtl material_1406
f 2588/1521/2588 2553/1591/2553 2548/1587/2548

usemtl material_1298
f 3473/1475/3473 3481/1621/3481 3472/1550/3472

usemtl material_1381
vt 0.4167077 0.3794653
f 2587/1522/2587 2555/1622/2555 2554/1590/2554
f 2587/1522/2587 2556/1592/2556 2555/1622/2555

usemtl material_1254
vt 0.3123930 0.3827367
f 2558/1623/2558 2557/1593/2557 2565/1525/2565

usemtl material_1005
f 2565/1525/2565 2557/1593/2557 2568/1524/2568

usemtl material_1526
f 2565/1525/2565 2545/1568/2545 2558/1623/2558

usemtl material_1527
vt 0.8210848 0.7284480
f 3434/1552/3434 3433/1624/3433 3491/1504/3491

usemtl material_1528
vt 0.2565759 0.3822671
f 2544/1625/2544 2545/1568/2545 2563/1526/2563

usemtl material_1221
f 2563/1526/2563 2545/1568/2545 2564/1502/2564

usemtl material_1528
f 2563/1526/2563 2543/1594/2543 2544/1625/2544

usemtl material_1529
vt 0.9886274 0.5711359
f 1028/1477/1028 1048/1626/1048 1006/1528/1006

usemtl material_1530
vt 0.1986051 0.3953012
f 2542/1572/2542 2451/1627/2451 2561/1478/2561

usemtl material_1531
f 2562/1505/2562 2532/1595/2532 2542/1572/2542

usemtl material_1532
vt 0.0083464 0.3948380
f 2714/1553/2714 2754/1628/2754 2573/1596/2573

usemtl material_1533
f 2572/1507/2572 2537/1597/2537 2538/1598/2538

usemtl material_188
f 2538/1598/2538 2539/1599/2539 2571/1508/2571

usemtl material_1534
f 2560/1506/2560 2531/1576/2531 2532/1595/2532

usemtl material_1535
f 2570/1530/2570 2541/1574/2541 2540/1600/2540

usemtl material_1536
vt 0.5871418 0.1511508
vt 0.5907886 0.1821151
vt 0.5832966 0.1626340
f 3934/1629/3934 3927/1630/3927 3935/1631/3935

usemtl material_930
vt 0.6018181 0.3975381
vt 0.6029791 0.4273551
vt 0.5957301 0.4461192
f 3911/1632/3911 3914/1633/3914 3913/1634/3913

usemtl material_1537
vt 0.7246525 0.4501767
f 698/1577/698 762/1635/762 763/1537/763

usemtl material_195
vt 0.7242895 0.4552103
f 762/1635/762 750/1636/750 754/1578/754

usemtl material_1538
f 763/1537/763 762/1635/762 754/1578/754

usemtl material_1539
vt 0.7316114 0.4610623
f 754/1578/754 747/1637/747 753/1512/753

usemtl material_576
vt 0.7370544 0.4654850
f 747/1637/747 746/1638/746 753/1512/753

usemtl material_1540
vt 0.7433835 0.4731022
f 769/1489/769 770/1639/770 431/1513/431

usemtl material_673
vt 0.7507921 0.4805866
f 431/1513/431 426/1640/426 430/1464/430

usemtl material_818
f 430/1464/430 426/1640/426 323/1580/323

usemtl material_815
vt 0.7777421 0.4862269
f 172/1400/172 174/1641/174 173/1558/173

usemtl material_1219
vt 0.7812694 0.4886556
f 528/1642/528 531/1581/531 173/1558/173

usemtl material_1465
f 528/1642/528 530/1603/530 531/1581/531

usemtl material_1119
vt 0.7898335 0.4882540
f 241/1604/241 240/1643/240 230/1605/230

usemtl material_1541
vt 0.8107767 0.5047698
f 540/1562/540 541/1609/541 542/1644/542

usemtl material_1542
f 540/1562/540 542/1644/542 543/1610/543

usemtl material_1517
f 574/1611/574 606/1612/606 607/1563/607

usemtl material_1170
f 606/1612/606 156/1613/156 159/1496/159
vt 0.8193606 0.5076545
f 606/1612/606 608/1645/608 156/1613/156

usemtl material_1220
f 156/1613/156 143/1545/143 142/1455/142

usemtl material_1543
vt 0.8726346 0.5414836
f 416/1404/416 371/1646/371 353/1546/353

usemtl material_1235
vt 0.8939710 0.5415018
f 476/1469/476 479/1647/479 477/1498/477

usemtl material_1468
vt 0.9173431 0.5795195
f 251/1276/251 249/1648/249 256/1371/256

usemtl material_777
f 2557/1593/2557 2556/1592/2556 2567/1523/2567

usemtl material_1544
vt 0.9926718 0.6014634
f 1048/1626/1048 1015/1649/1015 1006/1528/1006

usemtl material_1545
f 1006/1528/1006 1015/1649/1015 1009/1571/1009

usemtl material_1546
f 2561/1478/2561 2451/1627/2451 2543/1594/2543

usemtl material_1547
vt 0.9987037 0.5973421
f 1009/1571/1009 1012/1650/1012 1007/1529/1007

usemtl material_591
f 2539/1599/2539 2546/1573/2546 2576/1479/2576

usemtl material_1532
vt 0.5883593 0.0095443
vt 0.5773618 0.0062085
vt 0.5905933 0.0053424
f 3732/1651/3732 4101/1652/4101 4119/1653/4119

usemtl material_1548
vt 0.7136753 0.4504411
f 700/1554/700 630/1654/630 627/1448/627

usemtl material_1470
vt 0.5988015 0.4681876
vt 0.6011149 0.5054359
vt 0.5921760 0.4858604
f 3915/1655/3915 3916/1656/3916 3917/1657/3917

usemtl material_1549
f 746/1638/746 755/1579/755 753/1512/753

usemtl material_1550
f 755/1579/755 770/1639/770 769/1489/769

usemtl material_1551
vt 0.5956936 0.6501874
vt 0.6053503 0.6556418
f 3925/1658/3925 3888/1602/3888 3890/1659/3890

usemtl material_673
f 323/1580/323 186/1557/186 322/1452/322

usemtl material_1467
vt 0.7837910 0.4878066
f 528/1642/528 529/1660/529 530/1603/530

usemtl material_1027
vt 0.8071226 0.4988849
f 268/1606/268 230/1605/230 267/1661/267

usemtl material_1073
vt 0.8718857 0.3356807
vt 0.8683168 0.3353878
vt 0.8748614 0.3310894
f 3649/1662/3649 3647/1663/3647 3648/1664/3648

usemtl material_1552
vt 0.8157275 0.5079781
f 574/1611/574 575/1665/575 606/1612/606

usemtl material_1553
f 574/1611/574 543/1610/543 575/1665/575

usemtl material_1504
f 606/1612/606 575/1665/575 608/1645/608

usemtl material_1554
vt 0.8708218 0.5420980
f 592/1616/592 456/1666/456 416/1404/416

usemtl material_1234
f 599/1457/599 592/1616/592 416/1404/416

usemtl material_1543
f 416/1404/416 456/1666/456 371/1646/371

usemtl material_1220
vt 0.8724543 0.5485001
f 371/1646/371 354/1667/354 353/1546/353

usemtl material_1337
f 353/1546/353 354/1667/354 343/1547/343

usemtl material_1555
vt 0.8927531 0.5552160
f 479/1647/479 484/1668/484 477/1498/477
f 477/1498/477 484/1668/484 485/1618/485

usemtl material_1556
vt 0.8965463 0.5632939
f 520/1565/520 434/1669/434 270/1471/270

usemtl material_1557
vt 0.5146492 0.3844602
f 2550/1588/2550 2549/1670/2549 2551/1589/2551

usemtl material_1558
vt 0.5500641 0.3888438
f 2552/1620/2552 2467/1671/2467 2559/1586/2559

usemtl material_1187
vt 0.9302894 0.5804155
vt 0.9342998 0.5673485
f 275/1499/275 324/1672/324 493/1673/493

usemtl material_777
vt 0.4610513 0.3934749
f 2553/1591/2553 2470/1674/2470 2548/1587/2548

usemtl material_950
f 2548/1587/2548 2549/1670/2549 2550/1588/2550

usemtl material_1073
vt 0.8185850 0.7734210
f 3472/1550/3472 3469/1675/3469 3441/1551/3441

usemtl material_1125
vt 0.3820394 0.3938649
f 2556/1592/2556 2449/1676/2449 2555/1622/2555

usemtl material_1559
vt 0.3378508 0.3947871
f 2558/1623/2558 2445/1677/2445 2557/1593/2557

usemtl material_1177
vt 0.2704075 0.3953861
f 2544/1625/2544 2443/1678/2443 2545/1568/2545

usemtl material_1560
vt 0.8127118 0.7237418
f 3433/1624/3433 3492/1679/3492 3491/1504/3491

usemtl material_1177
vt 0.2511971 0.3961526
f 2543/1594/2543 2454/1680/2454 2544/1625/2544

usemtl material_1561
vt 0.0119286 0.3981622
f 2573/1596/2573 2529/1681/2529 2537/1597/2537

usemtl material_1421
vt 0.0300219 0.3995458
f 2538/1598/2538 2528/1682/2528 2539/1599/2539

usemtl material_1562
vt 0.0840523 0.4002802
f 2546/1573/2546 2530/1683/2530 2541/1574/2541

usemtl material_1563
vt 0.0884683 0.4008149
f 2541/1574/2541 2464/1684/2464 2540/1600/2540

usemtl material_1564
vt 0.1285123 0.3988939
f 2534/1575/2534 2533/1685/2533 2531/1576/2531

usemtl material_183
vt 0.7152560 0.4511739
f 630/1654/630 629/1686/629 627/1448/627

usemtl material_1565
vt 0.7181917 0.4529721
f 629/1686/629 637/1687/637 628/1511/628

usemtl material_1566
f 627/1448/627 629/1686/629 628/1511/628

usemtl material_1567
f 628/1511/628 637/1687/637 698/1577/698

usemtl material_1568
f 698/1577/698 637/1687/637 762/1635/762

usemtl material_105
f 754/1578/754 750/1636/750 747/1637/747

usemtl material_1569
vt 0.6056816 0.7027645
vt 0.6095623 0.7166839
vt 0.5988246 0.7119833
f 3892/1688/3892 3877/1689/3877 3928/1690/3928

usemtl material_673
vt 0.7451211 0.4817274
f 770/1639/770 804/1691/804 431/1513/431

usemtl material_815
vt 0.7730705 0.4905539
f 172/1400/172 176/1692/176 174/1641/174

usemtl material_1467
vt 0.7796853 0.4921536
f 528/1642/528 527/1693/527 529/1660/529

usemtl material_1503
vt 0.7853241 0.4908844
f 529/1660/529 527/1693/527 384/1694/384

usemtl material_1074
vt 0.7812402 0.4953213
f 384/1694/384 228/1695/228 240/1643/240

usemtl material_1119
vt 0.8104744 0.5091140
f 267/1661/267 230/1605/230 266/1696/266

usemtl material_1522
vt 0.8240012 0.5162024
f 156/1613/156 157/1697/157 143/1545/143
vt 0.8880227 0.5520759
f 345/1564/345 363/1698/363 364/1617/364

usemtl material_1073
f 364/1617/364 363/1698/363 479/1647/479

usemtl material_1298
vt 0.9230364 0.5856797
f 256/1371/256 247/1699/247 275/1499/275

usemtl material_1187
vt 0.9251415 0.5902182
f 275/1499/275 247/1699/247 284/1700/284

usemtl material_611
vt 0.5422739 0.3908702
f 2549/1670/2549 2466/1701/2466 2551/1589/2551

usemtl material_1305
f 2551/1589/2551 2466/1701/2466 2552/1620/2552

usemtl material_1570
f 2552/1620/2552 2466/1701/2466 2467/1671/2467

usemtl material_1571
vt 0.5540960 0.3883338
f 2559/1586/2559 2467/1671/2467 2713/1702/2713

usemtl material_1572
f 2559/1586/2559 2713/1702/2713 2780/1619/2780

usemtl material_1526
vt 0.4842955 0.3992008
f 2470/1674/2470 2457/1703/2457 2548/1587/2548

usemtl material_836
vt 0.5090100 0.3917810
f 2457/1703/2457 2472/1704/2472 2548/1587/2548

usemtl material_981
f 2548/1587/2548 2472/1704/2472 2549/1670/2549

usemtl material_1298
f 3481/1621/3481 3469/1675/3469 3472/1550/3472

usemtl material_1030
vt 0.4392034 0.3936664
f 2555/1622/2555 2469/1705/2469 2554/1590/2554

usemtl material_1269
f 2469/1705/2469 2470/1674/2470 2554/1590/2554

usemtl material_1219
vt 0.8190467 0.7653295
f 3469/1675/3469 3443/1706/3443 3441/1551/3441

usemtl material_1254
f 2557/1593/2557 2449/1676/2449 2556/1592/2556

usemtl material_1559
f 2557/1593/2557 2445/1677/2445 2449/1676/2449

usemtl material_1053
vt 0.3126623 0.3951589
f 2444/1707/2444 2445/1677/2445 2558/1623/2558
f 2545/1568/2545 2444/1707/2444 2558/1623/2558

usemtl material_1105
f 2454/1680/2454 2443/1678/2443 2544/1625/2544

usemtl material_1033
vt 0.2272609 0.3950796
f 2543/1594/2543 2453/1708/2453 2454/1680/2454

usemtl material_1573
vt 0.2114478 0.3965482
f 2451/1627/2451 2452/1709/2452 2543/1594/2543

usemtl material_780
f 2452/1709/2452 2453/1708/2453 2543/1594/2543

usemtl material_433
vt 0.1849443 0.3968595
f 2542/1572/2542 2463/1710/2463 2451/1627/2451

usemtl material_1574
f 2754/1628/2754 2529/1681/2529 2573/1596/2573

usemtl material_1365
f 2537/1597/2537 2528/1682/2528 2538/1598/2538

usemtl material_1014
vt 0.0741363 0.4026202
f 2539/1599/2539 2518/1711/2518 2530/1683/2530

usemtl material_1285
f 2539/1599/2539 2530/1683/2530 2546/1573/2546

usemtl material_1575
f 2530/1683/2530 2464/1684/2464 2541/1574/2541

usemtl material_1576
vt 0.1052022 0.4004803
f 2464/1684/2464 2465/1712/2465 2540/1600/2540

usemtl material_1577
f 2540/1600/2540 2465/1712/2465 2534/1575/2534

usemtl material_1578
vt 0.1163958 0.4002432
f 2534/1575/2534 2465/1712/2465 2459/1713/2459

usemtl material_1579
f 2459/1713/2459 2533/1685/2533 2534/1575/2534

usemtl material_1580
vt 0.1368365 0.4002588
f 2533/1685/2533 2461/1714/2461 2531/1576/2531

usemtl material_1581
vt 0.7098973 0.4486659
vt 0.7084950 0.4585894
f 710/1715/710 634/1716/634 700/1554/700

usemtl material_411
f 700/1554/700 634/1716/634 630/1654/630

usemtl material_1152
vt 0.5915214 0.3658698
vt 0.5878187 0.4217607
f 3912/1717/3912 3913/1634/3913 3940/1718/3940

usemtl material_1508
vt 0.5893969 0.4680569
f 3915/1655/3915 3917/1657/3917 3923/1719/3923

usemtl material_729
vt 0.7771844 0.4921113
f 174/1641/174 176/1692/176 526/1720/526

usemtl material_1219
f 526/1720/526 527/1693/527 528/1642/528

usemtl material_1300
f 527/1693/527 228/1695/228 384/1694/384

usemtl material_1074
f 240/1643/240 228/1695/228 230/1605/230

usemtl material_1027
vt 0.8662633 0.3385836
vt 0.8614595 0.3365510
vt 0.8652071 0.3357854
f 3674/1721/3674 3644/1722/3644 3645/1723/3645

usemtl material_1469
vt 0.8129702 0.5119474
f 542/1644/542 544/1724/544 543/1610/543

usemtl material_1504
vt 0.8194326 0.5170826
vt 0.8211696 0.5125310
f 549/1725/549 609/1726/609 608/1645/608

usemtl material_1235
f 575/1665/575 549/1725/549 608/1645/608

usemtl material_1519
f 575/1665/575 543/1610/543 549/1725/549

usemtl material_1246
f 608/1645/608 609/1726/609 156/1613/156
f 609/1726/609 157/1697/157 156/1613/156

usemtl material_1582
f 256/1371/256 249/1648/249 247/1699/247

usemtl material_1583
f 284/1700/284 324/1672/324 275/1499/275

usemtl material_1584
vt 0.5512754 0.3940706
f 2467/1671/2467 2535/1727/2535 2713/1702/2713

usemtl material_950
f 2472/1704/2472 2466/1701/2466 2549/1670/2549

usemtl material_1298
vt 0.9340211 0.5823165
f 493/1673/493 324/1672/324 492/1728/492

usemtl material_1508
f 2554/1590/2554 2470/1674/2470 2553/1591/2553

usemtl material_1170
vt 0.8138657 0.7785485
f 3481/1621/3481 3475/1729/3475 3469/1675/3469

usemtl material_1152
vt 0.3986122 0.3940438
vt 0.4146852 0.3937989
f 2450/1730/2450 2468/1731/2468 2449/1676/2449

usemtl material_1104
vt 0.3590880 0.3946420
f 2445/1677/2445 2446/1732/2446 2449/1676/2449

usemtl material_1585
vt 0.8272183 0.7503155
vt 0.8083702 0.7506515
vt 0.8187827 0.7433273
f 3420/1733/3420 3417/1734/3417 3421/1735/3421

usemtl material_1586
vt 0.2937850 0.3956027
f 2545/1568/2545 2442/1736/2442 2444/1707/2444

usemtl material_1105
f 2443/1678/2443 2442/1736/2442 2545/1568/2545

usemtl material_1587
vt 0.9889193 0.6044028
f 1048/1626/1048 1050/1737/1050 1015/1649/1015

usemtl material_1588
vt 0.9963910 0.6041806
f 1009/1571/1009 1014/1738/1014 1012/1650/1012

usemtl material_187
vt 0.0624291 0.4006943
f 2528/1682/2528 2527/1739/2527 2539/1599/2539

usemtl material_584
f 2539/1599/2539 2527/1739/2527 2518/1711/2518

usemtl material_521
vt 0.1525444 0.3975383
f 2531/1576/2531 2462/1740/2462 2532/1595/2532

usemtl material_563
f 2462/1740/2462 2463/1710/2463 2532/1595/2532

usemtl material_1589
f 2532/1595/2532 2463/1710/2463 2542/1572/2542

usemtl material_1590
vt 0.0866397 0.4040716
f 2530/1683/2530 2471/1741/2471 2464/1684/2464

usemtl material_601
f 2461/1714/2461 2462/1740/2462 2531/1576/2531

usemtl material_1591
vt 0.7182149 0.4633889
f 637/1687/637 761/1742/761 762/1635/762

usemtl material_1592
f 762/1635/762 761/1742/761 750/1636/750

usemtl material_1549
vt 0.7357858 0.4743907
f 746/1638/746 745/1743/745 755/1579/755

usemtl material_349
f 755/1579/755 745/1743/745 770/1639/770

usemtl material_673
f 431/1513/431 804/1691/804 426/1640/426
vt 0.7671422 0.4989858
f 186/1557/186 175/1744/175 172/1400/172
f 172/1400/172 175/1744/175 176/1692/176

usemtl material_1219
vt 0.7762983 0.4955960
f 526/1720/526 525/1745/525 527/1693/527

usemtl material_1197
vt 0.8008371 0.5100574
f 228/1695/228 229/1746/229 230/1605/230

usemtl material_1118
f 230/1605/230 229/1746/229 266/1696/266

usemtl material_1593
vt 0.8173373 0.5188836
f 543/1610/543 544/1724/544 548/1747/548

usemtl material_1542
f 543/1610/543 548/1747/548 549/1725/549

usemtl material_1594
vt 0.8222017 0.5282716
f 549/1725/549 548/1747/548 550/1748/550

usemtl material_1504
f 609/1726/609 549/1725/549 157/1697/157

usemtl material_1220
vt 0.8281696 0.5250555
f 157/1697/157 155/1749/155 143/1545/143

usemtl material_1595
vt 0.8453257 0.5485707
f 143/1545/143 136/1750/136 140/1517/140

usemtl material_1596
vt 0.8625286 0.5444517
f 429/1751/429 594/1615/594 585/1456/585

usemtl material_1597
vt 0.8916628 0.5634612
f 484/1668/484 486/1752/486 485/1618/485

usemtl material_1324
f 485/1618/485 486/1752/486 520/1565/520

usemtl material_1337
vt 0.8943720 0.5748703
f 434/1669/434 269/1753/269 270/1471/270

usemtl material_1468
f 270/1471/270 269/1753/269 250/1566/250

usemtl material_1598
f 250/1566/250 249/1648/249 251/1276/251

usemtl material_1125
f 2555/1622/2555 2468/1731/2468 2469/1705/2469

usemtl material_1599
vt 0.8064154 0.7288876
f 3433/1624/3433 3432/1754/3432 3492/1679/3492

usemtl material_1600
f 1009/1571/1009 1015/1649/1015 1014/1738/1014

usemtl material_1601
vt 0.0069787 0.3995250
f 2754/1628/2754 2798/1755/2798 2529/1681/2529

usemtl material_1602
f 2537/1597/2537 2529/1681/2529 2528/1682/2528

usemtl material_1603
vt 0.5777096 0.1111102
vt 0.5734915 0.1077267
vt 0.5815855 0.1077136
f 3977/1756/3977 3988/1757/3988 3758/1758/3758

usemtl material_1604
vt 0.7510293 0.4945624
f 426/1640/426 321/1759/321 323/1580/323

usemtl material_1219
vt 0.7745694 0.4960528
f 526/1720/526 524/1760/524 525/1745/525

usemtl material_1517
f 527/1693/527 525/1745/525 228/1695/228

usemtl material_1027
vt 0.8556055 0.3386464
f 3674/1721/3674 3642/1761/3642 3644/1722/3644

usemtl material_1605
vt 0.8152722 0.5188151
f 544/1724/544 573/1762/573 548/1747/548

usemtl material_1606
vt 0.8216840 0.5227483
f 549/1725/549 550/1748/550 576/1763/576

usemtl material_1607
f 549/1725/549 576/1763/576 157/1697/157

usemtl material_1504
vt 0.8255073 0.5226464
f 576/1763/576 611/1764/611 157/1697/157

usemtl material_1220
f 157/1697/157 611/1764/611 155/1749/155
f 371/1646/371 456/1666/456 354/1667/354

usemtl material_1324
vt 0.8913603 0.5706815
f 486/1752/486 502/1765/502 520/1565/520

usemtl material_1219
f 520/1565/520 502/1765/502 434/1669/434

usemtl material_1608
vt 0.5257454 0.3974237
f 2472/1704/2472 2456/1766/2456 2466/1701/2466

usemtl material_1609
vt 0.5037441 0.3988584
f 2457/1703/2457 2458/1767/2458 2472/1704/2472

usemtl material_1189
vt 0.3767559 0.4015827
f 2446/1732/2446 2448/1768/2448 2449/1676/2449

usemtl material_1610
vt 0.8070143 0.7433937
f 3417/1734/3417 3422/1769/3422 3421/1735/3421

usemtl material_1611
vt 0.0099720 0.4143050
f 2798/1755/2798 2585/1770/2585 2529/1681/2529

usemtl material_1612
vt 0.0122712 0.4086159
f 2529/1681/2529 2520/1771/2520 2528/1682/2528

usemtl material_346
vt 0.0840757 0.4063529
f 2518/1711/2518 2526/1772/2526 2530/1683/2530

usemtl material_1613
vt 0.7189937 0.4671419
f 761/1742/761 751/1773/751 750/1636/750

usemtl material_771
vt 0.7695440 0.4963812
f 176/1692/176 175/1744/175 195/1774/195

usemtl material_1556
vt 0.7773687 0.5011340
f 525/1745/525 376/1775/376 228/1695/228

usemtl material_1119
vt 0.8149579 0.5205757
f 229/1746/229 265/1776/265 266/1696/266

usemtl material_1220
vt 0.8274711 0.5270852
f 155/1749/155 611/1764/611 612/1777/612

usemtl material_1522
vt 0.8316805 0.5340034
f 155/1749/155 154/1778/154 143/1545/143

usemtl material_1598
vt 0.8596181 0.5503654
f 140/1517/140 137/1779/137 165/1518/165

usemtl material_1300
vt 0.8699232 0.5512830
f 456/1666/456 457/1780/457 354/1667/354

usemtl material_1220
vt 0.8810188 0.5712324
f 343/1547/343 341/1781/341 345/1564/345

usemtl material_1614
vt 0.5535035 0.4116768
f 2535/1727/2535 2664/1782/2664 2713/1702/2713

usemtl material_1615
vt 0.5415986 0.3999567
f 2456/1766/2456 2439/1783/2439 2466/1701/2466

usemtl material_1616
vt 0.5495369 0.4023705
f 2439/1783/2439 2433/1784/2433 2466/1701/2466

usemtl material_1617
f 2466/1701/2466 2433/1784/2433 2467/1671/2467

usemtl material_1618
f 2472/1704/2472 2458/1767/2458 2456/1766/2456

usemtl material_1254
vt 0.4542381 0.4016563
f 2469/1705/2469 2438/1785/2438 2470/1674/2470

usemtl material_1126
vt 0.4181992 0.4012967
f 2437/1786/2437 2469/1705/2469 2468/1731/2468

usemtl material_1082
f 2449/1676/2449 2448/1768/2448 2450/1730/2450

usemtl material_1238
vt 0.3579493 0.4054613
f 2446/1732/2446 2447/1787/2447 2448/1768/2448

usemtl material_1127
vt 0.3251429 0.4061514
f 2445/1677/2445 2441/1788/2441 2446/1732/2446
f 2441/1788/2441 2447/1787/2447 2446/1732/2446

usemtl material_1619
f 2444/1707/2444 2441/1788/2441 2445/1677/2445

usemtl material_1620
vt 0.2830835 0.4078366
f 2440/1789/2440 2441/1788/2441 2442/1736/2442

usemtl material_1621
f 2442/1736/2442 2441/1788/2441 2444/1707/2444

usemtl material_1622
f 2443/1678/2443 2440/1789/2440 2442/1736/2442

usemtl material_1600
vt 0.9914133 0.6415617
f 1015/1649/1015 1016/1790/1016 1014/1738/1014

usemtl material_1623
vt 0.1883842 0.4082491
f 2463/1710/2463 2455/1791/2455 2451/1627/2451

usemtl material_1624
vt 0.9939712 0.6411842
f 1016/1790/1016 1093/1792/1093 1014/1738/1014

usemtl material_1625
vt 0.9995895 0.6282135
f 1014/1738/1014 1093/1792/1093 1113/1793/1113

usemtl material_1626
f 2585/1770/2585 2520/1771/2520 2529/1681/2529

usemtl material_1020
vt 0.0311281 0.4088740
f 2520/1771/2520 2519/1794/2519 2528/1682/2528

usemtl material_1204
f 2519/1794/2519 2527/1739/2527 2528/1682/2528

usemtl material_1627
vt 0.0640031 0.4093474
f 2527/1739/2527 2517/1795/2517 2518/1711/2518

usemtl material_1628
f 2530/1683/2530 2526/1772/2526 2471/1741/2471

usemtl material_1629
vt 0.5764049 0.0096773
vt 0.5603835 0.0089012
f 3736/1796/3736 4096/1797/4096 4101/1652/4101

usemtl material_1630
vt 0.7236247 0.4717842
f 751/1773/751 748/1798/748 750/1636/750

usemtl material_1152
vt 0.5891038 0.4439676
f 3940/1718/3940 3939/1799/3939 3923/1719/3923

usemtl material_1404
f 750/1636/750 748/1798/748 747/1637/747

usemtl material_1631
vt 0.7301294 0.4784237
f 747/1637/747 742/1800/742 746/1638/746

usemtl material_194
f 742/1800/742 745/1743/745 746/1638/746

usemtl material_1465
vt 0.7701292 0.5016956
vt 0.7723039 0.5011329
f 522/1801/522 523/1802/523 524/1760/524

usemtl material_1450
vt 0.7723895 0.5033353
f 523/1802/523 587/1803/587 525/1745/525

usemtl material_1632
f 524/1760/524 523/1802/523 525/1745/525

usemtl material_1219
f 525/1745/525 587/1803/587 376/1775/376

usemtl material_1633
vt 0.8173977 0.5249761
f 573/1762/573 572/1804/572 548/1747/548

usemtl material_1323
vt 0.8199944 0.5311978
f 548/1747/548 572/1804/572 571/1805/571

usemtl material_1504
vt 0.8250370 0.5297435
f 579/1806/579 612/1777/612 611/1764/611

usemtl material_1235
f 576/1763/576 579/1806/579 611/1764/611

usemtl material_1634
f 576/1763/576 550/1748/550 579/1806/579

usemtl material_1635
vt 0.8294721 0.5307910
f 612/1777/612 603/1807/603 155/1749/155

usemtl material_1073
f 154/1778/154 136/1750/136 143/1545/143

usemtl material_1234
vt 0.8657238 0.5470552
f 594/1615/594 593/1808/593 592/1616/592

usemtl material_1448
f 592/1616/592 457/1780/457 456/1666/456

usemtl material_1636
vt 0.8912053 0.5898491
f 269/1753/269 248/1809/248 250/1566/250

usemtl material_1637
f 2467/1671/2467 2433/1784/2433 2535/1727/2535

usemtl material_1082
f 2470/1674/2470 2438/1785/2438 2457/1703/2457

usemtl material_1126
f 2437/1786/2437 2438/1785/2438 2469/1705/2469

usemtl material_1250
vt 0.4014719 0.4065850
f 2450/1730/2450 2436/1810/2436 2437/1786/2437

usemtl material_1152
f 2450/1730/2450 2437/1786/2437 2468/1731/2468

usemtl material_1559
f 2450/1730/2450 2448/1768/2448 2436/1810/2436

usemtl material_1638
f 2443/1678/2443 2454/1680/2454 2440/1789/2440

usemtl material_1639
vt 0.2013166 0.4222260
f 2455/1791/2455 2423/1811/2423 2451/1627/2451

usemtl material_1640
f 2451/1627/2451 2423/1811/2423 2452/1709/2452

usemtl material_695
vt 0.1693877 0.4095169
f 2462/1740/2462 2460/1812/2460 2463/1710/2463

usemtl material_1641
f 2463/1710/2463 2460/1812/2460 2455/1791/2455

usemtl material_1642
f 2527/1739/2527 2519/1794/2519 2517/1795/2517

usemtl material_577
f 2461/1714/2461 2460/1812/2460 2462/1740/2462

usemtl material_1643
f 748/1798/748 742/1800/742 747/1637/747

usemtl material_818
f 321/1759/321 186/1557/186 323/1580/323

usemtl material_1300
vt 0.7664939 0.5193058
f 376/1775/376 234/1813/234 228/1695/228

usemtl material_1644
vt 0.8271846 0.5445431
f 548/1747/548 571/1805/571 551/1814/551

usemtl material_1645
f 548/1747/548 551/1814/551 550/1748/550

usemtl material_1646
vt 0.8264695 0.5339544
f 579/1806/579 580/1815/580 612/1777/612

usemtl material_1323
f 550/1748/550 580/1815/580 579/1806/579

usemtl material_1252
f 612/1777/612 580/1815/580 603/1807/603

usemtl material_1246
f 603/1807/603 154/1778/154 155/1749/155

usemtl material_1220
vt 0.8360234 0.5449934
f 136/1750/136 154/1778/154 139/1816/139

usemtl material_1595
f 136/1750/136 137/1779/137 140/1517/140

usemtl material_1337
f 165/1518/165 137/1779/137 410/1614/410

usemtl material_1636
f 410/1614/410 137/1779/137 429/1751/429

usemtl material_1647
vt 0.8659526 0.5548606
f 593/1808/593 463/1817/463 592/1616/592

usemtl material_1648
vt 0.8673835 0.5584090
f 592/1616/592 463/1817/463 458/1818/458

usemtl material_1422
f 592/1616/592 458/1818/458 457/1780/457

usemtl material_1543
vt 0.8706809 0.5618827
f 354/1667/354 342/1819/342 343/1547/343

usemtl material_1220
vt 0.8865988 0.5602510
f 345/1564/345 357/1820/357 363/1698/363

usemtl material_577
vt 0.1460870 0.4233984
f 2426/1821/2426 2460/1812/2460 2461/1714/2461

usemtl material_1649
f 2533/1685/2533 2459/1713/2459 2461/1714/2461

usemtl material_1650
vt 0.7002167 0.4747722
f 710/1715/710 701/1822/701 634/1716/634

usemtl material_1450
vt 0.7692823 0.5050748
f 455/1823/455 587/1803/587 523/1802/523

usemtl material_1465
f 522/1801/522 455/1823/455 523/1802/523

usemtl material_1522
vt 0.7737707 0.5068994
f 587/1803/587 419/1824/419 376/1775/376

usemtl material_1298
vt 0.7910962 0.5345361
f 228/1695/228 211/1825/211 229/1746/229

usemtl material_1119
vt 0.8186414 0.5313965
f 265/1776/265 229/1746/229 264/1826/264

usemtl material_1651
vt 0.8293784 0.5439470
f 550/1748/550 552/1827/552 580/1815/580

usemtl material_1652
vt 0.8279522 0.5376901
f 552/1827/552 581/1828/581 580/1815/580

usemtl material_1368
f 580/1815/580 581/1828/581 154/1778/154

usemtl material_1653
f 580/1815/580 154/1778/154 603/1807/603

usemtl material_1632
vt 0.8316354 0.5363948
f 581/1828/581 616/1829/616 154/1778/154

usemtl material_1121
vt 0.8627255 0.5544288
f 429/1751/429 137/1779/137 428/1830/428

usemtl material_1543
f 342/1819/342 341/1781/341 343/1547/343

usemtl material_1235
vt 0.8881370 0.5750471
f 486/1752/486 501/1831/501 502/1765/502

usemtl material_1654
vt 0.5315623 0.4150624
vt 0.5420658 0.4137667
f 2439/1783/2439 2418/1832/2418 2419/1833/2419

usemtl material_1655
f 2439/1783/2439 2419/1833/2419 2433/1784/2433

usemtl material_1622
vt 0.5101890 0.4153680
f 2458/1767/2458 2421/1834/2421 2456/1766/2456

usemtl material_1298
vt 0.9273161 0.5995756
f 324/1672/324 308/1835/308 492/1728/492

usemtl material_1608
vt 0.4580377 0.4171152
vt 0.4832984 0.4155011
f 2438/1785/2438 2409/1836/2409 2420/1837/2420

usemtl material_1255
f 2438/1785/2438 2420/1837/2420 2457/1703/2457

usemtl material_1526
vt 0.4339958 0.4171035
f 2437/1786/2437 2408/1838/2408 2438/1785/2438

usemtl material_1104
vt 0.3910734 0.4177784
f 2411/1839/2411 2436/1810/2436 2448/1768/2448

usemtl material_1622
vt 0.2632982 0.4204920
f 2454/1680/2454 2415/1840/2415 2440/1789/2440

usemtl material_1344
vt 0.7949799 0.7251496
f 3432/1754/3432 3493/1841/3493 3492/1679/3492

usemtl material_1131
vt 0.2421288 0.4211458
f 2453/1708/2453 2414/1842/2414 2454/1680/2454

usemtl material_1587
vt 0.9853523 0.6419812
f 1050/1737/1050 1051/1843/1051 1015/1649/1015

usemtl material_152
vt 0.0122773 0.4254941
f 2520/1771/2520 2501/1844/2501 2519/1794/2519

usemtl material_1656
vt 0.0464709 0.4245818
f 2519/1794/2519 2500/1845/2500 2517/1795/2517

usemtl material_1657
vt 0.1072364 0.4237453
f 2464/1684/2464 2428/1846/2428 2465/1712/2465

usemtl material_1658
vt 0.1184191 0.4235955
f 2465/1712/2465 2417/1847/2417 2459/1713/2459

usemtl material_1659
vt 0.5593697 0.1118422
vt 0.5604551 0.1076431
f 3977/1756/3977 4024/1848/4024 4022/1849/4022

usemtl material_1660
f 3977/1756/3977 4022/1849/4022 3988/1757/3988

usemtl material_1539
vt 0.5754375 0.0964662
vt 0.5592747 0.0937468
vt 0.5752089 0.0936987
f 3763/1850/3763 4020/1851/4020 3737/1852/3737

usemtl material_309
vt 0.7049640 0.4799430
f 630/1654/630 631/1853/631 629/1686/629

usemtl material_1661
f 629/1686/629 631/1853/631 637/1687/637

usemtl material_1662
vt 0.7171465 0.4832646
f 751/1773/751 749/1854/749 748/1798/748

usemtl material_192
f 749/1854/749 742/1800/742 748/1798/748

usemtl material_1663
vt 0.7294472 0.4907068
f 742/1800/742 744/1855/744 745/1743/745

usemtl material_1664
vt 0.7355050 0.4939819
f 744/1855/744 783/1856/783 770/1639/770

usemtl material_1665
f 745/1743/745 744/1855/744 770/1639/770

usemtl material_641
f 770/1639/770 783/1856/783 804/1691/804

usemtl material_729
vt 0.7410518 0.4963151
f 804/1691/804 783/1856/783 814/1857/814
vt 0.7444555 0.4984373
f 814/1857/814 421/1858/421 426/1640/426

usemtl material_818
f 804/1691/804 814/1857/814 426/1640/426

usemtl material_1307
vt 0.7662213 0.5092802
f 522/1801/522 453/1859/453 455/1823/455

usemtl material_1450
vt 0.7674898 0.5101029
f 455/1823/455 454/1860/454 587/1803/587

usemtl material_1468
f 419/1824/419 234/1813/234 376/1775/376

usemtl material_1298
vt 0.8167515 0.5416762
f 264/1826/264 229/1746/229 210/1861/210

usemtl material_1074
vt 0.8445792 0.3370802
vt 0.8458480 0.3392912
vt 0.8416852 0.3370433
f 3638/1862/3638 3673/1863/3673 3636/1864/3636

usemtl material_1666
vt 0.8217180 0.5355330
f 571/1805/571 577/1865/577 551/1814/551

usemtl material_1521
vt 0.8288772 0.5408720
f 552/1827/552 582/1866/582 581/1828/581

usemtl material_1378
vt 0.8330130 0.5405647
f 582/1866/582 437/1867/437 616/1829/616

usemtl material_1667
f 581/1828/581 582/1866/582 616/1829/616

usemtl material_1102
f 616/1829/616 437/1867/437 154/1778/154

usemtl material_1556
f 458/1818/458 342/1819/342 354/1667/354

usemtl material_1073
f 457/1780/457 458/1818/458 354/1667/354

usemtl material_1220
f 345/1564/345 341/1781/341 357/1820/357

usemtl material_1636
vt 0.9004071 0.5994984
f 250/1566/250 246/1868/246 249/1648/249

usemtl material_1668
f 2456/1766/2456 2418/1832/2418 2439/1783/2439

usemtl material_1669
vt 0.5516322 0.4166246
f 2433/1784/2433 2432/1869/2432 2535/1727/2535

usemtl material_1586
f 2457/1703/2457 2420/1837/2420 2458/1767/2458

usemtl material_1670
f 2458/1767/2458 2420/1837/2420 2421/1834/2421

usemtl material_1187
vt 0.7987816 0.7831588
vt 0.7977615 0.7800995
f 3501/1870/3501 3476/1871/3476 3475/1729/3475

usemtl material_1221
vt 0.4138591 0.4177637
f 2436/1810/2436 2410/1872/2410 2437/1786/2437

usemtl material_1619
vt 0.3459687 0.4190722
f 2441/1788/2441 2400/1873/2400 2447/1787/2447

usemtl material_1586
vt 0.3276690 0.4197109
f 2440/1789/2440 2404/1874/2404 2441/1788/2441

usemtl material_1105
f 2454/1680/2454 2414/1842/2414 2415/1840/2415

usemtl material_1671
vt 0.9874856 0.6459325
f 1051/1843/1051 1027/1875/1027 1015/1649/1015

usemtl material_1672
f 1015/1649/1015 1027/1875/1027 1016/1790/1016

usemtl material_1673
vt 0.2099680 0.4220276
f 2452/1709/2452 2423/1811/2423 2424/1876/2424

usemtl material_563
vt 0.2260610 0.4219348
f 2424/1876/2424 2413/1877/2413 2452/1709/2452

usemtl material_1557
vt 0.1732268 0.4228302
f 2460/1812/2460 2425/1878/2425 2455/1791/2455

usemtl material_1674
vt 0.1901016 0.4225993
f 2455/1791/2455 2427/1879/2427 2423/1811/2423

usemtl material_1675
f 2585/1770/2585 2501/1844/2501 2520/1771/2520

usemtl material_104
f 2519/1794/2519 2501/1844/2501 2500/1845/2500

usemtl material_221
vt 0.0698629 0.4239670
f 2517/1795/2517 2502/1880/2502 2518/1711/2518

usemtl material_494
vt 0.0834110 0.4238387
f 2518/1711/2518 2507/1881/2507 2526/1772/2526

usemtl material_1649
f 2461/1714/2461 2459/1713/2459 2426/1821/2426

usemtl material_1676
vt 0.7000942 0.4679601
f 738/1882/738 701/1822/701 710/1715/710

usemtl material_1677
vt 0.7076949 0.4797943
f 631/1853/631 699/1883/699 637/1687/637

usemtl material_1678
vt 0.7111495 0.4798830
f 637/1687/637 699/1883/699 765/1884/765

usemtl material_1679
f 637/1687/637 765/1884/765 761/1742/761

usemtl material_1680
vt 0.7133226 0.4809825
f 765/1884/765 752/1885/752 751/1773/751

usemtl material_1681
f 761/1742/761 765/1884/765 751/1773/751

usemtl material_1682
f 751/1773/751 752/1885/752 749/1854/749

usemtl material_729
f 426/1640/426 421/1858/421 321/1759/321

usemtl material_771
vt 0.7620031 0.5073835
vt 0.7652649 0.5030743
f 175/1744/175 197/1886/197 196/1887/196

usemtl material_1197
f 196/1887/196 197/1886/197 453/1859/453

usemtl material_1382
vt 0.7694937 0.5135226
f 454/1860/454 420/1888/420 419/1824/419

usemtl material_1503
f 587/1803/587 454/1860/454 419/1824/419

usemtl material_1432
f 419/1824/419 420/1888/420 234/1813/234

usemtl material_1074
vt 0.8338864 0.3393590
vt 0.8368842 0.3376096
f 3636/1864/3636 3655/1889/3655 3634/1890/3634

usemtl material_1555
vt 0.8229280 0.5388584
f 577/1865/577 578/1891/578 551/1814/551

usemtl material_1683
f 550/1748/550 551/1814/551 552/1827/552

usemtl material_1597
f 582/1866/582 552/1827/552 437/1867/437

usemtl material_1246
f 437/1867/437 139/1816/139 154/1778/154

usemtl material_1121
vt 0.8607123 0.5573964
f 137/1779/137 331/1892/331 428/1830/428

usemtl material_1307
vt 0.8653210 0.5594899
f 463/1817/463 460/1893/460 458/1818/458

usemtl material_1684
f 434/1669/434 502/1765/502 269/1753/269

usemtl material_1685
f 248/1809/248 246/1868/246 250/1566/250

usemtl material_1686
vt 0.5495587 0.4144974
f 2419/1833/2419 2422/1894/2422 2433/1784/2433

usemtl material_1687
f 2433/1784/2433 2422/1894/2422 2432/1869/2432

usemtl material_1583
f 284/1700/284 308/1835/308 324/1672/324

usemtl material_1586
f 2421/1834/2421 2418/1832/2418 2456/1766/2456

usemtl material_1082
f 2408/1838/2408 2409/1836/2409 2438/1785/2438

usemtl material_1688
vt 0.3641987 0.4188724
f 2402/1895/2402 2411/1839/2411 2448/1768/2448

usemtl material_1238
f 2447/1787/2447 2402/1895/2402 2448/1768/2448

usemtl material_1177
f 2404/1874/2404 2400/1873/2400 2441/1788/2441

usemtl material_1586
vt 0.2873387 0.4203580
f 2440/1789/2440 2406/1896/2406 2404/1874/2404

usemtl material_1689
vt 0.7947762 0.7322364
vt 0.8049991 0.7318199
f 3422/1769/3422 3435/1897/3435 3425/1898/3425

usemtl material_1690
f 2415/1840/2415 2406/1896/2406 2440/1789/2440

usemtl material_780
f 2452/1709/2452 2413/1877/2413 2453/1708/2453

usemtl material_1618
f 2413/1877/2413 2414/1842/2414 2453/1708/2453

usemtl material_877
f 2425/1878/2425 2427/1879/2427 2455/1791/2455

usemtl material_1691
f 2517/1795/2517 2500/1845/2500 2502/1880/2502

usemtl material_1692
f 2518/1711/2518 2502/1880/2502 2507/1881/2507

usemtl material_1693
f 2426/1821/2426 2425/1878/2425 2460/1812/2460

usemtl material_416
vt 0.0869532 0.4244682
f 2526/1772/2526 2434/1899/2434 2471/1741/2471

usemtl material_1694
vt 0.0896920 0.4247827
f 2471/1741/2471 2434/1899/2434 2429/1900/2429

usemtl material_1695
f 2471/1741/2471 2429/1900/2429 2464/1684/2464

usemtl material_1696
f 2464/1684/2464 2429/1900/2429 2428/1846/2428

usemtl material_1697
f 2465/1712/2465 2428/1846/2428 2417/1847/2417

usemtl material_1698
f 2459/1713/2459 2417/1847/2417 2426/1821/2426

usemtl material_1662
vt 0.7256797 0.4874852
f 749/1854/749 743/1901/743 742/1800/742

usemtl material_878
vt 0.5714903 0.4892381
vt 0.5817105 0.4958532
vt 0.5729231 0.5090846
f 4008/1902/4008 4007/1903/4007 4011/1904/4011

usemtl material_1699
f 742/1800/742 743/1901/743 744/1855/744

usemtl material_641
vt 0.7472590 0.5200663
vt 0.7564641 0.5133078
f 188/1905/188 189/1906/189 175/1744/175

usemtl material_729
f 186/1557/186 188/1905/188 175/1744/175
f 175/1744/175 189/1906/189 197/1886/197

usemtl material_1700
f 453/1859/453 454/1860/454 455/1823/455

usemtl material_1448
vt 0.8362483 0.3314735
vt 0.8321747 0.3318247
vt 0.8299917 0.3287746
f 3633/1907/3633 3632/1908/3632 3682/1909/3682
vt 0.8305197 0.5468346
f 551/1814/551 553/1910/553 552/1827/552

usemtl material_1556
vt 0.8347749 0.5466860
f 553/1910/553 436/1911/436 437/1867/437

usemtl material_1517
f 552/1827/552 553/1910/553 437/1867/437

usemtl material_1079
f 437/1867/437 436/1911/436 139/1816/139

usemtl material_1324
vt 0.8626515 0.5639175
f 331/1892/331 394/1912/394 428/1830/428

usemtl material_1701
vt 0.8658796 0.5629573
f 460/1893/460 459/1913/459 458/1818/458

usemtl material_1503
f 458/1818/458 459/1913/459 342/1819/342

usemtl material_1073
vt 0.8858621 0.5671384
f 341/1781/341 358/1914/358 357/1820/357

usemtl material_1422
vt 0.8892478 0.5778810
f 501/1831/501 503/1915/503 502/1765/502

usemtl material_1559
f 2437/1786/2437 2410/1872/2410 2408/1838/2408

usemtl material_1528
f 2411/1839/2411 2410/1872/2410 2436/1810/2436

usemtl material_1255
f 2400/1873/2400 2402/1895/2402 2447/1787/2447

usemtl material_1702
vt 0.7960553 0.7462695
f 3422/1769/3422 3430/1916/3430 3435/1897/3435

usemtl material_1599
vt 0.7941692 0.7291124
f 3432/1754/3432 3436/1917/3436 3493/1841/3493

usemtl material_1703
f 2526/1772/2526 2507/1881/2507 2434/1899/2434

usemtl material_1704
vt 0.6958168 0.5016651
f 634/1716/634 632/1918/632 630/1654/630

usemtl material_1705
f 630/1654/630 632/1918/632 631/1853/631

usemtl material_1517
vt 0.7718897 0.5439352
f 228/1695/228 234/1813/234 227/1919/227

usemtl material_1219
f 228/1695/228 227/1919/227 211/1825/211

usemtl material_1246
vt 0.8239791 0.5442505
f 264/1826/264 210/1861/210 263/1920/263

usemtl material_1197
vt 0.8319781 0.3372512
f 3634/1890/3634 3655/1889/3655 3631/1921/3631

usemtl material_1448
vt 0.8284694 0.3310844
f 3682/1909/3682 3632/1908/3632 3628/1922/3628

usemtl material_1555
vt 0.8319729 0.5506203
f 553/1910/553 551/1814/551 554/1923/554

usemtl material_1467
f 553/1910/553 554/1923/554 436/1911/436

usemtl material_1170
vt 0.8393933 0.5546219
f 139/1816/139 436/1911/436 182/1924/182

usemtl material_1504
vt 0.8606610 0.5638163
f 331/1892/331 177/1925/177 394/1912/394

usemtl material_1706
vt 0.8637986 0.5702400
f 460/1893/460 461/1926/461 459/1913/459

usemtl material_1556
vt 0.8672689 0.5692124
f 459/1913/459 367/1927/367 342/1819/342

usemtl material_1246
vt 0.8685092 0.5723792
f 367/1927/367 339/1928/339 342/1819/342

usemtl material_1522
f 342/1819/342 339/1928/339 341/1781/341

usemtl material_1169
f 503/1915/503 269/1753/269 502/1765/502

usemtl material_1177
vt 0.2969329 0.4237893
f 2406/1896/2406 2405/1929/2405 2404/1874/2404

usemtl material_729
vt 0.7590308 0.5141521
f 189/1906/189 392/1930/392 197/1886/197

usemtl material_1707
vt 0.7629912 0.5222078
f 454/1860/454 613/1931/613 420/1888/420

usemtl material_1700
f 420/1888/420 613/1931/613 234/1813/234

usemtl material_1220
vt 0.8284848 0.5532853
f 263/1920/263 210/1861/210 261/1932/261

usemtl material_1324
vt 0.8258873 0.3313102
f 3628/1922/3628 3622/1933/3622 3682/1909/3682

usemtl material_1708
vt 0.8330942 0.5578578
f 551/1814/551 555/1934/555 554/1923/554

usemtl material_1517
vt 0.8361287 0.5514334
f 554/1923/554 614/1935/614 436/1911/436

usemtl material_1246
f 436/1911/436 614/1935/614 182/1924/182

usemtl material_1636
vt 0.8582948 0.5733222
f 136/1750/136 135/1936/135 137/1779/137
f 137/1779/137 135/1936/135 177/1925/177

usemtl material_1468
f 249/1648/249 246/1868/246 247/1699/247

usemtl material_837
vt 0.2386160 0.4343513
f 2414/1842/2414 2413/1877/2413 2412/1937/2412

usemtl material_1709
vt 0.6926332 0.4906890
f 738/1882/738 739/1938/739 701/1822/701

usemtl material_1710
vt 0.6956689 0.4933299
f 701/1822/701 635/1939/635 634/1716/634

usemtl material_1711
f 634/1716/634 635/1939/635 632/1918/632

usemtl material_1712
vt 0.7103070 0.4916158
f 765/1884/765 777/1940/777 752/1885/752

usemtl material_638
vt 0.7342858 0.5167993
vt 0.7380250 0.5187685
f 813/1941/813 443/1942/443 421/1858/421

usemtl material_729
f 814/1857/814 813/1941/813 421/1858/421

usemtl material_1119
vt 0.7603324 0.5182292
f 392/1930/392 450/1943/450 197/1886/197

usemtl material_1713
vt 0.7616217 0.5213849
f 453/1859/453 452/1944/452 454/1860/454

usemtl material_1714
f 454/1860/454 452/1944/452 613/1931/613

usemtl material_1595
vt 0.8250265 0.5653485
f 210/1861/210 212/1945/212 261/1932/261

usemtl material_1324
vt 0.8224519 0.3319280
f 3622/1933/3622 3620/1946/3620 3682/1909/3682

usemtl material_1708
vt 0.8170657 0.3317569
f 3682/1909/3682 3620/1946/3620 3623/1947/3623

usemtl material_1715
vt 0.8175706 0.3295649
f 3682/1909/3682 3623/1947/3623 3681/1948/3681

usemtl material_1716
vt 0.8348151 0.5562097
f 554/1923/554 556/1949/556 614/1935/614

usemtl material_1717
f 554/1923/554 555/1934/555 556/1949/556

usemtl material_1596
vt 0.8382432 0.5556032
f 556/1949/556 615/1950/615 614/1935/614

usemtl material_1246
f 614/1935/614 615/1950/615 182/1924/182

usemtl material_1298
vt 0.8436431 0.5640659
f 182/1924/182 138/1951/138 139/1816/139

usemtl material_1220
f 139/1816/139 138/1951/138 136/1750/136

usemtl material_1073
vt 0.8644676 0.5727618
f 459/1913/459 462/1952/462 367/1927/367

usemtl material_1246
vt 0.8742755 0.5918123
f 339/1928/339 340/1953/340 341/1781/341

usemtl material_1583
vt 0.9181399 0.6128589
vt 0.9190281 0.6185618
f 282/1954/282 313/1955/313 308/1835/308
f 284/1700/284 282/1954/282 308/1835/308

usemtl material_1718
vt 0.4849680 0.4305958
f 2420/1837/2420 2396/1956/2396 2421/1834/2421

usemtl material_1586
f 2409/1836/2409 2396/1956/2396 2420/1837/2420

usemtl material_1053
vt 0.3871141 0.4287653
f 2410/1872/2410 2411/1839/2411 2399/1957/2399

usemtl material_1255
f 2402/1895/2402 2399/1957/2399 2411/1839/2411

usemtl material_1054
vt 0.3582870 0.4302657
f 2400/1873/2400 2401/1958/2401 2402/1895/2402
vt 0.2676707 0.4352621
f 2406/1896/2406 2407/1959/2407 2405/1929/2405

usemtl material_1719
vt 0.2030756 0.4400893
vt 0.2187629 0.4378515
f 2424/1876/2424 2395/1960/2395 2334/1961/2334

usemtl material_684
f 2424/1876/2424 2334/1961/2334 2413/1877/2413

usemtl material_1720
vt 0.1762467 0.4348944
vt 0.1838658 0.4427031
f 2425/1878/2425 2416/1962/2416 2394/1963/2394
f 2425/1878/2425 2394/1963/2394 2427/1879/2427

usemtl material_1721
f 2427/1879/2427 2394/1963/2394 2423/1811/2423

usemtl material_1722
vt 0.0076648 0.4231079
vt 0.0108788 0.4491228
f 2800/1964/2800 2499/1965/2499 2585/1770/2585

usemtl material_1723
vt 0.0123802 0.4431702
f 2499/1965/2499 2492/1966/2492 2501/1844/2501

usemtl material_1724
f 2585/1770/2585 2499/1965/2499 2501/1844/2501

usemtl material_1725
vt 0.0332785 0.4441464
f 2501/1844/2501 2485/1967/2485 2500/1845/2500

usemtl material_203
vt 0.0736198 0.4454858
f 2502/1880/2502 2475/1968/2475 2507/1881/2507

usemtl material_20
vt 0.0871040 0.4453881
f 2507/1881/2507 2430/1969/2430 2434/1899/2434

usemtl material_695
vt 0.1411014 0.4428895
f 2425/1878/2425 2426/1821/2426 2393/1970/2393

usemtl material_845
vt 0.7066476 0.4967953
f 699/1883/699 781/1971/781 765/1884/765

usemtl material_1726
f 765/1884/765 781/1971/781 777/1940/777

usemtl material_1727
f 752/1885/752 777/1940/777 749/1854/749

usemtl material_502
vt 0.7164479 0.4955893
vt 0.7233809 0.4984567
f 749/1854/749 772/1972/772 771/1973/771

usemtl material_1728
f 749/1854/749 771/1973/771 743/1901/743

usemtl material_902
f 783/1856/783 813/1941/813 814/1857/814

usemtl material_1729
vt 0.7436634 0.5175904
f 321/1759/321 377/1974/377 188/1905/188

usemtl material_729
f 321/1759/321 188/1905/188 186/1557/186

usemtl material_1297
f 450/1943/450 452/1944/452 453/1859/453

usemtl material_1220
f 229/1746/229 211/1825/211 210/1861/210

usemtl material_1521
vt 0.8394878 0.5713587
f 556/1949/556 555/1934/555 557/1975/557

usemtl material_1716
vt 0.8369356 0.5608991
f 556/1949/556 570/1976/570 615/1950/615

usemtl material_1521
f 556/1949/556 557/1975/557 570/1976/570

usemtl material_1701
f 615/1950/615 570/1976/570 182/1924/182
vt 0.8410420 0.5613949
f 570/1976/570 591/1977/591 182/1924/182

usemtl material_1220
vt 0.8491960 0.5767559
f 138/1951/138 133/1978/133 136/1750/136

usemtl material_1073
f 136/1750/136 133/1978/133 135/1936/135

usemtl material_1701
f 459/1913/459 461/1926/461 462/1952/462

usemtl material_1648
vt 0.8817554 0.6003777
f 501/1831/501 504/1979/504 503/1915/503

usemtl material_1636
vt 0.8867546 0.5998336
f 269/1753/269 302/1980/302 248/1809/248

usemtl material_1730
vt 0.5492829 0.4249850
f 2419/1833/2419 2418/1832/2418 2397/1981/2397

usemtl material_1731
f 2419/1833/2419 2397/1981/2397 2422/1894/2422

usemtl material_1732
f 2422/1894/2422 2397/1981/2397 2432/1869/2432

usemtl material_1733
vt 0.5167390 0.4358910
f 2421/1834/2421 2396/1956/2396 2317/1982/2317

usemtl material_1734
f 2421/1834/2421 2317/1982/2317 2418/1832/2418

usemtl material_1170
vt 0.7819856 0.7867932
f 3507/1983/3507 3476/1871/3476 3501/1870/3501

usemtl material_1104
vt 0.4512793 0.4353271
f 2408/1838/2408 2328/1984/2328 2409/1836/2409
vt 0.4269352 0.4384543
f 2410/1872/2410 2325/1985/2325 2408/1838/2408

usemtl material_1255
f 2402/1895/2402 2401/1958/2401 2399/1957/2399

usemtl material_1054
vt 0.3248356 0.4322473
f 2404/1874/2404 2403/1986/2403 2400/1873/2400

usemtl material_1053
f 2403/1986/2403 2401/1958/2401 2400/1873/2400

usemtl material_1054
f 2405/1929/2405 2403/1986/2403 2404/1874/2404

usemtl material_837
f 2412/1937/2412 2407/1959/2407 2415/1840/2415

usemtl material_1177
f 2415/1840/2415 2407/1959/2407 2406/1896/2406

usemtl material_1609
f 2414/1842/2414 2412/1937/2412 2415/1840/2415

usemtl material_951
f 2334/1961/2334 2412/1937/2412 2413/1877/2413

usemtl material_1735
f 2423/1811/2423 2395/1960/2395 2424/1876/2424

usemtl material_1736
vt 0.9865893 0.6789393
f 1016/1790/1016 1032/1987/1032 1093/1792/1093

usemtl material_1737
vt 0.9912339 0.6848698
f 1093/1792/1093 1032/1987/1032 1116/1988/1116

usemtl material_1738
f 2501/1844/2501 2492/1966/2492 2485/1967/2485

usemtl material_1204
vt 0.0637252 0.4451085
f 2477/1989/2477 2475/1968/2475 2502/1880/2502

usemtl material_1067
vt 0.0838217 0.4463382
f 2475/1968/2475 2435/1990/2435 2507/1881/2507

usemtl material_452
f 2507/1881/2507 2435/1990/2435 2430/1969/2430

usemtl material_602
f 2393/1970/2393 2416/1962/2416 2425/1878/2425

usemtl material_409
f 2434/1899/2434 2430/1969/2430 2429/1900/2429

usemtl material_1739
vt 0.7004678 0.5043486
f 631/1853/631 648/1991/648 699/1883/699

usemtl material_1740
f 749/1854/749 777/1940/777 772/1972/772

usemtl material_1741
f 743/1901/743 771/1973/771 744/1855/744

usemtl material_729
f 421/1858/421 377/1974/377 321/1759/321

usemtl material_641
vt 0.7551000 0.5221286
f 189/1906/189 192/1992/192 392/1930/392

usemtl material_1595
vt 0.8322345 0.5640696
f 212/1945/212 262/1993/262 261/1932/261

usemtl material_1073
vt 0.8220383 0.3376282
vt 0.8155401 0.3396438
vt 0.8187812 0.3370524
f 3618/1994/3618 3671/1995/3671 3619/1996/3619

usemtl material_1742
vt 0.8196195 0.3334918
f 3619/1996/3619 3623/1947/3623 3617/1997/3617

usemtl material_1323
vt 0.8383942 0.5645808
f 570/1976/570 557/1975/557 569/1998/569

usemtl material_1597
f 570/1976/570 569/1998/569 591/1977/591

usemtl material_1298
f 591/1977/591 138/1951/138 182/1924/182

usemtl material_1467
f 177/1925/177 135/1936/135 394/1912/394

usemtl material_1300
vt 0.8623100 0.5830348
f 462/1952/462 366/1999/366 367/1927/367

usemtl material_1246
f 367/1927/367 366/1999/366 339/1928/339

usemtl material_1073
vt 0.8767890 0.5968152
f 340/1953/340 359/2000/359 358/1914/358
f 341/1781/341 340/1953/340 358/1914/358

usemtl material_1684
f 503/1915/503 302/1980/302 269/1753/269

usemtl material_1296
f 247/1699/247 282/1954/282 284/1700/284

usemtl material_1084
vt 0.4830213 0.4339663
f 2409/1836/2409 2328/1984/2328 2319/2001/2319

usemtl material_1586
f 2409/1836/2409 2319/2001/2319 2396/1956/2396

usemtl material_1238
f 2408/1838/2408 2325/1985/2325 2328/1984/2328

usemtl material_1104
f 2410/1872/2410 2399/1957/2399 2325/1985/2325

usemtl material_395
vt 0.7810979 0.7322345
vt 0.7756064 0.7282054
f 3436/1917/3436 3480/2002/3480 3497/2003/3497

usemtl material_1743
f 3436/1917/3436 3497/2003/3497 3493/1841/3493

usemtl material_195
f 2500/1845/2500 2477/1989/2477 2502/1880/2502

usemtl material_1744
f 739/1938/739 635/1939/635 701/1822/701

usemtl material_1745
vt 0.7265974 0.5147765
f 744/1855/744 784/2004/784 783/1856/783

usemtl material_1079
vt 0.7298069 0.5155349
f 783/1856/783 784/2004/784 792/2005/792

usemtl material_1027
f 792/2005/792 813/1941/813 783/1856/783

usemtl material_1150
vt 0.7474079 0.5335345
f 188/1905/188 190/2006/190 189/1906/189

usemtl material_1713
vt 0.7613343 0.5318173
f 613/1931/613 235/2007/235 234/1813/234

usemtl material_1746
vt 0.7617181 0.5351793
f 234/1813/234 235/2007/235 233/2008/233

usemtl material_1451
f 234/1813/234 233/2008/233 227/1919/227

usemtl material_1521
vt 0.8123916 0.3320445
f 3623/1947/3623 3625/2009/3625 3681/1948/3681

usemtl material_1747
vt 0.8408665 0.5701643
f 557/1975/557 568/2010/568 569/1998/569

usemtl material_1492
vt 0.8427364 0.5659685
f 569/1998/569 568/2010/568 600/2011/600

usemtl material_1465
f 569/1998/569 600/2011/600 591/1977/591

usemtl material_1522
f 591/1977/591 600/2011/600 138/1951/138

usemtl material_1635
vt 0.8441898 0.5693690
f 600/2011/600 602/2012/602 138/1951/138

usemtl material_1298
vt 0.8462045 0.5710689
f 138/1951/138 602/2012/602 202/2013/202
f 138/1951/138 202/2013/202 133/1978/133

usemtl material_1324
vt 0.8596423 0.5840852
f 135/1936/135 334/2014/334 394/1912/394

usemtl material_1748
vt 0.8617086 0.5808308
f 394/1912/394 334/2014/334 439/2015/439

usemtl material_1252
f 461/1926/461 439/2015/439 462/1952/462

usemtl material_1246
vt 0.8615108 0.5897570
f 366/1999/366 336/2016/336 339/1928/339

usemtl material_1749
vt 0.5313841 0.4371397
f 2418/1832/2418 2316/2017/2316 2397/1981/2397

usemtl material_1750
vt 0.5012740 0.4346673
f 2396/1956/2396 2320/2018/2320 2317/1982/2317

usemtl material_1053
vt 0.3584569 0.4429333
f 2323/2019/2323 2399/1957/2399 2401/1958/2401

usemtl material_950
vt 0.2380266 0.4442036
f 2412/1937/2412 2333/2020/2333 2407/1959/2407

usemtl material_1751
vt 0.9769943 0.6845164
vt 0.9782730 0.6972703
f 1051/1843/1051 1052/2021/1052 1031/2022/1031

usemtl material_1671
f 1051/1843/1051 1031/2022/1031 1027/1875/1027

usemtl material_1672
f 1027/1875/1027 1031/2022/1031 1016/1790/1016

usemtl material_1752
f 2394/1963/2394 2395/1960/2395 2423/1811/2423

usemtl material_1753
f 2485/1967/2485 2477/1989/2477 2500/1845/2500

usemtl material_1754
vt 0.0895964 0.4466797
f 2430/1969/2430 2398/2023/2398 2429/1900/2429

usemtl material_1755
f 2429/1900/2429 2398/2023/2398 2428/1846/2428

usemtl material_891
vt 0.1231735 0.4455127
f 2417/1847/2417 2392/2024/2392 2393/1970/2393

usemtl material_1756
f 699/1883/699 648/1991/648 781/1971/781

usemtl material_918
vt 0.7065390 0.5053298
f 781/1971/781 779/2025/779 777/1940/777

usemtl material_1757
vt 0.7099255 0.5076005
f 777/1940/777 779/2025/779 778/2026/778

usemtl material_1758
f 777/1940/777 778/2026/778 772/1972/772

usemtl material_1759
vt 0.7219797 0.5101591
f 771/1973/771 780/2027/780 744/1855/744

usemtl material_638
f 421/1858/421 443/1942/443 377/1974/377

usemtl material_1667
vt 0.8069314 0.3325384
f 3625/2009/3625 3630/2028/3630 3681/1948/3681

usemtl material_1605
vt 0.8034964 0.3321236
f 3681/1948/3681 3630/2028/3630 3658/2029/3658

usemtl material_1234
vt 0.8388633 0.5737356
f 555/1934/555 558/2030/558 557/1975/557

usemtl material_1504
f 568/2010/568 602/2012/602 600/2011/600

usemtl material_1073
vt 0.8561437 0.5876024
f 133/1978/133 134/2031/134 135/1936/135

usemtl material_1219
f 462/1952/462 439/2015/439 366/1999/366

usemtl material_1246
vt 0.8581677 0.6021966
f 339/1928/339 337/2032/337 340/1953/340

usemtl material_1760
vt 0.8802412 0.6011052
f 501/1831/501 505/2033/505 504/1979/504

usemtl material_1174
f 2317/1982/2317 2316/2017/2316 2418/1832/2418

usemtl material_1761
vt 0.5508847 0.4370242
f 2397/1981/2397 2329/2034/2329 2432/1869/2432

usemtl material_1762
f 2319/2001/2319 2320/2018/2320 2396/1956/2396

usemtl material_1298
vt 0.7825491 0.7823436
f 3507/1983/3507 3487/2035/3487 3476/1871/3476

usemtl material_1053
vt 0.4067218 0.4412956
f 2399/1957/2399 2326/2036/2326 2325/1985/2325

usemtl material_1104
vt 0.3826981 0.4427303
f 2399/1957/2399 2323/2019/2323 2324/2037/2324
vt 0.3371102 0.4441825
f 2401/1958/2401 2321/2038/2321 2323/2019/2323

usemtl material_1528
vt 0.3141669 0.4448326
f 2403/1986/2403 2322/2039/2322 2401/1958/2401
f 2401/1958/2401 2322/2039/2322 2321/2038/2321
f 2405/1929/2405 2322/2039/2322 2403/1986/2403

usemtl material_1608
vt 0.2891170 0.4453628
f 2407/1959/2407 2332/2040/2332 2405/1929/2405

usemtl material_1763
f 2393/1970/2393 2394/1963/2394 2416/1962/2416

usemtl material_1764
vt 0.1044227 0.4469918
f 2398/2023/2398 2391/2041/2391 2428/1846/2428

usemtl material_1765
f 2428/1846/2428 2391/2041/2391 2417/1847/2417

usemtl material_1766
vt 0.1168278 0.4487118
f 2417/1847/2417 2390/2042/2390 2392/2024/2392

usemtl material_1767
f 772/1972/772 778/2026/778 780/2027/780

usemtl material_1768
f 772/1972/772 780/2027/780 771/1973/771

usemtl material_1699
f 744/1855/744 780/2027/780 784/2004/784

usemtl material_1235
vt 0.7544021 0.5355036
vt 0.7571034 0.5340545
f 450/1943/450 449/2043/449 451/2044/451

usemtl material_1769
f 450/1943/450 451/2044/451 452/1944/452

usemtl material_1770
vt 0.7570186 0.5403866
f 451/2044/451 481/2045/481 613/1931/613
f 452/1944/452 451/2044/451 613/1931/613

usemtl material_1771
f 613/1931/613 481/2045/481 235/2007/235

usemtl material_1772
f 210/1861/210 211/1825/211 212/1945/212

usemtl material_1773
vt 0.8068612 0.3392254
vt 0.8083612 0.3363516
f 3671/1995/3671 3654/2046/3654 3629/2047/3629

usemtl material_1774
vt 0.7724493 0.0530635
vt 0.7762726 0.0519693
vt 0.7680624 0.0519694
f 4120/2048/4120 4121/2049/4121 4122/2050/4122

usemtl material_1235
vt 0.8441471 0.5777505
f 568/2010/568 567/2051/567 602/2012/602

usemtl material_1775
f 557/1975/557 567/2051/567 568/2010/568

usemtl material_1504
f 602/2012/602 567/2051/567 202/2013/202

usemtl material_1465
vt 0.8473492 0.5759726
f 567/2051/567 589/2052/589 202/2013/202

usemtl material_1220
f 202/2013/202 589/2052/589 133/1978/133

usemtl material_1701
f 135/1936/135 134/2031/134 334/2014/334

usemtl material_1776
vt 0.5445552 0.4375128
f 2316/2017/2316 2314/2053/2314 2397/1981/2397

usemtl material_1777
f 2314/2053/2314 2329/2034/2329 2397/1981/2397

usemtl material_1053
f 2324/2037/2324 2326/2036/2326 2399/1957/2399

usemtl material_1007
f 2405/1929/2405 2332/2040/2332 2322/2039/2322

usemtl material_1763
f 2334/1961/2334 2333/2020/2333 2412/1937/2412

usemtl material_1778
f 1031/2022/1031 1032/1987/1032 1016/1790/1016

usemtl material_1779
f 2391/2041/2391 2390/2042/2390 2417/1847/2417

usemtl material_1780
vt 0.6944119 0.5134937
f 632/1918/632 633/2054/633 631/1853/631

usemtl material_1659
f 631/1853/631 633/2054/633 648/1991/648

usemtl material_1150
vt 0.7501982 0.5373144
f 189/1906/189 190/2006/190 191/2055/191
f 189/1906/189 191/2055/191 192/1992/192

usemtl material_1121
vt 0.8344548 0.5834603
f 212/1945/212 226/2056/226 262/1993/262

usemtl material_1468
vt 0.8366632 0.5730719
f 262/1993/262 226/2056/226 289/2057/289

usemtl material_1522
vt 0.8518234 0.5826066
f 133/1978/133 317/2058/317 134/2031/134

usemtl material_1246
f 339/1928/339 336/2016/336 337/2032/337

usemtl material_1378
vt 0.8814060 0.6053382
f 504/1979/504 507/2059/507 503/1915/503

usemtl material_1169
f 503/1915/503 507/2059/507 302/1980/302

usemtl material_1121
vt 0.8852603 0.6133522
f 248/1809/248 242/2060/242 246/1868/246

usemtl material_1298
vt 0.9023367 0.6309779
vt 0.9073178 0.6344219
f 245/2061/245 283/2062/283 282/1954/282

usemtl material_1296
f 247/1699/247 245/2061/245 282/1954/282

usemtl material_1750
vt 0.5041882 0.4510188
f 2319/2001/2319 2289/2063/2289 2320/2018/2320

usemtl material_1781
f 2320/2018/2320 2289/2063/2289 2317/1982/2317

usemtl material_1084
vt 0.4547347 0.4516093
f 2328/1984/2328 2325/1985/2325 2278/2064/2278

usemtl material_1656
vt 0.7857396 0.7484917
vt 0.7716429 0.7376547
vt 0.7835339 0.7347751
f 3478/2065/3478 3482/2066/3482 3477/2067/3477

usemtl material_950
f 2333/2020/2333 2332/2040/2332 2407/1959/2407

usemtl material_1782
vt 0.2051524 0.4567147
f 2395/1960/2395 2309/2068/2309 2334/1961/2334

usemtl material_1783
vt 0.0144586 0.4593421
f 2492/1966/2492 2484/2069/2484 2485/1967/2485

usemtl material_1784
vt 0.7038863 0.5102404
f 648/1991/648 782/2070/782 781/1971/781

usemtl material_1785
f 781/1971/781 782/2070/782 779/2025/779

usemtl material_638
vt 0.7388555 0.5365937
f 443/1942/443 378/2071/378 377/1974/377

usemtl material_1169
vt 0.7946322 0.5695626
f 215/2072/215 212/1945/212 211/1825/211

usemtl material_1518
vt 0.8414902 0.5795420
f 558/2030/558 559/2073/559 557/1975/557

usemtl material_1786
vt 0.8472493 0.5876935
f 557/1975/557 561/2074/561 567/2051/567

usemtl material_1775
vt 0.8463070 0.5820441
f 567/2051/567 561/2074/561 566/2075/566

usemtl material_1708
f 567/2051/567 566/2075/566 589/2052/589

usemtl material_1324
vt 0.8492779 0.5812452
f 566/2075/566 601/2076/601 589/2052/589

usemtl material_1556
f 589/2052/589 601/2076/601 133/1978/133

usemtl material_1298
f 601/2076/601 317/2058/317 133/1978/133

usemtl material_1219
f 334/2014/334 336/2016/336 366/1999/366

usemtl material_1636
vt 0.8826260 0.6120097
f 302/1980/302 306/2077/306 248/1809/248

usemtl material_1220
f 246/1868/246 245/2061/245 247/1699/247

usemtl material_1787
vt 0.5512127 0.4500548
vt 0.5545868 0.4347620
f 2329/2034/2329 2310/2078/2310 2720/2079/2720

usemtl material_1788
vt 0.4847168 0.4530379
f 2277/2080/2277 2289/2063/2289 2319/2001/2319

usemtl material_1789
vt 0.5135068 0.4504585
f 2289/2063/2289 2301/2081/2301 2317/1982/2317

usemtl material_1790
vt 0.5293187 0.4430119
f 2301/2081/2301 2315/2082/2315 2317/1982/2317

usemtl material_1174
f 2317/1982/2317 2315/2082/2315 2316/2017/2316

usemtl material_1791
f 2319/2001/2319 2278/2064/2278 2277/2080/2277

usemtl material_1255
vt 0.4389932 0.4529283
f 2326/2036/2326 2283/2083/2283 2325/1985/2325

usemtl material_1792
vt 0.7710507 0.7733271
vt 0.7792491 0.7709033
f 3487/2035/3487 3488/2084/3488 3485/2085/3485

usemtl material_1793
vt 0.7698250 0.7346819
f 3480/2002/3480 3483/2086/3483 3497/2003/3497

usemtl material_877
vt 0.2388655 0.4560434
vt 0.2654464 0.4534894
f 2333/2020/2333 2307/2087/2307 2305/2088/2305

usemtl material_836
f 2333/2020/2333 2305/2088/2305 2332/2040/2332

usemtl material_1794
vt 0.2223626 0.4561874
f 2334/1961/2334 2309/2068/2309 2308/2089/2308

usemtl material_1795
f 2499/1965/2499 2484/2069/2484 2492/1966/2492

usemtl material_1796
vt 0.1175258 0.4602962
f 2390/2042/2390 2311/2090/2311 2392/2024/2392

usemtl material_549
vt 0.1425634 0.4585081
f 2392/2024/2392 2306/2091/2306 2393/1970/2393

usemtl material_1027
vt 0.7331471 0.5297388
f 813/1941/813 811/2092/811 443/1942/443

usemtl material_1095
vt 0.7418238 0.5364612
f 378/2071/378 200/2093/200 188/1905/188

usemtl material_638
f 377/1974/377 378/2071/378 188/1905/188

usemtl material_1095
f 188/1905/188 200/2093/200 190/2006/190

usemtl material_1336
vt 0.7579164 0.5420141
f 481/2045/481 207/2094/207 235/2007/235

usemtl material_1797
f 235/2007/235 207/2094/207 233/2008/233

usemtl material_1234
vt 0.8451485 0.5867816
f 557/1975/557 559/2073/559 560/2095/560

usemtl material_1336
f 557/1975/557 560/2095/560 561/2074/561

usemtl material_1648
vt 0.8490370 0.5872949
f 566/2075/566 565/2096/565 601/2076/601

usemtl material_1701
f 601/2076/601 565/2096/565 317/2058/317

usemtl material_1300
vt 0.8536889 0.5898200
f 317/2058/317 447/2097/447 134/2031/134

usemtl material_1522
vt 0.8698492 0.6102255
f 340/1953/340 344/2098/344 359/2000/359

usemtl material_1798
f 2314/2053/2314 2310/2078/2310 2329/2034/2329

usemtl material_1220
vt 0.7731153 0.7848400
f 3507/1983/3507 3500/2099/3500 3487/2035/3487

usemtl material_1190
f 2325/1985/2325 2283/2083/2283 2278/2064/2278

usemtl material_1054
vt 0.4057576 0.4485197
f 2327/2100/2327 2283/2083/2283 2326/2036/2326

usemtl material_1053
f 2324/2037/2324 2327/2100/2327 2326/2036/2326

usemtl material_1104
vt 0.3497955 0.4538226
f 2321/2038/2321 2303/2101/2303 2323/2019/2323

usemtl material_1053
f 2323/2019/2323 2303/2101/2303 2324/2037/2324

usemtl material_1559
vt 0.3143411 0.4539205
f 2322/2039/2322 2304/2102/2304 2321/2038/2321

usemtl material_1799
f 2334/1961/2334 2308/2089/2308 2333/2020/2333

usemtl material_1800
vt 0.1935028 0.4564977
f 2394/1963/2394 2286/2103/2286 2395/1960/2395

usemtl material_1801
vt 0.9840541 0.6958123
f 1032/1987/1032 1088/2104/1088 1116/1988/1116

usemtl material_1802
vt 0.0228648 0.4611996
f 2484/2069/2484 2482/2105/2482 2485/1967/2485

usemtl material_1803
vt 0.0455440 0.4612012
f 2485/1967/2485 2481/2106/2481 2477/1989/2477

usemtl material_1804
vt 0.0649888 0.4600698
f 2481/2106/2481 2476/2107/2476 2477/1989/2477

usemtl material_1805
f 2477/1989/2477 2476/2107/2476 2475/1968/2475

usemtl material_1022
vt 0.0740247 0.4593323
vt 0.0843772 0.4594020
f 2474/2108/2474 2473/2109/2473 2435/1990/2435

usemtl material_1806
f 2475/1968/2475 2474/2108/2474 2435/1990/2435

usemtl material_1807
f 2393/1970/2393 2306/2091/2306 2394/1963/2394

usemtl material_1808
vt 0.0880598 0.4617872
f 2435/1990/2435 2473/2109/2473 2331/2110/2331

usemtl material_41
f 2435/1990/2435 2331/2110/2331 2430/1969/2430

usemtl material_1809
f 2392/2024/2392 2311/2090/2311 2306/2091/2306

usemtl material_1810
vt 0.6919043 0.5049307
f 635/1939/635 702/2111/702 632/1918/632

usemtl material_1811
vt 0.6958171 0.5157067
f 633/2054/633 649/2112/649 648/1991/648

usemtl material_786
vt 0.7040852 0.5202814
f 779/2025/779 786/2113/786 778/2026/778

usemtl material_1812
vt 0.7198275 0.5255160
f 778/2026/778 786/2113/786 785/2114/785

usemtl material_1813
f 778/2026/778 785/2114/785 780/2027/780

usemtl material_502
f 780/2027/780 785/2114/785 784/2004/784

usemtl material_1258
vt 0.7266920 0.5287467
f 784/2004/784 785/2114/785 790/2115/790

usemtl material_1814
f 784/2004/784 790/2115/790 792/2005/792

usemtl material_1027
f 792/2005/792 811/2092/811 813/1941/813

usemtl material_1597
vt 0.7543611 0.5392901
f 449/2043/449 448/2116/448 451/2044/451

usemtl material_1701
f 227/1919/227 215/2072/215 211/1825/211

usemtl material_1468
vt 0.8423797 0.5853416
f 289/2057/289 226/2056/226 291/2117/291

usemtl material_1323
f 566/2075/566 561/2074/561 565/2096/565

usemtl material_1518
vt 0.8518034 0.5943093
f 561/2074/561 564/2118/564 565/2096/565

usemtl material_1701
f 565/2096/565 447/2097/447 317/2058/317

usemtl material_1815
vt 0.8579769 0.5934627
f 134/2031/134 447/2097/447 335/2119/335

usemtl material_1450
f 134/2031/134 335/2119/335 334/2014/334

usemtl material_1517
f 334/2014/334 335/2119/335 336/2016/336

usemtl material_1556
f 336/2016/336 335/2119/335 337/2032/337

usemtl material_1467
vt 0.8807485 0.5912710
vt 0.8731195 0.6120227
f 500/2120/500 360/2121/360 505/2033/505

usemtl material_1636
f 248/1809/248 306/2077/306 242/2060/242

usemtl material_1073
f 242/2060/242 245/2061/245 246/1868/246

usemtl material_1816
vt 0.5288237 0.4499808
f 2301/2081/2301 2300/2122/2300 2315/2082/2315

usemtl material_1255
vt 0.5432276 0.4500434
f 2315/2082/2315 2300/2122/2300 2299/2123/2299

usemtl material_1817
f 2315/2082/2315 2299/2123/2299 2314/2053/2314

usemtl material_1818
f 2299/2123/2299 2310/2078/2310 2314/2053/2314

usemtl material_1298
f 282/1954/282 283/2062/283 313/1955/313

usemtl material_1636
f 3487/2035/3487 3500/2099/3500 3488/2084/3488

usemtl material_1819
vt 0.3931818 0.4555149
vt 0.4239396 0.4535096
f 2276/2124/2276 2275/2125/2275 2327/2100/2327

usemtl material_1174
f 2327/2100/2327 2275/2125/2275 2283/2083/2283

usemtl material_1820
f 2324/2037/2324 2276/2124/2276 2327/2100/2327
f 2303/2101/2303 2276/2124/2276 2324/2037/2324

usemtl material_1053
f 2321/2038/2321 2304/2102/2304 2303/2101/2303

usemtl material_1559
f 2332/2040/2332 2305/2088/2305 2322/2039/2322
f 2322/2039/2322 2305/2088/2305 2304/2102/2304

usemtl material_1821
f 2308/2089/2308 2307/2087/2307 2333/2020/2333

usemtl material_1822
f 1031/2022/1031 1088/2104/1088 1032/1987/1032

usemtl material_1823
vt 0.1753317 0.4572736
f 2394/1963/2394 2285/2126/2285 2286/2103/2286

usemtl material_1824
f 2286/2103/2286 2309/2068/2309 2395/1960/2395

usemtl material_1825
vt 0.0087359 0.4573596
vt 0.0115672 0.4675980
f 2802/2127/2802 2498/2128/2498 2499/1965/2499

usemtl material_1826
f 2499/1965/2499 2498/2128/2498 2484/2069/2484

usemtl material_1827
f 2482/2105/2482 2481/2106/2481 2485/1967/2485

usemtl material_1828
f 2476/2107/2476 2474/2108/2474 2475/1968/2475

usemtl material_1829
f 2394/1963/2394 2306/2091/2306 2285/2126/2285

usemtl material_1830
vt 0.0901620 0.4597272
f 2331/2110/2331 2330/2129/2330 2398/2023/2398

usemtl material_1831
vt 0.1038830 0.4602194
f 2398/2023/2398 2330/2129/2330 2313/2130/2313

usemtl material_1832
f 2398/2023/2398 2313/2130/2313 2391/2041/2391

usemtl material_1833
f 2391/2041/2391 2313/2130/2313 2390/2042/2390

usemtl material_1834
f 779/2025/779 782/2070/782 786/2113/786

usemtl material_1486
f 792/2005/792 790/2115/790 811/2092/811

usemtl material_1027
f 443/1942/443 811/2092/811 378/2071/378

usemtl material_1323
f 448/2116/448 481/2045/481 451/2044/451

usemtl material_1468
vt 0.8453491 0.5919500
f 226/2056/226 290/2131/290 291/2117/291

usemtl material_1708
vt 0.8494762 0.5954087
f 561/2074/561 560/2095/560 562/2132/562

usemtl material_1324
f 564/2118/564 447/2097/447 565/2096/565

usemtl material_1450
vt 0.8556819 0.5950499
f 564/2118/564 494/2133/494 447/2097/447

usemtl material_1517
f 447/2097/447 494/2133/494 335/2119/335

usemtl material_1835
vt 0.8576751 0.5992255
f 335/2119/335 494/2133/494 338/2134/338

usemtl material_1484
f 335/2119/335 338/2134/338 337/2032/337

usemtl material_1368
vt 0.8754118 0.6177701
f 505/2033/505 506/2135/506 504/1979/504

usemtl material_1338
f 504/1979/504 506/2135/506 507/2059/507

usemtl material_1595
f 507/2059/507 306/2077/306 302/1980/302

usemtl material_1220
vt 0.9098352 0.6339298
f 283/2062/283 375/2136/375 313/1955/313

usemtl material_1751
vt 0.9721279 0.7099082
f 1052/2021/1052 1053/2137/1053 1031/2022/1031

usemtl material_1836
f 2313/2130/2313 2311/2090/2311 2390/2042/2390

usemtl material_1837
f 632/1918/632 702/2111/702 633/2054/633

usemtl material_1296
vt 0.7504128 0.5417171
f 191/2055/191 199/2138/199 448/2116/448

usemtl material_1465
vt 0.7550768 0.5432467
f 448/2116/448 480/2139/480 481/2045/481

usemtl material_1760
vt 0.7499676 0.5587428
f 207/2094/207 205/2140/205 233/2008/233

usemtl material_1555
f 233/2008/233 205/2140/205 227/1919/227

usemtl material_1636
vt 0.8460115 0.5987793
f 226/2056/226 225/2141/225 290/2131/290

usemtl material_1522
f 337/2032/337 344/2098/344 340/1953/340

usemtl material_1422
vt 0.8751449 0.6147941
f 505/2033/505 508/2142/508 506/2135/506

usemtl material_1838
vt 0.5502438 0.4542287
vt 0.5536418 0.4529169
f 2310/2078/2310 2298/2143/2298 2547/2144/2547

usemtl material_1839
vt 0.5003176 0.4625565
f 2301/2081/2301 2289/2063/2289 2288/2145/2288

usemtl material_1840
f 2299/2123/2299 2298/2143/2298 2310/2078/2310

usemtl material_1308
vt 0.7678439 0.7915755
f 3507/1983/3507 3510/2146/3510 3500/2099/3500

usemtl material_1841
vt 0.0727642 0.9388955
vt 0.0704568 0.9467890
vt 0.0785305 0.9416232
f 3597/2147/3597 3593/2148/3593 3602/2149/3602

usemtl material_1819
vt 0.3747106 0.4634774
f 2303/2101/2303 2263/2150/2263 2276/2124/2276

usemtl material_1842
vt 0.7594992 0.7335888
f 3483/2086/3483 3504/2151/3504 3497/2003/3497

usemtl material_879
vt 0.2459521 0.4682117
f 2307/2087/2307 2267/2152/2267 2305/2088/2305

usemtl material_1843
vt 0.6965165 0.5285645
f 649/2112/649 687/2153/687 648/1991/648

usemtl material_1844
f 648/1991/648 687/2153/687 782/2070/782

usemtl material_1132
vt 0.7014642 0.5237461
f 782/2070/782 687/2153/687 787/2154/787

usemtl material_1675
f 787/2154/787 786/2113/786 782/2070/782

usemtl material_1119
vt 0.7475579 0.5474294
f 190/2006/190 200/2093/200 198/2155/198

usemtl material_1845
f 190/2006/190 198/2155/198 191/2055/191

usemtl material_1187
f 191/2055/191 198/2155/198 199/2138/199

usemtl material_1582
vt 0.7539086 0.5451311
f 199/2138/199 204/2156/204 448/2116/448

usemtl material_1494
f 448/2116/448 204/2156/204 480/2139/480

usemtl material_1465
f 480/2139/480 204/2156/204 207/2094/207

usemtl material_1300
vt 0.8482859 0.5985487
f 290/2131/290 225/2141/225 333/2157/333

usemtl material_1235
vt 0.8526589 0.6006680
f 561/2074/561 562/2132/562 563/2158/563
f 561/2074/561 563/2158/563 564/2118/564

usemtl material_1555
vt 0.8546554 0.6020004
f 564/2118/564 563/2158/563 584/2159/584

usemtl material_1846
f 564/2118/564 584/2159/584 494/2133/494

usemtl material_1465
f 494/2133/494 584/2159/584 338/2134/338

usemtl material_1219
vt 0.8753468 0.6203941
f 506/2135/506 513/2160/513 507/2059/507

usemtl material_1073
f 507/2059/507 513/2160/513 306/2077/306

usemtl material_1636
vt 0.8788412 0.6216563
f 306/2077/306 243/2161/243 242/2060/242

usemtl material_1847
vt 0.4838987 0.4668931
f 2277/2080/2277 2274/2162/2274 2288/2145/2288

usemtl material_1848
f 2277/2080/2277 2288/2145/2288 2289/2063/2289

usemtl material_1849
vt 0.5263939 0.4632089
f 2288/2145/2288 2291/2163/2291 2301/2081/2301

usemtl material_1850
f 2301/2081/2301 2291/2163/2291 2300/2122/2300

usemtl material_1851
vt 0.5448722 0.4634653
f 2291/2163/2291 2295/2164/2295 2300/2122/2300

usemtl material_1734
vt 0.4582529 0.4648246
f 2283/2083/2283 2275/2125/2275 2272/2165/2272
f 2283/2083/2283 2272/2165/2272 2278/2064/2278

usemtl material_1852
vt 0.3982504 0.4634629
f 2276/2124/2276 2262/2166/2262 2275/2125/2275

usemtl material_1177
vt 0.3109628 0.4674202
vt 0.3432552 0.4673300
f 2304/2102/2304 2265/2167/2265 2264/2168/2264

usemtl material_1054
f 2304/2102/2304 2264/2168/2264 2303/2101/2303
vt 0.2794835 0.4653389
f 2266/2169/2266 2265/2167/2265 2304/2102/2304

usemtl material_1853
vt 0.2280596 0.4715953
f 2307/2087/2307 2270/2170/2270 2267/2152/2267

usemtl material_1854
vt 0.2080010 0.4706587
f 2309/2068/2309 2282/2171/2282 2308/2089/2308

usemtl material_1855
vt 0.1921784 0.4670504
f 2309/2068/2309 2284/2172/2284 2282/2171/2282

usemtl material_1856
vt 0.9777197 0.7170675
f 1031/2022/1031 1094/2173/1094 1088/2104/1088

usemtl material_1857
f 2285/2126/2285 2284/2172/2284 2286/2103/2286

usemtl material_1858
vt 0.0129860 0.4716567
f 2484/2069/2484 2483/2174/2483 2482/2105/2482

usemtl material_1859
vt 0.0637576 0.4715617
vt 0.0746524 0.4704398
f 2476/2107/2476 2479/2175/2479 2478/2176/2478

usemtl material_1828
f 2476/2107/2476 2478/2176/2478 2474/2108/2474

usemtl material_1806
f 2474/2108/2474 2478/2176/2478 2473/2109/2473

usemtl material_1860
vt 0.1167410 0.4710699
f 2311/2090/2311 2281/2177/2281 2306/2091/2306

usemtl material_1861
vt 0.0974209 0.4709853
f 2330/2129/2330 2312/2178/2312 2313/2130/2313

usemtl material_1862
f 2313/2130/2313 2281/2177/2281 2311/2090/2311

usemtl material_1863
vt 0.6892154 0.5174599
vt 0.6908981 0.5262884
f 702/2111/702 730/2179/730 651/2180/651

usemtl material_1864
f 702/2111/702 651/2180/651 633/2054/633

usemtl material_1741
vt 0.7186266 0.5362725
f 785/2114/785 789/2181/789 790/2115/790

usemtl material_1486
vt 0.7258577 0.5384805
vt 0.7310176 0.5403076
f 791/2182/791 812/2183/812 811/2092/811

usemtl material_1865
f 790/2115/790 791/2182/791 811/2092/811

usemtl material_1298
f 199/2138/199 198/2155/198 204/2156/204

usemtl material_1866
f 207/2094/207 204/2156/204 205/2140/205

usemtl material_1596
vt 0.8035837 0.5965889
f 215/2072/215 214/2184/214 212/1945/212

usemtl material_1073
vt 0.8511310 0.6054276
f 225/2141/225 296/2185/296 333/2157/333

usemtl material_1701
f 584/2159/584 337/2032/337 338/2134/338

usemtl material_1300
vt 0.8592588 0.6049148
f 337/2032/337 369/2186/369 344/2098/344
f 344/2098/344 360/2121/360 359/2000/359

usemtl material_1867
f 2299/2123/2299 2295/2164/2295 2298/2143/2298

usemtl material_1868
vt 0.5513519 0.4613972
f 2298/2143/2298 2297/2187/2297 2547/2144/2547

usemtl material_1869
vt 0.4239011 0.4737026
f 2262/2166/2262 2269/2188/2269 2275/2125/2275

usemtl material_1870
f 2276/2124/2276 2263/2150/2263 2262/2166/2262

usemtl material_1871
vt 0.7614686 0.7379465
f 3483/2086/3483 3498/2189/3498 3504/2151/3504

usemtl material_1872
f 2282/2171/2282 2270/2170/2270 2308/2089/2308

usemtl material_1821
f 2308/2089/2308 2270/2170/2270 2307/2087/2307

usemtl material_1873
vt 0.9677776 0.7250357
f 1054/2190/1054 1094/2173/1094 1031/2022/1031

usemtl material_1736
f 1053/2137/1053 1054/2190/1054 1031/2022/1031

usemtl material_1874
vt 0.1804456 0.4738917
f 2285/2126/2285 2279/2191/2279 2284/2172/2284

usemtl material_1875
vt 0.0094075 0.4710743
f 2802/2127/2802 2715/2192/2715 2498/2128/2498

usemtl material_1876
f 2498/2128/2498 2483/2174/2483 2484/2069/2484

usemtl material_1877
f 2483/2174/2483 2479/2175/2479 2482/2105/2482

usemtl material_1878
f 2482/2105/2482 2479/2175/2479 2481/2106/2481

usemtl material_1879
f 2481/2106/2481 2479/2175/2479 2476/2107/2476

usemtl material_1014
vt 0.0844519 0.4709641
f 2473/2109/2473 2478/2176/2478 2480/2193/2480

usemtl material_1880
vt 0.1432948 0.4700249
f 2281/2177/2281 2280/2194/2280 2306/2091/2306

usemtl material_1086
f 2306/2091/2306 2280/2194/2280 2285/2126/2285

usemtl material_710
vt 0.7097392 0.5313570
f 786/2113/786 788/2195/788 785/2114/785

usemtl material_795
f 790/2115/790 789/2181/789 791/2182/791

usemtl material_1027
vt 0.7364887 0.5498543
f 811/2092/811 812/2183/812 403/2196/403

usemtl material_1095
f 811/2092/811 403/2196/403 378/2071/378
f 378/2071/378 403/2196/403 200/2093/200

usemtl material_1881
vt 0.7398016 0.5508303
f 200/2093/200 403/2196/403 307/2197/307

usemtl material_1118
f 200/2093/200 307/2197/307 198/2155/198

usemtl material_1882
vt 0.8186807 0.6080622
f 226/2056/226 214/2184/214 217/2198/217

usemtl material_1432
vt 0.7779095 0.3347272
vt 0.7719684 0.3408096
vt 0.7701486 0.3355541
f 3666/2199/3666 3668/2200/3668 3669/2201/3669

usemtl material_1504
vt 0.7771646 0.3328844
f 3666/2199/3666 3669/2201/3669 3678/2202/3678

usemtl material_1607
vt 0.7706448 0.3336890
f 3678/2202/3678 3669/2201/3669 3677/2203/3677

usemtl material_1597
vt 0.8554441 0.6084249
f 563/2158/563 518/2204/518 584/2159/584

usemtl material_1883
vt 0.8571605 0.6078399
f 584/2159/584 586/2205/586 369/2186/369

usemtl material_1596
f 584/2159/584 369/2186/369 337/2032/337

usemtl material_1884
f 584/2159/584 518/2204/518 586/2205/586

usemtl material_1073
vt 0.8672465 0.6115712
f 369/2186/369 370/2206/370 344/2098/344

usemtl material_1556
vt 0.8710191 0.6133619
f 344/2098/344 370/2206/370 362/2207/362

usemtl material_1300
f 344/2098/344 362/2207/362 360/2121/360

usemtl material_1517
f 360/2121/360 362/2207/362 508/2142/508

usemtl material_1300
f 513/2160/513 243/2161/243 306/2077/306

usemtl material_1636
vt 0.8768984 0.6244818
f 243/2161/243 237/2208/237 242/2060/242

usemtl material_1598
vt 0.8872399 0.6452032
f 242/2060/242 237/2208/237 221/2209/221

usemtl material_1337
f 242/2060/242 221/2209/221 245/2061/245

usemtl material_1885
f 2295/2164/2295 2297/2187/2297 2298/2143/2298

usemtl material_1886
f 2272/2165/2272 2274/2162/2274 2277/2080/2277

usemtl material_1791
f 2275/2125/2275 2269/2188/2269 2272/2165/2272

usemtl material_1307
vt 0.0669518 0.9260960
f 3587/2210/3587 3593/2148/3593 3597/2147/3597

usemtl material_892
vt 0.1494834 0.4790016
f 2280/2194/2280 2243/2211/2243 2285/2126/2285

usemtl material_1887
f 2473/2109/2473 2480/2193/2480 2331/2110/2331

usemtl material_1888
f 2331/2110/2331 2312/2178/2312 2330/2129/2330

usemtl material_1889
vt 0.6923854 0.5325925
f 633/2054/633 650/2212/650 649/2112/649

usemtl material_1890
f 649/2112/649 650/2212/650 687/2153/687

usemtl material_710
f 785/2114/785 788/2195/788 789/2181/789

usemtl material_1891
f 212/1945/212 214/2184/214 226/2056/226

usemtl material_1684
f 217/2198/217 225/2141/225 226/2056/226

usemtl material_1219
vt 0.8505596 0.6101063
f 225/2141/225 224/2213/224 296/2185/296

usemtl material_1651
vt 0.8587356 0.6113961
f 515/2214/515 586/2205/586 518/2204/518

usemtl material_1324
f 586/2205/586 370/2206/370 369/2186/369

usemtl material_1518
vt 0.8652112 0.6143535
f 586/2205/586 511/2215/511 370/2206/370

usemtl material_1775
f 586/2205/586 515/2214/515 511/2215/511

usemtl material_1467
vt 0.8713205 0.6170963
f 509/2216/509 508/2142/508 362/2207/362

usemtl material_1465
f 509/2216/509 506/2135/506 508/2142/508

usemtl material_1220
f 513/2160/513 237/2208/237 243/2161/243

usemtl material_1892
vt 0.4955153 0.4692849
f 2274/2162/2274 2290/2217/2290 2288/2145/2288

usemtl material_1893
f 2288/2145/2288 2290/2217/2290 2291/2163/2291

usemtl material_1894
vt 0.9640449 0.7199697
f 1055/2218/1055 1054/2190/1054 1053/2137/1053

usemtl material_1875
vt 0.0115553 0.4814469
f 2715/2192/2715 2514/2219/2514 2483/2174/2483

usemtl material_1895
vt 0.0888743 0.4816848
f 2480/2193/2480 2318/2220/2318 2331/2110/2331

usemtl material_1896
f 2331/2110/2331 2318/2220/2318 2312/2178/2312

usemtl material_1897
vt 0.6241559 0.9409934
vt 0.6266756 0.9386090
vt 0.6270060 0.9484670
f 1970/2221/1970 2209/2222/2209 2212/2223/2212

usemtl material_1898
f 633/2054/633 651/2180/651 650/2212/650

usemtl material_328
vt 0.6990718 0.5368328
f 687/2153/687 794/2224/794 787/2154/787

usemtl material_1899
vt 0.7019835 0.5344117
f 787/2154/787 794/2224/794 793/2225/793

usemtl material_1900
f 787/2154/787 793/2225/793 786/2113/786

usemtl material_1628
f 786/2113/786 793/2225/793 788/2195/788

usemtl material_632
vt 0.7186520 0.5465980
f 789/2181/789 797/2226/797 791/2182/791

usemtl material_1486
vt 0.7297035 0.5501826
f 791/2182/791 810/2227/810 812/2183/812

usemtl material_1298
f 198/2155/198 205/2140/205 204/2156/204

usemtl material_1467
vt 0.7802478 0.5955028
f 227/1919/227 213/2228/213 215/2072/215

usemtl material_1684
vt 0.8533987 0.6106457
f 296/2185/296 224/2213/224 297/2229/297

usemtl material_1742
vt 0.7645369 0.3351177
f 3677/2203/3677 3669/2201/3669 3675/2230/3675

usemtl material_1648
vt 0.8590665 0.6152031
f 518/2204/518 517/2231/517 515/2214/515

usemtl material_1708
vt 0.8624547 0.6156983
f 515/2214/515 517/2231/517 514/2232/514

usemtl material_1323
f 515/2214/515 514/2232/514 511/2215/511

usemtl material_1901
vt 0.8710085 0.6195139
f 511/2215/511 514/2232/514 510/2233/510

usemtl material_1422
f 511/2215/511 362/2207/362 370/2206/370

usemtl material_1368
f 511/2215/511 509/2216/509 362/2207/362

usemtl material_1651
f 511/2215/511 510/2233/510 509/2216/509

usemtl material_1120
vt 0.8727329 0.6216369
f 510/2233/510 512/2234/512 506/2135/506

usemtl material_1846
f 509/2216/509 510/2233/510 506/2135/506

usemtl material_1382
f 512/2234/512 513/2160/513 506/2135/506

usemtl material_1893
vt 0.5148997 0.4728357
vt 0.5283390 0.4726967
f 2292/2235/2292 2293/2236/2293 2291/2163/2291

usemtl material_1850
vt 0.5424404 0.4720423
f 2291/2163/2291 2293/2236/2293 2294/2237/2294

usemtl material_1902
f 2291/2163/2291 2294/2237/2294 2295/2164/2295

usemtl material_1903
vt 0.5515296 0.4686177
f 2295/2164/2295 2296/2238/2296 2297/2187/2297

usemtl material_1904
vt 0.5535085 0.4634930
f 2297/2187/2297 2296/2238/2296 2666/2239/2666

usemtl material_1582
vt 0.9011430 0.6445735
f 283/2062/283 274/2240/274 375/2136/375

usemtl material_1905
f 2290/2217/2290 2292/2235/2292 2291/2163/2291

usemtl material_1906
vt 0.4415132 0.4758192
vt 0.4648596 0.4746953
f 2272/2165/2272 2271/2241/2271 2273/2242/2273

usemtl material_1762
f 2272/2165/2272 2273/2242/2273 2274/2162/2274

usemtl material_1906
f 2272/2165/2272 2269/2188/2269 2271/2241/2271

usemtl material_1907
vt 0.3655829 0.4781555
f 2263/2150/2263 2252/2243/2252 2262/2166/2262

usemtl material_1690
vt 0.3401584 0.4789207
f 2264/2168/2264 2256/2244/2256 2263/2150/2263

usemtl material_1908
vt 0.0617517 0.9456902
vt 0.0599200 0.9316250
vt 0.0546815 0.9396867
f 3588/2245/3588 3581/2246/3581 3583/2247/3583

usemtl material_1105
vt 0.3182409 0.4795926
f 2265/2167/2265 2258/2248/2258 2264/2168/2264

usemtl material_1586
vt 0.2847285 0.4807943
f 2266/2169/2266 2251/2249/2251 2265/2167/2265

usemtl material_1621
vt 0.2564121 0.4824048
f 2266/2169/2266 2250/2250/2250 2251/2249/2251

usemtl material_1909
vt 0.0419063 0.9495316
vt 0.0398471 0.9416151
vt 0.0384574 0.9508619
f 3590/2251/3590 3580/2252/3580 3608/2253/3608

usemtl material_1910
f 2267/2152/2267 2250/2250/2250 2266/2169/2266

usemtl material_1911
vt 0.2413830 0.4846127
f 2270/2170/2270 2248/2254/2248 2267/2152/2267

usemtl material_1912
vt 0.2210427 0.4840109
f 2282/2171/2282 2228/2255/2228 2270/2170/2270

usemtl material_1913
vt 0.1972528 0.4847120
f 2284/2172/2284 2226/2256/2226 2282/2171/2282

usemtl material_1874
vt 0.1804611 0.4855691
f 2243/2211/2243 2231/2257/2231 2279/2191/2279

usemtl material_1914
vt 0.0449714 0.4838032
f 2483/2174/2483 2486/2258/2486 2479/2175/2479

usemtl material_1915
vt 0.0640804 0.4835047
f 2479/2175/2479 2486/2258/2486 2487/2259/2487

usemtl material_1692
vt 0.0745778 0.4836807
f 2489/2260/2489 2480/2193/2480 2478/2176/2478

usemtl material_1140
vt 0.0837084 0.4839767
f 2480/2193/2480 2490/2261/2490 2318/2220/2318

usemtl material_1916
vt 0.1163810 0.4815137
f 2312/2178/2312 2241/2262/2241 2281/2177/2281

usemtl material_1917
vt 0.6877430 0.5271667
f 730/2179/730 736/2263/736 651/2180/651

usemtl material_570
vt 0.7128940 0.5443330
f 793/2225/793 795/2264/795 788/2195/788

usemtl material_1918
f 788/2195/788 795/2264/795 789/2181/789

usemtl material_1919
vt 0.7245510 0.5472077
f 797/2226/797 798/2265/798 791/2182/791

usemtl material_1814
f 791/2182/791 798/2265/798 810/2227/810

usemtl material_1095
f 812/2183/812 810/2227/810 403/2196/403

usemtl material_1792
f 217/2198/217 224/2213/224 225/2141/225

usemtl material_1684
vt 0.8573557 0.6168851
f 297/2229/297 224/2213/224 299/2266/299

usemtl material_1716
vt 0.8644090 0.6186574
f 517/2231/517 516/2267/516 514/2232/514

usemtl material_1597
f 514/2232/514 516/2267/516 510/2233/510

usemtl material_1120
f 510/2233/510 516/2267/516 512/2234/512

usemtl material_1298
f 245/2061/245 274/2240/274 283/2062/283

usemtl material_1920
f 2295/2164/2295 2294/2237/2294 2296/2238/2296

usemtl material_1892
vt 0.4891830 0.4840037
f 2274/2162/2274 2287/2268/2287 2290/2217/2290

usemtl material_1220
vt 0.9021159 0.6468273
f 274/2240/274 407/2269/407 375/2136/375

usemtl material_1300
vt 0.0800493 0.9306442
vt 0.0766554 0.9150211
f 3616/2270/3616 3592/2271/3592 3602/2149/3602

usemtl material_1921
f 3602/2149/3602 3592/2271/3592 3587/2210/3587

usemtl material_1922
vt 0.3961183 0.4788685
vt 0.4184294 0.4770730
f 2262/2166/2262 2254/2272/2254 2268/2273/2268
f 2262/2166/2262 2252/2243/2252 2254/2272/2254

usemtl material_1622
f 2256/2244/2256 2252/2243/2252 2263/2150/2263

usemtl material_1690
f 2264/2168/2264 2258/2248/2258 2256/2244/2256
f 2265/2167/2265 2251/2249/2251 2258/2248/2258

usemtl material_1923
f 2267/2152/2267 2248/2254/2248 2250/2250/2250

usemtl material_1924
vt 0.9525267 0.7443379
f 1055/2218/1055 1056/2274/1056 1054/2190/1054

usemtl material_1925
vt 0.9621648 0.7393761
f 1060/2275/1060 1094/2173/1094 1054/2190/1054

usemtl material_1926
vt 0.0131414 0.4841105
f 2514/2219/2514 2488/2276/2488 2483/2174/2483

usemtl material_1927
f 2488/2276/2488 2486/2258/2486 2483/2174/2483

usemtl material_1928
f 2487/2259/2487 2489/2260/2489 2479/2175/2479

usemtl material_1929
f 2479/2175/2479 2489/2260/2489 2478/2176/2478

usemtl material_123
f 2489/2260/2489 2490/2261/2490 2480/2193/2480

usemtl material_1930
vt 0.1316676 0.4819214
f 2281/2177/2281 2241/2262/2241 2242/2277/2242

usemtl material_1931
vt 0.1028174 0.4825929
f 2318/2220/2318 2244/2278/2244 2312/2178/2312

usemtl material_1932
f 2312/2178/2312 2244/2278/2244 2241/2262/2241

usemtl material_1933
vt 0.7004355 0.5433491
f 794/2224/794 796/2279/796 793/2225/793

usemtl material_1612
f 793/2225/793 796/2279/796 795/2264/795

usemtl material_1934
f 789/2181/789 795/2264/795 797/2226/797

usemtl material_1187
vt 0.7422809 0.5716726
f 198/2155/198 307/2197/307 206/2280/206

usemtl material_1073
vt 0.7595921 0.6078550
f 205/2140/205 209/2281/209 227/1919/227

usemtl material_1684
vt 0.8578439 0.6203844
f 224/2213/224 218/2282/218 299/2266/299

usemtl material_1636
vt 0.8654072 0.6235866
f 299/2266/299 218/2282/218 301/2283/301
vt 0.8729281 0.6282846
f 218/2282/218 236/2284/236 301/2283/301

usemtl material_1073
vt 0.8729727 0.6259109
f 301/2283/301 236/2284/236 300/2285/300

usemtl material_1337
f 300/2285/300 236/2284/236 237/2208/237

usemtl material_1468
f 236/2284/236 221/2209/221 237/2208/237

usemtl material_1935
vt 0.5517994 0.4762584
f 2294/2237/2294 2302/2286/2302 2296/2238/2296

usemtl material_1893
f 2290/2217/2290 2287/2268/2287 2292/2235/2292

usemtl material_1936
f 2268/2273/2268 2271/2241/2271 2269/2188/2269

usemtl material_1937
vt 0.0357427 0.9347718
f 3580/2252/3580 3607/2287/3607 3608/2253/3608

usemtl material_1938
f 2228/2255/2228 2248/2254/2248 2270/2170/2270

usemtl material_1913
f 2282/2171/2282 2226/2256/2226 2228/2255/2228

usemtl material_1939
vt 0.9614658 0.7513343
f 1060/2275/1060 1092/2288/1092 1094/2173/1094

usemtl material_1940
f 2279/2191/2279 2226/2256/2226 2284/2172/2284

usemtl material_1941
vt 0.1606000 0.4869515
f 2243/2211/2243 2234/2289/2234 2231/2257/2231

usemtl material_119
vt 0.0850299 0.4903636
f 2490/2261/2490 2491/2290/2491 2318/2220/2318

usemtl material_392
f 2280/2194/2280 2242/2277/2242 2243/2211/2243

usemtl material_1942
vt 0.6921347 0.5455019
f 650/2212/650 665/2291/665 687/2153/687

usemtl material_1943
vt 0.7389071 0.5671236
f 403/2196/403 315/2292/315 307/2197/307

usemtl material_1187
f 198/2155/198 206/2280/206 205/2140/205

usemtl material_1944
vt 0.5143229 0.4846795
f 2287/2268/2287 2346/2293/2346 2292/2235/2292

usemtl material_1893
f 2292/2235/2292 2346/2293/2346 2293/2236/2293

usemtl material_1945
vt 0.0386374 0.9297119
f 3580/2252/3580 3578/2294/3578 3607/2287/3607

usemtl material_1946
vt 0.9547225 0.7490492
f 1057/2295/1057 1060/2275/1060 1054/2190/1054

usemtl material_1947
f 1056/2274/1056 1057/2295/1057 1054/2190/1054

usemtl material_1948
f 2279/2191/2279 2231/2257/2231 2226/2256/2226

usemtl material_1949
vt 0.9689488 0.7457985
f 1094/2173/1094 1092/2288/1092 1114/2296/1114

usemtl material_1950
vt 0.9745617 0.7344547
f 1094/2173/1094 1114/2296/1114 1121/2297/1121

usemtl material_1951
vt 0.0113503 0.4895818
f 2514/2219/2514 2522/2298/2522 2488/2276/2488

usemtl material_1952
f 2242/2277/2242 2234/2289/2234 2243/2211/2243

usemtl material_1953
vt 0.6869473 0.5399158
vt 0.6894980 0.5421609
f 651/2180/651 729/2299/729 652/2300/652

usemtl material_1954
f 651/2180/651 652/2300/652 650/2212/650

usemtl material_1955
vt 0.6947188 0.5483104
f 687/2153/687 694/2301/694 794/2224/794

usemtl material_1956
f 794/2224/794 694/2301/694 796/2279/796

usemtl material_1957
vt 0.7142978 0.5577216
f 795/2264/795 799/2302/799 797/2226/797

usemtl material_1522
vt 0.7251286 0.5626464
f 798/2265/798 803/2303/803 810/2227/810

usemtl material_1958
vt 0.7353233 0.5675695
f 810/2227/810 465/2304/465 403/2196/403

usemtl material_1187
f 307/2197/307 315/2292/315 206/2280/206

usemtl material_1169
f 213/2228/213 214/2184/214 215/2072/215

usemtl material_1959
vt 0.5446207 0.4866682
f 2294/2237/2294 2336/2305/2336 2302/2286/2302

usemtl material_1960
vt 0.5522611 0.4859797
vt 0.5540141 0.4804351
f 2302/2286/2302 2338/2306/2338 2758/2307/2758

usemtl material_1762
vt 0.4610564 0.4866089
f 2337/2308/2337 2287/2268/2287 2273/2242/2273

usemtl material_1906
vt 0.4420110 0.4934476
f 2271/2241/2271 2339/2309/2339 2273/2242/2273

usemtl material_1432
vt 0.0724696 0.9085236
vt 0.0650007 0.9145062
f 3592/2271/3592 3582/2310/3582 3576/2311/3576

usemtl material_1961
vt 0.4257652 0.4892918
f 2268/2273/2268 2340/2312/2340 2271/2241/2271

usemtl material_1632
f 3576/2311/3576 3587/2210/3587 3592/2271/3592

usemtl material_1962
vt 0.0577497 0.9171231
f 3587/2210/3587 3576/2311/3576 3572/2313/3572

usemtl material_1733
vt 0.3474342 0.4910685
f 2256/2244/2256 2255/2314/2255 2252/2243/2252

usemtl material_1791
vt 0.3251729 0.4964736
f 2258/2248/2258 2257/2315/2257 2256/2244/2256

usemtl material_1963
vt 0.3043961 0.4941809
f 2251/2249/2251 2259/2316/2259 2258/2248/2258

usemtl material_1951
vt 0.0131569 0.4929261
f 2522/2298/2522 2495/2317/2495 2488/2276/2488

usemtl material_1964
vt 0.0889693 0.4937158
f 2491/2290/2491 2246/2318/2246 2318/2220/2318

usemtl material_1965
vt 0.1259605 0.4919834
f 2241/2262/2241 2238/2319/2238 2242/2277/2242

usemtl material_1966
vt 0.6241860 0.9323713
vt 0.6242177 0.9255027
vt 0.6269426 0.9258387
f 1967/2320/1967 1963/2321/1963 2207/2322/2207

usemtl material_1967
vt 0.6905326 0.5510126
f 650/2212/650 652/2300/652 653/2323/653

usemtl material_1968
f 650/2212/650 653/2323/653 665/2291/665

usemtl material_1969
f 687/2153/687 665/2291/665 694/2301/694

usemtl material_1970
vt 0.6986869 0.5507376
f 694/2301/694 801/2324/801 796/2279/796

usemtl material_1364
vt 0.7004754 0.5562998
f 801/2324/801 800/2325/800 796/2279/796

usemtl material_1496
f 796/2279/796 800/2325/800 795/2264/795

usemtl material_1971
f 798/2265/798 797/2226/797 803/2303/803

usemtl material_1118
f 403/2196/403 465/2304/465 315/2292/315

usemtl material_1187
vt 0.7487540 0.5802157
f 206/2280/206 208/2326/208 205/2140/205

usemtl material_1636
f 218/2282/218 221/2209/221 236/2284/236

usemtl material_1298
vt 0.8941725 0.6516244
f 245/2061/245 273/2327/273 274/2240/274

usemtl material_1972
f 2293/2236/2293 2336/2305/2336 2294/2237/2294

usemtl material_1322
f 274/2240/274 273/2327/273 407/2269/407

usemtl material_1963
f 2273/2242/2273 2339/2309/2339 2337/2308/2337

usemtl material_1906
f 2271/2241/2271 2340/2312/2340 2339/2309/2339

usemtl material_1961
vt 0.3938757 0.4919568
f 2268/2273/2268 2341/2328/2341 2340/2312/2340

usemtl material_1762
vt 0.3761764 0.4853363
f 2254/2272/2254 2253/2329/2253 2341/2328/2341

usemtl material_1973
f 3572/2313/3572 3581/2246/3581 3587/2210/3587

usemtl material_1733
f 2257/2315/2257 2255/2314/2255 2256/2244/2256

usemtl material_1974
vt 0.2647879 0.5026188
f 2250/2250/2250 2249/2330/2249 2251/2249/2251

usemtl material_1975
vt 0.2166135 0.5064005
f 2226/2256/2226 2227/2331/2227 2228/2255/2228

usemtl material_1976
vt 0.9644431 0.7556248
f 1092/2288/1092 1131/2332/1131 1114/2296/1114

usemtl material_1977
vt 0.0116193 0.4964126
f 2522/2298/2522 2523/2333/2523 2495/2317/2495

usemtl material_1978
vt 0.0509287 0.4984533
f 2495/2317/2495 2494/2334/2494 2488/2276/2488

usemtl material_1979
f 2488/2276/2488 2494/2334/2494 2486/2258/2486

usemtl material_1980
vt 0.0624910 0.4988849
f 2486/2258/2486 2494/2334/2494 2493/2335/2493

usemtl material_1981
f 2486/2258/2486 2493/2335/2493 2487/2259/2487

usemtl material_1982
vt 0.0748959 0.5003453
f 2487/2259/2487 2496/2336/2496 2489/2260/2489

usemtl material_1692
vt 0.0840016 0.5003177
f 2496/2336/2496 2497/2337/2497 2489/2260/2489

usemtl material_1285
f 2489/2260/2489 2497/2337/2497 2490/2261/2490

usemtl material_584
f 2490/2261/2490 2497/2337/2497 2491/2290/2491

usemtl material_1983
f 2318/2220/2318 2246/2318/2246 2244/2278/2244

usemtl material_1984
vt 0.1167106 0.4927035
f 2244/2278/2244 2240/2338/2240 2241/2262/2241

usemtl material_1985
f 2241/2262/2241 2240/2338/2240 2238/2319/2238

usemtl material_1767
f 800/2325/800 799/2302/799 795/2264/795

usemtl material_583
vt 0.7178174 0.5642922
f 797/2226/797 802/2339/802 803/2303/803

usemtl material_1074
f 810/2227/810 803/2303/803 465/2304/465

usemtl material_1792
f 227/1919/227 209/2281/209 213/2228/213

usemtl material_1684
vt 0.8405807 0.6433948
f 224/2213/224 223/2340/223 218/2282/218

usemtl material_1308
f 221/2209/221 273/2327/273 245/2061/245

usemtl material_1986
vt 0.4852275 0.4948470
vt 0.4933214 0.4867268
f 2287/2268/2287 2344/2341/2344 2345/2342/2345

usemtl material_1220
vt 0.8936203 0.6562185
f 273/2327/273 411/2343/411 407/2269/407

usemtl material_1791
vt 0.4586087 0.4993353
f 2337/2308/2337 2343/2344/2343 2287/2268/2287

usemtl material_1220
vt 0.0747139 0.8997637
f 3592/2271/3592 3586/2345/3586 3582/2310/3582

usemtl material_1936
vt 0.3653044 0.4957691
f 2253/2329/2253 2255/2314/2255 2342/2346/2342

usemtl material_1638
f 2251/2249/2251 2249/2330/2249 2259/2316/2259

usemtl material_1987
vt 0.0340489 0.9219437
f 3578/2294/3578 3596/2347/3596 3607/2287/3607

usemtl material_1988
f 2250/2250/2250 2248/2254/2248 2249/2330/2249

usemtl material_1989
vt 0.9427471 0.7623217
f 1056/2274/1056 1058/2348/1058 1057/2295/1057

usemtl material_1990
vt 0.2355994 0.5063480
f 2228/2255/2228 2227/2331/2227 2247/2349/2247

usemtl material_1991
f 2228/2255/2228 2247/2349/2247 2248/2254/2248

usemtl material_1992
vt 0.9478145 0.7648686
f 1061/2350/1061 1092/2288/1092 1060/2275/1060

usemtl material_1993
f 1057/2295/1057 1061/2350/1061 1060/2275/1060

usemtl material_1994
vt 0.2049016 0.5067772
f 2226/2256/2226 2230/2351/2230 2227/2331/2227

usemtl material_1995
f 2487/2259/2487 2493/2335/2493 2496/2336/2496

usemtl material_1996
vt 0.1012671 0.5061200
f 2246/2318/2246 2245/2352/2245 2244/2278/2244

usemtl material_1997
f 2244/2278/2244 2245/2352/2245 2240/2338/2240

usemtl material_1998
vt 0.6238558 0.9150645
f 1963/2321/1963 1962/2353/1962 2207/2322/2207

usemtl material_221
f 799/2302/799 802/2339/802 797/2226/797

usemtl material_1170
f 205/2140/205 208/2326/208 209/2281/209

usemtl material_1902
vt 0.4983186 0.4948586
f 2344/2341/2344 2350/2354/2350 2345/2342/2345

usemtl material_1893
f 2345/2342/2345 2350/2354/2350 2346/2293/2346

usemtl material_1936
vt 0.5285542 0.4943476
f 2350/2354/2350 2347/2355/2347 2346/2293/2346

usemtl material_1690
f 2339/2309/2339 2343/2344/2343 2337/2308/2337

usemtl material_1936
f 2253/2329/2253 2342/2346/2342 2341/2328/2341

usemtl material_1999
vt 0.0369264 0.9182078
f 3578/2294/3578 3573/2356/3573 3596/2347/3596

usemtl material_2000
vt 0.9439790 0.7683797
f 1058/2348/1058 1059/2357/1059 1057/2295/1057

usemtl material_2001
f 1057/2295/1057 1059/2357/1059 1061/2350/1061

usemtl material_2002
vt 0.9592916 0.7651649
f 1092/2288/1092 1122/2358/1122 1131/2332/1131

usemtl material_435
vt 0.1448488 0.4917868
vt 0.1643277 0.5073881
f 2234/2289/2234 2235/2359/2235 2232/2360/2232

usemtl material_1941
f 2234/2289/2234 2232/2360/2232 2231/2257/2231

usemtl material_2003
vt 0.0890199 0.5041258
f 2491/2290/2491 2335/2361/2335 2246/2318/2246

usemtl material_2004
vt 0.1163893 0.5062075
f 2245/2352/2245 2239/2362/2239 2240/2338/2240

usemtl material_347
vt 0.5473090 0.9279240
vt 0.5517184 0.9158804
vt 0.5515236 0.9265060
f 1831/2363/1831 1938/2364/1938 1953/2365/1953

usemtl material_2005
vt 0.6851802 0.5532135
f 729/2299/729 728/2366/728 652/2300/652

usemtl material_2006
vt 0.6891823 0.5556756
f 652/2300/652 728/2366/728 654/2367/654

usemtl material_562
f 652/2300/652 654/2367/654 653/2323/653

usemtl material_2007
f 665/2291/665 653/2323/653 694/2301/694

usemtl material_483
vt 0.6943948 0.5591423
f 694/2301/694 693/2368/693 801/2324/801

usemtl material_1527
vt 0.6982893 0.5620614
f 801/2324/801 693/2368/693 805/2369/805

usemtl material_1229
f 801/2324/801 805/2369/805 800/2325/800

usemtl material_160
f 800/2325/800 802/2339/802 799/2302/799

usemtl material_134
vt 0.7189983 0.5748059
f 802/2339/802 808/2370/808 803/2303/803

usemtl material_1118
vt 0.7364014 0.5776352
f 465/2304/465 444/2371/444 315/2292/315

usemtl material_1187
vt 0.7403546 0.5801571
f 315/2292/315 312/2372/312 206/2280/206

usemtl material_1891
vt 0.8086902 0.6272001
f 214/2184/214 216/2373/216 217/2198/217

usemtl material_1169
f 217/2198/217 216/2373/216 224/2213/224

usemtl material_1220
vt 0.8868545 0.6598305
f 221/2209/221 244/2374/244 273/2327/273

usemtl material_1972
vt 0.5436749 0.4955095
f 2347/2355/2347 2354/2375/2354 2336/2305/2336

usemtl material_2008
vt 0.5523534 0.4971383
f 2336/2305/2336 2354/2375/2354 2357/2376/2357

usemtl material_2009
vt 0.5536657 0.4919463
f 2338/2306/2338 2357/2376/2357 2716/2377/2716

usemtl material_1220
f 244/2374/244 411/2343/411 273/2327/273

usemtl material_1963
f 2287/2268/2287 2343/2344/2343 2344/2341/2344

usemtl material_1972
vt 0.4299316 0.5018811
f 2339/2309/2339 2352/2378/2352 2343/2344/2343

usemtl material_1517
vt 0.0650366 0.8993007
f 3582/2310/3582 3575/2379/3575 3576/2311/3576

usemtl material_1936
vt 0.4008154 0.5028294
f 2342/2346/2342 2353/2380/2353 2341/2328/2341
vt 0.3451095 0.4992548
f 2255/2314/2255 2351/2381/2351 2342/2346/2342

usemtl material_1762
vt 0.3057925 0.4998876
f 2259/2316/2259 2260/2382/2260 2257/2315/2257

usemtl material_2010
vt 0.1926486 0.5073364
f 2226/2256/2226 2229/2383/2229 2230/2351/2230

usemtl material_2011
vt 0.9500047 0.7711230
f 1061/2350/1061 1104/2384/1104 1092/2288/1092

usemtl material_2012
vt 0.1777342 0.5080190
f 2231/2257/2231 2232/2360/2232 2233/2385/2233

usemtl material_2013
vt 0.0118537 0.5033717
vt 0.0156378 0.5084154
f 2512/2386/2512 2503/2387/2503 2495/2317/2495

usemtl material_2014
f 2523/2333/2523 2512/2386/2512 2495/2317/2495

usemtl material_2015
f 2503/2387/2503 2494/2334/2494 2495/2317/2495

usemtl material_2016
f 2497/2337/2497 2335/2361/2335 2491/2290/2491

usemtl material_1263
vt 0.1290914 0.5071161
f 2238/2319/2238 2237/2388/2237 2235/2359/2235

usemtl material_2017
vt 0.1461066 0.5071554
f 2235/2359/2235 2237/2388/2237 2236/2389/2236

usemtl material_435
f 2235/2359/2235 2236/2389/2236 2232/2360/2232

usemtl material_2018
f 2246/2318/2246 2335/2361/2335 2245/2352/2245

usemtl material_2019
f 2240/2338/2240 2239/2362/2239 2238/2319/2238

usemtl material_2020
f 694/2301/694 653/2323/653 693/2368/693

usemtl material_2021
vt 0.7252089 0.5771679
f 808/2370/808 809/2390/809 803/2303/803

usemtl material_1079
vt 0.7289912 0.5780732
f 803/2303/803 815/2391/815 465/2304/465

usemtl material_1170
f 815/2391/815 444/2371/444 465/2304/465

usemtl material_1118
f 315/2292/315 444/2371/444 312/2372/312

usemtl material_1169
f 213/2228/213 216/2373/216 214/2184/214

usemtl material_1792
f 216/2373/216 223/2340/223 224/2213/224

usemtl material_1791
vt 0.4883211 0.5049903
f 2344/2341/2344 2380/2392/2380 2350/2354/2350

usemtl material_1073
f 3575/2379/3575 3582/2310/3582 3586/2345/3586

usemtl material_1906
f 2353/2380/2353 2352/2378/2352 2340/2312/2340

usemtl material_1963
vt 0.2895068 0.5039099
f 2259/2316/2259 2249/2330/2249 2261/2393/2261

usemtl material_1762
f 2259/2316/2259 2261/2393/2261 2260/2382/2260

usemtl material_2022
vt 0.9540655 0.7743748
f 1104/2384/1104 1123/2394/1123 1122/2358/1122

usemtl material_2023
vt 0.0621642 0.5108475
f 2494/2334/2494 2505/2395/2505 2493/2335/2493

usemtl material_2024
f 2231/2257/2231 2233/2385/2233 2229/2383/2229

usemtl material_78
vt 0.0846399 0.5132099
f 2497/2337/2497 2508/2396/2508 2335/2361/2335

usemtl material_2025
f 2238/2319/2238 2239/2362/2239 2237/2388/2237

usemtl material_2026
vt 0.6986986 0.5723411
f 805/2369/805 806/2397/806 800/2325/800

usemtl material_2027
f 800/2325/800 806/2397/806 802/2339/802

usemtl material_1468
vt 0.8692160 0.6626407
f 221/2209/221 220/2398/220 244/2374/244

usemtl material_1902
vt 0.5066661 0.5108727
f 2380/2392/2380 2379/2399/2379 2350/2354/2350

usemtl material_1963
f 2350/2354/2350 2379/2399/2379 2347/2355/2347

usemtl material_1586
vt 0.5339898 0.5138914
f 2347/2355/2347 2384/2400/2384 2354/2375/2354
vt 0.4729472 0.5104217
f 2343/2344/2343 2381/2401/2381 2344/2341/2344

usemtl material_1972
f 2344/2341/2344 2381/2401/2381 2380/2392/2380

usemtl material_1220
vt 0.8880648 0.6614640
f 244/2374/244 412/2402/412 411/2343/411

usemtl material_1762
vt 0.2942776 0.5149491
f 2260/2382/2260 2362/2403/2362 2257/2315/2257

usemtl material_2028
vt 0.0386000 0.9076104
vt 0.0394534 0.9201934
f 3569/2404/3569 3573/2356/3573 3574/2405/3574

usemtl material_2029
vt 0.0325934 0.9059004
f 3573/2356/3573 3595/2406/3595 3596/2347/3596

usemtl material_2030
vt 0.0120794 0.5102528
vt 0.0134731 0.5174947
f 2513/2407/2513 2509/2408/2509 2503/2387/2503

usemtl material_2031
f 2512/2386/2512 2513/2407/2513 2503/2387/2503

usemtl material_2032
vt 0.0457272 0.5115307
f 2503/2387/2503 2504/2409/2504 2494/2334/2494

usemtl material_2033
f 2504/2409/2504 2505/2395/2505 2494/2334/2494

usemtl material_2034
vt 0.0743295 0.5131116
f 2493/2335/2493 2505/2395/2505 2506/2410/2506

usemtl material_2035
f 2493/2335/2493 2506/2410/2506 2496/2336/2496

usemtl material_978
f 2506/2410/2506 2508/2396/2508 2496/2336/2496

usemtl material_1285
f 2496/2336/2496 2508/2396/2508 2497/2337/2497

usemtl material_2036
vt 0.6851346 0.5665673
f 728/2366/728 721/2411/721 654/2367/654

usemtl material_256
vt 0.6906936 0.5734010
f 653/2323/653 654/2367/654 655/2412/655

usemtl material_2037
f 653/2323/653 655/2412/655 693/2368/693

usemtl material_530
vt 0.6939397 0.5743672
f 692/2413/692 805/2369/805 693/2368/693

usemtl material_2038
f 693/2368/693 655/2412/655 692/2413/692

usemtl material_1599
f 692/2413/692 806/2397/806 805/2369/805

usemtl material_2039
vt 0.7097448 0.5720851
f 806/2397/806 807/2414/807 802/2339/802

usemtl material_122
f 807/2414/807 808/2370/808 802/2339/802

usemtl material_1102
f 803/2303/803 809/2390/809 815/2391/815

usemtl material_1187
vt 0.7436020 0.5935370
f 312/2372/312 310/2415/310 206/2280/206

usemtl material_2040
vt 0.7495459 0.5957764
f 206/2280/206 310/2415/310 259/2416/259

usemtl material_1337
f 218/2282/218 220/2398/220 221/2209/221

usemtl material_1322
vt 0.8822650 0.6628666
f 220/2398/220 281/2417/281 244/2374/244

usemtl material_2041
vt 0.5450241 0.5138451
f 2384/2400/2384 2386/2418/2386 2354/2375/2354

usemtl material_1904
vt 0.0205940 0.5451882
vt 0.0217092 0.5538570
vt 0.0191999 0.5513663
f 3290/2419/3290 3288/2420/3288 3289/2421/3289

usemtl material_1308
vt 0.0741917 0.8900985
vt 0.0690514 0.8825601
f 3589/2422/3589 3567/2423/3567 3586/2345/3586

usemtl material_1586
vt 0.4340005 0.5138253
f 2352/2378/2352 2383/2424/2383 2343/2344/2343

usemtl material_1337
f 3567/2423/3567 3575/2379/3575 3586/2345/3586

usemtl material_1869
vt 0.4055446 0.5102931
f 2353/2380/2353 2376/2425/2376 2352/2378/2352

usemtl material_1762
f 2260/2382/2260 2261/2393/2261 2362/2403/2362

usemtl material_2042
vt 0.0356992 0.9091220
f 3571/2426/3571 3595/2406/3595 3573/2356/3573

usemtl material_2043
f 3571/2426/3571 3573/2356/3573 3569/2404/3569

usemtl material_1638
vt 0.2661287 0.5073493
f 2249/2330/2249 2348/2427/2348 2261/2393/2261

usemtl material_2044
vt 0.9290215 0.7816074
f 1063/2428/1063 1059/2357/1059 1058/2348/1058

usemtl material_1910
vt 0.2509581 0.5090972
f 2247/2349/2247 2349/2429/2349 2249/2330/2249

usemtl material_1620
f 2249/2330/2249 2349/2429/2349 2348/2427/2348

usemtl material_2045
vt 0.9469731 0.7792928
f 1104/2384/1104 1098/2430/1098 1123/2394/1123

usemtl material_2046
vt 0.0892504 0.5138081
f 2335/2361/2335 2356/2431/2356 2245/2352/2245

usemtl material_2047
vt 0.6880184 0.5757219
f 654/2367/654 721/2411/721 656/2432/656

usemtl material_1298
vt 0.7385942 0.5912045
f 815/2391/815 435/2433/435 444/2371/444

usemtl material_1187
f 444/2371/444 435/2433/435 312/2372/312
f 206/2280/206 259/2416/259 208/2326/208

usemtl material_2048
vt 0.5522134 0.5058865
f 2386/2418/2386 2387/2434/2387 2357/2376/2357

usemtl material_1922
vt 0.4869264 0.5136685
f 2380/2392/2380 2385/2435/2385 2379/2399/2379

usemtl material_1690
f 2347/2355/2347 2379/2399/2379 2384/2400/2384

usemtl material_1791
vt 0.3613305 0.5154265
f 2364/2436/2364 2376/2425/2376 2353/2380/2353

usemtl material_1762
f 2351/2381/2351 2364/2436/2364 2342/2346/2342
vt 0.3313036 0.5170639
f 2351/2381/2351 2361/2437/2361 2364/2436/2364

usemtl material_2044
vt 0.9323989 0.7871950
f 1059/2357/1059 1062/2438/1062 1061/2350/1061

usemtl material_2049
vt 0.2218215 0.5274730
f 2227/2331/2227 2366/2439/2366 2247/2349/2247

usemtl material_2050
f 1062/2438/1062 1098/2430/1098 1061/2350/1061

usemtl material_2051
f 1061/2350/1061 1098/2430/1098 1104/2384/1104

usemtl material_2052
vt 0.0102828 0.5161790
f 2759/2440/2759 2509/2408/2509 2513/2407/2513

usemtl material_2053
f 2503/2387/2503 2509/2408/2509 2504/2409/2504

usemtl material_2054
vt 0.1449156 0.5188034
f 2236/2389/2236 2237/2388/2237 2358/2441/2358

usemtl material_2055
f 2236/2389/2236 2358/2441/2358 2232/2360/2232

usemtl material_2056
f 2508/2396/2508 2356/2431/2356 2335/2361/2335

usemtl material_2057
vt 0.1057023 0.5193995
vt 0.1161141 0.5337945
f 2239/2362/2239 2355/2442/2355 2360/2443/2360

usemtl material_2058
f 2239/2362/2239 2360/2443/2360 2237/2388/2237

usemtl material_2059
vt 0.6242877 0.9055475
vt 0.6240081 0.8990840
vt 0.6265711 0.8994352
f 1964/2444/1964 1971/2445/1971 2221/2446/2221

usemtl material_1357
f 654/2367/654 656/2432/656 655/2412/655

usemtl material_2060
vt 0.6989493 0.5838299
f 806/2397/806 818/2447/818 807/2414/807

usemtl material_2061
vt 0.7172104 0.5870081
f 807/2414/807 818/2447/818 819/2448/819

usemtl material_1462
f 807/2414/807 819/2448/819 808/2370/808

usemtl material_1382
vt 0.7266098 0.5908090
f 809/2390/809 816/2449/816 815/2391/815

usemtl material_1220
vt 0.7319929 0.5926641
f 815/2391/815 820/2450/820 435/2433/435

usemtl material_1583
f 312/2372/312 435/2433/435 310/2415/310

usemtl material_1298
f 208/2326/208 259/2416/259 209/2281/209

usemtl material_2062
vt 0.5530078 0.5134746
f 2386/2418/2386 2431/2451/2431 2387/2434/2387

usemtl material_2063
vt 0.0217628 0.5615587
vt 0.0189606 0.5594380
f 3288/2420/3288 3095/2452/3095 3282/2453/3282

usemtl material_1690
f 2381/2401/2381 2385/2435/2385 2380/2392/2380

usemtl material_1322
vt 0.8803501 0.6687785
f 281/2417/281 309/2454/309 244/2374/244

usemtl material_1298
vt 0.0731404 0.8767440
f 3589/2422/3589 3585/2455/3585 3567/2423/3567

usemtl material_2064
vt 0.4070382 0.5149709
f 2376/2425/2376 2382/2456/2382 2352/2378/2352

usemtl material_1586
f 2352/2378/2352 2382/2456/2382 2383/2424/2383

usemtl material_1517
vt 0.0614010 0.8930509
f 3567/2423/3567 3566/2457/3566 3575/2379/3575

usemtl material_1690
f 2364/2436/2364 2382/2456/2382 2376/2425/2376

usemtl material_2065
vt 0.0553661 0.8854505
vt 0.0549068 0.8925768
f 3566/2457/3566 3557/2458/3557 3549/2459/3549

usemtl material_1963
vt 0.3101318 0.5211735
f 2362/2403/2362 2377/2460/2377 2361/2437/2361
f 2348/2427/2348 2362/2403/2362 2261/2393/2261

usemtl material_2066
vt 0.0355710 0.9023885
f 3571/2426/3571 3570/2461/3570 3595/2406/3595

usemtl material_2067
vt 0.0113288 0.5226325
f 2759/2440/2759 2721/2462/2721 2509/2408/2509

usemtl material_2068
vt 0.0514913 0.5257400
f 2504/2409/2504 2509/2408/2509 2510/2463/2510

usemtl material_2069
vt 0.0626890 0.5246726
f 2510/2463/2510 2511/2464/2511 2505/2395/2505

usemtl material_2070
f 2504/2409/2504 2510/2463/2510 2505/2395/2505

usemtl material_2071
f 2511/2464/2511 2506/2410/2506 2505/2395/2505

usemtl material_379
vt 0.1648442 0.5318876
f 2232/2360/2232 2358/2441/2358 2368/2465/2368
f 2232/2360/2232 2368/2465/2368 2233/2385/2233

usemtl material_2072
vt 0.1264063 0.5343326
f 2360/2443/2360 2359/2466/2359 2237/2388/2237

usemtl material_2073
f 2359/2466/2359 2358/2441/2358 2237/2388/2237

usemtl material_2074
vt 0.6843185 0.5794992
f 721/2411/721 722/2467/722 656/2432/656

usemtl material_181
f 692/2413/692 818/2447/818 806/2397/806

usemtl material_1036
vt 0.6942748 0.5909047
f 692/2413/692 691/2468/691 818/2447/818

usemtl material_2075
f 808/2370/808 816/2449/816 809/2390/809

usemtl material_1073
f 816/2449/816 820/2450/820 815/2391/815

usemtl material_1298
vt 0.8753132 0.6708681
f 220/2398/220 278/2469/278 281/2417/281

usemtl material_1734
vt 0.0678359 0.5545216
vt 0.0610922 0.5663809
vt 0.0407452 0.5600245
f 3144/2470/3144 3022/2471/3022 3093/2472/3093

usemtl material_2076
f 281/2417/281 278/2469/278 309/2454/309

usemtl material_1622
vt 0.2424235 0.5343056
vt 0.2254050 0.5398251
vt 0.2125320 0.5378065
f 3128/2473/3128 3122/2474/3122 3130/2475/3130

usemtl material_1974
vt 0.2654783 0.5265767
f 2348/2427/2348 2363/2476/2363 2362/2403/2362

usemtl material_1131
vt 0.2424461 0.5284741
f 2349/2429/2349 2367/2477/2367 2348/2427/2348

usemtl material_2077
f 1063/2428/1063 1062/2438/1062 1059/2357/1059

usemtl material_2078
f 2247/2349/2247 2367/2477/2367 2349/2429/2349

usemtl material_2079
vt 0.9332491 0.7979209
f 1062/2438/1062 1103/2478/1103 1098/2430/1098

usemtl material_2080
vt 0.1786043 0.5328467
f 2233/2385/2233 2371/2479/2371 2229/2383/2229

usemtl material_2081
vt 0.0132543 0.5270022
f 2721/2462/2721 2516/2480/2516 2509/2408/2509

usemtl material_2082
vt 0.0896068 0.5324209
f 2374/2481/2374 2355/2442/2355 2356/2431/2356

usemtl material_2083
f 2356/2431/2356 2355/2442/2355 2245/2352/2245

usemtl material_1808
vt 0.5469800 0.8995774
vt 0.5513383 0.8898609
vt 0.5514501 0.9022074
f 1764/2482/1764 1946/2483/1946 1937/2484/1937

usemtl material_2084
vt 0.6902408 0.5933983
f 656/2432/656 657/2485/657 655/2412/655

usemtl material_2085
vt 0.7278325 0.8888125
vt 0.7323505 0.8867378
vt 0.7346430 0.9094803
f 3416/2486/3416 3412/2487/3412 3410/2488/3410

usemtl material_1110
f 808/2370/808 819/2448/819 816/2449/816

usemtl material_2040
vt 0.7422851 0.6014136
f 435/2433/435 446/2489/446 310/2415/310

usemtl material_1220
vt 0.7551756 0.6126454
f 259/2416/259 260/2490/260 209/2281/209

usemtl material_1598
vt 0.8488333 0.6693391
f 223/2340/223 219/2491/219 218/2282/218

usemtl material_1468
f 218/2282/218 219/2491/219 220/2398/220

usemtl material_1688
vt 0.1013728 0.5503967
vt 0.0978913 0.5671679
vt 0.0876931 0.5554351
f 3142/2492/3142 3014/2493/3014 3143/2494/3143

usemtl material_1528
vt 0.1403364 0.5480850
vt 0.1202483 0.5661017
f 3132/2495/3132 3013/2496/3013 3142/2492/3142

usemtl material_1084
vt 0.1672022 0.5450131
vt 0.1704422 0.5540049
f 3131/2497/3131 3123/2498/3123 3132/2495/3132

usemtl material_1177
vt 0.2007225 0.5516398
f 3131/2497/3131 3121/2499/3121 3123/2498/3123

usemtl material_2086
vt 0.0356071 0.8962609
f 3556/2500/3556 3595/2406/3595 3570/2461/3570

usemtl material_1131
f 2367/2477/2367 2363/2476/2363 2348/2427/2348

usemtl material_2087
vt 0.9226392 0.7985708
f 1063/2428/1063 1064/2501/1064 1062/2438/1062

usemtl material_2088
vt 0.2051795 0.5238298
f 2230/2351/2230 2365/2502/2365 2366/2439/2366

usemtl material_2089
vt 0.0750902 0.5335562
f 2506/2410/2506 2511/2464/2511 2515/2503/2515

usemtl material_2090
f 2506/2410/2506 2515/2503/2515 2508/2396/2508

usemtl material_2091
f 2368/2465/2368 2371/2479/2371 2233/2385/2233

usemtl material_2092
f 2508/2396/2508 2374/2481/2374 2356/2431/2356

usemtl material_2038
f 655/2412/655 657/2485/657 692/2413/692

usemtl material_880
f 692/2413/692 657/2485/657 691/2468/691

usemtl material_393
vt 0.7291996 0.8825952
f 3415/2504/3415 3412/2487/3412 3416/2486/3416

usemtl material_2093
vt 0.7354618 0.8860912
f 3412/2487/3412 3411/2505/3411 3410/2488/3410

usemtl material_1635
vt 0.7444903 0.9240021
vt 0.7562144 0.9199569
vt 0.7478623 0.9316192
f 3408/2506/3408 3393/2507/3393 3413/2508/3413

usemtl material_1298
vt 0.7475633 0.6052091
f 446/2489/446 311/2509/311 310/2415/310
f 310/2415/310 311/2509/311 259/2416/259

usemtl material_1220
f 311/2509/311 260/2490/260 259/2416/259

usemtl material_1792
vt 0.7912766 0.6488311
f 213/2228/213 232/2510/232 216/2373/216

usemtl material_1255
vt 0.0522722 0.5711995
vt 0.0297463 0.5610424
f 3093/2472/3093 3021/2511/3021 3092/2512/3092

usemtl material_1177
vt 0.0866388 0.5676419
f 3014/2493/3014 3020/2513/3020 3143/2494/3143

usemtl material_1528
vt 0.1381302 0.5664478
f 3123/2498/3123 3019/2514/3019 3132/2495/3132

usemtl material_2094
vt 0.0624468 0.8740089
f 3551/2515/3551 3557/2458/3557 3567/2423/3567

usemtl material_1622
vt 0.2897488 0.5259762
f 2362/2403/2362 2378/2516/2378 2377/2460/2377

usemtl material_2095
vt 0.0343565 0.8914191
vt 0.0312466 0.8868463
f 3556/2500/3556 3548/2517/3548 3594/2518/3594

usemtl material_2096
f 3556/2500/3556 3594/2518/3594 3595/2406/3595

usemtl material_2097
f 2366/2439/2366 2367/2477/2367 2247/2349/2247

usemtl material_2098
vt 0.2096615 0.5336309
f 2365/2502/2365 2372/2519/2372 2366/2439/2366

usemtl material_2099
vt 0.1936287 0.5316582
f 2371/2479/2371 2370/2520/2370 2229/2383/2229

usemtl material_2100
f 2229/2383/2229 2370/2520/2370 2365/2502/2365

usemtl material_2101
f 2229/2383/2229 2365/2502/2365 2230/2351/2230

usemtl material_2102
vt 0.0103606 0.5320923
f 2721/2462/2721 2801/2521/2801 2516/2480/2516

usemtl material_402
vt 0.0847256 0.5352714
f 2515/2503/2515 2525/2522/2525 2508/2396/2508

usemtl material_1011
f 2508/2396/2508 2525/2522/2525 2374/2481/2374

usemtl material_2103
vt 0.7453737 0.9070051
vt 0.7404636 0.9190165
f 3410/2488/3410 3399/2523/3399 3403/2524/3403

usemtl material_2104
vt 0.7507169 0.9157258
f 3403/2524/3403 3398/2525/3398 3408/2506/3408

usemtl material_1073
f 3408/2506/3408 3398/2525/3398 3393/2507/3393

usemtl material_1298
vt 0.7560057 0.9292079
f 3413/2508/3413 3393/2507/3393 3414/2526/3414

usemtl material_2105
vt 0.0286252 0.5815012
vt 0.0222702 0.5792440
vt 0.0216416 0.5693633
f 3023/2527/3023 3024/2528/3024 3094/2529/3094

usemtl material_1255
f 3021/2511/3021 3023/2527/3023 3092/2512/3092

usemtl material_1322
vt 0.8668828 0.6743503
f 220/2398/220 277/2530/277 278/2469/278

usemtl material_1559
f 3132/2495/3132 3019/2514/3019 3013/2496/3013

usemtl material_1322
vt 0.8742822 0.6742395
f 278/2469/278 397/2531/397 309/2454/309

usemtl material_1636
vt 0.0721031 0.8664012
f 3567/2423/3567 3558/2532/3558 3551/2515/3551

usemtl material_1559
vt 0.1734201 0.5640725
f 3123/2498/3123 3089/2533/3089 3019/2514/3019

usemtl material_2106
vt 0.0464687 0.8829173
vt 0.0537591 0.8760189
f 3543/2534/3543 3549/2459/3549 3540/2535/3540

usemtl material_2107
vt 0.9117005 0.8018104
f 1063/2428/1063 1065/2536/1065 1064/2501/1064

usemtl material_1751
vt 0.9206479 0.8113092
f 1064/2501/1064 1095/2537/1095 1062/2438/1062

usemtl material_2108
f 1062/2438/1062 1095/2537/1095 1103/2478/1103

usemtl material_1976
vt 0.0136564 0.5344544
f 2801/2521/2801 2524/2538/2524 2516/2480/2516

usemtl material_2109
f 2516/2480/2516 2524/2538/2524 2510/2463/2510

usemtl material_2110
vt 0.0632806 0.5357372
f 2510/2463/2510 2524/2538/2524 2521/2539/2521

usemtl material_2111
f 2510/2463/2510 2521/2539/2521 2511/2464/2511

usemtl material_2112
f 2511/2464/2511 2521/2539/2521 2515/2503/2515

usemtl material_2113
vt 0.1441311 0.5347683
f 2358/2441/2358 2359/2466/2359 2369/2540/2369

usemtl material_1261
f 2358/2441/2358 2369/2540/2369 2368/2465/2368

usemtl material_2114
vt 0.1038238 0.5344231
f 2355/2442/2355 2374/2481/2374 2375/2541/2375

usemtl material_2115
f 2355/2442/2355 2375/2541/2375 2360/2443/2360

usemtl material_2116
f 3415/2504/3415 3411/2505/3411 3412/2487/3412

usemtl material_2117
vt 0.7392017 0.8841886
f 3411/2505/3411 3402/2542/3402 3410/2488/3410

usemtl material_2118
f 3410/2488/3410 3402/2542/3402 3399/2523/3399

usemtl material_1468
vt 0.8356992 0.6693887
f 223/2340/223 222/2543/222 219/2491/219

usemtl material_1322
vt 0.8659642 0.6766443
f 277/2530/277 396/2544/396 397/2531/397
f 277/2530/277 397/2531/397 278/2469/278

usemtl material_1053
vt 0.1975777 0.5643682
f 3121/2499/3121 3015/2545/3015 3123/2498/3123

usemtl material_2119
vt 0.0343683 0.8839735
vt 0.0364688 0.8865955
f 3547/2546/3547 3548/2517/3548 3545/2547/3545

usemtl material_2120
f 3547/2546/3547 3594/2518/3594 3548/2517/3548

usemtl material_1819
vt 0.3085232 0.5325016
vt 0.2936099 0.5512717
vt 0.2844297 0.5360378
f 3126/2548/3126 3097/2549/3097 3127/2550/3127

usemtl material_1721
f 2366/2439/2366 2372/2519/2372 2367/2477/2367

usemtl material_2121
vt 0.9277110 0.8088191
f 1095/2537/1095 1129/2551/1129 1103/2478/1103

usemtl material_2122
vt 0.0118553 0.5399343
f 2801/2521/2801 2799/2552/2799 2524/2538/2524

usemtl material_2123
vt 0.0135757 0.5391130
f 2524/2538/2524 2536/2553/2536 2521/2539/2521

usemtl material_2124
vt 0.6261312 0.8873439
vt 0.6232973 0.8771873
vt 0.6267176 0.8779003
f 2160/2554/2160 1988/2555/1988 2216/2556/2216

usemtl material_2125
vt 0.6848316 0.5908042
f 722/2467/722 712/2557/712 656/2432/656

usemtl material_2126
vt 0.7398347 0.8787860
f 3415/2504/3415 3409/2558/3409 3411/2505/3411

usemtl material_2127
f 3409/2558/3409 3402/2542/3402 3411/2505/3411

usemtl material_2128
f 3399/2523/3399 3398/2525/3398 3403/2524/3403

usemtl material_1635
vt 0.7648827 0.9267141
f 3414/2526/3414 3393/2507/3393 3407/2559/3407

usemtl material_1308
vt 0.7463279 0.6121005
f 446/2489/446 483/2560/483 311/2509/311

usemtl material_2129
vt 0.7525396 0.6152833
f 311/2509/311 483/2560/483 372/2561/372

usemtl material_1636
f 311/2509/311 372/2561/372 260/2490/260

usemtl material_1595
vt 0.7696907 0.6296625
f 209/2281/209 231/2562/231 213/2228/213
f 216/2373/216 222/2543/222 223/2340/223

usemtl material_1322
f 220/2398/220 219/2491/219 277/2530/277

usemtl material_2130
vt 0.0638804 0.5801301
vt 0.0612694 0.5917997
f 3007/2563/3007 2967/2564/2967 3021/2511/3021

usemtl material_1559
vt 0.1025639 0.5833641
f 3014/2493/3014 3005/2565/3005 3020/2513/3020

usemtl material_683
vt 0.1663643 0.5694495
f 3089/2533/3089 3016/2566/3016 3019/2514/3019

usemtl material_1792
vt 0.0627021 0.8644596
f 3558/2532/3558 3550/2567/3550 3551/2515/3551

usemtl material_1528
f 3015/2545/3015 3089/2533/3089 3123/2498/3123
vt 0.2205613 0.5621748
f 3121/2499/3121 3017/2568/3017 3015/2545/3015

usemtl material_837
vt 0.2658458 0.5538760
vt 0.2428169 0.5601768
f 3096/2569/3096 3018/2570/3018 3122/2474/3122

usemtl material_1608
f 3122/2474/3122 3018/2570/3018 3017/2568/3017

usemtl material_2131
vt 0.3315201 0.5304673
vt 0.3250896 0.5497140
f 3125/2571/3125 3098/2572/3098 3126/2548/3126

usemtl material_2132
vt 0.2198554 0.5347140
f 2372/2519/2372 2373/2573/2373 2367/2477/2367

usemtl material_2133
vt 0.1927170 0.5357351
f 2371/2479/2371 2389/2574/2389 2370/2520/2370

usemtl material_2134
f 2370/2520/2370 2389/2574/2389 2372/2519/2372

usemtl material_2135
vt 0.1619966 0.5382547
f 2368/2465/2368 2388/2575/2388 2371/2479/2371

usemtl material_2136
f 2799/2552/2799 2536/2553/2536 2524/2538/2524

usemtl material_221
vt 0.5465280 0.8781042
vt 0.5512868 0.8765936
f 1946/2483/1946 1896/2576/1896 1961/2577/1961

usemtl material_1343
vt 0.7587864 0.9126620
f 3399/2523/3399 3373/2578/3373 3398/2525/3398

usemtl material_1792
vt 0.7592120 0.6218879
f 260/2490/260 372/2561/372 257/2579/257

usemtl material_1595
f 260/2490/260 257/2579/257 209/2281/209

usemtl material_1792
f 209/2281/209 257/2579/257 231/2562/231
f 231/2562/231 232/2510/232 213/2228/213

usemtl material_1595
f 232/2510/232 222/2543/222 216/2373/216

usemtl material_1322
vt 0.8601867 0.6777432
f 219/2491/219 280/2580/280 277/2530/277

usemtl material_1104
vt 0.0334025 0.5916253
f 3021/2511/3021 2982/2581/2982 3023/2527/3023

usemtl material_1322
f 277/2530/277 280/2580/280 396/2544/396

usemtl material_1077
vt 0.1604283 0.5861318
f 3019/2514/3019 2999/2582/2999 3013/2496/3013

usemtl material_1595
vt 0.0632608 0.8511569
f 3544/2583/3544 3550/2567/3550 3558/2532/3558

usemtl material_2137
vt 0.0544167 0.8684360
f 3550/2567/3550 3521/2584/3521 3551/2515/3551

usemtl material_2138
vt 0.0480630 0.8677309
f 3540/2535/3540 3521/2584/3521 3517/2585/3517

usemtl material_2139
f 3540/2535/3540 3517/2585/3517 3543/2534/3543

usemtl material_2140
vt 0.0344087 0.8783780
f 3546/2586/3546 3547/2546/3547 3545/2547/3545

usemtl material_2141
f 3547/2546/3547 3546/2586/3546 3594/2518/3594

usemtl material_2107
vt 0.9071867 0.8129082
f 1065/2536/1065 1066/2587/1066 1064/2501/1064

usemtl material_2142
vt 0.3401210 0.5457069
f 3125/2571/3125 3102/2588/3102 3098/2572/3098

usemtl material_2143
vt 0.9029963 0.8196183
f 1066/2587/1066 1068/2589/1068 1064/2501/1064

usemtl material_1894
f 1068/2589/1068 1095/2537/1095 1064/2501/1064

usemtl material_2144
f 2371/2479/2371 2388/2575/2388 2389/2574/2389

usemtl material_2145
vt 0.5616164 0.5265248
vt 0.5598700 0.5345222
vt 0.5599158 0.5256847
f 3280/2590/3280 3138/2591/3138 3151/2592/3151

usemtl material_2146
vt 0.5237327 0.5352103
vt 0.5103392 0.5224929
f 3151/2592/3151 3139/2593/3139 3152/2594/3152

usemtl material_2147
vt 0.5008746 0.5381083
vt 0.4885039 0.5403006
vt 0.4889309 0.5220986
f 3137/2595/3137 3116/2596/3116 3147/2597/3147

usemtl material_2148
vt 0.4985489 0.5203764
f 3153/2598/3153 3137/2595/3137 3147/2597/3147

usemtl material_2149
vt 0.4474119 0.5226596
vt 0.4450305 0.5333679
vt 0.4297661 0.5244893
f 3140/2599/3140 3135/2600/3135 3136/2601/3136

usemtl material_2150
vt 0.4841095 0.5191466
vt 0.4839475 0.5395476
vt 0.4699474 0.5214738
f 3149/2602/3149 3117/2603/3117 3145/2604/3145

usemtl material_2151
vt 0.6939466 0.6316268
f 657/2485/657 659/2605/659 691/2468/691

usemtl material_1266
vt 0.6954738 0.6112415
f 691/2468/691 659/2605/659 706/2606/706

usemtl material_2152
vt 0.7450159 0.8818675
f 3409/2558/3409 3400/2607/3400 3402/2542/3402

usemtl material_2153
f 3402/2542/3402 3400/2607/3400 3399/2523/3399

usemtl material_1337
vt 0.7674348 0.9178082
f 3393/2507/3393 3379/2608/3379 3407/2559/3407

usemtl material_1169
vt 0.7567466 0.6240116
f 372/2561/372 373/2609/373 257/2579/257

usemtl material_1621
vt 0.0871412 0.5799048
vt 0.0877436 0.5935484
f 3006/2610/3006 2964/2611/2964 3007/2563/3007

usemtl material_1298
vt 0.8561400 0.6796947
f 280/2580/280 440/2612/440 396/2544/396

usemtl material_1269
vt 0.1240376 0.5830777
f 2999/2582/2999 3004/2613/3004 3013/2496/3013
f 3013/2496/3013 3004/2613/3004 3005/2565/3005

usemtl material_1125
f 3016/2566/3016 2999/2582/2999 3019/2514/3019

usemtl material_2154
vt 0.0540338 0.8570796
f 3550/2567/3550 3518/2614/3518 3521/2584/3521

usemtl material_2155
vt 0.0355406 0.8721002
f 3520/2615/3520 3543/2534/3543 3517/2585/3517

usemtl material_837
f 3126/2548/3126 3098/2572/3098 3097/2549/3097

usemtl material_2156
vt 0.8993127 0.8119372
f 1065/2536/1065 1067/2616/1067 1066/2587/1066

usemtl material_2157
vt 0.9071576 0.8228701
f 1068/2589/1068 1108/2617/1108 1095/2537/1095

usemtl material_2158
vt 0.4121821 0.5296700
vt 0.3947855 0.5482406
vt 0.3814962 0.5304730
f 3134/2618/3134 3113/2619/3113 3120/2620/3120

usemtl material_2159
f 3138/2591/3138 3139/2593/3139 3151/2592/3151

usemtl material_2160
f 3139/2593/3139 3137/2595/3137 3152/2594/3152

usemtl material_2161
vt 0.4679408 0.5384268
vt 0.4576631 0.5214052
f 3145/2604/3145 3133/2621/3133 3141/2622/3141

usemtl material_2162
vt 0.4580930 0.5454833
f 3133/2621/3133 3109/2623/3109 3141/2622/3141

usemtl material_2163
f 3141/2622/3141 3109/2623/3109 3140/2599/3140

usemtl material_2164
vt 0.6843933 0.6122566
vt 0.6879405 0.6183217
f 712/2557/712 733/2624/733 666/2625/666

usemtl material_1873
f 712/2557/712 666/2625/666 656/2432/656

usemtl material_2096
vt 0.6908719 0.6299326
f 656/2432/656 666/2625/666 658/2626/658

usemtl material_2165
f 656/2432/656 658/2626/658 657/2485/657

usemtl material_2166
vt 0.7526439 0.8821738
f 3399/2523/3399 3400/2607/3400 3386/2627/3386

usemtl material_2167
vt 0.7524928 0.9049542
f 3399/2523/3399 3386/2627/3386 3383/2628/3383

usemtl material_2168
f 3399/2523/3399 3383/2628/3383 3373/2578/3373

usemtl material_1517
f 3373/2578/3373 3393/2507/3393 3398/2525/3398

usemtl material_1792
f 3393/2507/3393 3373/2578/3373 3379/2608/3379

usemtl material_1595
vt 0.7729086 0.9247171
f 3407/2559/3407 3379/2608/3379 3394/2629/3394

usemtl material_1772
vt 0.7502407 0.6212409
f 483/2560/483 482/2630/482 372/2561/372

usemtl material_1792
f 372/2561/372 482/2630/482 373/2609/373

usemtl material_1866
vt 0.7642065 0.6296868
f 257/2579/257 373/2609/373 258/2631/258
f 257/2579/257 258/2631/258 231/2562/231

usemtl material_1220
vt 0.8474225 0.6808525
f 279/2632/279 280/2580/280 219/2491/219

usemtl material_2169
vt 0.0196124 0.5874109
vt 0.0221621 0.5930679
vt 0.0193950 0.6057687
f 3154/2633/3154 2983/2634/2983 3200/2635/3200

usemtl material_2170
f 3544/2583/3544 3518/2614/3518 3550/2567/3550

usemtl material_778
vt 0.2193872 0.5788254
f 3017/2568/3017 3000/2636/3000 3015/2545/3015

usemtl material_2171
vt 0.0334807 0.8683597
vt 0.0312719 0.8744440
f 3539/2637/3539 3559/2638/3559 3520/2615/3520

usemtl material_2172
vt 0.3769251 0.5494670
vt 0.3645422 0.5305545
f 3120/2620/3120 3104/2639/3104 3118/2640/3118

usemtl material_2173
vt 0.9136526 0.8238733
f 1108/2617/1108 1132/2641/1132 1095/2537/1095

usemtl material_2174
vt 0.5633805 0.5320044
vt 0.5611756 0.5411690
f 3291/2642/3291 3148/2643/3148 3138/2591/3138

usemtl material_2175
vt 0.5214329 0.5452607
f 3139/2593/3139 3100/2644/3100 3137/2595/3137

usemtl material_1642
f 3147/2597/3147 3116/2596/3116 3117/2603/3117

usemtl material_2176
f 3117/2603/3117 3133/2621/3133 3145/2604/3145

usemtl material_2177
f 3109/2623/3109 3135/2600/3135 3140/2599/3140

usemtl material_2178
vt 0.6244134 0.8712234
vt 0.6230524 0.8659213
vt 0.6256948 0.8601037
f 2180/2645/2180 1991/2646/1991 2208/2647/2208

usemtl material_2151
f 657/2485/657 658/2626/658 659/2605/659

usemtl material_2179
vt 0.7486542 0.8760209
f 3409/2558/3409 3401/2648/3401 3400/2607/3400

usemtl material_2180
vt 0.7506029 0.8800139
f 3401/2648/3401 3388/2649/3388 3400/2607/3400

usemtl material_1252
vt 0.7694273 0.9111848
f 3373/2578/3373 3368/2650/3368 3379/2608/3379

usemtl material_1121
vt 0.7800754 0.9163135
f 3379/2608/3379 3372/2651/3372 3394/2629/3394

usemtl material_1220
f 219/2491/219 222/2543/222 279/2632/279

usemtl material_1608
vt 0.0547784 0.6068117
vt 0.0331170 0.5979006
f 2967/2564/2967 2955/2652/2955 2968/2653/2968

usemtl material_836
vt 0.1107277 0.5949438
f 3005/2565/3005 2963/2654/2963 2964/2611/2964

usemtl material_777
vt 0.1248103 0.5940707
f 3004/2613/3004 2961/2655/2961 2963/2654/2963

usemtl material_1636
vt 0.0636693 0.8457881
vt 0.0731315 0.8544614
f 3552/2656/3552 3544/2583/3544 3564/2657/3564

usemtl material_1030
vt 0.1869012 0.5877688
f 3016/2566/3016 2981/2658/2981 2999/2582/2999

usemtl material_2181
vt 0.0543477 0.8434500
f 3544/2583/3544 3519/2659/3519 3518/2614/3518

usemtl material_682
vt 0.2435868 0.5767897
f 3018/2570/3018 3001/2660/3001 3000/2636/3000

usemtl material_651
vt 0.2866810 0.5678592
vt 0.2624389 0.5710752
f 3096/2569/3096 3003/2661/3003 3002/2662/3002

usemtl material_683
f 3018/2570/3018 3096/2569/3096 3002/2662/3002

usemtl material_684
vt 0.3008279 0.5659506
f 3098/2572/3098 3009/2663/3009 3097/2549/3097

usemtl material_2182
f 3113/2619/3113 3104/2639/3104 3120/2620/3120

usemtl material_2183
f 3139/2593/3139 3138/2591/3138 3100/2644/3100

usemtl material_2184
vt 0.4196919 0.5485374
f 3135/2600/3135 3112/2664/3112 3136/2601/3136

usemtl material_2185
vt 0.6971977 0.6275882
f 706/2606/706 659/2605/659 704/2665/704

usemtl material_2186
f 3388/2649/3388 3386/2627/3386 3400/2607/3400

usemtl material_2187
vt 0.7598026 0.9015327
f 3378/2666/3378 3373/2578/3373 3383/2628/3383

usemtl material_2188
vt 0.7703500 0.9006249
f 3378/2666/3378 3367/2667/3367 3373/2578/3373

usemtl material_1891
vt 0.7599728 0.6381021
f 482/2630/482 519/2668/519 373/2609/373

usemtl material_2189
vt 0.7661608 0.6402966
f 373/2609/373 374/2669/374 258/2631/258

usemtl material_2190
vt 0.7696334 0.6401017
f 258/2631/258 374/2669/374 288/2670/288

usemtl material_1520
f 258/2631/258 288/2670/288 231/2562/231

usemtl material_1891
vt 0.7860031 0.6556887
f 231/2562/231 238/2671/238 232/2510/232

usemtl material_1543
vt 0.8310057 0.6794592
f 222/2543/222 276/2672/276 279/2632/279

usemtl material_2191
vt 0.0221790 0.5999645
vt 0.0217996 0.6075966
f 2970/2673/2970 2969/2674/2969 3200/2635/3200

usemtl material_2192
vt 0.0862219 0.6089755
f 2954/2675/2954 2955/2652/2955 2964/2611/2964

usemtl material_1220
f 279/2632/279 440/2612/440 280/2580/280

usemtl material_2193
f 3519/2659/3519 3544/2583/3544 3552/2656/3552

usemtl material_682
f 3002/2662/3002 3001/2660/3001 3018/2570/3018

usemtl material_2139
vt 0.0465262 0.8541627
f 3518/2614/3518 3514/2676/3514 3517/2585/3517

usemtl material_2194
vt 0.0355416 0.8595674
f 3513/2677/3513 3520/2615/3520 3517/2585/3517

usemtl material_2195
vt 0.0334752 0.8592156
vt 0.0307882 0.8612306
f 3539/2637/3539 3538/2678/3538 3601/2679/3601

usemtl material_2196
f 3513/2677/3513 3539/2637/3539 3520/2615/3520

usemtl material_2197
f 3539/2637/3539 3601/2679/3601 3559/2638/3559

usemtl material_1191
vt 0.8862992 0.8228327
f 1073/2680/1073 1066/2587/1066 1067/2616/1067

usemtl material_2156
vt 0.8855791 0.8298504
f 1073/2680/1073 1069/2681/1069 1066/2587/1066

usemtl material_2198
f 1069/2681/1069 1068/2589/1068 1066/2587/1066

usemtl material_1794
vt 0.3528524 0.5661838
vt 0.3556027 0.5461910
f 3104/2639/3104 2993/2682/2993 3103/2683/3103

usemtl material_2199
vt 0.5609601 0.5488028
vt 0.5582991 0.5464866
f 3148/2643/3148 3124/2684/3124 3114/2685/3114

usemtl material_2200
vt 0.5386985 0.5463597
f 3138/2591/3138 3114/2685/3114 3115/2686/3115

usemtl material_2201
f 3138/2591/3138 3115/2686/3115 3100/2644/3100

usemtl material_2177
vt 0.4478873 0.5482923
f 3109/2623/3109 3111/2687/3111 3135/2600/3135

usemtl material_2202
vt 0.7558699 0.8789394
f 3401/2648/3401 3387/2688/3387 3388/2649/3388

usemtl material_2203
f 3388/2649/3388 3387/2688/3387 3386/2627/3386

usemtl material_2204
vt 0.7622438 0.8855904
f 3386/2627/3386 3376/2689/3376 3383/2628/3383

usemtl material_2205
f 3376/2689/3376 3378/2666/3378 3383/2628/3383

usemtl material_2206
f 3367/2667/3367 3368/2650/3368 3373/2578/3373

usemtl material_1792
f 3379/2608/3379 3368/2650/3368 3372/2651/3372

usemtl material_1169
vt 0.7898858 0.9221758
f 3372/2651/3372 3384/2690/3384 3394/2629/3394

usemtl material_1504
f 373/2609/373 519/2668/519 374/2669/374

usemtl material_2207
f 288/2670/288 238/2671/238 231/2562/231

usemtl material_1595
vt 0.8116757 0.6693593
f 222/2543/222 232/2510/232 239/2691/239

usemtl material_1322
vt 0.0753176 0.8283567
vt 0.0721128 0.8246159
vt 0.0738939 0.8402864
f 3600/2692/3600 3562/2693/3562 3565/2694/3565

usemtl material_1269
vt 0.1647323 0.5907070
vt 0.1614084 0.6062163
f 2980/2695/2980 2965/2696/2965 2961/2655/2961

usemtl material_1073
vt 0.0636706 0.8344911
f 3565/2694/3565 3553/2697/3553 3552/2656/3552

usemtl material_561
vt 0.3324854 0.5671729
f 3098/2572/3098 2995/2698/2995 3009/2663/3009

usemtl material_2208
vt 0.4713035 0.5462140
f 3133/2621/3133 3110/2699/3110 3109/2623/3109

usemtl material_2209
vt 0.6996269 0.6494069
f 659/2605/659 703/2700/703 704/2665/704

usemtl material_2210
vt 0.7598799 0.8731726
vt 0.7601216 0.8773609
f 3401/2648/3401 3385/2701/3385 3377/2702/3377

usemtl material_2211
f 3401/2648/3401 3377/2702/3377 3387/2688/3387

usemtl material_2212
f 3387/2688/3387 3376/2689/3376 3386/2627/3386

usemtl material_2213
vt 0.7879204 0.9149884
f 3372/2651/3372 3371/2703/3371 3384/2690/3384

usemtl material_1792
f 232/2510/232 238/2671/238 239/2691/239

usemtl material_1337
f 239/2691/239 276/2672/276 222/2543/222
vt 0.8379434 0.6815543
f 276/2672/276 393/2704/393 279/2632/279

usemtl material_1369
vt 0.0558751 0.6192265
vt 0.0415777 0.6179884
f 2955/2652/2955 2930/2705/2930 2931/2706/2931

usemtl material_1468
f 3553/2697/3553 3565/2694/3565 3562/2693/3562

usemtl material_2214
vt 0.0558712 0.8314452
f 3526/2707/3526 3519/2659/3519 3552/2656/3552

usemtl material_1506
vt 0.2187813 0.5908870
f 3001/2660/3001 2977/2708/2977 3000/2636/3000

usemtl material_2215
vt 0.0479838 0.8403314
f 3516/2709/3516 3514/2676/3514 3518/2614/3518

usemtl material_2216
f 3516/2709/3516 3518/2614/3518 3519/2659/3519

usemtl material_2194
vt 0.0346030 0.8501275
f 3512/2710/3512 3513/2677/3513 3514/2676/3514

usemtl material_2217
vt 0.0312139 0.8507690
f 3538/2678/3538 3598/2711/3598 3601/2679/3601

usemtl material_2218
vt 0.8841685 0.8330881
f 1069/2681/1069 1070/2712/1070 1068/2589/1068

usemtl material_1894
vt 0.8889030 0.8358974
f 1070/2712/1070 1105/2713/1105 1068/2589/1068

usemtl material_2219
f 1068/2589/1068 1105/2713/1105 1108/2617/1108

usemtl material_2220
vt 0.8993192 0.8338214
f 1105/2713/1105 1117/2714/1117 1108/2617/1108

usemtl material_2221
vt 0.9059842 0.8308747
f 1108/2617/1108 1117/2714/1117 1133/2715/1133

usemtl material_2222
vt 0.5476611 0.5590023
f 3115/2686/3115 3090/2716/3090 3100/2644/3100

usemtl material_2223
vt 0.5092637 0.5616754
vt 0.4994187 0.5456042
f 3100/2644/3100 3085/2717/3085 3101/2718/3101

usemtl material_2127
vt 0.4839476 0.5603055
f 3116/2596/3116 3012/2719/3012 3117/2603/3117

usemtl material_2224
f 3117/2603/3117 3012/2719/3012 3110/2699/3110

usemtl material_2225
vt 0.6228959 0.8569754
vt 0.6228418 0.8487582
f 1999/2720/1999 2000/2721/2000 2208/2647/2208

usemtl material_2226
vt 0.6859109 0.6332421
f 733/2624/733 724/2722/724 666/2625/666

usemtl material_1873
vt 0.6896608 0.6379946
f 666/2625/666 724/2722/724 685/2723/685

usemtl material_2197
f 666/2625/666 685/2723/685 658/2626/658

usemtl material_2227
f 3387/2688/3387 3377/2702/3377 3376/2689/3376

usemtl material_2228
vt 0.7700745 0.8913038
f 3376/2689/3376 3369/2724/3369 3378/2666/3378

usemtl material_2229
f 3369/2724/3369 3367/2667/3367 3378/2666/3378

usemtl material_1504
vt 0.7792289 0.9091308
f 3368/2650/3368 3366/2725/3366 3372/2651/3372

usemtl material_1120
f 3366/2725/3366 3371/2703/3371 3372/2651/3372

usemtl material_2230
vt 0.7748530 0.6524109
f 288/2670/288 374/2669/374 305/2726/305

usemtl material_1324
f 288/2670/288 305/2726/305 238/2671/238

usemtl material_1503
vt 0.0767839 0.8156507
f 3609/2727/3609 3562/2693/3562 3600/2692/3600

usemtl material_1382
vt 0.0740674 0.8148164
f 3609/2727/3609 3563/2728/3563 3562/2693/3562

usemtl material_1125
vt 0.1883587 0.6003755
f 2980/2695/2980 2979/2729/2979 2965/2696/2965

usemtl material_681
vt 0.2514174 0.5908098
f 3001/2660/3001 2978/2730/2978 2977/2708/2977

usemtl material_2155
vt 0.0367922 0.8407809
f 3516/2709/3516 3515/2731/3515 3514/2676/3514

usemtl material_2231
f 3515/2731/3515 3512/2710/3512 3514/2676/3514

usemtl material_566
vt 0.8751715 0.8284745
f 1074/2732/1074 1069/2681/1069 1073/2680/1073

usemtl material_650
vt 0.3135039 0.5771697
f 2995/2698/2995 2996/2733/2996 3009/2663/3009

usemtl material_2232
vt 0.3861715 0.5660437
f 3113/2619/3113 2989/2734/2989 3104/2639/3104

usemtl material_2233
vt 0.5617217 0.5545275
vt 0.5594006 0.5606471
f 3277/2735/3277 3091/2736/3091 3124/2684/3124

usemtl material_2234
f 3124/2684/3124 3091/2736/3091 3114/2685/3114

usemtl material_2235
vt 0.4982728 0.5595054
f 3085/2717/3085 3086/2737/3086 3101/2718/3101

usemtl material_2236
vt 0.4721363 0.5622773
f 3010/2738/3010 3109/2623/3109 3110/2699/3110

usemtl material_2237
vt 0.6968580 0.6610053
f 659/2605/659 660/2739/660 703/2700/703

usemtl material_2238
vt 0.7670041 0.8772605
f 3377/2702/3377 3375/2740/3375 3376/2689/3376

usemtl material_2239
f 3375/2740/3375 3369/2724/3369 3376/2689/3376

usemtl material_2240
vt 0.7823858 0.8998213
f 3368/2650/3368 3367/2667/3367 3357/2741/3357

usemtl material_2241
f 3357/2741/3357 3366/2725/3366 3368/2650/3368

usemtl material_1596
vt 0.8099427 0.9200638
f 3384/2690/3384 3371/2703/3371 3359/2742/3359

usemtl material_1632
vt 0.7962148 0.9259328
f 3384/2690/3384 3359/2742/3359 3406/2743/3406

usemtl material_1337
vt 0.8073125 0.6727363
f 292/2744/292 276/2672/276 239/2691/239
vt 0.8223982 0.6805698
f 276/2672/276 314/2745/314 393/2704/393

usemtl material_1595
vt 0.0755226 0.8042765
f 3609/2727/3609 3605/2746/3605 3563/2728/3563

usemtl material_1219
vt 0.0646741 0.8205544
f 3554/2747/3554 3553/2697/3553 3562/2693/3562

usemtl material_2242
vt 0.0572227 0.8210083
f 3553/2697/3553 3528/2748/3528 3526/2707/3526

usemtl material_2216
f 3526/2707/3526 3516/2709/3516 3519/2659/3519

usemtl material_910
vt 0.2752810 0.5924833
f 3002/2662/3002 2971/2749/2971 2978/2730/2978

usemtl material_2243
vt 0.0341907 0.8412520
f 3512/2710/3512 3532/2750/3532 3598/2711/3598

usemtl material_2244
vt 0.4244087 0.5658216
f 3113/2619/3113 2990/2751/2990 2989/2734/2989

usemtl material_2245
vt 0.8901463 0.8402377
f 1105/2713/1105 1118/2752/1118 1117/2714/1117

usemtl material_2246
vt 0.5616720 0.5631229
f 3277/2735/3277 3150/2753/3150 3091/2736/3091

usemtl material_2247
vt 0.4569098 0.5633233
f 3010/2738/3010 3025/2754/3025 3109/2623/3109

usemtl material_2103
vt 0.5458590 0.8544937
vt 0.5504987 0.8368813
vt 0.5508866 0.8541892
f 1925/2755/1925 2057/2756/2057 1976/2757/1976

usemtl material_2248
f 3385/2701/3385 3375/2740/3375 3377/2702/3377

usemtl material_1597
vt 0.7923085 0.9074212
f 3366/2725/3366 3352/2758/3352 3371/2703/3371

usemtl material_1504
vt 0.7989756 0.9132545
f 3371/2703/3371 3358/2759/3358 3359/2742/3359

usemtl material_1307
vt 0.8098486 0.9249526
f 3406/2743/3406 3359/2742/3359 3405/2760/3405

usemtl material_1324
vt 0.7813578 0.6608896
vt 0.7872546 0.6650655
f 316/2761/316 303/2762/303 238/2671/238

usemtl material_1338
f 305/2726/305 316/2761/316 238/2671/238

usemtl material_1891
f 303/2762/303 292/2744/292 238/2671/238

usemtl material_1684
f 238/2671/238 292/2744/292 239/2691/239

usemtl material_1337
f 292/2744/292 314/2745/314 276/2672/276

usemtl material_2249
vt 0.0800492 0.7956705
f 3613/2763/3613 3605/2746/3605 3609/2727/3609

usemtl material_1337
vt 0.0708231 0.7990832
f 3605/2746/3605 3604/2764/3604 3563/2728/3563

usemtl material_1121
vt 0.0660922 0.8090037
f 3563/2728/3563 3604/2764/3604 3561/2765/3561

usemtl material_2250
f 3554/2747/3554 3528/2748/3528 3553/2697/3553

usemtl material_778
vt 0.3004461 0.5907554
f 2973/2766/2973 2971/2749/2971 3002/2662/3002

usemtl material_2251
vt 0.8550749 0.8375962
f 1074/2732/1074 1075/2767/1075 1069/2681/1069

usemtl material_2252
vt 0.5595513 0.5670817
f 3150/2753/3150 3084/2768/3084 3091/2736/3091

usemtl material_2253
f 3090/2716/3090 3091/2736/3091 3084/2768/3084

usemtl material_2254
vt 0.5222315 0.5622272
f 3090/2716/3090 3084/2768/3084 3083/2769/3083

usemtl material_2255
vt 0.6855454 0.6439322
f 724/2722/724 732/2770/732 685/2723/685

usemtl material_2256
f 659/2605/659 658/2626/658 660/2739/660

usemtl material_2257
vt 0.7038716 0.6772079
f 660/2739/660 705/2771/705 703/2700/703

usemtl material_2258
vt 0.7717767 0.8747858
f 3375/2740/3375 3385/2701/3385 3365/2772/3365

usemtl material_2259
vt 0.7730328 0.8768924
f 3365/2772/3365 3362/2773/3362 3375/2740/3375

usemtl material_2260
f 3375/2740/3375 3362/2773/3362 3369/2724/3369

usemtl material_2261
vt 0.7756073 0.8879966
f 3369/2724/3369 3362/2773/3362 3363/2774/3363

usemtl material_2205
f 3363/2774/3363 3367/2667/3367 3369/2724/3369

usemtl material_2262
f 3363/2774/3363 3357/2741/3357 3367/2667/3367

usemtl material_2263
vt 0.7899015 0.9024396
f 3357/2741/3357 3355/2775/3355 3366/2725/3366

usemtl material_2264
f 3366/2725/3366 3355/2775/3355 3352/2758/3352

usemtl material_1716
f 3371/2703/3371 3352/2758/3352 3358/2759/3358

usemtl material_1324
vt 0.8197590 0.9237899
f 3405/2760/3405 3359/2742/3359 3382/2776/3382

usemtl material_1169
vt 0.7966327 0.6715040
f 303/2762/303 387/2777/387 292/2744/292

usemtl material_1595
vt 0.8120112 0.6777362
f 387/2777/387 327/2778/327 292/2744/292

usemtl material_2265
f 292/2744/292 327/2778/327 314/2745/314

usemtl material_1337
vt 0.0775267 0.7913541
f 3613/2763/3613 3606/2779/3606 3605/2746/3605

usemtl material_1121
f 3561/2765/3561 3554/2747/3554 3563/2728/3563

usemtl material_2154
vt 0.0576155 0.8136215
f 3554/2747/3554 3529/2780/3529 3528/2748/3528

usemtl material_2139
vt 0.0487184 0.8261049
f 3524/2781/3524 3516/2709/3516 3526/2707/3526
vt 0.0411383 0.8320344
f 3524/2781/3524 3522/2782/3522 3516/2709/3516

usemtl material_118
vt 0.0350753 0.8338981
f 3523/2783/3523 3515/2731/3515 3522/2782/3522

usemtl material_2266
f 3522/2782/3522 3515/2731/3515 3516/2709/3516

usemtl material_2267
f 3523/2783/3523 3532/2750/3532 3515/2731/3515

usemtl material_2268
vt 0.0318147 0.8322788
f 3523/2783/3523 3599/2784/3599 3532/2750/3532

usemtl material_2269
f 3532/2750/3532 3599/2784/3599 3598/2711/3598

usemtl material_2270
vt 0.8506128 0.8451483
f 1075/2767/1075 1072/2785/1072 1069/2681/1069

usemtl material_560
vt 0.3518368 0.5847743
vt 0.3240103 0.5893042
f 2995/2698/2995 2985/2786/2985 2984/2787/2984

usemtl material_892
vt 0.3789783 0.5741198
f 2988/2788/2988 2985/2786/2985 2993/2682/2993

usemtl material_2217
vt 0.8723955 0.8464040
f 1070/2712/1070 1102/2789/1102 1105/2713/1105

usemtl material_892
vt 0.3999176 0.5840958
f 2989/2734/2989 2987/2790/2987 2988/2788/2988

usemtl material_2271
vt 0.8826054 0.8458967
f 1105/2713/1105 1102/2789/1102 1119/2791/1119

usemtl material_2272
f 1105/2713/1105 1119/2791/1119 1118/2752/1118

usemtl material_2273
vt 0.5609087 0.5703433
f 3150/2753/3150 3105/2792/3105 3084/2768/3084

usemtl material_2274
vt 0.5188935 0.5766835
f 3083/2769/3083 3068/2793/3068 3085/2717/3085

usemtl material_2275
vt 0.4885036 0.5579478
vt 0.4842684 0.5746781
f 3087/2794/3087 3008/2795/3008 3012/2719/3012

usemtl material_2157
vt 0.6929535 0.6631935
f 685/2723/685 732/2770/732 661/2796/661

usemtl material_2276
f 685/2723/685 661/2796/661 658/2626/658

usemtl material_2277
f 658/2626/658 661/2796/661 660/2739/660

usemtl material_2278
vt 0.7742544 0.8703589
f 3381/2797/3381 3365/2772/3365 3385/2701/3385

usemtl material_2279
vt 0.7803320 0.8769029
f 3360/2798/3360 3357/2741/3357 3363/2774/3363

usemtl material_1648
vt 0.8090416 0.9067276
f 3352/2758/3352 3341/2799/3341 3358/2759/3358

usemtl material_2189
vt 0.8155470 0.9184527
f 3359/2742/3359 3342/2800/3342 3382/2776/3382

usemtl material_1378
vt 0.8223006 0.9196011
f 3382/2776/3382 3342/2800/3342 3333/2801/3333

usemtl material_1422
vt 0.8269792 0.9247979
f 3382/2776/3382 3333/2801/3333 3374/2802/3374

usemtl material_1595
vt 0.8383605 0.9254444
vt 0.8562151 0.9251586
vt 0.8548762 0.9288495
f 3396/2803/3396 3336/2804/3336 3397/2805/3397
vt 0.8653425 0.9316192
f 3397/2805/3397 3336/2804/3336 3404/2806/3404

usemtl material_2129
vt 0.8646433 0.9269707
f 3404/2806/3404 3336/2804/3336 3337/2807/3337

usemtl material_1595
f 3606/2779/3606 3604/2764/3604 3605/2746/3605

usemtl material_2280
f 3524/2781/3524 3526/2707/3526 3528/2748/3528

usemtl material_2281
vt 0.0356449 0.8268635
f 3525/2808/3525 3523/2783/3523 3522/2782/3522

usemtl material_914
vt 0.3242215 0.5928465
f 2984/2787/2984 2972/2809/2972 2973/2766/2973

usemtl material_2282
vt 0.8604904 0.8433799
f 1072/2785/1072 1071/2810/1071 1069/2681/1069

usemtl material_2283
f 1071/2810/1071 1102/2789/1102 1070/2712/1070

usemtl material_2044
f 1069/2681/1069 1071/2810/1071 1070/2712/1070

usemtl material_2284
vt 0.4982154 0.5752950
f 3068/2793/3068 3067/2811/3067 3085/2717/3085

usemtl material_2285
f 3085/2717/3085 3067/2811/3067 3086/2737/3086

usemtl material_171
vt 0.4883890 0.5741564
f 3070/2812/3070 3008/2795/3008 3087/2794/3087

usemtl material_2286
vt 0.4823526 0.5787013
f 3012/2719/3012 2998/2813/2998 3010/2738/3010

usemtl material_2287
vt 0.6881845 0.6600832
f 732/2770/732 731/2814/731 661/2796/661

usemtl material_2288
vt 0.7012901 0.6803053
f 660/2739/660 663/2815/663 705/2771/705

usemtl material_2289
vt 0.7812963 0.8733636
f 3365/2772/3365 3364/2816/3364 3362/2773/3362

usemtl material_2290
f 3365/2772/3365 3381/2797/3381 3364/2816/3364

usemtl material_2291
f 3364/2816/3364 3360/2798/3360 3362/2773/3362

usemtl material_2292
f 3362/2773/3362 3360/2798/3360 3363/2774/3363

usemtl material_2293
vt 0.7883633 0.8949367
f 3360/2798/3360 3356/2817/3356 3357/2741/3357

usemtl material_2294
vt 0.7961419 0.8981410
f 3356/2817/3356 3350/2818/3350 3357/2741/3357

usemtl material_2295
f 3357/2741/3357 3350/2818/3350 3355/2775/3355

usemtl material_2296
f 3350/2818/3350 3352/2758/3352 3355/2775/3355

usemtl material_1422
f 3341/2799/3341 3359/2742/3359 3358/2759/3358

usemtl material_1378
f 3341/2799/3341 3342/2800/3342 3359/2742/3359
vt 0.8294774 0.9197080
f 3333/2801/3333 3334/2819/3334 3374/2802/3374

usemtl material_1520
vt 0.8396349 0.9211001
f 3334/2819/3334 3335/2820/3335 3374/2802/3374

usemtl material_1866
f 3374/2802/3374 3335/2820/3335 3396/2803/3396

usemtl material_1772
f 3335/2820/3335 3336/2804/3336 3396/2803/3396

usemtl material_1891
vt 0.8679231 0.9168113
f 3336/2804/3336 3332/2821/3332 3337/2807/3337

usemtl material_1252
vt 0.8736504 0.9229397
f 3332/2821/3332 3340/2822/3340 3337/2807/3337

usemtl material_2297
vt 0.0502601 0.8158071
f 3530/2823/3530 3524/2781/3524 3529/2780/3529

usemtl material_2138
f 3529/2780/3529 3524/2781/3524 3528/2748/3528

usemtl material_2298
vt 0.0383414 0.8191174
f 3527/2824/3527 3525/2808/3525 3522/2782/3522

usemtl material_2299
f 3525/2808/3525 3599/2784/3599 3523/2783/3523

usemtl material_2300
vt 0.6992707 0.6879002
f 660/2739/660 661/2796/661 662/2825/662

usemtl material_2301
f 660/2739/660 662/2825/662 663/2815/663

usemtl material_2302
vt 0.7861148 0.8763081
f 3364/2816/3364 3361/2826/3361 3360/2798/3360

usemtl material_2303
f 3361/2826/3361 3356/2817/3356 3360/2798/3360

usemtl material_2304
vt 0.7909588 0.8756385
f 3361/2826/3361 3351/2827/3351 3356/2817/3356

usemtl material_2305
f 3351/2827/3351 3350/2818/3350 3356/2817/3356

usemtl material_2306
f 3350/2818/3350 3341/2799/3341 3352/2758/3352

usemtl material_2307
vt 0.8025719 0.8977528
f 3350/2818/3350 3346/2828/3346 3341/2799/3341

usemtl material_1368
vt 0.8165135 0.9077618
f 3321/2829/3321 3342/2800/3342 3341/2799/3341

usemtl material_1716
f 3342/2800/3342 3321/2829/3321 3333/2801/3333

usemtl material_1520
vt 0.8577241 0.9149380
f 3335/2820/3335 3322/2830/3322 3336/2804/3336

usemtl material_2190
f 3322/2830/3322 3332/2821/3332 3336/2804/3336

usemtl material_2308
vt 0.8762468 0.9090067
vt 0.8825688 0.9220452
f 3332/2821/3332 3324/2831/3324 3339/2832/3339

usemtl material_1307
f 3332/2821/3332 3339/2832/3339 3340/2822/3340

usemtl material_2309
vt 0.8836967 0.9108275
f 3324/2831/3324 3329/2833/3329 3339/2832/3339

usemtl material_2310
vt 0.0584551 0.8035746
f 3535/2834/3535 3529/2780/3529 3561/2765/3561

usemtl material_2311
vt 0.0361887 0.8183450
f 3533/2835/3533 3525/2808/3525 3527/2824/3527

usemtl material_1395
vt 0.0336574 0.8136658
f 3533/2835/3533 3603/2836/3603 3599/2784/3599

usemtl material_2312
f 3533/2835/3533 3599/2784/3599 3525/2808/3525

usemtl material_1328
vt 0.8407141 0.8447008
f 1076/2837/1076 1072/2785/1072 1075/2767/1075

usemtl material_2313
vt 0.8546686 0.8514076
f 1071/2810/1071 1097/2838/1097 1102/2789/1102

usemtl material_2314
vt 0.5633862 0.5943459
vt 0.5608425 0.5850340
vt 0.5628294 0.5787132
f 3283/2839/3283 3107/2840/3107 3242/2841/3242

usemtl material_2315
vt 0.5596164 0.5829123
f 3242/2841/3242 3107/2840/3107 3108/2842/3108

usemtl material_2316
vt 0.4981503 0.5898597
f 3056/2843/3056 3070/2812/3070 3067/2811/3067

usemtl material_2317
vt 0.6905295 0.6794387
f 731/2814/731 726/2844/726 661/2796/661

usemtl material_2318
vt 0.6963772 0.6883966
f 661/2796/661 726/2844/726 667/2845/667

usemtl material_2319
f 661/2796/661 667/2845/667 662/2825/662

usemtl material_2320
vt 0.7099962 0.7062894
f 663/2815/663 688/2846/688 705/2771/705

usemtl material_2321
vt 0.7904277 0.8722145
f 3364/2816/3364 3354/2847/3354 3361/2826/3361

usemtl material_2322
vt 0.7893251 0.8683402
f 3381/2797/3381 3380/2848/3380 3354/2847/3354

usemtl material_2323
f 3364/2816/3364 3381/2797/3381 3354/2847/3354

usemtl material_2324
f 3354/2847/3354 3351/2827/3351 3361/2826/3361

usemtl material_2325
vt 0.8004872 0.8791597
f 3351/2827/3351 3347/2849/3347 3350/2818/3350

usemtl material_2326
f 3347/2849/3347 3346/2828/3346 3350/2818/3350

usemtl material_1648
vt 0.8230938 0.9090000
f 3320/2850/3320 3333/2801/3333 3321/2829/3321

usemtl material_1485
vt 0.8356332 0.9107665
f 3319/2851/3319 3334/2819/3334 3333/2801/3333

usemtl material_1235
f 3320/2850/3320 3319/2851/3319 3333/2801/3333

usemtl material_1378
f 3334/2819/3334 3319/2851/3319 3335/2820/3335

usemtl material_1597
vt 0.8417713 0.9120924
f 3335/2820/3335 3319/2851/3319 3318/2852/3318

usemtl material_1368
f 3318/2852/3318 3322/2830/3322 3335/2820/3335

usemtl material_2138
vt 0.0497198 0.8020108
f 3534/2853/3534 3529/2780/3529 3535/2834/3535

usemtl material_1609
vt 0.2536607 0.6176013
vt 0.2495591 0.6306017
vt 0.2367187 0.6165934
f 2924/2854/2924 2905/2855/2905 2925/2856/2925

usemtl material_2327
f 3534/2853/3534 3530/2823/3530 3529/2780/3529

usemtl material_2266
vt 0.0376770 0.8119166
f 3534/2853/3534 3531/2857/3531 3530/2823/3530

usemtl material_2328
f 3531/2857/3531 3527/2824/3527 3530/2823/3530

usemtl material_2329
f 3531/2857/3531 3533/2835/3533 3527/2824/3527

usemtl material_2330
f 3531/2857/3531 3603/2836/3603 3533/2835/3533

usemtl material_2331
vt 0.8334689 0.8404744
f 1084/2858/1084 1076/2837/1076 1075/2767/1075

usemtl material_2332
f 1072/2785/1072 1097/2838/1097 1071/2810/1071

usemtl material_2333
vt 0.5609346 0.5920919
f 3283/2839/3283 3106/2859/3106 3107/2840/3107

usemtl material_2334
vt 0.4839036 0.5926138
f 3070/2812/3070 2975/2860/2975 3008/2795/3008

usemtl material_2335
f 3008/2795/3008 2975/2860/2975 2998/2813/2998

usemtl material_2336
vt 0.6222989 0.8162847
vt 0.6223434 0.8078284
vt 0.6249717 0.8085357
f 2106/2861/2106 2108/2862/2108 2222/2863/2222

usemtl material_2337
vt 0.7040137 0.7042502
f 663/2815/663 662/2825/662 664/2864/664

usemtl material_2338
f 663/2815/663 664/2864/664 688/2846/688

usemtl material_2339
vt 0.7954630 0.8753369
f 3354/2847/3354 3353/2865/3353 3351/2827/3351

usemtl material_2340
f 3353/2865/3353 3347/2849/3347 3351/2827/3351

usemtl material_2341
vt 0.8106861 0.8974979
f 3347/2849/3347 3323/2866/3323 3346/2828/3346

usemtl material_2342
f 3323/2866/3323 3341/2799/3341 3346/2828/3346
vt 0.8187144 0.8983610
f 3323/2866/3323 3298/2867/3298 3341/2799/3341

usemtl material_2343
f 3298/2867/3298 3321/2829/3321 3341/2799/3341

usemtl material_2344
vt 0.8269872 0.9002875
f 3321/2829/3321 3298/2867/3298 3297/2868/3297

usemtl material_2345
f 3321/2829/3321 3297/2868/3297 3320/2850/3320

usemtl material_2346
vt 0.8591731 0.9045939
f 3318/2852/3318 3312/2869/3312 3322/2830/3322

usemtl material_2347
vt 0.8664089 0.9055152
f 3322/2830/3322 3314/2870/3314 3332/2821/3332

usemtl material_2348
f 3322/2830/3322 3312/2869/3312 3314/2870/3314

usemtl material_2349
f 3314/2870/3314 3324/2831/3324 3332/2821/3332

usemtl material_2350
vt 0.8786458 0.8948060
vt 0.8823040 0.8905483
f 3324/2831/3324 3326/2871/3326 3328/2872/3328

usemtl material_2351
f 3328/2872/3328 3329/2833/3329 3324/2831/3324

usemtl material_2352
vt 0.8854680 0.8991033
f 3328/2872/3328 3330/2873/3330 3329/2833/3329

usemtl material_2353
vt 0.0403691 0.8038890
f 3536/2874/3536 3531/2857/3531 3534/2853/3534

usemtl material_2354
vt 0.0377118 0.8049818
f 3537/2875/3537 3531/2857/3531 3536/2874/3536

usemtl material_2355
vt 0.0352023 0.8010550
f 3537/2875/3537 3610/2876/3610 3603/2836/3603

usemtl material_2356
f 3537/2875/3537 3603/2836/3603 3531/2857/3531

usemtl material_2357
vt 0.5598532 0.5973854
f 3283/2839/3283 3049/2877/3049 3106/2859/3106

usemtl material_2358
vt 0.4886335 0.5901652
f 3059/2878/3059 2975/2860/2975 3070/2812/3070

usemtl material_2359
vt 0.7998359 0.8721527
f 3354/2847/3354 3349/2879/3349 3353/2865/3353

usemtl material_2360
f 3354/2847/3354 3380/2848/3380 3349/2879/3349

usemtl material_2361
f 3349/2879/3349 3347/2849/3347 3353/2865/3353

usemtl material_2002
vt 0.8092403 0.8802424
f 3345/2880/3345 3323/2866/3323 3347/2849/3347

usemtl material_2362
f 3297/2868/3297 3319/2851/3319 3320/2850/3320

usemtl material_2363
vt 0.8437615 0.9040868
f 3297/2868/3297 3309/2881/3309 3319/2851/3319

usemtl material_2364
f 3309/2881/3309 3318/2852/3318 3319/2851/3319

usemtl material_2365
f 3309/2881/3309 3312/2869/3312 3318/2852/3318

usemtl material_2366
vt 0.2285027 0.6498480
vt 0.2345823 0.6636693
vt 0.2014040 0.6612817
f 2872/2882/2872 2829/2883/2829 2838/2884/2838

usemtl material_2367
vt 0.8678433 0.9021118
f 3315/2885/3315 3324/2831/3324 3314/2870/3314

usemtl material_2368
vt 0.8736734 0.8827526
f 3315/2885/3315 3325/2886/3325 3324/2831/3324

usemtl material_2369
f 3326/2871/3326 3324/2831/3324 3325/2886/3325

usemtl material_1034
vt 0.2250521 0.6375560
vt 0.2513486 0.6487839
f 2906/2887/2906 2905/2855/2905 2878/2888/2878

usemtl material_2370
vt 0.0396289 0.7972913
vt 0.0454244 0.7956586
f 3541/2889/3541 3536/2874/3536 3542/2890/3542

usemtl material_2371
f 3542/2890/3542 3536/2874/3536 3534/2853/3534

usemtl material_2372
f 3537/2875/3537 3536/2874/3536 3541/2889/3541

usemtl material_2373
vt 0.8187684 0.8403935
vt 0.8202872 0.8455308
f 1083/2891/1083 1078/2892/1078 1084/2858/1084

usemtl material_2374
vt 0.8297857 0.8484032
f 1078/2892/1078 1077/2893/1077 1076/2837/1076

usemtl material_2375
f 1084/2858/1084 1078/2892/1078 1076/2837/1076

usemtl material_2376
f 1076/2837/1076 1077/2893/1077 1072/2785/1072

usemtl material_1357
f 1077/2893/1077 1097/2838/1097 1072/2785/1072

usemtl material_2377
vt 0.5604756 0.6025581
f 3283/2839/3283 3146/2894/3146 3049/2877/3049

usemtl material_2378
vt 0.5503333 0.8203201
vt 0.5458187 0.8173586
vt 0.5499950 0.8066928
f 2097/2895/2097 2100/2896/2100 2117/2897/2117

usemtl material_2379
vt 0.6220413 0.7985450
f 2108/2862/2108 2159/2898/2159 2222/2863/2222

usemtl material_2380
vt 0.6975396 0.7130055
f 726/2844/726 725/2899/725 667/2845/667

usemtl material_2381
f 662/2825/662 667/2845/667 664/2864/664

usemtl material_2382
vt 0.7045054 0.7211583
f 664/2864/664 667/2845/667 668/2900/668

usemtl material_2383
vt 0.7101108 0.7247033
f 664/2864/664 669/2901/669 688/2846/688

usemtl material_2384
vt 0.7156726 0.7289295
f 688/2846/688 669/2901/669 689/2902/689

usemtl material_2385
vt 0.8012850 0.8669251
f 3370/2903/3370 3349/2879/3349 3380/2848/3380

usemtl material_2386
vt 0.8069257 0.8719692
f 3349/2879/3349 3370/2903/3370 3348/2904/3348

usemtl material_2387
f 3348/2904/3348 3347/2849/3347 3349/2879/3349

usemtl material_2388
vt 0.8163422 0.8750793
f 3345/2880/3345 3343/2905/3343 3323/2866/3323

usemtl material_2389
vt 0.8199649 0.8912897
f 3343/2905/3343 3296/2906/3296 3323/2866/3323

usemtl material_2390
f 3296/2906/3296 3298/2867/3298 3323/2866/3323

usemtl material_2391
f 3296/2906/3296 3297/2868/3297 3298/2867/3298

usemtl material_2392
vt 0.8328573 0.8966917
f 3296/2906/3296 3299/2907/3299 3297/2868/3297

usemtl material_2393
vt 0.8418185 0.8973504
f 3299/2907/3299 3305/2908/3305 3297/2868/3297

usemtl material_2394
f 3305/2908/3305 3309/2881/3309 3297/2868/3297

usemtl material_2395
vt 0.8499522 0.8988830
f 3305/2908/3305 3306/2909/3306 3309/2881/3309
vt 0.8587636 0.8967593
f 3310/2910/3310 3312/2869/3312 3306/2909/3306

usemtl material_2396
f 3306/2909/3306 3312/2869/3312 3309/2881/3309

usemtl material_2397
f 3310/2910/3310 3315/2885/3315 3314/2870/3314

usemtl material_2398
f 3310/2910/3310 3314/2870/3314 3312/2869/3312

usemtl material_2399
vt 0.8793290 0.8817769
f 3325/2886/3325 3327/2911/3327 3328/2872/3328

usemtl material_2369
f 3325/2886/3325 3328/2872/3328 3326/2871/3326

usemtl material_2400
vt 0.0372543 0.7894637
f 3541/2889/3541 3611/2912/3611 3610/2876/3610

usemtl material_2401
vt 0.8854064 0.8841031
f 3327/2911/3327 3331/2913/3331 3328/2872/3328

usemtl material_2402
vt 0.8291656 0.8539388
f 1077/2893/1077 1101/2914/1101 1097/2838/1097

usemtl material_2403
vt 0.5635318 0.6167238
vt 0.5598559 0.6088191
f 3295/2915/3295 3045/2916/3045 3283/2839/3283

usemtl material_2404
vt 0.4087340 0.6071936
vt 0.3826304 0.6134483
vt 0.3980266 0.5980082
f 2943/2917/2943 2941/2918/2941 2940/2919/2940

usemtl material_2377
f 3283/2839/3283 3045/2916/3045 3146/2894/3146

usemtl material_567
vt 0.4296560 0.5972983
vt 0.4309032 0.6117808
f 2946/2920/2946 2939/2921/2939 2943/2917/2943

usemtl material_688
vt 0.4107893 0.5967261
f 2946/2920/2946 2943/2917/2943 2948/2922/2948

usemtl material_2205
f 3146/2894/3146 3045/2916/3045 3049/2877/3049

usemtl material_2405
vt 0.4878220 0.6029256
vt 0.4836060 0.6053110
f 3048/2923/3048 2966/2924/2966 2975/2860/2975

usemtl material_2406
vt 0.6221665 0.7892341
vt 0.6247418 0.7850760
f 2159/2898/2159 2168/2925/2168 2223/2926/2223

usemtl material_2407
f 667/2845/667 725/2899/725 668/2900/668

usemtl material_2408
f 664/2864/664 668/2900/668 669/2901/669

usemtl material_2409
vt 0.8124880 0.8667818
vt 0.8134333 0.8713254
f 3370/2903/3370 3390/2927/3390 3344/2928/3344

usemtl material_2410
f 3348/2904/3348 3370/2903/3370 3344/2928/3344

usemtl material_2411
f 3344/2928/3344 3345/2880/3345 3347/2849/3347

usemtl material_2412
f 3348/2904/3348 3344/2928/3344 3347/2849/3347

usemtl material_2413
f 3344/2928/3344 3343/2905/3343 3345/2880/3345

usemtl material_2414
vt 0.8203899 0.8809938
f 3300/2929/3300 3296/2906/3296 3343/2905/3343

usemtl material_2415
f 3300/2929/3300 3299/2907/3299 3296/2906/3296

usemtl material_2150
vt 0.8329513 0.8776308
vt 0.8433970 0.8788384
f 3301/2930/3301 3304/2931/3304 3299/2907/3299

usemtl material_2416
f 3304/2931/3304 3305/2908/3305 3299/2907/3299

usemtl material_2142
vt 0.2627435 0.6618041
f 2872/2882/2872 2827/2932/2827 2829/2883/2829

usemtl material_2205
vt 0.8701398 0.8817362
f 3310/2910/3310 3316/2933/3316 3315/2885/3315

usemtl material_2417
vt 0.2683778 0.6438512
vt 0.2631133 0.6558123
f 2879/2934/2879 2868/2935/2868 2878/2888/2878

usemtl material_1391
f 3316/2933/3316 3325/2886/3325 3315/2885/3315

usemtl material_1675
vt 0.8719481 0.8791897
f 3317/2936/3317 3325/2886/3325 3316/2933/3316

usemtl material_456
f 3317/2936/3317 3327/2911/3327 3325/2886/3325

usemtl material_1344
vt 0.0427744 0.7787211
vt 0.0410089 0.7886427
f 3614/2937/3614 3611/2912/3611 3612/2938/3612

usemtl material_2418
vt 0.8050880 0.8366436
f 1081/2939/1081 1078/2892/1078 1083/2891/1083

usemtl material_2419
vt 0.8112674 0.8475199
f 1079/2940/1079 1101/2914/1101 1077/2893/1077

usemtl material_2420
f 1078/2892/1078 1079/2940/1079 1077/2893/1077

usemtl material_2421
vt 0.5601922 0.6148587
f 3295/2915/3295 3071/2941/3071 3045/2916/3045

usemtl material_1014
vt 0.4983187 0.6005816
vt 0.4883375 0.6152985
f 3047/2942/3047 3046/2943/3046 3048/2923/3048

usemtl material_2422
vt 0.4551807 0.6026611
f 2947/2944/2947 2939/2921/2939 2946/2920/2946

usemtl material_2423
vt 0.4645311 0.6047951
vt 0.4562151 0.5956505
f 2958/2945/2958 2947/2944/2947 2959/2946/2959

usemtl material_2424
vt 0.7110695 0.7380120
f 669/2901/669 668/2900/668 670/2947/670

usemtl material_2425
vt 0.7172139 0.7475025
f 669/2901/669 670/2947/670 671/2948/671

usemtl material_2426
f 669/2901/669 671/2948/671 689/2902/689

usemtl material_2427
vt 0.7230673 0.7486801
f 689/2902/689 671/2948/671 690/2949/690

usemtl material_2428
vt 0.8209258 0.8659738
f 3390/2927/3390 3389/2950/3389 3344/2928/3344

usemtl material_2429
vt 0.8222243 0.8709887
f 3344/2928/3344 3307/2951/3307 3343/2905/3343

usemtl material_2430
f 3344/2928/3344 3389/2950/3389 3307/2951/3307

usemtl material_2321
f 3343/2905/3343 3307/2951/3307 3300/2929/3300

usemtl material_2431
vt 0.8236110 0.8742493
f 3307/2951/3307 3302/2952/3302 3300/2929/3300

usemtl material_2432
f 3301/2930/3301 3299/2907/3299 3300/2929/3300

usemtl material_2433
f 3302/2952/3302 3301/2930/3301 3300/2929/3300

usemtl material_2434
f 3304/2931/3304 3306/2909/3306 3305/2908/3305

usemtl material_2435
vt 0.8534475 0.8775595
f 3304/2931/3304 3308/2953/3308 3306/2909/3306

usemtl material_2436
vt 0.8626270 0.8778759
f 3308/2953/3308 3311/2954/3311 3310/2910/3310

usemtl material_2437
f 3308/2953/3308 3310/2910/3310 3306/2909/3306

usemtl material_2438
f 3311/2954/3311 3316/2933/3316 3310/2910/3310

usemtl material_2439
vt 0.8720847 0.8744892
f 3311/2954/3311 3338/2955/3338 3317/2936/3317

usemtl material_2440
f 3317/2936/3317 3316/2933/3316 3311/2954/3311

usemtl material_2441
vt 0.0398551 0.7751641
f 3615/2956/3615 3611/2912/3611 3614/2937/3614

usemtl material_2442
vt 0.7886478 0.8288743
vt 0.7929298 0.8395767
f 1082/2957/1082 684/2958/684 1081/2939/1081

usemtl material_2443
vt 0.8015308 0.8427640
f 684/2958/684 1080/2959/1080 1081/2939/1081

usemtl material_2444
f 1081/2939/1081 1080/2959/1080 1078/2892/1078

usemtl material_2143
f 1080/2959/1080 1079/2940/1079 1078/2892/1078

usemtl material_1946
vt 0.8112367 0.8523588
f 1079/2940/1079 1100/2960/1100 1101/2914/1101

usemtl material_1795
vt 0.5602992 0.6219569
f 3295/2915/3295 3065/2961/3065 3071/2941/3071

usemtl material_2445
f 3046/2943/3046 2966/2924/2966 3048/2923/3048

usemtl material_2446
vt 0.7285889 0.7633793
f 671/2948/671 674/2962/674 690/2949/690

usemtl material_2447
vt 0.8347321 0.8676794
f 3389/2950/3389 3391/2963/3391 3307/2951/3307

usemtl material_2448
vt 0.8430168 0.8735889
f 3307/2951/3307 3303/2964/3303 3302/2952/3302

usemtl material_2449
f 3307/2951/3307 3391/2963/3391 3303/2964/3303

usemtl material_2450
f 3302/2952/3302 3303/2964/3303 3301/2930/3301

usemtl material_2451
f 3303/2964/3303 3304/2931/3304 3301/2930/3301

usemtl material_2452
f 3303/2964/3303 3308/2953/3308 3304/2931/3304

usemtl material_2453
vt 0.8618543 0.8753627
f 3303/2964/3303 3313/2965/3313 3308/2953/3308

usemtl material_2454
vt 0.8465448 0.8687178
f 3303/2964/3303 3392/2966/3392 3313/2965/3313

usemtl material_2455
vt 0.8625253 0.8718153
f 3313/2965/3313 3392/2966/3392 3395/2967/3395

usemtl material_2283
f 3313/2965/3313 3311/2954/3311 3308/2953/3308

usemtl material_1600
f 3313/2965/3313 3338/2955/3338 3311/2954/3311

usemtl material_2456
f 3313/2965/3313 3395/2967/3395 3338/2955/3338

usemtl material_2457
vt 0.7753470 0.8190306
f 1082/2957/1082 686/2968/686 684/2958/684

usemtl material_2458
vt 0.5636289 0.6326089
vt 0.5610291 0.6306899
f 3293/2969/3293 3088/2970/3088 3065/2961/3065

usemtl material_2459
vt 0.4834222 0.6153638
vt 0.4668946 0.6166525
f 2945/2971/2945 2932/2972/2932 2958/2945/2958

usemtl material_698
vt 0.5497071 0.7941086
vt 0.5455047 0.7931342
vt 0.5497438 0.7820797
f 2147/2973/2147 2148/2974/2148 2175/2975/2175

usemtl material_2460
vt 0.7027961 0.7329524
f 725/2899/725 719/2976/719 668/2900/668

usemtl material_2461
f 668/2900/668 719/2976/719 670/2947/670

usemtl material_2462
vt 0.7149009 0.7529325
f 670/2947/670 719/2976/719 672/2977/672

usemtl material_2463
f 670/2947/670 672/2977/672 671/2948/671

usemtl material_2464
vt 0.7225688 0.7646002
f 671/2948/671 672/2977/672 673/2978/673

usemtl material_2465
f 671/2948/671 673/2978/673 674/2962/674

usemtl material_2466
vt 0.7319869 0.7748815
f 674/2962/674 673/2978/673 675/2979/675

usemtl material_2467
vt 0.7427626 0.7830872
f 674/2962/674 675/2979/675 695/2980/695

usemtl material_2468
vt 0.7551517 0.7998129
f 675/2979/675 677/2981/677 695/2980/695

usemtl material_2465
f 3391/2963/3391 3392/2966/3392 3303/2964/3303

usemtl material_2469
vt 0.7832328 0.8325499
f 677/2981/677 683/2982/683 686/2968/686

usemtl material_2470
f 686/2968/686 683/2982/683 684/2958/684

usemtl material_2471
vt 0.3383395 0.6484776
vt 0.3403096 0.6594850
vt 0.3068730 0.6586586
f 2880/2983/2880 2832/2984/2832 2867/2985/2867

usemtl material_2376
vt 0.7989833 0.8503606
f 684/2958/684 1091/2986/1091 1080/2959/1080
f 1080/2959/1080 1091/2986/1091 1079/2940/1079

usemtl material_2472
f 1079/2940/1079 1091/2986/1091 1100/2960/1100

usemtl material_1871
vt 0.5605676 0.6377219
f 3293/2969/3293 3082/2987/3082 3088/2970/3088

usemtl material_2473
vt 0.6217848 0.7713063
vt 0.6219344 0.7639270
vt 0.6245564 0.7711899
f 2198/2988/2198 2225/2989/2225 2224/2990/2224

usemtl material_2474
vt 0.7130274 0.7593145
f 719/2976/719 718/2991/718 672/2977/672

usemtl material_2475
vt 0.7379608 0.7872294
f 675/2979/675 673/2978/673 676/2992/676

usemtl material_2476
f 675/2979/675 676/2992/676 677/2981/677

usemtl material_2477
vt 0.7668248 0.8199125
f 677/2981/677 676/2992/676 680/2993/680

usemtl material_2478
f 677/2981/677 680/2993/680 683/2982/683

usemtl material_2442
vt 0.7808205 0.8338034
f 680/2993/680 682/2994/682 683/2982/683

usemtl material_566
vt 0.7851607 0.8426964
f 682/2994/682 723/2995/723 684/2958/684

usemtl material_2479
f 683/2982/683 682/2994/682 684/2958/684

usemtl material_2480
f 684/2958/684 723/2995/723 1091/2986/1091

usemtl material_2266
vt 0.5589806 0.6356225
vt 0.5303262 0.6409751
vt 0.5217093 0.6283874
f 3033/2996/3033 3032/2997/3032 3031/2998/3031

usemtl material_2481
vt 0.7025105 0.7453771
f 741/2999/741 718/2991/718 719/2976/719

usemtl material_2360
f 672/2977/672 718/2991/718 673/2978/673

usemtl material_2482
vt 0.7283598 0.7813173
f 673/2978/673 718/2991/718 678/3000/678

usemtl material_2483
f 673/2978/673 678/3000/678 676/2992/676

usemtl material_2484
vt 0.7466705 0.8021529
f 676/2992/676 678/3000/678 679/3001/679

usemtl material_2485
f 676/2992/676 679/3001/679 680/2993/680

usemtl material_2484
vt 0.7665517 0.8238548
f 679/3001/679 681/3002/681 680/2993/680

usemtl material_2486
f 680/2993/680 681/3002/681 682/2994/682

usemtl material_2487
f 681/3002/681 723/2995/723 682/2994/682

usemtl material_2488
vt 0.5633892 0.6565949
vt 0.5603722 0.6474433
vt 0.5629445 0.6434293
f 3284/3003/3284 3078/3004/3078 3227/3005/3227

usemtl material_2489
vt 0.5585770 0.6529620
vt 0.5506176 0.6519560
vt 0.5586829 0.6420118
f 3042/3006/3042 3041/3007/3041 3034/3008/3034

usemtl material_2490
vt 0.4877404 0.6393495
vt 0.4831880 0.6399521
vt 0.4834052 0.6320354
f 3026/3009/3026 2899/3010/2899 2935/3011/2935

usemtl material_453
vt 0.4821438 0.7556170
vt 0.4821501 0.7427912
vt 0.4864631 0.7537058
f 3255/3012/3255 3236/3013/3236 3243/3014/3243

usemtl material_2491
vt 0.5621192 0.7426041
vt 0.5591341 0.7384028
vt 0.5619251 0.7300484
f 3286/3015/3286 3233/3016/3233 3292/3017/3292

usemtl material_2492
vt 0.7207213 0.7754599
f 718/2991/718 734/3018/734 678/3000/678

usemtl material_2493
vt 0.7474848 0.8091593
f 678/3000/678 716/3019/716 679/3001/679

usemtl material_2494
f 679/3001/679 716/3019/716 681/3002/681

usemtl material_1175
vt 0.7721931 0.8355364
f 681/3002/681 716/3019/716 735/3020/735

usemtl material_2495
vt 0.4832879 0.6575560
f 3026/3009/3026 2890/3021/2890 2899/3010/2899

usemtl material_348
vt 0.4867901 0.7341179
vt 0.4823093 0.7343128
vt 0.4868918 0.7202576
f 3210/3022/3210 3212/3023/3212 3186/3024/3186

usemtl material_2496
vt 0.5593929 0.7212960
vt 0.5610819 0.7040384
f 3292/3017/3292 3198/3025/3198 3231/3026/3231

usemtl material_2497
vt 0.7395058 0.8063305
vt 0.7614158 0.8303881
f 716/3019/716 737/3027/737 740/3028/740

usemtl material_229
vt 0.4873217 0.6777321
vt 0.4874257 0.6619886
f 3066/3029/3066 2890/3021/2890 3055/3030/3055

usemtl material_2498
vt 0.4570196 0.6500335
vt 0.4553940 0.6608306
vt 0.4530385 0.6619208
f 2889/3031/2889 2866/3032/2866 2820/3033/2820

usemtl material_2066
vt 0.4838418 0.6977997
vt 0.4831023 0.6845433
f 3155/3034/3155 2863/3035/2863 3066/3029/3066

usemtl material_2499
vt 0.4539796 0.6857281
vt 0.4290586 0.6968405
vt 0.4259227 0.6760523
f 2813/3036/2813 2810/3037/2810 2812/3038/2812

usemtl material_2500
vt 0.4831627 0.6738569
f 3066/3029/3066 2863/3035/2863 2876/3039/2876

usemtl material_2501
f 1237/72/1237 1232/125/1232 1270/161/1270

usemtl material_2502
f 1600/166/1600 1565/129/1565 1538/130/1538

usemtl material_2503
f 1531/133/1531 1530/132/1530 1521/80/1521

usemtl material_346
f 1523/82/1523 1524/135/1524 1532/168/1532

usemtl material_2504
f 1270/161/1270 1232/125/1232 1273/190/1273

usemtl material_2505
f 1501/123/1501 1252/124/1252 1269/160/1269

usemtl material_346
f 1539/167/1539 1531/133/1531 1532/168/1532

usemtl material_196
f 1231/134/1231 1137/136/1137 1217/173/1217

usemtl material_2506
f 1562/192/1562 1269/160/1269 1284/191/1284

usemtl material_2507
f 1600/166/1600 1564/165/1564 1739/200/1739

usemtl material_1137
f 1550/229/1550 1540/199/1540 1539/167/1539

usemtl material_48
f 1139/239/1139 1138/174/1138 1140/208/1140

usemtl material_2508
f 962/207/962 934/241/934 958/175/958

usemtl material_2509
f 954/251/954 1025/211/1025 955/210/955

usemtl material_251
f 1262/303/1262 1239/236/1239 1218/237/1218
f 1262/303/1262 1218/237/1218 1261/304/1261

usemtl material_359
f 1219/274/1219 1159/275/1159 1220/307/1220

usemtl material_2510
vt 0.8716163 0.3809618
f 934/241/934 945/240/945 943/3040/943

usemtl material_2511
vt 0.8802296 0.3860322
f 934/241/934 943/3040/943 935/3041/935

usemtl material_2512
f 926/245/926 934/241/934 930/282/930

usemtl material_2513
f 930/282/930 934/241/934 935/3041/935

usemtl material_2514
f 918/284/918 926/245/926 922/283/922

usemtl material_449
f 1301/265/1301 1275/193/1275 1303/365/1303

usemtl material_348
f 1587/297/1587 1557/232/1557 1573/296/1573

usemtl material_410
f 1303/365/1303 1275/193/1275 1300/407/1300

usemtl material_2515
f 1300/407/1300 1275/193/1275 1268/202/1268

usemtl material_2516
vt 0.8601866 0.3795993
f 945/240/945 965/309/965 946/3042/946

usemtl material_1768
f 943/3040/943 945/240/945 946/3042/946

usemtl material_2517
f 943/3040/943 946/3042/946 942/342/942

usemtl material_1740
f 943/3040/943 942/342/942 935/3041/935

usemtl material_2518
f 935/3041/935 942/342/942 931/345/931

usemtl material_2519
f 930/282/930 935/3041/935 931/345/931

usemtl material_293
vt 0.8849974 0.3992908
f 930/282/930 931/345/931 929/3043/929

usemtl material_1758
f 922/283/922 930/282/930 929/3043/929

usemtl material_2518
vt 0.8960233 0.4032099
f 922/283/922 929/3043/929 921/3044/921

usemtl material_2520
f 915/313/915 922/283/922 921/3044/921

usemtl material_2521
f 1307/366/1307 1306/327/1306 1301/265/1301

usemtl material_2522
f 1089/271/1089 1125/299/1125 1086/333/1086

usemtl material_2523
f 967/306/967 966/337/966 964/276/964

usemtl material_1728
f 965/309/965 964/276/964 966/337/966

usemtl material_1186
vt 0.8551385 0.3868871
f 965/309/965 966/337/966 949/3045/949

usemtl material_598
f 946/3042/946 965/309/965 949/3045/949

usemtl material_2524
vt 0.8567087 0.3982205
f 946/3042/946 949/3045/949 947/3046/947

usemtl material_1420
f 946/3042/946 947/3046/947 942/342/942

usemtl material_105
f 942/342/942 947/3046/947 938/340/938

usemtl material_1143
f 931/345/931 942/342/942 933/341/933

usemtl material_2525
f 929/3043/929 931/345/931 928/344/928

usemtl material_1613
f 929/3043/929 928/344/928 923/385/923

usemtl material_2526
f 921/3044/921 929/3043/929 923/385/923

usemtl material_698
f 911/314/911 918/284/918 915/313/915

usemtl material_2527
f 1591/406/1591 1569/294/1569 1318/362/1318

usemtl material_346
f 1588/363/1588 1575/329/1575 1576/330/1576

usemtl material_2528
f 1300/407/1300 1268/202/1268 1295/373/1295

usemtl material_2529
f 1295/373/1295 1265/272/1265 1262/303/1262

usemtl material_251
f 1262/303/1262 1261/304/1261 1296/414/1296

usemtl material_2530
f 967/306/967 851/335/851 971/336/971

usemtl material_1610
vt 0.8469149 0.3820193
f 966/337/966 971/336/971 968/3047/968

usemtl material_1421
f 966/337/966 968/3047/968 949/3045/949

usemtl material_1186
f 933/341/933 938/340/938 932/463/932

usemtl material_2531
f 933/341/933 932/463/932 928/344/928

usemtl material_1020
vt 0.8992897 0.4222495
f 921/3044/921 923/385/923 913/3048/913

usemtl material_1631
vt 0.9028773 0.4156699
f 914/3049/914 921/3044/921 913/3048/913

usemtl material_2532
f 915/313/915 921/3044/921 914/3049/914

usemtl material_502
vt 0.9183068 0.4116766
f 915/313/915 914/3049/914 909/3050/909

usemtl material_2533
f 911/314/911 915/313/915 909/3050/909

usemtl material_626
f 910/350/910 911/314/911 909/3050/909

usemtl material_692
f 4080/404/4080 4083/405/4083 4070/441/4070

usemtl material_2534
vt 0.6941389 0.0926783
f 4088/3051/4088 4087/439/4087 4073/438/4073

usemtl material_2535
f 1096/412/1096 1086/333/1086 1120/372/1120

usemtl material_624
f 1296/414/1296 1261/304/1261 1297/415/1297

usemtl material_1216
f 971/336/971 972/377/972 970/449/970

usemtl material_574
f 971/336/971 970/449/970 968/3047/968

usemtl material_548
f 1214/420/1214 1164/378/1164 1162/421/1162

usemtl material_1166
f 968/3047/968 960/451/960 949/3045/949

usemtl material_1110
f 949/3045/949 960/451/960 947/3046/947

usemtl material_2536
f 947/3046/947 960/451/960 944/455/944

usemtl material_1610
f 938/340/938 947/3046/947 944/455/944

usemtl material_527
f 938/340/938 944/455/944 939/459/939

usemtl material_1192
f 932/463/932 938/340/938 939/459/939

usemtl material_402
f 928/344/928 932/463/932 924/384/924

usemtl material_1631
f 923/385/923 924/384/924 913/3048/913

usemtl material_2532
f 912/468/912 914/3049/914 913/3048/913

usemtl material_2537
f 909/3050/909 914/3049/914 912/468/912

usemtl material_1631
f 909/3050/909 912/468/912 883/470/883

usemtl material_2538
vt 0.9276099 0.4214787
f 892/388/892 910/350/910 882/3052/882

usemtl material_464
f 910/350/910 909/3050/909 882/3052/882

usemtl material_2539
f 882/3052/882 909/3050/909 883/470/883

usemtl material_2540
f 4110/444/4110 4097/409/4097 4079/410/4079

usemtl material_2541
f 1257/418/1257 1223/419/1223 1259/491/1259

usemtl material_204
f 972/377/972 975/417/975 970/449/970

usemtl material_713
f 1223/419/1223 1214/420/1214 1249/492/1249

usemtl material_2536
f 968/3047/968 970/449/970 960/451/960

usemtl material_2542
f 944/455/944 960/451/960 959/453/959

usemtl material_636
f 1162/421/1162 1161/457/1161 1166/495/1166

usemtl material_634
f 939/459/939 944/455/944 948/456/948
f 924/384/924 932/463/932 937/464/937

usemtl material_1074
f 924/384/924 937/464/937 925/502/925

usemtl material_1258
f 913/3048/913 924/384/924 925/502/925

usemtl material_1971
f 913/3048/913 925/502/925 917/504/917

usemtl material_2539
f 912/468/912 913/3048/913 888/469/888

usemtl material_2543
f 885/473/885 892/388/892 882/3052/882

usemtl material_2536
f 4078/367/4078 4029/437/4029 4028/484/4028

usemtl material_2544
f 1332/440/1332 1331/408/1331 1329/443/1329

usemtl material_659
f 4077/442/4077 4088/3051/4088 4073/438/4073

usemtl material_625
f 1327/485/1327 1300/407/1300 1295/373/1295

usemtl material_2545
f 1295/373/1295 1296/414/1296 1330/527/1330

usemtl material_2546
f 1330/527/1330 1296/414/1296 1324/528/1324

usemtl material_2547
f 850/447/850 978/532/978 975/417/975

usemtl material_401
f 970/449/970 975/417/975 969/450/969

usemtl material_958
f 960/451/960 969/450/969 963/493/963

usemtl material_1167
f 960/451/960 963/493/963 959/453/959

usemtl material_962
f 1166/495/1166 1161/457/1161 1168/538/1168

usemtl material_2548
f 894/628/894 913/3048/913 917/504/917

usemtl material_1741
f 888/469/888 913/3048/913 894/628/894

usemtl material_1768
vt 0.9321951 0.4300019
f 885/473/885 882/3052/882 881/3053/881

usemtl material_2531
f 4081/522/4081 4079/410/4079 4028/484/4028

usemtl material_344
vt 0.8267556 0.3984256
f 975/417/975 978/532/978 974/3054/974

usemtl material_202
f 969/450/969 975/417/975 974/3054/974

usemtl material_1305
f 1255/534/1255 1249/492/1249 1250/535/1250

usemtl material_1137
f 969/450/969 974/3054/974 973/605/973

usemtl material_2549
f 969/450/969 973/605/973 963/493/963

usemtl material_1046
f 1224/537/1224 1172/539/1172 1234/608/1234

usemtl material_2550
f 1234/608/1234 1172/539/1172 1235/609/1235

usemtl material_2551
f 1235/609/1235 1172/539/1172 1191/541/1191

usemtl material_2552
f 1235/609/1235 1191/541/1191 1236/540/1236

usemtl material_2553
f 1209/551/1209 1206/550/1206 1419/561/1419

usemtl material_673
f 948/456/948 957/454/957 332/547/332

usemtl material_2554
f 1206/550/1206 1205/555/1205 1419/561/1419

usemtl material_729
f 950/458/950 948/456/948 413/497/413

usemtl material_2555
f 1427/560/1427 1208/564/1208 1443/617/1443

usemtl material_729
f 941/462/941 414/562/414 937/464/937

usemtl material_2556
f 1443/617/1443 1208/564/1208 1374/570/1374

usemtl material_1814
f 894/628/894 917/504/917 916/582/916

usemtl material_1538
vt 0.9208493 0.4445069
f 883/470/883 888/469/888 880/3055/880

usemtl material_109
f 888/469/888 894/628/894 880/3055/880

usemtl material_2557
f 882/3052/882 883/470/883 880/3055/880

usemtl material_2558
f 881/3053/881 882/3052/882 880/3055/880

usemtl material_570
f 884/509/884 885/473/885 881/3053/881

usemtl material_630
vt 0.6834735 0.2261494
f 4036/594/4036 4039/3056/4039 4037/679/4037

usemtl material_488
f 4093/680/4093 4081/522/4081 4059/639/4059

usemtl material_1699
f 4081/522/4081 4028/484/4028 4059/639/4059

usemtl material_1612
f 4117/523/4117 4081/522/4081 4093/680/4093

usemtl material_2559
f 1317/487/1317 1309/489/1309 1321/685/1321

usemtl material_1319
f 1309/489/1309 1311/529/1311 1321/685/1321

usemtl material_2536
f 978/532/978 979/531/979 974/3054/974

usemtl material_2560
f 1228/613/1228 1209/551/1209 1444/614/1444

usemtl material_2561
f 1424/655/1424 1228/613/1228 1444/614/1444

usemtl material_2562
vt 0.9450629 0.1229087
vt 0.9485018 0.1394461
vt 0.9458413 0.1321704
f 105/3057/105 101/3058/101 54/3059/54

usemtl material_2563
vt 0.9503284 0.1579443
vt 0.9492498 0.1642475
f 101/3058/101 104/3060/104 55/3061/55

usemtl material_2564
f 54/3059/54 101/3058/101 55/3061/55

usemtl material_2565
vt 0.9500952 0.1782977
f 55/3061/55 104/3060/104 103/3062/103

usemtl material_815
f 203/618/203 417/567/417 201/615/201

usemtl material_1758
vt 0.9392755 0.4389998
f 884/509/884 881/3053/881 867/3063/867

usemtl material_1631
vt 0.9306217 0.4422587
f 867/3063/867 881/3053/881 879/3064/879

usemtl material_480
f 886/584/886 884/509/884 867/3063/867

usemtl material_2566
f 3959/675/3959 4058/519/4058 4057/593/4057

usemtl material_702
f 4027/595/4027 4029/437/4029 3765/676/3765

usemtl material_707
f 4035/592/4035 4036/594/4036 3960/678/3960

usemtl material_540
f 4030/596/4030 4032/524/4032 3766/677/3766

usemtl material_497
f 3766/677/3766 4032/524/4032 4033/641/4033

usemtl material_2567
f 4037/679/4037 4039/3056/4039 4038/759/4038

usemtl material_959
f 4037/679/4037 4038/759/4038 3961/728/3961

usemtl material_1040
f 4116/682/4116 4117/523/4117 4093/680/4093

usemtl material_498
f 4033/641/4033 4032/524/4032 4034/525/4034

usemtl material_157
f 974/3054/974 979/531/979 977/645/977

usemtl material_2568
f 974/3054/974 977/645/977 976/648/976

usemtl material_1233
f 973/605/973 974/3054/974 976/648/976

usemtl material_807
f 1279/693/1279 1250/535/1250 1248/607/1248

usemtl material_673
f 855/536/855 330/650/330 329/546/329

usemtl material_2569
vt 0.9420970 0.1125899
f 92/3065/92 105/3057/105 54/3059/54

usemtl material_2570
vt 0.9486052 0.1844150
f 54/3059/54 55/3061/55 17/3066/17

usemtl material_2571
f 55/3061/55 103/3062/103 17/3066/17

usemtl material_2572
vt 0.9479499 0.1955260
f 17/3066/17 103/3062/103 66/3067/66

usemtl material_638
f 916/582/916 936/580/936 489/664/489

usemtl material_220
f 880/3055/880 894/628/894 900/627/900

usemtl material_1728
f 881/3053/881 880/3055/880 879/3064/879

usemtl material_632
f 879/3064/879 880/3055/880 872/787/872

usemtl material_2531
vt 0.9316174 0.4484712
f 867/3063/867 879/3064/879 868/3068/868

usemtl material_2573
f 3962/674/3962 4058/519/4058 3959/675/3959

usemtl material_2574
f 4054/638/4054 4056/482/4056 3768/724/3768

usemtl material_2575
f 4093/680/4093 4059/639/4059 4060/681/4060

usemtl material_589
f 4060/681/4060 4059/639/4059 3775/640/3775

usemtl material_157
f 3775/640/3775 4027/595/4027 3767/722/3767

usemtl material_633
f 1322/687/1322 1311/529/1311 1313/691/1313

usemtl material_2536
f 981/603/981 849/530/849 982/690/982

usemtl material_134
f 981/603/981 982/690/982 977/645/977

usemtl material_2576
vt 0.9391769 0.1030216
vt 0.9403785 0.1115513
f 93/3069/93 92/3065/92 16/3070/16

usemtl material_2570
f 16/3070/16 92/3065/92 54/3059/54

usemtl material_2577
f 16/3070/16 54/3059/54 17/3066/17

usemtl material_818
f 418/578/418 203/618/203 320/701/320

usemtl material_2578
f 1614/658/1614 1437/702/1437 1615/744/1615

usemtl material_204
f 880/3055/880 900/627/900 872/787/872

usemtl material_2579
f 879/3064/879 872/787/872 868/3068/868

usemtl material_1812
f 869/820/869 886/584/886 867/3063/867

usemtl material_889
f 3946/850/3946 4052/600/4052 4050/683/4050

usemtl material_528
f 849/530/849 848/688/848 860/689/860

usemtl material_1097
f 1313/691/1313 1305/602/1305 1312/734/1312

usemtl material_402
f 982/690/982 980/767/980 977/645/977

usemtl material_831
f 1285/646/1285 1286/647/1286 1315/769/1315

usemtl material_2580
f 1288/736/1288 1278/697/1278 1289/776/1289

usemtl material_2581
vt 0.9342827 0.0923266
vt 0.9353548 0.0975230
f 113/3071/113 93/3069/93 63/3072/63

usemtl material_998
f 330/650/330 854/606/854 386/778/386

usemtl material_2582
f 63/3072/63 93/3069/93 16/3070/16

usemtl material_2583
f 872/787/872 900/627/900 902/785/902

usemtl material_1728
f 867/3063/867 868/3068/868 869/820/869

usemtl material_2584
f 886/584/886 869/820/869 887/709/887

usemtl material_2585
f 3962/674/3962 3959/675/3959 3947/839/3947

usemtl material_1167
f 3777/757/3777 3766/677/3766 4025/727/4025

usemtl material_2586
f 848/688/848 864/763/864 860/689/860

usemtl material_658
f 860/689/860 864/763/864 982/690/982

usemtl material_2587
f 980/767/980 982/690/982 866/765/866

usemtl material_2568
f 977/645/977 980/767/980 976/648/976

usemtl material_2588
f 976/648/976 856/771/856 857/649/857

usemtl material_2589
vt 0.9267923 0.1243618
f 16/3070/16 17/3066/17 14/3073/14

usemtl material_2590
vt 0.9430177 0.2079111
f 17/3066/17 66/3067/66 26/3074/26

usemtl material_2591
vt 0.9468305 0.2059933
vt 0.9437205 0.2141997
f 66/3067/66 118/3075/118 58/3076/58

usemtl material_2592
f 26/3074/26 66/3067/66 58/3076/58

usemtl material_818
f 409/624/409 326/740/326 408/745/408

usemtl material_2593
vt 0.0022538 0.1741148
f 1728/3077/1728 1615/744/1615 1656/782/1656

usemtl material_2537
vt 0.9354260 0.4656914
f 870/3078/870 868/3068/868 872/787/872

usemtl material_1682
f 869/820/869 868/3068/868 870/3078/870

usemtl material_2594
f 3768/724/3768 4026/673/4026 3949/838/3949

usemtl material_2595
f 4026/673/4026 3962/674/3962 3949/838/3949

usemtl material_2596
f 3947/839/3947 3959/675/3959 3887/1016/3887

usemtl material_2597
f 3743/847/3743 3775/640/3775 3767/722/3767

usemtl material_802
f 3945/731/3945 4052/600/4052 3946/850/3946

usemtl material_1269
f 3975/885/3975 4048/732/4048 4047/733/4047

usemtl material_801
f 848/688/848 847/761/847 859/762/859

usemtl material_402
f 982/690/982 864/763/864 866/765/866

usemtl material_2598
f 976/648/976 863/766/863 856/771/856

usemtl material_2599
f 1314/770/1314 1304/772/1304 1310/805/1310

usemtl material_2600
f 1280/773/1280 1282/774/1282 1319/853/1319

usemtl material_967
f 854/606/854 856/771/856 852/889/852

usemtl material_2601
vt 0.9312456 0.0839566
vt 0.9316857 0.0902604
f 120/3079/120 113/3071/113 15/3080/15

usemtl material_2602
f 15/3080/15 113/3071/113 63/3072/63

usemtl material_2603
f 15/3080/15 63/3072/63 16/3070/16

usemtl material_2604
f 15/3080/15 16/3070/16 14/3073/14

usemtl material_771
f 398/816/398 408/745/408 383/811/383

usemtl material_1074
f 902/785/902 900/627/900 491/749/491

usemtl material_508
f 869/820/869 870/3078/870 871/821/871

usemtl material_2605
f 887/709/887 869/820/869 874/822/874

usemtl material_2606
f 896/788/896 887/709/887 874/822/874

usemtl material_979
f 1680/753/1680 1681/752/1681 1686/789/1686

usemtl material_2607
f 3887/1016/3887 3959/675/3959 3884/842/3884

usemtl material_2608
f 3739/799/3739 3765/676/3765 3740/1019/3740

usemtl material_2609
f 3761/840/3761 3769/723/3769 3768/724/3768

usemtl material_2610
f 3761/840/3761 3768/724/3768 3762/951/3762

usemtl material_2611
f 3762/951/3762 3768/724/3768 3949/838/3949

usemtl material_922
f 3884/842/3884 3959/675/3959 3960/678/3960

usemtl material_708
f 3885/843/3885 3884/842/3884 3958/725/3958

usemtl material_295
f 3743/847/3743 3767/722/3767 3739/799/3739

usemtl material_354
f 3776/848/3776 3769/723/3769 3771/841/3771

usemtl material_888
f 3883/844/3883 3958/725/3958 3886/883/3886
f 3886/883/3886 3958/725/3958 3961/728/3961

usemtl material_347
f 4116/682/4116 3778/758/3778 4114/846/4114

usemtl material_1167
f 3766/677/3766 3777/757/3777 3776/848/3776

usemtl material_599
f 3886/883/3886 3961/728/3961 3955/729/3955

usemtl material_891
f 3944/851/3944 4050/683/4050 3974/801/3974

usemtl material_854
f 3975/885/3975 4047/733/4047 4041/803/4041

usemtl material_1216
vt 0.7903107 0.3867049
f 847/761/847 858/3081/858 859/762/859

usemtl material_692
f 866/765/866 864/763/864 861/915/861

usemtl material_2612
f 866/765/866 861/915/861 862/917/862

usemtl material_1065
f 866/765/866 862/917/862 863/766/863

usemtl material_974
f 852/889/852 382/925/382 385/808/385

usemtl material_2613
vt 0.9279347 0.0809340
f 77/3082/77 120/3079/120 15/3080/15

usemtl material_998
f 854/606/854 852/889/852 385/808/385

usemtl material_2614
f 14/3073/14 17/3066/17 26/3074/26

usemtl material_2615
vt 0.9390323 0.2233436
f 26/3074/26 58/3076/58 50/3083/50

usemtl material_2616
f 1728/3077/1728 1656/782/1656 1696/933/1696

usemtl material_2617
vt 0.9401341 0.2274309
f 50/3083/50 58/3076/58 71/3084/71

usemtl material_2618
f 1696/933/1696 1656/782/1656 1626/815/1626

usemtl material_2619
f 902/785/902 901/819/901 889/786/889

usemtl material_1186
f 870/3078/870 872/787/872 889/786/889

usemtl material_2620
vt 0.9580967 0.4656159
f 875/3085/875 874/822/874 871/821/871

usemtl material_2606
f 895/867/895 896/788/896 874/822/874

usemtl material_2621
f 3948/950/3948 3949/838/3949 3947/839/3947

usemtl material_491
f 3762/951/3762 3949/838/3949 3948/950/3948

usemtl material_2622
f 3741/910/3741 3740/1019/3740 3765/676/3765

usemtl material_402
f 3741/910/3741 3765/676/3765 3766/677/3766

usemtl material_188
f 847/761/847 846/852/846 858/3081/858

usemtl material_994
f 3969/887/3969 4041/803/4041 4042/804/4042

usemtl material_659
f 864/763/864 859/762/859 865/982/865

usemtl material_2623
f 3967/921/3967 4043/886/4043 4044/919/4044

usemtl material_202
f 864/763/864 865/982/865 861/915/861

usemtl material_2624
vt 0.9220783 0.0738413
f 18/3086/18 77/3082/77 15/3080/15

usemtl material_203
f 878/1000/878 889/786/889 890/938/890

usemtl material_1110
f 870/3078/870 889/786/889 878/1000/878

usemtl material_2625
f 871/821/871 870/3078/870 873/970/873

usemtl material_2539
f 875/3085/875 871/821/871 873/970/873
f 876/972/876 875/3085/875 873/970/873

usemtl material_2626
f 895/867/895 874/822/874 875/3085/875

usemtl material_2627
f 3881/948/3881 3948/950/3948 3947/839/3947

usemtl material_2628
vt 0.6506134 0.0937576
f 3760/3087/3760 3761/840/3761 3762/951/3762

usemtl material_2629
f 4108/882/4108 3772/845/3772 3773/952/3773

usemtl material_1208
vt 0.6452744 0.0115118
f 3772/845/3772 3743/847/3743 3697/3088/3697

usemtl material_108
f 3773/952/3773 3772/845/3772 3697/3088/3697

usemtl material_2630
f 3697/3088/3697 3743/847/3743 3739/799/3739

usemtl material_401
f 3771/841/3771 3761/840/3761 3760/3087/3760

usemtl material_497
vt 0.6533486 0.0889781
f 3741/910/3741 3776/848/3776 3770/3089/3770

usemtl material_2631
f 3770/3089/3770 3776/848/3776 3771/841/3771

usemtl material_708
f 3886/883/3886 3945/731/3945 3942/977/3942

usemtl material_802
f 3942/977/3942 3945/731/3945 3943/911/3943

usemtl material_547
f 3943/911/3943 3946/850/3946 3944/851/3944

usemtl material_548
f 3908/913/3908 3974/801/3974 3906/980/3906

usemtl material_715
f 3906/980/3906 3974/801/3974 3975/885/3975

usemtl material_807
f 3907/981/3907 3975/885/3975 4041/803/4041

usemtl material_1539
f 858/3081/858 846/852/846 865/982/865

usemtl material_2632
f 858/3081/858 865/982/865 859/762/859

usemtl material_2633
vt 0.6829392 0.6098475
f 3965/983/3965 4045/920/4045 4062/3090/4062

usemtl material_2634
f 3965/983/3965 4062/3090/4062 3966/1027/3966

usemtl material_2633
f 3966/1027/3966 4062/3090/4062 4063/984/4063

usemtl material_2635
vt 0.9275520 0.1945406
f 14/3073/14 26/3074/26 27/3091/27

usemtl material_2636
f 1704/932/1704 1626/815/1626 1689/934/1689

usemtl material_2637
f 889/786/889 901/819/901 890/938/890

usemtl material_2638
f 873/970/873 870/3078/870 878/1000/878

usemtl material_1712
f 898/942/898 895/867/895 875/3085/875

usemtl material_1538
vt 0.9589439 0.4724445
f 875/3085/875 876/972/876 897/3092/897

usemtl material_2639
f 3947/839/3947 3887/1016/3887 3881/948/3881

usemtl material_2640
f 3760/3087/3760 3762/951/3762 3756/1075/3756

usemtl material_2641
f 3756/1075/3756 3762/951/3762 3759/949/3759

usemtl material_2642
f 3770/3089/3770 3771/841/3771 3742/1056/3742

usemtl material_1014
f 3742/1056/3742 3771/841/3771 3760/3087/3760

usemtl material_187
f 846/852/846 840/914/840 841/979/841

usemtl material_204
f 846/852/846 841/979/841 865/982/865

usemtl material_584
f 861/915/861 865/982/865 842/955/842

usemtl material_993
f 3969/887/3969 4043/886/4043 3967/921/3967

usemtl material_2643
vt 0.9209452 0.0696852
f 18/3086/18 89/3093/89 77/3082/77

usemtl material_2604
vt 0.9195216 0.0858747
f 18/3086/18 15/3080/15 13/3094/13

usemtl material_2644
f 13/3094/13 15/3080/15 14/3073/14

usemtl material_1096
f 149/991/149 148/809/148 147/927/147

usemtl material_2645
f 27/3091/27 26/3074/26 50/3083/50

usemtl material_2542
f 878/1000/878 890/938/890 891/969/891

usemtl material_2646
f 877/971/877 873/970/873 878/1000/878

usemtl material_2647
f 898/942/898 875/3085/875 897/3092/897

usemtl material_2648
f 3792/1015/3792 3887/1016/3887 3884/842/3884

usemtl material_2216
f 3697/3088/3697 3739/799/3739 3696/1017/3696

usemtl material_2649
f 3803/1178/3803 3885/843/3885 3883/844/3883

usemtl material_1137
f 3710/1055/3710 3741/910/3741 3742/1056/3742

usemtl material_2650
f 3742/1056/3742 3741/910/3741 3770/3089/3770

usemtl material_2651
f 4031/989/4031 4069/959/4069 4098/926/4098

usemtl material_1073
f 464/928/464 381/860/381 424/992/424

usemtl material_2652
vt 0.9308770 0.2426867
f 50/3083/50 71/3084/71 53/3095/53

usemtl material_2653
vt 0.9368363 0.2359784
f 71/3084/71 79/3096/79 53/3095/53

usemtl material_638
f 427/864/427 390/931/390 395/1036/395
f 427/864/427 395/1036/395 438/968/438

usemtl material_1153
f 891/969/891 919/936/919 438/968/438

usemtl material_591
f 893/1001/893 878/1000/878 891/969/891

usemtl material_1189
f 2781/1047/2781 2787/941/2787 2742/1070/2742

usemtl material_1681
f 899/1003/899 898/942/898 897/3092/897

usemtl material_2654
vt 0.6402593 0.1117340
f 3759/949/3759 3881/948/3881 3793/3097/3793

usemtl material_1355
f 3792/1015/3792 3884/842/3884 3791/1099/3791

usemtl material_2655
f 3703/1018/3703 3741/910/3741 3710/1055/3710

usemtl material_2656
f 3757/1058/3757 3760/3087/3760 3756/1075/3756

usemtl material_600
f 3803/1178/3803 3884/842/3884 3885/843/3885

usemtl material_2657
f 3774/1020/3774 3773/952/3773 3697/3088/3697

usemtl material_659
f 3742/1056/3742 3760/3087/3760 3757/1058/3757

usemtl material_2658
f 3876/1059/3876 3942/977/3942 3808/976/3808

usemtl material_1580
f 3855/1102/3855 3943/911/3943 3944/851/3944

usemtl material_1397
f 3905/1139/3905 3906/980/3906 3907/981/3907

usemtl material_993
f 3969/887/3969 3967/921/3967 3873/1062/3873

usemtl material_2659
vt 0.9128443 0.0598083
vt 0.9126065 0.0623076
f 85/3098/85 89/3093/89 19/3099/19

usemtl material_2660
f 19/3099/19 89/3093/89 18/3086/18

usemtl material_2653
vt 0.9313278 0.2475365
f 53/3095/53 79/3096/79 78/3100/78

usemtl material_109
f 877/971/877 893/1001/893 907/1069/907

usemtl material_1662
vt 0.9620796 0.4944078
f 897/3092/897 876/972/876 906/3101/906

usemtl material_957
vt 0.9686791 0.4872947
f 899/1003/899 897/3092/897 905/3102/905

usemtl material_2661
f 3793/3097/3793 3881/948/3881 3792/1015/3792

usemtl material_802
f 3791/1099/3791 3884/842/3884 3803/1178/3803

usemtl material_599
f 3803/1178/3803 3883/844/3883 3800/1135/3800

usemtl material_1019
f 3800/1135/3800 3883/844/3883 3886/883/3886

usemtl material_803
f 3855/1102/3855 3944/851/3944 3908/913/3908

usemtl material_852
f 3854/1103/3854 3908/913/3908 3906/980/3906

usemtl material_1445
f 3872/1142/3872 3967/921/3967 3965/983/3965

usemtl material_1013
f 843/916/843 842/955/842 831/1061/831

usemtl material_2662
f 3972/1063/3972 4031/989/4031 4092/1028/4092

usemtl material_974
f 845/888/845 839/1026/839 325/1029/325

usemtl material_2663
f 19/3099/19 18/3086/18 13/3094/13

usemtl material_1120
f 432/993/432 464/928/464 424/992/424

usemtl material_834
f 903/1067/903 891/969/891 498/1040/498

usemtl material_1682
f 906/3101/906 876/972/876 877/971/877

usemtl material_1538
f 905/3102/905 897/3092/897 906/3101/906

usemtl material_2664
vt 0.9691683 0.4816636
f 920/3103/920 899/1003/899 905/3102/905

usemtl material_2665
vt 0.6348765 0.1069680
f 3752/3104/3752 3759/949/3759 3793/3097/3793

usemtl material_2666
f 3774/1020/3774 3697/3088/3697 3695/1134/3695

usemtl material_60
f 3695/1134/3695 3697/3088/3697 3696/1017/3696

usemtl material_404
vt 0.6376255 0.0845183
f 3704/3105/3704 3710/1055/3710 3724/1057/3724

usemtl material_2586
f 3724/1057/3724 3757/1058/3757 3755/1076/3755

usemtl material_599
f 3800/1135/3800 3886/883/3886 3876/1059/3876

usemtl material_800
f 3808/976/3808 3943/911/3943 3855/1102/3855

usemtl material_633
f 3854/1103/3854 3906/980/3906 3905/1139/3905

usemtl material_854
f 3905/1139/3905 3907/981/3907 3880/1140/3880

usemtl material_832
f 3880/1140/3880 3907/981/3907 3909/1024/3909

usemtl material_2667
f 3965/983/3965 3966/1027/3966 3870/1143/3870

usemtl material_2668
f 3966/1027/3966 3968/986/3968 3954/1182/3954

usemtl material_2669
f 3971/988/3971 3973/956/3973 3902/1237/3902

usemtl material_2670
vt 0.6545916 0.7130297
f 3902/1237/3902 3973/956/3973 3903/3106/3903

usemtl material_2671
f 3973/956/3973 3972/1063/3972 3903/3106/3903

usemtl material_2672
f 3903/3106/3903 3972/1063/3972 3953/1144/3953

usemtl material_2673
vt 0.8759661 0.0908020
f 13/3094/13 14/3073/14 11/3107/11

usemtl material_1197
f 424/992/424 167/859/167 163/1081/163

usemtl material_2674
f 904/1068/904 893/1001/893 903/1067/903

usemtl material_570
f 908/1126/908 877/971/877 907/1069/907

usemtl material_2514
f 3752/3104/3752 3793/3097/3793 3786/1133/3786

usemtl material_2675
f 3786/1133/3786 3793/3097/3793 3792/1015/3792

usemtl material_2676
vt 0.6352409 0.0116527
f 3695/1134/3695 3696/1017/3696 3694/3108/3694

usemtl material_2351
f 3694/3108/3694 3696/1017/3696 3703/1018/3703

usemtl material_2677
f 3694/3108/3694 3703/1018/3703 3699/1223/3699

usemtl material_2678
f 3699/1223/3699 3703/1018/3703 3704/3105/3704

usemtl material_2679
f 3703/1018/3703 3710/1055/3710 3704/3105/3704

usemtl material_2680
f 3755/1076/3755 3756/1075/3756 3752/3104/3752

usemtl material_2681
f 3752/3104/3752 3756/1075/3756 3759/949/3759

usemtl material_250
vt 0.6371866 0.0909080
f 3704/3105/3704 3724/1057/3724 3725/3109/3725

usemtl material_346
f 3724/1057/3724 3755/1076/3755 3725/3109/3725

usemtl material_800
f 3808/976/3808 3855/1102/3855 3809/1286/3809

usemtl material_1270
f 3880/1140/3880 3909/1024/3909 3873/1062/3873

usemtl material_2682
f 3873/1062/3873 3967/921/3967 3872/1142/3872

usemtl material_2551
f 3954/1182/3954 3968/986/3968 3952/1106/3952

usemtl material_2550
f 3968/986/3968 3970/987/3970 3952/1106/3952

usemtl material_2683
f 3882/1107/3882 3971/988/3971 3902/1237/3902

usemtl material_2684
f 3953/1144/3953 3972/1063/3972 4092/1028/4092

usemtl material_1296
f 423/1272/423 424/992/424 163/1081/163

usemtl material_2685
f 432/993/432 424/992/424 423/1272/423

usemtl material_1170
f 466/1032/466 391/995/391 401/1113/401

usemtl material_2686
vt 0.9222839 0.2609614
f 53/3095/53 78/3100/78 56/3110/56

usemtl material_1300
f 903/1067/903 498/1040/498 927/1122/927

usemtl material_2687
vt 0.8773264 0.7409937
f 3456/1090/3456 3468/1048/3468 3467/3111/3467

usemtl material_1306
f 835/1021/835 834/1161/834 836/1080/836

usemtl material_1270
f 3871/1232/3871 3880/1140/3880 3873/1062/3873

usemtl material_2688
f 3870/1143/3870 3966/1027/3966 3954/1182/3954

usemtl material_2689
vt 0.6521075 0.7266187
f 3903/3106/3903 3953/1144/3953 3904/3112/3904

usemtl material_2690
f 3904/3112/3904 3953/1144/3953 4064/1145/4064

usemtl material_2691
vt 0.9044891 0.0491679
vt 0.9015554 0.0506523
f 131/3113/131 85/3098/85 22/3114/22

usemtl material_2692
f 22/3114/22 85/3098/85 19/3099/19

usemtl material_2693
vt 0.8959748 0.1505854
f 2/3115/2 14/3073/14 27/3091/27

usemtl material_1120
f 597/1164/597 432/993/432 423/1272/423

usemtl material_1073
f 468/1114/468 466/1032/466 401/1113/401

usemtl material_2694
vt 0.9211608 0.2540470
f 50/3083/50 53/3095/53 49/3116/49

usemtl material_2695
vt 0.9237962 0.2614485
f 56/3110/56 78/3100/78 117/3117/117

usemtl material_2696
f 2797/1190/2797 2786/1121/2786 2769/1120/2769

usemtl material_2697
f 906/3101/906 877/971/877 908/1126/908

usemtl material_1021
vt 0.8750561 0.7514130
f 3466/3118/3466 3459/1194/3459 3453/1195/3453

usemtl material_2334
f 3695/1134/3695 3694/3108/3694 3693/1180/3693

usemtl material_2698
vt 0.6289411 0.0134350
f 3693/1180/3693 3694/3108/3694 3692/3119/3692

usemtl material_2699
vt 0.6289514 0.0397534
f 3692/3119/3692 3694/3108/3694 3702/3120/3702

usemtl material_2700
f 3702/3120/3702 3694/3108/3694 3699/1223/3699

usemtl material_2701
f 3699/1223/3699 3704/3105/3704 3700/1224/3700

usemtl material_2534
f 3725/3109/3725 3755/1076/3755 3751/1198/3751

usemtl material_2702
f 3751/1198/3751 3755/1076/3755 3752/3104/3752

usemtl material_708
f 3796/1179/3796 3803/1178/3803 3800/1135/3800

usemtl material_2703
f 4113/1077/4113 3695/1134/3695 4111/1181/4111

usemtl material_591
f 3726/1200/3726 3704/3105/3704 3725/3109/3725

usemtl material_2649
vt 0.6341847 0.2783426
f 3800/1135/3800 3806/1136/3806 3802/3121/3802

usemtl material_1305
f 3854/1103/3854 3905/1139/3905 3874/1201/3874

usemtl material_1077
f 3860/1141/3860 3874/1201/3874 3905/1139/3905

usemtl material_854
vt 0.6388140 0.4892734
f 3860/1141/3860 3880/1140/3880 3859/3122/3859

usemtl material_122
f 835/1021/835 824/1138/824 834/1161/834

usemtl material_1470
f 3859/3122/3859 3880/1140/3880 3871/1232/3871

usemtl material_2704
f 3869/1234/3869 3873/1062/3873 3872/1142/3872

usemtl material_2705
f 3868/1183/3868 3954/1182/3954 3952/1106/3952

usemtl material_2706
f 3879/1184/3879 3952/1106/3952 3882/1107/3882

usemtl material_2707
f 53/3095/53 56/3110/56 49/3116/49

usemtl material_2708
vt 0.8787040 0.7784964
vt 0.8696495 0.7760974
f 3461/1192/3461 3462/3123/3462 3460/3124/3460

usemtl material_1712
vt 0.8665363 0.7389089
f 3450/3125/3450 3456/1090/3456 3467/3111/3467

usemtl material_2709
f 3752/3104/3752 3786/1133/3786 3780/1308/3780

usemtl material_2710
vt 0.6251291 0.1455296
f 3784/3126/3784 3786/1133/3786 3787/1100/3787

usemtl material_364
f 3785/1221/3785 3787/1100/3787 3791/1099/3791

usemtl material_494
f 3700/1224/3700 3704/3105/3704 3708/1199/3708

usemtl material_1233
f 3708/1199/3708 3704/3105/3704 3726/1200/3726

usemtl material_958
f 3726/1200/3726 3725/3109/3725 3751/1198/3751

usemtl material_708
f 3801/1284/3801 3800/1135/3800 3802/3121/3802

usemtl material_802
f 3806/1136/3806 3808/976/3808 3807/1285/3807

usemtl material_800
f 3808/976/3808 3809/1286/3809 3807/1285/3807

usemtl material_714
f 3855/1102/3855 3854/1103/3854 3812/1289/3812

usemtl material_2711
f 3871/1232/3871 3873/1062/3873 3869/1234/3869

usemtl material_2712
f 3904/3112/3904 4064/1145/4064 4023/1240/4023

usemtl material_2713
vt 0.8996841 0.0458280
f 129/3127/129 131/3113/131 22/3114/22

usemtl material_2714
f 27/3091/27 50/3083/50 49/3116/49

usemtl material_1102
f 3464/1191/3464 3462/3123/3462 3474/1173/3474

usemtl material_1300
f 3460/3124/3460 3462/3123/3462 3464/1191/3464

usemtl material_2520
vt 0.8655186 0.7519108
f 3467/3111/3467 3466/3118/3466 3449/3128/3449

usemtl material_502
f 3449/3128/3449 3466/3118/3466 3453/1195/3453

usemtl material_1934
f 3450/3125/3450 3467/3111/3467 3449/3128/3449

usemtl material_1537
vt 0.8642536 0.7366896
f 3456/1090/3456 3450/3125/3450 3448/3129/3448

usemtl material_2715
vt 0.6252599 0.1066258
f 3749/3130/3749 3752/3104/3752 3780/1308/3780

usemtl material_2716
f 3784/3126/3784 3787/1100/3787 3785/1221/3785

usemtl material_2717
f 3691/1226/3691 3693/1180/3693 3692/3119/3692

usemtl material_2534
f 3708/1199/3708 3751/1198/3751 3750/1261/3750

usemtl material_2718
f 3749/3130/3749 3751/1198/3751 3752/3104/3752

usemtl material_600
f 3796/1179/3796 3800/1135/3800 3798/1311/3798

usemtl material_1580
f 3812/1289/3812 3809/1286/3809 3855/1102/3855

usemtl material_1507
f 3812/1289/3812 3854/1103/3854 3818/1202/3818

usemtl material_832
f 3859/3122/3859 3871/1232/3871 3823/1231/3823

usemtl material_2719
f 3869/1234/3869 3872/1142/3872 3870/1143/3870

usemtl material_2720
f 3882/1107/3882 3902/1237/3902 3853/1236/3853

usemtl material_2721
f 3850/1238/3850 3902/1237/3902 3903/3106/3903

usemtl material_2722
f 3850/1238/3850 3903/3106/3903 3852/1239/3852

usemtl material_2723
f 3903/3106/3903 3904/3112/3904 3852/1239/3852

usemtl material_2724
f 3852/1239/3852 3904/3112/3904 4023/1240/4023

usemtl material_2693
f 11/3107/11 14/3073/14 2/3115/2

usemtl material_1595
f 399/1207/399 468/1114/468 401/1113/401

usemtl material_2725
vt 0.9075693 0.2762042
f 49/3116/49 56/3110/56 48/3131/48

usemtl material_1237
f 2676/1211/2676 2726/1124/2726 2717/1125/2717

usemtl material_2726
vt 0.8630854 0.7620196
f 3449/3128/3449 3453/1195/3453 3446/3132/3446

usemtl material_2727
f 3455/1154/3455 3456/1090/3456 3448/3129/3448

usemtl material_2728
f 3452/1251/3452 3455/1154/3455 3448/3129/3448

usemtl material_390
f 3780/1308/3780 3786/1133/3786 3784/3126/3784

usemtl material_1805
vt 0.6212214 0.0121230
f 3688/3133/3688 3692/3119/3692 3698/1334/3698

usemtl material_2729
f 3698/1334/3698 3692/3119/3692 3702/3120/3702

usemtl material_2730
f 3698/1334/3698 3702/3120/3702 3701/1225/3701

usemtl material_2731
f 3701/1225/3701 3702/3120/3702 3699/1223/3699

usemtl material_2732
f 3750/1261/3750 3751/1198/3751 3749/3130/3749

usemtl material_2733
f 3789/1222/3789 3791/1099/3791 3796/1179/3796

usemtl material_708
f 3798/1311/3798 3800/1135/3800 3801/1284/3801
f 3801/1284/3801 3802/3121/3802 3806/1136/3806

usemtl material_602
f 3811/1379/3811 3809/1286/3809 3812/1289/3812

usemtl material_777
f 3819/1229/3819 3860/1141/3860 3859/3122/3859

usemtl material_1491
f 3869/1234/3869 3870/1143/3870 3856/1267/3856

usemtl material_820
f 3833/1269/3833 3868/1183/3868 3839/1235/3839

usemtl material_2734
f 3839/1235/3839 3879/1184/3879 3882/1107/3882

usemtl material_2735
f 3839/1235/3839 3882/1107/3882 3853/1236/3853

usemtl material_2736
vt 0.8800312 0.0487954
f 22/3114/22 19/3099/19 12/3134/12

usemtl material_2737
f 12/3134/12 19/3099/19 13/3094/13

usemtl material_2738
vt 0.9152694 0.2724474
f 56/3110/56 117/3117/117 91/3135/91

usemtl material_2739
f 2779/1244/2779 2737/1170/2737 2719/1208/2719

usemtl material_1556
f 3451/1279/3451 3460/3124/3460 3464/1191/3464

usemtl material_2740
f 3458/1193/3458 3461/1192/3461 3460/3124/3460

usemtl material_1450
f 3458/1193/3458 3460/3124/3460 3451/1279/3451

usemtl material_2741
f 3446/3132/3446 3453/1195/3453 3458/1193/3458

usemtl material_2742
f 2638/1253/2638 2689/1093/2689 2687/1098/2687

usemtl material_2743
f 2638/1253/2638 2687/1098/2687 2640/1259/2640

usemtl material_2744
f 3691/1226/3691 3692/3119/3692 3688/3133/3688

usemtl material_713
f 3810/1287/3810 3809/1286/3809 3811/1379/3811

usemtl material_833
f 3819/1229/3819 3859/3122/3859 3823/1231/3823

usemtl material_2745
f 3830/1292/3830 3869/1234/3869 3856/1267/3856

usemtl material_2688
f 3856/1267/3856 3868/1183/3868 3832/1268/3832

usemtl material_2746
vt 0.8955519 0.0419317
vt 0.8928230 0.0439391
f 122/3136/122 129/3127/129 67/3137/67

usemtl material_2747
f 67/3137/67 129/3127/129 22/3114/22

usemtl material_2520
vt 0.8551118 0.7511310
f 3445/3138/3445 3450/3125/3450 3449/3128/3449

usemtl material_450
f 3445/3138/3445 3449/3128/3449 3446/3132/3446

usemtl material_1767
f 3448/3129/3448 3450/3125/3450 3445/3138/3445

usemtl material_2748
f 3749/3130/3749 3780/1308/3780 3781/1307/3781

usemtl material_1390
f 3780/1308/3780 3784/3126/3784 3783/1309/3783

usemtl material_2749
f 3783/1309/3783 3784/3126/3784 3785/1221/3785

usemtl material_2750
vt 0.6145824 0.0814412
f 3701/1225/3701 3700/1224/3700 3705/3139/3705

usemtl material_1110
f 3754/1282/3754 3750/1261/3750 3747/1336/3747

usemtl material_2751
f 3747/1336/3747 3750/1261/3750 3749/3130/3749

usemtl material_2752
f 3747/1336/3747 3749/3130/3749 3748/1377/3748

usemtl material_2753
f 3690/1283/3690 3691/1226/3691 3688/3133/3688

usemtl material_1806
f 3707/1262/3707 3700/1224/3700 3708/1199/3708

usemtl material_2658
f 3798/1311/3798 3801/1284/3801 3804/1312/3804

usemtl material_2754
f 11/3107/11 12/3134/12 13/3094/13

usemtl material_2693
vt 0.8678471 0.1959801
f 2/3115/2 27/3091/27 3/3140/3
vt 0.8859366 0.2507449
f 3/3140/3 27/3091/27 28/3141/28

usemtl material_2673
f 28/3141/28 27/3091/27 49/3116/49

usemtl material_2755
vt 0.9067377 0.2811941
f 56/3110/56 91/3135/91 69/3142/69

usemtl material_2756
f 48/3131/48 56/3110/56 69/3142/69

usemtl material_2757
f 3446/3132/3446 3458/1193/3458 3451/1279/3451

usemtl material_2758
f 3452/1251/3452 3448/3129/3448 3447/1328/3447

usemtl material_2759
f 3748/1377/3748 3749/3130/3749 3781/1307/3781

usemtl material_2760
vt 0.6134098 0.1495959
f 3788/3143/3788 3785/1221/3785 3789/1222/3789

usemtl material_394
f 3788/3143/3788 3789/1222/3789 3790/1310/3790

usemtl material_2761
f 3690/1283/3690 3688/3133/3688 3687/1338/3687

usemtl material_1723
f 3687/1338/3687 3688/3133/3688 3689/1333/3689

usemtl material_2762
f 3689/1333/3689 3688/3133/3688 3698/1334/3698

usemtl material_2763
f 3705/3139/3705 3700/1224/3700 3707/1262/3707

usemtl material_1305
vt 0.6200914 0.4120408
f 3812/1289/3812 3685/1290/3685 3813/3144/3813

usemtl material_1470
vt 0.6282027 0.4948620
f 3825/3145/3825 3819/1229/3819 3823/1231/3823

usemtl material_2764
vt 0.6327147 0.7003980
f 3839/1235/3839 3853/1236/3853 3845/3146/3845

usemtl material_2765
f 3845/3146/3845 3853/1236/3853 3850/1238/3850

usemtl material_2766
f 3850/1238/3850 3852/1239/3852 3851/1315/3851

usemtl material_2767
f 3851/1315/3851 3963/1241/3963 4076/1423/4076

usemtl material_2768
vt 0.8845717 0.0398447
f 21/3147/21 67/3137/67 22/3114/22

usemtl material_2769
f 21/3147/21 22/3114/22 12/3134/12

usemtl material_1322
f 590/1273/590 423/1272/423 422/1317/422

usemtl material_1450
f 473/1320/473 469/1146/469 399/1207/399

usemtl material_1219
f 3444/1350/3444 3451/1279/3451 3465/1278/3465

usemtl material_699
f 3440/1351/3440 3446/3132/3446 3451/1279/3451

usemtl material_2770
f 3783/1309/3783 3785/1221/3785 3788/3143/3788

usemtl material_2771
f 3698/1334/3698 3701/1225/3701 3705/3139/3705

usemtl material_547
vt 0.6110395 0.2143068
f 3790/1310/3790 3796/1179/3796 3797/3148/3797

usemtl material_577
f 3797/3148/3797 3796/1179/3796 3798/1311/3798

usemtl material_502
vt 0.6116809 0.0876451
f 3709/3149/3709 3705/3139/3705 3707/1262/3707

usemtl material_2772
f 3709/3149/3709 3707/1262/3707 3720/1363/3720

usemtl material_2773
f 3720/1363/3720 3707/1262/3707 3754/1282/3754

usemtl material_1507
f 3811/1379/3811 3812/1289/3812 3813/3144/3813

usemtl material_492
f 821/1291/821 775/1339/775 823/1230/823

usemtl material_964
vt 0.6278083 0.5445309
f 3823/1231/3823 3824/1233/3824 3821/3150/3821

usemtl material_1491
f 3828/1382/3828 3830/1292/3830 3856/1267/3856

usemtl material_2667
f 3828/1382/3828 3856/1267/3856 3832/1268/3832

usemtl material_2774
vt 0.8855931 0.0377923
f 121/3151/121 122/3136/122 21/3147/21

usemtl material_2775
f 21/3147/21 122/3136/122 67/3137/67

usemtl material_2776
f 28/3141/28 49/3116/49 48/3131/48

usemtl material_2777
f 2753/1346/2753 2709/1297/2709 2663/1324/2663

usemtl material_2489
vt 0.8470657 0.7366809
f 3447/1328/3447 3448/3129/3448 3437/3152/3437

usemtl material_2028
f 3706/1335/3706 3698/1334/3698 3705/3139/3705

usemtl material_601
vt 0.6144287 0.3074521
f 3804/1312/3804 3807/1285/3807 3814/3153/3814

usemtl material_1580
f 3814/3153/3814 3807/1285/3807 3810/1287/3810

usemtl material_777
vt 0.6190105 0.4678497
f 3686/3154/3686 3685/1290/3685 3819/1229/3819

usemtl material_1381
f 3686/3154/3686 3819/1229/3819 3825/3145/3825

usemtl material_1270
f 3820/1486/3820 3823/1231/3823 3821/3150/3821

usemtl material_2704
f 3824/1233/3824 3830/1292/3830 3827/1383/3827

usemtl material_2778
vt 0.6299742 0.6364666
f 3831/3155/3831 3828/1382/3828 3832/1268/3832

usemtl material_2779
f 3831/3155/3831 3832/1268/3832 3833/1269/3833

usemtl material_2780
vt 0.6290918 0.6646407
f 3831/3155/3831 3833/1269/3833 3834/3156/3834

usemtl material_2781
vt 0.6300911 0.6884316
f 3833/1269/3833 3839/1235/3839 3835/3157/3835

usemtl material_2782
f 3834/3156/3834 3833/1269/3833 3835/3157/3835

usemtl material_2783
f 3835/3157/3835 3839/1235/3839 3845/3146/3845

usemtl material_2784
vt 0.6284842 0.7148955
f 3845/3146/3845 3850/1238/3850 3846/3158/3846

usemtl material_2785
vt 0.6313949 0.7271521
f 3846/3158/3846 3850/1238/3850 3849/3159/3849

usemtl material_2786
f 3850/1238/3850 3851/1315/3851 3849/3159/3849

usemtl material_2787
f 3849/3159/3849 3851/1315/3851 4076/1423/4076

usemtl material_1252
f 473/1320/473 399/1207/399 425/1370/425

usemtl material_1300
f 3463/1372/3463 3444/1350/3444 3465/1278/3465

usemtl material_1538
f 3445/3138/3445 3446/3132/3446 3440/1351/3440

usemtl material_703
f 3437/3152/3437 3448/3129/3448 3445/3138/3445

usemtl material_2788
f 3438/1373/3438 3447/1328/3447 3437/3152/3437

usemtl material_2789
vt 0.6046042 0.1142672
f 3782/1376/3782 3781/1307/3781 3794/3160/3794

usemtl material_2026
f 3794/3160/3794 3781/1307/3781 3783/1309/3783

usemtl material_2790
vt 0.6043304 0.1484349
f 3783/1309/3783 3788/3143/3788 3795/3161/3795

usemtl material_2791
f 4095/1365/4095 3687/1338/3687 3689/1333/3689

usemtl material_601
f 3797/3148/3797 3798/1311/3798 3799/1364/3799

usemtl material_577
f 3799/1364/3799 3798/1311/3798 3805/1313/3805

usemtl material_547
f 3799/1364/3799 3804/1312/3804 3814/3153/3814

usemtl material_803
vt 0.6132727 0.3303246
f 3814/3153/3814 3810/1287/3810 3815/3162/3815

usemtl material_891
f 3815/3162/3815 3810/1287/3810 3816/1378/3816

usemtl material_633
f 3816/1378/3816 3811/1379/3811 3684/1449/3684
f 3684/1449/3684 3811/1379/3811 3813/3144/3813

usemtl material_2792
f 3825/3145/3825 3823/1231/3823 3820/1486/3820

usemtl material_993
f 3821/3150/3821 3824/1233/3824 3827/1383/3827

usemtl material_1294
vt 0.6217706 0.6052824
f 3829/3163/3829 3828/1382/3828 3831/3155/3831

usemtl material_2793
f 2753/1346/2753 2663/1324/2663 2712/1433/2712

usemtl material_1185
f 3746/1533/3746 3748/1377/3748 3782/1376/3782

usemtl material_2794
vt 0.6044100 0.1593099
f 3795/3161/3795 3788/3143/3788 3858/3164/3858

usemtl material_2795
vt 0.6027959 0.0148446
f 3711/3165/3711 3689/1333/3689 3706/1335/3706

usemtl material_2796
vt 0.6018896 0.0861735
f 3712/1447/3712 3705/3139/3705 3714/3166/3714

usemtl material_2557
f 3714/3166/3714 3705/3139/3705 3709/3149/3709

usemtl material_2797
f 3753/1337/3753 3747/1336/3747 3744/1534/3744

usemtl material_2798
f 3744/1534/3744 3747/1336/3747 3746/1533/3746

usemtl material_9
f 3746/1533/3746 3747/1336/3747 3748/1377/3748

usemtl material_713
vt 0.6103335 0.2403880
f 3863/3167/3863 3797/3148/3797 3799/1364/3799
vt 0.6116155 0.2797899
f 3799/1364/3799 3814/3153/3814 3817/3168/3817

usemtl material_474
f 3684/1449/3684 3813/3144/3813 3685/1290/3685

usemtl material_649
f 3684/1449/3684 3685/1290/3685 3686/3154/3686

usemtl material_1470
vt 0.6147377 0.4815309
f 3826/3169/3826 3686/3154/3686 3825/3145/3825

usemtl material_893
f 3826/3169/3826 3825/3145/3825 3820/1486/3820

usemtl material_2799
f 773/1266/773 758/1396/758 760/1369/760

usemtl material_1217
f 3827/1383/3827 3828/1382/3828 3829/3163/3829

usemtl material_2800
vt 0.6223139 0.6896754
f 3834/3156/3834 3835/3157/3835 3836/3170/3836

usemtl material_2801
vt 0.6228913 0.7002475
f 3835/3157/3835 3845/3146/3845 3844/3171/3844

usemtl material_2802
f 3836/3170/3836 3835/3157/3835 3844/3171/3844

usemtl material_2803
f 3844/3171/3844 3845/3146/3845 3846/3158/3846

usemtl material_2804
f 3846/3158/3846 3849/3159/3849 3848/1422/3848

usemtl material_2805
f 3848/1422/3848 3849/3159/3849 4076/1423/4076

usemtl material_583
f 3442/1409/3442 3440/1351/3440 3444/1350/3444

usemtl material_2806
vt 0.8449517 0.7473677
f 3427/3172/3427 3445/3138/3445 3440/1351/3440

usemtl material_2807
f 3437/3152/3437 3445/3138/3445 3427/3172/3427

usemtl material_2808
f 3794/3160/3794 3783/1309/3783 3795/3161/3795

usemtl material_321
vt 0.6052031 0.1847026
f 3858/3164/3858 3788/3143/3788 3857/3173/3857

usemtl material_2809
f 3788/3143/3788 3790/1310/3790 3857/3173/3857

usemtl material_394
f 3857/3173/3857 3790/1310/3790 3797/3148/3797

usemtl material_1795
f 3718/1395/3718 3689/1333/3689 3711/3165/3711

usemtl material_2810
f 3706/1335/3706 3705/3139/3705 3712/1447/3712

usemtl material_1258
f 3714/3166/3714 3709/3149/3709 3719/1419/3719

usemtl material_1376
f 3719/1419/3719 3753/1337/3753 3744/1534/3744

usemtl material_1067
f 3709/3149/3709 3720/1363/3720 3719/1419/3719

usemtl material_2811
vt 0.8764788 0.0349253
f 73/3174/73 121/3151/121 21/3147/21

usemtl material_936
f 318/1342/318 433/1341/433 322/1452/322

usemtl material_1538
f 3428/1437/3428 3427/3172/3427 3440/1351/3440

usemtl material_1537
f 3429/1569/3429 3438/1373/3438 3437/3152/3437

usemtl material_2812
f 3439/1503/3439 3490/1355/3490 3438/1373/3438

usemtl material_2813
f 3711/3165/3711 3706/1335/3706 3713/1446/3713

usemtl material_435
vt 0.6025223 0.2193389
f 3857/3173/3857 3797/3148/3797 3878/3175/3878

usemtl material_803
f 3878/3175/3878 3797/3148/3797 3863/3167/3863

usemtl material_2814
vt 0.6030551 0.0920712
f 3721/3176/3721 3719/1419/3719 3744/1534/3744

usemtl material_602
vt 0.5969353 0.2993584
f 3893/3177/3893 3817/3168/3817 3814/3153/3814

usemtl material_633
vt 0.6069300 0.3494951
f 3875/3178/3875 3815/3162/3815 3816/1378/3816

usemtl material_715
f 3875/3178/3875 3816/1378/3816 3843/1450/3843

usemtl material_2815
f 3843/1450/3843 3684/1449/3684 3686/3154/3686

usemtl material_930
vt 0.6134731 0.4589580
f 3843/1450/3843 3686/3154/3686 3842/3179/3842

usemtl material_832
f 3842/3179/3842 3686/3154/3686 3826/3169/3826

usemtl material_1444
f 3820/1486/3820 3821/3150/3821 3822/1487/3822

usemtl material_2704
f 3822/1487/3822 3821/3150/3821 3827/1383/3827

usemtl material_2816
vt 0.6160623 0.6364551
f 3829/3163/3829 3831/3155/3831 3837/3180/3837

usemtl material_2817
vt 0.6194394 0.6668760
f 3837/3180/3837 3831/3155/3831 3838/3181/3838

usemtl material_2818
f 3831/3155/3831 3834/3156/3834 3838/3181/3838

usemtl material_2819
f 3838/3181/3838 3834/3156/3834 3836/3170/3836

usemtl material_2820
f 3844/3171/3844 3846/3158/3846 3847/1491/3847

usemtl material_2821
f 3846/3158/3846 3848/1422/3848 3847/1491/3847

usemtl material_2822
f 3950/1493/3950 3848/1422/3848 4085/1424/4085

usemtl material_2823
f 475/1405/475 473/1320/473 425/1370/425

usemtl material_2824
vt 0.8973459 0.2893221
f 48/3131/48 69/3142/69 68/3182/68

usemtl material_2825
f 2753/1346/2753 2712/1433/2712 2722/1459/2722

usemtl material_2523
f 3429/1569/3429 3437/3152/3437 3427/3172/3427

usemtl material_1318
f 3439/1503/3439 3438/1373/3438 3429/1569/3429

usemtl material_2826
vt 0.5984587 0.0110241
f 3738/1417/3738 3718/1395/3718 3717/3183/3717

usemtl material_1795
f 3717/3183/3717 3718/1395/3718 3711/3165/3711

usemtl material_1137
f 3714/3166/3714 3719/1419/3719 3721/3176/3721

usemtl material_714
f 3893/3177/3893 3814/3153/3814 3815/3162/3815

usemtl material_1270
f 3826/3169/3826 3820/1486/3820 3866/1488/3866

usemtl material_1491
f 3827/1383/3827 3829/3163/3829 3840/1490/3840

usemtl material_635
f 497/1465/497 161/1402/161 162/1425/162

usemtl material_1246
f 534/1514/534 536/1466/536 497/1465/497

usemtl material_1153
f 497/1465/497 536/1466/536 496/1426/496

usemtl material_2827
vt 0.8894933 0.2911177
f 46/3184/46 48/3131/48 68/3182/68

usemtl material_1582
f 3473/1475/3473 3454/1408/3454 3463/1372/3463

usemtl material_2828
vt 0.5928471 0.1129551
f 3782/1376/3782 3794/3160/3794 3901/3185/3901

usemtl material_2829
vt 0.5965801 0.1808852
f 3858/3164/3858 3857/3173/3857 3895/3186/3895

usemtl material_2830
f 3779/1483/3779 3738/1417/3738 3717/3183/3717

usemtl material_2831
f 3715/1482/3715 3712/1447/3712 3714/3166/3714

usemtl material_1137
f 3714/3166/3714 3721/3176/3721 3723/1536/3723

usemtl material_803
vt 0.6001405 0.2708318
f 3863/3167/3863 3799/1364/3799 3894/3187/3894
f 3894/3187/3894 3799/1364/3799 3817/3168/3817

usemtl material_891
f 3894/3187/3894 3817/3168/3817 3893/3177/3893

usemtl material_2832
vt 0.6136668 0.5352631
f 3866/1488/3866 3822/1487/3822 3864/3188/3864

usemtl material_2833
f 3864/3188/3864 3822/1487/3822 3840/1490/3840

usemtl material_2834
f 3840/1490/3840 3829/3163/3829 3841/1601/3841

usemtl material_2835
f 3841/1601/3841 3829/3163/3829 3837/3180/3837

usemtl material_2836
vt 0.6160597 0.6575733
vt 0.6164111 0.6885274
f 3861/3189/3861 3838/3181/3838 3862/3190/3862

usemtl material_2837
f 3862/3190/3862 3838/3181/3838 3836/3170/3836

usemtl material_822
f 3836/3170/3836 3844/3171/3844 3862/3190/3862

usemtl material_2838
vt 0.6157398 0.7023714
f 3862/3190/3862 3844/3171/3844 3867/3191/3867

usemtl material_2839
f 3867/3191/3867 3844/3171/3844 3847/1491/3847

usemtl material_2840
vt 0.6161967 0.7323357
f 3950/1493/3950 4085/1424/4085 4094/3192/4094

usemtl material_2617
vt 0.8676872 0.0338243
f 20/3193/20 73/3174/73 21/3147/21

usemtl material_855
f 605/1539/605 497/1465/497 162/1425/162

usemtl material_1632
f 445/1497/445 475/1405/475 425/1370/425

usemtl material_2841
f 2722/1459/2722 2617/1432/2617 2615/1474/2615

usemtl material_450
vt 0.8320462 0.7514616
f 3426/3194/3426 3427/3172/3427 3428/1437/3428

usemtl material_1020
f 3423/1570/3423 3429/1569/3429 3427/3172/3427

usemtl material_2842
f 3901/3185/3901 3794/3160/3794 3795/3161/3795

usemtl material_2843
vt 0.5970190 0.1493379
f 3901/3185/3901 3795/3161/3795 3896/3195/3896

usemtl material_2844
f 3896/3195/3896 3795/3161/3795 3858/3164/3858

usemtl material_2845
f 3896/3195/3896 3858/3164/3858 3895/3186/3895

usemtl material_2846
vt 0.5935805 0.0144869
f 3717/3183/3717 3711/3165/3711 3716/3196/3716

usemtl material_2368
f 3716/3196/3716 3711/3165/3711 3713/1446/3713

usemtl material_699
vt 0.5942039 0.0851719
f 3715/1482/3715 3714/3166/3714 3722/3197/3722

usemtl material_465
f 3857/3173/3857 3878/3175/3878 3895/3186/3895

usemtl material_2632
f 3721/3176/3721 3744/1534/3744 3723/1536/3723

usemtl material_891
f 3878/3175/3878 3863/3167/3863 3894/3187/3894

usemtl material_929
f 3875/3178/3875 3843/1450/3843 3911/1632/3911

usemtl material_807
f 3914/1633/3914 3843/1450/3843 3842/3179/3842

usemtl material_2847
f 3837/3180/3837 3838/3181/3838 3861/3189/3861

usemtl material_2848
vt 0.8689040 0.0325878
f 99/3198/99 73/3174/73 20/3193/20

usemtl material_1102
f 534/1514/534 497/1465/497 605/1539/605

usemtl material_1556
f 533/1540/533 534/1514/534 605/1539/605

usemtl material_2849
vt 0.8415910 0.1545044
f 11/3107/11 2/3115/2 1/3199/1

usemtl material_1636
f 585/1456/585 590/1273/590 422/1317/422

usemtl material_1746
f 595/1318/595 596/1274/596 585/1456/585

usemtl material_2850
vt 0.8869665 0.2949883
f 46/3184/46 68/3182/68 72/3200/72

usemtl material_1450
f 3441/1551/3441 3442/1409/3442 3454/1408/3454

usemtl material_142
f 3441/1551/3441 3428/1437/3428 3442/1409/3442

usemtl material_1204
f 3423/1570/3423 3427/3172/3427 3426/3194/3426

usemtl material_169
f 3745/1532/3745 3782/1376/3782 3901/3185/3901

usemtl material_2851
f 3716/3196/3716 3713/1446/3713 3715/1482/3715

usemtl material_1303
f 3722/3197/3722 3714/3166/3714 3723/1536/3723

usemtl material_472
f 3744/1534/3744 3746/1533/3746 3745/1532/3745

usemtl material_891
vt 0.5943611 0.2410597
f 3895/3186/3895 3878/3175/3878 3897/3201/3897

usemtl material_2852
f 4118/1418/4118 3779/1483/3779 4119/1653/4119

usemtl material_435
f 3897/3201/3897 3878/3175/3878 3894/3187/3894

usemtl material_852
vt 0.5950125 0.3357824
f 3910/3202/3910 3815/3162/3815 3875/3178/3875

usemtl material_930
f 3911/1632/3911 3843/1450/3843 3914/1633/3914

usemtl material_832
f 3915/1655/3915 3842/3179/3842 3826/3169/3826

usemtl material_1270
f 3916/1656/3916 3826/3169/3826 3866/1488/3866

usemtl material_1444
f 3916/1656/3916 3866/1488/3866 3864/3188/3864

usemtl material_2853
f 3920/1556/3920 3864/3188/3864 3840/1490/3840

usemtl material_2854
f 3889/1555/3889 3840/1490/3840 3841/1601/3841

usemtl material_738
f 3888/1602/3888 3837/3180/3837 3861/3189/3861

usemtl material_2855
f 3867/3191/3867 3847/1491/3847 3877/1689/3877

usemtl material_2856
f 3877/1689/3877 3847/1491/3847 3865/1492/3865

usemtl material_2857
f 3865/1492/3865 3950/1493/3950 4094/3192/4094

usemtl material_2858
f 20/3193/20 21/3147/21 12/3134/12

usemtl material_902
f 490/1538/490 162/1425/162 171/1401/171

usemtl material_2859
f 2780/1619/2780 2722/1459/2722 2657/1567/2657

usemtl material_2860
f 2657/1567/2657 2722/1459/2722 2615/1474/2615

usemtl material_1220
f 3472/1550/3472 3454/1408/3454 3473/1475/3473

usemtl material_2861
vt 0.8238320 0.7569847
f 3418/3203/3418 3428/1437/3428 3441/1551/3441

usemtl material_230
f 3426/3194/3426 3428/1437/3428 3418/3203/3418

usemtl material_2085
f 3434/1552/3434 3439/1503/3439 3429/1569/3429

usemtl material_2000
f 1028/1477/1028 1033/1329/1033 1048/1626/1048

usemtl material_2862
f 3896/3195/3896 3895/3186/3895 3927/1630/3927

usemtl material_2863
f 3779/1483/3779 3717/3183/3717 3732/1651/3732

usemtl material_2864
f 3732/1651/3732 3717/3183/3717 3716/3196/3716

usemtl material_2865
f 3728/1535/3728 3744/1534/3744 3745/1532/3745

usemtl material_891
f 3927/1630/3927 3895/3186/3895 3897/3201/3897

usemtl material_670
f 3893/3177/3893 3815/3162/3815 3910/3202/3910

usemtl material_832
f 3914/1633/3914 3842/3179/3842 3915/1655/3915

usemtl material_2866
f 3915/1655/3915 3826/3169/3826 3916/1656/3916

usemtl material_871
f 3888/1602/3888 3861/3189/3861 3890/1659/3890

usemtl material_2867
vt 0.6050171 0.7275826
f 3877/1689/3877 3865/1492/3865 3891/3204/3891

usemtl material_2868
vt 0.6080176 0.7306467
f 4071/3205/4071 3865/1492/3865 4094/3192/4094

usemtl material_1522
f 535/1515/535 532/1541/532 402/1560/402

usemtl material_1074
vt 0.8928571 0.3338997
vt 0.8917000 0.3408096
vt 0.8879138 0.3380605
f 3676/3206/3676 3683/3207/3683 3656/3208/3656

usemtl material_2869
f 3653/1582/3653 3676/3206/3676 3656/3208/3656

usemtl material_1422
f 479/1647/479 476/1469/476 445/1497/445

usemtl material_2870
vt 0.5857552 0.0143130
f 3729/3209/3729 3716/3196/3716 3715/1482/3715

usemtl material_2871
vt 0.5849695 0.1152092
f 3936/3210/3936 3901/3185/3901 3934/1629/3934

usemtl material_2872
f 3934/1629/3934 3901/3185/3901 3896/3195/3896

usemtl material_2873
f 3934/1629/3934 3896/3195/3896 3927/1630/3927

usemtl material_2874
f 4119/1653/4119 3779/1483/3779 3732/1651/3732

usemtl material_527
vt 0.5881532 0.0880935
f 3727/3211/3727 3722/3197/3722 3723/1536/3723

usemtl material_659
f 3727/3211/3727 3723/1536/3723 3728/1535/3728

usemtl material_713
vt 0.5886416 0.2631761
f 3926/3212/3926 3897/3201/3897 3894/3187/3894

usemtl material_715
f 3910/3202/3910 3875/3178/3875 3911/1632/3911

usemtl material_833
f 3913/1634/3913 3914/1633/3914 3915/1655/3915

usemtl material_2667
f 3888/1602/3888 3841/1601/3841 3837/3180/3837

usemtl material_2875
vt 0.6046360 0.6855066
f 3898/3213/3898 3861/3189/3861 3862/3190/3862

usemtl material_2876
f 3898/3213/3898 3862/3190/3862 3867/3191/3867

usemtl material_2818
f 3892/1688/3892 3867/3191/3867 3877/1689/3877

usemtl material_2877
f 3891/3204/3891 3865/1492/3865 4071/3205/4071

usemtl material_2878
vt 0.8611191 0.0289934
vt 0.8576759 0.0312988
f 128/3214/128 99/3198/99 60/3215/60

usemtl material_2879
f 60/3215/60 99/3198/99 20/3193/20

usemtl material_638
f 604/1559/604 241/1604/241 402/1560/402

usemtl material_1729
vt 0.8010023 0.4865683
f 400/3216/400 402/1560/402 241/1604/241

usemtl material_638
f 400/3216/400 241/1604/241 268/1606/268

usemtl material_1382
f 3653/1582/3653 3656/3208/3656 3652/1583/3652

usemtl material_635
f 3652/1583/3652 3656/3208/3656 3672/1607/3672

usemtl material_1466
f 594/1615/594 595/1318/595 585/1456/585

usemtl material_1220
f 364/1617/364 445/1497/445 365/1427/365

usemtl material_2880
f 3420/1733/3420 3426/3194/3426 3418/3203/3418

usemtl material_450
f 3420/1733/3420 3423/1570/3423 3426/3194/3426

usemtl material_2881
vt 0.5831786 0.0110727
f 3731/3217/3731 3732/1651/3732 3716/3196/3716

usemtl material_2194
vt 0.5859281 0.0713854
f 3729/3209/3729 3715/1482/3715 3730/3218/3730

usemtl material_120
f 3715/1482/3715 3722/3197/3722 3727/3211/3727

usemtl material_2216
f 3730/3218/3730 3715/1482/3715 3727/3211/3727

usemtl material_2882
f 3745/1532/3745 3901/3185/3901 3977/1756/3977

usemtl material_1580
vt 0.5823045 0.2136793
f 3927/1630/3927 3897/3201/3897 3932/3219/3932

usemtl material_602
f 3926/3212/3926 3894/3187/3894 3893/3177/3893

usemtl material_1126
f 3912/1717/3912 3910/3202/3910 3911/1632/3911

usemtl material_2832
vt 0.5949561 0.5543556
f 3919/3220/3919 3864/3188/3864 3920/1556/3920

usemtl material_2682
f 3919/3220/3919 3920/1556/3920 3889/1555/3889

usemtl material_2883
f 3890/1659/3890 3861/3189/3861 3898/3213/3898

usemtl material_2884
f 3898/3213/3898 3867/3191/3867 3892/1688/3892

usemtl material_1027
f 604/1559/604 240/1643/240 241/1604/241

usemtl material_2869
f 3651/1584/3651 3652/1583/3652 3650/1608/3650

usemtl material_1595
f 585/1456/585 422/1317/422 410/1614/410

usemtl material_1219
f 479/1647/479 445/1497/445 364/1617/364

usemtl material_2885
vt 0.8797694 0.2968582
f 46/3184/46 72/3200/72 47/3221/47

usemtl material_2865
f 3433/1624/3433 3434/1552/3434 3423/1570/3423

usemtl material_2003
f 3731/3217/3731 3716/3196/3716 3729/3209/3729

usemtl material_2886
f 3728/1535/3728 3745/1532/3745 3758/1758/3758

usemtl material_2887
f 3758/1758/3758 3745/1532/3745 3977/1756/3977

usemtl material_1269
f 3913/1634/3913 3912/1717/3912 3911/1632/3911

usemtl material_964
f 3919/3220/3919 3916/1656/3916 3864/3188/3864

usemtl material_2704
vt 0.5941670 0.6081485
f 3889/1555/3889 3888/1602/3888 3921/3222/3921

usemtl material_2888
vt 0.8532450 0.0292174
f 102/3223/102 128/3214/128 60/3215/60

usemtl material_1246
f 530/1603/530 240/1643/240 604/1559/604

usemtl material_1846
f 3648/1664/3648 3651/1584/3651 3650/1608/3650

usemtl material_2849
f 1/3199/1 2/3115/2 3/3140/3

usemtl material_1631
f 3421/1735/3421 3423/1570/3423 3420/1733/3420

usemtl material_1496
vt 0.8182936 0.7326009
f 3433/1624/3433 3423/1570/3423 3424/3224/3424

usemtl material_961
f 3977/1756/3977 3901/3185/3901 3936/3210/3936

usemtl material_803
vt 0.5822386 0.1912786
f 3935/1631/3935 3927/1630/3927 3933/3225/3933

usemtl material_1643
vt 0.5793564 0.0864161
f 3730/3218/3730 3727/3211/3727 3733/3226/3733

usemtl material_584
f 3733/3226/3733 3727/3211/3727 3728/1535/3728

usemtl material_601
f 3933/3225/3933 3927/1630/3927 3932/3219/3932

usemtl material_694
f 3926/3212/3926 3932/3219/3932 3897/3201/3897

usemtl material_2889
vt 0.5850117 0.2663713
vt 0.5856510 0.3050807
f 3951/3227/3951 3926/3212/3926 3937/3228/3937

usemtl material_695
f 3926/3212/3926 3893/3177/3893 3937/3228/3937

usemtl material_985
f 3937/3228/3937 3893/3177/3893 3910/3202/3910

usemtl material_1403
vt 0.5912196 0.5055704
f 3917/1657/3917 3916/1656/3916 3918/3229/3918

usemtl material_2890
vt 0.5987469 0.7265038
f 3928/1690/3928 3891/3204/3891 3929/3230/3929

usemtl material_2891
f 3928/1690/3928 3877/1689/3877 3891/3204/3891

usemtl material_2892
vt 0.6001768 0.7321287
f 3891/3204/3891 4071/3205/4071 4082/3231/4082

usemtl material_2893
vt 0.8280827 0.0535295
f 10/3232/10 20/3193/20 12/3134/12

usemtl material_1246
f 529/1660/529 384/1694/384 240/1643/240

usemtl material_1432
f 530/1603/530 529/1660/529 240/1643/240

usemtl material_1636
f 3649/1662/3649 3648/1664/3648 3650/1608/3650

usemtl material_1485
vt 0.8671370 0.3306767
f 3646/3233/3646 3648/1664/3648 3647/1663/3647

usemtl material_2894
f 28/3141/28 48/3131/48 46/3184/46

usemtl material_2895
f 3418/3203/3418 3441/1551/3441 3443/1706/3443

usemtl material_2526
f 3424/3224/3424 3423/1570/3423 3421/1735/3421

usemtl material_2896
vt 0.5774670 0.1250593
f 3956/3234/3956 3936/3210/3936 3934/1629/3934

usemtl material_2897
f 4101/1652/4101 3732/1651/3732 3731/3217/3731

usemtl material_2898
vt 0.5769288 0.0147538
f 3734/3235/3734 3729/3209/3729 3730/3218/3730

usemtl material_2899
f 3763/1850/3763 3728/1535/3728 3758/1758/3758

usemtl material_1056
f 3932/3219/3932 3926/3212/3926 3951/3227/3951

usemtl material_1158
vt 0.5852832 0.3405833
f 3937/3228/3937 3910/3202/3910 3938/3236/3938

usemtl material_1007
f 3938/3236/3938 3910/3202/3910 3912/1717/3912

usemtl material_1472
vt 0.5916283 0.5218349
f 3922/3237/3922 3916/1656/3916 3919/3220/3919

usemtl material_424
vt 0.5966326 0.6676432
f 3899/3238/3899 3890/1659/3890 3898/3213/3898

usemtl material_2900
vt 0.5981410 0.6891649
f 3899/3238/3899 3898/3213/3898 3900/3239/3900

usemtl material_2901
f 3898/3213/3898 3892/1688/3892 3900/3239/3900

usemtl material_2902
f 3900/3239/3900 3892/1688/3892 3928/1690/3928

usemtl material_1197
f 528/1642/528 173/1558/173 174/1641/174

usemtl material_1486
f 3649/1662/3649 3650/1608/3650 3674/1721/3674

usemtl material_1027
f 3647/1663/3647 3649/1662/3649 3674/1721/3674

usemtl material_1632
f 484/1668/484 479/1647/479 363/1698/363

usemtl material_2604
vt 0.8768383 0.3003637
f 47/3221/47 72/3200/72 87/3240/87

usemtl material_1108
vt 0.5744351 0.1155210
f 3977/1756/3977 3936/3210/3936 3976/3241/3976

usemtl material_2903
f 3976/3241/3976 3936/3210/3936 3956/3234/3956

usemtl material_2904
vt 0.5775971 0.1500198
f 3956/3234/3956 3934/1629/3934 3957/3242/3957

usemtl material_2905
f 3957/3242/3957 3934/1629/3934 3935/1631/3935

usemtl material_2897
f 4101/1652/4101 3731/3217/3731 3736/1796/3736

usemtl material_2906
f 3736/1796/3736 3731/3217/3731 3729/3209/3729

usemtl material_2267
f 3736/1796/3736 3729/3209/3729 3734/3235/3734

usemtl material_2907
vt 0.5764897 0.0781004
f 3734/3235/3734 3730/3218/3730 3735/3243/3735

usemtl material_2908
f 3730/3218/3730 3733/3226/3733 3735/3243/3735

usemtl material_2632
f 3733/3226/3733 3728/1535/3728 3737/1852/3737

usemtl material_573
f 3737/1852/3737 3728/1535/3728 3763/1850/3763

usemtl material_1528
vt 0.5862800 0.3763069
f 3938/3236/3938 3912/1717/3912 3941/3244/3941
f 3941/3244/3941 3912/1717/3912 3940/1718/3940

usemtl material_1254
f 3940/1718/3940 3913/1634/3913 3939/1799/3939

usemtl material_1125
f 3939/1799/3939 3913/1634/3913 3923/1719/3923

usemtl material_1508
f 3923/1719/3923 3913/1634/3913 3915/1655/3915

usemtl material_1403
f 3918/3229/3918 3916/1656/3916 3922/3237/3922

usemtl material_2909
f 3921/3222/3921 3919/3220/3919 3889/1555/3889

usemtl material_2792
vt 0.5947185 0.6395981
f 3921/3222/3921 3888/1602/3888 3924/3245/3924

usemtl material_831
f 3924/3245/3924 3888/1602/3888 3925/1658/3925

usemtl material_2910
f 3925/1658/3925 3890/1659/3890 3899/3238/3899

usemtl material_2911
vt 0.5939867 0.7284756
f 3929/3230/3929 3891/3204/3891 3981/3246/3981

usemtl material_2912
f 3981/3246/3981 3891/3204/3891 4082/3231/4082

usemtl material_1298
f 528/1642/528 174/1641/174 526/1720/526

usemtl material_1027
f 3645/1723/3645 3647/1663/3647 3674/1721/3674

usemtl material_1467
f 3646/3233/3646 3647/1663/3647 3645/1723/3645

usemtl material_1597
vt 0.8607872 0.3310901
f 3643/3247/3643 3646/3233/3646 3645/1723/3645

usemtl material_1121
f 429/1751/429 585/1456/585 410/1614/410

usemtl material_2913
vt 0.8420820 0.2787313
f 28/3141/28 46/3184/46 30/3248/30

usemtl material_2914
vt 0.8377171 0.3029556
f 45/3249/45 46/3184/46 47/3221/47

usemtl material_1254
f 2468/1731/2468 2555/1622/2555 2449/1676/2449

usemtl material_1699
f 3417/1734/3417 3420/1733/3420 3418/3203/3418

usemtl material_889
vt 0.5748416 0.1815572
f 3987/3250/3987 3935/1631/3935 3933/3225/3933

usemtl material_1005
f 3923/1719/3923 3917/1657/3917 3918/3229/3918

usemtl material_1381
vt 0.5924469 0.5573668
f 3922/3237/3922 3919/3220/3919 3930/3251/3930

usemtl material_2866
vt 0.5934077 0.5852518
f 3930/3251/3930 3919/3220/3919 3931/3252/3931

usemtl material_2915
f 3931/3252/3931 3919/3220/3919 3921/3222/3921

usemtl material_1197
f 526/1720/526 176/1692/176 524/1760/524

usemtl material_1636
f 3643/3247/3643 3645/1723/3645 3644/1722/3644

usemtl material_2916
vt 0.8064237 0.7574790
f 3419/3253/3419 3418/3203/3418 3443/1706/3443

usemtl material_2103
f 3417/1734/3417 3418/3203/3418 3419/3253/3419

usemtl material_2917
f 3424/3224/3424 3421/1735/3421 3422/1769/3422

usemtl material_2918
f 3432/1754/3432 3433/1624/3433 3424/3224/3424

usemtl material_2919
vt 0.5701371 0.0119179
f 4013/3254/4013 3736/1796/3736 3734/3235/3734

usemtl material_1767
vt 0.5718424 0.0230195
f 3764/3255/3764 3734/3235/3734 3735/3243/3735

usemtl material_2920
f 3763/1850/3763 3758/1758/3758 3988/1757/3988

usemtl material_2921
vt 0.5689723 0.1517845
f 3986/3256/3986 3935/1631/3935 3987/3250/3987

usemtl material_1240
vt 0.5761401 0.2277645
f 3987/3250/3987 3933/3225/3933 3994/3257/3994

usemtl material_2922
f 3994/3257/3994 3933/3225/3933 3932/3219/3932

usemtl material_2923
f 3994/3257/3994 3932/3219/3932 3951/3227/3951

usemtl material_1157
vt 0.5788390 0.2669510
f 3994/3257/3994 3951/3227/3951 3991/3258/3991

usemtl material_1056
f 3991/3258/3991 3951/3227/3951 3937/3228/3937

usemtl material_1081
f 4007/1903/4007 3923/1719/3923 3918/3229/3918

usemtl material_2924
vt 0.5881566 0.6632341
f 3964/3259/3964 3899/3238/3899 3900/3239/3900

usemtl material_2925
vt 0.5923598 0.6940102
f 3978/3260/3978 3900/3239/3900 3928/1690/3928

usemtl material_2926
f 3928/1690/3928 3929/3230/3929 3981/3246/3981

usemtl material_2927
vt 0.8381358 0.0314068
f 60/3215/60 20/3193/20 23/3261/23

usemtl material_1636
f 3643/3247/3643 3644/1722/3644 3642/1761/3642

usemtl material_1382
vt 0.8083677 0.7678022
f 3457/3262/3457 3443/1706/3443 3469/1675/3469

usemtl material_2128
f 3457/3262/3457 3419/3253/3419 3443/1706/3443

usemtl material_2928
f 3956/3234/3956 3957/3242/3957 3986/3256/3986

usemtl material_2929
f 3957/3242/3957 3935/1631/3935 3986/3256/3986

usemtl material_2530
vt 0.5707669 0.0659003
f 4003/3263/4003 3764/3255/3764 3735/3243/3735

usemtl material_1204
vt 0.5710618 0.0887707
f 4003/3263/4003 3735/3243/3735 4002/3264/4002

usemtl material_2930
f 3735/3243/3735 3733/3226/3733 4002/3264/4002

usemtl material_883
f 4002/3264/4002 3733/3226/3733 3737/1852/3737

usemtl material_1054
vt 0.5748399 0.3435683
f 3938/3236/3938 3941/3244/3941 3996/3265/3996
vt 0.5795148 0.3959118
f 3996/3265/3996 3941/3244/3941 3989/3266/3989

usemtl material_1053
f 3989/3266/3989 3941/3244/3941 3940/1718/3940

usemtl material_992
f 3924/3245/3924 3925/1658/3925 3964/3259/3964

usemtl material_2931
f 3964/3259/3964 3925/1658/3925 3899/3238/3899

usemtl material_2932
f 3964/3259/3964 3900/3239/3900 3978/3260/3978

usemtl material_2933
vt 0.5907593 0.7155367
f 3978/3260/3978 3928/1690/3928 3982/3267/3982

usemtl material_2934
f 3982/3267/3982 3928/1690/3928 3981/3246/3981

usemtl material_2935
f 102/3223/102 60/3215/60 23/3261/23

usemtl material_2936
f 23/3261/23 20/3193/20 10/3232/10

usemtl material_1074
f 524/1760/524 176/1692/176 195/1774/195

usemtl material_2189
vt 0.8546582 0.3313124
f 3641/3268/3641 3643/3247/3643 3642/1761/3642

usemtl material_1716
f 593/1808/593 594/1615/594 429/1751/429
f 486/1752/486 484/1668/484 363/1698/363

usemtl material_1632
f 486/1752/486 363/1698/363 357/1820/357

usemtl material_2849
vt 0.8302142 0.2496511
f 29/3269/29 3/3140/3 28/3141/28

usemtl material_1757
f 3432/1754/3432 3424/3224/3424 3425/1898/3425

usemtl material_2937
f 3425/1898/3425 3424/3224/3424 3422/1769/3422

usemtl material_797
f 4096/1797/4096 3736/1796/3736 4013/3254/4013

usemtl material_2938
f 4013/3254/4013 3734/3235/3734 3764/3255/3764

usemtl material_600
vt 0.5626480 0.2132081
f 3995/3270/3995 3987/3250/3987 3994/3257/3994

usemtl material_1010
f 3937/3228/3937 3938/3236/3938 3996/3265/3996

usemtl material_2792
vt 0.5784322 0.6096564
f 3931/3252/3931 3921/3222/3921 3980/3271/3980

usemtl material_1470
f 3921/3222/3921 3924/3245/3924 3980/3271/3980

usemtl material_2939
vt 0.5867617 0.6379188
f 3980/3271/3980 3924/3245/3924 3979/3272/3979

usemtl material_2940
f 3979/3272/3979 3924/3245/3924 3964/3259/3964

usemtl material_2941
vt 0.5823677 0.7324945
f 3981/3246/3981 4082/3231/4082 4099/3273/4099

usemtl material_2942
vt 0.8353258 0.0292518
f 108/3274/108 102/3223/102 23/3261/23

usemtl material_2673
f 10/3232/10 12/3134/12 11/3107/11

usemtl material_1432
f 522/1801/522 524/1760/524 195/1774/195

usemtl material_1073
vt 0.8507274 0.3368824
f 3641/3268/3641 3642/1761/3642 3640/3275/3640

usemtl material_2943
vt 0.8590613 0.3038625
f 47/3221/47 87/3240/87 57/3276/57

usemtl material_2944
vt 0.8599248 0.3057986
f 57/3276/57 87/3240/87 109/3277/109

usemtl material_1220
f 3457/3262/3457 3469/1675/3469 3475/1729/3475

usemtl material_984
vt 0.5598269 0.1151133
f 3977/1756/3977 3976/3241/3976 4018/3278/4018

usemtl material_1056
vt 0.5651721 0.3130169
f 3992/3279/3992 3991/3258/3991 3937/3228/3937

usemtl material_2889
f 3937/3228/3937 3996/3265/3996 3992/3279/3992

usemtl material_781
vt 0.5672069 0.3717748
f 3998/3280/3998 3996/3265/3996 3989/3266/3989

usemtl material_1154
f 4007/1903/4007 3918/3229/3918 4011/1904/4011

usemtl material_1299
f 4011/1904/4011 3918/3229/3918 3922/3237/3922

usemtl material_2945
vt 0.5759094 0.5781916
f 3930/3251/3930 3931/3252/3931 4004/3281/4004

usemtl material_2946
vt 0.5817745 0.7273551
f 3982/3267/3982 3981/3246/3981 4012/3282/4012

usemtl material_634
f 3640/3275/3640 3642/1761/3642 3673/1863/3673

usemtl material_1504
vt 0.8491121 0.3315228
f 3639/3283/3639 3641/3268/3641 3640/3275/3640

usemtl material_1324
f 486/1752/486 357/1820/357 358/1914/358

usemtl material_2947
vt 0.7975919 0.7624527
f 3419/3253/3419 3457/3262/3457 3470/3284/3470

usemtl material_685
vt 0.5572292 0.0119815
f 4096/1797/4096 4013/3254/4013 4019/3285/4019

usemtl material_2948
f 4019/3285/4019 4013/3254/4013 3764/3255/3764

usemtl material_2630
vt 0.5581257 0.0257750
f 4015/3286/4015 3764/3255/3764 4003/3263/4003

usemtl material_1303
f 4002/3264/4002 3737/1852/3737 4020/1851/4020

usemtl material_2923
vt 0.5644711 0.2950759
f 3990/3287/3990 3991/3258/3991 3992/3279/3992

usemtl material_1053
vt 0.5701286 0.4341590
f 3989/3266/3989 3940/1718/3940 4010/3288/4010

usemtl material_1526
f 3923/1719/3923 4007/1903/4007 4008/1902/4008

usemtl material_1005
vt 0.5744711 0.5373052
f 4006/3289/4006 3922/3237/3922 3930/3251/3930

usemtl material_1470
f 4004/3281/4004 3931/3252/3931 3980/3271/3980

usemtl material_909
vt 0.5792466 0.6397449
f 3985/3290/3985 3980/3271/3980 3979/3272/3979

usemtl material_642
vt 0.5810631 0.6855623
f 3984/3291/3984 3964/3259/3964 3978/3260/3978

usemtl material_2949
vt 0.5817589 0.7118342
f 3984/3291/3984 3978/3260/3978 3983/3292/3983

usemtl material_2950
f 3978/3260/3978 3982/3267/3982 3983/3292/3983

usemtl material_1153
f 522/1801/522 195/1774/195 196/1887/196

usemtl material_771
f 195/1774/195 175/1744/175 196/1887/196

usemtl material_1073
f 3639/3283/3639 3640/3275/3640 3638/1862/3638

usemtl material_1486
f 3638/1862/3638 3640/3275/3640 3673/1863/3673

usemtl material_1324
vt 0.8432795 0.3313441
f 3639/3283/3639 3638/1862/3638 3637/3293/3637

usemtl material_1422
f 593/1808/593 429/1751/429 428/1830/428

usemtl material_1648
f 463/1817/463 593/1808/593 428/1830/428
f 501/1831/501 486/1752/486 358/1914/358

usemtl material_2951
f 4024/1848/4024 3977/1756/3977 4018/3278/4018

usemtl material_2952
vt 0.5606987 0.1780663
f 4000/3294/4000 3986/3256/3986 3987/3250/3987

usemtl material_2938
f 4019/3285/4019 3764/3255/3764 4015/3286/4015

usemtl material_2630
vt 0.5588309 0.0773430
f 4003/3263/4003 4002/3264/4002 4016/3295/4016

usemtl material_2953
vt 0.5595928 0.0988132
f 4020/1851/4020 3763/1850/3763 4021/3296/4021

usemtl material_2954
f 4021/3296/4021 3763/1850/3763 3988/1757/3988

usemtl material_2955
vt 0.5614084 0.2069132
f 3987/3250/3987 3995/3270/3995 4001/3297/4001

usemtl material_2956
vt 0.5626635 0.2566485
f 3993/3298/3993 3991/3258/3991 3990/3287/3990

usemtl material_1008
vt 0.5684256 0.3994529
f 3999/3299/3999 3989/3266/3989 4010/3288/4010

usemtl material_1528
vt 0.5714653 0.4703708
f 4010/3288/4010 3940/1718/3940 4009/3300/4009

usemtl material_1526
f 4009/3300/4009 3940/1718/3940 3923/1719/3923

usemtl material_836
f 4009/3300/4009 3923/1719/3923 4008/1902/4008

usemtl material_835
f 4011/1904/4011 3922/3237/3922 4006/3289/4006

usemtl material_2957
vt 0.5753946 0.5527807
f 3930/3251/3930 4004/3281/4004 4005/3301/4005

usemtl material_2940
f 3985/3290/3985 3979/3272/3979 3964/3259/3964

usemtl material_942
f 3985/3290/3985 3964/3259/3964 3984/3291/3984

usemtl material_2958
f 3983/3292/3983 3982/3267/3982 4012/3282/4012

usemtl material_2959
vt 0.5804405 0.7300942
f 4012/3282/4012 3981/3246/3981 4086/3302/4086

usemtl material_2960
f 4086/3302/4086 3981/3246/3981 4099/3273/4099

usemtl material_1219
f 453/1859/453 522/1801/522 196/1887/196

usemtl material_1517
f 3637/3293/3637 3638/1862/3638 3636/1864/3636

usemtl material_1324
vt 0.8392689 0.3313671
f 3635/3303/3635 3637/3293/3637 3636/1864/3636

usemtl material_2961
f 2664/1782/2664 2535/1727/2535 2432/1869/2432

usemtl material_1246
f 3476/1871/3476 3457/3262/3457 3475/1729/3475

usemtl material_1073
vt 0.7961615 0.7687972
f 3471/3304/3471 3457/3262/3457 3476/1871/3476

usemtl material_1631
f 3430/1916/3430 3417/1734/3417 3419/3253/3419

usemtl material_2962
f 3422/1769/3422 3417/1734/3417 3430/1916/3430

usemtl material_2963
vt 0.5602108 0.1531718
f 4018/3278/4018 3976/3241/3976 4014/3305/4014

usemtl material_2964
f 3976/3241/3976 3956/3234/3956 4014/3305/4014

usemtl material_2965
f 3956/3234/3956 3986/3256/3986 4014/3305/4014

usemtl material_2966
f 4000/3294/4000 3987/3250/3987 4001/3297/4001

usemtl material_1753
f 4015/3286/4015 4003/3263/4003 4016/3295/4016

usemtl material_1431
vt 0.5591130 0.0861665
f 4016/3295/4016 4002/3264/4002 4017/3306/4017

usemtl material_795
f 4017/3306/4017 4002/3264/4002 4020/1851/4020

usemtl material_2967
f 4021/3296/4021 3988/1757/3988 4022/1849/4022

usemtl material_2956
f 3993/3298/3993 3994/3257/3994 3991/3258/3991

usemtl material_781
vt 0.5660270 0.3490171
f 3997/3307/3997 3996/3265/3996 3998/3280/3998
f 3989/3266/3989 3999/3299/3999 3998/3280/3998

usemtl material_1299
f 4006/3289/4006 3930/3251/3930 4005/3301/4005

usemtl material_1074
f 3655/1889/3655 3636/1864/3636 3673/1863/3673

usemtl material_1073
f 3635/3303/3635 3636/1864/3636 3634/1890/3634

usemtl material_1554
f 460/1893/460 463/1817/463 428/1830/428

usemtl material_2968
f 45/3249/45 47/3221/47 57/3276/57

usemtl material_1700
f 3470/3284/3470 3457/3262/3457 3471/3304/3471

usemtl material_2214
vt 0.7974550 0.7592155
f 3431/3308/3431 3419/3253/3419 3470/3284/3470

usemtl material_2953
f 3430/1916/3430 3419/3253/3419 3431/3308/3431

usemtl material_2969
f 4014/3305/4014 3986/3256/3986 4000/3294/4000

usemtl material_2970
f 3995/3270/3995 3994/3257/3994 3993/3298/3993

usemtl material_2971
f 3992/3279/3992 3996/3265/3996 3997/3307/3997

usemtl material_2693
vt 0.8156287 0.1073372
f 10/3232/10 11/3107/11 8/3309/8

usemtl material_1701
f 3633/1907/3633 3635/3303/3635 3634/1890/3634

usemtl material_1636
f 331/1892/331 137/1779/137 177/1925/177

usemtl material_1378
f 460/1893/460 428/1830/428 394/1912/394

usemtl material_2972
f 3436/1917/3436 3432/1754/3432 3425/1898/3425

usemtl material_2973
f 3436/1917/3436 3425/1898/3425 3435/1897/3435

usemtl material_2974
vt 0.5324203 0.9947945
vt 0.5465650 0.9987729
vt 0.5179800 0.9986968
f 2027/3310/2027 2036/3311/2036 2024/3312/2024

usemtl material_2955
vt 0.4776126 0.9981428
vt 0.4728229 0.9994529
vt 0.4667364 0.9947621
f 2026/3313/2026 2038/3314/2038 2013/3315/2013

usemtl material_2923
vt 0.4402803 0.9968793
f 2013/3315/2013 2038/3314/2038 2014/3316/2014

usemtl material_1311
f 4006/3289/4006 4005/3301/4005 4004/3281/4004

usemtl material_2975
vt 0.1747132 0.9894674
vt 0.1521102 0.9887830
vt 0.1675757 0.9745700
f 2030/3317/2030 2029/3318/2029 2007/3319/2007

usemtl material_2976
vt 0.8229778 0.0335090
f 108/3274/108 23/3261/23 97/3320/97

usemtl material_2977
vt 0.8209972 0.0360920
f 97/3320/97 23/3261/23 59/3321/59

usemtl material_2978
vt 0.8125317 0.0398127
f 59/3321/59 23/3261/23 24/3322/24

usemtl material_2979
f 24/3322/24 23/3261/23 10/3232/10

usemtl material_2849
f 11/3107/11 1/3199/1 8/3309/8

usemtl material_1701
f 3632/1908/3632 3633/1907/3633 3631/1921/3631

usemtl material_1494
f 3631/1921/3631 3633/1907/3633 3634/1890/3634

usemtl material_1378
f 461/1926/461 460/1893/460 394/1912/394

usemtl material_950
vt 0.3537501 0.9940351
vt 0.3329338 0.9932604
vt 0.3346076 0.9845554
f 2016/3323/2016 2017/3324/2017 2004/3325/2004

usemtl material_836
vt 0.3068061 0.9923888
f 2017/3324/2017 2028/3326/2028 2004/3325/2004

usemtl material_2980
vt 0.1984511 0.9882528
f 2010/3327/2010 2030/3317/2030 2007/3319/2007

usemtl material_2981
vt 0.1522786 0.9787278
f 2007/3319/2007 2029/3318/2029 2006/3328/2006
vt 0.1176213 0.9894646
f 2029/3318/2029 2005/3329/2005 2006/3328/2006

usemtl material_2982
vt 0.1100437 0.9747899
vt 0.0940396 0.9753950
f 1903/3330/1903 2005/3329/2005 1902/3331/1902

usemtl material_2983
vt 0.0978656 0.9895258
f 2005/3329/2005 2021/3332/2021 1902/3331/1902

usemtl material_2984
vt 0.0861997 0.9888574
f 1902/3331/1902 2021/3332/2021 2022/3333/2022

usemtl material_1246
vt 0.8282892 0.3374340
f 3627/3334/3627 3631/1921/3631 3655/1889/3655
vt 0.8251455 0.3387400
f 3627/3334/3627 3655/1889/3655 3621/3335/3621

usemtl material_1701
f 3632/1908/3632 3631/1921/3631 3628/1922/3628

usemtl material_1382
f 3628/1922/3628 3631/1921/3631 3627/3334/3627

usemtl material_2524
f 3478/2065/3478 3430/1916/3430 3431/3308/3431

usemtl material_2985
f 3435/1897/3435 3430/1916/3430 3478/2065/3478

usemtl material_2986
vt 0.4937470 0.9839389
vt 0.4993023 0.9985278
f 2023/3336/2023 2024/3312/2024 2025/3337/2025

usemtl material_2987
f 2023/3336/2023 2025/3337/2025 2026/3313/2026

usemtl material_2988
vt 0.5422824 0.0089831
f 4102/3338/4102 4096/1797/4096 4019/3285/4019

usemtl material_2989
vt 0.6258084 0.9750601
vt 0.6241051 0.9950427
vt 0.6238661 0.9818904
f 2039/3339/2039 2040/3340/2040 2031/3341/2031

usemtl material_2167
vt 0.5737634 0.9768330
vt 0.5750224 0.9972175
vt 0.5667547 0.9775953
f 1994/3342/1994 2034/3343/2034 1992/3344/1992

usemtl material_2990
vt 0.5683845 0.9975985
f 1992/3344/1992 2034/3343/2034 2035/3345/2035

usemtl material_1549
vt 0.5626772 0.9977871
vt 0.5624112 0.9779974
f 2035/3345/2035 2037/3346/2037 1996/3347/1996

usemtl material_1306
f 1992/3344/1992 2035/3345/2035 1996/3347/1996

usemtl material_542
vt 0.5588624 0.9982548
f 1996/3347/1996 2037/3346/2037 2042/3348/2042

usemtl material_1088
vt 0.5522286 0.9769625
vt 0.5522239 0.9994529
vt 0.5490225 0.9981610
f 2002/3349/2002 2041/3350/2041 2044/3351/2044

usemtl material_681
vt 0.2965680 0.9728653
f 2004/3325/2004 2028/3326/2028 2003/3352/2003

usemtl material_910
vt 0.2795809 0.9910312
f 2028/3326/2028 2012/3353/2012 2003/3352/2003

usemtl material_2991
vt 0.0851639 0.9747887
f 1902/3331/1902 2022/3333/2022 1894/3354/1894

usemtl material_2992
vt 0.0842866 0.9868383
f 1894/3354/1894 2022/3333/2022 2043/3355/2043

usemtl material_2993
vt 0.0822621 0.9890762
f 2043/3355/2043 2218/3356/2218 1894/3354/1894

usemtl material_2994
vt 0.0818571 0.9720674
f 1894/3354/1894 2218/3356/2218 2217/3357/2217

usemtl material_1073
f 453/1859/453 197/1886/197 450/1943/450

usemtl material_1219
f 3622/1933/3622 3628/1922/3628 3627/3334/3627

usemtl material_1300
f 3622/1933/3622 3627/3334/3627 3621/3335/3621

usemtl material_2214
vt 0.7866427 0.7600524
f 3479/3358/3479 3431/3308/3431 3470/3284/3470

usemtl material_2995
f 3478/2065/3478 3431/3308/3431 3479/3358/3479

usemtl material_1580
f 2426/1821/2426 2417/1847/2417 2393/1970/2393

usemtl material_2996
vt 0.5461419 0.9756771
f 2044/3351/2044 2036/3311/2036 1899/3359/1899

usemtl material_1229
f 2036/3311/2036 2027/3310/2027 1899/3359/1899

usemtl material_2997
vt 0.5199418 0.9748750
f 2027/3310/2027 2024/3312/2024 1897/3360/1897

usemtl material_1488
vt 0.6137587 0.9963048
f 2040/3340/2040 2033/3361/2033 2031/3341/2031

usemtl material_2998
f 2033/3361/2033 2034/3343/2034 1994/3342/1994

usemtl material_2999
vt 0.5594043 0.9768145
f 1996/3347/1996 2042/3348/2042 1998/3362/1998

usemtl material_3000
f 1998/3362/1998 2042/3348/2042 2041/3350/2041

usemtl material_3001
f 1998/3362/1998 2041/3350/2041 2002/3349/2002

usemtl material_1507
vt 0.4113954 0.9965891
vt 0.4324506 0.9697549
f 2014/3316/2014 2018/3363/2018 1885/3364/1885

usemtl material_929
vt 0.4004989 0.9781389
f 1885/3364/1885 2018/3363/2018 2020/3365/2020

usemtl material_563
vt 0.3978945 0.9961876
f 2018/3363/2018 2019/3366/2019 2020/3365/2020

usemtl material_684
vt 0.3708754 0.9944242
f 2020/3365/2020 2019/3366/2019 2015/3367/2015

usemtl material_1407
vt 0.3548338 0.9682662
f 2015/3367/2015 2016/3323/2016 1882/3368/1882

usemtl material_2981
vt 0.3273458 0.9686202
f 2004/3325/2004 2003/3352/2003 1883/3369/1883

usemtl material_3002
vt 0.2504592 0.9897180
vt 0.2292022 0.9894791
vt 0.2212151 0.9660566
f 2008/3370/2008 2009/3371/2009 1872/3372/1872

usemtl material_3003
vt 0.1167693 0.9715506
f 2005/3329/2005 1903/3330/1903 1898/3373/1898

usemtl material_1121
f 3620/1946/3620 3622/1933/3622 3621/3335/3621
f 3620/1946/3620 3621/3335/3621 3618/1994/3618

usemtl material_3004
f 3623/1947/3623 3620/1946/3620 3617/1997/3617

usemtl material_1520
f 501/1831/501 358/1914/358 359/2000/359

usemtl material_3005
f 30/3248/30 46/3184/46 45/3249/45

usemtl material_3006
vt 0.8427125 0.3056766
f 45/3249/45 57/3276/57 88/3374/88

usemtl material_2944
f 57/3276/57 109/3277/109 88/3374/88

usemtl material_3007
f 2720/2079/2720 2664/1782/2664 2432/1869/2432

usemtl material_3008
f 3479/3358/3479 3470/3284/3470 3471/3304/3471

usemtl material_3009
f 3477/2067/3477 3435/1897/3435 3478/2065/3478

usemtl material_3010
f 3436/1917/3436 3435/1897/3435 3477/2067/3477

usemtl material_1183
f 2031/3341/2031 2033/3361/2033 1994/3342/1994

usemtl material_3011
f 1885/3364/1885 2013/3315/2013 2014/3316/2014

usemtl material_1471
f 1882/3368/1882 2016/3323/2016 2004/3325/2004

usemtl material_948
vt 0.2654462 0.9894826
f 2003/3352/2003 2012/3353/2012 2011/3375/2011

usemtl material_1454
f 1872/3372/1872 2009/3371/2009 2010/3327/2010

usemtl material_2949
vt 0.1431415 0.9651645
f 1876/3376/1876 2006/3328/2006 2005/3329/2005

usemtl material_3012
f 2005/3329/2005 1898/3373/1898 1876/3376/1876

usemtl material_1074
f 450/1943/450 392/1930/392 192/1992/192

usemtl material_1300
f 3618/1994/3618 3621/3335/3621 3671/1995/3671

usemtl material_1252
f 3617/1997/3617 3620/1946/3620 3618/1994/3618

usemtl material_1219
f 3617/1997/3617 3618/1994/3618 3619/1996/3619

usemtl material_1632
f 500/2120/500 501/1831/501 359/2000/359

usemtl material_3013
f 29/3269/29 28/3141/28 30/3248/30

usemtl material_3014
f 3480/2002/3480 3436/1917/3436 3477/2067/3477

usemtl material_3015
f 2024/3312/2024 2023/3336/2023 1897/3360/1897

usemtl material_3016
vt 0.1967505 0.9658085
vt 0.1788711 0.9657220
f 1864/3377/1864 2010/3327/2010 1865/3378/1865

usemtl material_3017
f 2010/3327/2010 2007/3319/2007 1865/3378/1865

usemtl material_3018
vt 0.1605056 0.9656804
f 1865/3378/1865 2007/3319/2007 1877/3379/1877

usemtl material_3019
f 2007/3319/2007 2006/3328/2006 1877/3379/1877

usemtl material_3020
f 1877/3379/1877 2006/3328/2006 1876/3376/1876

usemtl material_3021
vt 0.0831101 0.9655367
f 2102/3380/2102 1894/3354/1894 2217/3357/2217

usemtl material_3022
vt 0.8179541 0.0337532
f 114/3381/114 97/3320/97 59/3321/59

usemtl material_1324
vt 0.8154867 0.3370697
f 3623/1947/3623 3619/1996/3619 3624/3382/3624

usemtl material_1220
f 3624/3382/3624 3619/1996/3619 3671/1995/3671
vt 0.8122246 0.3379847
f 3626/3383/3626 3624/3382/3624 3671/1995/3671

usemtl material_3023
f 3625/2009/3625 3623/1947/3623 3624/3382/3624

usemtl material_1338
f 461/1926/461 394/1912/394 439/2015/439

usemtl material_1220
f 3471/3304/3471 3476/1871/3476 3487/2035/3487

usemtl material_3024
f 3479/3358/3479 3471/3304/3471 3485/2085/3485

usemtl material_151
vt 0.5487504 0.9741154
f 2032/3384/2032 2044/3351/2044 1899/3359/1899

usemtl material_3025
f 1899/3359/1899 2027/3310/2027 1897/3360/1897

usemtl material_327
vt 0.6215288 0.9725170
f 2031/3341/2031 1994/3342/1994 1995/3385/1995

usemtl material_1283
vt 0.5872286 0.9738993
f 1995/3385/1995 1994/3342/1994 1993/3386/1993

usemtl material_3026
f 2002/3349/2002 2044/3351/2044 2032/3384/2032

usemtl material_3027
vt 0.4904483 0.9702320
f 2023/3336/2023 2026/3313/2026 1891/3387/1891

usemtl material_3028
f 1891/3387/1891 2026/3313/2026 2013/3315/2013

usemtl material_2981
vt 0.3826968 0.9680846
f 1886/3388/1886 2015/3367/2015 1882/3368/1882

usemtl material_3029
vt 0.2954863 0.9668958
f 1880/3389/1880 1883/3369/1883 2003/3352/2003

usemtl material_3030
vt 0.2711776 0.9656766
f 2003/3352/2003 2011/3375/2011 1871/3390/1871

usemtl material_3031
vt 0.2507310 0.9658644
f 1870/3391/1870 2011/3375/2011 2008/3370/2008

usemtl material_3032
f 1870/3391/1870 2008/3370/2008 1872/3372/1872

usemtl material_3033
vt 0.1174483 0.9629409
f 1876/3376/1876 1898/3373/1898 1878/3392/1878

usemtl material_3034
vt 0.1049252 0.9628541
f 1898/3373/1898 1903/3330/1903 1879/3393/1879

usemtl material_3035
vt 0.0940945 0.9630194
f 1879/3393/1879 1903/3330/1903 1873/3394/1873

usemtl material_3036
f 1903/3330/1903 1902/3331/1902 1873/3394/1873

usemtl material_3037
f 1902/3331/1902 1894/3354/1894 1873/3394/1873

usemtl material_3038
vt 0.0855160 0.9608535
f 1873/3394/1873 1894/3354/1894 1874/3395/1874

usemtl material_3039
f 1874/3395/1874 1894/3354/1894 2102/3380/2102

usemtl material_1169
f 3625/2009/3625 3624/3382/3624 3626/3383/3626

usemtl material_1716
f 505/2033/505 501/1831/501 500/2120/500

usemtl material_3040
f 2720/2079/2720 2432/1869/2432 2329/2034/2329

usemtl material_1121
f 3485/2085/3485 3471/3304/3471 3487/2035/3487

usemtl material_195
vt 0.7745694 0.7622736
f 3478/2065/3478 3479/3358/3479 3484/3396/3484

usemtl material_3041
f 1891/3387/1891 1897/3360/1897 2023/3336/2023

usemtl material_3042
vt 0.4002171 0.9690187
f 1885/3364/1885 2020/3365/2020 1884/3397/1884

usemtl material_3043
f 1884/3397/1884 2020/3365/2020 1886/3388/1886

usemtl material_609
f 2020/3365/2020 2015/3367/2015 1886/3388/1886

usemtl material_3044
f 1882/3368/1882 2004/3325/2004 1883/3369/1883

usemtl material_3032
f 1871/3390/1871 2011/3375/2011 1870/3391/1870

usemtl material_2833
f 1872/3372/1872 2010/3327/2010 1864/3377/1864

usemtl material_3045
f 1878/3392/1878 1898/3373/1898 1879/3393/1879

usemtl material_1554
f 3630/2028/3630 3625/2009/3625 3629/2047/3629

usemtl material_1169
f 3629/2047/3629 3625/2009/3625 3626/3383/3626

usemtl material_3046
vt 0.6237401 0.9655548
f 2039/3339/2039 2031/3341/2031 1990/3398/1990

usemtl material_3047
f 1990/3398/1990 2031/3341/2031 1995/3385/1995

usemtl material_2091
vt 0.4773864 0.9699998
f 1891/3387/1891 2013/3315/2013 1889/3399/1889

usemtl material_3048
vt 0.4491551 0.9702622
f 1889/3399/1889 2013/3315/2013 1888/3400/1888

usemtl material_3049
f 1888/3400/1888 2013/3315/2013 1885/3364/1885

usemtl material_3029
f 1880/3389/1880 2003/3352/2003 1871/3390/1871

usemtl material_3022
f 114/3381/114 59/3321/59 24/3322/24

usemtl material_1170
f 450/1943/450 192/1992/192 449/2043/449

usemtl material_1701
f 3630/2028/3630 3629/2047/3629 3654/2046/3654
vt 0.8050315 0.3372972
f 3630/2028/3630 3654/2046/3654 3657/3401/3657

usemtl material_1716
f 3658/2029/3658 3630/2028/3630 3657/3401/3657

usemtl material_1701
f 439/2015/439 334/2014/334 366/1999/366

usemtl material_3050
f 702/2111/702 635/1939/635 739/1938/739

usemtl material_1306
vt 0.5627099 0.9631643
f 1996/3347/1996 1998/3362/1998 1983/3402/1983

usemtl material_3051
vt 0.1526814 0.9491743
f 1877/3379/1877 1876/3376/1876 1857/3403/1857

usemtl material_3052
vt 0.1331062 0.9569773
f 1857/3403/1857 1876/3376/1876 1875/3404/1875

usemtl material_3053
f 1876/3376/1876 1878/3392/1878 1875/3404/1875

usemtl material_3054
vt 0.7954894 0.0512901
f 24/3322/24 10/3232/10 25/3405/25

usemtl material_3055
vt 0.7951144 0.0627965
f 25/3405/25 10/3232/10 33/3406/33

usemtl material_3056
f 449/2043/449 192/1992/192 191/2055/191

usemtl material_1246
vt 0.8007722 0.3374921
f 3659/3407/3659 3657/3401/3657 3654/2046/3654

usemtl material_1596
f 3658/2029/3658 3657/3401/3657 3659/3407/3659

usemtl material_1555
vt 0.7980459 0.3325292
f 3660/3408/3660 3658/2029/3658 3659/3407/3659

usemtl material_2849
vt 0.8030083 0.2271588
f 1/3199/1 3/3140/3 4/3409/4
f 4/3409/4 3/3140/3 29/3269/29

usemtl material_1033
f 2328/1984/2328 2278/2064/2278 2319/2001/2319

usemtl material_1630
vt 0.7694027 0.7515816
f 3486/3410/3486 3478/2065/3478 3484/3396/3484

usemtl material_3057
f 3480/2002/3480 3477/2067/3477 3482/2066/3482

usemtl material_3058
vt 0.5476305 0.9625084
f 1893/3411/1893 2002/3349/2002 2032/3384/2032

usemtl material_3059
vt 0.5194919 0.9644693
f 1899/3359/1899 1897/3360/1897 1892/3412/1892

usemtl material_3060
f 1892/3412/1892 1897/3360/1897 1891/3387/1891

usemtl material_3061
vt 0.6276683 0.9613320
f 2211/3413/2211 2039/3339/2039 1990/3398/1990

usemtl material_3062
f 1990/3398/1990 1995/3385/1995 1993/3386/1993

usemtl material_3063
vt 0.5720227 0.9614656
f 1993/3386/1993 1994/3342/1994 1982/3414/1982

usemtl material_3064
f 1982/3414/1982 1994/3342/1994 1992/3344/1992

usemtl material_1013
f 1992/3344/1992 1996/3347/1996 1983/3402/1983

usemtl material_187
vt 0.5518985 0.9626803
f 1983/3402/1983 1998/3362/1998 1984/3415/1984

usemtl material_2532
f 1998/3362/1998 2002/3349/2002 1984/3415/1984

usemtl material_3065
vt 0.3686557 0.9619235
f 1886/3388/1886 1882/3368/1882 1881/3416/1881

usemtl material_3066
vt 0.2231840 0.9549282
f 1870/3391/1870 1872/3372/1872 1863/3417/1863

usemtl material_3067
f 1872/3372/1872 1864/3377/1864 1863/3417/1863
vt 0.1816116 0.9487858
f 1858/3418/1858 1864/3377/1864 1865/3378/1865

usemtl material_2983
f 1858/3418/1858 1865/3378/1865 1857/3403/1857

usemtl material_3018
f 1857/3403/1857 1865/3378/1865 1877/3379/1877

usemtl material_3068
vt 0.1130532 0.9481849
f 1859/3419/1859 1878/3392/1878 1879/3393/1879

usemtl material_3069
vt 0.0856347 0.9484619
f 1832/3420/1832 1874/3395/1874 2102/3380/2102

usemtl material_1246
vt 0.7952652 0.3392937
f 3659/3407/3659 3654/2046/3654 3661/3421/3661

usemtl material_3070
vt 0.8004926 0.2765052
f 43/3422/43 30/3248/30 45/3249/45

usemtl material_3071
f 2547/2144/2547 2720/2079/2720 2310/2078/2310

usemtl material_3072
f 2315/2082/2315 2314/2053/2314 2316/2017/2316

usemtl material_3073
f 3479/3358/3479 3485/2085/3485 3484/3396/3484

usemtl material_2630
f 3482/2066/3482 3478/2065/3478 3486/3410/3486

usemtl material_3074
f 3483/2086/3483 3480/2002/3480 3482/2066/3482

usemtl material_2124
f 2430/1969/2430 2331/2110/2331 2398/2023/2398

usemtl material_1349
f 1893/3411/1893 2032/3384/2032 1899/3359/1899

usemtl material_3075
vt 0.5357739 0.9616826
f 1893/3411/1893 1899/3359/1899 1890/3423/1890

usemtl material_3076
f 1899/3359/1899 1892/3412/1892 1890/3423/1890

usemtl material_3077
vt 0.5876371 0.9603888
f 1990/3398/1990 1993/3386/1993 1981/3424/1981

usemtl material_3078
f 1993/3386/1993 1982/3414/1982 1981/3424/1981

usemtl material_1498
f 1982/3414/1982 1992/3344/1992 1983/3402/1983

usemtl material_2378
f 1984/3415/1984 2002/3349/2002 1893/3411/1893

usemtl material_3067
vt 0.3317683 0.9533504
f 1882/3368/1882 1883/3369/1883 1868/3425/1868
f 1883/3369/1883 1880/3389/1880 1868/3425/1868

usemtl material_3079
vt 0.3028026 0.9530963
f 1868/3425/1868 1880/3389/1880 1867/3426/1867

usemtl material_3080
vt 0.2768162 0.9531342
f 1880/3389/1880 1871/3390/1871 1869/3427/1869
f 1871/3390/1871 1870/3391/1870 1869/3427/1869

usemtl material_3081
vt 0.1384212 0.9458551
f 1860/3428/1860 1857/3403/1857 1875/3404/1875

usemtl material_3082
f 1860/3428/1860 1875/3404/1875 1859/3419/1859

usemtl material_3083
f 1875/3404/1875 1878/3392/1878 1859/3419/1859

usemtl material_3084
f 1832/3420/1832 1873/3394/1873 1874/3395/1874

usemtl material_3085
vt 0.8041378 0.0411478
f 114/3381/114 24/3322/24 130/3429/130

usemtl material_2885
vt 0.8063443 0.0430204
f 130/3429/130 24/3322/24 83/3430/83

usemtl material_3086
f 83/3430/83 24/3322/24 25/3405/25

usemtl material_1701
f 3661/3421/3661 3660/3408/3660 3659/3407/3659

usemtl material_1716
vt 0.7910078 0.3327699
f 3660/3408/3660 3661/3421/3661 3662/3431/3662

usemtl material_1073
f 360/2121/360 500/2120/500 359/2000/359

usemtl material_2643
vt 0.8292094 0.3057986
f 45/3249/45 88/3374/88 107/3432/107

usemtl material_2094
f 3488/2084/3488 3484/3396/3484 3485/2085/3485

usemtl material_475
vt 0.6247284 0.9535713
f 1989/3433/1989 2211/3413/2211 1990/3398/1990

usemtl material_3087
vt 0.6214359 0.9600416
f 1985/3434/1985 1990/3398/1990 1981/3424/1981

usemtl material_3088
vt 0.4548602 0.9489134
f 1889/3399/1889 1888/3400/1888 1852/3435/1852

usemtl material_943
f 1852/3435/1852 1888/3400/1888 1885/3364/1885

usemtl material_3089
vt 0.3950899 0.9485283
f 1886/3388/1886 1881/3416/1881 1855/3436/1855

usemtl material_3090
f 1881/3416/1881 1882/3368/1882 1868/3425/1868

usemtl material_3091
f 1867/3426/1867 1880/3389/1880 1869/3427/1869

usemtl material_3092
vt 0.1975190 0.9391254
f 1863/3417/1863 1864/3377/1864 1829/3437/1829

usemtl material_3093
f 1829/3437/1829 1864/3377/1864 1858/3418/1858

usemtl material_3094
vt 0.0968833 0.9496078
f 1859/3419/1859 1879/3393/1879 1838/3438/1838

usemtl material_3095
f 1879/3393/1879 1873/3394/1873 1838/3438/1838

usemtl material_3096
f 1838/3438/1838 1873/3394/1873 1832/3420/1832

usemtl material_3097
vt 0.0831318 0.9456373
f 2103/3439/2103 1832/3420/1832 2102/3380/2102

usemtl material_1596
vt 0.7891092 0.3395613
f 3662/3431/3662 3661/3421/3661 3663/3440/3663

usemtl material_2106
vt 0.7657057 0.7637827
f 3489/3441/3489 3486/3410/3486 3484/3396/3484

usemtl material_448
vt 0.5634723 0.9506904
f 1968/3442/1968 1982/3414/1982 1983/3402/1983

usemtl material_319
vt 0.5055147 0.9498601
f 1892/3412/1892 1891/3387/1891 1861/3443/1861

usemtl material_3098
vt 0.4899540 0.9495159
f 1861/3443/1861 1891/3387/1891 1850/3444/1850

usemtl material_3099
f 1891/3387/1891 1889/3399/1889 1850/3444/1850

usemtl material_3100
f 1889/3399/1889 1852/3435/1852 1850/3444/1850

usemtl material_2958
f 1855/3436/1855 1884/3397/1884 1886/3388/1886

usemtl material_3101
vt 0.3646849 0.9469362
f 1881/3416/1881 1868/3425/1868 1854/3445/1854

usemtl material_3102
vt 0.2680002 0.9374430
f 1869/3427/1869 1870/3391/1870 1809/3446/1809

usemtl material_2833
vt 0.2203147 0.9365317
f 1806/3447/1806 1863/3417/1863 1829/3437/1829

usemtl material_1296
f 449/2043/449 191/2055/191 448/2116/448

usemtl material_1492
f 481/2045/481 480/2139/480 207/2094/207

usemtl material_2693
vt 0.7859049 0.1625022
f 8/3309/8 1/3199/1 5/3448/5
f 5/3448/5 1/3199/1 4/3409/4

usemtl material_1846
vt 0.7826219 0.3331451
f 3662/3431/3662 3663/3440/3663 3664/3449/3664

usemtl material_1324
f 508/2142/508 505/2033/505 360/2121/360

usemtl material_3103
vt 0.8209253 0.3011163
f 64/3450/64 45/3249/45 107/3432/107

usemtl material_3104
vt 0.8214378 0.3045788
f 64/3450/64 107/3432/107 124/3451/124

usemtl material_3105
f 3483/2086/3483 3482/2066/3482 3498/2189/3498

usemtl material_3106
f 3482/2066/3482 3486/3410/3486 3498/2189/3498

usemtl material_3107
f 1053/2137/1053 1052/2021/1052 1055/2218/1055

usemtl material_3108
vt 0.5470315 0.9521362
f 1887/3452/1887 1893/3411/1893 1890/3423/1890

usemtl material_3109
vt 0.5203399 0.9495827
f 1862/3453/1862 1890/3423/1890 1892/3412/1892

usemtl material_3110
vt 0.6212481 0.9495235
f 1990/3398/1990 1985/3434/1985 1966/3454/1966

usemtl material_3111
vt 0.4345074 0.9473599
f 1853/3455/1853 1884/3397/1884 1855/3436/1855

usemtl material_3112
vt 0.2967649 0.9439701
f 1867/3426/1867 1869/3427/1869 1866/3456/1866

usemtl material_3113
f 1870/3391/1870 1863/3417/1863 1809/3446/1809

usemtl material_2949
vt 0.1112950 0.9363032
f 1859/3419/1859 1838/3438/1838 1830/3457/1830

usemtl material_3114
vt 0.0916307 0.9367731
f 1811/3458/1811 1838/3438/1838 1832/3420/1832

usemtl material_2914
vt 0.7982144 0.0480199
f 130/3429/130 83/3430/83 84/3459/84

usemtl material_3115
f 84/3459/84 83/3430/83 25/3405/25

usemtl material_1701
vt 0.7829838 0.3398100
f 3664/3449/3664 3663/3440/3663 3665/3460/3665

usemtl material_3116
vt 0.8109361 0.2953129
f 44/3461/44 43/3422/43 45/3249/45

usemtl material_1174
f 2300/2122/2300 2295/2164/2295 2299/2123/2299

usemtl material_3117
f 3489/3441/3489 3484/3396/3484 3488/2084/3488

usemtl material_1033
f 2263/2150/2263 2303/2101/2303 2264/2168/2264

usemtl material_1053
f 2266/2169/2266 2304/2102/2304 2305/2088/2305

usemtl material_3118
f 2284/2172/2284 2309/2068/2309 2286/2103/2286

usemtl material_3119
f 1989/3433/1989 1990/3398/1990 1966/3454/1966

usemtl material_3120
f 1966/3454/1966 1985/3434/1985 1981/3424/1981

usemtl material_1058
vt 0.5917026 0.9506407
f 1966/3454/1966 1981/3424/1981 1965/3462/1965

usemtl material_3121
f 1965/3462/1965 1981/3424/1981 1968/3442/1968

usemtl material_1092
f 1981/3424/1981 1982/3414/1982 1968/3442/1968

usemtl material_527
vt 0.5518399 0.9501666
f 1983/3402/1983 1984/3415/1984 1969/3463/1969

usemtl material_3122
f 1969/3463/1969 1984/3415/1984 1893/3411/1893

usemtl material_3077
vt 0.5483935 0.9460573
f 1969/3463/1969 1893/3411/1893 1997/3464/1997

usemtl material_1581
f 1997/3464/1997 1893/3411/1893 1887/3452/1887

usemtl material_3123
f 1862/3453/1862 1892/3412/1892 1861/3443/1861

usemtl material_412
f 2212/2223/2212 2211/3413/2211 1989/3433/1989

usemtl material_608
f 1885/3364/1885 1884/3397/1884 1853/3455/1853

usemtl material_3124
f 1855/3436/1855 1881/3416/1881 1854/3445/1854

usemtl material_3020
vt 0.3335965 0.9370596
f 1868/3425/1868 1867/3426/1867 1827/3465/1827

usemtl material_3125
vt 0.2927373 0.9375290
f 1866/3456/1866 1869/3427/1869 1810/3466/1810

usemtl material_3126
f 1810/3466/1810 1869/3427/1869 1809/3446/1809

usemtl material_3127
vt 0.2404445 0.9359980
f 1809/3446/1809 1863/3417/1863 1808/3467/1808
f 1808/3467/1808 1863/3417/1863 1806/3447/1806

usemtl material_2833
vt 0.1744824 0.9365392
f 1829/3437/1829 1858/3418/1858 1828/3468/1828

usemtl material_3128
f 1858/3418/1858 1857/3403/1857 1828/3468/1828

usemtl material_3129
vt 0.1379442 0.9338319
f 1857/3403/1857 1860/3428/1860 1791/3469/1791

usemtl material_3130
vt 0.0849124 0.9394171
f 1832/3420/1832 2103/3439/2103 1839/3470/1839

usemtl material_1632
f 3666/2199/3666 3664/3449/3664 3665/3460/3665

usemtl material_1297
f 3664/3449/3664 3666/2199/3666 3678/2202/3678

usemtl material_3131
f 2666/2239/2666 2547/2144/2547 2297/2187/2297

usemtl material_1791
f 2272/2165/2272 2277/2080/2277 2278/2064/2278

usemtl material_3132
vt 0.7557471 0.7683648
f 3489/3441/3489 3488/2084/3488 3499/3471/3499

usemtl material_3133
vt 0.0552199 0.9545952
f 3591/3472/3591 3588/2245/3588 3583/2247/3583

usemtl material_3134
vt 0.0425019 0.9439237
f 3584/3473/3584 3590/2251/3590 3591/3472/3591

usemtl material_837
f 2266/2169/2266 2305/2088/2305 2267/2152/2267

usemtl material_3135
f 2312/2178/2312 2281/2177/2281 2313/2130/2313

usemtl material_3136
f 1887/3452/1887 1890/3423/1890 1862/3453/1862

usemtl material_203
f 1968/3442/1968 1983/3402/1983 1969/3463/1969

usemtl material_3137
f 1852/3435/1852 1885/3364/1885 1853/3455/1853

usemtl material_3138
vt 0.1534474 0.9343715
f 1828/3468/1828 1857/3403/1857 1786/3474/1786

usemtl material_2949
f 1786/3474/1786 1857/3403/1857 1791/3469/1791

usemtl material_514
vt 0.1239830 0.9332086
f 1791/3469/1791 1860/3428/1860 1799/3475/1799

usemtl material_3089
f 1860/3428/1860 1859/3419/1859 1799/3475/1799

usemtl material_3139
f 1799/3475/1799 1859/3419/1859 1830/3457/1830

usemtl material_3140
vt 0.0857682 0.9333149
f 1814/3476/1814 1832/3420/1832 1839/3470/1839

usemtl material_1113
f 1830/3457/1830 1838/3438/1838 1811/3458/1811

usemtl material_1073
vt 0.7767524 0.3405319
f 3666/2199/3666 3665/3460/3665 3667/3477/3667

usemtl material_1494
f 3666/2199/3666 3667/3477/3667 3668/2200/3668

usemtl material_3141
f 44/3461/44 45/3249/45 64/3450/64

usemtl material_1962
f 3581/2246/3581 3593/2148/3593 3587/2210/3587

usemtl material_3142
f 2498/2128/2498 2715/2192/2715 2483/2174/2483

usemtl material_283
f 2212/2223/2212 1989/3433/1989 1970/2221/1970

usemtl material_3143
f 1970/2221/1970 1989/3433/1989 1966/3454/1966

usemtl material_229
vt 0.5638734 0.9392952
f 1965/3462/1965 1968/3442/1968 1955/3478/1955

usemtl material_3144
vt 0.4151658 0.9431635
f 1856/3479/1856 1853/3455/1853 1855/3436/1855

usemtl material_3145
f 1854/3445/1854 1868/3425/1868 1827/3465/1827

usemtl material_3125
f 1827/3465/1827 1867/3426/1867 1866/3456/1866

usemtl material_3146
f 1811/3458/1811 1832/3420/1832 1814/3476/1814

usemtl material_3147
vt 0.0813307 0.9353842
vt 0.0815970 0.9276060
f 2103/3439/2103 2210/3480/2210 2101/3481/2101

usemtl material_3148
f 3584/3473/3584 3591/3472/3591 3583/2247/3583

usemtl material_3149
vt 0.5472266 0.9400545
f 1837/3482/1837 1887/3452/1887 1862/3453/1862

usemtl material_3150
vt 0.5902655 0.9395248
f 1966/3454/1966 1965/3462/1965 1956/3483/1956

usemtl material_170
f 1956/3483/1956 1965/3462/1965 1955/3478/1955

usemtl material_123
f 1955/3478/1955 1968/3442/1968 1969/3463/1969

usemtl material_3151
vt 0.4573481 0.9424639
f 1850/3444/1850 1852/3435/1852 1851/3484/1851

usemtl material_3152
vt 0.3955359 0.9353154
f 1856/3479/1856 1855/3436/1855 1823/3485/1823

usemtl material_3153
f 1855/3436/1855 1854/3445/1854 1823/3485/1823

usemtl material_3154
vt 0.3481213 0.9360400
f 1825/3486/1825 1854/3445/1854 1827/3465/1827

usemtl material_3155
f 1827/3465/1827 1866/3456/1866 1810/3466/1810

usemtl material_875
vt 0.1980259 0.9329654
f 1806/3447/1806 1829/3437/1829 1776/3487/1776

usemtl material_2975
vt 0.1771304 0.9282479
f 1776/3487/1776 1829/3437/1829 1785/3488/1785

usemtl material_3030
f 1785/3488/1785 1829/3437/1829 1828/3468/1828

usemtl material_775
f 1785/3488/1785 1828/3468/1828 1786/3474/1786

usemtl material_3156
f 2101/3481/2101 1839/3470/1839 2103/3439/2103

usemtl material_3157
f 1814/3476/1814 1839/3470/1839 2101/3481/2101

usemtl material_3158
vt 0.7721792 0.0922083
f 33/3406/33 10/3232/10 9/3489/9

usemtl material_3159
f 9/3489/9 10/3232/10 8/3309/8

usemtl material_1902
f 2262/2166/2262 2268/2273/2268 2269/2188/2269

usemtl material_2458
f 3580/2252/3580 3590/2251/3590 3584/3473/3584

usemtl material_1161
f 2285/2126/2285 2243/2211/2243 2279/2191/2279

usemtl material_3160
f 2242/2277/2242 2280/2194/2280 2281/2177/2281

usemtl material_3161
f 1997/3464/1997 1887/3452/1887 1837/3482/1837

usemtl material_3162
vt 0.6210366 0.9388113
f 1970/2221/1970 1966/3454/1966 1957/3490/1957

usemtl material_3163
f 1957/3490/1957 1966/3454/1966 1956/3483/1956

usemtl material_1258
vt 0.5519788 0.9395721
f 1955/3478/1955 1969/3463/1969 1958/3491/1958

usemtl material_3164
f 1958/3491/1958 1969/3463/1969 1997/3464/1997

usemtl material_3165
vt 0.5200235 0.9359162
f 1836/3492/1836 1862/3453/1862 1861/3443/1861

usemtl material_3151
f 1851/3484/1851 1852/3435/1852 1853/3455/1853

usemtl material_1385
vt 0.4365063 0.9359090
f 1851/3484/1851 1853/3455/1853 1821/3493/1821

usemtl material_3154
vt 0.3750471 0.9354247
f 1824/3494/1824 1854/3445/1854 1825/3486/1825

usemtl material_1471
vt 0.3093477 0.9349575
f 1827/3465/1827 1810/3466/1810 1826/3495/1826

usemtl material_3166
vt 0.2494768 0.9317089
f 1807/3496/1807 1809/3446/1809 1808/3467/1808
f 1807/3496/1807 1808/3467/1808 1806/3447/1806

usemtl material_3167
vt 0.1147958 0.9272661
f 1798/3497/1798 1799/3475/1799 1830/3457/1830

usemtl material_3168
f 1830/3457/1830 1811/3458/1811 1798/3497/1798

usemtl material_3169
vt 0.7930297 0.0514672
f 96/3498/96 84/3459/84 25/3405/25

usemtl material_1494
vt 0.7655091 0.3403780
f 3669/2201/3669 3668/2200/3668 3670/3499/3670

usemtl material_1636
f 3675/2230/3675 3669/2201/3669 3670/3499/3670

usemtl material_1300
f 513/2160/513 512/2234/512 300/2285/300

usemtl material_1220
f 513/2160/513 300/2285/300 237/2208/237

usemtl material_3170
vt 0.8093602 0.2994955
f 116/3500/116 64/3450/64 124/3451/124

usemtl material_1450
f 3597/2147/3597 3602/2149/3602 3587/2210/3587

usemtl material_3171
vt 0.0424714 0.9338297
f 3584/3473/3584 3583/2247/3583 3579/3501/3579

usemtl material_991
f 1958/3491/1958 1997/3464/1997 1837/3482/1837

usemtl material_3172
f 1837/3482/1837 1862/3453/1862 1836/3492/1836

usemtl material_3173
f 1836/3492/1836 1861/3443/1861 1850/3444/1850

usemtl material_3174
f 1967/2320/1967 2209/2222/2209 1970/2221/1970

usemtl material_379
vt 0.4631217 0.9311042
f 1850/3444/1850 1851/3484/1851 1820/3502/1820

usemtl material_3175
f 1820/3502/1820 1851/3484/1851 1821/3493/1821

usemtl material_3176
vt 0.4168467 0.9366131
f 1821/3493/1821 1853/3455/1853 1822/3503/1822

usemtl material_3177
f 1822/3503/1822 1853/3455/1853 1856/3479/1856

usemtl material_1369
f 1822/3503/1822 1856/3479/1856 1823/3485/1823

usemtl material_3178
f 1823/3485/1823 1854/3445/1854 1824/3494/1824

usemtl material_1454
vt 0.2180327 0.9181511
f 1772/3504/1772 1806/3447/1806 1776/3487/1776

usemtl material_3179
vt 0.1513630 0.9142336
f 1784/3505/1784 1786/3474/1786 1791/3469/1791

usemtl material_909
vt 0.1362727 0.9126846
f 1784/3505/1784 1791/3469/1791 1789/3506/1789

usemtl material_1471
f 1791/3469/1791 1799/3475/1799 1789/3506/1789

usemtl material_910
vt 0.1233544 0.9130226
f 1789/3506/1789 1799/3475/1799 1793/3507/1793

usemtl material_876
f 1799/3475/1799 1798/3497/1798 1793/3507/1793

usemtl material_3180
vt 0.0862380 0.9254106
f 1804/3508/1804 1798/3497/1798 1811/3458/1811

usemtl material_3181
f 1804/3508/1804 1811/3458/1811 1814/3476/1814

usemtl material_973
vt 0.0839152 0.9213708
f 1936/3509/1936 1814/3476/1814 2101/3481/2101

usemtl material_3182
f 1804/3508/1804 1814/3476/1814 1936/3509/1936

usemtl material_3183
vt 0.7788271 0.0684996
f 25/3405/25 33/3406/33 34/3510/34

usemtl material_1073
vt 0.7557471 0.3374334
f 3675/2230/3675 3670/3499/3670 3679/3511/3679

usemtl material_1121
vt 0.7587193 0.3332726
f 3680/3512/3680 3675/2230/3675 3679/3511/3679

usemtl material_1219
f 512/2234/512 516/2267/516 301/2283/301

usemtl material_1073
f 512/2234/512 301/2283/301 300/2285/300

usemtl material_3184
f 29/3269/29 30/3248/30 43/3422/43

usemtl material_1904
f 2296/2238/2296 2758/2307/2758 2666/2239/2666

usemtl material_3185
f 2758/2307/2758 2296/2238/2296 2302/2286/2302

usemtl material_1892
f 2273/2242/2273 2287/2268/2287 2274/2162/2274

usemtl material_2908
vt 0.0540513 0.9251527
f 3579/3501/3579 3583/2247/3583 3577/3513/3577

usemtl material_3186
f 3580/2252/3580 3584/3473/3584 3579/3501/3579

usemtl material_3187
vt 0.5189890 0.9271125
f 1818/3514/1818 1837/3482/1837 1836/3492/1836

usemtl material_3188
f 1967/2320/1967 1970/2221/1970 1957/3490/1957

usemtl material_2743
vt 0.4927378 0.9294323
f 1817/3515/1817 1850/3444/1850 1820/3502/1820

usemtl material_3189
f 729/2299/729 651/2180/651 736/2263/736

usemtl material_3190
f 2207/2322/2207 2209/2222/2209 1967/2320/1967

usemtl material_3191
f 1825/3486/1825 1827/3465/1827 1826/3495/1826

usemtl material_909
vt 0.3167818 0.9204294
f 1826/3495/1826 1810/3466/1810 1766/3516/1766

usemtl material_908
vt 0.2870055 0.9185957
f 1810/3466/1810 1809/3446/1809 1767/3517/1767

usemtl material_1406
vt 0.2556913 0.9197599
f 1809/3446/1809 1807/3496/1807 1768/3518/1768

usemtl material_1471
f 1807/3496/1807 1806/3447/1806 1772/3504/1772

usemtl material_876
f 1785/3488/1785 1786/3474/1786 1784/3505/1784

usemtl material_993
vt 0.1088375 0.9145997
f 1793/3507/1793 1798/3497/1798 1797/3519/1797

usemtl material_3192
vt 0.7860711 0.0587620
f 96/3498/96 25/3405/25 86/3520/86

usemtl material_2576
f 44/3461/44 64/3450/64 116/3500/116

usemtl material_2811
vt 0.8056628 0.2946341
f 80/3521/80 44/3461/44 116/3500/116

usemtl material_3193
f 3577/3513/3577 3583/2247/3583 3581/2246/3581

usemtl material_3194
f 3580/2252/3580 3579/3501/3579 3578/2294/3578

usemtl material_3195
f 1831/2363/1831 1837/3482/1837 1818/3514/1818

usemtl material_3196
vt 0.6215160 0.9306226
f 1967/2320/1967 1957/3490/1957 1954/3522/1954

usemtl material_3197
f 1836/3492/1836 1850/3444/1850 1817/3515/1817

usemtl material_3198
f 1954/3522/1954 1957/3490/1957 1956/3483/1956

usemtl material_3199
f 1954/3522/1954 1956/3483/1956 1955/3478/1955

usemtl material_1971
vt 0.5638804 0.9265825
f 1947/3523/1947 1955/3478/1955 1958/3491/1958

usemtl material_1641
vt 0.4345141 0.9187033
f 1821/3493/1821 1822/3503/1822 1815/3524/1815

usemtl material_558
vt 0.3780757 0.9248046
f 1823/3485/1823 1824/3494/1824 1774/3525/1774

usemtl material_910
f 1766/3516/1766 1810/3466/1810 1767/3517/1767

usemtl material_909
f 1767/3517/1767 1809/3446/1809 1768/3518/1768
f 1768/3518/1768 1807/3496/1807 1772/3504/1772

usemtl material_1380
vt 0.1732374 0.9139521
f 1781/3526/1781 1785/3488/1785 1784/3505/1784

usemtl material_3200
f 1798/3497/1798 1804/3508/1804 1797/3519/1797

usemtl material_3201
vt 0.0856230 0.9145762
f 1803/3527/1803 1804/3508/1804 1936/3509/1936

usemtl material_3202
vt 0.0811398 0.9156355
f 1936/3509/1936 2101/3481/2101 2174/3528/2174

usemtl material_3203
f 86/3520/86 25/3405/25 34/3510/34

usemtl material_1762
f 2252/2243/2252 2253/2329/2253 2254/2272/2254

usemtl material_3204
f 1831/2363/1831 1958/3491/1958 1837/3482/1837

usemtl material_3205
f 1818/3514/1818 1836/3492/1836 1817/3515/1817

usemtl material_3206
f 1947/3523/1947 1954/3522/1954 1955/3478/1955

usemtl material_3207
vt 0.3526309 0.9237212
f 1774/3525/1774 1824/3494/1824 1773/3529/1773

usemtl material_1473
f 1773/3529/1773 1825/3486/1825 1826/3495/1826

usemtl material_650
f 1773/3529/1773 1826/3495/1826 1766/3516/1766

usemtl material_3208
f 1776/3487/1776 1785/3488/1785 1781/3526/1781

usemtl material_3209
vt 0.0924925 0.9141375
f 1797/3519/1797 1804/3508/1804 1801/3530/1801

usemtl material_3210
f 1801/3530/1801 1804/3508/1804 1803/3527/1803

usemtl material_1849
f 2287/2268/2287 2345/2342/2345 2346/2293/2346

usemtl material_1906
f 2254/2272/2254 2341/2328/2341 2268/2273/2268

usemtl material_3211
f 3577/3513/3577 3581/2246/3581 3572/2313/3572

usemtl material_1961
f 2255/2314/2255 2253/2329/2253 2252/2243/2252

usemtl material_1753
f 3579/3501/3579 3577/3513/3577 3574/2405/3574

usemtl material_1963
f 2259/2316/2259 2257/2315/2257 2258/2248/2258

usemtl material_3212
f 2242/2277/2242 2238/2319/2238 2235/2359/2235

usemtl material_392
f 2242/2277/2242 2235/2359/2235 2234/2289/2234

usemtl material_3213
f 1963/2321/1963 1967/2320/1967 1954/3522/1954

usemtl material_3214
vt 0.6202692 0.9256924
f 1963/2321/1963 1954/3522/1954 1948/3531/1948

usemtl material_568
f 1948/3531/1948 1954/3522/1954 1947/3523/1947

usemtl material_142
f 1947/3523/1947 1958/3491/1958 1953/2365/1953

usemtl material_3215
f 1953/2365/1953 1958/3491/1958 1831/2363/1831

usemtl material_3216
vt 0.4621730 0.9199491
f 1820/3502/1820 1821/3493/1821 1819/3532/1819

usemtl material_3207
f 1822/3503/1822 1823/3485/1823 1774/3525/1774

usemtl material_1473
f 1773/3529/1773 1824/3494/1824 1825/3486/1825

usemtl material_947
vt 0.2109937 0.9119934
f 1775/3533/1775 1772/3504/1772 1776/3487/1776

usemtl material_1403
f 1775/3533/1775 1776/3487/1776 1781/3526/1781

usemtl material_3217
f 1803/3527/1803 1936/3509/1936 2174/3528/2174

usemtl material_3218
vt 0.0813639 0.9021233
f 1803/3527/1803 2174/3528/2174 2142/3534/2142

usemtl material_3219
vt 0.7876617 0.2781267
f 42/3535/42 43/3422/43 44/3461/44

usemtl material_1936
f 2346/2293/2346 2347/2355/2347 2293/2236/2293

usemtl material_1622
f 2293/2236/2293 2347/2355/2347 2336/2305/2336

usemtl material_3220
f 2336/2305/2336 2338/2306/2338 2302/2286/2302

usemtl material_3221
vt 0.0500690 0.9165767
f 3574/2405/3574 3577/3513/3577 3568/3536/3568

usemtl material_2771
f 3578/2294/3578 3579/3501/3579 3574/2405/3574

usemtl material_401
vt 0.5622395 0.9152914
f 1940/3537/1940 1947/3523/1947 1953/2365/1953

usemtl material_564
f 1817/3515/1817 1820/3502/1820 1819/3532/1819

usemtl material_838
f 1815/3524/1815 1819/3532/1819 1821/3493/1821

usemtl material_2955
vt 0.4330419 0.9138207
vt 0.4001971 0.9153283
f 1753/3538/1753 1815/3524/1815 1760/3539/1760

usemtl material_612
f 1815/3524/1815 1822/3503/1822 1760/3539/1760

usemtl material_914
f 1760/3539/1760 1822/3503/1822 1774/3525/1774

usemtl material_611
vt 0.3433717 0.9122533
f 1773/3529/1773 1766/3516/1766 1757/3540/1757

usemtl material_1080
vt 0.2472888 0.9087755
f 1771/3541/1771 1768/3518/1768 1772/3504/1772

usemtl material_3222
vt 0.1930948 0.9098493
f 1775/3533/1775 1781/3526/1781 1780/3542/1780

usemtl material_1444
vt 0.1134624 0.9018199
f 1793/3507/1793 1797/3519/1797 1795/3543/1795

usemtl material_3223
vt 0.0851336 0.9077174
f 1802/3544/1802 1801/3530/1801 1803/3527/1803

usemtl material_3224
f 1802/3544/1802 1803/3527/1803 2142/3534/2142

usemtl material_2879
vt 0.7780588 0.0668059
f 100/3545/100 86/3520/86 34/3510/34

usemtl material_3225
f 9/3489/9 8/3309/8 5/3448/5

usemtl material_2653
vt 0.7933846 0.2863398
f 42/3535/42 44/3461/44 65/3546/65

usemtl material_3226
f 65/3546/65 44/3461/44 80/3521/80

usemtl material_3227
vt 0.8011107 0.2961289
f 80/3521/80 116/3500/116 126/3547/126

usemtl material_3228
f 2716/2377/2716 2758/2307/2758 2338/2306/2338

usemtl material_3229
vt 0.0565521 0.9063760
f 3572/2313/3572 3576/2311/3576 3560/3548/3560

usemtl material_3230
f 3568/3536/3568 3577/3513/3577 3572/2313/3572

usemtl material_3231
f 3573/2356/3573 3578/2294/3578 3574/2405/3574

usemtl material_3232
f 2231/2257/2231 2229/2383/2229 2226/2256/2226

usemtl material_1511
vt 0.5470079 0.9172380
vt 0.5350581 0.9176789
f 1813/3549/1813 1831/2363/1831 1812/3550/1812

usemtl material_3233
f 1831/2363/1831 1818/3514/1818 1812/3550/1812

usemtl material_3234
vt 0.5196465 0.9212101
f 1812/3550/1812 1818/3514/1818 1816/3551/1816

usemtl material_3235
f 1818/3514/1818 1817/3515/1817 1816/3551/1816

usemtl material_3236
f 1962/2353/1962 1963/2321/1963 1948/3531/1948

usemtl material_3237
vt 0.6204770 0.9147777
f 1962/2353/1962 1948/3531/1948 1943/3552/1943

usemtl material_2881
f 1948/3531/1948 1947/3523/1947 1943/3552/1943

usemtl material_3238
vt 0.5722914 0.9147223
f 1943/3552/1943 1947/3523/1947 1941/3553/1941

usemtl material_1110
f 1941/3553/1941 1947/3523/1947 1940/3537/1940

usemtl material_1306
f 1940/3537/1940 1953/2365/1953 1938/2364/1938

usemtl material_688
vt 0.4890898 0.9131100
f 1817/3515/1817 1819/3532/1819 1751/3554/1751

usemtl material_3239
vt 0.6260230 0.9124799
f 2205/3555/2205 2207/2322/2207 1962/2353/1962

usemtl material_1131
vt 0.4637619 0.9143726
f 1752/3556/1752 1819/3532/1819 1815/3524/1815

usemtl material_838
vt 0.3738392 0.9130985
f 1760/3539/1760 1774/3525/1774 1756/3557/1756

usemtl material_611
f 1774/3525/1774 1773/3529/1773 1756/3557/1756

usemtl material_654
f 1756/3557/1756 1773/3529/1773 1757/3540/1757

usemtl material_1528
vt 0.3170413 0.9094722
vt 0.2898633 0.9077126
f 1759/3558/1759 1766/3516/1766 1769/3559/1769

usemtl material_1526
f 1766/3516/1766 1767/3517/1767 1769/3559/1769

usemtl material_1152
f 1767/3517/1767 1768/3518/1768 1769/3559/1769

usemtl material_1154
vt 0.2662095 0.9069219
f 1769/3559/1769 1768/3518/1768 1770/3560/1770

usemtl material_683
f 1770/3560/1770 1768/3518/1768 1771/3541/1771

usemtl material_1080
f 1772/3504/1772 1775/3533/1775 1771/3541/1771

usemtl material_1342
vt 0.2115521 0.9074391
f 1777/3561/1777 1775/3533/1775 1780/3542/1780

usemtl material_3222
vt 0.1689401 0.8924948
f 1780/3542/1780 1781/3526/1781 1782/3562/1782

usemtl material_3240
vt 0.1512726 0.8940234
f 1781/3526/1781 1784/3505/1784 1783/3563/1783

usemtl material_3241
f 1783/3563/1783 1784/3505/1784 1789/3506/1789

usemtl material_3242
vt 0.0943530 0.8996413
f 1797/3519/1797 1801/3530/1801 1800/3564/1800

usemtl material_3243
f 1801/3530/1801 1802/3544/1802 1800/3564/1800

usemtl material_3244
f 34/3510/34 33/3406/33 9/3489/9

usemtl material_2893
f 4/3409/4 29/3269/29 43/3422/43

usemtl material_3245
vt 0.7939342 0.2907686
f 65/3546/65 80/3521/80 125/3565/125

usemtl material_3246
f 125/3565/125 80/3521/80 126/3547/126

usemtl material_3247
f 2336/2305/2336 2357/2376/2357 2338/2306/2338

usemtl material_666
f 1938/2364/1938 1831/2363/1831 1813/3549/1813

usemtl material_3248
f 1816/3551/1816 1817/3515/1817 1751/3554/1751

usemtl material_2404
f 1751/3554/1751 1819/3532/1819 1752/3556/1752

usemtl material_1158
f 1757/3540/1757 1766/3516/1766 1759/3558/1759

usemtl material_1081
f 1777/3561/1777 1771/3541/1771 1775/3533/1775

usemtl material_1311
f 1781/3526/1781 1783/3563/1783 1782/3562/1782

usemtl material_1068
f 1795/3543/1795 1797/3519/1797 1800/3564/1800

usemtl material_3249
vt 0.0854602 0.9029299
f 1800/3564/1800 1802/3544/1802 1805/3566/1805

usemtl material_3250
f 1805/3566/1805 1802/3544/1802 2142/3534/2142

usemtl material_3251
vt 0.5545977 0.5028468
f 2803/3567/2803 2716/2377/2716 2357/2376/2357

usemtl material_1906
f 2352/2378/2352 2339/2309/2339 2340/2312/2340

usemtl material_1961
f 2341/2328/2341 2353/2380/2353 2340/2312/2340

usemtl material_3252
f 3560/3548/3560 3576/2311/3576 3566/2457/3566

usemtl material_1465
f 3566/2457/3566 3576/2311/3576 3575/2379/3575

usemtl material_1906
f 2257/2315/2257 2351/2381/2351 2255/2314/2255

usemtl material_446
f 2247/2349/2247 2249/2330/2249 2248/2254/2248

usemtl material_3253
f 1092/2288/1092 1104/2384/1104 1122/2358/1122

usemtl material_3254
vt 0.5183629 0.9139705
f 1812/3550/1812 1816/3551/1816 1754/3568/1754

usemtl material_3255
f 1754/3568/1754 1816/3551/1816 1751/3554/1751

usemtl material_2923
f 1752/3556/1752 1815/3524/1815 1753/3538/1753

usemtl material_567
vt 0.3836630 0.9093110
f 1760/3539/1760 1756/3557/1756 1741/3569/1741

usemtl material_1154
vt 0.2182037 0.8978373
f 1771/3541/1771 1777/3561/1777 1779/3570/1779

usemtl material_1311
f 1779/3570/1779 1777/3561/1777 1780/3542/1780

usemtl material_1526
vt 0.1359285 0.8934627
f 1789/3506/1789 1793/3507/1793 1790/3571/1790

usemtl material_1269
vt 0.1209562 0.8933914
f 1790/3571/1790 1793/3507/1793 1794/3572/1794

usemtl material_833
f 1793/3507/1793 1795/3543/1795 1794/3572/1794

usemtl material_3256
vt 0.0850026 0.8958012
f 1835/3573/1835 1805/3566/1805 2142/3534/2142

usemtl material_2879
vt 0.7721915 0.0748452
f 100/3545/100 34/3510/34 75/3574/75

usemtl material_3257
vt 0.7624549 0.0936593
f 34/3510/34 9/3489/9 35/3575/35

usemtl material_2139
f 3568/3536/3568 3572/2313/3572 3560/3548/3560

usemtl material_3258
f 3569/2404/3569 3574/2405/3574 3568/3536/3568

usemtl material_3259
vt 0.5469616 0.9064726
f 1938/2364/1938 1813/3549/1813 1763/3576/1763

usemtl material_3260
f 1964/2444/1964 2205/3555/2205 1962/2353/1962

usemtl material_1561
vt 0.6196563 0.9000350
f 1943/3552/1943 1941/3553/1941 1944/3577/1944

usemtl material_3261
f 2221/2446/2221 2205/3555/2205 1964/2444/1964

usemtl material_2955
f 1753/3538/1753 1760/3539/1760 1741/3569/1741

usemtl material_1053
vt 0.2912016 0.8961746
f 1759/3558/1759 1769/3559/1769 1762/3578/1762

usemtl material_3262
vt 0.2018048 0.8889929
f 1779/3570/1779 1780/3542/1780 1788/3579/1788

usemtl material_3241
f 1783/3563/1783 1789/3506/1789 1790/3571/1790

usemtl material_994
vt 0.0930848 0.8924158
f 1794/3572/1794 1795/3543/1795 1796/3580/1796

usemtl material_2599
f 1795/3543/1795 1800/3564/1800 1796/3580/1796

usemtl material_3263
f 1796/3580/1796 1800/3564/1800 1805/3566/1805

usemtl material_3264
f 1796/3580/1796 1805/3566/1805 1835/3573/1835

usemtl material_3265
vt 0.0809740 0.8907427
f 1835/3573/1835 2142/3534/2142 2162/3581/2162

usemtl material_3266
f 2354/2375/2354 2386/2418/2386 2357/2376/2357

usemtl material_1908
vt 0.0476455 0.8978690
f 3555/3582/3555 3568/3536/3568 3560/3548/3560

usemtl material_1762
f 2257/2315/2257 2361/2437/2361 2351/2381/2351

usemtl material_3267
f 3569/2404/3569 3568/3536/3568 3555/3582/3555

usemtl material_1906
f 2362/2403/2362 2361/2437/2361 2257/2315/2257

usemtl material_3268
f 1813/3549/1813 1812/3550/1812 1763/3576/1763

usemtl material_3269
f 1763/3576/1763 1812/3550/1812 1754/3568/1754

usemtl material_3270
f 1964/2444/1964 1962/2353/1962 1943/3552/1943

usemtl material_3271
f 1964/2444/1964 1943/3552/1943 1944/3577/1944

usemtl material_187
vt 0.5637506 0.9012911
f 1941/3553/1941 1940/3537/1940 1939/3583/1939

usemtl material_795
f 1939/3583/1939 1940/3537/1940 1938/2364/1938

usemtl material_3272
f 1937/2484/1937 1938/2364/1938 1763/3576/1763

usemtl material_1638
vt 0.4616911 0.9014020
f 1752/3556/1752 1753/3538/1753 1747/3584/1747

usemtl material_2923
vt 0.4071892 0.9021901
f 1753/3538/1753 1741/3569/1741 1743/3585/1743

usemtl material_2889
vt 0.3414604 0.8966179
f 1756/3557/1756 1757/3540/1757 1758/3586/1758

usemtl material_1177
f 1758/3586/1758 1757/3540/1757 1759/3558/1759

usemtl material_3241
f 1769/3559/1769 1770/3560/1770 1762/3578/1762

usemtl material_1223
vt 0.2450676 0.8869684
f 1778/3587/1778 1771/3541/1771 1779/3570/1779

usemtl material_1311
f 1788/3579/1788 1780/3542/1780 1782/3562/1782

usemtl material_2653
f 75/3574/75 34/3510/34 35/3575/35

usemtl material_3273
vt 0.7590151 0.1142559
f 7/3588/7 9/3489/9 5/3448/5

usemtl material_2673
vt 0.7729032 0.2418737
f 31/3589/31 4/3409/4 43/3422/43

usemtl material_2811
vt 0.7891800 0.2857113
f 65/3546/65 125/3565/125 119/3590/119

usemtl material_1174
f 2383/2424/2383 2381/2401/2381 2343/2344/2343

usemtl material_1366
f 3560/3548/3560 3566/2457/3566 3549/2459/3549

usemtl material_1906
f 2342/2346/2342 2364/2436/2364 2353/2380/2353

usemtl material_3274
f 3571/2426/3571 3569/2404/3569 3570/2461/3570

usemtl material_3275
f 2245/2352/2245 2355/2442/2355 2239/2362/2239

usemtl material_3276
vt 0.4953589 0.8894285
f 1750/3591/1750 1754/3568/1754 1751/3554/1751

usemtl material_1738
vt 0.5815960 0.9001476
f 1944/3577/1944 1941/3553/1941 1942/3592/1942

usemtl material_3277
f 1941/3553/1941 1939/3583/1939 1942/3592/1942

usemtl material_2547
f 1939/3583/1939 1938/2364/1938 1937/2484/1937

usemtl material_3278
vt 0.4886734 0.8990241
f 1749/3593/1749 1752/3556/1752 1747/3584/1747
vt 0.4349596 0.9030345
f 1745/3594/1745 1747/3584/1747 1753/3538/1753

usemtl material_1638
f 1745/3594/1745 1753/3538/1753 1743/3585/1743

usemtl material_1056
f 1741/3569/1741 1756/3557/1756 1758/3586/1758

usemtl material_1177
f 1758/3586/1758 1759/3558/1759 1762/3578/1762

usemtl material_1082
f 1778/3587/1778 1770/3560/1770 1771/3541/1771

usemtl material_3241
vt 0.2258356 0.8883390
f 1778/3587/1778 1779/3570/1779 1787/3595/1787

usemtl material_3279
vt 0.0850139 0.8872539
f 1796/3580/1796 1835/3573/1835 1849/3596/1849

usemtl material_3280
f 1849/3596/1849 1835/3573/1835 2162/3581/2162

usemtl material_3281
vt 0.7634330 0.0885611
f 90/3597/90 75/3574/75 35/3575/35

usemtl material_2063
f 3288/2420/3288 3282/2453/3282 3289/2421/3289

usemtl material_1322
f 412/2402/412 244/2374/244 309/2454/309

usemtl material_78
f 3555/3582/3555 3560/3548/3560 3549/2459/3549

usemtl material_3282
f 1764/2482/1764 1937/2484/1937 1763/3576/1763

usemtl material_3283
vt 0.5198847 0.8966351
f 1763/3576/1763 1754/3568/1754 1755/3598/1755

usemtl material_3284
f 1971/2445/1971 1964/2444/1964 1944/3577/1944

usemtl material_3278
f 1750/3591/1750 1751/3554/1751 1749/3593/1749

usemtl material_1638
f 1751/3554/1751 1752/3556/1752 1749/3593/1749

usemtl material_1157
vt 0.4025593 0.8924472
f 1743/3585/1743 1741/3569/1741 1740/3599/1740
vt 0.3781638 0.8936729
f 1740/3599/1740 1741/3569/1741 1742/3600/1742

usemtl material_2923
f 1742/3600/1742 1741/3569/1741 1758/3586/1758

usemtl material_1104
f 1762/3578/1762 1770/3560/1770 1778/3587/1778

usemtl material_1223
f 1787/3595/1787 1779/3570/1779 1788/3579/1788

usemtl material_3262
vt 0.1917668 0.8780482
f 1915/3601/1915 1788/3579/1788 1782/3562/1782

usemtl material_1237
f 1782/3562/1782 1783/3563/1783 1915/3601/1915

usemtl material_1223
vt 0.1515273 0.8812418
f 1915/3601/1915 1783/3563/1783 1914/3602/1914

usemtl material_1081
vt 0.1406342 0.8800611
f 1914/3602/1914 1783/3563/1783 1908/3603/1908

usemtl material_1152
f 1908/3603/1908 1783/3563/1783 1790/3571/1790

usemtl material_681
f 1790/3571/1790 1794/3572/1794 1908/3603/1908

usemtl material_1003
vt 0.1099710 0.8786653
f 1794/3572/1794 1796/3580/1796 1907/3604/1907

usemtl material_3285
vt 0.0806621 0.8725597
f 1849/3596/1849 2162/3581/2162 2163/3605/2163

usemtl material_2754
f 31/3589/31 43/3422/43 42/3535/42

usemtl material_3286
vt 0.7821096 0.2763102
f 76/3606/76 42/3535/42 65/3546/65

usemtl material_3287
f 76/3606/76 65/3546/65 119/3590/119

usemtl material_3288
f 3556/2500/3556 3569/2404/3569 3555/3582/3555

usemtl material_3289
f 3556/2500/3556 3570/2461/3570 3569/2404/3569

usemtl material_3290
f 1755/3598/1755 1754/3568/1754 1750/3591/1750

usemtl material_3291
vt 0.6234749 0.8895376
f 1972/3607/1972 1971/2445/1971 1944/3577/1944

usemtl material_3292
vt 0.6091523 0.8884850
f 1949/3608/1949 1944/3577/1944 1942/3592/1942

usemtl material_121
vt 0.5628883 0.8891062
f 1942/3592/1942 1939/3583/1939 1945/3609/1945

usemtl material_1013
f 1945/3609/1945 1939/3583/1939 1937/2484/1937

usemtl material_3293
f 2160/2554/2160 2221/2446/2221 1971/2445/1971

usemtl material_3294
vt 0.4450530 0.8906363
f 1746/3610/1746 1747/3584/1747 1745/3594/1745

usemtl material_3278
vt 0.4304028 0.8907244
f 1745/3594/1745 1743/3585/1743 1744/3611/1744

usemtl material_1255
vt 0.2853093 0.8832740
f 1834/3612/1834 1762/3578/1762 1778/3587/1778

usemtl material_636
vt 0.1224605 0.8698232
f 1908/3603/1908 1794/3572/1794 1909/3613/1909

usemtl material_942
f 1909/3613/1909 1794/3572/1794 1907/3604/1907

usemtl material_3295
vt 0.0934402 0.8721554
f 1907/3604/1907 1796/3580/1796 1911/3614/1911

usemtl material_3296
f 1911/3614/1911 1796/3580/1796 1849/3596/1849

usemtl material_3297
vt 0.0850121 0.8794580
f 1911/3614/1911 1849/3596/1849 1912/3615/1912

usemtl material_996
f 1912/3615/1912 1849/3596/1849 2163/3605/2163

usemtl material_3298
vt 0.7793636 0.2769167
f 76/3606/76 119/3590/119 132/3616/132

usemtl material_3299
f 3094/2529/3094 3282/2453/3282 3095/2452/3095

usemtl material_3300
f 3557/2458/3557 3566/2457/3566 3567/2423/3567

usemtl material_1816
f 3130/2475/3130 3121/2499/3121 3131/2497/3131

usemtl material_2080
f 2230/2351/2230 2366/2439/2366 2227/2331/2227

usemtl material_3301
vt 0.9427223 0.7885594
f 1098/2430/1098 1103/2478/1103 1130/3617/1130

usemtl material_3302
f 2509/2408/2509 2516/2480/2516 2510/2463/2510

usemtl material_3303
f 1764/2482/1764 1763/3576/1763 1755/3598/1755

usemtl material_3304
f 2160/2554/2160 1971/2445/1971 1972/3607/1972

usemtl material_3294
vt 0.4670194 0.8893769
f 1749/3593/1749 1747/3584/1747 1748/3618/1748

usemtl material_3305
f 1748/3618/1748 1747/3584/1747 1746/3610/1746

usemtl material_3306
f 1746/3610/1746 1745/3594/1745 1744/3611/1744

usemtl material_3278
f 1744/3611/1744 1743/3585/1743 1740/3599/1740

usemtl material_1033
vt 0.3158957 0.8800560
f 1758/3586/1758 1762/3578/1762 1833/3619/1833

usemtl material_1104
f 1834/3612/1834 1778/3587/1778 1787/3595/1787

usemtl material_1223
vt 0.2181751 0.8721477
f 1787/3595/1787 1788/3579/1788 1916/3620/1916

usemtl material_1237
f 1916/3620/1916 1788/3579/1788 1915/3601/1915

usemtl material_969
vt 0.1402132 0.8701606
f 1928/3621/1928 1908/3603/1908 1909/3613/1909

usemtl material_648
vt 0.1110641 0.8712748
f 1909/3613/1909 1907/3604/1907 1910/3622/1910

usemtl material_3307
vt 0.0849755 0.8727335
f 1913/3623/1913 1912/3615/1912 2163/3605/2163

usemtl material_2673
vt 0.7616441 0.1813776
f 6/3624/6 5/3448/5 4/3409/4

usemtl material_3308
vt 0.0199612 0.5751485
f 3094/2529/3094 3244/3625/3244 3282/2453/3282

usemtl material_3309
f 3092/2512/3092 3094/2529/3094 3095/2452/3095

usemtl material_1869
f 3020/2513/3020 3022/2471/3022 3143/2494/3143

usemtl material_1902
f 3143/2494/3143 3022/2471/3022 3144/2470/3144

usemtl material_3310
f 3540/2535/3540 3557/2458/3557 3551/2515/3551

usemtl material_1690
f 3130/2475/3130 3122/2474/3122 3121/2499/3121

usemtl material_3311
f 3540/2535/3540 3549/2459/3549 3557/2458/3557

usemtl material_2139
f 3543/2534/3543 3555/3582/3555 3549/2459/3549

usemtl material_3312
f 3545/2547/3545 3556/2500/3556 3555/3582/3555

usemtl material_1620
f 2378/2516/2378 2362/2403/2362 2363/2476/2363

usemtl material_3313
vt 0.5466543 0.8911049
f 1765/3626/1765 1764/2482/1764 1755/3598/1755

usemtl material_3314
vt 0.5195233 0.8877522
f 1761/3627/1761 1755/3598/1755 1750/3591/1750

usemtl material_1291
vt 0.6218691 0.8850524
f 1972/3607/1972 1944/3577/1944 1950/3628/1950

usemtl material_3315
f 1950/3628/1950 1944/3577/1944 1949/3608/1949

usemtl material_192
f 1949/3608/1949 1942/3592/1942 1945/3609/1945

usemtl material_3306
f 1750/3591/1750 1749/3593/1749 1748/3618/1748

usemtl material_1157
vt 0.3456150 0.8766478
f 1742/3600/1742 1758/3586/1758 1840/3629/1840

usemtl material_1084
f 1833/3619/1833 1762/3578/1762 1834/3612/1834

usemtl material_1104
vt 0.2443126 0.8680823
f 1926/3630/1926 1834/3612/1834 1787/3595/1787

usemtl material_948
vt 0.1596075 0.8678966
f 1927/3631/1927 1914/3602/1914 1908/3603/1908

usemtl material_3316
f 1910/3622/1910 1907/3604/1907 1911/3614/1911

usemtl material_3317
f 1911/3614/1911 1912/3615/1912 1913/3623/1913

usemtl material_3318
vt 0.7593594 0.0964018
f 90/3597/90 35/3575/35 82/3632/82

usemtl material_2645
f 35/3575/35 9/3489/9 7/3588/7

usemtl material_3319
vt 0.7695429 0.2566633
f 31/3589/31 42/3535/42 41/3633/41

usemtl material_2737
vt 0.7709378 0.2628990
f 41/3633/41 42/3535/42 61/3634/61

usemtl material_2614
f 61/3634/61 42/3535/42 76/3606/76

usemtl material_1190
f 3022/2471/3022 3021/2511/3021 3093/2472/3093

usemtl material_3320
f 3092/2512/3092 3023/2527/3023 3094/2529/3094

usemtl material_1526
f 3013/2496/3013 3014/2493/3014 3142/2492/3142

usemtl material_1298
f 3558/2532/3558 3567/2423/3567 3585/2455/3585

usemtl material_3321
f 3545/2547/3545 3555/3582/3555 3543/2534/3543

usemtl material_3322
vt 0.2637945 0.5347475
f 3129/3635/3129 3127/2550/3127 3128/2473/3128

usemtl material_3323
f 3548/2517/3548 3556/2500/3556 3545/2547/3545

usemtl material_919
f 1946/2483/1946 1764/2482/1764 1765/3626/1765

usemtl material_2680
vt 0.5448704 0.8857634
f 1765/3626/1765 1755/3598/1755 1792/3636/1792

usemtl material_3324
f 1792/3636/1792 1755/3598/1755 1761/3627/1761

usemtl material_659
f 1945/3609/1945 1937/2484/1937 1946/2483/1946

usemtl material_2956
vt 0.3707694 0.8748026
f 1841/3637/1841 1742/3600/1742 1840/3629/1840

usemtl material_1105
f 1840/3629/1840 1758/3586/1758 1833/3619/1833

usemtl material_1238
vt 0.2721751 0.8687249
f 1923/3638/1923 1834/3612/1834 1926/3630/1926

usemtl material_3241
f 1787/3595/1787 1916/3620/1916 1926/3630/1926

usemtl material_3325
f 1927/3631/1927 1915/3601/1915 1914/3602/1914

usemtl material_1471
f 1927/3631/1927 1908/3603/1908 1928/3621/1928

usemtl material_3326
vt 0.0836978 0.8662521
f 1913/3623/1913 2163/3605/2163 2084/3639/2084

usemtl material_2754
f 6/3624/6 4/3409/4 31/3589/31

usemtl material_2617
vt 0.7727121 0.2685312
f 127/3640/127 61/3634/61 76/3606/76

usemtl material_3327
f 127/3640/127 76/3606/76 132/3616/132

usemtl material_3328
f 3024/2528/3024 3244/3625/3244 3094/2529/3094

usemtl material_1734
f 3020/2513/3020 3007/2563/3007 3022/2471/3022

usemtl material_3329
f 3022/2471/3022 3007/2563/3007 3021/2511/3021

usemtl material_3330
f 3540/2535/3540 3551/2515/3551 3521/2584/3521

usemtl material_1586
f 3127/2550/3127 3096/2569/3096 3128/2473/3128

usemtl material_3331
f 2370/2520/2370 2372/2519/2372 2365/2502/2365

usemtl material_1143
vt 0.5781702 0.8746793
f 1949/3608/1949 1945/3609/1945 1951/3641/1951

usemtl material_3332
f 2160/2554/2160 1972/3607/1972 1950/3628/1950

usemtl material_3333
f 1988/2555/1988 2160/2554/2160 1950/3628/1950

usemtl material_3322
vt 0.3887967 0.8736109
f 1842/3642/1842 1740/3599/1740 1742/3600/1742
f 1842/3642/1842 1742/3600/1742 1841/3637/1841

usemtl material_1177
vt 0.3097211 0.8679066
vt 0.2907964 0.8687270
f 1921/3643/1921 1833/3619/1833 1922/3644/1922

usemtl material_1084
f 1833/3619/1833 1834/3612/1834 1922/3644/1922

usemtl material_1205
f 1834/3612/1834 1923/3638/1923 1922/3644/1922

usemtl material_1080
vt 0.1919904 0.8622054
f 1929/3645/1929 1915/3601/1915 1927/3631/1927

usemtl material_3334
vt 0.0920984 0.8487908
f 1910/3622/1910 1911/3614/1911 2059/3646/2059

usemtl material_3335
vt 0.0803370 0.8628722
f 2084/3639/2084 2163/3605/2163 2197/3647/2197

usemtl material_3336
vt 0.7544432 0.1110193
f 82/3632/82 35/3575/35 36/3648/36

usemtl material_3337
f 3154/2633/3154 3244/3625/3244 3024/2528/3024

usemtl material_1586
f 3020/2513/3020 3006/2610/3006 3007/2563/3007

usemtl material_650
f 3005/2565/3005 3014/2493/3014 3013/2496/3013

usemtl material_1054
f 3122/2474/3122 3017/2568/3017 3121/2499/3121

usemtl material_1586
f 3128/2473/3128 3096/2569/3096 3122/2474/3122

usemtl material_1208
f 1896/2576/1896 1946/2483/1946 1765/3626/1765

usemtl material_108
f 1896/2576/1896 1765/3626/1765 1792/3636/1792

usemtl material_3338
vt 0.4961250 0.8743482
f 1761/3627/1761 1750/3591/1750 1847/3649/1847

usemtl material_3339
vt 0.6199280 0.8748598
f 1988/2555/1988 1950/3628/1950 1960/3650/1960

usemtl material_3340
vt 0.6056668 0.8753551
f 1960/3650/1960 1950/3628/1950 1959/3651/1959

usemtl material_152
f 1950/3628/1950 1949/3608/1949 1959/3651/1959

usemtl material_2216
f 1959/3651/1959 1949/3608/1949 1951/3641/1951

usemtl material_1429
vt 0.5625694 0.8767884
f 1951/3641/1951 1945/3609/1945 1952/3652/1952

usemtl material_659
f 1945/3609/1945 1946/2483/1946 1961/2577/1961

usemtl material_3305
vt 0.4756546 0.8741359
f 1750/3591/1750 1748/3618/1748 1846/3653/1846
vt 0.4622932 0.8739383
f 1846/3653/1846 1748/3618/1748 1843/3654/1843
f 1843/3654/1843 1748/3618/1748 1746/3610/1746

usemtl material_3341
f 1843/3654/1843 1746/3610/1746 1744/3611/1744

usemtl material_1154
vt 0.2256181 0.8598654
f 1930/3655/1930 1916/3620/1916 1929/3645/1929
f 1916/3620/1916 1915/3601/1915 1929/3645/1929

usemtl material_3154
vt 0.1519473 0.8556249
f 2062/3656/2062 1927/3631/1927 1928/3621/1928

usemtl material_2924
vt 0.1371530 0.8477185
f 2062/3656/2062 1928/3621/1928 2063/3657/2063

usemtl material_3342
vt 0.1117098 0.8487792
f 2065/3658/2065 1910/3622/1910 2059/3646/2059

usemtl material_3343
vt 0.0852080 0.8587202
f 1911/3614/1911 1913/3623/1913 2049/3659/2049

usemtl material_3344
f 2049/3659/2049 1913/3623/1913 2084/3639/2084

usemtl material_3345
vt 0.0837774 0.8593171
f 2049/3659/2049 2084/3639/2084 2083/3660/2083

usemtl material_3346
f 2083/3660/2083 2084/3639/2084 2197/3647/2197

usemtl material_2694
f 35/3575/35 7/3588/7 36/3648/36

usemtl material_3347
f 7/3588/7 5/3448/5 6/3624/6

usemtl material_1255
f 3005/2565/3005 3006/2610/3006 3020/2513/3020

usemtl material_1337
f 3544/2583/3544 3558/2532/3558 3564/2657/3564

usemtl material_3348
f 3546/2586/3546 3545/2547/3545 3520/2615/3520

usemtl material_1441
f 3520/2615/3520 3545/2547/3545 3543/2534/3543

usemtl material_1054
f 3097/2549/3097 3096/2569/3096 3127/2550/3127

usemtl material_3349
vt 0.3544909 0.5331262
f 3119/3661/3119 3102/2588/3102 3125/2571/3125

usemtl material_3350
f 2369/2540/2369 2388/2575/2388 2368/2465/2368

usemtl material_65
vt 0.5345173 0.8705593
f 1896/2576/1896 1792/3636/1792 1895/3662/1895

usemtl material_3351
f 1895/3662/1895 1792/3636/1792 1761/3627/1761

usemtl material_3352
vt 0.5194976 0.8760631
f 1895/3662/1895 1761/3627/1761 1848/3663/1848

usemtl material_3353
f 1848/3663/1848 1761/3627/1761 1847/3649/1847

usemtl material_3354
f 1750/3591/1750 1846/3653/1846 1847/3649/1847

usemtl material_527
f 1952/3652/1952 1945/3609/1945 1961/2577/1961

usemtl material_3355
f 2216/2556/2216 1988/2555/1988 2180/2645/2180

usemtl material_3356
vt 0.4361605 0.8726408
f 1843/3654/1843 1744/3611/1744 1844/3664/1844

usemtl material_3357
vt 0.4126205 0.8728538
f 1845/3665/1845 1744/3611/1744 1740/3599/1740

usemtl material_3358
f 1845/3665/1845 1740/3599/1740 1842/3642/1842

usemtl material_1056
f 1921/3643/1921 1840/3629/1840 1833/3619/1833

usemtl material_3241
f 1930/3655/1930 1926/3630/1926 1916/3620/1916

usemtl material_3359
f 1929/3645/1929 1927/3631/1927 2062/3656/2062

usemtl material_3360
f 2063/3657/2063 1928/3621/1928 1909/3613/1909

usemtl material_3361
vt 0.1222828 0.8478754
f 1909/3613/1909 1910/3622/1910 2064/3666/2064

usemtl material_932
f 2064/3666/2064 1910/3622/1910 2065/3658/2065

usemtl material_3362
f 2059/3646/2059 1911/3614/1911 2049/3659/2049

usemtl material_3363
vt 0.7536432 0.1076690
f 82/3632/82 36/3648/36 98/3667/98

usemtl material_2614
vt 0.7607269 0.2470040
f 62/3668/62 41/3633/41 61/3634/61

usemtl material_3364
f 2982/2581/2982 2983/2634/2983 3023/2527/3023

usemtl material_3365
f 3023/2527/3023 2983/2634/2983 3024/2528/3024

usemtl material_3366
f 3024/2528/3024 2983/2634/2983 3154/2633/3154

usemtl material_1127
f 3021/2511/3021 2967/2564/2967 2982/2581/2982

usemtl material_837
f 3005/2565/3005 2964/2611/2964 3006/2610/3006

usemtl material_836
f 3089/2533/3089 3015/2545/3015 3016/2566/3016

usemtl material_3367
f 3559/2638/3559 3546/2586/3546 3520/2615/3520

usemtl material_3368
f 3594/2518/3594 3546/2586/3546 3559/2638/3559

usemtl material_3369
f 3119/3661/3119 3118/2640/3118 3103/2683/3103

usemtl material_3370
f 3280/2590/3280 3291/2642/3291 3138/2591/3138

usemtl material_3371
f 3152/2594/3152 3137/2595/3137 3153/2598/3153

usemtl material_3372
f 3147/2597/3147 3117/2603/3117 3149/2602/3149

usemtl material_1184
f 2180/2645/2180 1988/2555/1988 1991/2646/1991

usemtl material_1724
f 1991/2646/1991 1988/2555/1988 1960/3650/1960

usemtl material_3373
f 2208/2647/2208 2216/2556/2216 2180/2645/2180

usemtl material_3306
f 1844/3664/1844 1744/3611/1744 1845/3665/1845

usemtl material_2923
vt 0.3765670 0.8594571
vt 0.3406318 0.8682134
f 1919/3669/1919 1841/3637/1841 1920/3670/1920

usemtl material_1157
f 1920/3670/1920 1841/3637/1841 1840/3629/1840

usemtl material_1105
f 1920/3670/1920 1840/3629/1840 1921/3643/1921

usemtl material_3241
vt 0.2649070 0.8533433
f 1935/3671/1935 1923/3638/1923 1926/3630/1926

usemtl material_1559
f 1926/3630/1926 1930/3655/1930 1935/3671/1935

usemtl material_3374
vt 0.0841396 0.8516109
f 2049/3659/2049 2083/3660/2083 2071/3672/2071

usemtl material_3375
vt 0.0804272 0.8490608
f 2206/3673/2206 2083/3660/2083 2197/3647/2197

usemtl material_3376
f 2071/3672/2071 2083/3660/2083 2206/3673/2206

usemtl material_3377
vt 0.7502670 0.1185729
f 98/3667/98 36/3648/36 74/3674/74

usemtl material_3378
vt 0.7525702 0.1350566
f 7/3588/7 32/3675/32 36/3648/36

usemtl material_3379
f 7/3588/7 6/3624/6 32/3675/32

usemtl material_3380
vt 0.7566841 0.2358922
f 6/3624/6 31/3589/31 40/3676/40

usemtl material_3381
f 31/3589/31 41/3633/41 40/3676/40

usemtl material_2589
vt 0.7634802 0.2549714
f 62/3668/62 61/3634/61 123/3677/123

usemtl material_3382
vt 0.0178903 0.5931148
f 3285/3678/3285 3154/2633/3154 3200/2635/3200

usemtl material_3383
f 2964/2611/2964 2967/2564/2967 3007/2563/3007

usemtl material_2138
f 3517/2585/3517 3521/2584/3521 3518/2614/3518

usemtl material_3384
f 3103/2683/3103 3102/2588/3102 3119/3661/3119

usemtl material_2100
f 3118/2640/3118 3104/2639/3104 3103/2683/3103

usemtl material_3385
vt 0.5462545 0.8686912
f 1900/3679/1900 1896/2576/1896 1895/3662/1895

usemtl material_3386
vt 0.6056559 0.8599559
f 1959/3651/1959 1951/3641/1951 1977/3680/1977

usemtl material_2103
vt 0.5774469 0.8665234
f 1973/3681/1973 1951/3641/1951 1952/3652/1952

usemtl material_584
vt 0.5608338 0.8650777
f 1973/3681/1973 1952/3652/1952 1974/3682/1974

usemtl material_3387
vt 0.5177649 0.8676828
f 1848/3663/1848 1847/3649/1847 1901/3683/1901

usemtl material_1723
vt 0.6198497 0.8595376
f 1991/2646/1991 1960/3650/1960 1978/3684/1978

usemtl material_1783
f 1978/3684/1978 1960/3650/1960 1959/3651/1959

usemtl material_3388
vt 0.3909819 0.8596494
f 1845/3665/1845 1842/3642/1842 1918/3685/1918

usemtl material_3389
f 1918/3685/1918 1842/3642/1842 1841/3637/1841

usemtl material_1010
vt 0.3108184 0.8526512
f 1920/3670/1920 1921/3643/1921 1932/3686/1932

usemtl material_1054
f 1932/3686/1932 1921/3643/1921 1922/3644/1922

usemtl material_982
vt 0.2838456 0.8522670
f 1933/3687/1933 1923/3638/1923 1935/3671/1935

usemtl material_947
vt 0.2096241 0.8409101
f 1930/3655/1930 1929/3645/1929 2073/3688/2073

usemtl material_3030
vt 0.1939682 0.8423179
f 2073/3688/2073 1929/3645/1929 2074/3689/2074

usemtl material_3155
f 2074/3689/2074 1929/3645/1929 2062/3656/2062

usemtl material_2958
vt 0.1506277 0.8445750
vt 0.1704989 0.8424715
f 2062/3656/2062 2076/3690/2076 2075/3691/2075

usemtl material_3390
f 2076/3690/2076 2062/3656/2062 2063/3657/2063

usemtl material_3391
f 2063/3657/2063 1909/3613/1909 2064/3666/2064

usemtl material_3392
f 2059/3646/2059 2049/3659/2049 2071/3672/2071

usemtl material_3393
vt 0.0839757 0.8422489
f 2071/3672/2071 2206/3673/2206 2098/3692/2098

usemtl material_3394
vt 0.0795256 0.8371378
f 2098/3692/2098 2206/3673/2206 2215/3693/2215

usemtl material_3286
f 40/3676/40 41/3633/41 62/3668/62

usemtl material_2191
f 3200/2635/3200 2983/2634/2983 2970/2673/2970

usemtl material_1528
f 2967/2564/2967 2968/2653/2968 2982/2581/2982

usemtl material_3395
f 2982/2581/2982 2968/2653/2968 2983/2634/2983

usemtl material_3396
f 2983/2634/2983 2968/2653/2968 2970/2673/2970

usemtl material_1030
f 3004/2613/3004 2963/2654/2963 3005/2565/3005

usemtl material_1308
f 3552/2656/3552 3564/2657/3564 3565/2694/3565

usemtl material_778
f 3015/2545/3015 2981/2658/2981 3016/2566/3016

usemtl material_650
f 3018/2570/3018 3000/2636/3000 3017/2568/3017

usemtl material_1221
f 3096/2569/3096 3097/2549/3097 3003/2661/3003

usemtl material_3397
f 3136/2601/3136 3112/2664/3112 3134/2618/3134

usemtl material_3398
f 1900/3679/1900 1961/2577/1961 1896/2576/1896

usemtl material_3399
f 1895/3662/1895 1848/3663/1848 1901/3683/1901

usemtl material_3400
f 1978/3684/1978 1959/3651/1959 1977/3680/1977

usemtl material_3148
f 1977/3680/1977 1951/3641/1951 1973/3681/1973

usemtl material_1285
f 1974/3682/1974 1952/3652/1952 1961/2577/1961

usemtl material_1258
vt 0.5513425 0.8663397
f 1974/3682/1974 1961/2577/1961 1975/3694/1975

usemtl material_2103
f 1975/3694/1975 1961/2577/1961 1900/3679/1900

usemtl material_2127
f 1999/2720/1999 1991/2646/1991 1978/3684/1978

usemtl material_3401
vt 0.4119632 0.8585495
f 1917/3695/1917 1844/3664/1844 1845/3665/1845

usemtl material_3402
f 1917/3695/1917 1845/3665/1845 1918/3685/1918

usemtl material_2970
f 1918/3685/1918 1841/3637/1841 1919/3669/1919

usemtl material_695
vt 0.3368918 0.8528336
f 1934/3696/1934 1920/3670/1920 1932/3686/1932

usemtl material_1528
f 1933/3687/1933 1932/3686/1932 1922/3644/1922

usemtl material_1277
f 1922/3644/1922 1923/3638/1923 1933/3687/1933

usemtl material_683
vt 0.2505147 0.8508623
f 2060/3697/2060 1935/3671/1935 1930/3655/1930

usemtl material_1506
vt 0.2249119 0.8410465
f 2060/3697/2060 1930/3655/1930 2072/3698/2072

usemtl material_3403
f 2072/3698/2072 1930/3655/1930 2073/3688/2073

usemtl material_2931
f 2074/3689/2074 2062/3656/2062 2075/3691/2075

usemtl material_3404
f 2059/3646/2059 2071/3672/2071 2098/3692/2098

usemtl material_3405
vt 0.7476283 0.1316503
f 74/3674/74 36/3648/36 37/3699/37

usemtl material_3406
f 36/3648/36 32/3675/32 37/3699/37

usemtl material_3407
vt 0.0347428 0.6067206
f 2968/2653/2968 2956/3700/2956 2970/2673/2970

usemtl material_2131
f 2964/2611/2964 2955/2652/2955 2967/2564/2967

usemtl material_652
f 2955/2652/2955 2956/3700/2956 2968/2653/2968

usemtl material_836
vt 0.0926849 0.5992399
f 2963/2654/2963 2962/3701/2962 2964/2611/2964

usemtl material_1557
f 2962/3701/2962 2954/2675/2954 2964/2611/2964

usemtl material_777
f 2999/2582/2999 2961/2655/2961 3004/2613/3004

usemtl material_3408
f 3538/2678/3538 3539/2637/3539 3513/2677/3513

usemtl material_1152
f 3097/2549/3097 3009/2663/3009 3003/2661/3003

usemtl material_3409
f 2995/2698/2995 3098/2572/3098 3102/2588/3102

usemtl material_3410
f 3103/2683/3103 2993/2682/2993 3102/2588/3102

usemtl material_3350
f 3134/2618/3134 3112/2664/3112 3113/2619/3113

usemtl material_3411
f 3148/2643/3148 3114/2685/3114 3138/2591/3138

usemtl material_3412
f 3100/2644/3100 3101/2718/3101 3137/2595/3137

usemtl material_3413
f 3135/2600/3135 3111/2687/3111 3112/2664/3112

usemtl material_3414
vt 0.5779549 0.8535177
f 1979/3702/1979 1977/3680/1977 1973/3681/1973

usemtl material_3415
f 2208/2647/2208 1991/2646/1991 1999/2720/1999

usemtl material_3357
vt 0.4416407 0.8572800
f 1843/3654/1843 1844/3664/1844 1906/3703/1906

usemtl material_3401
f 1906/3703/1906 1844/3664/1844 1917/3695/1917

usemtl material_1693
vt 0.3472101 0.8520689
f 1919/3669/1919 1920/3670/1920 1931/3704/1931

usemtl material_838
f 1931/3704/1931 1920/3670/1920 1934/3696/1934

usemtl material_3416
vt 0.1505669 0.8314046
f 2075/3691/2075 2076/3690/2076 2120/3705/2120

usemtl material_3417
f 2120/3705/2120 2076/3690/2076 2063/3657/2063

usemtl material_3418
vt 0.0919511 0.8309379
f 2065/3658/2065 2059/3646/2059 2122/3706/2122

usemtl material_3419
vt 0.1358893 0.8337262
f 2134/3707/2134 2120/3705/2120 2063/3657/2063

usemtl material_3420
f 2134/3707/2134 2063/3657/2063 2064/3666/2064

usemtl material_3421
f 2122/3706/2122 2059/3646/2059 2098/3692/2098

usemtl material_3422
vt 0.0839494 0.8348076
f 2098/3692/2098 2215/3693/2215 2123/3708/2123

usemtl material_3423
vt 0.0801414 0.8310343
f 2123/3708/2123 2215/3693/2215 2214/3709/2214

usemtl material_2577
vt 0.7478685 0.1236976
f 110/3710/110 74/3674/74 37/3699/37

usemtl material_3424
vt 0.7452493 0.1471621
f 37/3699/37 32/3675/32 38/3711/38

usemtl material_3425
vt 0.7439511 0.1856750
f 32/3675/32 6/3624/6 39/3712/39

usemtl material_3426
f 39/3712/39 6/3624/6 40/3676/40

usemtl material_1423
vt 0.0219027 0.6145071
f 2949/3713/2949 3200/2635/3200 2969/2674/2969

usemtl material_3427
vt 0.0302045 0.6175863
f 2956/3700/2956 2933/3714/2933 2969/2674/2969

usemtl material_3428
f 2956/3700/2956 2969/2674/2969 2970/2673/2970

usemtl material_951
vt 0.1118424 0.6096147
f 2957/3715/2957 2954/2675/2954 2962/3701/2962

usemtl material_1269
f 2961/2655/2961 2962/3701/2962 2963/2654/2963

usemtl material_777
f 2980/2695/2980 2961/2655/2961 2999/2582/2999
f 2981/2658/2981 2980/2695/2980 2999/2582/2999

usemtl material_910
f 3000/2636/3000 2981/2658/2981 3015/2545/3015

usemtl material_3311
f 3513/2677/3513 3517/2585/3517 3514/2676/3514

usemtl material_3429
f 2993/2682/2993 2995/2698/2995 3102/2588/3102

usemtl material_2199
f 1132/2641/1132 1108/2617/1108 1133/2715/1133

usemtl material_2148
f 3137/2595/3137 3101/2718/3101 3116/2596/3116

usemtl material_3430
f 3117/2603/3117 3110/2699/3110 3133/2621/3133

usemtl material_2741
f 1976/2757/1976 1975/3694/1975 1900/3679/1900

usemtl material_3431
f 1925/2755/1925 1900/3679/1900 1895/3662/1895

usemtl material_3432
vt 0.5196320 0.8558223
f 1895/3662/1895 1901/3683/1901 1924/3716/1924

usemtl material_3414
vt 0.5922925 0.8504698
f 1977/3680/1977 1979/3702/1979 1987/3717/1987

usemtl material_1428
vt 0.5627720 0.8536626
f 1979/3702/1979 1973/3681/1973 1980/3718/1980

usemtl material_584
f 1973/3681/1973 1974/3682/1974 1980/3718/1980

usemtl material_1692
f 1980/3718/1980 1974/3682/1974 1976/2757/1976

usemtl material_527
f 1974/3682/1974 1975/3694/1975 1976/2757/1976

usemtl material_3357
vt 0.4885468 0.8573188
f 1901/3683/1901 1847/3649/1847 1905/3719/1905

usemtl material_3433
vt 0.4664034 0.8571829
f 1847/3649/1847 1846/3653/1846 1904/3720/1904

usemtl material_3389
f 1905/3719/1905 1847/3649/1847 1904/3720/1904

usemtl material_3354
f 1904/3720/1904 1846/3653/1846 1843/3654/1843

usemtl material_3357
f 1904/3720/1904 1843/3654/1843 1906/3703/1906

usemtl material_600
vt 0.4073991 0.8535898
f 1917/3695/1917 1918/3685/1918 2046/3721/2046

usemtl material_1507
vt 0.3332351 0.8391058
f 1934/3696/1934 1932/3686/1932 2085/3722/2085

usemtl material_908
vt 0.2589671 0.8363622
f 1935/3671/1935 2060/3697/2060 2088/3723/2088

usemtl material_3030
f 2088/3723/2088 2060/3697/2060 2072/3698/2072

usemtl material_3138
vt 0.1929617 0.8291945
f 2119/3724/2119 2074/3689/2074 2075/3691/2075

usemtl material_3065
vt 0.1674273 0.8296466
f 2121/3725/2121 2075/3691/2075 2120/3705/2120

usemtl material_3434
vt 0.1166092 0.8288215
f 2134/3707/2134 2064/3666/2064 2135/3726/2135

usemtl material_3435
f 2064/3666/2064 2065/3658/2065 2135/3726/2135

usemtl material_3436
f 2135/3726/2135 2065/3658/2065 2122/3706/2122

usemtl material_3437
f 2122/3706/2122 2098/3692/2098 2123/3708/2123

usemtl material_3438
vt 0.0838237 0.8289191
f 2123/3708/2123 2214/3709/2214 2158/3727/2158

usemtl material_3439
vt 0.7450103 0.1378650
f 110/3710/110 37/3699/37 94/3728/94

usemtl material_3440
f 94/3728/94 37/3699/37 38/3711/38

usemtl material_3406
f 38/3711/38 32/3675/32 39/3712/39

usemtl material_3441
vt 0.7489792 0.2143623
f 39/3712/39 40/3676/40 51/3729/51

usemtl material_3442
vt 0.7538731 0.2336822
f 111/3730/111 40/3676/40 62/3668/62

usemtl material_3443
vt 0.0220269 0.6200817
vt 0.0178962 0.6144891
f 2934/3731/2934 3261/3732/3261 2949/3713/2949

usemtl material_3444
f 2949/3713/2949 3261/3732/3261 3200/2635/3200

usemtl material_2815
f 2955/2652/2955 2931/2706/2931 2956/3700/2956

usemtl material_467
f 2931/2706/2931 2933/3714/2933 2956/3700/2956

usemtl material_1853
vt 0.0783399 0.6197753
f 2954/2675/2954 2929/3733/2929 2955/2652/2955

usemtl material_3429
f 2929/3733/2929 2930/2705/2930 2955/2652/2955

usemtl material_3445
f 2969/2674/2969 2933/3714/2933 2949/3713/2949

usemtl material_1269
f 2961/2655/2961 2957/3715/2957 2962/3701/2962

usemtl material_3446
f 3526/2707/3526 3552/2656/3552 3553/2697/3553

usemtl material_909
f 3000/2636/3000 2977/2708/2977 2981/2658/2981

usemtl material_3447
f 3538/2678/3538 3513/2677/3513 3512/2710/3512

usemtl material_3448
f 3598/2711/3598 3538/2678/3538 3512/2710/3512

usemtl material_473
vt 0.3679052 0.5658082
f 2989/2734/2989 2994/3734/2994 3104/2639/3104

usemtl material_3449
f 1976/2757/1976 1900/3679/1900 1925/2755/1925

usemtl material_3450
f 1925/2755/1925 1895/3662/1895 1924/3716/1924

usemtl material_3451
f 1924/3716/1924 1901/3683/1901 1905/3719/1905

usemtl material_3452
f 2000/2721/2000 1999/2720/1999 1978/3684/1978

usemtl material_2194
vt 0.6190012 0.8446050
f 1986/3735/1986 1978/3684/1978 1977/3680/1977

usemtl material_3453
f 1986/3735/1986 1977/3680/1977 1987/3717/1987

usemtl material_694
vt 0.4359186 0.8443443
f 2048/3736/2048 1917/3695/1917 2046/3721/2046

usemtl material_600
f 2046/3721/2046 1918/3685/1918 1919/3669/1919

usemtl material_1580
vt 0.3760870 0.8463740
f 2045/3737/2045 1919/3669/1919 1931/3704/1931

usemtl material_560
f 2085/3722/2085 1931/3704/1931 1934/3696/1934

usemtl material_681
vt 0.2876654 0.8325412
f 2089/3738/2089 1932/3686/1932 1933/3687/1933

usemtl material_947
f 2088/3723/2088 1933/3687/1933 1935/3671/1935

usemtl material_3179
f 2089/3738/2089 1933/3687/1933 2088/3723/2088

usemtl material_3454
vt 0.2163456 0.8303505
f 2118/3739/2118 2072/3698/2072 2073/3688/2073

usemtl material_3455
f 2118/3739/2118 2073/3688/2073 2119/3724/2119

usemtl material_3454
f 2073/3688/2073 2074/3689/2074 2119/3724/2119

usemtl material_3138
f 2119/3724/2119 2075/3691/2075 2121/3725/2121

usemtl material_3456
f 2122/3706/2122 2123/3708/2123 2158/3727/2158

usemtl material_3457
vt 0.1344022 0.8207322
f 2120/3705/2120 2134/3707/2134 2157/3740/2157

usemtl material_3458
f 2157/3740/2157 2134/3707/2134 2135/3726/2135

usemtl material_3459
vt 0.1145197 0.8159122
f 2135/3726/2135 2122/3706/2122 2164/3741/2164

usemtl material_3460
vt 0.0792282 0.8163002
f 2158/3727/2158 2214/3709/2214 2219/3742/2219

usemtl material_3461
vt 0.0834278 0.8218759
f 2158/3727/2158 2219/3742/2219 2165/3743/2165

usemtl material_3462
vt 0.7512698 0.2259455
f 51/3729/51 40/3676/40 81/3744/81
f 81/3744/81 40/3676/40 111/3730/111

usemtl material_3463
vt 0.0217890 0.6270403
vt 0.0184409 0.6308280
f 2953/3745/2953 3195/3746/3195 2934/3731/2934

usemtl material_3202
f 2934/3731/2934 3195/3746/3195 3261/3732/3261

usemtl material_1345
vt 0.0871008 0.6223712
f 2954/2675/2954 2916/3747/2916 2929/3733/2929

usemtl material_3464
f 2933/3714/2933 2934/3731/2934 2949/3713/2949

usemtl material_650
vt 0.1121107 0.6223444
f 2916/3747/2916 2957/3715/2957 2914/3748/2914

usemtl material_877
f 2957/3715/2957 2916/3747/2916 2954/2675/2954

usemtl material_1468
f 3554/2747/3554 3562/2693/3562 3563/2728/3563

usemtl material_1269
vt 0.1358093 0.6208274
f 2961/2655/2961 2915/3749/2915 2957/3715/2957

usemtl material_1030
f 2981/2658/2981 2979/2729/2979 2980/2695/2980

usemtl material_681
f 3002/2662/3002 2978/2730/2978 3001/2660/3001

usemtl material_650
f 3009/2663/3009 2996/2733/2996 3003/2661/3003

usemtl material_432
f 3104/2639/3104 2994/3734/2994 2993/2682/2993

usemtl material_3465
f 2990/2751/2990 3113/2619/3113 3112/2664/3112

usemtl material_3466
f 3114/2685/3114 3090/2716/3090 3115/2686/3115

usemtl material_1013
f 3086/2737/3086 3087/2794/3087 3116/2596/3116

usemtl material_1692
f 3101/2718/3101 3086/2737/3086 3116/2596/3116

usemtl material_3000
f 3116/2596/3116 3087/2794/3087 3012/2719/3012

usemtl material_3467
f 2000/2721/2000 1978/3684/1978 1986/3735/1986

usemtl material_3468
vt 0.5181807 0.8457723
f 2054/3750/2054 1924/3716/1924 1905/3719/1905

usemtl material_3469
vt 0.6257593 0.8429326
f 2213/3751/2213 2208/2647/2208 2000/2721/2000

usemtl material_1693
f 1906/3703/1906 1917/3695/1917 2048/3736/2048

usemtl material_602
vt 0.4080702 0.8439369
f 2048/3736/2048 2046/3721/2046 2047/3752/2047

usemtl material_713
f 2047/3752/2047 2046/3721/2046 2045/3737/2045

usemtl material_577
f 2045/3737/2045 2046/3721/2046 1919/3669/1919

usemtl material_435
vt 0.3642586 0.8412669
f 2045/3737/2045 1931/3704/1931 2086/3753/2086

usemtl material_1161
f 2086/3753/2086 1931/3704/1931 2085/3722/2085

usemtl material_3470
f 2085/3722/2085 1932/3686/1932 2089/3738/2089

usemtl material_3138
vt 0.2629130 0.8308213
f 2104/3754/2104 2088/3723/2088 2072/3698/2072

usemtl material_3454
f 2104/3754/2104 2072/3698/2072 2118/3739/2118

usemtl material_3471
vt 0.1645538 0.8184099
f 2149/3755/2149 2119/3724/2119 2121/3725/2121

usemtl material_3138
f 2149/3755/2149 2121/3725/2121 2120/3705/2120

usemtl material_2981
vt 0.1492597 0.8187185
f 2149/3755/2149 2120/3705/2120 2150/3756/2150

usemtl material_3472
f 2150/3756/2150 2120/3705/2120 2157/3740/2157

usemtl material_3473
f 2157/3740/2157 2135/3726/2135 2164/3741/2164

usemtl material_3456
f 2122/3706/2122 2158/3727/2158 2165/3743/2165

usemtl material_3474
vt 0.0952583 0.8112865
f 2166/3757/2166 2122/3706/2122 2165/3743/2165

usemtl material_3475
vt 0.0832448 0.8136436
f 2165/3743/2165 2219/3742/2219 2179/3758/2179

usemtl material_3476
vt 0.7434178 0.1485589
f 94/3728/94 38/3711/38 95/3759/95

usemtl material_3477
vt 0.7428390 0.1655841
f 95/3759/95 38/3711/38 52/3760/52

usemtl material_3478
f 38/3711/38 39/3712/39 52/3760/52

usemtl material_3479
vt 0.0221842 0.6341684
f 2913/3761/2913 3195/3746/3195 2953/3745/2953

usemtl material_1361
vt 0.0691546 0.6286544
f 2916/3747/2916 2917/3762/2917 2929/3733/2929

usemtl material_943
vt 0.0339514 0.6300918
f 2931/2706/2931 2917/3762/2917 2920/3763/2920

usemtl material_944
f 2931/2706/2931 2920/3763/2920 2933/3714/2933

usemtl material_3480
f 2933/3714/2933 2920/3763/2920 2913/3761/2913

usemtl material_3481
f 2933/3714/2933 2913/3761/2913 2934/3731/2934

usemtl material_3482
f 2934/3731/2934 2913/3761/2913 2953/3745/2953

usemtl material_1369
f 2929/3733/2929 2917/3762/2917 2930/2705/2930

usemtl material_2091
f 2930/2705/2930 2917/3762/2917 2931/2706/2931

usemtl material_682
f 2915/3749/2915 2914/3748/2914 2957/3715/2957

usemtl material_1269
f 2965/2696/2965 2915/3749/2915 2961/2655/2961

usemtl material_948
f 2977/2708/2977 2979/2729/2979 2981/2658/2981

usemtl material_3483
f 3532/2750/3532 3512/2710/3512 3515/2731/3515

usemtl material_561
f 2995/2698/2995 2984/2787/2984 2996/2733/2996

usemtl material_3484
f 3114/2685/3114 3091/2736/3091 3090/2716/3090

usemtl material_3485
f 3090/2716/3090 3083/2769/3083 3100/2644/3100

usemtl material_3486
f 3100/2644/3100 3083/2769/3083 3085/2717/3085

usemtl material_3487
f 3012/2719/3012 3010/2738/3010 3110/2699/3110

usemtl material_3488
f 3109/2623/3109 3025/2754/3025 3111/2687/3111

usemtl material_1692
vt 0.5603619 0.8374161
f 1980/3718/1980 1976/2757/1976 2053/3764/2053

usemtl material_493
f 2053/3764/2053 1976/2757/1976 2057/2756/2057

usemtl material_3489
vt 0.4919191 0.8393818
f 2054/3750/2054 1905/3719/1905 2055/3765/2055

usemtl material_3490
vt 0.4701431 0.8468556
f 2055/3765/2055 1905/3719/1905 2056/3766/2056

usemtl material_3491
f 2056/3766/2056 1905/3719/1905 1904/3720/1904

usemtl material_3492
vt 0.6223534 0.8429958
f 2213/3751/2213 2000/2721/2000 2001/3767/2001

usemtl material_2922
f 2056/3766/2056 1904/3720/1904 1906/3703/1906

usemtl material_601
f 2056/3766/2056 1906/3703/1906 2048/3736/2048

usemtl material_852
vt 0.3926673 0.8370696
f 2047/3752/2047 2045/3737/2045 2069/3768/2069

usemtl material_3493
vt 0.3183778 0.8301185
f 2090/3769/2090 2085/3722/2085 2089/3738/2089

usemtl material_3138
f 2104/3754/2104 2089/3738/2089 2088/3723/2088

usemtl material_875
vt 0.2527671 0.8177220
f 2129/3770/2129 2104/3754/2104 2118/3739/2118

usemtl material_947
vt 0.2317623 0.8176413
vt 0.1989732 0.8181613
f 2130/3771/2130 2118/3739/2118 2131/3772/2131

usemtl material_3403
f 2131/3772/2131 2118/3739/2118 2119/3724/2119

usemtl material_1406
f 2131/3772/2131 2119/3724/2119 2149/3755/2149

usemtl material_1030
vt 0.1880348 0.8144010
f 2186/3773/2186 2131/3772/2131 2149/3755/2149
f 2186/3773/2186 2149/3755/2149 2150/3756/2150

usemtl material_3494
f 2164/3741/2164 2122/3706/2122 2166/3757/2166

usemtl material_3495
f 2166/3757/2166 2165/3743/2165 2179/3758/2179

usemtl material_1794
vt 0.1495613 0.8054239
f 2201/3774/2201 2150/3756/2150 2157/3740/2157

usemtl material_3496
vt 0.1323402 0.8064570
f 2201/3774/2201 2157/3740/2157 2200/3775/2200

usemtl material_3497
f 2200/3775/2200 2157/3740/2157 2164/3741/2164

usemtl material_3498
vt 0.1173652 0.8098637
f 2200/3775/2200 2164/3741/2164 2199/3776/2199

usemtl material_3499
f 2199/3776/2199 2164/3741/2164 2166/3757/2166

usemtl material_3500
vt 0.0202588 0.7286357
vt 0.0160099 0.7304948
vt 0.0164673 0.7195540
f 3262/3777/3262 3294/3778/3294 3287/3779/3287

usemtl material_3501
vt 0.0204599 0.7195486
f 3262/3777/3262 3287/3779/3287 3245/3780/3245

usemtl material_3502
vt 0.7421395 0.1579934
f 115/3781/115 95/3759/95 52/3760/52

usemtl material_2943
vt 0.7467512 0.2088177
f 70/3782/70 39/3712/39 51/3729/51

usemtl material_2617
f 70/3782/70 51/3729/51 81/3744/81

usemtl material_3503
vt 0.0216455 0.6464003
vt 0.0179885 0.6394450
f 2877/3783/2877 3194/3784/3194 2913/3761/2913

usemtl material_3504
vt 0.0343195 0.6403208
f 2920/3763/2920 2887/3785/2887 2913/3761/2913

usemtl material_3505
f 2913/3761/2913 3194/3784/3194 3195/3746/3195

usemtl material_1385
vt 0.0881790 0.6393618
f 2916/3747/2916 2894/3786/2894 2917/3762/2917

usemtl material_3506
vt 0.0712299 0.6414086
f 2917/3762/2917 2894/3786/2894 2892/3787/2892

usemtl material_3507
vt 0.0502281 0.6402259
f 2917/3762/2917 2892/3787/2892 2891/3788/2891

usemtl material_3508
f 2891/3788/2891 2887/3785/2887 2920/3763/2920

usemtl material_3509
vt 0.0913751 0.6315274
f 2910/3789/2910 2894/3786/2894 2916/3747/2916

usemtl material_3510
f 2917/3762/2917 2891/3788/2891 2920/3763/2920

usemtl material_3511
vt 0.1141904 0.6380277
f 2897/3790/2897 2910/3789/2910 2914/3748/2914

usemtl material_1385
f 2914/3748/2914 2910/3789/2910 2916/3747/2916

usemtl material_1152
vt 0.1830331 0.6183832
f 2979/2729/2979 2921/3791/2921 2965/2696/2965

usemtl material_778
vt 0.2250794 0.6035212
vt 0.1983569 0.6175183
f 2976/3792/2976 2922/3793/2922 2977/2708/2977
f 2977/2708/2977 2922/3793/2922 2979/2729/2979

usemtl material_682
f 2978/2730/2978 2976/3792/2976 2977/2708/2977

usemtl material_650
f 3003/2661/3003 2973/2766/2973 3002/2662/3002

usemtl material_778
f 2996/2733/2996 2973/2766/2973 3003/2661/3003

usemtl material_1161
f 2994/3734/2994 2988/2788/2988 2993/2682/2993

usemtl material_3512
f 3025/2754/3025 2990/2751/2990 3111/2687/3111

usemtl material_3513
f 3111/2687/3111 2990/2751/2990 3112/2664/3112

usemtl material_788
vt 0.5461959 0.8362862
f 2057/2756/2057 1925/2755/1925 2058/3794/2058

usemtl material_3514
f 2058/3794/2058 1925/2755/1925 1924/3716/1924

usemtl material_3515
f 2058/3794/2058 1924/3716/1924 2054/3750/2054

usemtl material_3516
f 2000/2721/2000 1986/3735/1986 2001/3767/2001

usemtl material_3517
vt 0.5792962 0.8402190
f 1987/3717/1987 1979/3702/1979 2050/3795/2050

usemtl material_150
f 1979/3702/1979 1980/3718/1980 2053/3764/2053

usemtl material_3518
f 2050/3795/2050 1979/3702/1979 2053/3764/2053

usemtl material_1801
vt 0.6247798 0.8347218
f 2213/3751/2213 2001/3767/2001 2176/3796/2176

usemtl material_1305
f 2048/3736/2048 2047/3752/2047 2069/3768/2069

usemtl material_633
f 2045/3737/2045 2086/3753/2086 2069/3768/2069

usemtl material_3519
vt 0.3390129 0.8266073
f 2091/3797/2091 2086/3753/2086 2085/3722/2085

usemtl material_648
f 2091/3797/2091 2085/3722/2085 2090/3769/2090

usemtl material_3520
vt 0.2852290 0.8223131
f 2090/3769/2090 2089/3738/2089 2132/3798/2132
f 2132/3798/2132 2089/3738/2089 2104/3754/2104

usemtl material_947
f 2130/3771/2130 2129/3770/2129 2118/3739/2118

usemtl material_1080
vt 0.1742011 0.8022543
f 2203/3799/2203 2186/3773/2186 2150/3756/2150

usemtl material_979
f 2203/3799/2203 2150/3756/2150 2201/3774/2201

usemtl material_3521
vt 0.0323710 0.7276459
f 3246/3800/3246 3262/3777/3262 3245/3780/3245

usemtl material_3522
vt 0.0470782 0.7145513
vt 0.0544722 0.7284510
f 3240/3801/3240 3252/3802/3252 3246/3800/3246

usemtl material_3144
vt 0.0695962 0.7266310
f 3253/3803/3253 3252/3802/3252 3240/3801/3240

usemtl material_3043
vt 0.0219942 0.7110215
f 3240/3801/3240 3246/3800/3246 3220/3804/3220

usemtl material_3523
f 3220/3804/3220 3246/3800/3246 3245/3780/3245

usemtl material_3524
vt 0.0170631 0.7099190
f 3281/3805/3281 3245/3780/3245 3287/3779/3287

usemtl material_3525
vt 0.0209076 0.7038432
f 3245/3780/3245 3281/3805/3281 3197/3806/3197

usemtl material_2589
vt 0.7417898 0.1723821
f 115/3781/115 52/3760/52 112/3807/112

usemtl material_3526
f 52/3760/52 39/3712/39 112/3807/112

usemtl material_3527
vt 0.7429739 0.1914145
f 112/3807/112 39/3712/39 106/3808/106

usemtl material_3528
f 106/3808/106 39/3712/39 70/3782/70

usemtl material_3529
vt 0.0173995 0.6577821
f 2877/3783/2877 3230/3809/3230 3194/3784/3194

usemtl material_3530
vt 0.0215972 0.6575552
f 2862/3810/2862 3230/3809/3230 2877/3783/2877

usemtl material_3531
vt 0.0476148 0.6582713
f 2892/3787/2892 2858/3811/2858 2891/3788/2891

usemtl material_3532
vt 0.0227300 0.6423730
f 2887/3785/2887 2888/3812/2888 2913/3761/2913

usemtl material_1310
f 2888/3812/2888 2877/3783/2877 2913/3761/2913

usemtl material_3533
f 2897/3790/2897 2894/3786/2894 2910/3789/2910

usemtl material_649
vt 0.1447662 0.6215196
f 2897/3790/2897 2915/3749/2915 2911/3813/2911

usemtl material_1473
vt 0.1350365 0.6435474
f 2873/3814/2873 2897/3790/2897 2911/3813/2911

usemtl material_1029
f 2915/3749/2915 2897/3790/2897 2914/3748/2914

usemtl material_650
vt 0.1663580 0.6194372
f 2912/3815/2912 2911/3813/2911 2915/3749/2915

usemtl material_3024
f 3529/2780/3529 3554/2747/3554 3561/2765/3561

usemtl material_683
f 2921/3791/2921 2912/3815/2912 2965/2696/2965

usemtl material_778
f 2912/3815/2912 2915/3749/2915 2965/2696/2965

usemtl material_1082
f 2922/3793/2922 2921/3791/2921 2979/2729/2979

usemtl material_561
f 2995/2698/2995 2993/2682/2993 2985/2786/2985

usemtl material_1086
f 2989/2734/2989 2988/2788/2988 2994/3734/2994

usemtl material_1258
f 3086/2737/3086 3070/2812/3070 3087/2794/3087

usemtl material_3534
vt 0.6193174 0.8304952
f 2001/3767/2001 1986/3735/1986 2052/3816/2052

usemtl material_3535
vt 0.5978203 0.8313509
f 2052/3816/2052 1986/3735/1986 2051/3817/2051

usemtl material_2870
f 2051/3817/2051 1986/3735/1986 1987/3717/1987

usemtl material_2117
f 1987/3717/1987 2050/3795/2050 2051/3817/2051

usemtl material_3536
vt 0.5174701 0.8359565
f 2070/3818/2070 2054/3750/2054 2055/3765/2055

usemtl material_3537
vt 0.4581516 0.8350776
f 2066/3819/2066 2055/3765/2055 2056/3766/2056

usemtl material_3538
vt 0.6217863 0.8344732
f 2176/3796/2176 2001/3767/2001 2077/3820/2077

usemtl material_3539
f 2077/3820/2077 2001/3767/2001 2052/3816/2052

usemtl material_852
f 2056/3766/2056 2048/3736/2048 2066/3819/2066

usemtl material_3540
vt 0.3623258 0.8249350
f 2092/3821/2092 2086/3753/2086 2091/3797/2091

usemtl material_876
f 2132/3798/2132 2104/3754/2104 2129/3770/2129

usemtl material_778
vt 0.2085337 0.8075551
f 2185/3822/2185 2130/3771/2130 2131/3772/2131

usemtl material_1254
f 2185/3822/2185 2131/3772/2131 2186/3773/2186

usemtl material_1152
vt 0.2041175 0.7976456
f 2185/3822/2185 2186/3773/2186 2204/3823/2204

usemtl material_1081
f 2204/3823/2204 2186/3773/2186 2203/3799/2203

usemtl material_683
vt 0.1115235 0.7283859
vt 0.0867947 0.7277685
vt 0.0864652 0.7114657
f 3258/3824/3258 3259/3825/3259 3232/3826/3232

usemtl material_951
vt 0.0714909 0.7125272
f 3232/3826/3232 3259/3825/3259 3241/3827/3241

usemtl material_3541
f 3259/3825/3259 3253/3803/3253 3241/3827/3241

usemtl material_1829
f 3241/3827/3241 3253/3803/3253 3240/3801/3240

usemtl material_3542
f 3220/3804/3220 3245/3780/3245 3197/3806/3197

usemtl material_1361
vt 0.0704182 0.7049357
f 3241/3827/3241 3240/3801/3240 3190/3828/3190

usemtl material_3137
vt 0.0457680 0.7035782
vt 0.0277675 0.7026063
f 3188/3829/3188 3240/3801/3240 3187/3830/3187

usemtl material_680
f 3187/3830/3187 3240/3801/3240 3220/3804/3220

usemtl material_3543
vt 0.0173594 0.6953969
f 3276/3831/3276 3197/3806/3197 3281/3805/3281

usemtl material_3544
vt 0.0198374 0.6890727
f 3197/3806/3197 3276/3831/3276 3199/3832/3199

usemtl material_3545
vt 0.0178086 0.6761175
f 3199/3832/3199 3276/3831/3276 3273/3833/3273

usemtl material_3546
vt 0.0198460 0.6740628
f 3199/3832/3199 3273/3833/3273 3011/3834/3011

usemtl material_3547
f 3011/3834/3011 3273/3833/3273 3230/3809/3230

usemtl material_3548
f 3011/3834/3011 3230/3809/3230 2862/3810/2862

usemtl material_3549
vt 0.0323943 0.6582069
f 2877/3783/2877 2859/3835/2859 2862/3810/2862

usemtl material_3550
vt 0.0871725 0.6573223
vt 0.0688899 0.6560854
f 2856/3836/2856 2874/3837/2874 2892/3787/2892

usemtl material_3551
f 2887/3785/2887 2858/3811/2858 2859/3835/2859

usemtl material_3552
f 2887/3785/2887 2859/3835/2859 2877/3783/2877

usemtl material_3553
f 2892/3787/2892 2874/3837/2874 2858/3811/2858

usemtl material_3554
f 2891/3788/2891 2858/3811/2858 2887/3785/2887

usemtl material_3555
f 2887/3785/2887 2877/3783/2877 2888/3812/2888

usemtl material_3153
vt 0.1097189 0.6576364
f 2855/3838/2855 2856/3836/2856 2894/3786/2894

usemtl material_3556
f 2894/3786/2894 2856/3836/2856 2892/3787/2892

usemtl material_3152
f 2855/3838/2855 2894/3786/2894 2897/3790/2897

usemtl material_651
vt 0.1578232 0.6442637
f 2912/3815/2912 2870/3839/2870 2911/3813/2911

usemtl material_878
vt 0.2267755 0.6170682
f 2923/3840/2923 2922/3793/2922 2976/3792/2976

usemtl material_2831
f 3527/2824/3527 3522/2782/3522 3524/2781/3524

usemtl material_683
vt 0.2660619 0.6071621
f 2960/3841/2960 2976/3792/2976 2978/2730/2978
f 2971/2749/2971 2960/3841/2960 2978/2730/2978

usemtl material_652
f 2984/2787/2984 2973/2766/2973 2996/2733/2996

usemtl material_1534
vt 0.3781762 0.5864733
f 2988/2788/2988 2986/3842/2986 2985/2786/2985

usemtl material_1067
f 3086/2737/3086 3067/2811/3067 3070/2812/3070

usemtl material_1419
f 2990/2751/2990 2987/2790/2987 2989/2734/2989

usemtl material_3557
vt 0.5594742 0.5764627
f 3084/2768/3084 3069/3843/3069 3083/2769/3083

usemtl material_3558
vt 0.4567163 0.5685171
f 2997/3844/2997 2990/2751/2990 3025/2754/3025

usemtl material_3559
f 3010/2738/3010 2997/3844/2997 3025/2754/3025

usemtl material_3560
vt 0.5677902 0.8331457
f 2050/3795/2050 2053/3764/2053 2061/3845/2061

usemtl material_3561
f 2058/3794/2058 2054/3750/2054 2070/3818/2070

usemtl material_3562
vt 0.6224761 0.8263232
f 2099/3846/2099 2176/3796/2176 2077/3820/2077

usemtl material_3563
f 2051/3817/2051 2050/3795/2050 2061/3845/2061

usemtl material_3564
vt 0.6253732 0.8224561
f 2220/3847/2220 2176/3796/2176 2099/3846/2099

usemtl material_3048
vt 0.4331023 0.8279532
f 2066/3819/2066 2048/3736/2048 2067/3848/2067

usemtl material_3565
vt 0.4058399 0.8279375
f 2067/3848/2067 2048/3736/2048 2068/3849/2068

usemtl material_3470
f 2068/3849/2068 2048/3736/2048 2069/3768/2069

usemtl material_970
vt 0.3962314 0.8259482
f 2087/3850/2087 2068/3849/2068 2069/3768/2069

usemtl material_807
f 2087/3850/2087 2069/3768/2069 2086/3753/2086

usemtl material_999
f 2087/3850/2087 2086/3753/2086 2092/3821/2092

usemtl material_3493
vt 0.3197829 0.8174161
f 2091/3797/2091 2090/3769/2090 2124/3851/2124

usemtl material_942
f 2124/3851/2124 2090/3769/2090 2132/3798/2132

usemtl material_948
vt 0.2827387 0.8108814
f 2156/3852/2156 2132/3798/2132 2129/3770/2129

usemtl material_683
vt 0.2573445 0.8011116
f 2156/3852/2156 2129/3770/2129 2171/3853/2171
f 2129/3770/2129 2130/3771/2130 2171/3853/2171

usemtl material_1082
vt 0.2323159 0.8006992
f 2171/3853/2171 2130/3771/2130 2184/3854/2184

usemtl material_1154
f 2184/3854/2184 2130/3771/2130 2185/3822/2185

usemtl material_1526
f 2204/3823/2204 2184/3854/2184 2185/3822/2185

usemtl material_1299
vt 0.1105760 0.7143797
vt 0.1416140 0.7287655
f 3219/3855/3219 3250/3856/3250 3258/3824/3258

usemtl material_778
f 3219/3855/3219 3258/3824/3258 3232/3826/3232

usemtl material_877
f 3232/3826/3232 3241/3827/3241 3190/3828/3190

usemtl material_3566
f 3187/3830/3187 3220/3804/3220 3197/3806/3197

usemtl material_3409
vt 0.0881319 0.7054942
f 3189/3857/3189 3232/3826/3232 3190/3828/3190

usemtl material_379
f 3190/3828/3190 3240/3801/3240 3188/3829/3188

usemtl material_3567
vt 0.0876830 0.6926963
f 3156/3858/3156 3189/3857/3189 3190/3828/3190

usemtl material_1331
vt 0.0707105 0.6943625
f 3157/3859/3157 3190/3828/3190 3188/3829/3188

usemtl material_3429
f 3156/3858/3156 3190/3828/3190 3157/3859/3157

usemtl material_3568
vt 0.0336542 0.6864640
vt 0.0219439 0.6886367
f 2865/3860/2865 3187/3830/3187 2864/3861/2864

usemtl material_3569
f 2864/3861/2864 3187/3830/3187 3197/3806/3197

usemtl material_3570
vt 0.0468546 0.6882220
f 3157/3859/3157 3188/3829/3188 2893/3862/2893

usemtl material_3571
f 2864/3861/2864 3197/3806/3197 3199/3832/3199

usemtl material_3361
f 3188/3829/3188 3187/3830/3187 2865/3860/2865

usemtl material_3572
f 2893/3862/2893 3188/3829/3188 2865/3860/2865

usemtl material_3573
vt 0.0741526 0.6810214
f 2853/3863/2853 3156/3858/3156 3157/3859/3157

usemtl material_3574
f 2853/3863/2853 3157/3859/3157 2893/3862/2893

usemtl material_3507
vt 0.0476649 0.6794074
f 2853/3863/2853 2893/3862/2893 2857/3864/2857

usemtl material_3575
f 2893/3862/2893 2865/3860/2865 2857/3864/2857

usemtl material_3576
vt 0.0309489 0.6788179
f 2860/3865/2860 2865/3860/2865 2864/3861/2864

usemtl material_3577
vt 0.0220382 0.6762810
f 2860/3865/2860 2864/3861/2864 2861/3866/2861

usemtl material_3578
f 2864/3861/2864 3199/3832/3199 3011/3834/3011

usemtl material_3579
f 2861/3866/2861 2864/3861/2864 3011/3834/3011

usemtl material_3580
f 2857/3864/2857 2865/3860/2865 2860/3865/2860

usemtl material_3581
vt 0.0712118 0.6623381
f 2854/3867/2854 2853/3863/2853 2857/3864/2857

usemtl material_739
f 2857/3864/2857 2860/3865/2860 2859/3835/2859

usemtl material_3582
f 2859/3835/2859 2860/3865/2860 2861/3866/2861

usemtl material_3583
vt 0.0890693 0.6663754
f 2854/3867/2854 2852/3868/2852 2853/3863/2853

usemtl material_3554
f 2858/3811/2858 2857/3864/2857 2859/3835/2859

usemtl material_3584
f 2854/3867/2854 2857/3864/2857 2858/3811/2858

usemtl material_3585
f 2859/3835/2859 2861/3866/2861 2862/3810/2862

usemtl material_3586
f 2862/3810/2862 2861/3866/2861 3011/3834/3011

usemtl material_3587
f 2855/3838/2855 2852/3868/2852 2856/3836/2856

usemtl material_3588
f 2852/3868/2852 2854/3867/2854 2856/3836/2856

usemtl material_3589
f 2856/3836/2856 2854/3867/2854 2874/3837/2874

usemtl material_3590
f 2874/3837/2874 2854/3867/2854 2858/3811/2858

usemtl material_3191
f 2873/3814/2873 2855/3838/2855 2897/3790/2897

usemtl material_682
f 2870/3839/2870 2873/3814/2873 2911/3813/2911

usemtl material_652
vt 0.1897734 0.6330000
f 2909/3869/2909 2870/3839/2870 2912/3815/2912

usemtl material_684
f 2921/3791/2921 2909/3869/2909 2912/3815/2912

usemtl material_878
f 2925/2856/2925 2923/3840/2923 2976/3792/2976
f 2976/3792/2976 2960/3841/2960 2925/2856/2925

usemtl material_2155
f 3527/2824/3527 3524/2781/3524 3530/2823/3530

usemtl material_611
vt 0.3188848 0.6026422
f 2972/2809/2972 2951/3870/2951 2973/2766/2973

usemtl material_684
f 2973/2766/2973 2951/3870/2951 2971/2749/2971

usemtl material_3591
f 3105/2792/3105 3242/2841/3242 3069/3843/3069

usemtl material_2252
f 3105/2792/3105 3069/3843/3069 3084/2768/3084

usemtl material_3592
f 3069/3843/3069 3068/2793/3068 3083/2769/3083

usemtl material_3593
f 3008/2795/3008 2998/2813/2998 3012/2719/3012

usemtl material_3594
f 3010/2738/3010 2998/2813/2998 2997/3844/2997

usemtl material_2865
f 2057/2756/2057 2058/3794/2058 2097/2895/2097

usemtl material_931
vt 0.4992794 0.8243378
f 2070/3818/2070 2055/3765/2055 2080/3871/2080

usemtl material_3595
f 2099/3846/2099 2077/3820/2077 2052/3816/2052

usemtl material_3596
vt 0.5714757 0.8198385
f 2093/3872/2093 2051/3817/2051 2061/3845/2061

usemtl material_943
vt 0.4665827 0.8250758
f 2081/3873/2081 2066/3819/2066 2067/3848/2067

usemtl material_3154
vt 0.3499848 0.8129724
f 2125/3874/2125 2091/3797/2091 2124/3851/2124

usemtl material_650
vt 0.3291608 0.8024887
vt 0.3067988 0.8069288
f 2152/3875/2152 2124/3851/2124 2155/3876/2155

usemtl material_1506
f 2155/3876/2155 2124/3851/2124 2132/3798/2132

usemtl material_682
f 2155/3876/2155 2132/3798/2132 2156/3852/2156

usemtl material_982
vt 0.2856177 0.7987980
f 2172/3877/2172 2156/3852/2156 2171/3853/2171

usemtl material_684
vt 0.1939264 0.7419876
vt 0.1692219 0.7368987
vt 0.1839512 0.7337304
f 3266/3878/3266 3251/3879/3251 3248/3880/3248

usemtl material_652
vt 0.1666106 0.7197938
f 3217/3881/3217 3251/3879/3251 3250/3856/3250

usemtl material_683
vt 0.1414419 0.7157349
f 3217/3881/3217 3250/3856/3250 3218/3882/3218

usemtl material_778
f 3218/3882/3218 3250/3856/3250 3219/3855/3219

usemtl material_682
vt 0.1227886 0.7050145
f 3191/3883/3191 3218/3882/3218 3219/3855/3219

usemtl material_778
f 3219/3855/3219 3232/3826/3232 3191/3883/3191

usemtl material_910
f 3191/3883/3191 3232/3826/3232 3189/3857/3189

usemtl material_908
vt 0.1148287 0.6904258
f 3158/3884/3158 3191/3883/3191 3189/3857/3189

usemtl material_1506
f 3158/3884/3158 3189/3857/3189 3156/3858/3156

usemtl material_609
vt 0.0880153 0.6804955
f 3158/3884/3158 3156/3858/3156 2851/3885/2851

usemtl material_3597
f 3156/3858/3156 2853/3863/2853 2851/3885/2851

usemtl material_3154
vt 0.1125940 0.6811912
f 2850/3886/2850 3158/3884/3158 2851/3885/2851

usemtl material_3598
f 2851/3885/2851 2853/3863/2853 2852/3868/2852

usemtl material_3154
vt 0.1105561 0.6695768
f 2850/3886/2850 2851/3885/2851 2848/3887/2848

usemtl material_3111
f 2848/3887/2848 2851/3885/2851 2852/3868/2852

usemtl material_609
vt 0.1375878 0.6589321
f 2845/3888/2845 2848/3887/2848 2855/3838/2855

usemtl material_3139
f 2855/3838/2855 2848/3887/2848 2852/3868/2852

usemtl material_1408
f 2873/3814/2873 2870/3839/2870 2845/3888/2845

usemtl material_908
f 2845/3888/2845 2855/3838/2855 2873/3814/2873

usemtl material_611
vt 0.2192930 0.6279578
f 2907/3889/2907 2909/3869/2909 2922/3793/2922

usemtl material_878
f 2922/3793/2922 2909/3869/2909 2921/3791/2921

usemtl material_1608
f 2923/3840/2923 2907/3889/2907 2922/3793/2922

usemtl material_879
f 2925/2856/2925 2907/3889/2907 2923/3840/2923

usemtl material_654
f 2924/2854/2924 2925/2856/2925 2960/3841/2960

usemtl material_611
vt 0.2901135 0.6106662
f 2950/3890/2950 2960/3841/2960 2971/2749/2971

usemtl material_654
f 2951/3870/2951 2950/3890/2950 2971/2749/2971

usemtl material_563
vt 0.3524267 0.5959171
f 2952/3891/2952 2972/2809/2972 2985/2786/2985

usemtl material_914
f 2972/2809/2972 2984/2787/2984 2985/2786/2985

usemtl material_521
f 2986/3842/2986 2952/3891/2952 2985/2786/2985

usemtl material_1534
f 2987/2790/2987 2986/3842/2986 2988/2788/2988

usemtl material_2293
f 3242/2841/3242 3108/2842/3108 3069/3843/3069

usemtl material_3599
vt 0.5087962 0.5916647
f 3057/3892/3057 3067/2811/3067 3068/2793/3068

usemtl material_2743
vt 0.4322314 0.5809619
f 2991/3893/2991 2948/2922/2948 2990/2751/2990

usemtl material_3600
vt 0.4585207 0.5805687
f 2998/2813/2998 2992/3894/2992 2997/3844/2997

usemtl material_3601
f 2992/3894/2992 2990/2751/2990 2997/3844/2997

usemtl material_3602
vt 0.5441720 0.8218040
f 2078/3895/2078 2058/3794/2058 2070/3818/2070

usemtl material_3603
vt 0.5188085 0.8231651
f 2079/3896/2079 2070/3818/2070 2080/3871/2080

usemtl material_3604
vt 0.4882291 0.8241500
f 2082/3897/2082 2080/3871/2080 2055/3765/2055

usemtl material_163
f 2093/3872/2093 2061/3845/2061 2053/3764/2053

usemtl material_1443
vt 0.5596697 0.8203897
f 2093/3872/2093 2053/3764/2053 2096/3898/2096

usemtl material_527
f 2096/3898/2096 2053/3764/2053 2057/2756/2057

usemtl material_3605
f 2082/3897/2082 2055/3765/2055 2066/3819/2066

usemtl material_3606
f 2082/3897/2082 2066/3819/2066 2081/3873/2081

usemtl material_3607
f 2220/3847/2220 2099/3846/2099 2106/2861/2106

usemtl material_642
f 2067/3848/2067 2068/3849/2068 2087/3850/2087

usemtl material_1003
vt 0.3945951 0.8124461
f 2116/3899/2116 2087/3850/2087 2092/3821/2092

usemtl material_3167
f 2116/3899/2116 2092/3821/2092 2091/3797/2091

usemtl material_3511
f 2116/3899/2116 2091/3797/2091 2125/3874/2125

usemtl material_681
f 2125/3874/2125 2124/3851/2124 2152/3875/2152

usemtl material_836
f 2172/3877/2172 2155/3876/2155 2156/3852/2156

usemtl material_878
vt 0.2221382 0.7450616
f 3248/3880/3248 3265/3900/3265 3266/3878/3266

usemtl material_652
f 3217/3881/3217 3248/3880/3248 3251/3879/3251

usemtl material_3608
vt 0.1420375 0.7052817
f 3161/3901/3161 3218/3882/3218 3191/3883/3191

usemtl material_1407
f 3158/3884/3158 3161/3901/3161 3191/3883/3191

usemtl material_1829
vt 0.1397979 0.6826894
vt 0.1487302 0.6977490
f 2849/3902/2849 3159/3903/3159 3161/3901/3161

usemtl material_3609
f 2849/3902/2849 3161/3901/3161 3158/3884/3158

usemtl material_3511
f 2849/3902/2849 3158/3884/3158 2850/3886/2850

usemtl material_3191
f 2849/3902/2849 2850/3886/2850 2848/3887/2848
vt 0.1479153 0.6817284
f 2844/3904/2844 2849/3902/2849 2848/3887/2848

usemtl material_1407
vt 0.1521093 0.6595247
f 2843/3905/2843 2844/3904/2844 2845/3888/2845

usemtl material_3609
f 2845/3888/2845 2844/3904/2844 2848/3887/2848

usemtl material_682
vt 0.1767700 0.6595619
f 2841/3906/2841 2843/3905/2843 2870/3839/2870

usemtl material_559
f 2870/3839/2870 2843/3905/2843 2845/3888/2845

usemtl material_650
vt 0.1813410 0.6469238
f 2869/3907/2869 2841/3906/2841 2870/3839/2870

usemtl material_652
f 2909/3869/2909 2869/3907/2869 2870/3839/2870

usemtl material_611
vt 0.2006263 0.6461546
f 2871/3908/2871 2869/3907/2869 2909/3869/2909

usemtl material_837
f 2906/2887/2906 2871/3908/2871 2907/3889/2907

usemtl material_1608
f 2907/3889/2907 2871/3908/2871 2909/3869/2909

usemtl material_780
f 2925/2856/2925 2905/2855/2905 2907/3889/2907

usemtl material_881
f 2950/3890/2950 2924/2854/2924 2960/3841/2960

usemtl material_1618
vt 0.2981007 0.6158193
f 2937/3909/2937 2950/3890/2950 2951/3870/2951

usemtl material_953
f 2952/3891/2952 2951/3870/2951 2972/2809/2972

usemtl material_838
vt 0.3807357 0.5980467
f 2942/3910/2942 2952/3891/2952 2986/3842/2986

usemtl material_892
f 2990/2751/2990 2948/2922/2948 2987/2790/2987

usemtl material_3610
f 3057/3892/3057 3056/2843/3056 3067/2811/3067

usemtl material_3611
f 2946/2920/2946 2991/3893/2991 2992/3894/2992

usemtl material_3612
f 2990/2751/2990 2992/3894/2992 2991/3893/2991

usemtl material_3613
f 2097/2895/2097 2058/3794/2058 2100/2896/2100

usemtl material_3614
f 2100/2896/2100 2058/3794/2058 2078/3895/2078

usemtl material_3615
f 2078/3895/2078 2070/3818/2070 2079/3896/2079

usemtl material_3616
vt 0.6187422 0.8183765
f 2099/3846/2099 2052/3816/2052 2095/3911/2095

usemtl material_3617
f 2106/2861/2106 2099/3846/2099 2095/3911/2095

usemtl material_3301
vt 0.6024374 0.8173339
f 2095/3911/2095 2052/3816/2052 2094/3912/2094

usemtl material_3618
f 2052/3816/2052 2051/3817/2051 2094/3912/2094

usemtl material_3619
f 2051/3817/2051 2093/3872/2093 2094/3912/2094

usemtl material_202
f 2096/3898/2096 2057/2756/2057 2097/2895/2097

usemtl material_3620
f 2220/3847/2220 2106/2861/2106 2222/2863/2222

usemtl material_431
vt 0.4358659 0.8133531
f 2112/3913/2112 2081/3873/2081 2067/3848/2067

usemtl material_3042
f 2112/3913/2112 2067/3848/2067 2087/3850/2087

usemtl material_3621
f 2112/3913/2112 2087/3850/2087 2116/3899/2116

usemtl material_3409
vt 0.3440757 0.8006786
f 2154/3914/2154 2125/3874/2125 2152/3875/2152

usemtl material_878
vt 0.3117722 0.7966948
f 2173/3915/2173 2152/3875/2152 2155/3876/2155

usemtl material_952
f 2173/3915/2173 2155/3876/2155 2172/3877/2172

usemtl material_3622
vt 0.2201324 0.7331282
f 3247/3916/3247 3265/3900/3265 3248/3880/3248

usemtl material_836
vt 0.1916228 0.7202663
f 3247/3916/3247 3248/3880/3248 3216/3917/3216

usemtl material_652
f 3216/3917/3216 3248/3880/3248 3217/3881/3217

usemtl material_3567
vt 0.1719721 0.7054323
f 3216/3917/3216 3217/3881/3217 3160/3918/3160
f 3160/3918/3160 3217/3881/3217 3218/3882/3218

usemtl material_3541
f 3161/3901/3161 3160/3918/3160 3218/3882/3218

usemtl material_3623
f 3159/3903/3159 3160/3918/3160 3161/3901/3161

usemtl material_3609
f 2844/3904/2844 3159/3903/3159 2849/3902/2849

usemtl material_1408
vt 0.1716388 0.6739567
f 2843/3905/2843 2842/3919/2842 2844/3904/2844

usemtl material_682
f 2841/3906/2841 2842/3919/2842 2843/3905/2843

usemtl material_3567
f 2838/2884/2838 2841/3906/2841 2869/3907/2869

usemtl material_1609
f 2906/2887/2906 2872/2882/2872 2871/3908/2871
f 2905/2855/2905 2906/2887/2906 2907/3889/2907

usemtl material_1618
f 2937/3909/2937 2924/2854/2924 2950/3890/2950

usemtl material_2971
vt 0.3486919 0.6077324
f 2944/3920/2944 2937/3909/2937 2951/3870/2951

usemtl material_781
f 2952/3891/2952 2944/3920/2944 2951/3870/2951

usemtl material_688
f 2940/2919/2940 2942/3910/2942 2986/3842/2986

usemtl material_953
f 2948/2922/2948 2940/2919/2940 2987/2790/2987
f 2987/2790/2987 2940/2919/2940 2986/3842/2986

usemtl material_2056
vt 0.5593046 0.5915926
f 3107/2840/3107 3106/2859/3106 3058/3921/3058

usemtl material_1534
f 2991/3893/2991 2946/2920/2946 2948/2922/2948

usemtl material_3624
f 3107/2840/3107 3058/3921/3058 3108/2842/3108

usemtl material_3625
f 3108/2842/3108 3058/3921/3058 3069/3843/3069

usemtl material_3626
f 3069/3843/3069 3058/3921/3058 3068/2793/3068

usemtl material_3627
f 3068/2793/3068 3058/3921/3058 3057/3892/3057

usemtl material_3628
f 3056/2843/3056 3059/2878/3059 3070/2812/3070

usemtl material_3629
vt 0.5126829 0.8092213
f 2115/3922/2115 2079/3896/2079 2080/3871/2080

usemtl material_3630
vt 0.6186401 0.8065416
f 2106/2861/2106 2095/3911/2095 2107/3923/2107

usemtl material_3631
f 2095/3911/2095 2094/3912/2094 2107/3923/2107

usemtl material_3632
vt 0.5682532 0.8087091
vt 0.5604414 0.8083244
f 2110/3924/2110 2093/3872/2093 2109/3925/2109

usemtl material_1021
f 2109/3925/2109 2093/3872/2093 2096/3898/2096

usemtl material_3633
f 2109/3925/2109 2096/3898/2096 2097/2895/2097

usemtl material_3606
vt 0.4941989 0.8086156
f 2115/3922/2115 2080/3871/2080 2113/3926/2113

usemtl material_3522
f 2113/3926/2113 2080/3871/2080 2082/3897/2082

usemtl material_644
vt 0.4653010 0.8098571
f 2082/3897/2082 2081/3873/2081 2114/3927/2114

usemtl material_3634
f 2114/3927/2114 2081/3873/2081 2112/3913/2112

usemtl material_651
vt 0.3737088 0.7986754
vt 0.3607804 0.7994139
f 2126/3928/2126 2125/3874/2125 2153/3929/2153

usemtl material_949
f 2153/3929/2153 2125/3874/2125 2154/3914/2154

usemtl material_952
f 2154/3914/2154 2152/3875/2152 2173/3915/2173

usemtl material_3622
vt 0.2594873 0.7311452
vt 0.2482169 0.7480969
f 3228/3930/3228 3263/3931/3263 3247/3916/3247
f 3247/3916/3247 3263/3931/3263 3265/3900/3265

usemtl material_981
vt 0.2311379 0.7224498
f 3215/3932/3215 3247/3916/3247 3216/3917/3216

usemtl material_3567
vt 0.2060510 0.7137719
vt 0.1910955 0.7061121
f 3213/3933/3213 3216/3917/3216 3168/3934/3168

usemtl material_3608
f 3168/3934/3168 3216/3917/3216 3160/3918/3160

usemtl material_3635
vt 0.1732909 0.6931165
vt 0.2024189 0.6933387
f 3168/3934/3168 3167/3935/3167 3166/3936/3166

usemtl material_3623
f 3167/3935/3167 3168/3934/3168 3160/3918/3160

usemtl material_1829
f 3167/3935/3167 3160/3918/3160 3159/3903/3159
vt 0.1743592 0.6823509
f 3167/3935/3167 3159/3903/3159 2846/3937/2846

usemtl material_3609
f 2846/3937/2846 3159/3903/3159 2844/3904/2844

usemtl material_1408
f 2846/3937/2846 2844/3904/2844 2842/3919/2842

usemtl material_3567
vt 0.2015849 0.6744136
f 2840/3938/2840 2846/3937/2846 2842/3919/2842

usemtl material_650
f 2840/3938/2840 2842/3919/2842 2841/3906/2841

usemtl material_950
f 2838/2884/2838 2869/3907/2869 2871/3908/2871

usemtl material_3622
f 2872/2882/2872 2838/2884/2838 2871/3908/2871

usemtl material_1910
f 2878/2888/2878 2872/2882/2872 2906/2887/2906

usemtl material_3636
f 3610/2876/3610 3537/2875/3537 3541/2889/3541

usemtl material_1034
vt 0.2923755 0.6271839
f 2924/2854/2924 2904/3939/2904 2905/2855/2905

usemtl material_2404
vt 0.3105797 0.6215985
f 2928/3940/2928 2904/3939/2904 2937/3909/2937

usemtl material_1034
f 2937/3909/2937 2904/3939/2904 2924/2854/2924

usemtl material_1131
f 2944/3920/2944 2928/3940/2928 2937/3909/2937

usemtl material_2971
f 2942/3910/2942 2944/3920/2944 2952/3891/2952

usemtl material_3637
f 3106/2859/3106 3049/2877/3049 3058/3921/3058

usemtl material_3638
vt 0.5505212 0.5992841
f 3058/3921/3058 3044/3941/3044 3057/3892/3057

usemtl material_3639
vt 0.5079030 0.5991002
f 3057/3892/3057 3043/3942/3043 3056/2843/3056

usemtl material_3640
f 3043/3942/3043 3047/2942/3047 3056/2843/3056

usemtl material_3641
f 3056/2843/3056 3047/2942/3047 3059/2878/3059

usemtl material_3642
f 2992/3894/2992 2959/2946/2959 2946/2920/2946

usemtl material_3643
vt 0.4727405 0.5927466
f 2998/2813/2998 2975/2860/2975 2974/3943/2974

usemtl material_3644
f 2998/2813/2998 2974/3943/2974 2992/3894/2992

usemtl material_3645
f 2992/3894/2992 2974/3943/2974 2959/2946/2959

usemtl material_3646
vt 0.5280225 0.8058540
f 2100/2896/2100 2078/3895/2078 2105/3944/2105

usemtl material_917
f 2105/3944/2105 2078/3895/2078 2079/3896/2079

usemtl material_3647
f 2108/2862/2108 2106/2861/2106 2107/3923/2107

usemtl material_2906
vt 0.5810978 0.8053406
f 2107/3923/2107 2094/3912/2094 2111/3945/2111

usemtl material_3648
f 2111/3945/2111 2094/3912/2094 2093/3872/2093

usemtl material_3619
f 2111/3945/2111 2093/3872/2093 2110/3924/2110

usemtl material_482
f 2109/3925/2109 2097/2895/2097 2117/2897/2117

usemtl material_509
f 2113/3926/2113 2082/3897/2082 2114/3927/2114

usemtl material_3649
vt 0.4125679 0.7995546
f 2128/3946/2128 2112/3913/2112 2116/3899/2116

usemtl material_650
vt 0.3948372 0.7984397
f 2128/3946/2128 2116/3899/2116 2127/3947/2127

usemtl material_1126
f 2127/3947/2127 2116/3899/2116 2126/3928/2126

usemtl material_682
f 2126/3928/2126 2116/3899/2116 2125/3874/2125

usemtl material_3650
vt 0.2963756 0.7602711
vt 0.2797164 0.7583086
vt 0.2821470 0.7399954
f 3271/3948/3271 3272/3949/3272 3264/3950/3264

usemtl material_879
f 3272/3949/3272 3263/3931/3263 3264/3950/3264

usemtl material_3651
f 3264/3950/3264 3263/3931/3263 3228/3930/3228

usemtl material_1853
f 3215/3932/3215 3228/3930/3228 3247/3916/3247

usemtl material_3409
f 3215/3932/3215 3216/3917/3216 3213/3933/3213

usemtl material_3652
vt 0.2385590 0.7104526
f 3170/3951/3170 3215/3932/3215 3213/3933/3213

usemtl material_1640
vt 0.2202808 0.7087212
f 3169/3952/3169 3170/3951/3170 3213/3933/3213

usemtl material_3541
f 3169/3952/3169 3213/3933/3213 3168/3934/3168

usemtl material_3635
f 3166/3936/3166 3169/3952/3169 3168/3934/3168

usemtl material_1794
vt 0.2009843 0.6841464
f 3166/3936/3166 3167/3935/3167 2847/3953/2847

usemtl material_1829
f 2847/3953/2847 3167/3935/3167 2846/3937/2846

usemtl material_3608
f 2840/3938/2840 2847/3953/2847 2846/3937/2846

usemtl material_979
vt 0.2260590 0.6642448
f 2837/3954/2837 2840/3938/2840 2841/3906/2841

usemtl material_3541
f 2837/3954/2837 2841/3906/2841 2838/2884/2838

usemtl material_3652
f 2829/2883/2829 2837/3954/2837 2838/2884/2838

usemtl material_3653
f 2879/2934/2879 2878/2888/2878 2905/2855/2905

usemtl material_3654
f 3611/2912/3611 3541/2889/3541 3612/2938/3612

usemtl material_1974
f 2904/3939/2904 2879/2934/2879 2905/2855/2905

usemtl material_3655
vt 0.3368658 0.6280295
f 2903/3955/2903 2928/3940/2928 2944/3920/2944

usemtl material_2404
f 2941/2918/2941 2944/3920/2944 2942/3910/2942

usemtl material_3656
f 2940/2919/2940 2941/2918/2941 2942/3910/2942

usemtl material_2971
f 2948/2922/2948 2943/2917/2943 2940/2919/2940

usemtl material_3657
f 3049/2877/3049 3044/3941/3044 3058/3921/3058

usemtl material_1692
f 3047/2942/3047 3048/2923/3048 3059/2878/3059

usemtl material_3658
f 3044/3941/3044 3043/3942/3043 3057/3892/3057

usemtl material_3659
f 3059/2878/3059 3048/2923/3048 2975/2860/2975

usemtl material_1092
vt 0.5453715 0.8014103
f 2136/3956/2136 2117/2897/2117 2100/2896/2100

usemtl material_3660
f 2105/3944/2105 2079/3896/2079 2115/3922/2115

usemtl material_3661
vt 0.6190675 0.7914186
f 2108/2862/2108 2107/3923/2107 2144/3957/2144

usemtl material_3662
f 2159/2898/2159 2108/2862/2108 2144/3957/2144

usemtl material_2458
vt 0.6025673 0.7951061
f 2143/3958/2143 2107/3923/2107 2111/3945/2111

usemtl material_583
f 2147/2973/2147 2109/3925/2109 2117/2897/2117

usemtl material_3663
f 2223/2926/2223 2222/2863/2222 2159/2898/2159

usemtl material_3664
vt 0.4392078 0.7985688
f 2114/3927/2114 2112/3913/2112 2137/3959/2137

usemtl material_2815
vt 0.4271473 0.7999949
f 2137/3959/2137 2112/3913/2112 2133/3960/2133
f 2133/3960/2133 2112/3913/2112 2128/3946/2128

usemtl material_3622
vt 0.3092475 0.7620350
vt 0.2954330 0.7354740
f 3270/3961/3270 3271/3948/3271 3229/3962/3229

usemtl material_3665
f 3229/3962/3229 3271/3948/3271 3264/3950/3264

usemtl material_1720
vt 0.2819836 0.7230133
f 3214/3963/3214 3228/3930/3228 3215/3932/3215

usemtl material_3652
f 3170/3951/3170 3214/3963/3214 3215/3932/3215

usemtl material_3666
vt 0.2283815 0.6987892
f 3165/3964/3165 3170/3951/3170 3169/3952/3169

usemtl material_3667
f 3165/3964/3165 3169/3952/3169 3166/3936/3166

usemtl material_3536
vt 0.2272353 0.6858250
f 3165/3964/3165 3166/3936/3166 2836/3965/2836

usemtl material_3668
f 2836/3965/2836 3166/3936/3166 2847/3953/2847

usemtl material_3623
f 2836/3965/2836 2847/3953/2847 2840/3938/2840

usemtl material_3669
f 2837/3954/2837 2836/3965/2836 2840/3938/2840

usemtl material_3670
f 2829/2883/2829 2836/3965/2836 2837/3954/2837

usemtl material_3671
f 2868/2935/2868 2827/2932/2827 2872/2882/2872

usemtl material_1910
f 2868/2935/2868 2872/2882/2872 2878/2888/2878

usemtl material_3672
vt 0.3006722 0.6428126
f 2904/3939/2904 2884/3966/2884 2879/2934/2879

usemtl material_3673
f 2903/3955/2903 2884/3966/2884 2904/3939/2904

usemtl material_3672
f 2903/3955/2903 2904/3939/2904 2928/3940/2928

usemtl material_3673
vt 0.3529193 0.6283067
f 2944/3920/2944 2902/3967/2902 2903/3955/2903

usemtl material_3674
vt 0.5253613 0.6154720
f 3044/3941/3044 3036/3968/3036 3043/3942/3043

usemtl material_3675
vt 0.4978735 0.6156920
f 3043/3942/3043 3037/3969/3037 3047/2942/3047

usemtl material_3453
f 3049/2877/3049 3045/2916/3045 3044/3941/3044

usemtl material_3676
f 2959/2946/2959 2947/2944/2947 2946/2920/2946

usemtl material_3677
f 2975/2860/2975 2966/2924/2966 2974/3943/2974

usemtl material_2851
f 2974/3943/2974 2966/2924/2966 2958/2945/2958

usemtl material_3678
f 2974/3943/2974 2958/2945/2958 2959/2946/2959

usemtl material_395
f 2136/3956/2136 2100/2896/2100 2105/3944/2105

usemtl material_452
f 2147/2973/2147 2117/2897/2117 2136/3956/2136

usemtl material_3679
vt 0.5139069 0.7939115
f 2141/3970/2141 2115/3922/2115 2113/3926/2113

usemtl material_3448
f 2144/3957/2144 2107/3923/2107 2143/3958/2143

usemtl material_2377
vt 0.5732166 0.7930596
f 2145/3971/2145 2143/3958/2143 2111/3945/2111

usemtl material_2828
f 2111/3945/2111 2110/3924/2110 2145/3971/2145

usemtl material_3680
f 2145/3971/2145 2110/3924/2110 2109/3925/2109

usemtl material_3681
vt 0.5601483 0.7928250
f 2146/3972/2146 2109/3925/2109 2147/2973/2147

usemtl material_3049
vt 0.4903971 0.7956268
f 2140/3973/2140 2141/3970/2141 2113/3926/2113

usemtl material_3682
f 2140/3973/2140 2113/3926/2113 2114/3927/2114

usemtl material_2103
f 2146/3972/2146 2145/3971/2145 2109/3925/2109

usemtl material_3519
vt 0.4747425 0.7968784
f 2139/3974/2139 2140/3973/2140 2114/3927/2114

usemtl material_3664
vt 0.4590074 0.7976884
f 2139/3974/2139 2114/3927/2114 2138/3975/2138

usemtl material_1385
f 2138/3975/2138 2114/3927/2114 2137/3959/2137

usemtl material_3207
f 2137/3959/2137 2133/3960/2133 2128/3946/2128

usemtl material_560
vt 0.4078552 0.7855964
f 2192/3976/2192 2137/3959/2137 2128/3946/2128

usemtl material_684
f 2192/3976/2192 2128/3946/2128 2127/3947/2127

usemtl material_654
vt 0.3926865 0.7847611
f 2192/3976/2192 2127/3947/2127 2194/3977/2194

usemtl material_1007
f 2194/3977/2194 2127/3947/2127 2126/3928/2126

usemtl material_1557
vt 0.3294614 0.7518134
f 3268/3978/3268 3270/3961/3270 3229/3962/3229

usemtl material_3651
f 3229/3962/3229 3264/3950/3264 3228/3930/3228

usemtl material_1640
vt 0.2553762 0.7107908
f 3164/3979/3164 3214/3963/3214 3170/3951/3170

usemtl material_3683
f 3164/3979/3164 3170/3951/3170 3165/3964/3165

usemtl material_3684
vt 0.2460160 0.6866034
f 2835/3980/2835 3164/3979/3164 3165/3964/3165
f 2835/3980/2835 3165/3964/3165 2836/3965/2836

usemtl material_3685
vt 0.2585796 0.6753658
f 2828/3981/2828 2835/3980/2835 2836/3965/2836

usemtl material_3669
f 2828/3981/2828 2836/3965/2836 2829/2883/2829

usemtl material_3686
f 2827/2932/2827 2828/3981/2828 2829/2883/2829

usemtl material_3687
vt 0.3201545 0.6448743
f 2903/3955/2903 2883/3982/2883 2884/3966/2884

usemtl material_3688
vt 0.3854685 0.6272299
f 2908/3983/2908 2902/3967/2902 2941/2918/2941

usemtl material_3672
f 2941/2918/2941 2902/3967/2902 2944/3920/2944

usemtl material_3689
f 2943/2917/2943 2908/3983/2908 2941/2918/2941

usemtl material_3690
vt 0.5589094 0.6174150
f 3071/2941/3071 3038/3984/3038 3045/2916/3045

usemtl material_2187
f 3038/3984/3038 3036/3968/3036 3044/3941/3044

usemtl material_3691
f 3045/2916/3045 3038/3984/3038 3044/3941/3044

usemtl material_3692
f 3043/3942/3043 3036/3968/3036 3037/3969/3037

usemtl material_1806
f 3037/3969/3037 3046/2943/3046 3047/2942/3047

usemtl material_3693
f 2147/2973/2147 2136/3956/2136 2148/2974/2148

usemtl material_3694
f 2148/2974/2148 2136/3956/2136 2105/3944/2105

usemtl material_190
vt 0.5261880 0.7941326
f 2148/2974/2148 2105/3944/2105 2151/3985/2151

usemtl material_3695
f 2141/3970/2141 2105/3944/2105 2115/3922/2115

usemtl material_3696
f 2151/3985/2151 2105/3944/2105 2141/3970/2141

usemtl material_2356
vt 0.6188938 0.7825418
f 2159/2898/2159 2144/3957/2144 2167/3986/2167

usemtl material_3697
f 2168/2925/2168 2159/2898/2159 2167/3986/2167

usemtl material_2416
vt 0.5992189 0.7866426
f 2144/3957/2144 2143/3958/2143 2161/3987/2161

usemtl material_3698
f 2161/3987/2161 2143/3958/2143 2145/3971/2145

usemtl material_1609
vt 0.3216073 0.7372212
f 3225/3988/3225 3268/3978/3268 3229/3962/3229

usemtl material_2142
f 3214/3963/3214 3229/3962/3229 3228/3930/3228

usemtl material_3669
vt 0.2844369 0.7138756
f 3163/3989/3163 3214/3963/3214 3164/3979/3164

usemtl material_1640
vt 0.2952953 0.6897112
f 2839/3990/2839 3163/3989/3163 3164/3979/3164

usemtl material_3699
vt 0.2661465 0.6877304
f 2839/3990/2839 3164/3979/3164 2834/3991/2834
f 2835/3980/2835 2834/3991/2834 3164/3979/3164

usemtl material_3670
f 2828/3981/2828 2834/3991/2834 2835/3980/2835

usemtl material_3700
vt 0.2845482 0.6752813
f 2826/3992/2826 2834/3991/2834 2828/3981/2828

usemtl material_3701
f 2826/3992/2826 2828/3981/2828 2827/2932/2827

usemtl material_1853
vt 0.2929740 0.6629398
f 2825/3993/2825 2826/3992/2826 2827/2932/2827

usemtl material_1910
f 2867/2985/2867 2825/3993/2825 2868/2935/2868

usemtl material_3671
f 2825/3993/2825 2827/2932/2827 2868/2935/2868

usemtl material_3702
f 2884/3966/2884 2867/2985/2867 2879/2934/2879

usemtl material_3703
f 2879/2934/2879 2867/2985/2867 2868/2935/2868

usemtl material_3704
f 2903/3955/2903 2880/2983/2880 2883/3982/2883
f 2902/3967/2902 2880/2983/2880 2903/3955/2903

usemtl material_3705
f 3295/2915/3295 3293/2969/3293 3065/2961/3065

usemtl material_1391
f 3071/2941/3071 3065/2961/3065 3038/3984/3038

usemtl material_1022
vt 0.4980017 0.6262860
f 3037/3969/3037 3029/3994/3029 3046/2943/3046

usemtl material_3706
vt 0.4567474 0.6166201
f 2938/3995/2938 2939/2921/2939 2947/2944/2947

usemtl material_3707
f 2966/2924/2966 3046/2943/3046 2945/2971/2945

usemtl material_3708
f 2945/2971/2945 2958/2945/2958 2966/2924/2966

usemtl material_3709
f 2958/2945/2958 2932/2972/2932 2947/2944/2947

usemtl material_3710
f 2932/2972/2932 2938/3995/2938 2947/2944/2947

usemtl material_1801
vt 0.6219194 0.7796230
f 2178/3996/2178 2168/2925/2168 2167/3986/2167

usemtl material_3711
f 2167/3986/2167 2144/3957/2144 2161/3987/2161

usemtl material_1359
vt 0.5704586 0.7843360
f 2161/3987/2161 2145/3971/2145 2169/3997/2169

usemtl material_2093
f 2169/3997/2169 2145/3971/2145 2146/3972/2146

usemtl material_228
vt 0.5600938 0.7831056
f 2170/3998/2170 2146/3972/2146 2147/2973/2147

usemtl material_1306
f 2170/3998/2170 2147/2973/2147 2175/2975/2175

usemtl material_3712
vt 0.5445824 0.7769407
vt 0.5218574 0.7816765
f 2181/3999/2181 2148/2974/2148 2177/4000/2177

usemtl material_3713
f 2177/4000/2177 2148/2974/2148 2151/3985/2151

usemtl material_1419
vt 0.4921350 0.7828803
f 2141/3970/2141 2140/3973/2140 2187/4001/2187

usemtl material_1361
f 2187/4001/2187 2140/3973/2140 2139/3974/2139

usemtl material_3714
f 2223/2926/2223 2168/2925/2168 2178/3996/2178

usemtl material_2753
vt 0.5810284 0.7688803
f 2161/3987/2161 2169/3997/2169 2189/4002/2189

usemtl material_229
f 2170/3998/2170 2169/3997/2169 2146/3972/2146

usemtl material_1345
vt 0.4601502 0.7803257
f 2187/4001/2187 2139/3974/2139 2193/4003/2193

usemtl material_3429
f 2193/4003/2193 2139/3974/2139 2138/3975/2138

usemtl material_560
vt 0.4390681 0.7815171
f 2138/3975/2138 2137/3959/2137 2191/4004/2191

usemtl material_2283
f 2223/2926/2223 2178/3996/2178 2224/2990/2224

usemtl material_611
f 2193/4003/2193 2138/3975/2138 2191/4004/2191

usemtl material_654
f 2191/4004/2191 2137/3959/2137 2192/3976/2192

usemtl material_781
vt 0.3403796 0.7390636
vt 0.3443907 0.7552978
f 3224/4005/3224 3269/4006/3269 3268/3978/3268

usemtl material_780
vt 0.3643545 0.7415698
f 3224/4005/3224 3223/4007/3223 3269/4006/3269

usemtl material_781
f 3224/4005/3224 3268/3978/3268 3225/3988/3225

usemtl material_3650
f 3225/3988/3225 3229/3962/3229 3214/3963/3214

usemtl material_1557
vt 0.3221031 0.7244661
f 3224/4005/3224 3225/3988/3225 3209/4008/3209

usemtl material_877
f 3209/4008/3209 3225/3988/3225 3214/3963/3214

usemtl material_3715
vt 0.3101189 0.7153947
f 3162/4009/3162 3209/4008/3209 3214/3963/3214

usemtl material_3700
f 3162/4009/3162 3214/3963/3214 3163/3989/3163

usemtl material_1640
f 2839/3990/2839 3162/4009/3162 3163/3989/3163

usemtl material_3716
vt 0.3039328 0.6780887
f 2830/4010/2830 2839/3990/2839 2826/3992/2826

usemtl material_3670
f 2839/3990/2839 2834/3991/2834 2826/3992/2826

usemtl material_3701
f 2830/4010/2830 2826/3992/2826 2825/3993/2825

usemtl material_3717
vt 0.3136734 0.6620225
f 2831/4011/2831 2830/4010/2830 2825/3993/2825

usemtl material_3718
f 2831/4011/2831 2825/3993/2825 2867/2985/2867

usemtl material_3719
f 2883/3982/2883 2867/2985/2867 2884/3966/2884

usemtl material_3720
f 2880/2983/2880 2867/2985/2867 2883/3982/2883

usemtl material_3688
vt 0.3692023 0.6408746
f 2881/4012/2881 2880/2983/2880 2902/3967/2902

usemtl material_3721
vt 0.3996546 0.6327929
f 2901/4013/2901 2881/4012/2881 2908/3983/2908
f 2908/3983/2908 2881/4012/2881 2902/3967/2902
vt 0.4083101 0.6290230
f 2918/4014/2918 2901/4013/2901 2908/3983/2908

usemtl material_3722
vt 0.5586509 0.6296943
f 3065/2961/3065 3088/2970/3088 3035/4015/3035

usemtl material_3105
f 3065/2961/3065 3035/4015/3035 3038/3984/3038

usemtl material_3691
f 3038/3984/3038 3035/4015/3035 3036/3968/3036

usemtl material_2187
f 3035/4015/3035 3031/2998/3031 3036/3968/3036

usemtl material_3723
f 3036/3968/3036 3031/2998/3031 3029/3994/3029

usemtl material_1014
vt 0.4878113 0.6279163
f 3029/3994/3029 3027/4016/3027 3046/2943/3046

usemtl material_3724
f 2943/2917/2943 2918/4014/2918 2908/3983/2908

usemtl material_963
f 3036/3968/3036 3029/3994/3029 3037/3969/3037

usemtl material_2520
vt 0.4834618 0.6233987
f 3046/2943/3046 3027/4016/3027 2936/4017/2936

usemtl material_3688
vt 0.4549052 0.6270170
vt 0.4309909 0.6293339
f 2926/4018/2926 2919/4019/2919 2939/2921/2939

usemtl material_3724
f 2919/4019/2919 2918/4014/2918 2939/2921/2939

usemtl material_2471
f 2939/2921/2939 2918/4014/2918 2943/2917/2943

usemtl material_3014
f 2945/2971/2945 2936/4017/2936 2932/2972/2932

usemtl material_3725
f 2932/2972/2932 2926/4018/2926 2938/3995/2938

usemtl material_3726
f 2938/3995/2938 2926/4018/2926 2939/2921/2939

usemtl material_3727
f 2945/2971/2945 3046/2943/3046 2936/4017/2936

usemtl material_3728
f 2175/2975/2175 2148/2974/2148 2181/3999/2181

usemtl material_3729
f 2177/4000/2177 2151/3985/2151 2141/3970/2141

usemtl material_3730
f 2177/4000/2177 2141/3970/2141 2187/4001/2187

usemtl material_3731
f 2224/2990/2224 2178/3996/2178 2198/2988/2198

usemtl material_3732
vt 0.6185977 0.7680608
f 2178/3996/2178 2167/3986/2167 2190/4020/2190

usemtl material_3733
f 2198/2988/2198 2178/3996/2178 2190/4020/2190

usemtl material_3734
f 2167/3986/2167 2161/3987/2161 2190/4020/2190

usemtl material_3735
f 2190/4020/2190 2161/3987/2161 2189/4002/2189

usemtl material_480
vt 0.5603661 0.7692755
f 2189/4002/2189 2169/3997/2169 2195/4021/2195

usemtl material_3736
f 2195/4021/2195 2169/3997/2169 2170/3998/2170

usemtl material_1013
f 2195/4021/2195 2170/3998/2170 2175/2975/2175

usemtl material_881
vt 0.4915928 0.7631291
f 2202/4022/2202 2187/4001/2187 2193/4003/2193

usemtl material_3737
vt 0.3967008 0.7584089
vt 0.3778017 0.7432177
vt 0.3984999 0.7438232
f 3275/4023/3275 3222/4024/3222 3221/4025/3221

usemtl material_837
vt 0.3756921 0.7564652
f 3222/4024/3222 3275/4023/3275 3274/4026/3274

usemtl material_780
f 3223/4007/3223 3222/4024/3222 3274/4026/3274

usemtl material_881
f 3223/4007/3223 3274/4026/3274 3269/4006/3269

usemtl material_3738
f 3223/4007/3223 3224/4005/3224 3209/4008/3209

usemtl material_3739
vt 0.3277742 0.7167758
f 3178/4027/3178 3209/4008/3209 3162/4009/3162

usemtl material_3740
vt 0.3285583 0.7057542
f 3178/4027/3178 3162/4009/3162 3171/4028/3171

usemtl material_3741
vt 0.3186401 0.6905558
f 3171/4028/3171 3162/4009/3162 2808/4029/2808

usemtl material_3739
f 2808/4029/2808 3162/4009/3162 2839/3990/2839

usemtl material_3716
f 2808/4029/2808 2839/3990/2839 2830/4010/2830

usemtl material_3742
vt 0.3341279 0.6807402
f 2806/4030/2806 2808/4029/2808 2830/4010/2830

usemtl material_2905
f 2831/4011/2831 2806/4030/2806 2830/4010/2830

usemtl material_3743
vt 0.3458884 0.6717550
f 2824/4031/2824 2806/4030/2806 2831/4011/2831

usemtl material_3744
f 2832/2984/2832 2824/4031/2824 2831/4011/2831

usemtl material_3653
f 2832/2984/2832 2831/4011/2831 2867/2985/2867

usemtl material_2471
vt 0.3640517 0.6597867
f 2833/4032/2833 2832/2984/2832 2880/2983/2880

usemtl material_3720
f 2881/4012/2881 2833/4032/2833 2880/2983/2880

usemtl material_3745
f 3293/2969/3293 3227/3005/3227 3082/2987/3082

usemtl material_3746
f 3088/2970/3088 3082/2987/3082 3033/2996/3033

usemtl material_3747
f 3035/4015/3035 3033/2996/3033 3031/2998/3031

usemtl material_3721
vt 0.4102755 0.6371298
f 2918/4014/2918 2900/4033/2900 2901/4013/2901

usemtl material_2229
f 3088/2970/3088 3033/2996/3033 3035/4015/3035

usemtl material_3748
vt 0.5062277 0.6403298
f 3031/2998/3031 3030/4034/3030 3029/3994/3029

usemtl material_2880
vt 0.4971802 0.6403227
f 3030/4034/3030 3028/4035/3028 3029/3994/3029

usemtl material_1192
f 3028/4035/3028 3026/3009/3026 3027/4016/3027

usemtl material_540
f 3029/3994/3029 3028/4035/3028 3027/4016/3027

usemtl material_386
f 2936/4017/2936 3027/4016/3027 2935/3011/2935

usemtl material_3749
vt 0.4657312 0.6325179
f 2932/2972/2932 2927/4036/2927 2926/4018/2926

usemtl material_1712
f 2932/2972/2932 2936/4017/2936 2927/4036/2927

usemtl material_452
vt 0.5492955 0.7662554
vt 0.5450267 0.7682995
f 2196/4037/2196 2175/2975/2175 2183/4038/2183

usemtl material_453
f 2183/4038/2183 2175/2975/2175 2181/3999/2181

usemtl material_389
vt 0.5282441 0.7692778
f 2181/3999/2181 2177/4000/2177 2182/4039/2182

usemtl material_3750
vt 0.5134979 0.7695139
f 2182/4039/2182 2177/4000/2177 2188/4040/2188

usemtl material_3751
f 2177/4000/2177 2187/4001/2187 2188/4040/2188

usemtl material_3752
vt 0.5590098 0.7547089
vt 0.5588777 0.7620350
vt 0.5557585 0.7586781
f 3278/4041/3278 3279/4042/3279 3267/4043/3267

usemtl material_157
f 2195/4021/2195 2175/2975/2175 2196/4037/2196

usemtl material_953
f 2188/4040/2188 2187/4001/2187 2202/4022/2202

usemtl material_881
vt 0.4291877 0.7454863
f 3221/4025/3221 3234/4044/3234 3275/4023/3275

usemtl material_1853
vt 0.3731431 0.7283490
f 3204/4045/3204 3222/4024/3222 3223/4007/3223

usemtl material_3701
f 3204/4045/3204 3223/4007/3223 3209/4008/3209

usemtl material_3685
vt 0.3481317 0.7168006
f 3204/4045/3204 3209/4008/3209 3177/4046/3177

usemtl material_3753
f 3177/4046/3177 3209/4008/3209 3178/4027/3178

usemtl material_3754
f 3171/4028/3171 3177/4046/3177 3178/4027/3178
vt 0.3611843 0.6933653
f 2805/4047/2805 3177/4046/3177 3171/4028/3171

usemtl material_3755
vt 0.3318348 0.6914561
f 2805/4047/2805 3171/4028/3171 2807/4048/2807

usemtl material_3741
f 2807/4048/2807 3171/4028/3171 2808/4029/2808

usemtl material_3742
f 2806/4030/2806 2807/4048/2807 2808/4029/2808

usemtl material_3756
f 2833/4032/2833 2824/4031/2824 2832/2984/2832

usemtl material_3673
vt 0.3785824 0.6602571
vt 0.3860807 0.6468514
f 2819/4049/2819 2833/4032/2833 2882/4050/2882

usemtl material_3757
vt 0.3981459 0.6602635
f 2817/4051/2817 2819/4049/2819 2882/4050/2882

usemtl material_3724
f 2881/4012/2881 2882/4050/2882 2833/4032/2833

usemtl material_3758
vt 0.4299647 0.6496091
f 2900/4033/2900 2885/4052/2885 2901/4013/2901
f 2885/4052/2885 2882/4050/2882 2901/4013/2901

usemtl material_3721
f 2901/4013/2901 2882/4050/2882 2881/4012/2881

usemtl material_2092
f 3227/3005/3227 3078/3004/3078 3034/3008/3034

usemtl material_221
vt 0.4970109 0.6514376
f 3030/4034/3030 3039/4053/3039 3028/4035/3028

usemtl material_3759
f 3082/2987/3082 3227/3005/3227 3034/3008/3034

usemtl material_3431
f 3033/2996/3033 3034/3008/3034 3032/2997/3032

usemtl material_3758
vt 0.4355735 0.6371111
f 2895/4054/2895 2885/4052/2885 2900/4033/2900

usemtl material_3760
f 3082/2987/3082 3034/3008/3034 3033/2996/3033

usemtl material_3761
f 3032/2997/3032 3030/4034/3030 3031/2998/3031

usemtl material_3721
f 2895/4054/2895 2900/4033/2900 2918/4014/2918

usemtl material_193
f 3027/4016/3027 3026/3009/3026 2935/3011/2935

usemtl material_3762
vt 0.4565947 0.6388149
f 2896/4055/2896 2895/4054/2895 2926/4018/2926

usemtl material_3763
f 2926/4018/2926 2895/4054/2895 2919/4019/2919

usemtl material_3764
f 2919/4019/2919 2895/4054/2895 2918/4014/2918

usemtl material_3765
vt 0.4644992 0.6387387
f 2898/4056/2898 2896/4055/2896 2926/4018/2926

usemtl material_3766
f 2927/4036/2927 2898/4056/2898 2926/4018/2926

usemtl material_3767
f 2935/3011/2935 2927/4036/2927 2936/4017/2936

usemtl material_42
f 2181/3999/2181 2182/4039/2182 2183/4038/2183

usemtl material_3768
vt 0.5576605 0.7467175
f 3278/4041/3278 3267/4043/3267 3249/4057/3249

usemtl material_1675
vt 0.5181341 0.7579334
vt 0.5485285 0.7472942
f 3267/4043/3267 3257/4058/3257 3239/4059/3239

usemtl material_3769
f 3249/4057/3249 3267/4043/3267 3239/4059/3239

usemtl material_3770
vt 0.5128686 0.7461320
vt 0.4974544 0.7572634
f 3237/4060/3237 3257/4058/3257 3260/4061/3260

usemtl material_3771
vt 0.4653466 0.7553877
vt 0.4506173 0.7542860
vt 0.4553155 0.7440873
f 3254/4062/3254 3256/4063/3256 3235/4064/3235

usemtl material_3134
f 3237/4060/3237 3239/4059/3239 3257/4058/3257

usemtl material_122
vt 0.4965736 0.7447953
f 3237/4060/3237 3260/4061/3260 3238/4065/3238

usemtl material_795
f 3238/4065/3238 3260/4061/3260 3243/3014/3243

usemtl material_3772
f 3235/4064/3235 3256/4063/3256 3234/4044/3234

usemtl material_3773
f 3286/3015/3286 3278/4041/3278 3249/4057/3249

usemtl material_3774
f 3286/3015/3286 3249/4057/3249 3233/3016/3233

usemtl material_611
vt 0.4324175 0.7310893
f 3234/4044/3234 3221/4025/3221 3206/4066/3206

usemtl material_3775
vt 0.4078850 0.7298488
f 3206/4066/3206 3221/4025/3221 3205/4067/3205

usemtl material_3776
f 3205/4067/3205 3221/4025/3221 3204/4045/3204

usemtl material_3777
f 3204/4045/3204 3221/4025/3221 3222/4024/3222

usemtl material_3778
vt 0.3726556 0.7176691
f 3183/4068/3183 3205/4067/3205 3204/4045/3204

usemtl material_3779
f 3183/4068/3183 3204/4045/3204 3177/4046/3177

usemtl material_3780
vt 0.3628738 0.7054918
f 3179/4069/3179 3183/4068/3183 3177/4046/3177

usemtl material_3754
f 3179/4069/3179 3177/4046/3177 2805/4047/2805

usemtl material_3781
f 2805/4047/2805 2807/4048/2807 2806/4030/2806

usemtl material_3776
vt 0.3728505 0.6734273
f 2804/4070/2804 2805/4047/2805 2806/4030/2806

usemtl material_3782
f 2804/4070/2804 2806/4030/2806 2824/4031/2824

usemtl material_688
f 2804/4070/2804 2824/4031/2824 2833/4032/2833

usemtl material_2404
f 2817/4051/2817 2804/4070/2804 2819/4049/2819

usemtl material_2955
f 2819/4049/2819 2804/4070/2804 2833/4032/2833

usemtl material_3783
f 723/2995/723 681/3002/681 735/3020/735

usemtl material_921
vt 0.5624175 0.6690544
vt 0.5602098 0.6580281
f 3284/3003/3284 3226/4071/3226 3081/4072/3081

usemtl material_2066
f 3284/3003/3284 3081/4072/3081 3078/3004/3078

usemtl material_2727
f 3078/3004/3078 3081/4072/3081 3042/3006/3042

usemtl material_3784
f 2885/4052/2885 2817/4051/2817 2882/4050/2882

usemtl material_3785
vt 0.4876818 0.6509017
f 3039/4053/3039 3054/4073/3054 3026/3009/3026

usemtl material_3786
f 3078/3004/3078 3042/3006/3042 3034/3008/3034

usemtl material_1318
vt 0.5067468 0.6522238
f 3030/4034/3030 3040/4074/3040 3039/4053/3039

usemtl material_575
f 3028/4035/3028 3039/4053/3039 3026/3009/3026

usemtl material_3787
f 2889/3031/2889 2885/4052/2885 2895/4054/2895

usemtl material_3788
f 2896/4055/2896 2889/3031/2889 2895/4054/2895

usemtl material_3789
f 3034/3008/3034 3041/3007/3041 3032/2997/3032

usemtl material_3790
f 3041/3007/3041 3040/4074/3040 3032/2997/3032

usemtl material_3791
f 3032/2997/3032 3040/4074/3040 3030/4034/3030

usemtl material_3792
f 2899/3010/2899 2898/4056/2898 2927/4036/2927

usemtl material_3793
f 2935/3011/2935 2899/3010/2899 2927/4036/2927

usemtl material_779
f 3255/3012/3255 3254/4062/3254 3236/3013/3236

usemtl material_3794
f 3236/3013/3236 3254/4062/3254 3235/4064/3235

usemtl material_44
f 3210/3022/3210 3243/3014/3243 3236/3013/3236

usemtl material_3795
vt 0.5558371 0.7360335
f 3233/3016/3233 3249/4057/3249 3203/4075/3203

usemtl material_3796
f 3203/4075/3203 3249/4057/3249 3239/4059/3239

usemtl material_2028
vt 0.5178434 0.7348662
f 3239/4059/3239 3237/4060/3237 3201/4076/3201

usemtl material_3797
vt 0.4973307 0.7343873
f 3201/4076/3201 3237/4060/3237 3208/4077/3208

usemtl material_187
f 3208/4077/3208 3237/4060/3237 3238/4065/3238

usemtl material_121
f 3238/4065/3238 3243/3014/3243 3210/3022/3210

usemtl material_1364
f 3210/3022/3210 3236/3013/3236 3212/3023/3212

usemtl material_3798
vt 0.4670646 0.7338455
f 3236/3013/3236 3235/4064/3235 3211/4078/3211

usemtl material_3799
vt 0.4532750 0.7317079
f 3235/4064/3235 3234/4044/3234 3207/4079/3207

usemtl material_684
f 3207/4079/3207 3234/4044/3234 3206/4066/3206

usemtl material_3800
vt 0.5406128 0.7355739
f 3203/4075/3203 3239/4059/3239 3202/4080/3202

usemtl material_2026
f 3202/4080/3202 3239/4059/3239 3201/4076/3201

usemtl material_1013
f 3208/4077/3208 3238/4065/3238 3210/3022/3210

usemtl material_3801
f 3211/4078/3211 3235/4064/3235 3207/4079/3207

usemtl material_1829
vt 0.4292816 0.7199280
f 3180/4081/3180 3206/4066/3206 3205/4067/3205

usemtl material_3802
f 3292/3017/3292 3233/3016/3233 3198/3025/3198

usemtl material_3803
f 3198/3025/3198 3233/3016/3233 3203/4075/3203

usemtl material_3237
vt 0.5567932 0.7184045
f 3198/3025/3198 3203/4075/3203 3176/4082/3176

usemtl material_3769
vt 0.5456073 0.7174632
f 3203/4075/3203 3202/4080/3202 3174/4083/3174

usemtl material_3648
vt 0.5256968 0.7181528
f 3174/4083/3174 3202/4080/3202 3175/4084/3175

usemtl material_3804
f 3202/4080/3202 3201/4076/3201 3175/4084/3175

usemtl material_77
vt 0.4981515 0.7218167
f 3175/4084/3175 3201/4076/3201 3192/4085/3192

usemtl material_2524
f 3201/4076/3201 3208/4077/3208 3192/4085/3192

usemtl material_134
f 3208/4077/3208 3210/3022/3210 3192/4085/3192

usemtl material_294
f 3192/4085/3192 3210/3022/3210 3186/3024/3186

usemtl material_3805
vt 0.3946595 0.7183825
f 3181/4086/3181 3205/4067/3205 3183/4068/3183

usemtl material_3755
f 3180/4081/3180 3205/4067/3205 3181/4086/3181

usemtl material_3806
f 678/3000/678 734/3018/734 737/3027/737

usemtl material_3807
f 678/3000/678 737/3027/737 716/3019/716

usemtl material_3496
vt 0.4046323 0.6959051
f 2811/4087/2811 3180/4081/3180 3181/4086/3181

usemtl material_3808
vt 0.3949185 0.6952097
f 3181/4086/3181 3183/4068/3183 2809/4088/2809

usemtl material_3755
f 2811/4087/2811 3181/4086/3181 2809/4088/2809

usemtl material_3809
f 2809/4088/2809 3183/4068/3183 3179/4069/3179

usemtl material_2088
f 2809/4088/2809 3179/4069/3179 2805/4047/2805

usemtl material_3778
vt 0.4047621 0.6812230
f 2809/4088/2809 2815/4089/2815 2811/4087/2811

usemtl material_1763
f 2809/4088/2809 2805/4047/2805 2804/4070/2804

usemtl material_3776
f 2809/4088/2809 2804/4070/2804 2815/4089/2815

usemtl material_3810
f 735/3020/735 716/3019/716 740/3028/740

usemtl material_2742
f 2812/3038/2812 2815/4089/2815 2804/4070/2804

usemtl material_1215
vt 0.5606347 0.6789837
vt 0.5588100 0.6698592
f 3226/4071/3226 3099/4090/3099 3064/4091/3064

usemtl material_2078
f 2812/3038/2812 2804/4070/2804 2817/4051/2817

usemtl material_3811
vt 0.5570033 0.6767653
vt 0.5568113 0.6641387
f 3064/4091/3064 3063/4092/3063 3051/4093/3051

usemtl material_401
vt 0.5035305 0.6793299
vt 0.4971578 0.6780047
vt 0.4976354 0.6623117
f 3061/4094/3061 3062/4095/3062 3052/4096/3052

usemtl material_3277
vt 0.5079591 0.6628912
f 3053/4097/3053 3061/4094/3061 3052/4096/3052

usemtl material_1692
f 3052/4096/3052 3062/4095/3062 3066/3029/3066

usemtl material_3812
f 3052/4096/3052 3066/3029/3066 3055/3030/3055

usemtl material_3718
vt 0.4319630 0.6620765
f 2818/4098/2818 2812/3038/2812 2817/4051/2817

usemtl material_3813
vt 0.5303810 0.6632548
f 3051/4093/3051 3063/4092/3063 3050/4099/3050

usemtl material_3804
vt 0.5279015 0.6758083
f 3063/4092/3063 3060/4100/3060 3050/4099/3050

usemtl material_2281
f 3050/4099/3050 3060/4100/3060 3053/4097/3053

usemtl material_169
f 3081/4072/3081 3226/4071/3226 3064/4091/3064

usemtl material_1229
f 3041/3007/3041 3051/4093/3051 3050/4099/3050

usemtl material_653
f 3081/4072/3081 3064/4091/3064 3042/3006/3042

usemtl material_3814
f 3042/3006/3042 3064/4091/3064 3051/4093/3051

usemtl material_3815
f 3042/3006/3042 3051/4093/3051 3041/3007/3041

usemtl material_1268
f 3053/4097/3053 3052/4096/3052 3040/4074/3040

usemtl material_2575
f 3040/4074/3040 3052/4096/3052 3039/4053/3039

usemtl material_2548
f 3054/4073/3054 3052/4096/3052 3055/3030/3055

usemtl material_229
f 3054/4073/3054 3055/3030/3055 2890/3021/2890

usemtl material_1229
f 3041/3007/3041 3050/4099/3050 3040/4074/3040

usemtl material_3816
f 3040/4074/3040 3050/4099/3050 3053/4097/3053

usemtl material_1013
f 3039/4053/3039 3052/4096/3052 3054/4073/3054

usemtl material_3817
vt 0.4816650 0.6622658
f 2890/3021/2890 2875/4101/2875 2889/3031/2889

usemtl material_3818
f 2889/3031/2889 2875/4101/2875 2866/3032/2866

usemtl material_3819
f 2818/4098/2818 2817/4051/2817 2885/4052/2885

usemtl material_2404
f 2885/4052/2885 2820/3033/2820 2818/4098/2818

usemtl material_1404
f 3026/3009/3026 3054/4073/3054 2890/3021/2890

usemtl material_3820
f 2889/3031/2889 2820/3033/2820 2885/4052/2885

usemtl material_3821
f 2899/3010/2899 2890/3021/2890 2889/3031/2889

usemtl material_3822
f 2899/3010/2899 2889/3031/2889 2898/4056/2898

usemtl material_3823
f 2898/4056/2898 2889/3031/2889 2896/4055/2896

usemtl material_393
f 3212/3023/3212 3236/3013/3236 3211/4078/3211

usemtl material_3727
vt 0.4821028 0.7206521
f 3186/3024/3186 3212/3023/3212 3196/4102/3196

usemtl material_1316
f 3196/4102/3196 3212/3023/3212 3211/4078/3211

usemtl material_3824
vt 0.4665909 0.7190946
vt 0.4546877 0.7197170
f 3185/4103/3185 3211/4078/3211 3193/4104/3193

usemtl material_3825
f 3193/4104/3193 3211/4078/3211 3207/4079/3207

usemtl material_3826
f 3196/4102/3196 3211/4078/3211 3185/4103/3185

usemtl material_3827
f 3207/4079/3207 3206/4066/3206 3193/4104/3193

usemtl material_3828
f 3193/4104/3193 3206/4066/3206 3180/4081/3180

usemtl material_3829
f 3176/4082/3176 3203/4075/3203 3174/4083/3174

usemtl material_134
vt 0.4972021 0.7114171
f 3192/4085/3192 3186/3024/3186 3173/4105/3173

usemtl material_3830
vt 0.4535185 0.7130166
f 3193/4104/3193 3180/4081/3180 3182/4106/3182

usemtl material_912
vt 0.5077412 0.7139460
f 3175/4084/3175 3192/4085/3192 3172/4107/3172

usemtl material_1320
f 3172/4107/3172 3192/4085/3192 3173/4105/3173

usemtl material_3831
f 3182/4106/3182 3180/4081/3180 2810/3037/2810

usemtl material_2088
f 2810/3037/2810 3180/4081/3180 2811/4087/2811

usemtl material_3832
vt 0.5372393 0.6989791
f 3080/4108/3080 3174/4083/3174 3175/4084/3175

usemtl material_3833
vt 0.5587532 0.6998434
f 3231/3026/3231 3198/3025/3198 3079/4109/3079

usemtl material_3834
f 3198/3025/3198 3176/4082/3176 3079/4109/3079

usemtl material_3835
f 3079/4109/3079 3176/4082/3176 3174/4083/3174

usemtl material_3836
f 3080/4108/3080 3175/4084/3175 3172/4107/3172

usemtl material_3837
vt 0.5082219 0.6982269
f 3075/4110/3075 3172/4107/3172 3173/4105/3173

usemtl material_202
vt 0.4875426 0.6982062
f 3173/4105/3173 3186/3024/3186 3077/4111/3077

usemtl material_1062
f 3077/4111/3077 3186/3024/3186 3155/3034/3155

usemtl material_3838
f 3079/4109/3079 3174/4083/3174 3080/4108/3080

usemtl material_3839
f 3075/4110/3075 3080/4108/3080 3172/4107/3172

usemtl material_3840
vt 0.4972311 0.6987323
f 3075/4110/3075 3173/4105/3173 3076/4112/3076

usemtl material_3841
f 3173/4105/3173 3077/4111/3077 3076/4112/3076

usemtl material_3842
vt 0.5377107 0.6858969
f 3079/4109/3079 3080/4108/3080 3073/4113/3073

usemtl material_3843
f 3073/4113/3073 3080/4108/3080 3075/4110/3075

usemtl material_3844
f 3061/4094/3061 3075/4110/3075 3076/4112/3076

usemtl material_3239
vt 0.5587403 0.6851455
f 3231/3026/3231 3079/4109/3079 3072/4114/3072

usemtl material_3845
f 3072/4114/3072 3079/4109/3079 3073/4113/3073

usemtl material_3846
vt 0.5104690 0.6841633
f 3073/4113/3073 3075/4110/3075 3074/4115/3074

usemtl material_3847
f 3074/4115/3074 3075/4110/3075 3061/4094/3061

usemtl material_3681
f 3061/4094/3061 3076/4112/3076 3062/4095/3062

usemtl material_3841
f 3062/4095/3062 3076/4112/3076 3066/3029/3066

usemtl material_527
f 3076/4112/3076 3077/4111/3077 3066/3029/3066

usemtl material_918
f 3066/3029/3066 3077/4111/3077 3155/3034/3155

usemtl material_3848
f 2810/3037/2810 2811/4087/2811 2812/3038/2812

usemtl material_3849
f 2812/3038/2812 2811/4087/2811 2815/4089/2815

usemtl material_3850
f 3099/4090/3099 3231/3026/3231 3072/4114/3072

usemtl material_3175
vt 0.4547333 0.6748925
f 2816/4116/2816 2813/3036/2813 2812/3038/2812

usemtl material_1694
f 3099/4090/3099 3072/4114/3072 3064/4091/3064

usemtl material_1481
f 3064/4091/3064 3072/4114/3072 3063/4092/3063

usemtl material_2066
f 3063/4092/3063 3072/4114/3072 3073/4113/3073

usemtl material_3851
f 3063/4092/3063 3073/4113/3073 3060/4100/3060

usemtl material_3852
f 3073/4113/3073 3074/4115/3074 3060/4100/3060

usemtl material_3853
f 3060/4100/3060 3074/4115/3074 3061/4094/3061

usemtl material_3854
f 3060/4100/3060 3061/4094/3061 3053/4097/3053

usemtl material_2078
f 2816/4116/2816 2812/3038/2812 2818/4098/2818

usemtl material_3855
f 2890/3021/2890 3066/3029/3066 2876/3039/2876

usemtl material_3856
vt 0.4690116 0.6756092
f 2866/3032/2866 2821/4117/2821 2816/4116/2816

usemtl material_3857
f 2866/3032/2866 2816/4116/2816 2820/3033/2820

usemtl material_1034
f 2820/3033/2820 2816/4116/2816 2818/4098/2818

usemtl material_3858
f 2890/3021/2890 2876/3039/2876 2875/4101/2875

usemtl material_3859
f 2876/3039/2876 2821/4117/2821 2875/4101/2875

usemtl material_3860
f 2875/4101/2875 2821/4117/2821 2866/3032/2866

usemtl material_3861
vt 0.4813867 0.7118267
f 3184/4118/3184 3196/4102/3196 3185/4103/3185

usemtl material_3862
f 3185/4103/3185 3193/4104/3193 3182/4106/3182

usemtl material_3204
vt 0.4670320 0.6980256
f 3184/4118/3184 3185/4103/3185 2823/4119/2823

usemtl material_3863
f 3185/4103/3185 3182/4106/3182 2823/4119/2823

usemtl material_784
f 3186/3024/3186 3196/4102/3196 3155/3034/3155

usemtl material_1159
f 3155/3034/3155 3196/4102/3196 3184/4118/3184

usemtl material_3864
vt 0.4513998 0.6964419
f 2823/4119/2823 3182/4106/3182 2814/4120/2814

usemtl material_456
vt 0.4815538 0.6978406
f 3184/4118/3184 2823/4119/2823 2886/4121/2886

usemtl material_3865
f 2814/4120/2814 3182/4106/3182 2810/3037/2810

usemtl material_3866
f 3155/3034/3155 3184/4118/3184 2886/4121/2886

usemtl material_3867
vt 0.4713983 0.6853321
f 2822/4122/2822 2823/4119/2823 2813/3036/2813

usemtl material_1091
f 2822/4122/2822 2886/4121/2886 2823/4119/2823

usemtl material_3868
f 2813/3036/2813 2823/4119/2823 2814/4120/2814

usemtl material_3865
f 2813/3036/2813 2814/4120/2814 2810/3037/2810

usemtl material_3869
f 2863/3035/2863 3155/3034/3155 2886/4121/2886

usemtl material_3870
f 2886/4121/2886 2822/4122/2822 2863/3035/2863

usemtl material_2086
f 2863/3035/2863 2822/4122/2822 2821/4117/2821

usemtl material_3871
f 2821/4117/2821 2822/4122/2822 2813/3036/2813

usemtl material_3872
f 2876/3039/2876 2863/3035/2863 2821/4117/2821

usemtl material_3873
f 2821/4117/2821 2813/3036/2813 2816/4116/2816
# 7322 faces, 4122 coords texture

# End of File
