####
#
# OBJ File Generated by Meshlab
#
####
# Object smallsanpellegrino.obj
#
# Vertices: 3452
# Faces: 5592
#
####
mtllib ./smallsanpellegrino.obj.mtl

vn -0.0042252 0.0018909 0.9999893
v 0.0066028 -0.0011713 0.1123268 1.000000 1.000000 1.000000
vn 0.0042710 -0.0022505 0.9999884
v -0.0079878 0.0076498 0.1123667 1.000000 1.000000 1.000000
vn 0.0021336 0.0025694 0.9999945
v -0.0034589 -0.0038728 0.1123452 1.000000 1.000000 1.000000
vn -0.2332573 0.3191628 0.9185457
v -0.0107138 0.0136149 0.1124220 1.000000 1.000000 1.000000
vn -0.1371620 0.0811112 0.9872221
v -0.0149532 0.0084933 0.1124122 1.000000 1.000000 1.000000
vn -0.1041591 0.3807506 0.9187926
v -0.0055722 0.0161628 0.1123701 1.000000 1.000000 1.000000
vn 0.0727979 0.3189765 0.9449627
v 0.0019814 0.0164587 0.1123713 1.000000 1.000000 1.000000
vn 0.2281291 0.2811562 0.9321525
v 0.0095006 0.0131787 0.1123934 1.000000 1.000000 1.000000
vn 0.2407152 0.1397839 0.9604774
v 0.0128882 0.0091572 0.1123924 1.000000 1.000000 1.000000
vn -0.0163151 0.0032226 0.9998617
v 0.0123390 -0.0021155 0.1123888 1.000000 1.000000 1.000000
vn 0.3068412 0.1640974 0.9375076
v 0.0144355 0.0065748 0.1124212 1.000000 1.000000 1.000000
vn 0.3169100 -0.1495116 0.9365972
v 0.0142078 -0.0071454 0.1124456 1.000000 1.000000 1.000000
vn 0.3660542 -0.2473739 0.8971123
v 0.0127653 -0.0098554 0.1124460 1.000000 1.000000 1.000000
vn 0.1025000 -0.3632749 0.9260265
v 0.0038928 -0.0160797 0.1124268 1.000000 1.000000 1.000000
vn -0.0975629 -0.3405398 0.9351546
v -0.0054493 -0.0159482 0.1124108 1.000000 1.000000 1.000000
vn -0.1313416 -0.0747089 0.9885181
v -0.0148917 -0.0084223 0.1124024 1.000000 1.000000 1.000000
vn -0.2390428 -0.3210382 0.9164023
v -0.0108345 -0.0134205 0.1124017 1.000000 1.000000 1.000000
vn -0.2924783 -0.0439028 0.9552639
v -0.0174099 -0.0018284 0.1124023 1.000000 1.000000 1.000000
vn 0.1199592 -0.0188687 0.9925995
v 0.0155992 -0.0034508 0.1124062 1.000000 1.000000 1.000000
vn 0.1814689 -0.3241192 0.9284480
v 0.0071388 -0.0146863 0.1124537 1.000000 1.000000 1.000000
vn -0.0156103 -0.3494610 0.9368209
v -0.0011987 -0.0166702 0.1123733 1.000000 1.000000 1.000000
vn -0.4247450 0.1170778 0.8977107
v -0.0169735 0.0057469 0.1122941 1.000000 1.000000 1.000000
vn 0.1978724 0.0336678 0.9796494
v 0.0158539 0.0034637 0.1122818 1.000000 1.000000 1.000000
vn 0.2280844 0.4608412 0.8576729
v 0.0061356 0.0155001 0.1122807 1.000000 1.000000 1.000000
vn -0.4227709 -0.3563316 0.8332422
v -0.0138548 -0.0111166 0.1122675 1.000000 1.000000 1.000000
vn -0.4941357 -0.1730133 0.8519955
v -0.0169920 -0.0057094 0.1122475 1.000000 1.000000 1.000000
vn -0.4049344 0.3272552 0.8537753
v -0.0142938 0.0106221 0.1122401 1.000000 1.000000 1.000000
vn -0.2262899 -0.4458187 0.8660477
v -0.0084343 -0.0150568 0.1123056 1.000000 1.000000 1.000000
vn 0.2080847 -0.2670242 0.9409564
v 0.0095250 -0.0136047 0.1122875 1.000000 1.000000 1.000000
vn -0.3822891 0.0281374 0.9236143
v -0.0182523 0.0004350 0.1120893 1.000000 1.000000 1.000000
vn -0.0044709 0.5213230 0.8533477
v 0.0002525 0.0173861 0.1120080 1.000000 1.000000 1.000000
vn 0.3543794 0.2730190 0.8943578
v 0.0128330 0.0104259 0.1120517 1.000000 1.000000 1.000000
vn 0.0450575 -0.4461037 0.8938464
v 0.0013007 -0.0172384 0.1120230 1.000000 1.000000 1.000000
vn 0.4087275 0.0013652 0.9126554
v 0.0166873 -0.0002162 0.1119141 1.000000 1.000000 1.000000
vn -0.0544438 0.5602033 0.8265641
v -0.0030166 0.0172530 0.1119347 1.000000 1.000000 1.000000
vn -0.0828975 -0.5208018 0.8496432
v -0.0030316 -0.0171796 0.1119323 1.000000 1.000000 1.000000
vn -0.2529127 0.4959007 0.8307332
v -0.0092631 0.0152808 0.1119076 1.000000 1.000000 1.000000
vn 0.5623134 0.2658777 0.7830151
v 0.0153106 0.0065699 0.1117820 1.000000 1.000000 1.000000
vn 0.2851613 -0.5631551 0.7755897
v 0.0062535 -0.0160312 0.1118380 1.000000 1.000000 1.000000
vn -0.5805362 0.2506269 0.7747024
v -0.0172180 0.0065403 0.1118687 1.000000 1.000000 1.000000
vn 0.1862963 0.5899711 0.7856386
v 0.0048785 0.0166066 0.1117479 1.000000 1.000000 1.000000
vn 0.5943164 -0.2598886 0.7610821
v 0.0152572 -0.0069411 0.1117188 1.000000 1.000000 1.000000
vn -0.6356897 -0.1232235 0.7620463
v -0.0181855 -0.0035515 0.1116008 1.000000 1.000000 1.000000
vn -0.4530011 0.4862218 0.7472472
v -0.0134335 0.0124834 0.1115958 1.000000 1.000000 1.000000
vn -0.2156688 -0.6201264 0.7542747
v -0.0068728 -0.0165335 0.1115735 1.000000 1.000000 1.000000
vn -0.6008219 -0.3204792 0.7323293
v -0.0169593 -0.0074005 0.1115669 1.000000 1.000000 1.000000
vn 0.4050371 0.5269048 0.7472057
v 0.0099447 0.0137998 0.1117487 1.000000 1.000000 1.000000
vn -0.2280902 0.6217846 0.7492388
v -0.0071594 0.0165404 0.1115735 1.000000 1.000000 1.000000
vn -0.5751861 0.3686936 0.7302233
v -0.0154989 0.0099271 0.1116418 1.000000 1.000000 1.000000
vn 0.5411272 -0.4573655 0.7056899
v 0.0125235 -0.0114049 0.1116271 1.000000 1.000000 1.000000
vn -0.4416530 0.5519060 0.7073488
v -0.0127664 0.0132449 0.1114290 1.000000 1.000000 1.000000
vn -0.4112174 -0.5844267 0.6995324
v -0.0110379 -0.0144736 0.1114195 1.000000 1.000000 1.000000
vn -0.3303036 -0.6393141 0.6943897
v -0.0086556 -0.0158346 0.1114843 1.000000 1.000000 1.000000
vn 0.3960252 -0.6163433 0.6806504
v 0.0074067 -0.0157172 0.1113644 1.000000 1.000000 1.000000
vn -0.5245839 -0.5661535 0.6358318
v -0.0134380 -0.0125495 0.1113355 1.000000 1.000000 1.000000
vn -0.6452370 -0.4347185 0.6282430
v -0.0156020 -0.0099092 0.1113085 1.000000 1.000000 1.000000
vn -0.7810875 0.1541907 0.6050847
v -0.0182878 0.0037691 0.1111939 1.000000 1.000000 1.000000
vn 0.3922781 0.6999353 0.5968320
v 0.0076370 0.0154796 0.1113179 1.000000 1.000000 1.000000
vn -0.0461098 0.9241803 0.3791631
v -0.0009744 0.0177978 0.1108553 1.000000 1.000000 1.000000
vn 0.2658212 0.9639785 0.0092040
v 0.0093247 0.0314229 -0.0198894 1.000000 1.000000 1.000000
vn 0.3337434 0.9426588 0.0031110
v 0.0117303 0.0306901 -0.0205862 1.000000 1.000000 1.000000
vn 0.2984156 0.9543992 -0.0083848
v 0.0107304 0.0309990 -0.0309079 1.000000 1.000000 1.000000
vn 0.2058867 0.9785499 -0.0071307
v 0.0075415 0.0318509 -0.0284415 1.000000 1.000000 1.000000
vn 0.2075890 0.9782118 -0.0029163
v 0.0072976 0.0318084 -0.0375454 1.000000 1.000000 1.000000
vn 0.2994887 0.9540954 -0.0029178
v 0.0112238 0.0307359 -0.0378118 1.000000 1.000000 1.000000
vn 0.1861702 0.9825056 0.0048485
v 0.0066898 0.0320423 -0.0193706 1.000000 1.000000 1.000000
vn 0.2150763 0.9765553 -0.0090514
v 0.0077483 0.0317787 -0.0147377 1.000000 1.000000 1.000000
vn 0.2976404 0.9536041 -0.0452714
v 0.0103613 0.0311305 -0.0122162 1.000000 1.000000 1.000000
vn 0.1723775 0.9717808 0.1610219
v 0.0064484 0.0321929 -0.0106280 1.000000 1.000000 1.000000
vn 0.2494788 0.9683803 0.0003400
v 0.0089391 0.0315135 -0.0534673 1.000000 1.000000 1.000000
vn 0.3189970 0.9477535 0.0020246
v 0.0111422 0.0308651 -0.0526652 1.000000 1.000000 1.000000
vn 0.2986176 0.9542865 0.0128344
v 0.0107300 0.0309328 -0.0656344 1.000000 1.000000 1.000000
vn 0.2093743 0.9778128 0.0066756
v 0.0073196 0.0318597 -0.0653029 1.000000 1.000000 1.000000
vn 0.1851521 0.9827059 0.0028048
v 0.0069631 0.0319464 -0.0513999 1.000000 1.000000 1.000000
vn 0.1902993 0.9773484 0.0926081
v 0.0066064 0.0321028 -0.0692938 1.000000 1.000000 1.000000
vn 0.3431658 0.9357591 0.0811926
v 0.0120647 0.0306202 -0.0693796 1.000000 1.000000 1.000000
vn 0.3774373 0.9260226 -0.0048273
v 0.0137367 0.0298588 -0.0358768 1.000000 1.000000 1.000000
vn 0.4030305 0.9151737 0.0048521
v 0.0136938 0.0297954 -0.0634841 1.000000 1.000000 1.000000
vn 0.3867402 0.9221717 -0.0056009
v 0.0134815 0.0299821 -0.0546898 1.000000 1.000000 1.000000
vn 0.4149728 0.9085616 -0.0480979
v 0.0136443 0.0298884 -0.0122667 1.000000 1.000000 1.000000
vn 0.4278050 0.9038710 0.0002522
v 0.0144902 0.0295681 -0.0233959 1.000000 1.000000 1.000000
vn 0.4737366 0.8783724 0.0635252
v 0.0162423 0.0287713 -0.0701194 1.000000 1.000000 1.000000
vn 0.4542209 0.8908890 0.0003873
v 0.0155468 0.0290133 -0.0401242 1.000000 1.000000 1.000000
vn 0.4593004 0.8882685 -0.0047147
v 0.0154293 0.0290602 -0.0549173 1.000000 1.000000 1.000000
vn 0.4016921 0.8981130 0.1789875
v 0.0133623 0.0301918 -0.0107019 1.000000 1.000000 1.000000
vn 0.2539311 0.9489244 0.1872473
v 0.0095263 0.0315636 -0.0103842 1.000000 1.000000 1.000000
vn 0.4948191 0.8688533 0.0157542
v 0.0170691 0.0280882 -0.0650044 1.000000 1.000000 1.000000
vn 0.5118349 0.8590335 0.0093010
v 0.0170320 0.0281921 -0.0188100 1.000000 1.000000 1.000000
vn 0.5330659 0.8460733 0.0009289
v 0.0180063 0.0276344 -0.0323011 1.000000 1.000000 1.000000
vn 0.5314179 0.8471097 -0.0004642
v 0.0178442 0.0277470 -0.0419238 1.000000 1.000000 1.000000
vn 0.5205836 0.8532151 -0.0318861
v 0.0174157 0.0278245 -0.0128175 1.000000 1.000000 1.000000
vn 0.4846896 0.8286175 0.2801234
v 0.0170556 0.0283021 -0.0104909 1.000000 1.000000 1.000000
vn 0.3979435 0.9128451 0.0914050
v 0.0128778 0.0305617 -0.0712169 1.000000 1.000000 1.000000
vn 0.2642713 0.9608935 0.0827312
v 0.0094638 0.0317607 -0.0713676 1.000000 1.000000 1.000000
vn 0.3431341 0.9145378 0.2141953
v 0.0126352 0.0307383 -0.0724494 1.000000 1.000000 1.000000
vn 0.2530576 0.9673682 -0.0126732
v 0.0093264 0.0317800 -0.0726377 1.000000 1.000000 1.000000
vn 0.4392884 0.8657476 0.2398059
v 0.0155935 0.0293709 -0.0723016 1.000000 1.000000 1.000000
vn 0.1882976 0.9656915 0.1788406
v 0.0071822 0.0322476 -0.0727665 1.000000 1.000000 1.000000
vn 0.1285067 0.9907864 0.0427600
v 0.0053465 0.0326494 -0.0712351 1.000000 1.000000 1.000000
vn 0.5427321 0.8396489 0.0207779
v 0.0186145 0.0271408 -0.0652443 1.000000 1.000000 1.000000
vn 0.5569478 0.8299605 0.0312231
v 0.0190272 0.0271554 -0.0706677 1.000000 1.000000 1.000000
vn 0.5153028 0.8303145 0.2122284
v 0.0180432 0.0278423 -0.0719733 1.000000 1.000000 1.000000
vn 0.5895981 0.8067895 -0.0382712
v 0.0204187 0.0258375 -0.0122291 1.000000 1.000000 1.000000
vn 0.5975074 0.8018457 0.0053253
v 0.0206751 0.0257379 -0.0192019 1.000000 1.000000 1.000000
vn 0.5508072 0.7768431 0.3051659
v 0.0192662 0.0267977 -0.0104471 1.000000 1.000000 1.000000
vn 0.5960789 0.8027920 0.0146673
v 0.0200894 0.0261136 -0.0646504 1.000000 1.000000 1.000000
vn 0.6046814 0.7964628 -0.0027500
v 0.0207046 0.0257063 -0.0536646 1.000000 1.000000 1.000000
vn 0.5991686 0.8006229 0.0003596
v 0.0203850 0.0259437 -0.0387532 1.000000 1.000000 1.000000
vn 0.6051162 0.7727982 0.1913566
v 0.0212890 0.0255363 -0.0720066 1.000000 1.000000 1.000000
vn 0.6310568 0.7757294 -0.0033715
v 0.0216626 0.0253521 -0.0711645 1.000000 1.000000 1.000000
vn 0.6436718 0.7652799 -0.0057757
v 0.0221850 0.0246423 -0.0111731 1.000000 1.000000 1.000000
vn 0.6559595 0.7525251 0.0585078
v 0.0222310 0.0246336 -0.0693384 1.000000 1.000000 1.000000
vn 0.6627392 0.7488502 -0.0003367
v 0.0221845 0.0245343 -0.0444893 1.000000 1.000000 1.000000
vn 0.6560604 0.7546775 0.0068353
v 0.0222071 0.0244791 -0.0175482 1.000000 1.000000 1.000000
vn 0.6643436 0.7474266 -0.0010672
v 0.0221116 0.0245689 -0.0300160 1.000000 1.000000 1.000000
vn 0.6500632 0.7596181 0.0199542
v 0.0220172 0.0245791 -0.0649857 1.000000 1.000000 1.000000
vn 0.5909324 0.6964555 0.4071224
v 0.0219960 0.0246713 -0.0104058 1.000000 1.000000 1.000000
vn 0.6875385 0.7252936 -0.0352118
v 0.0232144 0.0235112 -0.0126572 1.000000 1.000000 1.000000
vn 0.7032329 0.7107849 0.0157600
v 0.0239948 0.0227645 -0.0647610 1.000000 1.000000 1.000000
vn 0.7028458 0.7113389 0.0021634
v 0.0239037 0.0228953 -0.0197217 1.000000 1.000000 1.000000
vn 0.7046913 0.7095082 -0.0028927
v 0.0253539 0.0213694 -0.0287941 1.000000 1.000000 1.000000
vn 0.7106910 0.7035042 0.0003824
v 0.0254950 0.0212082 -0.0502671 1.000000 1.000000 1.000000
vn 0.7033263 0.7108669 -0.0004770
v 0.0253724 0.0213819 -0.0420572 1.000000 1.000000 1.000000
vn 0.6968152 0.7165068 0.0326614
v 0.0254255 0.0217207 -0.0709226 1.000000 1.000000 1.000000
vn 0.6977701 0.6733947 0.2442468
v 0.0243493 0.0225621 -0.0106666 1.000000 1.000000 1.000000
vn 0.7045093 0.7075428 0.0552259
v 0.0254272 0.0214687 -0.0690304 1.000000 1.000000 1.000000
vn 0.6946682 0.7103847 0.1130916
v 0.0248641 0.0221648 -0.0719363 1.000000 1.000000 1.000000
vn 0.6734563 0.7186974 0.1730047
v 0.0231417 0.0238342 -0.0718806 1.000000 1.000000 1.000000
vn 0.7193883 0.6945741 0.0068825
v 0.0258137 0.0209094 -0.0189454 1.000000 1.000000 1.000000
vn 0.7329010 0.6797005 -0.0293843
v 0.0256935 0.0209178 -0.0124423 1.000000 1.000000 1.000000
vn 0.7298049 0.6835359 0.0127879
v 0.0258935 0.0207263 -0.0641757 1.000000 1.000000 1.000000
vn 0.7400119 0.6631111 0.1125435
v 0.0263224 0.0203309 -0.0104946 1.000000 1.000000 1.000000
vn 0.1221204 0.9923955 -0.0154232
v 0.0041141 0.0323802 -0.0148732 1.000000 1.000000 1.000000
vn 0.1098611 0.9939343 0.0050212
v 0.0034297 0.0326254 -0.0112259 1.000000 1.000000 1.000000
vn 0.1120494 0.9937009 -0.0018521
v 0.0036594 0.0325101 -0.0232951 1.000000 1.000000 1.000000
vn 0.1156875 0.9932855 -0.0006769
v 0.0035720 0.0323924 -0.0378978 1.000000 1.000000 1.000000
vn 0.1093861 0.9939991 -0.0007170
v 0.0040320 0.0324061 -0.0580434 1.000000 1.000000 1.000000
vn 0.1088177 0.9940600 0.0018214
v 0.0038700 0.0324185 -0.0491187 1.000000 1.000000 1.000000
vn 0.1076446 0.9940971 0.0135519
v 0.0035078 0.0324436 -0.0659160 1.000000 1.000000 1.000000
vn 0.0608223 0.9641676 0.2582276
v 0.0020938 0.0327175 -0.0102664 1.000000 1.000000 1.000000
vn 0.0376377 0.9959248 0.0819591
v 0.0009936 0.0327643 -0.0695878 1.000000 1.000000 1.000000
vn 0.5121982 0.8399871 0.1790942
v 0.0190381 0.0291519 -0.0761498 1.000000 1.000000 1.000000
vn 0.3871602 0.9079031 0.1606830
v 0.0147218 0.0314542 -0.0762412 1.000000 1.000000 1.000000
vn 0.4702310 0.8824812 -0.0104759
v 0.0171890 0.0302303 -0.0782602 1.000000 1.000000 1.000000
vn 0.4376590 0.8978783 -0.0476357
v 0.0165342 0.0302019 -0.0871975 1.000000 1.000000 1.000000
vn 0.5492986 0.8347617 -0.0379999
v 0.0199276 0.0285079 -0.0812929 1.000000 1.000000 1.000000
vn 0.5520350 0.8304011 -0.0754423
v 0.0187475 0.0286530 -0.0908243 1.000000 1.000000 1.000000
vn 0.4553378 0.8848855 -0.0982102
v 0.0155578 0.0299605 -0.0970305 1.000000 1.000000 1.000000
vn 0.3595956 0.9306201 -0.0680976
v 0.0137439 0.0309606 -0.0947736 1.000000 1.000000 1.000000
vn 0.2975821 0.9532070 -0.0533054
v 0.0127584 0.0318398 -0.0821281 1.000000 1.000000 1.000000
vn 0.2877053 0.9444603 0.1588098
v 0.0118860 0.0324583 -0.0762344 1.000000 1.000000 1.000000
vn 0.6216471 0.7831116 -0.0170606
v 0.0224195 0.0268294 -0.0786722 1.000000 1.000000 1.000000
vn 0.6089106 0.7722592 0.1812283
v 0.0224084 0.0268099 -0.0760258 1.000000 1.000000 1.000000
vn 0.4045004 0.8983531 -0.1712927
v 0.0137322 0.0299518 -0.1034895 1.000000 1.000000 1.000000
vn 0.3070138 0.9426013 -0.1313215
v 0.0119272 0.0308843 -0.1018155 1.000000 1.000000 1.000000
vn 0.5435076 0.8260145 -0.1493303
v 0.0167862 0.0287322 -0.1009098 1.000000 1.000000 1.000000
vn 0.5861090 0.8021644 -0.1140553
v 0.0188098 0.0279934 -0.0964681 1.000000 1.000000 1.000000
vn 0.2663801 0.9616670 -0.0651024
v 0.0112248 0.0317548 -0.0952186 1.000000 1.000000 1.000000
vn 0.6383147 0.7663182 -0.0728753
v 0.0221214 0.0265902 -0.0858536 1.000000 1.000000 1.000000
vn 0.6614317 0.7411749 -0.1147512
v 0.0207927 0.0267302 -0.0939583 1.000000 1.000000 1.000000
vn 0.2420651 0.9700488 0.0202431
v 0.0095832 0.0331002 -0.0767809 1.000000 1.000000 1.000000
vn 0.5391470 0.8063684 -0.2430855
v 0.0159945 0.0281875 -0.1058996 1.000000 1.000000 1.000000
vn 0.2036999 0.9775102 -0.0545909
v 0.0076881 0.0329774 -0.0842522 1.000000 1.000000 1.000000
vn 0.3214843 0.9138710 -0.2479670
v 0.0123022 0.0299444 -0.1060915 1.000000 1.000000 1.000000
vn 0.1836119 0.9704770 -0.1564007
v 0.0097069 0.0314154 -0.1022769 1.000000 1.000000 1.000000
vn 0.1731161 0.9812723 -0.0844725
v 0.0087970 0.0322489 -0.0962520 1.000000 1.000000 1.000000
vn 0.1630530 0.9745260 0.1539893
v 0.0064797 0.0338002 -0.0763104 1.000000 1.000000 1.000000
vn 0.6747890 0.7234758 0.1457487
v 0.0251911 0.0243465 -0.0761059 1.000000 1.000000 1.000000
vn 0.7109264 0.7011225 -0.0548727
v 0.0248957 0.0244988 -0.0810139 1.000000 1.000000 1.000000
vn 0.6692922 0.7215365 -0.1772938
v 0.0196341 0.0265154 -0.1006543 1.000000 1.000000 1.000000
vn 0.4512387 0.7796938 -0.4341214
v 0.0145171 0.0280196 -0.1088786 1.000000 1.000000 1.000000
vn 0.1356732 0.9886000 -0.0652904
v 0.0058958 0.0333025 -0.0840722 1.000000 1.000000 1.000000
vn 0.3062403 0.8482698 -0.4320363
v 0.0124991 0.0289886 -0.1087771 1.000000 1.000000 1.000000
vn 0.6982813 0.7088387 -0.0997545
v 0.0238672 0.0245045 -0.0893513 1.000000 1.000000 1.000000
vn 0.1376870 0.9548905 -0.2631092
v 0.0095940 0.0306702 -0.1058393 1.000000 1.000000 1.000000
vn 0.6538545 0.7142089 -0.2497597
v 0.0185646 0.0261982 -0.1053000 1.000000 1.000000 1.000000
vn 0.0296877 0.9936720 -0.1083270
v 0.0064219 0.0325670 -0.0959044 1.000000 1.000000 1.000000
vn 0.5556523 0.7338794 0.3907322
v 0.0213816 0.0264862 -0.0736360 1.000000 1.000000 1.000000
vn 0.0503725 0.9954391 -0.0810162
v 0.0032515 0.0336737 -0.0828937 1.000000 1.000000 1.000000
vn 0.0703336 0.9854544 0.1547022
v 0.0028195 0.0342158 -0.0762927 1.000000 1.000000 1.000000
vn -0.0259221 0.9944675 -0.1017964
v 0.0036631 0.0330879 -0.0906840 1.000000 1.000000 1.000000
vn -0.0680665 0.9756607 -0.2084538
v 0.0070357 0.0316683 -0.1025069 1.000000 1.000000 1.000000
vn 0.0828375 0.9858900 0.1454614
v 0.0039578 0.0326205 -0.0726767 1.000000 1.000000 1.000000
vn 0.0074525 0.9999678 -0.0029743
v 0.0001075 0.0326602 -0.0364549 1.000000 1.000000 1.000000
vn 0.0052419 0.9999787 0.0039028
v -0.0000495 0.0327659 -0.0215481 1.000000 1.000000 1.000000
vn 0.0048690 0.9999573 -0.0078522
v 0.0000654 0.0326855 -0.0152761 1.000000 1.000000 1.000000
vn -0.0160976 0.9994238 0.0298833
v -0.0001576 0.0328097 -0.0112748 1.000000 1.000000 1.000000
vn 0.0009372 0.9999686 0.0078707
v -0.0001451 0.0326610 -0.0647961 1.000000 1.000000 1.000000
vn 0.0026289 0.9999965 0.0000782
v -0.0002905 0.0326833 -0.0469702 1.000000 1.000000 1.000000
vn 0.0049856 0.9999875 -0.0005096
v -0.0002796 0.0326553 -0.0548260 1.000000 1.000000 1.000000
vn 0.1059460 0.8738862 -0.4744454
v 0.0101557 0.0296415 -0.1087523 1.000000 1.000000 1.000000
vn -0.0027905 0.9996504 -0.0262943
v -0.0003293 0.0330239 -0.0712293 1.000000 1.000000 1.000000
vn 0.3535358 0.9333068 0.0628566
v 0.0110387 0.0303503 -0.0090456 1.000000 1.000000 1.000000
vn -0.0222270 0.9892282 0.1446846
v -0.0005812 0.0343265 -0.0763111 1.000000 1.000000 1.000000
vn 0.5976781 0.6827585 -0.4202640
v 0.0165381 0.0265805 -0.1087861 1.000000 1.000000 1.000000
vn 0.7077959 0.6884457 -0.1583273
v 0.0216713 0.0247249 -0.0993688 1.000000 1.000000 1.000000
vn 0.7492376 0.6600983 -0.0539752
v 0.0266655 0.0225502 -0.0802781 1.000000 1.000000 1.000000
vn -0.1149501 0.9837207 -0.1381308
v -0.0002328 0.0334252 -0.0849791 1.000000 1.000000 1.000000
vn 0.1697639 0.9575678 0.2329038
v 0.0062721 0.0317429 -0.0094763 1.000000 1.000000 1.000000
vn -0.0727468 0.9623075 0.2620537
v -0.0033894 0.0326138 -0.0102601 1.000000 1.000000 1.000000
vn 0.7457864 0.6599898 -0.0906426
v 0.0257427 0.0226700 -0.0873610 1.000000 1.000000 1.000000
vn -0.0943318 0.9955325 -0.0040740
v -0.0039414 0.0324825 -0.0601170 1.000000 1.000000 1.000000
vn -0.0968755 0.9952955 0.0014105
v -0.0038785 0.0324841 -0.0486005 1.000000 1.000000 1.000000
vn -0.0940561 0.9955665 0.0008601
v -0.0037158 0.0324246 -0.0373842 1.000000 1.000000 1.000000
vn -0.0915955 0.9957606 0.0084247
v -0.0034954 0.0324777 -0.0653719 1.000000 1.000000 1.000000
vn -0.1000160 0.9949849 0.0013845
v -0.0032942 0.0325707 -0.0221204 1.000000 1.000000 1.000000
vn -0.0959968 0.9897837 0.1054178
v -0.0038062 0.0325901 -0.0697250 1.000000 1.000000 1.000000
vn -0.1016436 0.9943079 -0.0319430
v -0.0040076 0.0324303 -0.0129503 1.000000 1.000000 1.000000
vn -0.1594690 0.9771795 0.1403208
v -0.0060177 0.0323826 -0.0107164 1.000000 1.000000 1.000000
vn -0.1414275 0.9328310 -0.3313980
v 0.0072109 0.0306790 -0.1061541 1.000000 1.000000 1.000000
vn -0.1058643 0.9943805 -0.0004447
v -0.0040730 0.0328403 -0.0712567 1.000000 1.000000 1.000000
vn -0.0663079 0.9874330 -0.1434550
v -0.0025119 0.0327969 -0.0721853 1.000000 1.000000 1.000000
vn 0.0282395 0.9276986 0.3722606
v 0.0006837 0.0329547 -0.0730227 1.000000 1.000000 1.000000
vn -0.1029880 0.9849069 0.1391108
v -0.0041515 0.0340798 -0.0762590 1.000000 1.000000 1.000000
vn -0.1743052 0.9692530 -0.1736847
v 0.0039035 0.0323693 -0.0958640 1.000000 1.000000 1.000000
vn -0.2033213 0.9635557 -0.1738416
v 0.0002033 0.0329886 -0.0882365 1.000000 1.000000 1.000000
vn -0.0927244 0.9888209 0.1167710
v -0.0030906 0.0326663 -0.0726559 1.000000 1.000000 1.000000
vn -0.1827169 0.9831651 0.0008975
v -0.0071794 0.0319857 -0.0372132 1.000000 1.000000 1.000000
vn -0.1864175 0.9824678 -0.0023411
v -0.0070951 0.0320378 -0.0275805 1.000000 1.000000 1.000000
vn -0.1387340 0.9793108 -0.1473205
v -0.0031452 0.0335771 -0.0811698 1.000000 1.000000 1.000000
vn -0.1829221 0.9730553 0.1403670
v -0.0073772 0.0321888 -0.0727073 1.000000 1.000000 1.000000
vn -0.1945724 0.9808847 -0.0026217
v -0.0072457 0.0320307 -0.0587162 1.000000 1.000000 1.000000
vn -0.1835145 0.9830158 -0.0015082
v -0.0071073 0.0319871 -0.0646771 1.000000 1.000000 1.000000
vn -0.1843799 0.9790413 0.0864997
v -0.0069981 0.0320989 -0.0694468 1.000000 1.000000 1.000000
vn -0.1971491 0.9798791 -0.0311306
v -0.0073427 0.0319359 -0.0131528 1.000000 1.000000 1.000000
vn -0.1682764 0.9771640 0.1297449
v -0.0067769 0.0337362 -0.0762581 1.000000 1.000000 1.000000
vn -0.1881424 0.9708135 -0.1487400
v -0.0072172 0.0333342 -0.0787844 1.000000 1.000000 1.000000
vn -0.2254665 0.9738469 0.0280581
v -0.0081982 0.0321663 -0.0712856 1.000000 1.000000 1.000000
vn 0.2394976 0.9637338 0.1177205
v 0.0089248 0.0310005 -0.0091224 1.000000 1.000000 1.000000
vn 0.1700636 0.9739171 -0.1502129
v 0.0061044 0.0317479 -0.0085778 1.000000 1.000000 1.000000
vn 0.0549245 0.9924830 0.1093656
v 0.0016235 0.0321674 -0.0092336 1.000000 1.000000 1.000000
vn 0.3242918 0.9332246 -0.1546823
v 0.0114604 0.0317768 -0.0042128 1.000000 1.000000 1.000000
vn 0.4369284 0.8765885 -0.2017083
v 0.0139587 0.0292165 -0.0087225 1.000000 1.000000 1.000000
vn 0.4588077 0.8740014 -0.1600537
v 0.0153996 0.0300571 -0.0042540 1.000000 1.000000 1.000000
vn 0.4007648 0.8726484 0.2790565
v 0.0130053 0.0296192 -0.0094902 1.000000 1.000000 1.000000
vn 0.4524538 0.8917263 0.0104852
v 0.0149325 0.0303658 -0.0006993 1.000000 1.000000 1.000000
vn 0.3255475 0.9451641 0.0261459
v 0.0112909 0.0319070 0.0004327 1.000000 1.000000 1.000000
vn 0.2253657 0.9739195 0.0262929
v 0.0076856 0.0328876 0.0004044 1.000000 1.000000 1.000000
vn 0.2320124 0.9581695 -0.1675755
v 0.0080814 0.0326775 -0.0042850 1.000000 1.000000 1.000000
vn 0.3050027 0.9463528 0.1067235
v 0.0105035 0.0315769 0.0083075 1.000000 1.000000 1.000000
vn 0.2200498 0.9696954 0.1061547
v 0.0074940 0.0323394 0.0083407 1.000000 1.000000 1.000000
vn 0.4369766 0.8965037 0.0730239
v 0.0143615 0.0303936 0.0042332 1.000000 1.000000 1.000000
vn 0.1379047 0.9904423 0.0025196
v 0.0047086 0.0334926 -0.0009482 1.000000 1.000000 1.000000
vn 0.4159404 0.9004886 0.1269401
v 0.0132395 0.0303531 0.0094616 1.000000 1.000000 1.000000
vn 0.1352601 0.9876063 0.0796145
v 0.0045412 0.0331210 0.0060933 1.000000 1.000000 1.000000
vn 0.1252077 0.9742784 -0.1873625
v 0.0044362 0.0333782 -0.0044435 1.000000 1.000000 1.000000
vn 0.3528062 0.9191024 0.1754385
v 0.0113827 0.0304608 0.0134232 1.000000 1.000000 1.000000
vn 0.2610088 0.9483788 0.1801447
v 0.0086920 0.0311384 0.0143894 1.000000 1.000000 1.000000
vn 0.1488148 0.9782367 0.1445928
v 0.0044594 0.0324568 0.0123298 1.000000 1.000000 1.000000
vn 0.1497801 0.9695787 0.1936053
v 0.0040814 0.0317119 0.0168369 1.000000 1.000000 1.000000
vn 0.3500290 0.9085561 0.2280473
v 0.0108220 0.0294491 0.0189363 1.000000 1.000000 1.000000
vn 0.4536616 0.8690804 0.1972066
v 0.0145667 0.0285899 0.0154693 1.000000 1.000000 1.000000
vn 0.2578635 0.9399715 0.2235173
v 0.0073205 0.0299541 0.0213807 1.000000 1.000000 1.000000
vn 0.5371075 0.8374713 0.1007844
v 0.0177222 0.0281345 0.0077902 1.000000 1.000000 1.000000
vn 0.5535723 0.8319005 0.0387222
v 0.0183134 0.0283311 0.0009891 1.000000 1.000000 1.000000
vn 0.0126892 0.9997332 0.0193028
v -0.0003915 0.0338790 -0.0001605 1.000000 1.000000 1.000000
vn 0.5429243 0.8260578 0.1512006
v 0.0176229 0.0276502 0.0115794 1.000000 1.000000 1.000000
vn 0.0104986 0.9852432 -0.1708383
v -0.0001502 0.0337555 -0.0043227 1.000000 1.000000 1.000000
vn 0.1666986 0.9560867 0.2410598
v 0.0040509 0.0297131 0.0256637 1.000000 1.000000 1.000000
vn 0.4746645 0.8795103 0.0339887
v 0.0151182 0.0284700 -0.0094529 1.000000 1.000000 1.000000
vn 0.4963145 0.8541265 -0.1553704
v 0.0170383 0.0275127 -0.0089505 1.000000 1.000000 1.000000
vn 0.5117648 0.7849453 0.3492244
v 0.0175893 0.0271803 -0.0096326 1.000000 1.000000 1.000000
vn 0.5485734 0.8242071 -0.1405347
v 0.0185324 0.0281844 -0.0041998 1.000000 1.000000 1.000000
vn 0.3494525 0.9044348 0.2447053
v 0.0091634 0.0286695 0.0240196 1.000000 1.000000 1.000000
vn 0.2971715 0.9189443 0.2592885
v 0.0074912 0.0287126 0.0262001 1.000000 1.000000 1.000000
vn 0.0232610 0.9958619 0.0878526
v -0.0000803 0.0333573 0.0075661 1.000000 1.000000 1.000000
vn 0.0144854 0.9897577 0.1420207
v -0.0001030 0.0328819 0.0120045 1.000000 1.000000 1.000000
vn 0.4482974 0.8588790 0.2477023
v 0.0139869 0.0276037 0.0203990 1.000000 1.000000 1.000000
vn 0.4038383 0.8720045 0.2766275
v 0.0111665 0.0267804 0.0277005 1.000000 1.000000 1.000000
vn 0.2813608 0.9150925 0.2888632
v 0.0063725 0.0278039 0.0303601 1.000000 1.000000 1.000000
vn 0.1689895 0.9484434 0.2681374
v 0.0035734 0.0290288 0.0285475 1.000000 1.000000 1.000000
vn 0.0060379 0.9818566 0.1895287
v -0.0000739 0.0319864 0.0171388 1.000000 1.000000 1.000000
vn 0.0215948 0.9748932 0.2216234
v -0.0000043 0.0306930 0.0232742 1.000000 1.000000 1.000000
vn 0.0299434 0.9647865 0.2613242
v 0.0000666 0.0293163 0.0290121 1.000000 1.000000 1.000000
vn 0.3978963 0.8673452 0.2989832
v 0.0101825 0.0249187 0.0345982 1.000000 1.000000 1.000000
vn 0.3017529 0.9031556 0.3053773
v 0.0067313 0.0257660 0.0362611 1.000000 1.000000 1.000000
vn 0.1830986 0.9335181 0.3082516
v 0.0036539 0.0261291 0.0375097 1.000000 1.000000 1.000000
vn 0.2789543 0.9086506 0.3107067
v 0.0051925 0.0238656 0.0430536 1.000000 1.000000 1.000000
vn 0.1736546 0.9360768 0.3059483
v 0.0028815 0.0239853 0.0445356 1.000000 1.000000 1.000000
vn 0.2291175 0.9263823 0.2988662
v 0.0040664 0.0214867 0.0512865 1.000000 1.000000 1.000000
vn 0.3517783 0.8847117 0.3058385
v 0.0071364 0.0226280 0.0446060 1.000000 1.000000 1.000000
vn 0.3492900 0.8965116 0.2725134
v 0.0066661 0.0196078 0.0544706 1.000000 1.000000 1.000000
vn 0.2018724 0.9429622 0.2647072
v 0.0030753 0.0203272 0.0557360 1.000000 1.000000 1.000000
vn 0.2073749 0.9483371 0.2401090
v 0.0031334 0.0188778 0.0613599 1.000000 1.000000 1.000000
vn 0.2893725 0.9240639 0.2497389
v 0.0039692 0.0177931 0.0646794 1.000000 1.000000 1.000000
vn 0.1587654 0.9634883 0.2156011
v 0.0009618 0.0165240 0.0721785 1.000000 1.000000 1.000000
vn 0.2928969 0.9313236 0.2164432
v 0.0036342 0.0159614 0.0720877 1.000000 1.000000 1.000000
vn 0.2872744 0.9434691 0.1653467
v 0.0033060 0.0153766 0.0754487 1.000000 1.000000 1.000000
vn 0.0342190 0.9922087 0.1197954
v -0.0005258 0.0156355 0.0779526 1.000000 1.000000 1.000000
vn 0.2585019 0.9638004 0.0653117
v 0.0027243 0.0148838 0.0806493 1.000000 1.000000 1.000000
vn 0.0248035 0.9966686 0.0776946
v -0.0007396 0.0153187 0.0845115 1.000000 1.000000 1.000000
vn 0.4193003 0.9062604 0.0536606
v 0.0052140 0.0139053 0.0809086 1.000000 1.000000 1.000000
vn 0.2190737 0.9723949 0.0803417
v 0.0023509 0.0149659 0.0844832 1.000000 1.000000 1.000000
vn 0.4405617 0.8954310 0.0640992
v 0.0057575 0.0137039 0.0846317 1.000000 1.000000 1.000000
vn 0.2721416 0.9572306 0.0982275
v 0.0031055 0.0142491 0.0877027 1.000000 1.000000 1.000000
vn 0.4375203 0.8958423 0.0777337
v 0.0055467 0.0132085 0.0887199 1.000000 1.000000 1.000000
vn 0.0357531 0.9990747 0.0239060
v -0.0006305 0.0147384 0.0903950 1.000000 1.000000 1.000000
vn 0.4803167 0.8767763 0.0236482
v 0.0030435 0.0140338 0.0914489 1.000000 1.000000 1.000000
vn 0.5251406 0.8456360 0.0955362
v 0.0070152 0.0123663 0.0931073 1.000000 1.000000 1.000000
vn 0.2601290 0.9645709 0.0439977
v 0.0026278 0.0142557 0.0928506 1.000000 1.000000 1.000000
vn 0.4500557 0.8917990 0.0463085
v 0.0055216 0.0132078 0.0931748 1.000000 1.000000 1.000000
vn 0.3388128 0.9407858 0.0113146
v 0.0035241 0.0138333 0.0941159 1.000000 1.000000 1.000000
vn 0.0638473 0.9886881 -0.1357177
v -0.0003323 0.0147236 0.0945624 1.000000 1.000000 1.000000
vn 0.0246628 0.9994550 0.0219405
v -0.0007486 0.0148176 0.0932871 1.000000 1.000000 1.000000
vn 0.4815775 0.8656535 0.1368475
v 0.0065303 0.0137689 0.0765787 1.000000 1.000000 1.000000
vn 0.4110844 0.8819355 0.2306500
v 0.0058330 0.0155335 0.0701567 1.000000 1.000000 1.000000
vn 0.0061690 0.9768302 0.2139267
v -0.0007578 0.0166973 0.0722377 1.000000 1.000000 1.000000
vn 0.0371380 0.9692887 0.2431054
v -0.0004037 0.0185764 0.0646891 1.000000 1.000000 1.000000
vn 0.0459443 0.9622428 0.2682869
v -0.0000529 0.0207918 0.0556142 1.000000 1.000000 1.000000
vn 0.0474000 0.9520218 0.3023372
v -0.0000379 0.0221035 0.0513323 1.000000 1.000000 1.000000
vn 0.4517601 0.8479647 0.2772521
v 0.0095207 0.0184482 0.0538808 1.000000 1.000000 1.000000
vn 0.0434396 0.9517115 0.3039047
v 0.0001334 0.0279864 0.0333595 1.000000 1.000000 1.000000
vn 0.0316237 0.9505138 0.3090688
v -0.0001707 0.0247444 0.0432876 1.000000 1.000000 1.000000
vn 0.4372970 0.8485098 0.2979975
v 0.0105183 0.0205279 0.0463696 1.000000 1.000000 1.000000
vn 0.5477656 0.8365595 0.0110062
v 0.0075504 0.0126083 0.0822207 1.000000 1.000000 1.000000
vn 0.5623521 0.8214430 0.0948248
v 0.0077271 0.0127063 0.0789564 1.000000 1.000000 1.000000
vn -0.0838664 0.9906591 0.1075223
v -0.0050447 0.0331296 0.0082186 1.000000 1.000000 1.000000
vn 0.5438481 0.8052083 0.2363661
v 0.0178031 0.0258811 0.0185430 1.000000 1.000000 1.000000
vn 0.5040925 0.8184433 0.2757560
v 0.0146133 0.0254955 0.0259169 1.000000 1.000000 1.000000
vn 0.4896618 0.8175871 0.3029566
v 0.0132584 0.0232161 0.0349296 1.000000 1.000000 1.000000
vn 0.5116797 0.8129181 0.2781154
v 0.0142461 0.0243876 0.0299280 1.000000 1.000000 1.000000
vn 0.5976062 0.7980901 0.0769352
v 0.0090034 0.0116368 0.0849078 1.000000 1.000000 1.000000
vn 0.5705331 0.8115582 0.1259574
v 0.0081980 0.0117712 0.0870640 1.000000 1.000000 1.000000
vn 0.5836826 0.8119658 0.0051231
v 0.0074413 0.0119561 0.0905620 1.000000 1.000000 1.000000
vn 0.6395484 0.7423005 0.1999198
v 0.0099795 0.0118853 0.0737998 1.000000 1.000000 1.000000
vn 0.5384147 0.8190842 0.1980169
v 0.0073110 0.0118828 0.0941389 1.000000 1.000000 1.000000
vn 0.5509624 0.8105273 0.1987104
v 0.0075266 0.0136931 0.0738499 1.000000 1.000000 1.000000
vn 0.4837751 0.8426029 0.2366054
v 0.0076550 0.0151287 0.0682257 1.000000 1.000000 1.000000
vn 0.5525809 0.7897831 0.2662649
v 0.0105678 0.0168999 0.0566908 1.000000 1.000000 1.000000
vn 0.5062725 0.8086390 0.2996518
v 0.0125896 0.0210382 0.0416717 1.000000 1.000000 1.000000
vn 0.5431517 0.7856865 0.2961132
v 0.0116650 0.0180859 0.0512601 1.000000 1.000000 1.000000
vn -0.0655215 0.9978351 0.0056638
v -0.0036536 0.0337227 -0.0005102 1.000000 1.000000 1.000000
vn 0.5834657 0.7725206 0.2505590
v 0.0101112 0.0144746 0.0649489 1.000000 1.000000 1.000000
vn 0.6011987 0.7729195 0.2028683
v 0.0190797 0.0254669 0.0167254 1.000000 1.000000 1.000000
vn -0.1467591 0.9855923 0.0840809
v -0.0066398 0.0331065 0.0066646 1.000000 1.000000 1.000000
vn 0.6151407 0.7826267 -0.0953803
v 0.0205605 0.0250377 -0.0090738 1.000000 1.000000 1.000000
vn -0.1363132 0.9763247 0.1679547
v -0.0060297 0.0322743 0.0134412 1.000000 1.000000 1.000000
vn 0.5770509 0.7245368 0.3769068
v 0.0208289 0.0248871 -0.0097280 1.000000 1.000000 1.000000
vn -0.1068128 0.9692893 0.2215161
v -0.0039837 0.0304009 0.0235590 1.000000 1.000000 1.000000
vn -0.1304305 0.9556395 0.2640851
v -0.0040197 0.0204971 0.0560368 1.000000 1.000000 1.000000
vn -0.1535400 0.9564689 0.2481791
v -0.0037629 0.0188416 0.0627960 1.000000 1.000000 1.000000
vn -0.1560484 0.9849361 -0.0744978
v -0.0037821 0.0144421 0.0944386 1.000000 1.000000 1.000000
vn -0.1537255 0.9880856 -0.0074354
v -0.0070269 0.0334448 -0.0008176 1.000000 1.000000 1.000000
vn -0.1266005 0.9529454 0.2754405
v -0.0043205 0.0286507 0.0305497 1.000000 1.000000 1.000000
vn 0.6256434 0.7732418 0.1032837
v 0.0209893 0.0257734 0.0073387 1.000000 1.000000 1.000000
vn 0.4151717 0.8720264 -0.2592344
v 0.0056382 0.0130399 0.0953055 1.000000 1.000000 1.000000
vn 0.2505083 0.9186360 -0.3055384
v 0.0023645 0.0143741 0.0951647 1.000000 1.000000 1.000000
vn -0.1394794 0.9720673 -0.1887612
v -0.0065986 0.0333268 -0.0044361 1.000000 1.000000 1.000000
vn 0.6315534 0.7750328 0.0215542
v 0.0216772 0.0258678 -0.0005186 1.000000 1.000000 1.000000
vn -0.1639109 0.9863942 0.0126393
v -0.0032003 0.0145984 0.0930027 1.000000 1.000000 1.000000
vn -0.1907129 0.9789559 0.0726219
v -0.0038030 0.0144763 0.0887998 1.000000 1.000000 1.000000
vn -0.1716224 0.9826742 0.0699795
v -0.0036344 0.0150869 0.0844096 1.000000 1.000000 1.000000
vn -0.1863902 0.9805351 0.0617224
v -0.0034860 0.0151925 0.0799185 1.000000 1.000000 1.000000
vn -0.1873035 0.9679596 0.1672474
v -0.0035686 0.0156346 0.0761106 1.000000 1.000000 1.000000
vn -0.1784431 0.9553358 0.2355666
v -0.0038192 0.0169686 0.0699297 1.000000 1.000000 1.000000
vn -0.1232851 0.9449601 0.3030697
v -0.0040524 0.0222576 0.0502549 1.000000 1.000000 1.000000
vn -0.1151852 0.9436240 0.3103325
v -0.0040720 0.0249469 0.0420502 1.000000 1.000000 1.000000
vn 0.5989561 0.7532839 0.2716893
v 0.0186421 0.0238941 0.0226274 1.000000 1.000000 1.000000
vn 0.6565640 0.7080480 0.2599842
v 0.0093753 0.0106014 0.0932877 1.000000 1.000000 1.000000
vn 0.6067724 0.7387171 0.2934694
v 0.0167130 0.0212090 0.0339173 1.000000 1.000000 1.000000
vn 0.5847977 0.7520609 0.3040000
v 0.0146605 0.0200167 0.0405597 1.000000 1.000000 1.000000
vn -0.1924835 0.9588684 0.2086178
v -0.0073014 0.0312827 0.0172808 1.000000 1.000000 1.000000
vn 0.6178845 0.7835031 0.0658916
v 0.0098171 0.0101181 0.0894042 1.000000 1.000000 1.000000
vn 0.6320639 0.7708138 0.0796328
v 0.0105618 0.0103150 0.0850125 1.000000 1.000000 1.000000
vn 0.6239191 0.7295475 0.2801526
v 0.0178747 0.0215928 0.0302812 1.000000 1.000000 1.000000
vn 0.6224214 0.7825191 0.0159854
v 0.0095761 0.0110371 0.0814901 1.000000 1.000000 1.000000
vn 0.6548785 0.7433431 0.1362913
v 0.0099394 0.0110441 0.0775917 1.000000 1.000000 1.000000
vn 0.6092803 0.7784136 -0.1511614
v 0.0208938 0.0263301 -0.0044646 1.000000 1.000000 1.000000
vn 0.6649698 0.7330586 -0.1429693
v 0.0228945 0.0247727 -0.0041913 1.000000 1.000000 1.000000
vn 0.6364238 0.7514614 0.1739843
v 0.0227273 0.0230479 0.0140265 1.000000 1.000000 1.000000
vn -0.2276602 0.9433603 0.2413342
v -0.0072205 0.0292160 0.0262661 1.000000 1.000000 1.000000
vn 0.6244761 0.7228757 0.2957707
v 0.0144406 0.0172391 0.0480662 1.000000 1.000000 1.000000
vn 0.6013594 0.7557865 0.2591404
v 0.0138178 0.0137631 0.0583268 1.000000 1.000000 1.000000
vn 0.6130273 0.7369026 0.2849073
v 0.0146231 0.0147671 0.0536064 1.000000 1.000000 1.000000
vn 0.6199562 0.7453789 0.2450811
v 0.0123981 0.0125031 0.0652667 1.000000 1.000000 1.000000
vn 0.6694908 0.7262504 -0.1560208
v 0.0239247 0.0220914 -0.0085252 1.000000 1.000000 1.000000
vn 0.6557789 0.7491950 0.0930639
v 0.0236158 0.0235754 0.0066111 1.000000 1.000000 1.000000
vn -0.2411499 0.9630984 0.1195332
v -0.0102394 0.0321416 0.0085758 1.000000 1.000000 1.000000
vn -0.2440986 0.9692674 0.0306057
v -0.0112652 0.0325258 0.0008079 1.000000 1.000000 1.000000
vn 0.2622935 0.8963878 -0.3573389
v 0.0028797 0.0151719 0.0975001 1.000000 1.000000 1.000000
vn 0.0665632 0.9448070 -0.3207945
v 0.0001417 0.0156600 0.0974537 1.000000 1.000000 1.000000
vn 0.6768495 0.7359121 0.0175512
v 0.0239107 0.0238789 -0.0005201 1.000000 1.000000 1.000000
vn -0.2317420 0.9552858 -0.1836427
v -0.0111145 0.0324226 -0.0041533 1.000000 1.000000 1.000000
vn 0.6494693 0.7171416 0.2527799
v 0.0221791 0.0216236 0.0201320 1.000000 1.000000 1.000000
vn -0.2801342 0.9428902 0.1802305
v -0.0112527 0.0310206 0.0140218 1.000000 1.000000 1.000000
vn 0.3482351 0.8519456 -0.3910513
v 0.0049952 0.0143241 0.0973984 1.000000 1.000000 1.000000
vn -0.0271898 0.9416984 -0.3353580
v 0.0000010 0.0323261 -0.0087268 1.000000 1.000000 1.000000
vn 0.6483294 0.6724536 0.3570368
v 0.0237702 0.0222106 -0.0096567 1.000000 1.000000 1.000000
vn -0.2416809 0.9212898 0.3046565
v -0.0073340 0.0253452 0.0389829 1.000000 1.000000 1.000000
vn -0.2477877 0.9189280 0.3068756
v -0.0069444 0.0235415 0.0445590 1.000000 1.000000 1.000000
vn -0.2726331 0.9165378 0.2926255
v -0.0072742 0.0211793 0.0514326 1.000000 1.000000 1.000000
vn -0.2946678 0.9174733 0.2672332
v -0.0073825 0.0197440 0.0559993 1.000000 1.000000 1.000000
vn -0.2848223 0.9551650 0.0808472
v -0.0111955 0.0309909 -0.0691236 1.000000 1.000000 1.000000
vn -0.0566215 0.9898173 0.1305974
v -0.0025220 0.0320295 -0.0092758 1.000000 1.000000 1.000000
vn -0.2893513 0.9572206 0.0021823
v -0.0111039 0.0310591 -0.0437099 1.000000 1.000000 1.000000
vn -0.2714722 0.9613478 -0.0459700
v -0.0111188 0.0310369 -0.0127930 1.000000 1.000000 1.000000
vn -0.2840989 0.9587949 0.0004966
v -0.0112561 0.0310107 -0.0223636 1.000000 1.000000 1.000000
vn -0.2850346 0.9585172 0.0002889
v -0.0109746 0.0310542 -0.0364765 1.000000 1.000000 1.000000
vn -0.2993690 0.9541334 -0.0027760
v -0.0114277 0.0309267 -0.0551364 1.000000 1.000000 1.000000
vn -0.1894708 0.9382271 -0.2895354
v -0.0053797 0.0327238 -0.0837346 1.000000 1.000000 1.000000
vn -0.2542062 0.9251328 0.2819725
v -0.0073020 0.0276388 0.0316851 1.000000 1.000000 1.000000
vn -0.1632975 0.9858180 0.0386888
v -0.0063634 0.0316744 -0.0091788 1.000000 1.000000 1.000000
vn -0.2194435 0.9753503 0.0231602
v -0.0091809 0.0310966 -0.0090956 1.000000 1.000000 1.000000
vn -0.2245741 0.9627559 0.1505578
v -0.0097761 0.0315671 -0.0105347 1.000000 1.000000 1.000000
vn -0.3341160 0.9417326 0.0388111
v -0.0068288 0.0142587 0.0842560 1.000000 1.000000 1.000000
vn -0.2735392 0.9605501 0.0501983
v -0.0071820 0.0134558 0.0899285 1.000000 1.000000 1.000000
vn -0.0513361 0.9474029 -0.3158995
v -0.0041617 0.0154404 0.0974943 1.000000 1.000000 1.000000
vn -0.2696070 0.9629699 0.0010718
v -0.0142587 0.0317031 -0.0011029 1.000000 1.000000 1.000000
vn -0.2822621 0.9592934 0.0091841
v -0.0068386 0.0142013 0.0819367 1.000000 1.000000 1.000000
vn -0.2705616 0.9569229 0.1053332
v -0.0066515 0.0144286 0.0782010 1.000000 1.000000 1.000000
vn -0.2433495 0.9617103 0.1260729
v -0.0100560 0.0329846 -0.0762621 1.000000 1.000000 1.000000
vn -0.2790198 0.9381242 0.2051121
v -0.0066264 0.0152270 0.0736226 1.000000 1.000000 1.000000
vn -0.2709171 0.9331818 0.2361690
v -0.0091386 0.0291778 0.0240930 1.000000 1.000000 1.000000
vn -0.2880904 0.9289663 0.2324340
v -0.0112026 0.0294834 0.0207289 1.000000 1.000000 1.000000
vn -0.3041058 0.9474255 0.0995225
v -0.0069118 0.0135897 0.0930959 1.000000 1.000000 1.000000
vn -0.3071850 0.9470516 0.0934383
v -0.0144675 0.0311805 0.0057076 1.000000 1.000000 1.000000
vn -0.2537477 0.9512324 -0.1754113
v -0.0140113 0.0316506 -0.0040555 1.000000 1.000000 1.000000
vn -0.3025673 0.9528255 0.0240129
v -0.0126285 0.0308927 -0.0712731 1.000000 1.000000 1.000000
vn -0.2697777 0.9285403 0.2550157
v -0.0073275 0.0183069 0.0612529 1.000000 1.000000 1.000000
vn -0.2594783 0.9342178 0.2447615
v -0.0069890 0.0167523 0.0673396 1.000000 1.000000 1.000000
vn -0.2937340 0.9557083 0.0184914
v -0.0122254 0.0309159 -0.0104725 1.000000 1.000000 1.000000
vn -0.1926605 0.9669536 -0.1669810
v -0.0101525 0.0320803 -0.0819786 1.000000 1.000000 1.000000
vn -0.3528216 0.9262519 0.1325680
v -0.0138867 0.0310743 0.0082719 1.000000 1.000000 1.000000
vn -0.3021591 0.9482613 -0.0974709
v -0.0145315 0.0311858 -0.0813300 1.000000 1.000000 1.000000
vn -0.2502068 0.9631075 -0.0990981
v -0.0144854 0.0305677 -0.0880998 1.000000 1.000000 1.000000
vn -0.1148004 0.9806032 -0.1588653
v -0.0105663 0.0314197 -0.0856603 1.000000 1.000000 1.000000
vn -0.1690612 0.9743258 -0.1486858
v -0.0146149 0.0298093 -0.0947750 1.000000 1.000000 1.000000
vn -0.0111707 0.9777127 -0.2096499
v -0.0100438 0.0310850 -0.0879671 1.000000 1.000000 1.000000
vn 0.0712944 0.9759127 -0.2061832
v -0.0127123 0.0297332 -0.0955237 1.000000 1.000000 1.000000
vn -0.0725219 0.9713745 -0.2262130
v -0.0146812 0.0288131 -0.1002165 1.000000 1.000000 1.000000
vn 0.3411151 0.8981571 -0.2774065
v -0.0117531 0.0293101 -0.0965413 1.000000 1.000000 1.000000
vn 0.2003395 0.9399449 -0.2763470
v -0.0134112 0.0287349 -0.0999413 1.000000 1.000000 1.000000
vn 0.4220343 0.8495654 -0.3164267
v -0.0101556 0.0296922 -0.0932778 1.000000 1.000000 1.000000
vn 0.0815398 0.9387332 -0.3348602
v -0.0148501 0.0275970 -0.1044961 1.000000 1.000000 1.000000
vn 0.1750350 0.9301939 -0.3226486
v -0.0090611 0.0309135 -0.0884487 1.000000 1.000000 1.000000
vn -0.1157223 0.9233178 -0.3661867
v -0.0068621 0.0321450 -0.0842116 1.000000 1.000000 1.000000
vn 0.4511883 0.8320582 -0.3226582
v -0.0123169 0.0280027 -0.1010866 1.000000 1.000000 1.000000
vn 0.3588259 0.8443877 -0.3978108
v -0.0135674 0.0269111 -0.1052392 1.000000 1.000000 1.000000
vn 0.4652911 0.8070036 -0.3636613
v -0.0086512 0.0300725 -0.0903450 1.000000 1.000000 1.000000
vn 0.4135769 0.8407319 -0.3494626
v -0.0070354 0.0299940 -0.0886936 1.000000 1.000000 1.000000
vn 0.1982640 0.7654058 -0.6122463
v -0.0054653 0.0293180 -0.0887031 1.000000 1.000000 1.000000
vn -0.3181415 0.9479398 0.0140067
v -0.0140271 0.0318478 -0.0767128 1.000000 1.000000 1.000000
vn -0.3124162 0.9236087 0.2221331
v -0.0145504 0.0315103 -0.0756638 1.000000 1.000000 1.000000
vn -0.2728373 0.9508584 0.1463841
v -0.0096280 0.0315987 -0.0726371 1.000000 1.000000 1.000000
vn -0.3003532 0.9171608 0.2619238
v -0.0107152 0.0275525 0.0283145 1.000000 1.000000 1.000000
vn -0.2680926 0.9240386 -0.2725419
v -0.0033268 0.0324059 -0.0863604 1.000000 1.000000 1.000000
vn -0.3077165 0.9231654 -0.2303827
v 0.0042307 0.0316634 -0.0995364 1.000000 1.000000 1.000000
vn -0.2857763 0.9335376 -0.2164246
v 0.0004857 0.0322525 -0.0919396 1.000000 1.000000 1.000000
vn -0.2018838 0.9477265 -0.2470983
v -0.0173911 0.0269701 -0.1050712 1.000000 1.000000 1.000000
vn -0.3382687 0.9369234 0.0880271
v -0.0141751 0.0299784 -0.0690895 1.000000 1.000000 1.000000
vn -0.3411589 0.9400055 0.0004184
v -0.0140488 0.0299490 -0.0633130 1.000000 1.000000 1.000000
vn -0.3299624 0.9433395 -0.0351506
v -0.0140596 0.0300112 -0.0135920 1.000000 1.000000 1.000000
vn -0.3294019 0.9441888 -0.0013604
v -0.0142239 0.0299744 -0.0230355 1.000000 1.000000 1.000000
vn -0.3345480 0.9423767 0.0020013
v -0.0141888 0.0299237 -0.0381195 1.000000 1.000000 1.000000
vn -0.3386227 0.9409208 -0.0016727
v -0.0142165 0.0299311 -0.0524515 1.000000 1.000000 1.000000
vn -0.2853591 0.9556642 -0.0726381
v -0.0115539 0.0310047 -0.0724642 1.000000 1.000000 1.000000
vn -0.2827707 0.9327139 0.2237980
v -0.0133664 0.0304507 -0.0726776 1.000000 1.000000 1.000000
vn -0.2923982 0.9469048 -0.1336955
v -0.0172919 0.0289221 -0.0952408 1.000000 1.000000 1.000000
vn -0.2481083 0.9493870 -0.1926310
v -0.0175511 0.0279916 -0.1005687 1.000000 1.000000 1.000000
vn -0.3434349 0.9169672 0.2030361
v -0.0143645 0.0293706 0.0164944 1.000000 1.000000 1.000000
vn -0.2268091 0.8965423 0.3804860
v -0.0111510 0.0307855 -0.0095364 1.000000 1.000000 1.000000
vn -0.2324799 0.9426768 -0.2394025
v -0.0129757 0.0301541 -0.0091216 1.000000 1.000000 1.000000
vn -0.2977760 0.9066178 0.2989542
v -0.0108084 0.0245028 0.0380767 1.000000 1.000000 1.000000
vn 0.0732245 0.8627871 -0.5002366
v -0.0058286 0.0306428 -0.0868876 1.000000 1.000000 1.000000
vn -0.0818925 0.8576044 -0.5077483
v 0.0073294 0.0296126 -0.1086656 1.000000 1.000000 1.000000
vn -0.3765270 0.9250422 -0.0502430
v -0.0175017 0.0304360 -0.0762077 1.000000 1.000000 1.000000
vn -0.3137993 0.8983102 0.3075204
v -0.0106480 0.0225050 0.0438456 1.000000 1.000000 1.000000
vn -0.3520573 0.9338015 -0.0638000
v -0.0148545 0.0299313 -0.0103758 1.000000 1.000000 1.000000
vn -0.3469871 0.9087411 0.2319259
v -0.0074024 0.0131753 0.0939860 1.000000 1.000000 1.000000
vn -0.3702554 0.9207166 0.1232553
v -0.0157832 0.0296068 -0.0711447 1.000000 1.000000 1.000000
vn -0.3537649 0.9317944 -0.0812998
v -0.0178236 0.0293576 -0.0875682 1.000000 1.000000 1.000000
vn -0.3475372 0.9038099 0.2496911
v -0.0140656 0.0272310 0.0248970 1.000000 1.000000 1.000000
vn -0.2920732 0.9175463 -0.2698187
v 0.0044610 0.0307159 -0.1033691 1.000000 1.000000 1.000000
vn -0.3496161 0.8887942 0.2963335
v -0.0108586 0.0200360 0.0507246 1.000000 1.000000 1.000000
vn 0.1410313 0.8308825 -0.5382792
v -0.0149700 0.0256353 -0.1086111 1.000000 1.000000 1.000000
vn -0.4078355 0.9108064 0.0640473
v -0.0078124 0.0137928 0.0846177 1.000000 1.000000 1.000000
vn -0.3957241 0.9042251 0.1605595
v -0.0162120 0.0295054 0.0113765 1.000000 1.000000 1.000000
vn -0.3739478 0.8842977 0.2796079
v -0.0108979 0.0185007 0.0552300 1.000000 1.000000 1.000000
vn -0.1141255 0.8228653 -0.5566580
v -0.0172790 0.0255096 -0.1085765 1.000000 1.000000 1.000000
vn 0.6122860 0.6989747 -0.3695136
v -0.0089178 0.0285231 -0.0937944 1.000000 1.000000 1.000000
vn -0.3582682 0.8844934 -0.2988568
v -0.0038210 0.0317256 -0.0877813 1.000000 1.000000 1.000000
vn 0.5903110 0.7147188 -0.3751135
v -0.0121944 0.0261679 -0.1050865 1.000000 1.000000 1.000000
vn -0.3216814 0.8818387 -0.3447922
v 0.0045537 0.0299038 -0.1056576 1.000000 1.000000 1.000000
vn 0.3966699 0.7530074 -0.5250075
v -0.0135483 0.0248002 -0.1089367 1.000000 1.000000 1.000000
vn -0.4047798 0.8770641 -0.2586735
v 0.0022350 0.0308317 -0.0992333 1.000000 1.000000 1.000000
vn -0.0950756 0.8489235 -0.5198939
v -0.0055191 0.0314215 -0.0856286 1.000000 1.000000 1.000000
vn -0.2543948 0.7686400 -0.5869207
v -0.0048705 0.0300678 -0.0880558 1.000000 1.000000 1.000000
vn 0.6706766 0.6819792 0.2917142
v 0.0166875 0.0167590 0.0441169 1.000000 1.000000 1.000000
vn 0.6666317 0.6798416 0.3056429
v 0.0178993 0.0192184 0.0359257 1.000000 1.000000 1.000000
vn 0.6749314 0.6792786 0.2881807
v 0.0215789 0.0184982 0.0289652 1.000000 1.000000 1.000000
vn 0.6171486 0.6733018 0.4071762
v 0.0247626 0.0235209 -0.0736328 1.000000 1.000000 1.000000
vn 0.6935360 0.6889973 0.2104533
v 0.0117221 0.0101753 0.0736557 1.000000 1.000000 1.000000
vn 0.6359600 0.6843790 0.3566235
v 0.0090864 0.0104458 0.0939579 1.000000 1.000000 1.000000
vn 0.6692496 0.7088318 0.2228508
v 0.0101975 0.0091930 0.0946058 1.000000 1.000000 1.000000
vn 0.6932400 0.6709280 0.2631996
v 0.0104075 0.0094016 0.0931399 1.000000 1.000000 1.000000
vn 0.6913573 0.7022247 -0.1700169
v 0.0257100 0.0219259 -0.0043206 1.000000 1.000000 1.000000
vn 0.6819515 0.6704829 0.2922242
v 0.0177778 0.0146185 0.0464005 1.000000 1.000000 1.000000
vn 0.7070601 0.6144884 -0.3499572
v -0.0101713 0.0264909 -0.1003734 1.000000 1.000000 1.000000
vn 0.6918143 0.6571524 0.2992387
v 0.0209725 0.0174618 0.0326784 1.000000 1.000000 1.000000
vn 0.7034451 0.6458127 0.2968011
v 0.0189328 0.0159017 0.0406179 1.000000 1.000000 1.000000
vn 0.3107107 0.7468545 -0.5879348
v 0.0127048 0.0272489 -0.1110588 1.000000 1.000000 1.000000
vn 0.3751938 0.7246500 -0.5780243
v -0.0056432 0.0270391 -0.0912199 1.000000 1.000000 1.000000
vn 0.0517331 0.7895340 -0.6115225
v 0.0101316 0.0277662 -0.1111755 1.000000 1.000000 1.000000
vn 0.5790359 0.6911370 -0.4324895
v -0.0122654 0.0240928 -0.1084978 1.000000 1.000000 1.000000
vn -0.1596390 0.7609419 -0.6288743
v -0.0171612 0.0236673 -0.1109460 1.000000 1.000000 1.000000
vn -0.0589135 0.7721704 -0.6326786
v 0.0070520 0.0275550 -0.1110098 1.000000 1.000000 1.000000
vn 0.1095694 0.7387689 -0.6649925
v -0.0148948 0.0234619 -0.1110133 1.000000 1.000000 1.000000
vn 0.6953528 0.6361006 -0.3344555
v 0.0190428 0.0240165 -0.1084552 1.000000 1.000000 1.000000
vn 0.2680001 0.7035806 -0.6581416
v -0.0054121 0.0281076 -0.0899895 1.000000 1.000000 1.000000
vn 0.1837579 0.7599882 -0.6234189
v -0.0047490 0.0265979 -0.0915225 1.000000 1.000000 1.000000
vn 0.5210590 0.6705114 -0.5281212
v -0.0057643 0.0248877 -0.0940165 1.000000 1.000000 1.000000
vn 0.3134910 0.7188089 -0.6205136
v -0.0047869 0.0244430 -0.0940379 1.000000 1.000000 1.000000
vn 0.5303032 0.6221730 -0.5759161
v 0.0152952 0.0256873 -0.1109827 1.000000 1.000000 1.000000
vn 0.7114250 0.6062753 -0.3553938
v -0.0079263 0.0268284 -0.0948521 1.000000 1.000000 1.000000
vn 0.6967370 0.6244641 -0.3529904
v -0.0110162 0.0246081 -0.1055204 1.000000 1.000000 1.000000
vn 0.7442602 0.5580431 -0.3669669
v -0.0074624 0.0247902 -0.0969866 1.000000 1.000000 1.000000
vn -0.3217782 0.7396653 -0.5910618
v -0.0201353 0.0225316 -0.1107481 1.000000 1.000000 1.000000
vn 0.6090048 0.5523807 -0.5692001
v 0.0171148 0.0237158 -0.1109491 1.000000 1.000000 1.000000
vn 0.8513267 -0.5230125 0.0412414
v 0.0288519 -0.0181762 -0.0005166 1.000000 1.000000 1.000000
vn 0.7864473 -0.6166976 0.0344203
v 0.0266278 -0.0212216 -0.0005213 1.000000 1.000000 1.000000
vn 0.8428258 -0.5203174 -0.1375298
v 0.0290018 -0.0180530 -0.0043006 1.000000 1.000000 1.000000
vn 0.7448795 -0.6518086 -0.1424793
v 0.0258706 -0.0222045 -0.0042597 1.000000 1.000000 1.000000
vn 0.7531613 -0.6569151 0.0347944
v 0.0244907 -0.0236965 0.0005356 1.000000 1.000000 1.000000
vn 0.8515556 -0.5154714 0.0956153
v 0.0283176 -0.0182819 0.0053082 1.000000 1.000000 1.000000
vn 0.7901005 -0.6047166 0.1002946
v 0.0263413 -0.0208024 0.0067972 1.000000 1.000000 1.000000
vn 0.7687590 -0.6328712 0.0921076
v 0.0240070 -0.0236445 0.0067515 1.000000 1.000000 1.000000
vn 0.7771065 -0.6119769 0.1469346
v 0.0235387 -0.0233168 0.0115292 1.000000 1.000000 1.000000
vn 0.8347471 -0.5261968 0.1622168
v 0.0271489 -0.0184096 0.0125816 1.000000 1.000000 1.000000
vn 0.7804930 -0.5965564 0.1869524
v 0.0230288 -0.0229548 0.0152785 1.000000 1.000000 1.000000
vn 0.7712617 -0.5951901 0.2256197
v 0.0227450 -0.0225485 0.0175838 1.000000 1.000000 1.000000
vn 0.8206572 -0.5260059 0.2232479
v 0.0261102 -0.0181019 0.0177706 1.000000 1.000000 1.000000
vn 0.7997344 -0.5347148 0.2729564
v 0.0247615 -0.0175232 0.0232672 1.000000 1.000000 1.000000
vn 0.7490522 -0.6009995 0.2787840
v 0.0216234 -0.0214817 0.0231652 1.000000 1.000000 1.000000
vn 0.9111616 -0.4084347 0.0544577
v 0.0308839 -0.0141207 0.0002083 1.000000 1.000000 1.000000
vn 0.8940799 -0.4101333 0.1800329
v 0.0290310 -0.0142570 0.0138883 1.000000 1.000000 1.000000
vn 0.9169688 -0.3801078 0.1211875
v 0.0306948 -0.0130925 0.0069103 1.000000 1.000000 1.000000
vn 0.8740426 -0.4154436 0.2519052
v 0.0274399 -0.0139809 0.0208466 1.000000 1.000000 1.000000
vn 0.8558066 -0.4340109 0.2814775
v 0.0255964 -0.0138620 0.0269230 1.000000 1.000000 1.000000
vn 0.9093498 -0.3914628 -0.1408544
v 0.0310517 -0.0139549 -0.0042976 1.000000 1.000000 1.000000
vn 0.7831644 -0.5491614 0.2916768
v 0.0230096 -0.0166456 0.0296193 1.000000 1.000000 1.000000
vn 0.8367233 -0.4593224 0.2981895
v 0.0237604 -0.0138650 0.0323371 1.000000 1.000000 1.000000
vn 0.9180040 -0.3179676 0.2369924
v 0.0291655 -0.0108261 0.0194693 1.000000 1.000000 1.000000
vn 0.9359314 -0.3072854 0.1720698
v 0.0304557 -0.0109621 0.0132284 1.000000 1.000000 1.000000
vn 0.7783551 -0.5538160 0.2957215
v 0.0209501 -0.0158068 0.0363618 1.000000 1.000000 1.000000
vn 0.8245296 -0.4810420 0.2979087
v 0.0218657 -0.0136957 0.0377029 1.000000 1.000000 1.000000
vn 0.7924361 -0.5337784 0.2951708
v 0.0198670 -0.0144340 0.0419605 1.000000 1.000000 1.000000
vn 0.8695179 -0.3960057 0.2951580
v 0.0219291 -0.0104200 0.0423675 1.000000 1.000000 1.000000
vn 0.8631403 -0.4205407 0.2795252
v 0.0185967 -0.0101291 0.0525661 1.000000 1.000000 1.000000
vn 0.8203575 -0.4992407 0.2788769
v 0.0174436 -0.0112129 0.0542964 1.000000 1.000000 1.000000
vn 0.8499911 -0.4678150 0.2422073
v 0.0164662 -0.0068634 0.0647005 1.000000 1.000000 1.000000
vn 0.8313477 -0.4970125 0.2486758
v 0.0151025 -0.0095130 0.0648691 1.000000 1.000000 1.000000
vn 0.8510480 -0.4829692 0.2060537
v 0.0134189 -0.0086682 0.0724685 1.000000 1.000000 1.000000
vn 0.9037309 -0.3722138 0.2114887
v 0.0145363 -0.0065607 0.0722651 1.000000 1.000000 1.000000
vn 0.9120782 -0.3159494 0.2613223
v 0.0185418 -0.0066563 0.0577378 1.000000 1.000000 1.000000
vn 0.8784166 -0.3701796 0.3022441
v 0.0238510 -0.0105472 0.0365883 1.000000 1.000000 1.000000
vn 0.8949419 -0.4248709 0.1362490
v 0.0135013 -0.0071143 0.0762941 1.000000 1.000000 1.000000
vn 0.8042588 -0.5755672 0.1479531
v 0.0119186 -0.0099075 0.0755882 1.000000 1.000000 1.000000
vn 0.7871566 -0.5714796 0.2319387
v 0.0129986 -0.0104991 0.0696911 1.000000 1.000000 1.000000
vn 0.9007597 -0.3321533 0.2798324
v 0.0267994 -0.0106255 0.0276963 1.000000 1.000000 1.000000
vn 0.7602308 -0.5895128 0.2729903
v 0.0153954 -0.0135828 0.0554676 1.000000 1.000000 1.000000
vn 0.7489551 -0.5949715 0.2916765
v 0.0174572 -0.0147480 0.0478223 1.000000 1.000000 1.000000
vn 0.7718574 -0.5799807 0.2604968
v 0.0131085 -0.0133466 0.0624146 1.000000 1.000000 1.000000
vn 0.9079441 -0.3048208 0.2876138
v 0.0208918 -0.0070370 0.0495715 1.000000 1.000000 1.000000
vn 0.7244223 -0.6213049 0.2986513
v 0.0196756 -0.0175957 0.0361545 1.000000 1.000000 1.000000
vn 0.7391232 -0.6069907 0.2919921
v 0.0204137 -0.0203335 0.0286119 1.000000 1.000000 1.000000
vn 0.7539060 -0.6221121 0.2111930
v 0.0111301 -0.0120683 0.0717193 1.000000 1.000000 1.000000
vn 0.7466879 -0.6514604 0.1343747
v 0.0101616 -0.0119704 0.0757267 1.000000 1.000000 1.000000
vn 0.7263506 -0.6253031 0.2853259
v 0.0168426 -0.0171614 0.0439906 1.000000 1.000000 1.000000
vn 0.8555512 -0.5149820 0.0531565
v 0.0121672 -0.0086061 0.0805496 1.000000 1.000000 1.000000
vn 0.9171240 -0.3952387 0.0516719
v 0.0131669 -0.0067280 0.0810115 1.000000 1.000000 1.000000
vn 0.7772945 -0.6276149 0.0437367
v 0.0109521 -0.0104619 0.0804062 1.000000 1.000000 1.000000
vn 0.9178956 -0.2663168 0.2941821
v 0.0242262 -0.0069330 0.0392614 1.000000 1.000000 1.000000
vn 0.7071886 -0.6461751 0.2869530
v 0.0141239 -0.0175217 0.0496752 1.000000 1.000000 1.000000
vn 0.9635251 -0.2161246 0.1578282
v 0.0148901 -0.0034593 0.0756931 1.000000 1.000000 1.000000
vn 0.9534114 -0.2069653 0.2194815
v 0.0156139 -0.0033302 0.0721882 1.000000 1.000000 1.000000
vn 0.9500239 -0.1825465 0.2532417
v 0.0173570 -0.0032329 0.0655898 1.000000 1.000000 1.000000
vn 0.9481239 -0.1677080 0.2700647
v 0.0198921 -0.0035320 0.0560249 1.000000 1.000000 1.000000
vn 0.9452599 -0.1527518 0.2883584
v 0.0221482 -0.0036448 0.0482915 1.000000 1.000000 1.000000
vn 0.9313092 -0.2266637 0.2851086
v 0.0274238 -0.0071980 0.0289324 1.000000 1.000000 1.000000
vn 0.9469568 -0.2147590 0.2390639
v 0.0302061 -0.0070309 0.0194445 1.000000 1.000000 1.000000
vn 0.9618006 -0.2099267 0.1756998
v 0.0313418 -0.0072181 0.0139122 1.000000 1.000000 1.000000
vn 0.9532203 -0.2841055 0.1032240
v 0.0316672 -0.0107715 0.0054609 1.000000 1.000000 1.000000
vn 0.9719153 -0.1984454 0.1264917
v 0.0322851 -0.0071224 0.0080309 1.000000 1.000000 1.000000
vn 0.9499442 -0.3091572 0.0450319
v 0.0319026 -0.0115984 -0.0004059 1.000000 1.000000 1.000000
vn 0.9766600 -0.2005858 0.0768156
v 0.0143553 -0.0032659 0.0803950 1.000000 1.000000 1.000000
vn 0.9477392 -0.1407535 0.2863195
v 0.0263033 -0.0040096 0.0346469 1.000000 1.000000 1.000000
vn 0.9522567 -0.1258789 0.2781397
v 0.0285889 -0.0042959 0.0269754 1.000000 1.000000 1.000000
vn 0.9451656 -0.1428394 0.2936986
v 0.0243191 -0.0037448 0.0413586 1.000000 1.000000 1.000000
vn 0.9026675 -0.4215324 0.0866144
v 0.0129226 -0.0072290 0.0842489 1.000000 1.000000 1.000000
vn 0.7806164 -0.6198494 0.0801549
v 0.0108118 -0.0107196 0.0845416 1.000000 1.000000 1.000000
vn 0.7849171 -0.6080109 0.1192808
v 0.0104797 -0.0104919 0.0871155 1.000000 1.000000 1.000000
vn 0.9009960 -0.4136879 0.1306468
v 0.0126802 -0.0069020 0.0863474 1.000000 1.000000 1.000000
vn 0.9723256 -0.2205134 0.0771803
v 0.0141801 -0.0036353 0.0842193 1.000000 1.000000 1.000000
vn 0.9759709 -0.2071934 0.0674659
v 0.0135236 -0.0033893 0.0901641 1.000000 1.000000 1.000000
vn 0.8922418 -0.4488883 0.0490283
v 0.0120353 -0.0072587 0.0910976 1.000000 1.000000 1.000000
vn 0.7750296 -0.6189404 0.1274441
v 0.0098962 -0.0103452 0.0932515 1.000000 1.000000 1.000000
vn 0.9690107 -0.2257854 0.1001964
v 0.0133912 -0.0037300 0.0930237 1.000000 1.000000 1.000000
vn 0.8816115 -0.4494078 0.1442011
v 0.0120792 -0.0072052 0.0932728 1.000000 1.000000 1.000000
vn 0.9635124 -0.2652961 -0.0355229
v 0.0130755 -0.0039188 0.0942678 1.000000 1.000000 1.000000
vn 0.8596236 -0.5083724 0.0510370
v 0.0115817 -0.0076134 0.0940881 1.000000 1.000000 1.000000
vn 0.8055813 -0.5913019 0.0374290
v 0.0097526 -0.0100634 0.0941676 1.000000 1.000000 1.000000
vn 0.9447024 -0.2961239 -0.1408829
v 0.0321134 -0.0110839 -0.0042686 1.000000 1.000000 1.000000
vn 0.9789727 -0.1977793 0.0499589
v 0.0330957 -0.0069588 -0.0001923 1.000000 1.000000 1.000000
vn 0.9703998 -0.1984314 -0.1376563
v 0.0331949 -0.0068514 -0.0044344 1.000000 1.000000 1.000000
vn 0.9678192 -0.1174686 0.2225470
v 0.0309748 -0.0042181 0.0183784 1.000000 1.000000 1.000000
vn 0.9804006 -0.1050926 0.1666438
v 0.0318721 -0.0041014 0.0137307 1.000000 1.000000 1.000000
vn 0.9999636 -0.0079924 -0.0029681
v 0.0136722 -0.0001172 0.0939505 1.000000 1.000000 1.000000
vn 0.9867138 -0.1012953 0.1270241
v 0.0327581 -0.0040403 0.0078220 1.000000 1.000000 1.000000
vn 0.9922678 -0.1065298 0.0636866
v 0.0334856 -0.0040921 0.0006754 1.000000 1.000000 1.000000
vn 0.9744830 -0.0019885 0.2244527
v 0.0159850 -0.0000207 0.0721767 1.000000 1.000000 1.000000
vn 0.9880573 0.0074254 0.1539081
v 0.0151159 -0.0000151 0.0765644 1.000000 1.000000 1.000000
vn 0.9974409 0.0169611 0.0694558
v 0.0146499 0.0000483 0.0806521 1.000000 1.000000 1.000000
vn 0.9663290 0.0004741 0.2573095
v 0.0188164 -0.0000574 0.0610925 1.000000 1.000000 1.000000
vn 0.9619396 0.0045643 0.2732240
v 0.0207444 -0.0000240 0.0540629 1.000000 1.000000 1.000000
vn 0.9558904 0.0105719 0.2935332
v 0.0231015 0.0000048 0.0460053 1.000000 1.000000 1.000000
vn 0.9558599 0.0100601 0.2936507
v 0.0247897 -0.0000352 0.0406993 1.000000 1.000000 1.000000
vn 0.9588006 0.0095554 0.2839192
v 0.0280027 -0.0000049 0.0298986 1.000000 1.000000 1.000000
vn 0.9717372 0.0043481 0.2360253
v 0.0310202 -0.0001173 0.0193412 1.000000 1.000000 1.000000
vn 0.9856749 0.0078309 0.1684744
v 0.0320785 0.0000213 0.0139474 1.000000 1.000000 1.000000
vn 0.9861599 -0.1001775 -0.1321104
v 0.0336421 -0.0039352 -0.0044197 1.000000 1.000000 1.000000
vn 0.9936116 0.0056708 0.1127108
v 0.0332630 -0.0001408 0.0058200 1.000000 1.000000 1.000000
vn 0.9932062 0.0021085 0.1163488
v 0.0139955 -0.0000263 0.0876122 1.000000 1.000000 1.000000
vn 0.9956042 0.0010904 0.0936547
v 0.0145753 0.0000031 0.0843636 1.000000 1.000000 1.000000
vn 0.9992458 -0.0083111 0.0379336
v 0.0137131 -0.0000878 0.0917206 1.000000 1.000000 1.000000
vn 0.9989512 0.0069059 0.0452644
v 0.0337839 -0.0000533 -0.0006034 1.000000 1.000000 1.000000
vn 0.9911330 0.0139158 -0.1321431
v 0.0338590 0.0000671 -0.0043584 1.000000 1.000000 1.000000
vn 0.9785771 -0.0470938 -0.2004222
v 0.0137820 -0.0001527 0.0952641 1.000000 1.000000 1.000000
vn 0.6808072 -0.6723925 0.2904993
v 0.0176656 -0.0190101 0.0375914 1.000000 1.000000 1.000000
vn 0.9529225 0.1344130 0.2717938
v 0.0291607 0.0045247 0.0247189 1.000000 1.000000 1.000000
vn 0.9678245 0.1282913 0.2164650
v 0.0309812 0.0042944 0.0180447 1.000000 1.000000 1.000000
vn 0.9804647 0.1160332 0.1588246
v 0.0319975 0.0042255 0.0125257 1.000000 1.000000 1.000000
vn 0.9850107 0.1250973 0.1187626
v 0.0327783 0.0042678 0.0068509 1.000000 1.000000 1.000000
vn 0.9440889 0.1793780 0.2766219
v 0.0208398 0.0038743 0.0524525 1.000000 1.000000 1.000000
vn 0.9508085 0.2148335 0.2231813
v 0.0155858 0.0034586 0.0722744 1.000000 1.000000 1.000000
vn 0.9490106 0.1919159 0.2500944
v 0.0169386 0.0032221 0.0672221 1.000000 1.000000 1.000000
vn 0.9475227 0.1869230 0.2593465
v 0.0186593 0.0036405 0.0605065 1.000000 1.000000 1.000000
vn 0.9438986 0.1633927 0.2869812
v 0.0226599 0.0039445 0.0462946 1.000000 1.000000 1.000000
vn 0.9461532 0.1474317 0.2881979
v 0.0267030 0.0041563 0.0329866 1.000000 1.000000 1.000000
vn 0.9413199 0.1673183 0.2931235
v 0.0244016 0.0040307 0.0407234 1.000000 1.000000 1.000000
vn 0.9917049 0.1116613 0.0636648
v 0.0333786 0.0043558 0.0008100 1.000000 1.000000 1.000000
vn 0.9582194 0.2566182 0.1263437
v 0.0137896 0.0034283 0.0868956 1.000000 1.000000 1.000000
vn 0.9667171 0.2111097 0.1445367
v 0.0146617 0.0032573 0.0768858 1.000000 1.000000 1.000000
vn 0.9754329 0.2184748 -0.0282715
v 0.0134499 0.0031822 0.0918818 1.000000 1.000000 1.000000
vn 0.9616234 0.2463561 0.1207860
v 0.0135114 0.0035882 0.0931172 1.000000 1.000000 1.000000
vn 0.9648954 0.2511374 0.0768567
v 0.0141816 0.0034013 0.0844018 1.000000 1.000000 1.000000
vn 0.9853245 0.1140517 -0.1269954
v 0.0335109 0.0044165 -0.0042774 1.000000 1.000000 1.000000
vn 0.9660885 0.2504999 0.0626324
v 0.0141826 0.0034392 0.0809675 1.000000 1.000000 1.000000
vn 0.9662414 0.2091089 0.1505028
v 0.0317094 0.0072770 0.0112639 1.000000 1.000000 1.000000
vn 0.9778063 0.2000919 0.0621142
v 0.0330205 0.0067636 0.0008339 1.000000 1.000000 1.000000
vn 0.9058856 0.2820010 0.3159854
v 0.0130541 0.0038816 0.0940358 1.000000 1.000000 1.000000
vn 0.9494495 0.2199977 0.2239347
v 0.0303812 0.0069786 0.0184299 1.000000 1.000000 1.000000
vn 0.9303525 0.2367420 0.2799955
v 0.0282969 0.0070429 0.0259298 1.000000 1.000000 1.000000
vn 0.8874823 -0.3541104 -0.2949254
v 0.0129572 -0.0048076 0.0952059 1.000000 1.000000 1.000000
vn 0.8278488 -0.4794818 -0.2911419
v 0.0117767 -0.0076886 0.0952990 1.000000 1.000000 1.000000
vn 0.9679186 0.2096618 -0.1384757
v 0.0331101 0.0069514 -0.0044094 1.000000 1.000000 1.000000
vn 0.9237230 0.2501700 0.2900874
v 0.0258517 0.0070112 0.0336346 1.000000 1.000000 1.000000
vn 0.9080051 0.3002292 0.2922143
v 0.0227661 0.0071936 0.0431723 1.000000 1.000000 1.000000
vn 0.9544294 0.2844338 0.0903433
v 0.0317549 0.0107085 0.0037577 1.000000 1.000000 1.000000
vn 0.9310162 0.3089935 0.1942469
v 0.0299706 0.0108583 0.0154155 1.000000 1.000000 1.000000
vn 0.9133622 0.3211336 0.2502854
v 0.0288580 0.0106815 0.0203539 1.000000 1.000000 1.000000
vn 0.8919653 0.3487044 0.2877557
v 0.0263528 0.0108374 0.0283344 1.000000 1.000000 1.000000
vn 0.9444103 0.2961687 0.1427348
v 0.0309638 0.0109327 0.0096471 1.000000 1.000000 1.000000
vn 0.9090436 0.3227396 0.2635887
v 0.0194134 0.0068123 0.0543258 1.000000 1.000000 1.000000
vn 0.8946667 0.3650490 0.2575088
v 0.0172081 0.0068885 0.0620653 1.000000 1.000000 1.000000
vn 0.8912689 0.3852341 0.2392371
v 0.0150831 0.0064203 0.0702907 1.000000 1.000000 1.000000
vn 0.8970550 0.4035366 0.1801407
v 0.0139702 0.0060739 0.0753970 1.000000 1.000000 1.000000
vn 0.9557230 0.2920668 0.0359254
v 0.0319703 0.0109484 -0.0004457 1.000000 1.000000 1.000000
vn 0.9345796 0.3260803 -0.1422413
v 0.0317668 0.0118170 -0.0042952 1.000000 1.000000 1.000000
vn 0.9165693 0.3840505 0.1113820
v 0.0306493 0.0131470 0.0065017 1.000000 1.000000 1.000000
vn 0.9721018 -0.2261781 0.0621413
v 0.0315723 -0.0073920 -0.0092259 1.000000 1.000000 1.000000
vn 0.9688212 -0.1145260 -0.2197028
v 0.0322882 -0.0041428 -0.0087852 1.000000 1.000000 1.000000
vn 0.9797593 -0.1156801 0.1633705
v 0.0322120 -0.0041341 -0.0093761 1.000000 1.000000 1.000000
vn 0.9695556 -0.1093090 0.2191202
v 0.0327821 -0.0042524 -0.0106106 1.000000 1.000000 1.000000
vn 0.9595304 -0.1981943 0.2000515
v 0.0323622 -0.0069933 -0.0108022 1.000000 1.000000 1.000000
vn 0.9377385 -0.2753484 0.2117307
v 0.0316058 -0.0099429 -0.0107494 1.000000 1.000000 1.000000
vn 0.9331284 -0.2654208 0.2425350
v 0.0309851 -0.0096772 -0.0093219 1.000000 1.000000 1.000000
vn 0.9329818 -0.3128940 -0.1778827
v 0.0305070 -0.0113756 -0.0087759 1.000000 1.000000 1.000000
vn 0.9964331 -0.0837544 0.0103102
v 0.0328731 -0.0034822 -0.0132732 1.000000 1.000000 1.000000
vn 0.9781463 -0.2075448 0.0124480
v 0.0324131 -0.0072641 -0.0194337 1.000000 1.000000 1.000000
vn 0.9960194 -0.0886686 0.0091268
v 0.0329822 -0.0036570 -0.0207418 1.000000 1.000000 1.000000
vn 0.9828305 -0.1844757 0.0036056
v 0.0325578 -0.0069320 -0.0310333 1.000000 1.000000 1.000000
vn 0.9544261 -0.2984008 0.0052747
v 0.0314716 -0.0103555 -0.0128034 1.000000 1.000000 1.000000
vn 0.9555314 -0.2948389 0.0054574
v 0.0316700 -0.0104663 -0.0301607 1.000000 1.000000 1.000000
vn 0.9587580 -0.2841886 0.0044736
v 0.0317639 -0.0105086 -0.0480452 1.000000 1.000000 1.000000
vn 0.9835875 -0.1804034 0.0032148
v 0.0325836 -0.0069255 -0.0467519 1.000000 1.000000 1.000000
vn 0.9837015 -0.1792494 0.0141778
v 0.0327363 -0.0067006 -0.0651032 1.000000 1.000000 1.000000
vn 0.9532657 -0.3000843 0.0351295
v 0.0318732 -0.0103397 -0.0671655 1.000000 1.000000 1.000000
vn 0.9795293 -0.1912590 0.0627887
v 0.0327949 -0.0069603 -0.0682627 1.000000 1.000000 1.000000
vn 0.8944156 -0.2921370 0.3386396
v 0.0321282 -0.0105925 -0.0719204 1.000000 1.000000 1.000000
vn 0.9158486 -0.2045693 0.3455039
v 0.0330056 -0.0075645 -0.0719291 1.000000 1.000000 1.000000
vn 0.9411979 -0.0731002 0.3298528
v 0.0336218 -0.0033273 -0.0719512 1.000000 1.000000 1.000000
vn 0.9956360 -0.0808461 0.0466136
v 0.0331370 -0.0036578 -0.0669377 1.000000 1.000000 1.000000
vn 0.9966481 -0.0816218 0.0055203
v 0.0330537 -0.0036827 -0.0528583 1.000000 1.000000 1.000000
vn 0.9968984 -0.0786621 0.0024564
v 0.0329812 -0.0035616 -0.0320796 1.000000 1.000000 1.000000
vn 0.9969243 -0.0782930 0.0035064
v 0.0330390 -0.0035503 -0.0428573 1.000000 1.000000 1.000000
vn 0.9975501 0.0096644 0.0692853
v 0.0333824 0.0004052 -0.0683723 1.000000 1.000000 1.000000
vn 0.9416627 0.0074441 0.3364758
v 0.0336999 -0.0002379 -0.0719290 1.000000 1.000000 1.000000
vn 0.9998463 0.0101887 0.0142689
v 0.0332044 0.0003592 -0.0637618 1.000000 1.000000 1.000000
vn 0.9999957 0.0004866 0.0028866
v 0.0331411 -0.0001130 -0.0484467 1.000000 1.000000 1.000000
vn 0.9846032 0.0184684 0.1738265
v 0.0329871 -0.0000474 -0.0108318 1.000000 1.000000 1.000000
vn 0.9999170 0.0109772 0.0067439
v 0.0329695 -0.0000074 -0.0131486 1.000000 1.000000 1.000000
vn 0.9999626 0.0022479 0.0083514
v 0.0330800 -0.0000188 -0.0207778 1.000000 1.000000 1.000000
vn 0.9240497 -0.3818523 0.0179156
v 0.0303994 -0.0138082 -0.0183051 1.000000 1.000000 1.000000
vn 0.9939709 0.0841725 0.0702626
v 0.0335218 0.0032374 -0.0715817 1.000000 1.000000 1.000000
vn 0.9948674 0.0949929 0.0348612
v 0.0330901 0.0035711 -0.0663199 1.000000 1.000000 1.000000
vn 0.9991863 0.0250700 0.0315945
v 0.0324023 0.0001158 -0.0092380 1.000000 1.000000 1.000000
vn 0.9141239 -0.3433920 0.2155448
v 0.0307629 -0.0125016 -0.0107671 1.000000 1.000000 1.000000
vn 0.9171010 -0.3986240 0.0049825
v 0.0304711 -0.0140723 -0.0471187 1.000000 1.000000 1.000000
vn 0.9177848 -0.3970291 0.0062597
v 0.0304864 -0.0137476 -0.0367629 1.000000 1.000000 1.000000
vn 0.9189314 -0.3944122 0.0020062
v 0.0304238 -0.0138094 -0.0274446 1.000000 1.000000 1.000000
vn 0.9167415 -0.3994766 -0.0018476
v 0.0300537 -0.0141605 -0.0124173 1.000000 1.000000 1.000000
vn 0.8410161 -0.3886291 0.3763768
v 0.0307734 -0.0140163 -0.0718941 1.000000 1.000000 1.000000
vn 0.9107075 -0.4121103 0.0278747
v 0.0304812 -0.0139401 -0.0667916 1.000000 1.000000 1.000000
vn 0.9967779 0.0796733 0.0092787
v 0.0329800 0.0033504 -0.0216760 1.000000 1.000000 1.000000
vn 0.9971528 0.0754076 0.0002279
v 0.0330432 0.0031194 -0.0455024 1.000000 1.000000 1.000000
vn 0.9702798 0.0899377 0.2246520
v 0.0327564 0.0037151 -0.0108338 1.000000 1.000000 1.000000
vn 0.9215899 0.1393143 0.3623033
v 0.0334920 0.0041761 -0.0720960 1.000000 1.000000 1.000000
vn 0.8888276 -0.3543517 0.2905520
v 0.0300803 -0.0125952 -0.0095878 1.000000 1.000000 1.000000
vn 0.9056330 -0.4196770 0.0608287
v 0.0289214 -0.0150902 -0.0091447 1.000000 1.000000 1.000000
vn 0.9902343 0.1394127 0.0004455
v 0.0327759 0.0058078 -0.0378592 1.000000 1.000000 1.000000
vn 0.8894730 -0.4111058 0.1995743
v 0.0296602 -0.0151202 -0.0106956 1.000000 1.000000 1.000000
vn 0.9682498 0.1365342 0.2094059
v 0.0320994 0.0048080 -0.0096390 1.000000 1.000000 1.000000
vn 0.9723551 0.1637431 -0.1664746
v 0.0320685 0.0050941 -0.0088626 1.000000 1.000000 1.000000
vn 0.9802055 0.1972532 0.0169770
v 0.0325192 0.0068142 -0.0205922 1.000000 1.000000 1.000000
vn 0.9835678 0.1804845 0.0044410
v 0.0326644 0.0066580 -0.0601843 1.000000 1.000000 1.000000
vn 0.9841745 0.1772022 -0.0001586
v 0.0325326 0.0070930 -0.0463901 1.000000 1.000000 1.000000
vn 0.9795759 0.1976236 0.0370953
v 0.0326623 0.0070722 -0.0680090 1.000000 1.000000 1.000000
vn 0.9406903 0.2062125 0.2694035
v 0.0329167 0.0070399 -0.0719167 1.000000 1.000000 1.000000
vn 0.9543458 0.1985296 0.2231817
v 0.0323295 0.0066168 -0.0108818 1.000000 1.000000 1.000000
vn 0.9777380 0.2097463 0.0059060
v 0.0324127 0.0077475 -0.0342154 1.000000 1.000000 1.000000
vn 0.8630558 -0.5049416 0.0129863
v 0.0285848 -0.0175963 -0.0198105 1.000000 1.000000 1.000000
vn 0.8637999 -0.5038344 -0.0008415
v 0.0286134 -0.0174845 -0.0270101 1.000000 1.000000 1.000000
vn 0.8616365 -0.5075011 0.0050396
v 0.0286339 -0.0174625 -0.0371381 1.000000 1.000000 1.000000
vn 0.8648072 -0.5020988 -0.0023052
v 0.0289154 -0.0171404 -0.0486363 1.000000 1.000000 1.000000
vn 0.8585846 -0.5125608 0.0106723
v 0.0283814 -0.0175042 -0.0131937 1.000000 1.000000 1.000000
vn 0.8741069 -0.4835289 0.0462266
v 0.0291370 -0.0166598 -0.0679533 1.000000 1.000000 1.000000
vn 0.8517460 -0.5236411 0.0181370
v 0.0284853 -0.0177197 -0.0664169 1.000000 1.000000 1.000000
vn 0.7773015 -0.4952175 0.3880235
v 0.0288079 -0.0176807 -0.0719465 1.000000 1.000000 1.000000
vn 0.8380548 -0.5137370 0.1836805
v 0.0281836 -0.0178603 -0.0106202 1.000000 1.000000 1.000000
vn 0.9719017 0.2353870 -0.0000497
v 0.0320171 0.0094000 -0.0541118 1.000000 1.000000 1.000000
vn 0.9538057 0.3004230 -0.0009380
v 0.0317288 0.0105999 -0.0442900 1.000000 1.000000 1.000000
vn 0.9524738 0.3045531 0.0064229
v 0.0317309 0.0105421 -0.0349867 1.000000 1.000000 1.000000
vn 0.9511199 0.3084396 0.0153628
v 0.0315527 0.0105871 -0.0235319 1.000000 1.000000 1.000000
vn 0.9531360 0.3024880 0.0057375
v 0.0317348 0.0104658 -0.0616387 1.000000 1.000000 1.000000
vn 0.9472417 0.3191467 0.0296431
v 0.0317580 0.0106964 -0.0691439 1.000000 1.000000 1.000000
vn 0.9212980 0.3038266 0.2426919
v 0.0321085 0.0099760 -0.0719993 1.000000 1.000000 1.000000
vn 0.9497164 0.3130065 -0.0081095
v 0.0312000 0.0107914 -0.0124691 1.000000 1.000000 1.000000
vn 0.9283141 0.3166725 -0.1948114
v 0.0306645 0.0107807 -0.0088160 1.000000 1.000000 1.000000
vn 0.9362717 0.2458459 0.2509089
v 0.0310242 0.0093787 -0.0096250 1.000000 1.000000 1.000000
vn 0.9464428 0.2520302 0.2018090
v 0.0316526 0.0095440 -0.0108433 1.000000 1.000000 1.000000
vn 0.9012542 0.2215675 0.3723558
v 0.0335040 0.0073876 -0.0731561 1.000000 1.000000 1.000000
vn 0.9159580 0.1362608 0.3774306
v 0.0343038 0.0039851 -0.0735535 1.000000 1.000000 1.000000
vn 0.9590328 0.2550515 0.1233084
v 0.0343692 0.0075265 -0.0762518 1.000000 1.000000 1.000000
vn 0.9785854 0.1448556 0.1462444
v 0.0352529 0.0033241 -0.0762561 1.000000 1.000000 1.000000
vn 0.9847159 0.0351675 0.1705810
v 0.0355759 -0.0001283 -0.0761691 1.000000 1.000000 1.000000
vn 0.9855554 0.1691845 -0.0075697
v 0.0352123 0.0034702 -0.0801477 1.000000 1.000000 1.000000
vn 0.9979191 0.0635329 -0.0110010
v 0.0356933 -0.0003054 -0.0894159 1.000000 1.000000 1.000000
vn 0.9841539 -0.0805374 0.1579712
v 0.0355247 -0.0032208 -0.0763861 1.000000 1.000000 1.000000
vn 0.9960009 -0.0893239 0.0018607
v 0.0356334 -0.0034320 -0.0870703 1.000000 1.000000 1.000000
vn 0.9775541 -0.2100198 0.0167254
v 0.0350458 -0.0068904 -0.0787528 1.000000 1.000000 1.000000
vn 0.9595918 -0.2131266 0.1837410
v 0.0348481 -0.0072918 -0.0760169 1.000000 1.000000 1.000000
vn 0.9729875 -0.2298503 -0.0215449
v 0.0350430 -0.0069196 -0.0905940 1.000000 1.000000 1.000000
vn 0.9962752 -0.0764002 -0.0399848
v 0.0356065 -0.0029857 -0.0937793 1.000000 1.000000 1.000000
vn 0.9002461 -0.0837182 0.4272566
v 0.0344770 -0.0037230 -0.0733212 1.000000 1.000000 1.000000
vn 0.9683676 -0.2373935 -0.0768669
v 0.0348900 -0.0064657 -0.0971837 1.000000 1.000000 1.000000
vn 0.9399381 -0.3182380 0.1234546
v 0.0339632 -0.0105841 -0.0766214 1.000000 1.000000 1.000000
vn 0.9925419 0.0965296 -0.0744487
v 0.0354916 -0.0003137 -0.0960770 1.000000 1.000000 1.000000
vn 0.8718586 -0.1859121 0.4530997
v 0.0337331 -0.0074530 -0.0729172 1.000000 1.000000 1.000000
vn 0.9376174 -0.3465789 -0.0275096
v 0.0341067 -0.0100725 -0.0892630 1.000000 1.000000 1.000000
vn 0.9870279 -0.0649904 -0.1468065
v 0.0349911 -0.0030731 -0.1013160 1.000000 1.000000 1.000000
vn 0.8894426 0.0187157 0.4566636
v 0.0344758 -0.0002031 -0.0730406 1.000000 1.000000 1.000000
vn 0.8626264 -0.2747990 0.4246897
v 0.0328696 -0.0106365 -0.0729779 1.000000 1.000000 1.000000
vn 0.9535315 -0.2566909 -0.1577581
v 0.0342630 -0.0066777 -0.1021314 1.000000 1.000000 1.000000
vn 0.9810701 0.1202613 -0.1517855
v 0.0349774 -0.0003340 -0.1008723 1.000000 1.000000 1.000000
vn 0.8684752 -0.3797882 0.3186091
v 0.0317769 -0.0142595 -0.0734988 1.000000 1.000000 1.000000
vn 0.9060259 -0.4099089 0.1053172
v 0.0325457 -0.0142508 -0.0764477 1.000000 1.000000 1.000000
vn 0.9785957 0.2037269 -0.0290831
v 0.0352379 0.0027727 -0.0896366 1.000000 1.000000 1.000000
vn 0.8964291 -0.4421867 -0.0297622
v 0.0326337 -0.0136992 -0.0857613 1.000000 1.000000 1.000000
vn 0.9057807 -0.4109090 -0.1035138
v 0.0335032 -0.0100303 -0.0983962 1.000000 1.000000 1.000000
vn 0.9586568 -0.0673961 -0.2764688
v 0.0340699 -0.0035733 -0.1056884 1.000000 1.000000 1.000000
vn 0.9058839 -0.4187959 -0.0631218
v 0.0332803 -0.0116533 -0.0917304 1.000000 1.000000 1.000000
vn 0.9140295 -0.2543119 -0.3160310
v 0.0333087 -0.0064589 -0.1066166 1.000000 1.000000 1.000000
vn 0.9539595 0.1410383 -0.2647066
v 0.0341802 -0.0003795 -0.1049219 1.000000 1.000000 1.000000
vn 0.9579736 0.2777879 -0.0715576
v 0.0347915 0.0038602 -0.0933723 1.000000 1.000000 1.000000
vn 0.8167623 -0.5010211 0.2861421
v 0.0299651 -0.0179872 -0.0736719 1.000000 1.000000 1.000000
vn 0.7804487 -0.3357919 0.5273932
v 0.0314974 -0.0139649 -0.0726447 1.000000 1.000000 1.000000
vn 0.8777575 -0.4225373 -0.2258410
v 0.0329215 -0.0092373 -0.1042986 1.000000 1.000000 1.000000
vn 0.9559545 0.2912565 -0.0363414
v 0.0342884 0.0070368 -0.0834543 1.000000 1.000000 1.000000
vn 0.9394149 0.3057525 -0.1549681
v 0.0344735 0.0027670 -0.0997954 1.000000 1.000000 1.000000
vn 0.8502896 -0.5233263 0.0560106
v 0.0307963 -0.0174776 -0.0766249 1.000000 1.000000 1.000000
vn 0.8529657 -0.5144323 -0.0883685
v 0.0321666 -0.0138803 -0.0916846 1.000000 1.000000 1.000000
vn 0.8564115 -0.4923296 -0.1554704
v 0.0326844 -0.0108598 -0.1009933 1.000000 1.000000 1.000000
vn 0.7538660 -0.5660653 0.3335509
v 0.0272465 -0.0200059 -0.0719644 1.000000 1.000000 1.000000
vn 0.8393881 -0.5410284 -0.0521134
v 0.0311802 -0.0163085 -0.0848296 1.000000 1.000000 1.000000
vn 0.8856221 0.3334054 0.3232867
v 0.0325116 0.0111710 -0.0736616 1.000000 1.000000 1.000000
vn 0.9341941 0.3465396 0.0848038
v 0.0333713 0.0106019 -0.0763223 1.000000 1.000000 1.000000
vn 0.8389757 -0.5359057 0.0944714
v 0.0274734 -0.0179713 -0.0092343 1.000000 1.000000 1.000000
vn 0.9200381 0.3272107 0.2155531
v 0.0308711 0.0119087 -0.0107824 1.000000 1.000000 1.000000
vn 0.9113001 0.4088473 0.0487467
v 0.0308541 0.0139707 0.0001666 1.000000 1.000000 1.000000
vn 0.7116621 -0.4364311 0.5505134
v 0.0296093 -0.0177334 -0.0727095 1.000000 1.000000 1.000000
vn 0.9215734 -0.1769028 -0.3455544
v 0.0143027 -0.0034755 0.0975748 1.000000 1.000000 1.000000
vn 0.8194814 -0.5731050 -0.0009626
v 0.0275410 -0.0192312 -0.0478779 1.000000 1.000000 1.000000
vn 0.9020839 0.3979096 0.1670710
v 0.0295433 0.0134877 0.0124362 1.000000 1.000000 1.000000
vn 0.8068995 -0.5284756 -0.2638687
v 0.0279416 -0.0180845 -0.0071214 1.000000 1.000000 1.000000
vn 0.7722703 -0.6335720 0.0467459
v 0.0281235 -0.0213013 -0.0763040 1.000000 1.000000 1.000000
vn 0.7614487 -0.6083006 0.2239786
v 0.0281018 -0.0208849 -0.0742941 1.000000 1.000000 1.000000
vn 0.7693006 -0.6357198 -0.0635375
v 0.0282900 -0.0208981 -0.0792278 1.000000 1.000000 1.000000
vn 0.7870569 -0.6168737 -0.0028625
v 0.0264450 -0.0206871 -0.0568227 1.000000 1.000000 1.000000
vn 0.7857615 -0.6182535 0.0184800
v 0.0264520 -0.0206735 -0.0193212 1.000000 1.000000 1.000000
vn 0.7862938 -0.6178448 0.0031498
v 0.0262626 -0.0209384 -0.0392565 1.000000 1.000000 1.000000
vn 0.7841872 -0.6020531 -0.1502747
v 0.0315467 -0.0138698 -0.0960577 1.000000 1.000000 1.000000
vn 0.9294768 -0.1010765 -0.3547626
v 0.0147898 0.0001142 0.0978284 1.000000 1.000000 1.000000
vn 0.8782676 -0.0410698 -0.4764023
v 0.0328765 -0.0033170 -0.1088435 1.000000 1.000000 1.000000
vn 0.7810743 -0.6239457 0.0247943
v 0.0262630 -0.0208299 -0.0666620 1.000000 1.000000 1.000000
vn 0.7838725 -0.6202261 0.0293841
v 0.0261096 -0.0208183 -0.0151012 1.000000 1.000000 1.000000
vn 0.7653217 -0.6098064 0.2059585
v 0.0262404 -0.0205900 -0.0105566 1.000000 1.000000 1.000000
vn 0.8708914 0.1734321 -0.4598581
v 0.0329441 -0.0005004 -0.1083853 1.000000 1.000000 1.000000
vn 0.7479890 -0.6497079 -0.1356181
v 0.0299696 -0.0175495 -0.0885399 1.000000 1.000000 1.000000
vn 0.7537578 -0.6319329 -0.1803055
v 0.0314587 -0.0129313 -0.1002591 1.000000 1.000000 1.000000
vn 0.7615868 -0.4934474 -0.4201136
v 0.0315672 -0.0096496 -0.1075857 1.000000 1.000000 1.000000
vn 0.9110863 0.4010862 -0.0951397
v 0.0336604 0.0080462 -0.0881936 1.000000 1.000000 1.000000
vn 0.8579606 -0.3305970 -0.3932039
v 0.0135029 -0.0062264 0.0974717 1.000000 1.000000 1.000000
vn 0.9131488 0.4073128 0.0159908
v 0.0302939 0.0138164 -0.0223280 1.000000 1.000000 1.000000
vn 0.9034679 0.4285985 0.0070124
v 0.0303738 0.0139295 -0.0334750 1.000000 1.000000 1.000000
vn 0.9003713 0.4351215 0.0009465
v 0.0302794 0.0142171 -0.0423951 1.000000 1.000000 1.000000
vn 0.9229493 0.3848407 0.0078988
v 0.0308132 0.0128398 -0.0626299 1.000000 1.000000 1.000000
vn 0.9107187 0.4128796 -0.0110470
v 0.0298106 0.0143614 -0.0123888 1.000000 1.000000 1.000000
vn 0.9106222 0.3938619 -0.1250601
v 0.0341131 0.0050621 -0.0959007 1.000000 1.000000 1.000000
vn 0.8870134 0.4123566 0.2077719
v 0.0306561 0.0137487 -0.0719675 1.000000 1.000000 1.000000
vn 0.8857448 0.3555942 -0.2983436
v 0.0334304 0.0022891 -0.1050006 1.000000 1.000000 1.000000
vn 0.8761172 0.4286550 0.2206207
v 0.0282354 0.0140397 0.0174108 1.000000 1.000000 1.000000
vn 0.8998914 0.4354821 0.0234698
v 0.0303876 0.0139659 -0.0680309 1.000000 1.000000 1.000000
vn 0.8593777 0.3707930 0.3521115
v 0.0299456 0.0125969 -0.0095398 1.000000 1.000000 1.000000
vn 0.9032952 0.4165194 0.1028077
v 0.0318827 0.0141426 -0.0760718 1.000000 1.000000 1.000000
vn 0.8472835 0.4532574 0.2768905
v 0.0189567 0.0100809 0.0512713 1.000000 1.000000 1.000000
vn 0.8701832 0.3951590 0.2943309
v 0.0222534 0.0104215 0.0408998 1.000000 1.000000 1.000000
vn 0.8936714 0.4246261 -0.1450659
v 0.0307262 0.0143453 -0.0042013 1.000000 1.000000 1.000000
vn 0.8355898 -0.2529352 -0.4876612
v 0.0323334 -0.0062591 -0.1089050 1.000000 1.000000 1.000000
vn 0.8784862 0.4702584 0.0843748
v 0.0124831 0.0073101 0.0846244 1.000000 1.000000 1.000000
vn 0.8834731 0.4662017 0.0461661
v 0.0127010 0.0070161 0.0819290 1.000000 1.000000 1.000000
vn 0.8890897 0.4431781 0.1145110
v 0.0132460 0.0064363 0.0786174 1.000000 1.000000 1.000000
vn 0.8836130 0.3967590 0.2486172
v 0.0298683 0.0144063 -0.0106240 1.000000 1.000000 1.000000
vn 0.8719870 0.4742100 0.1215053
v 0.0119631 0.0072344 0.0875822 1.000000 1.000000 1.000000
vn 0.8896004 0.4567373 -0.0014946
v 0.0300644 0.0144861 -0.0604024 1.000000 1.000000 1.000000
vn 0.8544858 0.4454284 0.2672969
v 0.0266065 0.0142005 0.0227439 1.000000 1.000000 1.000000
vn 0.8335555 0.4670937 0.2949725
v 0.0239212 0.0134388 0.0319257 1.000000 1.000000 1.000000
vn 0.9005815 0.4259935 -0.0865014
v 0.0316293 0.0143316 -0.0791730 1.000000 1.000000 1.000000
vn 0.8723054 0.4736644 -0.1213479
v 0.0325226 0.0111585 -0.0849396 1.000000 1.000000 1.000000
vn 0.8989692 0.4314748 0.0753925
v 0.0133633 0.0037709 0.0894643 1.000000 1.000000 1.000000
vn 0.8906902 0.4544900 -0.0104800
v 0.0121030 0.0064389 0.0914829 1.000000 1.000000 1.000000
vn 0.8353016 0.4472642 0.3197280
v 0.0303761 0.0158478 -0.0736693 1.000000 1.000000 1.000000
vn 0.8721581 0.4718284 0.1292996
v 0.0118880 0.0071330 0.0932705 1.000000 1.000000 1.000000
vn 0.7299901 -0.6336625 -0.2560985
v 0.0312851 -0.0120410 -0.1037510 1.000000 1.000000 1.000000
vn 0.8410888 0.5206498 0.1466062
v 0.0277461 0.0176938 0.0105536 1.000000 1.000000 1.000000
vn 0.8431631 0.4118567 0.3456154
v 0.0117612 0.0067832 0.0939966 1.000000 1.000000 1.000000
vn 0.6921651 -0.5526315 0.4642262
v 0.0278129 -0.0205429 -0.0730361 1.000000 1.000000 1.000000
vn 0.8378953 0.4624037 0.2900248
v 0.0207003 0.0106630 0.0451980 1.000000 1.000000 1.000000
vn 0.8391060 0.5357996 0.0939140
v 0.0281356 0.0181401 0.0056823 1.000000 1.000000 1.000000
vn 0.8496405 0.5272555 0.0106208
v 0.0283989 0.0174240 -0.0198613 1.000000 1.000000 1.000000
vn 0.8478021 0.5299681 -0.0191153
v 0.0280959 0.0177039 -0.0123579 1.000000 1.000000 1.000000
vn 0.8619365 0.4922401 0.1215122
v 0.0300070 0.0177728 -0.0760579 1.000000 1.000000 1.000000
vn 0.8879807 0.4324224 0.1565283
v 0.0285859 0.0151242 -0.0093106 1.000000 1.000000 1.000000
vn 0.8755101 0.4775085 -0.0739444
v 0.0298751 0.0178642 -0.0790740 1.000000 1.000000 1.000000
vn 0.8383780 0.4734581 0.2701105
v 0.0285338 0.0171658 -0.0105466 1.000000 1.000000 1.000000
vn 0.8107110 0.5011047 0.3027241
v 0.0217771 0.0133549 0.0377988 1.000000 1.000000 1.000000
vn 0.8380418 0.4831173 0.2535420
v 0.0155650 0.0085713 0.0646960 1.000000 1.000000 1.000000
vn 0.8172829 0.5360844 0.2113345
v 0.0131016 0.0085220 0.0732646 1.000000 1.000000 1.000000
vn 0.8137286 0.5175479 0.2645563
v 0.0170615 0.0105849 0.0562723 1.000000 1.000000 1.000000
vn 0.8079402 0.5771064 0.1190835
v 0.0121153 0.0085230 0.0779800 1.000000 1.000000 1.000000
vn 0.8369884 0.5457109 0.0406219
v 0.0285416 0.0183084 -0.0001711 1.000000 1.000000 1.000000
vn 0.8283660 0.5431420 -0.1371374
v 0.0285467 0.0183524 -0.0041568 1.000000 1.000000 1.000000
vn 0.8329621 0.5085504 0.2180608
v 0.0288390 0.0170900 -0.0720311 1.000000 1.000000 1.000000
vn 0.8339822 0.5515069 0.0177180
v 0.0282663 0.0176308 -0.0658783 1.000000 1.000000 1.000000
vn 0.8302503 0.5573908 0.0001529
v 0.0282080 0.0177336 -0.0301984 1.000000 1.000000 1.000000
vn 0.8301665 0.5575081 -0.0029109
v 0.0283114 0.0176199 -0.0527607 1.000000 1.000000 1.000000
vn 0.8276555 0.5612354 0.0010735
v 0.0282470 0.0177765 -0.0424132 1.000000 1.000000 1.000000
vn 0.8399760 0.4937723 -0.2250094
v 0.0334417 0.0045100 -0.1009089 1.000000 1.000000 1.000000
vn 0.7997988 0.5608823 0.2138526
v 0.0258910 0.0184756 0.0165531 1.000000 1.000000 1.000000
vn 0.7909635 0.5537238 0.2603206
v 0.0248520 0.0177991 0.0214614 1.000000 1.000000 1.000000
vn 0.8778809 0.4297265 -0.2113295
v 0.0303583 0.0158773 -0.0820499 1.000000 1.000000 1.000000
vn 0.8854247 0.4058132 -0.2265807
v 0.0296039 0.0173146 -0.0827605 1.000000 1.000000 1.000000
vn 0.7524269 0.4718508 -0.4595765
v 0.0300074 0.0149209 -0.0840244 1.000000 1.000000 1.000000
vn 0.8316006 0.5275262 -0.1736566
v 0.0333824 0.0064478 -0.0959745 1.000000 1.000000 1.000000
vn 0.8717877 0.4628210 -0.1605706
v 0.0275685 0.0203061 -0.0860352 1.000000 1.000000 1.000000
vn 0.9185923 0.2599389 -0.2976910
v 0.0286068 0.0178798 -0.0851553 1.000000 1.000000 1.000000
vn 0.9239557 0.2862051 -0.2537571
v 0.0272401 0.0200074 -0.0881324 1.000000 1.000000 1.000000
vn 0.9395152 0.1218858 -0.3200860
v 0.0271104 0.0179123 -0.0893109 1.000000 1.000000 1.000000
vn 0.9534978 0.0524847 -0.2967952
v 0.0259767 0.0181453 -0.0926490 1.000000 1.000000 1.000000
vn 0.9285114 0.2748051 -0.2496974
v 0.0262841 0.0204982 -0.0912703 1.000000 1.000000 1.000000
vn 0.9295651 0.2449383 -0.2755250
v 0.0254154 0.0206563 -0.0941171 1.000000 1.000000 1.000000
vn 0.9120728 0.2847610 -0.2950161
v 0.0239297 0.0207684 -0.0986494 1.000000 1.000000 1.000000
vn 0.8533630 0.4497412 -0.2636370
v 0.0222304 0.0232467 -0.1012475 1.000000 1.000000 1.000000
vn 0.9002899 0.2881358 -0.3262758
v 0.0224089 0.0209633 -0.1029656 1.000000 1.000000 1.000000
vn 0.8312548 0.4503722 -0.3258533
v 0.0207293 0.0236944 -0.1051576 1.000000 1.000000 1.000000
vn 0.8204768 0.5380070 -0.1933041
v 0.0318495 0.0122783 -0.0846058 1.000000 1.000000 1.000000
vn 0.8563381 0.2493181 -0.4522451
v 0.0203568 0.0211936 -0.1076275 1.000000 1.000000 1.000000
vn 0.8198417 0.5257374 0.2268472
v 0.0101975 0.0091930 0.0946058 1.000000 1.000000 1.000000
vn 0.8308820 0.5492405 -0.0892751
v 0.0281551 0.0204652 -0.0811730 1.000000 1.000000 1.000000
vn 0.8277026 0.5574605 0.0643911
v 0.0105618 0.0103150 0.0850125 1.000000 1.000000 1.000000
vn 0.8272419 0.5576736 0.0683457
v 0.0098171 0.0101181 0.0894042 1.000000 1.000000 1.000000
vn 0.8521740 0.5034252 -0.1426980
v 0.0326124 0.0089587 -0.0915097 1.000000 1.000000 1.000000
vn 0.8071241 0.5744455 0.1362459
v 0.0283013 0.0205789 -0.0760685 1.000000 1.000000 1.000000
vn 0.8613003 0.5076461 -0.0213809
v 0.0104036 0.0091563 0.0911836 1.000000 1.000000 1.000000
vn 0.8187047 0.5730846 0.0360117
v 0.0104075 0.0094016 0.0931399 1.000000 1.000000 1.000000
vn 0.7555238 0.5475948 0.3596161
v 0.0279053 0.0199031 -0.0737204 1.000000 1.000000 1.000000
vn 0.8140129 0.5501744 -0.1862557
v 0.0244804 0.0228356 -0.0933122 1.000000 1.000000 1.000000
vn 0.7849060 0.6195653 0.0078407
v 0.0110642 0.0094569 0.0819590 1.000000 1.000000 1.000000
vn 0.7801378 0.5742849 0.2481568
v 0.0143573 0.0100291 0.0655476 1.000000 1.000000 1.000000
vn 0.7962692 0.5298502 0.2919147
v 0.0177778 0.0146185 0.0464005 1.000000 1.000000 1.000000
vn 0.7678856 0.5784965 0.2751247
v 0.0167078 0.0125031 0.0531438 1.000000 1.000000 1.000000
vn 0.7973342 0.6023317 -0.0381421
v 0.0270772 0.0196841 -0.0713548 1.000000 1.000000 1.000000
vn 0.7922401 0.5335947 0.2960276
v 0.0209725 0.0174618 0.0326784 1.000000 1.000000 1.000000
vn 0.7946666 0.3775285 -0.4753706
v 0.0320606 0.0017801 -0.1084648 1.000000 1.000000 1.000000
vn 0.8208350 0.4701642 -0.3243079
v 0.0326246 0.0036627 -0.1051626 1.000000 1.000000 1.000000
vn 0.7717338 0.3945444 -0.4987603
v 0.0190428 0.0240165 -0.1084552 1.000000 1.000000 1.000000
vn 0.7347341 0.5648291 0.3756781
v 0.0263224 0.0203309 -0.0104946 1.000000 1.000000 1.000000
vn 0.7813275 0.5536192 0.2881550
v 0.0189328 0.0159017 0.0406179 1.000000 1.000000 1.000000
vn 0.7724707 0.6167150 0.1514982
v 0.0258426 0.0200431 0.0114159 1.000000 1.000000 1.000000
vn 0.7681035 0.6325159 0.0997028
v 0.0257075 0.0211726 0.0067731 1.000000 1.000000 1.000000
vn 0.8100249 0.5694969 -0.1397606
v 0.0257427 0.0226700 -0.0873610 1.000000 1.000000 1.000000
vn 0.8011361 0.5984485 0.0063552
v 0.0258137 0.0209094 -0.0189454 1.000000 1.000000 1.000000
vn 0.8010216 0.5981181 -0.0248844
v 0.0256935 0.0209178 -0.0124423 1.000000 1.000000 1.000000
vn 0.7931418 0.6068167 -0.0519590
v 0.0266655 0.0225502 -0.0802781 1.000000 1.000000 1.000000
vn 0.7684934 0.5745202 0.2816817
v 0.0215789 0.0184982 0.0289652 1.000000 1.000000 1.000000
vn 0.7983006 0.5367084 -0.2732403
v 0.0279356 0.0182403 -0.0060787 1.000000 1.000000 1.000000
vn 0.8508908 0.5112243 -0.1209734
v 0.0274330 0.0177154 -0.0088083 1.000000 1.000000 1.000000
vn 0.7982747 0.5020567 0.3327110
v 0.0274359 0.0177651 -0.0096704 1.000000 1.000000 1.000000
vn 0.7084512 0.5795779 0.4027240
v 0.0261059 0.0195036 -0.0097053 1.000000 1.000000 1.000000
vn 0.7637299 0.6141221 0.1989239
v 0.0117221 0.0101753 0.0736557 1.000000 1.000000 1.000000
vn 0.7674956 0.6402118 0.0328550
v 0.0262453 0.0212738 -0.0006684 1.000000 1.000000 1.000000
vn 0.7854272 0.6189471 -0.0029287
v 0.0254950 0.0212082 -0.0502671 1.000000 1.000000 1.000000
vn 0.7825458 0.6225915 0.0014068
v 0.0253724 0.0213819 -0.0420572 1.000000 1.000000 1.000000
vn 0.7858638 0.6183879 -0.0038279
v 0.0253539 0.0213694 -0.0287941 1.000000 1.000000 1.000000
vn 0.7955523 0.6058420 0.0072176
v 0.0258935 0.0207263 -0.0641757 1.000000 1.000000 1.000000
vn 0.7834707 0.6187212 0.0579455
v 0.0254272 0.0214687 -0.0690304 1.000000 1.000000 1.000000
vn 0.7699900 0.6371364 -0.0342435
v 0.0254255 0.0217207 -0.0709226 1.000000 1.000000 1.000000
vn 0.7869086 0.5818339 -0.2055340
v 0.0216713 0.0247249 -0.0993688 1.000000 1.000000 1.000000
vn 0.7696617 0.6178450 0.1608992
v 0.0267691 0.0199575 -0.0719387 1.000000 1.000000 1.000000
vn 0.7691286 0.6243845 -0.1363277
v 0.0257100 0.0219259 -0.0043206 1.000000 1.000000 1.000000
vn 0.7662052 0.6409891 -0.0454151
v 0.0259155 0.0196273 -0.0091065 1.000000 1.000000 1.000000
vn 0.7921151 0.5693491 -0.2199894
v 0.0326415 0.0061622 -0.0995646 1.000000 1.000000 1.000000
vn 0.7468790 0.6193320 0.2420739
v 0.0221791 0.0216236 0.0201320 1.000000 1.000000 1.000000
vn 0.7489141 0.6381354 0.1786361
v 0.0227273 0.0230479 0.0140265 1.000000 1.000000 1.000000
vn 0.7450609 0.6184078 0.2499119
v 0.0123981 0.0125031 0.0652667 1.000000 1.000000 1.000000
vn 0.7407329 0.6182841 0.2627539
v 0.0138178 0.0137631 0.0583268 1.000000 1.000000 1.000000
vn 0.7342421 0.6191908 0.2783730
v 0.0146231 0.0147671 0.0536064 1.000000 1.000000 1.000000
vn 0.7531646 0.6314200 0.1845320
v 0.0251911 0.0243465 -0.0761059 1.000000 1.000000 1.000000
vn 0.7655659 0.6333528 0.1130184
v 0.0237702 0.0222106 -0.0096567 1.000000 1.000000 1.000000
vn 0.7644110 0.6282780 -0.1447149
v 0.0239247 0.0220914 -0.0085252 1.000000 1.000000 1.000000
vn 0.7583604 0.6518150 0.0051698
v 0.0093753 0.0106014 0.0932877 1.000000 1.000000 1.000000
vn 0.7474950 0.6572304 0.0964341
v 0.0236158 0.0235754 0.0066111 1.000000 1.000000 1.000000
vn 0.7461944 0.6643370 0.0430152
v 0.0239107 0.0238789 -0.0005201 1.000000 1.000000 1.000000
vn 0.7637912 0.6285908 -0.1466173
v 0.0238672 0.0245045 -0.0893513 1.000000 1.000000 1.000000
vn 0.7418222 0.6592119 0.1230425
v 0.0099394 0.0110441 0.0775917 1.000000 1.000000 1.000000
vn 0.7365513 0.6763704 0.0039226
v 0.0095761 0.0110371 0.0814901 1.000000 1.000000 1.000000
vn 0.7063676 0.6046750 0.3679851
v 0.0247626 0.0235209 -0.0736328 1.000000 1.000000 1.000000
vn 0.7330129 0.6290572 0.2588037
v 0.0248641 0.0221648 -0.0719363 1.000000 1.000000 1.000000
vn 0.7771850 0.2518850 -0.5766607
v 0.0184255 0.0211731 -0.1105291 1.000000 1.000000 1.000000
vn 0.7715576 -0.4924908 -0.4026806
v 0.0123318 -0.0084777 0.0973652 1.000000 1.000000 1.000000
vn 0.8128550 -0.0169542 -0.5822192
v 0.0313709 -0.0032085 -0.1109803 1.000000 1.000000 1.000000
vn 0.7731694 -0.2829543 -0.5675791
v 0.0310675 -0.0063032 -0.1106790 1.000000 1.000000 1.000000
vn 0.7353212 0.6202077 -0.2732130
v 0.0185646 0.0261982 -0.1053000 1.000000 1.000000 1.000000
vn 0.7585676 0.2416913 -0.6051120
v 0.0309882 -0.0004861 -0.1110355 1.000000 1.000000 1.000000
vn 0.7545696 0.5062836 -0.4174943
v 0.0312945 0.0031153 -0.1082303 1.000000 1.000000 1.000000
vn 0.7550765 -0.5629689 -0.3360440
v 0.0097429 -0.0106524 0.0957886 1.000000 1.000000 1.000000
vn 0.7018617 -0.6382967 0.3161764
v 0.0254522 -0.0221674 -0.0720569 1.000000 1.000000 1.000000
vn 0.7534158 -0.6527752 0.0790519
v 0.0251990 -0.0208600 -0.0091412 1.000000 1.000000 1.000000
vn 0.7096545 -0.6885486 -0.1493035
v 0.0283677 -0.0199634 -0.0852931 1.000000 1.000000 1.000000
vn 0.7444489 -0.6672496 0.0239546
v 0.0243888 -0.0229554 -0.0666348 1.000000 1.000000 1.000000
vn 0.7485863 -0.6630306 -0.0030062
v 0.0240276 -0.0234256 -0.0575242 1.000000 1.000000 1.000000
vn 0.7475288 -0.6642261 0.0021007
v 0.0242371 -0.0232081 -0.0252387 1.000000 1.000000 1.000000
vn 0.7272553 -0.6863656 0.0014231
v 0.0245293 -0.0228916 -0.0407389 1.000000 1.000000 1.000000
vn 0.7485071 -0.6625909 0.0266539
v 0.0245528 -0.0227301 -0.0175728 1.000000 1.000000 1.000000
vn 0.6932808 -0.6632447 0.2819013
v 0.0241531 -0.0228960 -0.0105567 1.000000 1.000000 1.000000
vn 0.7219993 -0.6886462 0.0669588
v 0.0249245 -0.0246731 -0.0759473 1.000000 1.000000 1.000000
vn 0.6676348 -0.6334739 0.3911197
v 0.0250769 -0.0237260 -0.0732486 1.000000 1.000000 1.000000
vn 0.6973075 0.4093072 -0.5884130
v 0.0171148 0.0237158 -0.1109491 1.000000 1.000000 1.000000
vn 0.7331747 0.3937603 -0.5544437
v 0.0286594 0.0152627 -0.0855641 1.000000 1.000000 1.000000
vn 0.7345133 0.3876496 -0.5569722
v 0.0271973 0.0138695 -0.0884619 1.000000 1.000000 1.000000
vn 0.7179440 -0.6950682 0.0379044
v 0.0231266 -0.0245176 -0.0711029 1.000000 1.000000 1.000000
vn 0.7008811 -0.6812875 0.2112182
v 0.0241582 -0.0234962 -0.0720489 1.000000 1.000000 1.000000
vn 0.7167410 -0.6895358 -0.1040326
v 0.0252229 -0.0240475 -0.0800183 1.000000 1.000000 1.000000
vn 0.7069564 -0.6865309 -0.1699647
v 0.0252870 -0.0233809 -0.0831673 1.000000 1.000000 1.000000
vn 0.7111263 -0.6805893 -0.1763454
v 0.0297337 -0.0167672 -0.0925714 1.000000 1.000000 1.000000
vn 0.7100143 -0.7022037 0.0528187
v 0.0090038 -0.0125402 0.0841112 1.000000 1.000000 1.000000
vn 0.7089810 -0.7035367 0.0488066
v 0.0087247 -0.0127415 0.0799030 1.000000 1.000000 1.000000
vn 0.7001204 -0.7117704 0.0566951
v 0.0072405 -0.0129615 0.0923863 1.000000 1.000000 1.000000
vn 0.6978009 -0.6703417 0.2524205
v 0.0239002 -0.0222489 -0.0091353 1.000000 1.000000 1.000000
vn 0.6825610 -0.6964646 -0.2214667
v 0.0220553 -0.0241379 -0.0085978 1.000000 1.000000 1.000000
vn 0.6919746 -0.7013336 -0.1711792
v 0.0227905 -0.0252679 -0.0041599 1.000000 1.000000 1.000000
vn 0.7079354 -0.7062750 0.0017771
v 0.0233302 -0.0241006 -0.0435707 1.000000 1.000000 1.000000
vn 0.6907815 -0.7230625 -0.0012602
v 0.0233550 -0.0240240 -0.0347146 1.000000 1.000000 1.000000
vn 0.7121767 -0.6979215 -0.0755648
v 0.0081560 -0.0121327 0.0933597 1.000000 1.000000 1.000000
vn 0.6929777 -0.6959323 -0.1883084
v 0.0298802 -0.0150587 -0.0980428 1.000000 1.000000 1.000000
vn 0.6888867 -0.7143117 0.1232642
v 0.0223228 -0.0237850 -0.0091961 1.000000 1.000000 1.000000
vn 0.6256077 -0.6658328 0.4065487
v 0.0226280 -0.0243182 -0.0105390 1.000000 1.000000 1.000000
vn 0.7193449 -0.5358715 -0.4420232
v 0.0105585 -0.0109278 0.0974498 1.000000 1.000000 1.000000
vn 0.7487239 -0.6213439 -0.2309640
v 0.0218457 -0.0259008 -0.0869538 1.000000 1.000000 1.000000
vn 0.7813362 -0.4913059 -0.3848795
v 0.0235217 -0.0242826 -0.0855430 1.000000 1.000000 1.000000
vn 0.7797284 -0.5673821 -0.2647665
v 0.0214772 -0.0252952 -0.0890721 1.000000 1.000000 1.000000
vn 0.7711582 -0.6034315 -0.2029422
v 0.0194607 -0.0277508 -0.0897300 1.000000 1.000000 1.000000
vn 0.7686850 -0.6105012 -0.1908186
v 0.0189979 -0.0269864 -0.0941423 1.000000 1.000000 1.000000
vn 0.8007111 -0.5496999 -0.2381004
v 0.0172981 -0.0279345 -0.0978914 1.000000 1.000000 1.000000
vn 0.8026009 -0.5424688 -0.2481122
v 0.0177502 -0.0269346 -0.0986151 1.000000 1.000000 1.000000
vn 0.7675080 -0.5721390 -0.2891166
v 0.0159463 -0.0269675 -0.1041495 1.000000 1.000000 1.000000
vn 0.7609484 -0.5676231 -0.3142636
v 0.0149068 -0.0282708 -0.1043124 1.000000 1.000000 1.000000
vn 0.7537218 -0.5570944 -0.3486390
v 0.0246139 -0.0228577 -0.0854586 1.000000 1.000000 1.000000
vn 0.7521707 -0.5556185 -0.3542985
v 0.0140422 -0.0278009 -0.1068850 1.000000 1.000000 1.000000
vn 0.7103765 -0.6851381 -0.1610933
v 0.0214794 -0.0268419 -0.0845668 1.000000 1.000000 1.000000
vn 0.6661296 -0.6508351 -0.3642595
v 0.0299994 -0.0118116 -0.1067531 1.000000 1.000000 1.000000
vn 0.6967524 -0.4315549 -0.5729717
v 0.0298765 -0.0083186 -0.1106441 1.000000 1.000000 1.000000
vn 0.6474745 -0.7349899 -0.2014116
v 0.0277709 -0.0191521 -0.0898371 1.000000 1.000000 1.000000
vn 0.6675524 -0.5302079 -0.5227365
v 0.0301644 -0.0102187 -0.1087998 1.000000 1.000000 1.000000
vn 0.6374446 -0.7370976 -0.2243918
v 0.0268236 -0.0207790 -0.0870007 1.000000 1.000000 1.000000
vn 0.6275665 -0.7292552 -0.2726670
v 0.0298681 -0.0132125 -0.1038788 1.000000 1.000000 1.000000
vn 0.6684060 0.3971188 -0.6289119
v 0.0298745 0.0015888 -0.1109091 1.000000 1.000000 1.000000
vn 0.6305236 0.5445477 -0.5530893
v 0.0165381 0.0265805 -0.1087861 1.000000 1.000000 1.000000
vn -0.1847159 -0.9827809 -0.0046748
v -0.0068975 -0.0323544 -0.0279782 1.000000 1.000000 1.000000
vn -0.2808210 -0.9597592 0.0013862
v -0.0106092 -0.0314225 -0.0243072 1.000000 1.000000 1.000000
vn -0.2946250 -0.9556034 -0.0042737
v -0.0110692 -0.0312501 -0.0355920 1.000000 1.000000 1.000000
vn -0.1848503 -0.9827634 -0.0025494
v -0.0071231 -0.0322226 -0.0380446 1.000000 1.000000 1.000000
vn -0.2869391 -0.9579488 0.0002731
v -0.0105533 -0.0313584 -0.0488491 1.000000 1.000000 1.000000
vn -0.2050952 -0.9786784 0.0111629
v -0.0073229 -0.0322394 -0.0191546 1.000000 1.000000 1.000000
vn -0.2016338 -0.9793612 -0.0139868
v -0.0074174 -0.0321194 -0.0125433 1.000000 1.000000 1.000000
vn -0.3135751 -0.9493354 -0.0208075
v -0.0123847 -0.0307745 -0.0129492 1.000000 1.000000 1.000000
vn -0.3583738 -0.9335756 0.0022269
v -0.0134730 -0.0304629 -0.0220516 1.000000 1.000000 1.000000
vn -0.1961372 -0.9805765 -0.0000545
v -0.0072326 -0.0322596 -0.0562456 1.000000 1.000000 1.000000
vn -0.2888435 -0.9573763 -0.0002315
v -0.0108247 -0.0313081 -0.0606560 1.000000 1.000000 1.000000
vn -0.2968852 -0.9542340 0.0360105
v -0.0111273 -0.0312118 -0.0682549 1.000000 1.000000 1.000000
vn -0.1934678 -0.9806942 0.0284441
v -0.0071081 -0.0322526 -0.0681182 1.000000 1.000000 1.000000
vn -0.3751788 -0.9269524 -0.0003959
v -0.0134621 -0.0303986 -0.0575846 1.000000 1.000000 1.000000
vn -0.3838592 -0.9233915 0.0006267
v -0.0140633 -0.0301569 -0.0524005 1.000000 1.000000 1.000000
vn -0.3852850 -0.9227874 -0.0043632
v -0.0140427 -0.0301480 -0.0364694 1.000000 1.000000 1.000000
vn -0.2320596 -0.9642922 0.1276287
v -0.0085693 -0.0319410 -0.0106098 1.000000 1.000000 1.000000
vn -0.3294150 -0.9320706 0.1507650
v -0.0129935 -0.0307034 -0.0105074 1.000000 1.000000 1.000000
vn -0.4013425 -0.9147819 0.0458077
v -0.0144123 -0.0299933 -0.0682649 1.000000 1.000000 1.000000
vn -0.2605567 -0.9641439 -0.0503666
v -0.0097827 -0.0318225 -0.0716012 1.000000 1.000000 1.000000
vn -0.3661515 -0.9289399 -0.0548057
v -0.0139870 -0.0305014 -0.0715089 1.000000 1.000000 1.000000
vn -0.1613887 -0.9854236 -0.0537954
v -0.0063415 -0.0325780 -0.0716321 1.000000 1.000000 1.000000
vn -0.4215222 -0.9065113 -0.0235878
v -0.0156048 -0.0294862 -0.0132572 1.000000 1.000000 1.000000
vn -0.4433262 -0.8963582 -0.0019810
v -0.0163647 -0.0292021 -0.0225905 1.000000 1.000000 1.000000
vn -0.4515899 -0.8796622 0.1492013
v -0.0164525 -0.0292720 -0.0106322 1.000000 1.000000 1.000000
vn -0.1196896 -0.9825458 0.1424019
v -0.0051638 -0.0325669 -0.0104168 1.000000 1.000000 1.000000
vn -0.2191267 -0.9593414 0.1778976
v -0.0079121 -0.0321471 -0.0725471 1.000000 1.000000 1.000000
vn -0.2923060 -0.9449264 0.1472117
v -0.0110229 -0.0312955 -0.0725942 1.000000 1.000000 1.000000
vn -0.4592591 -0.8883022 0.0005679
v -0.0168695 -0.0287931 -0.0409603 1.000000 1.000000 1.000000
vn -0.4923138 -0.8704150 -0.0022311
v -0.0175022 -0.0284918 -0.0560044 1.000000 1.000000 1.000000
vn -0.4951298 -0.8677934 0.0422020
v -0.0174899 -0.0284584 -0.0682277 1.000000 1.000000 1.000000
vn -0.5086903 -0.8607326 0.0193336
v -0.0180299 -0.0284960 -0.0715866 1.000000 1.000000 1.000000
vn -0.4171204 -0.9081762 0.0350226
v -0.0149577 -0.0299849 -0.0721580 1.000000 1.000000 1.000000
vn -0.4834679 -0.8617693 0.1536638
v -0.0174245 -0.0287680 -0.0725430 1.000000 1.000000 1.000000
vn -0.5278031 -0.8493648 0.0018548
v -0.0185927 -0.0279843 -0.0200918 1.000000 1.000000 1.000000
vn -0.5293477 -0.8483891 -0.0051861
v -0.0182981 -0.0279862 -0.0360122 1.000000 1.000000 1.000000
vn -0.5101750 -0.8600248 0.0088909
v -0.0189474 -0.0276813 -0.0158226 1.000000 1.000000 1.000000
vn -0.5143283 -0.8439376 0.1524329
v -0.0188110 -0.0278819 -0.0106771 1.000000 1.000000 1.000000
vn -0.3398249 -0.8854439 0.3170305
v -0.0145094 -0.0303439 -0.0729830 1.000000 1.000000 1.000000
vn -0.1053821 -0.9943976 0.0082481
v -0.0039920 -0.0327503 -0.0194287 1.000000 1.000000 1.000000
vn -0.0984429 -0.9951341 0.0041342
v -0.0039338 -0.0326297 -0.0131250 1.000000 1.000000 1.000000
vn -0.0968370 -0.9952965 0.0027344
v -0.0039647 -0.0327083 -0.0515596 1.000000 1.000000 1.000000
vn -0.1073046 -0.9938927 0.0257517
v -0.0034246 -0.0327719 -0.0683580 1.000000 1.000000 1.000000
vn -0.0925358 -0.9957092 -0.0005786
v -0.0037018 -0.0326516 -0.0383859 1.000000 1.000000 1.000000
vn -0.0900002 -0.9959124 -0.0076458
v -0.0039700 -0.0327065 -0.0291800 1.000000 1.000000 1.000000
vn -0.0321751 -0.9994324 -0.0099863
v -0.0010568 -0.0330897 -0.0709464 1.000000 1.000000 1.000000
vn -0.0001582 -0.9999586 0.0090976
v -0.0000179 -0.0329601 -0.0648321 1.000000 1.000000 1.000000
vn 0.0037235 -0.9999533 0.0089196
v 0.0000043 -0.0330032 -0.0190943 1.000000 1.000000 1.000000
vn -0.0022593 -0.9999656 -0.0079834
v -0.0001347 -0.0329149 -0.0298261 1.000000 1.000000 1.000000
vn -0.0055776 -0.9999844 0.0003721
v -0.0003364 -0.0328622 -0.0388304 1.000000 1.000000 1.000000
vn -0.0984851 -0.9610947 0.2580653
v -0.0036200 -0.0328596 -0.0724625 1.000000 1.000000 1.000000
vn 0.0018321 -0.9974264 0.0716749
v -0.0000792 -0.0328519 -0.0112079 1.000000 1.000000 1.000000
vn 0.0357600 -0.9663492 0.2547359
v 0.0010444 -0.0330486 -0.0723315 1.000000 1.000000 1.000000
vn -0.0183207 -0.9808240 0.1940328
v -0.0008494 -0.0326191 -0.0096975 1.000000 1.000000 1.000000
vn -0.5709319 -0.7981098 0.1925034
v -0.0194496 -0.0275101 -0.0728444 1.000000 1.000000 1.000000
vn -0.5966880 -0.8020700 -0.0254415
v -0.0207338 -0.0265053 -0.0126071 1.000000 1.000000 1.000000
vn -0.2204939 -0.9736255 0.0586154
v -0.0081667 -0.0315723 -0.0091928 1.000000 1.000000 1.000000
vn -0.0832735 -0.9946750 -0.0607219
v -0.0044406 -0.0321619 -0.0086990 1.000000 1.000000 1.000000
vn -0.5952024 -0.8030101 0.0301475
v -0.0206341 -0.0264084 -0.0679036 1.000000 1.000000 1.000000
vn -0.5957230 -0.8031807 -0.0038560
v -0.0205848 -0.0264582 -0.0362833 1.000000 1.000000 1.000000
vn -0.5940658 -0.8044139 -0.0020787
v -0.0205610 -0.0264655 -0.0522939 1.000000 1.000000 1.000000
vn -0.6219384 -0.7830394 -0.0064757
v -0.0213749 -0.0259377 -0.0249550 1.000000 1.000000 1.000000
vn -0.6118978 -0.7908929 0.0083445
v -0.0209143 -0.0264904 -0.0713599 1.000000 1.000000 1.000000
vn -0.5761166 -0.7965965 0.1830948
v -0.0206353 -0.0266950 -0.0105991 1.000000 1.000000 1.000000
vn -0.1715114 -0.9420389 -0.2883516
v -0.0071607 -0.0321859 -0.0074235 1.000000 1.000000 1.000000
vn -0.2787510 -0.9415997 -0.1889123
v -0.0117942 -0.0307343 -0.0085202 1.000000 1.000000 1.000000
vn -0.3315969 -0.9252792 0.1841249
v -0.0127433 -0.0304143 -0.0095310 1.000000 1.000000 1.000000
vn -0.3818857 -0.9204528 -0.0832465
v -0.0136626 -0.0300175 -0.0088692 1.000000 1.000000 1.000000
vn -0.4242428 -0.8593544 -0.2855310
v -0.0159257 -0.0293579 -0.0075797 1.000000 1.000000 1.000000
vn -0.4484205 -0.8901970 0.0804266
v -0.0160017 -0.0288875 -0.0092835 1.000000 1.000000 1.000000
vn -0.5375657 -0.8356257 0.1129286
v -0.0189557 -0.0272020 -0.0093165 1.000000 1.000000 1.000000
vn -0.5505314 -0.7983435 -0.2440551
v -0.0196503 -0.0268863 -0.0084849 1.000000 1.000000 1.000000
vn -0.2390913 -0.9574822 -0.1614414
v -0.0115474 -0.0323168 -0.0041320 1.000000 1.000000 1.000000
vn -0.3482141 -0.9145711 -0.2056856
v -0.0138796 -0.0316050 -0.0042881 1.000000 1.000000 1.000000
vn -0.3429713 -0.9392037 -0.0163435
v -0.0139359 -0.0317076 -0.0026206 1.000000 1.000000 1.000000
vn -0.2589085 -0.9652777 0.0347177
v -0.0115698 -0.0322514 0.0021319 1.000000 1.000000 1.000000
vn -0.1497693 -0.9887201 -0.0013620
v -0.0067171 -0.0334451 -0.0009974 1.000000 1.000000 1.000000
vn -0.2940882 -0.9522951 0.0815239
v -0.0123346 -0.0317994 0.0069490 1.000000 1.000000 1.000000
vn -0.3900741 -0.9172434 0.0806651
v -0.0147427 -0.0309347 0.0065390 1.000000 1.000000 1.000000
vn -0.1480724 -0.9875001 0.0540199
v -0.0063848 -0.0333373 0.0048197 1.000000 1.000000 1.000000
vn -0.1390286 -0.9752639 -0.1718472
v -0.0065017 -0.0333678 -0.0042897 1.000000 1.000000 1.000000
vn -0.4352622 -0.9002538 0.0094828
v -0.0165478 -0.0305109 -0.0011470 1.000000 1.000000 1.000000
vn -0.1516623 -0.9819999 0.1125823
v -0.0060333 -0.0329178 0.0107134 1.000000 1.000000 1.000000
vn -0.2898161 -0.9471171 0.1377530
v -0.0115873 -0.0314707 0.0120133 1.000000 1.000000 1.000000
vn -0.4215181 -0.8934367 0.1552204
v -0.0151238 -0.0299930 0.0126690 1.000000 1.000000 1.000000
vn -0.4443696 -0.8740240 -0.1965144
v -0.0170250 -0.0301409 -0.0042486 1.000000 1.000000 1.000000
vn -0.5126038 -0.8388641 -0.1831516
v -0.0194230 -0.0289078 -0.0040522 1.000000 1.000000 1.000000
vn -0.4930301 -0.8652467 0.0909372
v -0.0183713 -0.0291600 0.0067383 1.000000 1.000000 1.000000
vn -0.5339189 -0.8454385 0.0128198
v -0.0197345 -0.0288461 -0.0006273 1.000000 1.000000 1.000000
vn -0.1896986 -0.9634540 0.1891320
v -0.0070837 -0.0316847 0.0168265 1.000000 1.000000 1.000000
vn -0.3117633 -0.9281647 0.2032583
v -0.0116796 -0.0304421 0.0173764 1.000000 1.000000 1.000000
vn -0.0003243 -0.9997734 0.0212849
v -0.0003680 -0.0338909 0.0015082 1.000000 1.000000 1.000000
vn 0.0022014 -0.9884635 -0.1514438
v -0.0002175 -0.0338397 -0.0040882 1.000000 1.000000 1.000000
vn 0.0318127 -0.9967314 -0.0742599
v 0.0000321 -0.0324204 -0.0087272 1.000000 1.000000 1.000000
vn -0.0890816 -0.9856397 0.1434533
v -0.0043802 -0.0328956 0.0121984 1.000000 1.000000 1.000000
vn -0.1050767 -0.9738356 0.2015022
v -0.0046228 -0.0317456 0.0183918 1.000000 1.000000 1.000000
vn -0.3145883 -0.9209069 0.2301408
v -0.0111297 -0.0293813 0.0225439 1.000000 1.000000 1.000000
vn -0.1901344 -0.9500591 0.2474605
v -0.0067383 -0.0298257 0.0254279 1.000000 1.000000 1.000000
vn 0.0066892 -0.9971993 0.0744902
v 0.0000557 -0.0335627 0.0080839 1.000000 1.000000 1.000000
vn -0.2941416 -0.9163317 0.2716929
v -0.0099377 -0.0285860 0.0269620 1.000000 1.000000 1.000000
vn -0.4572915 -0.8610846 0.2223015
v -0.0159947 -0.0280275 0.0195931 1.000000 1.000000 1.000000
vn 0.0172131 -0.9887456 0.1486132
v 0.0004759 -0.0330591 0.0129079 1.000000 1.000000 1.000000
vn 0.0218635 -0.9787921 0.2036859
v 0.0003925 -0.0319391 0.0188124 1.000000 1.000000 1.000000
vn -0.1022653 -0.9598917 0.2610551
v -0.0047088 -0.0299890 0.0259641 1.000000 1.000000 1.000000
vn -0.3904589 -0.8794403 0.2722621
v -0.0126032 -0.0277024 0.0264176 1.000000 1.000000 1.000000
vn -0.5492464 -0.8148378 0.1853857
v -0.0191484 -0.0272390 0.0150729 1.000000 1.000000 1.000000
vn -0.5531457 -0.8226485 0.1314508
v -0.0196488 -0.0280811 0.0087296 1.000000 1.000000 1.000000
vn -0.2205770 -0.9310998 0.2905149
v -0.0075011 -0.0279864 0.0310106 1.000000 1.000000 1.000000
vn -0.4720991 -0.8376496 0.2747103
v -0.0154840 -0.0264385 0.0259134 1.000000 1.000000 1.000000
vn -0.5920412 -0.8024963 0.0740735
v -0.0211542 -0.0274892 0.0045255 1.000000 1.000000 1.000000
vn -0.3508292 -0.8883721 0.2961655
v -0.0106314 -0.0268096 0.0315427 1.000000 1.000000 1.000000
vn -0.2690980 -0.9190443 0.2879998
v -0.0078364 -0.0258617 0.0376071 1.000000 1.000000 1.000000
vn -0.1144271 -0.9517902 0.2846085
v -0.0040995 -0.0270926 0.0357873 1.000000 1.000000 1.000000
vn -0.2636601 -0.9173031 0.2983930
v -0.0071458 -0.0245807 0.0424984 1.000000 1.000000 1.000000
vn 0.0210874 -0.9689427 0.2463847
v 0.0000756 -0.0308443 0.0237525 1.000000 1.000000 1.000000
vn -0.1113565 -0.9455726 0.3057649
v -0.0040398 -0.0248975 0.0431729 1.000000 1.000000 1.000000
vn 0.0250347 -0.9579661 0.2857868
v -0.0000054 -0.0262567 0.0396160 1.000000 1.000000 1.000000
vn 0.0286645 -0.9589151 0.2822414
v -0.0001692 -0.0291352 0.0296709 1.000000 1.000000 1.000000
vn 0.0957040 -0.9950696 0.0260263
v 0.0035505 -0.0328539 -0.0703366 1.000000 1.000000 1.000000
vn 0.1117987 -0.9937167 -0.0053160
v 0.0043020 -0.0327049 -0.0280659 1.000000 1.000000 1.000000
vn 0.0938904 -0.9955747 -0.0039672
v 0.0037370 -0.0326525 -0.0367613 1.000000 1.000000 1.000000
vn 0.0976777 -0.9952101 0.0039984
v 0.0039745 -0.0327004 -0.0529017 1.000000 1.000000 1.000000
vn 0.1131726 -0.9935506 0.0070165
v 0.0039853 -0.0327306 -0.0661982 1.000000 1.000000 1.000000
vn 0.1010438 -0.9764111 0.1908180
v 0.0038938 -0.0326507 -0.0104004 1.000000 1.000000 1.000000
vn 0.1203481 -0.9927031 0.0075457
v 0.0042702 -0.0325594 -0.0135562 1.000000 1.000000 1.000000
vn 0.1146776 -0.9933232 0.0125723
v 0.0040833 -0.0327147 -0.0191810 1.000000 1.000000 1.000000
vn -0.0054409 -0.9735144 0.2285608
v -0.0042162 -0.0322622 -0.0095190 1.000000 1.000000 1.000000
vn 0.1102213 -0.9939037 0.0025939
v 0.0045299 -0.0335627 -0.0000283 1.000000 1.000000 1.000000
vn 0.0965539 -0.9653807 0.2423170
v 0.0050039 -0.0327601 -0.0722817 1.000000 1.000000 1.000000
vn 0.1575915 -0.9859159 0.0559894
v 0.0056881 -0.0332389 0.0060406 1.000000 1.000000 1.000000
vn 0.1436201 -0.9824364 0.1191302
v 0.0053255 -0.0328507 0.0114838 1.000000 1.000000 1.000000
vn 0.1107088 -0.9774842 -0.1796338
v 0.0045744 -0.0334279 -0.0045337 1.000000 1.000000 1.000000
vn -0.1328209 -0.9372116 0.3224796
v -0.0042262 -0.0226171 0.0497068 1.000000 1.000000 1.000000
vn -0.4073534 -0.8647261 0.2937889
v -0.0113493 -0.0238329 0.0394056 1.000000 1.000000 1.000000
vn -0.2788232 -0.9105219 0.3052990
v -0.0076110 -0.0210570 0.0520052 1.000000 1.000000 1.000000
vn -0.1498835 -0.9463134 0.2864016
v -0.0041693 -0.0208584 0.0550819 1.000000 1.000000 1.000000
vn -0.2909418 -0.9175770 0.2709344
v -0.0078377 -0.0196768 0.0560406 1.000000 1.000000 1.000000
vn -0.1444079 -0.9590694 0.2435822
v -0.0040460 -0.0198219 0.0589057 1.000000 1.000000 1.000000
vn -0.1594649 -0.9625692 0.2191610
v -0.0036745 -0.0176188 0.0684097 1.000000 1.000000 1.000000
vn -0.3268503 -0.9124370 0.2462267
v -0.0076364 -0.0182242 0.0618334 1.000000 1.000000 1.000000
vn -0.3332732 -0.9188150 0.2114432
v -0.0068057 -0.0163528 0.0702714 1.000000 1.000000 1.000000
vn -0.1867058 -0.9622113 0.1982183
v -0.0038834 -0.0166508 0.0728134 1.000000 1.000000 1.000000
vn -0.3976516 -0.9027649 0.1639786
v -0.0071127 -0.0150927 0.0753782 1.000000 1.000000 1.000000
vn -0.1970312 -0.9726319 0.1231498
v -0.0038837 -0.0160028 0.0764143 1.000000 1.000000 1.000000
vn -0.2098196 -0.9767110 0.0448479
v -0.0037979 -0.0156542 0.0805068 1.000000 1.000000 1.000000
vn 0.0360531 -0.9876464 0.1524954
v 0.0003722 -0.0165099 0.0752462 1.000000 1.000000 1.000000
vn 0.0321103 -0.9985631 0.0429038
v 0.0001740 -0.0160031 0.0805283 1.000000 1.000000 1.000000
vn 0.0163640 -0.9977446 0.0651001
v 0.0000336 -0.0160591 0.0845176 1.000000 1.000000 1.000000
vn -0.1829402 -0.9808474 0.0668683
v -0.0033617 -0.0157049 0.0843320 1.000000 1.000000 1.000000
vn -0.2256760 -0.9676105 0.1131382
v -0.0038665 -0.0152272 0.0870725 1.000000 1.000000 1.000000
vn 0.0208262 -0.9944524 0.1031051
v 0.0000721 -0.0156487 0.0874524 1.000000 1.000000 1.000000
vn 0.0439178 -0.9675924 0.2486691
v -0.0000337 -0.0152928 0.0932283 1.000000 1.000000 1.000000
vn -0.2486776 -0.9677038 0.0413381
v -0.0038539 -0.0148351 0.0922628 1.000000 1.000000 1.000000
vn -0.3955951 -0.9155124 0.0730868
v -0.0065478 -0.0148184 0.0844675 1.000000 1.000000 1.000000
vn -0.3670485 -0.9301950 -0.0035630
v -0.0061877 -0.0148744 0.0819693 1.000000 1.000000 1.000000
vn 0.0213428 -0.9766126 0.2139449
v 0.0001804 -0.0179735 0.0680818 1.000000 1.000000 1.000000
vn 0.0231878 -0.9689297 0.2462471
v 0.0002587 -0.0201223 0.0589364 1.000000 1.000000 1.000000
vn -0.4310592 -0.8985413 0.0825321
v -0.0073625 -0.0144476 0.0791521 1.000000 1.000000 1.000000
vn 0.0110312 -0.9587342 0.2840902
v -0.0001035 -0.0212477 0.0548455 1.000000 1.000000 1.000000
vn -0.1596594 -0.9631541 0.2164326
v -0.0030271 -0.0150562 0.0935215 1.000000 1.000000 1.000000
vn -0.4329672 -0.9013997 0.0042495
v -0.0065862 -0.0138105 0.0919276 1.000000 1.000000 1.000000
vn -0.4231530 -0.8954933 0.1379611
v -0.0067948 -0.0141861 0.0869201 1.000000 1.000000 1.000000
vn -0.2836383 -0.9571369 0.0586368
v -0.0043887 -0.0144740 0.0941685 1.000000 1.000000 1.000000
vn -0.3700822 -0.9154509 0.1580784
v -0.0061083 -0.0141488 0.0934491 1.000000 1.000000 1.000000
vn 0.0163830 -0.9481091 0.3175230
v -0.0000890 -0.0227592 0.0500791 1.000000 1.000000 1.000000
vn 0.0261091 -0.9463555 0.3220710
v 0.0000464 -0.0244088 0.0454065 1.000000 1.000000 1.000000
vn 0.1120250 -0.9898022 0.0879891
v 0.0041099 -0.0320817 -0.0091372 1.000000 1.000000 1.000000
vn 0.1840707 -0.9637107 0.1933383
v 0.0064052 -0.0318272 0.0164851 1.000000 1.000000 1.000000
vn 0.2088450 -0.9489216 0.2364985
v 0.0065290 -0.0310098 0.0201614 1.000000 1.000000 1.000000
vn -0.4160187 -0.8693725 0.2666830
v -0.0110560 -0.0179363 0.0576346 1.000000 1.000000 1.000000
vn -0.4692066 -0.8515056 0.2340588
v -0.0100647 -0.0154711 0.0676350 1.000000 1.000000 1.000000
vn -0.3944491 -0.8712419 0.2921428
v -0.0108413 -0.0205871 0.0496995 1.000000 1.000000 1.000000
vn -0.0056998 -0.9835228 0.1806943
v -0.0011213 -0.0149670 0.0940036 1.000000 1.000000 1.000000
vn 0.2093551 -0.9531040 0.2185483
v 0.0038820 -0.0176764 0.0674173 1.000000 1.000000 1.000000
vn -0.1516310 -0.9449958 -0.2898123
v -0.0028078 -0.0150361 0.0956742 1.000000 1.000000 1.000000
vn -0.3309190 -0.9167841 -0.2236059
v -0.0052568 -0.0142363 0.0951947 1.000000 1.000000 1.000000
vn 0.0995505 -0.9618727 -0.2547366
v 0.0005165 -0.0148777 0.0943486 1.000000 1.000000 1.000000
vn 0.1488195 -0.9512740 0.2700565
v 0.0045315 -0.0302742 0.0240929 1.000000 1.000000 1.000000
vn 0.1916305 -0.9507913 0.2434619
v 0.0085231 -0.0322828 -0.0720476 1.000000 1.000000 1.000000
vn 0.2555546 -0.9645388 0.0660065
v 0.0037460 -0.0155430 0.0844691 1.000000 1.000000 1.000000
vn 0.1985426 -0.9792264 0.0411896
v 0.0073552 -0.0321691 -0.0686032 1.000000 1.000000 1.000000
vn 0.2039081 -0.9463518 0.2506789
v 0.0041574 -0.0199210 0.0579930 1.000000 1.000000 1.000000
vn 0.2756923 -0.9605985 0.0352735
v 0.0039936 -0.0154086 0.0807230 1.000000 1.000000 1.000000
vn 0.1882288 -0.9375741 0.2924461
v 0.0040778 -0.0213203 0.0532330 1.000000 1.000000 1.000000
vn 0.2060443 -0.9785424 0.0007216
v 0.0073050 -0.0322454 -0.0597895 1.000000 1.000000 1.000000
vn 0.1976859 -0.9802606 0.0030822
v 0.0070570 -0.0322330 -0.0475328 1.000000 1.000000 1.000000
vn 0.1947096 -0.9808483 -0.0049783
v 0.0073444 -0.0321588 -0.0358053 1.000000 1.000000 1.000000
vn 0.2065156 -0.9784429 0.0009325
v 0.0070050 -0.0331878 -0.0002516 1.000000 1.000000 1.000000
vn 0.2064367 -0.9635908 -0.1699313
v 0.0071294 -0.0330510 -0.0044150 1.000000 1.000000 1.000000
vn 0.2734446 -0.9526623 0.1329009
v 0.0040824 -0.0158014 0.0762364 1.000000 1.000000 1.000000
vn 0.2652951 -0.9410580 0.2098293
v 0.0042518 -0.0165674 0.0718823 1.000000 1.000000 1.000000
vn 0.2790852 -0.9520451 0.1253860
v 0.0038205 -0.0151238 0.0868991 1.000000 1.000000 1.000000
vn 0.3029295 -0.9510347 0.0613746
v 0.0038414 -0.0147485 0.0912783 1.000000 1.000000 1.000000
vn 0.2021865 -0.9392225 0.2774559
v 0.0029253 -0.0149037 0.0933145 1.000000 1.000000 1.000000
vn 0.2131711 -0.9769008 0.0149312
v 0.0075182 -0.0321576 -0.0191683 1.000000 1.000000 1.000000
vn 0.2203831 -0.9753802 0.0080485
v 0.0074710 -0.0320152 -0.0136354 1.000000 1.000000 1.000000
vn 0.1678047 -0.9431371 0.2869391
v 0.0040545 -0.0283547 0.0305728 1.000000 1.000000 1.000000
vn 0.1895059 -0.9420616 0.2767805
v 0.0041716 -0.0268260 0.0357425 1.000000 1.000000 1.000000
vn 0.1514117 -0.9448378 0.2904411
v 0.0030350 -0.0252769 0.0417262 1.000000 1.000000 1.000000
vn 0.2005858 -0.9288327 0.3115048
v 0.0042051 -0.0239374 0.0453015 1.000000 1.000000 1.000000
vn 0.2170460 -0.9663659 0.1379422
v 0.0073171 -0.0320862 -0.0106271 1.000000 1.000000 1.000000
vn 0.2300393 -0.9641196 0.1324966
v 0.0077982 -0.0322194 0.0123216 1.000000 1.000000 1.000000
vn 0.3129733 -0.9460012 0.0844367
v 0.0111030 -0.0317566 0.0088260 1.000000 1.000000 1.000000
vn 0.3264748 -0.9448051 0.0275243
v 0.0114450 -0.0319313 0.0035751 1.000000 1.000000 1.000000
vn -0.4681242 -0.8330310 0.2948206
v -0.0147273 -0.0247496 0.0319749 1.000000 1.000000 1.000000
vn -0.4443163 -0.8941197 0.0559738
v -0.0071929 -0.0132788 0.0943057 1.000000 1.000000 1.000000
vn 0.2223309 -0.9106066 0.3483741
v 0.0077160 -0.0316802 -0.0095933 1.000000 1.000000 1.000000
vn -0.2798398 -0.9332882 0.2250842
v -0.0115207 -0.0326508 -0.0757421 1.000000 1.000000 1.000000
vn -0.2232240 -0.8799446 0.4193668
v -0.0082239 -0.0324080 -0.0732041 1.000000 1.000000 1.000000
vn -0.2312807 -0.9532148 0.1946555
v -0.0086015 -0.0334983 -0.0759818 1.000000 1.000000 1.000000
vn -0.2764835 -0.9591730 -0.0595318
v -0.0107201 -0.0329185 -0.0786250 1.000000 1.000000 1.000000
vn -0.3524348 -0.9207594 0.1673080
v -0.0146633 -0.0317510 -0.0762771 1.000000 1.000000 1.000000
vn -0.1850617 -0.9825294 0.0197033
v -0.0071829 -0.0338761 -0.0770576 1.000000 1.000000 1.000000
vn -0.0968999 -0.9847935 0.1441947
v -0.0034693 -0.0343422 -0.0760470 1.000000 1.000000 1.000000
vn -0.1166605 -0.9917544 -0.0530432
v -0.0039815 -0.0342132 -0.0798627 1.000000 1.000000 1.000000
vn -0.0013832 -0.9871583 0.1597393
v 0.0003247 -0.0345781 -0.0759468 1.000000 1.000000 1.000000
vn -0.0021472 -0.9995198 -0.0309142
v 0.0003967 -0.0345449 -0.0788850 1.000000 1.000000 1.000000
vn -0.0297199 -0.9975060 -0.0640207
v -0.0000414 -0.0342070 -0.0851411 1.000000 1.000000 1.000000
vn -0.1261862 -0.9049403 0.4063990
v -0.0043118 -0.0335147 -0.0736995 1.000000 1.000000 1.000000
vn -0.1731874 -0.9790474 -0.1071089
v -0.0031013 -0.0334668 -0.0902837 1.000000 1.000000 1.000000
vn -0.0563255 -0.9939802 -0.0939729
v 0.0005033 -0.0336966 -0.0926403 1.000000 1.000000 1.000000
vn -0.2248589 -0.9689476 -0.1028549
v -0.0071588 -0.0334209 -0.0828760 1.000000 1.000000 1.000000
vn 0.1054105 -0.9809902 0.1629324
v 0.0041562 -0.0343451 -0.0759799 1.000000 1.000000 1.000000
vn 0.1167493 -0.9923692 -0.0396603
v 0.0041579 -0.0342838 -0.0795893 1.000000 1.000000 1.000000
vn 0.0999835 -0.9929631 -0.0634636
v 0.0039368 -0.0337807 -0.0899704 1.000000 1.000000 1.000000
vn 0.0577025 -0.9893405 -0.1337007
v 0.0035808 -0.0331339 -0.0983864 1.000000 1.000000 1.000000
vn -0.1221253 -0.9792601 -0.1616632
v 0.0005328 -0.0330290 -0.0983372 1.000000 1.000000 1.000000
vn -0.2273506 -0.9628224 -0.1458931
v -0.0029648 -0.0329903 -0.0940789 1.000000 1.000000 1.000000
vn -0.2781506 -0.9496590 -0.1441527
v -0.0059348 -0.0330363 -0.0883012 1.000000 1.000000 1.000000
vn -0.0062635 -0.9051638 0.4250168
v 0.0001673 -0.0337020 -0.0734376 1.000000 1.000000 1.000000
vn -0.3566794 -0.9284495 -0.1037369
v -0.0150624 -0.0314867 -0.0788441 1.000000 1.000000 1.000000
vn 0.1893103 -0.9694820 0.1557766
v 0.0078283 -0.0337798 -0.0760516 1.000000 1.000000 1.000000
vn 0.2124223 -0.9757107 -0.0535294
v 0.0079123 -0.0334971 -0.0815286 1.000000 1.000000 1.000000
vn -0.3367850 -0.9257904 -0.1717204
v -0.0108010 -0.0324284 -0.0822860 1.000000 1.000000 1.000000
vn -0.1690096 -0.9583890 -0.2300570
v 0.0005701 -0.0320374 -0.1034304 1.000000 1.000000 1.000000
vn 0.0059148 -0.9692738 -0.2459134
v 0.0036504 -0.0318979 -0.1052382 1.000000 1.000000 1.000000
vn 0.2128775 -0.9753858 -0.0574956
v 0.0076054 -0.0331736 -0.0897355 1.000000 1.000000 1.000000
vn 0.2092883 -0.9735010 -0.0921644
v 0.0074664 -0.0327605 -0.0959047 1.000000 1.000000 1.000000
vn -0.3223076 -0.9245350 -0.2033540
v -0.0032815 -0.0322477 -0.0977833 1.000000 1.000000 1.000000
vn -0.3890472 -0.8996311 -0.1982581
v -0.0084981 -0.0323389 -0.0872208 1.000000 1.000000 1.000000
vn 0.1073962 -0.9210016 0.3744627
v 0.0051269 -0.0333545 -0.0735483 1.000000 1.000000 1.000000
vn 0.2615152 -0.9569952 0.1255789
v 0.0105639 -0.0331887 -0.0762209 1.000000 1.000000 1.000000
vn 0.1894021 -0.9693145 -0.1567046
v 0.0070452 -0.0321950 -0.1013738 1.000000 1.000000 1.000000
vn 0.1832329 -0.9503285 -0.2515979
v 0.0068474 -0.0313697 -0.1059034 1.000000 1.000000 1.000000
vn 0.2805176 -0.9586686 0.0475846
v 0.0103277 -0.0313984 -0.0685862 1.000000 1.000000 1.000000
vn 0.3081840 -0.9513267 0.0004152
v 0.0113413 -0.0311930 -0.0282105 1.000000 1.000000 1.000000
vn 0.3108688 -0.9504514 0.0016568
v 0.0114214 -0.0310810 -0.0494766 1.000000 1.000000 1.000000
vn 0.3101159 -0.9506977 -0.0014174
v 0.0112888 -0.0311332 -0.0393499 1.000000 1.000000 1.000000
vn 0.3354113 -0.9295447 0.1531202
v 0.0112942 -0.0312480 0.0124826 1.000000 1.000000 1.000000
vn 0.2548102 -0.9268492 0.2757215
v 0.0066982 -0.0298259 0.0240094 1.000000 1.000000 1.000000
vn 0.2795618 -0.9144784 0.2925315
v 0.0073557 -0.0286769 0.0272544 1.000000 1.000000 1.000000
vn 0.1839111 -0.9399782 0.2874332
v 0.0092558 -0.0326336 -0.0732586 1.000000 1.000000 1.000000
vn 0.2310453 -0.9343193 0.2714141
v 0.0103602 -0.0327266 -0.0747036 1.000000 1.000000 1.000000
vn 0.3221123 -0.9336312 -0.1567693
v 0.0115737 -0.0318841 -0.0041615 1.000000 1.000000 1.000000
vn 0.0986475 -0.9562869 -0.2752889
v 0.0042879 -0.0324219 -0.0076344 1.000000 1.000000 1.000000
vn 0.3117287 -0.9497942 0.0267634
v 0.0112728 -0.0310956 -0.0173686 1.000000 1.000000 1.000000
vn 0.3239328 -0.9459840 0.0134877
v 0.0114939 -0.0308737 -0.0136075 1.000000 1.000000 1.000000
vn 0.3231315 -0.9332300 0.1570601
v 0.0113936 -0.0309424 -0.0106989 1.000000 1.000000 1.000000
vn -0.3592871 -0.8995504 -0.2484388
v -0.0022318 -0.0315658 -0.1021786 1.000000 1.000000 1.000000
vn 0.3329968 -0.8268870 0.4531789
v 0.0138827 -0.0313253 -0.0727278 1.000000 1.000000 1.000000
vn 0.3661351 -0.9272378 0.0785826
v 0.0139316 -0.0321156 -0.0762051 1.000000 1.000000 1.000000
vn 0.2948509 -0.9537885 -0.0578829
v 0.0111832 -0.0325753 -0.0826985 1.000000 1.000000 1.000000
vn 0.3037994 -0.9508578 -0.0597961
v 0.0113353 -0.0321406 -0.0902210 1.000000 1.000000 1.000000
vn 0.3181854 -0.9434587 -0.0929715
v 0.0112719 -0.0318222 -0.0948336 1.000000 1.000000 1.000000
vn 0.3215598 -0.9028554 0.2853970
v 0.0076763 -0.0266833 0.0330860 1.000000 1.000000 1.000000
vn 0.3413658 -0.8949702 0.2872241
v 0.0071424 -0.0242325 0.0417567 1.000000 1.000000 1.000000
vn 0.3282371 -0.8666525 0.3757311
v 0.0130702 -0.0308401 -0.0718578 1.000000 1.000000 1.000000
vn 0.3256927 -0.9441785 0.0495101
v 0.0123139 -0.0307662 -0.0684830 1.000000 1.000000 1.000000
vn 0.3530763 -0.9075986 0.2271609
v 0.0112902 -0.0301195 0.0176450 1.000000 1.000000 1.000000
vn 0.3740589 -0.8827578 0.2842860
v 0.0112027 -0.0282878 0.0240560 1.000000 1.000000 1.000000
vn 0.1792944 -0.9819666 0.0599595
v 0.0059009 -0.0317880 -0.0091039 1.000000 1.000000 1.000000
vn 0.3151772 -0.9089122 -0.2730235
v 0.0112202 -0.0308608 -0.0074435 1.000000 1.000000 1.000000
vn -0.4671628 -0.8828632 -0.0480793
v -0.0178273 -0.0302971 -0.0783558 1.000000 1.000000 1.000000
vn 0.2997103 -0.9414459 -0.1544455
v 0.0099225 -0.0314857 -0.1011360 1.000000 1.000000 1.000000
vn -0.2458778 -0.8952843 -0.3714973
v 0.0005176 -0.0308752 -0.1073301 1.000000 1.000000 1.000000
vn 0.4223502 -0.8762484 0.2319679
v 0.0069258 -0.0168825 0.0666365 1.000000 1.000000 1.000000
vn 0.2540265 -0.9647971 0.0680973
v 0.0087217 -0.0311550 -0.0089764 1.000000 1.000000 1.000000
vn 0.3767506 -0.8896768 0.2579423
v 0.0079587 -0.0188648 0.0573374 1.000000 1.000000 1.000000
vn 0.3184173 -0.9459204 0.0620091
v 0.0110111 -0.0305145 -0.0091767 1.000000 1.000000 1.000000
vn 0.3394813 -0.8984751 0.2783794
v 0.0075219 -0.0200382 0.0540926 1.000000 1.000000 1.000000
vn 0.3502651 -0.8910526 0.2886860
v 0.0072051 -0.0218401 0.0485876 1.000000 1.000000 1.000000
vn 0.4127311 -0.9102494 0.0331535
v 0.0147209 -0.0298106 -0.0676998 1.000000 1.000000 1.000000
vn 0.4128982 -0.9107768 0.0009028
v 0.0145586 -0.0298608 -0.0490759 1.000000 1.000000 1.000000
vn 0.4169699 -0.9089137 -0.0034740
v 0.0144631 -0.0298722 -0.0367664 1.000000 1.000000 1.000000
vn 0.4133148 -0.9105871 -0.0014014
v 0.0143700 -0.0299880 -0.0288285 1.000000 1.000000 1.000000
vn 0.4357785 -0.8431496 0.3149537
v 0.0055240 -0.0139331 0.0933790 1.000000 1.000000 1.000000
vn -0.0215545 -0.8987123 -0.4380087
v 0.0037319 -0.0307319 -0.1088396 1.000000 1.000000 1.000000
vn 0.4080147 -0.9109635 -0.0605776
v 0.0149282 -0.0312912 -0.0814472 1.000000 1.000000 1.000000
vn -0.4929976 -0.8446841 0.2084757
v -0.0185450 -0.0298838 -0.0762432 1.000000 1.000000 1.000000
vn -0.4221139 -0.8563644 0.2974220
v -0.0167769 -0.0306570 -0.0758544 1.000000 1.000000 1.000000
vn 0.2616085 -0.9436519 0.2026874
v 0.0031157 -0.0144467 0.0939722 1.000000 1.000000 1.000000
vn 0.2946118 -0.9073555 -0.2998497
v 0.0033703 -0.0146457 0.0955849 1.000000 1.000000 1.000000
vn 0.3404142 -0.9060912 -0.2512312
v 0.0102688 -0.0304831 -0.1055502 1.000000 1.000000 1.000000
vn -0.0048067 -0.9045125 -0.4264199
v -0.0001080 -0.0155663 0.0964045 1.000000 1.000000 1.000000
vn 0.4183220 -0.9082466 0.0097432
v 0.0143653 -0.0296942 -0.0124174 1.000000 1.000000 1.000000
vn 0.4168245 -0.9087539 0.0205845
v 0.0145167 -0.0298390 -0.0182053 1.000000 1.000000 1.000000
vn 0.4304453 -0.8989538 -0.0812346
v 0.0146513 -0.0308452 -0.0910917 1.000000 1.000000 1.000000
vn 0.4373540 -0.8968399 0.0663309
v 0.0144201 -0.0305312 0.0068111 1.000000 1.000000 1.000000
vn 0.5252488 -0.8473427 0.0782574
v 0.0071099 -0.0141910 0.0843946 1.000000 1.000000 1.000000
vn 0.4718779 -0.8613936 0.1879689
v 0.0069427 -0.0152741 0.0728210 1.000000 1.000000 1.000000
vn 0.5246339 -0.8417268 0.1274960
v 0.0071305 -0.0144209 0.0767140 1.000000 1.000000 1.000000
vn 0.5128192 -0.8581361 0.0248792
v 0.0069502 -0.0141413 0.0804855 1.000000 1.000000 1.000000
vn 0.4022205 -0.9033782 -0.1487498
v 0.0126683 -0.0306709 -0.0997628 1.000000 1.000000 1.000000
vn 0.4271246 -0.8901944 -0.1584884
v 0.0145416 -0.0306458 -0.0042210 1.000000 1.000000 1.000000
vn 0.4365631 -0.8731894 0.2166863
v 0.0150000 -0.0294098 -0.0104171 1.000000 1.000000 1.000000
vn 0.2064518 -0.9015530 -0.3802366
v 0.0071571 -0.0304928 -0.1083705 1.000000 1.000000 1.000000
vn 0.5114841 -0.8509279 0.1196064
v 0.0070402 -0.0136703 0.0870382 1.000000 1.000000 1.000000
vn 0.4469711 -0.8801083 0.1600820
v 0.0145560 -0.0296981 0.0130096 1.000000 1.000000 1.000000
vn -0.4321382 -0.8865969 -0.1649324
v -0.0185186 -0.0293331 -0.0833378 1.000000 1.000000 1.000000
vn -0.2782979 -0.9218549 -0.2696919
v -0.0160818 -0.0303370 -0.0826830 1.000000 1.000000 1.000000
vn -0.3987068 -0.8578277 -0.3242911
v -0.0126845 -0.0314686 -0.0828395 1.000000 1.000000 1.000000
vn -0.5072274 -0.8028279 -0.3133492
v -0.0109276 -0.0316638 -0.0849786 1.000000 1.000000 1.000000
vn -0.2975278 -0.9180671 -0.2619735
v -0.0188888 -0.0282242 -0.0872221 1.000000 1.000000 1.000000
vn -0.1835091 -0.9314486 -0.3142100
v -0.0177171 -0.0280821 -0.0883951 1.000000 1.000000 1.000000
vn -0.3191130 -0.9112788 -0.2602648
v -0.0206455 -0.0265591 -0.0911785 1.000000 1.000000 1.000000
vn -0.0688047 -0.9101466 -0.4085329
v -0.0157977 -0.0295632 -0.0847983 1.000000 1.000000 1.000000
vn -0.4563156 -0.8041223 -0.3810033
v -0.0084820 -0.0132062 0.0962395 1.000000 1.000000 1.000000
vn -0.1050006 -0.9419588 -0.3188865
v -0.0191306 -0.0259704 -0.0935940 1.000000 1.000000 1.000000
vn -0.1966799 -0.9268330 -0.3198399
v -0.0208848 -0.0253736 -0.0949322 1.000000 1.000000 1.000000
vn -0.5380012 -0.8425305 0.0264046
v -0.0085639 -0.0136288 0.0813935 1.000000 1.000000 1.000000
vn -0.5404525 -0.8326825 0.1206275
v -0.0089138 -0.0137026 0.0777627 1.000000 1.000000 1.000000
vn -0.5490838 -0.8096225 0.2074092
v -0.0102751 -0.0135755 0.0741225 1.000000 1.000000 1.000000
vn -0.5179256 -0.8428361 0.1462209
v -0.0082026 -0.0130284 0.0935146 1.000000 1.000000 1.000000
vn -0.4946580 -0.8252065 0.2726679
v -0.0129095 -0.0183998 0.0531241 1.000000 1.000000 1.000000
vn -0.5633568 -0.7876326 0.2495273
v -0.0126100 -0.0142196 0.0664574 1.000000 1.000000 1.000000
vn -0.4829120 -0.8272625 0.2871112
v -0.0137923 -0.0211057 0.0435760 1.000000 1.000000 1.000000
vn -0.5085062 -0.8072661 0.2995711
v -0.0157221 -0.0227708 0.0357221 1.000000 1.000000 1.000000
vn -0.5918173 -0.7973914 0.1179803
v -0.0096119 -0.0125271 0.0871460 1.000000 1.000000 1.000000
vn -0.3515245 -0.8372034 -0.4189524
v -0.0067515 -0.0146491 0.0973402 1.000000 1.000000 1.000000
vn -0.5093098 -0.8457576 -0.1590525
v -0.0213925 -0.0265358 -0.0896038 1.000000 1.000000 1.000000
vn -0.4531177 -0.8286794 -0.3285950
v -0.0022991 -0.0306068 -0.1050836 1.000000 1.000000 1.000000
vn -0.4996185 -0.8309005 -0.2449198
v -0.0053535 -0.0315481 -0.0967141 1.000000 1.000000 1.000000
vn -0.4762956 -0.8479238 -0.2327399
v -0.0088360 -0.0316488 -0.0891549 1.000000 1.000000 1.000000
vn -0.2263947 -0.9088637 -0.3503031
v -0.0212832 -0.0236660 -0.0990917 1.000000 1.000000 1.000000
vn -0.4227244 -0.8671369 -0.2633964
v -0.0232460 -0.0235496 -0.0979099 1.000000 1.000000 1.000000
vn -0.6063439 -0.7949687 0.0192812
v -0.0095567 -0.0120270 0.0917556 1.000000 1.000000 1.000000
vn -0.2580182 -0.7958770 -0.5477284
v -0.0143265 -0.0305291 -0.0831602 1.000000 1.000000 1.000000
vn -0.6074153 -0.7908783 0.0745538
v -0.0100352 -0.0126554 0.0846240 1.000000 1.000000 1.000000
vn -0.3408684 -0.8618215 -0.3755962
v -0.0236505 -0.0214882 -0.1031957 1.000000 1.000000 1.000000
vn -0.5446007 -0.7997303 0.2526688
v -0.0179986 -0.0256528 0.0235350 1.000000 1.000000 1.000000
vn -0.5713587 -0.7673740 0.2910091
v -0.0183409 -0.0219999 0.0329650 1.000000 1.000000 1.000000
vn -0.5644401 -0.7771167 0.2783830
v -0.0154907 -0.0196557 0.0445924 1.000000 1.000000 1.000000
vn -0.2080361 -0.8670104 -0.4527847
v -0.0037009 -0.0156417 0.0972774 1.000000 1.000000 1.000000
vn -0.1457955 -0.9006500 -0.4093571
v -0.0212512 -0.0221344 -0.1026285 1.000000 1.000000 1.000000
vn -0.5788225 -0.8118708 -0.0763573
v -0.0204428 -0.0284745 -0.0804846 1.000000 1.000000 1.000000
vn -0.5948423 -0.7837681 0.1785229
v -0.0211540 -0.0282119 -0.0764140 1.000000 1.000000 1.000000
vn 0.4075784 -0.8617659 0.3020587
v 0.0111605 -0.0262500 0.0297420 1.000000 1.000000 1.000000
vn -0.5530293 -0.7937431 -0.2532401
v -0.0244493 -0.0221833 -0.1001226 1.000000 1.000000 1.000000
vn -0.6429917 -0.7531267 0.1391465
v -0.0100805 -0.0116997 0.0934036 1.000000 1.000000 1.000000
vn -0.5840350 -0.7671341 0.2653458
v -0.0140563 -0.0156382 0.0591030 1.000000 1.000000 1.000000
vn -0.6096992 -0.7443343 0.2724579
v -0.0163394 -0.0169616 0.0504594 1.000000 1.000000 1.000000
vn -0.1603704 -0.8551155 -0.4930099
v -0.0212119 -0.0196359 -0.1077963 1.000000 1.000000 1.000000
vn -0.3235797 -0.8278393 -0.4582339
v -0.0238413 -0.0194396 -0.1073248 1.000000 1.000000 1.000000
vn -0.5978844 -0.7783862 -0.1914401
v -0.0221622 -0.0269283 -0.0041842 1.000000 1.000000 1.000000
vn -0.6227937 -0.7698845 -0.1393051
v -0.0242924 -0.0237767 -0.0936859 1.000000 1.000000 1.000000
vn -0.6016647 -0.7983681 0.0246595
v -0.0092446 -0.0119781 0.0943210 1.000000 1.000000 1.000000
vn -0.6686078 -0.7261570 0.1601866
v -0.0236896 -0.0243967 0.0118994 1.000000 1.000000 1.000000
vn -0.6223575 -0.7770727 -0.0939633
v -0.0227434 -0.0261347 -0.0856339 1.000000 1.000000 1.000000
vn -0.6789070 -0.7342120 0.0042388
v -0.0248661 -0.0249521 -0.0009549 1.000000 1.000000 1.000000
vn -0.6702226 -0.7394513 0.0633518
v -0.0115441 -0.0113789 0.0806099 1.000000 1.000000 1.000000
vn -0.6447743 -0.7456799 0.1680108
v -0.0114768 -0.0120005 0.0768134 1.000000 1.000000 1.000000
vn -0.6205235 -0.7513731 0.2244756
v -0.0124643 -0.0121052 0.0732125 1.000000 1.000000 1.000000
vn -0.6743865 -0.7290058 0.1172753
v -0.0241226 -0.0246906 0.0082155 1.000000 1.000000 1.000000
vn -0.6289451 -0.7337503 0.2569795
v -0.0209316 -0.0233125 0.0239528 1.000000 1.000000 1.000000
vn 0.4115629 -0.9042185 0.1140394
v 0.0135020 -0.0294955 -0.0091237 1.000000 1.000000 1.000000
vn -0.6858982 -0.7234247 0.0787424
v -0.0247221 -0.0246365 0.0043255 1.000000 1.000000 1.000000
vn -0.6713890 -0.7123518 0.2044301
v -0.0233179 -0.0236303 0.0162208 1.000000 1.000000 1.000000
vn -0.5051450 -0.7434857 -0.4382439
v -0.0017958 -0.0297643 -0.1074678 1.000000 1.000000 1.000000
vn 0.4451160 -0.8515955 0.2768698
v 0.0103207 -0.0212218 0.0459017 1.000000 1.000000 1.000000
vn 0.4827755 -0.8270290 0.2880116
v 0.0177460 -0.0296815 -0.0735458 1.000000 1.000000 1.000000
vn 0.5073659 -0.8448664 0.1696486
v 0.0072405 -0.0129615 0.0923863 1.000000 1.000000 1.000000
vn 0.4585729 -0.8545195 0.2439411
v 0.0146425 -0.0280810 0.0192695 1.000000 1.000000 1.000000
vn 0.4926946 -0.8698672 0.0241485
v 0.0178258 -0.0284570 -0.0708077 1.000000 1.000000 1.000000
vn -0.2759965 -0.7803519 -0.5611389
v 0.0007867 -0.0295752 -0.1098907 1.000000 1.000000 1.000000
vn 0.4865840 -0.8317273 0.2673306
v 0.0106112 -0.0191731 0.0521027 1.000000 1.000000 1.000000
vn 0.4480028 -0.8472092 0.2855350
v 0.0117201 -0.0237987 0.0360803 1.000000 1.000000 1.000000
vn 0.5054811 -0.8623821 0.0280383
v 0.0178011 -0.0281895 -0.0666563 1.000000 1.000000 1.000000
vn 0.4342770 -0.8146383 0.3844060
v 0.0169884 -0.0288821 -0.0720502 1.000000 1.000000 1.000000
vn 0.5160557 -0.8456728 -0.1361033
v 0.0151717 -0.0298625 -0.0968883 1.000000 1.000000 1.000000
vn 0.5256170 -0.8505921 0.0148308
v 0.0180599 -0.0287840 0.0001906 1.000000 1.000000 1.000000
vn 0.4757809 -0.8503861 -0.2246688
v 0.0133581 -0.0296395 -0.1032255 1.000000 1.000000 1.000000
vn 0.5105833 -0.8598246 0.0025477
v 0.0178134 -0.0282178 -0.0275347 1.000000 1.000000 1.000000
vn 0.5116676 -0.8591819 0.0016800
v 0.0178676 -0.0281415 -0.0472244 1.000000 1.000000 1.000000
vn 0.5134475 -0.8581156 -0.0030455
v 0.0180020 -0.0280302 -0.0367007 1.000000 1.000000 1.000000
vn 0.5167968 -0.8561064 0.0017340
v 0.0181274 -0.0279999 -0.0560967 1.000000 1.000000 1.000000
vn 0.4692533 -0.8365880 0.2827046
v 0.0145788 -0.0269704 0.0229537 1.000000 1.000000 1.000000
vn 0.4745022 -0.8247981 0.3074991
v 0.0142453 -0.0252061 0.0283080 1.000000 1.000000 1.000000
vn 0.5102533 -0.8591605 0.0385326
v 0.0176724 -0.0301770 -0.0764248 1.000000 1.000000 1.000000
vn 0.5411019 -0.8374571 -0.0766444
v 0.0177423 -0.0295023 -0.0866177 1.000000 1.000000 1.000000
vn 0.4537619 -0.8907811 0.0246823
v 0.0173679 -0.0281269 -0.0131330 1.000000 1.000000 1.000000
vn 0.5193282 -0.8542580 0.0232689
v 0.0178862 -0.0280524 -0.0179742 1.000000 1.000000 1.000000
vn 0.5213283 -0.8182002 0.2424155
v 0.0180897 -0.0276892 -0.0104769 1.000000 1.000000 1.000000
vn 0.4308198 -0.8713256 0.2349174
v 0.0052898 -0.0134703 0.0940445 1.000000 1.000000 1.000000
vn 0.5257825 -0.7746994 -0.3512743
v 0.0073719 -0.0128778 0.0960730 1.000000 1.000000 1.000000
vn 0.4454480 -0.8834738 -0.1450866
v 0.0148454 -0.0288929 -0.0086189 1.000000 1.000000 1.000000
vn 0.4767436 -0.8292428 0.2916708
v 0.0157082 -0.0284955 -0.0094935 1.000000 1.000000 1.000000
vn 0.4327129 -0.8216972 -0.3709087
v 0.0111421 -0.0293575 -0.1077741 1.000000 1.000000 1.000000
vn 0.5338305 -0.8428782 0.0676861
v 0.0176727 -0.0287687 0.0062483 1.000000 1.000000 1.000000
vn 0.5304387 -0.8072662 0.2587588
v 0.0101157 -0.0173276 0.0586260 1.000000 1.000000 1.000000
vn 0.1667431 -0.8132070 -0.5575761
v 0.0067719 -0.0296028 -0.1102314 1.000000 1.000000 1.000000
vn 0.0427368 -0.8632014 -0.5030476
v 0.0003520 -0.0161398 0.0973448 1.000000 1.000000 1.000000
vn 0.2776386 -0.8695568 -0.4083967
v 0.0033925 -0.0155500 0.0975256 1.000000 1.000000 1.000000
vn 0.5444801 -0.8209942 0.1717848
v 0.0176915 -0.0278462 0.0134647 1.000000 1.000000 1.000000
vn 0.5047134 -0.8095520 0.2998165
v 0.0141169 -0.0236945 0.0324568 1.000000 1.000000 1.000000
vn 0.5382557 -0.8274243 -0.1601560
v 0.0187532 -0.0282989 -0.0041874 1.000000 1.000000 1.000000
vn -0.1450930 -0.8315075 -0.5362307
v -0.0147025 -0.0279485 -0.0877223 1.000000 1.000000 1.000000
vn -0.3810652 -0.7939807 -0.4736919
v -0.0131584 -0.0290737 -0.0864910 1.000000 1.000000 1.000000
vn -0.6420254 -0.7512400 0.1531077
v -0.0225749 -0.0251577 -0.0106881 1.000000 1.000000 1.000000
vn 0.5017958 -0.8177918 0.2818116
v 0.0124608 -0.0203827 0.0447751 1.000000 1.000000 1.000000
vn -0.6799002 -0.7333041 -0.0009131
v -0.0237840 -0.0238772 -0.0448864 1.000000 1.000000 1.000000
vn -0.6818065 -0.7315304 -0.0018371
v -0.0237347 -0.0238328 -0.0569877 1.000000 1.000000 1.000000
vn -0.6907987 -0.7221874 0.0352491
v -0.0237312 -0.0238128 -0.0685080 1.000000 1.000000 1.000000
vn -0.6837493 -0.7297167 0.0008205
v -0.0238789 -0.0237431 -0.0368146 1.000000 1.000000 1.000000
vn -0.6942429 -0.7194917 -0.0189370
v -0.0238017 -0.0240367 -0.0715030 1.000000 1.000000 1.000000
vn -0.6505823 -0.7558426 0.0737886
v -0.0225981 -0.0245102 -0.0093957 1.000000 1.000000 1.000000
vn -0.6313140 -0.7133561 -0.3042462
v -0.0241449 -0.0238125 -0.0074585 1.000000 1.000000 1.000000
vn -0.6833444 -0.7300673 -0.0065020
v -0.0237426 -0.0240125 -0.0175148 1.000000 1.000000 1.000000
vn -0.6814901 -0.7314382 -0.0238631
v -0.0237033 -0.0240991 -0.0122400 1.000000 1.000000 1.000000
vn -0.6227781 -0.7367637 0.2632996
v -0.0143436 -0.0139512 0.0630953 1.000000 1.000000 1.000000
vn -0.6671910 -0.6912714 0.2774890
v -0.0187176 -0.0173046 0.0437124 1.000000 1.000000 1.000000
vn -0.6433473 -0.7636621 0.0540780
v -0.0225378 -0.0250246 -0.0726759 1.000000 1.000000 1.000000
vn -0.6389846 -0.6780180 0.3633048
v -0.0235125 -0.0243885 -0.0733385 1.000000 1.000000 1.000000
vn -0.6523467 -0.7284036 0.2094565
v -0.0239816 -0.0257667 -0.0762372 1.000000 1.000000 1.000000
vn -0.6464990 -0.7431337 -0.1726020
v -0.0248758 -0.0246895 -0.0042196 1.000000 1.000000 1.000000
vn -0.5435948 -0.7898709 -0.2839164
v -0.0054608 -0.0304968 -0.0994587 1.000000 1.000000 1.000000
vn -0.6450952 -0.7039790 0.2970956
v -0.0196498 -0.0207446 0.0334502 1.000000 1.000000 1.000000
vn -0.6611325 -0.6906921 0.2929989
v -0.0193194 -0.0191138 0.0378848 1.000000 1.000000 1.000000
vn -0.6844553 -0.7280012 -0.0391818
v -0.0250209 -0.0247699 -0.0788352 1.000000 1.000000 1.000000
vn -0.7000877 -0.7095194 -0.0803705
v -0.0263189 -0.0229139 -0.0856675 1.000000 1.000000 1.000000
vn -0.6949907 -0.7190086 -0.0038160
v -0.0239597 -0.0236468 -0.0277391 1.000000 1.000000 1.000000
vn -0.6466605 -0.7109988 0.2762446
v -0.0163724 -0.0154540 0.0542725 1.000000 1.000000 1.000000
vn -0.4474720 -0.6958138 -0.5617935
v -0.0105866 -0.0126583 0.0972372 1.000000 1.000000 1.000000
vn -0.5468740 -0.7579083 -0.3556736
v -0.0261201 -0.0190181 -0.1051616 1.000000 1.000000 1.000000
vn -0.6856763 -0.7009026 0.1964266
v -0.0242323 -0.0236496 -0.0107049 1.000000 1.000000 1.000000
vn 0.3615571 -0.8000793 -0.4786958
v 0.0102730 -0.0290854 -0.1091248 1.000000 1.000000 1.000000
vn 0.5633089 -0.7596122 0.3250730
v 0.0198401 -0.0272405 -0.0720714 1.000000 1.000000 1.000000
vn -0.6756597 -0.7293772 0.1072057
v -0.0118558 -0.0103481 0.0877960 1.000000 1.000000 1.000000
vn -0.6832843 -0.7301222 -0.0066489
v -0.0117879 -0.0099221 0.0920741 1.000000 1.000000 1.000000
vn -0.6790528 -0.7291579 0.0849471
v -0.0126422 -0.0102258 0.0844860 1.000000 1.000000 1.000000
vn -0.6667122 -0.7267162 -0.1654645
v -0.0265804 -0.0209198 -0.0976929 1.000000 1.000000 1.000000
vn -0.5857653 -0.7685348 -0.2573581
v -0.0064685 -0.0308451 -0.0962758 1.000000 1.000000 1.000000
vn -0.6592671 -0.6847898 -0.3105316
v -0.0078685 -0.0309538 -0.0926854 1.000000 1.000000 1.000000
vn -0.5762551 -0.7415873 -0.3434796
v -0.0036062 -0.0297056 -0.1049042 1.000000 1.000000 1.000000
vn -0.6900110 -0.6837705 0.2373666
v -0.0232200 -0.0218360 0.0218957 1.000000 1.000000 1.000000
vn -0.6822780 -0.6759291 0.2785976
v -0.0224180 -0.0202047 0.0280067 1.000000 1.000000 1.000000
vn -0.5829381 -0.7536701 -0.3035863
v -0.0117929 -0.0102410 0.0954839 1.000000 1.000000 1.000000
vn -0.6222461 -0.7828156 0.0030844
v -0.0114740 -0.0102064 0.0942237 1.000000 1.000000 1.000000
vn -0.6630872 -0.7475428 0.0386684
v -0.0117266 -0.0101681 0.0934566 1.000000 1.000000 1.000000
vn -0.6968742 -0.6857364 0.2100762
v -0.0264570 -0.0233645 -0.0762591 1.000000 1.000000 1.000000
vn -0.7331659 -0.6697403 0.1179655
v -0.0136151 -0.0093048 0.0787565 1.000000 1.000000 1.000000
vn -0.7435971 -0.6626253 0.0893928
v -0.0134078 -0.0091236 0.0818246 1.000000 1.000000 1.000000
vn 0.5543386 -0.7828988 0.2824505
v 0.0137451 -0.0207310 0.0415146 1.000000 1.000000 1.000000
vn -0.3468299 -0.7406920 -0.5753995
v -0.0236747 -0.0177977 -0.1098129 1.000000 1.000000 1.000000
vn -0.1894305 -0.8297397 -0.5250221
v -0.0209858 -0.0186380 -0.1094550 1.000000 1.000000 1.000000
vn -0.5039284 -0.7035792 -0.5010315
v -0.0250311 -0.0179725 -0.1086103 1.000000 1.000000 1.000000
vn -0.7241994 -0.6849948 0.0794821
v -0.0246711 -0.0229615 -0.0727462 1.000000 1.000000 1.000000
vn -0.7209728 -0.6905301 -0.0580209
v -0.0283897 -0.0210516 -0.0825005 1.000000 1.000000 1.000000
vn -0.7265252 -0.6871259 -0.0043873
v -0.0267771 -0.0206614 -0.0521420 1.000000 1.000000 1.000000
vn -0.7273896 -0.6862241 0.0009545
v -0.0265342 -0.0209558 -0.0422271 1.000000 1.000000 1.000000
vn -0.7265588 -0.6870992 -0.0026442
v -0.0266265 -0.0208234 -0.0292098 1.000000 1.000000 1.000000
vn -0.7292358 -0.6842228 -0.0073724
v -0.0267956 -0.0207258 -0.0205676 1.000000 1.000000 1.000000
vn -0.7254220 -0.6881800 -0.0130883
v -0.0264897 -0.0211506 -0.0132388 1.000000 1.000000 1.000000
vn -0.6825046 -0.6840017 0.2575444
v -0.0253199 -0.0219055 -0.0095917 1.000000 1.000000 1.000000
vn -0.7129739 -0.6972849 -0.0739056
v -0.0257913 -0.0212896 -0.0089770 1.000000 1.000000 1.000000
vn -0.7208775 -0.6823731 0.1212540
v -0.0258285 -0.0219328 -0.0106633 1.000000 1.000000 1.000000
vn -0.7361679 -0.6762369 0.0275780
v -0.0264318 -0.0208936 -0.0684149 1.000000 1.000000 1.000000
vn -0.6914370 -0.6686117 0.2736300
v -0.0265146 -0.0211356 -0.0731779 1.000000 1.000000 1.000000
vn -0.7305922 -0.6826858 -0.0132335
v -0.0260024 -0.0215500 -0.0721138 1.000000 1.000000 1.000000
vn -0.7334094 -0.6627648 0.1511736
v -0.0274203 -0.0205084 0.0110555 1.000000 1.000000 1.000000
vn -0.5290697 -0.7211905 -0.4471795
v -0.0110211 -0.0301244 -0.0872155 1.000000 1.000000 1.000000
vn -0.7393603 -0.6725039 0.0329383
v -0.0273965 -0.0221830 -0.0008732 1.000000 1.000000 1.000000
vn -0.7388871 -0.6672098 0.0942177
v -0.0291587 -0.0196313 0.0052104 1.000000 1.000000 1.000000
vn -0.0301588 -0.8035322 -0.5944968
v 0.0039159 -0.0291755 -0.1111199 1.000000 1.000000 1.000000
vn -0.7226853 -0.6846305 -0.0949055
v -0.0281653 -0.0204565 -0.0893350 1.000000 1.000000 1.000000
vn -0.7410485 -0.6708907 0.0274383
v -0.0271414 -0.0203475 -0.0714986 1.000000 1.000000 1.000000
vn -0.6962431 -0.6555025 0.2925098
v -0.0236719 -0.0168677 0.0325935 1.000000 1.000000 1.000000
vn -0.7010439 -0.6518149 0.2892661
v -0.0226893 -0.0157257 0.0373887 1.000000 1.000000 1.000000
vn -0.7117581 -0.6451901 0.2777232
v -0.0210606 -0.0143198 0.0446421 1.000000 1.000000 1.000000
vn -0.7286580 -0.6549788 0.2001508
v -0.0275327 -0.0190573 0.0158166 1.000000 1.000000 1.000000
vn -0.7248768 -0.6544299 0.2151167
v -0.0265067 -0.0187246 0.0202859 1.000000 1.000000 1.000000
vn -0.2881013 -0.7824437 -0.5520685
v -0.0134266 -0.0273826 -0.0888275 1.000000 1.000000 1.000000
vn -0.1733375 -0.7941319 -0.5825020
v -0.0134179 -0.0254440 -0.0916995 1.000000 1.000000 1.000000
vn -0.3338983 -0.7419319 -0.5814198
v -0.0126353 -0.0255556 -0.0917877 1.000000 1.000000 1.000000
vn 0.5729248 -0.7833281 0.2411521
v 0.0181331 -0.0260129 0.0190967 1.000000 1.000000 1.000000
vn -0.4914632 -0.7146643 -0.4977136
v -0.0119599 -0.0284839 -0.0886740 1.000000 1.000000 1.000000
vn -0.4699886 -0.7109511 -0.5231244
v -0.0017459 -0.0283297 -0.1095730 1.000000 1.000000 1.000000
vn 0.5248967 -0.8278421 0.1978915
v 0.0176904 -0.0272309 -0.0093108 1.000000 1.000000 1.000000
vn 0.5455837 -0.8087011 -0.2198662
v 0.0182953 -0.0269464 -0.0084777 1.000000 1.000000 1.000000
vn -0.6033606 -0.6754835 -0.4238846
v -0.0269752 -0.0172639 -0.1069722 1.000000 1.000000 1.000000
vn 0.5861642 -0.8099032 0.0216424
v 0.0200958 -0.0266575 -0.0662137 1.000000 1.000000 1.000000
vn 0.6085234 -0.7935359 0.0000515
v 0.0209697 -0.0260540 -0.0582270 1.000000 1.000000 1.000000
vn 0.6028854 -0.7978270 -0.0011736
v 0.0210471 -0.0259546 -0.0367990 1.000000 1.000000 1.000000
vn 0.6054648 -0.7958721 -0.0001719
v 0.0208170 -0.0261852 -0.0306201 1.000000 1.000000 1.000000
vn 0.6023202 -0.7981943 0.0098125
v 0.0208981 -0.0260627 -0.0220819 1.000000 1.000000 1.000000
vn 0.5742743 -0.7663224 0.2880261
v 0.0177206 -0.0246705 0.0238605 1.000000 1.000000 1.000000
vn 0.5322275 -0.7879021 0.3097487
v 0.0161518 -0.0240626 0.0280757 1.000000 1.000000 1.000000
vn 0.4044327 -0.8074973 -0.4293977
v 0.0057785 -0.0144679 0.0974464 1.000000 1.000000 1.000000
vn 0.6017360 -0.7885063 -0.1271680
v 0.0177992 -0.0288515 -0.0915696 1.000000 1.000000 1.000000
vn 0.5969186 -0.7791945 -0.1911653
v 0.0154766 -0.0290200 -0.1000334 1.000000 1.000000 1.000000
vn 0.5992828 -0.7996252 0.0382051
v 0.0212266 -0.0277619 -0.0763354 1.000000 1.000000 1.000000
vn 0.5829670 -0.7529767 0.3052468
v 0.0211160 -0.0273976 -0.0735866 1.000000 1.000000 1.000000
vn 0.5745271 -0.7724316 0.2706808
v 0.0141239 -0.0175217 0.0496752 1.000000 1.000000 1.000000
vn 0.4504124 -0.6978768 0.5568632
v 0.0188019 -0.0285492 -0.0726282 1.000000 1.000000 1.000000
vn 0.6135377 -0.7779819 0.1353353
v 0.0196572 -0.0267392 0.0115482 1.000000 1.000000 1.000000
vn 0.6185783 -0.7604154 0.1978111
v 0.0087882 -0.0141092 0.0721640 1.000000 1.000000 1.000000
vn 0.6044893 -0.7586576 0.2429639
v 0.0099813 -0.0149911 0.0660677 1.000000 1.000000 1.000000
vn 0.5778185 -0.7754188 0.2546598
v 0.0208764 -0.0257093 -0.0104714 1.000000 1.000000 1.000000
vn 0.6208444 -0.7813128 0.0640528
v 0.0208886 -0.0265060 0.0052080 1.000000 1.000000 1.000000
vn 0.6231676 -0.7818972 0.0172885
v 0.0217982 -0.0260882 -0.0006625 1.000000 1.000000 1.000000
vn 0.6238638 -0.7784281 -0.0695960
v 0.0216517 -0.0271436 -0.0808419 1.000000 1.000000 1.000000
vn 0.6237130 -0.7759969 -0.0938671
v 0.0214794 -0.0268419 -0.0845668 1.000000 1.000000 1.000000
vn 0.6262964 -0.7719250 -0.1090169
v 0.0194607 -0.0277508 -0.0897300 1.000000 1.000000 1.000000
vn 0.6494659 -0.7583766 0.0553099
v 0.0090038 -0.0125402 0.0841112 1.000000 1.000000 1.000000
vn 0.5918055 -0.8029073 0.0714574
v 0.0073202 -0.0122542 0.0941171 1.000000 1.000000 1.000000
vn 0.5411533 -0.6854360 0.4871660
v 0.0081560 -0.0121327 0.0933597 1.000000 1.000000 1.000000
vn 0.5871278 -0.7543056 0.2937755
v 0.0163678 -0.0214512 0.0340838 1.000000 1.000000 1.000000
vn -0.4324627 -0.6747397 -0.5980823
v -0.0123037 -0.0236985 -0.0941226 1.000000 1.000000 1.000000
vn 0.6076061 -0.7828213 -0.1341849
v 0.0227905 -0.0252679 -0.0041599 1.000000 1.000000 1.000000
vn 0.5437104 -0.7956314 -0.2671137
v 0.0149068 -0.0282708 -0.1043124 1.000000 1.000000 1.000000
vn 0.6354426 -0.7710181 0.0417602
v 0.0087247 -0.0127415 0.0799030 1.000000 1.000000 1.000000
vn 0.6541262 -0.7559724 0.0249933
v 0.0224074 -0.0248465 -0.0667438 1.000000 1.000000 1.000000
vn 0.6569753 -0.7539053 -0.0032262
v 0.0231266 -0.0245176 -0.0711029 1.000000 1.000000 1.000000
vn 0.6562392 -0.7543167 0.0188769
v 0.0226640 -0.0245780 -0.0191838 1.000000 1.000000 1.000000
vn 0.6388858 -0.7530277 0.1573983
v 0.0226280 -0.0243182 -0.0105390 1.000000 1.000000 1.000000
vn 0.5424740 -0.7035720 -0.4590298
v 0.0082669 -0.0131143 0.0974932 1.000000 1.000000 1.000000
vn 0.6161523 -0.7389331 0.2726429
v 0.0115272 -0.0161796 0.0587391 1.000000 1.000000 1.000000
vn 0.5819618 -0.7969451 0.1618616
v 0.0194944 -0.0258919 -0.0092651 1.000000 1.000000 1.000000
vn 0.5801726 -0.7799668 -0.2346307
v 0.0220553 -0.0241379 -0.0085978 1.000000 1.000000 1.000000
vn 0.6544852 -0.7520062 0.0783311
v 0.0249245 -0.0246731 -0.0759473 1.000000 1.000000 1.000000
vn 0.5354241 -0.7516859 -0.3850837
v 0.0140422 -0.0278009 -0.1068850 1.000000 1.000000 1.000000
vn 0.6326948 -0.7389040 0.2317721
v 0.0227450 -0.0225485 0.0175838 1.000000 1.000000 1.000000
vn 0.6357544 -0.7479917 0.1905903
v 0.0230288 -0.0229548 0.0152785 1.000000 1.000000 1.000000
vn 0.6539457 -0.7413831 0.1506857
v 0.0101616 -0.0119704 0.0757267 1.000000 1.000000 1.000000
vn 0.6352378 -0.7723156 0.0013081
v 0.0233302 -0.0241006 -0.0435707 1.000000 1.000000 1.000000
vn 0.6447148 -0.7644232 0.0001937
v 0.0233550 -0.0240240 -0.0347146 1.000000 1.000000 1.000000
vn 0.5985732 -0.7766988 0.1960846
v 0.0223228 -0.0237850 -0.0091961 1.000000 1.000000 1.000000
vn 0.6557183 -0.7550025 -0.0021911
v 0.0240276 -0.0234256 -0.0575242 1.000000 1.000000 1.000000
vn 0.2378323 -0.7629794 -0.6010810
v 0.0075746 -0.0286939 -0.1110920 1.000000 1.000000 1.000000
vn 0.6228533 -0.7312658 0.2780361
v 0.0221895 -0.0252918 -0.0720255 1.000000 1.000000 1.000000
vn 0.6545126 -0.7511324 0.0861012
v 0.0240070 -0.0236445 0.0067515 1.000000 1.000000 1.000000
vn 0.6567164 -0.7531133 0.0392947
v 0.0244907 -0.0236965 0.0005356 1.000000 1.000000 1.000000
vn 0.6267042 -0.7313902 0.2689056
v 0.0168426 -0.0171614 0.0439906 1.000000 1.000000 1.000000
vn 0.6042963 -0.7412217 0.2922609
v 0.0176656 -0.0190101 0.0375914 1.000000 1.000000 1.000000
vn 0.6204657 -0.7235656 0.3024487
v 0.0204137 -0.0203335 0.0286119 1.000000 1.000000 1.000000
vn 0.6370037 -0.7190872 0.2777407
v 0.0216234 -0.0214817 0.0231652 1.000000 1.000000 1.000000
vn 0.6554600 -0.7426240 0.1374113
v 0.0235387 -0.0233168 0.0115292 1.000000 1.000000 1.000000
vn -0.5522709 -0.6175386 -0.5600384
v -0.0119706 -0.0248068 -0.0932689 1.000000 1.000000 1.000000
vn 0.6666785 -0.7453315 0.0045702
v 0.0242371 -0.0232081 -0.0252387 1.000000 1.000000 1.000000
vn 0.6567640 -0.7091761 0.2563795
v 0.0131085 -0.0133466 0.0624146 1.000000 1.000000 1.000000
vn -0.2887889 -0.7093225 -0.6430106
v 0.0007001 -0.0286313 -0.1108932 1.000000 1.000000 1.000000
vn 0.6449158 -0.7455487 -0.1680501
v 0.0172981 -0.0279345 -0.0978914 1.000000 1.000000 1.000000
vn 0.6628652 -0.7451782 -0.0729330
v 0.0252229 -0.0240475 -0.0800183 1.000000 1.000000 1.000000
vn 0.6085081 -0.6848277 0.4009101
v 0.0229445 -0.0256048 -0.0731353 1.000000 1.000000 1.000000
vn 0.6220021 -0.6843469 0.3805033
v 0.0250769 -0.0237260 -0.0732486 1.000000 1.000000 1.000000
vn 0.6632375 -0.7180203 0.2110992
v 0.0111301 -0.0120683 0.0717193 1.000000 1.000000 1.000000
vn 0.6123952 -0.6658735 0.4261274
v 0.0241582 -0.0234962 -0.0720489 1.000000 1.000000 1.000000
vn 0.6897604 -0.7237925 0.0188423
v 0.0243888 -0.0229554 -0.0666348 1.000000 1.000000 1.000000
vn 0.6888865 -0.7245415 0.0217965
v 0.0245528 -0.0227301 -0.0175728 1.000000 1.000000 1.000000
vn 0.6819700 -0.7310621 0.0215655
v 0.0241531 -0.0228960 -0.0105567 1.000000 1.000000 1.000000
vn 0.4546420 -0.7288069 -0.5119972
v 0.0110495 -0.0280718 -0.1099599 1.000000 1.000000 1.000000
vn 0.6270831 -0.7066543 -0.3277295
v 0.0097429 -0.0106524 0.0957886 1.000000 1.000000 1.000000
vn 0.6680672 -0.7427736 0.0444265
v 0.0097526 -0.0100634 0.0941676 1.000000 1.000000 1.000000
vn 0.6304802 -0.6866829 0.3618858
v 0.0098962 -0.0103452 0.0932515 1.000000 1.000000 1.000000
vn -0.4876410 -0.5957394 -0.6382013
v -0.0242299 -0.0162752 -0.1110230 1.000000 1.000000 1.000000
vn -0.5310995 -0.5889807 -0.6091266
v -0.0260813 -0.0160314 -0.1098172 1.000000 1.000000 1.000000
vn 0.5991446 -0.6742066 -0.4318230
v 0.0105585 -0.0109278 0.0974498 1.000000 1.000000 1.000000
vn 0.5656219 -0.6616793 -0.4921914
v 0.0136897 -0.0267570 -0.1086934 1.000000 1.000000 1.000000
vn -0.5148245 -0.5133700 -0.6865908
v -0.0265688 -0.0136959 -0.1111979 1.000000 1.000000 1.000000
vn 0.0240347 -0.0656377 -0.9975541
v -0.0008019 0.0004451 -0.1075923 1.000000 1.000000 1.000000
vn -0.0640082 0.0870485 -0.9941456
v 0.0038072 -0.0000988 -0.1076937 1.000000 1.000000 1.000000
vn -0.1734861 0.0606267 -0.9829684
v -0.0002480 -0.0022451 -0.1076589 1.000000 1.000000 1.000000
vn 0.0404232 -0.0764864 -0.9962509
v 0.0024905 0.0015144 -0.1076936 1.000000 1.000000 1.000000
vn -0.0818785 0.0784565 -0.9935495
v 0.0053079 0.0024827 -0.1076475 1.000000 1.000000 1.000000
vn 0.2025571 -0.0427882 -0.9783352
v 0.0059325 0.0043685 -0.1075629 1.000000 1.000000 1.000000
vn 0.0698168 -0.1265469 -0.9895007
v -0.0015680 -0.0022833 -0.1074904 1.000000 1.000000 1.000000
vn -0.0917375 0.2616936 -0.9607813
v 0.0072565 0.0020279 -0.1079582 1.000000 1.000000 1.000000
vn -0.1711289 0.0480263 -0.9840775
v 0.0063196 -0.0027854 -0.1083077 1.000000 1.000000 1.000000
vn -0.0950885 0.2706888 -0.9579592
v 0.0020954 -0.0023129 -0.1080053 1.000000 1.000000 1.000000
vn 0.0641374 0.1833148 -0.9809598
v 0.0054698 -0.0034849 -0.1083701 1.000000 1.000000 1.000000
vn -0.0352417 -0.1231834 -0.9917580
v 0.0068042 -0.0046168 -0.1082697 1.000000 1.000000 1.000000
vn -0.2791657 0.1441318 -0.9493643
v 0.0074117 0.0004791 -0.1083991 1.000000 1.000000 1.000000
vn -0.3171170 0.2610159 -0.9117607
v 0.0013238 -0.0044886 -0.1086090 1.000000 1.000000 1.000000
vn -0.3140718 -0.1047482 -0.9436030
v 0.0101374 -0.0027098 -0.1096360 1.000000 1.000000 1.000000
vn -0.2746383 0.2918001 -0.9162022
v 0.0111142 -0.0000920 -0.1097324 1.000000 1.000000 1.000000
vn -0.2883282 0.2919415 -0.9119413
v 0.0142530 -0.0003279 -0.1108939 1.000000 1.000000 1.000000
vn -0.2957048 -0.1717065 -0.9397210
v 0.0142162 -0.0025583 -0.1109995 1.000000 1.000000 1.000000
vn -0.2088551 0.2587278 -0.9431010
v 0.0176594 -0.0002715 -0.1118322 1.000000 1.000000 1.000000
vn -0.2440030 -0.1225451 -0.9620007
v 0.0170166 -0.0025820 -0.1118468 1.000000 1.000000 1.000000
vn -0.1023054 0.1800569 -0.9783216
v 0.0205338 0.0000357 -0.1121965 1.000000 1.000000 1.000000
vn -0.1091218 -0.0632889 -0.9920116
v 0.0200067 -0.0030541 -0.1122731 1.000000 1.000000 1.000000
vn -0.1037787 0.3168495 -0.9427812
v 0.0025839 -0.0068520 -0.1097718 1.000000 1.000000 1.000000
vn -0.3489271 0.2757106 -0.8956749
v 0.0008562 -0.0098737 -0.1100868 1.000000 1.000000 1.000000
vn -0.1615458 0.2791332 -0.9465663
v 0.0032059 -0.0099997 -0.1109241 1.000000 1.000000 1.000000
vn -0.2977411 0.2515000 -0.9209223
v 0.0004093 -0.0133566 -0.1110034 1.000000 1.000000 1.000000
vn -0.0299796 0.2218768 -0.9746137
v 0.0034028 -0.0134456 -0.1118185 1.000000 1.000000 1.000000
vn -0.2428368 0.1985114 -0.9495386
v 0.0008008 -0.0158819 -0.1118140 1.000000 1.000000 1.000000
vn -0.0966083 0.4204932 -0.9021376
v 0.0221738 0.0016181 -0.1118847 1.000000 1.000000 1.000000
vn -0.3250539 0.1486596 -0.9339381
v -0.0000261 -0.0181264 -0.1120572 1.000000 1.000000 1.000000
vn -0.0348841 0.0871077 -0.9955880
v 0.0029416 -0.0174605 -0.1122878 1.000000 1.000000 1.000000
vn 0.0263308 0.4098797 -0.9117594
v 0.0255583 0.0017772 -0.1120167 1.000000 1.000000 1.000000
vn 0.0045213 0.1368812 -0.9905772
v 0.0260097 0.0004343 -0.1123426 1.000000 1.000000 1.000000
vn -0.2935959 0.0547407 -0.9543610
v -0.0004862 -0.0210547 -0.1122267 1.000000 1.000000 1.000000
vn -0.2334592 0.4911498 -0.8392072
v 0.0173674 0.0013146 -0.1108541 1.000000 1.000000 1.000000
vn -0.1547054 0.5192356 -0.8405122
v 0.0214834 0.0025967 -0.1111417 1.000000 1.000000 1.000000
vn -0.2084061 0.5210448 -0.8276952
v 0.0122484 0.0017278 -0.1088620 1.000000 1.000000 1.000000
vn 0.2092742 0.2504871 -0.9452304
v 0.0282027 0.0002572 -0.1122797 1.000000 1.000000 1.000000
vn -0.4521455 0.0779999 -0.8885271
v -0.0011232 -0.0047998 -0.1074432 1.000000 1.000000 1.000000
vn -0.5626972 0.1971747 -0.8028039
v -0.0006908 -0.0072742 -0.1082021 1.000000 1.000000 1.000000
vn -0.1047612 -0.2332063 -0.9667678
v -0.0023574 -0.0049384 -0.1069144 1.000000 1.000000 1.000000
vn -0.0150195 0.5430560 -0.8395622
v 0.0249286 0.0032422 -0.1110578 1.000000 1.000000 1.000000
vn 0.1596677 0.2201397 -0.9623122
v 0.0059500 -0.0150306 -0.1118637 1.000000 1.000000 1.000000
vn 0.2323531 0.1934385 -0.9532018
v 0.0085437 -0.0185380 -0.1121905 1.000000 1.000000 1.000000
vn -0.0445589 -0.1068207 -0.9932793
v 0.0029196 -0.0259731 -0.1124117 1.000000 1.000000 1.000000
vn -0.1992486 -0.0881053 -0.9759802
v 0.0001196 -0.0245035 -0.1122742 1.000000 1.000000 1.000000
vn -0.4221923 -0.1341797 -0.8965207
v -0.0017233 -0.0242896 -0.1116746 1.000000 1.000000 1.000000
vn 0.0943975 0.0424962 -0.9946272
v 0.0086607 -0.0205776 -0.1123422 1.000000 1.000000 1.000000
vn 0.0694406 -0.1147878 -0.9909601
v 0.0073325 -0.0257001 -0.1124016 1.000000 1.000000 1.000000
vn 0.1339886 -0.0273494 -0.9906054
v 0.0284510 -0.0037737 -0.1124300 1.000000 1.000000 1.000000
vn -0.0688615 -0.2796184 -0.9576386
v 0.0248985 -0.0070683 -0.1122170 1.000000 1.000000 1.000000
vn 0.1569185 0.3007488 -0.9407055
v 0.0040175 -0.0069277 -0.1095792 1.000000 1.000000 1.000000
vn -0.5186797 0.0943951 -0.8497417
v -0.0027178 -0.0212775 -0.1109077 1.000000 1.000000 1.000000
vn -0.5293052 0.1959694 -0.8254890
v -0.0014484 -0.0175576 -0.1110103 1.000000 1.000000 1.000000
vn -0.5829787 0.0517027 -0.8108408
v -0.0027998 -0.0080492 -0.1064449 1.000000 1.000000 1.000000
vn -0.2334294 -0.3412279 -0.9105352
v 0.0007301 -0.0266470 -0.1120270 1.000000 1.000000 1.000000
vn 0.2620484 -0.1678998 -0.9503369
v 0.0101725 -0.0248025 -0.1121418 1.000000 1.000000 1.000000
vn -0.2114207 -0.3360341 -0.9178140
v 0.0219532 -0.0062582 -0.1119900 1.000000 1.000000 1.000000
vn 0.2186200 0.2891648 -0.9319813
v 0.0061393 -0.0126622 -0.1110491 1.000000 1.000000 1.000000
vn 0.2740339 -0.2237906 -0.9353198
v 0.0286549 -0.0061697 -0.1121476 1.000000 1.000000 1.000000
vn 0.2924584 0.0730473 -0.9534842
v 0.0105553 -0.0212366 -0.1120421 1.000000 1.000000 1.000000
vn -0.0712049 -0.3992618 -0.9140678
v 0.0033236 -0.0276963 -0.1120766 1.000000 1.000000 1.000000
vn 0.4145175 0.1641175 -0.8951206
v 0.0295954 -0.0006774 -0.1119914 1.000000 1.000000 1.000000
vn 0.2257821 0.0842045 -0.9705318
v -0.0033004 -0.0001475 -0.1079811 1.000000 1.000000 1.000000
vn 0.0470895 0.0490202 -0.9976871
v -0.0044507 0.0021721 -0.1078667 1.000000 1.000000 1.000000
vn -0.1171820 -0.0500134 -0.9918504
v -0.0018199 0.0040611 -0.1080463 1.000000 1.000000 1.000000
vn -0.0020296 0.0534200 -0.9985701
v -0.0066953 0.0038522 -0.1078486 1.000000 1.000000 1.000000
vn -0.0019002 0.2374789 -0.9713908
v -0.0052793 0.0065492 -0.1074459 1.000000 1.000000 1.000000
vn -0.2709805 0.0992288 -0.9574566
v -0.0032851 0.0067703 -0.1077235 1.000000 1.000000 1.000000
vn -0.1266249 -0.2077345 -0.9699549
v 0.0003345 0.0048237 -0.1085241 1.000000 1.000000 1.000000
vn -0.0439195 0.4055486 -0.9130177
v -0.0057924 0.0090274 -0.1064195 1.000000 1.000000 1.000000
vn -0.0192527 0.2665165 -0.9636381
v -0.0095905 0.0031809 -0.1079193 1.000000 1.000000 1.000000
vn -0.2992415 0.0676699 -0.9517748
v -0.0095120 0.0047969 -0.1074458 1.000000 1.000000 1.000000
vn -0.3606491 0.3863541 -0.8489186
v -0.0106879 0.0035868 -0.1074970 1.000000 1.000000 1.000000
vn 0.1496110 0.2624975 -0.9532637
v -0.0053677 0.0004236 -0.1083118 1.000000 1.000000 1.000000
vn -0.2053937 0.4124920 -0.8875043
v -0.0050376 0.0099770 -0.1060522 1.000000 1.000000 1.000000
vn 0.1438839 0.4429744 -0.8849131
v -0.0056417 0.0115300 -0.1053493 1.000000 1.000000 1.000000
vn 0.1613792 0.4178132 -0.8940855
v -0.0097048 0.0004252 -0.1087995 1.000000 1.000000 1.000000
vn 0.1728720 0.1964526 -0.9651537
v -0.0070674 0.0068178 -0.1077112 1.000000 1.000000 1.000000
vn -0.0381935 -0.0850184 -0.9956471
v -0.0078938 0.0054348 -0.1079344 1.000000 1.000000 1.000000
vn 0.1817504 0.4511881 -0.8737254
v -0.0122393 0.0011421 -0.1089565 1.000000 1.000000 1.000000
vn 0.2498810 0.2996902 -0.9207309
v -0.0062919 -0.0012989 -0.1091055 1.000000 1.000000 1.000000
vn -0.1770463 -0.2518645 -0.9514300
v 0.0021478 0.0084323 -0.1097982 1.000000 1.000000 1.000000
vn -0.4223603 -0.0403599 -0.9055291
v 0.0010269 0.0092829 -0.1094217 1.000000 1.000000 1.000000
vn -0.5286342 0.0709218 -0.8458818
v -0.0006335 0.0113089 -0.1084082 1.000000 1.000000 1.000000
vn -0.2939633 -0.1802537 -0.9386662
v -0.0092252 0.0055047 -0.1076716 1.000000 1.000000 1.000000
vn 0.1597901 -0.1931980 -0.9680608
v 0.0022145 0.0032192 -0.1079537 1.000000 1.000000 1.000000
vn 0.1578917 -0.4198868 -0.8937368
v 0.0072830 -0.0275607 -0.1119880 1.000000 1.000000 1.000000
vn -0.4912788 0.2175494 -0.8433964
v -0.0031483 0.0097034 -0.1072012 1.000000 1.000000 1.000000
vn -0.6015728 0.0613976 -0.7964550
v -0.0008830 0.0131291 -0.1080244 1.000000 1.000000 1.000000
vn -0.4653288 -0.0812802 -0.8813981
v 0.0025276 0.0142775 -0.1108324 1.000000 1.000000 1.000000
vn -0.2202553 -0.2317337 -0.9475163
v 0.0035989 0.0109336 -0.1107835 1.000000 1.000000 1.000000
vn -0.3687032 0.0229346 -0.9292642
v 0.0042121 0.0184329 -0.1118749 1.000000 1.000000 1.000000
vn -0.1611999 -0.1269251 -0.9787261
v 0.0060512 0.0149732 -0.1119848 1.000000 1.000000 1.000000
vn -0.1363201 -0.0397219 -0.9898682
v 0.0058588 0.0178180 -0.1122155 1.000000 1.000000 1.000000
vn -0.1530411 0.0696586 -0.9857617
v 0.0064234 0.0228003 -0.1121954 1.000000 1.000000 1.000000
vn -0.0176744 -0.0272908 -0.9994713
v 0.0106481 0.0173525 -0.1123917 1.000000 1.000000 1.000000
vn 0.1768005 0.0791551 -0.9810587
v 0.0149110 0.0220845 -0.1123552 1.000000 1.000000 1.000000
vn -0.1281432 0.2626414 -0.9563466
v 0.0077346 0.0255717 -0.1120309 1.000000 1.000000 1.000000
vn -0.3448573 0.2173165 -0.9131522
v 0.0056401 0.0241616 -0.1118304 1.000000 1.000000 1.000000
vn 0.1399650 0.3140415 -0.9390356
v 0.0127410 0.0255188 -0.1120659 1.000000 1.000000 1.000000
vn 0.1454746 -0.1032264 -0.9839622
v 0.0141141 0.0173370 -0.1123694 1.000000 1.000000 1.000000
vn 0.0721965 -0.2536055 -0.9646097
v 0.0107421 0.0139741 -0.1121720 1.000000 1.000000 1.000000
vn -0.0503876 -0.2488382 -0.9672335
v 0.0081829 0.0128716 -0.1118415 1.000000 1.000000 1.000000
vn -0.5026028 -0.0203113 -0.8642789
v 0.0022844 0.0169677 -0.1108609 1.000000 1.000000 1.000000
vn 0.2283687 -0.0593732 -0.9717626
v 0.0156575 0.0181601 -0.1120819 1.000000 1.000000 1.000000
vn 0.1634929 -0.2318552 -0.9589126
v 0.0137087 0.0151547 -0.1120138 1.000000 1.000000 1.000000
vn -0.4593500 -0.1612598 -0.8734946
v -0.0117940 0.0057484 -0.1064329 1.000000 1.000000 1.000000
vn -0.4493419 0.2212898 -0.8655187
v 0.0044190 0.0243333 -0.1111662 1.000000 1.000000 1.000000
vn 0.0302702 -0.4356238 -0.8996198
v 0.0075339 0.0107701 -0.1110961 1.000000 1.000000 1.000000
vn -0.2972380 -0.3075209 -0.9039250
v 0.0109725 -0.0035978 -0.1096384 1.000000 1.000000 1.000000
vn 0.0590035 -0.3358552 -0.9400638
v 0.0017382 0.0055046 -0.1088248 1.000000 1.000000 1.000000
vn 0.0069264 0.4118250 -0.9112367
v 0.0101316 0.0277662 -0.1111755 1.000000 1.000000 1.000000
vn -0.1994310 0.4026200 -0.8933781
v 0.0070520 0.0275550 -0.1110098 1.000000 1.000000 1.000000
vn 0.3630264 0.2775653 -0.8894771
v 0.0154875 0.0237196 -0.1118956 1.000000 1.000000 1.000000
vn -0.4131675 -0.4157959 -0.8101892
v -0.0008244 -0.0271209 -0.1112299 1.000000 1.000000 1.000000
vn 0.1782863 -0.3513988 -0.9190935
v 0.0278291 -0.0085629 -0.1115205 1.000000 1.000000 1.000000
vn -0.0821930 -0.3678046 -0.9262635
v 0.0081586 -0.0056931 -0.1079186 1.000000 1.000000 1.000000
vn -0.0031471 -0.3137241 -0.9495090
v 0.0071997 -0.0067774 -0.1075572 1.000000 1.000000 1.000000
vn 0.0746697 -0.5364208 -0.8406410
v 0.0066702 0.0094009 -0.1103516 1.000000 1.000000 1.000000
vn -0.4780858 -0.0956615 -0.8730882
v -0.0129859 0.0047125 -0.1056037 1.000000 1.000000 1.000000
vn -0.5027904 -0.2522193 -0.8267934
v -0.0148481 0.0056875 -0.1047654 1.000000 1.000000 1.000000
vn -0.2933901 -0.3737772 -0.8798937
v 0.0179134 -0.0048392 -0.1112274 1.000000 1.000000 1.000000
vn 0.4018032 0.0824004 -0.9120113
v 0.0166657 0.0207752 -0.1118441 1.000000 1.000000 1.000000
vn 0.4463638 -0.0621870 -0.8926882
v 0.0298783 -0.0038563 -0.1120316 1.000000 1.000000 1.000000
vn 0.3582180 -0.0995638 -0.9283140
v -0.0031101 -0.0025612 -0.1079516 1.000000 1.000000 1.000000
vn 0.2901732 -0.2813331 -0.9146864
v 0.0061485 0.0054759 -0.1077352 1.000000 1.000000 1.000000
vn 0.1227567 -0.4625896 -0.8780329
v 0.0039032 0.0074104 -0.1092284 1.000000 1.000000 1.000000
vn 0.4159843 0.1427236 -0.8981020
v -0.0059642 -0.0034075 -0.1093545 1.000000 1.000000 1.000000
vn 0.2007841 -0.3597591 -0.9111856
v -0.0030845 -0.0045823 -0.1071933 1.000000 1.000000 1.000000
vn -0.0763680 -0.4415388 -0.8939863
v 0.0256767 -0.0094465 -0.1111089 1.000000 1.000000 1.000000
vn -0.2381347 -0.4738194 -0.8478131
v 0.0220938 -0.0077045 -0.1112154 1.000000 1.000000 1.000000
vn -0.2479072 -0.4400127 -0.8630937
v 0.0134359 -0.0038940 -0.1100945 1.000000 1.000000 1.000000
vn 0.3892105 -0.1197633 -0.9133302
v 0.0119350 -0.0243270 -0.1115025 1.000000 1.000000 1.000000
vn -0.2795977 -0.5071901 -0.8152198
v 0.0007001 -0.0286313 -0.1108932 1.000000 1.000000 1.000000
vn 0.2601425 0.3333603 -0.9061991
v 0.0074900 0.0032914 -0.1074742 1.000000 1.000000 1.000000
vn -0.4983611 -0.2427503 -0.8322911
v -0.0156788 0.0050122 -0.1040280 1.000000 1.000000 1.000000
vn -0.4776143 -0.0394772 -0.8776823
v -0.0172076 0.0056737 -0.1033083 1.000000 1.000000 1.000000
vn -0.5236694 0.0551423 -0.8501351
v -0.0180384 0.0048226 -0.1028574 1.000000 1.000000 1.000000
vn -0.5629157 0.0771632 -0.8229045
v -0.0195323 0.0058893 -0.1017751 1.000000 1.000000 1.000000
vn -0.5643700 0.0982091 -0.8196594
v -0.0200740 0.0049521 -0.1014875 1.000000 1.000000 1.000000
vn -0.5840504 0.1703542 -0.7936401
v -0.0211155 0.0059667 -0.1006179 1.000000 1.000000 1.000000
vn -0.6134225 0.2681833 -0.7428262
v -0.0220461 0.0049051 -0.1002328 1.000000 1.000000 1.000000
vn 0.2464987 0.2987162 -0.9219583
v 0.0097386 0.0050935 -0.1061029 1.000000 1.000000 1.000000
vn 0.1487000 0.4860138 -0.8612078
v -0.0046832 0.0124779 -0.1046799 1.000000 1.000000 1.000000
vn 0.3557474 0.5432387 -0.7604837
v -0.0059198 0.0138472 -0.1043027 1.000000 1.000000 1.000000
vn 0.1980942 0.4872252 -0.8505118
v 0.0276291 0.0028412 -0.1110613 1.000000 1.000000 1.000000
vn 0.1511325 0.4722266 -0.8684245
v 0.0108366 0.0041858 -0.1064054 1.000000 1.000000 1.000000
vn 0.1645726 -0.4664577 -0.8690990
v 0.0112108 0.0116875 -0.1110068 1.000000 1.000000 1.000000
vn 0.2084003 0.4953040 -0.8433524
v 0.0127048 0.0272489 -0.1110588 1.000000 1.000000 1.000000
vn -0.5780438 -0.3025366 -0.7578503
v -0.0027975 -0.0264907 -0.1099766 1.000000 1.000000 1.000000
vn 0.1026137 -0.4749352 -0.8740177
v -0.0038030 -0.0075202 -0.1056812 1.000000 1.000000 1.000000
vn 0.4010815 -0.1141871 -0.9088976
v 0.0085719 0.0059402 -0.1067241 1.000000 1.000000 1.000000
vn 0.3663495 0.3113086 -0.8768553
v 0.0087041 -0.0156585 -0.1111011 1.000000 1.000000 1.000000
vn 0.2044092 -0.5404801 -0.8161484
v 0.0070422 0.0067631 -0.1080651 1.000000 1.000000 1.000000
vn 0.4425867 0.0411649 -0.8957804
v 0.0124334 -0.0216666 -0.1111340 1.000000 1.000000 1.000000
vn -0.0314227 -0.5634802 -0.8255318
v 0.0039159 -0.0291755 -0.1111199 1.000000 1.000000 1.000000
vn 0.4177447 0.2776462 -0.8651023
v 0.0110361 -0.0189759 -0.1111275 1.000000 1.000000 1.000000
vn -0.6631886 0.0383684 -0.7474682
v -0.0225680 0.0057452 -0.0993515 1.000000 1.000000 1.000000
vn -0.7025900 -0.0392670 -0.7105107
v -0.0240222 0.0066730 -0.0981306 1.000000 1.000000 1.000000
vn -0.7591287 0.0040235 -0.6509281
v -0.0247181 0.0055439 -0.0973690 1.000000 1.000000 1.000000
vn 0.2419078 0.4642802 -0.8520121
v -0.0111086 -0.0025066 -0.1110413 1.000000 1.000000 1.000000
vn 0.2671536 0.3643961 -0.8921012
v -0.0101130 -0.0040706 -0.1113819 1.000000 1.000000 1.000000
vn 0.3613754 0.4353428 -0.8245511
v 0.0152952 0.0256873 -0.1109827 1.000000 1.000000 1.000000
vn 0.2288640 0.5255517 -0.8194003
v -0.0123687 -0.0017374 -0.1109305 1.000000 1.000000 1.000000
vn 0.3501627 -0.4317080 -0.8312727
v 0.0117860 -0.0265045 -0.1108092 1.000000 1.000000 1.000000
vn 0.3932233 0.3961214 -0.8297369
v 0.0298745 0.0015888 -0.1109091 1.000000 1.000000 1.000000
vn 0.4672626 0.1749352 -0.8666391
v -0.0080794 -0.0038241 -0.1105790 1.000000 1.000000 1.000000
vn 0.5057401 0.2497950 -0.8257296
v 0.0171148 0.0237158 -0.1109491 1.000000 1.000000 1.000000
vn -0.8051503 0.0036631 -0.5930595
v -0.0253182 0.0067168 -0.0965296 1.000000 1.000000 1.000000
vn 0.4456633 -0.3291203 -0.8325047
v 0.0298765 -0.0083186 -0.1106441 1.000000 1.000000 1.000000
vn 0.2238732 -0.5733273 -0.7881476
v 0.0075746 -0.0286939 -0.1110920 1.000000 1.000000 1.000000
vn 0.5197893 -0.2360713 -0.8210295
v 0.0310675 -0.0063032 -0.1106790 1.000000 1.000000 1.000000
vn 0.5393260 0.1797397 -0.8226914
v 0.0309882 -0.0004861 -0.1110355 1.000000 1.000000 1.000000
vn 0.5810554 -0.0182884 -0.8136585
v 0.0313709 -0.0032085 -0.1109803 1.000000 1.000000 1.000000
vn -0.4378986 -0.5927289 -0.6759566
v -0.0017459 -0.0283297 -0.1095730 1.000000 1.000000 1.000000
vn 0.5676184 0.1591698 -0.8077589
v 0.0184255 0.0211731 -0.1105291 1.000000 1.000000 1.000000
vn -0.8083826 -0.0343484 -0.5876544
v -0.0259404 0.0061546 -0.0956408 1.000000 1.000000 1.000000
vn -0.8051770 -0.0438364 -0.5914122
v -0.0268537 0.0067813 -0.0944439 1.000000 1.000000 1.000000
vn 0.2563079 0.6031503 -0.7553251
v -0.0047867 0.0150479 -0.1027076 1.000000 1.000000 1.000000
vn 0.0121255 0.6115729 -0.7910951
v -0.0051621 0.0160733 -0.1019991 1.000000 1.000000 1.000000
vn -0.0533994 0.5951773 -0.8018183
v -0.0040699 0.0158611 -0.1022358 1.000000 1.000000 1.000000
vn -0.0165067 0.6600538 -0.7510369
v -0.0048955 0.0181674 -0.1003067 1.000000 1.000000 1.000000
vn -0.0088972 0.6677598 -0.7443237
v -0.0037731 0.0183036 -0.1002052 1.000000 1.000000 1.000000
vn 0.0066046 0.7048342 -0.7093413
v -0.0049989 0.0206784 -0.0979318 1.000000 1.000000 1.000000
vn -0.0136773 0.7217340 -0.6920354
v -0.0038671 0.0215447 -0.0970507 1.000000 1.000000 1.000000
vn -0.0304158 0.7319985 -0.6806270
v -0.0049395 0.0223751 -0.0961097 1.000000 1.000000 1.000000
vn 0.3451468 -0.5673191 -0.7476783
v 0.0110495 -0.0280718 -0.1099599 1.000000 1.000000 1.000000
vn 0.7987965 0.4604178 -0.3872203
v 0.0107506 -0.0140592 -0.1051945 1.000000 1.000000 1.000000
vn 0.7746618 0.4750222 -0.4174363
v 0.0127585 -0.0188103 -0.1084938 1.000000 1.000000 1.000000
vn 0.7375643 0.5238741 -0.4260926
v 0.0100308 -0.0153042 -0.1088055 1.000000 1.000000 1.000000
vn 0.7939587 0.4748317 -0.3796900
v 0.0137522 -0.0164654 -0.1023829 1.000000 1.000000 1.000000
vn 0.7728961 0.4568388 -0.4403749
v 0.0088795 -0.0127426 -0.1077483 1.000000 1.000000 1.000000
vn 0.8312735 0.4383991 -0.3417465
v 0.0157596 -0.0193350 -0.1015658 1.000000 1.000000 1.000000
vn 0.8591782 0.3678868 -0.3556291
v 0.0166233 -0.0185965 -0.0987289 1.000000 1.000000 1.000000
vn 0.8940225 0.2812701 -0.3487277
v 0.0157060 -0.0219312 -0.1051849 1.000000 1.000000 1.000000
vn 0.8431960 0.2599944 -0.4705566
v 0.0141852 -0.0218128 -0.1087677 1.000000 1.000000 1.000000
vn 0.8011560 0.3278412 -0.5006688
v 0.0116574 -0.0132275 -0.1027141 1.000000 1.000000 1.000000
vn 0.8346977 0.3148637 -0.4518193
v 0.0157442 -0.0162964 -0.0985267 1.000000 1.000000 1.000000
vn 0.9069386 0.2690541 -0.3241488
v 0.0170835 -0.0218371 -0.1012401 1.000000 1.000000 1.000000
vn 0.7989764 0.2993455 -0.5215641
v 0.0090341 -0.0103524 -0.1054106 1.000000 1.000000 1.000000
vn 0.8777886 0.2403162 -0.4144097
v 0.0187782 -0.0194010 -0.0941634 1.000000 1.000000 1.000000
vn 0.6912701 0.5138782 -0.5080107
v 0.0087041 -0.0156585 -0.1111011 1.000000 1.000000 1.000000
vn 0.6904747 0.4252077 -0.5851864
v 0.0110361 -0.0189759 -0.1111275 1.000000 1.000000 1.000000
vn 0.7247294 0.4359385 -0.5335961
v 0.0078348 -0.0117731 -0.1084292 1.000000 1.000000 1.000000
vn 0.7325976 0.2745323 -0.6228426
v 0.0065453 -0.0092860 -0.1085187 1.000000 1.000000 1.000000
vn 0.9190417 0.1727199 -0.3543025
v 0.0195333 -0.0221352 -0.0941638 1.000000 1.000000 1.000000
vn 0.7115228 0.2329543 -0.6629236
v 0.0124334 -0.0216666 -0.1111340 1.000000 1.000000 1.000000
vn 0.8759201 0.0429663 -0.4805393
v 0.0213286 -0.0215512 -0.0897659 1.000000 1.000000 1.000000
vn 0.8263340 0.0204997 -0.5628072
v 0.0182165 -0.0173942 -0.0941833 1.000000 1.000000 1.000000
vn 0.7844006 -0.1030542 -0.6116334
v 0.0205649 -0.0197262 -0.0909553 1.000000 1.000000 1.000000
vn 0.7467976 -0.0239057 -0.6646217
v 0.0083557 -0.0088155 -0.1056840 1.000000 1.000000 1.000000
vn 0.5901710 0.4989549 -0.6346198
v 0.0061393 -0.0126622 -0.1110491 1.000000 1.000000 1.000000
vn 0.5648772 0.4241685 -0.7078099
v 0.0059746 -0.0114911 -0.1103809 1.000000 1.000000 1.000000
vn 0.7102535 -0.0701268 -0.7004442
v 0.0101064 -0.0100041 -0.1038067 1.000000 1.000000 1.000000
vn 0.7640737 0.1386568 -0.6300521
v 0.0124087 -0.0126916 -0.1014571 1.000000 1.000000 1.000000
vn 0.7666456 0.1089709 -0.6327558
v 0.0147899 -0.0140426 -0.0988834 1.000000 1.000000 1.000000
vn 0.8519316 0.1171178 -0.5103881
v 0.0164879 -0.0159365 -0.0969801 1.000000 1.000000 1.000000
vn 0.4938473 0.3036774 -0.8147975
v 0.0049063 -0.0080929 -0.1095352 1.000000 1.000000 1.000000
vn 0.9459659 -0.0781758 -0.3147015
v 0.0179106 -0.0248990 -0.1001660 1.000000 1.000000 1.000000
vn 0.9329497 -0.0834708 -0.3501966
v 0.0163896 -0.0251005 -0.1045796 1.000000 1.000000 1.000000
vn 0.8876491 -0.1248745 -0.4432669
v 0.0152596 -0.0249370 -0.1074165 1.000000 1.000000 1.000000
vn 0.6603491 0.0293808 -0.7503839
v 0.0064199 -0.0074457 -0.1082903 1.000000 1.000000 1.000000
vn 0.9380147 -0.1472050 -0.3137819
v 0.0197506 -0.0250503 -0.0943010 1.000000 1.000000 1.000000
vn 0.9080781 -0.0698202 -0.4129398
v 0.0214440 -0.0240841 -0.0897223 1.000000 1.000000 1.000000
vn 0.7666148 -0.1297257 -0.6288665
v 0.0137977 -0.0245792 -0.1097455 1.000000 1.000000 1.000000
vn 0.7054003 -0.3359163 -0.6241559
v 0.0236361 -0.0231250 -0.0860967 1.000000 1.000000 1.000000
vn 0.7474248 -0.2182250 -0.6274823
v 0.0220034 -0.0212459 -0.0886818 1.000000 1.000000 1.000000
vn 0.7463515 -0.1989076 -0.6351340
v 0.0175870 -0.0159139 -0.0952503 1.000000 1.000000 1.000000
vn 0.6689376 -0.1960348 -0.7170026
v 0.0159298 -0.0140287 -0.0976574 1.000000 1.000000 1.000000
vn 0.6644096 -0.1591208 -0.7302332
v 0.0130692 -0.0119603 -0.1007537 1.000000 1.000000 1.000000
vn 0.4600376 0.1971525 -0.8657346
v 0.0040175 -0.0069277 -0.1095792 1.000000 1.000000 1.000000
vn 0.3724451 0.3438648 -0.8619987
v 0.0032059 -0.0099997 -0.1109241 1.000000 1.000000 1.000000
vn 0.6683988 -0.1453099 -0.7294711
v 0.0119350 -0.0243270 -0.1115025 1.000000 1.000000 1.000000
vn 0.8924873 -0.2206127 -0.3934418
v 0.0214772 -0.0252952 -0.0890721 1.000000 1.000000 1.000000
vn 0.7435961 -0.1442951 -0.6528735
v 0.0197172 -0.0180358 -0.0922691 1.000000 1.000000 1.000000
vn 0.4669184 0.2445275 -0.8498197
v 0.0105553 -0.0212366 -0.1120421 1.000000 1.000000 1.000000
vn 0.7285665 -0.1451808 -0.6694127
v 0.0071997 -0.0067774 -0.1075572 1.000000 1.000000 1.000000
vn 0.5628840 -0.0704913 -0.8235245
v 0.0068042 -0.0046168 -0.1082697 1.000000 1.000000 1.000000
vn 0.6972004 -0.2325991 -0.6780924
v 0.0185219 -0.0162176 -0.0942289 1.000000 1.000000 1.000000
vn 0.7834058 -0.3295342 -0.5269559
v 0.0235217 -0.0242826 -0.0855430 1.000000 1.000000 1.000000
vn 0.8783630 -0.3244225 -0.3510394
v 0.0159463 -0.0269675 -0.1041495 1.000000 1.000000 1.000000
vn 0.9076373 -0.3050435 -0.2883454
v 0.0177502 -0.0269346 -0.0986151 1.000000 1.000000 1.000000
vn 0.7429649 -0.3978936 -0.5382229
v 0.0136897 -0.0267570 -0.1086934 1.000000 1.000000 1.000000
vn 0.6583171 -0.2629540 -0.7053182
v 0.0213216 -0.0188830 -0.0905879 1.000000 1.000000 1.000000
vn 0.8876964 -0.3677971 -0.2769847
v 0.0189979 -0.0269864 -0.0941423 1.000000 1.000000 1.000000
vn 0.7619089 -0.2092287 -0.6129586
v 0.0218753 -0.0198881 -0.0896440 1.000000 1.000000 1.000000
vn 0.5982072 -0.4186645 -0.6832776
v 0.0232612 -0.0217395 -0.0872780 1.000000 1.000000 1.000000
vn 0.6262544 -0.4326002 -0.6485850
v 0.0117860 -0.0265045 -0.1108092 1.000000 1.000000 1.000000
vn 0.6156791 -0.2891166 -0.7330422
v 0.0089346 -0.0079853 -0.1055095 1.000000 1.000000 1.000000
vn 0.8061914 -0.4200310 -0.4166887
v 0.0140422 -0.0278009 -0.1068850 1.000000 1.000000 1.000000
vn 0.5750259 -0.3144686 -0.7552846
v 0.0128988 -0.0102831 -0.1015764 1.000000 1.000000 1.000000
vn 0.5568331 -0.4105575 -0.7220661
v 0.0168225 -0.0139997 -0.0969964 1.000000 1.000000 1.000000
vn 0.5587934 -0.3295771 -0.7610052
v 0.0105690 -0.0088900 -0.1039496 1.000000 1.000000 1.000000
vn 0.5739353 -0.4173771 -0.7045529
v 0.0246139 -0.0228577 -0.0854586 1.000000 1.000000 1.000000
vn 0.5686765 -0.5821181 -0.5811589
v 0.0110495 -0.0280718 -0.1099599 1.000000 1.000000 1.000000
vn 0.2928042 0.9537150 -0.0685092
v 0.0042688 0.0171142 0.1034389 1.000000 1.000000 1.000000
vn 0.4205356 0.9071919 0.0123539
v 0.0062474 0.0164013 0.1071525 1.000000 1.000000 1.000000
vn 0.4263230 0.8942440 -0.1362952
v 0.0065081 0.0161702 0.1028767 1.000000 1.000000 1.000000
vn 0.2427181 0.9469861 0.2104881
v 0.0038920 0.0171580 0.1110522 1.000000 1.000000 1.000000
vn 0.4920627 0.8684170 0.0610438
v 0.0076370 0.0154796 0.1113179 1.000000 1.000000 1.000000
vn 0.3496877 0.9094461 0.2250031
v 0.0048785 0.0166066 0.1117479 1.000000 1.000000 1.000000
vn 0.5884306 0.8085383 0.0039093
v 0.0097887 0.0143244 0.1061831 1.000000 1.000000 1.000000
vn 0.5224424 0.8436680 -0.1236052
v 0.0082808 0.0152208 0.1029726 1.000000 1.000000 1.000000
vn 0.6733427 0.7141364 0.1913607
v 0.0107852 0.0133161 0.1110443 1.000000 1.000000 1.000000
vn 0.6495482 0.7539047 -0.0985637
v 0.0105076 0.0136735 0.1037034 1.000000 1.000000 1.000000
vn 0.6039075 0.7743636 0.1888301
v 0.0099447 0.0137998 0.1117487 1.000000 1.000000 1.000000
vn 0.7199268 0.6936150 0.0245706
v 0.0116862 0.0126067 0.1079985 1.000000 1.000000 1.000000
vn 0.6496567 0.7431175 -0.1603826
v 0.0101778 0.0134474 0.1018673 1.000000 1.000000 1.000000
vn 0.5483811 0.8112708 -0.2027757
v 0.0087461 0.0142839 0.1008906 1.000000 1.000000 1.000000
vn 0.6413791 0.7660405 -0.0426009
v 0.0101353 0.0134274 0.1008674 1.000000 1.000000 1.000000
vn 0.4506345 0.8619687 -0.2322466
v 0.0068155 0.0154532 0.1009774 1.000000 1.000000 1.000000
vn 0.3166271 0.9485024 0.0095178
v 0.0046040 0.0165251 0.1012804 1.000000 1.000000 1.000000
vn 0.2152068 0.9667616 -0.1380506
v 0.0035361 0.0172769 0.1028372 1.000000 1.000000 1.000000
vn 0.7276495 0.6850532 0.0350489
v 0.0120722 0.0121885 0.1034879 1.000000 1.000000 1.000000
vn 0.8012733 0.5930324 -0.0792066
v 0.0131754 0.0108499 0.1038436 1.000000 1.000000 1.000000
vn 0.8135694 0.5814391 0.0057791
v 0.0134092 0.0106372 0.1066543 1.000000 1.000000 1.000000
vn 0.7133782 0.6667865 -0.2156093
v 0.0113770 0.0119839 0.1013337 1.000000 1.000000 1.000000
vn 0.8025914 0.5423112 0.2484867
v 0.0136341 0.0099879 0.1112089 1.000000 1.000000 1.000000
vn 0.3316043 0.8944986 0.2998514
v 0.0047118 0.0166182 0.1008819 1.000000 1.000000 1.000000
vn 0.8057879 0.5694551 -0.1625634
v 0.0132572 0.0101969 0.1020519 1.000000 1.000000 1.000000
vn 0.7204150 0.6916088 -0.0517645
v 0.0125352 0.0108635 0.1009096 1.000000 1.000000 1.000000
vn 0.8661965 0.4945678 -0.0714598
v 0.0135087 0.0096378 0.1012310 1.000000 1.000000 1.000000
vn 0.8716699 0.4739655 -0.1246928
v 0.0144853 0.0086428 0.1033275 1.000000 1.000000 1.000000
vn 0.9116351 0.4109942 0.0022889
v 0.0153570 0.0072451 0.1074683 1.000000 1.000000 1.000000
vn 0.9126272 0.3960695 0.1011958
v 0.0154152 0.0068599 0.1106297 1.000000 1.000000 1.000000
vn 0.7186294 0.5773438 0.3876158
v 0.0128330 0.0104259 0.1120517 1.000000 1.000000 1.000000
vn 0.8866929 0.3978018 -0.2356471
v 0.0146247 0.0073698 0.1013325 1.000000 1.000000 1.000000
vn 0.8991826 0.3703131 0.2331072
v 0.0153106 0.0065699 0.1117820 1.000000 1.000000 1.000000
vn 0.9191675 0.3573993 -0.1655203
v 0.0153148 0.0067820 0.1029008 1.000000 1.000000 1.000000
vn 0.9740482 0.2251572 -0.0231179
v 0.0165451 0.0037423 0.1063247 1.000000 1.000000 1.000000
vn 0.9486367 0.1873884 0.2549000
v 0.0165805 0.0031026 0.1111858 1.000000 1.000000 1.000000
vn 0.9561138 0.1934162 -0.2200830
v 0.0163300 0.0033320 0.1024640 1.000000 1.000000 1.000000
vn 0.9074255 0.3157010 -0.2773302
v 0.0152952 0.0052962 0.1013671 1.000000 1.000000 1.000000
vn 0.9394271 0.3009999 -0.1639383
v 0.0157969 0.0041670 0.1013631 1.000000 1.000000 1.000000
vn 0.9858804 0.0209017 -0.1661415
v 0.0168592 0.0003576 0.1032085 1.000000 1.000000 1.000000
vn 0.9995481 -0.0009832 0.0300458
v 0.0169867 -0.0000644 0.1089895 1.000000 1.000000 1.000000
vn 0.9770487 -0.0196631 0.2121068
v 0.0166873 -0.0002162 0.1119141 1.000000 1.000000 1.000000
vn 0.8458972 0.1934313 0.4970336
v 0.0158539 0.0034637 0.1122818 1.000000 1.000000 1.000000
vn 0.9611369 0.0047982 -0.2760304
v 0.0162727 0.0000500 0.1014860 1.000000 1.000000 1.000000
vn 0.9859495 0.1087534 0.1267927
v 0.0160694 0.0027003 0.1007931 1.000000 1.000000 1.000000
vn 0.9529809 -0.0553427 0.2979338
v 0.0161347 -0.0051313 0.1009648 1.000000 1.000000 1.000000
vn 0.9308701 -0.1999885 0.3057540
v 0.0165206 -0.0033948 0.1111623 1.000000 1.000000 1.000000
vn 0.9802352 -0.1932400 -0.0423942
v 0.0165438 -0.0033192 0.1044077 1.000000 1.000000 1.000000
vn 0.9773816 -0.2114503 0.0037264
v 0.0166117 -0.0035490 0.1080451 1.000000 1.000000 1.000000
vn 0.9645725 -0.1816708 -0.1912999
v 0.0164100 -0.0034422 0.1026511 1.000000 1.000000 1.000000
vn 0.9843787 -0.1525430 0.0879161
v 0.0159555 -0.0037621 0.1014528 1.000000 1.000000 1.000000
vn 0.9209722 -0.3735043 -0.1109272
v 0.0154225 -0.0068691 0.1032947 1.000000 1.000000 1.000000
vn 0.9220195 -0.3871435 0.0001935
v 0.0154711 -0.0070953 0.1073968 1.000000 1.000000 1.000000
vn 0.9232952 -0.3120030 -0.2240092
v 0.0153132 -0.0059293 0.1014375 1.000000 1.000000 1.000000
vn 0.9142371 -0.3862436 0.1224193
v 0.0154246 -0.0068941 0.1110585 1.000000 1.000000 1.000000
vn 0.8846779 -0.3914002 0.2532806
v 0.0152572 -0.0069411 0.1117188 1.000000 1.000000 1.000000
vn 0.8943051 -0.4079371 -0.1838638
v 0.0146986 -0.0076277 0.1014570 1.000000 1.000000 1.000000
vn 0.8110170 -0.1885517 0.5538046
v 0.0155992 -0.0034508 0.1124062 1.000000 1.000000 1.000000
vn 0.8805804 -0.4719612 -0.0427892
v 0.0137459 -0.0102907 0.1051063 1.000000 1.000000 1.000000
vn 0.8741725 -0.4705812 -0.1198995
v 0.0136649 -0.0096689 0.1014687 1.000000 1.000000 1.000000
vn 0.8598178 -0.4935851 0.1307178
v 0.0136833 -0.0103354 0.1098874 1.000000 1.000000 1.000000
vn 0.8263633 -0.5109327 0.2367939
v 0.0125235 -0.0114049 0.1116271 1.000000 1.000000 1.000000
vn 0.1571968 0.9874715 0.0137604
v 0.0002428 0.0178546 0.1075150 1.000000 1.000000 1.000000
vn 0.0329901 0.9567469 -0.2890449
v 0.0002517 0.0173611 0.1012590 1.000000 1.000000 1.000000
vn 0.1343141 0.9901693 -0.0390444
v -0.0000416 0.0177886 0.1043212 1.000000 1.000000 1.000000
vn 0.1694563 0.9522383 0.2540213
v 0.0015212 0.0172229 0.1009302 1.000000 1.000000 1.000000
vn 0.0587477 0.9876195 -0.1454523
v -0.0007960 0.0178405 0.1035947 1.000000 1.000000 1.000000
vn 0.1246430 0.9849384 0.1198347
v -0.0009744 0.0177978 0.1108553 1.000000 1.000000 1.000000
vn 0.1239875 0.9621885 0.2425291
v 0.0002525 0.0173861 0.1120080 1.000000 1.000000 1.000000
vn -0.0335304 0.9695997 -0.2423883
v -0.0026976 0.0172001 0.1010231 1.000000 1.000000 1.000000
vn -0.2369583 -0.7689304 -0.5937986
v -0.0159260 0.0096463 -0.1103131 1.000000 1.000000 1.000000
vn -0.3674165 -0.7720534 -0.5185930
v -0.0186179 0.0102443 -0.1097998 1.000000 1.000000 1.000000
vn -0.3177950 -0.6380932 -0.7013155
v -0.0185060 0.0112962 -0.1111609 1.000000 1.000000 1.000000
vn -0.1671880 -0.7503349 -0.6395668
v -0.0138456 0.0097771 -0.1110937 1.000000 1.000000 1.000000
vn -0.1232774 -0.6825919 -0.7203271
v -0.0105546 0.0075941 -0.1091245 1.000000 1.000000 1.000000
vn -0.2574825 -0.7713992 -0.5819330
v -0.0123755 0.0066428 -0.1072547 1.000000 1.000000 1.000000
vn -0.3379925 -0.7821960 -0.5233836
v -0.0163190 0.0069462 -0.1055389 1.000000 1.000000 1.000000
vn -0.3125706 -0.7252761 -0.6134120
v -0.0117940 0.0057484 -0.1064329 1.000000 1.000000 1.000000
vn -0.3258502 -0.7427050 -0.5849880
v -0.0148481 0.0056875 -0.1047654 1.000000 1.000000 1.000000
vn -0.4026380 -0.7225097 -0.5620163
v -0.0172076 0.0056737 -0.1033083 1.000000 1.000000 1.000000
vn -0.4372241 -0.7533913 -0.4911584
v -0.0188896 0.0073573 -0.1041836 1.000000 1.000000 1.000000
vn -0.4882030 -0.6636522 -0.5667658
v -0.0195323 0.0058893 -0.1017751 1.000000 1.000000 1.000000
vn -0.4697230 -0.5674647 -0.6762723
v -0.0213051 0.0127420 -0.1109081 1.000000 1.000000 1.000000
vn -0.5214897 -0.7219697 -0.4547616
v -0.0219095 0.0113557 -0.1084065 1.000000 1.000000 1.000000
vn -0.5566127 -0.6696811 -0.4916397
v -0.0222558 0.0079382 -0.1016393 1.000000 1.000000 1.000000
vn -0.4874469 -0.7677866 -0.4158117
v -0.0209575 0.0083420 -0.1038038 1.000000 1.000000 1.000000
vn -0.2584073 -0.6569354 -0.7082808
v -0.0092252 0.0055047 -0.1076716 1.000000 1.000000 1.000000
vn -0.6221911 -0.6751022 -0.3963777
v -0.0242804 0.0099063 -0.1021691 1.000000 1.000000 1.000000
vn -0.6542708 -0.6059070 -0.4525554
v -0.0247002 0.0085364 -0.0993918 1.000000 1.000000 1.000000
vn -0.6556763 -0.6210281 -0.4294330
v -0.0241367 0.0125424 -0.1073390 1.000000 1.000000 1.000000
vn -0.5424920 -0.6069629 -0.5807740
v -0.0211155 0.0059667 -0.1006179 1.000000 1.000000 1.000000
vn -0.6496832 -0.4564110 -0.6079480
v -0.0235179 0.0141806 -0.1100961 1.000000 1.000000 1.000000
vn -0.6479977 -0.5600628 -0.5161673
v -0.0240222 0.0066730 -0.0981306 1.000000 1.000000 1.000000
vn -0.7690452 -0.5273669 -0.3611837
v -0.0275574 0.0123535 -0.1002223 1.000000 1.000000 1.000000
vn -0.7269955 -0.5552450 -0.4039562
v -0.0270167 0.0098395 -0.0974146 1.000000 1.000000 1.000000
vn -0.7377821 -0.5412074 -0.4034505
v -0.0263892 0.0147512 -0.1063007 1.000000 1.000000 1.000000
vn -0.7121276 -0.4951908 -0.4976548
v -0.0253182 0.0067168 -0.0965296 1.000000 1.000000 1.000000
vn -0.7830189 -0.4844446 -0.3901215
v -0.0292067 0.0114183 -0.0953233 1.000000 1.000000 1.000000
vn -0.7258148 -0.3305474 -0.6032671
v -0.0248182 0.0154071 -0.1093205 1.000000 1.000000 1.000000
vn -0.7881919 -0.4048117 -0.4635526
v -0.0292488 0.0091305 -0.0926430 1.000000 1.000000 1.000000
vn -0.8063369 -0.4849938 -0.3385290
v -0.0276086 0.0149154 -0.1037705 1.000000 1.000000 1.000000
vn -0.1394278 -0.6041939 -0.7845442
v -0.0078938 0.0054348 -0.1079344 1.000000 1.000000 1.000000
vn -0.2540704 -0.5595135 -0.7889188
v -0.0174698 0.0120914 -0.1120721 1.000000 1.000000 1.000000
vn -0.5848388 -0.3155009 -0.7472769
v -0.0224634 0.0153257 -0.1115373 1.000000 1.000000 1.000000
vn -0.8399737 -0.4319644 -0.3284067
v -0.0289664 0.0150317 -0.1001411 1.000000 1.000000 1.000000
vn -0.8218256 -0.4122112 -0.3932995
v -0.0303156 0.0119722 -0.0933921 1.000000 1.000000 1.000000
vn -0.8054464 -0.2943056 -0.5144320
v -0.0307900 0.0092144 -0.0899869 1.000000 1.000000 1.000000
vn -0.7588059 -0.3550258 -0.5460497
v -0.0268537 0.0067813 -0.0944439 1.000000 1.000000 1.000000
vn -0.7925155 -0.3230041 -0.5172886
v -0.0290593 0.0073138 -0.0916946 1.000000 1.000000 1.000000
vn -0.3958466 -0.4233903 -0.8148903
v -0.0207403 0.0146995 -0.1121995 1.000000 1.000000 1.000000
vn -0.0181608 -0.5697573 -0.8216124
v -0.0093776 0.0080162 -0.1094432 1.000000 1.000000 1.000000
vn -0.7984155 -0.2253693 -0.5583380
v -0.0317638 0.0074688 -0.0878898 1.000000 1.000000 1.000000
vn -0.7008518 -0.1262801 -0.7020400
v -0.0235555 0.0176290 -0.1109808 1.000000 1.000000 1.000000
vn -0.7272062 -0.0947236 -0.6798518
v -0.0250781 0.0177782 -0.1093729 1.000000 1.000000 1.000000
vn -0.3317108 0.8546466 -0.3994337
v -0.0264181 0.0032661 -0.0995668 1.000000 1.000000 1.000000
vn -0.2626724 0.8714550 -0.4142094
v -0.0249746 0.0025936 -0.1022172 1.000000 1.000000 1.000000
vn -0.3880556 0.8444280 -0.3692617
v -0.0289291 0.0014326 -0.1019376 1.000000 1.000000 1.000000
vn -0.3203466 0.8037582 -0.5013490
v -0.0229022 0.0036801 -0.1013291 1.000000 1.000000 1.000000
vn -0.4611599 0.7451791 -0.4817050
v -0.0283489 -0.0010383 -0.1077369 1.000000 1.000000 1.000000
vn -0.2143241 0.8456317 -0.4888480
v -0.0255962 -0.0005261 -0.1084232 1.000000 1.000000 1.000000
vn -0.4654375 0.7835488 -0.4116056
v -0.0288154 0.0042547 -0.0951614 1.000000 1.000000 1.000000
vn -0.2407513 0.8216859 -0.5165957
v -0.0191162 0.0024996 -0.1053838 1.000000 1.000000 1.000000
vn -0.1689696 0.8476038 -0.5030080
v -0.0212689 0.0004476 -0.1079949 1.000000 1.000000 1.000000
vn -0.3312765 0.6501259 -0.6838071
v -0.0153257 0.0042574 -0.1047442 1.000000 1.000000 1.000000
vn -0.4561461 0.6718670 -0.5835456
v -0.0279059 -0.0017964 -0.1091314 1.000000 1.000000 1.000000
vn -0.1405081 0.7831110 -0.6058009
v -0.0164151 0.0011222 -0.1084437 1.000000 1.000000 1.000000
vn -0.0737757 0.6852650 -0.7245474
v -0.0195358 -0.0012187 -0.1110459 1.000000 1.000000 1.000000
vn -0.2003544 0.6453197 -0.7371708
v -0.0246365 -0.0021177 -0.1111489 1.000000 1.000000 1.000000
vn -0.2252896 0.7591951 -0.6106287
v -0.0149152 0.0027464 -0.1067537 1.000000 1.000000 1.000000
vn -0.4896824 0.6675814 -0.5608442
v -0.0238437 0.0048884 -0.0988394 1.000000 1.000000 1.000000
vn -0.1547192 0.6098893 -0.7772369
v -0.0120721 0.0021401 -0.1083104 1.000000 1.000000 1.000000
vn -0.1888734 0.6113228 -0.7685125
v -0.0106879 0.0035868 -0.1074970 1.000000 1.000000 1.000000
vn -0.5852081 0.7164539 -0.3797702
v -0.0301537 -0.0000873 -0.1037269 1.000000 1.000000 1.000000
vn -0.4280583 0.6934821 -0.5795245
v -0.0220461 0.0049051 -0.1002328 1.000000 1.000000 1.000000
vn -0.3589584 0.7248769 -0.5879645
v -0.0200740 0.0049521 -0.1014875 1.000000 1.000000 1.000000
vn -0.3683631 0.6140172 -0.6980627
v -0.0180384 0.0048226 -0.1028574 1.000000 1.000000 1.000000
vn -0.6067342 0.7236570 -0.3289289
v -0.0316370 0.0018642 -0.0970419 1.000000 1.000000 1.000000
vn -0.5707315 0.7286360 -0.3786229
v -0.0316300 0.0037790 -0.0926494 1.000000 1.000000 1.000000
vn -0.6185486 0.5858562 -0.5236125
v -0.0280680 0.0056619 -0.0937014 1.000000 1.000000 1.000000
vn -0.5364550 0.6156442 -0.5772332
v -0.0247181 0.0055439 -0.0973690 1.000000 1.000000 1.000000
vn -0.6846156 0.6027110 -0.4099280
v -0.0322281 0.0052899 -0.0891912 1.000000 1.000000 1.000000
vn 0.0217749 0.6025602 -0.7977764
v -0.0162552 -0.0010473 -0.1109728 1.000000 1.000000 1.000000
vn -0.0524192 0.5957474 -0.8014596
v -0.0122393 0.0011421 -0.1089565 1.000000 1.000000 1.000000
vn -0.1056105 0.5604838 -0.8214040
v -0.0095905 0.0031809 -0.1079193 1.000000 1.000000 1.000000
vn -0.4790922 0.4302642 -0.7650774
v -0.0275297 -0.0036940 -0.1110338 1.000000 1.000000 1.000000
vn -0.7176374 0.5473610 -0.4305724
v -0.0304316 -0.0017632 -0.1059414 1.000000 1.000000 1.000000
vn -0.6658551 0.6613848 -0.3452639
v -0.0328288 0.0028658 -0.0922235 1.000000 1.000000 1.000000
vn -0.6909569 0.6370426 -0.3416948
v -0.0320270 -0.0000887 -0.1000324 1.000000 1.000000 1.000000
vn -0.6375238 0.4581687 -0.6193908
v -0.0293056 -0.0037257 -0.1094975 1.000000 1.000000 1.000000
vn -0.4042042 0.5229581 -0.7504225
v -0.0156788 0.0050122 -0.1040280 1.000000 1.000000 1.000000
vn -0.3820521 0.5155379 -0.7669792
v -0.0129859 0.0047125 -0.1056037 1.000000 1.000000 1.000000
vn -0.5732421 0.4406312 -0.6908239
v -0.0225680 0.0057452 -0.0993515 1.000000 1.000000 1.000000
vn -0.6503028 0.5327291 -0.5415773
v -0.0293149 0.0064190 -0.0914915 1.000000 1.000000 1.000000
vn -0.6892738 0.5569520 -0.4633641
v -0.0318153 0.0065598 -0.0881748 1.000000 1.000000 1.000000
vn -0.0608933 0.5211873 -0.8512672
v -0.0208624 -0.0028485 -0.1120104 1.000000 1.000000 1.000000
vn -0.7367294 0.5585324 -0.3811448
v -0.0336415 0.0039966 -0.0882634 1.000000 1.000000 1.000000
vn -0.7099997 0.5221719 -0.4724795
v -0.0331225 0.0070205 -0.0857013 1.000000 1.000000 1.000000
vn -0.4121980 0.3245559 -0.8513262
v -0.0266282 -0.0046259 -0.1118768 1.000000 1.000000 1.000000
vn -0.7873643 0.5000371 -0.3605835
v -0.0316002 -0.0018067 -0.1034501 1.000000 1.000000 1.000000
vn -0.6661030 0.4010337 -0.6288711
v -0.0259404 0.0061546 -0.0956408 1.000000 1.000000 1.000000
vn -0.7720768 0.4450460 -0.4536866
v -0.0310225 -0.0036035 -0.1067411 1.000000 1.000000 1.000000
vn 0.1032537 0.5299417 -0.8417247
v -0.0123687 -0.0017374 -0.1109305 1.000000 1.000000 1.000000
vn 0.0193392 0.4871454 -0.8731068
v -0.0180844 -0.0032503 -0.1122264 1.000000 1.000000 1.000000
vn -0.1622323 0.4254594 -0.8903174
v -0.0242645 -0.0041361 -0.1121813 1.000000 1.000000 1.000000
vn -0.6925245 0.3236284 -0.6447283
v -0.0268537 0.0067813 -0.0944439 1.000000 1.000000 1.000000
vn -0.5689906 0.1704297 -0.8044896
v -0.0291827 -0.0064842 -0.1106513 1.000000 1.000000 1.000000
vn -0.5377482 0.1109008 -0.8357799
v -0.0266543 -0.0065535 -0.1122873 1.000000 1.000000 1.000000
vn -0.5421454 0.0372769 -0.8394575
v -0.0270870 -0.0093761 -0.1121332 1.000000 1.000000 1.000000
vn -0.1949375 -0.9808156 -0.0003248
v -0.0046812 -0.0173691 0.1046498 1.000000 1.000000 1.000000
vn -0.2977366 -0.9490358 -0.1033631
v -0.0062041 -0.0170038 0.1032556 1.000000 1.000000 1.000000
vn -0.0664414 -0.9971242 0.0364556
v -0.0021513 -0.0177796 0.1036531 1.000000 1.000000 1.000000
vn -0.1673203 -0.9703082 -0.1746594
v -0.0036829 -0.0172483 0.1013721 1.000000 1.000000 1.000000
vn -0.3139298 -0.9475942 0.0592740
v -0.0068728 -0.0165335 0.1115735 1.000000 1.000000 1.000000
vn -0.1827661 -0.9549205 0.2339303
v -0.0039787 -0.0173511 0.1112298 1.000000 1.000000 1.000000
vn -0.1114639 -0.9936081 0.0178534
v -0.0024029 -0.0176897 0.1077538 1.000000 1.000000 1.000000
vn 0.0238794 -0.9954531 -0.0922117
v 0.0001838 -0.0178705 0.1036647 1.000000 1.000000 1.000000
vn 0.0121137 -0.9580789 0.2862486
v -0.0001016 -0.0177022 0.1112778 1.000000 1.000000 1.000000
vn 0.0442373 -0.9987526 0.0231597
v 0.0002400 -0.0178692 0.1076457 1.000000 1.000000 1.000000
vn -0.4220651 -0.9058472 0.0360825
v -0.0086556 -0.0158346 0.1114843 1.000000 1.000000 1.000000
vn -0.4721358 -0.8814204 0.0136304
v -0.0096454 -0.0155352 0.1072578 1.000000 1.000000 1.000000
vn -0.4720306 -0.8807362 -0.0386112
v -0.0097972 -0.0154043 0.1040804 1.000000 1.000000 1.000000
vn -0.3822108 -0.9124759 -0.1459548
v -0.0074100 -0.0164165 0.1025162 1.000000 1.000000 1.000000
vn -0.5411753 -0.8361119 -0.0897008
v -0.0109331 -0.0147189 0.1032190 1.000000 1.000000 1.000000
vn -0.5619693 -0.8258224 0.0469897
v -0.0110379 -0.0144736 0.1114195 1.000000 1.000000 1.000000
vn -0.4330848 -0.8822600 -0.1845396
v -0.0082466 -0.0156887 0.1009789 1.000000 1.000000 1.000000
vn -0.4879563 -0.8531488 -0.1844883
v -0.0102163 -0.0146948 0.1012118 1.000000 1.000000 1.000000
vn -0.2861699 -0.9434513 -0.1673512
v -0.0066133 -0.0164411 0.1012924 1.000000 1.000000 1.000000
vn -0.2867239 -0.9227279 -0.2576095
v -0.0043011 -0.0169977 0.1012042 1.000000 1.000000 1.000000
vn -0.6448608 -0.7641917 0.0128650
v -0.0126413 -0.0135111 0.1067739 1.000000 1.000000 1.000000
vn -0.6143964 -0.7738757 -0.1537322
v -0.0120770 -0.0135301 0.1013715 1.000000 1.000000 1.000000
vn -0.7070438 -0.7022645 -0.0831483
v -0.0136365 -0.0125606 0.1034393 1.000000 1.000000 1.000000
vn -0.7026719 -0.7100150 0.0461614
v -0.0134380 -0.0125495 0.1113355 1.000000 1.000000 1.000000
vn 0.0671180 -0.9957576 -0.0629447
v 0.0012134 -0.0175130 0.1020319 1.000000 1.000000 1.000000
vn 0.1408935 -0.9804137 0.1376157
v 0.0016349 -0.0175585 0.1012762 1.000000 1.000000 1.000000
vn -0.1031634 -0.9141007 0.3921443
v -0.0030316 -0.0171796 0.1119323 1.000000 1.000000 1.000000
vn 0.2593475 -0.9278800 0.2679133
v 0.0042594 -0.0170972 0.1110596 1.000000 1.000000 1.000000
vn 0.2139334 -0.9765902 0.0224532
v 0.0037103 -0.0173399 0.1075988 1.000000 1.000000 1.000000
vn 0.2586063 -0.9569232 -0.1319876
v 0.0041942 -0.0172890 0.1032621 1.000000 1.000000 1.000000
vn 0.1256336 -0.9157005 0.3817182
v 0.0013007 -0.0172384 0.1120230 1.000000 1.000000 1.000000
vn 0.4058489 -0.9022636 0.1456266
v 0.0056235 -0.0165773 0.1011937 1.000000 1.000000 1.000000
vn 0.3261065 -0.9416312 -0.0835778
v 0.0051992 -0.0166347 0.1020685 1.000000 1.000000 1.000000
vn -0.7064610 -0.6847019 -0.1791542
v -0.0132110 -0.0124495 0.1013366 1.000000 1.000000 1.000000
vn 0.4778121 -0.8780921 0.0254960
v 0.0076899 -0.0158050 0.1076387 1.000000 1.000000 1.000000
vn 0.4705380 -0.8787313 -0.0801584
v 0.0074958 -0.0159030 0.1033380 1.000000 1.000000 1.000000
vn 0.4298370 -0.8964792 -0.1075413
v 0.0066328 -0.0159263 0.1013668 1.000000 1.000000 1.000000
vn 0.4616016 -0.8769240 0.1338969
v 0.0074067 -0.0157172 0.1113644 1.000000 1.000000 1.000000
vn 0.3403255 -0.8795176 0.3326070
v 0.0062535 -0.0160312 0.1118380 1.000000 1.000000 1.000000
vn 0.5434315 -0.8258520 -0.1505021
v 0.0082731 -0.0150818 0.1013478 1.000000 1.000000 1.000000
vn -0.7478158 -0.6637068 0.0162706
v -0.0152611 -0.0107275 0.1067766 1.000000 1.000000 1.000000
vn -0.7549133 -0.6358677 -0.1605562
v -0.0149716 -0.0104478 0.1013494 1.000000 1.000000 1.000000
vn -0.7712929 -0.6305898 -0.0863928
v -0.0154284 -0.0103655 0.1034145 1.000000 1.000000 1.000000
vn -0.7724801 -0.6325565 0.0560960
v -0.0156020 -0.0099092 0.1113085 1.000000 1.000000 1.000000
vn 0.5951737 -0.7301263 0.3356845
v 0.0101153 -0.0139509 0.1114408 1.000000 1.000000 1.000000
vn 0.6497017 -0.7582215 -0.0546621
v 0.0106917 -0.0137898 0.1043892 1.000000 1.000000 1.000000
vn 0.6700673 -0.7267892 -0.1509544
v 0.0108773 -0.0130227 0.1014229 1.000000 1.000000 1.000000
vn 0.7324298 -0.6804306 0.0236812
v 0.0121130 -0.0123414 0.1073998 1.000000 1.000000 1.000000
vn 0.4860874 -0.6363053 0.5990281
v 0.0095250 -0.0136047 0.1122875 1.000000 1.000000 1.000000
vn 0.7516478 -0.6528699 -0.0937369
v 0.0120383 -0.0122498 0.1034790 1.000000 1.000000 1.000000
vn 0.7193639 -0.6795743 0.1438553
v 0.0125235 -0.0114049 0.1116271 1.000000 1.000000 1.000000
vn 0.7793828 -0.6173730 -0.1068320
v 0.0124466 -0.0113868 0.1014706 1.000000 1.000000 1.000000
vn 0.7533262 -0.6555007 0.0530901
v 0.0136833 -0.0103354 0.1098874 1.000000 1.000000 1.000000
vn 0.7821317 -0.6209300 -0.0521154
v 0.0137459 -0.0102907 0.1051063 1.000000 1.000000 1.000000
vn 0.8026526 -0.5872293 -0.1044537
v 0.0136649 -0.0096689 0.1014687 1.000000 1.000000 1.000000
vn -0.9134055 0.0980047 -0.3950766
v -0.0071074 -0.0221505 -0.1016694 1.000000 1.000000 1.000000
vn -0.8699136 0.0707485 -0.4881034
v -0.0059578 -0.0169997 -0.1026407 1.000000 1.000000 1.000000
vn -0.9041535 0.1595083 -0.3963125
v -0.0056046 -0.0185645 -0.1038380 1.000000 1.000000 1.000000
vn -0.8681616 0.0054951 -0.4962511
v -0.0083496 -0.0218367 -0.0990596 1.000000 1.000000 1.000000
vn -0.8699458 0.1754027 -0.4608995
v -0.0038877 -0.0155375 -0.1063377 1.000000 1.000000 1.000000
vn -0.8096636 0.0411075 -0.5854529
v -0.0040171 -0.0124416 -0.1053004 1.000000 1.000000 1.000000
vn -0.9022321 0.1350009 -0.4095756
v -0.0047687 -0.0216653 -0.1076579 1.000000 1.000000 1.000000
vn -0.8512852 0.1531395 -0.5018585
v -0.0039925 -0.0212620 -0.1090550 1.000000 1.000000 1.000000
vn -0.8988333 -0.1146472 -0.4230304
v -0.0051239 -0.0245378 -0.1073887 1.000000 1.000000 1.000000
vn -0.9227983 -0.1344341 -0.3610688
v -0.0073157 -0.0247335 -0.1016790 1.000000 1.000000 1.000000
vn -0.8738641 -0.1340926 -0.4673124
v -0.0091243 -0.0240489 -0.0974019 1.000000 1.000000 1.000000
vn -0.7892080 -0.1227804 -0.6017273
v -0.0038005 -0.0243731 -0.1097686 1.000000 1.000000 1.000000
vn -0.7816474 0.2424562 -0.5746672
v -0.0024751 -0.0182058 -0.1100851 1.000000 1.000000 1.000000
vn -0.8074561 0.1664925 -0.5659462
v -0.0025300 -0.0127551 -0.1076014 1.000000 1.000000 1.000000
vn -0.6750000 0.0460320 -0.7363804
v -0.0027998 -0.0080492 -0.1064449 1.000000 1.000000 1.000000
vn -0.7793543 0.1187586 -0.6152261
v -0.0027178 -0.0212775 -0.1109077 1.000000 1.000000 1.000000
vn -0.7886198 -0.0632688 -0.6116174
v -0.0086744 -0.0205204 -0.0985246 1.000000 1.000000 1.000000
vn -0.7593359 -0.0826003 -0.6454350
v -0.0077339 -0.0184210 -0.0998243 1.000000 1.000000 1.000000
vn -0.7734116 -0.0653455 -0.6305271
v -0.0055845 -0.0140060 -0.1031838 1.000000 1.000000 1.000000
vn -0.7289784 -0.2332409 -0.6435754
v -0.0099614 -0.0222296 -0.0966659 1.000000 1.000000 1.000000
vn -0.6851507 0.2101999 -0.6974128
v -0.0011524 -0.0111558 -0.1088866 1.000000 1.000000 1.000000
vn -0.7227246 0.2575447 -0.6413578
v -0.0014484 -0.0175576 -0.1110103 1.000000 1.000000 1.000000
vn -0.8360201 -0.3300400 -0.4383425
v -0.0092202 -0.0252841 -0.0966853 1.000000 1.000000 1.000000
vn -0.6586705 -0.0445253 -0.7511129
v -0.0044993 -0.0091492 -0.1050256 1.000000 1.000000 1.000000
vn -0.7288046 -0.4055358 -0.5517107
v -0.0106888 -0.0249202 -0.0945417 1.000000 1.000000 1.000000
vn -0.6446438 0.2064717 -0.7360733
v -0.0006908 -0.0072742 -0.1082021 1.000000 1.000000 1.000000
vn -0.6688537 -0.1796679 -0.7213559
v -0.0089188 -0.0193673 -0.0985434 1.000000 1.000000 1.000000
vn -0.6687323 -0.1185594 -0.7339897
v -0.0017233 -0.0242896 -0.1116746 1.000000 1.000000 1.000000
vn -0.8302324 -0.4308017 -0.3537288
v -0.0050870 -0.0277220 -0.1049448 1.000000 1.000000 1.000000
vn -0.6779623 -0.1940793 -0.7090137
v -0.0072024 -0.0155703 -0.1010937 1.000000 1.000000 1.000000
vn -0.6521058 -0.1497345 -0.7431942
v -0.0055358 -0.0116153 -0.1036662 1.000000 1.000000 1.000000
vn -0.7559314 -0.4667601 -0.4590236
v -0.0038705 -0.0274465 -0.1077905 1.000000 1.000000 1.000000
vn -0.6159392 0.2735288 -0.7387834
v 0.0004093 -0.0133566 -0.1110034 1.000000 1.000000 1.000000
vn -0.6055099 0.2375447 -0.7595593
v 0.0008562 -0.0098737 -0.1100868 1.000000 1.000000 1.000000
vn -0.6189029 -0.0412970 -0.7843812
v -0.0038030 -0.0075202 -0.1056812 1.000000 1.000000 1.000000
vn -0.6158060 -0.0312415 -0.7872782
v -0.0023574 -0.0049384 -0.1069144 1.000000 1.000000 1.000000
vn -0.6929517 -0.3853376 -0.6093709
v -0.0027975 -0.0264907 -0.1099766 1.000000 1.000000 1.000000
vn -0.8513629 -0.4083311 -0.3293128
v -0.0075446 -0.0273202 -0.0983134 1.000000 1.000000 1.000000
vn -0.8057542 -0.4558805 -0.3780652
v -0.0085367 -0.0274583 -0.0957572 1.000000 1.000000 1.000000
vn -0.6107156 -0.2323847 -0.7569833
v -0.0084028 -0.0175940 -0.0995386 1.000000 1.000000 1.000000
vn -0.8005995 -0.4851846 -0.3516197
v -0.0078685 -0.0309538 -0.0926854 1.000000 1.000000 1.000000
vn -0.8332886 -0.4444510 -0.3287757
v -0.0064685 -0.0308451 -0.0962758 1.000000 1.000000 1.000000
vn -0.8327186 -0.4625233 -0.3043878
v -0.0054608 -0.0304968 -0.0994587 1.000000 1.000000 1.000000
vn -0.7061052 -0.5565520 -0.4377962
v -0.0103569 -0.0273489 -0.0924288 1.000000 1.000000 1.000000
vn -0.7167923 -0.5780605 -0.3899422
v -0.0099196 -0.0295842 -0.0900549 1.000000 1.000000 1.000000
vn -0.6199230 -0.3212188 -0.7159008
v -0.0106007 -0.0216008 -0.0964019 1.000000 1.000000 1.000000
vn -0.6484576 -0.5097902 -0.5653467
v -0.0119706 -0.0248068 -0.0932689 1.000000 1.000000 1.000000
vn -0.6274040 -0.5294880 -0.5709699
v -0.0017459 -0.0283297 -0.1095730 1.000000 1.000000 1.000000
vn -0.7501370 -0.5567059 -0.3568936
v -0.0088360 -0.0316488 -0.0891549 1.000000 1.000000 1.000000
vn -0.7023283 -0.6051453 -0.3748789
v -0.0110211 -0.0301244 -0.0872155 1.000000 1.000000 1.000000
vn -0.7271260 -0.5792324 -0.3684801
v -0.0036062 -0.0297056 -0.1049042 1.000000 1.000000 1.000000
vn -0.7289473 -0.5777810 -0.3671579
v -0.0109276 -0.0316638 -0.0849786 1.000000 1.000000 1.000000
vn -0.6402227 -0.6435980 -0.4194003
v -0.0119599 -0.0284839 -0.0886740 1.000000 1.000000 1.000000
vn -0.5749276 -0.4749485 -0.6662449
v -0.0008244 -0.0271209 -0.1112299 1.000000 1.000000 1.000000
vn -0.3627863 -0.3958526 -0.8436154
v -0.0071962 -0.0139496 -0.1018568 1.000000 1.000000 1.000000
vn -0.7887312 0.4122232 -0.4560431
v -0.0017733 0.0224538 -0.0988019 1.000000 1.000000 1.000000
vn -0.8798041 0.3092639 -0.3609718
v -0.0003596 0.0231281 -0.1011395 1.000000 1.000000 1.000000
vn -0.8440370 0.3807829 -0.3776320
v -0.0008216 0.0199207 -0.1031285 1.000000 1.000000 1.000000
vn -0.8411205 0.3332039 -0.4260182
v -0.0015240 0.0260588 -0.0963225 1.000000 1.000000 1.000000
vn -0.7442659 0.4312499 -0.5099919
v -0.0027417 0.0256016 -0.0945561 1.000000 1.000000 1.000000
vn -0.7784597 0.4086785 -0.4764268
v -0.0024769 0.0286745 -0.0926141 1.000000 1.000000 1.000000
vn -0.8458463 0.3767689 -0.3776099
v -0.0000206 0.0287561 -0.0974830 1.000000 1.000000 1.000000
vn -0.8956734 0.2878285 -0.3390045
v 0.0003717 0.0258883 -0.1009906 1.000000 1.000000 1.000000
vn -0.8569238 0.3929756 -0.3335442
v 0.0012086 0.0285056 -0.1008396 1.000000 1.000000 1.000000
vn -0.8749884 0.3271356 -0.3569000
v 0.0003354 0.0193375 -0.1067292 1.000000 1.000000 1.000000
vn -0.8314288 0.4443294 -0.3336132
v 0.0024461 0.0282177 -0.1044524 1.000000 1.000000 1.000000
vn -0.8957664 0.2616504 -0.3593629
v 0.0017559 0.0234403 -0.1071754 1.000000 1.000000 1.000000
vn -0.8620140 0.3185818 -0.3942556
v 0.0024683 0.0254501 -0.1076213 1.000000 1.000000 1.000000
vn -0.8428619 0.2643632 -0.4687174
v 0.0011817 0.0191933 -0.1087704 1.000000 1.000000 1.000000
vn -0.7645940 0.3290688 -0.5541748
v 0.0035008 0.0249245 -0.1098962 1.000000 1.000000 1.000000
vn -0.8050189 0.3928333 -0.4445522
v -0.0016306 0.0163779 -0.1051078 1.000000 1.000000 1.000000
vn -0.7909657 0.1991848 -0.5785316
v -0.0003095 0.0154025 -0.1083076 1.000000 1.000000 1.000000
vn -0.7099126 0.5632605 -0.4228023
v 0.0038029 0.0283028 -0.1073786 1.000000 1.000000 1.000000
vn -0.7193899 0.3679848 -0.5891227
v -0.0024674 0.0136423 -0.1059732 1.000000 1.000000 1.000000
vn -0.6590585 0.6654268 -0.3504985
v 0.0001605 0.0309185 -0.0954200 1.000000 1.000000 1.000000
vn -0.7340892 0.5879405 -0.3397633
v 0.0018606 0.0298999 -0.1004288 1.000000 1.000000 1.000000
vn -0.6168458 0.6773919 -0.4008011
v -0.0015367 0.0313440 -0.0917293 1.000000 1.000000 1.000000
vn -0.7155342 0.1699982 -0.6775777
v 0.0020059 0.0182612 -0.1104266 1.000000 1.000000 1.000000
vn -0.7149507 0.4584360 -0.5279034
v -0.0028485 0.0156764 -0.1038511 1.000000 1.000000 1.000000
vn -0.6398414 0.5304861 -0.5560464
v -0.0031029 0.0206102 -0.0985911 1.000000 1.000000 1.000000
vn -0.5896353 0.5394964 -0.6010607
v -0.0041224 0.0283656 -0.0904587 1.000000 1.000000 1.000000
vn -0.6815876 0.5537790 -0.4782961
v -0.0038210 0.0317256 -0.0877813 1.000000 1.000000 1.000000
vn -0.5509372 0.5801715 -0.5998912
v -0.0037375 0.0255807 -0.0932946 1.000000 1.000000 1.000000
vn -0.5579589 0.5315402 -0.6372966
v 0.0049945 0.0274254 -0.1098295 1.000000 1.000000 1.000000
vn -0.5653147 0.5751333 -0.5913047
v -0.0038720 0.0133185 -0.1045058 1.000000 1.000000 1.000000
vn -0.5847965 0.5452801 -0.6005687
v -0.0040699 0.0158611 -0.1022358 1.000000 1.000000 1.000000
vn -0.5006734 0.5804996 -0.6421421
v -0.0038671 0.0215447 -0.0970507 1.000000 1.000000 1.000000
vn -0.6645328 0.3108703 -0.6795262
v 0.0044190 0.0243333 -0.1111662 1.000000 1.000000 1.000000
vn -0.6010031 0.5710763 -0.5591664
v -0.0048705 0.0300678 -0.0880558 1.000000 1.000000 1.000000
vn -0.6524605 0.6266654 -0.4261289
v -0.0055191 0.0314215 -0.0856286 1.000000 1.000000 1.000000
vn -0.5000063 0.6957573 -0.5156698
v 0.0049610 0.0285254 -0.1085941 1.000000 1.000000 1.000000
vn -0.6001305 0.5657466 -0.5654858
v -0.0037731 0.0183036 -0.1002052 1.000000 1.000000 1.000000
vn -0.7461335 0.1878815 -0.6387374
v -0.0008830 0.0131291 -0.1080244 1.000000 1.000000 1.000000
vn -0.6542008 0.3258678 -0.6825185
v -0.0031483 0.0097034 -0.1072012 1.000000 1.000000 1.000000
vn -0.6331664 0.6587557 -0.4063756
v -0.0053797 0.0327238 -0.0837346 1.000000 1.000000 1.000000
vn -0.5886410 0.7210725 -0.3654534
v 0.0045537 0.0299038 -0.1056576 1.000000 1.000000 1.000000
vn -0.6941836 0.0937766 -0.7136632
v 0.0022844 0.0169677 -0.1108609 1.000000 1.000000 1.000000
vn -0.6086441 0.7170830 -0.3396238
v 0.0022350 0.0308317 -0.0992333 1.000000 1.000000 1.000000
vn -0.5534366 0.4921452 -0.6719382
v -0.0046832 0.0124779 -0.1046799 1.000000 1.000000 1.000000
vn -0.4775946 0.5932860 -0.6480086
v -0.0047490 0.0265979 -0.0915225 1.000000 1.000000 1.000000
vn -0.4176060 0.5960906 -0.6857706
v 0.0070520 0.0275550 -0.1110098 1.000000 1.000000 1.000000
vn -0.5230100 0.7963490 -0.3037907
v 0.0044610 0.0307159 -0.1033691 1.000000 1.000000 1.000000
vn -0.2638135 0.6246600 -0.7349846
v -0.0047867 0.0150479 -0.1027076 1.000000 1.000000 1.000000
vn -0.3736660 0.6308635 -0.6799889
v -0.0054121 0.0281076 -0.0899895 1.000000 1.000000 1.000000
vn -0.2953488 0.7267550 -0.6201584
v -0.0054653 0.0293180 -0.0887031 1.000000 1.000000 1.000000
vn -0.4248542 0.8547719 -0.2981007
v 0.0004857 0.0322525 -0.0919396 1.000000 1.000000 1.000000
vn -0.3673287 0.7654539 -0.5283466
v 0.0073294 0.0296126 -0.1086656 1.000000 1.000000 1.000000
vn -0.2903963 0.6965031 -0.6561657
v -0.0047869 0.0244430 -0.0940379 1.000000 1.000000 1.000000
vn -0.1271523 0.6809884 -0.7211706
v -0.0049395 0.0223751 -0.0961097 1.000000 1.000000 1.000000
vn 0.6761304 -0.5974294 -0.4311912
v -0.0096633 -0.0116197 -0.1074264 1.000000 1.000000 1.000000
vn 0.6443536 -0.5878378 -0.4891371
v -0.0076701 -0.0112043 -0.1050138 1.000000 1.000000 1.000000
vn 0.5906699 -0.6524729 -0.4747506
v -0.0101220 -0.0147966 -0.1032739 1.000000 1.000000 1.000000
vn 0.6668930 -0.6153451 -0.4202431
v -0.0120969 -0.0138149 -0.1084509 1.000000 1.000000 1.000000
vn 0.5797814 -0.7149180 -0.3908271
v -0.0137676 -0.0176008 -0.1042801 1.000000 1.000000 1.000000
vn 0.5700942 -0.7073831 -0.4178537
v -0.0146231 -0.0161567 -0.1087260 1.000000 1.000000 1.000000
vn 0.5310262 -0.6817276 -0.5032482
v -0.0116948 -0.0176863 -0.1012354 1.000000 1.000000 1.000000
vn 0.5102627 -0.5916169 -0.6241966
v -0.0146813 -0.0146021 -0.1109565 1.000000 1.000000 1.000000
vn 0.6119483 -0.4445084 -0.6541649
v -0.0113382 -0.0108884 -0.1108794 1.000000 1.000000 1.000000
vn 0.5840177 -0.4890597 -0.6478764
v -0.0128043 -0.0125167 -0.1109941 1.000000 1.000000 1.000000
vn 0.6292635 -0.5210951 -0.5766172
v -0.0068588 -0.0076407 -0.1078281 1.000000 1.000000 1.000000
vn 0.2905554 -0.6121293 -0.7354422
v -0.0068528 -0.0117173 -0.1034470 1.000000 1.000000 1.000000
vn 0.4500310 -0.6453885 -0.6172081
v -0.0088262 -0.0153622 -0.1013870 1.000000 1.000000 1.000000
vn 0.4721640 -0.7631134 -0.4412698
v -0.0148799 -0.0198899 -0.1017181 1.000000 1.000000 1.000000
vn 0.4166516 -0.7607587 -0.4976421
v -0.0139027 -0.0216450 -0.0980404 1.000000 1.000000 1.000000
vn 0.4639604 -0.7997361 -0.3810026
v -0.0161580 -0.0190600 -0.1046932 1.000000 1.000000 1.000000
vn 0.3190903 -0.7075104 -0.6305636
v -0.0177634 -0.0169412 -0.1107270 1.000000 1.000000 1.000000
vn 0.4080589 -0.5752047 -0.7089623
v -0.0053527 -0.0081495 -0.1058106 1.000000 1.000000 1.000000
vn 0.3749557 -0.8241571 -0.4244683
v -0.0177406 -0.0184561 -0.1081564 1.000000 1.000000 1.000000
vn 0.4967844 -0.4075211 -0.7662454
v -0.0030845 -0.0045823 -0.1071933 1.000000 1.000000 1.000000
vn 0.3206706 -0.6975558 -0.6407700
v -0.0112362 -0.0200492 -0.0979084 1.000000 1.000000 1.000000
vn 0.1890035 -0.7655745 -0.6149580
v -0.0124526 -0.0227101 -0.0951863 1.000000 1.000000 1.000000
vn 0.2090980 -0.6395369 -0.7397774
v -0.0090515 -0.0168874 -0.1000082 1.000000 1.000000 1.000000
vn 0.3219273 -0.8561998 -0.4040851
v -0.0192516 -0.0205672 -0.1046306 1.000000 1.000000 1.000000
vn 0.2663785 -0.8592749 -0.4366798
v -0.0191461 -0.0230087 -0.0996681 1.000000 1.000000 1.000000
vn 0.2719868 -0.8219782 -0.5003751
v -0.0142594 -0.0244876 -0.0936122 1.000000 1.000000 1.000000
vn 0.1918794 -0.5811668 -0.7908397
v -0.0071962 -0.0139496 -0.1018568 1.000000 1.000000 1.000000
vn 0.2128296 -0.8704406 -0.4438883
v -0.0180777 -0.0250493 -0.0952248 1.000000 1.000000 1.000000
vn 0.2130256 -0.8562403 -0.4706088
v -0.0146966 -0.0264936 -0.0903104 1.000000 1.000000 1.000000
vn 0.6326421 -0.3016368 -0.7132876
v -0.0081055 -0.0064096 -0.1101065 1.000000 1.000000 1.000000
vn 0.5495170 -0.3727463 -0.7477241
v -0.0056473 -0.0052813 -0.1085246 1.000000 1.000000 1.000000
vn 0.4420836 -0.4772735 -0.7594552
v -0.0150755 -0.0133974 -0.1119912 1.000000 1.000000 1.000000
vn 0.1064457 -0.8037710 -0.5853388
v -0.0209858 -0.0186380 -0.1094550 1.000000 1.000000 1.000000
vn 0.2494325 -0.8624981 -0.4403187
v -0.0212119 -0.0196359 -0.1077963 1.000000 1.000000 1.000000
vn 0.2361663 -0.8757532 -0.4210486
v -0.0212512 -0.0221344 -0.1026285 1.000000 1.000000 1.000000
vn 0.1586103 -0.8970499 -0.4124855
v -0.0178997 -0.0269224 -0.0910835 1.000000 1.000000 1.000000
vn 0.1622006 -0.8809404 -0.4445615
v -0.0147025 -0.0279485 -0.0877223 1.000000 1.000000 1.000000
vn 0.2312673 -0.5680169 -0.7898558
v -0.0182695 -0.0156494 -0.1118774 1.000000 1.000000 1.000000
vn 0.1728972 -0.8498087 -0.4979275
v -0.0134179 -0.0254440 -0.0916995 1.000000 1.000000 1.000000
vn -0.0233890 -0.7164813 -0.6972142
v -0.0123037 -0.0236985 -0.0941226 1.000000 1.000000 1.000000
vn 0.0717028 -0.5438481 -0.8361149
v -0.0057423 -0.0100428 -0.1044005 1.000000 1.000000 1.000000
vn 0.1635278 -0.8952008 -0.4145771
v -0.0212832 -0.0236660 -0.0990917 1.000000 1.000000 1.000000
vn 0.1394807 -0.8976263 -0.4181055
v -0.0191306 -0.0259704 -0.0935940 1.000000 1.000000 1.000000
vn 0.1309191 -0.9014788 -0.4125484
v -0.0177171 -0.0280821 -0.0883951 1.000000 1.000000 1.000000
vn 0.1372967 -0.8879710 -0.4389272
v -0.0157977 -0.0295632 -0.0847983 1.000000 1.000000 1.000000
vn -0.0073293 -0.6461706 -0.7631578
v -0.0208035 -0.0171071 -0.1111634 1.000000 1.000000 1.000000
vn -0.0248483 -0.5887350 -0.8079441
v -0.0099227 -0.0191399 -0.0983359 1.000000 1.000000 1.000000
vn -0.0956773 -0.6646705 -0.7409852
v -0.0106007 -0.0216008 -0.0964019 1.000000 1.000000 1.000000
vn -0.0649922 -0.7206902 -0.6902041
v -0.0111961 -0.0211367 -0.0967100 1.000000 1.000000 1.000000
vn 0.5210182 -0.2993321 -0.7993374
v -0.0119571 -0.0094589 -0.1118693 1.000000 1.000000 1.000000
vn 0.5474664 -0.1859971 -0.8158957
v -0.0091640 -0.0064677 -0.1109537 1.000000 1.000000 1.000000
vn 0.2649474 -0.4804660 -0.8360354
v -0.0038030 -0.0075202 -0.1056812 1.000000 1.000000 1.000000
vn 0.4975681 -0.2920900 -0.8167676
v -0.0031101 -0.0025612 -0.1079516 1.000000 1.000000 1.000000
vn 0.0756656 -0.5352038 -0.8413274
v -0.0044993 -0.0091492 -0.1050256 1.000000 1.000000 1.000000
vn 0.5311440 -0.2401776 -0.8125274
v -0.0059642 -0.0034075 -0.1093545 1.000000 1.000000 1.000000
vn 0.5299192 -0.1404063 -0.8363442
v -0.0080794 -0.0038241 -0.1105790 1.000000 1.000000 1.000000
vn 0.4566806 -0.1229643 -0.8810917
v -0.0106284 -0.0061564 -0.1117562 1.000000 1.000000 1.000000
vn -0.1416382 -0.5379055 -0.8310212
v -0.0219504 -0.0157443 -0.1119482 1.000000 1.000000 1.000000
vn -0.0799520 -0.5648882 -0.8212849
v -0.0084028 -0.0175940 -0.0995386 1.000000 1.000000 1.000000
vn -0.1992668 -0.4413145 -0.8749481
v -0.0072024 -0.0155703 -0.1010937 1.000000 1.000000 1.000000
vn -0.1712950 -0.6806944 -0.7122592
v -0.0236747 -0.0177977 -0.1098129 1.000000 1.000000 1.000000
vn -0.1119017 -0.4752203 -0.8727220
v -0.0055358 -0.0116153 -0.1036662 1.000000 1.000000 1.000000
vn -0.2568738 -0.5388054 -0.8023120
v -0.0242299 -0.0162752 -0.1110230 1.000000 1.000000 1.000000
vn -0.2111433 -0.6355273 -0.7426463
v -0.0119706 -0.0248068 -0.0932689 1.000000 1.000000 1.000000
vn -0.3617337 -0.4241629 -0.8302016
v -0.0241547 -0.0141221 -0.1122129 1.000000 1.000000 1.000000
vn -0.2787476 -0.4629711 -0.8414021
v -0.0089188 -0.0193673 -0.0985434 1.000000 1.000000 1.000000
vn -0.4146800 -0.3836689 -0.8251295
v -0.0265688 -0.0136959 -0.1111979 1.000000 1.000000 1.000000
vn -0.4149212 -0.3553427 -0.8375989
v -0.0260296 -0.0119533 -0.1122043 1.000000 1.000000 1.000000
vn 0.7807961 -0.4299188 -0.4533512
v 0.0214719 0.0141294 -0.0984348 1.000000 1.000000 1.000000
vn 0.7330472 -0.5257095 -0.4315917
v 0.0165987 0.0115309 -0.1038063 1.000000 1.000000 1.000000
vn 0.7811264 -0.5019659 -0.3713108
v 0.0212064 0.0158891 -0.1011125 1.000000 1.000000 1.000000
vn 0.7523494 -0.5510259 -0.3610275
v 0.0189894 0.0157809 -0.1057708 1.000000 1.000000 1.000000
vn 0.7103006 -0.5919047 -0.3809487
v 0.0156078 0.0123710 -0.1069494 1.000000 1.000000 1.000000
vn 0.6514564 -0.5433564 -0.5294983
v 0.0141460 0.0092945 -0.1049631 1.000000 1.000000 1.000000
vn 0.7119678 -0.5045292 -0.4884179
v 0.0170905 0.0158886 -0.1098099 1.000000 1.000000 1.000000
vn 0.6128584 -0.6405334 -0.4627328
v 0.0142040 0.0116652 -0.1083980 1.000000 1.000000 1.000000
vn 0.8255078 -0.4003716 -0.3977932
v 0.0204159 0.0180952 -0.1060308 1.000000 1.000000 1.000000
vn 0.8364478 -0.3981634 -0.3765913
v 0.0232023 0.0178034 -0.0991010 1.000000 1.000000 1.000000
vn 0.8416651 -0.3125376 -0.4403636
v 0.0236382 0.0142814 -0.0947248 1.000000 1.000000 1.000000
vn 0.8090590 -0.2718376 -0.5210834
v 0.0190784 0.0187501 -0.1091067 1.000000 1.000000 1.000000
vn 0.7495456 -0.3469256 -0.5637587
v 0.0181792 0.0109350 -0.1007741 1.000000 1.000000 1.000000
vn 0.6459366 -0.2728347 -0.7129707
v 0.0144468 0.0077007 -0.1034259 1.000000 1.000000 1.000000
vn 0.4831143 -0.5620777 -0.6713191
v 0.0137537 0.0132815 -0.1109277 1.000000 1.000000 1.000000
vn 0.5735746 -0.4427976 -0.6891607
v 0.0159476 0.0157144 -0.1109622 1.000000 1.000000 1.000000
vn 0.8746856 -0.3064569 -0.3755121
v 0.0250051 0.0164393 -0.0936929 1.000000 1.000000 1.000000
vn 0.7848175 -0.2733186 -0.5562001
v 0.0213892 0.0126503 -0.0974897 1.000000 1.000000 1.000000
vn 0.9039736 -0.2239023 -0.3642792
v 0.0240173 0.0184422 -0.0978220 1.000000 1.000000 1.000000
vn 0.8917412 -0.2217479 -0.3944940
v 0.0213856 0.0193138 -0.1048668 1.000000 1.000000 1.000000
vn 0.6460896 -0.2562132 -0.7189736
v 0.0173215 0.0181373 -0.1110562 1.000000 1.000000 1.000000
vn 0.8597590 -0.0310937 -0.5097525
v 0.0244548 0.0138034 -0.0928224 1.000000 1.000000 1.000000
vn 0.8835944 0.0234419 -0.4676660
v 0.0262869 0.0146617 -0.0895245 1.000000 1.000000 1.000000
vn 0.8977717 -0.2835100 -0.3370878
v 0.0259767 0.0181453 -0.0926490 1.000000 1.000000 1.000000
vn 0.9087306 -0.2033836 -0.3644775
v 0.0271104 0.0179123 -0.0893109 1.000000 1.000000 1.000000
vn 0.9137625 -0.0069390 -0.4061896
v 0.0281825 0.0168505 -0.0861689 1.000000 1.000000 1.000000
vn 0.8501568 -0.1862932 -0.4924715
v 0.0232043 0.0131009 -0.0949403 1.000000 1.000000 1.000000
vn 0.5813204 -0.3089228 -0.7527505
v 0.0116043 0.0065280 -0.1052229 1.000000 1.000000 1.000000
vn 0.5178096 -0.6636730 -0.5398254
v 0.0120866 0.0097217 -0.1080023 1.000000 1.000000 1.000000
vn 0.5583367 -0.5154822 -0.6500294
v 0.0114931 0.0071059 -0.1057338 1.000000 1.000000 1.000000
vn 0.4294262 -0.1929893 -0.8822405
v 0.0097386 0.0050935 -0.1061029 1.000000 1.000000 1.000000
vn 0.4099214 -0.6561096 -0.6336282
v 0.0100029 0.0082746 -0.1080073 1.000000 1.000000 1.000000
vn 0.3936392 -0.4931535 -0.7757885
v 0.0085719 0.0059402 -0.1067241 1.000000 1.000000 1.000000
vn 0.4158359 -0.6502151 -0.6358465
v 0.0112108 0.0116875 -0.1110068 1.000000 1.000000 1.000000
vn 0.8068492 -0.0402212 -0.5893866
v 0.0224304 0.0119654 -0.0959621 1.000000 1.000000 1.000000
vn 0.8687954 -0.1450012 -0.4734651
v 0.0203568 0.0211936 -0.1076275 1.000000 1.000000 1.000000
vn 0.7486985 -0.2073106 -0.6296610
v 0.0196733 0.0104828 -0.0988612 1.000000 1.000000 1.000000
vn 0.6983705 -0.2124423 -0.6834815
v 0.0175213 0.0091045 -0.1008242 1.000000 1.000000 1.000000
vn 0.9201973 -0.1316892 -0.3686394
v 0.0224089 0.0209633 -0.1029656 1.000000 1.000000 1.000000
vn 0.7379135 -0.1160430 -0.6648440
v 0.0184255 0.0211731 -0.1105291 1.000000 1.000000 1.000000
vn 0.4380216 -0.4121377 -0.7989240
v 0.0137087 0.0151547 -0.1120138 1.000000 1.000000 1.000000
vn 0.3746869 -0.5633693 -0.7363591
v 0.0070422 0.0067631 -0.1080651 1.000000 1.000000 1.000000
vn 0.4142582 -0.4850376 -0.7701485
v 0.0061485 0.0054759 -0.1077352 1.000000 1.000000 1.000000
vn 0.9359362 -0.0862372 -0.3414479
v 0.0239297 0.0207684 -0.0986494 1.000000 1.000000 1.000000
vn 0.5000097 -0.2446307 -0.8307504
v 0.0156575 0.0181601 -0.1120819 1.000000 1.000000 1.000000
vn 0.9277261 -0.0151885 -0.3729527
v 0.0286068 0.0178798 -0.0851553 1.000000 1.000000 1.000000
vn 0.9171007 0.0714932 -0.3921927
v 0.0296039 0.0173146 -0.0827605 1.000000 1.000000 1.000000
vn 0.5793747 -0.0976816 -0.8091869
v 0.0166657 0.0207752 -0.1118441 1.000000 1.000000 1.000000
vn 0.8798598 0.1062962 -0.4631932
v 0.0286594 0.0152627 -0.0855641 1.000000 1.000000 1.000000
vn 0.5414254 -0.0655253 -0.8381915
v 0.0125221 0.0061122 -0.1046091 1.000000 1.000000 1.000000
vn 0.6261359 0.0037782 -0.7797048
v 0.0154800 0.0072479 -0.1025984 1.000000 1.000000 1.000000
vn 0.8185108 0.2414039 -0.5213101
v 0.0271973 0.0138695 -0.0884619 1.000000 1.000000 1.000000
vn 0.7608851 0.2789843 -0.5858513
v 0.0248475 0.0118316 -0.0932576 1.000000 1.000000 1.000000
vn -0.4221862 -0.7702960 -0.4779151
v 0.0199787 -0.0106016 -0.1015550 1.000000 1.000000 1.000000
vn -0.3194190 -0.8694122 -0.3769535
v 0.0175872 -0.0080816 -0.1046749 1.000000 1.000000 1.000000
vn -0.5450394 -0.7615693 -0.3506343
v 0.0209909 -0.0104144 -0.1030720 1.000000 1.000000 1.000000
vn -0.3786097 -0.8418631 -0.3846052
v 0.0176511 -0.0067483 -0.1080706 1.000000 1.000000 1.000000
vn -0.5299893 -0.7845904 -0.3217596
v 0.0201311 -0.0081556 -0.1082216 1.000000 1.000000 1.000000
vn -0.4814340 -0.7248719 -0.4927292
v 0.0197865 -0.0069126 -0.1102905 1.000000 1.000000 1.000000
vn -0.3599446 -0.7329634 -0.5772389
v 0.0175645 -0.0054006 -0.1104862 1.000000 1.000000 1.000000
vn -0.1743047 -0.8605301 -0.4786500
v 0.0169184 -0.0086082 -0.1031087 1.000000 1.000000 1.000000
vn -0.2290621 -0.8610631 -0.4539834
v 0.0158246 -0.0062103 -0.1079881 1.000000 1.000000 1.000000
vn -0.2207400 -0.7626671 -0.6079578
v 0.0142850 -0.0048693 -0.1094204 1.000000 1.000000 1.000000
vn -0.1916981 -0.7874984 -0.5857458
v 0.0177568 -0.0106913 -0.1001238 1.000000 1.000000 1.000000
vn -0.4837003 -0.7470148 -0.4560735
v 0.0222666 -0.0091539 -0.1095510 1.000000 1.000000 1.000000
vn -0.5422828 -0.7666076 -0.3438636
v 0.0239026 -0.0120526 -0.1054692 1.000000 1.000000 1.000000
vn -0.3597453 -0.8244882 -0.4368095
v 0.0249458 -0.0116637 -0.1078605 1.000000 1.000000 1.000000
vn -0.2242809 -0.8741899 -0.4306857
v 0.0259316 -0.0127605 -0.1063426 1.000000 1.000000 1.000000
vn -0.3063935 -0.8662547 -0.3946211
v 0.0252451 -0.0138280 -0.1036858 1.000000 1.000000 1.000000
vn -0.5111006 -0.7593231 -0.4027464
v 0.0233917 -0.0142335 -0.1003640 1.000000 1.000000 1.000000
vn -0.2099388 -0.9080871 -0.3623583
v 0.0254608 -0.0150887 -0.1008040 1.000000 1.000000 1.000000
vn -0.3496452 -0.8249723 -0.4440371
v 0.0218480 -0.0155986 -0.0960408 1.000000 1.000000 1.000000
vn -0.4905567 -0.7305131 -0.4750840
v 0.0218271 -0.0142470 -0.0983465 1.000000 1.000000 1.000000
vn -0.2685571 -0.7377340 -0.6193752
v 0.0250433 -0.0101435 -0.1102437 1.000000 1.000000 1.000000
vn -0.2817070 -0.7761238 -0.5641569
v 0.0197579 -0.0142996 -0.0966812 1.000000 1.000000 1.000000
vn -0.1262819 -0.8221489 -0.5550894
v 0.0203797 -0.0160669 -0.0942154 1.000000 1.000000 1.000000
vn -0.4274687 -0.6914940 -0.5823286
v 0.0220938 -0.0077045 -0.1112154 1.000000 1.000000 1.000000
vn -0.1895361 -0.9091849 -0.3707547
v 0.0251636 -0.0168387 -0.0959947 1.000000 1.000000 1.000000
vn -0.3628787 -0.6656667 -0.6520789
v 0.0179134 -0.0048392 -0.1112274 1.000000 1.000000 1.000000
vn -0.0966825 -0.8719621 -0.4799319
v 0.0249913 -0.0188860 -0.0913155 1.000000 1.000000 1.000000
vn -0.0702857 -0.8040938 -0.5903331
v 0.0264699 -0.0111257 -0.1093812 1.000000 1.000000 1.000000
vn -0.2082984 -0.6469342 -0.7335447
v 0.0134359 -0.0038940 -0.1100945 1.000000 1.000000 1.000000
vn -0.0995880 -0.8412207 -0.5314414
v 0.0139021 -0.0058480 -0.1078870 1.000000 1.000000 1.000000
vn 0.0383332 -0.8552476 -0.5167999
v 0.0142251 -0.0078537 -0.1042052 1.000000 1.000000 1.000000
vn 0.0284975 -0.7463009 -0.6649984
v 0.0184266 -0.0145811 -0.0959585 1.000000 1.000000 1.000000
vn 0.1298728 -0.7323717 -0.6684048
v 0.0205985 -0.0175902 -0.0921428 1.000000 1.000000 1.000000
vn 0.1708372 -0.8956560 -0.4106276
v 0.0281840 -0.0134401 -0.1052772 1.000000 1.000000 1.000000
vn 0.2008656 -0.8353641 -0.5116834
v 0.0282279 -0.0120360 -0.1078794 1.000000 1.000000 1.000000
vn -0.0329061 -0.7907116 -0.6113037
v 0.0213216 -0.0188830 -0.0905879 1.000000 1.000000 1.000000
vn 0.2277491 -0.8253477 -0.5166541
v 0.0253532 -0.0212353 -0.0876042 1.000000 1.000000 1.000000
vn -0.0926420 -0.6757048 -0.7313280
v 0.0256767 -0.0094465 -0.1111089 1.000000 1.000000 1.000000
vn 0.2021780 -0.9194243 -0.3373175
v 0.0281844 -0.0145662 -0.1024785 1.000000 1.000000 1.000000
vn 0.0355153 -0.9255393 -0.3769825
v 0.0261386 -0.0173551 -0.0948299 1.000000 1.000000 1.000000
vn 0.1623337 -0.8747132 -0.4566450
v 0.0262648 -0.0194276 -0.0903169 1.000000 1.000000 1.000000
vn -0.0502990 -0.6934609 -0.7187364
v 0.0101939 -0.0051882 -0.1083935 1.000000 1.000000 1.000000
vn 0.0950971 -0.7984585 -0.5944919
v 0.0148727 -0.0091014 -0.1022091 1.000000 1.000000 1.000000
vn 0.0381333 -0.7418945 -0.6694314
v 0.0168161 -0.0108913 -0.0997677 1.000000 1.000000 1.000000
vn 0.1020446 -0.7649335 -0.6359745
v 0.0102920 -0.0070237 -0.1061494 1.000000 1.000000 1.000000
vn 0.2649970 -0.9121678 -0.3126126
v 0.0281050 -0.0160960 -0.0979429 1.000000 1.000000 1.000000
vn 0.1750523 -0.6893264 -0.7029836
v 0.0081586 -0.0056931 -0.1079186 1.000000 1.000000 1.000000
vn 0.1124317 -0.7326914 -0.6712097
v 0.0185219 -0.0162176 -0.0942289 1.000000 1.000000 1.000000
vn 0.3742520 -0.8660257 -0.3315642
v 0.0281050 -0.0176346 -0.0935230 1.000000 1.000000 1.000000
vn 0.2661020 -0.6948723 -0.6680885
v 0.0282568 -0.0106499 -0.1097850 1.000000 1.000000 1.000000
vn -0.1831185 -0.5488077 -0.8156456
v 0.0109725 -0.0035978 -0.1096384 1.000000 1.000000 1.000000
vn 0.0860554 -0.7678939 -0.6347703
v 0.0232612 -0.0217395 -0.0872780 1.000000 1.000000 1.000000
vn 0.4048771 -0.8121944 -0.4200176
v 0.0246139 -0.0228577 -0.0854586 1.000000 1.000000 1.000000
vn 0.2491101 -0.6549462 -0.7134351
v 0.0148381 -0.0108497 -0.1002435 1.000000 1.000000 1.000000
vn 0.1895102 -0.7487962 -0.6351300
v 0.0105690 -0.0088900 -0.1039496 1.000000 1.000000 1.000000
vn 0.2442594 -0.7085512 -0.6620367
v 0.0128988 -0.0102831 -0.1015764 1.000000 1.000000 1.000000
vn 0.2219631 -0.6993617 -0.6794303
v 0.0089346 -0.0079853 -0.1055095 1.000000 1.000000 1.000000
vn 0.2255735 -0.6529343 -0.7230446
v 0.0168225 -0.0139997 -0.0969964 1.000000 1.000000 1.000000
vn 0.2454734 -0.5896088 -0.7694831
v 0.0278291 -0.0085629 -0.1115205 1.000000 1.000000 1.000000
vn 0.3457109 -0.8617818 -0.3712359
v 0.0277709 -0.0191521 -0.0898371 1.000000 1.000000 1.000000
vn 0.4123380 -0.7862464 -0.4602110
v 0.0299994 -0.0118116 -0.1067531 1.000000 1.000000 1.000000
vn 0.4235888 -0.8410749 -0.3364010
v 0.0298681 -0.0132125 -0.1038788 1.000000 1.000000 1.000000
vn 0.4300955 -0.8201009 -0.3774286
v 0.0268236 -0.0207790 -0.0870007 1.000000 1.000000 1.000000
vn 0.4557537 -0.6652858 -0.5913404
v 0.0301644 -0.0102187 -0.1087998 1.000000 1.000000 1.000000
vn 0.4734683 -0.8406140 -0.2630513
v 0.0298802 -0.0150587 -0.0980428 1.000000 1.000000 1.000000
vn 0.3913927 -0.5691085 -0.7231371
v 0.0197172 -0.0180358 -0.0922691 1.000000 1.000000 1.000000
vn 0.4078214 -0.5922799 -0.6949002
v 0.0071997 -0.0067774 -0.1075572 1.000000 1.000000 1.000000
vn 0.5575778 -0.7862239 -0.2663815
v 0.0297337 -0.0167672 -0.0925714 1.000000 1.000000 1.000000
vn 0.4232736 -0.5573119 -0.7143130
v 0.0298765 -0.0083186 -0.1106441 1.000000 1.000000 1.000000
vn 0.5132784 -0.7915901 -0.3315575
v 0.0252870 -0.0233809 -0.0831673 1.000000 1.000000 1.000000
vn 0.3976971 0.1240758 -0.9090887
v -0.0118251 0.0171335 -0.1119146 1.000000 1.000000 1.000000
vn 0.3375094 -0.0169398 -0.9411697
v -0.0115099 0.0139570 -0.1120038 1.000000 1.000000 1.000000
vn 0.1362628 0.0863403 -0.9869032
v -0.0139810 0.0188052 -0.1123301 1.000000 1.000000 1.000000
vn 0.0747382 -0.0391656 -0.9964338
v -0.0139064 0.0141504 -0.1123757 1.000000 1.000000 1.000000
vn 0.2863857 -0.1766886 -0.9416817
v -0.0116292 0.0117158 -0.1118576 1.000000 1.000000 1.000000
vn 0.0248947 -0.3320716 -0.9429256
v -0.0138097 0.0113806 -0.1120913 1.000000 1.000000 1.000000
vn -0.1298162 0.0619496 -0.9896010
v -0.0202531 0.0178968 -0.1123468 1.000000 1.000000 1.000000
vn -0.0415818 -0.0823958 -0.9957319
v -0.0177501 0.0141119 -0.1123999 1.000000 1.000000 1.000000
vn -0.1342308 0.3169639 -0.9388908
v -0.0182344 0.0213368 -0.1120837 1.000000 1.000000 1.000000
vn -0.1787342 -0.0611010 -0.9819984
v -0.0207403 0.0146995 -0.1121995 1.000000 1.000000 1.000000
vn 0.0565006 0.3288290 -0.9426978
v -0.0157905 0.0218104 -0.1120168 1.000000 1.000000 1.000000
vn 0.2641038 0.2652488 -0.9273038
v -0.0139634 0.0208119 -0.1120299 1.000000 1.000000 1.000000
vn -0.0629735 -0.2196898 -0.9735352
v -0.0174698 0.0120914 -0.1120721 1.000000 1.000000 1.000000
vn -0.2911258 0.3315617 -0.8973922
v -0.0204955 0.0202910 -0.1119023 1.000000 1.000000 1.000000
vn -0.3989109 0.1013653 -0.9113699
v -0.0219345 0.0177994 -0.1119591 1.000000 1.000000 1.000000
vn 0.3575607 -0.3388003 -0.8702670
v -0.0106670 0.0103719 -0.1111821 1.000000 1.000000 1.000000
vn -0.4240485 -0.0633757 -0.9034193
v -0.0224634 0.0153257 -0.1115373 1.000000 1.000000 1.000000
vn 0.2533334 0.5254594 -0.8122282
v -0.0148948 0.0234619 -0.1110133 1.000000 1.000000 1.000000
vn -0.0977765 0.4988438 -0.8611589
v -0.0171612 0.0236673 -0.1109460 1.000000 1.000000 1.000000
vn 0.6647773 0.0432653 -0.7457876
v -0.0099030 0.0140473 -0.1110940 1.000000 1.000000 1.000000
vn 0.6168516 0.3472930 -0.7063156
v -0.0119799 0.0206624 -0.1110370 1.000000 1.000000 1.000000
vn 0.4939801 0.4700719 -0.7314479
v -0.0130027 0.0221046 -0.1110346 1.000000 1.000000 1.000000
vn 0.6870605 0.2342819 -0.6877935
v -0.0105566 0.0176120 -0.1110008 1.000000 1.000000 1.000000
vn -0.4020867 0.3657481 -0.8393775
v -0.0217214 0.0207129 -0.1111344 1.000000 1.000000 1.000000
vn -0.2871700 0.4737451 -0.8325257
v -0.0201353 0.0225316 -0.1107481 1.000000 1.000000 1.000000
vn -0.5219380 0.1053935 -0.8464473
v -0.0235555 0.0176290 -0.1109808 1.000000 1.000000 1.000000
vn 0.0174705 -0.5360568 -0.8440012
v -0.0138456 0.0097771 -0.1110937 1.000000 1.000000 1.000000
vn 0.5237984 -0.2613095 -0.8107728
v -0.0093776 0.0080162 -0.1094432 1.000000 1.000000 1.000000
vn 0.6700428 -0.1238886 -0.7319114
v -0.0092290 0.0105494 -0.1101086 1.000000 1.000000 1.000000
vn 0.6846575 0.0245929 -0.7284500
v -0.0069914 0.0081778 -0.1075787 1.000000 1.000000 1.000000
vn 0.5931128 -0.0575700 -0.8030586
v -0.0070674 0.0068178 -0.1077112 1.000000 1.000000 1.000000
vn 0.5279033 -0.1814933 -0.8296857
v -0.0078938 0.0054348 -0.1079344 1.000000 1.000000 1.000000
vn 0.6140715 0.2128547 -0.7600061
v -0.0057924 0.0090274 -0.1064195 1.000000 1.000000 1.000000
vn 0.7500995 0.1965801 -0.6314325
v -0.0062715 0.0105765 -0.1063012 1.000000 1.000000 1.000000
vn 0.5515363 0.3780165 -0.7435800
v -0.0056417 0.0115300 -0.1053493 1.000000 1.000000 1.000000
vn 0.8431150 0.2550397 -0.4734046
v -0.0059198 0.0138472 -0.1043027 1.000000 1.000000 1.000000
vn 0.8009661 0.0444111 -0.5970603
v -0.0076237 0.0110800 -0.1082747 1.000000 1.000000 1.000000
vn 0.8444272 0.1626654 -0.5103750
v -0.0084236 0.0146251 -0.1088667 1.000000 1.000000 1.000000
vn 0.4943295 0.5940071 -0.6346604
v -0.0135483 0.0248002 -0.1089367 1.000000 1.000000 1.000000
vn 0.8463482 0.2715492 -0.4582093
v -0.0088590 0.0174591 -0.1084694 1.000000 1.000000 1.000000
vn 0.6813064 0.5138654 -0.5213098
v -0.0122654 0.0240928 -0.1084978 1.000000 1.000000 1.000000
vn 0.7855411 0.4100868 -0.4634157
v -0.0104985 0.0211683 -0.1085423 1.000000 1.000000 1.000000
vn 0.8626507 0.3059428 -0.4027813
v -0.0070320 0.0176694 -0.1042690 1.000000 1.000000 1.000000
vn 0.7587148 0.4089105 -0.5070938
v -0.0058218 0.0181622 -0.1013876 1.000000 1.000000 1.000000
vn 0.6897392 0.3953480 -0.6065969
v -0.0051621 0.0160733 -0.1019991 1.000000 1.000000 1.000000
vn 0.6807252 0.4668295 -0.5645204
v -0.0048955 0.0181674 -0.1003067 1.000000 1.000000 1.000000
vn 0.7618116 0.4830360 -0.4316472
v -0.0063138 0.0209754 -0.0994824 1.000000 1.000000 1.000000
vn 0.6776983 0.5471717 -0.4912517
v -0.0049989 0.0206784 -0.0979318 1.000000 1.000000 1.000000
vn 0.5172072 0.6197884 -0.5902196
v -0.0057643 0.0248877 -0.0940165 1.000000 1.000000 1.000000
vn 0.4035015 0.6602010 -0.6334992
v -0.0049395 0.0223751 -0.0961097 1.000000 1.000000 1.000000
vn 0.2884599 0.6669822 -0.6869684
v -0.0047869 0.0244430 -0.0940379 1.000000 1.000000 1.000000
vn 0.7671128 0.4966322 -0.4060720
v -0.0074624 0.0247902 -0.0969866 1.000000 1.000000 1.000000
vn 0.8218539 0.4220525 -0.3826588
v -0.0094422 0.0215860 -0.1059832 1.000000 1.000000 1.000000
vn 0.7967173 0.4720396 -0.3773859
v -0.0110162 0.0246081 -0.1055204 1.000000 1.000000 1.000000
vn 0.1358125 0.4330725 -0.8910685
v 0.0028797 0.0151719 0.0975001 1.000000 1.000000 1.000000
vn 0.1892032 0.4645998 -0.8650718
v 0.0065700 0.0158341 0.0986156 1.000000 1.000000 1.000000
vn 0.1767726 0.4993158 -0.8481953
v 0.0049952 0.0143241 0.0973984 1.000000 1.000000 1.000000
vn 0.1957302 0.4835430 -0.8531564
v 0.0071517 0.0132228 0.0972690 1.000000 1.000000 1.000000
vn 0.1831303 0.6225874 -0.7608208
v 0.0036631 0.0167636 0.0983440 1.000000 1.000000 1.000000
vn 0.0256190 0.5235482 -0.8516108
v 0.0001417 0.0156600 0.0974537 1.000000 1.000000 1.000000
vn -0.0287976 0.4545354 -0.8902631
v -0.0004263 0.0162324 0.0978121 1.000000 1.000000 1.000000
vn 0.0554886 0.5517443 -0.8321654
v 0.0001801 0.0175459 0.0982704 1.000000 1.000000 1.000000
vn -0.0897029 0.6344806 -0.7677159
v -0.0041617 0.0154404 0.0974943 1.000000 1.000000 1.000000
vn -0.1091776 0.3843454 -0.9167110
v -0.0009513 0.0176143 0.0984541 1.000000 1.000000 1.000000
vn -0.1876982 0.5100771 -0.8393991
v -0.0075621 0.0162346 0.0985777 1.000000 1.000000 1.000000
vn -0.2085392 0.5131215 -0.8325970
v -0.0072183 0.0144867 0.0974547 1.000000 1.000000 1.000000
vn -0.2914910 0.4969227 -0.8173743
v -0.0103794 0.0145380 0.0984662 1.000000 1.000000 1.000000
vn -0.2777432 0.5262666 -0.8036804
v -0.0089461 0.0135096 0.0972975 1.000000 1.000000 1.000000
vn -0.3282214 0.4722655 -0.8180685
v -0.0120051 0.0116477 0.0974498 1.000000 1.000000 1.000000
vn 0.3007172 0.9451647 -0.1274081
v 0.0050062 0.0172704 0.0998932 1.000000 1.000000 1.000000
vn 0.1830838 0.9108632 -0.3698766
v 0.0023072 0.0181287 0.1004499 1.000000 1.000000 1.000000
vn 0.1161206 0.9254027 -0.3607573
v 0.0006854 0.0183894 0.1005966 1.000000 1.000000 1.000000
vn 0.3425423 0.9393734 0.0155733
v 0.0051236 0.0172133 0.1007522 1.000000 1.000000 1.000000
vn 0.3716657 0.9283032 0.0108568
v 0.0069538 0.0164836 0.1004965 1.000000 1.000000 1.000000
vn 0.4555554 0.8086821 -0.3721594
v 0.0069538 0.0164836 0.1004965 1.000000 1.000000 1.000000
vn 0.5250536 0.7525507 -0.3974746
v 0.0088078 0.0153864 0.1004416 1.000000 1.000000 1.000000
vn 0.4192330 0.7499530 -0.5116779
v 0.0065700 0.0158341 0.0986156 1.000000 1.000000 1.000000
vn 0.3588542 0.8073791 -0.4683617
v 0.0050062 0.0172704 0.0998932 1.000000 1.000000 1.000000
vn 0.5066156 0.5939949 -0.6249086
v 0.0099046 0.0135059 0.0985034 1.000000 1.000000 1.000000
vn 0.6184368 0.7072075 -0.3426273
v 0.0102844 0.0141393 0.1004963 1.000000 1.000000 1.000000
vn 0.6780882 0.6301752 -0.3782533
v 0.0119257 0.0126186 0.1003665 1.000000 1.000000 1.000000
vn 0.6184067 0.4956116 -0.6098707
v 0.0120204 0.0114008 0.0986439 1.000000 1.000000 1.000000
vn 0.7627822 0.5309291 -0.3691581
v 0.0136057 0.0107169 0.1007359 1.000000 1.000000 1.000000
vn 0.8309121 0.4406791 -0.3396868
v 0.0147246 0.0084821 0.0999725 1.000000 1.000000 1.000000
vn 0.6973084 0.3348401 -0.6337532
v 0.0142346 0.0078056 0.0985402 1.000000 1.000000 1.000000
vn 0.8559340 0.4817049 -0.1879824
v 0.0145316 0.0091713 0.1008601 1.000000 1.000000 1.000000
vn 0.8796847 0.2726642 -0.3896267
v 0.0159617 0.0050084 0.0996896 1.000000 1.000000 1.000000
vn 0.8876193 0.3402165 -0.3104590
v 0.0157285 0.0068783 0.1008552 1.000000 1.000000 1.000000
vn 0.7548074 0.1383062 -0.6411998
v 0.0158026 0.0035950 0.0987977 1.000000 1.000000 1.000000
vn 0.6230626 0.4463823 -0.6422896
v 0.0117542 0.0091065 0.0974310 1.000000 1.000000 1.000000
vn 0.7319768 0.3109551 -0.6062317
v 0.0131651 0.0066912 0.0973747 1.000000 1.000000 1.000000
vn 0.8528852 0.4306147 -0.2952250
v 0.0121796 0.0064698 0.0951511 1.000000 1.000000 1.000000
vn 0.6923183 0.5884227 -0.4176770
v 0.0102957 0.0101222 0.0964523 1.000000 1.000000 1.000000
vn 0.5097503 0.5398632 -0.6698525
v 0.0095906 0.0116916 0.0974458 1.000000 1.000000 1.000000
vn 0.6124744 0.7251055 -0.3147971
v 0.0083171 0.0112243 0.0950735 1.000000 1.000000 1.000000
vn 0.7451953 0.5921221 -0.3067174
v 0.0101975 0.0091930 0.0946058 1.000000 1.000000 1.000000
vn 0.4749115 0.8082999 -0.3480092
v 0.0056382 0.0130399 0.0953055 1.000000 1.000000 1.000000
vn 0.4200918 0.6709850 -0.6109844
v 0.0071517 0.0132228 0.0972690 1.000000 1.000000 1.000000
vn 0.5915149 0.8031672 -0.0709400
v 0.0073110 0.0118828 0.0941389 1.000000 1.000000 1.000000
vn 0.7787579 0.1474591 -0.6097475
v 0.0144271 0.0032170 0.0976535 1.000000 1.000000 1.000000
vn 0.9469299 0.1959252 -0.2548276
v 0.0133274 0.0031067 0.0950098 1.000000 1.000000 1.000000
vn 0.8952812 0.1888387 -0.4034992
v 0.0168078 0.0032888 0.1005832 1.000000 1.000000 1.000000
vn 0.8497186 0.4981453 -0.1727125
v 0.0117612 0.0067832 0.0939966 1.000000 1.000000 1.000000
vn 0.9528121 0.2946395 -0.0730531
v 0.0130541 0.0038816 0.0940358 1.000000 1.000000 1.000000
vn 0.8172548 0.0140812 -0.5761043
v 0.0167947 0.0000232 0.0998433 1.000000 1.000000 1.000000
vn 0.9313630 0.3343365 -0.1441596
v 0.0163034 0.0045298 0.1007867 1.000000 1.000000 1.000000
vn 0.4009644 0.8305850 -0.3864661
v 0.0049952 0.0143241 0.0973984 1.000000 1.000000 1.000000
vn 0.7423369 0.0407487 -0.6687865
v 0.0147898 0.0001142 0.0978284 1.000000 1.000000 1.000000
vn 0.9310625 0.1025485 -0.3501520
v 0.0137820 -0.0001527 0.0952641 1.000000 1.000000 1.000000
vn 0.7512414 -0.0734302 -0.6559302
v 0.0159958 -0.0019191 0.0987751 1.000000 1.000000 1.000000
vn 0.3034774 0.7961414 -0.5235077
v 0.0036631 0.0167636 0.0983440 1.000000 1.000000 1.000000
vn 0.8339360 -0.1945175 -0.5164433
v 0.0167098 -0.0042208 0.1005942 1.000000 1.000000 1.000000
vn 0.6375726 -0.1167650 -0.7614901
v 0.0143027 -0.0034755 0.0975748 1.000000 1.000000 1.000000
vn 0.7388269 -0.2560549 -0.6233544
v 0.0149239 -0.0062722 0.0986640 1.000000 1.000000 1.000000
vn 0.6215572 -0.2328393 -0.7479656
v 0.0135029 -0.0062264 0.0974717 1.000000 1.000000 1.000000
vn 0.6184889 -0.3566082 -0.7002158
v 0.0134972 -0.0092922 0.0986573 1.000000 1.000000 1.000000
vn 0.5766117 -0.3482247 -0.7390931
v 0.0123318 -0.0084777 0.0973652 1.000000 1.000000 1.000000
vn 0.4770964 -0.4902085 -0.7294345
v 0.0111814 -0.0124922 0.0987742 1.000000 1.000000 1.000000
vn 0.4958358 -0.4421163 -0.7474490
v 0.0105585 -0.0109278 0.0974498 1.000000 1.000000 1.000000
vn 0.4377039 -0.6113496 -0.6592928
v 0.0088296 -0.0142764 0.0986193 1.000000 1.000000 1.000000
vn 0.3979815 -0.5317459 -0.7475675
v 0.0082669 -0.0131143 0.0974932 1.000000 1.000000 1.000000
vn 0.2971072 -0.5534438 -0.7780921
v 0.0057785 -0.0144679 0.0974464 1.000000 1.000000 1.000000
vn 0.2511854 -0.6413500 -0.7249663
v 0.0051146 -0.0164584 0.0985960 1.000000 1.000000 1.000000
vn 0.1806000 -0.5872919 -0.7889689
v 0.0033925 -0.0155500 0.0975256 1.000000 1.000000 1.000000
vn 0.0590577 -0.6156465 -0.7858064
v 0.0003520 -0.0161398 0.0973448 1.000000 1.000000 1.000000
vn 0.0334552 -0.6926197 -0.7205268
v 0.0001165 -0.0175560 0.0984407 1.000000 1.000000 1.000000
vn -0.1521604 -0.6426463 -0.7509015
v -0.0037009 -0.0156417 0.0972774 1.000000 1.000000 1.000000
vn -0.1323438 -0.7513410 -0.6465074
v -0.0028219 -0.0170962 0.0984010 1.000000 1.000000 1.000000
vn -0.3006022 -0.7140746 -0.6322466
v -0.0073143 -0.0161851 0.0986622 1.000000 1.000000 1.000000
vn -0.2422548 -0.5803639 -0.7774898
v -0.0067515 -0.0146491 0.0973402 1.000000 1.000000 1.000000
vn -0.4066358 -0.5308949 -0.7435039
v -0.0105866 -0.0126583 0.0972372 1.000000 1.000000 1.000000
vn -0.4606104 -0.6423950 -0.6125085
v -0.0110050 -0.0140780 0.0984886 1.000000 1.000000 1.000000
vn -0.5483320 -0.4256025 -0.7198573
v -0.0133079 -0.0100255 0.0972852 1.000000 1.000000 1.000000
vn -0.6245430 -0.4748571 -0.6200460
v -0.0144532 -0.0105896 0.0984895 1.000000 1.000000 1.000000
vn -0.6529382 -0.3189797 -0.6869670
v -0.0167109 -0.0067786 0.0986315 1.000000 1.000000 1.000000
vn -0.6296641 -0.3040469 -0.7148977
v -0.0155277 -0.0065562 0.0974948 1.000000 1.000000 1.000000
vn -0.6423219 -0.1747489 -0.7462475
v -0.0164726 -0.0038180 0.0974143 1.000000 1.000000 1.000000
vn -0.6283255 -0.1279338 -0.7673592
v -0.0178460 -0.0034797 0.0984826 1.000000 1.000000 1.000000
vn -0.6686587 -0.0843886 -0.7387652
v -0.0182730 0.0002862 0.0985751 1.000000 1.000000 1.000000
vn -0.6844673 -0.0958633 -0.7227134
v -0.0166362 0.0002340 0.0970319 1.000000 1.000000 1.000000
vn -0.2402266 -0.8053004 -0.5420171
v -0.0061910 -0.0174389 0.0999452 1.000000 1.000000 1.000000
vn 0.4637519 -0.6884193 -0.5576855
v 0.0090449 -0.0154399 0.1002346 1.000000 1.000000 1.000000
vn 0.1952240 -0.8109587 -0.5515736
v 0.0035844 -0.0179861 0.1003004 1.000000 1.000000 1.000000
vn -0.7162498 -0.4357577 -0.5450702
v -0.0170078 -0.0088321 0.1004414 1.000000 1.000000 1.000000
vn 0.7887422 -0.3455779 -0.5083912
v 0.0147773 -0.0084405 0.0999103 1.000000 1.000000 1.000000
vn -0.1422222 -0.8447956 -0.5158423
v -0.0032955 -0.0181986 0.1003370 1.000000 1.000000 1.000000
vn -0.5648437 -0.6727419 -0.4778805
v -0.0123284 -0.0143764 0.1005010 1.000000 1.000000 1.000000
vn -0.6462129 -0.5711052 -0.5062092
v -0.0149081 -0.0119132 0.1005635 1.000000 1.000000 1.000000
vn -0.4267062 -0.7767394 -0.4632471
v -0.0094655 -0.0162021 0.1005385 1.000000 1.000000 1.000000
vn -0.4382294 0.8348837 -0.3330530
v -0.0086738 0.0164697 0.1005208 1.000000 1.000000 1.000000
vn -0.2924483 0.9480650 -0.1250867
v -0.0060470 0.0174415 0.1004805 1.000000 1.000000 1.000000
vn -0.2344688 0.9128973 -0.3341301
v -0.0056611 0.0174413 0.0997117 1.000000 1.000000 1.000000
vn -0.3746648 0.8449396 -0.3817110
v -0.0075621 0.0162346 0.0985777 1.000000 1.000000 1.000000
vn -0.5211588 0.7400970 -0.4250293
v -0.0103794 0.0145380 0.0984662 1.000000 1.000000 1.000000
vn -0.5292214 0.8435670 0.0912119
v -0.0110675 0.0150856 0.1007146 1.000000 1.000000 1.000000
vn -0.6532103 0.7162204 0.2456516
v -0.0134789 0.0133074 0.1006544 1.000000 1.000000 1.000000
vn -0.5798439 0.5618514 -0.5900035
v -0.0129345 0.0123533 0.0985605 1.000000 1.000000 1.000000
vn -0.7562656 0.5770281 -0.3083845
v -0.0161362 0.0102370 0.1007259 1.000000 1.000000 1.000000
vn -0.6469620 0.4732861 -0.5978633
v -0.0150242 0.0100141 0.0986406 1.000000 1.000000 1.000000
vn -0.8614202 0.4837711 -0.1546633
v -0.0169472 0.0088863 0.1005131 1.000000 1.000000 1.000000
vn -0.7120977 0.3366436 -0.6161071
v -0.0168109 0.0068529 0.0986640 1.000000 1.000000 1.000000
vn -0.5602003 0.5678110 -0.6031305
v -0.0120051 0.0116477 0.0974498 1.000000 1.000000 1.000000
vn -0.9284927 0.3274227 -0.1752022
v -0.0181922 0.0062569 0.1005173 1.000000 1.000000 1.000000
vn -0.6538575 0.4268781 -0.6246964
v -0.0142909 0.0088299 0.0974731 1.000000 1.000000 1.000000
vn -0.6825566 0.6079452 -0.4056096
v -0.0119399 0.0106053 0.0961205 1.000000 1.000000 1.000000
vn -0.5324814 0.7763211 -0.3373266
v -0.0101252 0.0118571 0.0955440 1.000000 1.000000 1.000000
vn -0.7996343 0.4635621 -0.3817005
v -0.0142899 0.0075077 0.0961560 1.000000 1.000000 1.000000
vn -0.4253069 0.7837344 -0.4526306
v -0.0089461 0.0135096 0.0972975 1.000000 1.000000 1.000000
vn -0.8581533 0.4906573 -0.1510902
v -0.0137510 0.0071532 0.0943478 1.000000 1.000000 1.000000
vn -0.3694948 0.8446300 -0.3873935
v -0.0072183 0.0144867 0.0974547 1.000000 1.000000 1.000000
vn -0.3593953 0.8853706 -0.2948795
v -0.0065381 0.0137979 0.0952151 1.000000 1.000000 1.000000
vn -0.6879683 0.7150609 -0.1240463
v -0.0111312 0.0106993 0.0942762 1.000000 1.000000 1.000000
vn -0.4844791 0.8734547 -0.0485480
v -0.0074024 0.0131753 0.0939860 1.000000 1.000000 1.000000
vn -0.7563207 0.2988226 -0.5819659
v -0.0158933 0.0051311 0.0972275 1.000000 1.000000 1.000000
vn -0.7680326 0.1983158 -0.6089309
v -0.0175745 0.0045331 0.0984827 1.000000 1.000000 1.000000
vn -0.9095007 0.2212358 -0.3519422
v -0.0156668 0.0035461 0.0956248 1.000000 1.000000 1.000000
vn -0.7803643 0.1484634 -0.6074457
v -0.0165358 0.0033388 0.0973163 1.000000 1.000000 1.000000
vn -0.9582808 0.2728809 -0.0850521
v -0.0152902 0.0035101 0.0941561 1.000000 1.000000 1.000000
vn -0.8817402 0.1339898 -0.4523064
v -0.0190538 0.0033822 0.1008692 1.000000 1.000000 1.000000
vn -0.9104491 0.4135978 0.0043940
v -0.0178414 0.0070471 0.1009652 1.000000 1.000000 1.000000
vn -0.8956894 0.0323751 -0.4435002
v -0.0193141 0.0007528 0.1008733 1.000000 1.000000 1.000000
vn -0.8578341 0.0303947 -0.5130273
v -0.0182730 0.0002862 0.0985751 1.000000 1.000000 1.000000
vn -0.8691513 0.0294796 -0.4936669
v -0.0166362 0.0002340 0.0970319 1.000000 1.000000 1.000000
vn -0.8722195 0.4890767 0.0060938
v -0.0137719 0.0072553 0.0930612 1.000000 1.000000 1.000000
vn -0.7584136 0.6512222 0.0268065
v -0.0117356 0.0100649 0.0927013 1.000000 1.000000 1.000000
vn -0.8573967 0.5146555 -0.0008288
v -0.0133762 0.0077772 0.0913802 1.000000 1.000000 1.000000
vn -0.5857849 0.8073109 0.0714509
v -0.0099823 0.0116831 0.0931522 1.000000 1.000000 1.000000
vn -0.7464006 0.6616225 0.0717064
v -0.0117070 0.0102690 0.0884941 1.000000 1.000000 1.000000
vn -0.8666084 0.4920566 0.0828868
v -0.0136698 0.0074439 0.0883154 1.000000 1.000000 1.000000
vn -0.6052552 0.7926621 0.0731644
v -0.0100203 0.0117860 0.0886240 1.000000 1.000000 1.000000
vn -0.7766305 0.6267034 0.0639372
v -0.0127132 0.0097513 0.0846134 1.000000 1.000000 1.000000
vn -0.8785242 0.4695756 0.0877163
v -0.0145166 0.0070092 0.0845354 1.000000 1.000000 1.000000
vn -0.8046477 0.5881239 0.0815613
v -0.0133519 0.0089689 0.0803662 1.000000 1.000000 1.000000
vn -0.8759050 0.4758224 0.0798972
v -0.0147479 0.0068191 0.0806060 1.000000 1.000000 1.000000
vn -0.7224390 0.6901745 0.0417266
v -0.0120359 0.0104844 0.0811974 1.000000 1.000000 1.000000
vn -0.6386899 0.7677375 0.0515204
v -0.0106112 0.0118578 0.0845773 1.000000 1.000000 1.000000
vn -0.6249918 0.7778393 0.0659640
v -0.0105154 0.0119558 0.0803753 1.000000 1.000000 1.000000
vn -0.7131073 0.6805212 0.1684306
v -0.0130095 0.0103892 0.0754906 1.000000 1.000000 1.000000
vn -0.8721747 0.4573645 0.1735775
v -0.0154820 0.0070734 0.0751019 1.000000 1.000000 1.000000
vn -0.7932344 0.5769347 0.1947450
v -0.0142443 0.0091929 0.0745444 1.000000 1.000000 1.000000
vn -0.5873229 0.7902312 0.1748901
v -0.0104800 0.0127626 0.0752326 1.000000 1.000000 1.000000
vn -0.8542039 0.4632283 0.2361253
v -0.0164980 0.0084827 0.0679599 1.000000 1.000000 1.000000
vn -0.7609999 0.5954534 0.2575162
v -0.0156164 0.0105792 0.0662335 1.000000 1.000000 1.000000
vn -0.6509923 0.7224145 0.2330805
v -0.0129005 0.0125880 0.0691061 1.000000 1.000000 1.000000
vn -0.6376615 0.7225279 0.2670978
v -0.0134037 0.0136406 0.0648964 1.000000 1.000000 1.000000
vn -0.8229878 0.5003583 0.2689475
v -0.0171272 0.0102259 0.0626408 1.000000 1.000000 1.000000
vn -0.7092569 0.6468744 0.2801929
v -0.0168413 0.0137525 0.0560808 1.000000 1.000000 1.000000
vn -0.7942645 0.5338047 0.2901666
v -0.0198740 0.0122817 0.0507058 1.000000 1.000000 1.000000
vn -0.8469596 0.4487139 0.2851583
v -0.0199136 0.0106091 0.0536390 1.000000 1.000000 1.000000
vn -0.7454436 0.6005254 0.2892804
v -0.0186140 0.0139728 0.0508485 1.000000 1.000000 1.000000
vn -0.8528185 0.4278260 0.2994421
v -0.0229295 0.0106659 0.0449818 1.000000 1.000000 1.000000
vn -0.7738649 0.5588539 0.2980191
v -0.0209428 0.0143338 0.0443051 1.000000 1.000000 1.000000
vn -0.8242710 0.4857021 0.2909827
v -0.0250120 0.0140668 0.0337071 1.000000 1.000000 1.000000
vn -0.7607770 0.5796188 0.2919939
v -0.0233643 0.0166925 0.0335647 1.000000 1.000000 1.000000
vn -0.7878495 0.5544934 0.2680118
v -0.0256477 0.0171277 0.0263918 1.000000 1.000000 1.000000
vn -0.8374462 0.4734500 0.2730000
v -0.0270862 0.0146961 0.0266687 1.000000 1.000000 1.000000
vn -0.8062902 0.5462406 0.2269743
v -0.0275183 0.0177529 0.0190951 1.000000 1.000000 1.000000
vn -0.7426542 0.6246997 0.2412780
v -0.0255141 0.0195666 0.0212001 1.000000 1.000000 1.000000
vn -0.7528532 0.6319358 0.1840364
v -0.0265814 0.0203832 0.0151860 1.000000 1.000000 1.000000
vn -0.8176076 0.5511479 0.1665948
v -0.0293859 0.0176918 0.0116429 1.000000 1.000000 1.000000
vn -0.8032022 0.5823090 0.1256284
v -0.0292573 0.0187613 0.0081784 1.000000 1.000000 1.000000
vn -0.7222360 0.6362435 0.2712366
v -0.0235917 0.0192376 0.0274669 1.000000 1.000000 1.000000
vn -0.7423259 0.6617116 0.1053092
v -0.0271642 0.0215659 0.0068816 1.000000 1.000000 1.000000
vn -0.7991279 0.6009125 0.0172853
v -0.0298493 0.0192701 -0.0004586 1.000000 1.000000 1.000000
vn -0.6850101 0.6645935 0.2984573
v -0.0193113 0.0171598 0.0424105 1.000000 1.000000 1.000000
vn -0.6674744 0.7127342 0.2156111
v -0.0229932 0.0232563 0.0183495 1.000000 1.000000 1.000000
vn -0.6386777 0.7117428 0.2924259
v -0.0168466 0.0166127 0.0492054 1.000000 1.000000 1.000000
vn -0.6762590 0.7194352 0.1583882
v -0.0236091 0.0239954 0.0132235 1.000000 1.000000 1.000000
vn -0.6408016 0.7184690 0.2705098
v -0.0213400 0.0217374 0.0270607 1.000000 1.000000 1.000000
vn -0.6354483 0.7164154 0.2880182
v -0.0199810 0.0205489 0.0330980 1.000000 1.000000 1.000000
vn -0.6728266 0.7306002 0.1163090
v -0.0241306 0.0245776 0.0073804 1.000000 1.000000 1.000000
vn -0.6884676 0.7250283 0.0186113
v -0.0247253 0.0248648 -0.0007751 1.000000 1.000000 1.000000
vn -0.6728076 0.7357834 0.0771542
v -0.0241786 0.0249991 0.0039938 1.000000 1.000000 1.000000
vn -0.7322759 0.6589863 -0.1717822
v -0.0273678 0.0220024 -0.0036959 1.000000 1.000000 1.000000
vn -0.8032377 0.5617916 -0.1979883
v -0.0301726 0.0185131 -0.0039171 1.000000 1.000000 1.000000
vn -0.6026642 0.7397403 0.2992996
v -0.0170791 0.0186004 0.0437637 1.000000 1.000000 1.000000
vn -0.6664739 0.7261226 -0.1689931
v -0.0242974 0.0251719 -0.0038225 1.000000 1.000000 1.000000
vn -0.5697658 0.7752522 0.2726738
v -0.0134759 0.0162104 0.0573688 1.000000 1.000000 1.000000
vn -0.5993259 0.7842145 0.1606739
v -0.0211456 0.0260784 0.0131733 1.000000 1.000000 1.000000
vn -0.5829570 0.7790173 0.2308532
v -0.0200457 0.0252648 0.0197711 1.000000 1.000000 1.000000
vn -0.6006469 0.7919525 0.1097027
v -0.0211562 0.0270403 0.0072945 1.000000 1.000000 1.000000
vn -0.6035366 0.7966353 0.0334049
v -0.0214103 0.0275890 -0.0000181 1.000000 1.000000 1.000000
vn -0.5463801 0.7855994 0.2903491
v -0.0165744 0.0216883 0.0369720 1.000000 1.000000 1.000000
vn -0.5196174 0.8103383 0.2708313
v -0.0175981 0.0252127 0.0252115 1.000000 1.000000 1.000000
vn -0.5219030 0.7987102 0.2994651
v -0.0136792 0.0193239 0.0483126 1.000000 1.000000 1.000000
vn -0.5024602 0.8101900 0.3018709
v -0.0144520 0.0211020 0.0424217 1.000000 1.000000 1.000000
vn -0.5552338 0.8141044 -0.1701453
v -0.0202664 0.0284102 -0.0038186 1.000000 1.000000 1.000000
vn -0.5067760 0.8272520 0.2425536
v -0.0100400 0.0147834 0.0686985 1.000000 1.000000 1.000000
vn -0.5056543 0.8391579 0.2003189
v -0.0096502 0.0135676 0.0741842 1.000000 1.000000 1.000000
vn -0.5027277 0.8464664 0.1753842
v -0.0179120 0.0281404 0.0140472 1.000000 1.000000 1.000000
vn -0.4953034 0.8396892 0.2227033
v -0.0177400 0.0271694 0.0185401 1.000000 1.000000 1.000000
vn -0.4787991 0.8374751 0.2634141
v -0.0104835 0.0165043 0.0623674 1.000000 1.000000 1.000000
vn -0.5163947 0.8497812 0.1058697
v -0.0184900 0.0290086 0.0067218 1.000000 1.000000 1.000000
vn -0.5211361 0.8526189 0.0381864
v -0.0088682 0.0130652 0.0806274 1.000000 1.000000 1.000000
vn -0.5449284 0.8373783 0.0430202
v -0.0078124 0.0137928 0.0846177 1.000000 1.000000 1.000000
vn -0.4997236 0.8658576 0.0238120
v -0.0183837 0.0296824 -0.0001709 1.000000 1.000000 1.000000
vn -0.5291526 0.8468748 0.0529222
v -0.0071820 0.0134558 0.0899285 1.000000 1.000000 1.000000
vn -0.4725783 0.8756334 0.0996797
v -0.0066515 0.0144286 0.0782010 1.000000 1.000000 1.000000
vn -0.4782649 0.8321189 0.2807862
v -0.0108979 0.0185007 0.0552300 1.000000 1.000000 1.000000
vn -0.4525156 0.8456820 0.2829341
v -0.0145473 0.0242583 0.0331222 1.000000 1.000000 1.000000
vn -0.5263454 0.8490084 0.0463170
v -0.0069118 0.0135897 0.0930959 1.000000 1.000000 1.000000
vn -0.4375376 0.8575337 0.2705491
v -0.0140656 0.0272310 0.0248970 1.000000 1.000000 1.000000
vn -0.4584396 0.8765534 0.1465859
v -0.0162120 0.0295054 0.0113765 1.000000 1.000000 1.000000
vn -0.4340024 0.8759588 0.2105661
v -0.0143645 0.0293706 0.0164944 1.000000 1.000000 1.000000
vn -0.4542695 0.8423548 0.2899616
v -0.0108586 0.0200360 0.0507246 1.000000 1.000000 1.000000
vn -0.4472081 0.8728534 0.1952738
v -0.0066264 0.0152270 0.0736226 1.000000 1.000000 1.000000
vn -0.4375081 0.8636813 0.2502824
v -0.0069890 0.0167523 0.0673396 1.000000 1.000000 1.000000
vn -0.4325972 0.8537537 0.2897659
v -0.0108084 0.0245028 0.0380767 1.000000 1.000000 1.000000
vn -0.4268111 0.8533378 0.2994109
v -0.0106480 0.0225050 0.0438456 1.000000 1.000000 1.000000
vn -0.4474410 0.8898525 0.0892138
v -0.0144675 0.0311805 0.0057076 1.000000 1.000000 1.000000
vn -0.4087407 0.8753392 0.2582874
v -0.0073275 0.0183069 0.0612529 1.000000 1.000000 1.000000
vn -0.3917723 0.8742375 0.2867460
v -0.0107152 0.0275525 0.0283145 1.000000 1.000000 1.000000
vn -0.4830180 0.8755417 -0.0109727
v -0.0068386 0.0142013 0.0819367 1.000000 1.000000 1.000000
vn -0.4413499 0.8973002 -0.0079205
v -0.0142587 0.0317031 -0.0011029 1.000000 1.000000 1.000000
vn -0.4377729 0.8745335 -0.2086770
v -0.0167731 0.0303679 -0.0040748 1.000000 1.000000 1.000000
vn -0.4274578 0.8828241 -0.1946831
v -0.0140113 0.0316506 -0.0040555 1.000000 1.000000 1.000000
vn -0.1190121 0.9843051 0.1303057
v -0.0024763 0.0181757 0.1003939 1.000000 1.000000 1.000000
vn -0.1610411 0.8676515 0.4703687
v -0.0035220 0.0178058 0.1007182 1.000000 1.000000 1.000000
vn -0.5918181 0.8060687 0.0021604
v -0.0203131 0.0263066 -0.0088732 1.000000 1.000000 1.000000
vn -0.4640866 0.8297208 -0.3101404
v -0.0177970 0.0288283 -0.0063204 1.000000 1.000000 1.000000
vn -0.5439077 0.8346279 0.0869524
v -0.0189068 0.0273029 -0.0091739 1.000000 1.000000 1.000000
vn -0.5704487 0.8101500 0.1350749
v -0.0204261 0.0268218 -0.0103474 1.000000 1.000000 1.000000
vn -0.6360396 0.7466387 0.1948958
v -0.0224906 0.0251627 -0.0101846 1.000000 1.000000 1.000000
vn -0.4731617 0.8617145 0.1832105
v -0.0178635 0.0284521 -0.0102561 1.000000 1.000000 1.000000
vn -0.5900508 0.8071506 -0.0186552
v -0.0208277 0.0262553 -0.0159263 1.000000 1.000000 1.000000
vn -0.4778266 0.8783421 -0.0140328
v -0.0174143 0.0284699 -0.0156773 1.000000 1.000000 1.000000
vn -0.4967330 0.8679023 -0.0014481
v -0.0178314 0.0282512 -0.0249057 1.000000 1.000000 1.000000
vn -0.5981870 0.8013546 -0.0017576
v -0.0206562 0.0263326 -0.0262494 1.000000 1.000000 1.000000
vn -0.5927819 0.8053631 -0.0000964
v -0.0207591 0.0262754 -0.0387959 1.000000 1.000000 1.000000
vn -0.4844514 0.8748163 -0.0018151
v -0.0175676 0.0283518 -0.0372972 1.000000 1.000000 1.000000
vn -0.4892491 0.8721440 0.0002774
v -0.0175637 0.0283772 -0.0488925 1.000000 1.000000 1.000000
vn -0.5935636 0.8047867 -0.0007278
v -0.0207613 0.0262313 -0.0505563 1.000000 1.000000 1.000000
vn -0.4884034 0.8726165 -0.0015988
v -0.0175905 0.0283735 -0.0560083 1.000000 1.000000 1.000000
vn -0.5981027 0.8013668 0.0091901
v -0.0206598 0.0263132 -0.0644672 1.000000 1.000000 1.000000
vn -0.4217980 0.9066896 -0.0007454
v -0.0141888 0.0299237 -0.0381195 1.000000 1.000000 1.000000
vn -0.4187071 0.9081213 -0.0004142
v -0.0142165 0.0299311 -0.0524515 1.000000 1.000000 1.000000
vn -0.4187239 0.9081135 0.0005034
v -0.0140488 0.0299490 -0.0633130 1.000000 1.000000 1.000000
vn -0.4729354 0.8806937 0.0266600
v -0.0175442 0.0283389 -0.0663020 1.000000 1.000000 1.000000
vn -0.4280108 0.9037728 -0.0012484
v -0.0142239 0.0299744 -0.0230355 1.000000 1.000000 1.000000
vn -0.4175982 0.9081023 -0.0310150
v -0.0140596 0.0300112 -0.0135920 1.000000 1.000000 1.000000
vn -0.4169066 0.9062312 0.0702436
v -0.0141751 0.0299784 -0.0690895 1.000000 1.000000 1.000000
vn -0.4578151 0.8863214 0.0695690
v -0.0172220 0.0286690 -0.0696669 1.000000 1.000000 1.000000
vn -0.4264065 0.9045304 -0.0015234
v -0.0157832 0.0296068 -0.0711447 1.000000 1.000000 1.000000
vn -0.5501262 0.8342533 0.0371835
v -0.0195712 0.0274321 -0.0709332 1.000000 1.000000 1.000000
vn -0.4726666 0.8567636 0.2062584
v -0.0177738 0.0285083 -0.0725501 1.000000 1.000000 1.000000
vn -0.4013067 0.8926560 0.2052275
v -0.0148545 0.0299313 -0.0103758 1.000000 1.000000 1.000000
vn -0.4405462 0.8940893 0.0807673
v -0.0166270 0.0285565 -0.0092180 1.000000 1.000000 1.000000
vn -0.3978328 0.9171225 0.0248078
v -0.0145464 0.0295255 -0.0091260 1.000000 1.000000 1.000000
vn -0.2780507 0.8662004 0.4151923
v -0.0122254 0.0309159 -0.0104725 1.000000 1.000000 1.000000
vn -0.5489869 0.8135691 0.1916214
v -0.0198510 0.0272461 -0.0724193 1.000000 1.000000 1.000000
vn -0.2829567 0.8838114 0.3725760
v -0.0111510 0.0307855 -0.0095364 1.000000 1.000000 1.000000
vn -0.3996280 0.9062137 0.1381098
v -0.0158619 0.0293987 -0.0724254 1.000000 1.000000 1.000000
vn -0.3891462 0.9161740 -0.0958675
v -0.0126285 0.0308927 -0.0712731 1.000000 1.000000 1.000000
vn -0.3732298 0.9178135 0.1353438
v -0.0133664 0.0304507 -0.0726776 1.000000 1.000000 1.000000
vn -0.3544984 0.8424324 0.4057567
v -0.0145504 0.0315103 -0.0756638 1.000000 1.000000 1.000000
vn -0.4607679 0.8537058 0.2426507
v -0.0175017 0.0304360 -0.0762077 1.000000 1.000000 1.000000
vn -0.5595533 0.7852672 0.2650579
v -0.0211851 0.0280604 -0.0757758 1.000000 1.000000 1.000000
vn -0.5548274 0.8315373 0.0266895
v -0.0207945 0.0284916 -0.0768302 1.000000 1.000000 1.000000
vn -0.5025156 0.8614557 -0.0732950
v -0.0178236 0.0293576 -0.0875682 1.000000 1.000000 1.000000
vn -0.5599928 0.8257617 -0.0672733
v -0.0211318 0.0276077 -0.0852004 1.000000 1.000000 1.000000
vn -0.5495552 0.8293627 -0.1007304
v -0.0208621 0.0269153 -0.0952587 1.000000 1.000000 1.000000
vn -0.4869106 0.8671728 -0.1045434
v -0.0172919 0.0289221 -0.0952408 1.000000 1.000000 1.000000
vn -0.4766806 0.8647797 -0.1578980
v -0.0175511 0.0279916 -0.1005687 1.000000 1.000000 1.000000
vn -0.5310985 0.8297382 -0.1716652
v -0.0206873 0.0259358 -0.1023291 1.000000 1.000000 1.000000
vn -0.3588156 0.8982638 -0.2537195
v -0.0129757 0.0301541 -0.0091216 1.000000 1.000000 1.000000
vn -0.6262416 0.7790278 0.0306139
v -0.0217535 0.0258750 -0.0712101 1.000000 1.000000 1.000000
vn -0.6939827 0.7189326 0.0390382
v -0.0237406 0.0237179 -0.0678450 1.000000 1.000000 1.000000
vn -0.6335596 0.7645780 0.1184178
v -0.0237614 0.0262029 -0.0764724 1.000000 1.000000 1.000000
vn -0.6563628 0.7506848 -0.0752343
v -0.0240990 0.0247381 -0.0920042 1.000000 1.000000 1.000000
vn -0.6572208 0.7515740 -0.0565454
v -0.0242743 0.0253332 -0.0832925 1.000000 1.000000 1.000000
vn -0.2990707 0.9011089 -0.3139421
v -0.0037821 0.0144421 0.0944386 1.000000 1.000000 1.000000
vn -0.5360649 0.8033461 -0.2593638
v -0.0210149 0.0249872 -0.1054569 1.000000 1.000000 1.000000
vn -0.3264736 0.8900453 -0.3181737
v -0.0173911 0.0269701 -0.1050712 1.000000 1.000000 1.000000
vn -0.6811203 0.7321668 -0.0026265
v -0.0237587 0.0238118 -0.0497692 1.000000 1.000000 1.000000
vn -0.6821975 0.7311678 -0.0005854
v -0.0237438 0.0237937 -0.0272099 1.000000 1.000000 1.000000
vn -0.6772982 0.7354273 -0.0203473
v -0.0234592 0.0241253 -0.0156038 1.000000 1.000000 1.000000
vn -0.2893777 0.8938671 -0.3424356
v -0.0041617 0.0154404 0.0974943 1.000000 1.000000 1.000000
vn -0.6635015 0.7405849 -0.1063010
v -0.0241430 0.0241407 -0.0969893 1.000000 1.000000 1.000000
vn -0.6621392 0.7352871 -0.1446532
v -0.0239341 0.0237048 -0.1008737 1.000000 1.000000 1.000000
vn -0.6848691 0.7059268 0.1806149
v -0.0251983 0.0249295 -0.0762920 1.000000 1.000000 1.000000
vn -0.6389773 0.7537825 0.1533623
v -0.0220645 0.0254746 -0.0723626 1.000000 1.000000 1.000000
vn -0.7227515 0.6910670 0.0075334
v -0.0244524 0.0233824 -0.0710663 1.000000 1.000000 1.000000
vn -0.6844981 0.6984501 0.2088774
v -0.0243218 0.0235346 -0.0101279 1.000000 1.000000 1.000000
vn -0.5072331 0.7478780 -0.4282442
v -0.0208471 0.0239708 -0.1083068 1.000000 1.000000 1.000000
vn -0.0592708 0.9325603 -0.3561157
v -0.0009513 0.0176143 0.0984541 1.000000 1.000000 1.000000
vn -0.0357972 0.9670280 -0.2521421
v 0.0006854 0.0183894 0.1005966 1.000000 1.000000 1.000000
vn -0.6841734 0.7063746 0.1814984
v -0.0236424 0.0240800 -0.0723985 1.000000 1.000000 1.000000
vn -0.6588879 0.7140287 -0.2367061
v -0.0234215 0.0231886 -0.1047427 1.000000 1.000000 1.000000
vn -0.3418115 0.8426332 -0.4160939
v -0.0172790 0.0255096 -0.1085765 1.000000 1.000000 1.000000
vn -0.1380750 0.9126583 -0.3846949
v -0.0148501 0.0275970 -0.1044961 1.000000 1.000000 1.000000
vn 0.0013908 0.9400137 -0.3411339
v 0.0001801 0.0175459 0.0982704 1.000000 1.000000 1.000000
vn -0.7262850 0.6843757 -0.0643423
v -0.0267650 0.0224544 -0.0886037 1.000000 1.000000 1.000000
vn -0.6362497 0.7604481 0.1300194
v -0.0220562 0.0249023 -0.0091680 1.000000 1.000000 1.000000
vn -0.6886694 0.7163478 0.1121616
v -0.0238568 0.0233665 -0.0092101 1.000000 1.000000 1.000000
vn -0.6623075 0.6987984 -0.2702400
v -0.0238059 0.0239486 -0.0076099 1.000000 1.000000 1.000000
vn -0.7564469 0.6540542 0.0010850
v -0.0263778 0.0210793 -0.0394419 1.000000 1.000000 1.000000
vn -0.7576826 0.6526156 -0.0031726
v -0.0264642 0.0209156 -0.0262811 1.000000 1.000000 1.000000
vn -0.7689373 0.6390933 -0.0171831
v -0.0269623 0.0204376 -0.0161216 1.000000 1.000000 1.000000
vn -0.7557766 0.6377748 0.1484756
v -0.0269084 0.0207684 -0.0104406 1.000000 1.000000 1.000000
vn -0.7612805 0.6408516 -0.0987998
v -0.0272510 0.0212514 -0.0949020 1.000000 1.000000 1.000000
vn -0.7704403 0.6356733 0.0483856
v -0.0261729 0.0210784 -0.0686917 1.000000 1.000000 1.000000
vn -0.7865027 0.6174979 0.0104795
v -0.0267749 0.0207332 -0.0711732 1.000000 1.000000 1.000000
vn -0.7493583 0.6321072 0.1972377
v -0.0276347 0.0223173 -0.0762354 1.000000 1.000000 1.000000
vn -0.7431370 0.6481807 0.1661600
v -0.0256808 0.0218482 -0.0723378 1.000000 1.000000 1.000000
vn -0.7750589 0.6302527 -0.0454450
v -0.0281276 0.0213659 -0.0836410 1.000000 1.000000 1.000000
vn -0.7682385 0.6110533 -0.1908496
v -0.0263606 0.0209212 -0.1021840 1.000000 1.000000 1.000000
vn -0.8326518 0.5523973 0.0393494
v -0.0283078 0.0182577 -0.0692250 1.000000 1.000000 1.000000
vn -0.8455824 0.5335109 0.0188834
v -0.0288104 0.0177389 -0.0711602 1.000000 1.000000 1.000000
vn -0.8263195 0.5286688 0.1941791
v -0.0285433 0.0180435 -0.0724889 1.000000 1.000000 1.000000
vn -0.7900292 0.5813940 0.1945123
v -0.0271070 0.0201445 -0.0724978 1.000000 1.000000 1.000000
vn -0.8403718 0.5403283 0.0426696
v -0.0293787 0.0173980 -0.0107280 1.000000 1.000000 1.000000
vn -0.8374883 0.5462130 -0.0162692
v -0.0289526 0.0176874 -0.0162058 1.000000 1.000000 1.000000
vn -0.8039410 0.5196834 0.2891505
v -0.0292495 0.0173571 -0.0097093 1.000000 1.000000 1.000000
vn -0.8295318 0.5584535 -0.0026061
v -0.0288463 0.0178356 -0.0295059 1.000000 1.000000 1.000000
vn -0.8008060 0.5989110 -0.0039375
v -0.0277559 0.0193183 -0.0425473 1.000000 1.000000 1.000000
vn -0.8022946 0.5968965 -0.0061794
v -0.0273857 0.0196201 -0.0592834 1.000000 1.000000 1.000000
vn -0.8443260 0.5358030 -0.0053759
v -0.0288264 0.0175518 -0.0602705 1.000000 1.000000 1.000000
vn -0.8430363 0.5378214 -0.0061669
v -0.0289534 0.0175933 -0.0457066 1.000000 1.000000 1.000000
vn -0.8059794 0.5587394 0.1954674
v -0.0296447 0.0197061 -0.0763873 1.000000 1.000000 1.000000
vn -0.8350656 0.5431665 -0.0873815
v -0.0292233 0.0190154 -0.0921642 1.000000 1.000000 1.000000
vn -0.8630852 0.5014710 -0.0600902
v -0.0305639 0.0175794 -0.0863913 1.000000 1.000000 1.000000
vn -0.8462045 0.4940590 0.1996089
v -0.0308286 0.0178716 -0.0764024 1.000000 1.000000 1.000000
vn -0.8425196 0.5068268 -0.1824481
v -0.0276928 0.0193939 -0.1009053 1.000000 1.000000 1.000000
vn -0.7829990 0.6206551 0.0412283
v -0.0274114 0.0194356 -0.0090859 1.000000 1.000000 1.000000
vn -0.7428120 0.6650338 0.0772043
v -0.0259096 0.0211605 -0.0091613 1.000000 1.000000 1.000000
vn -0.8285542 0.4497901 -0.3334469
v -0.0261059 0.0194125 -0.1061187 1.000000 1.000000 1.000000
vn -0.7393943 0.6194004 -0.2638924
v -0.0251729 0.0212197 -0.1053306 1.000000 1.000000 1.000000
vn -0.8370474 0.5333157 0.1221724
v -0.0289746 0.0172537 -0.0091384 1.000000 1.000000 1.000000
vn -0.8873340 0.4473458 0.1118939
v -0.0307025 0.0142702 -0.0091169 1.000000 1.000000 1.000000
vn -0.8601673 0.4162504 -0.2946996
v -0.0310994 0.0141793 -0.0077740 1.000000 1.000000 1.000000
vn -0.7907099 0.5440335 -0.2807234
v -0.0288954 0.0180403 -0.0076215 1.000000 1.000000 1.000000
vn -0.7299714 0.6242694 -0.2782619
v -0.0272069 0.0204526 -0.0070141 1.000000 1.000000 1.000000
vn -0.7276710 0.5459794 -0.4152125
v -0.0243813 0.0207343 -0.1081504 1.000000 1.000000 1.000000
vn -0.6505286 0.4996116 -0.5720147
v -0.0233899 0.0206698 -0.1096388 1.000000 1.000000 1.000000
vn -0.8865003 0.1147268 -0.4482801
v -0.0265230 0.0174994 -0.1070979 1.000000 1.000000 1.000000
vn -0.7960679 0.2213429 -0.5632790
v -0.0250781 0.0177782 -0.1093729 1.000000 1.000000 1.000000
vn -0.9078242 -0.0899154 -0.4095980
v -0.0185688 -0.0005188 0.0995161 1.000000 1.000000 1.000000
vn -0.9026211 -0.1851131 -0.3885978
v -0.0178460 -0.0034797 0.0984826 1.000000 1.000000 1.000000
vn -0.8677635 -0.2041257 -0.4531218
v -0.0182060 -0.0039689 0.0995573 1.000000 1.000000 1.000000
vn -0.8654069 -0.1260584 -0.4849539
v -0.0191195 -0.0031585 0.1009141 1.000000 1.000000 1.000000
vn -0.5590981 0.4814607 0.6749852
v -0.0145542 0.0113495 0.1012083 1.000000 1.000000 1.000000
vn -0.8259483 -0.2894517 -0.4837635
v -0.0182731 -0.0064436 0.1008567 1.000000 1.000000 1.000000
vn -0.4886619 0.6736270 -0.5544694
v -0.0201353 0.0225316 -0.1107481 1.000000 1.000000 1.000000
vn -0.6571340 0.3340091 -0.6757314
v -0.0235555 0.0176290 -0.1109808 1.000000 1.000000 1.000000
vn -0.5814043 0.5100116 -0.6339221
v -0.0217214 0.0207129 -0.1111344 1.000000 1.000000 1.000000
vn -0.8098965 -0.2990271 -0.5046292
v -0.0167109 -0.0067786 0.0986315 1.000000 1.000000 1.000000
vn -0.8647307 -0.4667892 -0.1853340
v -0.0170078 -0.0088321 0.1004414 1.000000 1.000000 1.000000
vn -0.8767381 -0.4773537 -0.0588539
v -0.0171672 -0.0086023 0.1009523 1.000000 1.000000 1.000000
vn -0.7790760 -0.5552318 -0.2911327
v -0.0157975 -0.0108783 0.1009193 1.000000 1.000000 1.000000
vn -0.7107139 0.6810727 0.1761414
v -0.0136377 0.0120781 0.1014800 1.000000 1.000000 1.000000
vn -0.6279350 0.7414280 0.2366056
v -0.0119900 0.0136409 0.1014459 1.000000 1.000000 1.000000
vn -0.6618728 0.7469661 -0.0629774
v -0.0127749 0.0132692 0.1037363 1.000000 1.000000 1.000000
vn -0.7924694 0.6049390 -0.0777240
v -0.0151209 0.0107711 0.1036894 1.000000 1.000000 1.000000
vn -0.8411866 0.5310877 0.1017398
v -0.0159322 0.0090700 0.1015515 1.000000 1.000000 1.000000
vn -0.9046204 0.4203887 -0.0702517
v -0.0170807 0.0076451 0.1037150 1.000000 1.000000 1.000000
vn -0.8136556 0.5794721 0.0466552
v -0.0155602 0.0103027 0.1093024 1.000000 1.000000 1.000000
vn -0.9171482 0.3984676 0.0079289
v -0.0172496 0.0073454 0.1075757 1.000000 1.000000 1.000000
vn -0.9750373 0.2136636 -0.0604159
v -0.0183956 0.0035798 0.1039050 1.000000 1.000000 1.000000
vn -0.9765406 0.2148086 0.0150236
v -0.0184326 0.0036782 0.1082270 1.000000 1.000000 1.000000
vn -0.9720408 0.2183966 0.0862535
v -0.0182878 0.0037691 0.1111939 1.000000 1.000000 1.000000
vn -0.8889891 0.4133814 0.1970135
v -0.0171210 0.0073696 0.1111691 1.000000 1.000000 1.000000
vn -0.9010424 0.3363493 0.2738463
v -0.0172180 0.0065403 0.1118687 1.000000 1.000000 1.000000
vn -0.9624811 0.2447962 -0.1170678
v -0.0179876 0.0040757 0.1015171 1.000000 1.000000 1.000000
vn -0.9203501 0.3751351 -0.1105867
v -0.0170488 0.0069002 0.1014602 1.000000 1.000000 1.000000
vn -0.9751650 -0.0061251 0.2213950
v -0.0187692 0.0000760 0.1110059 1.000000 1.000000 1.000000
vn -0.8149419 0.5636405 0.1348294
v -0.0154989 0.0099271 0.1116418 1.000000 1.000000 1.000000
vn -0.9999830 0.0056476 -0.0015340
v -0.0188538 0.0001618 0.1064715 1.000000 1.000000 1.000000
vn -0.9975538 -0.0016375 -0.0698834
v -0.0187953 0.0001202 0.1035902 1.000000 1.000000 1.000000
vn -0.9937777 0.0330041 -0.1063798
v -0.0185448 0.0006449 0.1013994 1.000000 1.000000 1.000000
vn -0.8003408 0.4179513 0.4298503
v -0.0162531 0.0087300 0.1012846 1.000000 1.000000 1.000000
vn -0.7504609 0.6574112 0.0679642
v -0.0134335 0.0124834 0.1115958 1.000000 1.000000 1.000000
vn -0.6802924 0.7329308 0.0038534
v -0.0131717 0.0131063 0.1074340 1.000000 1.000000 1.000000
vn -0.6644867 0.7437671 0.0725801
v -0.0127664 0.0132449 0.1114290 1.000000 1.000000 1.000000
vn -0.9057221 0.0275262 0.4229772
v -0.0182523 0.0004350 0.1120893 1.000000 1.000000 1.000000
vn -0.9796956 -0.1996075 0.0187990
v -0.0184540 -0.0033506 0.1078407 1.000000 1.000000 1.000000
vn -0.9840285 -0.1673647 -0.0606374
v -0.0184841 -0.0029908 0.1038781 1.000000 1.000000 1.000000
vn -0.9730195 -0.2019207 0.1116290
v -0.0181855 -0.0035515 0.1116008 1.000000 1.000000 1.000000
vn -0.9750339 -0.1952307 0.1058018
v -0.0181339 -0.0035120 0.1016714 1.000000 1.000000 1.000000
vn -0.9093286 -0.2093523 0.3595737
v -0.0182458 -0.0036120 0.1013301 1.000000 1.000000 1.000000
vn -0.9537588 -0.2912669 -0.0742151
v -0.0179900 -0.0049239 0.1034985 1.000000 1.000000 1.000000
vn -0.9389350 -0.3381197 0.0638445
v -0.0175833 -0.0061670 0.1101593 1.000000 1.000000 1.000000
vn -0.5108944 0.8596432 0.0007161
v -0.0103049 0.0152330 0.1072608 1.000000 1.000000 1.000000
vn -0.5062464 0.8403561 0.1936909
v -0.0101744 0.0151521 0.1110043 1.000000 1.000000 1.000000
vn -0.5063292 0.8591481 -0.0741304
v -0.0102333 0.0151330 0.1034630 1.000000 1.000000 1.000000
vn -0.9053276 -0.4206979 0.0582689
v -0.0169593 -0.0074005 0.1115669 1.000000 1.000000 1.000000
vn -0.9078389 -0.4163266 -0.0500059
v -0.0171311 -0.0074446 0.1042470 1.000000 1.000000 1.000000
vn -0.4216245 0.8969924 0.1328059
v -0.0102392 0.0148360 0.1015440 1.000000 1.000000 1.000000
vn -0.9194778 -0.3749703 -0.1181439
v -0.0171520 -0.0064988 0.1014559 1.000000 1.000000 1.000000
vn -0.4602213 0.8168021 0.3478949
v -0.0092631 0.0152808 0.1119076 1.000000 1.000000 1.000000
vn -0.3503301 0.9319422 0.0935552
v -0.0071594 0.0165404 0.1115735 1.000000 1.000000 1.000000
vn -0.3269602 0.9450366 0.0016938
v -0.0070783 0.0167189 0.1073922 1.000000 1.000000 1.000000
vn -0.3163416 0.9456334 -0.0755342
v -0.0067516 0.0167532 0.1032116 1.000000 1.000000 1.000000
vn -0.3227990 0.9374118 -0.1306138
v -0.0067145 0.0164564 0.1009907 1.000000 1.000000 1.000000
vn -0.2653102 0.9331943 0.2424026
v -0.0099639 0.0150579 0.1009912 1.000000 1.000000 1.000000
vn -0.8701906 -0.4718183 -0.1419716
v -0.0161147 -0.0085592 0.1013611 1.000000 1.000000 1.000000
vn -0.8774546 -0.4791186 0.0227783
v -0.0156020 -0.0099092 0.1113085 1.000000 1.000000 1.000000
vn -0.8726231 -0.4882603 0.0114374
v -0.0152611 -0.0107275 0.1067766 1.000000 1.000000 1.000000
vn -0.8640308 -0.4958159 -0.0872776
v -0.0154284 -0.0103655 0.1034145 1.000000 1.000000 1.000000
vn -0.8440486 -0.5098081 -0.1663660
v -0.0149716 -0.0104478 0.1013494 1.000000 1.000000 1.000000
vn -0.1880003 0.9596034 0.2093257
v -0.0042748 0.0173768 0.1111434 1.000000 1.000000 1.000000
vn -0.7284399 -0.6751234 0.1165496
v -0.0149081 -0.0119132 0.1005635 1.000000 1.000000 1.000000
vn -0.1404485 0.9866642 -0.0822687
v -0.0028794 0.0176059 0.1036346 1.000000 1.000000 1.000000
vn -0.1799333 0.9551856 -0.2350415
v -0.0049675 0.0168881 0.1012854 1.000000 1.000000 1.000000
vn -0.1147925 0.9372763 0.3291441
v -0.0030166 0.0172530 0.1119347 1.000000 1.000000 1.000000
vn -0.6890962 -0.7146210 -0.1202636
v -0.0128759 -0.0139437 0.1009850 1.000000 1.000000 1.000000
vn -0.1071129 0.9928505 0.0526766
v -0.0009744 0.0177978 0.1108553 1.000000 1.000000 1.000000
vn -0.1512961 0.9776269 -0.1461340
v -0.0026976 0.0172001 0.1010231 1.000000 1.000000 1.000000
vn -0.1147375 0.9900705 0.0812140
v -0.0007960 0.0178405 0.1035947 1.000000 1.000000 1.000000
vn -0.0710345 0.9970725 0.0282927
v -0.0000416 0.0177886 0.1043212 1.000000 1.000000 1.000000
vn -0.0673087 0.9976844 -0.0097694
v 0.0002428 0.0178546 0.1075150 1.000000 1.000000 1.000000
vn -0.6858332 -0.7147869 -0.1367931
v -0.0123284 -0.0143764 0.1005010 1.000000 1.000000 1.000000
vn -0.9986361 -0.0050364 -0.0519679
v -0.0339886 -0.0000303 -0.0089156 1.000000 1.000000 1.000000
vn -0.9713498 0.1122486 -0.2094752
v -0.0337246 0.0041166 -0.0086730 1.000000 1.000000 1.000000
vn -0.9894194 0.0859458 0.1168873
v -0.0337777 0.0031858 -0.0090999 1.000000 1.000000 1.000000
vn -0.9337277 0.2313512 0.2731834
v -0.0332465 0.0078899 -0.0096576 1.000000 1.000000 1.000000
vn -0.9810464 0.0068714 -0.1936511
v -0.0357487 0.0000282 -0.0039817 1.000000 1.000000 1.000000
vn -0.9646488 0.1652484 -0.2052938
v -0.0351709 0.0057152 -0.0042361 1.000000 1.000000 1.000000
vn -0.9651151 0.2545249 0.0614007
v -0.0329252 0.0078218 -0.0089933 1.000000 1.000000 1.000000
vn -0.9318949 0.2982518 -0.2064407
v -0.0339318 0.0107143 -0.0041672 1.000000 1.000000 1.000000
vn -0.9308659 0.3191350 -0.1778811
v -0.0321623 0.0108793 -0.0085873 1.000000 1.000000 1.000000
vn -0.9965448 -0.0804464 -0.0206600
v -0.0337782 -0.0026383 -0.0090146 1.000000 1.000000 1.000000
vn -0.9725574 -0.1176963 -0.2006981
v -0.0353861 -0.0044466 -0.0040769 1.000000 1.000000 1.000000
vn -0.9802440 -0.1338411 -0.1456303
v -0.0335768 -0.0054049 -0.0086901 1.000000 1.000000 1.000000
vn -0.9583083 -0.2107770 -0.1929203
v -0.0348824 -0.0073716 -0.0041004 1.000000 1.000000 1.000000
vn -0.9563206 -0.2538171 -0.1450095
v -0.0329674 -0.0085551 -0.0086546 1.000000 1.000000 1.000000
vn -0.9870880 0.1601008 -0.0050150
v -0.0354347 0.0055298 -0.0007217 1.000000 1.000000 1.000000
vn -0.9558107 0.2939146 -0.0063295
v -0.0342187 0.0105621 -0.0007733 1.000000 1.000000 1.000000
vn -0.9999458 0.0062484 0.0083250
v -0.0359303 0.0000610 -0.0005934 1.000000 1.000000 1.000000
vn -0.9895489 -0.1441483 0.0037726
v -0.0355394 -0.0050193 -0.0006204 1.000000 1.000000 1.000000
vn -0.9367200 -0.2955914 -0.1875667
v -0.0339753 -0.0107297 -0.0040738 1.000000 1.000000 1.000000
vn -0.9436530 -0.3295194 0.0305945
v -0.0321279 -0.0110253 -0.0090142 1.000000 1.000000 1.000000
vn -0.9756954 -0.1467284 0.1627549
v -0.0335956 -0.0056599 -0.0093664 1.000000 1.000000 1.000000
vn -0.9578878 -0.2264428 0.1765632
v -0.0330858 -0.0083231 -0.0094281 1.000000 1.000000 1.000000
vn -0.8928638 -0.4097190 -0.1868816
v -0.0327550 -0.0141673 -0.0040365 1.000000 1.000000 1.000000
vn -0.9582683 -0.2857355 0.0087820
v -0.0343705 -0.0101314 -0.0004653 1.000000 1.000000 1.000000
vn -0.9880970 -0.1088118 0.1087397
v -0.0350744 -0.0048142 0.0062396 1.000000 1.000000 1.000000
vn -0.9953945 0.0005434 0.0958619
v -0.0354921 0.0000345 0.0053996 1.000000 1.000000 1.000000
vn -0.9885486 0.1094219 0.1039163
v -0.0350966 0.0042481 0.0063703 1.000000 1.000000 1.000000
vn -0.9735619 -0.2037712 0.1032211
v -0.0347946 -0.0068646 0.0060246 1.000000 1.000000 1.000000
vn -0.9743593 0.2118097 0.0758991
v -0.0348051 0.0073381 0.0043390 1.000000 1.000000 1.000000
vn -0.9879461 0.0048730 0.1547218
v -0.0348026 0.0002253 0.0108480 1.000000 1.000000 1.000000
vn -0.9761763 -0.1279256 0.1752570
v -0.0341276 -0.0049225 0.0125588 1.000000 1.000000 1.000000
vn -0.9750397 0.1207167 0.1863468
v -0.0340569 0.0046908 0.0130714 1.000000 1.000000 1.000000
vn -0.9693394 0.1947374 0.1498621
v -0.0342672 0.0069378 0.0100310 1.000000 1.000000 1.000000
vn -0.9780491 -0.0022071 0.2083630
v -0.0340212 0.0001081 0.0150695 1.000000 1.000000 1.000000
vn -0.9173065 0.3266996 0.2276314
v -0.0321073 0.0110817 -0.0093280 1.000000 1.000000 1.000000
vn -0.9607974 -0.1933011 0.1987537
v -0.0335872 -0.0063440 0.0141280 1.000000 1.000000 1.000000
vn -0.9617650 0.1127269 0.2496012
v -0.0326730 0.0043877 0.0194049 1.000000 1.000000 1.000000
vn -0.9929227 0.0115565 0.1181992
v -0.0343517 0.0003352 -0.0103351 1.000000 1.000000 1.000000
vn -0.9677401 -0.0039510 0.2519195
v -0.0328659 -0.0000540 0.0200209 1.000000 1.000000 1.000000
vn -0.9622132 -0.1254247 0.2416909
v -0.0326581 -0.0044974 0.0193737 1.000000 1.000000 1.000000
vn -0.9490622 0.2104216 0.2345286
v -0.0326216 0.0069221 0.0180990 1.000000 1.000000 1.000000
vn -0.9439691 0.3103857 0.1121746
v -0.0336316 0.0106065 0.0073399 1.000000 1.000000 1.000000
vn -0.9466967 -0.3039631 0.1066393
v -0.0337671 -0.0103904 0.0066223 1.000000 1.000000 1.000000
vn -0.9848588 0.1262733 0.1187786
v -0.0340766 0.0041732 -0.0105592 1.000000 1.000000 1.000000
vn -0.9938853 0.1092195 -0.0162215
v -0.0339091 0.0036191 -0.0182698 1.000000 1.000000 1.000000
vn -0.9998882 0.0001712 -0.0149561
v -0.0340753 0.0001216 -0.0189226 1.000000 1.000000 1.000000
vn -0.9871096 -0.0950769 0.1287443
v -0.0341557 -0.0035795 -0.0104505 1.000000 1.000000 1.000000
vn -0.9952188 -0.0967887 -0.0130935
v -0.0338991 -0.0035452 -0.0188280 1.000000 1.000000 1.000000
vn -0.9999363 0.0107824 -0.0033446
v -0.0340756 0.0003784 -0.0331593 1.000000 1.000000 1.000000
vn -0.9932648 0.1158445 -0.0022648
v -0.0338860 0.0037228 -0.0303494 1.000000 1.000000 1.000000
vn -0.9939955 0.1092759 -0.0056334
v -0.0337505 0.0037313 -0.0532006 1.000000 1.000000 1.000000
vn -0.9999454 0.0089920 -0.0053209
v -0.0339401 0.0001812 -0.0499806 1.000000 1.000000 1.000000
vn -0.9999152 0.0108222 -0.0072442
v -0.0339467 0.0001176 -0.0570263 1.000000 1.000000 1.000000
vn -0.9957315 -0.0922695 -0.0022976
v -0.0339216 -0.0036499 -0.0348066 1.000000 1.000000 1.000000
vn -0.9996281 0.0087739 0.0258227
v -0.0338153 0.0003133 -0.0684652 1.000000 1.000000 1.000000
vn -0.9966807 -0.0802015 0.0139786
v -0.0336620 -0.0033239 -0.0690931 1.000000 1.000000 1.000000
vn -0.9954877 -0.0945896 -0.0075551
v -0.0338026 -0.0037179 -0.0555499 1.000000 1.000000 1.000000
vn -0.9864814 -0.1628133 -0.0186082
v -0.0336032 -0.0056079 -0.0715296 1.000000 1.000000 1.000000
vn -0.9930913 0.1138759 0.0283198
v -0.0335829 0.0040597 -0.0692038 1.000000 1.000000 1.000000
vn -0.9998730 0.0014545 -0.0158739
v -0.0340537 0.0000830 -0.0714569 1.000000 1.000000 1.000000
vn -0.9852515 0.1699468 -0.0199373
v -0.0334855 0.0059249 -0.0714557 1.000000 1.000000 1.000000
vn -0.9786170 0.1151167 0.1704614
v -0.0335730 0.0040910 -0.0727233 1.000000 1.000000 1.000000
vn -0.9992627 0.0209139 0.0321977
v -0.0339741 0.0000747 -0.0721737 1.000000 1.000000 1.000000
vn -0.9807813 -0.1224203 0.1519257
v -0.0336151 -0.0045644 -0.0725796 1.000000 1.000000 1.000000
vn -0.9780626 -0.2052694 0.0354708
v -0.0331915 -0.0067033 -0.0695088 1.000000 1.000000 1.000000
vn -0.9822618 -0.1874550 -0.0047232
v -0.0335132 -0.0059827 -0.0495918 1.000000 1.000000 1.000000
vn -0.9795725 -0.2010757 -0.0025227
v -0.0334635 -0.0066956 -0.0351618 1.000000 1.000000 1.000000
vn -0.9795733 -0.1999894 -0.0209844
v -0.0334203 -0.0069284 -0.0170709 1.000000 1.000000 1.000000
vn -0.9762242 -0.1967847 0.0908957
v -0.0336146 -0.0073236 -0.0106610 1.000000 1.000000 1.000000
vn -0.9759675 0.2178506 -0.0053532
v -0.0332574 0.0071517 -0.0425579 1.000000 1.000000 1.000000
vn -0.9762206 0.2166835 -0.0064591
v -0.0332237 0.0069605 -0.0515507 1.000000 1.000000 1.000000
vn -0.9737954 0.2260890 0.0246245
v -0.0330250 0.0073529 -0.0691081 1.000000 1.000000 1.000000
vn -0.9756039 0.2195029 -0.0039343
v -0.0332528 0.0073521 -0.0266047 1.000000 1.000000 1.000000
vn -0.9751151 0.2205084 -0.0229498
v -0.0333218 0.0073002 -0.0163614 1.000000 1.000000 1.000000
vn -0.9767895 0.2133531 0.0190482
v -0.0335351 0.0072577 -0.0111995 1.000000 1.000000 1.000000
vn -0.9586839 0.2101552 0.1917289
v -0.0331186 0.0071268 -0.0728134 1.000000 1.000000 1.000000
vn -0.9503956 -0.0065432 0.3109750
v -0.0341658 -0.0003183 -0.0730739 1.000000 1.000000 1.000000
vn -0.9714801 -0.2369746 -0.0083402
v -0.0330073 -0.0079686 -0.0610175 1.000000 1.000000 1.000000
vn -0.9517162 -0.3069405 -0.0048976
v -0.0324859 -0.0103168 -0.0419348 1.000000 1.000000 1.000000
vn -0.9501623 -0.3117350 -0.0036099
v -0.0324705 -0.0105554 -0.0285280 1.000000 1.000000 1.000000
vn -0.9488916 -0.3147618 -0.0230147
v -0.0324438 -0.0107116 -0.0165198 1.000000 1.000000 1.000000
vn -0.9359066 -0.3072450 0.1722770
v -0.0327222 -0.0107625 -0.0101562 1.000000 1.000000 1.000000
vn -0.9581527 -0.2299308 0.1705148
v -0.0330438 -0.0075807 -0.0727013 1.000000 1.000000 1.000000
vn -0.9514100 -0.3064597 -0.0300250
v -0.0322801 -0.0108577 -0.0715726 1.000000 1.000000 1.000000
vn -0.9506630 -0.3084394 0.0332425
v -0.0321238 -0.0108483 -0.0695716 1.000000 1.000000 1.000000
vn -0.9398621 -0.3000278 0.1632255
v -0.0330590 -0.0105147 0.0112813 1.000000 1.000000 1.000000
vn -0.9334776 0.3098188 0.1806431
v -0.0326184 0.0106856 -0.0101472 1.000000 1.000000 1.000000
vn -0.9449656 0.3271507 -0.0035195
v -0.0321341 0.0110264 -0.0713775 1.000000 1.000000 1.000000
vn -0.9438267 0.3303811 -0.0062886
v -0.0320465 0.0110673 -0.0626339 1.000000 1.000000 1.000000
vn -0.9444199 0.3286519 -0.0076770
v -0.0320802 0.0110623 -0.0498713 1.000000 1.000000 1.000000
vn -0.9441533 0.3294217 -0.0074829
v -0.0321295 0.0110787 -0.0453037 1.000000 1.000000 1.000000
vn -0.9445236 0.3284023 -0.0052113
v -0.0321686 0.0110961 -0.0317373 1.000000 1.000000 1.000000
vn -0.9454429 0.3257775 -0.0026014
v -0.0322626 0.0110576 -0.0234866 1.000000 1.000000 1.000000
vn -0.9434160 0.3308308 -0.0227451
v -0.0323199 0.0108772 -0.0157373 1.000000 1.000000 1.000000
vn -0.9427614 0.2824696 0.1772339
v -0.0322942 0.0101471 -0.0726364 1.000000 1.000000 1.000000
vn -0.9410339 0.3363751 0.0361523
v -0.0319172 0.0111824 -0.0694876 1.000000 1.000000 1.000000
vn -0.9597985 0.0122415 0.2804228
v -0.0305747 0.0001934 0.0279561 1.000000 1.000000 1.000000
vn -0.9509464 -0.1445303 0.2735179
v -0.0304894 -0.0053829 0.0267372 1.000000 1.000000 1.000000
vn -0.9591711 0.0135513 0.2825017
v -0.0281458 0.0000333 0.0363024 1.000000 1.000000 1.000000
vn -0.9421739 -0.1987672 0.2698146
v -0.0286737 -0.0058215 0.0327907 1.000000 1.000000 1.000000
vn -0.9555086 -0.0928190 0.2799784
v -0.0276387 -0.0034368 0.0370398 1.000000 1.000000 1.000000
vn -0.9536582 0.0288875 0.2995024
v -0.0246658 -0.0000658 0.0481368 1.000000 1.000000 1.000000
vn -0.9529099 -0.0962519 0.2875730
v -0.0249065 -0.0037481 0.0465247 1.000000 1.000000 1.000000
vn -0.9404712 0.1841190 0.2856820
v -0.0289545 0.0056028 0.0315132 1.000000 1.000000 1.000000
vn -0.9436402 0.1749088 0.2809806
v -0.0308536 0.0058021 0.0250504 1.000000 1.000000 1.000000
vn -0.9395540 0.1724711 0.2957907
v -0.0249343 0.0041705 0.0455213 1.000000 1.000000 1.000000
vn -0.9433835 0.1720356 0.2836041
v -0.0266633 0.0047624 0.0394503 1.000000 1.000000 1.000000
vn -0.9288946 0.3151749 0.1944724
v -0.0324942 0.0108117 0.0138482 1.000000 1.000000 1.000000
vn -0.9370214 -0.2129595 0.2768376
v -0.0272687 -0.0064897 0.0370672 1.000000 1.000000 1.000000
vn -0.9401137 -0.2253902 0.2557060
v -0.0317805 -0.0074085 0.0206512 1.000000 1.000000 1.000000
vn -0.9237435 -0.2550043 0.2857808
v -0.0246310 -0.0067364 0.0460709 1.000000 1.000000 1.000000
vn -0.9500253 -0.0891855 0.2991622
v -0.0227567 -0.0035798 0.0532683 1.000000 1.000000 1.000000
vn -0.9526039 0.0344973 0.3022511
v -0.0225759 -0.0001475 0.0544247 1.000000 1.000000 1.000000
vn -0.9417576 -0.2019662 0.2688908
v -0.0195698 -0.0047878 0.0634886 1.000000 1.000000 1.000000
vn -0.9625555 0.0280475 0.2696299
v -0.0206024 -0.0000415 0.0610807 1.000000 1.000000 1.000000
vn -0.9732636 0.0345624 0.2270762
v -0.0191142 0.0001108 0.0668575 1.000000 1.000000 1.000000
vn -0.9744928 -0.1106007 0.1952723
v -0.0177551 -0.0031424 0.0718792 1.000000 1.000000 1.000000
vn -0.9848225 0.0285621 0.1711986
v -0.0176831 -0.0000770 0.0738439 1.000000 1.000000 1.000000
vn -0.9809871 -0.1194416 0.1529637
v -0.0168136 -0.0006173 0.0791515 1.000000 1.000000 1.000000
vn -0.9952268 0.0285612 0.0933163
v -0.0166355 0.0002721 0.0810087 1.000000 1.000000 1.000000
vn -0.9614034 -0.2547717 0.1038990
v -0.0161740 -0.0038541 0.0806253 1.000000 1.000000 1.000000
vn -0.9487319 -0.2619766 0.1768502
v -0.0169298 -0.0039142 0.0756495 1.000000 1.000000 1.000000
vn -0.9947050 0.0117533 0.1020978
v -0.0164851 0.0002115 0.0842401 1.000000 1.000000 1.000000
vn -0.9565460 -0.2726727 0.1032924
v -0.0158442 -0.0041283 0.0843594 1.000000 1.000000 1.000000
vn -0.9958283 0.0022106 0.0912200
v -0.0159118 0.0001066 0.0879226 1.000000 1.000000 1.000000
vn -0.9592938 -0.2685930 0.0872542
v -0.0153390 -0.0037085 0.0885676 1.000000 1.000000 1.000000
vn -0.9934855 -0.0153460 0.1129216
v -0.0157608 0.0001105 0.0933098 1.000000 1.000000 1.000000
vn -0.9648883 -0.2595032 0.0406037
v -0.0152520 -0.0034848 0.0927702 1.000000 1.000000 1.000000
vn -0.9556280 -0.2718419 -0.1134780
v -0.0151112 -0.0036682 0.0941572 1.000000 1.000000 1.000000
vn -0.9313126 -0.2844789 0.2274394
v -0.0179171 -0.0045829 0.0701737 1.000000 1.000000 1.000000
vn -0.9523782 0.2895283 0.0956511
v -0.0153710 0.0039058 0.0877214 1.000000 1.000000 1.000000
vn -0.9987687 -0.0118890 -0.0481639
v -0.0155795 0.0001405 0.0940901 1.000000 1.000000 1.000000
vn -0.9808714 0.1853076 0.0596023
v -0.0155157 0.0029715 0.0934136 1.000000 1.000000 1.000000
vn -0.9543817 0.2839511 0.0923436
v -0.0158759 0.0039501 0.0842482 1.000000 1.000000 1.000000
vn -0.9502274 0.2973472 0.0930190
v -0.0160308 0.0039937 0.0803939 1.000000 1.000000 1.000000
vn -0.9496902 0.2736094 0.1524025
v -0.0166931 0.0037210 0.0764066 1.000000 1.000000 1.000000
vn -0.9441414 0.2587428 0.2040813
v -0.0176263 0.0039523 0.0711069 1.000000 1.000000 1.000000
vn -0.9572954 0.2888126 0.0131483
v -0.0152500 0.0037305 0.0914663 1.000000 1.000000 1.000000
vn -0.9459040 0.2165024 0.2416453
v -0.0188654 0.0040551 0.0655446 1.000000 1.000000 1.000000
vn -0.9396451 0.1875783 0.2861496
v -0.0214115 0.0041777 0.0562945 1.000000 1.000000 1.000000
vn -0.9189616 -0.2630960 0.2937516
v -0.0222699 -0.0066003 0.0535445 1.000000 1.000000 1.000000
vn -0.9116811 0.2848794 0.2961104
v -0.0247540 0.0069719 0.0439698 1.000000 1.000000 1.000000
vn -0.9148374 0.2840646 0.2870190
v -0.0278135 0.0083856 0.0326340 1.000000 1.000000 1.000000
vn -0.9217821 -0.3122844 0.2297744
v -0.0317697 -0.0104806 0.0175562 1.000000 1.000000 1.000000
vn -0.9016992 0.3276477 0.2821092
v -0.0205468 0.0069820 0.0566782 1.000000 1.000000 1.000000
vn -0.9013897 0.3106172 0.3016846
v -0.0224774 0.0070418 0.0507213 1.000000 1.000000 1.000000
vn -0.9202772 0.2907931 0.2617812
v -0.0312480 0.0090438 0.0208550 1.000000 1.000000 1.000000
vn -0.8973333 0.3649033 0.2482711
v -0.0179914 0.0066115 0.0656746 1.000000 1.000000 1.000000
vn -0.9795241 -0.0981025 0.1758080
v -0.0353186 -0.0039469 -0.0764092 1.000000 1.000000 1.000000
vn -0.9853904 0.0155337 0.1696013
v -0.0354906 0.0003219 -0.0763653 1.000000 1.000000 1.000000
vn -0.9973059 0.0214294 -0.0701557
v -0.0352207 0.0001339 -0.0821215 1.000000 1.000000 1.000000
vn -0.9947600 -0.0778315 -0.0662933
v -0.0350739 -0.0033686 -0.0825595 1.000000 1.000000 1.000000
vn -0.9910315 0.1151489 -0.0678037
v -0.0351079 0.0041320 -0.0796072 1.000000 1.000000 1.000000
vn -0.9750605 0.1236657 0.1842929
v -0.0351877 0.0048233 -0.0764059 1.000000 1.000000 1.000000
vn -0.9634242 0.1946982 0.1841371
v -0.0347232 0.0075943 -0.0764116 1.000000 1.000000 1.000000
vn -0.9931461 -0.0423686 -0.1089301
v -0.0344815 -0.0032320 -0.0898286 1.000000 1.000000 1.000000
vn -0.9872488 0.0925581 -0.1295104
v -0.0347209 0.0005380 -0.0872573 1.000000 1.000000 1.000000
vn -0.9755687 0.2019828 -0.0864223
v -0.0345621 0.0074649 -0.0792944 1.000000 1.000000 1.000000
vn -0.9762715 0.1680082 -0.1366285
v -0.0347779 0.0044750 -0.0825824 1.000000 1.000000 1.000000
vn -0.9812349 -0.1831959 -0.0601440
v -0.0346991 -0.0067087 -0.0819437 1.000000 1.000000 1.000000
vn -0.9606940 -0.1928664 0.1996742
v -0.0348486 -0.0070591 -0.0763202 1.000000 1.000000 1.000000
vn -0.9805565 -0.1778117 -0.0830178
v -0.0342379 -0.0067649 -0.0877846 1.000000 1.000000 1.000000
vn -0.9822934 -0.1409343 -0.1234395
v -0.0334070 -0.0065720 -0.0966113 1.000000 1.000000 1.000000
vn -0.9875752 0.0258470 -0.1550073
v -0.0337091 -0.0034238 -0.0959685 1.000000 1.000000 1.000000
vn -0.9722766 0.1576096 -0.1727351
v -0.0340747 0.0003085 -0.0915888 1.000000 1.000000 1.000000
vn -0.9815090 0.0559268 -0.1830638
v -0.0331111 -0.0037622 -0.0996449 1.000000 1.000000 1.000000
vn -0.9709793 -0.0845047 -0.2237366
v -0.0323419 -0.0068441 -0.1035083 1.000000 1.000000 1.000000
vn -0.9413838 0.2801307 0.1879454
v -0.0339493 0.0108894 -0.0763688 1.000000 1.000000 1.000000
vn -0.9643357 0.2320614 -0.1272960
v -0.0333190 0.0110916 -0.0833657 1.000000 1.000000 1.000000
vn -0.9593303 0.1410245 -0.2445352
v -0.0332295 0.0103882 -0.0846586 1.000000 1.000000 1.000000
vn -0.9393724 0.2510742 -0.2335407
v -0.0328467 -0.0015169 -0.0991540 1.000000 1.000000 1.000000
vn -0.9544854 -0.2947201 -0.0458028
v -0.0338337 -0.0105149 -0.0802828 1.000000 1.000000 1.000000
vn -0.9407834 0.2702303 -0.2047001
v -0.0341883 0.0032021 -0.0873555 1.000000 1.000000 1.000000
vn -0.9313443 -0.3032992 0.2015129
v -0.0337782 -0.0110241 -0.0762720 1.000000 1.000000 1.000000
vn -0.9530458 -0.2858492 -0.0999700
v -0.0326130 -0.0102505 -0.0962589 1.000000 1.000000 1.000000
vn -0.9528430 -0.2937797 -0.0760503
v -0.0333937 -0.0105642 -0.0865884 1.000000 1.000000 1.000000
vn -0.9504050 -0.2730966 -0.1488244
v -0.0320678 -0.0100303 -0.1014471 1.000000 1.000000 1.000000
vn -0.9438103 0.1659869 -0.2857803
v -0.0321904 -0.0038050 -0.1037211 1.000000 1.000000 1.000000
vn -0.9314154 -0.2675272 -0.2467685
v -0.0314505 -0.0099975 -0.1047222 1.000000 1.000000 1.000000
vn -0.8932823 -0.3591862 0.2702444
v -0.0293771 -0.0113039 0.0248309 1.000000 1.000000 1.000000
vn -0.8869346 -0.3714938 0.2744801
v -0.0274893 -0.0108712 0.0315554 1.000000 1.000000 1.000000
vn -0.8991743 -0.4248187 0.1049512
v -0.0324445 -0.0140933 0.0062278 1.000000 1.000000 1.000000
vn -0.9064814 -0.4221693 0.0080429
v -0.0328659 -0.0143180 -0.0008244 1.000000 1.000000 1.000000
vn -0.9460832 0.3049826 -0.1091426
v -0.0322725 0.0139531 -0.0853001 1.000000 1.000000 1.000000
vn -0.8992851 0.4317528 0.0698271
v -0.0325838 0.0144259 0.0026927 1.000000 1.000000 1.000000
vn -0.9684474 0.0933439 -0.2310770
v -0.0322978 0.0120538 -0.0876007 1.000000 1.000000 1.000000
vn -0.9665875 0.1917951 -0.1700680
v -0.0316534 0.0141684 -0.0896671 1.000000 1.000000 1.000000
vn -0.8970778 0.4416659 -0.0135200
v -0.0326000 0.0148647 -0.0012257 1.000000 1.000000 1.000000
vn -0.8900849 0.4379034 0.1264500
v -0.0321827 0.0140764 0.0080363 1.000000 1.000000 1.000000
vn -0.8790843 0.4429451 0.1760982
v -0.0314874 0.0139277 0.0124597 1.000000 1.000000 1.000000
vn -0.8955177 -0.3296290 0.2989865
v -0.0201693 -0.0060839 0.0604577 1.000000 1.000000 1.000000
vn -0.8832710 -0.4389561 0.1647725
v -0.0317010 -0.0140260 0.0112761 1.000000 1.000000 1.000000
vn -0.8883568 0.3699190 0.2719966
v -0.0292697 0.0118792 0.0242659 1.000000 1.000000 1.000000
vn -0.8765526 0.4227498 0.2300829
v -0.0307102 0.0134011 0.0170037 1.000000 1.000000 1.000000
vn -0.9104555 0.3385310 -0.2376290
v -0.0333824 0.0004763 -0.0945879 1.000000 1.000000 1.000000
vn -0.9074587 -0.4092939 0.0948537
v -0.0143113 -0.0058644 0.0934203 1.000000 1.000000 1.000000
vn -0.9394437 -0.3164419 0.1315677
v -0.0320870 -0.0109229 -0.0726577 1.000000 1.000000 1.000000
vn -0.9098879 -0.4128546 0.0406842
v -0.0308449 -0.0140783 -0.0692428 1.000000 1.000000 1.000000
vn -0.8930419 -0.4461085 -0.0588513
v -0.0306808 -0.0149613 -0.0716034 1.000000 1.000000 1.000000
vn -0.9181076 -0.3940194 -0.0427459
v -0.0324798 -0.0141983 -0.0802032 1.000000 1.000000 1.000000
vn -0.9186771 -0.3883987 -0.0719643
v -0.0322207 -0.0138922 -0.0860223 1.000000 1.000000 1.000000
vn -0.8876344 -0.3710796 0.2727729
v -0.0257938 -0.0099720 0.0380454 1.000000 1.000000 1.000000
vn -0.9071062 -0.4208756 -0.0047089
v -0.0310302 -0.0139125 -0.0530405 1.000000 1.000000 1.000000
vn -0.9043134 -0.4268534 -0.0036832
v -0.0309874 -0.0141047 -0.0453134 1.000000 1.000000 1.000000
vn -0.9013292 -0.4331190 -0.0036930
v -0.0310309 -0.0140166 -0.0359312 1.000000 1.000000 1.000000
vn -0.9030371 -0.4295526 -0.0029305
v -0.0311336 -0.0139911 -0.0233783 1.000000 1.000000 1.000000
vn -0.9005280 -0.4344003 -0.0186000
v -0.0310174 -0.0142272 -0.0165357 1.000000 1.000000 1.000000
vn -0.9037148 -0.4279486 -0.0126366
v -0.0314766 -0.0137297 -0.0113748 1.000000 1.000000 1.000000
vn -0.8914812 -0.3964866 0.2192251
v -0.0322957 -0.0148162 -0.0761339 1.000000 1.000000 1.000000
vn -0.8827531 -0.3816898 0.2739705
v -0.0186866 -0.0069898 0.0636860 1.000000 1.000000 1.000000
vn -0.9074902 -0.4038939 -0.1154615
v -0.0310484 -0.0139254 -0.0980582 1.000000 1.000000 1.000000
vn -0.8454852 -0.4530045 0.2827397
v -0.0228059 -0.0106570 0.0464684 1.000000 1.000000 1.000000
vn -0.8573171 -0.4239921 0.2919556
v -0.0206249 -0.0094410 0.0547257 1.000000 1.000000 1.000000
vn -0.8698719 -0.4455375 0.2117057
v -0.0308354 -0.0138555 0.0155858 1.000000 1.000000 1.000000
vn -0.8870106 -0.4511123 0.0985398
v -0.0146320 -0.0069135 0.0846031 1.000000 1.000000 1.000000
vn -0.8843290 -0.4505362 0.1223905
v -0.0152070 -0.0066401 0.0790862 1.000000 1.000000 1.000000
vn -0.8829589 -0.4294224 0.1896836
v -0.0159771 -0.0066691 0.0747049 1.000000 1.000000 1.000000
vn -0.8635904 -0.4330969 0.2581450
v -0.0313500 -0.0138996 -0.0098546 1.000000 1.000000 1.000000
vn -0.9270544 -0.3737095 -0.0301885
v -0.0311037 -0.0137423 -0.0721441 1.000000 1.000000 1.000000
vn -0.8667841 -0.4070628 0.2880717
v -0.0309751 -0.0142915 -0.0732160 1.000000 1.000000 1.000000
vn -0.8827630 -0.4693601 0.0207554
v -0.0137582 -0.0069424 0.0919340 1.000000 1.000000 1.000000
vn -0.8626428 -0.4946820 0.1055334
v -0.0135085 -0.0079039 0.0884762 1.000000 1.000000 1.000000
vn -0.8595045 -0.4484866 0.2451774
v -0.0167462 -0.0086021 0.0676086 1.000000 1.000000 1.000000
vn -0.8818847 -0.4275382 -0.1987221
v -0.0302629 -0.0139415 -0.1030757 1.000000 1.000000 1.000000
vn -0.9377906 -0.0356420 -0.3453673
v -0.0313435 -0.0067510 -0.1068579 1.000000 1.000000 1.000000
vn -0.8596829 -0.5083694 0.0500609
v -0.0308222 -0.0178021 -0.0770102 1.000000 1.000000 1.000000
vn -0.8505163 -0.5183945 -0.0888217
v -0.0132075 -0.0079461 0.0938856 1.000000 1.000000 1.000000
vn -0.8243616 -0.4888276 0.2854393
v -0.0179554 -0.0106983 0.0604338 1.000000 1.000000 1.000000
vn -0.8647786 -0.4949335 -0.0848463
v -0.0302435 -0.0173117 -0.0898996 1.000000 1.000000 1.000000
vn -0.8648220 -0.4987977 -0.0573059
v -0.0306024 -0.0177169 -0.0826438 1.000000 1.000000 1.000000
vn -0.8456079 -0.5332459 0.0244151
v -0.0292208 -0.0171096 -0.0691075 1.000000 1.000000 1.000000
vn -0.8404667 -0.5418633 -0.0000438
v -0.0290803 -0.0175562 -0.0438434 1.000000 1.000000 1.000000
vn -0.8407018 -0.4803708 0.2499290
v -0.0286131 -0.0150260 0.0211421 1.000000 1.000000 1.000000
vn -0.8332814 -0.4774854 0.2786572
v -0.0257089 -0.0135609 0.0327132 1.000000 1.000000 1.000000
vn -0.8384325 -0.5307273 0.1239341
v -0.0297939 -0.0168059 -0.0107212 1.000000 1.000000 1.000000
vn -0.9341585 -0.1295003 -0.3325322
v -0.0316855 0.0115836 -0.0895850 1.000000 1.000000 1.000000
vn -0.9689126 0.0142357 -0.2469934
v -0.0309374 0.0144078 -0.0929609 1.000000 1.000000 1.000000
vn -0.9290944 0.3232191 -0.1797582
v -0.0293229 0.0172716 -0.0981290 1.000000 1.000000 1.000000
vn -0.9593744 -0.0873497 -0.2682738
v -0.0297904 0.0150288 -0.0974829 1.000000 1.000000 1.000000
vn -0.9363125 0.1752818 -0.3042947
v -0.0283422 0.0172103 -0.1025640 1.000000 1.000000 1.000000
vn -0.9109300 -0.2401975 -0.3354279
v -0.0303156 0.0119722 -0.0933921 1.000000 1.000000 1.000000
vn -0.9457595 -0.1138861 -0.3042513
v -0.0289664 0.0150317 -0.1001411 1.000000 1.000000 1.000000
vn -0.9101244 0.1587728 -0.3827073
v -0.0338598 0.0069258 -0.0839564 1.000000 1.000000 1.000000
vn -0.9062935 -0.0871612 -0.4135637
v -0.0321250 0.0095767 -0.0876082 1.000000 1.000000 1.000000
vn -0.8885124 -0.2516531 -0.3836880
v -0.0303451 -0.0100783 -0.1079732 1.000000 1.000000 1.000000
vn -0.8984007 -0.2014551 -0.3902461
v -0.0157757 -0.0033788 0.0959478 1.000000 1.000000 1.000000
vn -0.9156830 0.4015224 0.0174515
v -0.0326229 0.0144079 -0.0771870 1.000000 1.000000 1.000000
vn -0.8763150 0.3845782 0.2901235
v -0.0253759 0.0107645 0.0377681 1.000000 1.000000 1.000000
vn -0.9363918 0.3477269 -0.0475035
v -0.0317673 0.0117171 -0.0724987 1.000000 1.000000 1.000000
vn -0.8532563 0.4044687 0.3291790
v -0.0308518 0.0143434 -0.0730016 1.000000 1.000000 1.000000
vn -0.9045299 0.4255012 0.0278272
v -0.0306518 0.0143788 -0.0721250 1.000000 1.000000 1.000000
vn -0.8715774 0.3946531 0.2908641
v -0.0324287 0.0145246 -0.0759620 1.000000 1.000000 1.000000
vn -0.8930660 0.4485358 0.0353387
v -0.0304661 0.0146293 -0.0692733 1.000000 1.000000 1.000000
vn -0.8957887 0.4444680 -0.0033024
v -0.0305781 0.0147618 -0.0712314 1.000000 1.000000 1.000000
vn -0.9009085 0.4155751 -0.1251447
v -0.0299655 0.0173783 -0.0935650 1.000000 1.000000 1.000000
vn -0.8969839 0.4420215 -0.0060829
v -0.0306228 0.0146780 -0.0454642 1.000000 1.000000 1.000000
vn -0.8971011 0.4418109 -0.0035779
v -0.0307066 0.0145698 -0.0360943 1.000000 1.000000 1.000000
vn -0.8934973 0.4490598 -0.0027921
v -0.0307421 0.0146619 -0.0248505 1.000000 1.000000 1.000000
vn -0.8934712 0.4487841 -0.0173810
v -0.0306986 0.0146948 -0.0160888 1.000000 1.000000 1.000000
vn -0.8992862 0.4372959 -0.0075374
v -0.0306516 0.0144448 -0.0529479 1.000000 1.000000 1.000000
vn -0.8937883 0.4478747 0.0234661
v -0.0310877 0.0143852 -0.0106125 1.000000 1.000000 1.000000
vn -0.8744994 0.4037088 0.2688308
v -0.0312177 0.0139766 -0.0097923 1.000000 1.000000 1.000000
vn -0.8716716 0.4355912 -0.2246087
v -0.0322790 0.0149604 -0.0041316 1.000000 1.000000 1.000000
vn -0.9121168 0.4024169 -0.0781259
v -0.0315256 0.0156971 -0.0857959 1.000000 1.000000 1.000000
vn -0.9190027 -0.1183042 -0.3760827
v -0.0276086 0.0149154 -0.1037705 1.000000 1.000000 1.000000
vn -0.8995216 0.1679807 -0.4032908
v -0.0310225 -0.0036035 -0.1067411 1.000000 1.000000 1.000000
vn -0.9001762 0.1906391 -0.3915860
v -0.0331225 0.0070205 -0.0857013 1.000000 1.000000 1.000000
vn -0.8993835 0.3651497 -0.2403646
v -0.0336415 0.0039966 -0.0882634 1.000000 1.000000 1.000000
vn -0.9022998 0.3119266 -0.2975852
v -0.0316002 -0.0018067 -0.1034501 1.000000 1.000000 1.000000
vn -0.8768970 0.0229185 -0.4801317
v -0.0306518 -0.0066372 -0.1084997 1.000000 1.000000 1.000000
vn -0.8584877 0.5115159 0.0367474
v -0.0296597 0.0162239 -0.0725820 1.000000 1.000000 1.000000
vn -0.8933976 0.3567466 -0.2730801
v -0.0320270 -0.0000887 -0.1000324 1.000000 1.000000 1.000000
vn -0.8316330 0.5475665 0.0925065
v -0.0304410 0.0177092 0.0046562 1.000000 1.000000 1.000000
vn -0.8610945 -0.3562218 -0.3627980
v -0.0292067 0.0114183 -0.0953233 1.000000 1.000000 1.000000
vn -0.8081154 -0.4941983 0.3204958
v -0.0306119 -0.0177954 -0.0758678 1.000000 1.000000 1.000000
vn -0.8666360 -0.4987926 0.0121707
v -0.0300453 -0.0157686 -0.0725098 1.000000 1.000000 1.000000
vn -0.7825270 -0.5028618 0.3671262
v -0.0293768 -0.0172346 -0.0733194 1.000000 1.000000 1.000000
vn -0.8305643 -0.5402449 -0.1352716
v -0.0291520 -0.0175679 -0.0980031 1.000000 1.000000 1.000000
vn -0.8377863 -0.4086489 -0.3621052
v -0.0292962 -0.0130828 -0.1077005 1.000000 1.000000 1.000000
vn -0.8525944 -0.5139583 0.0944977
v -0.0311767 -0.0164680 0.0051774 1.000000 1.000000 1.000000
vn -0.8410876 -0.5408686 -0.0057314
v -0.0292947 -0.0172398 -0.0267326 1.000000 1.000000 1.000000
vn -0.8348883 -0.5504180 0.0012195
v -0.0288245 -0.0178849 -0.0372647 1.000000 1.000000 1.000000
vn -0.8374062 -0.5463583 -0.0156108
v -0.0291869 -0.0175410 -0.0158646 1.000000 1.000000 1.000000
vn -0.8527789 -0.3843793 -0.3535827
v -0.0145516 -0.0058330 0.0952540 1.000000 1.000000 1.000000
vn -0.8123955 -0.5525866 0.1861768
v -0.0146784 -0.0089179 0.0747955 1.000000 1.000000 1.000000
vn -0.7947956 -0.5496234 0.2573207
v -0.0160103 -0.0101215 0.0671028 1.000000 1.000000 1.000000
vn -0.8806344 -0.2195503 -0.4198581
v -0.0307900 0.0092144 -0.0899869 1.000000 1.000000 1.000000
vn -0.8117254 -0.5835656 0.0235203
v -0.0300318 -0.0190850 -0.0003389 1.000000 1.000000 1.000000
vn -0.8102269 -0.5797687 -0.0860264
v -0.0302560 -0.0186756 -0.0031809 1.000000 1.000000 1.000000
vn -0.7547166 -0.5438233 -0.3669592
v -0.0130266 -0.0089067 0.0957972 1.000000 1.000000 1.000000
vn -0.8784608 -0.1720767 -0.4457538
v -0.0263892 0.0147512 -0.1063007 1.000000 1.000000 1.000000
vn -0.8581032 -0.2072186 -0.4698080
v -0.0164726 -0.0038180 0.0974143 1.000000 1.000000 1.000000
vn -0.8056103 -0.5747140 0.1438607
v -0.0290413 -0.0189688 0.0091902 1.000000 1.000000 1.000000
vn -0.8285648 -0.5560954 0.0651034
v -0.0126422 -0.0102258 0.0844860 1.000000 1.000000 1.000000
vn -0.8296435 -0.5574417 0.0308312
v -0.0134078 -0.0091236 0.0818246 1.000000 1.000000 1.000000
vn -0.8313702 -0.5391575 0.1346585
v -0.0136151 -0.0093048 0.0787565 1.000000 1.000000 1.000000
vn -0.8812330 -0.4638632 0.0908809
v -0.0309236 -0.0139486 -0.0091830 1.000000 1.000000 1.000000
vn -0.8058598 -0.5425372 -0.2371571
v -0.0303936 -0.0181880 -0.0043197 1.000000 1.000000 1.000000
vn -0.8199373 -0.2204916 -0.5282862
v -0.0293677 -0.0100000 -0.1098893 1.000000 1.000000 1.000000
vn -0.8229859 -0.5308934 0.2021050
v -0.0275327 -0.0190573 0.0158166 1.000000 1.000000 1.000000
vn -0.7950351 -0.5555382 0.2435086
v -0.0265067 -0.0187246 0.0202859 1.000000 1.000000 1.000000
vn -0.8204493 0.4867723 -0.2998596
v -0.0328288 0.0028658 -0.0922235 1.000000 1.000000 1.000000
vn -0.8189669 -0.5661790 0.0934590
v -0.0291587 -0.0196313 0.0052104 1.000000 1.000000 1.000000
vn -0.7722957 -0.5761387 0.2676260
v -0.0251920 -0.0177307 0.0265627 1.000000 1.000000 1.000000
vn -0.7963036 -0.5354804 0.2813565
v -0.0236719 -0.0168677 0.0325935 1.000000 1.000000 1.000000
vn -0.7971367 -0.5342347 0.2813653
v -0.0210606 -0.0143198 0.0446421 1.000000 1.000000 1.000000
vn -0.8072919 -0.5184278 0.2819794
v -0.0226893 -0.0157257 0.0373887 1.000000 1.000000 1.000000
vn -0.7631450 -0.5836917 0.2773334
v -0.0183415 -0.0126339 0.0555793 1.000000 1.000000 1.000000
vn -0.8480651 0.0749493 -0.5245648
v -0.0317638 0.0074688 -0.0878898 1.000000 1.000000 1.000000
vn -0.7754321 -0.5923701 0.2186384
v -0.0289905 -0.0204031 -0.0762712 1.000000 1.000000 1.000000
vn -0.8324583 -0.5540050 0.0095698
v -0.0117879 -0.0099221 0.0920741 1.000000 1.000000 1.000000
vn -0.8206857 -0.5642753 0.0898245
v -0.0117266 -0.0101681 0.0934566 1.000000 1.000000 1.000000
vn -0.7975529 -0.5975351 -0.0828319
v -0.0271414 -0.0203475 -0.0714986 1.000000 1.000000 1.000000
vn -0.8187245 -0.5685594 0.0801900
v -0.0283741 -0.0184232 -0.0727003 1.000000 1.000000 1.000000
vn -0.7910253 -0.5643770 -0.2361306
v -0.0281341 -0.0171117 -0.1042022 1.000000 1.000000 1.000000
vn -0.8170541 -0.5747738 -0.0453632
v -0.0283897 -0.0210516 -0.0825005 1.000000 1.000000 1.000000
vn -0.8189194 -0.5672716 -0.0870293
v -0.0281653 -0.0204565 -0.0893350 1.000000 1.000000 1.000000
vn -0.8138341 -0.5809844 -0.0114514
v -0.0286080 -0.0177233 -0.0091315 1.000000 1.000000 1.000000
vn -0.8107433 -0.5748935 0.1104211
v -0.0277669 -0.0191993 -0.0691529 1.000000 1.000000 1.000000
vn -0.8054501 -0.5793762 0.1247933
v -0.0118558 -0.0103481 0.0877960 1.000000 1.000000 1.000000
vn -0.8039734 -0.5937887 0.0322784
v -0.0264318 -0.0208936 -0.0684149 1.000000 1.000000 1.000000
vn -0.8086092 -0.5883254 -0.0049409
v -0.0267771 -0.0206614 -0.0521420 1.000000 1.000000 1.000000
vn -0.7738056 -0.6098394 0.1712335
v -0.0279152 -0.0194814 -0.0106185 1.000000 1.000000 1.000000
vn -0.8455017 -0.1421570 -0.5147023
v -0.0248182 0.0154071 -0.1093205 1.000000 1.000000 1.000000
vn -0.7632189 -0.5722967 0.2999557
v -0.0265146 -0.0211356 -0.0731779 1.000000 1.000000 1.000000
vn -0.7988515 -0.6009389 0.0266189
v -0.0260024 -0.0215500 -0.0721138 1.000000 1.000000 1.000000
vn -0.7922712 -0.6099672 -0.0156919
v -0.0114740 -0.0102064 0.0942237 1.000000 1.000000 1.000000
vn -0.8042941 -0.5941920 -0.0068472
v -0.0267956 -0.0207258 -0.0205676 1.000000 1.000000 1.000000
vn -0.7834772 -0.6212227 -0.0156780
v -0.0264897 -0.0211506 -0.0132388 1.000000 1.000000 1.000000
vn -0.8008730 -0.5988328 0.0012768
v -0.0265342 -0.0209558 -0.0422271 1.000000 1.000000 1.000000
vn -0.8028336 -0.5961977 -0.0025394
v -0.0266265 -0.0208234 -0.0292098 1.000000 1.000000 1.000000
vn -0.7942775 -0.3797969 -0.4742127
v -0.0155277 -0.0065562 0.0974948 1.000000 1.000000 1.000000
vn -0.8135219 -0.4937272 -0.3072712
v -0.0299746 -0.0157879 -0.0086274 1.000000 1.000000 1.000000
vn -0.8154352 0.2060876 -0.5409191
v -0.0318153 0.0065598 -0.0881748 1.000000 1.000000 1.000000
vn -0.7569325 -0.6182396 0.2117382
v -0.0124643 -0.0121052 0.0732125 1.000000 1.000000 1.000000
vn -0.7701227 -0.6176510 0.1594312
v -0.0274203 -0.0205084 0.0110555 1.000000 1.000000 1.000000
vn -0.7317269 -0.4203815 -0.5365214
v -0.0277568 -0.0135904 -0.1100346 1.000000 1.000000 1.000000
vn -0.7407779 -0.6132779 0.2741140
v -0.0143436 -0.0139512 0.0630953 1.000000 1.000000 1.000000
vn -0.7664698 -0.5458336 -0.3385110
v -0.0269752 -0.0172639 -0.1069722 1.000000 1.000000 1.000000
vn -0.7795069 -0.6254272 -0.0347804
v -0.0115441 -0.0113789 0.0806099 1.000000 1.000000 1.000000
vn -0.7725553 -0.6176146 -0.1473453
v -0.0265804 -0.0209198 -0.0976929 1.000000 1.000000 1.000000
vn -0.7417805 -0.6353366 0.2147308
v -0.0258285 -0.0219328 -0.0106633 1.000000 1.000000 1.000000
vn -0.7549108 -0.6551558 -0.0296760
v -0.0273965 -0.0221830 -0.0008732 1.000000 1.000000 1.000000
vn -0.7437277 -0.6354235 0.2076203
v -0.0264570 -0.0233645 -0.0762591 1.000000 1.000000 1.000000
vn -0.7963089 0.0248472 -0.6043798
v -0.0291827 -0.0064842 -0.1106513 1.000000 1.000000 1.000000
vn -0.8228123 0.1978668 -0.5327558
v -0.0293056 -0.0037257 -0.1094975 1.000000 1.000000 1.000000
vn -0.7233430 -0.6329433 0.2759670
v -0.0163724 -0.0154540 0.0542725 1.000000 1.000000 1.000000
vn -0.7232869 -0.6405960 0.2578621
v -0.0232200 -0.0218360 0.0218957 1.000000 1.000000 1.000000
vn -0.7152991 -0.6447784 0.2694588
v -0.0224180 -0.0202047 0.0280067 1.000000 1.000000 1.000000
vn -0.7270751 -0.6419889 -0.2433355
v -0.0248758 -0.0246895 -0.0042196 1.000000 1.000000 1.000000
vn -0.7418535 -0.6095086 -0.2795581
v -0.0117929 -0.0102410 0.0954839 1.000000 1.000000 1.000000
vn -0.7372446 -0.6361414 -0.2275843
v -0.0274996 -0.0216468 -0.0043791 1.000000 1.000000 1.000000
vn -0.7407766 -0.6183508 0.2624737
v -0.0253199 -0.0219055 -0.0095917 1.000000 1.000000 1.000000
vn -0.7795995 -0.6196753 -0.0907032
v -0.0257913 -0.0212896 -0.0089770 1.000000 1.000000 1.000000
vn -0.7166082 -0.6206272 -0.3182684
v -0.0241449 -0.0238125 -0.0074585 1.000000 1.000000 1.000000
vn -0.6816752 -0.1852325 -0.7078191
v -0.0284250 -0.0100858 -0.1110773 1.000000 1.000000 1.000000
vn -0.6523170 -0.5414204 -0.5304210
v -0.0133079 -0.0100255 0.0972852 1.000000 1.000000 1.000000
vn -0.7805562 0.0912796 -0.6183851
v -0.0290593 0.0073138 -0.0916946 1.000000 1.000000 1.000000
vn -0.7849191 0.0849225 -0.6137509
v -0.0293149 0.0064190 -0.0914915 1.000000 1.000000 1.000000
vn -0.7250652 -0.6462662 -0.2379504
v -0.0261201 -0.0190181 -0.1051616 1.000000 1.000000 1.000000
vn -0.6512541 -0.6012759 -0.4629638
v -0.0105866 -0.0126583 0.0972372 1.000000 1.000000 1.000000
vn -0.7704526 0.0764440 -0.6328975
v -0.0268537 0.0067813 -0.0944439 1.000000 1.000000 1.000000
vn -0.6965567 -0.5219683 -0.4922986
v -0.0260813 -0.0160314 -0.1098172 1.000000 1.000000 1.000000
vn -0.6364140 -0.3790334 -0.6717967
v -0.0265688 -0.0136959 -0.1111979 1.000000 1.000000 1.000000
vn -0.5729557 -0.1249682 -0.8100030
v -0.0270870 -0.0093761 -0.1121332 1.000000 1.000000 1.000000
vn -0.5653162 -0.2508946 -0.7857923
v -0.0260296 -0.0119533 -0.1122043 1.000000 1.000000 1.000000
vn 0.1486290 0.8002768 -0.5809186
v 0.0208406 0.0082847 -0.0998999 1.000000 1.000000 1.000000
vn 0.0662489 0.8069752 -0.5868579
v 0.0175267 0.0063484 -0.1029409 1.000000 1.000000 1.000000
vn 0.3173145 0.5787526 -0.7512369
v 0.0177441 0.0077304 -0.1012049 1.000000 1.000000 1.000000
vn 0.4291541 0.5483415 -0.7177384
v 0.0204516 0.0094755 -0.0987260 1.000000 1.000000 1.000000
vn 0.2364693 0.6362343 -0.7343624
v 0.0154800 0.0072479 -0.1025984 1.000000 1.000000 1.000000
vn 0.2055191 0.6498728 -0.7317290
v 0.0137976 0.0057398 -0.1043347 1.000000 1.000000 1.000000
vn 0.2775144 0.7640424 -0.5824304
v 0.0224473 0.0088636 -0.0985104 1.000000 1.000000 1.000000
vn 0.1368564 0.8917624 -0.4313122
v 0.0257653 0.0085094 -0.0975834 1.000000 1.000000 1.000000
vn 0.5291293 0.5681423 -0.6302670
v 0.0234997 0.0104686 -0.0958171 1.000000 1.000000 1.000000
vn 0.3543238 0.7799887 -0.5158220
v 0.0260199 0.0104035 -0.0939215 1.000000 1.000000 1.000000
vn 0.1876405 0.8661348 -0.4632512
v 0.0276247 0.0104932 -0.0929491 1.000000 1.000000 1.000000
vn 0.3675053 0.7930118 -0.4858727
v 0.0273162 0.0115640 -0.0911507 1.000000 1.000000 1.000000
vn 0.2418396 0.8886302 -0.3896794
v 0.0301054 0.0101972 -0.0926817 1.000000 1.000000 1.000000
vn 0.3946759 0.8294317 -0.3953150
v 0.0297256 0.0124372 -0.0879355 1.000000 1.000000 1.000000
vn 0.5376210 0.7880655 -0.2998609
v 0.0315451 0.0097799 -0.0923501 1.000000 1.000000 1.000000
vn 0.3481239 0.8732168 -0.3410311
v 0.0310463 0.0082113 -0.0971548 1.000000 1.000000 1.000000
vn 0.5880162 0.7325459 -0.3429484
v 0.0310454 0.0122320 -0.0868781 1.000000 1.000000 1.000000
vn 0.5364867 0.6613681 -0.5241891
v 0.0280219 0.0132318 -0.0881558 1.000000 1.000000 1.000000
vn 0.6101595 0.6639144 -0.4323461
v 0.0300074 0.0149209 -0.0840244 1.000000 1.000000 1.000000
vn 0.5327629 0.6337712 -0.5608010
v 0.0248475 0.0118316 -0.0932576 1.000000 1.000000 1.000000
vn 0.6187737 0.7337733 -0.2805278
v 0.0326415 0.0061622 -0.0995646 1.000000 1.000000 1.000000
vn 0.3065296 0.5046371 -0.8070818
v 0.0125221 0.0061122 -0.1046091 1.000000 1.000000 1.000000
vn 0.1151081 0.6798166 -0.7242925
v 0.0108366 0.0041858 -0.1064054 1.000000 1.000000 1.000000
vn 0.2311482 0.5476149 -0.8041694
v 0.0097386 0.0050935 -0.1061029 1.000000 1.000000 1.000000
vn 0.6310195 0.5565383 -0.5404438
v 0.0271973 0.0138695 -0.0884619 1.000000 1.000000 1.000000
vn 0.5158773 0.8100759 -0.2786532
v 0.0315199 0.0073038 -0.0990212 1.000000 1.000000 1.000000
vn 0.5581436 0.7426587 -0.3700458
v 0.0315777 0.0048931 -0.1049062 1.000000 1.000000 1.000000
vn 0.7374567 0.6182972 -0.2717833
v 0.0318495 0.0122783 -0.0846058 1.000000 1.000000 1.000000
vn 0.6736971 0.6474600 -0.3562692
v 0.0326246 0.0036627 -0.1051626 1.000000 1.000000 1.000000
vn 0.5533466 0.6412804 -0.5315704
v 0.0312945 0.0031153 -0.1082303 1.000000 1.000000 1.000000
vn 0.7030942 0.6700135 -0.2382025
v 0.0326124 0.0089587 -0.0915097 1.000000 1.000000 1.000000
vn 0.5824217 0.3511890 -0.7331107
v 0.0218462 0.0107111 -0.0969237 1.000000 1.000000 1.000000
vn 0.6229799 0.3582748 -0.6953669
v 0.0224304 0.0119654 -0.0959621 1.000000 1.000000 1.000000
vn 0.5635728 0.3231767 -0.7602254
v 0.0196733 0.0104828 -0.0988612 1.000000 1.000000 1.000000
vn 0.5039464 0.3055426 -0.8078872
v 0.0175213 0.0091045 -0.1008242 1.000000 1.000000 1.000000
vn -0.0009371 0.8187640 -0.5741294
v 0.0151717 0.0047398 -0.1053311 1.000000 1.000000 1.000000
vn -0.0476960 0.7095399 -0.7030492
v 0.0117763 0.0029166 -0.1077478 1.000000 1.000000 1.000000
vn -0.0167742 0.4574495 -0.8890774
v 0.0074900 0.0032914 -0.1074742 1.000000 1.000000 1.000000
vn -0.0698577 0.9097106 -0.4093244
v 0.0205840 0.0060563 -0.1037897 1.000000 1.000000 1.000000
vn -0.1410020 0.8573936 -0.4949694
v 0.0167764 0.0037404 -0.1073177 1.000000 1.000000 1.000000
vn -0.1709536 0.7851967 -0.5951815
v 0.0158398 0.0025739 -0.1088136 1.000000 1.000000 1.000000
vn 0.0359414 0.9146562 -0.4026316
v 0.0226353 0.0065926 -0.1027024 1.000000 1.000000 1.000000
vn 0.0846379 0.9283749 -0.3618791
v 0.0246995 0.0067004 -0.1018773 1.000000 1.000000 1.000000
vn 0.0198016 0.9287981 -0.3700569
v 0.0267769 0.0070786 -0.1005572 1.000000 1.000000 1.000000
vn 0.0678499 0.9274655 -0.3677013
v 0.0290629 0.0078029 -0.0989137 1.000000 1.000000 1.000000
vn 0.0082715 0.9049628 -0.4254103
v 0.0253055 0.0043910 -0.1090365 1.000000 1.000000 1.000000
vn -0.1594414 0.8555800 -0.4925053
v 0.0218013 0.0036330 -0.1098040 1.000000 1.000000 1.000000
vn 0.1395219 0.9221867 -0.3607011
v 0.0289836 0.0051434 -0.1063169 1.000000 1.000000 1.000000
vn 0.0019861 0.8587152 -0.5124493
v 0.0249286 0.0032422 -0.1110578 1.000000 1.000000 1.000000
vn 0.1956127 0.8662825 -0.4596633
v 0.0285824 0.0042274 -0.1087394 1.000000 1.000000 1.000000
vn 0.3139740 0.8779702 -0.3613705
v 0.0308153 0.0055077 -0.1044347 1.000000 1.000000 1.000000
vn 0.2239105 0.7826776 -0.5807580
v 0.0276291 0.0028412 -0.1110613 1.000000 1.000000 1.000000
vn -0.1998197 0.7872024 -0.5834248
v 0.0214834 0.0025967 -0.1111417 1.000000 1.000000 1.000000
vn 0.3917507 0.7507608 -0.5318738
v 0.0297102 0.0037414 -0.1088865 1.000000 1.000000 1.000000
vn -0.2454654 0.7320169 -0.6355298
v 0.0173674 0.0013146 -0.1108541 1.000000 1.000000 1.000000
vn -0.1311935 0.6718869 -0.7289420
v 0.0122484 0.0017278 -0.1088620 1.000000 1.000000 1.000000
vn -0.0430977 0.4323415 -0.9006795
v 0.0072565 0.0020279 -0.1079582 1.000000 1.000000 1.000000
vn 0.4791648 0.6039600 -0.6368937
v 0.0298745 0.0015888 -0.1109091 1.000000 1.000000 1.000000
vn 0.6380637 0.4728383 -0.6076995
v 0.0320606 0.0017801 -0.1084648 1.000000 1.000000 1.000000
vn 0.3651443 -0.0169137 0.9307973
v 0.0168078 0.0032888 0.1005832 1.000000 1.000000 1.000000
vn 0.2674796 0.0080087 0.9635302
v 0.0160694 0.0027003 0.1007931 1.000000 1.000000 1.000000
vn 0.6934268 -0.1577894 0.7030376
v 0.0161347 -0.0051313 0.1009648 1.000000 1.000000 1.000000
vn 0.2988610 -0.0348786 0.9536591
v 0.0163034 0.0045298 0.1007867 1.000000 1.000000 1.000000
vn 0.6104828 -0.0277871 0.7915420
v 0.0167098 -0.0042208 0.1005942 1.000000 1.000000 1.000000
vn 0.7298462 -0.1942532 0.6554312
v 0.0157993 -0.0068361 0.1008330 1.000000 1.000000 1.000000
vn 0.9991323 -0.0129730 0.0395780
v 0.0167947 0.0000232 0.0998433 1.000000 1.000000 1.000000
vn 0.0125788 -0.4230139 0.9060359
v 0.0016349 -0.0175585 0.1012762 1.000000 1.000000 1.000000
vn -0.1361857 -0.3468818 0.9279690
v -0.0042126 -0.0181039 0.1008974 1.000000 1.000000 1.000000
vn 0.0868802 -0.2562500 0.9626982
v 0.0029490 -0.0181821 0.1009774 1.000000 1.000000 1.000000
vn -0.1506740 -0.4067112 0.9010457
v -0.0036829 -0.0172483 0.1013721 1.000000 1.000000 1.000000
vn 0.1754278 -0.4396358 0.8808777
v 0.0068984 -0.0168649 0.1008257 1.000000 1.000000 1.000000
vn -0.0115788 -0.0381839 0.9992037
v 0.0001655 -0.0185416 0.1009314 1.000000 1.000000 1.000000
vn 0.1407174 -0.4824616 0.8645400
v 0.0056235 -0.0165773 0.1011937 1.000000 1.000000 1.000000
vn 0.1984363 -0.4467436 0.8723779
v 0.0066328 -0.0159263 0.1013668 1.000000 1.000000 1.000000
vn 0.2340054 -0.4350127 0.8694857
v 0.0082731 -0.0150818 0.1013478 1.000000 1.000000 1.000000
vn -0.2225086 -0.3106908 0.9241002
v -0.0043011 -0.0169977 0.1012042 1.000000 1.000000 1.000000
vn -0.1202690 -0.4978913 0.8588595
v -0.0071305 -0.0170620 0.1007707 1.000000 1.000000 1.000000
vn -0.1099334 -0.5841204 0.8041878
v -0.0066133 -0.0164411 0.1012924 1.000000 1.000000 1.000000
vn 0.0407472 0.3269184 0.9441738
v 0.0006854 0.0183894 0.1005966 1.000000 1.000000 1.000000
vn 0.0591777 0.3134170 0.9477699
v 0.0015212 0.0172229 0.1009302 1.000000 1.000000 1.000000
vn 0.0224689 0.2286984 0.9732381
v 0.0047118 0.0166182 0.1008819 1.000000 1.000000 1.000000
vn -0.0373477 0.3893364 0.9203382
v -0.0026976 0.0172001 0.1010231 1.000000 1.000000 1.000000
vn -0.0716758 0.3953294 0.9157386
v -0.0035220 0.0178058 0.1007182 1.000000 1.000000 1.000000
vn -0.1781987 0.5245499 0.8325219
v -0.0067145 0.0164564 0.1009907 1.000000 1.000000 1.000000
vn 0.1416317 0.4740334 0.8690414
v 0.0023072 0.0181287 0.1004499 1.000000 1.000000 1.000000
vn 0.0426421 0.2385456 0.9701947
v 0.0051236 0.0172133 0.1007522 1.000000 1.000000 1.000000
vn 0.0757535 0.1651595 0.9833533
v 0.0068155 0.0154532 0.1009774 1.000000 1.000000 1.000000
vn 0.2849535 0.4358391 0.8537246
v 0.0077548 0.0156963 0.1008623 1.000000 1.000000 1.000000
vn 0.0573718 0.0602632 0.9965324
v 0.0087461 0.0142839 0.1008906 1.000000 1.000000 1.000000
vn 0.1874069 0.3916519 0.9008260
v 0.0101353 0.0134274 0.1008674 1.000000 1.000000 1.000000
vn 0.2947711 0.4094587 0.8633966
v 0.0102844 0.0141393 0.1004963 1.000000 1.000000 1.000000
vn 0.1076313 0.3974230 0.9113016
v 0.0111480 0.0130885 0.1008956 1.000000 1.000000 1.000000
vn 0.1033598 0.3851373 0.9170529
v 0.0113770 0.0119839 0.1013337 1.000000 1.000000 1.000000
vn -0.1642516 0.5391158 0.8260602
v -0.0060470 0.0174415 0.1004805 1.000000 1.000000 1.000000
vn -0.2011682 0.4831781 0.8520976
v -0.0086738 0.0164697 0.1005208 1.000000 1.000000 1.000000
vn -0.2031023 0.4715231 0.8581465
v -0.0099639 0.0150579 0.1009912 1.000000 1.000000 1.000000
vn -0.2031936 0.4715875 0.8580895
v -0.0110675 0.0150856 0.1007146 1.000000 1.000000 1.000000
vn 0.4436947 0.5785761 0.6843863
v 0.0088078 0.0153864 0.1004416 1.000000 1.000000 1.000000
vn 0.3682122 0.6727568 0.6417306
v 0.0069538 0.0164836 0.1004965 1.000000 1.000000 1.000000
vn -0.9572291 0.2729226 -0.0960502
v -0.0165610 -0.0105489 -0.1105322 1.000000 1.000000 1.000000
vn -0.8250535 0.5174110 -0.2270961
v -0.0165529 -0.0111918 -0.1120614 1.000000 1.000000 1.000000
vn -0.6886696 0.6822892 -0.2453890
v -0.0173803 -0.0117568 -0.1116321 1.000000 1.000000 1.000000
vn -0.6424016 0.6944013 -0.3242329
v -0.0177709 -0.0123417 -0.1121109 1.000000 1.000000 1.000000
vn -0.7771654 0.6225572 -0.0918508
v -0.0171982 -0.0114176 -0.1108739 1.000000 1.000000 1.000000
vn -0.7588655 0.6426862 -0.1052498
v -0.0180349 -0.0123539 -0.1105579 1.000000 1.000000 1.000000
vn -0.9996693 0.0213635 -0.0143178
v -0.0164888 -0.0076043 -0.1111829 1.000000 1.000000 1.000000
vn -0.1779204 0.9751142 0.1322746
v -0.0197540 -0.0126653 -0.1107903 1.000000 1.000000 1.000000
vn -0.0202977 0.9964607 -0.0815724
v -0.0206272 -0.0127307 -0.1120175 1.000000 1.000000 1.000000
vn 0.1790611 0.9832589 -0.0337502
v -0.0221826 -0.0125335 -0.1116562 1.000000 1.000000 1.000000
vn 0.2106399 0.8560243 -0.4720734
v -0.0240124 -0.0123109 -0.1120690 1.000000 1.000000 1.000000
vn 0.2342221 0.9688275 0.0807043
v -0.0222965 -0.0125972 -0.1105609 1.000000 1.000000 1.000000
vn 0.3086411 0.8780697 -0.3656971
v -0.0236402 -0.0118428 -0.1112279 1.000000 1.000000 1.000000
vn -0.2266064 0.9585298 -0.1728301
v -0.0173803 -0.0117568 -0.1116321 1.000000 1.000000 1.000000
vn -0.2138986 0.9033524 0.3717553
v -0.0180349 -0.0123539 -0.1105579 1.000000 1.000000 1.000000
vn -0.1156799 0.6742946 -0.7293456
v -0.0177709 -0.0123417 -0.1121109 1.000000 1.000000 1.000000
vn 0.4507757 0.2972420 0.8416938
v 0.0145316 0.0091713 0.1008601 1.000000 1.000000 1.000000
vn 0.4716528 0.2114818 0.8560486
v 0.0146247 0.0073698 0.1013325 1.000000 1.000000 1.000000
vn 0.4389819 0.1211770 0.8902870
v 0.0157285 0.0068783 0.1008552 1.000000 1.000000 1.000000
vn 0.4872673 0.4981889 0.7172019
v 0.0135087 0.0096378 0.1012310 1.000000 1.000000 1.000000
vn 0.6713847 0.1112365 0.7327135
v 0.0163034 0.0045298 0.1007867 1.000000 1.000000 1.000000
vn 0.6078230 0.2222619 0.7623326
v 0.0152952 0.0052962 0.1013671 1.000000 1.000000 1.000000
vn 0.7234942 0.0795449 0.6857322
v 0.0157969 0.0041670 0.1013631 1.000000 1.000000 1.000000
vn 0.4968221 0.5669429 0.6570719
v 0.0125352 0.0108635 0.1009096 1.000000 1.000000 1.000000
vn 0.7772164 -0.0972032 0.6216801
v 0.0160694 0.0027003 0.1007931 1.000000 1.000000 1.000000
vn 0.2181239 0.2086632 0.9533528
v 0.0136057 0.0107169 0.1007359 1.000000 1.000000 1.000000
vn 0.6373151 0.6122417 0.4679632
v 0.0111480 0.0130885 0.1008956 1.000000 1.000000 1.000000
vn 0.2309372 0.1624592 0.9593097
v 0.0125352 0.0108635 0.1009096 1.000000 1.000000 1.000000
vn 0.1821780 0.1867364 0.9653708
v 0.0145316 0.0091713 0.1008601 1.000000 1.000000 1.000000
vn 0.6282159 0.3958729 0.6697980
v 0.0113770 0.0119839 0.1013337 1.000000 1.000000 1.000000
vn 0.6535629 0.6555271 0.3783383
v 0.0119257 0.0126186 0.1003665 1.000000 1.000000 1.000000
vn 0.6494315 0.6702285 0.3592110
v 0.0102844 0.0141393 0.1004963 1.000000 1.000000 1.000000
vn 0.0668886 0.0321641 -0.9972419
v 0.0093264 0.0317800 -0.0726377 1.000000 1.000000 1.000000
vn 0.0668886 0.0321641 -0.9972419
v 0.0126352 0.0307383 -0.0724494 1.000000 1.000000 1.000000
vn 0.0668886 0.0321641 -0.9972419
v 0.0071822 0.0322476 -0.0727665 1.000000 1.000000 1.000000
vn 0.3695591 -0.3770661 0.8492628
v 0.0108773 -0.0130227 0.1014229 1.000000 1.000000 1.000000
vn 0.2612043 -0.4424339 0.8579187
v 0.0082731 -0.0150818 0.1013478 1.000000 1.000000 1.000000
vn 0.2160662 -0.3257332 0.9204419
v 0.0096118 -0.0142836 0.1013519 1.000000 1.000000 1.000000
vn 0.3530407 -0.4090879 0.8414329
v 0.0109135 -0.0141532 0.1008983 1.000000 1.000000 1.000000
vn 0.3017137 -0.4845285 0.8210974
v 0.0068984 -0.0168649 0.1008257 1.000000 1.000000 1.000000
vn 0.4461530 -0.3833008 0.8087200
v 0.0126564 -0.0123240 0.1009019 1.000000 1.000000 1.000000
vn 0.5088556 -0.3710940 0.7767595
v 0.0124466 -0.0113868 0.1014706 1.000000 1.000000 1.000000
vn 0.5872492 -0.2934069 0.7543546
v 0.0147203 -0.0089631 0.1009121 1.000000 1.000000 1.000000
vn 0.6285123 -0.4171253 0.6564897
v 0.0136649 -0.0096689 0.1014687 1.000000 1.000000 1.000000
vn 0.5863305 -0.2016366 0.7845758
v 0.0157993 -0.0068361 0.1008330 1.000000 1.000000 1.000000
vn 0.6235781 -0.2877113 0.7268924
v 0.0146986 -0.0076277 0.1014570 1.000000 1.000000 1.000000
vn 0.6175756 -0.1917654 0.7627754
v 0.0161347 -0.0051313 0.1009648 1.000000 1.000000 1.000000
vn 0.6363207 -0.2164449 0.7404374
v 0.0153132 -0.0059293 0.1014375 1.000000 1.000000 1.000000
vn 0.6215296 -0.1895635 0.7601096
v 0.0159555 -0.0037621 0.1014528 1.000000 1.000000 1.000000
vn 0.7118403 -0.5662870 -0.4154546
v 0.0126564 -0.0123240 0.1009019 1.000000 1.000000 1.000000
vn 0.6740199 -0.5968147 -0.4353268
v 0.0111814 -0.0124922 0.0987742 1.000000 1.000000 1.000000
vn 0.7396518 -0.5207499 -0.4263037
v 0.0134972 -0.0092922 0.0986573 1.000000 1.000000 1.000000
vn 0.8363992 -0.4754108 -0.2728019
v 0.0147773 -0.0084405 0.0999103 1.000000 1.000000 1.000000
vn 0.6294599 -0.6712861 -0.3913507
v 0.0109135 -0.0141532 0.1008983 1.000000 1.000000 1.000000
vn 0.5586132 -0.8170855 -0.1425574
v 0.0090449 -0.0154399 0.1002346 1.000000 1.000000 1.000000
vn 0.8471487 -0.4893478 -0.2070699
v 0.0147203 -0.0089631 0.1009121 1.000000 1.000000 1.000000
vn 0.8688173 -0.3549469 -0.3452091
v 0.0157993 -0.0068361 0.1008330 1.000000 1.000000 1.000000
vn 0.8644263 -0.3351687 -0.3747388
v 0.0167098 -0.0042208 0.1005942 1.000000 1.000000 1.000000
vn 0.3987978 -0.8283782 -0.3933827
v 0.0068984 -0.0168649 0.1008257 1.000000 1.000000 1.000000
vn 0.3651993 -0.8195386 -0.4415722
v 0.0051146 -0.0164584 0.0985960 1.000000 1.000000 1.000000
vn 0.2665310 -0.9497274 -0.1642535
v 0.0035844 -0.0179861 0.1003004 1.000000 1.000000 1.000000
vn 0.1765648 -0.9772767 -0.1172827
v 0.0029490 -0.0181821 0.1009774 1.000000 1.000000 1.000000
vn 0.0339077 -0.9343168 -0.3548274
v 0.0001655 -0.0185416 0.1009314 1.000000 1.000000 1.000000
vn 0.0267004 -0.9293307 -0.3682818
v 0.0001165 -0.0175560 0.0984407 1.000000 1.000000 1.000000
vn -0.0290456 -0.9296452 -0.3673096
v -0.0032955 -0.0181986 0.1003370 1.000000 1.000000 1.000000
vn 0.0247331 0.0772881 -0.9967020
v -0.0240124 -0.0123109 -0.1120690 1.000000 1.000000 1.000000
vn 0.0247331 0.0772881 -0.9967020
v -0.0206272 -0.0127307 -0.1120175 1.000000 1.000000 1.000000
vn 0.0247331 0.0772881 -0.9967020
v -0.0241547 -0.0141221 -0.1122129 1.000000 1.000000 1.000000
vn -0.0273676 0.1784083 -0.9835759
v -0.0206272 -0.0127307 -0.1120175 1.000000 1.000000 1.000000
vn -0.0769649 0.1385473 -0.9873607
v -0.0177709 -0.0123417 -0.1121109 1.000000 1.000000 1.000000
vn 0.0659730 -0.1383071 -0.9881896
v -0.0179231 -0.0142137 -0.1123617 1.000000 1.000000 1.000000
vn 0.1080208 -0.4007860 -0.9097813
v -0.0226561 -0.0050600 -0.1120282 1.000000 1.000000 1.000000
vn 0.3532465 -0.5434726 -0.7614817
v -0.0243058 -0.0061638 -0.1116336 1.000000 1.000000 1.000000
vn 0.3338556 -0.2219745 -0.9161156
v -0.0253440 -0.0065787 -0.1121015 1.000000 1.000000 1.000000
vn 0.0559810 -0.4380502 -0.8972058
v -0.0217713 -0.0056100 -0.1112505 1.000000 1.000000 1.000000
vn 0.5029336 -0.1237458 -0.8554208
v -0.0250807 -0.0071914 -0.1115348 1.000000 1.000000 1.000000
vn -0.0290562 -0.5413581 -0.8402900
v -0.0183446 -0.0053136 -0.1116247 1.000000 1.000000 1.000000
vn 0.1416776 -0.0008135 -0.9899125
v -0.0234974 -0.0082147 -0.1113377 1.000000 1.000000 1.000000
vn 0.0705443 -0.0201339 -0.9973055
v -0.0219674 -0.0073923 -0.1112696 1.000000 1.000000 1.000000
vn 0.0115199 -0.0110797 -0.9998723
v -0.0242645 -0.0041361 -0.1121813 1.000000 1.000000 1.000000
vn 0.0681096 -0.0016015 -0.9976766
v -0.0266543 -0.0065535 -0.1122873 1.000000 1.000000 1.000000
vn 0.3244727 0.0310816 -0.9453843
v -0.0254770 -0.0087288 -0.1119277 1.000000 1.000000 1.000000
vn 0.0124403 0.0024847 -0.9999196
v -0.0180844 -0.0032503 -0.1122264 1.000000 1.000000 1.000000
vn -0.1384409 -0.3028370 -0.9429337
v -0.0174613 -0.0049696 -0.1120612 1.000000 1.000000 1.000000
vn 0.1189362 -0.0309603 -0.9924191
v -0.0225903 -0.0094700 -0.1112620 1.000000 1.000000 1.000000
vn 0.0264153 -0.0708003 -0.9971407
v -0.0206334 -0.0083524 -0.1112204 1.000000 1.000000 1.000000
vn 0.0731485 -0.1387779 -0.9876183
v -0.0188506 -0.0082302 -0.1111306 1.000000 1.000000 1.000000
vn 0.0886002 -0.0813245 -0.9927418
v -0.0188966 -0.0099987 -0.1109810 1.000000 1.000000 1.000000
vn 0.0692858 -0.1328508 -0.9887114
v -0.0212285 -0.0105923 -0.1110737 1.000000 1.000000 1.000000
vn 0.0801756 -0.1006633 -0.9916849
v -0.0194120 -0.0115818 -0.1107727 1.000000 1.000000 1.000000
vn 0.4001376 0.0171556 -0.9162945
v -0.0236402 -0.0118428 -0.1112279 1.000000 1.000000 1.000000
vn 0.1030656 -0.0057302 -0.9946581
v -0.0171982 -0.0114176 -0.1108739 1.000000 1.000000 1.000000
vn -0.1956216 -0.3235353 -0.9257738
v -0.0170218 -0.0063397 -0.1111904 1.000000 1.000000 1.000000
vn 0.1582766 0.0056705 -0.9873785
v -0.0165610 -0.0105489 -0.1105322 1.000000 1.000000 1.000000
vn -0.3395160 -0.0641620 -0.9384093
v -0.0164888 -0.0076043 -0.1111829 1.000000 1.000000 1.000000
vn 0.0680529 -0.0842044 -0.9941220
v -0.0197540 -0.0126653 -0.1107903 1.000000 1.000000 1.000000
vn 0.0241475 -0.2277135 -0.9734287
v -0.0180349 -0.0123539 -0.1105579 1.000000 1.000000 1.000000
vn 0.1013000 -0.2968253 -0.9495437
v -0.0222965 -0.0125972 -0.1105609 1.000000 1.000000 1.000000
vn -0.1514409 -0.1387992 -0.9786728
v -0.0157975 -0.0057593 -0.1121510 1.000000 1.000000 1.000000
vn 0.1259656 0.2032222 -0.9709961
v -0.0122305 -0.0042207 -0.1118056 1.000000 1.000000 1.000000
vn 0.2974903 0.0770905 -0.9516073
v -0.0250130 -0.0106980 -0.1118209 1.000000 1.000000 1.000000
vn 0.1093697 -0.0029966 -0.9939966
v -0.0127800 -0.0078948 -0.1121991 1.000000 1.000000 1.000000
vn -0.3236550 -0.0384970 -0.9453917
v -0.0154322 -0.0074047 -0.1119885 1.000000 1.000000 1.000000
vn 0.1144472 -0.0742436 -0.9906512
v -0.0145991 -0.0114636 -0.1122702 1.000000 1.000000 1.000000
vn 0.2363954 -0.0954209 -0.9669603
v -0.0119571 -0.0094589 -0.1118693 1.000000 1.000000 1.000000
vn -0.1395190 0.1127936 -0.9837744
v -0.0165529 -0.0111918 -0.1120614 1.000000 1.000000 1.000000
vn 0.2025265 0.0738774 -0.9764861
v -0.0106284 -0.0061564 -0.1117562 1.000000 1.000000 1.000000
vn 0.2035219 -0.2103275 -0.9562119
v -0.0150755 -0.0133974 -0.1119912 1.000000 1.000000 1.000000
vn 0.2669735 0.1689856 -0.9487724
v -0.0101130 -0.0040706 -0.1113819 1.000000 1.000000 1.000000
vn -0.0411192 0.2374609 -0.9705265
v -0.0208624 -0.0028485 -0.1120104 1.000000 1.000000 1.000000
vn -0.1671893 0.2075478 -0.9638317
v -0.0266282 -0.0046259 -0.1118768 1.000000 1.000000 1.000000
vn 0.1404846 0.1025830 -0.9847542
v -0.0260296 -0.0119533 -0.1122043 1.000000 1.000000 1.000000
vn -0.1441745 -0.0318869 -0.9890384
v -0.0270870 -0.0093761 -0.1121332 1.000000 1.000000 1.000000
vn 0.3011272 0.2661852 -0.9156789
v -0.0240124 -0.0123109 -0.1120690 1.000000 1.000000 1.000000
vn 0.0213667 0.0055625 -0.9997563
v -0.0241547 -0.0141221 -0.1122129 1.000000 1.000000 1.000000
vn 0.3278815 0.2566698 -0.9091834
v -0.0080794 -0.0038241 -0.1105790 1.000000 1.000000 1.000000
vn 0.0844507 -0.3367145 -0.9378121
v -0.0182695 -0.0156494 -0.1118774 1.000000 1.000000 1.000000
vn -0.0187291 -0.2145354 -0.9765366
v -0.0219504 -0.0157443 -0.1119482 1.000000 1.000000 1.000000
vn 0.1406565 0.3249627 -0.9352086
v -0.0111086 -0.0025066 -0.1110413 1.000000 1.000000 1.000000
vn 0.1228936 0.3359030 -0.9338449
v -0.0123687 -0.0017374 -0.1109305 1.000000 1.000000 1.000000
vn 0.3188681 0.2990772 -0.8993754
v -0.0062919 -0.0012989 -0.1091055 1.000000 1.000000 1.000000
vn -0.3654832 -0.8383677 0.4044276
v -0.0071305 -0.0170620 0.1007707 1.000000 1.000000 1.000000
vn -0.3284382 -0.9443892 0.0160476
v -0.0061910 -0.0174389 0.0999452 1.000000 1.000000 1.000000
vn -0.2167186 -0.9667680 -0.1356204
v -0.0042126 -0.0181039 0.1008974 1.000000 1.000000 1.000000
vn -0.4196116 -0.8960302 0.1451073
v -0.0094655 -0.0162021 0.1005385 1.000000 1.000000 1.000000
vn -0.3186319 -0.6779757 0.6624369
v -0.0095944 -0.0160780 0.1008992 1.000000 1.000000 1.000000
vn -0.5376303 -0.8324708 0.1339633
v -0.0123284 -0.0143764 0.1005010 1.000000 1.000000 1.000000
vn -0.3291879 -0.4399785 0.8354965
v -0.0128759 -0.0139437 0.1009850 1.000000 1.000000 1.000000
vn -0.1275440 -0.9909810 -0.0411003
v -0.0032955 -0.0181986 0.1003370 1.000000 1.000000 1.000000
vn -0.0995376 -0.9950191 0.0054099
v 0.0001655 -0.0185416 0.1009314 1.000000 1.000000 1.000000
vn -0.1305497 -0.2881248 0.9486521
v -0.0102163 -0.0146948 0.1012118 1.000000 1.000000 1.000000
vn -0.0650822 -0.2182494 0.9737204
v -0.0082466 -0.0156887 0.1009789 1.000000 1.000000 1.000000
vn -0.2366716 -0.3788174 0.8946977
v -0.0120770 -0.0135301 0.1013715 1.000000 1.000000 1.000000
vn -0.3143345 -0.2839882 0.9058392
v -0.0132110 -0.0124495 0.1013366 1.000000 1.000000 1.000000
vn -0.3388832 -0.2508314 0.9067755
v -0.0157975 -0.0108783 0.1009193 1.000000 1.000000 1.000000
vn -0.3373452 -0.2574596 0.9054904
v -0.0149716 -0.0104478 0.1013494 1.000000 1.000000 1.000000
vn -0.3638714 -0.2073882 0.9080682
v -0.0161147 -0.0085592 0.1013611 1.000000 1.000000 1.000000
vn -0.3508605 -0.1692978 0.9209968
v -0.0171672 -0.0086023 0.1009523 1.000000 1.000000 1.000000
vn -0.4584914 -0.1751011 0.8712780
v -0.0182731 -0.0064436 0.1008567 1.000000 1.000000 1.000000
vn -0.3515017 -0.4130946 0.8401188
v -0.0066133 -0.0164411 0.1012924 1.000000 1.000000 1.000000
vn -0.4679900 -0.2237876 0.8549296
v -0.0171520 -0.0064988 0.1014559 1.000000 1.000000 1.000000
vn -0.4761914 -0.1024774 0.8733500
v -0.0182458 -0.0036120 0.1013301 1.000000 1.000000 1.000000
vn -0.4510579 -0.0516656 0.8909981
v -0.0191195 -0.0031585 0.1009141 1.000000 1.000000 1.000000
vn -0.5549897 0.0080258 0.8318186
v -0.0193141 0.0007528 0.1008733 1.000000 1.000000 1.000000
vn -0.5631631 -0.0000380 0.8263458
v -0.0185448 0.0006449 0.1013994 1.000000 1.000000 1.000000
vn -0.5610230 0.0905674 0.8228309
v -0.0190538 0.0033822 0.1008692 1.000000 1.000000 1.000000
vn -0.5711933 0.1439268 0.8080986
v -0.0179876 0.0040757 0.1015171 1.000000 1.000000 1.000000
vn -0.5011515 0.2324631 0.8335515
v -0.0178414 0.0070471 0.1009652 1.000000 1.000000 1.000000
vn -0.4824917 0.2376030 0.8430579
v -0.0170488 0.0069002 0.1014602 1.000000 1.000000 1.000000
vn -0.5019693 0.3279194 0.8003097
v -0.0162531 0.0087300 0.1012846 1.000000 1.000000 1.000000
vn -0.4889131 0.3363236 0.8048916
v -0.0161362 0.0102370 0.1007259 1.000000 1.000000 1.000000
vn -0.4833339 0.3370285 0.8079605
v -0.0145542 0.0113495 0.1012083 1.000000 1.000000 1.000000
# 3452 vertices, 0 vertices normals


usemtl material_0
vt 0.1662930 0.7528235
vt 0.1680325 0.7489142
vt 0.1723754 0.7576799
f 3390/1/3390 3396/2/3396 3389/3/3389
vt 0.1690094 0.7660411
vt 0.1732850 0.7705431
vt 0.1715929 0.7771453
f 3386/4/3386 3379/5/3379 3375/6/3375
vt 0.1618585 0.7490724
f 3397/7/3397 3396/2/3396 3390/1/3390
vt 0.1636594 0.7586465
vt 0.1625647 0.7654349
f 3388/8/3388 3386/4/3386 3387/9/3387
vt 0.1551186 0.7714416
vt 0.1539663 0.7665207
f 3393/10/3393 3395/11/3395 3387/9/3387
vt 0.1767201 0.7629023
f 3386/4/3386 3385/12/3385 3379/5/3379
vt 0.1590819 0.7765517
f 3386/4/3386 3375/6/3375 3377/13/3377
vt 0.1792281 0.7683950
vt 0.1808395 0.7767801
f 3379/5/3379 3378/14/3378 3373/15/3373
vt 0.1555982 0.7552161
f 3387/9/3387 3394/16/3394 3388/8/3388
vt 0.1817437 0.7542712
f 3389/3/3389 3391/17/3391 3385/12/3385
f 3375/6/3375 3379/5/3379 3373/15/3373
vt 0.1771026 0.7501697
f 3389/3/3389 3396/2/3396 3398/18/3398
vt 0.1584440 0.7522869
f 3392/19/3392 3397/7/3397 3390/1/3390
f 3389/3/3389 3385/12/3385 3386/4/3386
f 3386/4/3386 3388/8/3388 3389/3/3389
vt 0.1870829 0.7679439
vt 0.1866414 0.7596638
f 3382/20/3382 3378/14/3378 3401/21/3401
f 3388/8/3388 3390/1/3390 3389/3/3389
f 3392/19/3392 3388/8/3388 3394/16/3394
f 3385/12/3385 3391/17/3391 3401/21/3401
f 3401/21/3401 3378/14/3378 3385/12/3385
f 3385/12/3385 3378/14/3378 3379/5/3379
f 3386/4/3386 3377/13/3377 3387/9/3387
f 3387/9/3387 3377/13/3377 3393/10/3393
f 3388/8/3388 3392/19/3392 3390/1/3390
f 3389/3/3389 3398/18/3398 3391/17/3391
vt 0.1840842 0.7734628
f 3376/22/3376 3378/14/3378 3382/20/3382
f 3394/16/3394 3387/9/3387 3395/11/3395
f 3373/15/3373 3378/14/3378 3376/22/3376
vt 0.1256029 0.3560119
vt 0.1018750 0.3544101
vt 0.1255324 0.3439829
f 757/23/757 767/24/767 777/25/777
vt 0.1737385 0.3457983
vt 0.1729784 0.3591245
vt 0.1598033 0.3439865
f 754/26/754 755/27/755 756/28/756
f 756/28/756 755/27/755 757/23/757
f 756/28/756 757/23/757 777/25/777
vt 0.0827068 0.3637298
vt 0.0847621 0.3534111
f 767/24/767 770/29/770 774/30/774
vt 0.1713604 0.3708962
f 758/31/758 757/23/757 755/27/755
vt 0.1331774 0.3686568
f 758/31/758 759/32/759 757/23/757
vt 0.1094396 0.3651470
f 757/23/757 759/32/759 763/33/763
f 757/23/757 763/33/763 767/24/767
f 767/24/767 763/33/763 770/29/770
vt 0.1619621 0.3844380
f 758/31/758 760/34/760 759/32/759
vt 0.0964544 0.3776758
f 763/33/763 765/35/765 770/29/770
vt 0.1716298 0.3868459
f 761/36/761 760/34/760 758/31/758
vt 0.1197058 0.3812248
f 759/32/759 762/37/762 763/33/763
f 763/33/763 762/37/762 765/35/765
f 760/34/760 762/37/762 759/32/759
vt 0.1750931 0.3291628
vt 0.1842686 0.3436420
f 753/38/753 752/39/752 754/26/754
vt 0.1868853 0.3299063
f 753/38/753 751/40/751 752/39/752
vt 0.1488967 0.3287079
f 753/38/753 756/28/756 788/41/788
f 754/26/754 756/28/756 753/38/753
f 756/28/756 777/25/777 788/41/788
vt 0.1123040 0.3386296
vt 0.0889566 0.3414375
vt 0.1033199 0.3329522
f 784/42/784 789/43/789 828/44/828
vt 0.1849476 0.3603624
f 752/39/752 771/45/771 755/27/755
f 752/39/752 755/27/755 754/26/754
f 777/25/777 767/24/767 784/42/784
f 784/42/784 767/24/767 789/43/789
f 767/24/767 774/30/774 789/43/789
vt 0.0700796 0.3528039
f 774/30/774 770/29/770 783/46/783
vt 0.0668781 0.3648649
f 770/29/770 780/47/780 783/46/783
vt 0.1828278 0.3741430
f 764/48/764 758/31/758 755/27/755
f 771/45/771 764/48/764 755/27/755
f 764/48/764 761/36/761 758/31/758
vt 0.0788090 0.3773996
f 770/29/770 773/49/773 780/47/780
f 770/29/770 765/35/765 773/49/773
vt 0.1834011 0.3892931
f 764/48/764 768/50/768 761/36/761
vt 0.1235292 0.3942397
f 760/34/760 769/51/769 762/37/762
f 762/37/762 769/51/769 765/35/765
vt 0.1686318 0.3998166
f 761/36/761 766/52/766 760/34/760
f 760/34/760 766/52/766 769/51/769
vt 0.1861122 0.3141733
f 753/38/753 795/53/795 751/40/751
vt 0.1758388 0.3165401
f 796/54/796 753/38/753 788/41/788
vt 0.1319565 0.3229053
f 788/41/788 784/42/784 821/55/821
vt 0.1031584 0.3268243
f 821/55/821 828/44/828 883/56/883
f 821/55/821 784/42/784 828/44/828
vt 0.0847831 0.3336000
f 883/56/883 828/44/828 877/57/877
vt 0.1904983 0.3429848
f 717/58/717 752/39/752 751/40/751
f 828/44/828 789/43/789 877/57/877
vt 0.0695953 0.3420288
f 877/57/877 789/43/789 830/59/830
f 717/58/717 771/45/771 752/39/752
vt 0.4833768 0.3845963
vt 0.4602070 0.3822598
vt 0.4666974 0.3655627
f 621/60/621 625/61/625 640/62/640
vt 0.4482992 0.3635761
f 640/62/640 625/61/625 646/63/646
vt 0.4466677 0.3806319
f 646/63/646 625/61/625 626/64/626
vt 0.1899571 0.3608807
f 717/58/717 697/65/697 771/45/771
f 789/43/789 783/46/783 830/59/830
vt 0.2035996 0.3593556
vt 0.1922158 0.3469211
f 696/66/696 697/65/697 704/67/704
vt 0.0568935 0.3526525
f 783/46/783 817/68/817 830/59/830
vt 0.1889539 0.3733604
f 696/66/696 691/69/691 697/65/697
f 697/65/697 764/48/764 771/45/771
f 783/46/783 780/47/780 817/68/817
vt 0.4637336 0.3983381
f 621/60/621 609/70/609 625/61/625
f 625/61/625 609/70/609 626/64/626
vt 0.4453343 0.3962768
f 626/64/626 609/70/609 620/71/620
vt 0.2078783 0.3763970
f 696/66/696 692/72/692 691/69/691
f 697/65/697 691/69/691 764/48/764
vt 0.0549064 0.3635176
f 817/68/817 780/47/780 813/73/813
vt 0.0626416 0.3758435
f 780/47/780 782/74/782 813/73/813
vt 0.4445609 0.4077648
f 609/70/609 604/75/604 620/71/620
f 773/49/773 782/74/782 780/47/780
f 691/69/691 768/50/768 764/48/764
vt 0.1878220 0.3906938
f 691/69/691 690/76/690 768/50/768
vt 0.0699458 0.3873453
f 773/49/773 787/77/787 782/74/782
vt 0.0908806 0.3918080
f 765/35/765 779/78/779 773/49/773
vt 0.1822833 0.4023768
f 768/50/768 772/79/772 761/36/761
f 769/51/769 779/78/779 765/35/765
f 773/49/773 779/78/779 787/77/787
f 772/79/772 766/52/766 761/36/761
vt 0.1349896 0.4103391
vt 0.1141809 0.4002695
f 778/80/778 781/81/781 769/51/769
f 769/51/769 781/81/781 779/78/779
f 766/52/766 778/80/778 769/51/769
vt 0.1682745 0.4150110
f 766/52/766 776/82/776 778/80/778
vt 0.1778818 0.3015741
f 795/53/795 796/54/796 834/83/834
vt 0.1665982 0.2995411
f 834/83/834 796/54/796 847/84/847
vt 0.1446044 0.3107563
f 796/54/796 848/85/848 847/84/847
f 796/54/796 821/55/821 848/85/848
vt 0.1199128 0.3171982
f 848/85/848 821/55/821 901/86/901
vt 0.4797852 0.3413036
vt 0.4676158 0.3561450
vt 0.4645963 0.3388507
f 658/87/658 649/88/649 667/89/667
vt 0.4509361 0.3338001
f 667/89/667 649/88/649 668/90/668
vt 0.4487069 0.3535609
f 649/88/649 655/91/655 668/90/668
vt 0.1926578 0.3187689
f 746/92/746 751/40/751 795/53/795
vt 0.2889422 0.3387206
vt 0.2364905 0.3362091
vt 0.2603538 0.3266352
f 726/93/726 725/94/725 740/95/740
vt 0.2069101 0.3320756
vt 0.1920612 0.3311718
vt 0.2037125 0.3164615
f 727/96/727 728/97/728 745/98/745
f 751/40/751 746/92/746 728/97/728
vt 0.0896174 0.3261538
f 901/86/901 883/56/883 941/99/941
vt 0.3352160 0.3398237
vt 0.3864388 0.3479118
vt 0.3208527 0.3467083
f 730/100/730 724/101/724 720/102/720
f 730/100/730 720/102/720 726/93/726
vt 0.5057012 0.3574097
vt 0.4885419 0.3678240
f 648/103/648 632/104/632 649/88/649
f 649/88/649 646/63/646 655/91/655
vt 0.3813245 0.3617494
f 724/101/724 714/105/714 720/102/720
vt 0.2911472 0.3553300
f 720/102/720 715/106/715 726/93/726
f 726/93/726 715/106/715 725/94/725
vt 0.2122957 0.3470193
f 725/94/725 705/107/705 727/96/727
f 727/96/727 705/107/705 728/97/728
f 728/97/728 717/58/717 751/40/751
f 883/56/883 877/57/877 941/99/941
f 649/88/649 632/104/632 640/62/640
vt 0.4307292 0.3583647
f 655/91/655 646/63/646 723/108/723
vt 0.4230430 0.3517092
vt 0.4276659 0.3592726
vt 0.4223376 0.3635983
f 729/109/729 722/110/722 716/111/716
f 715/106/715 705/107/705 725/94/725
f 705/107/705 704/67/704 728/97/728
vt 0.0684825 0.3357418
f 877/57/877 914/112/914 941/99/941
f 716/111/716 714/105/714 724/101/724
f 714/105/714 715/106/715 720/102/720
f 728/97/728 704/67/704 717/58/717
f 705/107/705 696/66/696 704/67/704
vt 0.4212301 0.3788954
f 716/111/716 722/110/722 700/113/700
vt 0.4125104 0.3780050
f 716/111/716 700/113/700 701/114/701
f 701/114/701 714/105/714 716/111/716
vt 0.2790648 0.3676031
f 715/106/715 699/115/699 705/107/705
vt 0.2210788 0.3609530
f 705/107/705 698/116/698 696/66/696
vt 0.0556298 0.3430374
f 914/112/914 830/59/830 913/117/913
vt 0.5091547 0.3697599
vt 0.5129499 0.3865157
f 631/118/631 619/119/619 621/60/621
f 631/118/631 621/60/621 632/104/632
f 632/104/632 621/60/621 640/62/640
vt 0.4277209 0.3787310
f 646/63/646 706/120/706 723/108/723
f 700/113/700 722/110/722 706/120/706
vt 0.3837484 0.3757018
f 714/105/714 701/114/701 702/121/702
f 714/105/714 702/121/702 715/106/715
f 702/121/702 699/115/699 715/106/715
f 705/107/705 699/115/699 698/116/698
f 646/63/646 626/64/626 706/120/706
f 704/67/704 697/65/697 717/58/717
f 830/59/830 817/68/817 913/117/913
vt 0.4208246 0.3960134
f 700/113/700 706/120/706 673/122/673
vt 0.3400269 0.3866663
f 702/121/702 694/123/694 699/115/699
f 699/115/699 692/72/692 698/116/698
vt 0.4896193 0.4003419
f 621/60/621 608/124/608 609/70/609
f 626/64/626 620/71/620 706/120/706
vt 0.3828447 0.3904732
f 701/114/701 680/125/680 702/121/702
f 702/121/702 680/125/680 694/123/694
vt 0.2992501 0.3833262
f 699/115/699 694/123/694 695/126/695
vt 0.2613102 0.3808190
f 695/126/695 693/127/693 699/115/699
f 693/127/693 692/72/692 699/115/699
f 696/66/696 698/116/698 692/72/692
vt 0.5111046 0.4024528
f 621/60/621 606/128/606 608/124/608
vt 0.4282533 0.3963759
f 620/71/620 671/129/671 706/120/706
vt 0.4110310 0.3920578
f 700/113/700 673/122/673 678/130/678
f 700/113/700 678/130/678 701/114/701
f 678/130/678 680/125/680 701/114/701
f 620/71/620 604/75/604 671/129/671
vt 0.2139792 0.3895077
f 693/127/693 686/131/686 692/72/692
vt 0.2019048 0.3895556
f 692/72/692 686/131/686 688/132/688
f 692/72/692 688/132/688 691/69/691
f 688/132/688 690/76/690 691/69/691
vt 0.0537406 0.3750964
f 813/73/813 782/74/782 838/133/838
vt 0.4896842 0.4124800
f 608/124/608 583/134/583 609/70/609
vt 0.4599073 0.4093398
f 609/70/609 583/134/583 603/135/603
vt 0.4193414 0.4071562
vt 0.3867670 0.4056712
f 678/130/678 674/136/674 679/137/679
f 678/130/678 679/137/679 680/125/680
vt 0.3430435 0.4008045
f 679/137/679 681/138/681 680/125/680
f 680/125/680 681/138/681 694/123/694
f 694/123/694 681/138/681 695/126/695
vt 0.2835442 0.3960278
f 681/138/681 685/139/685 695/126/695
f 695/126/695 685/139/685 693/127/693
f 609/70/609 603/135/603 604/75/604
vt 0.4256822 0.4099206
f 673/122/673 670/140/670 674/136/674
f 673/122/673 674/136/674 678/130/678
f 693/127/693 685/139/685 686/131/686
vt 0.4796405 0.4263349
f 583/134/583 582/141/582 603/135/603
vt 0.2776200 0.4106257
f 684/142/684 686/131/686 685/139/685
vt 0.2051170 0.4041952
f 686/131/686 687/143/687 688/132/688
vt 0.0572037 0.3891158
f 782/74/782 820/144/820 838/133/838
vt 0.4581211 0.4279851
f 582/141/582 584/145/584 603/135/603
vt 0.4441723 0.4249613
f 603/135/603 584/145/584 602/146/602
f 603/135/603 602/146/602 604/75/604
vt 0.1870167 0.4034930
f 690/76/690 689/147/689 768/50/768
f 782/74/782 787/77/787 820/144/820
f 768/50/768 689/147/689 772/79/772
vt 0.0810860 0.3949449
f 787/77/787 779/78/779 792/148/792
vt 0.0701138 0.4000971
f 792/148/792 853/149/853 787/77/787
vt 0.1826124 0.4167762
vt 0.1791545 0.4171150
f 772/79/772 786/150/786 775/151/775
f 772/79/772 775/151/775 766/52/766
vt 0.1135454 0.4099004
f 781/81/781 791/152/791 779/78/779
f 779/78/779 791/152/791 792/148/792
f 766/52/766 775/151/775 776/82/776
f 778/80/778 791/152/791 781/81/781
vt 0.1460398 0.3056650
f 847/84/847 848/85/848 895/153/895
vt 0.2979475 0.3247226
vt 0.2321326 0.3197386
f 741/154/741 740/95/740 744/155/744
vt 0.1939554 0.3023263
f 829/156/829 746/92/746 795/53/795
f 848/85/848 901/86/901 895/153/895
vt 0.9839950 0.0100574
vt 0.9633762 0.0318049
vt 0.9666023 0.0372121
f 3229/157/3229 3232/158/3232 3216/159/3216
vt 0.5013961 0.3422396
f 662/160/662 648/103/648 658/87/658
vt 0.4184244 0.3336089
vt 0.3764929 0.3311483
f 747/161/747 724/101/724 743/162/743
vt 0.3331420 0.3278779
f 743/162/743 730/100/730 742/163/742
f 742/163/742 730/100/730 741/154/741
f 741/154/741 730/100/730 726/93/726
f 740/95/740 725/94/725 744/155/744
f 744/155/744 727/96/727 745/98/745
f 745/98/745 728/97/728 746/92/746
vt 0.4330169 0.3343676
f 668/90/668 655/91/655 748/164/748
f 743/162/743 724/101/724 730/100/730
f 726/93/726 740/95/740 741/154/741
f 725/94/725 727/96/727 744/155/744
vt 0.9434270 0.0586752
f 3232/158/3232 3222/165/3222 3216/159/3216
f 648/103/648 649/88/649 658/87/658
vt 0.4241512 0.3395424
vt 0.4293972 0.3400155
f 750/166/750 749/167/749 722/110/722
f 750/166/750 722/110/722 729/109/729
f 750/166/750 729/109/729 747/161/747
f 729/109/729 724/101/724 747/161/747
vt 0.9496955 0.0595136
vt 0.9341224 0.0788636
f 3227/168/3227 3222/165/3222 3228/169/3228
vt 0.5294158 0.3711799
f 630/170/630 631/118/631 648/103/648
vt 0.5327151 0.3887566
f 630/170/630 618/171/618 619/119/619
f 630/170/630 619/119/619 631/118/631
vt 0.0557008 0.3367027
f 914/112/914 913/117/913 964/172/964
f 723/108/723 706/120/706 722/110/722
vt 0.0447407 0.3517653
f 817/68/817 963/173/963 913/117/913
vt 0.4259921 0.3962043
f 672/174/672 673/122/673 706/120/706
vt 0.0452662 0.3629296
f 817/68/817 960/175/960 963/173/963
vt 0.5281345 0.4044328
f 605/176/605 606/128/606 619/119/619
f 619/119/619 618/171/618 605/176/605
f 619/119/619 606/128/606 621/60/621
f 706/120/706 671/129/671 672/174/672
f 813/73/813 838/133/838 960/175/960
f 672/174/672 670/140/670 673/122/673
vt 0.0457045 0.3756907
f 838/133/838 961/177/961 960/175/960
vt 0.5111388 0.4147771
f 581/178/581 583/134/583 606/128/606
f 606/128/606 583/134/583 608/124/608
f 671/129/671 604/75/604 670/140/670
f 671/129/671 670/140/670 672/174/672
vt 0.4109192 0.4206703
f 674/136/674 682/179/682 679/137/679
f 838/133/838 820/144/820 961/177/961
vt 0.0439239 0.3849758
f 820/144/820 1011/180/1011 961/177/961
vt 0.4187503 0.4194741
f 674/136/674 670/140/670 675/181/675
f 674/136/674 675/181/675 682/179/682
vt 0.3453480 0.4158951
f 682/179/682 683/182/683 679/137/679
f 679/137/679 683/182/683 681/138/681
f 685/139/685 681/138/681 684/142/684
f 604/75/604 602/146/602 670/140/670
f 683/182/683 684/142/684 681/138/681
f 684/142/684 687/143/687 686/131/686
f 687/143/687 689/147/689 688/132/688
f 688/132/688 689/147/689 690/76/690
f 787/77/787 853/149/853 820/144/820
vt 0.0580370 0.4001526
f 853/149/853 1010/183/1010 820/144/820
vt 0.2800889 0.4263518
f 684/142/684 708/184/708 687/143/687
f 689/147/689 786/150/786 772/79/772
vt 0.0825998 0.4045548
f 792/148/792 819/185/819 853/149/853
vt 0.1861845 0.4184338
f 689/147/689 712/186/712 786/150/786
vt 0.0975638 0.4094033
f 792/148/792 791/152/791 811/187/811
f 792/148/792 811/187/811 819/185/819
vt 0.1235129 0.4276217
f 791/152/791 818/188/818 811/187/811
vt 0.1667350 0.4291307
f 776/82/776 790/189/790 778/80/778
vt 0.1374882 0.4221791
f 778/80/778 790/189/790 794/190/794
f 794/190/794 791/152/791 778/80/778
vt 0.1876681 0.2936550
vt 0.1790923 0.2855141
f 851/191/851 834/83/834 861/192/861
vt 0.1680929 0.2840320
f 834/83/834 847/84/847 863/193/863
f 861/192/861 834/83/834 863/193/863
f 851/191/851 829/156/829 795/53/795
f 851/191/851 795/53/795 834/83/834
vt 0.1564382 0.2909617
f 847/84/847 895/153/895 880/194/880
vt 0.1484578 0.2930019
f 880/194/880 895/153/895 882/195/882
vt 0.4680998 0.3265222
vt 0.4523105 0.3231074
f 799/196/799 668/90/668 837/197/837
vt 0.2381200 0.3023505
vt 0.2291326 0.3090197
vt 0.2089983 0.3023537
f 844/198/844 826/199/826 832/200/832
vt 0.9959893 0.0121337
vt 0.9824631 0.0197114
f 3220/201/3220 3229/157/3229 3218/202/3218
vt 0.4908990 0.3321908
f 669/203/669 658/87/658 799/196/799
f 658/87/658 667/89/667 799/196/799
vt 0.3399516 0.3135109
f 824/204/824 743/162/743 742/163/742
f 824/204/824 742/163/742 741/154/741
vt 0.3062730 0.3094482
f 824/204/824 741/154/741 825/205/825
f 825/205/825 741/154/741 744/155/744
f 825/205/825 744/155/744 826/199/826
f 826/199/826 745/98/745 832/200/832
f 832/200/832 745/98/745 829/156/829
f 745/98/745 746/92/746 829/156/829
f 669/203/669 662/160/662 658/87/658
vt 0.4251913 0.3294697
f 798/206/798 750/166/750 747/161/747
vt 0.3821110 0.3174579
f 747/161/747 743/162/743 823/207/823
f 826/199/826 744/155/744 745/98/745
f 798/206/798 749/167/749 750/166/750
f 748/164/748 722/110/722 749/167/749
f 748/164/748 723/108/723 722/110/722
vt 0.5319753 0.3607044
f 651/208/651 630/170/630 648/103/648
vt 0.0432264 0.3423102
f 913/117/913 963/173/963 1016/209/1016
vt 0.5316313 0.4159582
f 580/210/580 581/178/581 605/176/605
f 605/176/605 581/178/581 606/128/606
vt 0.5080783 0.4296905
f 581/178/581 543/211/543 583/134/583
vt 0.0509392 0.3928286
f 820/144/820 1013/212/1013 1011/180/1011
f 583/134/583 543/211/543 582/141/582
vt 0.4263471 0.4269516
f 670/140/670 602/146/602 677/213/677
vt 0.4247226 0.4195771
f 677/213/677 676/214/676 670/140/670
f 676/214/676 675/181/675 670/140/670
vt 0.4180237 0.4303612
f 675/181/675 707/215/707 682/179/682
vt 0.4845705 0.4363853
f 543/211/543 536/216/536 582/141/582
vt 0.4229642 0.4320293
f 676/214/676 718/217/718 707/215/707
f 675/181/675 676/214/676 707/215/707
vt 0.3892120 0.4337946
f 682/179/682 703/218/703 683/182/683
vt 0.3193996 0.4281662
f 683/182/683 709/219/709 684/142/684
f 536/216/536 584/145/584 582/141/582
vt 0.3546649 0.4311922
f 703/218/703 710/220/710 683/182/683
f 710/220/710 709/219/709 683/182/683
f 709/219/709 708/184/708 684/142/684
f 687/143/687 712/186/712 689/147/689
vt 0.4598608 0.4387726
f 536/216/536 534/221/534 584/145/584
vt 0.4434358 0.4369537
f 584/145/584 534/221/534 539/222/539
f 584/145/584 539/222/539 602/146/602
f 602/146/602 539/222/539 677/213/677
vt 0.2054964 0.4200777
f 687/143/687 708/184/708 713/223/713
f 687/143/687 713/223/713 712/186/712
vt 0.1773026 0.4332934
f 786/150/786 785/224/785 775/151/775
f 775/151/775 785/224/785 776/82/776
f 794/190/794 818/188/818 791/152/791
f 785/224/785 790/189/790 776/82/776
f 863/193/863 847/84/847 880/194/880
vt 0.4690088 0.3069720
f 870/225/870 799/196/799 837/197/837
vt 0.4329140 0.3143559
f 668/90/668 862/226/862 837/197/837
vt 0.4266267 0.3186077
vt 0.4279445 0.3061861
vt 0.4308524 0.3260173
f 842/227/842 864/228/864 833/229/833
vt 0.4199512 0.3180443
f 842/227/842 798/206/798 827/230/827
f 825/205/825 826/199/826 844/198/844
f 862/226/862 668/90/668 748/164/748
f 827/230/827 747/161/747 823/207/823
vt 0.5226219 0.3442370
vt 0.5129937 0.3324472
f 659/231/659 662/160/662 803/232/803
f 803/232/803 662/160/662 669/203/669
f 842/227/842 833/229/833 798/206/798
f 798/206/798 747/161/747 827/230/827
f 833/229/833 749/167/749 798/206/798
f 748/164/748 749/167/749 833/229/833
f 659/231/659 648/103/648 662/160/662
vt 0.5410312 0.3462433
f 660/233/660 651/208/651 659/231/659
f 659/231/659 651/208/651 648/103/648
vt 0.5546697 0.3722044
f 651/208/651 629/234/629 630/170/630
f 629/234/629 618/171/618 630/170/630
vt 0.5728937 0.3917502
f 629/234/629 617/235/617 618/171/618
vt 0.8393233 0.8453947
vt 0.8524597 0.8501629
vt 0.8443419 0.8411114
f 1759/236/1759 1710/237/1710 1648/238/1648
vt 0.5606317 0.4078034
f 587/239/587 605/176/605 618/171/618
f 587/239/587 580/210/580 605/176/605
vt 0.5312973 0.4314169
f 542/240/542 543/211/543 581/178/581
f 580/210/580 542/240/542 581/178/581
f 676/214/676 677/213/677 718/217/718
f 820/144/820 1010/183/1010 1013/212/1013
vt 0.5102561 0.4438583
f 535/241/535 536/216/536 543/211/543
vt 0.4240523 0.4434668
f 677/213/677 539/222/539 719/242/719
vt 0.4176449 0.4418857
vt 0.4113683 0.4372562
f 707/215/707 721/243/721 711/244/711
f 707/215/707 711/244/711 682/179/682
f 682/179/682 711/244/711 703/218/703
f 707/215/707 718/217/718 721/243/721
vt 0.0891992 0.4161433
f 819/185/819 994/245/994 853/149/853
vt 0.9335405 0.4390872
vt 0.9318625 0.4288677
vt 0.9511398 0.4425027
f 2333/246/2333 2356/247/2356 2359/248/2359
vt 0.4780699 0.4587784
f 536/216/536 524/249/524 534/221/534
vt 0.3824461 0.4504675
f 703/218/703 731/250/731 710/220/710
vt 0.2002853 0.4321263
f 713/223/713 736/251/736 712/186/712
f 811/187/811 994/245/994 819/185/819
vt 0.4424825 0.4551356
f 534/221/534 521/252/521 539/222/539
vt 0.1849122 0.4352436
vt 0.1811518 0.4334517
f 712/186/712 738/253/738 800/254/800
f 786/150/786 712/186/712 800/254/800
vt 0.1088674 0.4242252
f 818/188/818 984/255/984 811/187/811
f 811/187/811 984/255/984 994/245/994
f 786/150/786 800/254/800 785/224/785
vt 0.1562616 0.4448707
f 790/189/790 807/256/807 794/190/794
f 794/190/794 807/256/807 818/188/818
vt 0.1667636 0.4472966
f 785/224/785 805/257/805 790/189/790
vt 0.1799599 0.2726375
f 861/192/861 863/193/863 902/258/902
vt 0.1888482 0.2746981
f 905/259/905 861/192/861 902/258/902
vt 0.1612982 0.2710947
f 902/258/902 863/193/863 898/260/898
vt 0.4542261 0.3049539
f 870/225/870 837/197/837 871/261/871
vt 0.1949234 0.2868107
f 905/259/905 872/262/872 851/191/851
f 905/259/905 851/191/851 861/192/861
vt 0.1543631 0.2842568
f 863/193/863 880/194/880 881/263/881
vt 0.3536934 0.2967573
vt 0.3074199 0.2927436
f 874/264/874 825/205/825 876/265/876
vt 0.2681521 0.2901388
f 825/205/825 844/198/844 875/266/875
vt 0.2184573 0.2858049
f 873/267/873 832/200/832 872/262/872
vt 0.5085560 0.3134494
vt 0.4906780 0.3098199
f 854/268/854 669/203/669 858/269/858
f 858/269/858 669/203/669 799/196/799
f 871/261/871 837/197/837 862/226/862
vt 0.4213084 0.3027283
f 864/228/864 842/227/842 860/270/860
vt 0.3927333 0.3017098
f 860/270/860 827/230/827 859/271/859
f 859/271/859 827/230/827 823/207/823
f 859/271/859 824/204/824 874/264/874
f 874/264/874 824/204/824 825/205/825
f 875/266/875 844/198/844 873/267/873
f 844/198/844 832/200/832 873/267/873
f 832/200/832 829/156/829 872/262/872
f 872/262/872 829/156/829 851/191/851
f 880/194/880 882/195/882 881/263/881
vt 0.1418680 0.2888930
f 882/195/882 978/272/978 881/263/881
f 842/227/842 827/230/827 860/270/860
f 854/268/854 803/232/803 669/203/669
f 862/226/862 748/164/748 833/229/833
vt 0.5319291 0.3314016
f 660/233/660 659/231/659 831/273/831
f 831/273/831 659/231/659 803/232/803
vt 0.5604453 0.3624442
f 652/274/652 651/208/651 660/233/660
f 652/274/652 629/234/629 651/208/651
f 617/235/617 587/239/587 618/171/618
vt 0.9219843 0.4212740
vt 0.9083577 0.4208053
vt 0.9141743 0.4147578
f 2355/275/2355 2344/276/2344 2358/277/2358
vt 0.9154261 0.4258877
f 2355/275/2355 2329/278/2329 2344/276/2344
f 542/240/542 535/241/535 543/211/543
vt 0.9243421 0.4323952
f 2356/247/2356 2328/279/2328 2355/275/2355
f 2328/279/2328 2329/278/2329 2355/275/2355
f 677/213/677 719/242/719 718/217/718
f 2333/246/2333 2328/279/2328 2356/247/2356
f 719/242/719 721/243/721 718/217/718
vt 0.9482036 0.4502401
f 2340/280/2340 2333/246/2333 2359/248/2359
f 535/241/535 524/249/524 536/216/536
vt 0.4229092 0.4569453
f 719/242/719 797/281/797 721/243/721
vt 0.4075434 0.4523178
f 721/243/721 735/282/735 711/244/711
f 711/244/711 735/282/735 703/218/703
vt 0.3552289 0.4479969
f 710/220/710 731/250/731 732/283/732
f 710/220/710 732/283/732 709/219/709
vt 0.3168602 0.4449835
f 709/219/709 733/284/733 708/184/708
vt 0.2733993 0.4399279
f 708/184/708 733/284/733 734/285/734
vt 0.2057712 0.4376484
f 708/184/708 737/286/737 713/223/713
vt 0.9689442 0.4556551
f 2362/287/2362 2340/280/2340 2359/248/2359
vt 0.4564672 0.4565918
f 524/249/524 519/288/519 534/221/534
f 534/221/534 519/288/519 521/252/521
vt 0.4172579 0.4546260
f 797/281/797 739/289/739 721/243/721
f 721/243/721 739/289/739 735/282/735
f 735/282/735 731/250/731 703/218/703
f 709/219/709 732/283/732 733/284/733
f 708/184/708 734/285/734 737/286/737
f 713/223/713 737/286/737 736/251/736
f 736/251/736 738/253/738 712/186/712
vt 0.1175435 0.4375337
f 818/188/818 1012/290/1012 984/255/984
vt 0.9747158 0.4711148
vt 0.9628670 0.4610050
f 2354/291/2354 2343/292/2343 2362/287/2362
vt 0.1791033 0.4465514
f 800/254/800 856/293/856 785/224/785
vt 0.1742052 0.4465832
f 785/224/785 856/293/856 806/294/806
f 785/224/785 806/294/806 805/257/805
f 790/189/790 805/257/805 807/256/807
vt 0.1343959 0.4399563
f 807/256/807 968/295/968 818/188/818
vt 0.1433815 0.2689195
f 863/193/863 881/263/881 884/296/884
f 898/260/898 863/193/863 884/296/884
vt 0.4294830 0.2904526
vt 0.4325154 0.3021963
f 864/228/864 916/297/916 927/298/927
vt 0.1964557 0.2724906
f 905/259/905 938/299/938 872/262/872
vt 0.1455258 0.2797150
f 881/263/881 885/300/885 884/296/884
vt 0.4468255 0.3031559
f 871/261/871 862/226/862 925/301/925
vt 0.9897354 0.9473688
vt 0.9977719 0.9538416
vt 0.9842956 0.9492495
f 2287/302/2287 2288/303/2288 2267/304/2267
f 927/298/927 862/226/862 864/228/864
vt 0.9843364 0.9564176
f 2288/303/2288 2290/305/2290 2267/304/2267
f 831/273/831 803/232/803 854/268/854
f 862/226/862 833/229/833 864/228/864
vt 0.9902192 0.0308586
vt 0.9934340 0.0335233
f 3220/201/3220 3219/306/3219 3226/307/3226
vt 0.1289612 0.2902381
f 978/272/978 882/195/882 979/308/979
vt 0.5677757 0.4203328
f 579/309/579 580/210/580 587/239/587
vt 0.5627791 0.4340934
f 559/310/559 542/240/542 580/210/580
f 579/309/579 559/310/559 580/210/580
vt 0.5365101 0.4455709
f 537/311/537 535/241/535 542/240/542
vt 0.5052561 0.4618877
f 535/241/535 528/312/528 524/249/524
vt 0.4312677 0.4568572
f 719/242/719 804/313/804 797/281/797
vt 0.2755942 0.4503465
f 733/284/733 802/314/802 734/285/734
vt 0.2411809 0.4551528
f 802/314/802 808/315/808 734/285/734
vt 0.1840557 0.4465877
f 737/286/737 793/316/793 736/251/736
f 736/251/736 793/316/793 738/253/738
f 800/254/800 738/253/738 856/293/856
f 968/295/968 1012/290/1012 818/188/818
vt 0.1273523 0.4458476
f 968/295/968 1014/317/1014 1012/290/1012
vt 0.1652844 0.2612154
f 902/258/902 898/260/898 923/318/923
vt 0.4689963 0.2916856
f 930/319/930 870/225/870 871/261/871
vt 0.4555710 0.2863736
f 939/320/939 871/261/871 925/301/925
f 916/297/916 864/228/864 860/270/860
vt 0.1354869 0.2685983
f 884/296/884 885/300/885 886/321/886
vt 0.3976004 0.2843266
f 921/322/921 859/271/859 874/264/874
vt 0.1985211 0.2743387
f 911/323/911 872/262/872 938/299/938
vt 0.1296353 0.2757869
f 886/321/886 885/300/885 887/324/887
vt 0.9747411 0.9394728
f 2287/302/2287 2267/304/2267 2266/325/2266
vt 0.4359264 0.3027296
f 925/301/925 862/226/862 926/326/926
f 926/326/926 862/226/862 927/298/927
vt 0.5319410 0.3111647
f 878/327/878 831/273/831 854/268/854
vt 0.9675229 0.9506962
f 2290/305/2290 2264/328/2264 2267/304/2267
vt 0.5525062 0.3316928
f 845/329/845 831/273/831 878/327/878
f 845/329/845 660/233/660 831/273/831
vt 0.5719134 0.3473366
f 845/329/845 661/330/661 660/233/660
vt 0.9844902 0.0263341
vt 0.9835800 0.0430256
f 3215/331/3215 3213/332/3213 3219/306/3219
f 661/330/661 652/274/652 660/233/660
vt 0.5864266 0.3760829
f 652/274/652 638/333/638 629/234/629
f 638/333/638 617/235/617 629/234/629
vt 0.9066257 0.4278575
f 2329/278/2329 2322/334/2322 2344/276/2344
vt 0.5599867 0.4479266
f 542/240/542 538/335/538 537/311/537
vt 0.9159533 0.4369951
f 2328/279/2328 2309/336/2309 2322/334/2322
f 2328/279/2328 2322/334/2322 2329/278/2329
vt 0.5249603 0.4627239
f 537/311/537 531/337/531 535/241/535
vt 0.9331413 0.4520273
f 2340/280/2340 2312/338/2312 2333/246/2333
f 535/241/535 531/337/531 528/312/528
vt 0.9544397 0.4646795
f 2343/292/2343 2334/339/2334 2340/280/2340
vt 0.4167050 0.4683712
f 739/289/739 816/340/816 735/282/735
vt 0.9704378 0.4757698
f 2354/291/2354 2335/341/2335 2343/292/2343
f 2335/341/2335 2334/339/2334 2343/292/2343
vt 0.3833666 0.4658614
f 735/282/735 809/342/809 731/250/731
f 732/283/732 731/250/731 809/342/809
vt 0.3077055 0.4615434
f 732/283/732 809/342/809 810/343/810
f 732/283/732 810/343/810 733/284/733
f 733/284/733 810/343/810 802/314/802
f 734/285/734 808/315/808 737/286/737
vt 0.2038154 0.4531746
f 737/286/737 808/315/808 814/344/814
f 738/253/738 793/316/793 856/293/856
vt 0.4835063 0.4717189
vt 0.4559308 0.4717278
f 525/345/525 520/346/520 524/249/524
f 524/249/524 520/346/520 519/288/519
f 519/288/519 520/346/520 521/252/521
vt 0.1406586 0.4587013
f 968/295/968 983/347/983 1014/317/1014
f 968/295/968 807/256/807 983/347/983
vt 0.1813311 0.2533574
f 947/348/947 902/258/902 923/318/923
f 905/259/905 902/258/902 947/348/947
f 930/319/930 871/261/871 939/320/939
vt 0.1974676 0.2607774
f 905/259/905 957/349/957 938/299/938
vt 0.1240657 0.2639513
f 884/296/884 886/321/886 889/350/889
vt 0.4969774 0.2950532
f 919/351/919 858/269/858 870/225/870
f 919/351/919 870/225/870 930/319/930
vt 0.4223239 0.2862989
f 916/297/916 860/270/860 922/352/922
f 922/352/922 860/270/860 921/322/921
vt 0.3604401 0.2783719
f 933/353/933 921/322/921 874/264/874
vt 0.2789465 0.2723325
f 876/265/876 875/266/875 931/354/931
vt 0.2260881 0.2704998
vt 0.2080690 0.2653570
f 934/355/934 873/267/873 935/356/935
f 935/356/935 873/267/873 911/323/911
vt 0.2010216 0.2639351
f 935/356/935 911/323/911 936/357/936
vt 0.5137054 0.3021524
f 918/358/918 854/268/854 919/351/919
f 919/351/919 854/268/854 858/269/858
f 875/266/875 873/267/873 931/354/931
f 878/327/878 854/268/854 918/358/918
vt 0.4357098 0.2923450
f 925/301/925 926/326/926 940/359/940
vt 0.1171093 0.2718452
f 886/321/886 887/324/887 888/360/888
f 886/321/886 888/360/888 889/350/889
vt 0.5504935 0.3149803
f 879/361/879 845/329/845 878/327/878
f 2267/304/2267 2264/328/2264 2266/325/2266
vt 0.9709725 0.9560600
f 2290/305/2290 2293/362/2293 2264/328/2264
vt 0.5904183 0.3646185
f 661/330/661 656/363/656 652/274/652
f 656/363/656 638/333/638 652/274/652
vt 0.6149092 0.3954359
vt 0.5903987 0.4094485
f 616/364/616 586/365/586 617/235/617
f 586/365/586 587/239/587 617/235/617
vt 0.6081409 0.4232649
f 572/366/572 579/309/579 587/239/587
f 586/365/586 572/366/572 587/239/587
f 559/310/559 538/335/538 542/240/542
vt 0.9231457 0.4455808
f 2328/279/2328 2310/367/2310 2309/336/2309
f 2333/246/2333 2312/338/2312 2310/367/2310
f 2333/246/2333 2310/367/2310 2328/279/2328
f 2334/339/2334 2312/338/2312 2340/280/2340
f 797/281/797 816/340/816 739/289/739
f 528/312/528 525/345/525 524/249/524
vt 0.3993329 0.4682828
f 735/282/735 816/340/816 815/368/815
vt 0.4416856 0.4759949
f 521/252/521 522/369/522 804/313/804
vt 0.4224699 0.4723846
f 522/369/522 967/370/967 804/313/804
f 735/282/735 815/368/815 809/342/809
f 810/343/810 808/315/808 802/314/802
f 737/286/737 814/344/814 793/316/793
vt 0.9832326 0.4813744
vt 0.9789219 0.4862914
f 2357/371/2357 2331/372/2331 2354/291/2354
f 2331/372/2331 2335/341/2335 2354/291/2354
f 520/346/520 522/369/522 521/252/521
vt 0.1829681 0.4579769
f 793/316/793 966/373/966 856/293/856
vt 0.1772633 0.4632393
f 856/293/856 976/374/976 806/294/806
f 856/293/856 966/373/966 976/374/976
vt 0.1521116 0.4618615
f 805/257/805 982/375/982 807/256/807
f 807/256/807 982/375/982 983/347/983
vt 0.1668920 0.4656683
f 976/374/976 975/376/975 806/294/806
f 806/294/806 975/376/975 805/257/805
vt 0.1908935 0.2557091
f 956/377/956 957/349/957 905/259/905
vt 0.1173313 0.2517357
f 884/296/884 889/350/889 906/378/906
vt 0.1392503 0.2567405
f 920/379/920 884/296/884 906/378/906
vt 0.4391476 0.2794446
f 939/320/939 925/301/925 949/380/949
vt 0.4570858 0.7472913
vt 0.4559346 0.7352546
vt 0.4634592 0.7383946
f 125/381/125 132/382/132 130/383/130
f 936/357/936 938/299/938 957/349/957
f 949/380/949 925/301/925 940/359/940
vt 0.1135182 0.2607557
f 889/350/889 888/360/888 890/384/890
vt 0.4332964 0.2929924
f 926/326/926 927/298/927 928/385/928
f 940/359/940 926/326/926 928/385/928
vt 0.9557105 0.9363538
vt 0.9632112 0.9322653
f 2266/325/2266 2258/386/2258 2265/387/2265
f 2266/325/2266 2264/328/2264 2258/386/2258
vt 0.9873372 0.0555004
f 3219/306/3219 3221/388/3221 3226/307/3226
vt 0.9800337 0.0557215
f 3213/332/3213 3211/389/3211 3221/388/3221
vt 0.6165883 0.3789740
f 656/363/656 639/390/639 638/333/638
f 639/390/639 616/364/616 617/235/617
f 639/390/639 617/235/617 638/333/638
f 572/366/572 559/310/559 579/309/579
vt 0.9083223 0.4362143
vt 0.8998576 0.4298652
f 2322/334/2322 2308/391/2308 2315/392/2315
vt 0.5812750 0.4505520
f 559/310/559 541/393/541 538/335/538
f 2309/336/2309 2308/391/2308 2322/334/2322
vt 0.5461984 0.4629025
f 538/335/538 532/394/532 537/311/537
vt 0.9483079 0.4650440
f 2334/339/2334 2319/395/2319 2312/338/2312
f 537/311/537 532/394/532 531/337/531
vt 0.9640862 0.4775394
f 2334/339/2334 2321/396/2321 2319/395/2319
f 2335/341/2335 2321/396/2321 2334/339/2334
f 804/313/804 967/370/967 797/281/797
f 797/281/797 967/370/967 816/340/816
f 2331/372/2331 2321/396/2321 2335/341/2335
vt 0.5016600 0.4865746
f 528/312/528 527/397/527 525/345/525
f 814/344/814 966/373/966 793/316/793
vt 0.9859446 0.4949169
f 2357/371/2357 2347/398/2347 2331/372/2331
vt 0.4833141 0.4866729
vt 0.4595408 0.4852203
f 525/345/525 526/399/526 523/400/523
f 525/345/525 523/400/523 520/346/520
f 523/400/523 522/369/522 520/346/520
vt 0.3893283 0.4777547
f 815/368/815 973/401/973 809/342/809
vt 0.3600487 0.4779419
f 809/342/809 973/401/973 971/402/971
vt 0.3013852 0.4717711
f 809/342/809 972/403/972 810/343/810
f 809/342/809 971/402/971 972/403/972
vt 0.2375244 0.4698423
f 810/343/810 970/404/970 808/315/808
vt 0.9950981 0.4966475
f 2364/405/2364 2347/398/2347 2357/371/2357
f 805/257/805 975/376/975 982/375/982
vt 0.7052343 0.7390197
vt 0.7054693 0.7537225
vt 0.6953807 0.7386192
f 168/406/168 153/407/153 491/408/491
vt 0.7233896 0.7397838
vt 0.7468081 0.7319506
vt 0.7542368 0.7422809
f 169/409/169 201/410/201 174/411/174
vt 0.4983990 0.2821237
vt 0.4714217 0.2775869
f 951/412/951 919/351/919 952/413/952
vt 0.6883480 0.7446661
vt 0.6880244 0.7350222
f 491/408/491 128/414/128 127/415/127
vt 0.1323890 0.2459599
f 953/416/953 920/379/920 906/378/906
vt 0.5266719 0.2870473
f 919/351/919 943/417/943 918/358/918
vt 0.4525537 0.7481432
f 125/381/125 388/418/388 132/382/132
vt 0.4880231 0.7369769
vt 0.5253112 0.7381213
vt 0.4913571 0.7480285
f 129/419/129 121/420/121 120/421/120
f 889/350/889 890/384/890 906/378/906
f 943/417/943 878/327/878 918/358/918
vt 0.0965095 0.2560413
f 890/384/890 888/360/888 891/422/891
vt 0.9450607 0.9211121
vt 0.9463754 0.9112278
f 2265/387/2265 2260/423/2260 2285/424/2285
f 2265/387/2265 2258/386/2258 2260/423/2260
vt 0.9531081 0.9475394
f 2258/386/2258 2264/328/2264 2263/425/2263
vt 0.5880505 0.3367130
f 879/361/879 846/426/846 845/329/845
vt 0.9494364 0.9548984
f 2264/328/2264 2294/427/2294 2263/425/2263
f 846/426/846 661/330/661 845/329/845
vt 0.6280941 0.3664759
f 657/428/657 656/363/656 661/330/661
f 657/428/657 639/390/639 656/363/656
vt 0.6166580 0.4107351
f 588/429/588 586/365/586 616/364/616
f 588/429/588 572/366/572 586/365/586
vt 0.5976788 0.4376839
f 572/366/572 555/430/555 559/310/559
f 555/430/555 541/393/541 559/310/559
vt 0.9127017 0.4453835
f 2309/336/2309 2307/431/2307 2308/391/2308
vt 0.5251519 0.4853070
f 532/394/532 530/432/530 531/337/531
f 531/337/531 530/432/530 528/312/528
vt 0.5161504 0.4863145
f 530/432/530 529/433/529 528/312/528
f 529/433/529 527/397/527 528/312/528
vt 0.4159869 0.4811051
f 967/370/967 974/434/974 816/340/816
vt 0.9763299 0.4947804
f 2347/398/2347 2346/435/2346 2331/372/2331
f 527/397/527 526/399/526 525/345/525
vt 0.4233796 0.4913319
f 522/369/522 989/436/989 967/370/967
f 974/434/974 973/401/973 815/368/815
f 816/340/816 974/434/974 815/368/815
vt 0.4410898 0.4937739
f 523/400/523 990/437/990 522/369/522
vt 0.3237968 0.4801471
f 971/402/971 992/438/992 972/403/972
f 810/343/810 972/403/972 970/404/970
vt 0.2901855 0.4778960
f 972/403/972 991/439/991 970/404/970
vt 0.2031692 0.4647284
f 970/404/970 969/440/969 808/315/808
f 808/315/808 969/440/969 814/344/814
vt 0.2429666 0.4896638
vt 0.2077428 0.4977756
vt 0.2083706 0.4865994
f 1554/441/1554 1538/442/1538 1574/443/1574
f 814/344/814 969/440/969 966/373/966
vt 0.1857797 0.4716651
f 969/440/969 980/444/980 966/373/966
vt 0.1825885 0.4654968
f 966/373/966 981/445/981 976/374/976
vt 0.1824905 0.4861111
vt 0.1826836 0.4975282
vt 0.1721063 0.4888865
f 1571/446/1571 1570/447/1570 1546/448/1546
vt 0.7151158 0.7533981
f 153/407/153 168/406/168 152/449/152
f 168/406/168 169/409/169 152/449/152
vt 0.5753798 0.7361169
vt 0.6063250 0.7340400
vt 0.5851856 0.7539213
f 123/450/123 122/451/122 113/452/113
vt 0.6613020 0.7405885
f 113/452/113 122/451/122 119/453/119
vt 0.0880073 0.2432494
f 906/378/906 890/384/890 892/454/892
f 890/384/890 891/422/891 892/454/892
vt 0.5493169 0.2953293
f 942/455/942 878/327/878 943/417/943
f 942/455/942 879/361/879 878/327/878
vt 0.9388375 0.9209053
f 2258/386/2258 2251/456/2251 2260/423/2260
vt 0.9467536 0.9421425
f 2258/386/2258 2252/457/2252 2251/456/2251
vt 0.9434938 0.9459701
f 2263/425/2263 2268/458/2268 2252/457/2252
vt 0.6213551 0.3519765
f 846/426/846 836/459/836 661/330/661
f 836/459/836 657/428/657 661/330/661
vt 0.6359543 0.3970501
f 639/390/639 615/460/615 616/364/616
f 615/460/615 588/429/588 616/364/616
vt 0.8975072 0.4253345
vt 0.8864118 0.4364148
f 2332/461/2332 2315/392/2315 2318/462/2318
vt 0.8939418 0.4401110
f 2308/391/2308 2306/463/2306 2315/392/2315
vt 0.9284435 0.4597186
f 2310/367/2310 2311/464/2311 2307/431/2307
f 2312/338/2312 2311/464/2311 2310/367/2310
vt 0.5711705 0.4623715
f 541/393/541 540/465/540 538/335/538
f 538/335/538 540/465/540 532/394/532
vt 0.9389936 0.4755976
f 2319/395/2319 2313/466/2313 2312/338/2312
vt 0.5471101 0.4833888
f 532/394/532 533/467/533 530/432/530
vt 0.9583473 0.4916278
f 2331/372/2331 2346/435/2346 2330/468/2330
f 2331/372/2331 2330/468/2330 2321/396/2321
vt 0.4220010 0.4803047
f 967/370/967 989/436/989 988/469/988
f 967/370/967 988/469/988 974/434/974
f 522/369/522 990/437/990 989/436/989
f 966/373/966 980/444/980 981/445/981
vt 0.4888077 0.4980419
vt 0.4817080 0.5144998
vt 0.4654297 0.4948291
f 1557/470/1557 1525/471/1525 1558/472/1558
f 972/403/972 992/438/992 991/439/991
vt 0.1310105 0.4651595
vt 0.1316978 0.4580965
f 983/347/983 999/473/999 1007/474/1007
vt 0.1252131 0.4739324
f 983/347/983 982/375/982 998/475/998
f 983/347/983 998/475/998 999/473/999
vt 0.1539053 0.5049519
vt 0.1570387 0.4862475
f 1546/448/1546 1527/476/1527 1569/477/1569
vt 0.7414203 0.7530673
f 169/409/169 159/478/159 152/449/152
vt 0.6961654 0.7565580
f 178/479/178 491/408/491 153/407/153
vt 0.0953921 0.2376487
f 953/416/953 906/378/906 937/480/937
vt 0.4565782 0.7600809
vt 0.4594481 0.7592969
f 117/481/117 125/381/125 111/482/111
vt 0.4648279 0.7529117
f 111/482/111 125/381/125 118/483/118
vt 0.5305631 0.7564045
f 115/484/115 120/421/120 121/420/121
f 125/381/125 117/481/117 388/418/388
vt 0.9314153 0.9020230
f 2285/424/2285 2260/423/2260 2280/485/2280
vt 0.5951030 0.3177224
vt 0.5813164 0.3121535
f 912/486/912 879/361/879 924/487/924
vt 0.9315923 0.9356686
f 2252/457/2252 2242/488/2242 2251/456/2251
f 912/486/912 846/426/846 879/361/879
vt 0.9373626 0.9481170
f 2263/425/2263 2276/489/2276 2268/458/2268
vt 0.6115471 0.3380370
f 865/490/865 836/459/836 846/426/846
vt 0.6386311 0.3810300
f 637/491/637 639/390/639 657/428/657
f 637/491/637 615/460/615 639/390/639
vt 0.6441936 0.4128184
f 578/492/578 588/429/588 615/460/615
f 578/492/578 572/366/572 588/429/588
vt 0.6206595 0.4396402
f 547/493/547 555/430/555 572/366/572
f 2307/431/2307 2306/463/2306 2308/391/2308
vt 0.6026720 0.4525489
f 555/430/555 545/494/545 541/393/541
vt 0.9416410 0.4850001
f 2319/395/2319 2317/495/2317 2313/466/2313
f 2321/396/2321 2317/495/2317 2319/395/2319
vt 0.9504026 0.4897657
f 2321/396/2321 2327/496/2327 2317/495/2317
vt 0.5686842 0.4810120
f 540/465/540 565/497/565 532/394/532
f 532/394/532 565/497/565 533/467/533
f 2330/468/2330 2327/496/2327 2321/396/2321
vt 0.9941370 0.2198087
vt 0.9939719 0.2331110
vt 0.9947281 0.2390013
f 1833/498/1833 1832/499/1832 1830/500/1830
vt 0.4212457 0.4893574
f 989/436/989 995/501/995 988/469/988
f 988/469/988 995/501/995 974/434/974
vt 0.4156401 0.4896215
f 995/501/995 996/502/996 974/434/974
vt 0.5068819 0.5004911
vt 0.5048074 0.5210994
f 1563/503/1563 1521/504/1521 1557/470/1557
vt 0.4216709 0.4921374
vt 0.4214950 0.5006582
vt 0.3950465 0.4896014
f 1576/505/1576 1541/506/1541 1575/507/1575
vt 0.3886469 0.5002014
f 1575/507/1575 1541/506/1541 1540/508/1540
vt 0.3658358 0.4910954
f 1575/507/1575 1540/508/1540 1565/509/1565
vt 0.2960033 0.4946964
vt 0.2400069 0.5060962
f 1551/510/1551 1508/511/1508 1554/441/1554
vt 0.1912434 0.4943138
f 1574/443/1574 1538/442/1538 1539/512/1539
vt 0.1876452 0.4991739
vt 0.1878255 0.4883737
f 1539/512/1539 1556/513/1556 1573/514/1573
vt 0.9894263 0.2083333
vt 0.9775066 0.2194077
vt 0.9922522 0.2125630
f 1826/515/1826 1820/516/1820 1812/517/1812
vt 0.4600680 0.5091087
f 1558/472/1558 1525/471/1525 1526/518/1526
vt 0.4470828 0.5032120
f 1558/472/1558 1526/518/1526 1535/519/1535
vt 0.3297271 0.4951160
f 1565/509/1565 1540/508/1540 1552/520/1552
vt 0.3774308 0.5092996
f 1540/508/1540 1511/521/1511 1552/520/1552
vt 0.3215629 0.5072575
f 1552/520/1552 1509/522/1509 1551/510/1551
f 1573/514/1573 1556/513/1556 1571/446/1571
f 1571/446/1571 1556/513/1556 1570/447/1570
vt 0.1401526 0.5046787
f 1527/476/1527 1528/523/1528 1569/477/1569
vt 0.1337713 0.4784223
f 982/375/982 1009/524/1009 998/475/998
vt 0.1805903 0.5076496
vt 0.1704001 0.5079383
f 1546/448/1546 1518/525/1518 1517/526/1517
f 1517/526/1517 1527/476/1527 1546/448/1546
vt 0.6892983 0.7548449
f 178/479/178 109/527/109 128/414/128
vt 0.3622629 0.7602326
vt 0.3902780 0.7558082
vt 0.3886797 0.7698271
f 370/528/370 377/529/377 345/530/345
vt 0.6860423 0.7533580
f 110/531/110 128/414/128 109/527/109
vt 0.0802901 0.2509648
f 891/422/891 893/532/893 892/454/892
f 924/487/924 879/361/879 942/455/942
vt 0.9213901 0.9041342
f 2280/485/2280 2260/423/2260 2261/533/2261
f 2260/423/2260 2251/456/2251 2261/533/2261
vt 0.9262527 0.9239910
f 2251/456/2251 2242/488/2242 2244/534/2244
f 912/486/912 865/490/865 846/426/846
vt 0.9318904 0.9427772
f 2252/457/2252 2268/458/2268 2259/535/2259
f 2252/457/2252 2259/535/2259 2242/488/2242
vt 0.6630567 0.3832749
f 633/536/633 615/460/615 637/491/637
vt 0.6679220 0.3998581
f 633/536/633 614/537/614 615/460/615
f 614/537/614 578/492/578 615/460/615
vt 0.6491149 0.4276580
f 578/492/578 563/538/563 572/366/572
f 563/538/563 547/493/547 572/366/572
vt 0.8906787 0.4503529
f 2307/431/2307 2299/539/2299 2306/463/2306
f 547/493/547 545/494/545 555/430/555
vt 0.9091041 0.4610839
f 2311/464/2311 2297/540/2297 2307/431/2307
vt 0.9303073 0.4698634
f 2314/541/2314 2297/540/2297 2311/464/2311
f 2313/466/2313 2314/541/2314 2311/464/2311
vt 0.5980134 0.4622003
f 545/494/545 544/542/544 541/393/541
f 544/542/544 540/465/540 541/393/541
vt 0.9912905 0.2270456
f 1833/498/1833 1813/543/1813 1832/499/1832
vt 0.9875852 0.2305812
f 1812/517/1812 1794/544/1794 1813/543/1813
f 1833/498/1833 1812/517/1812 1813/543/1813
vt 0.9799756 0.2242994
f 1812/517/1812 1810/545/1810 1794/544/1794
vt 0.5211257 0.5030071
f 1563/503/1563 1549/546/1549 1521/504/1521
vt 0.4271462 0.5005165
vt 0.4214560 0.5097858
f 1541/506/1541 1553/547/1553 1524/548/1524
f 1812/517/1812 1820/516/1820 1810/545/1810
f 1541/506/1541 1524/548/1524 1540/508/1540
f 1554/441/1554 1508/511/1508 1538/442/1538
f 1557/470/1557 1521/504/1521 1525/471/1525
vt 0.3450173 0.5090851
f 1552/520/1552 1511/521/1511 1510/549/1510
f 1510/549/1510 1509/522/1509 1552/520/1552
vt 0.1171319 0.4723980
f 999/473/999 998/475/998 1000/550/1000
f 1570/447/1570 1518/525/1518 1546/448/1546
vt 0.7712354 0.7571552
vt 0.7914513 0.7494040
vt 0.7959844 0.7602497
f 160/551/160 196/552/196 170/553/170
vt 0.4572503 0.7740322
vt 0.4533353 0.7644259
f 117/481/117 105/554/105 338/555/338
vt 0.4508596 0.7657777
vt 0.4482225 0.7474959
f 336/556/336 376/557/376 338/555/338
vt 0.0624650 0.2446059
vt 0.0735809 0.2374701
f 893/532/893 896/558/896 894/559/894
vt 0.9144837 0.8921527
f 2280/485/2280 2261/533/2261 2277/560/2277
vt 0.9143873 0.9061899
f 2261/533/2261 2251/456/2251 2250/561/2250
f 2251/456/2251 2244/534/2244 2250/561/2250
vt 0.6475916 0.3336447
vt 0.6387399 0.3520014
f 865/490/865 909/562/909 857/563/857
f 2268/458/2268 2276/489/2276 2259/535/2259
f 857/563/857 836/459/836 865/490/865
f 657/428/657 633/536/633 637/491/637
vt 0.6749593 0.4150320
f 577/564/577 563/538/563 578/492/578
vt 0.8824009 0.4460752
f 2306/463/2306 2300/565/2300 2318/462/2318
f 2297/540/2297 2299/539/2299 2307/431/2307
vt 0.9304830 0.4807113
f 2313/466/2313 2316/566/2316 2314/541/2314
vt 0.6199791 0.4581519
vt 0.5979379 0.4712263
f 546/567/546 564/568/564 544/542/544
f 545/494/545 546/567/546 544/542/544
f 2317/495/2317 2316/566/2316 2313/466/2313
f 544/542/544 564/568/564 540/465/540
f 564/568/564 565/497/565 540/465/540
vt 0.4294049 0.5215892
vt 0.4294373 0.5023394
f 1535/519/1535 1505/569/1505 1545/570/1545
f 1540/508/1540 1524/548/1524 1511/521/1511
f 1509/522/1509 1508/511/1508 1551/510/1551
vt 0.2095369 0.5098186
f 1508/511/1508 1507/571/1507 1538/442/1538
vt 0.1872075 0.5115811
f 1538/442/1538 1507/571/1507 1453/572/1453
f 1538/442/1538 1453/572/1453 1539/512/1539
f 1539/512/1539 1453/572/1453 1556/513/1556
vt 0.4463286 0.5235752
f 1526/518/1526 1422/573/1422 1535/519/1535
vt 0.1842787 0.5179248
f 1520/574/1520 1518/525/1518 1570/447/1570
f 1556/513/1556 1520/574/1520 1570/447/1570
f 1556/513/1556 1453/572/1453 1520/574/1520
vt 0.1140044 0.4847618
f 1009/524/1009 1001/575/1001 998/475/998
vt 0.7598402 0.7682045
f 159/478/159 160/551/160 147/576/147
f 105/554/105 117/481/117 111/482/111
vt 0.4637625 0.7677111
f 105/554/105 111/482/111 103/577/103
vt 0.3539961 0.7789608
vt 0.3384458 0.7614481
f 334/578/334 384/579/384 370/528/370
vt 0.9042264 0.8981415
f 2277/560/2277 2261/533/2261 2253/580/2253
f 2261/533/2261 2250/561/2250 2253/580/2253
vt 0.9087117 0.9152122
f 2244/534/2244 2245/581/2245 2250/561/2250
vt 0.9025041 0.9352451
f 2242/488/2242 2243/582/2243 2244/534/2244
vt 0.6257575 0.3261827
f 865/490/865 917/583/917 909/562/909
vt 0.9134118 0.9430026
f 2242/488/2242 2259/535/2259 2254/584/2254
vt 0.9213908 0.9480768
f 2276/489/2276 2278/585/2278 2259/535/2259
vt 0.6625752 0.3561325
f 857/563/857 835/586/835 836/459/836
vt 0.6722885 0.3713784
f 835/586/835 663/587/663 657/428/657
f 835/586/835 657/428/657 836/459/836
f 663/587/663 633/536/633 657/428/657
f 614/537/614 577/564/577 578/492/578
f 2306/463/2306 2299/539/2299 2300/565/2300
vt 0.6614580 0.4426919
f 563/538/563 548/588/548 547/493/547
f 548/588/548 546/567/546 547/493/547
f 547/493/547 546/567/546 545/494/545
vt 0.9491721 0.4935869
f 2330/468/2330 2360/589/2360 2327/496/2327
vt 0.9902606 0.2395079
vt 0.9922839 0.2485585
f 1830/500/1830 1796/590/1796 1821/591/1821
vt 0.5516106 0.5082974
vt 0.5510408 0.5287510
vt 0.5300839 0.5040463
f 1562/592/1562 1512/593/1512 1548/594/1548
vt 0.9753104 0.2449234
f 1794/544/1794 1810/545/1810 1792/595/1792
vt 0.9661965 0.2381182
f 1810/545/1810 1809/596/1809 1792/595/1792
vt 0.5326949 0.5277839
f 1548/594/1548 1501/597/1501 1549/546/1549
vt 0.4265519 0.5149468
f 1505/569/1505 1544/598/1544 1545/570/1545
f 1545/570/1545 1544/598/1544 1553/547/1553
f 1553/547/1553 1544/598/1544 1524/548/1524
f 1810/545/1810 1820/516/1820 1809/596/1809
vt 0.9596404 0.2334553
f 1809/596/1809 1820/516/1820 1831/599/1831
vt 0.3926591 0.5243939
f 1511/521/1511 1524/548/1524 1408/600/1408
vt 0.3216624 0.5223349
f 1510/549/1510 1401/601/1401 1509/522/1509
vt 0.2816077 0.5222300
vt 0.2478683 0.5203446
f 1400/602/1400 1402/603/1402 1508/511/1508
f 1402/603/1402 1507/571/1507 1508/511/1508
f 998/475/998 1001/575/1001 1000/550/1000
vt 0.1804346 0.5237233
f 1518/525/1518 1387/604/1387 1517/526/1517
vt 0.7064212 0.7697125
vt 0.6898766 0.7709960
f 142/605/142 102/606/102 178/479/178
vt 0.7804515 0.7663174
f 147/576/147 160/551/160 157/607/157
vt 0.0502875 0.2402074
vt 0.0609758 0.2319329
f 896/558/896 958/608/958 915/609/915
vt 0.3010348 0.7810092
vt 0.3311487 0.7796026
f 365/610/365 384/579/384 358/611/358
vt 0.3029117 0.7608069
f 365/610/365 490/612/490 384/579/384
vt 0.9022475 0.8868008
f 2277/560/2277 2253/580/2253 2281/613/2281
f 917/583/917 865/490/865 912/486/912
f 2244/534/2244 2243/582/2243 2245/581/2245
f 835/586/835 857/563/857 909/562/909
vt 0.6948891 0.3868648
f 663/587/663 636/614/636 633/536/633
vt 0.6958297 0.4023322
f 636/614/636 613/615/613 633/536/633
f 633/536/633 613/615/613 614/537/614
f 613/615/613 577/564/577 614/537/614
vt 0.6816698 0.4290180
f 554/616/554 563/538/563 577/564/577
vt 0.8717973 0.4495622
f 2300/565/2300 2320/617/2320 2318/462/2318
f 554/616/554 548/588/548 563/538/563
vt 0.8831464 0.4586183
f 2297/540/2297 2298/618/2298 2299/539/2299
vt 0.9111348 0.4678284
vt 0.8940271 0.4674464
f 2295/619/2295 2296/620/2296 2297/540/2297
f 2297/540/2297 2296/620/2296 2298/618/2298
vt 0.9302928 0.4870599
vt 0.9105464 0.4781507
f 2316/566/2316 2326/621/2326 2305/622/2305
f 2316/566/2316 2305/622/2305 2295/619/2295
vt 0.9382614 0.4916741
f 2317/495/2317 2342/623/2342 2326/621/2326
f 2317/495/2317 2326/621/2326 2316/566/2316
f 2327/496/2327 2342/623/2342 2317/495/2317
vt 0.6047852 0.4802588
f 564/568/564 628/624/628 565/497/565
vt 0.9833955 0.2525198
f 1796/590/1796 1794/544/1794 1787/625/1787
f 1794/544/1794 1792/595/1792 1787/625/1787
vt 0.5726951 0.5130697
f 1561/626/1561 1512/593/1512 1562/592/1562
f 1512/593/1512 1501/597/1501 1548/594/1548
f 1549/546/1549 1501/597/1501 1521/504/1521
vt 0.4210824 0.5236827
f 1544/598/1544 1409/627/1409 1524/548/1524
f 1535/519/1535 1422/573/1422 1505/569/1505
f 1409/627/1409 1408/600/1408 1524/548/1524
vt 0.4844878 0.5303261
f 1525/471/1525 1521/504/1521 1415/628/1415
vt 0.4623382 0.5276998
f 1525/471/1525 1415/628/1415 1397/629/1397
f 1525/471/1525 1397/629/1397 1526/518/1526
f 1526/518/1526 1397/629/1397 1422/573/1422
vt 0.3564393 0.5241302
f 1399/630/1399 1510/549/1510 1511/521/1511
f 1510/549/1510 1399/630/1399 1401/601/1401
f 1509/522/1509 1401/601/1401 1508/511/1508
f 1401/601/1401 1400/602/1400 1508/511/1508
vt 0.1919158 0.5212053
f 1453/572/1453 1507/571/1507 1390/631/1390
vt 0.0976225 0.4824362
f 1000/550/1000 1001/575/1001 1002/632/1002
f 1520/574/1520 1387/604/1387 1518/525/1518
vt 0.1326843 0.5227609
f 1517/526/1517 1406/633/1406 1527/476/1527
f 1527/476/1527 1406/633/1406 1528/523/1528
vt 0.1211231 0.5133288
f 1528/523/1528 1406/633/1406 1529/634/1529
vt 0.1698401 0.5247452
f 1387/604/1387 1405/635/1405 1517/526/1517
vt 0.4578145 0.7847523
vt 0.4535236 0.7807138
f 105/554/105 92/636/92 262/637/262
vt 0.5399054 0.7768362
vt 0.5638453 0.7640424
vt 0.5762455 0.7761948
f 89/638/89 108/639/108 90/640/90
vt 0.4323016 0.7806008
vt 0.4328574 0.7686030
f 263/641/263 368/642/368 336/556/336
f 105/554/105 262/637/262 338/555/338
vt 0.0496844 0.2287624
f 915/609/915 958/608/958 977/643/977
vt 0.2873716 0.7860921
f 365/610/365 360/644/360 490/612/490
vt 0.2780069 0.7787873
vt 0.2881390 0.7625042
f 489/645/489 499/646/499 490/612/490
vt 0.2572425 0.7704399
f 489/645/489 500/647/500 499/646/499
vt 0.8941168 0.9069386
f 2253/580/2253 2250/561/2250 2248/648/2248
f 2250/561/2250 2245/581/2245 2248/648/2248
vt 0.8931719 0.9258518
f 2243/582/2243 2246/649/2246 2245/581/2245
f 2259/535/2259 2278/585/2278 2254/584/2254
vt 0.7030419 0.3734437
f 664/650/664 663/587/663 835/586/835
vt 0.7130538 0.4170269
f 576/651/576 577/564/577 613/615/613
f 576/651/576 554/616/554 577/564/577
vt 0.8742117 0.4526415
f 2300/565/2300 2298/618/2298 2301/652/2301
f 2300/565/2300 2301/652/2301 2320/617/2320
vt 0.8976387 0.4733648
f 2295/619/2295 2302/653/2302 2296/620/2296
f 2295/619/2295 2305/622/2305 2302/653/2302
vt 0.6686459 0.4484977
f 548/588/548 549/654/549 546/567/546
vt 0.6437716 0.4626856
f 549/654/549 561/655/561 546/567/546
vt 0.9100432 0.4820844
f 2326/621/2326 2338/656/2338 2305/622/2305
vt 0.6296319 0.4736290
f 561/655/561 568/657/568 546/567/546
f 546/567/546 568/657/568 564/568/564
vt 0.9892375 0.2581407
f 1821/591/1821 1796/590/1796 1795/658/1795
f 1796/590/1796 1787/625/1787 1795/658/1795
vt 0.6066532 0.5252031
vt 0.5912803 0.5325390
f 1560/659/1560 1533/660/1533 1561/626/1561
f 1561/626/1561 1533/660/1533 1512/593/1512
vt 0.9529647 0.2585487
f 1809/596/1809 1805/661/1805 1792/595/1792
vt 0.4260803 0.5241892
f 1505/569/1505 1504/662/1504 1544/598/1544
vt 0.9496435 0.2488275
f 1809/596/1809 1828/663/1828 1805/661/1805
vt 0.5110443 0.5306658
f 1501/597/1501 1420/664/1420 1521/504/1521
f 1544/598/1544 1504/662/1504 1409/627/1409
f 1809/596/1809 1831/599/1831 1828/663/1828
vt 0.4109522 0.5268553
f 1409/627/1409 1407/665/1407 1408/600/1408
f 1408/600/1408 1399/630/1399 1511/521/1511
vt 0.2076591 0.5210720
f 1507/571/1507 1402/603/1402 1394/666/1394
f 1394/666/1394 1390/631/1390 1507/571/1507
vt 0.1872261 0.5249304
f 1390/631/1390 1395/667/1395 1453/572/1453
f 1521/504/1521 1420/664/1420 1415/628/1415
f 1453/572/1453 1395/667/1395 1520/574/1520
vt 0.1145091 0.5213410
f 1406/633/1406 1515/668/1515 1529/634/1529
f 1517/526/1517 1405/635/1405 1406/633/1406
vt 0.6916175 0.7826732
f 142/605/142 97/669/97 102/606/102
vt 0.4510187 0.7834439
f 263/641/263 336/556/336 261/670/261
vt 0.6642229 0.7686931
vt 0.6617000 0.7614809
vt 0.6847176 0.7663723
f 100/671/100 106/672/106 101/673/101
vt 0.8134195 0.7631008
vt 0.8151410 0.7760273
f 170/553/170 176/674/176 162/675/162
vt 0.8265417 0.7566396
vt 0.8265972 0.7710749
f 176/674/176 508/676/508 195/677/195
vt 0.0585037 0.2179119
f 1017/678/1017 915/609/915 977/643/977
vt 0.2453576 0.7822058
f 489/645/489 488/679/488 500/647/500
vt 0.8943954 0.8968508
f 2253/580/2253 2248/648/2248 2262/680/2262
vt 0.2346623 0.7750190
f 488/679/488 497/681/497 500/647/500
vt 0.6726488 0.3449451
f 910/682/910 835/586/835 909/562/909
f 2242/488/2242 2254/584/2254 2243/582/2243
vt 0.6830667 0.3550824
f 910/682/910 868/683/868 835/586/835
vt 0.9093925 0.9495468
f 2254/584/2254 2278/585/2278 2279/684/2279
f 664/650/664 835/586/835 868/683/868
vt 0.7214021 0.3906698
f 635/685/635 613/615/613 636/614/636
vt 0.7399750 0.4057277
f 635/685/635 610/686/610 613/615/613
f 610/686/610 576/651/576 613/615/613
vt 0.8785112 0.4646876
f 2296/620/2296 2303/687/2303 2298/618/2298
vt 0.7094357 0.4324931
f 550/688/550 548/588/548 554/616/554
vt 0.9234348 0.4905909
f 2342/623/2342 2352/689/2352 2326/621/2326
vt 0.9933151 0.2602875
vt 0.9913291 0.2655582
f 1825/690/1825 1795/658/1795 1814/691/1814
f 568/657/568 628/624/628 564/568/564
vt 0.9823117 0.2775047
f 1795/658/1795 1787/625/1787 1784/692/1784
vt 0.9750059 0.2712000
f 1787/625/1787 1792/595/1792 1780/693/1780
vt 0.9594851 0.2700676
f 1792/595/1792 1785/694/1785 1780/693/1780
vt 0.5668555 0.5351474
f 1533/660/1533 1513/695/1513 1512/593/1512
f 1792/595/1792 1805/661/1805 1785/694/1785
vt 0.9366437 0.2678473
f 1805/661/1805 1828/663/1828 1827/696/1827
vt 0.0832124 0.4885929
vt 0.0806557 0.4841908
f 1002/632/1002 1003/697/1003 1004/698/1004
f 1001/575/1001 1003/697/1003 1002/632/1002
vt 0.0909953 0.5214139
f 1529/634/1529 1515/668/1515 1568/699/1568
vt 0.4455554 0.5426711
f 1397/629/1397 1321/700/1321 1422/573/1422
vt 0.3204222 0.7981414
f 319/701/319 365/610/365 358/611/358
vt 0.3476536 0.7848573
f 319/701/319 358/611/358 318/702/318
vt 0.2617996 0.7942086
f 361/703/361 489/645/489 360/644/360
f 2245/581/2245 2246/649/2246 2248/648/2248
vt 0.7149113 0.3665024
f 868/683/868 866/704/866 664/650/664
vt 0.7354745 0.3777527
f 665/705/665 636/614/636 664/650/664
f 665/705/665 635/685/635 636/614/636
vt 0.1178148 0.8946390
vt 0.1170561 0.9066125
vt 0.1052971 0.8975390
f 1883/706/1883 1882/707/1882 1877/708/1877
vt 0.1296087 0.8981314
f 1883/706/1883 1888/709/1888 1882/707/1882
vt 0.8520668 0.9313298
vt 0.8518659 0.9010491
vt 0.8489305 0.9181876
f 3261/710/3261 3265/711/3265 3267/712/3267
vt 0.8545967 0.8973284
f 3265/711/3265 3261/710/3261 3263/713/3263
vt 0.8690255 0.4657933
f 2301/652/2301 2303/687/2303 2304/714/2304
f 2296/620/2296 2302/653/2302 2303/687/2303
vt 0.7104903 0.4447435
f 550/688/550 551/715/551 549/654/549
f 549/654/549 548/588/548 550/688/550
vt 0.8967760 0.4823589
f 2305/622/2305 2337/716/2337 2302/653/2302
f 2338/656/2338 2337/716/2337 2305/622/2305
vt 0.6742558 0.4608731
f 549/654/549 560/717/560 561/655/561
vt 0.9870789 0.2724983
f 1814/691/1814 1795/658/1795 1803/718/1803
f 1795/658/1795 1784/692/1784 1803/718/1803
vt 0.6318096 0.5283701
f 1559/719/1559 1533/660/1533 1560/659/1560
f 1787/625/1787 1780/693/1780 1784/692/1784
vt 0.9660944 0.2790825
f 1780/693/1780 1785/694/1785 1779/720/1779
vt 0.5830039 0.5438716
f 1421/721/1421 1513/695/1513 1533/660/1533
vt 0.9421105 0.2731891
vt 0.9499503 0.2831949
f 1805/661/1805 1806/722/1806 1781/723/1781
f 1785/694/1785 1805/661/1805 1781/723/1781
vt 0.5457335 0.5435344
f 1512/593/1512 1513/695/1513 1403/724/1403
f 1512/593/1512 1403/724/1403 1501/597/1501
f 1805/661/1805 1827/696/1827 1806/722/1806
vt 0.5316800 0.5437490
f 1501/597/1501 1403/724/1403 1389/725/1389
f 1501/597/1501 1389/725/1389 1420/664/1420
vt 0.4283141 0.5378845
f 1412/726/1412 1504/662/1504 1505/569/1505
vt 0.4250586 0.5338650
f 1504/662/1504 1413/727/1413 1409/627/1409
vt 0.0594792 0.4872444
f 1004/698/1004 1003/697/1003 1005/728/1005
vt 0.0584977 0.4937739
f 1003/697/1003 1006/729/1006 1005/728/1005
f 1321/700/1321 1412/726/1412 1505/569/1505
vt 0.4209903 0.5380515
vt 0.4133548 0.5406966
f 1322/730/1322 1312/731/1312 1407/665/1407
f 1409/627/1409 1322/730/1322 1407/665/1407
vt 0.3914616 0.5398674
f 1407/665/1407 1313/732/1313 1408/600/1408
vt 0.2034376 0.5352145
f 1394/666/1394 1299/733/1299 1390/631/1390
vt 0.0834209 0.5300971
f 1515/668/1515 1516/734/1516 1568/699/1568
f 1422/573/1422 1321/700/1321 1505/569/1505
vt 0.1514380 0.5359691
f 1405/635/1405 1305/735/1305 1406/633/1406
vt 0.7073608 0.7887474
vt 0.7143334 0.7777909
f 143/736/143 142/605/142 144/737/144
vt 0.4022734 0.8009538
vt 0.4132110 0.7826803
vt 0.4201861 0.7978616
f 242/738/242 255/739/255 236/740/236
vt 0.6831620 0.7795639
f 82/741/82 102/606/102 97/669/97
vt 0.4538658 0.8019986
f 92/636/92 235/742/235 262/637/262
vt 0.2313702 0.7933289
vt 0.2084050 0.7904960
f 497/681/497 372/743/372 374/744/374
vt 0.8933221 0.9501489
f 2254/584/2254 2255/745/2255 2243/582/2243
vt 0.9231262 0.2044889
vt 0.9166837 0.2112067
vt 0.9209944 0.2129827
f 2452/746/2452 2470/747/2470 2451/748/2451
vt 0.0914561 0.8947247
vt 0.0905628 0.8995528
f 1874/749/1874 1877/708/1877 1871/750/1871
vt 0.1027274 0.9171792
f 1877/708/1877 1876/751/1876 1871/750/1871
vt 0.0890389 0.9123943
f 1871/750/1871 1876/751/1876 1870/752/1870
vt 0.1034765 0.8923236
f 1874/749/1874 1884/753/1884 1877/708/1877
vt 0.2125234 0.7665104
vt 0.2120378 0.7702410
vt 0.2063280 0.7705939
f 3321/754/3321 3323/755/3323 3325/756/3325
vt 0.9134690 0.2153784
vt 0.9200925 0.2195710
f 2466/757/2466 2453/758/2453 2451/748/2451
vt 0.7416547 0.3911631
f 665/705/665 634/759/634 635/685/635
f 1877/708/1877 1882/707/1882 1876/751/1876
vt 0.1151888 0.9299304
f 1882/707/1882 1881/760/1881 1876/751/1876
vt 0.1038965 0.9328917
f 1876/751/1876 1881/760/1881 1878/761/1878
vt 0.8543620 0.9363027
vt 0.8551694 0.9289086
f 3264/762/3264 3262/763/3262 3261/710/3261
vt 0.9076684 0.2271757
f 2466/757/2466 2469/764/2469 2453/758/2453
f 1884/753/1884 1883/706/1883 1877/708/1877
vt 0.1162217 0.9373871
f 1881/760/1881 1885/765/1885 1878/761/1878
vt 0.9071756 0.2365285
f 2469/764/2469 2474/766/2474 2453/758/2453
f 634/759/634 610/686/610 635/685/635
vt 0.8444847 0.5830025
vt 0.8502823 0.6103058
vt 0.8436264 0.5983177
f 23/767/23 19/768/19 34/769/34
vt 0.1289806 0.9253397
f 1882/707/1882 1889/770/1889 1881/760/1881
vt 0.1294128 0.9325023
f 1889/770/1889 1891/771/1891 1881/760/1881
f 1881/760/1881 1891/771/1891 1885/765/1885
f 3261/710/3261 3262/763/3262 3263/713/3263
vt 0.1299580 0.9106526
f 1888/709/1888 1890/772/1890 1882/707/1882
vt 0.7393714 0.4196734
f 575/773/575 576/651/576 610/686/610
f 1890/772/1890 1889/770/1889 1882/707/1882
vt 0.8962324 0.2393583
f 2469/764/2469 2476/774/2476 2474/766/2474
vt 0.1436486 0.8956353
f 1883/706/1883 1897/775/1897 1888/709/1888
vt 0.1305848 0.8922414
f 1883/706/1883 1899/776/1899 1897/775/1897
vt 0.8850060 0.8169603
vt 0.8937730 0.8003494
vt 0.8870871 0.7995650
f 1708/777/1708 1718/778/1718 1603/779/1603
vt 0.1437754 0.9134209
f 1888/709/1888 1894/780/1894 1890/772/1890
vt 0.7395377 0.4338840
f 575/773/575 553/781/553 576/651/576
f 553/781/553 554/616/554 576/651/576
vt 0.1432556 0.8984716
f 1897/775/1897 1896/782/1896 1888/709/1888
f 1888/709/1888 1896/782/1896 1894/780/1894
f 1890/772/1890 1894/780/1894 1889/770/1889
vt 0.8783423 0.5071839
vt 0.8870123 0.5041678
vt 0.8825048 0.5027629
f 3349/783/3349 3348/784/3348 3347/785/3347
vt 0.8551694 0.8903257
f 3263/713/3263 3266/786/3266 3265/711/3265
f 553/781/553 550/688/550 554/616/554
vt 0.6531047 0.4791963
f 561/655/561 573/787/573 568/657/568
vt 0.9361830 0.2834075
f 1806/722/1806 1827/696/1827 1807/788/1807
f 1504/662/1504 1412/726/1412 1413/727/1413
vt 0.5082382 0.5446582
f 1420/664/1420 1389/725/1389 1325/789/1325
f 1409/627/1409 1413/727/1413 1322/730/1322
vt 0.0672559 0.5311276
f 1568/699/1568 1516/734/1516 1536/790/1536
f 1325/789/1325 1415/628/1415 1420/664/1420
vt 0.4856617 0.5448604
f 1325/789/1325 1315/791/1315 1415/628/1415
f 1407/665/1407 1312/731/1312 1313/732/1313
f 1408/600/1408 1313/732/1313 1399/630/1399
vt 0.3512379 0.5397899
f 1313/732/1313 1302/792/1302 1399/630/1399
vt 0.3211219 0.5386363
f 1302/792/1302 1301/793/1301 1399/630/1399
f 1399/630/1399 1301/793/1301 1401/601/1401
vt 0.2743000 0.5373383
f 1301/793/1301 1300/794/1300 1400/602/1400
f 1401/601/1401 1301/793/1301 1400/602/1400
f 1400/602/1400 1300/794/1300 1402/603/1402
f 1402/603/1402 1300/794/1300 1394/666/1394
f 1394/666/1394 1300/794/1300 1299/733/1299
vt 0.1875138 0.5426635
f 1390/631/1390 1299/733/1299 1284/795/1284
f 1390/631/1390 1284/795/1284 1395/667/1395
vt 0.0951538 0.5325127
f 1515/668/1515 1396/796/1396 1516/734/1516
vt 0.1832994 0.5402815
f 1395/667/1395 1277/797/1277 1520/574/1520
f 1520/574/1520 1277/797/1277 1387/604/1387
vt 0.1163680 0.5359182
f 1305/735/1305 1314/798/1314 1406/633/1406
f 1515/668/1515 1406/633/1406 1396/796/1396
f 1406/633/1406 1314/798/1314 1396/796/1396
vt 0.1703686 0.5411056
f 1387/604/1387 1278/799/1278 1405/635/1405
f 1405/635/1405 1278/799/1278 1305/735/1305
vt 0.3833609 0.8060939
vt 0.3882192 0.7860165
f 242/738/242 244/800/244 254/801/254
vt 0.4590994 0.8014387
f 92/636/92 85/802/85 235/742/235
vt 0.6257224 0.7853621
vt 0.6635928 0.7761049
vt 0.6583852 0.7917307
f 84/803/84 87/804/87 78/805/78
vt 0.4533138 0.7921492
f 260/806/260 262/637/262 235/742/235
vt 0.2855523 0.8026330
f 320/807/320 361/703/361 360/644/360
vt 0.6774427 0.3333002
f 946/808/946 910/682/910 909/562/909
vt 0.8798249 0.9149644
vt 0.8882716 0.9056385
f 2248/648/2248 2256/809/2256 2257/810/2257
vt 0.6951447 0.3393443
f 946/808/946 945/811/945 910/682/910
vt 0.8851597 0.9256622
f 2246/649/2246 2249/812/2249 2248/648/2248
vt 0.7197094 0.3597175
f 910/682/910 945/811/945 908/813/908
f 908/813/908 868/683/868 910/682/910
vt 0.8905302 0.9415677
f 2243/582/2243 2247/814/2247 2246/649/2246
f 2247/814/2247 2249/812/2249 2246/649/2246
f 2243/582/2243 2255/745/2255 2247/814/2247
vt 0.9307011 0.1981254
vt 0.9306512 0.2026325
f 2450/815/2450 2452/746/2452 2448/816/2448
vt 0.0770765 0.8971052
f 1864/817/1864 1874/749/1874 1871/750/1871
vt 0.2319184 0.7655928
vt 0.2253386 0.7692525
vt 0.2218389 0.7648467
f 3317/818/3317 3318/819/3318 3319/820/3319
f 866/704/866 665/705/665 664/650/664
vt 0.9331993 0.2085804
f 2448/816/2448 2451/748/2451 2449/821/2449
vt 0.2168656 0.7702678
f 3318/819/3318 3322/822/3322 3321/754/3321
f 3319/820/3319 3318/819/3318 3321/754/3321
f 2451/748/2451 2453/758/2453 2449/821/2449
vt 0.8435829 0.5700313
vt 0.8476468 0.5695844
f 38/823/38 11/824/11 23/767/23
vt 0.0904274 0.9309679
f 1870/752/1870 1876/751/1876 1875/825/1875
f 1876/751/1876 1878/761/1878 1875/825/1875
vt 0.0956344 0.9376812
f 1878/761/1878 1879/826/1879 1875/825/1875
f 3321/754/3321 3322/822/3322 3323/755/3323
vt 0.1003794 0.9376399
f 1878/761/1878 1880/827/1880 1879/826/1879
vt 0.7554964 0.3805792
vt 0.7598655 0.3933475
f 666/828/666 642/829/642 634/759/634
vt 0.7574253 0.4070467
f 642/829/642 611/830/611 634/759/634
vt 0.1060331 0.9401341
f 1880/827/1880 1885/765/1885 1886/831/1886
vt 0.7734350 0.4080067
f 642/829/642 612/832/612 611/830/611
f 611/830/611 610/686/610 634/759/634
f 23/767/23 11/824/11 19/768/19
vt 0.1359688 0.9401341
f 1885/765/1885 1887/833/1887 1886/831/1886
vt 0.8580635 0.6239241
f 19/768/19 11/824/11 12/834/12
vt 0.1308382 0.9377031
f 1885/765/1885 1892/835/1892 1887/833/1887
vt 0.7717006 0.4217860
vt 0.7532766 0.4213365
f 585/836/585 574/837/574 611/830/611
f 611/830/611 574/837/574 610/686/610
f 574/837/574 575/773/575 610/686/610
vt 0.1395134 0.9378735
f 1891/771/1891 1895/838/1895 1892/835/1892
vt 0.8635189 0.4663928
f 2304/714/2304 2323/839/2323 2301/652/2301
vt 0.8532006 0.6245455
f 19/768/19 12/834/12 42/840/42
vt 0.1428246 0.9301121
f 1889/770/1889 1893/841/1893 1891/771/1891
f 1891/771/1891 1893/841/1893 1895/838/1895
f 574/837/574 553/781/553 575/773/575
vt 0.8740665 0.4712006
f 2303/687/2303 2324/842/2324 2304/714/2304
f 1889/770/1889 1894/780/1894 1893/841/1893
vt 0.8880401 0.4794470
f 2303/687/2303 2325/843/2325 2324/842/2324
vt 0.8940581 0.5022319
f 3347/785/3347 3348/784/3348 3346/844/3346
vt 0.8889423 0.4996756
f 3347/785/3347 3346/844/3346 3345/845/3345
vt 0.1786987 0.2331888
vt 0.1886860 0.2298698
vt 0.1963046 0.2323149
f 3358/846/3358 3357/847/3357 3353/848/3353
vt 0.8912781 0.2574646
vt 0.8993268 0.2522833
f 2476/774/2476 2509/849/2509 2478/850/2478
f 2302/653/2302 2325/843/2325 2303/687/2303
vt 0.1974590 0.2278613
f 3356/851/3356 3353/848/3353 3357/847/3357
f 2337/716/2337 2325/843/2325 2302/653/2302
vt 0.9049913 0.4880514
f 2338/656/2338 2348/852/2348 2337/716/2337
f 551/715/551 560/717/560 549/654/549
vt 0.9915075 0.2795676
vt 0.9901664 0.2984836
vt 0.9939670 0.2759607
f 1815/853/1815 1816/854/1816 1838/855/1838
vt 0.9882061 0.2853419
f 1815/853/1815 1803/718/1803 1802/856/1802
f 1803/718/1803 1784/692/1784 1802/856/1802
f 560/717/560 573/787/573 561/655/561
vt 0.6517862 0.5423285
vt 0.6187803 0.5448421
f 1559/719/1559 1519/857/1519 1469/858/1469
f 1559/719/1559 1469/858/1469 1533/660/1533
f 1785/694/1785 1781/723/1781 1779/720/1779
f 1469/858/1469 1421/721/1421 1533/660/1533
vt 0.9419508 0.2958552
f 1806/722/1806 1807/788/1807 1782/859/1782
f 1781/723/1781 1806/722/1806 1782/859/1782
vt 0.5665517 0.5440595
f 1513/695/1513 1421/721/1421 1404/860/1404
vt 0.9264136 0.2764392
f 1827/696/1827 1836/861/1836 1807/788/1807
vt 0.0483881 0.4936997
f 1006/729/1006 1008/862/1008 1005/728/1005
vt 0.0718739 0.5389520
f 1396/796/1396 1398/863/1398 1516/734/1516
f 1415/628/1415 1315/791/1315 1397/629/1397
f 1397/629/1397 1315/791/1315 1321/700/1321
f 1395/667/1395 1284/795/1284 1277/797/1277
f 1387/604/1387 1277/797/1277 1278/799/1278
vt 0.7289103 0.7957016
vt 0.7076554 0.8003489
f 143/736/143 150/864/150 151/865/151
vt 0.8363839 0.7739291
vt 0.8263248 0.7809213
f 195/677/195 513/866/513 171/867/171
vt 0.2587070 0.8041253
f 330/868/330 361/703/361 320/807/320
vt 0.7215160 0.3469172
f 945/811/945 944/869/944 908/813/908
vt 0.9364093 0.1943524
f 2450/815/2450 2448/816/2448 2447/870/2447
f 1864/817/1864 1871/750/1871 1870/752/1870
vt 0.0828079 0.9291558
f 1870/752/1870 1875/825/1875 1869/871/1869
vt 0.2351976 0.7695175
f 3317/818/3317 3320/872/3320 3318/819/3318
vt 0.7489046 0.3686858
f 867/873/867 665/705/665 866/704/866
vt 0.7758219 0.3939322
f 647/874/647 642/829/642 666/828/666
vt 0.7888292 0.3955117
vt 0.7875823 0.4092908
f 645/875/645 623/876/623 647/874/647
f 623/876/623 612/832/612 647/874/647
f 647/874/647 612/832/612 642/829/642
vt 0.7983497 0.3960177
vt 0.8000599 0.4103356
f 641/877/641 622/878/622 623/876/623
f 641/877/641 623/876/623 645/875/645
vt 0.8614711 0.6025290
f 11/824/11 10/879/10 12/834/12
vt 0.8391266 0.4112461
vt 0.8380195 0.4257593
vt 0.8288810 0.4126793
f 812/880/812 801/881/801 627/882/627
vt 0.7862584 0.4241127
f 593/883/593 585/836/585 612/832/612
f 623/876/623 593/883/593 612/832/612
f 612/832/612 585/836/585 611/830/611
f 622/878/622 593/883/593 623/876/623
vt 0.7859051 0.4395794
f 589/884/589 585/836/585 593/883/593
vt 0.7736791 0.4370243
f 585/836/585 570/885/570 574/837/574
vt 0.7554019 0.4377170
f 570/885/570 556/886/556 574/837/574
f 556/886/556 553/781/553 574/837/574
vt 0.1572722 0.9229970
f 1894/780/1894 1900/887/1900 1893/841/1893
vt 0.1550661 0.9379462
vt 0.1463972 0.9378622
f 1893/841/1893 1901/888/1901 1898/889/1898
vt 0.9031959 0.5009617
f 3346/844/3346 3344/890/3344 3345/845/3345
vt 0.8945447 0.2646931
f 2478/850/2478 2509/849/2509 2480/891/2480
vt 0.7405116 0.4437766
f 552/892/552 550/688/550 553/781/553
vt 0.8653283 0.6335247
f 12/834/12 13/893/13 42/840/42
vt 0.1577701 0.9034077
f 1897/775/1897 1902/894/1902 1896/782/1896
f 1896/782/1896 1902/894/1902 1894/780/1894
f 1894/780/1894 1902/894/1902 1900/887/1900
vt 0.8984666 0.4984150
f 3345/845/3345 3344/890/3344 3343/895/3343
f 550/688/550 552/892/552 551/715/551
vt 0.8663990 0.6405804
f 13/893/13 50/896/50 42/840/42
vt 0.1635472 0.8959996
f 1897/775/1897 1903/897/1903 1902/894/1902
vt 0.2120966 0.2253578
f 3356/851/3356 3350/898/3350 3353/848/3353
vt 0.7299228 0.4516109
f 552/892/552 558/899/558 551/715/551
vt 0.8966335 0.4920307
f 2348/852/2348 2350/900/2350 2337/716/2337
vt 0.7021185 0.4630426
f 558/899/558 562/901/562 551/715/551
f 551/715/551 562/901/562 560/717/560
f 1815/853/1815 1802/856/1802 1816/854/1816
vt 0.7025470 0.5450344
vt 0.6860958 0.5542660
f 1566/902/1566 1543/903/1543 1519/857/1519
f 562/901/562 573/787/573 560/717/560
vt 0.9813743 0.3042089
f 1802/856/1802 1784/692/1784 1783/904/1783
vt 0.9726318 0.2917536
f 1780/693/1780 1777/905/1777 1784/692/1784
f 1780/693/1780 1779/720/1779 1777/905/1777
vt 0.9510398 0.3046404
f 1777/905/1777 1779/720/1779 1775/906/1775
f 1779/720/1779 1781/723/1781 1775/906/1775
f 1781/723/1781 1782/859/1782 1775/906/1775
f 1513/695/1513 1404/860/1404 1403/724/1403
vt 0.9261932 0.2851660
vt 0.9315100 0.2930023
f 1807/788/1807 1829/907/1829 1811/908/1811
vt 0.9205843 0.2951841
f 1829/907/1829 1834/909/1834 1811/908/1811
f 1807/788/1807 1836/861/1836 1829/907/1829
vt 0.4261842 0.5439224
f 1412/726/1412 1382/910/1382 1413/727/1413
f 1413/727/1413 1382/910/1382 1322/730/1322
f 1516/734/1516 1398/863/1398 1536/790/1536
vt 0.2002779 0.5457515
f 1285/911/1285 1299/733/1299 1300/794/1300
vt 0.0847559 0.5428106
f 1314/798/1314 1320/912/1320 1396/796/1396
f 1396/796/1396 1320/912/1320 1398/863/1398
vt 0.1194134 0.5498156
f 1305/735/1305 1280/913/1280 1314/798/1314
vt 0.8158927 0.7918910
vt 0.8259375 0.7896217
f 164/914/164 171/867/171 173/915/173
vt 0.2204382 0.8065487
f 361/703/361 330/868/330 331/916/331
f 361/703/361 331/916/331 372/743/372
vt 0.2410873 0.7705939
f 3324/917/3324 3320/872/3320 3317/818/3317
vt 0.3656167 0.9741782
vt 0.3691876 0.9715754
vt 0.3587344 0.9717139
f 3326/918/3326 3328/919/3328 3329/920/3329
vt 0.9455821 0.1985638
f 2447/870/2447 2448/816/2448 2446/921/2446
vt 0.8780522 0.9345871
f 2249/812/2249 2247/814/2247 2270/922/2270
vt 0.0740121 0.8932493
f 1872/923/1872 1874/749/1874 1864/817/1864
vt 0.8506059 0.5529236
vt 0.8515601 0.5581661
f 32/924/32 9/925/9 38/823/38
vt 0.0744572 0.9155763
f 1870/752/1870 1869/871/1869 1862/926/1862
vt 0.0732104 0.9269565
f 1862/926/1862 1869/871/1869 1861/927/1861
vt 0.0753356 0.9344753
f 1861/927/1861 1869/871/1869 1866/928/1866
f 38/823/38 9/925/9 11/824/11
vt 0.8799485 0.9518377
vt 0.8789256 0.9488566
f 2247/814/2247 2269/929/2269 2271/930/2271
vt 0.0873034 0.9376125
vt 0.0776269 0.9379268
f 1866/928/1866 1873/931/1873 1868/932/1868
f 666/828/666 665/705/665 867/873/867
vt 0.9247249 0.2250069
vt 0.9423575 0.2229148
vt 0.9359232 0.2157742
f 2464/933/2464 2456/934/2456 2455/935/2455
vt 0.7915027 0.3785168
f 641/877/641 645/875/645 839/936/839
vt 0.7812427 0.3785729
f 839/936/839 645/875/645 840/937/840
f 840/937/840 645/875/645 647/874/647
vt 0.7682891 0.3798584
f 840/937/840 647/874/647 841/938/841
vt 0.9327021 0.2328961
f 2456/934/2456 2464/933/2464 2465/939/2465
vt 0.8170727 0.3984616
vt 0.8082395 0.3951571
f 643/940/643 641/877/641 849/941/849
f 643/940/643 622/878/622 641/877/641
vt 0.8240135 0.4122989
vt 0.8254619 0.3961579
f 627/882/627 607/942/607 650/943/650
vt 0.9235733 0.2418652
vt 0.9374319 0.2334616
f 2465/939/2465 2473/944/2473 2468/945/2468
vt 0.8217413 0.3973927
f 650/943/650 607/942/607 644/946/644
vt 0.8156499 0.4116826
f 644/946/644 624/947/624 643/940/643
f 11/824/11 9/925/9 10/879/10
f 644/946/644 607/942/607 624/947/624
f 643/940/643 624/947/624 622/878/622
vt 0.8090369 0.4248593
f 624/947/624 594/948/594 622/878/622
f 622/878/622 594/948/594 593/883/593
vt 0.8247870 0.4281399
f 627/882/627 599/949/599 607/942/607
vt 0.8199024 0.4268603
f 599/949/599 597/950/597 607/942/607
f 607/942/607 597/950/597 624/947/624
f 624/947/624 597/950/597 594/948/594
f 801/881/801 599/949/599 627/882/627
vt 0.8283042 0.4320553
f 801/881/801 653/951/653 599/949/599
vt 0.7939661 0.4390044
f 594/948/594 592/952/592 593/883/593
vt 0.8374011 0.4370657
f 801/881/801 822/953/822 653/951/653
f 593/883/593 592/952/592 589/884/589
f 589/884/589 570/885/570 585/836/585
vt 0.8732486 0.4882913
f 2325/843/2325 2339/954/2339 2324/842/2324
f 556/886/556 552/892/552 553/781/553
vt 0.9116770 0.5011437
f 3343/895/3343 3344/890/3344 3342/955/3342
vt 0.9143346 0.4976053
f 3343/895/3343 3342/955/3342 3341/956/3341
vt 0.2023428 0.2370690
f 3353/848/3353 3350/898/3350 3352/957/3352
vt 0.7384453 0.4607340
f 558/899/558 566/958/566 562/901/562
vt 0.9859692 0.3003434
f 1816/854/1816 1802/856/1802 1801/959/1801
f 1802/856/1802 1783/904/1783 1801/959/1801
f 1784/692/1784 1777/905/1777 1783/904/1783
vt 0.6844127 0.5615076
f 1543/903/1543 1416/960/1416 1519/857/1519
vt 0.6308714 0.5506973
f 1519/857/1519 1426/961/1426 1469/858/1469
vt 0.5958862 0.5545446
f 1469/858/1469 1426/961/1426 1393/962/1393
f 1469/858/1469 1393/962/1393 1421/721/1421
vt 0.5706611 0.5575088
f 1421/721/1421 1364/963/1364 1404/860/1404
vt 0.5484711 0.5581219
f 1404/860/1404 1287/964/1287 1403/724/1403
f 1403/724/1403 1287/964/1287 1389/725/1389
vt 0.0549472 0.5471730
vt 0.0572738 0.5338197
f 1536/790/1536 1414/965/1414 1547/966/1547
vt 0.5243520 0.5582740
f 1389/725/1389 1286/967/1286 1325/789/1325
vt 0.4324288 0.5548788
f 1412/726/1412 1289/968/1289 1382/910/1382
vt 0.5054008 0.5584046
f 1325/789/1325 1266/969/1266 1315/791/1315
f 1321/700/1321 1289/968/1289 1412/726/1412
vt 0.4195775 0.5539509
f 1322/730/1322 1275/970/1275 1312/731/1312
vt 0.4085988 0.5532227
vt 0.3943612 0.5540561
f 1312/731/1312 1274/971/1274 1273/972/1273
f 1312/731/1312 1273/972/1273 1313/732/1313
f 1313/732/1313 1273/972/1273 1302/792/1302
vt 0.3533416 0.5531029
f 1302/792/1302 1273/972/1273 1263/973/1263
vt 0.3110693 0.5524086
f 1301/793/1301 1265/974/1265 1300/794/1300
vt 0.2725399 0.5510734
f 1300/794/1300 1264/975/1264 1285/911/1285
f 1299/733/1299 1285/911/1285 1284/795/1284
vt 0.4921852 0.5589437
f 1266/969/1266 1220/976/1220 1315/791/1315
vt 0.4733670 0.5569808
f 1315/791/1315 1220/976/1220 1221/977/1221
f 1315/791/1315 1221/977/1221 1321/700/1321
vt 0.4453494 0.5553010
f 1321/700/1321 1221/977/1221 1271/978/1271
vt 0.1027105 0.5494825
f 1280/913/1280 1281/979/1281 1314/798/1314
f 1314/798/1314 1281/979/1281 1320/912/1320
vt 0.1991308 0.8108546
vt 0.1900007 0.7937394
f 329/980/329 373/981/373 374/744/374
vt 0.0606656 0.8975626
f 1872/923/1872 1864/817/1864 1850/982/1850
vt 0.0647845 0.9100115
f 1864/817/1864 1862/926/1862 1853/983/1853
f 1850/982/1850 1864/817/1864 1853/983/1853
f 1853/983/1853 1862/926/1862 1861/927/1861
vt 0.3792938 0.9745378
f 3326/918/3326 3327/984/3327 3328/919/3328
vt 0.7520155 0.3604608
f 929/985/929 908/813/908 944/869/944
f 2247/814/2247 2271/930/2271 2270/922/2270
vt 0.7672219 0.3698008
f 869/986/869 841/938/841 666/828/666
f 869/986/869 666/828/666 867/873/867
f 840/937/840 841/938/841 869/986/869
vt 0.8238599 0.3822128
vt 0.8266048 0.3835468
f 852/987/852 855/988/855 650/943/650
vt 0.8169618 0.3842111
f 852/987/852 644/946/644 850/989/850
vt 0.8027529 0.3793086
f 843/990/843 641/877/641 839/936/839
f 2456/934/2456 2465/939/2465 2468/945/2468
f 852/987/852 650/943/650 644/946/644
f 850/989/850 849/941/849 843/990/843
f 843/990/843 849/941/849 641/877/641
f 644/946/644 643/940/643 850/989/850
f 850/989/850 643/940/643 849/941/849
vt 0.8119783 0.4420166
f 597/950/597 595/991/595 594/948/594
f 594/948/594 595/991/595 592/952/592
vt 0.8637560 0.4821861
f 2324/842/2324 2336/992/2336 2304/714/2304
vt 0.8281478 0.4448200
f 822/953/822 654/993/654 653/951/653
vt 0.8202513 0.4420813
f 599/949/599 598/994/598 597/950/597
f 597/950/597 598/994/598 595/991/595
vt 0.8364218 0.4469862
f 822/953/822 959/995/959 654/993/654
vt 0.7718606 0.4457738
f 589/884/589 569/996/569 570/885/570
f 570/885/570 569/996/569 556/886/556
vt 0.8829697 0.4939380
f 2349/997/2349 2339/954/2339 2325/843/2325
f 2337/716/2337 2349/997/2349 2325/843/2325
vt 0.7528740 0.4510210
f 569/996/569 557/998/557 556/886/556
f 556/886/556 557/998/557 552/892/552
f 2350/900/2350 2349/997/2349 2337/716/2337
f 557/998/557 558/899/558 552/892/552
vt 0.6825938 0.9632438
vt 0.6925395 0.9696503
vt 0.6813725 0.9784483
f 2063/999/2063 2059/1000/2059 2064/1001/2064
vt 0.6893444 0.9781387
f 2064/1001/2064 2059/1000/2059 2061/1002/2061
vt 0.6825377 0.9435133
vt 0.6883718 0.9362220
vt 0.6922346 0.9535655
f 2062/1003/2062 2060/1004/2060 2057/1005/2057
f 2062/1003/2062 2057/1005/2057 2063/999/2063
f 2063/999/2063 2057/1005/2057 2059/1000/2059
vt 0.2170041 0.2345272
f 3350/898/3350 3351/1006/3351 3352/957/3352
vt 0.9206833 0.5027534
f 3342/955/3342 3336/1007/3336 3341/956/3341
vt 0.9731129 0.3109270
f 1783/904/1783 1777/905/1777 1774/1008/1774
f 1777/905/1777 1775/906/1775 1774/1008/1774
vt 0.6586688 0.5594233
f 1416/960/1416 1392/1009/1392 1519/857/1519
f 1519/857/1519 1392/1009/1392 1426/961/1426
vt 0.9442921 0.3149709
f 1775/906/1775 1782/859/1782 1789/1010/1789
f 1404/860/1404 1364/963/1364 1287/964/1287
vt 0.9148842 0.2901974
f 1829/907/1829 1841/1011/1841 1834/909/1834
vt 0.0455705 0.5458168
vt 0.0493144 0.5334782
f 1547/966/1547 1577/1012/1577 1584/1013/1584
vt 0.0496620 0.5501439
f 1414/965/1414 1452/1014/1452 1577/1012/1577
f 1547/966/1547 1414/965/1414 1577/1012/1577
f 1287/964/1287 1286/967/1286 1389/725/1389
f 1398/863/1398 1414/965/1414 1536/790/1536
f 1325/789/1325 1286/967/1286 1266/969/1266
vt 0.4256811 0.5550166
f 1296/1015/1296 1275/970/1275 1322/730/1322
f 1382/910/1382 1296/1015/1296 1322/730/1322
f 1275/970/1275 1274/971/1274 1312/731/1312
f 1271/978/1271 1289/968/1289 1321/700/1321
f 1263/973/1263 1265/974/1265 1301/793/1301
f 1302/792/1302 1263/973/1263 1301/793/1301
f 1265/974/1265 1264/975/1264 1300/794/1300
vt 0.1759927 0.5551761
f 1277/797/1277 1270/1016/1270 1278/799/1278
vt 0.1466907 0.5513352
f 1305/735/1305 1279/1017/1279 1280/913/1280
vt 0.1701451 0.5547846
f 1270/1016/1270 1259/1018/1259 1278/799/1278
f 1305/735/1305 1278/799/1278 1279/1017/1279
vt 0.4525506 0.8107491
f 193/1019/193 235/742/235 85/802/85
vt 0.2882772 0.8165531
vt 0.3149866 0.8133601
f 275/1020/275 320/807/320 269/1021/269
vt 0.2409021 0.8128998
f 314/1022/314 331/916/331 330/868/330
vt 0.8585672 0.5368980
vt 0.8613266 0.5396777
f 47/1023/47 8/1024/8 32/924/32
vt 0.0667448 0.9283270
vt 0.0654529 0.9375530
f 1860/1025/1860 1866/928/1866 1863/1026/1863
vt 0.3757254 0.9707854
f 3327/984/3327 3330/1027/3330 3328/919/3328
f 32/924/32 8/1024/8 9/925/9
vt 0.8704486 0.9409151
vt 0.8705752 0.9218869
f 2273/1028/2273 2275/1029/2275 2256/809/2256
f 2270/922/2270 2273/1028/2273 2256/809/2256
vt 0.7947492 0.3645669
f 843/990/843 839/936/839 899/1030/899
vt 0.7829491 0.3667685
f 839/936/839 840/937/840 907/1031/907
f 899/1030/899 839/936/839 907/1031/907
f 907/1031/907 840/937/840 869/986/869
vt 0.9444248 0.2088898
f 2454/1032/2454 2455/935/2455 2456/934/2456
vt 0.9464366 0.2254744
f 2456/934/2456 2468/945/2468 2467/1033/2467
vt 0.8587344 0.4752108
f 2323/839/2323 2336/992/2336 2345/1034/2345
vt 0.8234321 0.4446688
f 653/951/653 654/993/654 600/1035/600
f 653/951/653 600/1035/600 599/949/599
f 600/1035/600 598/994/598 599/949/599
vt 0.7965822 0.4561523
f 595/991/595 591/1036/591 592/952/592
f 592/952/592 591/1036/591 589/884/589
vt 0.7868390 0.4560148
f 589/884/589 590/1037/590 569/996/569
vt 0.7713326 0.4548668
f 569/996/569 590/1037/590 571/1038/571
f 571/1038/571 557/998/557 569/996/569
vt 0.8798025 0.6461701
f 13/893/13 29/1039/29 50/896/50
f 557/998/557 566/958/566 558/899/558
vt 0.7014918 0.9368369
f 2060/1004/2060 2054/1040/2054 2057/1005/2057
vt 0.7000440 0.9656555
f 2057/1005/2057 2054/1040/2054 2055/1041/2055
vt 0.2215641 0.2246169
f 3350/898/3350 3354/1042/3354 3351/1006/3351
vt 0.7376058 0.5544188
vt 0.7141237 0.5615250
f 1572/1043/1572 1523/1044/1523 1566/902/1566
vt 0.9243768 0.4994040
f 3341/956/3341 3336/1007/3336 3339/1045/3339
f 1523/1044/1523 1543/903/1543 1566/902/1566
f 1393/962/1393 1364/963/1364 1421/721/1421
vt 0.0636094 0.5516202
f 1320/912/1320 1310/1046/1310 1398/863/1398
f 1398/863/1398 1310/1046/1310 1414/965/1414
vt 0.1997200 0.5542828
f 1264/975/1264 1262/1047/1262 1285/911/1285
f 1285/911/1285 1262/1047/1262 1284/795/1284
vt 0.0798250 0.5539399
f 1281/979/1281 1291/1048/1291 1320/912/1320
f 1278/799/1278 1259/1018/1259 1279/1017/1279
vt 0.2110580 0.8162733
f 311/1049/311 329/980/329 331/916/331
vt 0.8520930 0.3940939
vt 0.8560483 0.3932366
vt 0.8507130 0.3989464
f 3293/1050/3293 3291/1051/3291 3294/1052/3294
vt 0.8112872 0.3659717
f 900/1053/900 843/990/843 899/1030/899
vt 0.9520923 0.2089950
vt 0.9538578 0.2170530
f 2457/1054/2457 2456/934/2456 2460/1055/2460
vt 0.8172953 0.3713275
f 852/987/852 850/989/850 903/1056/903
vt 0.8245964 0.3714639
f 904/1057/904 852/987/852 903/1056/903
f 903/1056/903 843/990/843 900/1053/900
f 2456/934/2456 2467/1033/2467 2460/1055/2460
vt 0.8300630 0.3724275
f 897/1058/897 855/988/855 852/987/852
vt 0.8289758 0.4593575
vt 0.8230940 0.4569858
f 965/1059/965 601/1060/601 654/993/654
f 654/993/654 601/1060/601 600/1035/600
vt 0.8196540 0.4574268
f 600/1035/600 596/1061/596 598/994/598
f 600/1035/600 601/1060/601 596/1061/596
f 598/994/598 596/1061/596 595/991/595
f 595/991/595 596/1061/596 591/1036/591
vt 0.8358347 0.4589232
f 959/995/959 997/1062/997 965/1059/965
f 959/995/959 965/1059/965 654/993/654
f 591/1036/591 590/1037/590 589/884/589
vt 0.7538047 0.4619942
f 571/1038/571 567/1063/567 557/998/557
vt 0.7696499 0.4677823
f 571/1038/571 986/1064/986 567/1063/567
f 567/1063/567 566/958/566 557/998/557
vt 0.9883206 0.3172626
f 1801/959/1801 1783/904/1783 1800/1065/1800
f 1816/854/1816 1801/959/1801 1800/1065/1800
vt 0.6979485 0.9780385
f 2059/1000/2059 2056/1066/2056 2061/1002/2061
f 2059/1000/2059 2055/1041/2055 2056/1066/2056
vt 0.7023166 0.9324713
f 2060/1004/2060 2058/1067/2058 2054/1040/2054
f 2057/1005/2057 2055/1041/2055 2059/1000/2059
vt 0.9277524 0.5041670
f 3336/1007/3336 3338/1068/3338 3339/1045/3339
vt 0.2301191 0.2272103
f 3354/1042/3354 3355/1069/3355 3351/1006/3351
vt 0.6339455 0.5605335
f 1392/1009/1392 1386/1070/1386 1426/961/1426
f 1386/1070/1386 1393/962/1393 1426/961/1426
vt 0.9451527 0.8421854
vt 0.9536552 0.8471450
vt 0.9488981 0.8351535
f 1741/1071/1741 1719/1072/1719 1646/1073/1646
vt 0.5324880 0.5774740
f 1287/964/1287 1186/1074/1186 1286/967/1286
vt 0.4262334 0.5648099
f 1289/968/1289 1294/1075/1294 1296/1015/1296
vt 0.5190238 0.5778867
f 1286/967/1286 1185/1076/1185 1266/969/1266
vt 0.4195010 0.5710983
f 1296/1015/1296 1218/1077/1218 1275/970/1275
vt 0.4081821 0.5702001
f 1275/970/1275 1213/1078/1213 1274/971/1274
vt 0.3872984 0.5697531
f 1274/971/1274 1212/1079/1212 1273/972/1273
f 1212/1079/1212 1263/973/1263 1273/972/1273
vt 0.2329810 0.5677866
f 1264/975/1264 1202/1080/1202 1262/1047/1262
vt 0.1863438 0.5620359
f 1262/1047/1262 1196/1081/1196 1284/795/1284
f 1284/795/1284 1196/1081/1196 1277/797/1277
vt 0.1814422 0.5594040
f 1277/797/1277 1196/1081/1196 1269/1082/1269
f 1277/797/1277 1269/1082/1269 1270/1016/1270
vt 0.7372802 0.8156778
vt 0.7766060 0.7995470
f 163/1083/163 150/864/150 158/1084/158
vt 0.1544327 0.8233005
vt 0.1661089 0.8116801
f 328/1085/328 333/1086/333 329/980/329
vt 0.8620651 0.3856625
vt 0.8664705 0.3858742
vt 0.8558134 0.3898125
f 3299/1087/3299 3289/1088/3289 3292/1089/3292
f 3292/1089/3292 3289/1088/3289 3291/1051/3291
vt 0.0582332 0.9351056
vt 0.0580874 0.9392888
f 1854/1090/1854 1863/1026/1863 1856/1091/1856
vt 0.7824601 0.3578785
f 899/1030/899 907/1031/907 955/1092/955
vt 0.0571724 0.8163776
vt 0.0544470 0.8170742
vt 0.0568960 0.8099992
f 359/1093/359 493/1094/493 495/1095/495
f 904/1057/904 903/1056/903 900/1053/900
vt 0.8598074 0.9481008
f 2283/1096/2283 2275/1029/2275 2273/1028/2273
f 897/1058/897 852/987/852 904/1057/904
vt 0.8669278 0.9525710
f 2274/1097/2274 2283/1096/2283 2273/1028/2273
f 2271/930/2271 2274/1097/2274 2273/1028/2273
vt 0.8715727 0.9564176
f 2269/929/2269 2272/1098/2272 2271/930/2271
vt 0.8738757 0.4955435
vt 0.8617935 0.4906947
f 2351/1099/2351 2341/1100/2341 2339/954/2339
f 2339/954/2339 2341/1100/2341 2336/992/2336
f 10/879/10 13/893/13 12/834/12
f 2339/954/2339 2349/997/2349 2351/1099/2351
vt 0.7852991 0.4662703
f 590/1037/590 985/1101/985 571/1038/571
f 571/1038/571 985/1101/985 986/1064/986
vt 0.9833993 0.3231469
f 1800/1065/1800 1783/904/1783 1786/1102/1786
vt 0.8894663 0.6485590
f 13/893/13 20/1103/20 29/1039/29
vt 0.7522039 0.5594591
vt 0.7373901 0.5671235
f 1550/1104/1550 1522/1105/1522 1572/1043/1572
vt 0.9708217 0.3245928
f 1783/904/1783 1778/1106/1778 1786/1102/1786
vt 0.7104828 0.9779670
f 2055/1041/2055 2049/1107/2049 2056/1066/2056
vt 0.9334465 0.5070382
f 3336/1007/3336 3337/1108/3337 3338/1068/3338
f 1572/1043/1572 1522/1105/1522 1523/1044/1523
f 1783/904/1783 1774/1008/1774 1778/1106/1778
vt 0.7136072 0.9367260
vt 0.7131904 0.9520492
f 2047/1109/2047 2044/1110/2044 2054/1040/2054
f 2054/1040/2054 2044/1110/2044 2055/1041/2055
vt 0.9606790 0.3191448
f 1774/1008/1774 1776/1111/1776 1778/1106/1778
vt 0.9425133 0.5071839
f 3339/1045/3339 3338/1068/3338 3340/1112/3340
vt 0.2397679 0.2246521
f 3354/1042/3354 3359/1113/3359 3355/1069/3355
f 1523/1044/1523 1416/960/1416 1543/903/1543
vt 0.7143366 0.5764388
f 1523/1044/1523 1293/1114/1293 1416/960/1416
vt 0.9542103 0.3274099
f 1775/906/1775 1788/1115/1788 1776/1111/1776
vt 0.6780243 0.5714527
f 1416/960/1416 1295/1116/1295 1392/1009/1392
vt 0.6648664 0.5733295
f 1392/1009/1392 1297/1117/1297 1386/1070/1386
vt 0.6156275 0.5748318
f 1386/1070/1386 1283/1118/1283 1393/962/1393
vt 0.9597752 0.8529718
vt 0.9728878 0.8419677
vt 0.9591130 0.8428980
f 1751/1119/1751 1673/1120/1673 1642/1121/1642
vt 0.5594410 0.5739087
f 1364/963/1364 1268/1122/1268 1287/964/1287
vt 0.9755792 0.8466742
f 1757/1123/1757 1673/1120/1673 1751/1119/1751
vt 0.9659050 0.8562260
f 1773/1124/1773 1757/1123/1757 1751/1119/1751
vt 0.5469518 0.5766401
f 1287/964/1287 1267/1125/1267 1186/1074/1186
f 1286/967/1286 1186/1074/1186 1185/1076/1185
vt 0.5041974 0.5722674
f 1185/1076/1185 1219/1126/1219 1266/969/1266
vt 0.4236004 0.5692371
f 1294/1075/1294 1224/1127/1224 1296/1015/1296
f 1296/1015/1296 1224/1127/1224 1218/1077/1218
f 1266/969/1266 1219/1126/1219 1220/976/1220
vt 0.0986585 0.5645927
f 1281/979/1281 1255/1128/1255 1291/1048/1291
vt 0.4589897 0.5743073
f 1221/977/1221 1205/1129/1205 1271/978/1271
vt 0.1506945 0.5646553
f 1259/1018/1259 1250/1130/1250 1279/1017/1279
f 1279/1017/1279 1250/1130/1250 1280/913/1280
vt 0.1209359 0.5648814
f 1250/1130/1250 1254/1131/1254 1280/913/1280
f 1280/913/1280 1254/1131/1254 1281/979/1281
vt 0.1705483 0.5656731
f 1249/1132/1249 1250/1130/1250 1259/1018/1259
vt 0.4174287 0.8281158
vt 0.4167513 0.8135472
vt 0.4336588 0.8119532
f 238/1133/238 237/1134/237 232/1135/232
vt 0.2493434 0.8281965
f 281/1136/281 314/1022/314 275/1020/275
vt 0.8721519 0.5279554
f 47/1023/47 24/1137/24 8/1024/8
vt 0.0587207 0.9273733
vt 0.0485425 0.9302137
f 1851/1138/1851 1854/1090/1854 1849/1139/1849
vt 0.8618085 0.3908846
f 3289/1088/3289 3290/1140/3290 3291/1051/3291
vt 0.1321053 0.8233278
f 327/1141/327 333/1086/333 328/1085/328
vt 0.0518218 0.9391147
f 1854/1090/1854 1856/1091/1856 1855/1142/1855
vt 0.1120654 0.8226054
vt 0.1161013 0.8107978
vt 0.1308360 0.8108520
f 316/1143/316 367/1144/367 325/1145/325
vt 0.9620188 0.2100733
f 2457/1054/2457 2460/1055/2460 2459/1146/2459
vt 0.8258570 0.3652781
f 950/1147/950 904/1057/904 900/1053/900
vt 0.8820322 0.5944737
f 9/925/9 1/1148/1 10/879/10
f 10/879/10 1/1148/1 13/893/13
vt 0.8249776 0.5627794
vt 0.8192247 0.5744675
vt 0.8188443 0.5615686
f 1578/1149/1578 1531/1150/1531 1579/1151/1579
vt 0.8154163 0.5620472
f 1579/1151/1579 1531/1150/1531 1580/1152/1580
vt 0.9873126 0.3285347
f 1800/1065/1800 1786/1102/1786 1797/1153/1797
vt 0.8160316 0.5716498
f 1580/1152/1580 1531/1150/1531 1532/1154/1532
vt 0.8200754 0.4674558
vt 0.8164353 0.4724184
f 596/1061/596 993/1155/993 987/1156/987
f 987/1156/987 985/1101/985 591/1036/591
f 596/1061/596 987/1156/987 591/1036/591
f 591/1036/591 985/1101/985 590/1037/590
vt 0.7669211 0.5678013
vt 0.7540312 0.5755870
f 1537/1157/1537 1318/1158/1318 1550/1104/1550
f 1550/1104/1550 1318/1158/1318 1522/1105/1522
vt 0.7144106 0.9695746
f 2044/1110/2044 2045/1159/2045 2055/1041/2055
f 2055/1041/2055 2045/1159/2045 2049/1107/2049
f 1778/1106/1778 1776/1111/1776 1788/1115/1788
f 2054/1040/2054 2058/1067/2058 2047/1109/2047
f 3338/1068/3338 3337/1108/3337 3340/1112/3340
f 1522/1105/1522 1293/1114/1293 1523/1044/1523
f 1295/1116/1295 1297/1117/1297 1392/1009/1392
vt 0.6428564 0.5744694
f 1297/1117/1297 1298/1160/1298 1386/1070/1386
vt 0.5820893 0.5723942
f 1393/962/1393 1283/1118/1283 1282/1161/1282
f 1393/962/1393 1282/1161/1282 1364/963/1364
f 1364/963/1364 1282/1161/1282 1268/1122/1268
f 1287/964/1287 1268/1122/1268 1267/1125/1267
vt 0.0412457 0.5602938
f 1452/1014/1452 1555/1162/1555 1577/1012/1577
vt 0.0531081 0.5633953
f 1310/1046/1310 1323/1163/1323 1414/965/1414
f 1414/965/1414 1323/1163/1323 1452/1014/1452
vt 0.4255369 0.5765756
f 1289/968/1289 1288/1164/1288 1294/1075/1294
vt 0.4439562 0.5733053
f 1271/978/1271 1206/1165/1206 1289/968/1289
f 1206/1165/1206 1288/1164/1288 1289/968/1289
f 1275/970/1275 1218/1077/1218 1213/1078/1213
f 1274/971/1274 1213/1078/1213 1212/1079/1212
vt 0.3242702 0.5693274
f 1212/1079/1212 1204/1166/1204 1263/973/1263
f 1263/973/1263 1204/1166/1204 1265/974/1265
vt 0.2796234 0.5696841
f 1204/1166/1204 1203/1167/1203 1265/974/1265
f 1265/974/1265 1203/1167/1203 1264/975/1264
f 1264/975/1264 1203/1167/1203 1202/1080/1202
vt 0.1994271 0.5668547
f 1202/1080/1202 1198/1168/1198 1262/1047/1262
f 1262/1047/1262 1198/1168/1198 1196/1081/1196
vt 0.4814225 0.5800624
f 1220/976/1220 1147/1169/1147 1221/977/1221
f 1221/977/1221 1147/1169/1147 1205/1129/1205
f 1205/1129/1205 1206/1165/1206 1271/978/1271
f 1270/1016/1270 1249/1132/1249 1259/1018/1259
f 1254/1131/1254 1255/1128/1255 1281/979/1281
vt 0.6813377 0.8212522
vt 0.6889299 0.8094364
vt 0.6888916 0.8263748
f 75/1170/75 94/1171/94 99/1172/99
vt 0.2829053 0.8312631
f 281/1136/281 275/1020/275 276/1173/276
vt 0.1475131 0.8315654
f 311/1049/311 306/1174/306 329/980/329
vt 0.9587507 0.1824890
vt 0.9552776 0.1932969
vt 0.9688282 0.1866335
f 2440/1175/2440 2443/1176/2443 2441/1177/2441
vt 0.8698075 0.3875671
f 3289/1088/3289 3288/1178/3288 3290/1140/3290
f 1849/1139/1849 1854/1090/1854 1855/1142/1855
vt 0.1218112 0.8281654
f 305/1179/305 325/1145/325 327/1141/327
vt 0.0544562 0.8263125
f 359/1093/359 326/1180/326 493/1094/493
vt 0.8531575 0.7481798
vt 0.8706831 0.7405599
vt 0.8642964 0.7391979
f 1734/1181/1734 1705/1182/1705 1695/1183/1695
vt 0.8792359 0.7510315
f 1740/1184/1740 1705/1182/1705 1734/1181/1734
vt 0.9911353 0.3284648
vt 0.9899191 0.3401335
f 1835/1185/1835 1797/1153/1797 1823/1186/1823
vt 0.8267879 0.5754796
f 1411/1187/1411 1531/1150/1531 1578/1149/1578
vt 0.9720728 0.3309290
f 1786/1102/1786 1778/1106/1778 1790/1188/1790
vt 0.7926870 0.5772597
vt 0.7827801 0.5774613
vt 0.7824073 0.5675460
f 1324/1189/1324 1316/1190/1316 1530/1191/1530
f 1316/1190/1316 1537/1157/1537 1530/1191/1530
vt 0.7683160 0.5769852
f 1316/1190/1316 1319/1192/1319 1537/1157/1537
f 1537/1157/1537 1319/1192/1319 1318/1158/1318
vt 0.7388089 0.5763264
f 1318/1158/1318 1317/1193/1317 1522/1105/1522
vt 0.8935487 0.6540529
vt 0.8886574 0.6546935
f 20/1103/20 39/1194/39 54/1195/54
f 29/1039/29 20/1103/20 54/1195/54
vt 0.8827986 0.2940602
vt 0.8907271 0.3098670
vt 0.8902577 0.2922479
f 2506/1196/2506 2487/1197/2487 2484/1198/2484
f 1317/1193/1317 1293/1114/1293 1522/1105/1522
f 1293/1114/1293 1295/1116/1295 1416/960/1416
f 1386/1070/1386 1298/1160/1298 1283/1118/1283
vt 0.0454654 0.5642081
f 1452/1014/1452 1417/1199/1417 1555/1162/1555
f 1323/1163/1323 1417/1199/1417 1452/1014/1452
vt 0.0624125 0.5652710
f 1261/1200/1261 1323/1163/1323 1310/1046/1310
vt 0.0788947 0.5653629
f 1255/1128/1255 1260/1201/1260 1291/1048/1291
f 1291/1048/1291 1261/1200/1261 1310/1046/1310
f 1291/1048/1291 1260/1201/1260 1261/1200/1261
vt 0.5008319 0.5818592
f 1219/1126/1219 1148/1202/1148 1220/976/1220
f 1220/976/1220 1148/1202/1148 1147/1169/1147
vt 0.1800704 0.5761573
f 1196/1081/1196 1258/1203/1258 1269/1082/1269
f 1269/1082/1269 1258/1203/1258 1270/1016/1270
f 1270/1016/1270 1258/1203/1258 1249/1132/1249
vt 0.8770782 0.3811898
f 3287/1204/3287 3288/1178/3288 3289/1088/3289
vt 0.8696843 0.3824693
f 3300/1205/3300 3287/1204/3287 3289/1088/3289
vt 0.9655037 0.1979222
vt 0.9552959 0.2017259
vt 0.9727385 0.2040469
f 2462/1206/2462 2458/1207/2458 2461/1208/2461
f 8/1024/8 1/1148/1 9/925/9
vt 0.9858208 0.3427284
f 1823/1186/1823 1797/1153/1797 1808/1209/1808
vt 0.9793575 0.3394179
f 1797/1153/1797 1791/1210/1791 1808/1209/1808
vt 0.9024450 0.6515857
f 1/1148/1 14/1211/14 13/893/13
f 1797/1153/1797 1786/1102/1786 1791/1210/1791
f 13/893/13 14/1211/14 20/1103/20
f 1786/1102/1786 1790/1188/1790 1791/1210/1791
vt 0.8126135 0.5761997
f 1532/1154/1532 1531/1150/1531 1388/1212/1388
f 1388/1212/1388 1324/1189/1324 1530/1191/1530
vt 0.0254089 0.5432197
vt 0.0231628 0.5388156
vt 0.0214048 0.5439440
f 3275/1213/3275 3274/1214/3274 3272/1215/3272
vt 0.0280749 0.5502874
f 3276/1216/3276 3275/1213/3275 3272/1215/3272
vt 0.2449150 0.2350342
f 3359/1113/3359 3360/1217/3360 3355/1069/3355
f 1294/1075/1294 1288/1164/1288 1224/1127/1224
vt 0.1853201 0.5764908
f 1196/1081/1196 1146/1218/1146 1258/1203/1258
vt 0.1574016 0.5797639
f 1249/1132/1249 1241/1219/1241 1250/1130/1250
vt 0.1197534 0.5792920
f 1250/1130/1250 1242/1220/1242 1254/1131/1254
vt 0.4550153 0.8311812
vt 0.4584996 0.8179234
vt 0.4597680 0.8305851
f 199/1221/199 86/1222/86 69/1223/69
vt 0.3245982 0.8433010
vt 0.3219377 0.8292516
vt 0.3402214 0.8302060
f 259/1224/259 265/1225/265 253/1226/253
vt 0.2234534 0.8407329
vt 0.2099069 0.8291384
f 281/1136/281 280/1227/280 282/1228/282
vt 0.8654093 0.5276041
vt 0.8756750 0.5219251
f 58/1229/58 41/1230/41 24/1137/24
vt 0.8782974 0.3839736
f 3287/1204/3287 3282/1231/3282 3288/1178/3288
f 306/1174/306 327/1141/327 328/1085/328
vt 0.8839521 0.7382522
f 1740/1184/1740 1713/1232/1713 1705/1182/1705
vt 0.9959893 0.3464550
f 1824/1233/1824 1823/1186/1823 1808/1209/1808
vt 0.8190891 0.5840437
f 1411/1187/1411 1410/1234/1410 1531/1150/1531
vt 0.8160038 0.5840211
f 1531/1150/1531 1303/1235/1303 1388/1212/1388
f 1531/1150/1531 1410/1234/1410 1303/1235/1303
vt 0.8080518 0.5912881
f 1303/1235/1303 1210/1236/1210 1388/1212/1388
f 1388/1212/1388 1210/1236/1210 1324/1189/1324
vt 0.7916145 0.5913480
f 1324/1189/1324 1209/1237/1209 1316/1190/1316
vt 0.7512116 0.5892037
f 1318/1158/1318 1207/1238/1207 1317/1193/1317
vt 0.7264675 0.9377383
f 2047/1109/2047 2037/1239/2037 2044/1110/2044
vt 0.7277523 0.9694687
f 2037/1239/2037 2039/1240/2039 2044/1110/2044
f 2044/1110/2044 2039/1240/2039 2045/1159/2045
vt 0.7341608 0.5882455
f 1317/1193/1317 1208/1241/1208 1293/1114/1293
vt 0.2527609 0.2276953
f 3359/1113/3359 3361/1242/3361 3360/1217/3360
vt 0.6792055 0.5878783
f 1293/1114/1293 1199/1243/1199 1295/1116/1295
vt 0.6601834 0.5879712
f 1295/1116/1295 1199/1243/1199 1201/1244/1201
f 1295/1116/1295 1201/1244/1201 1297/1117/1297
f 1297/1117/1297 1201/1244/1201 1298/1160/1298
vt 0.6285296 0.5871577
vt 0.5913004 0.5868682
f 1283/1118/1283 1217/1245/1217 1215/1246/1215
f 1283/1118/1283 1215/1246/1215 1282/1161/1282
vt 0.5714185 0.5871457
f 1282/1161/1282 1214/1247/1214 1268/1122/1268
vt 0.5468027 0.5852297
f 1268/1122/1268 1214/1247/1214 1195/1248/1195
f 1268/1122/1268 1195/1248/1195 1267/1125/1267
vt 0.0511019 0.5766162
f 1323/1163/1323 1304/1249/1304 1417/1199/1417
f 1261/1200/1261 1304/1249/1304 1323/1163/1323
vt 0.4310948 0.5837114
f 1206/1165/1206 1272/1250/1272 1288/1164/1288
vt 0.4082722 0.5833724
f 1213/1078/1213 1142/1251/1142 1212/1079/1212
vt 0.0645592 0.5777280
f 1260/1201/1260 1253/1252/1253 1261/1200/1261
f 1185/1076/1185 1148/1202/1148 1219/1126/1219
vt 0.4432423 0.5833552
f 1149/1253/1149 1272/1250/1272 1206/1165/1206
vt 0.4201055 0.5851090
f 1218/1077/1218 1141/1254/1141 1213/1078/1213
vt 0.3534299 0.5824318
f 1212/1079/1212 1137/1255/1137 1204/1166/1204
vt 0.3204039 0.5841455
f 1204/1166/1204 1138/1256/1138 1203/1167/1203
vt 0.2589693 0.5820471
f 1203/1167/1203 1139/1257/1139 1202/1080/1202
vt 0.4595537 0.5840103
f 1147/1169/1147 1145/1258/1145 1205/1129/1205
vt 0.1704776 0.5801610
f 1249/1132/1249 1240/1259/1240 1241/1219/1241
f 1250/1130/1250 1241/1219/1241 1242/1220/1242
vt 0.7085823 0.8219880
vt 0.6944593 0.8317604
vt 0.6944494 0.8186266
f 167/1260/167 183/1261/183 98/1262/98
vt 0.4590571 0.8484176
f 69/1223/69 140/1263/140 199/1221/199
vt 0.8868617 0.5210630
f 24/1137/24 7/1264/7 8/1024/8
vt 0.8850350 0.7515958
f 1740/1184/1740 1712/1265/1712 1713/1232/1713
vt 0.8249925 0.5931526
f 1411/1187/1411 1309/1266/1309 1410/1234/1410
f 1210/1236/1210 1209/1237/1209 1324/1189/1324
vt 0.7824519 0.5917679
f 1209/1237/1209 1197/1267/1197 1316/1190/1316
vt 0.7684613 0.5900764
f 1316/1190/1316 1200/1268/1200 1319/1192/1319
f 1316/1190/1316 1197/1267/1197 1200/1268/1200
f 1319/1192/1319 1200/1268/1200 1207/1238/1207
f 1319/1192/1319 1207/1238/1207 1318/1158/1318
f 20/1103/20 14/1211/14 39/1194/39
vt 0.7235560 0.9747224
f 2045/1159/2045 2039/1240/2039 2042/1269/2042
vt 0.7174991 0.9777784
vt 0.7220692 0.9784482
f 2046/1270/2046 2042/1269/2042 2041/1271/2041
f 1207/1238/1207 1208/1241/1208 1317/1193/1317
vt 0.7180533 0.9344276
f 2048/1272/2048 2037/1239/2037 2047/1109/2047
vt 0.7164106 0.5896221
f 1208/1241/1208 1191/1273/1191 1293/1114/1293
vt 0.2554133 0.2251015
f 3359/1113/3359 3362/1274/3362 3361/1242/3361
f 1293/1114/1293 1191/1273/1191 1199/1243/1199
f 1201/1244/1201 1217/1245/1217 1298/1160/1298
f 1298/1160/1298 1217/1245/1217 1283/1118/1283
f 1282/1161/1282 1215/1246/1215 1214/1247/1214
f 1267/1125/1267 1195/1248/1195 1186/1074/1186
f 1224/1127/1224 1288/1164/1288 1141/1254/1141
f 1224/1127/1224 1141/1254/1141 1218/1077/1218
f 1141/1254/1141 1142/1251/1142 1213/1078/1213
vt 0.3870369 0.5838630
f 1212/1079/1212 1142/1251/1142 1143/1275/1143
f 1212/1079/1212 1143/1275/1143 1137/1255/1137
f 1204/1166/1204 1137/1255/1137 1138/1256/1138
f 1138/1256/1138 1139/1257/1139 1203/1167/1203
vt 0.2083395 0.5810217
f 1139/1257/1139 1140/1276/1140 1202/1080/1202
f 1202/1080/1202 1140/1276/1140 1198/1168/1198
vt 0.1925867 0.5825278
f 1140/1276/1140 1136/1277/1136 1198/1168/1198
f 1198/1168/1198 1136/1277/1136 1196/1081/1196
f 1136/1277/1136 1146/1218/1146 1196/1081/1196
vt 0.0893603 0.5793656
f 1255/1128/1255 1243/1278/1243 1260/1201/1260
f 1205/1129/1205 1145/1258/1145 1149/1253/1149
f 1205/1129/1205 1149/1253/1149 1206/1165/1206
f 1258/1203/1258 1240/1259/1240 1249/1132/1249
f 1254/1131/1254 1242/1220/1242 1255/1128/1255
vt 0.6391650 0.8333162
vt 0.6661600 0.8187554
vt 0.6689636 0.8343250
f 137/1279/137 73/1280/73 139/1281/139
vt 0.3136570 0.8450531
vt 0.3061252 0.8334608
f 259/1224/259 271/1282/271 270/1283/270
vt 0.2057388 0.8444939
f 283/1284/283 282/1228/282 280/1227/280
vt 0.9741506 0.1786398
vt 0.9799466 0.1842527
f 2442/1285/2442 2441/1177/2441 2475/1286/2475
vt 0.1405473 0.8413308
vt 0.1700217 0.8402427
f 287/1287/287 306/1174/306 285/1288/285
vt 0.0584867 0.8350711
vt 0.0584998 0.8281578
vt 0.0654525 0.8453810
f 301/1289/301 299/1290/299 298/1291/298
vt 0.0754409 0.8341208
f 298/1291/298 299/1290/299 296/1292/296
vt 0.9802485 0.3486785
vt 0.9704356 0.3539272
vt 0.9832792 0.3535869
f 1804/1293/1804 1818/1294/1818 1817/1295/1817
vt 0.8186828 0.5938818
f 1309/1266/1309 1308/1296/1308 1410/1234/1410
f 1410/1234/1410 1308/1296/1308 1303/1235/1303
vt 0.8156866 0.5950755
f 1303/1235/1303 1308/1296/1308 1211/1297/1211
f 1303/1235/1303 1211/1297/1211 1210/1236/1210
vt 0.9128645 0.6546935
f 14/1211/14 33/1298/33 39/1194/39
vt 0.7372898 0.9329373
f 2048/1272/2048 2040/1299/2040 2037/1239/2037
vt 0.7290418 0.9517367
f 2037/1239/2037 2038/1300/2038 2039/1240/2039
vt 0.0208357 0.5220308
f 3274/1214/3274 3268/1301/3268 3272/1215/3272
vt 0.0178051 0.5271977
f 3272/1215/3272 3268/1301/3268 3270/1302/3270
vt 0.6142147 0.5917694
f 1217/1245/1217 1216/1303/1216 1215/1246/1215
vt 0.0410251 0.5753686
f 1304/1249/1304 1490/1304/1490 1417/1199/1417
vt 0.5449644 0.6025727
f 1195/1248/1195 1132/1305/1132 1186/1074/1186
vt 0.5268613 0.6011142
f 1186/1074/1186 1120/1306/1120 1185/1076/1185
vt 0.4252769 0.5840942
f 1288/1164/1288 1184/1307/1184 1141/1254/1141
f 1253/1252/1253 1304/1249/1304 1261/1200/1261
vt 0.5054916 0.6004916
f 1185/1076/1185 1119/1308/1119 1148/1202/1148
f 1260/1201/1260 1243/1278/1243 1253/1252/1253
f 1242/1220/1242 1243/1278/1243 1255/1128/1255
vt 0.8881405 0.3788314
f 3286/1309/3286 3282/1231/3282 3287/1204/3287
vt 0.8925024 0.5157115
f 31/1310/31 7/1264/7 24/1137/24
f 41/1230/41 31/1310/31 24/1137/24
vt 0.7391022 0.9743013
f 2042/1269/2042 2034/1311/2034 2041/1271/2041
vt 0.8849138 0.3192821
vt 0.8963084 0.3299835
f 2507/1312/2507 2490/1313/2490 2487/1197/2487
f 1132/1305/1132 1120/1306/1120 1186/1074/1186
f 1120/1306/1120 1119/1308/1119 1185/1076/1185
vt 0.4882584 0.6018191
f 1148/1202/1148 1116/1314/1116 1147/1169/1147
vt 0.3871521 0.6004566
f 1142/1251/1142 1065/1315/1065 1143/1275/1143
vt 0.1848401 0.5926054
f 1136/1277/1136 1070/1316/1070 1146/1218/1146
f 1146/1218/1146 1070/1316/1070 1258/1203/1258
vt 0.4445624 0.6021813
f 1145/1258/1145 1110/1317/1110 1149/1253/1149
vt 0.1799650 0.5960333
f 1258/1203/1258 1247/1318/1247 1240/1259/1240
vt 0.8943797 0.3790305
f 3286/1309/3286 3280/1319/3280 3282/1231/3282
vt 0.9298520 0.5485727
f 7/1264/7 2/1320/2 8/1024/8
vt 0.8200146 0.6048679
f 1309/1266/1309 1194/1321/1194 1308/1296/1308
vt 0.8328877 0.5941268
vt 0.8321783 0.6061281
f 1419/1322/1419 1418/1323/1418 1309/1266/1309
vt 0.7934135 0.6066651
f 1210/1236/1210 1168/1324/1168 1209/1237/1209
vt 0.7467885 0.6047440
f 1200/1268/1200 1163/1325/1163 1207/1238/1207
f 1207/1238/1207 1163/1325/1163 1208/1241/1208
vt 0.7420645 0.9510515
f 2037/1239/2037 2019/1326/2019 2038/1300/2038
vt 0.7428098 0.9672753
f 2019/1326/2019 2017/1327/2017 2038/1300/2038
f 2038/1300/2038 2017/1327/2017 2039/1240/2039
vt 0.7376488 0.9775364
f 2041/1271/2041 2034/1311/2034 2035/1328/2035
f 1208/1241/1208 1163/1325/1163 1191/1273/1191
vt 0.2659130 0.2261667
f 3362/1274/3362 3363/1329/3363 3361/1242/3361
vt 0.6822933 0.6041437
f 1191/1273/1191 1174/1330/1174 1199/1243/1199
vt 0.6659598 0.6053418
f 1199/1243/1199 1174/1330/1174 1176/1331/1176
f 1199/1243/1199 1176/1331/1176 1201/1244/1201
vt 0.6468801 0.6049370
f 1201/1244/1201 1182/1332/1182 1217/1245/1217
vt 0.6281649 0.6040590
f 1217/1245/1217 1182/1332/1182 1183/1333/1183
vt 0.6054532 0.6038582
f 1216/1303/1216 1134/1334/1134 1215/1246/1215
f 1215/1246/1215 1134/1334/1134 1214/1247/1214
vt 0.0453546 0.5880678
f 1304/1249/1304 1391/1335/1391 1490/1304/1490
vt 0.4265705 0.6008688
f 1272/1250/1272 1111/1336/1111 1184/1307/1184
f 1119/1308/1119 1116/1314/1116 1148/1202/1148
f 1065/1315/1065 1137/1255/1137 1143/1275/1143
vt 0.3465132 0.6004210
f 1137/1255/1137 1066/1337/1066 1138/1256/1138
vt 0.3122835 0.6006969
f 1067/1338/1067 1139/1257/1139 1138/1256/1138
vt 0.2132411 0.5975435
f 1140/1276/1140 1064/1339/1064 1136/1277/1136
vt 0.0889694 0.5911123
vt 0.0703635 0.5899421
f 1243/1278/1243 1244/1340/1244 1252/1341/1252
f 1243/1278/1243 1252/1341/1252 1253/1252/1253
f 1070/1316/1070 1247/1318/1247 1258/1203/1258
vt 0.8905831 0.3835868
f 3280/1319/3280 3281/1342/3281 3282/1231/3282
vt 0.8848974 0.7296126
vt 0.8857957 0.7236416
vt 0.8670713 0.7150894
f 1668/1343/1668 1669/1344/1669 1676/1345/1676
vt 0.9009667 0.7340366
vt 0.8951071 0.7365502
vt 0.9010800 0.7448487
f 1655/1346/1655 1697/1347/1697 1672/1348/1672
vt 0.8152254 0.6072301
f 1211/1297/1211 1169/1349/1169 1210/1236/1210
f 1169/1349/1169 1168/1324/1168 1210/1236/1210
f 1209/1237/1209 1168/1324/1168 1197/1267/1197
vt 0.7823152 0.6067194
vt 0.7672508 0.6059036
f 1165/1350/1165 1164/1351/1164 1200/1268/1200
f 1197/1267/1197 1165/1350/1165 1200/1268/1200
f 1200/1268/1200 1164/1351/1164 1163/1325/1163
vt 0.9216878 0.6501681
f 14/1211/14 21/1352/21 33/1298/33
f 2039/1240/2039 2017/1327/2017 2034/1311/2034
vt 0.7184614 0.6050939
f 1163/1325/1163 1173/1353/1173 1191/1273/1191
vt 0.7427707 0.9361908
f 2040/1299/2040 2018/1354/2018 2037/1239/2037
f 2037/1239/2037 2018/1354/2018 2019/1326/2019
vt 0.2648874 0.2370690
f 3363/1329/3363 3364/1355/3364 3361/1242/3361
f 1191/1273/1191 1173/1353/1173 1174/1330/1174
f 1176/1331/1176 1182/1332/1182 1201/1244/1201
f 1217/1245/1217 1183/1333/1183 1216/1303/1216
vt 0.5672882 0.6038535
f 1134/1334/1134 1135/1356/1135 1214/1247/1214
vt 0.0402523 0.5886441
f 1391/1335/1391 1567/1357/1567 1490/1304/1490
vt 0.0557683 0.5893736
f 1304/1249/1304 1292/1358/1292 1391/1335/1391
f 1253/1252/1253 1292/1358/1292 1304/1249/1304
vt 0.4227194 0.6043799
f 1111/1336/1111 1071/1359/1071 1184/1307/1184
f 1184/1307/1184 1071/1359/1071 1141/1254/1141
f 1252/1341/1252 1292/1358/1292 1253/1252/1253
f 1149/1253/1149 1110/1317/1110 1272/1250/1272
f 1110/1317/1110 1111/1336/1111 1272/1250/1272
vt 0.4169344 0.6011770
f 1142/1251/1142 1069/1360/1069 1065/1315/1065
f 1065/1315/1065 1066/1337/1066 1137/1255/1137
f 1138/1256/1138 1066/1337/1066 1067/1338/1067
f 1139/1257/1139 1067/1338/1067 1064/1339/1064
f 1139/1257/1139 1064/1339/1064 1140/1276/1140
vt 0.1899216 0.6012826
f 1136/1277/1136 1063/1361/1063 1070/1316/1070
vt 0.4647379 0.6030791
f 1147/1169/1147 1116/1314/1116 1109/1362/1109
f 1147/1169/1147 1109/1362/1109 1145/1258/1145
f 1109/1362/1109 1110/1317/1110 1145/1258/1145
vt 0.1702237 0.5951190
f 1247/1318/1247 1233/1363/1233 1240/1259/1240
vt 0.1595832 0.5945236
vt 0.1367905 0.5954458
f 1234/1364/1234 1235/1365/1235 1241/1219/1241
f 1241/1219/1241 1235/1365/1235 1242/1220/1242
vt 0.1096323 0.5922224
f 1242/1220/1242 1238/1366/1238 1243/1278/1243
f 1243/1278/1243 1238/1366/1238 1244/1340/1244
f 1240/1259/1240 1233/1363/1233 1234/1364/1234
f 1240/1259/1240 1234/1364/1234 1241/1219/1241
vt 0.0414439 0.8481269
vt 0.0509878 0.8490077
vt 0.0537872 0.8602541
f 380/1367/380 347/1368/347 303/1369/303
vt 0.0420708 0.8593059
f 381/1370/381 380/1367/380 303/1369/303
vt 0.9211183 0.5976693
f 1/1148/1 3/1371/3 14/1211/14
vt 0.8185135 0.6116523
f 1194/1321/1194 1190/1372/1190 1308/1296/1308
vt 0.8281228 0.6077148
f 1309/1266/1309 1311/1373/1311 1194/1321/1194
f 1190/1372/1190 1169/1349/1169 1211/1297/1211
f 1308/1296/1308 1190/1372/1190 1211/1297/1211
f 1168/1324/1168 1165/1350/1165 1197/1267/1197
f 1183/1333/1183 1134/1334/1134 1216/1303/1216
f 1214/1247/1214 1135/1356/1135 1195/1248/1195
f 1195/1248/1195 1135/1356/1135 1132/1305/1132
f 1141/1254/1141 1069/1360/1069 1142/1251/1142
f 1064/1339/1064 1063/1361/1063 1136/1277/1136
f 1235/1365/1235 1238/1366/1238 1242/1220/1242
vt 0.9098312 0.3840467
vt 0.9063662 0.3863729
f 3280/1319/3280 3284/1374/3284 3283/1375/3283
f 3280/1319/3280 3283/1375/3283 3281/1342/3281
vt 0.9150001 0.5166000
f 7/1264/7 6/1376/6 2/1320/2
vt 0.9368990 0.6440843
f 14/1211/14 15/1377/15 21/1352/21
f 1141/1254/1141 1071/1359/1071 1069/1360/1069
vt 0.4598958 0.8706149
vt 0.4546256 0.8503872
f 140/1263/140 200/1378/200 231/1379/231
vt 0.0736611 0.0346532
vt 0.0698791 0.0452365
vt 0.0672565 0.0482557
f 2710/1380/2710 2641/1381/2641 2642/1382/2642
f 31/1310/31 6/1376/6 7/1264/7
vt 0.0588583 0.8617409
vt 0.0601159 0.8475531
vt 0.0700197 0.8608289
f 304/1383/304 300/1384/300 297/1385/297
vt 0.8248813 0.6186048
f 1311/1373/1311 1192/1386/1192 1194/1321/1194
vt 0.8163446 0.6193764
f 1190/1372/1190 1177/1387/1177 1169/1349/1169
vt 0.7919737 0.6226988
f 1168/1324/1168 1167/1388/1167 1165/1350/1165
vt 0.7671319 0.6223097
f 1164/1351/1164 1162/1389/1162 1163/1325/1163
vt 0.7515089 0.9669841
f 2017/1327/2017 2012/1390/2012 2034/1311/2034
vt 0.7518902 0.9501708
f 2019/1326/2019 2018/1354/2018 2016/1391/2016
vt 0.0206002 0.4977398
f 3268/1301/3268 3269/1392/3269 3270/1302/3270
vt 0.0173797 0.5156023
f 3270/1302/3270 3269/1392/3269 3273/1393/3273
vt 0.6821792 0.6219984
f 1173/1353/1173 1155/1394/1155 1174/1330/1174
vt 0.5906786 0.6199124
f 1134/1334/1134 1130/1395/1130 1135/1356/1135
vt 0.0626612 0.6013446
vt 0.0534577 0.5990511
f 1292/1358/1292 1348/1396/1348 1385/1397/1385
f 1292/1358/1292 1385/1397/1385 1391/1335/1391
vt 0.0738406 0.6013722
f 1292/1358/1292 1276/1398/1276 1348/1396/1348
f 1252/1341/1252 1276/1398/1276 1292/1358/1292
vt 0.3857054 0.6166952
f 1069/1360/1069 1057/1399/1057 1065/1315/1065
vt 0.1995633 0.6112445
f 1064/1339/1064 1060/1400/1060 1063/1361/1063
vt 0.1839381 0.6116163
f 1070/1316/1070 1063/1361/1063 1068/1401/1068
vt 0.0897963 0.6063938
f 1244/1340/1244 1256/1402/1256 1252/1341/1252
f 1070/1316/1070 1068/1401/1068 1247/1318/1247
vt 0.1175222 0.6067582
f 1235/1365/1235 1237/1403/1237 1238/1366/1238
vt 0.9047419 0.5136623
f 31/1310/31 35/1404/35 6/1376/6
f 1192/1386/1192 1190/1372/1190 1194/1321/1194
vt 0.8313804 0.6216459
f 1311/1373/1311 1360/1405/1360 1192/1386/1192
f 1168/1324/1168 1169/1349/1169 1167/1388/1167
vt 0.7815897 0.6204013
f 1165/1350/1165 1167/1388/1167 1166/1406/1166
f 1165/1350/1165 1166/1406/1166 1162/1389/1162
f 1165/1350/1165 1162/1389/1162 1164/1351/1164
vt 0.7513102 0.6226029
f 1162/1389/1162 1161/1407/1161 1163/1325/1163
vt 0.7371488 0.6223541
f 1161/1407/1161 1159/1408/1159 1163/1325/1163
vt 0.9289877 0.6513463
f 21/1352/21 36/1409/36 33/1298/33
vt 0.7577761 0.9762365
f 2012/1390/2012 2013/1410/2013 2034/1311/2034
f 2034/1311/2034 2013/1410/2013 2035/1328/2035
vt 0.7197406 0.6211484
f 1163/1325/1163 1159/1408/1159 1156/1411/1156
f 1163/1325/1163 1156/1411/1156 1173/1353/1173
vt 0.7537655 0.9326082
f 2040/1299/2040 2036/1412/2036 2018/1354/2018
f 2019/1326/2019 2016/1391/2016 2017/1327/2017
vt 0.0239666 0.5002562
f 3268/1301/3268 3271/1413/3271 3269/1392/3269
vt 0.8957824 0.3461363
vt 0.9024335 0.3401881
f 2510/1414/2510 2492/1415/2492 2490/1313/2490
f 1156/1411/1156 1155/1394/1155 1173/1353/1173
f 1174/1330/1174 1155/1394/1155 1176/1331/1176
vt 0.6669406 0.6221838
f 1155/1394/1155 1153/1416/1153 1176/1331/1176
f 1153/1416/1153 1182/1332/1182 1176/1331/1176
vt 0.6453674 0.6218386
f 1182/1332/1182 1150/1417/1150 1183/1333/1183
vt 0.6193200 0.6203389
f 1183/1333/1183 1150/1417/1150 1133/1418/1133
f 1183/1333/1183 1133/1418/1133 1134/1334/1134
vt 0.5531436 0.6213184
f 1130/1395/1130 1121/1419/1121 1135/1356/1135
f 1135/1356/1135 1121/1419/1121 1132/1305/1132
vt 0.5252314 0.6203652
f 1132/1305/1132 1113/1420/1113 1120/1306/1120
vt 0.4265204 0.6191318
vt 0.4234126 0.6181149
f 1075/1421/1075 1144/1422/1144 1071/1359/1071
f 1111/1336/1111 1075/1421/1075 1071/1359/1071
f 1120/1306/1120 1113/1420/1113 1119/1308/1119
vt 0.5028263 0.6190025
f 1119/1308/1119 1112/1423/1112 1116/1314/1116
f 1110/1317/1110 1075/1421/1075 1111/1336/1111
vt 0.4197243 0.6218153
f 1071/1359/1071 1043/1424/1043 1069/1360/1069
vt 0.4095457 0.6167575
f 1069/1360/1069 1043/1424/1043 1058/1425/1058
f 1069/1360/1069 1058/1425/1058 1057/1399/1057
vt 0.3487634 0.6161193
f 1065/1315/1065 1057/1399/1057 1062/1426/1062
f 1065/1315/1065 1062/1426/1062 1066/1337/1066
vt 0.3137777 0.6145234
f 1062/1426/1062 1061/1427/1061 1066/1337/1066
f 1066/1337/1066 1061/1427/1061 1067/1338/1067
vt 0.2635498 0.6146976
f 1067/1338/1067 1059/1428/1059 1064/1339/1064
f 1059/1428/1059 1060/1400/1060 1064/1339/1064
vt 0.1036197 0.6056260
f 1244/1340/1244 1245/1429/1245 1256/1402/1256
vt 0.1784770 0.6139220
f 1068/1401/1068 1236/1430/1236 1247/1318/1247
vt 0.1695042 0.6099686
f 1236/1430/1236 1231/1431/1231 1233/1363/1233
f 1247/1318/1247 1236/1430/1236 1233/1363/1233
vt 0.1555143 0.6115672
f 1233/1363/1233 1232/1432/1232 1234/1364/1234
f 1234/1364/1234 1232/1432/1232 1235/1365/1235
f 8/1024/8 2/1320/2 1/1148/1
f 3/1371/3 15/1377/15 14/1211/14
vt 0.8190022 0.6253348
f 1190/1372/1190 1180/1433/1180 1177/1387/1177
vt 0.8116121 0.6228848
f 1177/1387/1177 1170/1434/1170 1169/1349/1169
f 1170/1434/1170 1167/1388/1167 1169/1349/1169
vt 0.7609091 0.9624875
f 2016/1391/2016 2010/1435/2010 2017/1327/2017
f 2017/1327/2017 2010/1435/2010 2012/1390/2012
vt 0.7573131 0.9356483
f 2036/1412/2036 2015/1436/2015 2018/1354/2018
f 2018/1354/2018 2015/1436/2015 2016/1391/2016
vt 0.7424815 0.3023373
vt 0.7465019 0.3028895
vt 0.7553476 0.3136973
f 3424/1437/3424 3429/1438/3429 3430/1439/3430
f 1153/1416/1153 1150/1417/1150 1182/1332/1182
f 1134/1334/1134 1133/1418/1133 1130/1395/1130
vt 0.0619690 0.6076636
vt 0.0439845 0.5993516
f 1385/1397/1385 1460/1440/1460 1503/1441/1503
f 1144/1422/1144 1043/1424/1043 1071/1359/1071
f 1113/1420/1113 1112/1423/1112 1119/1308/1119
vt 0.4436199 0.6268844
f 1098/1442/1098 1075/1421/1075 1110/1317/1110
f 1067/1338/1067 1061/1427/1061 1059/1428/1059
vt 0.4764484 0.6264077
f 1116/1314/1116 1097/1443/1097 1109/1362/1109
f 1232/1432/1232 1237/1403/1237 1235/1365/1235
f 1233/1363/1233 1231/1431/1231 1232/1432/1232
f 1/1148/1 2/1320/2 3/1371/3
vt 0.9271567 0.7482764
vt 0.9373115 0.7493935
vt 0.9316695 0.7439687
f 1592/1444/1592 1715/1445/1715 1711/1446/1711
f 1192/1386/1192 1180/1433/1180 1190/1372/1190
f 21/1352/21 15/1377/15 36/1409/36
f 2015/1436/2015 2010/1435/2010 2016/1391/2016
f 1348/1396/1348 1460/1440/1460 1385/1397/1385
f 1132/1305/1132 1121/1419/1121 1113/1420/1113
vt 0.0928267 0.6154258
f 1276/1398/1276 1349/1447/1349 1348/1396/1348
f 1256/1402/1256 1349/1447/1349 1276/1398/1276
vt 0.4975030 0.6252464
f 1112/1423/1112 1100/1448/1100 1116/1314/1116
vt 0.1868562 0.6228436
f 1063/1361/1063 1039/1449/1039 1068/1401/1068
vt 0.4555542 0.6276403
f 1109/1362/1109 1094/1450/1094 1110/1317/1110
f 1094/1450/1094 1098/1442/1098 1110/1317/1110
vt 0.9211110 0.3916463
f 3284/1374/3284 3285/1451/3285 3283/1375/3283
vt 0.8315618 0.6339806
vt 0.8229615 0.6290321
f 1192/1386/1192 1346/1452/1346 1193/1453/1193
f 1192/1386/1192 1193/1453/1193 1180/1433/1180
f 1360/1405/1360 1346/1452/1346 1192/1386/1192
vt 0.7822629 0.6335774
f 1166/1406/1166 1167/1388/1167 1171/1454/1171
vt 0.7729080 0.6324416
f 1171/1454/1171 1172/1455/1172 1166/1406/1166
f 1166/1406/1166 1172/1455/1172 1162/1389/1162
vt 0.7669567 0.9679556
f 2010/1435/2010 2011/1456/2011 2012/1390/2012
f 2012/1390/2012 2011/1456/2011 2013/1410/2013
vt 0.0250622 0.4977988
f 3271/1413/3271 3277/1457/3277 3269/1392/3269
vt 0.7387441 0.2938397
f 3429/1438/3429 3424/1437/3424 3423/1458/3423
vt 0.9034703 0.3552883
f 2510/1414/2510 2505/1459/2505 2492/1415/2492
vt 0.6169692 0.6328952
f 1150/1417/1150 1131/1460/1131 1133/1418/1133
vt 0.7523078 0.4813863
vt 0.7689427 0.4966496
vt 0.7468997 0.4895177
f 2115/1461/2115 2107/1462/2107 2093/1463/2093
vt 0.0820248 0.6160755
f 1349/1447/1349 1442/1464/1442 1348/1396/1348
f 1060/1400/1060 1039/1449/1039 1063/1361/1063
vt 0.1831873 0.6293656
f 1068/1401/1068 1044/1465/1044 1236/1430/1236
vt 0.1241556 0.6184468
f 1237/1403/1237 1246/1466/1246 1245/1429/1245
f 1116/1314/1116 1100/1448/1100 1097/1443/1097
vt 0.1653933 0.6245466
f 1231/1431/1231 1230/1467/1230 1232/1432/1232
vt 0.1439755 0.6239395
f 1232/1432/1232 1239/1468/1239 1237/1403/1237
vt 0.4619143 0.8811621
vt 0.4556372 0.8832417
f 209/1469/209 402/1470/402 200/1378/200
vt 0.9207783 0.5126355
f 35/1404/35 48/1471/48 6/1376/6
vt 0.9357782 0.5228773
f 4/1472/4 2/1320/2 6/1376/6
vt 0.9567670 0.1767241
vt 0.9452424 0.1611365
vt 0.9550778 0.1648071
f 2193/1473/2193 2184/1474/2184 2204/1475/2204
vt 0.8196424 0.6378680
f 1193/1453/1193 1223/1476/1223 1180/1433/1180
vt 0.8161418 0.6324113
f 1180/1433/1180 1181/1477/1181 1170/1434/1170
vt 0.8104320 0.6347620
f 1170/1434/1170 1181/1477/1181 1178/1478/1178
f 1170/1434/1170 1178/1478/1178 1167/1388/1167
vt 0.7915963 0.6352426
f 1178/1478/1178 1179/1479/1179 1167/1388/1167
vt 0.7477325 0.6366593
f 1161/1407/1161 1162/1389/1162 1160/1480/1160
vt 0.7720671 0.9708210
vt 0.7694224 0.9761472
vt 0.7603551 0.9769625
f 2023/1481/2023 2028/1482/2028 2029/1483/2029
f 1161/1407/1161 1160/1480/1160 1159/1408/1159
vt 0.7275537 0.6347235
f 1159/1408/1159 1160/1480/1160 1158/1484/1158
vt 0.9431603 0.6464613
f 15/1377/15 45/1485/45 36/1409/36
vt 0.7685439 0.9336534
f 2036/1412/2036 2014/1486/2014 2015/1436/2015
vt 0.0280749 0.4884900
vt 0.0255837 0.4861111
f 3279/1487/3279 3278/1488/3278 3277/1457/3277
f 1159/1408/1159 1158/1484/1158 1156/1411/1156
f 3277/1457/3277 3278/1488/3278 3269/1392/3269
vt 0.6943198 0.6374628
f 1158/1484/1158 1157/1489/1157 1156/1411/1156
vt 0.6551346 0.6363254
f 1153/1416/1153 1152/1490/1152 1150/1417/1150
f 1133/1418/1133 1131/1460/1131 1130/1395/1130
vt 0.0936388 0.6208489
f 1349/1447/1349 1458/1491/1458 1442/1464/1442
vt 0.4245634 0.6346281
f 1075/1421/1075 1074/1492/1074 1043/1424/1043
f 1075/1421/1075 1043/1424/1043 1144/1422/1144
vt 0.4116454 0.6310884
f 1024/1493/1024 1057/1399/1057 1058/1425/1058
vt 0.3531812 0.6282083
f 1057/1399/1057 1018/1494/1018 1062/1426/1062
vt 0.3148852 0.6286612
f 1062/1426/1062 1021/1495/1021 1061/1427/1061
f 1059/1428/1059 1061/1427/1061 1021/1495/1021
vt 0.2001692 0.6265041
f 1059/1428/1059 1030/1496/1030 1060/1400/1060
f 1030/1496/1030 1039/1449/1039 1060/1400/1060
f 1245/1429/1245 1246/1466/1246 1256/1402/1256
f 1097/1443/1097 1094/1450/1094 1109/1362/1109
f 1239/1468/1239 1246/1466/1246 1237/1403/1237
vt 0.3468073 0.9971656
vt 0.3333592 0.9972194
vt 0.3436258 0.9892537
f 2412/1497/2412 2410/1498/2410 2411/1499/2411
vt 0.3305174 0.9921386
f 2410/1498/2410 2408/1500/2408 2411/1499/2411
vt 0.9192754 0.3865693
f 3284/1374/3284 3295/1501/3295 3285/1451/3285
vt 0.3229110 0.9968917
vt 0.3104583 0.9941152
f 2409/1502/2409 2400/1503/2400 2408/1500/2408
vt 0.9012598 0.7009451
vt 0.9057502 0.7020894
vt 0.8991411 0.6941857
f 1661/1504/1661 1656/1505/1656 1662/1506/1662
vt 0.9524599 0.1523711
f 2184/1474/2184 2203/1507/2203 2204/1475/2204
vt 0.9665388 0.6071674
f 3/1371/3 16/1508/16 15/1377/15
vt 0.8271568 0.6425630
f 1193/1453/1193 1334/1509/1334 1223/1476/1223
f 1346/1452/1346 1334/1509/1334 1193/1453/1193
f 1180/1433/1180 1223/1476/1223 1181/1477/1181
f 1179/1479/1179 1171/1454/1171 1167/1388/1167
vt 0.7624082 0.6379462
f 1172/1455/1172 1175/1510/1175 1162/1389/1162
f 1162/1389/1162 1175/1510/1175 1160/1480/1160
vt 0.9473683 0.6383754
f 28/1511/28 45/1485/45 15/1377/15
f 2014/1486/2014 2011/1456/2011 2010/1435/2010
f 2015/1436/2015 2014/1486/2014 2010/1435/2010
vt 0.7338415 0.2937919
f 3422/1512/3422 3423/1458/3423 3424/1437/3424
vt 0.6713946 0.6378322
f 1156/1411/1156 1157/1489/1157 1154/1513/1154
f 1155/1394/1155 1154/1513/1154 1153/1416/1153
f 1154/1513/1154 1152/1490/1152 1153/1416/1153
f 1152/1490/1152 1131/1460/1131 1150/1417/1150
vt 0.5980815 0.6352432
f 1131/1460/1131 1129/1514/1129 1130/1395/1130
vt 0.5725601 0.6330091
f 1129/1514/1129 1125/1515/1125 1130/1395/1130
f 1130/1395/1130 1125/1515/1125 1121/1419/1121
vt 0.5512445 0.6292331
f 1125/1515/1125 1115/1516/1115 1121/1419/1121
vt 0.5196096 0.6297908
f 1115/1516/1115 1107/1517/1107 1113/1420/1113
f 1121/1419/1121 1115/1516/1115 1113/1420/1113
f 1107/1517/1107 1100/1448/1100 1112/1423/1112
f 1113/1420/1113 1107/1517/1107 1112/1423/1112
vt 0.4314162 0.6301982
f 1098/1442/1098 1082/1518/1082 1075/1421/1075
vt 0.4189306 0.6358556
f 1043/1424/1043 1034/1519/1034 1024/1493/1024
f 1043/1424/1043 1024/1493/1024 1058/1425/1058
vt 0.3866097 0.6304043
f 1057/1399/1057 1024/1493/1024 1023/1520/1023
f 1057/1399/1057 1023/1520/1023 1018/1494/1018
f 1062/1426/1062 1018/1494/1018 1021/1495/1021
vt 0.2454638 0.6279005
f 1027/1521/1027 1030/1496/1030 1059/1428/1059
vt 0.1274288 0.6292248
f 1246/1466/1246 1257/1522/1257 1256/1402/1256
vt 0.1691693 0.6304467
f 1236/1430/1236 1227/1523/1227 1231/1431/1231
f 1231/1431/1231 1227/1523/1227 1230/1467/1230
f 1230/1467/1230 1239/1468/1239 1232/1432/1232
vt 0.3694296 0.9952772
vt 0.3612693 0.9838254
f 2413/1524/2413 2411/1499/2411 2416/1525/2416
vt 0.3217315 0.9830908
f 2411/1499/2411 2408/1500/2408 2407/1526/2407
vt 0.9287469 0.3919265
f 3295/1501/3295 3296/1527/3296 3285/1451/3285
f 2408/1500/2408 2400/1503/2400 2407/1526/2407
vt 0.9321078 0.1716253
vt 0.9240441 0.1694198
vt 0.9410414 0.1705810
f 2214/1528/2214 2185/1529/2185 2191/1530/2191
vt 0.8164582 0.6418865
f 1340/1531/1340 1178/1478/1178 1181/1477/1181
f 1223/1476/1223 1340/1531/1340 1181/1477/1181
vt 0.7326033 0.2974749
vt 0.7272552 0.2928728
f 3440/1532/3440 3432/1533/3432 3422/1512/3422
vt 0.1065898 0.6272417
f 1349/1447/1349 1459/1534/1459 1458/1491/1458
vt 0.1199001 0.6308299
f 1257/1522/1257 1350/1535/1350 1349/1447/1349
f 1059/1428/1059 1021/1495/1021 1027/1521/1027
vt 0.1803728 0.6302876
f 1044/1465/1044 1226/1536/1226 1236/1430/1236
f 1226/1536/1226 1227/1523/1227 1236/1430/1236
vt 0.4617577 0.8967273
f 209/1469/209 404/1537/404 402/1470/402
vt 0.7585732 0.8737289
vt 0.7714384 0.8650351
vt 0.7643312 0.8805941
f 440/1538/440 502/1539/502 439/1540/439
vt 0.3017394 0.9749803
vt 0.3106525 0.9689378
f 2407/1526/2407 2402/1541/2402 2404/1542/2404
vt 0.9294511 0.5166757
f 48/1471/48 37/1543/37 6/1376/6
f 2407/1526/2407 2400/1503/2400 2402/1541/2402
vt 0.2957073 0.9952147
f 2400/1503/2400 2398/1544/2398 2402/1541/2402
vt 0.2924616 0.9856796
f 2398/1544/2398 2401/1545/2401 2402/1541/2402
f 2/1320/2 16/1508/16 3/1371/3
vt 0.9279594 0.1632717
f 2184/1474/2184 2185/1529/2185 2175/1546/2175
vt 0.8196445 0.6476698
f 1334/1509/1334 1373/1547/1373 1223/1476/1223
vt 0.8100050 0.6486812
f 1178/1478/1178 1340/1531/1340 1353/1548/1353
vt 0.7928115 0.6482903
f 1178/1478/1178 1345/1549/1345 1179/1479/1179
vt 0.9138135 0.1711384
vt 0.9069152 0.1662085
f 2200/1550/2200 2186/1551/2186 2185/1529/2185
vt 0.9550487 0.6300125
f 15/1377/15 17/1552/17 28/1511/28
f 1179/1479/1179 1345/1549/1345 1171/1454/1171
vt 0.7711647 0.6433938
f 1171/1454/1171 1337/1553/1337 1172/1455/1172
f 1172/1455/1172 1337/1553/1337 1175/1510/1175
vt 0.7574985 0.6452973
f 1175/1510/1175 1338/1554/1338 1160/1480/1160
vt 0.7181873 0.6492074
f 1160/1480/1160 1188/1555/1188 1158/1484/1158
vt 0.9495471 0.6424673
f 28/1511/28 53/1556/53 45/1485/45
vt 0.7757664 0.9336736
f 2014/1486/2014 2020/1557/2020 2011/1456/2011
vt 0.7802784 0.9508763
f 2011/1456/2011 2020/1557/2020 2021/1558/2021
vt 0.7815288 0.9638719
f 2011/1456/2011 2021/1558/2021 2022/1559/2022
f 2011/1456/2011 2022/1559/2022 2023/1481/2023
vt 0.7259368 0.2873493
f 3432/1533/3432 3426/1560/3426 3422/1512/3422
vt 0.7272207 0.2865216
f 3422/1512/3422 3425/1561/3425 3423/1458/3423
vt 0.5574240 0.6422796
f 1125/1515/1125 1117/1562/1117 1115/1516/1115
vt 0.7884914 0.5167439
vt 0.7709842 0.5197180
vt 0.7636672 0.5117257
f 2105/1563/2105 2103/1564/2103 2102/1565/2102
vt 0.5410603 0.6465100
f 1115/1516/1115 1114/1566/1114 1107/1517/1107
vt 0.5024716 0.6471207
f 1107/1517/1107 1101/1567/1101 1100/1448/1100
vt 0.1866380 0.6372095
f 1030/1496/1030 1037/1568/1037 1039/1449/1039
f 1039/1449/1039 1037/1568/1037 1044/1465/1044
vt 0.4443677 0.6470205
f 1098/1442/1098 1090/1569/1090 1082/1518/1082
vt 0.1454258 0.6390652
f 1239/1468/1239 1251/1570/1251 1246/1466/1246
f 1246/1466/1246 1251/1570/1251 1257/1522/1257
vt 0.1591450 0.6387649
f 1230/1467/1230 1228/1571/1228 1239/1468/1239
vt 0.3560880 0.8884591
vt 0.3680297 0.9044771
vt 0.3296496 0.8964247
f 362/1572/362 385/1573/385 413/1574/413
vt 0.7784488 0.8808707
f 502/1539/502 480/1575/480 439/1540/439
vt 0.3378989 0.9544186
f 2416/1525/2416 2411/1499/2411 2418/1576/2418
vt 0.3282600 0.9642823
f 2407/1526/2407 2404/1542/2404 2417/1577/2417
vt 0.9328499 0.3988869
f 3296/1527/3296 3297/1578/3297 3285/1451/3285
f 37/1543/37 4/1472/4 6/1376/6
vt 0.2948671 0.9675461
f 2402/1541/2402 2401/1545/2401 2384/1579/2384
vt 0.2861416 0.9782536
f 2401/1545/2401 2393/1580/2393 2384/1579/2384
vt 0.2845974 0.9951588
f 2401/1545/2401 2394/1581/2394 2393/1580/2393
vt 0.2779091 0.9844898
f 2394/1581/2394 2392/1582/2392 2393/1580/2393
vt 0.9371402 0.1370680
f 2184/1474/2184 2182/1583/2182 2203/1507/2203
f 2184/1474/2184 2175/1546/2175 2182/1583/2182
vt 0.8161216 0.6509697
f 1340/1531/1340 1366/1584/1366 1353/1548/1353
vt 0.8315514 0.6506569
f 1346/1452/1346 1449/1585/1449 1334/1509/1334
vt 0.7834681 0.6497963
f 1345/1549/1345 1355/1586/1355 1171/1454/1171
f 1171/1454/1171 1355/1586/1355 1337/1553/1337
f 2185/1529/2185 2186/1551/2186 2175/1546/2175
vt 0.7763600 0.9771255
vt 0.7866350 0.9671761
vt 0.7847281 0.9757412
f 2026/1587/2026 2024/1588/2024 2027/1589/2027
vt 0.7438574 0.6513852
f 1338/1554/1338 1339/1590/1339 1160/1480/1160
f 2022/1559/2022 2024/1588/2024 2023/1481/2023
f 2023/1481/2023 2024/1588/2024 2026/1587/2026
vt 0.7202270 0.2880805
f 3431/1591/3431 3426/1560/3426 3432/1533/3432
f 1188/1555/1188 1157/1489/1157 1158/1484/1158
f 3426/1560/3426 3425/1561/3425 3422/1512/3422
vt 0.6469538 0.6500887
f 1152/1490/1152 1189/1592/1189 1131/1460/1131
vt 0.5752577 0.6460732
f 1125/1515/1125 1129/1514/1129 1128/1593/1128
f 1125/1515/1125 1128/1593/1128 1117/1562/1117
f 1117/1562/1117 1114/1566/1114 1115/1516/1115
vt 0.5219977 0.6480304
f 1107/1517/1107 1108/1594/1108 1101/1567/1101
vt 0.3669528 0.6439948
f 1023/1520/1023 1019/1595/1019 1018/1494/1018
vt 0.3240117 0.6454412
f 1020/1596/1020 1021/1495/1021 1018/1494/1018
vt 0.2734782 0.6425003
f 1021/1495/1021 1022/1597/1022 1027/1521/1027
vt 0.2283768 0.6428351
f 1027/1521/1027 1028/1598/1028 1030/1496/1030
vt 0.1992845 0.6435466
f 1028/1598/1028 1029/1599/1029 1030/1496/1030
f 1030/1496/1030 1029/1599/1029 1037/1568/1037
vt 0.4843158 0.6499213
f 1100/1448/1100 1095/1600/1095 1097/1443/1097
vt 0.4669605 0.6468887
f 1097/1443/1097 1093/1601/1093 1094/1450/1094
vt 0.1696982 0.6424934
f 1226/1536/1226 1225/1602/1225 1227/1523/1227
f 1228/1571/1228 1251/1570/1251 1239/1468/1239
f 2411/1499/2411 2417/1577/2417 2418/1576/2418
vt 0.2229658 0.9034140
vt 0.2048960 0.9035697
vt 0.2035924 0.8880554
f 474/1603/474 478/1604/478 392/1605/392
vt 0.3203425 0.9567508
f 2417/1577/2417 2404/1542/2404 2406/1606/2406
vt 0.3048209 0.9590598
f 2406/1606/2406 2404/1542/2404 2387/1607/2387
f 2404/1542/2404 2402/1541/2402 2387/1607/2387
vt 0.9371658 0.3989464
f 3296/1527/3296 3298/1608/3298 3297/1578/3297
f 2402/1541/2402 2384/1579/2384 2387/1607/2387
vt 0.6124724 0.9840879
vt 0.6121082 0.9724262
vt 0.6172014 0.9861111
f 1928/1609/1928 1916/1610/1916 1943/1611/1943
vt 0.9550232 0.5400212
f 4/1472/4 5/1612/5 2/1320/2
vt 0.9296371 0.1506005
f 2175/1546/2175 2174/1613/2174 2182/1583/2182
f 16/1508/16 17/1552/17 15/1377/15
vt 0.7691340 0.6584954
f 1355/1586/1355 1377/1614/1377 1337/1553/1337
vt 0.9577019 0.6352162
f 28/1511/28 52/1615/52 53/1556/53
vt 0.7861225 0.9334301
f 2020/1557/2020 2025/1616/2025 2021/1558/2021
f 1160/1480/1160 1339/1590/1339 1188/1555/1188
vt 0.9110609 0.1577478
f 2186/1551/2186 2176/1617/2176 2175/1546/2175
vt 0.6787528 0.6522263
f 1154/1513/1154 1187/1618/1187 1152/1490/1152
f 1187/1618/1187 1189/1592/1189 1152/1490/1152
vt 0.6062633 0.6507010
f 1189/1592/1189 1151/1619/1151 1131/1460/1131
f 1131/1460/1131 1151/1619/1151 1129/1514/1129
f 1114/1566/1114 1108/1594/1108 1107/1517/1107
vt 0.4271484 0.6498682
f 1082/1518/1082 1083/1620/1083 1074/1492/1074
f 1024/1493/1024 1019/1595/1019 1023/1520/1023
f 1100/1448/1100 1101/1567/1101 1095/1600/1095
f 1090/1569/1090 1083/1620/1083 1082/1518/1082
f 1018/1494/1018 1019/1595/1019 1020/1596/1020
f 1020/1596/1020 1022/1597/1022 1021/1495/1021
f 1027/1521/1027 1022/1597/1022 1028/1598/1028
vt 0.1826886 0.6425722
f 1044/1465/1044 1045/1621/1045 1226/1536/1226
f 1045/1621/1045 1225/1602/1225 1226/1536/1226
vt 0.1350069 0.6398792
f 1257/1522/1257 1329/1622/1329 1350/1535/1350
f 1095/1600/1095 1093/1601/1093 1097/1443/1097
f 1093/1601/1093 1090/1569/1090 1094/1450/1094
f 1094/1450/1094 1090/1569/1090 1098/1442/1098
f 1227/1523/1227 1228/1571/1228 1230/1467/1230
vt 0.7946255 0.8702990
vt 0.8240305 0.8884134
vt 0.8203782 0.8952339
f 516/1623/516 515/1624/515 482/1625/482
vt 0.8038371 0.8856964
f 498/1626/498 516/1623/516 482/1625/482
vt 0.9443961 0.5213717
f 37/1543/37 51/1627/51 4/1472/4
vt 0.0577678 0.0725379
vt 0.0587264 0.0761740
vt 0.0557815 0.0734358
f 2818/1628/2818 2519/1629/2519 2811/1630/2811
vt 0.2824422 0.9724445
f 2384/1579/2384 2393/1580/2393 2380/1631/2380
vt 0.8236954 0.6598476
f 1334/1509/1334 1463/1632/1463 1373/1547/1373
vt 0.8191757 0.6588404
f 1373/1547/1373 1463/1632/1463 1464/1633/1464
vt 0.8164688 0.6597238
f 1464/1633/1464 1465/1634/1465 1373/1547/1373
vt 0.8115373 0.6607394
f 1366/1584/1366 1465/1634/1465 1455/1635/1455
f 1366/1584/1366 1455/1635/1455 1353/1548/1353
f 1334/1509/1334 1449/1585/1449 1463/1632/1463
f 1373/1547/1373 1465/1634/1465 1366/1584/1366
f 1337/1553/1337 1377/1614/1377 1338/1554/1338
vt 0.7548261 0.6580740
f 1338/1554/1338 1377/1614/1377 1378/1636/1378
f 1338/1554/1338 1378/1636/1378 1339/1590/1339
vt 0.9228120 0.1388911
f 2174/1613/2174 2176/1617/2176 2177/1637/2177
f 17/1552/17 52/1615/52 28/1511/28
vt 0.7147487 0.6612132
f 1339/1590/1339 1342/1638/1342 1188/1555/1188
vt 0.7162129 0.2795572
f 3426/1560/3426 3427/1639/3427 3425/1561/3425
vt 0.8965302 0.1561890
f 2186/1551/2186 2180/1640/2180 2176/1617/2176
vt 0.8993538 0.1680989
f 2196/1641/2196 2180/1640/2180 2186/1551/2186
vt 0.7677158 0.5338057
vt 0.7539144 0.5374894
vt 0.7544941 0.5338184
f 2089/1642/2089 2110/1643/2110 2084/1644/2084
f 1129/1514/1129 1151/1619/1151 1128/1593/1128
vt 0.7921910 0.5307961
vt 0.7929491 0.5416667
vt 0.7798563 0.5319251
f 2109/1645/2109 2117/1646/2117 2108/1647/2108
vt 0.8013611 0.5384567
f 2114/1648/2114 2117/1646/2117 2109/1645/2109
vt 0.4232499 0.6539742
f 1083/1620/1083 1084/1649/1084 1074/1492/1074
vt 0.4192709 0.6545343
f 1074/1492/1074 1084/1649/1084 1035/1650/1035
f 1074/1492/1074 1035/1650/1035 1034/1519/1034
vt 0.4099985 0.6520498
f 1034/1519/1034 1025/1651/1025 1024/1493/1024
f 1025/1651/1025 1019/1595/1019 1024/1493/1024
f 1251/1570/1251 1329/1622/1329 1257/1522/1257
f 1227/1523/1227 1225/1602/1225 1228/1571/1228
vt 0.6960757 0.8869436
vt 0.6966059 0.9025886
vt 0.6956363 0.8950491
f 444/1652/444 457/1653/457 456/1654/456
vt 0.7870849 0.8938423
vt 0.8043740 0.8963424
f 431/1655/431 480/1575/480 437/1656/437
f 498/1626/498 482/1625/482 437/1656/437
vt 0.3280943 0.9453737
f 2418/1576/2418 2417/1577/2417 2405/1657/2405
vt 0.3122529 0.9490275
f 2405/1657/2405 2406/1606/2406 2385/1658/2385
vt 0.0545023 0.0810692
f 2519/1629/2519 2775/1659/2775 2811/1630/2811
vt 0.6064319 0.9555383
vt 0.6169717 0.9726593
f 1916/1610/1916 1915/1660/1915 1952/1661/1952
vt 0.6019917 0.9815010
vt 0.6021607 0.9760550
f 1919/1662/1919 1917/1663/1917 1916/1610/1916
vt 0.7957965 0.6605340
f 1455/1635/1455 1454/1664/1454 1353/1548/1353
f 1353/1548/1353 1454/1664/1454 1345/1549/1345
vt 0.7836981 0.6638801
f 1345/1549/1345 1456/1665/1456 1355/1586/1355
f 1355/1586/1355 1456/1665/1456 1377/1614/1377
vt 0.7414668 0.6623572
f 1378/1636/1378 1379/1666/1379 1339/1590/1339
f 2174/1613/2174 2177/1637/2177 2182/1583/2182
vt 0.7930531 0.9746198
f 2024/1588/2024 2031/1667/2031 2027/1589/2027
f 1339/1590/1339 1379/1666/1379 1342/1638/1342
vt 0.7938912 0.9522192
f 2025/1616/2025 2030/1668/2030 2021/1558/2021
f 2021/1558/2021 2030/1668/2030 2022/1559/2022
f 2022/1559/2022 2030/1668/2030 2024/1588/2024
vt 0.7130680 0.2799355
f 3431/1591/3431 3428/1669/3428 3426/1560/3426
f 3426/1560/3426 3428/1669/3428 3427/1639/3427
vt 0.9010278 0.1420057
f 2176/1617/2176 2178/1670/2178 2177/1637/2177
vt 0.8831405 0.1646760
f 2196/1641/2196 2194/1671/2194 2180/1640/2180
vt 0.6615767 0.6600475
f 1187/1618/1187 1341/1672/1341 1189/1592/1189
vt 0.6239415 0.6625648
f 1189/1592/1189 1341/1672/1341 1343/1673/1343
vt 0.8681219 0.1660630
vt 0.8775296 0.1672797
vt 0.8764820 0.1703374
f 2195/1674/2195 2222/1675/2222 2221/1676/2221
vt 0.1178413 0.6479423
vt 0.1027240 0.6543481
vt 0.0961958 0.6526704
f 1502/1677/1502 1500/1678/1500 1564/1679/1564
vt 0.7710307 0.5401913
f 2117/1646/2117 2111/1680/2111 2108/1647/2108
vt 0.5559886 0.6533805
f 1128/1593/1128 1122/1681/1122 1117/1562/1117
f 1117/1562/1117 1122/1681/1122 1114/1566/1114
vt 0.1250183 0.6421720
vt 0.1266801 0.6520938
f 1487/1682/1487 1424/1683/1424 1502/1677/1502
vt 0.2597098 0.6575075
f 1020/1596/1020 1032/1684/1032 1022/1597/1022
vt 0.2399346 0.6545134
f 1022/1597/1022 1031/1685/1031 1028/1598/1028
f 1031/1685/1031 1029/1599/1029 1028/1598/1028
vt 0.1865185 0.6552539
f 1029/1599/1029 1038/1686/1038 1037/1568/1037
f 1037/1568/1037 1038/1686/1038 1045/1621/1045
vt 0.1427391 0.6474380
f 1251/1570/1251 1328/1687/1328 1329/1622/1329
vt 0.1577668 0.6568961
f 1228/1571/1228 1248/1688/1248 1251/1570/1251
vt 0.4775597 0.0004789
vt 0.4758663 0.0156831
vt 0.4759400 0.0085847
f 2675/1689/2675 2672/1690/2672 2689/1691/2689
vt 0.8349468 0.8939108
f 515/1624/515 504/1692/504 482/1625/482
vt 0.2918216 0.0328802
vt 0.2785599 0.0554819
vt 0.2700220 0.0407347
f 2632/1693/2632 2610/1694/2610 2633/1695/2633
vt 0.9472708 0.5243062
f 51/1627/51 44/1696/44 4/1472/4
vt 0.0526006 0.0891566
f 2775/1659/2775 2519/1629/2519 2774/1697/2774
vt 0.9511569 0.5319960
f 4/1472/4 44/1696/44 27/1698/27
f 4/1472/4 27/1698/27 5/1612/5
f 2/1320/2 5/1612/5 16/1508/16
vt 0.0738064 0.1831919
vt 0.0797693 0.1731145
vt 0.0781881 0.1839526
f 3186/1699/3186 3062/1700/3062 3162/1701/3162
vt 0.0856758 0.1829339
vt 0.0995795 0.1739994
vt 0.1009002 0.1857671
f 3146/1702/3146 3057/1703/3057 3155/1704/3155
vt 0.9646057 0.6186229
f 16/1508/16 25/1705/25 17/1552/17
f 1345/1549/1345 1454/1664/1454 1456/1665/1456
vt 0.7634824 0.6708601
f 1377/1614/1377 1467/1706/1467 1378/1636/1378
vt 0.9655461 0.6257002
f 25/1705/25 55/1707/55 52/1615/52
f 17/1552/17 25/1705/25 52/1615/52
vt 0.7977347 0.9331924
f 2025/1616/2025 2033/1708/2033 2030/1668/2030
vt 0.7995627 0.9656788
f 2030/1668/2030 2032/1709/2032 2024/1588/2024
f 2024/1588/2024 2032/1709/2032 2031/1667/2031
vt 0.7074494 0.2817854
vt 0.7129623 0.2839316
f 3434/1710/3434 3428/1669/3428 3433/1711/3433
vt 0.9310786 0.1311609
f 2177/1637/2177 2183/1712/2183 2182/1583/2182
f 3433/1711/3433 3428/1669/3428 3431/1591/3431
vt 0.9139568 0.1289512
f 2178/1670/2178 2179/1713/2179 2177/1637/2177
f 1188/1555/1188 1342/1638/1342 1187/1618/1187
vt 0.8755889 0.1549435
f 2194/1671/2194 2188/1714/2188 2180/1640/2180
f 1189/1592/1189 1343/1673/1343 1151/1619/1151
f 2222/1675/2222 2195/1674/2195 2194/1671/2194
vt 0.0915098 0.6555310
f 1564/1679/1564 1500/1678/1500 1534/1715/1534
vt 0.5783560 0.6640790
f 1151/1619/1151 1222/1716/1222 1128/1593/1128
f 1222/1716/1222 1122/1681/1122 1128/1593/1128
vt 0.1161153 0.6551369
f 1502/1677/1502 1424/1683/1424 1498/1717/1498
vt 0.4258010 0.6580963
f 1083/1620/1083 1085/1718/1085 1084/1649/1084
vt 0.1989521 0.6579919
f 1036/1719/1036 1038/1686/1038 1029/1599/1029
f 1034/1519/1034 1035/1650/1035 1025/1651/1025
vt 0.3754159 0.6563978
f 1025/1651/1025 1026/1720/1026 1019/1595/1019
f 1019/1595/1019 1026/1720/1026 1020/1596/1020
f 1022/1597/1022 1032/1684/1032 1031/1685/1031
vt 0.4499517 0.6565045
f 1093/1601/1093 1092/1721/1092 1090/1569/1090
vt 0.4439558 0.6564997
f 1092/1721/1092 1091/1722/1091 1090/1569/1090
vt 0.1806733 0.6573103
f 1045/1621/1045 1056/1723/1056 1225/1602/1225
vt 0.1673016 0.6553741
f 1225/1602/1225 1229/1724/1229 1228/1571/1228
f 1228/1571/1228 1229/1724/1229 1248/1688/1248
vt 0.8199795 0.9013612
f 437/1656/437 482/1625/482 438/1725/438
vt 0.8355181 0.8999398
f 482/1625/482 504/1692/504 484/1726/484
vt 0.3154803 0.9431293
vt 0.3281847 0.9386249
f 2405/1657/2405 2386/1727/2386 2403/1728/2403
vt 0.0568966 0.0865915
vt 0.0528477 0.0935336
f 2519/1629/2519 2520/1729/2520 2765/1730/2765
f 2519/1629/2519 2765/1730/2765 2774/1697/2774
vt 0.5981974 0.9539483
f 1917/1663/1917 1912/1731/1912 1916/1610/1916
f 1916/1610/1916 1912/1731/1912 1915/1660/1915
vt 0.5890186 0.9800775
f 1919/1662/1919 1920/1732/1920 1917/1663/1917
vt 0.8082565 0.9515086
f 2033/1708/2033 2050/1733/2050 2030/1668/2030
vt 0.7025272 0.6693726
f 1379/1666/1379 1436/1734/1436 1342/1638/1342
vt 0.9229508 0.1241580
f 2183/1712/2183 2177/1637/2177 2181/1735/2181
vt 0.6862118 0.6668090
f 1342/1638/1342 1367/1736/1367 1341/1672/1341
f 2195/1674/2195 2188/1714/2188 2194/1671/2194
vt 0.5936614 0.6697336
f 1343/1673/1343 1344/1737/1344 1151/1619/1151
vt 0.8633676 0.1689638
vt 0.8571944 0.1632069
f 2213/1738/2213 2199/1739/2199 2195/1674/2195
f 1344/1737/1344 1222/1716/1222 1151/1619/1151
vt 0.8514670 0.1702157
f 2212/1740/2212 2199/1739/2199 2213/1738/2213
vt 0.1033032 0.6574945
f 1500/1678/1500 1499/1741/1499 1534/1715/1534
f 1498/1717/1498 1499/1741/1499 1500/1678/1500
vt 0.5311192 0.6666365
f 1122/1681/1122 1118/1742/1118 1114/1566/1114
f 1114/1566/1114 1118/1742/1118 1108/1594/1108
vt 0.4087605 0.6662049
f 1025/1651/1025 1035/1650/1035 1040/1743/1040
f 1025/1651/1025 1040/1743/1040 1026/1720/1026
vt 0.3205099 0.6583791
f 1026/1720/1026 1033/1744/1033 1020/1596/1020
f 1029/1599/1029 1031/1685/1031 1036/1719/1036
vt 0.1838625 0.6596693
f 1038/1686/1038 1050/1745/1050 1045/1621/1045
f 1045/1621/1045 1050/1745/1050 1056/1723/1056
vt 0.5053226 0.6617569
vt 0.4830634 0.6598109
f 1102/1746/1102 1096/1747/1096 1095/1600/1095
f 1101/1567/1101 1102/1746/1102 1095/1600/1095
f 1090/1569/1090 1091/1722/1091 1083/1620/1083
f 1056/1723/1056 1229/1724/1229 1225/1602/1225
f 1095/1600/1095 1092/1721/1092 1093/1601/1093
f 1251/1570/1251 1248/1688/1248 1328/1687/1328
vt 0.4815949 0.0045777
vt 0.4811190 0.0162850
f 2673/1748/2673 2670/1749/2670 2672/1690/2672
vt 0.9567959 0.5331375
f 44/1696/44 49/1750/49 27/1698/27
vt 0.9712838 0.5791490
f 5/1612/5 18/1751/18 16/1508/16
vt 0.1496547 0.1828414
vt 0.1786251 0.1907654
vt 0.1522014 0.1994935
f 3120/1752/3120 3121/1753/3121 3170/1754/3170
f 2177/1637/2177 2179/1713/2179 2181/1735/2181
vt 0.8874637 0.1436111
f 2187/1755/2187 2178/1670/2178 2180/1640/2180
vt 0.6289884 0.6709022
f 1343/1673/1343 1341/1672/1341 1359/1756/1359
f 2188/1714/2188 2187/1755/2187 2180/1640/2180
f 2195/1674/2195 2199/1739/2199 2188/1714/2188
vt 0.8434426 0.1687466
f 2202/1757/2202 2199/1739/2199 2212/1740/2212
vt 0.5549770 0.6658700
f 1222/1716/1222 1126/1758/1126 1122/1681/1122
vt 0.8334903 0.1742975
f 2210/1759/2210 2202/1757/2202 2212/1740/2212
vt 0.1214788 0.6594162
f 1498/1717/1498 1423/1760/1423 1499/1741/1499
f 1424/1683/1424 1423/1760/1423 1498/1717/1498
vt 0.1408382 0.6549701
f 1424/1683/1424 1354/1761/1354 1423/1760/1423
f 1108/1594/1108 1118/1742/1118 1102/1746/1102
vt 0.4242285 0.6688111
f 1085/1718/1085 1087/1762/1087 1084/1649/1084
vt 0.4187035 0.6697438
f 1087/1762/1087 1042/1763/1042 1084/1649/1084
vt 0.4308678 0.6676345
f 1091/1722/1091 1086/1764/1086 1083/1620/1083
f 1083/1620/1083 1086/1764/1086 1085/1718/1085
f 1084/1649/1084 1042/1763/1042 1035/1650/1035
vt 0.3732637 0.6692599
f 1026/1720/1026 1041/1765/1041 1033/1744/1033
f 1095/1600/1095 1096/1747/1096 1092/1721/1092
vt 0.1430442 0.6619988
f 1328/1687/1328 1327/1766/1327 1354/1761/1354
vt 0.7330853 0.0179368
vt 0.7199854 0.0265478
vt 0.7206159 0.0155720
f 2679/1767/2679 2676/1768/2676 2678/1769/2678
vt 0.4761229 0.0253925
f 2670/1749/2670 2671/1770/2671 2672/1690/2672
vt 0.2216712 0.0736469
vt 0.2286710 0.0897206
vt 0.1931488 0.0840846
f 2602/1771/2602 2571/1772/2571 2569/1773/2569
vt 0.0497662 0.1044909
vt 0.0492061 0.1026038
f 2765/1730/2765 2794/1774/2794 2778/1775/2778
vt 0.9644570 0.5493808
f 5/1612/5 27/1698/27 22/1776/22
vt 0.1350407 0.1709093
vt 0.1343692 0.1833180
f 3051/1777/3051 3120/1752/3120 3131/1778/3131
vt 0.9724776 0.5948782
f 26/1779/26 25/1705/25 16/1508/16
vt 0.6977955 0.2790735
vt 0.6979330 0.2748725
f 3436/1780/3436 3435/1781/3435 3434/1710/3434
vt 0.1899390 0.2109151
f 3170/1754/3170 3121/1753/3121 3173/1782/3173
f 3434/1710/3434 3435/1781/3435 3428/1669/3428
vt 0.0653233 0.1970457
vt 0.0610114 0.1821929
vt 0.0636422 0.1865319
f 2829/1783/2829 2773/1784/2773 2825/1785/2825
vt 0.6530922 0.6763459
f 1367/1736/1367 1368/1786/1368 1341/1672/1341
vt 0.8948997 0.1326011
f 2187/1755/2187 2189/1787/2189 2178/1670/2178
vt 0.1344732 0.6619362
f 1354/1761/1354 1333/1788/1333 1423/1760/1423
f 1035/1650/1035 1042/1763/1042 1040/1743/1040
f 1026/1720/1026 1040/1743/1040 1041/1765/1041
vt 0.4554236 0.6675872
f 1096/1747/1096 1099/1789/1099 1092/1721/1092
vt 0.4441471 0.6700813
f 1099/1789/1099 1103/1790/1103 1092/1721/1092
f 1092/1721/1092 1103/1790/1103 1091/1722/1091
vt 0.1687144 0.6648162
f 1056/1723/1056 1307/1791/1307 1229/1724/1229
f 1248/1688/1248 1327/1766/1327 1328/1687/1328
vt 0.6198753 0.3136973
vt 0.6218722 0.3057586
vt 0.6277629 0.3041125
f 3452/1792/3452 3451/1793/3451 3450/1794/3450
vt 0.9653286 0.5457070
f 27/1698/27 49/1750/49 40/1795/40
f 27/1698/27 40/1795/40 22/1776/22
vt 0.5863407 0.9721448
vt 0.5889555 0.9487327
f 1918/1796/1918 1913/1797/1913 1912/1731/1912
vt 0.9468648 0.6747311
vt 0.9496600 0.6637123
vt 0.9403676 0.6772650
f 1722/1798/1722 1723/1799/1723 1707/1800/1707
vt 0.0834639 0.1272515
vt 0.0835092 0.1389868
vt 0.0804353 0.1387588
f 2968/1801/2968 2962/1802/2962 2967/1803/2967
f 18/1751/18 26/1779/26 16/1508/16
vt 0.9746225 0.6019089
vt 0.9718806 0.6132795
f 46/1804/46 56/1805/56 25/1705/25
f 26/1779/26 46/1804/46 25/1705/25
vt 0.6685820 0.6777114
f 1367/1736/1367 1448/1806/1448 1368/1786/1368
vt 0.9122442 0.1140075
f 2179/1713/2179 2190/1807/2190 2181/1735/2181
vt 0.9025234 0.1194640
f 2192/1808/2192 2190/1807/2190 2179/1713/2179
f 1341/1672/1341 1368/1786/1368 1359/1756/1359
f 2189/1787/2189 2192/1808/2192 2179/1713/2179
f 2178/1670/2178 2189/1787/2189 2179/1713/2179
vt 0.8683136 0.1332758
f 2188/1714/2188 2198/1809/2198 2187/1755/2187
f 2199/1739/2199 2198/1809/2198 2188/1714/2188
vt 0.8540025 0.1465392
f 2202/1757/2202 2201/1810/2201 2199/1739/2199
vt 0.8392690 0.1559973
f 2210/1759/2210 2209/1811/2209 2202/1757/2202
vt 0.8204100 0.1767241
vt 0.8298925 0.1623292
f 2218/1812/2218 2217/1813/2217 2210/1759/2210
vt 0.3032276 0.6709942
f 1033/1744/1033 1041/1765/1041 1046/1814/1046
vt 0.2457131 0.6729855
f 1032/1684/1032 1046/1814/1046 1047/1815/1047
vt 0.1988421 0.6722227
f 1031/1685/1031 1047/1815/1047 1048/1816/1048
f 1031/1685/1031 1048/1816/1048 1036/1719/1036
vt 0.1858289 0.6738422
f 1048/1816/1048 1049/1817/1049 1038/1686/1038
f 1036/1719/1036 1048/1816/1048 1038/1686/1038
f 1038/1686/1038 1049/1817/1049 1050/1745/1050
vt 0.4842830 0.6754504
f 1102/1746/1102 1105/1818/1105 1096/1747/1096
vt 0.5922789 0.9428447
f 1915/1660/1915 1912/1731/1912 1914/1819/1914
vt 0.6319240 0.2956077
f 3451/1793/3451 3448/1820/3448 3450/1794/3450
vt 0.6337011 0.2989949
f 3450/1794/3450 3448/1820/3448 3449/1821/3449
f 22/1776/22 18/1751/18 5/1612/5
vt 0.6789150 0.2734674
vt 0.6880171 0.2739228
vt 0.6895569 0.2782464
f 3439/1822/3439 3438/1823/3438 3437/1824/3437
vt 0.6808901 0.2782325
f 3441/1825/3441 3439/1822/3439 3437/1824/3437
f 3437/1824/3437 3438/1823/3438 3435/1781/3435
f 3437/1824/3437 3435/1781/3435 3436/1780/3436
vt 0.2220488 0.2055448
vt 0.2233664 0.2204260
f 3173/1782/3173 3143/1826/3143 3182/1827/3182
vt 0.8863967 0.1220739
f 2187/1755/2187 2197/1828/2197 2189/1787/2189
f 2199/1739/2199 2201/1810/2201 2198/1809/2198
vt 0.5468346 0.6768822
f 1222/1716/1222 1357/1829/1357 1126/1758/1126
f 2202/1757/2202 2209/1811/2209 2201/1810/2201
f 1126/1758/1126 1357/1829/1357 1118/1742/1118
f 2210/1759/2210 2217/1813/2217 2209/1811/2209
vt 0.3826966 0.6797146
f 1041/1765/1041 1040/1743/1040 1052/1830/1052
vt 0.1821543 0.6710371
f 1051/1831/1051 1307/1791/1307 1056/1723/1056
vt 0.1206568 0.6716215
f 1327/1766/1327 1331/1832/1331 1333/1788/1333
f 1096/1747/1096 1105/1818/1105 1099/1789/1099
vt 0.1405607 0.6726750
f 1248/1688/1248 1326/1833/1326 1327/1766/1327
vt 0.1670227 0.6723658
f 1307/1791/1307 1306/1834/1306 1229/1724/1229
vt 0.1593086 0.6688925
f 1229/1724/1229 1306/1834/1306 1290/1835/1290
f 1229/1724/1229 1290/1835/1290 1248/1688/1248
vt 0.3451001 0.0455742
vt 0.3171290 0.0686507
vt 0.3004617 0.0574427
f 2608/1836/2608 2594/1837/2594 2607/1838/2607
vt 0.2753943 0.0707136
f 2607/1838/2607 2594/1837/2594 2600/1839/2600
f 1912/1731/1912 1913/1797/1913 1914/1819/1914
vt 0.5755218 0.9696584
f 1918/1796/1918 1922/1840/1922 1913/1797/1913
vt 0.5786472 0.9793736
f 1921/1841/1921 1922/1840/1922 1918/1796/1918
vt 0.6427798 0.2917649
f 3449/1821/3449 3448/1820/3448 3447/1842/3447
vt 0.9731199 0.5694955
f 22/1776/22 40/1795/40 30/1843/30
f 22/1776/22 30/1843/30 18/1751/18
vt 0.1699767 0.1287012
vt 0.1583588 0.1447327
vt 0.1490935 0.1279176
f 2972/1844/2972 2953/1845/2953 2971/1846/2971
vt 0.9763815 0.5854494
f 30/1843/30 43/1847/43 26/1779/26
f 18/1751/18 30/1843/30 26/1779/26
f 26/1779/26 43/1847/43 46/1804/46
vt 0.0378569 0.1490376
vt 0.0390041 0.1496280
vt 0.0359257 0.1604361
f 2802/1848/2802 2803/1849/2803 2812/1850/2812
vt 0.1494174 0.7737139
vt 0.1553760 0.7779990
f 3399/1851/3399 3377/13/3377 3384/1852/3384
vt 0.6692899 0.2788070
f 3442/1853/3442 3439/1822/3439 3441/1825/3441
vt 0.6280379 0.6874743
f 1448/1806/1448 1437/1854/1437 1368/1786/1368
f 1359/1756/1359 1368/1786/1368 1437/1854/1437
vt 0.6049162 0.6886653
vt 0.5841898 0.6815965
f 1359/1756/1359 1444/1855/1444 1358/1856/1358
f 2189/1787/2189 2197/1828/2197 2192/1808/2192
f 2187/1755/2187 2198/1809/2198 2197/1828/2197
f 1344/1737/1344 1358/1856/1358 1222/1716/1222
f 1222/1716/1222 1358/1856/1358 1357/1829/1357
vt 0.4273739 0.6860341
vt 0.4241241 0.6829024
f 1086/1764/1086 1089/1857/1089 1088/1858/1088
f 1086/1764/1086 1088/1858/1088 1087/1762/1087
vt 0.5151624 0.6800429
f 1118/1742/1118 1123/1859/1123 1102/1746/1102
f 1088/1858/1088 1042/1763/1042 1087/1762/1087
vt 0.4185477 0.6809000
f 1042/1763/1042 1055/1860/1055 1040/1743/1040
vt 0.3989447 0.6817045
f 1055/1860/1055 1054/1861/1054 1040/1743/1040
f 1040/1743/1040 1054/1861/1054 1052/1830/1052
vt 0.3220277 0.6779910
f 1041/1765/1041 1052/1830/1052 1053/1862/1053
f 1041/1765/1041 1053/1862/1053 1046/1814/1046
f 1053/1862/1053 1047/1815/1047 1046/1814/1046
vt 0.1255631 0.6758986
f 1327/1766/1327 1326/1833/1326 1330/1863/1330
f 1327/1766/1327 1330/1863/1330 1331/1832/1331
vt 0.4576033 0.6815966
f 1105/1818/1105 1106/1864/1106 1099/1789/1099
vt 0.4450613 0.6807029
f 1099/1789/1099 1104/1865/1104 1103/1790/1103
f 1248/1688/1248 1290/1835/1290 1326/1833/1326
vt 0.5682141 0.9783589
f 1923/1866/1923 1922/1840/1922 1921/1841/1921
vt 0.6434879 0.2859241
f 3448/1820/3448 3446/1867/3446 3447/1842/3447
vt 0.9724613 0.5554617
f 40/1795/40 57/1868/57 30/1843/30
vt 0.6524174 0.2811033
vt 0.6540906 0.2845112
f 3446/1867/3446 3444/1869/3444 3445/1870/3445
f 3447/1842/3447 3446/1867/3446 3445/1870/3445
vt 0.0633476 0.1524109
vt 0.0582843 0.1419274
vt 0.0613883 0.1386563
f 2762/1871/2762 2761/1872/2761 2546/1873/2546
vt 0.6663444 0.2758112
f 3444/1869/3444 3443/1874/3443 3442/1853/3442
f 3445/1870/3445 3444/1869/3444 3442/1853/3442
f 3442/1853/3442 3443/1874/3443 3439/1822/3439
vt 0.2638454 0.2165841
f 3143/1826/3143 3141/1875/3141 3182/1827/3182
vt 0.9002390 0.1056315
f 2192/1808/2192 2206/1876/2206 2190/1807/2190
vt 0.8933557 0.1084666
f 2207/1877/2207 2206/1876/2206 2192/1808/2192
vt 0.8459128 0.1463615
f 2209/1811/2209 2216/1878/2216 2201/1810/2201
f 1357/1829/1357 1123/1859/1123 1118/1742/1118
vt 0.1809018 0.6809648
f 1049/1817/1049 1072/1879/1072 1051/1831/1051
f 2217/1813/2217 2216/1878/2216 2209/1811/2209
vt 0.4918291 0.6814622
f 1123/1859/1123 1124/1880/1124 1105/1818/1105
f 1102/1746/1102 1123/1859/1123 1105/1818/1105
f 1088/1858/1088 1055/1860/1055 1042/1763/1042
f 1051/1831/1051 1072/1879/1072 1307/1791/1307
f 1106/1864/1106 1104/1865/1104 1099/1789/1099
f 1072/1879/1072 1306/1834/1306 1307/1791/1307
vt 0.7355424 0.0305271
vt 0.7335647 0.0480416
vt 0.7199106 0.0452777
f 2680/1881/2680 2681/1882/2681 2674/1883/2674
vt 0.0538925 0.1520351
vt 0.0526805 0.1377096
f 2764/1884/2764 2545/1885/2545 2761/1872/2761
vt 0.1859551 0.1464425
vt 0.1973192 0.1679771
vt 0.1648828 0.1581533
f 2951/1886/2951 2949/1887/2949 2952/1888/2952
vt 0.2086518 0.1744719
vt 0.1949526 0.1775034
f 2949/1887/2949 3026/1889/3026 3045/1890/3045
vt 0.2047821 0.1950363
vt 0.2288414 0.1909727
f 3063/1891/3063 3045/1890/3045 3048/1892/3048
f 2192/1808/2192 2197/1828/2197 2207/1877/2207
vt 0.8744509 0.1196114
f 2208/1893/2208 2197/1828/2197 2198/1809/2198
vt 0.5499837 0.6915665
f 1358/1856/1358 1381/1894/1381 1357/1829/1357
f 2201/1810/2201 2216/1878/2216 2198/1809/2198
vt 0.4187967 0.6897851
f 1088/1858/1088 1081/1895/1081 1055/1860/1055
vt 0.4111602 0.6905475
f 1055/1860/1055 1073/1896/1073 1054/1861/1054
vt 0.3208646 0.6892624
f 1052/1830/1052 1077/1897/1077 1053/1862/1053
vt 0.2597041 0.6882756
f 1053/1862/1053 1077/1897/1077 1078/1898/1078
f 1053/1862/1053 1078/1898/1078 1047/1815/1047
vt 0.1998857 0.6877694
f 1047/1815/1047 1078/1898/1078 1076/1899/1076
f 1047/1815/1047 1076/1899/1076 1048/1816/1048
vt 0.1865646 0.6883471
f 1048/1816/1048 1076/1899/1076 1080/1900/1080
f 1048/1816/1048 1080/1900/1080 1049/1817/1049
vt 0.1103247 0.6853480
f 1331/1832/1331 1330/1863/1330 1332/1901/1332
vt 0.1001853 0.6804959
f 1331/1832/1331 1332/1901/1332 1335/1902/1335
vt 0.4767728 0.6884976
f 1124/1880/1124 1127/1903/1127 1105/1818/1105
f 1105/1818/1105 1127/1903/1127 1106/1864/1106
vt 0.1661428 0.6846283
f 1306/1834/1306 1363/1904/1363 1290/1835/1290
vt 0.1511010 0.6813509
f 1290/1835/1290 1363/1904/1363 1362/1905/1362
f 1290/1835/1290 1362/1905/1362 1326/1833/1326
vt 0.4806969 0.0427946
vt 0.4746440 0.0436531
vt 0.4758589 0.0363567
f 2646/1906/2646 2643/1907/2643 2645/1908/2645
vt 0.4804956 0.0302133
f 2648/1909/2648 2646/1906/2646 2645/1908/2645
vt 0.5833178 0.9347973
f 1913/1797/1913 1924/1910/1924 1914/1819/1914
vt 0.5760651 0.9433237
f 1922/1840/1922 1925/1911/1925 1913/1797/1913
vt 0.5594907 0.9681960
vt 0.5683776 0.9641874
f 1922/1840/1922 1926/1912/1926 1927/1913/1927
vt 0.1745506 0.7810580
f 3377/13/3377 3375/6/3375 3372/1914/3372
f 3377/13/3377 3372/1914/3372 3384/1852/3384
vt 0.2605625 0.1989157
f 3063/1891/3063 3047/1915/3047 3143/1826/3143
vt 0.6064689 0.7081091
f 1437/1854/1437 1494/1916/1494 1444/1855/1444
vt 0.5870788 0.6884712
f 1358/1856/1358 1443/1917/1443 1381/1894/1381
f 2208/1893/2208 2207/1877/2207 2197/1828/2197
vt 0.8617471 0.1271170
f 2215/1918/2215 2208/1893/2208 2198/1809/2198
f 2216/1878/2216 2215/1918/2215 2198/1809/2198
vt 0.0956408 0.6884918
vt 0.0789284 0.6930566
f 1336/1919/1336 1351/1920/1351 1335/1902/1335
vt 0.4238402 0.7017576
f 1089/1857/1089 1432/1921/1432 1088/1858/1088
f 1432/1921/1432 1081/1895/1081 1088/1858/1088
f 1335/1902/1335 1332/1901/1332 1336/1919/1336
vt 0.3640379 0.6936726
f 1052/1830/1052 1079/1922/1079 1077/1897/1077
f 1049/1817/1049 1080/1900/1080 1072/1879/1072
f 1055/1860/1055 1081/1895/1081 1073/1896/1073
vt 0.1164255 0.6880892
f 1326/1833/1326 1347/1923/1347 1330/1863/1330
f 1330/1863/1330 1347/1923/1347 1332/1901/1332
vt 0.4447133 0.6942205
f 1106/1864/1106 1371/1924/1371 1104/1865/1104
f 1072/1879/1072 1363/1904/1363 1306/1834/1306
vt 0.4800343 0.0537200
vt 0.4757311 0.0530155
f 2643/1907/2643 2647/1925/2647 2717/1926/2717
f 1913/1797/1913 1925/1911/1925 1924/1910/1924
vt 0.5608698 0.9782162
f 1932/1927/1932 1926/1912/1926 1923/1866/1923
vt 0.5876669 0.7113515
f 1444/1855/1444 1493/1928/1493 1443/1917/1443
vt 0.1814259 0.6973038
f 1080/1900/1080 1438/1929/1438 1072/1879/1072
vt 0.5049413 0.7019780
vt 0.4912640 0.7036269
f 1374/1930/1374 1380/1931/1380 1124/1880/1124
vt 0.4184994 0.6999152
f 1081/1895/1081 1425/1932/1425 1073/1896/1073
f 1073/1896/1073 1079/1922/1079 1052/1830/1052
f 1054/1861/1054 1073/1896/1073 1052/1830/1052
vt 0.4571956 0.7072840
f 1106/1864/1106 1376/1933/1376 1371/1924/1371
vt 0.1787518 0.7020147
f 1072/1879/1072 1439/1934/1439 1363/1904/1363
f 1326/1833/1326 1362/1905/1362 1347/1923/1347
vt 0.2819005 0.0804814
vt 0.3399608 0.0799984
vt 0.3171138 0.0891483
f 2589/1935/2589 2586/1936/2586 2578/1937/2578
vt 0.5669100 0.9386755
f 1925/1911/1925 1931/1938/1931 1924/1910/1924
vt 0.5544143 0.9578650
f 1926/1912/1926 1929/1939/1929 1927/1913/1927
vt 0.2359260 0.1789623
f 3048/1892/3048 2976/1940/2976 3047/1915/3047
vt 0.0374274 0.3134753
vt 0.0386440 0.3199952
vt 0.0396613 0.3060344
f 3310/1941/3310 3309/1942/3309 3311/1943/3311
vt 0.8991170 0.0940853
vt 0.9083852 0.1025903
f 2206/1876/2206 2234/1944/2234 2219/1945/2219
vt 0.0426332 0.7007466
vt 0.0461832 0.7111481
vt 0.0349035 0.7136520
f 1369/1946/1369 1370/1947/1370 1470/1948/1470
vt 0.0351252 0.7017963
f 1369/1946/1369 1470/1948/1470 1471/1949/1471
vt 0.5675907 0.7017832
f 1443/1917/1443 1493/1928/1493 1462/1950/1462
vt 0.0643160 0.6958641
vt 0.0632300 0.7063036
f 1361/1951/1361 1356/1952/1356 1369/1946/1369
vt 0.5434771 0.7034455
vt 0.5212724 0.7013150
f 1381/1894/1381 1461/1953/1461 1384/1954/1384
vt 0.0842281 0.7005635
f 1351/1920/1351 1352/1955/1352 1356/1952/1356
f 1351/1920/1351 1356/1952/1356 1361/1951/1361
f 1336/1919/1336 1352/1955/1352 1351/1920/1351
f 1381/1894/1381 1384/1954/1384 1123/1859/1123
vt 0.4315809 0.7084817
f 1089/1857/1089 1433/1956/1433 1432/1921/1432
f 1432/1921/1432 1425/1932/1425 1081/1895/1081
vt 0.2415225 0.7049694
f 1078/1898/1078 1428/1957/1428 1076/1899/1076
vt 0.1974111 0.7044149
f 1076/1899/1076 1428/1957/1428 1429/1958/1429
f 1332/1901/1332 1347/1923/1347 1352/1955/1352
f 1124/1880/1124 1380/1931/1380 1127/1903/1127
f 1127/1903/1127 1376/1933/1376 1106/1864/1106
vt 0.1666362 0.6995777
f 1439/1934/1439 1440/1959/1440 1363/1904/1363
vt 0.4797697 0.0637596
vt 0.4758746 0.0628521
f 2717/1926/2717 2707/1960/2707 2718/1961/2718
vt 0.5748000 0.9287686
f 1931/1938/1931 1933/1962/1933 1924/1910/1924
f 1927/1913/1927 1929/1939/1929 1925/1911/1925
vt 0.5467567 0.9675490
f 1932/1927/1932 1930/1963/1930 1926/1912/1926
vt 0.9050109 0.0887954
f 2234/1944/2234 2236/1964/2236 2219/1945/2219
f 1356/1952/1356 1370/1947/1370 1369/1946/1369
vt 0.4447863 0.7085692
f 1089/1857/1089 1441/1965/1441 1433/1956/1433
vt 0.4124942 0.7062305
vt 0.3923365 0.7064368
f 1435/1966/1435 1434/1967/1434 1073/1896/1073
vt 0.3186289 0.7067553
f 1079/1922/1079 1430/1968/1430 1077/1897/1077
vt 0.2878003 0.7056616
f 1077/1897/1077 1430/1968/1430 1427/1969/1427
f 1078/1898/1078 1427/1969/1427 1428/1957/1428
vt 0.1859297 0.7039106
f 1429/1958/1429 1431/1970/1431 1080/1900/1080
f 1076/1899/1076 1429/1958/1429 1080/1900/1080
vt 0.4769265 0.7065790
f 1380/1931/1380 1383/1971/1383 1127/1903/1127
vt 0.1567744 0.7052133
f 1363/1904/1363 1445/1972/1445 1362/1905/1362
vt 0.1313871 0.6939061
f 1362/1905/1362 1445/1972/1445 1375/1973/1375
vt 0.2755929 0.0940837
vt 0.3171519 0.1014504
vt 0.2737098 0.1109690
f 2576/1974/2576 2577/1975/2577 2575/1976/2575
f 1929/1939/1929 1931/1938/1931 1925/1911/1925
vt 0.5463094 0.9770777
f 1934/1977/1934 1930/1963/1930 1932/1927/1932
vt 0.2713633 0.1383767
vt 0.2601882 0.1545083
vt 0.2287670 0.1336413
f 2941/1978/2941 2937/1979/2937 2975/1980/2975
vt 0.3323691 0.2365708
vt 0.3458616 0.2587206
vt 0.3233249 0.2494975
f 3139/1981/3139 3183/1982/3183 3184/1983/3184
vt 0.4251922 0.7206278
vt 0.4228693 0.7174019
f 1432/1921/1432 1481/1984/1481 1480/1985/1480
vt 0.0755500 0.7076386
f 1352/1955/1352 1365/1986/1365 1356/1952/1356
vt 0.4183248 0.7091248
f 1480/1985/1480 1451/1987/1451 1425/1932/1425
f 1383/1971/1383 1376/1933/1376 1127/1903/1127
f 1376/1933/1376 1441/1965/1441 1371/1924/1371
f 1440/1959/1440 1445/1972/1445 1363/1904/1363
vt 0.7352031 0.0682312
vt 0.7347873 0.0822629
vt 0.7194149 0.0658095
f 2704/1988/2704 2727/1989/2727 2711/1990/2711
vt 0.4756579 0.0752951
f 2718/1961/2718 2707/1960/2707 2749/1991/2749
f 1930/1963/1930 1929/1939/1929 1926/1912/1926
vt 0.1853167 0.7765946
f 3372/1914/3372 3373/15/3373 3374/1992/3374
vt 0.2941586 0.1986345
vt 0.3120023 0.2159998
f 3037/1993/3037 3069/1994/3069 3047/1915/3047
vt 0.0405073 0.7182886
vt 0.0286354 0.7189149
f 1470/1948/1470 1472/1995/1472 1581/1996/1581
f 1370/1947/1370 1472/1995/1472 1470/1948/1470
vt 0.4184678 0.7187563
f 1480/1985/1480 1482/1997/1482 1451/1987/1451
vt 0.3474933 0.7235983
vt 0.3532757 0.7077194
f 1434/1967/1434 1477/1998/1477 1447/1999/1447
vt 0.1004765 0.7038776
f 1372/2000/1372 1365/1986/1365 1352/1955/1352
vt 0.1307011 0.7134354
f 1445/1972/1445 1446/2001/1446 1375/1973/1375
f 3376/22/3376 3382/20/3382 3374/1992/3374
vt 0.0340994 0.7262375
vt 0.0254011 0.7332376
f 1581/1996/1581 1582/2002/1582 1585/2003/1585
vt 0.0549625 0.7202643
vt 0.0467092 0.7270385
f 1450/2004/1450 1506/2005/1506 1472/1995/1472
f 1450/2004/1450 1472/1995/1472 1370/1947/1370
vt 0.5224053 0.7264121
vt 0.5037149 0.7239240
f 1496/2006/1496 1486/2007/1486 1384/1954/1384
vt 0.1835781 0.7175100
vt 0.1795688 0.7202371
vt 0.1811455 0.7095523
f 1485/2008/1485 1484/2009/1484 1473/2010/1473
vt 0.4085603 0.7228842
f 1482/1997/1482 1479/2011/1479 1435/1966/1435
f 1435/1966/1435 1479/2011/1479 1434/1967/1434
vt 0.3805083 0.7247428
f 1479/2011/1479 1478/2012/1478 1434/1967/1434
f 1434/1967/1434 1478/2012/1478 1477/1998/1477
f 1477/1998/1477 1430/1968/1430 1447/1999/1447
vt 0.2977619 0.7222858
f 1430/1968/1430 1476/2013/1476 1427/1969/1427
vt 0.2598372 0.7233006
f 1427/1969/1427 1476/2013/1476 1475/2014/1475
f 1475/2014/1475 1429/1958/1429 1428/1957/1428
vt 0.1976286 0.7207639
vt 0.1858631 0.7243001
f 1483/2015/1483 1492/2016/1492 1431/1970/1431
f 1429/1958/1429 1483/2015/1483 1431/1970/1431
vt 0.4582968 0.7225288
f 1376/1933/1376 1488/2017/1488 1441/1965/1441
vt 0.1664049 0.7135943
f 1439/1934/1439 1484/2009/1484 1466/2018/1466
f 1440/1959/1440 1466/2018/1466 1445/1972/1445
f 1506/2005/1506 1582/2002/1582 1472/1995/1472
vt 0.0845871 0.7180595
f 1365/1986/1365 1457/2019/1457 1450/2004/1450
f 1475/2014/1475 1483/2015/1483 1429/1958/1429
vt 0.4820941 0.7332376
f 1380/1931/1380 1489/2020/1489 1383/1971/1383
f 1372/2000/1372 1446/2001/1446 1457/2019/1457
vt 0.4368542 0.2648681
vt 0.4465949 0.2467835
vt 0.4493788 0.2801724
f 3178/2021/3178 3124/2022/3124 3185/2023/3185
vt 0.4506115 0.2635734
f 3185/2023/3185 3124/2022/3124 3187/2024/3187
vt 0.4808232 0.0792577
vt 0.4753362 0.0847396
f 2749/1991/2749 2723/2025/2723 2748/2026/2748
vt 0.4627656 0.2799000
vt 0.4704290 0.2486736
vt 0.4691706 0.2676455
f 3190/2027/3190 3153/2028/3153 3189/2029/3189
vt 0.1423675 0.7251806
vt 0.1162739 0.7253011
f 1446/2001/1446 1474/2030/1474 1491/2031/1491
f 1446/2001/1446 1491/2031/1491 1457/2019/1457
vt 0.7181146 0.2723897
vt 0.7313729 0.2643828
vt 0.7307103 0.2801724
f 3160/2032/3160 3145/2033/3145 3179/2034/3179
vt 0.4778011 0.0961291
vt 0.4753855 0.0958443
f 2748/2026/2748 2737/2035/2737 2752/2036/2752
vt 0.5221825 0.9607055
vt 0.5391101 0.9496625
vt 0.5345958 0.9643626
f 1939/2037/1939 1935/2038/1935 1936/2039/1936
vt 0.4762855 0.2565361
vt 0.4714361 0.2710166
f 3153/2028/3153 3158/2040/3158 3188/2041/3188
vt 0.6368158 0.2681646
vt 0.7028115 0.2518007
vt 0.6996951 0.2712928
f 3157/2042/3157 3066/2043/3066 3156/2044/3156
vt 0.7027511 0.2624120
f 3156/2044/3156 3066/2043/3066 3154/2045/3154
vt 0.8600271 0.2418748
vt 0.8590652 0.2258896
vt 0.8645603 0.2274449
f 3172/2046/3172 3134/2047/3134 3191/2048/3191
vt 0.4771350 0.2429875
f 3153/2028/3153 3070/2049/3070 3158/2040/3158
vt 0.3002919 0.1844487
vt 0.3404020 0.1831883
vt 0.3626146 0.1930071
f 2944/2050/2944 2933/2051/2933 2945/2052/2945
vt 0.6050581 0.2512928
vt 0.6410019 0.2349775
f 3067/2053/3067 3038/2054/3038 3066/2043/3066
vt 0.7161912 0.2456408
vt 0.7191577 0.2384274
vt 0.7192076 0.2524180
f 3111/2055/3111 3055/2056/3055 3112/2057/3112
vt 0.7350970 0.1037091
vt 0.7331649 0.1182912
vt 0.7190017 0.0980288
f 2746/2058/2746 3087/2059/3087 2733/2060/2733
vt 0.4688003 0.2385910
vt 0.4509239 0.2264364
vt 0.4712936 0.2299526
f 3168/2061/3168 2858/2062/2858 3132/2063/3132
vt 0.4509957 0.2451178
f 3133/2064/3133 2858/2062/2858 3168/2061/3168
vt 0.7314407 0.2384249
vt 0.7301121 0.2520368
f 3055/2056/3055 3044/2065/3044 3110/2066/3110
vt 0.4810380 0.1103849
vt 0.4789628 0.1265635
vt 0.4779187 0.1120487
f 3096/2067/3096 2922/2068/2922 3097/2069/3097
vt 0.3499658 0.1400208
vt 0.3707549 0.1475307
vt 0.3378157 0.1609576
f 2940/2070/2940 2872/2071/2872 2932/2072/2932
vt 0.4712840 0.2167423
vt 0.4742931 0.2291220
f 2855/2073/2855 3053/2074/3053 3132/2063/3132
vt 0.3784070 0.2207220
vt 0.3728665 0.2060369
vt 0.3945339 0.2221937
f 3049/2075/3049 2979/2076/2979 3027/2077/3027
vt 0.5264266 0.2318702
vt 0.5467167 0.2172248
vt 0.5748767 0.2336547
f 3041/2078/3041 2915/2079/2915 3040/2080/3040
vt 0.5984366 0.2177834
vt 0.6111078 0.2350410
f 3040/2080/3040 2914/2081/2914 3039/2082/3039
vt 0.7172252 0.2236225
vt 0.7322541 0.2222302
f 3032/2083/3032 3009/2084/3009 3055/2056/3055
vt 0.7344134 0.2517511
f 3110/2066/3110 3044/2065/3044 3061/2085/3061
vt 0.4768263 0.1381093
vt 0.4740367 0.1379895
f 2922/2068/2922 2839/2086/2839 2842/2087/2842
vt 0.4756432 0.1242931
f 2870/2088/2870 2922/2068/2922 2842/2087/2842
vt 0.3872276 0.1902717
f 2945/2052/2945 2871/2089/2871 2979/2076/2979
vt 0.4734764 0.2049114
vt 0.4760709 0.2151340
f 2857/2090/2857 2917/2091/2917 2855/2073/2855
vt 0.8134217 0.2381189
vt 0.8068176 0.2220293
vt 0.8262344 0.2221941
f 3046/2092/3046 3010/2093/3010 3012/2094/3012
f 3009/2084/3009 3044/2065/3044 3055/2056/3055
vt 0.7139595 0.1524843
vt 0.7051123 0.1600175
vt 0.7050126 0.1460977
f 2896/2095/2896 2894/2096/2894 2907/2097/2907
vt 0.3675570 0.1644583
vt 0.3934060 0.1851096
vt 0.3685319 0.1818319
f 2874/2098/2874 2866/2099/2866 2875/2100/2875
vt 0.4737282 0.1936944
vt 0.4785369 0.2006517
f 2856/2101/2856 2904/2102/2904 2857/2090/2857
vt 0.7187120 0.1601782
vt 0.7340431 0.1583656
vt 0.7199467 0.1786251
f 2897/2103/2897 2989/2104/2989 2912/2105/2912
vt 0.4164322 0.1940811
f 2871/2089/2871 2866/2099/2866 2863/2106/2863
f 788/41/788 777/25/777 784/42/784
f 789/43/789 774/30/774 783/46/783
f 796/54/796 788/41/788 821/55/821
f 795/53/795 753/38/753 796/54/796
f 901/86/901 821/55/821 883/56/883
f 649/88/649 640/62/640 646/63/646
f 877/57/877 830/59/830 914/112/914
f 729/109/729 716/111/716 724/101/724
f 631/118/631 632/104/632 648/103/648
vt 0.9281823 0.0773034
f 3222/165/3222 3230/2107/3230 3228/169/3228
f 960/175/960 817/68/817 813/73/813
f 799/196/799 667/89/667 668/90/668
f 3218/202/3218 3229/157/3229 3216/159/3216
vt 0.9561098 0.0544043
f 3216/159/3216 3222/165/3222 3217/2108/3217
f 3217/2108/3217 3222/165/3222 3227/168/3227
f 748/164/748 655/91/655 723/108/723
vt 0.9381519 0.0790207
f 3227/168/3227 3228/169/3228 3252/2109/3252
vt 0.9252437 0.0907918
f 3228/169/3228 3230/2107/3230 3231/2110/3231
f 824/204/824 823/207/823 743/162/743
f 3215/331/3215 3218/202/3218 3216/159/3216
vt 0.9706461 0.0416407
f 3215/331/3215 3216/159/3216 3214/2111/3214
f 3214/2111/3214 3216/159/3216 3217/2108/3217
f 3217/2108/3217 3227/168/3227 3252/2109/3252
vt 0.9296486 0.0964200
f 3252/2109/3252 3228/169/3228 3255/2112/3255
f 3228/169/3228 3231/2110/3231 3255/2112/3255
vt 0.9210627 0.1039612
f 3255/2112/3255 3231/2110/3231 3259/2113/3259
vt 0.9193405 0.0906160
f 3231/2110/3231 3260/2114/3260 3259/2113/3259
vt 0.8462196 0.8541679
f 1759/236/1759 1760/2115/1760 1710/237/1710
vt 0.8559320 0.8617761
f 1710/237/1710 1760/2115/1760 1758/2116/1758
vt 0.0681728 0.4070791
f 1010/183/1010 853/149/853 1015/2117/1015
f 859/271/859 823/207/823 824/204/824
f 3220/201/3220 3218/202/3218 3219/306/3219
f 3219/306/3219 3218/202/3218 3215/331/3215
f 3215/331/3215 3214/2111/3214 3213/332/3213
vt 0.9575710 0.0651830
f 3217/2108/3217 3252/2109/3252 3246/2118/3246
vt 0.9388619 0.0896178
f 3246/2118/3246 3252/2109/3252 3249/2119/3249
f 3249/2119/3249 3252/2109/3252 3255/2112/3255
vt 0.9337432 0.0985048
f 3249/2119/3249 3255/2112/3255 3251/2120/3251
vt 0.8360005 0.8361632
f 1752/2121/1752 1759/236/1759 1648/238/1648
vt 0.8618092 0.8523813
f 1710/237/1710 1758/2116/1758 1645/2122/1645
vt 0.8647316 0.8635057
f 1645/2122/1645 1758/2116/1758 1756/2123/1756
vt 0.9053275 0.4094827
f 2363/2124/2363 2358/277/2358 2344/276/2344
f 719/242/719 539/222/539 521/252/521
f 1015/2117/1015 853/149/853 994/245/994
f 858/269/858 799/196/799 870/225/870
f 875/266/875 876/265/876 825/205/825
vt 0.9775505 0.0485929
f 3213/332/3213 3214/2111/3214 3212/2125/3212
f 3214/2111/3214 3217/2108/3217 3246/2118/3246
vt 0.9295337 0.1091307
f 3255/2112/3255 3259/2113/3259 3253/2126/3253
vt 0.8381881 0.8258340
vt 0.8453405 0.8345711
f 1732/2127/1732 1752/2121/1752 1623/2128/1623
f 1752/2121/1752 1648/238/1648 1623/2128/1623
vt 0.8557459 0.8455734
f 1623/2128/1623 1648/238/1648 1635/2129/1635
f 1648/238/1648 1710/237/1710 1635/2129/1635
f 1635/2129/1635 1710/237/1710 1645/2122/1645
vt 0.8705955 0.8567707
f 1645/2122/1645 1756/2123/1756 1702/2130/1702
vt 0.8992717 0.4158897
f 2353/2131/2353 2363/2124/2363 2344/276/2344
f 719/242/719 521/252/521 804/313/804
f 2340/280/2340 2362/287/2362 2343/292/2343
vt 0.9707049 0.0691387
f 3212/2125/3212 3214/2111/3214 3209/2132/3209
f 3214/2111/3214 3246/2118/3246 3209/2132/3209
vt 0.9597980 0.0767283
f 3245/2133/3245 3246/2118/3246 3249/2119/3249
f 3251/2120/3251 3255/2112/3255 3253/2126/3253
f 898/260/898 884/296/884 923/318/923
f 923/318/923 884/296/884 920/379/920
vt 0.3101425 0.2740557
f 874/264/874 876/265/876 932/2134/932
f 860/270/860 859/271/859 921/322/921
f 873/267/873 872/262/872 911/323/911
f 3213/332/3213 3212/2125/3212 3211/389/3211
f 3209/2132/3209 3246/2118/3246 3245/2133/3245
vt 0.9423691 0.1078424
f 3247/2135/3247 3249/2119/3249 3251/2120/3251
vt 0.8471719 0.8226980
f 1732/2127/1732 1623/2128/1623 1617/2136/1617
vt 0.8499926 0.8275820
f 1617/2136/1617 1623/2128/1623 1618/2137/1618
vt 0.8733467 0.8436334
f 1635/2129/1635 1645/2122/1645 1636/2138/1636
f 1636/2138/1636 1645/2122/1645 1702/2130/1702
f 2332/461/2332 2353/2131/2353 2344/276/2344
f 2332/461/2332 2344/276/2344 2322/334/2322
f 956/377/956 905/259/905 947/348/947
f 874/264/874 932/2134/932 933/353/933
f 932/2134/932 876/265/876 931/354/931
f 931/354/931 873/267/873 934/355/934
f 936/357/936 911/323/911 938/299/938
f 3219/306/3219 3213/332/3213 3221/388/3221
f 3211/389/3211 3212/2125/3212 3209/2132/3209
vt 0.9624292 0.0864421
f 3209/2132/3209 3245/2133/3245 3244/2139/3244
f 3244/2139/3244 3245/2133/3245 3249/2119/3249
f 3247/2135/3247 3251/2120/3251 3253/2126/3253
vt 0.9377109 0.1159123
f 3247/2135/3247 3253/2126/3253 3250/2140/3250
vt 0.8436710 0.8162325
f 1627/2141/1627 1732/2127/1732 1617/2136/1617
vt 0.7205154 0.7294061
f 169/409/169 168/406/168 197/2142/197
f 197/2142/197 201/410/201 169/409/169
f 919/351/919 930/319/930 952/413/952
f 930/319/930 939/320/939 952/413/952
vt 0.6586601 0.7294291
f 122/451/122 131/2143/131 119/453/119
vt 0.6770045 0.7320236
f 119/453/119 131/2143/131 126/2144/126
f 928/385/928 927/298/927 916/297/916
f 2264/328/2264 2293/362/2293 2294/427/2294
vt 0.9838741 0.0678384
f 3221/388/3221 3211/389/3211 3210/2145/3210
f 3244/2139/3244 3249/2119/3249 3247/2135/3247
f 1623/2128/1623 1635/2129/1635 1618/2137/1618
vt 0.8788212 0.8528592
f 1636/2138/1636 1702/2130/1702 1716/2146/1716
f 2332/461/2332 2322/334/2322 2315/392/2315
f 943/417/943 919/351/919 951/412/951
f 125/381/125 130/383/130 118/483/118
f 130/383/130 129/419/129 120/421/120
f 118/483/118 130/383/130 120/421/120
vt 0.4348862 0.2782059
f 940/359/940 928/385/928 948/2147/948
f 949/380/949 940/359/940 948/2147/948
f 928/385/928 916/297/916 948/2147/948
f 2258/386/2258 2263/425/2263 2252/457/2252
vt 0.9788399 0.0801762
f 3211/389/3211 3209/2132/3209 3208/2148/3208
vt 0.9663967 0.0944506
f 3243/2149/3243 3244/2139/3244 3247/2135/3247
f 2307/431/2307 2309/336/2309 2310/367/2310
f 159/478/159 169/409/169 174/411/174
vt 0.4172910 0.7535921
vt 0.4314804 0.7421493
vt 0.4314179 0.7584746
f 382/2150/382 496/2151/496 369/2152/369
f 496/2151/496 376/557/376 336/556/336
vt 0.4834922 0.7577733
f 118/483/118 120/421/120 114/2153/114
f 114/2153/114 120/421/120 115/484/115
f 115/484/115 121/420/121 113/452/113
f 113/452/113 121/420/121 123/450/123
vt 0.6789764 0.7500962
f 112/2154/112 119/453/119 126/2144/126
vt 0.6841228 0.7323688
f 112/2154/112 126/2144/126 124/2155/124
f 112/2154/112 124/2155/124 110/531/110
f 110/531/110 124/2155/124 127/415/127
f 110/531/110 127/415/127 128/414/128
f 2263/425/2263 2294/427/2294 2276/489/2276
vt 0.9905444 0.0695363
f 3234/2156/3234 3221/388/3221 3210/2145/3210
f 3210/2145/3210 3211/389/3211 3208/2148/3208
vt 0.9796587 0.0891640
f 3208/2148/3208 3209/2132/3209 3202/2157/3202
f 3202/2157/3202 3209/2132/3209 3244/2139/3244
vt 0.9497822 0.1202350
f 3247/2135/3247 3250/2140/3250 3248/2158/3248
vt 0.8541769 0.8073897
f 1621/2159/1621 1627/2141/1627 1617/2136/1617
vt 0.8557084 0.8128365
f 1621/2159/1621 1617/2136/1617 1614/2160/1614
vt 0.8642166 0.8122811
f 1617/2136/1617 1618/2137/1618 1606/2161/1606
vt 0.8740569 0.8187394
f 1606/2161/1606 1618/2137/1618 1607/2162/1607
f 1607/2162/1607 1618/2137/1618 1635/2129/1635
f 1607/2162/1607 1635/2129/1635 1636/2138/1636
vt 0.8784353 0.8328731
f 1607/2162/1607 1636/2138/1636 1643/2163/1643
vt 0.8830132 0.8373253
f 1643/2163/1643 1636/2138/1636 1717/2164/1717
f 1636/2138/1636 1716/2146/1716 1717/2164/1717
vt 0.9959893 0.2098323
f 1833/498/1833 1840/2165/1840 1812/517/1812
f 1812/517/1812 1840/2165/1840 1826/515/1826
f 159/478/159 174/411/174 160/551/160
vt 0.4179190 0.7657198
f 349/2166/349 377/529/377 382/2150/382
f 349/2166/349 382/2150/382 369/2152/369
f 128/414/128 491/408/491 178/479/178
f 369/2152/369 496/2151/496 336/556/336
vt 0.6625761 0.7514202
f 113/452/113 119/453/119 116/2167/116
f 116/2167/116 119/453/119 112/2154/112
f 937/480/937 906/378/906 892/454/892
vt 0.9871619 0.0751266
f 3234/2156/3234 3210/2145/3210 3233/2168/3233
vt 0.9692329 0.1037070
f 3243/2149/3243 3247/2135/3247 3240/2169/3240
f 3240/2169/3240 3247/2135/3247 3248/2158/3248
f 1614/2160/1614 1617/2136/1617 1606/2161/1606
f 2318/462/2318 2315/392/2315 2306/463/2306
f 2313/466/2313 2311/464/2311 2312/338/2312
f 142/605/142 153/407/153 152/449/152
f 349/2166/349 369/2152/369 368/642/368
f 377/529/377 349/2166/349 345/530/345
f 368/642/368 369/2152/369 336/556/336
f 111/482/111 118/483/118 103/577/103
f 103/577/103 118/483/118 114/2153/114
vt 0.4900183 0.7655447
f 104/2170/104 114/2153/114 115/484/115
f 104/2170/104 115/484/115 108/639/108
f 115/484/115 113/452/113 108/639/108
vt 0.6200963 0.7601737
f 107/2171/107 113/452/113 116/2167/116
f 107/2171/107 116/2167/116 106/672/106
f 106/672/106 116/2167/116 112/2154/112
f 160/551/160 174/411/174 196/552/196
f 376/557/376 388/418/388 338/555/338
f 388/418/388 117/481/117 338/555/338
f 894/559/894 892/454/892 893/532/893
vt 0.9851146 0.0853711
f 3233/2168/3233 3210/2145/3210 3205/2172/3205
f 3205/2172/3205 3210/2145/3210 3208/2148/3208
f 3202/2157/3202 3244/2139/3244 3243/2149/3243
vt 0.9467111 0.1263474
f 3248/2158/3248 3250/2140/3250 3254/2173/3254
vt 0.7249919 0.7648454
f 142/605/142 152/449/152 146/2174/146
f 146/2174/146 152/449/152 159/478/159
f 113/452/113 107/2171/107 108/639/108
f 937/480/937 892/454/892 894/559/894
vt 0.9897761 0.0863281
f 3234/2156/3234 3233/2168/3233 3235/2175/3235
f 3205/2172/3205 3208/2148/3208 3202/2157/3202
f 2314/541/2314 2295/619/2295 2297/540/2297
f 1830/500/1830 1832/499/1832 1796/590/1796
f 1796/590/1796 1832/499/1832 1813/543/1813
f 1796/590/1796 1813/543/1813 1794/544/1794
f 178/479/178 153/407/153 142/605/142
f 146/2174/146 159/478/159 147/576/147
f 345/530/345 349/2166/349 255/739/255
f 255/739/255 349/2166/349 263/641/263
f 349/2166/349 368/642/368 263/641/263
f 160/551/160 170/553/170 157/607/157
vt 0.3741582 0.7865767
f 334/578/334 370/528/370 257/2176/257
f 370/528/370 345/530/345 257/2176/257
f 103/577/103 114/2153/114 104/2170/104
f 106/672/106 112/2154/112 101/673/101
f 101/673/101 112/2154/112 110/531/110
vt 0.0733844 0.2244186
f 937/480/937 894/559/894 962/2177/962
f 358/611/358 384/579/384 334/578/334
f 894/559/894 896/558/896 915/609/915
f 3235/2175/3235 3233/2168/3233 3205/2172/3205
vt 0.9801204 0.1091086
f 3202/2157/3202 3243/2149/3243 3203/2178/3203
vt 0.9698908 0.1268235
f 3240/2169/3240 3248/2158/3248 3241/2179/3241
vt 0.8720687 0.8043719
f 1614/2160/1614 1606/2161/1606 1604/2180/1604
f 2295/619/2295 2314/541/2314 2316/566/2316
f 142/605/142 146/2174/146 144/737/144
f 257/2176/257 345/530/345 254/801/254
vt 0.4664984 0.7821892
f 105/554/105 103/577/103 91/2181/91
vt 0.4891635 0.7833911
f 103/577/103 104/2170/104 88/2182/88
f 88/2182/88 104/2170/104 89/638/89
f 104/2170/104 108/639/108 89/638/89
f 108/639/108 107/2171/107 90/640/90
f 90/640/90 107/2171/107 100/671/100
f 100/671/100 107/2171/107 106/672/106
f 101/673/101 110/531/110 109/527/109
f 101/673/101 109/527/109 102/606/102
f 109/527/109 178/479/178 102/606/102
f 170/553/170 196/552/196 176/674/176
f 336/556/336 338/555/338 262/637/262
f 894/559/894 915/609/915 962/2177/962
vt 0.9849316 0.1017703
f 3235/2175/3235 3205/2172/3205 3204/2183/3204
f 3205/2172/3205 3202/2157/3202 3204/2183/3204
f 3203/2178/3203 3243/2149/3243 3240/2169/3240
vt 0.8680954 0.7981189
f 1620/2184/1620 1621/2159/1621 1614/2160/1614
f 1620/2184/1620 1614/2160/1614 1604/2180/1604
vt 0.8800585 0.8084726
f 1607/2162/1607 1643/2163/1643 1605/2185/1605
f 1605/2185/1605 1643/2163/1643 1708/777/1708
f 1708/777/1708 1643/2163/1643 1717/2164/1717
f 2342/623/2342 2327/496/2327 2360/589/2360
vt 0.7468334 0.7790379
f 144/737/144 146/2174/146 145/2186/145
f 145/2186/145 146/2174/146 147/576/147
vt 0.7967401 0.7744063
f 147/576/147 157/607/157 156/2187/156
f 345/530/345 255/739/255 254/801/254
f 92/636/92 105/554/105 91/2181/91
f 157/607/157 170/553/170 156/2187/156
f 318/702/318 334/578/334 257/2176/257
f 91/2181/91 103/577/103 88/2182/88
f 261/670/261 336/556/336 262/637/262
f 318/702/318 358/611/358 334/578/334
f 489/645/489 490/612/490 360/644/360
f 2262/680/2262 2281/613/2281 2253/580/2253
vt 0.9896438 0.0990944
f 3235/2175/3235 3204/2183/3204 3236/2188/3236
f 3202/2157/3202 3203/2178/3203 3204/2183/3204
f 664/650/664 636/614/636 663/587/663
vt 0.9680890 0.1352234
f 3241/2179/3241 3248/2158/3248 3242/2189/3242
f 3242/2189/3242 3248/2158/3248 3254/2173/3254
f 1604/2180/1604 1606/2161/1606 1605/2185/1605
f 1606/2161/1606 1607/2162/1607 1605/2185/1605
f 2300/565/2300 2299/539/2299 2298/618/2298
f 1825/690/1825 1821/591/1821 1795/658/1795
vt 0.7826567 0.7811110
f 145/2186/145 147/576/147 148/2190/148
f 147/576/147 156/2187/156 148/2190/148
vt 0.4331008 0.7950202
f 255/739/255 263/641/263 234/2191/234
f 90/640/90 100/671/100 87/804/87
f 100/671/100 101/673/101 82/741/82
f 82/741/82 101/673/101 102/606/102
f 156/2187/156 170/553/170 162/675/162
f 162/675/162 176/674/176 195/677/195
vt 0.8382545 0.7632011
f 195/677/195 518/2192/518 513/866/513
vt 0.8042966 0.7333511
vt 0.8071960 0.7444919
vt 0.8142327 0.7397274
f 1754/2193/1754 1762/2194/1762 1709/2195/1709
vt 0.8937898 0.8855364
f 2289/2196/2289 2281/613/2281 2262/680/2262
f 2262/680/2262 2248/648/2248 2257/810/2257
vt 0.9798921 0.1241686
f 3203/2178/3203 3240/2169/3240 3237/2197/3237
f 3237/2197/3237 3240/2169/3240 3241/2179/3241
vt 0.9579824 0.1388591
f 3242/2189/3242 3254/2173/3254 3256/2198/3256
f 2338/656/2338 2326/621/2326 2352/689/2352
f 1838/855/1838 1825/690/1825 1814/691/1814
f 97/669/97 142/605/142 143/736/143
f 143/736/143 144/737/144 145/2186/145
f 254/801/254 255/739/255 242/738/242
f 255/739/255 234/2191/234 236/740/236
vt 0.4507444 0.7979149
f 234/2191/234 263/641/263 233/2199/233
vt 0.4649913 0.7996790
f 92/636/92 91/2181/91 80/2200/80
vt 0.5068605 0.7944161
f 88/2182/88 89/638/89 81/2201/81
vt 0.5698203 0.7871003
f 81/2201/81 89/638/89 83/2202/83
f 83/2202/83 89/638/89 90/640/90
f 83/2202/83 90/640/90 84/803/84
f 84/803/84 90/640/90 87/804/87
f 87/804/87 100/671/100 82/741/82
vt 0.3606482 0.8001239
f 318/702/318 257/2176/257 252/2203/252
f 233/2199/233 263/641/263 261/670/261
vt 0.8094003 0.7283500
f 1700/2204/1700 1754/2193/1754 1709/2195/1709
vt 0.8873253 0.8947834
f 2289/2196/2289 2262/680/2262 2286/2205/2286
f 2286/2205/2286 2262/680/2262 2257/810/2257
f 2254/584/2254 2279/684/2279 2255/745/2255
vt 0.8976415 0.9533665
f 2255/745/2255 2279/684/2279 2292/2206/2292
vt 0.9880812 0.1120341
f 3236/2188/3236 3204/2183/3204 3206/2207/3206
f 3206/2207/3206 3204/2183/3204 3203/2178/3203
vt 0.9872149 0.1234224
f 3206/2207/3206 3203/2178/3203 3207/2208/3207
f 2470/747/2470 2466/757/2466 2451/748/2451
vt 0.8807101 0.7937866
f 1620/2184/1620 1604/2180/1604 1602/2209/1602
f 2301/652/2301 2298/618/2298 2303/687/2303
f 2348/852/2348 2338/656/2338 2352/689/2352
f 1838/855/1838 1814/691/1814 1815/853/1815
f 1815/853/1815 1814/691/1814 1803/718/1803
vt 0.7746589 0.7893456
f 145/2186/145 148/2190/148 149/2210/149
f 85/802/85 92/636/92 80/2200/80
vt 0.8062530 0.7870082
f 148/2190/148 156/2187/156 154/2211/154
f 80/2200/80 91/2181/91 88/2182/88
f 78/805/78 87/804/87 82/741/82
vt 0.3421287 0.8020661
f 268/2212/268 318/702/318 252/2203/252
f 261/670/261 262/637/262 260/806/260
f 162/675/162 195/677/195 171/867/171
f 319/701/319 318/702/318 268/2212/268
vt 0.8034759 0.7225802
f 1749/2213/1749 1754/2193/1754 1700/2204/1700
vt 0.3048652 0.7990658
f 321/2214/321 360/644/360 365/610/365
vt 0.8153795 0.7309946
f 1700/2204/1700 1709/2195/1709 1683/2215/1683
f 361/703/361 488/679/488 489/645/489
vt 0.8239724 0.7436673
f 1683/2215/1683 1709/2195/1709 1691/2216/1691
f 497/681/497 488/679/488 372/743/372
vt 0.8787557 0.9062724
f 2282/2217/2282 2286/2205/2286 2257/810/2257
f 908/813/908 866/704/866 868/683/868
f 2448/816/2448 2452/746/2452 2451/748/2451
f 1880/827/1880 1878/761/1878 1885/765/1885
f 1892/835/1892 1885/765/1885 1891/771/1891
f 1605/2185/1605 1708/777/1708 1603/779/1603
f 2474/766/2474 2476/774/2476 2478/850/2478
f 2323/839/2323 2320/617/2320 2301/652/2301
f 150/864/150 143/736/143 145/2186/145
f 150/864/150 145/2186/145 149/2210/149
f 252/2203/252 257/2176/257 244/800/244
f 257/2176/257 254/801/254 244/800/244
f 80/2200/80 88/2182/88 81/2201/81
vt 0.5540656 0.7958375
f 81/2201/81 83/2202/83 77/2218/77
vt 0.6251606 0.7941321
f 83/2202/83 84/803/84 79/2219/79
f 79/2219/79 84/803/84 78/805/78
vt 0.6809878 0.7982800
f 78/805/78 82/741/82 76/2220/76
vt 0.6926144 0.7958963
f 82/741/82 97/669/97 95/2221/95
vt 0.6879082 0.7948729
f 93/2222/93 82/741/82 95/2221/95
f 154/2211/154 156/2187/156 162/675/162
f 233/2199/233 261/670/261 260/806/260
f 321/2214/321 365/610/365 319/701/319
vt 0.8300647 0.7411714
f 1683/2215/1683 1691/2216/1691 1687/2223/1687
f 372/743/372 488/679/488 361/703/361
f 2282/2217/2282 2257/810/2257 2256/809/2256
f 1869/871/1869 1875/825/1875 1873/931/1873
f 1873/931/1873 1875/825/1875 1879/826/1879
f 2449/821/2449 2453/758/2453 2464/933/2464
f 666/828/666 634/759/634 665/705/665
f 3207/2208/3207 3203/2178/3203 3237/2197/3237
vt 0.9824606 0.1424051
f 3237/2197/3237 3241/2179/3241 3238/2224/3238
f 3238/2224/3238 3241/2179/3241 3242/2189/3242
vt 0.9163417 0.2339385
f 2464/933/2464 2453/758/2453 2472/2225/2472
f 2453/758/2453 2474/766/2474 2472/2225/2472
f 1604/2180/1604 1605/2185/1605 1603/779/1603
f 1602/2209/1602 1604/2180/1604 1603/779/1603
vt 0.9095126 0.2465945
f 2472/2225/2472 2474/766/2474 2477/2226/2477
f 2477/2226/2477 2474/766/2474 2478/850/2478
f 1895/838/1895 1893/841/1893 1898/889/1898
f 2350/900/2350 2348/852/2348 2352/689/2352
vt 0.9945055 0.3044425
f 1837/2227/1837 1838/855/1838 1816/854/1816
f 1782/859/1782 1807/788/1807 1811/908/1811
f 236/740/236 234/2191/234 232/1135/232
f 97/669/97 143/736/143 95/2221/95
f 149/2210/149 148/2190/148 154/2211/154
vt 0.3691942 0.8139144
f 247/2228/247 252/2203/252 244/800/244
f 77/2218/77 83/2202/83 79/2219/79
f 76/2220/76 82/741/82 93/2222/93
f 154/2211/154 162/675/162 164/914/164
f 233/2199/233 260/806/260 235/742/235
f 164/914/164 162/675/162 171/867/171
vt 0.8360717 0.7861619
f 171/867/171 513/866/513 501/2229/501
vt 0.8058722 0.7107414
vt 0.8114451 0.7158146
f 1735/2230/1735 1749/2213/1749 1686/2231/1686
f 269/1021/269 321/2214/321 319/701/319
f 1749/2213/1749 1700/2204/1700 1686/2231/1686
f 320/807/320 360/644/360 321/2214/321
f 1686/2231/1686 1700/2204/1700 1683/2215/1683
vt 0.8370611 0.7459135
f 1691/2216/1691 1692/2232/1692 1687/2223/1687
f 2256/809/2256 2248/648/2248 2249/812/2249
f 2256/809/2256 2249/812/2249 2270/922/2270
f 1864/817/1864 1870/752/1870 1862/926/1862
f 867/873/867 866/704/866 908/813/908
f 1866/928/1866 1869/871/1869 1873/931/1873
vt 0.8837145 0.9542948
f 2255/745/2255 2292/2206/2292 2291/2233/2291
f 841/938/841 647/874/647 666/828/666
vt 0.9912825 0.1266393
f 3223/2234/3223 3206/2207/3206 3207/2208/3207
f 2455/935/2455 2449/821/2449 2464/933/2464
vt 0.9895371 0.1390378
f 3207/2208/3207 3237/2197/3237 3224/2235/3224
f 3224/2235/3224 3237/2197/3237 3238/2224/3238
vt 0.9772848 0.1463233
f 3238/2224/3238 3242/2189/3242 3257/2236/3257
f 3242/2189/3242 3256/2198/3256 3257/2236/3257
f 2464/933/2464 2472/2225/2472 2465/939/2465
f 2465/939/2465 2472/2225/2472 2473/944/2473
vt 0.9047191 0.2570111
f 2477/2226/2477 2478/850/2478 2479/2237/2479
f 2479/2237/2479 2478/850/2478 2480/891/2480
f 1901/888/1901 1893/841/1893 1900/887/1900
vt 0.9364329 0.3059642
f 1782/859/1782 1811/908/1811 1793/2238/1793
f 242/738/242 236/740/236 237/1134/237
f 237/1134/237 236/740/236 232/1135/232
f 95/2221/95 143/736/143 151/865/151
f 150/864/150 149/2210/149 158/1084/158
f 232/1135/232 234/2191/234 233/2199/233
vt 0.4966661 0.8068897
f 80/2200/80 81/2201/81 61/2239/61
f 61/2239/61 81/2201/81 77/2218/77
vt 0.8003805 0.7949837
f 155/2240/155 149/2210/149 154/2211/154
vt 0.3487057 0.8159434
f 251/2241/251 252/2203/252 247/2228/247
f 268/2212/268 252/2203/252 251/2241/251
f 173/915/173 171/867/171 501/2229/501
f 331/916/331 374/744/374 372/743/372
f 2282/2217/2282 2256/809/2256 2275/1029/2275
vt 0.9450952 0.1902686
f 2445/2242/2445 2447/870/2447 2446/921/2446
f 2446/921/2446 2448/816/2448 2449/821/2449
f 929/985/929 867/873/867 908/813/908
f 2454/1032/2454 2449/821/2449 2455/935/2455
f 2269/929/2269 2247/814/2247 2255/745/2255
f 2269/929/2269 2255/745/2255 2291/2233/2291
vt 0.8797721 0.7796454
f 1602/2209/1602 1622/2243/1622 1620/2184/1620
vt 0.8979619 0.7866875
f 1602/2209/1602 1603/779/1603 1600/2244/1600
vt 0.8986505 0.7915575
f 1603/779/1603 1718/778/1718 1696/2245/1696
vt 0.9015840 0.2667768
f 2479/2237/2479 2480/891/2480 2481/2246/2481
f 1782/859/1782 1793/2238/1793 1789/1010/1789
vt 0.9267212 0.3019060
f 1793/2238/1793 1811/908/1811 1819/2247/1819
f 1819/2247/1819 1811/908/1811 1834/909/1834
vt 0.3881926 0.8174971
f 244/800/244 242/738/242 240/2248/240
f 240/2248/240 242/738/242 237/1134/237
f 158/1084/158 149/2210/149 155/2240/155
f 193/1019/193 232/1135/232 233/2199/233
vt 0.4652782 0.8139220
f 85/802/85 80/2200/80 68/2249/68
f 68/2249/68 80/2200/80 61/2239/61
vt 0.5357535 0.8095911
f 62/2250/62 61/2239/61 77/2218/77
vt 0.5617421 0.8063456
f 62/2250/62 77/2218/77 65/2251/65
f 65/2251/65 77/2218/77 79/2219/79
vt 0.6178561 0.8045701
f 65/2251/65 79/2219/79 71/2252/71
f 79/2219/79 78/805/78 71/2252/71
vt 0.6669593 0.8043398
f 71/2252/71 78/805/78 72/2253/72
f 78/805/78 76/2220/76 72/2253/72
f 155/2240/155 154/2211/154 164/914/164
vt 0.8262670 0.7990392
f 164/914/164 173/915/173 191/2254/191
f 319/701/319 268/2212/268 269/1021/269
vt 0.8111670 0.7018871
f 1735/2230/1735 1686/2231/1686 1698/2255/1698
f 320/807/320 321/2214/321 269/1021/269
vt 0.8384150 0.7310324
f 1682/2256/1682 1683/2215/1683 1687/2223/1687
f 329/980/329 374/744/374 331/916/331
f 333/1086/333 373/981/373 329/980/329
vt 0.3756131 0.9765326
f 3327/984/3327 3326/918/3326 3331/2257/3331
vt 0.0571301 0.8945134
f 1852/2258/1852 1872/923/1872 1850/982/1850
vt 0.1299250 0.8009043
vt 0.1631176 0.7996456
f 325/1145/325 492/2259/492 375/2260/375
f 1860/1025/1860 1861/927/1861 1866/928/1866
vt 0.0716303 0.9392655
f 1866/928/1866 1868/932/1868 1867/2261/1867
f 2446/921/2446 2449/821/2449 2454/1032/2454
f 869/986/869 867/873/867 929/985/929
f 3207/2208/3207 3224/2235/3224 3223/2234/3223
vt 0.8880411 0.7827337
f 1622/2243/1622 1602/2209/1602 1601/2262/1601
f 1601/2262/1601 1602/2209/1602 1600/2244/1600
f 1600/2244/1600 1603/779/1603 1696/2245/1696
f 2323/839/2323 2304/714/2304 2336/992/2336
vt 0.8903493 0.2801716
f 2481/2246/2481 2480/891/2480 2482/2263/2482
vt 0.7099032 0.8095691
f 161/2264/161 151/865/151 150/864/150
f 247/2228/247 244/800/244 240/2248/240
f 86/1222/86 85/802/85 68/2249/68
f 193/1019/193 85/802/85 86/1222/86
vt 0.8024175 0.8037083
f 165/2265/165 155/2240/155 164/914/164
f 193/1019/193 233/2199/233 235/742/235
vt 0.3297770 0.8223691
f 264/2266/264 268/2212/268 251/2241/251
f 191/2254/191 173/915/173 501/2229/501
vt 0.8373982 0.7967601
f 191/2254/191 501/2229/501 503/2267/503
f 269/1021/269 268/2212/268 264/2266/264
f 330/868/330 320/807/320 275/1020/275
vt 0.8234121 0.7012776
f 1684/2268/1684 1686/2231/1686 1683/2215/1683
f 314/1022/314 330/868/330 275/1020/275
f 311/1049/311 331/916/331 314/1022/314
vt 0.8473695 0.7400376
f 1682/2256/1682 1687/2223/1687 1688/2269/1688
f 375/2260/375 373/981/373 333/1086/333
f 1688/2269/1688 1687/2223/1687 1692/2232/1692
vt 0.3845811 0.9765326
f 3327/984/3327 3331/2257/3331 3332/2270/3332
f 1851/1138/1851 1853/983/1853 1861/927/1861
f 1861/927/1861 1860/1025/1860 1851/1138/1851
f 2445/2242/2445 2446/921/2446 2443/1176/2443
f 325/1145/325 375/2260/375 333/1086/333
f 1688/2269/1688 1692/2232/1692 1734/1181/1734
f 1863/1026/1863 1866/928/1866 1867/2261/1867
f 2443/1176/2443 2446/921/2446 2458/1207/2458
f 2458/1207/2458 2446/921/2446 2454/1032/2454
vt 0.7679838 0.3562451
f 954/2271/954 869/986/869 929/985/929
f 2457/1054/2457 2454/1032/2454 2456/934/2456
f 903/1056/903 850/989/850 843/990/843
f 2269/929/2269 2291/2233/2291 2272/1098/2272
f 2339/954/2339 2336/992/2336 2324/842/2324
vt 0.9926381 0.3188239
f 1839/2272/1839 1837/2227/1837 1800/1065/1800
vt 0.8984167 0.2786772
f 2483/2273/2483 2481/2246/2481 2482/2263/2482
f 1800/1065/1800 1837/2227/1837 1816/854/1816
f 1774/1008/1774 1775/906/1775 1776/1111/1776
vt 0.9348716 0.3144649
f 1789/1010/1789 1793/2238/1793 1822/2274/1822
f 1642/1121/1642 1719/1072/1719 1751/1119/1751
f 1296/1015/1296 1382/910/1382 1289/968/1289
f 1310/1046/1310 1320/912/1320 1291/1048/1291
f 95/2221/95 151/865/151 98/1262/98
vt 0.4751476 0.8244932
f 68/2249/68 61/2239/61 67/2275/67
vt 0.4943823 0.8171771
f 67/2275/67 61/2239/61 60/2276/60
f 60/2276/60 61/2239/61 62/2250/62
vt 0.6212043 0.8137580
f 70/2277/70 65/2251/65 71/2252/71
f 70/2277/70 71/2252/71 72/2253/72
f 76/2220/76 93/2222/93 94/1171/94
f 94/1171/94 93/2222/93 95/2221/95
vt 0.6937026 0.8098305
f 94/1171/94 95/2221/95 96/2278/96
f 158/1084/158 155/2240/155 165/2265/165
vt 0.4531379 0.8199150
f 229/2279/229 193/1019/193 86/1222/86
vt 0.8154998 0.8027505
f 165/2265/165 164/914/164 175/2280/175
f 175/2280/175 164/914/164 191/2254/191
vt 0.8339933 0.7046939
f 1681/2281/1681 1683/2215/1683 1682/2256/1682
vt 0.0552136 0.9172716
f 1848/2282/1848 1850/982/1850 1853/983/1853
f 1848/2282/1848 1853/983/1853 1851/1138/1851
f 3293/1050/3293 3292/1089/3292 3291/1051/3291
vt 0.9521946 0.1856507
f 2444/2283/2444 2445/2242/2445 2443/1176/2443
f 1851/1138/1851 1860/1025/1860 1854/1090/1854
f 1854/1090/1854 1860/1025/1860 1863/1026/1863
f 367/1144/367 492/2259/492 325/1145/325
f 2458/1207/2458 2454/1032/2454 2457/1054/2457
f 907/1031/907 869/986/869 955/1092/955
f 955/1092/955 869/986/869 954/2271/954
f 2273/1028/2273 2270/922/2270 2271/930/2271
vt 0.9949294 0.1393538
f 3225/2284/3225 3223/2234/3223 3224/2235/3224
vt 0.9935478 0.1566092
f 3238/2224/3238 3257/2236/3257 3258/2285/3258
vt 0.8922125 0.7640570
f 1593/2286/1593 1622/2243/1622 1601/2262/1601
vt 0.8960904 0.7690452
f 1598/2287/1598 1601/2262/1601 1600/2244/1600
f 2483/2273/2483 2482/2263/2482 2484/1198/2484
f 1788/1115/1788 1775/906/1775 1789/1010/1789
vt 0.9468772 0.8227029
vt 0.9410660 0.8308882
f 1629/2288/1629 1743/2289/1743 1646/1073/1646
f 1642/1121/1642 1646/1073/1646 1719/1072/1719
f 167/1260/167 151/865/151 161/2264/161
f 161/2264/161 150/864/150 163/1083/163
vt 0.7807377 0.8090008
f 163/1083/163 158/1084/158 166/2290/166
vt 0.3885444 0.8295830
f 241/2291/241 240/2248/240 238/1133/238
f 240/2248/240 237/1134/237 238/1133/238
vt 0.0450089 0.7526780
vt 0.0441176 0.7667624
vt 0.0441176 0.7437739
f 3333/2292/3333 3334/2293/3334 3335/2294/3335
f 166/2290/166 158/1084/158 165/2265/165
vt 0.3661466 0.8249126
f 248/2295/248 247/2228/247 240/2248/240
f 232/1135/232 193/1019/193 229/2279/229
vt 0.5269039 0.8233256
f 63/2296/63 60/2276/60 62/2250/62
vt 0.5613037 0.8228969
f 64/2297/64 62/2250/62 65/2251/65
f 64/2297/64 65/2251/65 70/2277/70
f 73/1280/73 70/2277/70 72/2253/72
f 251/2241/251 247/2228/247 248/2295/248
f 265/1225/265 269/1021/269 264/2266/264
f 1698/2255/1698 1686/2231/1686 1684/2268/1684
f 1684/2268/1684 1683/2215/1683 1681/2281/1681
vt 0.0463344 0.8962279
f 1852/2258/1852 1850/982/1850 1846/2298/1846
f 1846/2298/1846 1850/982/1850 1848/2282/1848
f 2440/1175/2440 2444/2283/2444 2443/1176/2443
f 327/1141/327 325/1145/325 333/1086/333
vt 0.0715800 0.8128080
vt 0.0880809 0.8096693
vt 0.0810359 0.8214179
f 363/2299/363 364/2300/364 323/2301/323
vt 0.0890546 0.8178317
f 323/2301/323 364/2300/364 322/2302/322
vt 0.1015984 0.8134883
f 322/2302/322 364/2300/364 366/2303/366
f 1688/2269/1688 1734/1181/1734 1695/1183/1695
vt 0.0513236 0.8106584
f 494/2304/494 495/1095/495 493/1094/493
f 2274/1097/2274 2271/930/2271 2272/1098/2272
vt 0.8765431 0.7640043
vt 0.8771614 0.7696525
vt 0.8879020 0.7614407
f 1729/2305/1729 1733/2306/1733 1721/2307/1721
vt 0.9959893 0.1517888
f 3239/2308/3239 3224/2235/3224 3238/2224/3238
f 3239/2308/3239 3238/2224/3238 3258/2285/3258
f 1593/2286/1593 1601/2262/1601 1598/2287/1598
vt 0.9127710 0.7877834
f 1600/2244/1600 1696/2245/1696 1703/2309/1703
f 2345/1034/2345 2336/992/2336 2341/1100/2341
f 1835/1185/1835 1839/2272/1839 1800/1065/1800
vt 0.8967768 0.2915722
f 2485/2310/2485 2483/2273/2483 2484/1198/2484
vt 0.9382076 0.8158572
f 1739/2311/1739 1743/2289/1743 1629/2288/1629
vt 0.9517998 0.8281664
f 1633/2312/1633 1629/2288/1629 1646/1073/1646
f 1646/1073/1646 1642/1121/1642 1633/2312/1633
vt 0.4344951 0.8256971
f 238/1133/238 232/1135/232 239/2313/239
f 98/1262/98 151/865/151 167/1260/167
f 248/2295/248 240/2248/240 241/2291/241
f 94/1171/94 96/2278/96 98/1262/98
vt 0.8039294 0.8140315
f 166/2290/166 165/2265/165 182/2314/182
vt 0.4515738 0.8320242
f 232/1135/232 229/2279/229 230/2315/230
f 63/2296/63 62/2250/62 64/2297/64
f 73/1280/73 72/2253/72 75/1170/75
f 75/1170/75 72/2253/72 76/2220/76
f 75/1170/75 76/2220/76 94/1171/94
f 182/2314/182 165/2265/165 175/2280/175
f 253/1226/253 251/2241/251 248/2295/248
vt 0.8175806 0.8118641
f 210/2316/210 175/2280/175 191/2254/191
vt 0.8276257 0.8101683
f 210/2316/210 191/2254/191 465/2317/465
f 253/1226/253 264/2266/264 251/2241/251
f 270/1283/270 269/1021/269 265/1225/265
f 275/1020/275 269/1021/269 270/1283/270
f 276/1173/276 275/1020/275 270/1283/270
vt 0.8193375 0.6932423
f 1699/2318/1699 1698/2255/1698 1684/2268/1684
f 282/1228/282 311/1049/311 314/1022/314
vt 0.8487081 0.7159711
f 1681/2281/1681 1682/2256/1682 1680/2319/1680
f 1682/2256/1682 1688/2269/1688 1680/2319/1680
f 1848/2282/1848 1851/1138/1851 1849/1139/1849
vt 0.0996603 0.8240916
f 322/2302/322 366/2303/366 315/2320/315
f 315/2320/315 366/2303/366 316/1143/316
f 366/2303/366 367/1144/367 316/1143/316
f 2458/1207/2458 2457/1054/2457 2459/1146/2459
vt 0.0679605 0.8252501
f 359/1093/359 363/2299/363 324/2321/324
f 324/2321/324 363/2299/363 323/2301/323
vt 0.8566062 0.7354909
f 1689/2322/1689 1688/2269/1688 1695/1183/1695
vt 0.9675478 0.2114442
f 2459/1146/2459 2460/1055/2460 2463/2323/2463
f 326/1180/326 494/2304/494 493/1094/493
vt 0.9121515 0.7807516
f 1600/2244/1600 1703/2309/1703 1597/2324/1597
vt 0.8628063 0.4966475
f 2341/1100/2341 2351/1099/2351 2361/2325/2361
f 1835/1185/1835 1800/1065/1800 1797/1153/1797
vt 0.8314618 0.5606276
f 1578/1149/1578 1583/2326/1583 1411/1187/1411
vt 0.8325315 0.5729049
f 1411/1187/1411 1583/2326/1583 1542/2327/1542
f 1778/1106/1778 1788/1115/1788 1790/1188/1790
f 2484/1198/2484 2482/2263/2482 2506/1196/2506
vt 0.9679753 0.8373066
f 1633/2312/1633 1642/1121/1642 1634/2328/1634
f 1634/2328/1634 1642/1121/1642 1673/1120/1673
f 167/1260/167 161/2264/161 163/1083/163
vt 0.7368725 0.8228490
f 172/2329/172 163/1083/163 166/2290/166
vt 0.7799325 0.8184090
f 172/2329/172 166/2290/166 177/2330/177
vt 0.3743664 0.8418226
f 249/2331/249 248/2295/248 241/2291/241
f 239/2313/239 232/1135/232 230/2315/230
f 69/1223/69 86/1222/86 68/2249/68
f 69/1223/69 68/2249/68 67/2275/67
vt 0.4927985 0.8282182
f 67/2275/67 60/2276/60 66/2332/66
f 60/2276/60 63/2296/63 66/2332/66
vt 0.6136720 0.8222575
f 74/2333/74 64/2297/64 70/2277/70
f 74/2333/74 70/2277/70 73/1280/73
f 99/1172/99 94/1171/94 98/1262/98
f 177/2330/177 166/2290/166 182/2314/182
f 182/2314/182 175/2280/175 210/2316/210
f 265/1225/265 264/2266/264 253/1226/253
vt 0.8394182 0.8090996
f 191/2254/191 503/2267/503 506/2334/506
f 465/2317/465 191/2254/191 506/2334/506
f 314/1022/314 281/1136/281 282/1228/282
f 306/1174/306 311/1049/311 282/1228/282
f 3289/1088/3289 3299/1087/3299 3300/1205/3300
vt 0.9660817 0.1791716
f 2439/2335/2439 2440/1175/2440 2441/1177/2441
f 328/1085/328 329/980/329 306/1174/306
f 24/1137/24 47/1023/47 58/1229/58
vt 0.0399617 0.9131364
f 1846/2298/1846 1848/2282/1848 1843/2336/1843
vt 0.0410337 0.9305076
f 1843/2336/1843 1848/2282/1848 1844/2337/1844
f 1844/2337/1844 1848/2282/1848 1849/1139/1849
vt 0.8559849 0.7238609
f 1680/2319/1680 1688/2269/1688 1679/2338/1679
vt 0.0431867 0.9386252
f 1849/1139/1849 1855/1142/1855 1857/2339/1857
f 2441/1177/2441 2443/1176/2443 2462/1206/2462
f 1679/2338/1679 1688/2269/1688 1689/2322/1689
f 2443/1176/2443 2458/1207/2458 2462/1206/2462
vt 0.0910904 0.8332619
f 294/2340/294 322/2302/322 315/2320/315
f 316/1143/316 325/1145/325 305/1179/305
f 2458/1207/2458 2459/1146/2459 2461/1208/2461
f 326/1180/326 359/1093/359 299/1290/299
f 299/1290/299 359/1093/359 324/2321/324
vt 0.8569519 0.9537832
f 2283/1096/2283 2274/1097/2274 2284/2341/2284
vt 0.8774315 0.7579789
f 1712/1265/1712 1738/2342/1738 1729/2305/1729
vt 0.9081970 0.7744098
f 1598/2287/1598 1600/2244/1600 1594/2343/1594
f 1594/2343/1594 1600/2244/1600 1597/2324/1597
vt 0.9632327 0.3400601
f 1798/2344/1798 1790/1188/1790 1788/1115/1788
f 2049/1107/2049 2045/1159/2045 2046/1270/2046
vt 0.9368067 0.8010828
f 1644/2345/1644 1739/2311/1739 1629/2288/1629
vt 0.3971285 0.8411335
f 245/2346/245 241/2291/241 238/1133/238
vt 0.3577557 0.8433710
f 253/1226/253 248/2295/248 250/2347/250
f 230/2315/230 229/2279/229 199/1221/199
f 199/1221/199 229/2279/229 86/1222/86
f 1844/2337/1844 1849/1139/1849 1857/2339/1857
vt 0.1018143 0.9753950
vt 0.1084493 0.9680189
vt 0.1097819 0.9803640
f 2421/2348/2421 2420/2349/2420 2422/2350/2422
f 324/2321/324 323/2301/323 296/1292/296
f 323/2301/323 322/2302/322 294/2340/294
f 296/1292/296 323/2301/323 294/2340/294
f 2461/1208/2461 2459/1146/2459 2463/2323/2463
vt 0.8735759 0.7271725
f 1677/2351/1677 1689/2322/1689 1695/1183/1695
vt 0.8886021 0.7539552
f 1712/1265/1712 1729/2305/1729 1591/2352/1591
f 1591/2352/1591 1729/2305/1729 1721/2307/1721
f 1591/2352/1591 1721/2307/1721 1593/2286/1593
vt 0.9183054 0.7872108
f 1597/2324/1597 1703/2309/1703 1704/2353/1704
vt 0.9682243 0.3412365
f 1791/1210/1791 1790/1188/1790 1799/2354/1799
f 1799/2354/1799 1790/1188/1790 1798/2344/1798
vt 0.8324507 0.5839541
f 1411/1187/1411 1542/2327/1542 1514/2355/1514
vt 0.8974682 0.3032103
f 2485/2310/2485 2484/1198/2484 2486/2356/2486
f 2486/2356/2486 2484/1198/2484 2487/1197/2487
vt 0.9438938 0.8067191
f 1644/2345/1644 1629/2288/1629 1628/2357/1628
f 167/1260/167 163/1083/163 172/2329/172
vt 0.4227561 0.8397798
f 245/2346/245 238/1133/238 243/2358/243
f 243/2358/243 238/1133/238 239/2313/239
vt 0.4355495 0.8402897
f 243/2358/243 239/2313/239 246/2359/246
f 250/2347/250 248/2295/248 249/2331/249
vt 0.5080360 0.8400409
f 135/2360/135 66/2332/66 63/2296/63
f 135/2360/135 63/2296/63 64/2297/64
vt 0.5631613 0.8381397
f 136/2361/136 64/2297/64 74/2333/74
vt 0.6054894 0.8352767
f 136/2361/136 74/2333/74 138/2362/138
f 137/1279/137 74/2333/74 73/1280/73
vt 0.8087025 0.8241852
f 182/2314/182 210/2316/210 473/2363/473
vt 0.7941330 0.8261472
f 447/2364/447 182/2314/182 473/2363/473
vt 0.8178203 0.8230666
f 210/2316/210 465/2317/465 483/2365/483
f 270/1283/270 265/1225/265 259/1224/259
vt 0.1973937 0.9233428
vt 0.1946110 0.9133142
vt 0.2064443 0.9141485
f 2155/2366/2155 2171/2367/2171 2165/2368/2165
vt 0.2561966 0.8368083
f 278/2369/278 281/1136/281 276/1173/276
vt 0.8322628 0.6986889
f 1699/2318/1699 1684/2268/1684 1685/2370/1685
f 1685/2370/1685 1684/2268/1684 1681/2281/1681
f 280/1227/280 281/1136/281 278/2369/278
f 306/1174/306 282/1228/282 285/1288/285
vt 0.1050125 0.9553533
vt 0.1118538 0.9587655
vt 0.1035906 0.9586073
f 2437/2371/2437 2438/2372/2438 2434/2373/2434
f 2442/1285/2442 2439/2335/2439 2441/1177/2441
vt 0.0350906 0.8941872
vt 0.0309315 0.8971511
f 1847/2374/1847 1846/2298/1846 1845/2375/1845
f 1845/2375/1845 1846/2298/1846 1843/2336/1843
vt 0.0337991 0.9371987
f 1844/2337/1844 1857/2339/1857 1858/2376/1858
f 305/1179/305 327/1141/327 306/1174/306
vt 0.9737305 0.1940213
f 2471/2377/2471 2462/1206/2462 2461/1208/2461
vt 0.1053968 0.8346680
f 292/2378/292 294/2340/294 315/2320/315
f 315/2320/315 316/1143/316 292/2378/292
f 292/2378/292 316/1143/316 305/1179/305
f 326/1180/326 299/1290/299 301/1289/301
f 299/1290/299 324/2321/324 296/1292/296
f 1679/2338/1679 1689/2322/1689 1677/2351/1677
vt 0.8956397 0.7568210
f 1591/2352/1591 1593/2286/1593 1590/2379/1590
f 1590/2379/1590 1593/2286/1593 1598/2287/1598
f 1590/2379/1590 1598/2287/1598 1594/2343/1594
vt 0.9124571 0.7736925
f 1594/2343/1594 1597/2324/1597 1596/2380/1596
vt 0.9262767 0.7792618
f 1596/2380/1596 1597/2324/1597 1637/2381/1637
f 1817/1295/1817 1824/1233/1824 1808/1209/1808
f 1817/1295/1817 1808/1209/1808 1804/1293/1804
f 1804/1293/1804 1808/1209/1808 1791/1210/1791
f 1791/1210/1791 1799/2354/1799 1804/1293/1804
vt 0.8983444 0.3139372
f 2486/2356/2486 2487/1197/2487 2488/2382/2488
f 2046/1270/2046 2045/1159/2045 2042/1269/2042
vt 0.9824201 0.8314826
f 1634/2328/1634 1673/1120/1673 1647/2383/1647
vt 0.9856702 0.8375247
f 1673/1120/1673 1757/1123/1757 1742/2384/1742
vt 0.7329480 0.8334801
f 167/1260/167 172/2329/172 179/2385/179
f 241/2291/241 245/2346/245 249/2331/249
f 246/2359/246 239/2313/239 230/2315/230
vt 0.4624843 0.8428507
f 140/1263/140 69/1223/69 134/2386/134
f 138/2362/138 74/2333/74 137/1279/137
f 99/1172/99 98/1262/98 183/1261/183
vt 0.7613836 0.8303550
f 181/2387/181 172/2329/172 177/2330/177
f 134/2386/134 69/1223/69 67/2275/67
vt 0.4761739 0.8394291
f 134/2386/134 67/2275/67 133/2388/133
f 67/2275/67 66/2332/66 133/2388/133
f 133/2388/133 66/2332/66 135/2360/135
f 136/2361/136 135/2360/135 64/2297/64
f 139/1281/139 73/1280/73 75/1170/75
vt 0.6831191 0.8440769
f 75/1170/75 99/1172/99 141/2389/141
vt 0.7804894 0.8282982
f 177/2330/177 182/2314/182 215/2390/215
f 215/2390/215 182/2314/182 447/2364/447
f 253/1226/253 250/2347/250 259/1224/259
f 473/2363/473 210/2316/210 483/2365/483
vt 0.1857459 0.9270883
f 2160/2391/2160 2171/2367/2171 2155/2366/2155
vt 0.2033646 0.9230992
f 2155/2366/2155 2165/2368/2165 2148/2392/2148
vt 0.2785608 0.8438834
f 278/2369/278 276/1173/276 277/2393/277
vt 0.2151019 0.9283887
f 2148/2392/2148 2165/2368/2165 2152/2394/2152
vt 0.8349137 0.6939420
f 1699/2318/1699 1685/2370/1685 1694/2395/1694
vt 0.8511066 0.7095245
f 1685/2370/1685 1681/2281/1681 1678/2396/1678
f 1678/2396/1678 1681/2281/1681 1680/2319/1680
vt 0.1834036 0.8439547
f 285/1288/285 282/1228/282 284/2397/284
vt 0.0319747 0.9281192
f 1842/2398/1842 1843/2336/1843 1844/2337/1844
f 1842/2398/1842 1844/2337/1844 1858/2376/1858
f 1678/2396/1678 1680/2319/1680 1679/2338/1679
vt 0.0340505 0.9389286
f 1858/2376/1858 1857/2339/1857 1865/2399/1865
vt 0.1272685 0.8427792
f 288/2400/288 305/1179/305 287/1287/287
f 305/1179/305 306/1174/306 287/1287/287
vt 0.0939958 0.9714094
f 2419/2401/2419 2420/2349/2420 2421/2348/2421
f 292/2378/292 305/1179/305 288/2400/288
vt 0.0798162 0.8448318
f 295/2402/295 296/1292/296 294/2340/294
vt 0.0503086 0.8346024
vt 0.0550447 0.8436650
f 346/2403/346 326/1180/326 302/2404/302
f 326/1180/326 301/1289/301 302/2404/302
f 1677/2351/1677 1695/1183/1695 1705/1182/1705
vt 0.9068897 0.7590803
f 1587/2405/1587 1590/2379/1590 1594/2343/1594
vt 0.9299286 0.7751259
f 1608/2406/1608 1596/2380/1596 1637/2381/1637
f 1804/1293/1804 1799/2354/1799 1818/1294/1818
f 1818/1294/1818 1799/2354/1799 1798/2344/1798
vt 0.9458800 0.7956955
f 1644/2345/1644 1628/2357/1628 1612/2407/1612
f 1309/1266/1309 1411/1187/1411 1514/2355/1514
vt 0.9572760 0.8046853
f 1628/2357/1628 1629/2288/1629 1616/2408/1616
f 1616/2408/1616 1629/2288/1629 1633/2312/1633
vt 0.9789292 0.8260135
f 1633/2312/1633 1634/2328/1634 1630/2409/1630
f 1616/2408/1616 1633/2312/1633 1630/2409/1630
f 1490/1304/1490 1555/1162/1555 1417/1199/1417
f 1184/1307/1184 1288/1164/1288 1272/1250/1272
vt 0.7089882 0.8362489
f 180/2410/180 167/1260/167 179/2385/179
f 179/2385/179 172/2329/172 181/2387/181
f 181/2387/181 177/2330/177 215/2390/215
f 139/1281/139 75/1170/75 141/2389/141
f 231/1379/231 230/2315/230 199/1221/199
f 276/1173/276 270/1283/270 277/2393/277
f 277/2393/277 270/1283/270 271/1282/271
vt 0.2507852 0.8463808
f 279/2411/279 278/2369/278 277/2393/277
vt 0.2099092 0.9321760
f 2148/2392/2148 2152/2394/2152 2134/2412/2134
f 1694/2395/1694 1685/2370/1685 1678/2396/1678
f 283/1284/283 284/2397/284 282/1228/282
vt 0.0939716 0.9529392
f 2437/2371/2437 2434/2373/2434 2435/2413/2435
f 1845/2375/1845 1843/2336/1843 1842/2398/1842
vt 0.0292155 0.9305018
f 1859/2414/1859 1842/2398/1842 1858/2376/1858
vt 0.0974151 0.9641720
f 2423/2415/2423 2420/2349/2420 2419/2401/2419
f 1678/2396/1678 1679/2338/1679 1677/2351/1677
vt 0.0924050 0.8479658
f 295/2402/295 294/2340/294 293/2416/293
f 293/2416/293 294/2340/294 292/2378/292
vt 0.1070282 0.8456866
f 293/2416/293 292/2378/292 290/2417/290
f 290/2417/290 292/2378/292 288/2400/288
vt 0.0417428 0.8390324
f 386/2418/386 346/2403/346 347/1368/347
f 302/2404/302 301/1289/301 300/1384/300
f 300/1384/300 301/1289/301 298/1291/298
f 298/1291/298 296/1292/296 295/2402/295
f 1677/2351/1677 1705/1182/1705 1668/1343/1668
f 1697/1347/1697 1712/1265/1712 1591/2352/1591
f 1697/1347/1697 1591/2352/1591 1672/1348/1672
vt 0.9054929 0.7504907
f 1591/2352/1591 1590/2379/1590 1589/2419/1589
f 1589/2419/1589 1590/2379/1590 1587/2405/1587
vt 0.9371194 0.7859840
f 1610/2420/1610 1644/2345/1644 1612/2407/1612
f 1612/2407/1612 1628/2357/1628 1616/2408/1616
f 1630/2409/1630 1634/2328/1634 1647/2383/1647
f 1647/2383/1647 1673/1120/1673 1742/2384/1742
f 183/1261/183 167/1260/167 180/2410/180
vt 0.4356476 0.8584418
f 246/2359/246 230/2315/230 258/2421/258
f 258/2421/258 230/2315/230 231/1379/231
f 231/1379/231 199/1221/199 140/1263/140
vt 0.7942215 0.8348119
f 485/2422/485 447/2364/447 473/2363/473
vt 0.1658598 0.9448529
vt 0.1771387 0.9302736
f 2162/2423/2162 2166/2424/2166 2160/2391/2160
vt 0.1716988 0.9454097
vt 0.1946846 0.9292549
f 2140/2425/2140 2160/2391/2160 2137/2426/2137
f 2137/2426/2137 2160/2391/2160 2155/2366/2155
f 2137/2426/2137 2155/2366/2155 2148/2392/2148
f 2137/2426/2137 2148/2392/2148 2134/2412/2134
vt 0.2025291 0.9384212
f 2137/2426/2137 2134/2412/2134 2132/2427/2132
f 280/1227/280 278/2369/278 279/2411/279
vt 0.8604069 0.7070527
f 1694/2395/1694 1678/2396/1678 1690/2428/1690
vt 0.0843720 0.9603361
f 2435/2413/2435 2434/2373/2434 2426/2429/2426
vt 0.0173857 0.8927999
f 1910/2430/1910 1847/2374/1847 1845/2375/1845
f 2434/2373/2434 2423/2415/2423 2426/2429/2426
f 1678/2396/1678 1677/2351/1677 1676/1345/1676
f 347/1368/347 346/2403/346 302/2404/302
f 1668/1343/1668 1705/1182/1705 1713/1232/1713
f 1713/1232/1713 1712/1265/1712 1697/1347/1697
f 1672/1348/1672 1591/2352/1591 1589/2419/1589
vt 0.9177966 0.7600993
f 1595/2431/1595 1587/2405/1587 1594/2343/1594
f 1594/2343/1594 1596/2380/1596 1595/2431/1595
f 1595/2431/1595 1596/2380/1596 1608/2406/1608
f 1608/2406/1608 1637/2381/1637 1610/2420/1610
f 1309/1266/1309 1514/2355/1514 1419/1322/1419
f 2034/1311/2034 2042/1269/2042 2039/1240/2039
vt 0.4204535 0.8598939
f 256/2432/256 245/2346/245 243/2358/243
f 256/2432/256 243/2358/243 258/2421/258
f 258/2421/258 243/2358/243 246/2359/246
vt 0.6962726 0.8449091
f 213/2433/213 183/1261/183 180/2410/180
vt 0.3759269 0.8596824
f 267/2434/267 249/2331/249 245/2346/245
vt 0.4632232 0.8573680
vt 0.4782754 0.8558443
f 187/2435/187 134/2386/134 186/2436/186
f 186/2436/186 134/2386/134 133/2388/133
f 186/2436/186 133/2388/133 135/2360/135
vt 0.5582026 0.8524513
f 135/2360/135 136/2361/136 184/2437/184
vt 0.6894845 0.8491949
f 192/2438/192 99/1172/99 183/1261/183
vt 0.3568912 0.8597156
f 272/2439/272 250/2347/250 249/2331/249
vt 0.3338808 0.8594716
f 259/1224/259 250/2347/250 273/2440/273
f 271/1282/271 259/1224/259 273/2440/273
vt 0.3121072 0.8590332
f 274/2441/274 271/1282/271 273/2440/273
f 2162/2423/2162 2160/2391/2160 2140/2425/2140
vt 0.1869981 0.9390812
f 2140/2425/2140 2137/2426/2137 2130/2442/2130
vt 0.2952127 0.8585163
f 277/2393/277 271/1282/271 312/2443/312
f 2130/2442/2130 2137/2426/2137 2132/2427/2132
vt 0.2289959 0.9504420
f 2134/2412/2134 2152/2394/2152 2142/2444/2142
vt 0.2236809 0.8578073
f 283/1284/283 280/1227/280 310/2445/310
vt 0.2340432 0.9518840
f 2161/2446/2161 2142/2444/2142 2152/2394/2152
vt 0.1406644 0.8527102
f 286/2447/286 285/1288/285 284/2397/284
vt 0.0168086 0.9113346
f 1904/2448/1904 1845/2375/1845 1842/2398/1842
vt 0.0156553 0.9244034
f 1904/2448/1904 1842/2398/1842 1906/2449/1906
f 287/1287/287 285/1288/285 286/2447/286
vt 0.0169454 0.9371706
f 1859/2414/1859 1858/2376/1858 1905/2450/1905
f 1905/2450/1905 1858/2376/1858 1865/2399/1865
vt 0.0217601 0.9386089
f 1905/2450/1905 1865/2399/1865 1907/2451/1907
f 288/2400/288 287/1287/287 286/2447/286
f 1690/2428/1690 1678/2396/1678 1676/1345/1676
vt 0.0837360 0.9689080
f 2423/2415/2423 2419/2401/2419 2424/2452/2424
vt 0.0817489 0.9659558
f 2425/2453/2425 2423/2415/2423 2424/2452/2424
f 380/1367/380 386/2418/386 347/1368/347
f 1676/1345/1676 1677/2351/1677 1668/1343/1668
f 1668/1343/1668 1713/1232/1713 1697/1347/1697
vt 0.9261890 0.7641008
f 1595/2431/1595 1608/2406/1608 1599/2454/1599
vt 0.9526884 0.7864883
f 1611/2455/1611 1610/2420/1610 1612/2407/1612
vt 0.9582826 0.7946456
f 1612/2407/1612 1616/2408/1616 1613/2456/1613
vt 0.9021291 0.3260037
f 2488/2382/2488 2487/1197/2487 2489/2457/2489
vt 0.9744433 0.8044013
f 1619/2458/1619 1616/2408/1616 1630/2409/1630
vt 0.3921823 0.8593516
f 266/2459/266 245/2346/245 256/2432/256
vt 0.7094960 0.8494066
f 194/2460/194 180/2410/180 179/2385/179
vt 0.7411666 0.8468091
f 198/2461/198 179/2385/179 181/2387/181
f 272/2439/272 249/2331/249 267/2434/267
f 267/2434/267 245/2346/245 266/2459/266
vt 0.5019659 0.8553564
f 186/2436/186 135/2360/135 185/2462/185
f 184/2437/184 136/2361/136 138/2362/138
vt 0.6275985 0.8512878
f 138/2362/138 137/1279/137 190/2463/190
vt 0.6652093 0.8493174
f 190/2463/190 137/1279/137 188/2464/188
f 137/1279/137 139/1281/139 188/2464/188
f 188/2464/188 139/1281/139 141/2389/141
vt 0.7531710 0.8445563
f 216/2465/216 181/2387/181 215/2390/215
vt 0.4528472 0.8572307
f 387/2466/387 258/2421/258 231/1379/231
vt 0.7670400 0.8429393
f 448/2467/448 215/2390/215 447/2364/447
f 273/2440/273 250/2347/250 272/2439/272
f 312/2443/312 271/1282/271 274/2441/274
vt 0.1764249 0.9493931
f 2140/2425/2140 2130/2442/2130 2128/2468/2128
vt 0.2559442 0.8590064
f 313/2469/313 277/2393/277 312/2443/312
f 279/2411/279 277/2393/277 313/2469/313
f 310/2445/310 280/1227/280 279/2411/279
vt 0.2065441 0.9459396
f 2131/2470/2131 2132/2427/2132 2134/2412/2134
vt 0.2219158 0.9538739
f 2131/2470/2131 2134/2412/2134 2133/2471/2133
f 2133/2471/2133 2134/2412/2134 2142/2444/2142
vt 0.2064771 0.8575577
f 284/2397/284 283/1284/283 309/2472/309
vt 0.0125295 0.8975654
f 1910/2430/1910 1845/2375/1845 1909/2473/1909
vt 0.0880872 0.9506705
f 2436/2474/2436 2435/2413/2435 2426/2429/2426
f 1906/2449/1906 1842/2398/1842 1859/2414/1859
f 2426/2429/2426 2423/2415/2423 2425/2453/2425
f 347/1368/347 302/2404/302 303/1369/303
f 303/1369/303 302/2404/302 300/1384/300
f 300/1384/300 298/1291/298 295/2402/295
f 1655/1346/1655 1672/1348/1672 1589/2419/1589
vt 0.9172375 0.7430531
f 1655/1346/1655 1589/2419/1589 1586/2475/1586
f 1586/2475/1586 1589/2419/1589 1587/2405/1587
vt 0.9236884 0.7524090
f 1587/2405/1587 1595/2431/1595 1588/2476/1588
vt 0.9423553 0.7781305
f 1609/2477/1609 1608/2406/1608 1610/2420/1610
f 1609/2477/1609 1610/2420/1610 1611/2455/1611
f 1611/2455/1611 1612/2407/1612 1613/2456/1613
f 2489/2457/2489 2487/1197/2487 2490/1313/2490
vt 0.9659616 0.7982134
f 1613/2456/1613 1616/2408/1616 1615/2478/1615
f 1616/2408/1616 1619/2458/1619 1615/2478/1615
vt 0.9818169 0.8147199
vt 0.9858882 0.8218092
f 1631/2479/1631 1630/2409/1630 1641/2480/1641
f 1630/2409/1630 1647/2383/1647 1641/2480/1641
vt 0.9921879 0.8270890
f 1647/2383/1647 1742/2384/1742 1720/2481/1720
f 213/2433/213 180/2410/180 194/2460/194
f 194/2460/194 179/2385/179 198/2461/198
f 140/1263/140 134/2386/134 187/2435/187
f 185/2462/185 135/2360/135 184/2437/184
vt 0.5979525 0.8524891
f 184/2437/184 138/2362/138 189/2482/189
f 189/2482/189 138/2362/138 190/2463/190
f 141/2389/141 99/1172/99 192/2438/192
vt 0.6934092 0.8578210
f 192/2438/192 183/1261/183 212/2483/212
f 212/2483/212 183/1261/183 213/2433/213
f 198/2461/198 181/2387/181 216/2465/216
f 448/2467/448 216/2465/216 215/2390/215
f 448/2467/448 447/2364/447 485/2422/485
vt 0.1413345 0.9611635
vt 0.1552318 0.9583604
f 2170/2484/2170 2162/2423/2162 2139/2485/2139
f 2139/2485/2139 2162/2423/2162 2140/2425/2140
vt 0.1835764 0.9574291
f 2128/2468/2128 2130/2442/2130 2127/2486/2127
f 2127/2486/2127 2130/2442/2130 2132/2427/2132
vt 0.1911371 0.9656030
f 2121/2487/2121 2127/2486/2127 2131/2470/2131
f 2131/2470/2131 2127/2486/2127 2132/2427/2132
f 313/2469/313 310/2445/310 279/2411/279
vt 0.2160346 0.9602323
f 2121/2487/2121 2131/2470/2131 2129/2488/2129
f 283/1284/283 310/2445/310 309/2472/309
f 2129/2488/2129 2131/2470/2131 2133/2471/2133
vt 0.1705659 0.8585645
f 308/2489/308 284/2397/284 309/2472/309
f 1909/2473/1909 1845/2375/1845 1904/2448/1904
vt 0.0803547 0.0401613
vt 0.0781200 0.0435106
f 2710/1380/2710 2715/2490/2715 2709/2491/2709
f 308/2489/308 286/2447/286 284/2397/284
vt 0.0127924 0.9274429
f 1906/2449/1906 1859/2414/1859 1908/2492/1908
f 1908/2492/1908 1859/2414/1859 1905/2450/1905
vt 0.1179718 0.8591712
f 288/2400/288 286/2447/286 289/2493/289
vt 0.0926822 0.8606374
f 291/2494/291 295/2402/295 293/2416/293
f 293/2416/293 290/2417/290 291/2494/291
f 291/2494/291 290/2417/290 289/2493/289
f 290/2417/290 288/2400/288 289/2493/289
f 303/1369/303 300/1384/300 304/1383/304
f 300/1384/300 295/2402/295 297/1385/297
f 297/1385/297 295/2402/295 291/2494/291
vt 0.8816320 0.7058069
f 1690/2428/1690 1676/1345/1676 1675/2495/1675
vt 0.8854131 0.7121629
f 1675/2495/1675 1676/1345/1676 1670/2496/1670
f 1670/2496/1670 1676/1345/1676 1669/1344/1669
f 1668/1343/1668 1697/1347/1697 1655/1346/1655
f 1586/2475/1586 1587/2405/1587 1588/2476/1588
f 1588/2476/1588 1595/2431/1595 1599/2454/1599
f 1599/2454/1599 1608/2406/1608 1609/2477/1609
f 1311/1373/1311 1309/1266/1309 1418/1323/1418
f 1619/2458/1619 1630/2409/1630 1631/2479/1631
vt 0.9915899 0.8187882
f 1647/2383/1647 1720/2481/1720 1701/2497/1701
f 1641/2480/1641 1647/2383/1647 1701/2497/1701
vt 0.4553864 0.8674521
f 387/2466/387 231/1379/231 394/2498/394
vt 0.1439077 0.9698343
f 2141/2499/2141 2170/2484/2170 2139/2485/2139
vt 0.1665431 0.9593467
f 2126/2500/2126 2139/2485/2139 2140/2425/2140
f 2126/2500/2126 2140/2425/2140 2128/2468/2128
f 2126/2500/2126 2128/2468/2128 2127/2486/2127
vt 0.1405928 0.8599194
f 307/2501/307 286/2447/286 308/2489/308
vt 0.0057932 0.9384959
f 1905/2450/1905 1907/2451/1907 1911/2502/1911
vt 0.2306716 0.9675586
f 2136/2503/2136 2133/2471/2133 2142/2444/2142
f 307/2501/307 289/2493/289 286/2447/286
f 2136/2503/2136 2142/2444/2142 2161/2446/2161
vt 0.2362626 0.9749732
f 2136/2503/2136 2161/2446/2161 2157/2504/2157
vt 0.9092105 0.7294278
f 1651/2505/1651 1655/1346/1655 1586/2475/1586
vt 0.9333743 0.7562289
f 1588/2476/1588 1599/2454/1599 1624/2506/1624
vt 0.9390338 0.7645708
f 1624/2506/1624 1599/2454/1599 1625/2507/1625
f 1625/2507/1625 1599/2454/1599 1609/2477/1609
f 1611/2455/1611 1613/2456/1613 1615/2478/1615
vt 0.9860041 0.8088847
f 1631/2479/1631 1641/2480/1641 1632/2508/1632
vt 0.4367956 0.8839874
f 258/2421/258 387/2466/387 348/2509/348
f 200/1378/200 140/1263/140 187/2435/187
vt 0.4700907 0.8727487
f 208/2510/208 186/2436/186 185/2462/185
vt 0.6046017 0.8668057
f 189/2482/189 190/2463/190 203/2511/203
vt 0.6842462 0.8634456
f 207/2512/207 141/2389/141 192/2438/192
vt 0.6952587 0.8601419
f 212/2483/212 213/2433/213 217/2513/217
f 217/2513/217 213/2433/213 194/2460/194
vt 0.1704028 0.9721379
f 2123/2514/2123 2126/2500/2126 2127/2486/2127
f 2121/2487/2121 2123/2514/2123 2127/2486/2127
vt 0.2047969 0.9698455
f 2122/2515/2122 2121/2487/2121 2129/2488/2129
vt 0.0336337 0.0312088
vt 0.0453746 0.0298853
vt 0.0553240 0.0441173
f 2830/2516/2830 2834/2517/2834 2826/2518/2826
vt 0.0554385 0.0336648
f 2826/2518/2826 2834/2517/2834 2833/2519/2833
vt 0.2193735 0.9756970
f 2122/2515/2122 2129/2488/2129 2135/2520/2135
f 2135/2520/2135 2129/2488/2129 2133/2471/2133
f 2135/2520/2135 2133/2471/2133 2136/2503/2136
vt 0.9053328 0.7169248
f 1654/2521/1654 1669/1344/1669 1668/1343/1668
f 1654/2521/1654 1668/1343/1668 1655/1346/1655
f 1654/2521/1654 1655/1346/1655 1651/2505/1651
f 1586/2475/1586 1588/2476/1588 1592/1444/1592
vt 0.6856676 0.5177079
vt 0.6752766 0.5293062
vt 0.6759545 0.5149153
f 2085/2522/2085 2090/2523/2090 2098/2524/2098
vt 0.6848173 0.5037841
f 2085/2522/2085 2098/2524/2098 2097/2525/2097
vt 0.7000657 0.4950534
f 2085/2522/2085 2097/2525/2097 2086/2526/2086
vt 0.9101831 0.3402897
f 2491/2527/2491 2489/2457/2489 2490/1313/2490
vt 0.9682306 0.7916712
f 1611/2455/1611 1615/2478/1615 1639/2528/1639
f 1632/2508/1632 1619/2458/1619 1631/2479/1631
f 1632/2508/1632 1641/2480/1641 1701/2497/1701
vt 0.9995544 0.8198588
f 1701/2497/1701 1720/2481/1720 1761/2529/1761
f 1567/1357/1567 1391/1335/1391 1503/1441/1503
f 1503/1441/1503 1391/1335/1391 1385/1397/1385
f 1238/1366/1238 1245/1429/1245 1244/1340/1244
vt 0.3900405 0.8789170
f 317/2530/317 266/2459/266 256/2432/256
vt 0.4220280 0.8726891
f 332/2531/332 256/2432/256 258/2421/258
vt 0.7097640 0.8633187
f 214/2532/214 194/2460/194 198/2461/198
vt 0.7276227 0.8588281
f 214/2532/214 198/2461/198 220/2533/220
f 267/2434/267 266/2459/266 317/2530/317
f 348/2509/348 387/2466/387 394/2498/394
vt 0.5045860 0.8684289
f 208/2510/208 185/2462/185 206/2534/206
vt 0.5622520 0.8678430
f 206/2534/206 185/2462/185 204/2535/204
f 185/2462/185 184/2437/184 204/2535/204
f 184/2437/184 189/2482/189 203/2511/203
vt 0.6480529 0.8653701
f 203/2511/203 190/2463/190 202/2536/202
f 202/2536/202 190/2463/190 188/2464/188
vt 0.6678126 0.8628356
f 188/2464/188 141/2389/141 205/2537/205
f 205/2537/205 141/2389/141 207/2512/207
vt 0.6901051 0.8641818
f 211/2538/211 192/2438/192 212/2483/212
f 217/2513/217 194/2460/194 214/2532/214
f 394/2498/394 231/1379/231 200/1378/200
vt 0.7472112 0.8592111
f 446/2539/446 216/2465/216 448/2467/448
vt 0.7529721 0.8613519
f 446/2539/446 448/2467/448 481/2540/481
vt 0.1320186 0.9834968
f 2146/2541/2146 2170/2484/2170 2141/2499/2141
vt 0.3326004 0.8753034
f 274/2441/274 273/2440/273 339/2542/339
vt 0.1533314 0.9765216
f 2141/2499/2141 2139/2485/2139 2125/2543/2125
vt 0.3058133 0.8765208
f 312/2443/312 274/2441/274 344/2544/344
f 2125/2543/2125 2139/2485/2139 2126/2500/2126
f 2123/2514/2123 2125/2543/2125 2126/2500/2126
vt 0.2275473 0.8743806
f 356/2545/356 310/2445/310 313/2469/313
vt 0.2603973 0.8749747
f 356/2545/356 313/2469/313 357/2546/357
vt 0.1864989 0.9758046
f 2120/2547/2120 2123/2514/2123 2121/2487/2121
f 356/2545/356 309/2472/309 310/2445/310
f 2120/2547/2120 2121/2487/2121 2122/2515/2122
vt 0.2044059 0.8739094
f 308/2489/308 309/2472/309 340/2548/340
f 2135/2520/2135 2120/2547/2120 2122/2515/2122
vt 0.8964101 0.5100574
f 35/1404/35 31/1310/31 59/2549/59
vt 0.0282788 0.0375174
vt 0.0300563 0.0424870
f 2828/2550/2828 2830/2516/2830 2824/2551/2824
f 2641/1381/2641 2710/1380/2710 2709/2491/2709
vt 0.1495237 0.8726131
f 355/2552/355 307/2501/307 308/2489/308
f 1908/2492/1908 1905/2450/1905 1911/2502/1911
vt 0.1251920 0.8718121
f 354/2553/354 289/2493/289 307/2501/307
f 354/2553/354 307/2501/307 355/2552/355
vt 0.0551022 0.8743799
f 381/1370/381 303/1369/303 342/2554/342
vt 0.0764154 0.8738179
f 297/1385/297 291/2494/291 351/2555/351
vt 0.2289375 0.9823126
f 2138/2556/2138 2135/2520/2135 2136/2503/2136
f 2138/2556/2138 2136/2503/2136 2157/2504/2157
vt 0.8970240 0.7085114
f 1675/2495/1675 1670/2496/1670 1674/2557/1674
f 1654/2521/1654 1670/2496/1670 1669/1344/1669
f 1674/2557/1674 1670/2496/1670 1654/2521/1654
vt 0.9368120 0.7524940
f 1592/1444/1592 1588/2476/1588 1626/2558/1626
f 1588/2476/1588 1624/2506/1624 1626/2558/1626
vt 0.9471536 0.7577282
f 1626/2558/1626 1624/2506/1624 1640/2559/1640
f 1640/2559/1640 1624/2506/1624 1625/2507/1625
vt 0.6845393 0.5350702
f 2085/2522/2085 2079/2560/2079 2090/2523/2090
f 1360/1405/1360 1311/1373/1311 1418/1323/1418
f 2491/2527/2491 2490/1313/2490 2492/1415/2492
vt 0.2785205 0.2306245
f 3364/1355/3364 3363/1329/3363 3365/2561/3365
vt 0.9810339 0.7976529
f 1639/2528/1639 1615/2478/1615 1638/2562/1638
f 1638/2562/1638 1615/2478/1615 1619/2458/1619
f 1256/1402/1256 1276/1398/1276 1252/1341/1252
f 1245/1429/1245 1238/1366/1238 1237/1403/1237
f 317/2530/317 256/2432/256 332/2531/332
f 332/2531/332 258/2421/258 348/2509/348
vt 0.3706391 0.8831369
f 337/2563/337 272/2439/272 267/2434/267
f 200/1378/200 187/2435/187 209/1469/209
f 209/1469/209 187/2435/187 208/2510/208
f 187/2435/187 186/2436/186 208/2510/208
f 204/2535/204 184/2437/184 203/2511/203
f 202/2536/202 188/2464/188 205/2537/205
f 207/2512/207 192/2438/192 211/2538/211
f 198/2461/198 216/2465/216 446/2539/446
f 273/2440/273 272/2439/272 339/2542/339
f 344/2544/344 274/2441/274 339/2542/339
f 357/2546/357 312/2443/312 344/2544/344
vt 0.1667230 0.9801312
vt 0.1632380 0.9854800
f 2125/2543/2125 2124/2564/2124 2147/2565/2147
f 2124/2564/2124 2125/2543/2125 2123/2514/2123
f 357/2546/357 313/2469/313 312/2443/312
f 2124/2564/2124 2123/2514/2123 2120/2547/2120
f 340/2548/340 309/2472/309 356/2545/356
vt 0.1906406 0.9838815
f 2124/2564/2124 2120/2547/2120 2144/2566/2144
vt 0.1839535 0.9871810
f 2151/2567/2151 2124/2564/2124 2144/2566/2144
vt 0.1777625 0.8724562
f 341/2568/341 308/2489/308 340/2548/340
f 2144/2566/2144 2120/2547/2120 2135/2520/2135
f 355/2552/355 308/2489/308 341/2568/341
vt 0.2177202 0.9831657
f 2143/2569/2143 2144/2566/2144 2135/2520/2135
vt 0.2009675 0.9875020
f 2156/2570/2156 2144/2566/2144 2143/2569/2143
vt 0.0572217 0.0369016
f 2826/2518/2826 2833/2519/2833 2832/2571/2832
vt 0.0639372 0.0460957
vt 0.0611473 0.0537960
f 2832/2571/2832 2831/2572/2831 2827/2573/2827
f 2826/2518/2826 2832/2571/2832 2827/2573/2827
vt 0.0801127 0.9594943
f 2428/2574/2428 2426/2429/2426 2425/2453/2425
vt 0.0674531 0.9687161
f 2425/2453/2425 2424/2452/2424 2427/2575/2427
vt 0.0431234 0.8766617
f 381/1370/381 342/2554/342 407/2576/407
vt 0.0932645 0.8724576
f 351/2555/351 291/2494/291 352/2577/352
vt 0.1104196 0.8716753
f 291/2494/291 289/2493/289 353/2578/353
f 352/2577/352 291/2494/291 353/2578/353
f 353/2578/353 289/2493/289 354/2553/354
f 2143/2569/2143 2135/2520/2135 2138/2556/2138
f 342/2554/342 303/1369/303 304/1383/304
vt 0.0603742 0.8717366
f 342/2554/342 304/1383/304 350/2579/350
f 304/1383/304 297/1385/297 350/2579/350
f 350/2579/350 297/1385/297 351/2555/351
vt 0.2428699 0.9904052
f 2138/2556/2138 2157/2504/2157 2158/2580/2158
vt 0.9217892 0.7266414
f 1650/2581/1650 1651/2505/1651 1586/2475/1586
vt 0.9255497 0.7367808
f 1649/2582/1649 1586/2475/1586 1592/1444/1592
f 1649/2582/1649 1592/1444/1592 1711/1446/1711
f 1592/1444/1592 1626/2558/1626 1715/1445/1715
vt 0.6862617 0.5402973
vt 0.6742424 0.5416667
f 2099/2583/2099 2100/2584/2100 2079/2560/2079
vt 0.6949783 0.5188270
f 2078/2585/2078 2079/2560/2079 2085/2522/2085
f 2078/2585/2078 2085/2522/2085 2086/2526/2086
vt 0.7054408 0.4972101
f 2077/2586/2077 2078/2585/2078 2086/2526/2086
vt 0.7129135 0.4869929
f 2080/2587/2080 2077/2586/2077 2086/2526/2086
f 1638/2562/1638 1619/2458/1619 1632/2508/1632
vt 0.9965044 0.8110912
f 1736/2588/1736 1632/2508/1632 1701/2497/1701
vt 0.7254699 0.4838240
vt 0.7186751 0.4752132
vt 0.7300158 0.4757516
f 2076/2589/2076 2092/2590/2092 2101/2591/2101
vt 0.7279759 0.4659961
vt 0.7359292 0.4695383
f 2101/2591/2101 2118/2592/2118 2112/2593/2112
f 337/2563/337 267/2434/267 317/2530/317
f 339/2542/339 272/2439/272 337/2563/337
f 402/1470/402 394/2498/394 200/1378/200
vt 0.1481433 0.9862031
f 2145/2594/2145 2146/2541/2146 2141/2499/2141
f 2145/2594/2145 2141/2499/2141 2125/2543/2125
f 2147/2565/2147 2145/2594/2145 2125/2543/2125
f 2151/2567/2151 2147/2565/2147 2124/2564/2124
f 2151/2567/2151 2144/2566/2144 2156/2570/2156
vt 0.0677114 0.0568883
f 2641/1381/2641 2709/2491/2709 2516/2595/2516
f 2824/2551/2824 2830/2516/2830 2826/2518/2826
vt 0.2127720 0.9894328
f 2150/2596/2150 2156/2570/2156 2143/2569/2143
vt 0.2255036 0.9898561
f 2150/2596/2150 2143/2569/2143 2149/2597/2149
f 2149/2597/2149 2143/2569/2143 2138/2556/2138
vt 0.2279615 0.9937739
f 2149/2597/2149 2138/2556/2138 2163/2598/2163
f 2163/2598/2163 2138/2556/2138 2158/2580/2158
f 1661/1504/1661 1674/2557/1674 1654/2521/1654
vt 0.9229361 0.7149515
f 1652/2599/1652 1651/2505/1651 1650/2581/1650
vt 0.9474460 0.7553924
f 1715/1445/1715 1626/2558/1626 1737/2600/1737
vt 0.6931856 0.5386696
f 2099/2583/2099 2079/2560/2079 2088/2601/2088
vt 0.7010268 0.5280343
f 2088/2601/2088 2079/2560/2079 2070/2602/2070
f 2070/2602/2070 2079/2560/2079 2078/2585/2078
vt 0.7074766 0.5166537
f 2069/2603/2069 2070/2602/2070 2078/2585/2078
f 2069/2603/2069 2078/2585/2078 2077/2586/2077
vt 0.7183778 0.4939009
f 2069/2603/2069 2077/2586/2077 2072/2604/2072
f 2080/2587/2080 2072/2604/2072 2077/2586/2077
f 2076/2589/2076 2080/2587/2080 2092/2590/2092
vt 0.7385691 0.4809659
f 2096/2605/2096 2101/2591/2101 2112/2593/2112
f 2115/1461/2115 2096/2605/2096 2112/2593/2112
vt 0.5621019 0.8820230
f 204/2535/204 203/2511/203 218/2606/218
vt 0.7101200 0.8735804
f 217/2513/217 214/2532/214 226/2607/226
vt 0.7376108 0.8675762
f 220/2533/220 198/2461/198 400/2608/400
f 400/2608/400 198/2461/198 446/2539/446
f 400/2608/400 446/2539/446 481/2540/481
vt 0.1370446 0.9894994
f 2145/2594/2145 2153/2609/2153 2146/2541/2146
vt 0.1407472 0.9919576
f 2153/2609/2153 2145/2594/2145 2169/2610/2169
vt 0.1473804 0.9918505
vt 0.1556061 0.9897475
f 2168/2611/2168 2145/2594/2145 2164/2612/2164
f 2164/2612/2164 2145/2594/2145 2147/2565/2147
vt 0.1680637 0.9901337
f 2164/2612/2164 2147/2565/2147 2172/2613/2172
vt 0.1790435 0.9912946
f 2147/2565/2147 2151/2567/2151 2173/2614/2173
f 2172/2613/2172 2147/2565/2147 2173/2614/2173
vt 0.8630973 0.6532562
vt 0.8631117 0.6597391
vt 0.8691974 0.6605200
f 1772/2615/1772 1771/2616/1771 1770/2617/1770
vt 0.8736345 0.6734482
f 1770/2617/1770 1771/2616/1771 1769/2618/1769
vt 0.8771509 0.6710770
f 1770/2617/1770 1769/2618/1769 1768/2619/1768
vt 0.0648478 0.0571339
f 2515/2620/2515 2642/1382/2642 2641/1381/2641
vt 0.0534642 0.0581816
f 2816/2621/2816 2826/2518/2826 2827/2573/2827
vt 0.0606178 0.0603278
f 2827/2573/2827 2831/2572/2831 2817/2622/2817
vt 0.1343743 0.8847579
f 354/2553/354 355/2552/355 412/2623/412
vt 0.8820374 0.6821404
f 1769/2618/1769 1767/2624/1767 1768/2619/1768
vt 0.8843176 0.6784040
f 1768/2619/1768 1767/2624/1767 1766/2625/1766
vt 0.0938972 0.8858568
f 351/2555/351 352/2577/352 405/2626/405
vt 0.8862750 0.6830636
f 1766/2625/1766 1767/2624/1767 1765/2627/1765
vt 0.0798853 0.0692264
vt 0.0731861 0.0577496
vt 0.0841175 0.0594341
f 2535/2628/2535 2701/2629/2701 2695/2630/2695
vt 0.0603634 0.8873180
f 342/2554/342 350/2579/350 415/2631/415
vt 0.2159576 0.9927187
f 2167/2632/2167 2150/2596/2150 2149/2597/2149
f 2167/2632/2167 2149/2597/2149 2163/2598/2163
vt 0.8937610 0.6929331
f 1661/1504/1661 1730/2633/1730 1674/2557/1674
f 1661/1504/1661 1654/2521/1654 1656/1505/1656
vt 0.9113939 0.7113571
f 1656/1505/1656 1654/2521/1654 1653/2634/1653
f 1654/2521/1654 1651/2505/1651 1653/2634/1653
f 1653/2634/1653 1651/2505/1651 1652/2599/1652
f 1650/2581/1650 1586/2475/1586 1649/2582/1649
vt 0.9294420 0.7287943
f 1650/2581/1650 1649/2582/1649 1660/2635/1660
vt 0.9422607 0.7374786
f 1649/2582/1649 1711/1446/1711 1714/2636/1714
vt 0.9647950 0.1759194
f 2226/2637/2226 2193/1473/2193 2204/1475/2204
vt 0.9441293 0.1765125
f 2191/1530/2191 2193/1473/2193 2225/2638/2225
vt 0.7120628 0.5317742
f 2083/2639/2083 2088/2601/2088 2070/2602/2070
vt 0.7043460 0.5370960
f 2088/2601/2088 2083/2639/2083 2095/2640/2095
f 1177/1387/1177 1180/1433/1180 1170/1434/1170
f 2029/1483/2029 2013/1410/2013 2011/1456/2011
vt 0.7233173 0.4977288
f 2069/2603/2069 2072/2604/2072 2071/2641/2071
f 2076/2589/2076 2072/2604/2072 2080/2587/2080
f 2096/2605/2096 2076/2589/2076 2101/2591/2101
f 2115/1461/2115 2093/1463/2093 2096/2605/2096
f 1442/1464/1442 1460/1440/1460 1348/1396/1348
vt 0.3958164 0.8851343
f 317/2530/317 332/2531/332 335/2642/335
vt 0.4234632 0.8860272
f 335/2642/335 332/2531/332 343/2643/343
f 343/2643/343 332/2531/332 348/2509/348
f 226/2607/226 214/2532/214 220/2533/220
f 348/2509/348 394/2498/394 402/1470/402
vt 0.6432183 0.8790690
f 222/2644/222 203/2511/203 202/2536/202
vt 0.7194355 0.8751668
f 227/2645/227 220/2533/220 400/2608/400
vt 0.4713215 0.8863905
f 208/2510/208 206/2534/206 225/2646/225
vt 0.6656687 0.8776987
f 202/2536/202 205/2537/205 223/2647/223
vt 0.6836305 0.8765255
f 224/2648/224 205/2537/205 207/2512/207
vt 0.6907961 0.8809441
f 207/2512/207 211/2538/211 228/2649/228
vt 0.1268168 0.9932842
vt 0.1180927 0.9937739
f 2154/2650/2154 2159/2651/2159 2146/2541/2146
f 2154/2650/2154 2146/2541/2146 2153/2609/2153
vt 0.7458597 0.8683081
vt 0.7556381 0.8649575
vt 0.7512771 0.8691980
f 486/2652/486 487/2653/487 464/2654/464
vt 0.3217792 0.8884298
f 344/2544/344 339/2542/339 371/2655/371
vt 0.7593213 0.8670095
f 464/2654/464 487/2653/487 441/2656/441
f 2168/2611/2168 2169/2610/2169 2145/2594/2145
vt 0.2717328 0.8885582
f 389/2657/389 357/2546/357 344/2544/344
vt 0.3005956 0.8887423
f 389/2657/389 344/2544/344 401/2658/401
vt 0.7654724 0.8654755
vt 0.7726157 0.8611429
f 509/2659/509 510/2660/510 502/1539/502
vt 0.7842269 0.8628017
f 502/1539/502 510/2660/510 511/2661/511
vt 0.7845425 0.8585800
f 511/2661/511 510/2660/510 512/2662/512
vt 0.2495476 0.8867390
f 390/2663/390 356/2545/356 357/2546/357
vt 0.3679478 0.9995211
vt 0.3565056 0.9981655
f 2413/1524/2413 2415/2664/2415 2414/2665/2414
vt 0.2218670 0.8878078
f 391/2666/391 340/2548/340 356/2545/356
f 341/2568/341 340/2548/340 392/1605/392
f 2515/2620/2515 2641/1381/2641 2516/2595/2516
vt 0.1589321 0.8860487
f 420/2667/420 355/2552/355 341/2568/341
vt 0.1828275 0.8875622
f 420/2667/420 341/2568/341 419/2668/419
vt 0.0262137 0.0525202
f 2814/2669/2814 2828/2550/2828 2824/2551/2824
f 2824/2551/2824 2826/2518/2826 2816/2621/2816
vt 0.0397961 0.0556684
f 2815/2670/2815 2824/2551/2824 2816/2621/2816
vt 0.0692654 0.0657684
f 2516/2595/2516 2709/2491/2709 2517/2671/2517
f 2408/1500/2408 2410/1498/2410 2409/1502/2409
vt 0.0547197 0.9627448
f 2428/2574/2428 2425/2453/2425 2429/2672/2429
f 2429/2672/2429 2425/2453/2425 2427/2575/2427
vt 0.1167970 0.8851084
f 410/2673/410 353/2578/353 354/2553/354
f 410/2673/410 354/2553/354 412/2623/412
vt 0.0715246 0.0693673
f 2534/2674/2534 2701/2629/2701 2535/2628/2535
vt 0.1026596 0.8859597
f 409/2675/409 352/2577/352 353/2578/353
f 409/2675/409 353/2578/353 410/2673/410
vt 0.8943422 0.6855642
f 1766/2625/1766 1765/2627/1765 1731/2676/1731
f 1765/2627/1765 1730/2633/1730 1731/2676/1731
f 1731/2676/1731 1730/2633/1730 1662/1506/1662
f 1730/2633/1730 1661/1504/1661 1662/1506/1662
vt 0.9372185 0.7309132
f 1660/2635/1660 1649/2582/1649 1667/2677/1667
f 1649/2582/1649 1714/2636/1714 1667/2677/1667
vt 0.9626698 0.1628636
f 2228/2678/2228 2226/2637/2226 2204/1475/2204
f 2193/1473/2193 2191/1530/2191 2184/1474/2184
vt 0.9372340 0.1752358
f 2191/1530/2191 2225/2638/2225 2227/2679/2227
f 2191/1530/2191 2227/2679/2227 2214/1528/2214
vt 0.9261205 0.1743467
f 2227/2679/2227 2235/2680/2235 2214/1528/2214
vt 0.7221075 0.5257121
f 2066/2681/2066 2083/2639/2083 2070/2602/2070
vt 0.9114298 0.3560399
f 2491/2527/2491 2492/1415/2492 2493/2682/2493
f 2066/2681/2066 2070/2602/2070 2069/2603/2069
f 2023/1481/2023 2029/1483/2029 2011/1456/2011
vt 0.7235585 0.5177771
f 2067/2683/2067 2066/2681/2066 2069/2603/2069
f 2493/2682/2493 2492/1415/2492 2505/1459/2505
f 2067/2683/2067 2069/2603/2069 2071/2641/2071
vt 0.7322795 0.4915628
f 2073/2684/2073 2071/2641/2071 2072/2604/2072
f 2073/2684/2073 2072/2604/2072 2076/2589/2076
f 2073/2684/2073 2076/2589/2076 2096/2605/2096
f 2093/1463/2093 2073/2684/2073 2096/2605/2096
f 1044/1465/1044 1068/1401/1068 1039/1449/1039
f 226/2607/226 220/2533/220 227/2645/227
f 337/2563/337 317/2530/317 335/2642/335
vt 0.6960962 0.8774904
f 211/2538/211 212/2483/212 221/2685/221
f 228/2649/228 211/2538/211 221/2685/221
f 221/2685/221 217/2513/217 226/2607/226
f 362/1572/362 339/2542/339 337/2563/337
f 209/1469/209 208/2510/208 225/2646/225
vt 0.5257369 0.8831331
f 225/2646/225 206/2534/206 219/2686/219
f 219/2686/219 206/2534/206 204/2535/204
f 219/2686/219 204/2535/204 218/2606/218
f 218/2606/218 203/2511/203 222/2644/222
f 202/2536/202 223/2647/223 222/2644/222
f 223/2647/223 205/2537/205 224/2648/224
f 224/2648/224 207/2512/207 228/2649/228
f 221/2685/221 212/2483/212 217/2513/217
vt 0.7400236 0.8736306
f 400/2608/400 486/2652/486 436/2687/436
f 436/2687/436 486/2652/486 464/2654/464
f 371/2655/371 339/2542/339 362/1572/362
f 440/1538/440 441/2656/441 509/2659/509
f 401/2658/401 344/2544/344 371/2655/371
f 440/1538/440 509/2659/509 502/1539/502
f 390/2663/390 357/2546/357 389/2657/389
f 391/2666/391 356/2545/356 390/2663/390
f 2413/1524/2413 2414/2665/2414 2412/1497/2412
f 2413/1524/2413 2412/1497/2412 2411/1499/2411
f 340/2548/340 391/2666/391 392/1605/392
f 419/2668/419 341/2568/341 392/1605/392
f 2816/2621/2816 2827/2573/2827 2817/2622/2817
f 412/2623/412 355/2552/355 420/2667/420
f 405/2626/405 352/2577/352 409/2675/409
vt 0.0837014 0.0735369
f 2535/2628/2535 2695/2630/2695 2537/2688/2537
vt 0.0569543 0.8897836
f 469/2689/469 342/2554/342 415/2631/415
vt 0.0723116 0.8882734
f 415/2631/415 350/2579/350 406/2690/406
f 350/2579/350 351/2555/351 406/2690/406
f 351/2555/351 405/2626/405 406/2690/406
vt 0.3011221 0.9972674
f 2400/1503/2400 2399/2691/2399 2398/1544/2398
vt 0.2907618 0.9995211
f 2399/2691/2399 2397/2692/2397 2398/1544/2398
vt 0.9156964 0.7054948
f 1656/1505/1656 1653/2634/1653 1664/2693/1664
vt 0.2796794 0.9975626
f 2394/1581/2394 2397/2692/2397 2395/2694/2395
f 1664/2693/1664 1653/2634/1653 1652/2599/1652
vt 0.9498228 0.7319549
f 1667/2677/1667 1714/2636/1714 1753/2695/1753
f 2214/1528/2214 2235/2680/2235 2185/1529/2185
f 2185/1529/2185 2235/2680/2235 2200/1550/2200
vt 0.7230159 0.5356169
f 2094/2696/2094 2095/2640/2095 2083/2639/2083
vt 0.9175946 0.3506868
f 2494/2697/2494 2491/2527/2491 2493/2682/2493
vt 0.7343499 0.5319498
f 2083/2639/2083 2066/2681/2066 2082/2698/2082
f 1155/1394/1155 1156/1411/1156 1154/1513/1154
vt 0.7401843 0.5161549
f 2065/2699/2065 2067/2683/2067 2071/2641/2071
f 2073/2684/2073 2065/2699/2065 2071/2641/2071
f 1074/1492/1074 1075/1421/1075 1082/1518/1082
vt 0.7319171 0.8869655
f 422/2700/422 400/2608/400 436/2687/436
vt 0.7565596 0.8824319
f 436/2687/436 464/2654/464 435/2701/435
f 435/2701/435 464/2654/464 441/2656/441
f 435/2701/435 441/2656/441 440/1538/440
f 502/1539/502 511/2661/511 480/1575/480
vt 0.7844377 0.8747393
f 480/1575/480 511/2661/511 514/2702/514
f 514/2702/514 511/2661/511 516/1623/516
vt 0.0617745 0.0667163
f 2514/2703/2514 2515/2620/2515 2516/2595/2516
f 2814/2669/2814 2824/2551/2824 2815/2670/2815
vt 0.0555856 0.9714537
f 2429/2672/2429 2427/2575/2427 2430/2704/2430
vt 0.0925109 0.8902673
f 476/2705/476 405/2626/405 409/2675/409
f 2398/1544/2398 2397/2692/2397 2394/1581/2394
f 2401/1545/2401 2398/1544/2398 2394/1581/2394
vt 0.9215034 0.7068468
f 1664/2693/1664 1652/2599/1652 1665/2706/1665
f 2228/2678/2228 2204/1475/2204 2203/1507/2203
f 2184/1474/2184 2191/1530/2191 2185/1529/2185
vt 0.7169383 0.5386665
f 2119/2707/2119 2095/2640/2095 2094/2696/2094
f 2082/2698/2082 2094/2696/2094 2083/2639/2083
f 2065/2699/2065 2066/2681/2066 2067/2683/2067
vt 0.7477433 0.5094850
f 2074/2708/2074 2065/2699/2065 2073/2684/2073
f 2102/1565/2102 2074/2708/2074 2093/1463/2093
f 2074/2708/2074 2073/2684/2073 2093/1463/2093
f 2107/1462/2107 2102/1565/2102 2093/1463/2093
vt 0.7784414 0.5055260
f 2102/1565/2102 2106/2709/2106 2105/1563/2105
f 2106/2709/2106 2102/1565/2102 2107/1462/2107
f 1257/1522/1257 1349/1447/1349 1256/1402/1256
vt 0.7105210 0.8867240
f 411/2710/411 226/2607/226 227/2645/227
vt 0.3886518 0.8999065
f 337/2563/337 335/2642/335 378/2711/378
vt 0.4177360 0.9034391
f 379/2712/379 335/2642/335 343/2643/343
vt 0.4363264 0.9024487
f 348/2509/348 402/1470/402 383/2713/383
f 411/2710/411 221/2685/221 226/2607/226
f 227/2645/227 400/2608/400 422/2700/422
f 362/1572/362 337/2563/337 385/1573/385
f 385/1573/385 337/2563/337 378/2711/378
vt 0.4558001 0.8950365
f 383/2713/383 402/1470/402 403/2714/403
vt 0.5066584 0.9012921
f 225/2646/225 219/2686/219 397/2715/397
vt 0.5598753 0.8979771
f 398/2716/398 219/2686/219 218/2606/218
vt 0.5871757 0.8973835
f 395/2717/395 218/2606/218 222/2644/222
f 228/2649/228 221/2685/221 444/1652/444
f 403/2714/403 402/1470/402 404/1537/404
vt 0.7546248 0.8864332
f 436/2687/436 435/2701/435 428/2718/428
f 371/2655/371 362/1572/362 413/1574/413
f 435/2701/435 440/1538/440 439/1540/439
f 2417/1577/2417 2411/1499/2411 2407/1526/2407
f 2514/2703/2514 2516/2595/2516 2517/2671/2517
vt 0.0373866 0.0680456
f 2815/2670/2815 2816/2621/2816 2806/2719/2806
vt 0.0496339 0.0712730
f 2806/2719/2806 2816/2621/2816 2808/2720/2808
f 2808/2720/2808 2816/2621/2816 2817/2622/2817
vt 0.1558631 0.0766617
vt 0.1562395 0.0627040
vt 0.1766959 0.0724703
f 2613/2721/2613 2630/2722/2630 2612/2723/2612
vt 0.1796625 0.0572007
f 2612/2723/2612 2630/2722/2630 2631/2724/2631
vt 0.1396398 0.0664758
f 2613/2721/2613 2622/2725/2622 2630/2722/2630
vt 0.0774225 0.0843735
f 2534/2674/2534 2535/2628/2535 2530/2726/2530
vt 0.0715055 0.0767096
f 2532/2727/2532 2534/2674/2534 2530/2726/2530
f 406/2690/406 405/2626/405 476/2705/476
f 2530/2726/2530 2535/2628/2535 2537/2688/2537
f 2394/1581/2394 2395/2694/2395 2392/1582/2392
vt 0.9327175 0.7081202
f 1652/2599/1652 1650/2581/1650 1657/2728/1657
f 1657/2728/1657 1650/2581/1650 1660/2635/1660
vt 0.9411243 0.7158367
f 1663/2729/1663 1660/2635/1660 1667/2677/1667
vt 0.1073975 0.7875732
vt 0.1175121 0.7773609
vt 0.1263405 0.7774130
f 3421/2730/3421 3416/2731/3416 3409/2732/3409
vt 0.9623152 0.1528884
f 2229/2733/2229 2228/2678/2228 2203/1507/2203
vt 0.9531032 0.1469041
f 2229/2733/2229 2203/1507/2203 2224/2734/2224
vt 0.9291527 0.3631184
f 2495/2735/2495 2494/2697/2494 2493/2682/2493
f 2026/1587/2026 2028/1482/2028 2023/1481/2023
vt 0.9074376 0.1733065
f 2200/1550/2200 2233/2736/2233 2196/1641/2196
vt 0.8970827 0.1716335
f 2196/1641/2196 2233/2736/2233 2232/2737/2232
vt 0.7335641 0.5362961
f 2094/2696/2094 2082/2698/2082 2104/2738/2104
vt 0.7412429 0.5347449
f 2104/2738/2104 2082/2698/2082 2091/2739/2091
vt 0.7441989 0.5312458
f 2091/2739/2091 2082/2698/2082 2081/2740/2081
f 2081/2740/2081 2082/2698/2082 2066/2681/2066
vt 0.7464251 0.5258537
f 2068/2741/2068 2081/2740/2081 2066/2681/2066
f 2068/2741/2068 2066/2681/2066 2065/2699/2065
f 2074/2708/2074 2102/1565/2102 2103/1564/2103
vt 0.7626911 0.5244462
f 2087/2742/2087 2074/2708/2074 2103/1564/2103
f 1043/1424/1043 1074/1492/1074 1034/1519/1034
f 1350/1535/1350 1459/1534/1459 1349/1447/1349
f 378/2711/378 335/2642/335 379/2712/379
f 379/2712/379 343/2643/343 348/2509/348
vt 0.4705077 0.9021857
f 209/1469/209 225/2646/225 396/2743/396
f 404/1537/404 209/1469/209 396/2743/396
f 397/2715/397 219/2686/219 398/2716/398
f 444/1652/444 221/2685/221 411/2710/411
vt 0.7458900 0.8885745
f 422/2700/422 436/2687/436 426/2744/426
f 436/2687/436 428/2718/428 426/2744/426
vt 0.4578982 0.9030571
f 461/2745/461 403/2714/403 404/1537/404
vt 0.6829473 0.8941050
f 223/2647/223 224/2648/224 393/2746/393
vt 0.3126919 0.9032550
f 401/2658/401 371/2655/371 445/2747/445
f 445/2747/445 371/2655/371 413/1574/413
vt 0.7751403 0.8870384
f 439/1540/439 480/1575/480 433/2748/433
f 480/1575/480 514/2702/514 498/1626/498
f 389/2657/389 401/2658/401 445/2747/445
vt 0.2739180 0.9033728
f 463/2749/463 389/2657/389 445/2747/445
f 514/2702/514 516/1623/516 498/1626/498
vt 0.2507400 0.9026431
f 467/2750/467 390/2663/390 389/2657/389
f 391/2666/391 390/2663/390 467/2750/467
f 474/1603/474 392/1605/392 391/2666/391
vt 0.2007698 0.0663185
vt 0.2024157 0.0510827
f 2616/2751/2616 2631/2724/2631 2635/2752/2635
vt 0.0229690 0.0607386
vt 0.0253966 0.0645502
f 2813/2753/2813 2814/2669/2814 2807/2754/2807
f 2814/2669/2814 2815/2670/2815 2806/2719/2806
f 2807/2754/2807 2814/2669/2814 2806/2719/2806
f 2808/2720/2808 2817/2622/2817 2811/1630/2811
f 2811/1630/2811 2817/2622/2817 2818/1628/2818
vt 0.0433415 0.9683279
f 2429/2672/2429 2430/2704/2430 2431/2755/2431
vt 0.0487124 0.9748612
f 2431/2755/2431 2430/2704/2430 2432/2756/2432
vt 0.1169896 0.0733453
vt 0.1263032 0.0688066
vt 0.1316297 0.0775417
f 2619/2757/2619 2637/2758/2637 2618/2759/2618
f 2618/2759/2618 2637/2758/2637 2622/2725/2622
vt 0.1522695 0.0817136
f 2618/2759/2618 2622/2725/2622 2565/2760/2565
f 2565/2760/2565 2622/2725/2622 2613/2721/2613
vt 0.0861871 0.0850195
vt 0.0867350 0.0711740
f 2551/2761/2551 2537/2688/2537 2625/2762/2625
vt 0.0978850 0.0724225
f 2625/2762/2625 2621/2763/2621 2551/2761/2551
vt 0.1026445 0.0851669
f 2551/2761/2551 2621/2763/2621 2554/2764/2554
f 2621/2763/2621 2619/2757/2619 2554/2764/2554
vt 0.0817688 0.0906314
f 2530/2726/2530 2537/2688/2537 2536/2765/2536
f 2536/2765/2536 2537/2688/2537 2551/2761/2551
vt 0.2732767 0.9976891
f 2392/1582/2392 2395/2694/2395 2396/2766/2396
vt 0.9245293 0.7024611
vt 0.9276917 0.7032252
f 1671/2767/1671 1665/2706/1665 1658/2768/1658
f 1658/2768/1658 1665/2706/1665 1652/2599/1652
f 1658/2768/1658 1652/2599/1652 1657/2728/1657
f 1657/2728/1657 1660/2635/1660 1663/2729/1663
vt 0.9553218 0.7211081
f 1663/2729/1663 1667/2677/1667 1747/2769/1747
vt 0.9570378 0.7285838
f 1667/2677/1667 1748/2770/1748 1747/2769/1747
vt 0.1296807 0.7689049
f 3409/2732/3409 3416/2731/3416 3407/2771/3407
f 1223/1476/1223 1373/1547/1373 1340/1531/1340
f 1178/1478/1178 1353/1548/1353 1345/1549/1345
vt 0.9106529 0.3675231
f 2493/2682/2493 2505/1459/2505 2513/2772/2513
f 2186/1551/2186 2200/1550/2200 2196/1641/2196
vt 0.8893809 0.1725190
vt 0.8883125 0.1684517
f 2232/2737/2232 2239/2773/2239 2220/2774/2220
f 2196/1641/2196 2232/2737/2232 2220/2774/2220
vt 0.7573174 0.5256543
f 2075/2775/2075 2068/2741/2068 2065/2699/2065
f 2075/2775/2075 2065/2699/2065 2074/2708/2074
f 2087/2742/2087 2075/2775/2075 2074/2708/2074
f 383/2713/383 379/2712/379 348/2509/348
f 396/2743/396 225/2646/225 397/2715/397
f 398/2716/398 218/2606/218 395/2717/395
vt 0.6303110 0.8970909
f 395/2717/395 222/2644/222 399/2776/399
f 222/2644/222 223/2647/223 393/2746/393
f 393/2746/393 224/2648/224 228/2649/228
vt 0.3422840 0.9047830
f 414/2777/414 413/1574/413 385/1573/385
f 435/2701/435 439/1540/439 433/2748/433
f 467/2750/467 389/2657/389 463/2749/463
f 474/1603/474 391/2666/391 467/2750/467
f 419/2668/419 392/1605/392 478/1604/478
vt 0.2277101 0.0585507
f 2616/2751/2616 2635/2752/2635 2623/2778/2623
f 2616/2751/2616 2612/2723/2612 2631/2724/2631
vt 0.1175522 0.0865600
f 2554/2764/2554 2619/2757/2619 2560/2779/2560
vt 0.1329948 0.0853851
f 2561/2780/2561 2618/2759/2618 2565/2760/2565
f 2380/1631/2380 2393/1580/2393 2392/1582/2392
f 1916/1610/1916 1952/1661/1952 1943/1611/1943
vt 0.9459925 0.7063854
f 1657/2728/1657 1663/2729/1663 1666/2781/1666
vt 0.9551090 0.1403853
f 2230/2782/2230 2229/2733/2229 2224/2734/2224
f 2224/2734/2224 2203/1507/2203 2182/1583/2182
f 1340/1531/1340 1373/1547/1373 1366/1584/1366
f 1175/1510/1175 1337/1553/1337 1338/1554/1338
f 2174/1613/2174 2175/1546/2175 2176/1617/2176
vt 0.9231471 0.3675172
f 2495/2735/2495 2493/2682/2493 2496/2783/2496
f 2496/2783/2496 2493/2682/2493 2513/2772/2513
f 1157/1489/1157 1187/1618/1187 1154/1513/1154
f 2084/1644/2084 2091/2739/2091 2081/2740/2081
f 2091/2739/2091 2084/1644/2084 2110/1643/2110
f 2220/2774/2220 2239/2773/2239 2221/1676/2221
f 2084/1644/2084 2081/2740/2081 2068/2741/2068
f 2075/2775/2075 2084/1644/2084 2068/2741/2068
f 2089/1642/2089 2087/2742/2087 2103/1564/2103
f 2108/1647/2108 2089/1642/2089 2103/1564/2103
f 2109/1645/2109 2108/1647/2108 2103/1564/2103
f 2105/1563/2105 2109/1645/2109 2103/1564/2103
vt 0.8000186 0.5252252
f 2113/2784/2113 2109/1645/2109 2105/1563/2105
f 1045/1621/1045 1044/1465/1044 1037/1568/1037
f 399/2776/399 222/2644/222 393/2746/393
vt 0.6912621 0.8994445
f 393/2746/393 228/2649/228 418/2785/418
f 228/2649/228 444/1652/444 456/1654/456
vt 0.4618734 0.9069858
f 461/2745/461 404/1537/404 421/2786/421
f 435/2701/435 433/2748/433 428/2718/428
f 428/2718/428 433/2748/433 431/1655/431
f 445/2747/445 413/1574/413 414/2777/414
f 433/2748/433 480/1575/480 431/1655/431
f 480/1575/480 498/1626/498 437/1656/437
f 2405/1657/2405 2417/1577/2417 2406/1606/2406
f 2406/1606/2406 2387/1607/2387 2385/1658/2385
vt 0.3006254 0.9549699
f 2387/1607/2387 2384/1579/2384 2365/2787/2365
vt 0.0213605 0.0753609
f 2813/2753/2813 2807/2754/2807 2797/2788/2797
vt 0.0667615 0.0773374
f 2514/2703/2514 2517/2671/2517 2518/2789/2518
f 2519/1629/2519 2514/2703/2514 2518/2789/2518
vt 0.2913193 0.9617887
f 2365/2787/2365 2384/1579/2384 2366/2790/2366
vt 0.0360963 0.9803640
f 2431/2755/2431 2432/2756/2432 2433/2791/2433
vt 0.0695768 0.0895063
f 2532/2727/2532 2530/2726/2530 2526/2792/2526
vt 0.2844448 0.9659592
f 2366/2790/2366 2384/1579/2384 2369/2793/2369
f 2619/2757/2619 2618/2759/2618 2561/2780/2561
f 2560/2779/2560 2619/2757/2619 2561/2780/2561
f 2384/1579/2384 2380/1631/2380 2369/2793/2369
vt 0.9306424 0.6913654
f 1693/2794/1693 1671/2767/1671 1658/2768/1658
vt 0.9347590 0.7031733
f 1658/2768/1658 1657/2728/1657 1659/2795/1659
vt 0.1347896 0.7778991
f 3409/2732/3409 3407/2771/3407 3400/2796/3400
vt 0.9432737 0.1336102
f 2230/2782/2230 2224/2734/2224 2223/2797/2223
f 2223/2797/2223 2224/2734/2224 2182/1583/2182
f 1157/1489/1157 1188/1555/1188 1187/1618/1187
f 2196/1641/2196 2220/2774/2220 2194/1671/2194
f 2194/1671/2194 2220/2774/2220 2221/1676/2221
f 2194/1671/2194 2221/1676/2221 2222/1675/2222
f 2089/1642/2089 2084/1644/2084 2075/2775/2075
f 2089/1642/2089 2075/2775/2075 2087/2742/2087
vt 0.8114973 0.5394629
f 2116/2798/2116 2114/1648/2114 2113/2784/2113
f 2114/1648/2114 2109/1645/2109 2113/2784/2113
vt 0.4251306 0.9158624
f 408/2799/408 379/2712/379 383/2713/383
vt 0.4364018 0.9146097
f 383/2713/383 403/2714/403 417/2800/417
vt 0.7299978 0.9048727
f 227/2645/227 422/2700/422 424/2801/424
f 411/2710/411 227/2645/227 424/2801/424
vt 0.4565596 0.9109730
f 417/2800/417 403/2714/403 462/2802/462
f 421/2786/421 404/1537/404 396/2743/396
f 418/2785/418 228/2649/228 456/1654/456
vt 0.7552413 0.9044330
f 422/2700/422 426/2744/426 425/2803/425
f 462/2802/462 403/2714/403 461/2745/461
vt 0.7830056 0.8976119
f 429/2804/429 428/2718/428 431/1655/431
f 2405/1657/2405 2385/1658/2385 2386/1727/2386
f 2385/1658/2385 2387/1607/2387 2365/2787/2365
f 2807/2754/2807 2806/2719/2806 2797/2788/2797
vt 0.0339627 0.0802464
f 2797/2788/2797 2806/2719/2806 2796/2805/2796
f 2806/2719/2806 2808/2720/2808 2796/2805/2796
f 2519/1629/2519 2518/2789/2518 2520/1729/2520
f 2612/2723/2612 2616/2751/2616 2569/1773/2569
f 2808/2720/2808 2811/1630/2811 2775/1659/2775
vt 0.1767884 0.0872503
f 2613/2721/2613 2612/2723/2612 2568/2806/2568
vt 0.1522513 0.0959678
f 2562/2807/2562 2561/2780/2561 2565/2760/2565
vt 0.0746210 0.0925747
f 2526/2792/2526 2530/2726/2530 2529/2808/2529
f 2530/2726/2530 2536/2765/2536 2529/2808/2529
vt 0.0874600 0.0944431
f 2536/2765/2536 2551/2761/2551 2549/2809/2549
f 2551/2761/2551 2554/2764/2554 2549/2809/2549
vt 0.1030950 0.0941948
f 2549/2809/2549 2554/2764/2554 2552/2810/2552
f 2554/2764/2554 2560/2779/2560 2552/2810/2552
vt 0.1302789 0.0940701
f 2560/2779/2560 2561/2780/2561 2559/2811/2559
vt 0.2731729 0.9638287
f 2380/1631/2380 2392/1582/2392 2391/2812/2391
f 1919/1662/1919 1916/1610/1916 1928/1609/1928
vt 0.9382843 0.6888121
f 1693/2794/1693 1658/2768/1658 1706/2813/1706
f 1706/2813/1706 1658/2768/1658 1659/2795/1659
vt 0.8564372 0.2720571
vt 0.8598598 0.2686782
vt 0.8604362 0.2796513
f 1973/2814/1973 1985/2815/1985 1972/2816/1972
vt 0.8644130 0.2818964
f 1972/2816/1972 1985/2815/1985 1984/2817/1984
vt 0.9564885 0.7151803
f 1666/2781/1666 1663/2729/1663 1750/2818/1750
f 1750/2818/1750 1663/2729/1663 1747/2769/1747
vt 0.1390745 0.7630104
f 3400/2796/3400 3407/2771/3407 3402/2819/3402
vt 0.1365958 0.7560084
f 3402/2819/3402 3407/2771/3407 3405/2820/3405
vt 0.9202081 0.3767366
f 2496/2783/2496 2513/2772/2513 2511/2821/2511
f 2178/1670/2178 2176/1617/2176 2180/1640/2180
f 2195/1674/2195 2221/1676/2221 2213/1738/2213
f 2111/1680/2111 2110/1643/2110 2089/1642/2089
vt 0.8591260 0.1724990
f 2213/1738/2213 2221/1676/2221 2237/2822/2237
f 2108/1647/2108 2111/1680/2111 2089/1642/2089
f 1328/1687/1328 1487/1682/1487 1329/1622/1329
vt 0.3895532 0.9151696
vt 0.3993063 0.9174389
f 423/2823/423 378/2711/378 416/2824/416
f 416/2824/416 378/2711/378 379/2712/379
f 408/2799/408 383/2713/383 417/2800/417
vt 0.7088565 0.9055267
f 443/2825/443 444/1652/444 411/2710/411
vt 0.7127167 0.9029518
f 442/2826/442 411/2710/411 424/2801/424
f 385/1573/385 378/2711/378 423/2823/423
vt 0.3579328 0.9180464
f 460/2827/460 414/2777/414 385/1573/385
f 2672/1690/2672 2675/1689/2675 2673/1748/2673
vt 0.4739798 0.9146873
f 421/2786/421 396/2743/396 452/2828/452
f 452/2828/452 396/2743/396 397/2715/397
vt 0.5096421 0.9139274
f 452/2828/452 397/2715/397 453/2829/453
vt 0.5665551 0.9115331
f 453/2829/453 397/2715/397 454/2830/454
f 398/2716/398 395/2717/395 454/2830/454
vt 0.6206014 0.9094742
f 395/2717/395 399/2776/399 455/2831/455
vt 0.6614810 0.9072039
f 399/2776/399 393/2746/393 451/2832/451
vt 0.6832018 0.9068039
f 451/2832/451 393/2746/393 450/2833/450
f 450/2833/450 393/2746/393 418/2785/418
vt 0.7995400 0.9007536
f 429/2804/429 431/1655/431 432/2834/432
f 432/2834/432 431/1655/431 437/1656/437
vt 0.3250898 0.9175463
f 472/2835/472 445/2747/445 414/2777/414
vt 0.3133449 0.0425526
vt 0.3282191 0.0192999
vt 0.3438494 0.0291280
f 2624/2836/2624 2636/2837/2636 2626/2838/2626
f 2632/1693/2632 2636/2837/2636 2624/2836/2624
f 2610/1694/2610 2632/1693/2632 2624/2836/2624
vt 0.2445004 0.0518234
f 2610/1694/2610 2629/2839/2629 2633/1695/2633
vt 0.3088293 0.9414216
f 2386/1727/2386 2385/1658/2385 2376/2840/2376
vt 0.2558412 0.0610600
f 2609/2841/2609 2623/2778/2623 2629/2839/2629
f 2385/1658/2385 2365/2787/2365 2376/2840/2376
f 2616/2751/2616 2623/2778/2623 2602/1771/2602
f 2569/1773/2569 2616/2751/2616 2602/1771/2602
vt 0.3023200 0.9446972
f 2365/2787/2365 2366/2790/2366 2367/2842/2367
vt 0.0462789 0.0820607
f 2776/2843/2776 2796/2805/2796 2808/2720/2808
vt 0.0642520 0.0890822
f 2520/1729/2520 2518/2789/2518 2521/2844/2521
f 2568/2806/2568 2612/2723/2612 2569/1773/2569
f 2776/2843/2776 2808/2720/2808 2775/1659/2775
f 2521/2844/2521 2518/2789/2518 2526/2792/2526
f 2565/2760/2565 2613/2721/2613 2568/2806/2568
f 2559/2811/2559 2561/2780/2561 2562/2807/2562
vt 0.0681584 0.1029623
f 2526/2792/2526 2529/2808/2529 2528/2845/2528
vt 0.1176167 0.0983361
f 2552/2810/2552 2560/2779/2560 2555/2846/2555
f 2555/2846/2555 2560/2779/2560 2559/2811/2559
vt 0.2791300 0.9594798
f 2370/2847/2370 2369/2793/2369 2380/1631/2380
vt 0.0919861 0.1059756
f 2550/2848/2550 2549/2809/2549 2552/2810/2552
f 2370/2847/2370 2380/1631/2380 2391/2812/2391
vt 0.1291453 0.7847441
f 3419/2849/3419 3409/2732/3409 3400/2796/3400
vt 0.0808388 0.1834355
f 3162/1701/3162 3062/1700/3062 3147/2850/3147
vt 0.1479659 0.7494614
f 3402/2819/3402 3405/2820/3405 3404/2851/3404
vt 0.0676452 0.1932392
vt 0.0726731 0.1763518
f 3196/2852/3196 3125/2853/3125 3186/1699/3186
vt 0.0665998 0.1791568
f 3125/2853/3125 3196/2852/3196 3192/2854/3192
vt 0.1508251 0.7416048
f 3404/2851/3404 3405/2820/3405 3408/2855/3408
vt 0.9406480 0.3723315
f 2497/2856/2497 2495/2735/2495 2496/2783/2496
f 2223/2797/2223 2182/1583/2182 2183/1712/2183
vt 0.9282834 0.1208625
f 2223/2797/2223 2183/1712/2183 2205/2857/2205
f 1500/1678/1500 1502/1677/1502 1498/1717/1498
f 1328/1687/1328 1424/1683/1424 1487/1682/1487
f 443/2825/443 411/2710/411 442/2826/442
f 457/1653/457 444/1652/444 443/2825/443
f 424/2801/424 422/2700/422 425/2803/425
f 460/2827/460 385/1573/385 423/2823/423
vt 0.4619568 0.9183649
f 468/2858/468 421/2786/421 452/2828/452
f 397/2715/397 398/2716/398 454/2830/454
f 454/2830/454 395/2717/395 455/2831/455
f 455/2831/455 399/2776/399 451/2832/451
f 418/2785/418 456/1654/456 457/1653/457
vt 0.7801245 0.9050820
f 425/2803/425 426/2744/426 427/2859/427
f 426/2744/426 428/2718/428 427/2859/427
f 427/2859/427 428/2718/428 429/2804/429
vt 0.8166693 0.9067296
f 432/2834/432 437/1656/437 434/2860/434
f 434/2860/434 437/1656/437 438/1725/438
f 438/1725/438 482/1625/482 484/1726/484
f 2609/2841/2609 2629/2839/2629 2610/1694/2610
f 2376/2840/2376 2365/2787/2365 2367/2842/2367
f 2602/1771/2602 2623/2778/2623 2609/2841/2609
vt 0.2875958 0.9534369
f 2367/2842/2367 2366/2790/2366 2368/2861/2368
f 2368/2861/2368 2366/2790/2366 2369/2793/2369
f 2368/2861/2368 2369/2793/2369 2370/2847/2370
f 2774/1697/2774 2776/2843/2776 2775/1659/2775
vt 0.0436469 0.0941150
f 2776/2843/2776 2774/1697/2774 2777/2862/2777
f 2562/2807/2562 2565/2760/2565 2568/2806/2568
vt 0.0623311 0.1002035
f 2521/2844/2521 2526/2792/2526 2523/2863/2523
f 2523/2863/2523 2526/2792/2526 2528/2845/2528
vt 0.1336364 0.1021721
f 2559/2811/2559 2562/2807/2562 2557/2864/2557
f 2555/2846/2555 2559/2811/2559 2557/2864/2557
vt 0.0805636 0.1083963
f 2529/2808/2529 2536/2765/2536 2533/2865/2533
vt 0.0733263 0.1077686
f 2531/2866/2531 2529/2808/2529 2533/2865/2533
vt 0.0854936 0.1083370
f 2536/2765/2536 2549/2809/2549 2548/2867/2548
f 2548/2867/2548 2549/2809/2549 2550/2848/2550
vt 0.1035536 0.1081085
f 2550/2848/2550 2552/2810/2552 2553/2868/2553
f 2552/2810/2552 2555/2846/2555 2553/2868/2553
f 2533/2865/2533 2536/2765/2536 2548/2867/2548
vt 0.8420584 0.2876339
vt 0.8460215 0.2783139
f 1965/2869/1965 1992/2870/1992 1973/2814/1973
vt 0.8515447 0.2889861
f 1965/2869/1965 1973/2814/1973 1970/2871/1970
f 1970/2871/1970 1973/2814/1973 1972/2816/1972
vt 0.1335008 0.7887931
f 3420/2872/3420 3419/2849/3419 3400/2796/3400
f 3399/1851/3399 3400/2796/3400 3402/2819/3402
f 3186/1699/3186 3125/2853/3125 3062/1700/3062
vt 0.0871658 0.1691047
f 3062/1700/3062 3056/2873/3056 3146/1702/3146
f 3147/2850/3147 3062/1700/3062 3146/1702/3146
f 3146/1702/3146 3056/2873/3056 3057/1703/3057
vt 0.1131810 0.1852486
f 3057/1703/3057 3129/2874/3129 3155/1704/3155
vt 0.1233634 0.1813487
vt 0.1264246 0.1932654
f 3129/2874/3129 3130/2875/3130 3175/2876/3175
vt 0.7747975 0.6695096
f 1377/1614/1377 1468/2877/1468 1467/1706/1467
f 1378/1636/1378 1467/1706/1467 1379/1666/1379
vt 0.7990395 0.9745355
f 2032/1709/2032 2043/2878/2043 2031/1667/2031
f 1187/1618/1187 1342/1638/1342 1341/1672/1341
f 1328/1687/1328 1354/1761/1354 1424/1683/1424
f 1108/1594/1108 1102/1746/1102 1101/1567/1101
f 1033/1744/1033 1032/1684/1032 1020/1596/1020
f 416/2824/416 379/2712/379 408/2799/408
vt 0.6911034 0.9131414
f 450/2833/450 418/2785/418 470/2879/470
vt 0.7153013 0.0122912
f 2677/2880/2677 2678/1769/2678 2676/1768/2676
vt 0.7151589 0.0259370
f 2667/2881/2667 2677/2880/2677 2676/1768/2676
vt 0.8003730 0.9057480
f 427/2859/427 429/2804/429 430/2882/430
f 429/2804/429 432/2834/432 430/2882/430
f 472/2835/472 414/2777/414 460/2827/460
f 430/2882/430 432/2834/432 434/2860/434
vt 0.8332787 0.9060544
f 434/2860/434 438/1725/438 475/2883/475
f 475/2883/475 438/1725/438 484/1726/484
vt 0.8449934 0.9045781
f 475/2883/475 484/1726/484 507/2884/507
vt 0.3177160 0.9337341
f 2382/2885/2382 2403/1728/2403 2386/1727/2386
f 2382/2885/2382 2386/1727/2386 2376/2840/2376
vt 0.2547562 0.0783106
f 2602/1771/2602 2609/2841/2609 2591/2886/2591
vt 0.1890032 0.0999558
f 2568/2806/2568 2569/1773/2569 2567/2887/2567
vt 0.0199536 0.0787717
f 2795/2888/2795 2797/2788/2797 2796/2805/2796
vt 0.0249139 0.0914038
f 2795/2888/2795 2796/2805/2796 2780/2889/2780
f 2777/2862/2777 2796/2805/2796 2776/2843/2776
vt 0.1562606 0.1028594
f 2557/2864/2557 2562/2807/2562 2564/2890/2564
f 2528/2845/2528 2529/2808/2529 2531/2866/2531
vt 0.1179261 0.1115296
f 2553/2868/2553 2555/2846/2555 2556/2891/2556
f 2556/2891/2556 2555/2846/2555 2557/2864/2557
f 1707/1800/1707 1693/2794/1693 1706/2813/1706
vt 0.8583005 0.2976472
f 1972/2816/1972 1984/2817/1984 1967/2892/1967
vt 0.8704231 0.3010343
f 1967/2892/1967 1984/2817/1984 1983/2893/1983
vt 0.8767661 0.2866132
f 1984/2817/1984 2003/2894/2003 1983/2893/1983
vt 0.0750805 0.1631263
vt 0.0796522 0.1544294
f 3119/2895/3119 2964/2896/2964 3062/1700/3062
vt 0.0819784 0.1639225
f 3062/1700/3062 2964/2896/2964 3031/2897/3031
f 3125/2853/3125 3119/2895/3119 3062/1700/3062
f 3062/1700/3062 3031/2897/3031 3056/2873/3056
vt 0.0660393 0.1637291
f 3167/2898/3167 3125/2853/3125 3192/2854/3192
vt 0.1144254 0.1700925
f 3129/2874/3129 3057/1703/3057 3050/2899/3050
f 3131/1778/3131 3120/1752/3120 3170/1754/3170
vt 0.8091487 0.9740801
f 2051/2900/2051 2043/2878/2043 2032/1709/2032
vt 0.9380807 0.3788446
f 2497/2856/2497 2496/2783/2496 2498/2901/2498
f 2050/1733/2050 2032/1709/2032 2030/1668/2030
f 2511/2821/2511 2498/2901/2498 2496/2783/2496
vt 0.9309670 0.3854260
f 2498/2901/2498 2511/2821/2511 2512/2902/2512
vt 0.0676482 0.1989096
f 2829/1783/2829 2825/1785/2825 2835/2903/2835
f 2205/2857/2205 2183/1712/2183 2181/1735/2181
f 1342/1638/1342 1436/1734/1436 1367/1736/1367
vt 0.3772149 0.9257663
f 477/2904/477 460/2827/460 423/2823/423
vt 0.3871258 0.0347366
vt 0.3759143 0.0209765
vt 0.3964747 0.0248674
f 2614/2905/2614 2628/2906/2628 2627/2907/2627
vt 0.4550752 0.0097604
f 2640/2908/2640 2689/1691/2689 2672/1690/2672
vt 0.4936683 0.0133829
vt 0.5014648 0.0288974
f 2648/1909/2648 2664/2909/2664 2650/2910/2650
vt 0.5883381 0.0161845
vt 0.6435671 0.0177404
vt 0.6295072 0.0326670
f 2659/2911/2659 2660/2912/2660 2655/2913/2655
vt 0.7094228 0.0328186
vt 0.7074124 0.0191726
f 2666/2914/2666 2665/2915/2665 2667/2881/2667
f 2607/1838/2607 2610/1694/2610 2624/2836/2624
vt 0.3093994 0.9333183
f 2375/2916/2375 2382/2885/2382 2376/2840/2376
f 2571/1772/2571 2602/1771/2602 2591/2886/2591
vt 0.2805170 0.9402573
f 2372/2917/2372 2368/2861/2368 2370/2847/2370
vt 0.0542324 0.1007574
f 2522/2918/2522 2520/1729/2520 2521/2844/2521
f 2522/2918/2522 2521/2844/2521 2523/2863/2523
f 2780/2889/2780 2796/2805/2796 2777/2862/2777
f 2777/2862/2777 2774/1697/2774 2778/1775/2778
f 2774/1697/2774 2765/1730/2765 2778/1775/2778
f 2564/2890/2564 2562/2807/2562 2567/2887/2567
f 2562/2807/2562 2568/2806/2568 2567/2887/2567
vt 0.2741629 0.9453346
f 2377/2919/2377 2370/2847/2370 2391/2812/2391
vt 0.1543051 0.1131205
f 2557/2864/2557 2564/2890/2564 2563/2920/2563
vt 0.1328505 0.1127397
f 2556/2891/2556 2557/2864/2557 2558/2921/2558
f 2558/2921/2558 2557/2864/2557 2563/2920/2563
f 1917/1663/1917 1920/1732/1920 1918/1796/1918
vt 0.0683890 0.1187212
f 2538/2922/2538 2531/2866/2531 2533/2865/2533
vt 0.1054470 0.1243001
f 2550/2848/2550 2553/2868/2553 2966/2923/2966
vt 0.0748194 0.1248323
vt 0.0806167 0.1248089
f 2540/2924/2540 2533/2865/2533 2542/2925/2542
f 2542/2925/2542 2533/2865/2533 2548/2867/2548
vt 0.0910721 0.1242797
f 2548/2867/2548 2550/2848/2550 2973/2926/2973
f 2973/2926/2973 2550/2848/2550 2966/2923/2966
f 1707/1800/1707 1706/2813/1706 1722/1798/1722
vt 0.8379430 0.2874634
f 1991/2927/1991 1992/2870/1992 1965/2869/1965
f 1970/2871/1970 1972/2816/1972 1967/2892/1967
vt 0.1566783 0.7853702
f 3383/2928/3383 3400/2796/3400 3399/1851/3399
vt 0.0849303 0.1538460
f 3031/2897/3031 2963/2929/2963 3056/2873/3056
vt 0.1006886 0.1556966
f 3056/2873/3056 2963/2929/2963 2961/2930/2961
f 3056/2873/3056 2961/2930/2961 3057/1703/3057
f 3057/1703/3057 2961/2930/2961 3050/2899/3050
f 3167/2898/3167 3119/2895/3119 3125/2853/3125
vt 0.1489806 0.7666139
f 3403/2931/3403 3399/1851/3399 3402/2819/3402
vt 0.9540949 0.3808098
vt 0.9527230 0.3873540
f 2500/2932/2500 2497/2856/2497 2499/2933/2499
f 3129/2874/3129 3050/2899/3050 3130/2875/3130
f 3130/2875/3130 3050/2899/3050 3051/1777/3051
f 3130/2875/3130 3051/1777/3051 3131/1778/3131
f 3403/2931/3403 3402/2819/3402 3404/2851/3404
f 2499/2933/2499 2497/2856/2497 2498/2901/2498
vt 0.8106061 0.9325986
f 2033/1708/2033 2053/2934/2053 2050/1733/2050
vt 0.8102316 0.9653645
f 2050/1733/2050 2052/2935/2052 2032/1709/2032
f 2052/2935/2052 2051/2900/2051 2032/1709/2032
f 1122/1681/1122 1126/1758/1126 1118/1742/1118
f 1087/1762/1087 1085/1718/1085 1086/1764/1086
f 1333/1788/1333 1354/1761/1354 1327/1766/1327
vt 0.4406599 0.0296815
vt 0.4176722 0.0137794
vt 0.4436194 0.0108152
f 2620/2936/2620 2634/2937/2634 2638/2938/2638
f 2620/2936/2620 2638/2938/2638 2640/2908/2640
vt 0.4552645 0.0223502
f 2620/2936/2620 2640/2908/2640 2639/2939/2639
vt 0.7114940 0.9179185
f 466/2940/466 443/2825/443 442/2826/442
f 442/2826/442 424/2801/424 466/2940/466
f 477/2904/477 423/2823/423 416/2824/416
vt 0.7537785 0.9186375
f 424/2801/424 425/2803/425 471/2941/471
f 2670/1749/2670 2664/2909/2664 2648/1909/2648
vt 0.5301403 0.0148128
f 2650/2910/2650 2664/2909/2664 2663/2942/2663
vt 0.5370362 0.0315735
f 2650/2910/2650 2663/2942/2663 2651/2943/2651
vt 0.5848316 0.0315697
f 2663/2942/2663 2659/2911/2659 2654/2944/2654
vt 0.6568955 0.0335003
f 2655/2913/2655 2660/2912/2660 2657/2945/2657
vt 0.6853330 0.0182225
f 2657/2945/2657 2660/2912/2660 2661/2946/2661
vt 0.6964790 0.0343876
f 2657/2945/2657 2661/2946/2661 2662/2947/2662
f 2661/2946/2661 2665/2915/2665 2662/2947/2662
f 2662/2947/2662 2665/2915/2665 2666/2914/2666
f 2676/1768/2676 2679/1767/2679 2680/1881/2680
vt 0.7821913 0.9161748
f 458/2948/458 425/2803/425 427/2859/427
f 427/2859/427 430/2882/430 458/2948/458
vt 0.4644948 0.0290945
f 2640/2908/2640 2672/1690/2672 2644/2949/2644
f 2644/2949/2644 2672/1690/2672 2671/1770/2671
vt 0.8191132 0.9170088
f 430/2882/430 434/2860/434 449/2950/449
vt 0.3701693 0.0382692
f 2615/2951/2615 2626/2838/2626 2628/2906/2628
vt 0.8340614 0.9150603
f 434/2860/434 475/2883/475 479/2952/479
f 2608/1836/2608 2624/2836/2624 2626/2838/2626
vt 0.8450342 0.9135738
f 505/2953/505 475/2883/475 507/2884/507
vt 0.3146058 0.9243532
f 2383/2954/2383 2382/2885/2382 2375/2916/2375
f 2609/2841/2609 2610/1694/2610 2600/1839/2600
f 2375/2916/2375 2376/2840/2376 2367/2842/2367
f 2591/2886/2591 2609/2841/2609 2600/1839/2600
f 2567/2887/2567 2569/1773/2569 2571/1772/2571
f 2372/2917/2372 2370/2847/2370 2377/2919/2377
f 2765/1730/2765 2520/1729/2520 2522/2918/2522
vt 0.0170479 0.0902569
f 2790/2955/2790 2795/2888/2795 2780/2889/2780
vt 0.1825307 0.1095209
f 2564/2890/2564 2567/2887/2567 2566/2956/2566
f 2563/2920/2563 2564/2890/2564 2566/2956/2566
vt 0.0611862 0.1135744
f 2523/2863/2523 2528/2845/2528 2525/2957/2525
f 1917/1663/1917 1918/1796/1918 1912/1731/1912
f 2538/2922/2538 2528/2845/2528 2531/2866/2531
f 2525/2957/2525 2528/2845/2528 2538/2922/2538
vt 0.1335437 0.1256037
f 2970/2958/2970 2558/2921/2558 2971/1846/2971
f 2558/2921/2558 2563/2920/2563 2971/1846/2971
f 1921/1841/1921 1918/1796/1918 1920/1732/1920
f 2538/2922/2538 2533/2865/2533 2540/2924/2540
vt 0.1187968 0.1251423
f 2553/2868/2553 2556/2891/2556 2969/2959/2969
f 2966/2923/2966 2553/2868/2553 2969/2959/2969
f 2556/2891/2556 2558/2921/2558 2969/2959/2969
f 2969/2959/2969 2558/2921/2558 2970/2958/2970
f 2542/2925/2542 2548/2867/2548 2968/1801/2968
f 2968/1801/2968 2548/2867/2548 2973/2926/2973
f 2967/1803/2967 2540/2924/2540 2542/2925/2542
f 2542/2925/2542 2968/1801/2968 2967/1803/2967
f 2962/1802/2962 2973/2926/2973 2966/2923/2966
vt 0.0727894 0.1523915
f 3081/2960/3081 2967/1803/2967 2964/2896/2964
f 2964/2896/2964 2967/1803/2967 2962/1802/2962
f 2964/2896/2964 2962/1802/2962 2963/2929/2963
vt 0.8774768 0.3111467
f 1983/2893/1983 2003/2894/2003 2004/2961/2004
f 2963/2929/2963 2962/1802/2962 2961/2930/2961
f 3383/2928/3383 3420/2872/3420 3400/2796/3400
f 3119/2895/3119 3081/2960/3081 2964/2896/2964
f 3031/2897/3031 2964/2896/2964 2963/2929/2963
f 3167/2898/3167 3081/2960/3081 3119/2895/3119
vt 0.1165194 0.1581824
f 2961/2930/2961 2959/2962/2959 3050/2899/3050
vt 0.9645454 0.3843669
f 2501/2963/2501 2500/2932/2500 2499/2933/2499
vt 0.1306849 0.1582512
f 3050/2899/3050 2959/2962/2959 2956/2964/2956
f 3050/2899/3050 2956/2964/2956 3051/1777/3051
vt 0.1517771 0.1725162
f 3051/1777/3051 3052/2965/3052 3120/1752/3120
vt 0.0343422 0.1687264
vt 0.0326191 0.1765828
vt 0.0259484 0.1736931
f 2819/2966/2819 2823/2967/2823 2822/2968/2822
vt 0.1552233 0.7518944
f 3403/2931/3403 3404/2851/3404 3406/2969/3406
vt 0.9434578 0.3924169
f 2508/2970/2508 2499/2933/2499 2498/2901/2498
f 25/1705/25 56/1805/56 55/1707/55
f 2508/2970/2508 2498/2901/2498 2512/2902/2512
f 3173/1782/3173 3121/1753/3121 3143/1826/3143
vt 0.1624974 0.7403733
f 3406/2969/3406 3404/2851/3404 3371/2971/3371
f 3404/2851/3404 3408/2855/3408 3371/2971/3371
f 1436/1734/1436 1448/1806/1448 1367/1736/1367
f 1086/1764/1086 1091/1722/1091 1103/1790/1103
f 1033/1744/1033 1046/1814/1046 1032/1684/1032
f 1032/1684/1032 1047/1815/1047 1031/1685/1031
f 466/2940/466 424/2801/424 471/2941/471
vt 0.4148164 0.0326052
f 2617/2972/2617 2627/2907/2627 2634/2937/2634
f 2644/2949/2644 2639/2939/2639 2640/2908/2640
vt 0.7204870 0.0352268
f 2669/2973/2669 2676/1768/2676 2680/1881/2680
f 471/2941/471 425/2803/425 458/2948/458
f 2671/1770/2671 2670/1749/2670 2648/1909/2648
f 2655/2913/2655 2654/2944/2654 2659/2911/2659
vt 0.8020973 0.9174389
f 458/2948/458 430/2882/430 459/2974/459
f 430/2882/430 449/2950/449 459/2974/459
f 2608/1836/2608 2626/2838/2626 2615/2951/2615
vt 0.8428321 0.0430689
vt 0.8429261 0.0323048
vt 0.8564878 0.0471755
f 2697/2975/2697 2714/2976/2714 2713/2977/2713
f 479/2952/479 475/2883/475 505/2953/505
f 2608/1836/2608 2607/1838/2607 2624/2836/2624
vt 0.3037482 0.9253418
f 2383/2954/2383 2375/2916/2375 2373/2978/2373
f 2600/1839/2600 2610/1694/2610 2607/1838/2607
vt 0.2035244 0.1038882
f 2567/2887/2567 2571/1772/2571 2570/2979/2570
vt 0.5977060 0.9400894
f 1944/2980/1944 1915/1660/1915 1914/1819/1914
vt 0.0544066 0.1065624
f 2524/2981/2524 2522/2918/2522 2523/2863/2523
f 2567/2887/2567 2570/2979/2570 2566/2956/2566
vt 0.0130234 0.1034495
vt 0.0161113 0.1013197
f 2786/2982/2786 2790/2955/2790 2785/2983/2785
f 2785/2983/2785 2790/2955/2790 2780/2889/2780
vt 0.0277134 0.1047885
f 2785/2983/2785 2780/2889/2780 2781/2984/2781
vt 0.0405335 0.1070086
f 2781/2984/2781 2780/2889/2780 2779/2985/2779
f 2779/2985/2779 2780/2889/2780 2777/2862/2777
f 2779/2985/2779 2777/2862/2777 2778/1775/2778
f 2525/2957/2525 2524/2981/2524 2523/2863/2523
vt 0.0474445 0.1113975
f 2779/2985/2779 2778/1775/2778 2788/2986/2788
f 2788/2986/2788 2778/1775/2778 2794/1774/2794
f 2972/1844/2972 2563/2920/2563 2566/2956/2566
vt 0.0615340 0.1227025
f 2525/2957/2525 2538/2922/2538 2539/2987/2539
f 2971/1846/2971 2563/2920/2563 2972/1844/2972
vt 0.9575387 0.6620196
f 1723/1799/1723 1722/1798/1722 1724/2988/1724
vt 0.0677011 0.1262341
f 2539/2987/2539 2538/2922/2538 2541/2989/2541
f 2541/2989/2541 2538/2922/2538 2540/2924/2540
vt 0.8323386 0.2962421
f 1977/2990/1977 1991/2927/1991 1965/2869/1965
vt 0.8434640 0.3047100
f 1965/2869/1965 1970/2871/1970 1963/2991/1963
vt 0.0690168 0.1380277
f 2541/2989/2541 2540/2924/2540 2547/2992/2547
f 2547/2992/2547 2540/2924/2540 2967/1803/2967
vt 0.1182311 0.1405330
f 2966/2923/2966 2969/2959/2969 2958/2993/2958
vt 0.1040495 0.1400833
f 2960/2994/2960 2966/2923/2966 2958/2993/2958
vt 0.1305505 0.1411042
f 2958/2993/2958 2969/2959/2969 2955/2995/2955
f 2955/2995/2955 2969/2959/2969 2970/2958/2970
f 2955/2995/2955 2970/2958/2970 2971/1846/2971
f 1963/2991/1963 1970/2871/1970 1967/2892/1967
f 2962/1802/2962 2968/1801/2968 2973/2926/2973
f 2962/1802/2962 2966/2923/2966 2960/2994/2960
vt 0.8674303 0.3138794
f 1968/2996/1968 1967/2892/1967 1983/2893/1983
f 3081/2960/3081 2547/2992/2547 2967/1803/2967
f 2962/1802/2962 2960/2994/2960 2961/2930/2961
f 2958/2993/2958 2955/2995/2955 2956/2964/2956
vt 0.1374975 0.1453147
f 2956/2964/2956 2955/2995/2955 2954/2997/2954
vt 0.0668597 0.1531392
f 3127/2998/3127 2547/2992/2547 3081/2960/3081
f 2961/2930/2961 2960/2994/2960 2959/2962/2959
f 2959/2962/2959 2960/2994/2960 2958/2993/2958
f 2959/2962/2959 2958/2993/2958 2956/2964/2956
vt 0.1498393 0.1601025
f 2956/2964/2956 2954/2997/2954 2957/2999/2957
f 3127/2998/3127 3081/2960/3081 3167/2898/3167
f 3051/1777/3051 2956/2964/2956 2957/2999/2957
f 3051/1777/3051 2957/2999/2957 3052/2965/3052
f 3383/2928/3383 3399/1851/3399 3384/1852/3384
vt 0.9653587 0.3914940
f 2502/3000/2502 2501/2963/2501 2499/2933/2499
vt 0.1780238 0.1835484
f 3120/1752/3120 3052/2965/3052 3058/3001/3058
f 3399/1851/3399 3403/2931/3403 3395/11/3395
f 3393/10/3393 3399/1851/3399 3395/11/3395
vt 0.0259738 0.1610308
f 2810/3002/2810 2812/1850/2812 2819/2966/2819
vt 0.0004456 0.1648711
vt 0.0019925 0.1545703
f 2820/3003/2820 2809/3004/2809 2810/3002/2810
vt 0.0145603 0.1720884
f 2820/3003/2820 2810/3002/2810 2821/3005/2821
f 2821/3005/2821 2810/3002/2810 2822/2968/2822
f 2810/3002/2810 2819/2966/2819 2822/2968/2822
f 3121/1753/3121 3120/1752/3120 3058/3001/3058
f 3395/11/3395 3403/2931/3403 3406/2969/3406
vt 0.0602471 0.1733209
f 2771/3006/2771 2825/1785/2825 2773/1784/2773
vt 0.1647733 0.7341954
f 3371/2971/3371 3408/2855/3408 3417/3007/3417
vt 0.9176006 0.1096731
f 2211/3008/2211 2205/2857/2205 2181/1735/2181
f 2211/3008/2211 2181/1735/2181 2190/1807/2190
f 1343/1673/1343 1359/1756/1359 1358/1856/1358
f 1343/1673/1343 1358/1856/1358 1344/1737/1344
f 1050/1745/1050 1051/1831/1051 1056/1723/1056
f 1051/1831/1051 1050/1745/1050 1049/1817/1049
vt 0.4544443 0.0385301
f 2620/2936/2620 2639/2939/2639 2611/3009/2611
f 2617/2972/2617 2634/2937/2634 2620/2936/2620
f 2614/2905/2614 2627/2907/2627 2617/2972/2617
f 2663/2942/2663 2654/2944/2654 2651/2943/2651
vt 0.7141894 0.0438057
f 2666/2914/2666 2667/2881/2667 2668/3010/2668
f 2667/2881/2667 2676/1768/2676 2669/2973/2669
f 2668/3010/2668 2667/2881/2667 2669/2973/2669
f 2615/2951/2615 2628/2906/2628 2614/2905/2614
f 2644/2949/2644 2671/1770/2671 2645/1908/2645
f 2645/1908/2645 2671/1770/2671 2648/1909/2648
f 2373/2978/2373 2375/2916/2375 2367/2842/2367
f 2591/2886/2591 2600/1839/2600 2589/1935/2589
vt 0.2888628 0.9243433
f 2373/2978/2373 2367/2842/2367 2371/3011/2371
f 2371/3011/2371 2367/2842/2367 2368/2861/2368
f 2371/3011/2371 2368/2861/2368 2372/2917/2372
vt 0.0523181 0.1138753
f 2544/3012/2544 2522/2918/2522 2524/2981/2524
vt 0.1916920 0.1191160
f 2983/3013/2983 2566/2956/2566 2570/2979/2570
f 2972/1844/2972 2566/2956/2566 2983/3013/2983
vt 0.0447430 0.1219343
f 2787/3014/2787 2779/2985/2779 2788/2986/2788
f 2539/2987/2539 2541/2989/2541 2546/1873/2546
f 2546/1873/2546 2541/2989/2541 2547/2992/2547
f 2955/2995/2955 2971/1846/2971 2953/1845/2953
f 2954/2997/2954 2955/2995/2955 2953/1845/2953
f 1968/2996/1968 1983/2893/1983 2004/2961/2004
f 2954/2997/2954 2953/1845/2953 2952/1888/2952
vt 0.9794881 0.3941571
vt 0.9799466 0.3850558
f 2503/3015/2503 2504/3016/2504 2501/2963/2501
f 2503/3015/2503 2501/2963/2501 2502/3000/2502
f 2957/2999/2957 2954/2997/2954 2952/1888/2952
vt 0.0306301 0.1523545
f 2804/3017/2804 2802/1848/2802 2812/1850/2812
vt 0.1709477 0.1647838
f 2957/2999/2957 2965/3018/2965 3052/2965/3052
vt 0.0077845 0.1509994
f 2805/3019/2805 2804/3017/2804 2810/3002/2810
f 2810/3002/2810 2804/3017/2804 2812/1850/2812
f 3052/2965/3052 2965/3018/2965 3058/3001/3058
f 3377/13/3377 3399/1851/3399 3393/10/3393
f 2809/3004/2809 2805/3019/2805 2810/3002/2810
vt 0.0583019 0.1728772
f 2773/1784/2773 2772/3020/2772 2771/3006/2771
f 3121/1753/3121 3058/3001/3058 3063/1891/3063
vt 0.1139023 0.2935824
vt 0.1029412 0.2949852
vt 0.1159289 0.3002874
f 3301/3021/3301 3307/3022/3307 3302/3023/3302
vt 0.1192379 0.2982491
f 3301/3021/3301 3302/3023/3302 3303/3024/3303
vt 0.1178967 0.2950280
f 3305/3025/3305 3301/3021/3301 3303/3024/3303
f 3121/1753/3121 3063/1891/3063 3143/1826/3143
vt 0.1606518 0.7481489
f 3370/3026/3370 3406/2969/3406 3371/2971/3371
f 1103/1790/1103 1089/1857/1089 1086/1764/1086
f 2639/2939/2639 2644/2949/2644 2611/3009/2611
vt 0.7776819 0.0353733
vt 0.7375126 0.0458630
f 2680/1881/2680 2683/3027/2683 2682/3028/2682
f 2674/1883/2674 2669/2973/2669 2680/1881/2680
f 2643/1907/2643 2644/2949/2644 2645/1908/2645
vt 0.6891362 0.0496346
f 2658/3029/2658 2657/2945/2657 2662/2947/2662
f 2662/2947/2662 2666/2914/2666 2668/3010/2668
f 2668/3010/2668 2669/2973/2669 2674/1883/2674
vt 0.3667315 0.0506469
f 2604/3030/2604 2615/2951/2615 2614/2905/2614
vt 0.8259028 0.0400456
vt 0.8426205 0.0594538
f 2687/3031/2687 2697/2975/2697 2696/3032/2696
f 2608/1836/2608 2615/2951/2615 2604/3030/2604
vt 0.8480392 0.9257663
f 479/2952/479 505/2953/505 517/3033/517
vt 0.3056709 0.9147339
f 2389/3034/2389 2383/2954/2383 2373/2978/2373
vt 0.2495393 0.0917008
f 2574/3035/2574 2591/2886/2591 2589/1935/2589
f 2574/3035/2574 2571/1772/2571 2591/2886/2591
vt 0.2506567 0.1002247
f 2572/3036/2572 2571/1772/2571 2574/3035/2574
f 2570/2979/2570 2571/1772/2571 2572/3036/2572
vt 0.0537286 0.1170969
f 2544/3012/2544 2524/2981/2524 2527/3037/2527
f 2527/3037/2527 2524/2981/2524 2525/2957/2525
vt 0.0128038 0.1145751
f 2786/2982/2786 2785/2983/2785 2784/3038/2784
f 2784/3038/2784 2785/2983/2785 2781/2984/2781
f 2539/2987/2539 2527/3037/2527 2525/2957/2525
vt 0.0223995 0.1176562
f 2784/3038/2784 2781/2984/2781 2783/3039/2783
vt 0.0363819 0.1218084
f 2783/3039/2783 2781/2984/2781 2782/3040/2782
f 2782/3040/2782 2781/2984/2781 2779/2985/2779
f 2782/3040/2782 2779/2985/2779 2787/3014/2787
vt 0.9591565 0.6468755
f 1725/3041/1725 1723/1799/1723 1724/2988/1724
vt 0.8258150 0.3032494
vt 0.8248079 0.3157883
f 1976/3042/1976 1977/2990/1977 1959/3043/1959
f 1959/3043/1959 1977/2990/1977 1965/2869/1965
vt 0.0422052 0.1344016
f 2782/3040/2782 2787/3014/2787 2793/3044/2793
vt 0.1920244 0.1303655
f 2972/1844/2972 2974/3045/2974 2951/1886/2951
f 2953/1845/2953 2972/1844/2972 2951/1886/2951
vt 0.0345317 0.1342909
f 2792/3046/2792 2782/3040/2782 2793/3044/2793
f 2792/3046/2792 2793/3044/2793 2802/1848/2802
vt 0.0310275 0.1450134
f 2800/3047/2800 2792/3046/2792 2802/1848/2802
f 2802/1848/2802 2793/3044/2793 2803/1849/2803
vt 0.8726623 0.3213968
f 1968/2996/1968 2004/2961/2004 1996/3048/1996
vt 0.0596556 0.1546104
f 2761/1872/2761 2762/1871/2762 2763/3049/2763
f 2804/3017/2804 2800/3047/2800 2802/1848/2802
f 2957/2999/2957 2952/1888/2952 2965/3018/2965
vt 0.0053000 0.1402293
vt 0.0178205 0.1427495
f 2805/3019/2805 2801/3050/2801 2799/3051/2799
f 2805/3019/2805 2799/3051/2799 2804/3017/2804
f 2799/3051/2799 2800/3047/2800 2804/3017/2804
vt 0.0655929 0.1649981
f 2763/3049/2763 2762/1871/2762 2770/3052/2770
f 3372/1914/3372 3383/2928/3383 3384/1852/3384
f 2809/3004/2809 2801/3050/2801 2805/3019/2805
vt 0.0562676 0.1642299
f 2766/3053/2766 2763/3049/2763 2770/3052/2770
f 2771/3006/2771 2766/3053/2766 2770/3052/2770
f 2965/3018/2965 3045/1890/3045 3058/3001/3058
f 2772/3020/2772 2766/3053/2766 2771/3006/2771
f 3063/1891/3063 3058/3001/3058 3045/1890/3045
vt 0.1225490 0.2936306
f 3306/3054/3306 3305/3025/3305 3303/3024/3303
vt 0.0337248 0.3234220
vt 0.0325312 0.3305084
vt 0.0369904 0.3338122
f 3308/3055/3308 3315/3056/3315 3314/3057/3314
vt 0.1218238 0.3002874
f 3303/3024/3303 3302/3023/3302 3304/3058/3304
f 2211/3008/2211 2190/1807/2190 2219/1945/2219
f 1359/1756/1359 1437/1854/1437 1444/1855/1444
f 2681/1882/2681 2680/1881/2680 2682/3028/2682
vt 0.7683687 0.0498653
f 2682/3028/2682 2683/3027/2683 2684/3059/2684
vt 0.3916207 0.0497527
f 2603/3060/2603 2614/2905/2614 2617/2972/2617
f 2611/3009/2611 2644/2949/2644 2643/1907/2643
vt 0.5021750 0.0458062
f 2646/1906/2646 2648/1909/2648 2649/3061/2649
f 2648/1909/2648 2650/2910/2650 2649/3061/2649
f 2649/3061/2649 2650/2910/2650 2651/2943/2651
vt 0.5902641 0.0475056
f 2653/3062/2653 2651/2943/2651 2654/2944/2654
f 2654/2944/2654 2655/2913/2655 2653/3062/2653
vt 0.6355478 0.0487914
f 2655/2913/2655 2657/2945/2657 2656/3063/2656
vt 0.8053941 0.0521367
vt 0.8062050 0.0359172
f 2685/3064/2685 2686/3065/2686 2687/3031/2687
f 2604/3030/2604 2614/2905/2614 2603/3060/2603
vt 0.8313144 0.0553637
f 2687/3031/2687 2696/3032/2696 2688/3066/2688
vt 0.8532636 0.0621939
f 2697/2975/2697 2713/2977/2713 2708/3067/2708
vt 0.3403958 0.0666260
f 2593/3068/2593 2608/1836/2608 2604/3030/2604
vt 0.8638480 0.0642468
f 2708/3067/2708 2713/2977/2713 2767/3069/2767
f 2594/1837/2594 2608/1836/2608 2593/3068/2593
f 2589/1935/2589 2600/1839/2600 2594/1837/2594
vt 0.2965684 0.9188736
f 2378/3070/2378 2373/2978/2373 2371/3011/2371
vt 0.2771550 0.9283296
f 2371/3011/2371 2372/2917/2372 2374/3071/2374
f 2574/3035/2574 2589/1935/2589 2576/1974/2576
f 2374/3071/2374 2372/2917/2372 2377/2919/2377
vt 0.2393806 0.1067321
f 2570/2979/2570 2572/3036/2572 2573/3072/2573
vt 0.2275268 0.1215397
f 2983/3013/2983 2570/2979/2570 2980/3073/2980
f 2980/3073/2980 2570/2979/2570 2573/3072/2573
f 2974/3045/2974 2983/3013/2983 2980/3073/2980
vt 0.0523504 0.1280327
f 2544/3012/2544 2527/3037/2527 2543/3074/2543
f 2543/3074/2543 2527/3037/2527 2539/2987/2539
f 2972/1844/2972 2983/3013/2983 2974/3045/2974
vt 0.9669288 0.6474075
f 1725/3041/1725 1724/2988/1724 1726/3075/1726
f 2543/3074/2543 2539/2987/2539 2545/1885/2545
f 2545/1885/2545 2539/2987/2539 2546/1873/2546
f 1959/3043/1959 1965/2869/1965 1963/2991/1963
vt 0.0067443 0.1255175
vt 0.0103771 0.1278651
f 2798/3076/2798 2784/3038/2784 2789/3077/2789
f 2784/3038/2784 2783/3039/2783 2789/3077/2789
vt 0.0251970 0.1315975
f 2789/3077/2789 2783/3039/2783 2791/3078/2791
f 2791/3078/2791 2783/3039/2783 2782/3040/2782
f 2791/3078/2791 2782/3040/2782 2792/3046/2792
f 2761/1872/2761 2545/1885/2545 2546/1873/2546
f 2801/3050/2801 2798/3076/2798 2789/3077/2789
f 2952/1888/2952 2953/1845/2953 2951/1886/2951
f 2789/3077/2789 2791/3078/2791 2799/3051/2799
f 2799/3051/2799 2791/3078/2791 2800/3047/2800
f 2800/3047/2800 2791/3078/2791 2792/3046/2792
f 2801/3050/2801 2789/3077/2789 2799/3051/2799
f 2764/1884/2764 2761/1872/2761 2763/3049/2763
f 2965/3018/2965 2952/1888/2952 2949/1887/2949
f 2764/1884/2764 2763/3049/2763 2766/3053/2766
f 3045/1890/3045 2965/3018/2965 2949/1887/2949
f 3308/3055/3308 3314/3057/3314 3309/1942/3309
vt 0.0396613 0.3317183
f 3309/1942/3309 3314/3057/3314 3316/3079/3316
vt 0.1721377 0.7487280
f 3369/3080/3369 3370/3026/3370 3371/2971/3371
vt 0.6344888 0.7017739
f 1448/1806/1448 1495/3081/1495 1437/1854/1437
f 2219/1945/2219 2190/1807/2190 2206/1876/2206
f 1358/1856/1358 1444/1855/1444 1443/1917/1443
f 1104/1865/1104 1089/1857/1089 1103/1790/1103
vt 0.4404339 0.0444406
f 2606/3082/2606 2617/2972/2617 2620/2936/2620
f 2606/3082/2606 2620/2936/2620 2611/3009/2611
vt 0.4133279 0.0459853
f 2603/3060/2603 2617/2972/2617 2605/3083/2605
f 2684/3059/2684 2683/3027/2683 2685/3064/2685
f 2683/3027/2683 2686/3065/2686 2685/3064/2685
vt 0.5419416 0.0458486
f 2649/3061/2649 2651/2943/2651 2652/3084/2652
f 2652/3084/2652 2651/2943/2651 2653/3062/2653
f 2653/3062/2653 2655/2913/2655 2656/3063/2656
f 2656/3063/2656 2657/2945/2657 2658/3029/2658
f 2658/3029/2658 2662/2947/2662 2668/3010/2668
vt 0.7150831 0.0549011
f 2690/3085/2690 2668/3010/2668 2674/1883/2674
f 2685/3064/2685 2687/3031/2687 2688/3066/2688
f 2696/3032/2696 2697/2975/2697 2708/3067/2708
vt 0.2962137 0.9125906
f 2388/3086/2388 2389/3034/2389 2373/2978/2373
f 2388/3086/2388 2373/2978/2373 2378/3070/2378
f 2574/3035/2574 2576/1974/2576 2572/3036/2572
vt 0.5880101 0.9264939
f 1951/3087/1951 1944/2980/1944 1924/1910/1924
f 1944/2980/1944 1914/1819/1914 1924/1910/1924
f 2974/3045/2974 2980/3073/2980 2975/1980/2975
vt 0.9668741 0.6342505
f 1727/3088/1727 1725/3041/1725 1726/3075/1726
vt 0.8200312 0.3103191
f 1975/3089/1975 1976/3042/1976 1959/3043/1959
vt 0.2088268 0.1492583
f 2951/1886/2951 2974/3045/2974 2950/3090/2950
f 2974/3045/2974 2975/1980/2975 2950/3090/2950
vt 0.8531853 0.3167863
f 1964/3091/1964 1963/2991/1963 1967/2892/1967
f 2949/1887/2949 2951/1886/2951 2950/3090/2950
vt 0.1666875 0.7887931
vt 0.1799688 0.7857170
f 3410/3092/3410 3383/2928/3383 3380/3093/3380
f 3380/3093/3380 3383/2928/3383 3372/1914/3372
f 3045/1890/3045 3026/1889/3026 3048/1892/3048
vt 0.1870660 0.7452997
f 3369/3080/3369 3371/2971/3371 3415/3094/3415
vt 0.1794791 0.7366318
f 3371/2971/3371 3417/3007/3417 3418/3095/3418
vt 0.9120612 0.0957841
f 2231/3096/2231 2211/3008/2211 2219/1945/2219
f 1357/1829/1357 1381/1894/1381 1123/1859/1123
f 1104/1865/1104 1371/1924/1371 1089/1857/1089
f 2605/3083/2605 2617/2972/2617 2606/3082/2606
f 2647/1925/2647 2643/1907/2643 2646/1906/2646
vt 0.7194957 0.0570368
f 2690/3085/2690 2674/1883/2674 2705/3097/2705
vt 0.3732772 0.0641063
f 2590/3098/2590 2604/3030/2604 2603/3060/2603
f 2593/3068/2593 2604/3030/2604 2590/3098/2590
f 2589/1935/2589 2594/1837/2594 2586/1936/2586
vt 0.2857040 0.9182491
f 2379/3099/2379 2378/3070/2378 2371/3011/2371
f 2371/3011/2371 2374/3071/2374 2379/3099/2379
f 2576/1974/2576 2589/1935/2589 2578/1937/2578
vt 0.2760675 0.9202630
f 2379/3099/2379 2374/3071/2374 2381/3100/2381
f 1927/1913/1927 1925/1911/1925 1922/1840/1922
vt 0.2511655 0.1240438
f 2573/3072/2573 2981/3101/2981 2980/3073/2980
f 1923/1866/1923 1926/1912/1926 1922/1840/1922
vt 0.9776989 0.6331341
f 1727/3088/1727 1726/3075/1726 1728/3102/1728
vt 0.8275540 0.3255000
f 1963/2991/1963 1964/3091/1964 1957/3103/1957
f 1964/3091/1964 1967/2892/1967 1968/2996/1968
f 3063/1891/3063 3048/1892/3048 3047/1915/3047
f 3308/3055/3308 3309/1942/3309 3310/1941/3310
vt 0.0330602 0.3130348
f 3312/3104/3312 3308/3055/3308 3310/1941/3310
vt 0.7196970 0.3041188
vt 0.7330660 0.3041188
vt 0.7200081 0.2964560
f 3366/3105/3366 3367/3106/3367 3368/3107/3368
f 3415/3094/3415 3371/2971/3371 3418/3095/3418
f 1437/1854/1437 1495/3081/1495 1494/1916/1494
f 1123/1859/1123 1374/1930/1374 1124/1880/1124
vt 0.7359671 0.0606647
f 2692/3108/2692 2681/1882/2681 2682/3028/2682
vt 0.4260593 0.0598403
f 2597/3109/2597 2605/3083/2605 2606/3082/2606
vt 0.4546866 0.0592083
f 2606/3082/2606 2611/3009/2611 2601/3110/2601
f 2682/3028/2682 2684/3059/2684 2692/3108/2692
vt 0.7609405 0.0650024
vt 0.7928864 0.0669751
f 2694/3111/2694 2684/3059/2684 2693/3112/2693
vt 0.4136941 0.0612509
f 2603/3060/2603 2605/3083/2605 2595/3113/2595
f 2611/3009/2611 2643/1907/2643 2601/3110/2601
vt 0.5007571 0.0597993
f 2647/1925/2647 2646/1906/2646 2700/3114/2700
f 2646/1906/2646 2649/3061/2649 2700/3114/2700
f 2700/3114/2700 2649/3061/2649 2652/3084/2652
vt 0.6321578 0.0646653
f 2698/3115/2698 2656/3063/2656 2658/3029/2658
f 2705/3097/2705 2674/1883/2674 2681/1882/2681
vt 0.8110663 0.0693063
f 2693/3112/2693 2685/3064/2685 2702/3116/2702
vt 0.8252170 0.0704058
f 2702/3116/2702 2685/3064/2685 2703/3117/2703
f 2685/3064/2685 2688/3066/2688 2703/3117/2703
vt 0.4695816 0.0610581
f 2719/3118/2719 2643/1907/2643 2717/1926/2717
vt 0.7018005 0.0666816
f 2691/3119/2691 2658/3029/2658 2668/3010/2668
f 2691/3119/2691 2668/3010/2668 2690/3085/2690
f 2703/3117/2703 2688/3066/2688 2696/3032/2696
vt 0.8580168 0.0785142
f 2758/3120/2758 2708/3067/2708 2767/3069/2767
vt 0.8652749 0.0741444
f 2758/3120/2758 2767/3069/2767 2769/3121/2769
f 2388/3086/2388 2378/3070/2378 2379/3099/2379
vt 0.5810586 0.9233665
f 1945/3122/1945 1951/3087/1951 1924/1910/1924
f 2572/3036/2572 2576/1974/2576 2575/1976/2575
f 2573/3072/2573 2572/3036/2572 2575/1976/2575
vt 0.9765570 0.6224933
f 1744/3123/1744 1727/3088/1727 1728/3102/1728
f 1959/3043/1959 1963/2991/1963 1957/3103/1957
vt 0.8641307 0.3343040
f 1968/2996/1968 1996/3048/1996 1969/3124/1969
vt 0.2352374 0.1522861
f 2949/1887/2949 2950/3090/2950 2948/3125/2948
f 3026/1889/3026 2949/1887/2949 2976/1940/2976
f 3372/1914/3372 3375/6/3375 3373/15/3373
f 3048/1892/3048 3026/1889/3026 2976/1940/2976
f 3143/1826/3143 3047/1915/3047 3141/1875/3141
f 1443/1917/1443 1462/1950/1462 1381/1894/1381
f 1381/1894/1381 1462/1950/1462 1461/1953/1461
f 1332/1901/1332 1352/1955/1352 1336/1919/1336
f 1425/1932/1425 1435/1966/1435 1073/1896/1073
f 1072/1879/1072 1438/1929/1438 1439/1934/1439
f 1362/1905/1362 1375/1973/1375 1347/1923/1347
vt 0.4435208 0.0613942
f 2597/3109/2597 2606/3082/2606 2596/3126/2596
f 2596/3126/2596 2606/3082/2606 2601/3110/2601
f 2704/1988/2704 2681/1882/2681 2692/3108/2692
f 2692/3108/2692 2684/3059/2684 2694/3111/2694
f 2595/3113/2595 2605/3083/2605 2597/3109/2597
f 2705/3097/2705 2681/1882/2681 2704/1988/2704
f 2693/3112/2693 2684/3059/2684 2685/3064/2685
vt 0.3922429 0.0624833
f 2592/3127/2592 2603/3060/2603 2595/3113/2595
f 2601/3110/2601 2643/1907/2643 2719/3118/2719
vt 0.5453156 0.0624852
f 2700/3114/2700 2652/3084/2652 2699/3128/2699
f 2652/3084/2652 2653/3062/2653 2699/3128/2699
f 2699/3128/2699 2653/3062/2653 2698/3115/2698
f 2698/3115/2698 2653/3062/2653 2656/3063/2656
f 2698/3115/2698 2658/3029/2658 2691/3119/2691
f 2590/3098/2590 2603/3060/2603 2592/3127/2592
f 2719/3118/2719 2717/1926/2717 2718/1961/2718
f 2707/1960/2707 2717/1926/2717 2647/1925/2647
f 2690/3085/2690 2705/3097/2705 2711/1990/2711
vt 0.8393799 0.0709070
f 2703/3117/2703 2696/3032/2696 2712/3129/2712
f 2712/3129/2712 2696/3032/2696 2708/3067/2708
vt 0.8518981 0.0807313
f 2757/3130/2757 2708/3067/2708 2758/3120/2758
f 2586/1936/2586 2594/1837/2594 2593/3068/2593
vt 0.2820879 0.9113985
f 2388/3086/2388 2379/3099/2379 2390/3131/2390
f 2379/3099/2379 2381/3100/2381 2390/3131/2390
f 1945/3122/1945 1924/1910/1924 1933/1962/1933
f 2573/3072/2573 2575/1976/2575 2981/3101/2981
vt 0.9790859 0.6052538
f 1745/3132/1745 1727/3088/1727 1744/3123/1744
f 2980/3073/2980 2981/3101/2981 2975/1980/2975
vt 0.8150908 0.3102161
vt 0.8138106 0.3166457
f 1993/3133/1993 1975/3089/1975 1971/3134/1971
f 1971/3134/1971 1975/3089/1975 1959/3043/1959
f 2950/3090/2950 2975/1980/2975 2948/3125/2948
f 1964/3091/1964 1968/2996/1968 1969/3124/1969
vt 0.2384471 0.1667172
f 2949/1887/2949 2948/3125/2948 2947/3135/2947
f 2976/1940/2976 2949/1887/2949 2947/3135/2947
vt 0.0357165 0.3068243
f 3313/3136/3313 3312/3104/3312 3310/1941/3310
f 3313/3136/3313 3310/1941/3310 3311/1943/3311
vt 0.2912034 0.2249954
f 3141/1875/3141 3047/1915/3047 3142/3137/3142
f 2231/3096/2231 2219/1945/2219 2236/1964/2236
f 1444/1855/1444 1494/1916/1494 1493/1928/1493
f 1384/1954/1384 1374/1930/1374 1123/1859/1123
f 1073/1896/1073 1434/1967/1434 1079/1922/1079
f 1077/1897/1077 1427/1969/1427 1078/1898/1078
f 1431/1970/1431 1438/1929/1438 1080/1900/1080
f 2711/1990/2711 2705/3097/2705 2704/1988/2704
f 2707/1960/2707 2647/1925/2647 2700/3114/2700
vt 0.7141809 0.0700627
f 2706/3138/2706 2691/3119/2691 2690/3085/2690
f 2690/3085/2690 2711/1990/2711 2706/3138/2706
f 2712/3129/2712 2708/3067/2708 2757/3130/2757
vt 0.8412523 0.0811253
f 2751/3139/2751 2712/3129/2712 2757/3130/2757
vt 0.3637393 0.0821478
f 2586/1936/2586 2593/3068/2593 2582/3140/2582
f 2593/3068/2593 2590/3098/2590 2582/3140/2582
vt 0.8658785 0.0888301
f 2758/3120/2758 2769/3121/2769 2768/3141/2768
vt 0.5686461 0.9244412
vt 0.5756142 0.9142720
f 1940/3142/1940 1954/3143/1954 1945/3122/1945
f 2576/1974/2576 2578/1937/2578 2577/1975/2577
vt 0.2777651 0.1274782
f 2981/3101/2981 2575/1976/2575 2977/3144/2977
vt 0.9909115 0.6036599
f 1745/3132/1745 1744/3123/1744 1746/3145/1746
f 2975/1980/2975 2981/3101/2981 2941/1978/2941
vt 0.8070931 0.3183420
f 1981/3146/1981 1993/3133/1993 1971/3134/1971
f 2948/3125/2948 2975/1980/2975 2937/1979/2937
vt 0.8520645 0.3345828
f 1964/3091/1964 1969/3124/1969 1961/3147/1961
f 2947/3135/2947 2948/3125/2948 2937/1979/2937
vt 0.8724954 0.3363954
f 1969/3124/1969 1996/3048/1996 2005/3148/2005
vt 0.2653029 0.1821352
f 3047/1915/3047 2976/1940/2976 2946/3149/2946
vt 0.1848433 0.7521771
f 3401/21/3401 3391/17/3391 3414/3150/3414
f 3142/3137/3142 3047/1915/3047 3069/1994/3069
vt 0.1917084 0.7556415
f 3412/3151/3412 3414/3150/3414 3415/3094/3415
vt 0.9135339 0.0846120
f 2238/3152/2238 2231/3096/2231 2236/1964/2236
vt 0.3092064 0.2314187
f 3184/1983/3184 3140/3153/3140 3139/1981/3139
f 1481/1984/1481 1432/1921/1432 1433/1956/1433
f 1432/1921/1432 1480/1985/1480 1425/1932/1425
f 1438/1929/1438 1473/2010/1473 1439/1934/1439
f 1473/2010/1473 1438/1929/1438 1431/1970/1431
f 1425/1932/1425 1451/1987/1451 1435/1966/1435
f 1434/1967/1434 1447/1999/1447 1079/1922/1079
f 1079/1922/1079 1447/1999/1447 1430/1968/1430
f 1347/1923/1347 1372/2000/1372 1352/1955/1352
f 1371/1924/1371 1441/1965/1441 1089/1857/1089
f 1375/1973/1375 1372/2000/1372 1347/1923/1347
f 2692/3108/2692 2694/3111/2694 2704/1988/2704
vt 0.3859624 0.0810508
f 2583/3154/2583 2590/3098/2590 2592/3127/2592
f 2719/3118/2719 2718/1961/2718 2749/1991/2749
vt 0.7188780 0.0782702
f 2706/3138/2706 2711/1990/2711 2728/3155/2728
f 2703/3117/2703 2712/3129/2712 2751/3139/2751
f 2583/3154/2583 2582/3140/2582 2590/3098/2590
vt 0.8579572 0.0920062
f 2760/3156/2760 2758/3120/2758 2768/3141/2768
f 1940/3142/1940 1945/3122/1945 1933/1962/1933
vt 0.3018710 0.1142080
f 3083/3157/3083 2575/1976/2575 2577/1975/2577
f 2575/1976/2575 3083/3157/3083 2977/3144/2977
vt 0.9880543 0.5908314
f 1755/3158/1755 1745/3132/1745 1746/3145/1746
f 2981/3101/2981 2977/3144/2977 2941/1978/2941
vt 0.7979597 0.3354209
f 1981/3146/1981 1971/3134/1971 1962/3159/1962
vt 0.8163932 0.3290862
f 1971/3134/1971 1959/3043/1959 1956/3160/1956
f 1957/3103/1957 1964/3091/1964 1961/3147/1961
vt 0.2649519 0.1699092
f 2947/3135/2947 2937/1979/2937 2938/3161/2938
f 2976/1940/2976 2947/3135/2947 2938/3161/2938
f 2976/1940/2976 2938/3161/2938 2946/3149/2946
f 3380/3093/3380 3372/1914/3372 3374/1992/3374
f 3374/1992/3374 3373/15/3373 3376/22/3376
f 3047/1915/3047 2946/3149/2946 3037/1993/3037
f 3142/3137/3142 3069/1994/3069 3140/3153/3140
f 1485/2008/1485 1473/2010/1473 1431/1970/1431
f 1375/1973/1375 1446/2001/1446 1372/2000/1372
vt 0.4543264 0.0765715
f 2598/3162/2598 2596/3126/2596 2601/3110/2601
vt 0.4160622 0.0777650
f 2587/3163/2587 2592/3127/2592 2595/3113/2595
f 2587/3163/2587 2595/3113/2595 2597/3109/2597
f 2728/3155/2728 2711/1990/2711 2727/1989/2727
vt 0.8030691 0.0856932
f 2693/3112/2693 2702/3116/2702 2724/3164/2724
vt 0.5024359 0.0808032
f 2707/1960/2707 2700/3114/2700 2722/3165/2722
f 2723/2025/2723 2707/1960/2707 2722/3165/2722
f 2700/3114/2700 2699/3128/2699 2722/3165/2722
vt 0.5920377 0.0793164
f 2699/3128/2699 2698/3115/2698 2720/3166/2720
f 2698/3115/2698 2691/3119/2691 2720/3166/2720
vt 0.7047251 0.0816783
f 2720/3166/2720 2691/3119/2691 2725/3167/2725
vt 0.7142581 0.0845981
f 2706/3138/2706 2728/3155/2728 2726/3168/2726
vt 0.8296548 0.0848182
f 2703/3117/2703 2751/3139/2751 2730/3169/2730
vt 0.8443243 0.0888532
f 2751/3139/2751 2757/3130/2757 2750/3170/2750
vt 0.8486256 0.0959697
f 2759/3171/2759 2757/3130/2757 2760/3156/2760
vt 0.3447217 0.0911990
f 2579/3172/2579 2586/1936/2586 2582/3140/2582
f 2760/3156/2760 2757/3130/2757 2758/3120/2758
f 2578/1937/2578 2586/1936/2586 2579/3172/2579
vt 0.5670803 0.9146898
f 1955/3173/1955 1954/3143/1954 1940/3142/1940
f 2577/1975/2577 2578/1937/2578 2579/3172/2579
f 1931/1938/1931 1940/3142/1940 1933/1962/1933
vt 0.5568898 0.9307122
f 1940/3142/1940 1931/1938/1931 1937/3174/1937
f 1935/2038/1935 1931/1938/1931 1929/1939/1929
vt 0.9966817 0.5860239
f 1763/3175/1763 1755/3158/1755 1746/3145/1746
f 1962/3159/1962 1971/3134/1971 1956/3160/1956
f 1959/3043/1959 1957/3103/1957 1956/3160/1956
vt 0.8542226 0.3451020
f 1961/3147/1961 1969/3124/1969 1966/3176/1966
vt 0.8639691 0.3474118
vt 0.8697482 0.3461540
f 1986/3177/1986 1969/3124/1969 1999/3178/1999
f 1999/3178/1999 1969/3124/1969 2005/3148/2005
vt 0.1890800 0.7854060
vt 0.1902054 0.7775576
f 3411/3179/3411 3380/3093/3380 3381/3180/3381
f 3380/3093/3380 3374/1992/3374 3381/3180/3381
f 3381/3180/3381 3374/1992/3374 3382/20/3382
f 3382/20/3382 3401/21/3401 3412/3151/3412
f 3381/3180/3381 3382/20/3382 3412/3151/3412
f 3412/3151/3412 3401/21/3401 3414/3150/3414
vt 0.9164534 0.0732759
vt 0.9087005 0.0750527
f 2241/3181/2241 2238/3152/2238 2240/3182/2240
f 2238/3152/2238 2236/1964/2236 2240/3182/2240
f 3140/3153/3140 3069/1994/3069 3139/1981/3139
f 1581/1996/1581 1472/1995/1472 1582/2002/1582
vt 0.3562060 0.2426515
f 3183/1982/3183 3139/1981/3139 3136/3183/3136
f 1356/1952/1356 1450/2004/1450 1370/1947/1370
vt 0.5393465 0.7224112
f 1461/1953/1461 1497/3184/1497 1496/2006/1496
f 1461/1953/1461 1496/2006/1496 1384/1954/1384
f 1365/1986/1365 1450/2004/1450 1356/1952/1356
f 1374/1930/1374 1384/1954/1384 1486/2007/1486
f 1451/1987/1451 1482/1997/1482 1435/1966/1435
f 1427/1969/1427 1475/2014/1475 1428/1957/1428
f 1492/2016/1492 1485/2008/1485 1431/1970/1431
f 1473/2010/1473 1484/2009/1484 1439/1934/1439
f 1372/2000/1372 1457/2019/1457 1365/1986/1365
f 1440/1959/1440 1439/1934/1439 1466/2018/1466
vt 0.7801083 0.0804164
f 2704/1988/2704 2694/3111/2694 2716/3185/2716
f 2716/3185/2716 2694/3111/2694 2693/3112/2693
vt 0.4672854 0.0809078
f 2598/3162/2598 2601/3110/2601 2756/3186/2756
f 2716/3185/2716 2693/3112/2693 2724/3164/2724
f 2583/3154/2583 2592/3127/2592 2587/3163/2587
f 2756/3186/2756 2601/3110/2601 2719/3118/2719
vt 0.5414303 0.0787916
f 2699/3128/2699 2721/3187/2721 2722/3165/2722
f 2721/3187/2721 2699/3128/2699 2720/3166/2720
f 2691/3119/2691 2706/3138/2706 2725/3167/2725
f 2725/3167/2725 2706/3138/2706 2726/3168/2726
f 2724/3164/2724 2702/3116/2702 2730/3169/2730
f 2730/3169/2730 2702/3116/2702 2703/3117/2703
f 2756/3186/2756 2719/3118/2719 2749/1991/2749
f 2749/1991/2749 2707/1960/2707 2723/2025/2723
vt 0.7192909 0.0874949
f 2726/3168/2726 2728/3155/2728 2734/3188/2734
f 2756/3186/2756 2749/1991/2749 2748/2026/2748
f 2730/3169/2730 2751/3139/2751 2750/3170/2750
f 2750/3170/2750 2757/3130/2757 2759/3171/2759
vt 0.3720135 0.0920168
f 2579/3172/2579 2582/3140/2582 2581/3189/2581
vt 0.8605202 0.1014105
f 2759/3171/2759 2760/3156/2760 3159/3190/3159
vt 0.8486892 0.1073586
f 3126/3191/3126 2759/3171/2759 3159/3190/3159
vt 0.3440903 0.1022732
f 2577/1975/2577 2579/3172/2579 2580/3192/2580
f 3083/3157/3083 2577/1975/2577 2580/3192/2580
vt 0.3533789 0.1157088
f 3083/3157/3083 2580/3192/2580 3028/3193/3028
f 1935/2038/1935 1937/3174/1937 1931/1938/1931
f 1935/2038/1935 1929/1939/1929 1936/2039/1936
f 1934/1977/1934 1936/2039/1936 1930/1963/1930
f 1930/1963/1930 1936/2039/1936 1929/1939/1929
vt 0.3214621 0.1264629
f 2977/3144/2977 3083/3157/3083 2978/3194/2978
vt 0.5386993 0.9785593
f 1938/3195/1938 1936/2039/1936 1934/1977/1934
vt 0.9995544 0.5723180
f 1764/3196/1764 1755/3158/1755 1763/3175/1763
vt 0.7932647 0.3226236
vt 0.7992163 0.3211585
vt 0.7916232 0.3297977
f 2006/3197/2006 2001/3198/2001 1980/3199/1980
f 1980/3199/1980 2001/3198/2001 1981/3146/1981
vt 0.2949252 0.1384774
f 2941/1978/2941 2977/3144/2977 2942/3200/2942
f 2941/1978/2941 2942/3200/2942 2937/1979/2937
vt 0.3059748 0.1586630
f 2937/1979/2937 2942/3200/2942 2934/3201/2934
vt 0.8482166 0.3451980
f 1957/3103/1957 1961/3147/1961 1960/3202/1960
f 1960/3202/1960 1961/3147/1961 1966/3176/1966
f 1966/3176/1966 1969/3124/1969 1986/3177/1986
vt 0.3017095 0.1722120
f 2938/3161/2938 2937/1979/2937 2936/3203/2936
f 2944/2050/2944 2938/3161/2938 2936/3203/2936
f 2938/3161/2938 2944/2050/2944 2946/3149/2946
vt 0.1938503 0.7666672
f 3413/3204/3413 3381/3180/3381 3412/3151/3412
vt 0.3188095 0.2043076
f 3069/1994/3069 3037/1993/3037 3016/3205/3016
vt 0.8660733 0.2442622
vt 0.8603221 0.2541225
f 3199/3206/3199 3198/3207/3198 3172/2046/3172
vt 0.3561148 0.2250984
f 3139/1981/3139 3069/1994/3069 3068/3208/3068
vt 0.4759624 0.2699439
f 3188/2041/3188 3158/2040/3158 3177/3209/3177
f 1430/1968/1430 1477/1998/1477 1476/2013/1476
f 3185/2023/3185 3187/2024/3187 3190/2027/3190
f 1383/1971/1383 1488/2017/1488 1376/1933/1376
f 2587/3163/2587 2597/3109/2597 2596/3126/2596
f 2727/1989/2727 2704/1988/2704 2716/3185/2716
vt 0.7618240 0.0868394
f 2727/1989/2727 2716/3185/2716 2729/3210/2729
f 2729/3210/2729 2716/3185/2716 2724/3164/2724
vt 0.6682911 0.0886237
f 2740/3211/2740 2720/3166/2720 2725/3167/2725
vt 0.6037773 0.0888782
vt 0.5534784 0.0951777
f 2720/3166/2720 2739/3212/2739 2738/3213/2738
f 2739/3212/2739 2720/3166/2720 2740/3211/2740
vt 0.7064664 0.0964239
f 2740/3211/2740 2725/3167/2725 2731/3214/2731
f 2731/3214/2731 2725/3167/2725 2726/3168/2726
f 2582/3140/2582 2583/3154/2583 2581/3189/2581
vt 0.3993382 0.0952951
f 2581/3189/2581 2583/3154/2583 2584/3215/2584
vt 0.4695031 0.0929120
f 2756/3186/2756 2748/2026/2748 2755/3216/2755
vt 0.8250244 0.0926503
f 2747/3217/2747 2730/3169/2730 2750/3170/2750
vt 0.8315101 0.1011093
f 3075/3218/3075 2750/3170/2750 2759/3171/2759
f 2580/3192/2580 2579/3172/2579 2581/3189/2581
vt 0.8381524 0.1090860
f 3100/3219/3100 2759/3171/2759 3126/3191/3126
vt 0.5467305 0.9339058
f 1942/3220/1942 1937/3174/1937 1935/2038/1935
f 1939/2037/1939 1936/2039/1936 1938/3195/1938
vt 0.5291695 0.9807567
vt 0.5164558 0.9736058
f 1949/3221/1949 1941/3222/1941 1938/3195/1938
f 2977/3144/2977 2978/3194/2978 2942/3200/2942
f 1980/3199/1980 1981/3146/1981 1962/3159/1962
vt 0.8249543 0.3419631
f 1956/3160/1956 1957/3103/1957 1958/3223/1958
f 1958/3223/1958 1957/3103/1957 1960/3202/1960
f 2937/1979/2937 2934/3201/2934 2936/3203/2936
f 2946/3149/2946 2944/2050/2944 3037/1993/3037
vt 0.8721034 0.2382132
f 3191/2048/3191 3201/3224/3201 3199/3206/3199
f 3069/1994/3069 3016/3205/3016 3068/3208/3068
vt 0.8481898 0.2572318
f 3172/2046/3172 3198/3207/3198 3174/3225/3174
f 3139/1981/3139 3068/3208/3068 3136/3183/3136
f 3189/2029/3189 3153/2028/3153 3188/2041/3188
vt 0.7139338 0.2749229
vt 0.7165684 0.2587338
f 3161/3226/3161 3149/3227/3149 3160/2032/3160
vt 0.7116746 0.2680523
f 3149/3227/3149 3161/3226/3161 3148/3228/3148
vt 0.8370199 0.2546039
vt 0.8414789 0.2655801
vt 0.8126839 0.2718414
f 3150/3229/3150 3195/3230/3195 3176/3231/3176
f 3156/2044/3156 3154/2045/3154 3148/3228/3148
vt 0.4861194 0.2660725
f 3177/3209/3177 3158/2040/3158 3164/3232/3164
f 1374/1930/1374 1486/2007/1486 1380/1931/1380
f 1380/1931/1380 1486/2007/1486 1489/2020/1489
f 1383/1971/1383 1489/2020/1489 1488/2017/1488
f 1466/2018/1466 1474/2030/1474 1445/1972/1445
f 1445/1972/1445 1474/2030/1474 1446/2001/1446
vt 0.7351545 0.0952150
f 2743/3233/2743 2727/1989/2727 2729/3210/2729
vt 0.4426731 0.0908559
f 2587/3163/2587 2596/3126/2596 2588/3234/2588
f 2588/3234/2588 2596/3126/2596 2598/3162/2598
vt 0.4117135 0.0913703
f 2583/3154/2583 2587/3163/2587 2585/3235/2585
f 2728/3155/2728 2727/1989/2727 2734/3188/2734
vt 0.7929532 0.0973070
f 2744/3236/2744 2724/3164/2724 2747/3217/2747
f 2724/3164/2724 2730/3169/2730 2747/3217/2747
f 2748/2026/2748 2723/2025/2723 2737/2035/2737
f 2722/3165/2722 2721/3187/2721 2738/3213/2738
f 2721/3187/2721 2720/3166/2720 2738/3213/2738
vt 0.6157372 0.0978836
f 2742/3237/2742 2739/3212/2739 2740/3211/2740
f 2726/3168/2726 2734/3188/2734 2733/2060/2733
f 2755/3216/2755 2748/2026/2748 2752/2036/2752
f 3075/3218/3075 2747/3217/2747 2750/3170/2750
f 3075/3218/3075 2759/3171/2759 3100/3219/3100
f 3083/3157/3083 3028/3193/3028 2978/3194/2978
f 1941/3222/1941 1939/2037/1939 1938/3195/1938
vt 0.5158119 0.9819358
f 1950/3238/1950 1941/3222/1941 1949/3221/1949
vt 0.7959765 0.1493791
vt 0.7968720 0.1456683
vt 0.8101754 0.1465683
f 3194/3239/3194 3193/3240/3193 3197/3241/3197
vt 0.3255226 0.1383181
f 2942/3200/2942 2978/3194/2978 2939/3242/2939
vt 0.7818949 0.3323915
f 1980/3199/1980 1994/3243/1994 2006/3197/2006
f 2942/3200/2942 2939/3242/2939 2934/3201/2934
f 1962/3159/1962 1956/3160/1956 1958/3223/1958
vt 0.3170992 0.1830488
f 2944/2050/2944 2936/3203/2936 2935/3244/2935
vt 0.8676965 0.3602535
f 1986/3177/1986 1999/3178/1999 2007/3245/2007
vt 0.8758920 0.3511467
f 2007/3245/2007 1999/3178/1999 2008/3246/2008
vt 0.8827986 0.3606322
f 2007/3245/2007 2008/3246/2008 2009/3247/2009
vt 0.8640510 0.2120541
vt 0.8716093 0.2263012
f 3180/3248/3180 3200/3249/3200 3191/2048/3191
f 3037/1993/3037 2944/2050/2944 3016/3205/3016
f 3200/3249/3200 3201/3224/3201 3191/2048/3191
vt 0.3445654 0.2079176
f 3068/3208/3068 3016/3205/3016 3015/3250/3015
f 3191/2048/3191 3199/3206/3199 3172/2046/3172
vt 0.3736012 0.2450327
f 3136/3183/3136 3068/3208/3068 3135/3251/3135
f 3150/3229/3150 3174/3225/3174 3195/3230/3195
vt 0.4968818 0.2476671
vt 0.5145852 0.2648916
f 3118/3252/3118 3163/3253/3163 3164/3232/3164
vt 0.5795786 0.2523276
vt 0.5984054 0.2688147
f 3117/3254/3117 3067/2053/3067 3165/3255/3165
f 3067/2053/3067 3157/2042/3157 3165/3255/3165
vt 0.8133439 0.2546531
f 3113/3256/3113 3150/3229/3150 3176/3231/3176
vt 0.3908860 0.2534177
vt 0.3993780 0.2457416
f 3171/3257/3171 3135/3251/3135 3128/3258/3128
f 3153/2028/3153 3190/2027/3190 3187/2024/3187
f 3133/2064/3133 3153/2028/3153 3187/2024/3187
f 3158/2040/3158 3118/3252/3118 3164/3232/3164
vt 0.5480308 0.2667110
f 3166/3259/3166 3117/3254/3117 3165/3255/3165
vt 0.7807078 0.2671564
f 3152/3260/3152 3113/3256/3113 3176/3231/3176
vt 0.7547215 0.2685914
f 3145/2033/3145 3151/3261/3151 3179/2034/3179
f 2585/3235/2585 2587/3163/2587 2588/3234/2588
vt 0.4550289 0.0940219
f 2598/3162/2598 2756/3186/2756 2599/3262/2599
f 2734/3188/2734 2727/1989/2727 2743/3233/2743
f 2744/3236/2744 2729/3210/2729 2724/3164/2724
f 2583/3154/2583 2585/3235/2585 2584/3215/2584
f 2599/3262/2599 2756/3186/2756 2755/3216/2755
vt 0.4816869 0.0963286
f 2735/3263/2735 2723/2025/2723 2722/3165/2722
f 2734/3188/2734 2743/3233/2743 2733/2060/2733
f 2737/2035/2737 2723/2025/2723 2735/3263/2735
vt 0.5025300 0.0947769
f 2735/3263/2735 2722/3165/2722 2736/3264/2736
f 2736/3264/2736 2722/3165/2722 2738/3213/2738
f 2738/3213/2738 2739/3212/2739 2742/3237/2742
vt 0.6718619 0.0991846
f 2742/3237/2742 2740/3211/2740 2741/3265/2741
f 2740/3211/2740 2731/3214/2731 2741/3265/2741
vt 0.7138702 0.0995507
f 2731/3214/2731 2726/3168/2726 2732/3266/2732
f 2732/3266/2732 2726/3168/2726 2733/2060/2733
vt 0.8150403 0.1032498
f 2744/3236/2744 2747/3217/2747 3073/3267/3073
f 3073/3267/3073 2747/3217/2747 3075/3218/3075
vt 0.7192099 0.1068424
f 2732/3266/2732 2733/2060/2733 3106/3268/3106
vt 0.3802250 0.1124703
f 3029/3269/3029 2581/3189/2581 2584/3215/2584
f 2580/3192/2580 2581/3189/2581 3029/3269/3029
vt 0.8236548 0.1112318
f 3077/3270/3077 3075/3218/3075 3100/3219/3100
vt 0.5330334 0.9392630
f 1935/2038/1935 1946/3271/1946 1942/3220/1942
f 1939/2037/1939 1946/3271/1946 1935/2038/1935
vt 0.8320630 0.3494092
f 1974/3272/1974 1958/3223/1958 1960/3202/1960
f 2936/3203/2936 2934/3201/2934 2935/3244/2935
vt 0.8575606 0.3541651
f 1990/3273/1990 1966/3176/1966 1986/3177/1986
f 2007/3245/2007 1990/3273/1990 1986/3177/1986
vt 0.8500805 0.2376152
f 3150/3229/3150 3114/3274/3114 3174/3225/3174
f 3174/3225/3174 3114/3274/3114 3172/2046/3172
f 3070/2049/3070 3118/3252/3118 3158/2040/3158
vt 0.5389434 0.2478112
f 3163/3253/3163 3118/3252/3118 3116/3275/3116
f 3163/3253/3163 3116/3275/3116 3166/3259/3166
f 3116/3275/3116 3117/3254/3117 3166/3259/3166
f 3067/2053/3067 3066/2043/3066 3157/2042/3157
f 3154/2045/3154 3066/2043/3066 3148/3228/3148
f 3149/3227/3149 3112/2057/3112 3160/2032/3160
vt 0.4143907 0.2499655
f 3171/3257/3171 3128/3258/3128 3138/3276/3138
vt 0.4358318 0.2479717
f 3138/3276/3138 3123/3277/3123 3178/2021/3178
f 3123/3277/3123 3124/2022/3124 3178/2021/3178
f 2588/3234/2588 2598/3162/2598 2599/3262/2599
vt 0.4244068 0.0971003
f 2585/3235/2585 2588/3234/2588 3108/3278/3108
f 2743/3233/2743 2729/3210/2729 2744/3236/2744
vt 0.7717056 0.1047891
vt 0.7981442 0.1043221
f 2745/3279/2745 2744/3236/2744 3090/3280/3090
f 3090/3280/3090 2744/3236/2744 3073/3267/3073
vt 0.6144890 0.1117707
f 2742/3237/2742 2741/3265/2741 3091/3281/3091
vt 0.4698861 0.1109477
f 2754/3282/2754 2755/3216/2755 2752/2036/2752
vt 0.5353091 0.1099938
f 2736/3264/2736 2738/3213/2738 3093/3283/3093
vt 0.5784457 0.1113743
f 3093/3283/3093 2738/3213/2738 3092/3284/3092
f 3092/3284/3092 2738/3213/2738 3091/3281/3091
f 3091/3281/3091 2738/3213/2738 2742/3237/2742
vt 0.6432976 0.1134219
f 3091/3281/3091 2741/3265/2741 3095/3285/3095
vt 0.7063003 0.1139675
f 3095/3285/3095 2741/3265/2741 3088/3286/3088
f 3088/3286/3088 2741/3265/2741 2731/3214/2731
vt 0.7138777 0.1138610
f 2731/3214/2731 2732/3266/2732 3089/3287/3089
f 3088/3286/3088 2731/3214/2731 3089/3287/3089
f 3089/3287/3089 2732/3266/2732 3106/3268/3106
vt 0.4751116 0.1099994
f 2754/3282/2754 2752/2036/2752 2753/3288/2753
f 2753/3288/2753 2752/2036/2752 2737/2035/2737
vt 0.7173125 0.1154957
f 3089/3287/3089 3106/3268/3106 3086/3289/3086
vt 0.7207350 0.1160536
f 3086/3289/3086 3106/3268/3106 3085/3290/3085
vt 0.8133388 0.1125059
f 3073/3267/3073 3075/3218/3075 3074/3291/3074
f 3074/3291/3074 3075/3218/3075 3077/3270/3077
f 2580/3192/2580 3029/3269/3029 3028/3193/3028
vt 0.7993563 0.1265212
vt 0.8077543 0.1284316
f 3076/3292/3076 3074/3291/3074 3109/3293/3109
f 3074/3291/3074 3077/3270/3077 3109/3293/3109
vt 0.3659644 0.1286917
f 2978/3194/2978 3028/3193/3028 2982/3294/2982
vt 0.5135789 0.9613001
f 1941/3222/1941 1947/3295/1947 1939/2037/1939
vt 0.5052488 0.9767445
f 1948/3296/1948 1941/3222/1941 1950/3238/1950
f 2939/3242/2939 2978/3194/2978 2982/3294/2982
vt 0.7731528 0.3451394
f 1982/3297/1982 1994/3243/1994 1980/3199/1980
vt 0.7876092 0.3462781
f 1979/3298/1979 1980/3199/1980 1962/3159/1962
f 2934/3201/2934 2939/3242/2939 2932/2072/2932
vt 0.8053324 0.3503926
f 1962/3159/1962 1958/3223/1958 1978/3299/1978
f 1958/3223/1958 1974/3272/1974 1978/3299/1978
vt 0.8416060 0.3540244
f 1987/3300/1987 1960/3202/1960 1966/3176/1966
f 2935/3244/2935 2934/3201/2934 2933/2051/2933
f 1990/3273/1990 1987/3300/1987 1966/3176/1966
vt 0.8466063 0.3606322
f 1987/3300/1987 1990/3273/1990 2002/3301/2002
f 2944/2050/2944 2935/3244/2935 2933/2051/2933
f 3016/3205/3016 2944/2050/2944 2945/2052/2945
f 3134/2047/3134 3180/3248/3180 3191/2048/3191
f 3016/3205/3016 2945/2052/2945 3015/3250/3015
vt 0.8511122 0.2248803
f 3080/3302/3080 3134/2047/3134 3172/2046/3172
f 3114/3274/3114 3080/3302/3080 3172/2046/3172
vt 0.8322917 0.2393957
f 3059/3303/3059 3114/3274/3114 3150/3229/3150
f 3068/3208/3068 3049/2075/3049 3135/3251/3135
f 3168/2061/3168 3132/2063/3132 3153/2028/3153
f 3153/2028/3153 3132/2063/3132 3053/2074/3053
f 3153/2028/3153 3053/2074/3053 3070/2049/3070
f 3116/3275/3116 3040/2080/3040 3117/3254/3117
f 3040/2080/3040 3067/2053/3067 3117/3254/3117
vt 0.7127478 0.2413135
f 3034/3304/3034 3111/2055/3111 3149/3227/3149
f 3149/3227/3149 3111/2055/3111 3112/2057/3112
f 3113/3256/3113 3059/3303/3059 3150/3229/3150
f 3135/3251/3135 3027/2077/3027 3128/3258/3128
f 3133/2064/3133 3168/2061/3168 3153/2028/3153
f 3066/2043/3066 3034/3304/3034 3148/3228/3148
f 3148/3228/3148 3034/3304/3034 3149/3227/3149
f 3160/2032/3160 3112/2057/3112 3110/2066/3110
vt 0.7827429 0.2518259
f 3064/3305/3064 3113/3256/3113 3152/3260/3152
f 3145/2033/3145 3160/2032/3160 3110/2066/3110
vt 0.7554344 0.2523583
f 3061/2085/3061 3065/3306/3065 3151/3261/3151
f 3065/3306/3065 3064/3305/3064 3151/3261/3151
f 3151/3261/3151 3064/3305/3064 3152/3260/3152
f 3124/2022/3124 3133/2064/3133 3187/2024/3187
f 3145/2033/3145 3061/2085/3061 3151/3261/3151
f 2733/2060/2733 2743/3233/2743 2746/2058/2746
f 2746/2058/2746 2743/3233/2743 2745/3279/2745
f 2745/3279/2745 2743/3233/2743 2744/3236/2744
f 2584/3215/2584 2585/3235/2585 3108/3278/3108
f 2599/3262/2599 2755/3216/2755 2754/3282/2754
f 3085/3290/3085 2733/2060/2733 3087/2059/3087
vt 0.7839575 0.1189359
f 3022/3307/3022 3090/3280/3090 3073/3267/3073
vt 0.3966654 0.1118121
f 3029/3269/3029 2584/3215/2584 3025/3308/3025
f 2737/2035/2737 2735/3263/2735 3097/2069/3097
f 3097/2069/3097 2735/3263/2735 3096/2067/3096
f 3096/2067/3096 2735/3263/2735 2736/3264/2736
vt 0.5018310 0.1089962
f 3096/2067/3096 2736/3264/2736 3094/3309/3094
f 3094/3309/3094 2736/3264/2736 3093/3283/3093
f 3106/3268/3106 2733/2060/2733 3085/3290/3085
vt 0.7963190 0.1168233
f 3022/3307/3022 3073/3267/3073 3072/3310/3072
f 3072/3310/3072 3073/3267/3073 3074/3291/3074
f 2753/3288/2753 2737/2035/2737 3097/2069/3097
f 3072/3310/3072 3074/3291/3074 3076/3292/3076
f 1948/3296/1948 1947/3295/1947 1941/3222/1941
vt 0.4986631 0.9861111
f 1953/3311/1953 1948/3296/1948 1950/3238/1950
f 2939/3242/2939 2982/3294/2982 2940/2070/2940
vt 0.7804556 0.1502217
vt 0.7794258 0.1465452
f 3169/3312/3169 3144/3313/3144 3193/3240/3193
f 3169/3312/3169 3193/3240/3193 3194/3239/3194
vt 0.7682473 0.3407661
f 1995/3314/1995 1994/3243/1994 1982/3297/1982
f 1982/3297/1982 1980/3199/1980 1979/3298/1979
f 2932/2072/2932 2939/3242/2939 2940/2070/2940
f 1979/3298/1979 1962/3159/1962 1978/3299/1978
vt 0.8177980 0.3561509
f 1989/3315/1989 1974/3272/1974 1987/3300/1987
f 2933/2051/2933 2934/3201/2934 2932/2072/2932
f 1987/3300/1987 1974/3272/1974 1960/3202/1960
vt 0.8540882 0.2112535
vt 0.8487780 0.1978817
vt 0.8612972 0.1997858
f 3105/3316/3105 3101/3317/3101 3181/3318/3181
f 3105/3316/3105 3181/3318/3181 3180/3248/3180
f 3105/3316/3105 3180/3248/3180 3134/2047/3134
f 3015/3250/3015 2945/2052/2945 2979/2076/2979
f 3080/3302/3080 3105/3316/3105 3134/2047/3134
vt 0.8385336 0.2230285
f 3014/3319/3014 3080/3302/3080 3114/3274/3114
f 3015/3250/3015 2979/2076/2979 3049/2075/3049
f 3059/3303/3059 3014/3319/3014 3114/3274/3114
f 3068/3208/3068 3015/3250/3015 3049/2075/3049
vt 0.7036552 0.2374702
f 3038/2054/3038 3033/3320/3033 3066/2043/3066
f 3066/2043/3066 3033/3320/3033 3034/3304/3034
vt 0.7150138 0.2360231
f 3034/3304/3034 3054/3321/3054 3111/2055/3111
f 3111/2055/3111 3054/3321/3054 3055/2056/3055
f 3135/3251/3135 3049/2075/3049 3027/2077/3027
vt 0.4801879 0.2285493
vt 0.4999835 0.2320175
f 3070/2049/3070 3043/3322/3043 3042/3323/3042
f 3070/2049/3070 3042/3323/3042 3118/3252/3118
f 3118/3252/3118 3042/3323/3042 3116/3275/3116
f 3116/3275/3116 3042/3323/3042 3041/2078/3041
f 3041/2078/3041 3040/2080/3040 3116/3275/3116
f 3040/2080/3040 3039/2082/3039 3067/2053/3067
f 3039/2082/3039 3038/2054/3038 3067/2053/3067
f 3112/2057/3112 3055/2056/3055 3110/2066/3110
f 3064/3305/3064 3046/2092/3046 3113/3256/3113
f 3113/3256/3113 3046/2092/3046 3059/3303/3059
vt 0.4160542 0.2347629
f 3128/3258/3128 3027/2077/3027 3115/3324/3115
f 3128/3258/3128 3115/3324/3115 3138/3276/3138
f 3138/3276/3138 3115/3324/3115 3123/3277/3123
f 3145/2033/3145 3110/2066/3110 3061/2085/3061
vt 0.4452578 0.1107010
f 3023/3325/3023 2588/3234/2588 2599/3262/2599
vt 0.7377023 0.1191061
f 3082/3326/3082 2746/2058/2746 2745/3279/2745
vt 0.7694936 0.1131908
f 3099/3327/3099 3082/3326/3082 2745/3279/2745
f 3099/3327/3099 2745/3279/2745 3090/3280/3090
f 3099/3327/3099 3090/3280/3090 3022/3307/3022
vt 0.4124523 0.1124455
f 3024/3328/3024 2584/3215/2584 3108/3278/3108
vt 0.4556054 0.1099730
f 3098/3329/3098 2599/3262/2599 2754/3282/2754
f 2584/3215/2584 3024/3328/3024 3025/3308/3025
vt 0.4728186 0.1250775
f 2844/3330/2844 2754/3282/2754 2753/3288/2753
vt 0.5001420 0.1259605
f 3096/2067/3096 3094/3309/3094 2929/3331/2929
vt 0.5297325 0.1259694
f 3094/3309/3094 3093/3283/3093 2928/3332/2928
f 2929/3331/2929 3094/3309/3094 2928/3332/2928
vt 0.5613629 0.1265181
f 2928/3332/2928 3093/3283/3093 2927/3333/2927
f 2927/3333/2927 3093/3283/3093 3092/3284/3092
f 2927/3333/2927 3092/3284/3092 3091/3281/3091
vt 0.6135140 0.1279081
f 2927/3333/2927 3091/3281/3091 2926/3334/2926
vt 0.6311008 0.1283585
f 2926/3334/2926 3091/3281/3091 2925/3335/2925
f 2925/3335/2925 3091/3281/3091 3095/3285/3095
vt 0.6803371 0.1295233
f 2925/3335/2925 3095/3285/3095 2924/3336/2924
f 2924/3336/2924 3095/3285/3095 3088/3286/3088
vt 0.7068124 0.1295385
f 2924/3336/2924 3088/3286/3088 2931/3337/2931
vt 0.7141068 0.1306139
f 2931/3337/2931 3088/3286/3088 2923/3338/2923
f 3088/3286/3088 3089/3287/3089 2923/3338/2923
f 2923/3338/2923 3089/3287/3089 3086/3289/3086
f 2753/3288/2753 3097/2069/3097 2870/2088/2870
f 2844/3330/2844 2753/3288/2753 2870/2088/2870
vt 0.7185124 0.1275078
f 2923/3338/2923 3086/3289/3086 3084/3339/3084
f 3086/3289/3086 3085/3290/3085 3084/3339/3084
vt 0.7843837 0.1293221
f 3071/3340/3071 3072/3310/3072 3076/3292/3076
vt 0.3916474 0.1241918
f 3028/3193/3028 3029/3269/3029 2943/3341/2943
f 2982/3294/2982 3028/3193/3028 2943/3341/2943
vt 0.7773865 0.1380902
vt 0.7876936 0.1390233
f 3079/3342/3079 3071/3340/3071 3122/3343/3122
f 3071/3340/3071 3076/3292/3076 3122/3343/3122
f 3079/3342/3079 3122/3343/3122 3144/3313/3144
vt 0.3759612 0.1381691
f 2982/3294/2982 2876/3344/2876 2940/2070/2940
vt 0.7863349 0.3525289
f 1988/3345/1988 1979/3298/1979 1978/3299/1978
f 1978/3299/1978 1974/3272/1974 1989/3315/1989
vt 0.8321726 0.3586662
f 1989/3315/1989 1987/3300/1987 2000/3346/2000
f 2002/3301/2002 2000/3346/2000 1987/3300/1987
vt 0.8474455 0.2108179
f 3060/3347/3060 3101/3317/3101 3105/3316/3105
f 3014/3319/3014 3060/3347/3060 3080/3302/3080
f 3080/3302/3080 3060/3347/3060 3105/3316/3105
vt 0.7129939 0.2230278
f 3032/2083/3032 3054/3321/3054 2919/3348/2919
f 3054/3321/3054 3032/2083/3032 3055/2056/3055
f 3012/2094/3012 3014/3319/3014 3059/3303/3059
f 2858/2062/2858 2855/2073/2855 3132/2063/3132
vt 0.7052272 0.2230016
f 3038/2054/3038 2920/3349/2920 3033/3320/3033
f 3033/3320/3033 2920/3349/2920 2919/3348/2919
f 3033/3320/3033 2919/3348/2919 3034/3304/3034
f 3034/3304/3034 2919/3348/2919 3054/3321/3054
f 3046/2092/3046 3012/2094/3012 3059/3303/3059
f 3053/2074/3053 3043/3322/3043 3070/2049/3070
vt 0.4132634 0.2235827
f 3027/2077/3027 3017/3350/3017 3115/3324/3115
vt 0.7682868 0.2358367
f 3036/3351/3036 3046/2092/3046 3064/3305/3064
vt 0.7465742 0.2361922
f 3061/2085/3061 3035/3352/3035 3065/3306/3065
f 3035/3352/3035 3036/3351/3036 3065/3306/3065
f 3065/3306/3065 3036/3351/3036 3064/3305/3064
vt 0.4391250 0.2259697
f 3115/3324/3115 3018/3353/3018 3123/3277/3123
f 3123/3277/3123 3018/3353/3018 3124/2022/3124
f 3087/2059/3087 2746/2058/2746 3082/3326/3082
vt 0.4313908 0.1120216
f 3108/3278/3108 2588/3234/2588 3020/3354/3020
f 3020/3354/3020 2588/3234/2588 3023/3325/3023
f 3023/3325/3023 2599/3262/2599 3098/3329/3098
f 3024/3328/3024 3108/3278/3108 3020/3354/3020
vt 0.7676452 0.1207513
f 3082/3326/3082 3099/3327/3099 3019/3355/3019
f 3019/3355/3019 3099/3327/3099 3022/3307/3022
vt 0.4555137 0.1274981
f 3098/3329/3098 2754/3282/2754 2843/3356/2843
f 3025/3308/3025 3024/3328/3024 2943/3341/2943
vt 0.7189054 0.1343913
f 3085/3290/3085 3087/2059/3087 2930/3357/2930
vt 0.7764756 0.1280376
f 3019/3355/3019 3022/3307/3022 3021/3358/3021
f 3021/3358/3021 3022/3307/3022 3071/3340/3071
f 3022/3307/3022 3072/3310/3072 3071/3340/3071
f 3029/3269/3029 3025/3308/3025 2943/3341/2943
f 2844/3330/2844 2843/3356/2843 2754/3282/2754
f 2922/2068/2922 3096/2067/3096 2929/3331/2929
f 3084/3339/3084 3085/3290/3085 2930/3357/2930
f 2870/2088/2870 3097/2069/3097 2922/2068/2922
f 2923/3338/2923 3084/3339/3084 2930/3357/2930
f 2844/3330/2844 2870/2088/2870 2842/2087/2842
f 2907/2097/2907 2924/3336/2924 2931/3337/2931
f 2876/3344/2876 2982/3294/2982 2943/3341/2943
vt 0.7699153 0.1489869
f 3102/3359/3102 3079/3342/3079 3144/3313/3144
f 3102/3359/3102 3144/3313/3144 3169/3312/3169
vt 0.7580214 0.3442048
vt 0.7705085 0.3533627
f 1998/3360/1998 1995/3314/1995 1997/3361/1997
f 1997/3361/1997 1995/3314/1995 1982/3297/1982
f 2940/2070/2940 2876/3344/2876 2872/2071/2872
f 1988/3345/1988 1982/3297/1982 1979/3298/1979
f 2932/2072/2932 2872/2071/2872 2874/2098/2874
f 1988/3345/1988 1978/3299/1978 1989/3315/1989
f 2933/2051/2933 2932/2072/2932 2874/2098/2874
vt 0.8193817 0.1869105
vt 0.8236878 0.1807663
vt 0.8365240 0.1889514
f 3006/3362/3006 3107/3363/3107 3104/3364/3104
f 2933/2051/2933 2874/2098/2874 2875/2100/2875
vt 0.8362936 0.1976282
f 3013/3365/3013 3006/3362/3006 3104/3364/3104
f 3013/3365/3013 3104/3364/3104 3101/3317/3101
f 2933/2051/2933 2875/2100/2875 2945/2052/2945
f 3013/3365/3013 3101/3317/3101 3060/3347/3060
vt 0.8344360 0.2098041
f 3002/3366/3002 3013/3365/3013 3060/3347/3060
f 3012/2094/3012 3002/3366/3002 3014/3319/3014
f 3002/3366/3002 3060/3347/3060 3014/3319/3014
vt 0.4704251 0.2057955
f 2855/2073/2855 2849/3367/2849 2857/2090/2857
vt 0.7176638 0.2091702
f 2918/3368/2918 3032/2083/3032 2919/3348/2919
vt 0.4519322 0.2120543
f 2849/3367/2849 2855/2073/2855 2854/3369/2854
f 3053/2074/3053 2855/2073/2855 2917/2091/2917
vt 0.5004526 0.2162950
f 2916/3370/2916 2915/2079/2915 3041/2078/3041
f 3039/2082/3039 2914/2081/2914 3038/2054/3038
f 3038/2054/3038 2914/2081/2914 2920/3349/2920
vt 0.3961017 0.2075087
f 3027/2077/3027 2979/2076/2979 2921/3371/2921
f 2858/2062/2858 2854/3369/2854 2855/2073/2855
f 3043/3322/3043 2917/2091/2917 3042/3323/3042
f 2917/2091/2917 2916/3370/2916 3042/3323/3042
f 3042/3323/3042 2916/3370/2916 3041/2078/3041
f 3040/2080/3040 2915/2079/2915 2914/2081/2914
f 3053/2074/3053 2917/2091/2917 3043/3322/3043
f 3046/2092/3046 3036/3351/3036 3010/2093/3010
f 3115/3324/3115 3017/3350/3017 3018/3353/3018
f 3018/3353/3018 2858/2062/2858 3124/2022/3124
f 3124/2022/3124 2858/2062/2858 3133/2064/3133
f 3044/2065/3044 3035/3352/3035 3061/2085/3061
vt 0.4147706 0.1266984
f 2877/3372/2877 3024/3328/3024 3020/3354/3020
f 3023/3325/3023 3098/3329/3098 2843/3356/2843
vt 0.7344605 0.1338843
f 3003/3373/3003 3087/2059/3087 3082/3326/3082
f 3003/3373/3003 3082/3326/3082 3019/3355/3019
f 2943/3341/2943 3024/3328/3024 2877/3372/2877
f 2930/3357/2930 3087/2059/3087 3003/3373/3003
vt 0.7604060 0.1328785
f 3003/3373/3003 3019/3355/3019 3004/3374/3004
vt 0.7653608 0.1356041
f 3004/3374/3004 3019/3355/3019 3005/3375/3005
f 3005/3375/3005 3019/3355/3019 3021/3358/3021
f 3005/3375/3005 3021/3358/3021 3071/3340/3071
f 3005/3375/3005 3071/3340/3071 3079/3342/3079
f 2842/2087/2842 2843/3356/2843 2844/3330/2844
vt 0.5021528 0.1412427
f 2909/3376/2909 2922/2068/2922 2929/3331/2929
vt 0.5412889 0.1420889
f 2929/3331/2929 2928/3332/2928 2908/3377/2908
f 2908/3377/2908 2928/3332/2928 2927/3333/2927
f 2908/3377/2908 2927/3333/2927 2926/3334/2926
vt 0.6025749 0.1445395
f 2908/3377/2908 2926/3334/2926 2905/3378/2905
vt 0.6371775 0.1461950
f 2905/3378/2905 2926/3334/2926 2906/3379/2906
f 2926/3334/2926 2925/3335/2925 2906/3379/2906
f 2906/3379/2906 2925/3335/2925 2924/3336/2924
f 2906/3379/2906 2924/3336/2924 2907/2097/2907
f 2907/2097/2907 2931/3337/2931 2923/3338/2923
f 3102/3359/3102 3005/3375/3005 3079/3342/3079
vt 0.4825881 0.1410267
f 2910/3380/2910 2922/2068/2922 2909/3376/2909
f 2909/3376/2909 2929/3331/2929 2908/3377/2908
f 2907/2097/2907 2923/3338/2923 2896/2095/2896
vt 0.7193241 0.1474220
f 2923/3338/2923 2930/3357/2930 2911/3381/2911
f 2896/2095/2896 2923/3338/2923 2911/3381/2911
vt 0.7628033 0.1498464
f 3078/3382/3078 3005/3375/3005 3102/3359/3102
vt 0.4724592 0.1534039
f 2837/3383/2837 2842/2087/2842 2839/2086/2839
f 2896/2095/2896 2911/3381/2911 2897/2103/2897
vt 0.4739556 0.1572493
f 2837/3383/2837 2839/2086/2839 2838/3384/2838
f 1997/3361/1997 1982/3297/1982 1988/3345/1988
vt 0.7790012 0.1620795
vt 0.7943785 0.1668228
vt 0.8023414 0.1778470
f 3103/3385/3103 3137/3386/3137 3030/3387/3030
f 3030/3387/3030 3137/3386/3137 3107/3363/3107
f 3030/3387/3030 3107/3363/3107 3006/3362/3006
vt 0.4711677 0.1925551
vt 0.4728138 0.1812053
f 2847/3388/2847 2845/3389/2845 2856/2101/2856
vt 0.8205099 0.1962956
f 3001/3390/3001 3006/3362/3006 3013/3365/3013
f 3002/3366/3002 3001/3390/3001 3013/3365/3013
f 2945/2052/2945 2875/2100/2875 2871/2089/2871
vt 0.7175059 0.1963416
vt 0.7133114 0.2005492
f 2899/3391/2899 2918/3368/2918 2893/3392/2893
vt 0.8084943 0.2069362
f 2998/3393/2998 3001/3390/3001 3002/3366/3002
f 2849/3367/2849 2847/3388/2847 2856/2101/2856
f 2849/3367/2849 2856/2101/2856 2857/2090/2857
vt 0.5726972 0.2015011
vt 0.6284224 0.2000372
f 2914/2081/2914 2902/3394/2902 2901/3395/2901
vt 0.6724088 0.2096483
f 2914/2081/2914 2901/3395/2901 2913/3396/2913
f 2919/3348/2919 2893/3392/2893 2918/3368/2918
f 2979/2076/2979 2871/2089/2871 2921/3371/2921
vt 0.5030993 0.2002194
f 2904/2102/2904 2903/3397/2903 2917/2091/2917
f 2917/2091/2917 2903/3397/2903 2916/3370/2916
f 2916/3370/2916 2903/3397/2903 2915/2079/2915
f 2915/2079/2915 2903/3397/2903 2902/3394/2902
vt 0.7053596 0.2051432
f 2913/3396/2913 2900/3398/2900 2920/3349/2920
f 2920/3349/2920 2900/3398/2900 2893/3392/2893
f 3010/2093/3010 2998/3393/2998 3012/2094/3012
f 2998/3393/2998 3002/3366/3002 3012/2094/3012
f 2917/2091/2917 2857/2090/2857 2904/2102/2904
f 2914/2081/2914 2915/2079/2915 2902/3394/2902
f 2914/2081/2914 2913/3396/2913 2920/3349/2920
f 2920/3349/2920 2893/3392/2893 2919/3348/2919
vt 0.7705896 0.2216983
f 3011/3399/3011 3010/2093/3010 3036/3351/3036
vt 0.4131701 0.2080483
f 2921/3371/2921 2878/3400/2878 3027/2077/3027
vt 0.7471318 0.2205389
f 3007/3401/3007 3011/3399/3011 3035/3352/3035
f 3035/3352/3035 3011/3399/3011 3036/3351/3036
f 3027/2077/3027 2878/3400/2878 3017/3350/3017
f 3044/2065/3044 3009/2084/3009 3035/3352/3035
vt 0.4433979 0.1281404
f 2851/3402/2851 3020/3354/3020 3023/3325/3023
f 2877/3372/2877 3020/3354/3020 2851/3402/2851
f 2851/3402/2851 3023/3325/3023 2843/3356/2843
vt 0.7449763 0.1478641
f 2993/3403/2993 3003/3373/3003 3004/3374/3004
vt 0.4250601 0.1400578
f 2864/3404/2864 2877/3372/2877 2851/3402/2851
f 2993/3403/2993 3004/3374/3004 3005/3375/3005
vt 0.4049307 0.1404516
f 2868/3405/2868 2943/3341/2943 2877/3372/2877
f 2868/3405/2868 2877/3372/2877 2864/3404/2864
vt 0.4552574 0.1474062
f 2841/3406/2841 2843/3356/2843 2842/2087/2842
vt 0.7342876 0.1472414
f 2911/3381/2911 2930/3357/2930 2990/3407/2990
f 2930/3357/2930 3003/3373/3003 2990/3407/2990
f 2876/3344/2876 2943/3341/2943 2868/3405/2868
f 2839/2086/2839 2922/2068/2922 2910/3380/2910
vt 0.7570895 0.1601115
f 2994/3408/2994 2993/3403/2993 3005/3375/3005
f 2994/3408/2994 3005/3375/3005 3078/3382/3078
vt 0.4798078 0.1536121
f 2879/3409/2879 2839/2086/2839 2910/3380/2910
vt 0.3937455 0.1482351
f 2876/3344/2876 2868/3405/2868 2867/3410/2867
f 2841/3406/2841 2842/2087/2842 2837/3383/2837
f 2838/3384/2838 2839/2086/2839 2879/3409/2879
f 2879/3409/2879 2910/3380/2910 2909/3376/2909
vt 0.5090039 0.1567610
f 2880/3411/2880 2909/3376/2909 2908/3377/2908
vt 0.5552814 0.1576973
f 2880/3411/2880 2908/3377/2908 2885/3412/2885
vt 0.6432381 0.1599408
f 2905/3378/2905 2906/3379/2906 2886/3413/2886
f 2906/3379/2906 2907/2097/2907 2894/2096/2894
f 2872/2071/2872 2876/3344/2876 2867/3410/2867
f 2879/3409/2879 2909/3376/2909 2880/3411/2880
f 2885/3412/2885 2908/3377/2908 2905/3378/2905
f 2886/3413/2886 2906/3379/2906 2894/2096/2894
f 2911/3381/2911 2990/3407/2990 2897/2103/2897
vt 0.7751428 0.1655577
f 2994/3408/2994 3078/3382/3078 3008/3414/3008
f 3008/3414/3008 3078/3382/3078 3102/3359/3102
f 3008/3414/3008 3102/3359/3102 3103/3385/3103
f 2885/3412/2885 2905/3378/2905 2886/3413/2886
vt 0.3856828 0.1651927
f 2872/2071/2872 2867/3410/2867 2869/3415/2869
vt 0.4784515 0.1691754
f 2838/3384/2838 2879/3409/2879 2873/3416/2873
f 2873/3416/2873 2879/3409/2879 2880/3411/2880
vt 0.5657328 0.1718431
f 2884/3417/2884 2885/3412/2885 2886/3413/2886
vt 0.7019638 0.1756055
f 2886/3413/2886 2894/2096/2894 2890/3418/2890
vt 0.7135743 0.1768233
f 2894/2096/2894 2896/2095/2896 2895/3419/2895
f 2895/3419/2895 2896/2095/2896 2897/2103/2897
vt 0.7163913 0.1769190
f 2895/3419/2895 2897/2103/2897 2898/3420/2898
f 2898/3420/2898 2897/2103/2897 2912/2105/2912
f 2874/2098/2874 2872/2071/2872 2869/3415/2869
vt 0.4728270 0.1703977
f 2836/3421/2836 2837/3383/2837 2838/3384/2838
f 2836/3421/2836 2838/3384/2838 2873/3416/2873
f 2880/3411/2880 2885/3412/2885 2884/3417/2884
vt 0.6305066 0.1743766
f 2884/3417/2884 2886/3413/2886 2887/3422/2887
vt 0.6576915 0.1753368
f 2887/3422/2887 2886/3413/2886 2888/3423/2888
f 2886/3413/2886 2890/3418/2890 2888/3423/2888
f 2890/3418/2890 2894/2096/2894 2895/3419/2895
vt 0.7906716 0.1781369
f 3000/3424/3000 3008/3414/3008 3030/3387/3030
f 3030/3387/3030 3008/3414/3008 3103/3385/3103
vt 0.4008921 0.1657927
f 2869/3415/2869 2867/3410/2867 2865/3425/2865
vt 0.5110848 0.1712396
f 2873/3416/2873 2880/3411/2880 2881/3426/2881
f 2881/3426/2881 2880/3411/2880 2884/3417/2884
vt 0.4783549 0.1851614
f 2882/3427/2882 2873/3416/2873 2881/3426/2881
vt 0.5716512 0.1887063
f 2884/3417/2884 2887/3422/2887 2889/3428/2889
f 3000/3424/3000 3030/3387/3030 3006/3362/3006
f 2874/2098/2874 2869/3415/2869 2866/2099/2866
f 2845/3389/2845 2836/3421/2836 2873/3416/2873
f 2845/3389/2845 2873/3416/2873 2882/3427/2882
vt 0.5102732 0.1863520
f 2881/3426/2881 2884/3417/2884 2883/3429/2883
f 2883/3429/2883 2884/3417/2884 2889/3428/2889
vt 0.6516340 0.1911433
f 2892/3430/2892 2887/3422/2887 2888/3423/2888
vt 0.7040605 0.1908579
f 2888/3423/2888 2890/3418/2890 2891/3431/2891
vt 0.7833844 0.1921824
vt 0.8065777 0.1940833
f 2991/3432/2991 3000/3424/3000 2999/3433/2999
f 3000/3424/3000 3006/3362/3006 2999/3433/2999
f 2882/3427/2882 2881/3426/2881 2883/3429/2883
f 2889/3428/2889 2887/3422/2887 2892/3430/2892
f 2888/3423/2888 2891/3431/2891 2892/3430/2892
f 2890/3418/2890 2895/3419/2895 2893/3392/2893
f 2891/3431/2891 2890/3418/2890 2893/3392/2893
f 2893/3392/2893 2895/3419/2895 2898/3420/2898
f 2893/3392/2893 2898/3420/2898 2899/3391/2899
f 2899/3391/2899 2898/3420/2898 2912/2105/2912
f 2999/3433/2999 3006/3362/3006 3001/3390/3001
f 2856/2101/2856 2845/3389/2845 2882/3427/2882
f 2889/3428/2889 2892/3430/2892 2901/3395/2901
f 2892/3430/2892 2891/3431/2891 2900/3398/2900
f 2891/3431/2891 2893/3392/2893 2900/3398/2900
vt 0.7333019 0.1934135
f 2899/3391/2899 2912/2105/2912 2984/3434/2984
f 2998/3393/2998 2991/3432/2991 2999/3433/2999
f 2875/2100/2875 2866/2099/2866 2871/2089/2871
f 2904/2102/2904 2882/3427/2882 2903/3397/2903
f 2903/3397/2903 2882/3427/2882 2883/3429/2883
f 2903/3397/2903 2883/3429/2883 2902/3394/2902
f 2902/3394/2902 2883/3429/2883 2889/3428/2889
f 2889/3428/2889 2901/3395/2901 2902/3394/2902
f 2901/3395/2901 2892/3430/2892 2900/3398/2900
f 2918/3368/2918 2899/3391/2899 2984/3434/2984
vt 0.7327438 0.2058954
f 2918/3368/2918 2984/3434/2984 2996/3435/2996
f 2999/3433/2999 3001/3390/3001 2998/3393/2998
vt 0.4532155 0.1868562
vt 0.4527275 0.1984117
f 2846/3436/2846 2847/3388/2847 2848/3437/2848
f 2856/2101/2856 2882/3427/2882 2904/2102/2904
f 2848/3437/2848 2847/3388/2847 2849/3367/2849
f 2901/3395/2901 2900/3398/2900 2913/3396/2913
f 2921/3371/2921 2871/2089/2871 2863/2106/2863
vt 0.7535799 0.2051085
vt 0.7753497 0.2061781
f 2995/3438/2995 2997/3439/2997 3011/3399/3011
f 2997/3439/2997 2998/3393/2998 3010/2093/3010
f 2921/3371/2921 2863/2106/2863 2878/3400/2878
f 2848/3437/2848 2849/3367/2849 2854/3369/2854
f 2918/3368/2918 2996/3435/2996 3032/2083/3032
f 3032/2083/3032 2996/3435/2996 3009/2084/3009
f 3007/3401/3007 2995/3438/2995 3011/3399/3011
f 2997/3439/2997 3010/2093/3010 3011/3399/3011
vt 0.4389533 0.2084673
f 3017/3350/3017 2878/3400/2878 2859/3440/2859
f 3009/2084/3009 3007/3401/3007 3035/3352/3035
f 3017/3350/3017 2859/3440/2859 3018/3353/3018
f 2859/3440/2859 2854/3369/2854 3018/3353/3018
f 3018/3353/3018 2854/3369/2854 2858/2062/2858
vt 0.4427194 0.1478387
f 2864/3404/2864 2851/3402/2851 2850/3441/2850
f 2850/3441/2850 2851/3402/2851 2843/3356/2843
f 2850/3441/2850 2843/3356/2843 2841/3406/2841
f 2990/3407/2990 3003/3373/3003 2993/3403/2993
vt 0.4174915 0.1515008
f 2862/3442/2862 2868/3405/2868 2864/3404/2864
f 2862/3442/2862 2864/3404/2864 2850/3441/2850
vt 0.7458764 0.1613685
f 2989/2104/2989 2990/3407/2990 2988/3443/2988
f 2988/3443/2988 2990/3407/2990 2993/3403/2993
f 2867/3410/2867 2868/3405/2868 2862/3442/2862
f 2897/2103/2897 2990/3407/2990 2989/2104/2989
f 2988/3443/2988 2993/3403/2993 2994/3408/2994
vt 0.4535842 0.1694331
f 2840/3444/2840 2841/3406/2841 2837/3383/2837
vt 0.7742063 0.1765736
f 2994/3408/2994 3008/3414/3008 2992/3445/2992
f 2865/3425/2865 2867/3410/2867 2862/3442/2862
f 2988/3443/2988 2994/3408/2994 2992/3445/2992
f 2840/3444/2840 2837/3383/2837 2836/3421/2836
vt 0.7334560 0.1763659
f 2912/2105/2912 2989/2104/2989 2985/3446/2985
vt 0.7548672 0.1776570
f 2988/3443/2988 2992/3445/2992 2986/3447/2986
f 2992/3445/2992 3008/3414/3008 3000/3424/3000
f 2869/3415/2869 2865/3425/2865 2866/2099/2866
f 2992/3445/2992 3000/3424/3000 2991/3432/2991
vt 0.4161874 0.1860934
f 2866/2099/2866 2865/3425/2865 2860/3448/2860
f 2984/3434/2984 2912/2105/2912 2985/3446/2985
vt 0.7561632 0.1917426
f 2987/3449/2987 2986/3447/2986 2991/3432/2991
f 2986/3447/2986 2992/3445/2992 2991/3432/2991
f 2840/3444/2840 2836/3421/2836 2845/3389/2845
f 2846/3436/2846 2840/3444/2840 2845/3389/2845
f 2846/3436/2846 2845/3389/2845 2847/3388/2847
f 2995/3438/2995 2987/3449/2987 2991/3432/2991
f 2997/3439/2997 2991/3432/2991 2998/3393/2998
f 2866/2099/2866 2860/3448/2860 2863/2106/2863
f 2984/3434/2984 2987/3449/2987 2995/3438/2995
f 2997/3439/2997 2995/3438/2995 2991/3432/2991
f 2996/3435/2996 2984/3434/2984 2995/3438/2995
f 2996/3435/2996 2995/3438/2995 3007/3401/3007
f 2878/3400/2878 2863/2106/2863 2859/3440/2859
vt 0.4406824 0.1882403
f 2859/3440/2859 2863/2106/2863 2853/3450/2853
f 2859/3440/2859 2853/3450/2853 2848/3437/2848
f 3009/2084/3009 2996/3435/2996 3007/3401/3007
f 2859/3440/2859 2848/3437/2848 2854/3369/2854
vt 0.4415108 0.1687336
f 2862/3442/2862 2850/3441/2850 2852/3451/2852
f 2852/3451/2852 2850/3441/2850 2840/3444/2840
f 2840/3444/2840 2850/3441/2850 2841/3406/2841
f 2985/3446/2985 2989/2104/2989 2988/3443/2988
vt 0.4202425 0.1677182
f 2865/3425/2865 2862/3442/2862 2861/3452/2861
f 2985/3446/2985 2988/3443/2988 2986/3447/2986
f 2861/3452/2861 2862/3442/2862 2852/3451/2852
f 2860/3448/2860 2865/3425/2865 2861/3452/2861
f 2860/3448/2860 2861/3452/2861 2852/3451/2852
f 2860/3448/2860 2852/3451/2852 2853/3450/2853
f 2852/3451/2852 2840/3444/2840 2853/3450/2853
f 2984/3434/2984 2985/3446/2985 2986/3447/2986
f 2853/3450/2853 2840/3444/2840 2846/3436/2846
f 2984/3434/2984 2986/3447/2986 2987/3449/2987
f 2853/3450/2853 2846/3436/2846 2848/3437/2848
f 2863/2106/2863 2860/3448/2860 2853/3450/2853
# 5592 faces, 3452 coords texture

# End of File
